pdbid,pose,rmsd,head,pll
1a30,1a30_128,7.020,-5.823309,-1.824087
1a30,1a30_130,2.090,-1.006685,-1.531821
1a30,1a30_139,3.030,-1.651277,-1.818692
1a30,1a30_140,2.700,-1.852552,-2.474410
1a30,1a30_144,2.910,-1.012857,-1.700107
1a30,1a30_167,5.280,-3.344934,-1.808667
1a30,1a30_170,2.970,-1.632734,-1.583025
1a30,1a30_186,4.120,-2.487359,-1.931920
1a30,1a30_187,5.140,-4.843225,-1.680883
1a30,1a30_22,3.870,-1.500495,-1.497286
1a30,1a30_221,4.590,-1.560787,-1.901942
1a30,1a30_222,4.470,-2.195042,-1.642744
1a30,1a30_267,3.760,-2.664539,-1.725421
1a30,1a30_270,8.260,-8.305871,-2.461232
1a30,1a30_284,3.700,-1.839405,-1.647598
1a30,1a30_296,4.510,-2.840972,-1.504151
1a30,1a30_314,4.030,-2.858791,-2.061549
1a30,1a30_319,5.030,-2.863158,-2.107776
1a30,1a30_336,3.000,-1.679250,-1.837222
1a30,1a30_348,2.090,-1.252695,-1.959954
1a30,1a30_35,3.570,-2.006369,-1.845677
1a30,1a30_353,3.150,-1.761857,-1.533612
1a30,1a30_388,4.550,-3.819355,-2.168423
1a30,1a30_407,6.420,-4.903210,-2.623669
1a30,1a30_418,6.020,-4.227975,-1.869854
1a30,1a30_450,6.070,-4.083346,-2.342541
1a30,1a30_452,2.740,-2.456970,-1.630405
1a30,1a30_490,1.790,-1.702942,-1.405663
1a30,1a30_498,4.520,-3.181459,-1.603146
1a30,1a30_538,4.190,-2.960222,-2.486152
1a30,1a30_559,6.230,-5.753316,-2.206314
1a30,1a30_569,5.070,-3.476624,-1.809840
1a30,1a30_577,6.780,-7.441160,-3.071617
1a30,1a30_6,9.650,-8.362328,-2.342667
1a30,1a30_653,5.800,-5.540774,-3.403434
1a30,1a30_664,5.140,-6.140211,-1.767825
1a30,1a30_667,3.510,-2.721696,-2.127463
1a30,1a30_670,5.530,-4.153925,-1.686376
1a30,1a30_671,2.010,-2.422242,-2.245539
1a30,1a30_704,1.900,-1.469425,-2.163450
1a30,1a30_705,1.790,-1.381170,-2.165721
1a30,1a30_706,1.810,-1.335164,-2.187800
1a30,1a30_709,1.910,-1.335772,-2.005222
1a30,1a30_712,1.930,-1.348912,-2.073374
1a30,1a30_718,1.950,-1.547148,-2.188422
1a30,1a30_731,1.840,-1.304449,-1.952241
1a30,1a30_733,9.150,-8.355664,-2.271386
1a30,1a30_736,9.000,-8.361808,-2.431372
1a30,1a30_743,1.880,-1.602614,-1.856931
1a30,1a30_744,9.050,-8.349192,-2.427701
1a30,1a30_747,8.770,-7.923716,-2.086929
1a30,1a30_75,8.070,-8.189031,-2.848230
1a30,1a30_754,8.760,-8.365948,-2.087639
1a30,1a30_759,4.150,-2.393160,-1.476163
1a30,1a30_797,2.820,-2.368832,-1.960568
1a30,1a30_828,3.530,-2.843924,-1.874883
1a30,1a30_86,2.290,-1.648848,-1.940141
1a30,1a30_868,5.560,-5.849670,-2.469715
1a30,1a30_87,9.320,-8.346386,-1.698911
1a30,1a30_883,5.480,-4.616656,-1.795133
1a30,1a30_899,5.380,-4.345756,-1.812003
1a30,1a30_90,3.870,-2.038217,-1.298982
1a30,1a30_920,8.580,-8.196623,-2.458531
1a30,1a30_935,9.200,-8.306231,-2.563086
1a30,1a30_938,9.210,-8.179268,-2.285917
1a30,1a30_940,4.120,-2.139914,-1.989084
1a30,1a30_942,7.330,-8.102349,-2.678616
1a30,1a30_944,8.690,-8.169954,-2.354538
1a30,1a30_955,9.330,-8.317796,-2.355249
1a30,1a30_972,8.830,-8.265169,-2.996788
1a30,1a30_985,8.630,-8.095542,-2.946733
1a30,1a30_992,3.160,-2.078436,-1.638811
1a30,1a30_997,8.430,-8.154052,-2.339379
1a30,1a30_999,7.880,-7.800806,-2.317605
1bcu,1bcu_11,1.000,-1.261998,-2.505292
1bcu,1bcu_220,1.130,-1.092658,-1.621173
1bcu,1bcu_270,3.320,-2.834507,-3.323777
1bcu,1bcu_309,0.360,-0.789251,-1.217982
1bcu,1bcu_33,1.200,-1.324240,-2.200322
1bcu,1bcu_334,0.630,-0.766974,-1.410076
1bcu,1bcu_362,0.590,-1.535448,-2.631550
1bcu,1bcu_397,0.660,-1.009738,-2.449290
1bcu,1bcu_406,0.870,-1.253403,-1.640646
1bcu,1bcu_424,1.830,-3.050909,-2.189964
1bcu,1bcu_442,1.960,-1.821720,-2.364910
1bcu,1bcu_451,3.560,-2.909737,-1.775449
1bcu,1bcu_454,4.570,-4.845973,-2.460990
1bcu,1bcu_462,2.530,-1.490630,-1.753069
1bcu,1bcu_469,2.570,-2.650473,-2.257817
1bcu,1bcu_473,2.560,-2.417909,-1.850015
1bcu,1bcu_479,1.440,-1.384653,-2.368946
1bcu,1bcu_483,2.150,-1.677957,-2.089478
1bcu,1bcu_495,1.780,-2.626670,-3.066984
1bcu,1bcu_564,6.110,-5.366168,-4.245626
1bcu,1bcu_585,5.890,-5.544618,-3.818534
1bcu,1bcu_591,4.490,-4.650426,-3.345844
1bcu,1bcu_595,3.320,-3.489125,-2.447967
1bcu,1bcu_608,6.860,-5.947837,-4.844795
1bcu,1bcu_617,2.900,-2.330435,-1.714779
1bcu,1bcu_634,2.550,-2.027158,-1.962790
1bcu,1bcu_653,3.250,-2.737228,-0.936123
1bcu,1bcu_661,2.080,-1.881822,-1.820707
1bcu,1bcu_684,0.920,-0.950306,-2.750525
1bcu,1bcu_695,3.450,-2.078424,-2.481881
1bcu,1bcu_701,1.860,-1.484249,-1.782141
1bcu,1bcu_703,0.610,-1.401986,-1.304802
1bcu,1bcu_708,8.320,-6.962234,-3.177391
1bcu,1bcu_712,8.210,-6.752649,-3.782028
1bcu,1bcu_715,6.420,-5.793465,-3.563242
1bcu,1bcu_717,7.050,-5.551916,-4.650067
1bcu,1bcu_718,9.180,-7.075663,-4.390118
1bcu,1bcu_720,4.760,-3.780190,-2.466078
1bcu,1bcu_725,6.310,-4.894406,-4.095459
1bcu,1bcu_729,5.070,-4.958127,-3.602259
1bcu,1bcu_738,6.500,-6.248821,-3.845444
1bcu,1bcu_741,8.390,-7.194801,-4.245261
1bcu,1bcu_742,7.620,-6.921525,-4.555830
1bcu,1bcu_745,7.580,-6.274974,-4.109790
1bcu,1bcu_749,7.820,-7.344131,-2.988251
1bcu,1bcu_752,6.430,-5.837796,-4.220887
1bcu,1bcu_753,9.220,-7.869390,-4.688957
1bcu,1bcu_754,8.100,-6.350833,-4.557845
1bcu,1bcu_756,6.010,-5.085632,-3.970718
1bcu,1bcu_758,8.420,-7.406876,-5.041089
1bcu,1bcu_761,8.500,-7.070154,-5.011264
1bcu,1bcu_764,8.800,-6.875695,-4.945811
1bcu,1bcu_765,9.970,-7.899055,-3.358513
1bcu,1bcu_772,7.130,-6.742132,-3.580288
1bcu,1bcu_773,9.200,-7.504542,-4.927542
1bcu,1bcu_777,9.120,-7.306056,-3.868543
1bcu,1bcu_778,9.890,-8.262549,-4.856275
1bcu,1bcu_782,9.550,-7.764290,-4.368160
1bcu,1bcu_788,9.650,-7.758162,-4.151771
1bcu,1bcu_790,9.390,-8.123215,-4.890639
1bcu,1bcu_803,2.070,-1.645696,-2.734199
1bcu,1bcu_806,0.710,-1.040999,-1.983109
1bcu,1bcu_813,7.670,-6.880700,-3.683277
1bcu,1bcu_825,1.240,-1.586291,-1.698630
1bcu,1bcu_828,3.520,-3.149672,-2.731359
1bcu,1bcu_829,3.820,-3.429648,-2.694748
1bcu,1bcu_843,6.520,-7.000143,-3.746796
1bcu,1bcu_850,7.670,-6.133280,-4.802442
1bcu,1bcu_852,2.220,-1.416784,-1.879637
1bcu,1bcu_855,6.790,-5.674893,-6.903255
1bcu,1bcu_862,9.040,-7.682639,-5.130984
1bcu,1bcu_869,4.130,-3.180911,-3.056052
1bcu,1bcu_878,5.730,-5.494527,-3.639132
1bcu,1bcu_881,7.740,-6.963519,-4.028213
1bcu,1bcu_885,5.100,-5.553117,-3.358957
1bcu,1bcu_886,5.710,-5.172930,-3.437254
1bcu,1bcu_887,4.260,-4.171834,-3.737125
1bcu,1bcu_888,5.260,-4.421456,-2.484927
1bcu,1bcu_890,4.300,-4.092501,-2.299633
1bcu,1bcu_893,8.620,-7.627026,-4.027421
1bcu,1bcu_898,5.450,-3.662123,-2.937315
1bcu,1bcu_903,1.580,-1.770577,-2.029551
1bcu,1bcu_915,7.970,-6.033973,-3.261903
1bcu,1bcu_919,3.860,-2.111081,-2.252217
1bcu,1bcu_920,3.430,-2.785919,-3.935768
1bcu,1bcu_923,0.750,-1.444223,-2.053948
1bcu,1bcu_931,7.490,-7.307687,-3.868534
1bcu,1bcu_933,5.120,-4.195019,-2.979684
1bcu,1bcu_939,4.450,-3.589269,-2.762990
1bcu,1bcu_949,3.250,-3.085610,-3.491451
1bcu,1bcu_967,4.740,-3.597917,-2.499231
1bcu,1bcu_971,8.050,-8.015325,-4.521157
1bcu,1bcu_977,4.690,-3.524077,-3.569840
1bcu,1bcu_980,5.750,-5.339431,-4.213383
1bcu,1bcu_981,2.980,-2.086927,-4.219186
1bcu,1bcu_983,4.690,-4.012445,-3.315898
1bcu,1bcu_984,8.420,-6.868944,-4.257160
1bcu,1bcu_989,5.640,-5.406512,-2.985461
1bcu,1bcu_991,6.660,-6.462433,-3.469507
1bcu,1bcu_996,1.920,-1.544597,-2.591214
1bzc,1bzc_101,5.240,-2.887429,-3.233787
1bzc,1bzc_111,4.980,-3.062654,-4.131436
1bzc,1bzc_142,1.300,-1.491581,-3.499370
1bzc,1bzc_190,0.680,-1.574332,-3.676886
1bzc,1bzc_217,0.750,-1.622558,-3.973793
1bzc,1bzc_223,0.770,-1.337059,-3.978397
1bzc,1bzc_225,1.010,-1.597288,-4.015816
1bzc,1bzc_260,2.010,-1.522538,-4.618636
1bzc,1bzc_265,0.700,-1.793910,-3.508936
1bzc,1bzc_300,0.760,-1.238785,-3.723237
1bzc,1bzc_323,0.740,-1.441402,-4.012535
1bzc,1bzc_375,0.690,-1.597161,-3.997038
1bzc,1bzc_409,8.420,-3.188290,-3.022093
1bzc,1bzc_412,5.630,-4.076047,-4.663794
1bzc,1bzc_414,7.550,-1.888601,-2.691164
1bzc,1bzc_427,5.290,-3.539162,-3.976295
1bzc,1bzc_43,0.830,-1.295439,-3.855758
1bzc,1bzc_439,5.750,-3.839416,-4.266327
1bzc,1bzc_440,4.880,-3.387257,-4.221474
1bzc,1bzc_443,8.240,-4.637633,-3.928463
1bzc,1bzc_449,7.590,-2.094301,-3.505496
1bzc,1bzc_461,2.980,-2.240972,-4.063166
1bzc,1bzc_463,8.030,-3.040315,-2.960911
1bzc,1bzc_464,5.340,-3.199162,-4.088559
1bzc,1bzc_466,1.990,-2.636138,-4.216617
1bzc,1bzc_469,3.030,-1.941155,-3.734861
1bzc,1bzc_473,5.260,-2.983989,-3.637632
1bzc,1bzc_481,3.380,-2.481864,-3.408680
1bzc,1bzc_487,4.600,-2.312137,-3.944382
1bzc,1bzc_502,1.750,-2.150209,-4.233149
1bzc,1bzc_504,1.400,-2.132733,-4.136011
1bzc,1bzc_522,3.160,-1.525047,-3.992955
1bzc,1bzc_524,2.610,-1.895658,-3.880404
1bzc,1bzc_526,1.760,-2.332068,-4.054543
1bzc,1bzc_527,0.960,-1.976627,-3.750270
1bzc,1bzc_530,1.490,-1.882188,-4.010968
1bzc,1bzc_539,1.750,-3.269385,-4.015141
1bzc,1bzc_546,2.880,-2.029921,-4.166796
1bzc,1bzc_549,3.190,-2.555020,-4.302732
1bzc,1bzc_556,1.770,-2.414290,-3.808600
1bzc,1bzc_558,2.770,-2.876866,-4.720926
1bzc,1bzc_566,7.260,-1.672134,-3.172690
1bzc,1bzc_577,2.020,-2.071038,-4.276499
1bzc,1bzc_579,3.130,-2.647468,-4.500973
1bzc,1bzc_588,2.120,-3.022156,-3.942928
1bzc,1bzc_592,2.620,-3.950567,-4.176582
1bzc,1bzc_593,1.710,-2.328852,-4.170125
1bzc,1bzc_597,2.890,-2.312633,-4.092660
1bzc,1bzc_608,9.650,-6.064939,-3.584644
1bzc,1bzc_611,5.640,-3.604405,-3.573082
1bzc,1bzc_614,2.740,-4.119623,-4.416780
1bzc,1bzc_615,6.340,-7.132952,-3.506695
1bzc,1bzc_620,7.190,-7.988462,-3.522656
1bzc,1bzc_622,6.480,-4.800674,-3.008606
1bzc,1bzc_625,3.300,-3.856397,-4.090585
1bzc,1bzc_629,3.240,-4.067960,-4.414884
1bzc,1bzc_633,3.010,-3.931535,-4.437475
1bzc,1bzc_644,6.810,-6.026289,-3.211558
1bzc,1bzc_651,6.250,-3.854876,-3.668619
1bzc,1bzc_652,6.780,-4.629686,-2.783339
1bzc,1bzc_659,9.030,-6.353994,-3.028442
1bzc,1bzc_660,8.500,-7.278518,-3.280560
1bzc,1bzc_664,7.730,-4.599903,-2.919422
1bzc,1bzc_666,7.350,-3.041516,-2.764602
1bzc,1bzc_669,3.390,-2.461966,-3.640824
1bzc,1bzc_670,7.210,-6.477995,-2.917917
1bzc,1bzc_671,6.550,-5.786038,-2.690701
1bzc,1bzc_674,5.750,-2.543441,-3.849584
1bzc,1bzc_677,4.030,-2.808856,-3.753351
1bzc,1bzc_681,5.840,-6.527090,-3.681453
1bzc,1bzc_682,7.890,-7.144766,-2.809877
1bzc,1bzc_686,8.520,-5.727362,-3.423237
1bzc,1bzc_688,8.710,-4.084636,-3.473477
1bzc,1bzc_690,6.480,-5.702948,-3.308923
1bzc,1bzc_694,5.400,-3.892092,-3.968678
1bzc,1bzc_700,7.090,-5.011327,-4.231933
1bzc,1bzc_709,0.680,-1.512284,-4.055230
1bzc,1bzc_778,7.270,-1.775731,-2.576457
1bzc,1bzc_963,3.030,-1.374081,-3.781679
1c5z,1c5z_247,0.610,-0.465012,-3.223357
1c5z,1c5z_258,0.920,-1.100297,-3.208077
1c5z,1c5z_3,0.400,-0.418265,-4.117112
1c5z,1c5z_402,0.870,-0.314438,-0.777018
1c5z,1c5z_415,2.670,-2.173137,-1.251838
1c5z,1c5z_425,1.200,-1.728834,-1.902460
1c5z,1c5z_427,0.920,-1.277651,-1.571665
1c5z,1c5z_431,1.110,-1.008302,-1.918812
1c5z,1c5z_438,2.900,-1.840957,-0.820513
1c5z,1c5z_449,0.720,-1.339605,-1.804792
1c5z,1c5z_452,0.770,-0.533268,-1.010145
1c5z,1c5z_460,1.660,-1.694653,-1.729231
1c5z,1c5z_465,0.970,-1.371786,-1.660525
1c5z,1c5z_482,1.870,-1.614605,-2.049282
1c5z,1c5z_509,6.500,-6.027066,-2.074301
1c5z,1c5z_516,6.770,-5.537918,-1.825355
1c5z,1c5z_519,2.740,-2.050372,-1.398175
1c5z,1c5z_520,4.730,-4.409001,-1.507033
1c5z,1c5z_530,1.330,-1.062653,-0.797418
1c5z,1c5z_536,7.120,-6.279410,-1.958500
1c5z,1c5z_537,2.810,-0.941202,-1.093869
1c5z,1c5z_542,5.430,-4.288896,-1.744398
1c5z,1c5z_544,5.280,-5.088135,-1.048856
1c5z,1c5z_546,3.740,-2.528781,-1.040176
1c5z,1c5z_556,3.940,-2.919413,-1.036777
1c5z,1c5z_558,3.630,-2.224075,-1.230817
1c5z,1c5z_563,3.980,-3.828307,-1.761021
1c5z,1c5z_564,3.160,-1.696726,-1.199464
1c5z,1c5z_577,1.710,-1.492500,-1.378281
1c5z,1c5z_583,6.860,-5.530700,-2.323174
1c5z,1c5z_586,2.110,-1.503788,-0.915865
1c5z,1c5z_590,5.140,-4.840636,-1.316707
1c5z,1c5z_593,3.440,-2.996346,-1.408083
1c5z,1c5z_596,4.780,-3.816516,-1.513517
1c5z,1c5z_607,1.500,-1.441350,-1.417600
1c5z,1c5z_613,2.120,-2.436686,-1.993146
1c5z,1c5z_627,0.960,-0.979310,-1.454391
1c5z,1c5z_642,1.330,-1.117932,-1.826101
1c5z,1c5z_661,2.510,-1.503123,-0.971468
1c5z,1c5z_665,1.460,-1.485011,-1.108993
1c5z,1c5z_698,2.040,-1.786096,-1.836365
1c5z,1c5z_700,1.460,-1.896878,-1.645536
1c5z,1c5z_711,4.440,-3.078193,-1.889415
1c5z,1c5z_715,5.330,-3.902821,-0.654021
1c5z,1c5z_722,6.900,-6.147477,-1.748154
1c5z,1c5z_733,7.080,-6.072858,-2.222825
1c5z,1c5z_734,3.500,-3.527989,-2.359467
1c5z,1c5z_738,6.400,-4.966334,-1.570046
1c5z,1c5z_739,7.050,-6.342304,-1.891824
1c5z,1c5z_741,5.850,-5.000435,-2.676145
1c5z,1c5z_743,7.120,-5.834521,-2.857203
1c5z,1c5z_753,5.800,-5.509597,-1.547834
1c5z,1c5z_754,6.020,-5.296682,-2.035638
1c5z,1c5z_759,4.750,-4.399233,-0.925988
1c5z,1c5z_761,6.740,-5.952932,-1.619425
1c5z,1c5z_763,6.840,-5.715276,-1.774630
1c5z,1c5z_765,7.860,-6.253406,-2.103127
1c5z,1c5z_766,7.590,-6.219324,-2.517982
1c5z,1c5z_776,2.190,-2.086466,-1.434274
1c5z,1c5z_781,5.450,-4.455786,-2.476665
1c5z,1c5z_790,4.780,-3.722944,-1.265814
1c5z,1c5z_8,0.450,-0.495602,-2.840970
1c5z,1c5z_804,4.110,-3.418101,-1.595739
1c5z,1c5z_805,3.170,-2.398549,-1.949303
1c5z,1c5z_811,3.920,-3.521937,-1.417721
1c5z,1c5z_826,5.000,-4.417605,-2.063565
1c5z,1c5z_828,5.040,-4.644513,-1.725450
1c5z,1c5z_829,7.080,-6.044734,-2.938701
1c5z,1c5z_836,7.000,-6.296475,-1.742267
1c5z,1c5z_839,2.990,-3.190011,-1.367047
1c5z,1c5z_840,6.700,-5.548513,-3.030322
1c5z,1c5z_844,4.800,-4.671029,-1.744352
1c5z,1c5z_862,5.830,-4.712172,-2.471590
1c5z,1c5z_892,4.770,-3.576366,-2.034063
1c5z,1c5z_898,5.200,-4.020251,-1.175442
1c5z,1c5z_931,3.860,-2.932001,-1.050843
1c5z,1c5z_937,7.080,-6.001485,-3.150490
1c5z,1c5z_953,7.030,-5.549371,-3.479457
1c5z,1c5z_955,7.210,-6.292756,-2.644266
1c5z,1c5z_959,4.240,-4.329086,-2.359451
1e66,1e66_158,0.560,-0.425107,-4.291988
1e66,1e66_247,0.710,-0.738025,-3.811615
1e66,1e66_402,0.660,-0.612545,-4.628648
1e66,1e66_404,0.970,-0.492769,-4.235094
1e66,1e66_406,0.860,-0.700354,-4.471587
1e66,1e66_412,1.290,-1.339530,-3.881537
1e66,1e66_419,0.970,-0.852882,-5.011400
1e66,1e66_422,1.500,-1.284720,-5.138272
1e66,1e66_429,1.550,-1.831477,-5.054471
1e66,1e66_440,1.570,-1.663344,-5.205085
1e66,1e66_442,3.970,-3.083652,-5.441509
1e66,1e66_466,1.940,-1.413561,-5.034439
1e66,1e66_467,1.610,-1.464390,-4.985778
1e66,1e66_468,2.900,-2.748817,-4.334073
1e66,1e66_477,2.060,-2.259197,-4.679062
1e66,1e66_483,1.570,-1.845488,-4.775425
1e66,1e66_484,1.510,-1.640130,-5.277961
1e66,1e66_489,4.050,-3.799514,-5.329288
1e66,1e66_495,3.270,-2.921857,-5.055878
1e66,1e66_498,4.300,-3.336713,-5.753617
1e66,1e66_504,3.900,-3.772130,-5.366816
1e66,1e66_505,3.570,-3.218039,-5.733927
1e66,1e66_550,4.330,-4.332077,-5.809867
1e66,1e66_551,5.760,-4.224071,-5.537962
1e66,1e66_552,6.230,-5.761786,-6.421776
1e66,1e66_553,6.450,-5.774178,-6.752112
1e66,1e66_573,6.060,-2.600020,-5.562659
1e66,1e66_574,6.100,-5.131090,-4.807175
1e66,1e66_577,5.600,-5.263416,-6.564601
1e66,1e66_587,2.430,-2.487090,-4.530788
1e66,1e66_589,2.270,-1.814431,-4.831193
1e66,1e66_591,6.880,-6.563217,-6.424597
1e66,1e66_617,4.970,-3.883717,-6.171151
1e66,1e66_633,5.580,-4.839150,-6.907456
1e66,1e66_656,2.770,-3.535959,-4.962104
1e66,1e66_661,2.740,-2.743314,-5.118884
1e66,1e66_678,3.020,-3.053812,-5.222858
1e66,1e66_700,3.370,-3.187030,-4.510020
1e66,1e66_702,5.320,-4.127828,-5.122154
1e66,1e66_712,1.760,-1.299209,-4.138171
1e66,1e66_733,6.200,-6.345457,-6.398661
1e66,1e66_744,4.250,-3.936754,-5.482705
1e66,1e66_746,3.800,-3.333303,-5.452116
1e66,1e66_754,5.230,-3.766235,-4.658427
1e66,1e66_755,5.600,-3.044391,-5.046486
1e66,1e66_761,2.360,-2.749686,-4.672056
1e66,1e66_763,6.260,-3.838447,-6.148785
1e66,1e66_767,3.530,-3.189755,-4.243441
1e66,1e66_768,2.890,-2.344856,-4.574818
1e66,1e66_771,6.060,-2.919570,-5.752176
1e66,1e66_772,6.260,-4.606946,-6.124272
1e66,1e66_774,1.090,-0.938350,-4.224859
1e66,1e66_787,0.600,-0.326713,-4.389702
1e66,1e66_806,4.290,-4.240454,-5.907242
1e66,1e66_807,5.030,-5.111569,-6.429593
1e66,1e66_810,4.760,-4.273482,-6.267816
1e66,1e66_823,6.220,-4.671057,-6.451149
1e66,1e66_841,2.840,-2.345945,-4.192378
1e66,1e66_842,4.770,-3.545569,-5.012466
1e66,1e66_859,3.410,-3.154530,-4.755852
1e66,1e66_860,5.850,-2.590477,-5.014757
1e66,1e66_862,3.890,-3.832168,-4.816990
1e66,1e66_863,2.510,-2.003200,-3.907061
1e66,1e66_865,4.570,-3.811672,-4.865415
1e66,1e66_867,4.390,-3.670101,-5.346676
1e66,1e66_870,5.700,-4.685723,-6.863645
1e66,1e66_891,0.780,-0.458796,-4.003129
1e66,1e66_907,0.850,-1.065993,-4.969299
1e66,1e66_909,0.980,-0.687295,-4.042746
1e66,1e66_921,5.460,-4.025953,-4.738856
1eby,1eby_169,9.110,-8.083336,-4.674774
1eby,1eby_211,0.970,-0.648845,-3.776224
1eby,1eby_217,0.990,-1.093811,-3.917704
1eby,1eby_218,2.340,-1.302987,-3.483382
1eby,1eby_223,0.840,-0.868190,-4.013857
1eby,1eby_231,2.090,-1.655449,-3.962274
1eby,1eby_233,1.830,-1.112911,-3.530568
1eby,1eby_237,2.520,-1.666490,-4.417040
1eby,1eby_238,0.950,-1.227342,-3.703093
1eby,1eby_244,1.200,-0.975671,-3.831801
1eby,1eby_245,2.010,-1.551643,-4.366071
1eby,1eby_255,2.530,-1.722656,-3.583675
1eby,1eby_259,2.570,-2.247999,-4.479691
1eby,1eby_262,1.010,-1.181312,-4.367316
1eby,1eby_265,0.780,-1.097629,-3.313986
1eby,1eby_266,2.030,-1.585822,-3.725382
1eby,1eby_269,0.880,-0.845524,-3.799022
1eby,1eby_271,1.780,-1.156041,-3.944334
1eby,1eby_279,1.870,-1.355577,-4.362923
1eby,1eby_294,1.860,-1.648133,-4.093775
1eby,1eby_295,0.870,-1.038027,-3.930365
1eby,1eby_297,3.360,-1.254048,-3.963500
1eby,1eby_299,0.810,-1.034067,-3.396369
1eby,1eby_326,1.900,-0.865406,-3.908189
1eby,1eby_350,9.690,-8.299202,-4.547840
1eby,1eby_361,0.860,-0.749290,-3.510642
1eby,1eby_364,0.950,-0.553500,-3.701937
1eby,1eby_372,9.300,-8.158897,-4.131092
1eby,1eby_414,3.780,-3.223708,-4.808323
1eby,1eby_416,2.570,-3.046160,-4.176848
1eby,1eby_444,3.950,-3.835871,-4.769433
1eby,1eby_447,2.720,-2.679990,-3.991603
1eby,1eby_453,3.340,-2.587457,-3.987336
1eby,1eby_456,4.570,-4.188253,-4.650702
1eby,1eby_464,4.140,-3.210364,-4.884145
1eby,1eby_470,3.630,-3.483239,-4.527520
1eby,1eby_472,3.000,-2.757945,-3.654984
1eby,1eby_473,3.640,-3.135425,-4.468182
1eby,1eby_477,3.190,-3.158534,-4.310273
1eby,1eby_481,4.940,-3.492044,-4.534885
1eby,1eby_488,4.110,-3.569719,-4.687508
1eby,1eby_490,4.070,-4.570500,-4.953231
1eby,1eby_493,5.950,-4.456201,-4.458301
1eby,1eby_499,3.310,-4.589092,-4.968350
1eby,1eby_503,7.810,-6.898976,-4.098516
1eby,1eby_507,8.970,-8.297869,-4.008661
1eby,1eby_514,5.840,-6.727466,-4.172668
1eby,1eby_517,9.230,-8.319929,-4.767626
1eby,1eby_519,6.000,-4.868450,-5.167728
1eby,1eby_531,5.540,-3.931923,-4.996667
1eby,1eby_532,7.620,-8.204716,-5.075908
1eby,1eby_535,6.950,-6.305435,-4.741948
1eby,1eby_538,4.050,-3.888730,-4.175701
1eby,1eby_540,5.140,-3.805955,-4.533312
1eby,1eby_548,5.420,-6.160693,-4.041600
1eby,1eby_556,6.330,-5.477963,-4.328405
1eby,1eby_563,4.310,-5.614023,-4.140829
1eby,1eby_569,9.790,-8.283661,-4.166280
1eby,1eby_571,4.160,-3.032187,-4.133855
1eby,1eby_572,8.960,-7.762916,-4.816304
1eby,1eby_573,9.440,-7.906677,-4.332495
1eby,1eby_575,7.090,-6.874214,-3.985433
1eby,1eby_576,6.470,-6.745927,-4.621964
1eby,1eby_580,9.200,-8.137955,-4.716986
1eby,1eby_582,7.830,-6.071249,-4.574677
1eby,1eby_584,8.020,-7.506552,-4.671310
1eby,1eby_595,8.640,-8.341114,-4.405406
1eby,1eby_597,7.060,-7.571438,-4.351085
1eby,1eby_600,9.680,-8.220726,-4.109918
1eby,1eby_634,6.490,-7.270085,-5.201178
1eby,1eby_641,8.770,-8.282671,-5.029397
1eby,1eby_645,8.970,-8.269917,-5.242468
1eby,1eby_647,8.550,-7.958879,-4.678295
1eby,1eby_649,7.170,-7.447428,-4.654402
1eby,1eby_658,4.630,-3.358232,-3.956974
1eby,1eby_659,7.660,-5.932920,-4.717851
1eby,1eby_667,6.110,-4.296490,-5.194285
1eby,1eby_673,8.490,-8.170048,-5.119405
1eby,1eby_688,6.710,-4.718377,-4.585204
1eby,1eby_689,6.870,-7.008696,-4.480977
1eby,1eby_694,8.410,-8.337376,-5.284620
1eby,1eby_731,3.120,-1.922535,-3.329709
1eby,1eby_741,6.510,-5.349016,-3.891189
1eby,1eby_751,7.570,-7.921136,-4.003660
1eby,1eby_763,4.940,-3.780796,-3.818209
1eby,1eby_767,7.170,-7.123322,-4.607232
1eby,1eby_769,6.100,-5.293370,-4.550412
1eby,1eby_770,5.020,-4.040740,-3.661126
1eby,1eby_771,9.270,-8.311772,-3.959852
1eby,1eby_772,5.360,-4.712925,-3.806458
1eby,1eby_773,8.410,-8.226152,-3.851775
1eby,1eby_774,5.980,-2.635190,-4.192132
1eby,1eby_777,9.300,-8.320415,-4.300372
1eby,1eby_779,7.250,-5.979717,-4.720613
1eby,1eby_791,5.730,-5.456042,-3.955338
1eby,1eby_792,6.300,-6.347858,-4.978968
1eby,1eby_803,1.780,-1.162965,-3.781558
1eby,1eby_813,1.740,-0.758809,-3.892979
1eby,1eby_826,3.010,-2.095275,-3.693446
1eby,1eby_848,1.500,-1.112590,-3.741523
1g2k,1g2k_209,1.050,-1.217931,-2.829110
1g2k,1g2k_225,0.700,-1.216261,-3.005816
1g2k,1g2k_242,1.130,-1.402195,-3.401286
1g2k,1g2k_247,0.640,-0.905498,-3.016211
1g2k,1g2k_248,0.990,-1.266572,-3.270757
1g2k,1g2k_265,0.690,-0.939054,-3.186239
1g2k,1g2k_271,0.510,-0.990988,-2.999175
1g2k,1g2k_283,1.010,-1.355108,-2.979255
1g2k,1g2k_290,1.240,-1.060373,-2.752825
1g2k,1g2k_294,0.960,-0.975216,-3.285158
1g2k,1g2k_295,1.170,-1.431074,-2.875245
1g2k,1g2k_306,2.670,-1.119786,-2.693064
1g2k,1g2k_328,0.540,-0.774914,-2.787046
1g2k,1g2k_403,2.840,-2.309904,-3.162313
1g2k,1g2k_404,4.060,-2.108727,-3.382596
1g2k,1g2k_408,3.690,-2.252199,-2.984136
1g2k,1g2k_417,2.550,-2.768450,-3.156016
1g2k,1g2k_420,3.870,-5.133463,-4.048742
1g2k,1g2k_436,5.040,-1.671743,-3.231172
1g2k,1g2k_454,6.930,-3.337311,-3.980719
1g2k,1g2k_456,4.330,-2.832860,-3.269618
1g2k,1g2k_458,5.040,-6.969402,-3.081040
1g2k,1g2k_460,3.650,-4.470878,-3.212354
1g2k,1g2k_462,4.470,-3.132813,-3.472507
1g2k,1g2k_466,4.190,-5.848429,-3.649541
1g2k,1g2k_467,4.580,-4.754051,-3.514306
1g2k,1g2k_468,3.440,-2.747723,-3.758305
1g2k,1g2k_469,2.570,-2.847964,-3.676377
1g2k,1g2k_473,5.800,-6.148961,-3.308538
1g2k,1g2k_475,2.830,-3.465283,-3.020098
1g2k,1g2k_482,2.960,-2.096009,-2.984092
1g2k,1g2k_487,5.950,-7.542040,-3.820418
1g2k,1g2k_497,3.210,-3.824613,-3.884721
1g2k,1g2k_502,3.760,-2.077030,-3.333150
1g2k,1g2k_504,2.180,-2.225549,-3.413379
1g2k,1g2k_516,6.050,-7.019424,-3.641707
1g2k,1g2k_52,0.750,-1.235242,-3.160969
1g2k,1g2k_520,6.860,-4.353202,-3.319681
1g2k,1g2k_521,9.600,-7.294408,-3.817727
1g2k,1g2k_530,6.580,-7.861968,-4.027843
1g2k,1g2k_543,8.750,-7.804606,-3.754503
1g2k,1g2k_546,7.100,-8.144678,-3.729861
1g2k,1g2k_551,7.240,-4.777993,-3.939168
1g2k,1g2k_556,3.600,-2.909101,-3.101187
1g2k,1g2k_565,7.160,-8.338614,-3.579307
1g2k,1g2k_566,5.770,-6.636676,-4.113770
1g2k,1g2k_568,7.330,-8.315763,-4.085858
1g2k,1g2k_569,7.530,-8.182210,-3.667474
1g2k,1g2k_573,7.260,-4.331782,-4.079506
1g2k,1g2k_582,9.060,-8.388722,-3.609177
1g2k,1g2k_584,7.810,-5.730708,-4.086536
1g2k,1g2k_588,9.100,-8.368142,-4.267772
1g2k,1g2k_589,8.880,-8.352350,-3.882333
1g2k,1g2k_590,6.200,-7.016620,-3.804907
1g2k,1g2k_591,6.830,-4.532712,-3.738887
1g2k,1g2k_592,7.320,-7.966088,-3.845173
1g2k,1g2k_597,8.520,-8.346804,-3.370987
1g2k,1g2k_598,6.380,-7.557570,-3.977292
1g2k,1g2k_600,4.440,-5.191001,-2.927701
1g2k,1g2k_606,9.930,-7.783465,-3.585697
1g2k,1g2k_607,6.670,-7.293832,-4.255694
1g2k,1g2k_610,3.300,-1.821059,-2.687617
1g2k,1g2k_617,5.340,-1.870301,-3.452843
1g2k,1g2k_621,3.890,-2.743128,-3.581231
1g2k,1g2k_624,5.900,-3.084971,-3.691018
1g2k,1g2k_625,6.120,-8.240148,-3.782241
1g2k,1g2k_639,2.340,-3.148806,-3.428604
1g2k,1g2k_640,9.370,-8.003663,-3.955022
1g2k,1g2k_644,4.520,-3.240376,-2.502116
1g2k,1g2k_645,2.990,-2.199693,-3.435445
1g2k,1g2k_646,4.510,-2.199741,-2.975297
1g2k,1g2k_649,6.600,-7.448135,-3.821845
1g2k,1g2k_650,5.060,-6.376611,-3.589736
1g2k,1g2k_652,4.450,-5.272022,-3.895068
1g2k,1g2k_654,9.570,-8.378201,-3.978646
1g2k,1g2k_663,8.370,-8.369680,-4.169702
1g2k,1g2k_668,9.310,-7.381649,-4.002018
1g2k,1g2k_670,9.230,-8.404920,-4.748387
1g2k,1g2k_673,9.150,-8.345994,-4.065481
1g2k,1g2k_675,3.220,-2.523051,-3.632908
1g2k,1g2k_677,5.990,-7.044334,-3.762555
1g2k,1g2k_679,7.560,-8.291823,-4.204241
1g2k,1g2k_683,5.120,-2.604420,-3.518649
1g2k,1g2k_684,8.650,-5.746756,-3.507568
1g2k,1g2k_690,7.530,-8.273653,-3.780152
1g2k,1g2k_705,1.730,-1.137995,-3.029486
1g2k,1g2k_736,1.710,-1.891244,-3.576823
1g2k,1g2k_737,1.610,-2.549037,-2.880666
1g2k,1g2k_74,0.600,-1.104240,-3.402685
1g2k,1g2k_762,1.940,-1.687168,-3.322940
1g2k,1g2k_771,2.010,-2.184825,-3.025378
1g2k,1g2k_874,1.390,-1.735832,-3.172927
1g2k,1g2k_900,0.920,-1.332065,-2.982514
1g2k,1g2k_98,4.890,-2.737381,-2.728923
1gpk,1gpk_159,0.760,-0.423387,-4.159293
1gpk,1gpk_182,0.910,-1.289925,-3.171462
1gpk,1gpk_194,0.620,-0.811367,-4.130341
1gpk,1gpk_231,3.410,-2.009657,-5.111513
1gpk,1gpk_239,0.350,-0.616949,-4.076605
1gpk,1gpk_267,1.900,-1.001000,-3.585843
1gpk,1gpk_280,1.960,-0.337239,-4.095940
1gpk,1gpk_328,0.520,-0.415933,-3.881195
1gpk,1gpk_364,0.260,-0.522364,-3.316703
1gpk,1gpk_404,3.650,-2.156596,-5.188277
1gpk,1gpk_407,0.790,-0.968692,-3.922368
1gpk,1gpk_409,0.900,-1.352426,-3.052117
1gpk,1gpk_415,1.620,-0.523825,-4.268097
1gpk,1gpk_419,1.130,-0.468123,-4.123507
1gpk,1gpk_420,1.960,-0.820063,-4.038192
1gpk,1gpk_427,1.130,-0.728181,-4.086298
1gpk,1gpk_428,3.010,-2.516498,-7.106281
1gpk,1gpk_429,1.770,-0.801138,-3.023608
1gpk,1gpk_437,2.130,-1.007765,-4.089405
1gpk,1gpk_450,2.990,-2.012686,-4.098358
1gpk,1gpk_46,0.480,-0.670145,-3.456293
1gpk,1gpk_460,2.110,-0.766042,-3.896095
1gpk,1gpk_463,1.440,-1.600893,-3.679546
1gpk,1gpk_465,0.960,-0.649167,-3.423051
1gpk,1gpk_473,1.850,-1.427332,-4.049293
1gpk,1gpk_477,4.010,-2.624739,-5.074006
1gpk,1gpk_494,3.880,-3.594615,-5.666630
1gpk,1gpk_496,2.690,-1.932017,-4.889960
1gpk,1gpk_548,4.690,-4.000118,-5.275734
1gpk,1gpk_560,4.340,-3.593668,-6.571050
1gpk,1gpk_569,4.240,-4.623826,-6.471459
1gpk,1gpk_571,1.470,-1.553582,-4.690671
1gpk,1gpk_577,5.030,-4.898723,-5.367674
1gpk,1gpk_578,4.580,-4.470094,-4.355324
1gpk,1gpk_583,2.740,-2.015474,-5.362220
1gpk,1gpk_588,3.040,-3.137767,-4.810471
1gpk,1gpk_590,5.430,-5.170260,-6.717817
1gpk,1gpk_600,3.590,-3.268932,-5.256387
1gpk,1gpk_609,3.710,-2.153531,-4.347961
1gpk,1gpk_612,5.100,-5.605096,-5.823044
1gpk,1gpk_625,6.560,-6.457425,-4.977635
1gpk,1gpk_641,4.450,-3.917475,-5.162172
1gpk,1gpk_660,2.160,-1.892080,-4.739708
1gpk,1gpk_666,3.800,-2.733829,-4.403947
1gpk,1gpk_668,2.630,-1.256905,-4.139901
1gpk,1gpk_67,3.730,-2.436845,-5.028899
1gpk,1gpk_683,5.070,-5.308733,-6.903392
1gpk,1gpk_689,4.170,-3.390688,-5.000914
1gpk,1gpk_697,4.510,-3.771533,-5.400871
1gpk,1gpk_700,5.380,-5.372540,-5.645689
1gpk,1gpk_735,4.180,-3.175948,-3.705042
1gpk,1gpk_764,9.250,-8.334970,-5.150755
1gpk,1gpk_779,9.910,-8.228271,-6.168628
1gpk,1gpk_782,5.340,-5.790489,-5.042040
1gpk,1gpk_783,9.910,-8.359265,-4.862188
1gpk,1gpk_785,5.980,-6.006133,-6.276375
1gpk,1gpk_788,5.020,-4.707571,-5.385257
1gpk,1gpk_793,4.380,-4.395279,-4.950605
1gpk,1gpk_794,2.750,-3.047725,-5.083299
1gpk,1gpk_850,5.150,-5.269215,-6.153301
1gpk,1gpk_874,5.160,-4.903115,-6.015083
1gpk,1gpk_95,2.020,-0.689762,-3.960740
1gpk,1gpk_984,2.200,-2.034906,-4.996027
1gpk,1gpk_988,3.130,-2.581337,-5.429403
1gpn,1gpn_109,1.210,-0.955619,-4.217211
1gpn,1gpn_252,0.370,-0.857629,-4.587558
1gpn,1gpn_299,0.350,-0.443554,-4.291640
1gpn,1gpn_330,0.510,-0.631621,-4.549527
1gpn,1gpn_401,0.980,-1.028616,-4.720874
1gpn,1gpn_404,1.470,-1.400068,-4.883801
1gpn,1gpn_405,0.560,-0.951388,-3.741237
1gpn,1gpn_407,0.580,-0.745994,-4.680712
1gpn,1gpn_422,2.280,-0.938347,-5.030239
1gpn,1gpn_435,1.000,-1.305781,-4.046802
1gpn,1gpn_443,0.920,-1.096276,-4.033406
1gpn,1gpn_446,2.850,-2.127851,-4.476889
1gpn,1gpn_451,1.400,-1.500980,-4.851460
1gpn,1gpn_459,3.820,-1.801408,-4.902483
1gpn,1gpn_466,3.700,-1.995093,-4.999582
1gpn,1gpn_471,1.910,-1.712422,-4.213488
1gpn,1gpn_475,1.160,-1.512243,-4.721234
1gpn,1gpn_477,0.950,-1.677693,-5.127274
1gpn,1gpn_481,4.060,-3.482599,-5.999427
1gpn,1gpn_483,3.440,-3.405642,-4.209063
1gpn,1gpn_490,3.710,-1.750730,-4.592283
1gpn,1gpn_549,2.790,-1.754489,-4.849595
1gpn,1gpn_551,4.480,-5.163685,-5.580465
1gpn,1gpn_553,5.580,-5.261518,-5.325127
1gpn,1gpn_555,2.430,-2.108856,-5.369388
1gpn,1gpn_556,4.070,-3.488405,-5.703258
1gpn,1gpn_578,4.420,-3.837330,-5.792127
1gpn,1gpn_589,2.460,-1.455141,-5.437858
1gpn,1gpn_596,3.840,-1.684843,-5.546495
1gpn,1gpn_600,1.090,-1.520077,-4.208229
1gpn,1gpn_61,0.870,-1.414529,-4.389644
1gpn,1gpn_615,2.570,-2.431194,-4.307495
1gpn,1gpn_617,3.350,-1.440014,-4.121705
1gpn,1gpn_638,1.930,-1.329370,-5.026198
1gpn,1gpn_653,3.150,-2.682265,-4.471903
1gpn,1gpn_657,4.260,-4.926760,-5.601458
1gpn,1gpn_658,2.560,-2.345948,-4.930263
1gpn,1gpn_662,1.330,-1.507847,-4.125596
1gpn,1gpn_675,1.850,-1.658948,-4.207837
1gpn,1gpn_682,4.640,-4.088654,-6.143126
1gpn,1gpn_683,3.040,-2.992931,-5.695251
1gpn,1gpn_684,5.410,-5.208622,-5.053572
1gpn,1gpn_689,1.400,-1.223703,-4.674414
1gpn,1gpn_759,3.140,-3.591598,-6.074772
1gpn,1gpn_768,5.510,-5.235355,-5.535221
1gpn,1gpn_775,2.950,-1.890111,-4.994863
1gpn,1gpn_779,2.880,-1.852145,-4.842633
1gpn,1gpn_781,4.180,-4.109626,-5.323975
1gpn,1gpn_782,2.280,-1.936518,-5.864891
1gpn,1gpn_784,6.020,-6.008446,-5.014039
1gpn,1gpn_785,3.080,-2.812198,-4.179951
1gpn,1gpn_786,6.040,-5.985249,-5.320147
1gpn,1gpn_794,4.770,-4.852256,-5.558871
1gpn,1gpn_796,5.370,-5.842502,-4.979245
1gpn,1gpn_868,4.020,-2.058925,-5.424814
1gpn,1gpn_885,4.460,-3.267269,-5.826345
1h22,1h22_1,7.350,-5.465519,-4.241760
1h22,1h22_12,3.060,-1.423574,-3.814202
1h22,1h22_140,2.930,-0.664404,-4.374576
1h22,1h22_156,1.040,-0.669934,-4.333941
1h22,1h22_186,2.910,-1.074383,-4.038861
1h22,1h22_187,1.330,-1.007207,-4.614293
1h22,1h22_197,1.280,-0.839247,-3.871741
1h22,1h22_212,1.930,-1.482221,-4.553629
1h22,1h22_225,4.970,-0.360468,-3.879745
1h22,1h22_231,4.970,-2.073121,-4.003149
1h22,1h22_238,2.560,-1.164732,-4.539751
1h22,1h22_241,3.990,-0.916158,-4.363084
1h22,1h22_261,3.770,-1.280204,-4.695321
1h22,1h22_267,3.710,-0.395950,-4.346555
1h22,1h22_276,3.550,-2.493706,-4.493667
1h22,1h22_288,5.250,-2.594115,-4.224386
1h22,1h22_291,4.130,-1.037206,-4.373855
1h22,1h22_292,1.790,-1.553926,-4.325255
1h22,1h22_300,3.000,-0.505186,-4.389783
1h22,1h22_311,7.240,-4.538338,-4.687907
1h22,1h22_313,7.610,-5.407357,-4.302868
1h22,1h22_319,3.940,-1.878295,-4.369037
1h22,1h22_346,0.640,-0.988013,-4.037152
1h22,1h22_354,5.100,-1.631677,-4.094333
1h22,1h22_363,0.860,-0.541450,-4.006231
1h22,1h22_384,1.950,-1.603109,-3.924405
1h22,1h22_393,2.010,-1.542400,-4.594359
1h22,1h22_4,2.020,-1.362183,-3.984901
1h22,1h22_403,4.390,-2.755978,-4.808533
1h22,1h22_423,3.760,-1.884429,-4.242821
1h22,1h22_442,5.130,-2.899675,-4.529541
1h22,1h22_448,1.960,-1.583300,-4.574527
1h22,1h22_464,4.150,-2.087853,-4.444766
1h22,1h22_471,4.540,-2.953753,-5.725003
1h22,1h22_477,6.330,-6.325689,-5.994086
1h22,1h22_494,4.000,-2.947087,-5.703781
1h22,1h22_506,3.900,-1.462648,-5.345844
1h22,1h22_512,3.270,-1.763744,-5.179237
1h22,1h22_527,4.150,-3.035970,-5.373170
1h22,1h22_535,5.210,-3.302202,-5.236252
1h22,1h22_540,4.780,-3.290943,-5.283305
1h22,1h22_543,6.710,-7.120199,-5.316791
1h22,1h22_565,7.070,-6.844887,-5.184290
1h22,1h22_569,5.010,-2.024561,-4.361306
1h22,1h22_573,5.110,-4.301399,-5.080206
1h22,1h22_590,6.500,-3.622796,-4.710186
1h22,1h22_595,5.620,-4.252833,-4.844389
1h22,1h22_596,7.900,-7.805698,-5.203401
1h22,1h22_606,5.330,-3.191557,-4.872862
1h22,1h22_651,6.710,-5.000498,-5.022358
1h22,1h22_653,6.860,-4.490220,-4.601647
1h22,1h22_679,6.330,-5.055817,-5.244333
1h22,1h22_685,5.790,-2.941901,-4.516026
1h22,1h22_692,6.130,-4.973141,-5.637028
1h22,1h22_716,2.980,-1.429023,-4.463906
1h22,1h22_722,1.670,-0.405730,-3.651561
1h22,1h22_738,2.590,-1.553524,-4.818709
1h22,1h22_75,6.150,-4.658841,-4.853913
1h22,1h22_772,7.390,-5.630939,-5.202631
1h22,1h22_774,5.170,-4.310564,-5.068947
1h22,1h22_777,7.500,-5.892725,-5.086866
1h22,1h22_783,7.480,-6.738569,-5.686979
1h22,1h22_786,6.130,-4.326756,-4.797575
1h22,1h22_788,7.260,-6.063990,-5.934865
1h22,1h22_812,1.920,-1.146898,-4.727514
1h22,1h22_828,4.470,-2.903199,-4.532503
1h22,1h22_852,1.550,-1.088264,-4.131111
1h22,1h22_864,4.940,-3.566152,-4.287599
1h22,1h22_89,7.320,-5.319373,-4.332708
1h22,1h22_918,2.020,-1.335764,-4.638976
1h22,1h22_95,2.960,-1.246831,-4.364318
1h22,1h22_957,6.180,-5.348989,-4.966913
1h23,1h23_12,1.810,-1.154908,-5.814688
1h23,1h23_138,6.250,-4.121670,-6.220156
1h23,1h23_140,6.190,-1.713867,-5.947300
1h23,1h23_163,2.260,-1.174290,-6.173787
1h23,1h23_185,1.180,-0.451532,-5.280956
1h23,1h23_198,2.850,-1.550277,-5.430595
1h23,1h23_205,3.710,-1.904103,-5.482860
1h23,1h23_209,5.730,-3.007784,-5.569561
1h23,1h23_221,5.120,-0.532483,-5.598924
1h23,1h23_238,2.910,-0.654791,-5.026802
1h23,1h23_24,3.990,-0.798605,-5.104136
1h23,1h23_242,4.680,-3.337356,-5.851412
1h23,1h23_253,3.650,-1.532674,-5.308322
1h23,1h23_262,4.420,-1.666254,-6.293769
1h23,1h23_277,5.720,-4.070134,-5.602298
1h23,1h23_296,4.890,-2.031178,-5.503459
1h23,1h23_304,1.840,-1.433887,-5.989781
1h23,1h23_335,1.860,-0.806035,-5.936335
1h23,1h23_347,0.890,-0.736417,-5.863689
1h23,1h23_370,7.490,-6.174146,-5.460205
1h23,1h23_377,7.400,-6.502524,-5.312091
1h23,1h23_403,5.800,-3.977272,-6.275723
1h23,1h23_425,6.660,-5.349489,-6.814727
1h23,1h23_43,1.380,-0.475920,-5.600563
1h23,1h23_432,3.950,-1.625987,-5.510210
1h23,1h23_438,5.200,-3.317154,-6.444711
1h23,1h23_451,4.110,-2.030481,-5.723729
1h23,1h23_471,2.990,-1.708462,-5.747031
1h23,1h23_476,2.940,-1.633018,-5.743067
1h23,1h23_496,5.950,-3.758645,-6.281549
1h23,1h23_5,2.810,-0.492990,-5.000947
1h23,1h23_549,6.450,-3.974334,-5.512035
1h23,1h23_552,5.920,-6.098348,-7.080496
1h23,1h23_579,4.600,-4.006410,-4.720030
1h23,1h23_584,4.000,-2.630957,-7.088985
1h23,1h23_588,7.010,-4.885022,-6.503764
1h23,1h23_589,6.970,-5.484571,-5.853673
1h23,1h23_590,4.170,-4.224773,-6.270419
1h23,1h23_597,6.230,-5.342705,-5.689850
1h23,1h23_621,4.260,-4.495504,-6.304429
1h23,1h23_640,5.500,-5.055665,-6.015049
1h23,1h23_641,6.120,-1.644115,-5.434248
1h23,1h23_643,9.640,-8.326302,-6.203372
1h23,1h23_648,7.220,-7.970161,-6.262542
1h23,1h23_660,4.340,-4.036379,-6.368655
1h23,1h23_663,5.640,-3.693257,-5.097608
1h23,1h23_667,7.950,-7.902286,-6.864328
1h23,1h23_669,6.290,-3.022213,-4.765945
1h23,1h23_676,7.950,-7.596560,-5.433556
1h23,1h23_678,6.120,-7.310152,-6.625160
1h23,1h23_686,7.520,-5.979651,-5.924413
1h23,1h23_69,4.900,-0.441530,-4.209664
1h23,1h23_699,3.860,-2.811082,-6.724563
1h23,1h23_728,1.770,-0.670031,-5.661546
1h23,1h23_732,1.930,-1.004391,-5.837510
1h23,1h23_77,6.110,-2.781192,-4.447457
1h23,1h23_783,1.220,-0.322117,-5.219282
1h23,1h23_8,3.950,-2.294294,-4.853266
1h23,1h23_81,2.930,-1.463469,-5.708094
1h23,1h23_815,1.150,-0.664248,-5.593646
1h23,1h23_818,2.650,-1.738007,-5.599402
1h23,1h23_82,3.840,-0.925637,-5.494676
1h23,1h23_88,5.140,-1.348596,-4.637363
1h23,1h23_90,1.610,-0.383534,-5.595766
1h23,1h23_913,2.330,-0.493485,-5.701393
1h23,1h23_921,3.960,-1.940661,-6.088714
1h23,1h23_964,4.150,-1.717745,-5.607678
1h23,1h23_98,2.730,-0.795961,-4.996442
1h23,1h23_99,3.970,-1.497191,-5.811043
1k1i,1k1i_108,5.050,-2.677487,-1.964477
1k1i,1k1i_115,1.640,-0.319419,-1.808073
1k1i,1k1i_159,6.060,-1.742369,-2.940261
1k1i,1k1i_167,4.180,-1.487613,-2.509392
1k1i,1k1i_171,1.650,-0.431717,-2.324140
1k1i,1k1i_172,4.900,-1.651357,-2.409867
1k1i,1k1i_201,3.340,-1.974604,-2.341347
1k1i,1k1i_204,1.780,-0.647555,-2.315557
1k1i,1k1i_207,6.130,-5.869444,-3.244784
1k1i,1k1i_214,5.080,-1.385815,-2.248463
1k1i,1k1i_247,5.700,-3.648331,-2.191758
1k1i,1k1i_250,4.900,-2.671703,-2.918969
1k1i,1k1i_252,5.340,-3.620024,-2.629546
1k1i,1k1i_253,3.750,-1.365824,-1.835622
1k1i,1k1i_258,2.340,-0.559731,-1.694060
1k1i,1k1i_260,3.670,-1.649905,-1.946397
1k1i,1k1i_273,4.260,-1.983678,-2.162750
1k1i,1k1i_275,5.200,-1.684489,-1.950641
1k1i,1k1i_282,6.050,-2.087045,-2.405108
1k1i,1k1i_287,4.020,-2.091465,-2.449429
1k1i,1k1i_295,1.290,-0.853358,-2.128949
1k1i,1k1i_306,4.520,-1.459645,-2.803293
1k1i,1k1i_308,3.940,-0.906136,-2.672964
1k1i,1k1i_355,5.150,-1.181529,-2.183279
1k1i,1k1i_357,4.120,-0.475325,-2.110835
1k1i,1k1i_358,4.850,-0.750951,-2.516887
1k1i,1k1i_36,2.300,-0.600865,-3.248982
1k1i,1k1i_37,2.230,-0.997629,-2.910234
1k1i,1k1i_377,5.350,-1.110850,-2.874396
1k1i,1k1i_379,4.520,-2.128448,-2.747022
1k1i,1k1i_384,2.000,-0.580966,-2.109294
1k1i,1k1i_385,7.410,-3.379623,-2.418057
1k1i,1k1i_40,3.300,-0.674024,-2.623785
1k1i,1k1i_401,5.460,-2.234450,-1.885339
1k1i,1k1i_404,5.870,-2.549876,-2.429657
1k1i,1k1i_406,4.790,-1.747570,-1.667481
1k1i,1k1i_430,5.000,-3.432281,-2.327872
1k1i,1k1i_434,5.560,-2.587165,-1.829863
1k1i,1k1i_447,4.220,-3.628648,-2.071555
1k1i,1k1i_45,2.670,-0.572793,-2.032128
1k1i,1k1i_464,7.220,-1.945391,-2.364306
1k1i,1k1i_475,6.210,-4.102870,-1.693355
1k1i,1k1i_495,3.000,-2.617119,-2.314357
1k1i,1k1i_496,6.840,-3.700293,-2.047034
1k1i,1k1i_513,7.090,-6.145356,-2.677799
1k1i,1k1i_521,6.620,-4.740067,-1.809617
1k1i,1k1i_523,6.630,-4.369363,-2.565625
1k1i,1k1i_55,3.810,-1.591460,-2.235569
1k1i,1k1i_550,7.960,-7.417004,-2.611282
1k1i,1k1i_563,4.300,-3.935504,-1.530079
1k1i,1k1i_565,7.470,-6.134043,-2.493903
1k1i,1k1i_567,7.270,-5.138693,-3.164351
1k1i,1k1i_571,6.140,-4.542250,-2.328792
1k1i,1k1i_576,7.780,-8.329473,-2.377828
1k1i,1k1i_581,5.040,-4.996210,-2.178373
1k1i,1k1i_600,8.020,-7.382956,-3.662680
1k1i,1k1i_620,8.370,-4.500275,-2.495427
1k1i,1k1i_650,5.010,-3.610494,-1.718377
1k1i,1k1i_666,7.020,-5.599984,-2.722179
1k1i,1k1i_675,7.920,-7.045555,-1.927603
1k1i,1k1i_68,3.720,-0.592058,-1.889268
1k1i,1k1i_69,2.690,-0.507982,-2.206672
1k1i,1k1i_692,5.640,-4.698175,-2.153518
1k1i,1k1i_693,6.280,-5.851321,-2.260623
1k1i,1k1i_698,7.510,-6.680613,-2.185447
1k1i,1k1i_701,2.680,-0.811079,-1.144078
1k1i,1k1i_702,3.030,-0.772053,-1.511382
1k1i,1k1i_703,1.330,-0.578043,-1.639292
1k1i,1k1i_71,1.970,-0.574331,-2.106720
1k1i,1k1i_723,2.850,-0.999646,-1.565044
1k1i,1k1i_79,1.990,-0.459557,-2.991552
1k1i,1k1i_826,2.980,-1.113592,-1.715542
1k1i,1k1i_871,6.120,-3.551782,-1.557961
1k1i,1k1i_896,1.650,-0.491958,-0.913048
1k1i,1k1i_900,1.500,-0.420780,-1.576617
1k1i,1k1i_919,0.950,-0.673114,-1.686360
1k1i,1k1i_938,1.300,-0.442043,-1.236750
1k1i,1k1i_942,3.880,-1.750949,-1.622745
1k1i,1k1i_97,1.960,-0.394782,-2.346730
1lpg,1lpg_106,4.050,-3.449720,-4.022764
1lpg,1lpg_122,8.160,-6.089752,-3.401167
1lpg,1lpg_149,3.620,-3.893578,-3.473481
1lpg,1lpg_16,5.160,-5.642344,-4.703437
1lpg,1lpg_198,7.530,-4.208859,-3.218677
1lpg,1lpg_212,1.610,-1.019110,-3.902807
1lpg,1lpg_227,0.960,-1.097545,-3.561154
1lpg,1lpg_237,1.010,-0.846557,-3.670327
1lpg,1lpg_239,3.470,-1.126953,-3.886417
1lpg,1lpg_244,0.750,-0.895277,-4.368502
1lpg,1lpg_249,5.160,-1.762710,-3.953929
1lpg,1lpg_253,0.780,-1.092333,-3.993569
1lpg,1lpg_254,0.740,-1.178429,-4.157431
1lpg,1lpg_256,0.980,-0.759285,-3.415354
1lpg,1lpg_262,1.620,-1.405226,-3.848868
1lpg,1lpg_266,1.020,-1.034983,-3.726850
1lpg,1lpg_273,2.750,-1.440182,-3.344204
1lpg,1lpg_282,0.870,-1.497215,-3.799895
1lpg,1lpg_285,0.760,-1.232384,-3.581175
1lpg,1lpg_286,0.660,-0.904484,-4.027771
1lpg,1lpg_290,1.370,-1.382913,-3.744956
1lpg,1lpg_296,2.710,-2.307217,-3.393570
1lpg,1lpg_311,6.160,-3.906939,-4.109430
1lpg,1lpg_319,4.220,-3.334949,-4.326257
1lpg,1lpg_320,5.240,-4.051694,-4.340768
1lpg,1lpg_323,9.520,-8.245202,-4.458629
1lpg,1lpg_327,6.190,-5.483071,-4.144915
1lpg,1lpg_348,8.580,-7.924757,-3.838647
1lpg,1lpg_398,3.270,-1.555816,-3.133438
1lpg,1lpg_403,5.050,-2.799213,-3.566040
1lpg,1lpg_404,4.580,-1.938178,-3.489963
1lpg,1lpg_405,8.500,-2.900000,-3.983482
1lpg,1lpg_407,1.940,-2.598646,-3.416608
1lpg,1lpg_41,9.530,-8.278451,-4.289989
1lpg,1lpg_412,7.140,-2.290557,-3.947382
1lpg,1lpg_420,2.240,-3.114623,-4.448882
1lpg,1lpg_434,1.890,-2.565864,-3.812720
1lpg,1lpg_441,2.170,-2.269789,-3.327056
1lpg,1lpg_444,4.440,-3.007714,-3.592968
1lpg,1lpg_447,4.530,-2.769160,-3.795540
1lpg,1lpg_448,6.730,-3.870239,-4.089167
1lpg,1lpg_451,9.800,-4.051945,-3.664793
1lpg,1lpg_455,4.230,-3.478575,-3.433808
1lpg,1lpg_460,5.750,-2.614651,-3.475989
1lpg,1lpg_462,1.810,-3.009721,-3.842620
1lpg,1lpg_468,9.020,-3.769403,-4.424960
1lpg,1lpg_480,2.560,-3.025307,-3.945678
1lpg,1lpg_488,6.670,-2.866512,-3.491137
1lpg,1lpg_492,4.090,-3.781047,-3.626946
1lpg,1lpg_495,8.560,-4.861964,-4.050287
1lpg,1lpg_497,7.560,-4.622058,-3.457911
1lpg,1lpg_499,9.120,-6.643235,-4.184410
1lpg,1lpg_500,6.770,-3.183659,-4.227861
1lpg,1lpg_514,3.560,-4.021492,-3.751145
1lpg,1lpg_522,7.850,-5.002831,-3.837338
1lpg,1lpg_532,9.410,-7.940360,-3.627182
1lpg,1lpg_538,2.490,-2.166364,-3.387634
1lpg,1lpg_539,7.010,-5.828292,-4.594854
1lpg,1lpg_551,6.490,-6.763660,-4.289373
1lpg,1lpg_552,4.930,-4.345663,-3.526537
1lpg,1lpg_555,8.820,-8.043908,-4.179407
1lpg,1lpg_556,3.390,-4.233831,-4.728152
1lpg,1lpg_559,3.330,-2.544416,-3.738468
1lpg,1lpg_562,9.120,-8.226381,-5.236740
1lpg,1lpg_570,6.030,-4.830115,-3.971538
1lpg,1lpg_575,7.510,-5.811562,-3.232246
1lpg,1lpg_582,7.280,-4.784297,-4.629529
1lpg,1lpg_585,9.300,-5.616033,-3.815366
1lpg,1lpg_589,2.120,-2.942594,-4.440524
1lpg,1lpg_599,9.970,-8.109400,-3.326506
1lpg,1lpg_61,3.540,-3.183814,-4.920451
1lpg,1lpg_619,6.300,-3.183640,-3.625712
1lpg,1lpg_623,5.560,-6.014784,-4.187669
1lpg,1lpg_639,8.180,-4.662178,-4.060985
1lpg,1lpg_642,8.430,-7.235281,-4.856906
1lpg,1lpg_645,6.050,-5.175941,-4.179711
1lpg,1lpg_646,9.140,-7.936198,-3.662419
1lpg,1lpg_656,8.190,-7.825854,-3.401967
1lpg,1lpg_665,8.670,-7.076195,-3.481533
1lpg,1lpg_670,7.840,-6.847257,-3.263202
1lpg,1lpg_678,5.870,-5.078667,-4.674275
1lpg,1lpg_679,7.820,-8.092119,-4.675934
1lpg,1lpg_687,8.390,-7.228898,-4.789524
1lpg,1lpg_695,6.000,-5.297804,-4.208035
1lpg,1lpg_703,0.750,-1.042119,-3.440916
1lpg,1lpg_733,1.290,-1.346812,-3.242655
1lpg,1lpg_734,0.960,-1.604659,-3.441743
1lpg,1lpg_740,4.970,-4.080961,-3.537008
1lpg,1lpg_75,7.460,-6.092959,-4.169719
1lpg,1lpg_750,5.010,-3.911355,-3.456664
1lpg,1lpg_751,6.000,-3.495872,-3.435730
1lpg,1lpg_791,3.000,-3.127278,-3.009330
1lpg,1lpg_86,1.860,-0.808157,-4.127169
1lpg,1lpg_866,6.180,-2.893087,-3.374911
1lpg,1lpg_885,3.860,-3.830859,-3.459542
1lpg,1lpg_925,3.730,-1.548307,-3.913683
1lpg,1lpg_958,4.120,-2.769657,-3.407899
1lpg,1lpg_972,2.850,-1.975811,-3.701116
1lpg,1lpg_98,3.950,-3.466142,-3.948664
1lpg,1lpg_994,2.450,-1.107107,-3.656988
1mq6,1mq6_110,5.980,-2.991597,-2.166121
1mq6,1mq6_126,9.580,-6.061435,-3.454096
1mq6,1mq6_129,0.700,-0.738542,-2.050332
1mq6,1mq6_134,6.780,-4.907962,-2.554914
1mq6,1mq6_140,6.000,-4.647027,-2.931615
1mq6,1mq6_145,7.110,-3.017038,-2.403193
1mq6,1mq6_156,6.090,-2.440194,-2.671512
1mq6,1mq6_174,7.050,-4.943556,-2.741195
1mq6,1mq6_200,6.080,-3.852784,-2.005589
1mq6,1mq6_205,1.000,-0.852518,-2.092865
1mq6,1mq6_226,0.890,-0.727849,-2.084899
1mq6,1mq6_266,2.060,-0.859301,-1.422390
1mq6,1mq6_369,4.960,-3.102959,-2.720648
1mq6,1mq6_381,5.560,-4.037262,-2.472805
1mq6,1mq6_390,7.120,-7.621482,-2.784186
1mq6,1mq6_391,2.160,-1.030365,-1.435692
1mq6,1mq6_394,9.360,-5.432307,-3.558798
1mq6,1mq6_406,1.340,-1.378175,-2.326118
1mq6,1mq6_409,2.010,-1.938733,-1.890122
1mq6,1mq6_411,2.480,-1.364518,-1.574822
1mq6,1mq6_416,1.990,-1.332424,-2.020045
1mq6,1mq6_419,1.710,-2.027769,-2.455617
1mq6,1mq6_431,3.910,-2.391316,-1.711036
1mq6,1mq6_432,7.610,-1.961468,-1.403009
1mq6,1mq6_435,3.100,-1.578471,-2.258114
1mq6,1mq6_441,7.510,-3.189638,-2.108047
1mq6,1mq6_451,4.400,-2.306087,-2.889342
1mq6,1mq6_453,4.450,-2.516026,-2.170801
1mq6,1mq6_46,6.990,-3.479127,-2.305631
1mq6,1mq6_472,8.070,-2.863380,-2.098367
1mq6,1mq6_482,2.870,-2.105311,-2.439653
1mq6,1mq6_486,3.240,-2.178692,-2.767027
1mq6,1mq6_488,6.960,-2.634979,-2.153946
1mq6,1mq6_489,1.650,-1.415137,-1.577642
1mq6,1mq6_509,8.390,-3.786103,-2.475035
1mq6,1mq6_519,5.180,-4.274635,-2.463273
1mq6,1mq6_538,4.740,-2.315980,-2.579155
1mq6,1mq6_541,3.810,-2.801511,-2.184508
1mq6,1mq6_552,5.290,-3.440087,-1.909500
1mq6,1mq6_563,1.600,-1.557505,-1.887171
1mq6,1mq6_578,6.750,-6.229951,-2.220127
1mq6,1mq6_585,8.530,-3.254185,-2.765512
1mq6,1mq6_586,6.930,-2.386034,-1.375642
1mq6,1mq6_596,8.850,-5.304086,-3.121035
1mq6,1mq6_598,6.420,-5.553248,-2.486860
1mq6,1mq6_613,3.570,-3.064287,-2.239133
1mq6,1mq6_630,8.940,-4.925139,-2.791522
1mq6,1mq6_632,7.590,-3.597695,-1.584421
1mq6,1mq6_645,8.280,-2.508619,-2.941989
1mq6,1mq6_662,7.470,-5.681787,-2.683936
1mq6,1mq6_677,9.440,-5.916035,-2.793558
1mq6,1mq6_686,8.570,-2.201035,-2.790343
1mq6,1mq6_690,8.280,-4.173364,-3.061779
1mq6,1mq6_691,9.710,-5.432817,-3.509388
1mq6,1mq6_695,4.700,-2.543358,-2.990306
1mq6,1mq6_722,0.660,-0.981128,-2.164027
1mq6,1mq6_723,0.760,-0.964937,-2.665566
1mq6,1mq6_748,6.240,-3.591533,-2.324955
1mq6,1mq6_750,1.800,-1.290371,-2.732309
1mq6,1mq6_755,8.060,-1.783705,-2.197813
1mq6,1mq6_776,4.270,-2.894067,-2.187448
1mq6,1mq6_777,4.780,-3.208937,-1.621783
1mq6,1mq6_798,0.760,-0.935110,-2.247501
1mq6,1mq6_805,1.470,-1.050062,-2.102365
1mq6,1mq6_848,1.550,-1.184330,-1.953067
1mq6,1mq6_854,5.030,-1.990520,-1.798821
1mq6,1mq6_861,7.630,-3.924994,-2.666060
1mq6,1mq6_882,2.060,-1.008719,-1.846598
1mq6,1mq6_886,0.510,-0.924395,-1.985698
1mq6,1mq6_889,1.860,-1.057712,-1.551441
1mq6,1mq6_891,0.980,-1.004985,-1.568685
1mq6,1mq6_902,1.630,-0.822613,-2.257811
1mq6,1mq6_907,1.000,-0.811640,-2.330737
1mq6,1mq6_909,0.970,-0.731003,-2.011571
1mq6,1mq6_910,2.020,-1.199467,-1.443940
1mq6,1mq6_914,2.770,-1.132123,-1.952370
1mq6,1mq6_920,4.840,-2.247385,-2.766784
1mq6,1mq6_931,4.710,-3.529505,-2.176134
1mq6,1mq6_932,7.150,-1.658138,-1.826282
1mq6,1mq6_933,5.250,-2.662781,-3.004405
1mq6,1mq6_935,3.110,-1.738755,-2.264850
1mq6,1mq6_951,3.720,-1.804447,-1.731178
1mq6,1mq6_956,5.720,-3.148561,-2.052845
1mq6,1mq6_961,4.510,-2.603593,-1.988702
1mq6,1mq6_962,2.320,-1.427004,-2.718113
1mq6,1mq6_967,7.620,-1.362702,-2.637353
1mq6,1mq6_968,5.820,-3.546743,-2.930960
1mq6,1mq6_969,3.690,-2.332256,-2.753570
1mq6,1mq6_970,6.270,-3.513671,-1.888588
1mq6,1mq6_974,3.610,-2.449668,-2.152081
1mq6,1mq6_975,8.190,-1.217169,-3.125125
1mq6,1mq6_976,5.650,-4.139345,-1.979942
1mq6,1mq6_977,2.870,-1.867399,-2.456771
1mq6,1mq6_978,3.250,-1.662766,-1.862015
1nc1,1nc1_103,9.810,-8.344335,-2.426862
1nc1,1nc1_121,9.930,-8.341209,-2.546968
1nc1,1nc1_126,9.630,-8.309924,-2.014125
1nc1,1nc1_13,0.700,-0.786861,-2.046824
1nc1,1nc1_133,9.800,-8.338032,-2.166189
1nc1,1nc1_142,9.910,-8.336213,-2.461076
1nc1,1nc1_144,1.100,-1.396039,-1.847986
1nc1,1nc1_152,9.960,-8.354733,-2.563164
1nc1,1nc1_161,9.920,-8.341146,-2.240918
1nc1,1nc1_172,9.930,-8.342253,-2.505180
1nc1,1nc1_18,0.580,-0.701120,-2.148547
1nc1,1nc1_207,0.790,-0.558509,-2.138225
1nc1,1nc1_275,1.200,-1.049123,-2.029229
1nc1,1nc1_410,2.260,-2.216020,-2.601451
1nc1,1nc1_422,5.320,-1.853523,-2.744126
1nc1,1nc1_427,1.810,-1.391869,-2.759213
1nc1,1nc1_431,1.010,-0.650463,-2.793434
1nc1,1nc1_437,5.130,-2.551166,-2.745872
1nc1,1nc1_441,5.150,-1.722866,-2.243507
1nc1,1nc1_443,1.190,-2.141609,-2.162799
1nc1,1nc1_449,2.190,-2.433946,-2.878312
1nc1,1nc1_473,2.490,-2.267873,-2.997865
1nc1,1nc1_480,4.950,-3.136013,-2.777842
1nc1,1nc1_495,2.840,-2.418374,-2.363057
1nc1,1nc1_498,5.250,-1.784406,-2.671741
1nc1,1nc1_513,6.770,-5.728383,-2.518599
1nc1,1nc1_526,1.850,-2.046235,-2.992930
1nc1,1nc1_527,6.600,-4.808590,-2.659074
1nc1,1nc1_529,2.080,-1.517921,-2.403012
1nc1,1nc1_536,1.140,-1.310419,-2.334837
1nc1,1nc1_538,5.560,-2.743700,-2.523782
1nc1,1nc1_539,5.390,-2.585103,-2.484462
1nc1,1nc1_546,6.740,-6.706423,-2.987025
1nc1,1nc1_550,6.550,-6.105163,-2.855473
1nc1,1nc1_551,4.990,-1.907523,-2.608196
1nc1,1nc1_552,5.790,-4.807444,-2.194374
1nc1,1nc1_558,1.450,-1.946152,-2.187813
1nc1,1nc1_566,2.660,-2.526420,-2.270090
1nc1,1nc1_570,2.190,-1.928818,-2.185425
1nc1,1nc1_573,6.630,-6.722744,-3.442398
1nc1,1nc1_575,1.550,-1.886939,-2.783429
1nc1,1nc1_576,5.000,-2.151520,-2.842772
1nc1,1nc1_585,4.970,-2.241061,-2.378313
1nc1,1nc1_587,6.490,-5.762475,-2.315508
1nc1,1nc1_591,6.090,-5.787305,-3.382800
1nc1,1nc1_596,2.340,-2.490487,-2.423933
1nc1,1nc1_597,6.520,-5.763782,-2.080734
1nc1,1nc1_598,7.600,-7.177334,-3.381621
1nc1,1nc1_6,0.510,-0.780813,-1.930370
1nc1,1nc1_612,5.220,-4.580715,-2.347465
1nc1,1nc1_615,0.950,-1.815069,-1.990743
1nc1,1nc1_62,8.140,-7.236863,-3.879309
1nc1,1nc1_624,7.200,-6.549662,-2.465751
1nc1,1nc1_634,4.950,-4.228217,-2.724381
1nc1,1nc1_643,6.120,-3.763681,-2.281685
1nc1,1nc1_648,6.060,-4.182668,-2.663792
1nc1,1nc1_659,4.980,-2.203128,-2.093748
1nc1,1nc1_661,7.740,-7.128448,-2.295797
1nc1,1nc1_663,7.810,-7.368167,-2.228444
1nc1,1nc1_664,4.910,-3.890146,-2.375013
1nc1,1nc1_665,4.720,-2.849603,-2.906063
1nc1,1nc1_667,5.230,-4.692940,-2.093076
1nc1,1nc1_670,2.110,-2.366674,-2.311294
1nc1,1nc1_685,7.970,-7.344201,-2.480527
1nc1,1nc1_690,4.960,-3.967691,-2.379726
1nc1,1nc1_692,4.180,-2.546066,-2.764653
1nc1,1nc1_695,2.250,-1.964384,-1.592944
1nc1,1nc1_696,5.560,-2.704044,-2.056026
1nc1,1nc1_724,0.330,-0.945268,-1.893768
1nc1,1nc1_739,0.590,-0.831803,-1.494163
1nc1,1nc1_75,1.830,-0.944988,-2.266591
1nc1,1nc1_763,0.930,-1.095523,-1.720360
1nc1,1nc1_853,0.710,-0.750405,-1.871710
1nc1,1nc1_865,0.570,-0.698791,-1.720185
1nc3,1nc3_178,0.510,-0.377864,-1.704697
1nc3,1nc3_408,1.440,-1.068501,-1.123161
1nc3,1nc3_409,0.960,-0.981129,-1.062724
1nc3,1nc3_437,1.560,-1.851045,-1.109739
1nc3,1nc3_442,5.180,-1.985576,-1.206051
1nc3,1nc3_454,0.890,-1.213214,-1.340832
1nc3,1nc3_466,2.250,-1.603186,-1.766350
1nc3,1nc3_471,5.450,-1.698471,-1.770613
1nc3,1nc3_478,2.170,-1.363018,-1.822660
1nc3,1nc3_488,1.730,-1.772263,-1.428000
1nc3,1nc3_490,5.270,-1.483659,-0.978276
1nc3,1nc3_491,2.010,-1.179996,-1.632495
1nc3,1nc3_499,1.890,-1.798273,-1.570450
1nc3,1nc3_501,0.870,-0.881468,-1.799114
1nc3,1nc3_518,1.890,-0.548304,-1.174660
1nc3,1nc3_524,5.730,-6.318687,-1.741602
1nc3,1nc3_525,1.620,-1.712007,-1.134699
1nc3,1nc3_533,0.870,-0.981413,-1.050080
1nc3,1nc3_538,0.970,-0.580386,-0.757490
1nc3,1nc3_551,5.660,-4.641887,-1.620581
1nc3,1nc3_552,2.480,-1.858914,-0.838312
1nc3,1nc3_562,6.240,-4.486172,-1.887697
1nc3,1nc3_563,2.330,-2.315336,-0.831193
1nc3,1nc3_576,1.570,-1.734788,-1.836581
1nc3,1nc3_581,5.880,-3.648363,-1.541433
1nc3,1nc3_583,2.180,-1.218039,-0.901958
1nc3,1nc3_585,4.960,-5.077793,-1.595414
1nc3,1nc3_597,2.030,-1.357996,-1.711870
1nc3,1nc3_598,1.030,-1.164148,-1.414608
1nc3,1nc3_602,3.040,-2.358406,-1.471508
1nc3,1nc3_603,5.080,-5.110229,-1.804933
1nc3,1nc3_614,4.480,-5.227315,-1.823194
1nc3,1nc3_615,5.000,-5.387117,-1.540715
1nc3,1nc3_622,4.760,-4.919782,-1.251109
1nc3,1nc3_625,2.590,-2.570276,-1.229496
1nc3,1nc3_634,3.070,-2.328748,-1.411824
1nc3,1nc3_639,4.850,-3.212976,-2.168414
1nc3,1nc3_646,6.230,-5.049253,-2.353064
1nc3,1nc3_658,7.240,-7.141425,-2.257851
1nc3,1nc3_664,5.440,-5.216375,-1.465560
1nc3,1nc3_665,5.750,-1.897375,-1.074061
1nc3,1nc3_667,1.770,-1.377150,-1.089400
1nc3,1nc3_669,4.510,-4.834034,-1.447479
1nc3,1nc3_681,6.370,-5.533104,-1.303223
1nc3,1nc3_688,3.000,-3.235420,-0.978474
1nc3,1nc3_692,2.370,-1.061521,-1.399532
1nc3,1nc3_695,6.050,-2.526511,-1.863380
1nc3,1nc3_696,5.140,-6.206176,-1.834027
1nc3,1nc3_698,6.150,-5.135881,-2.115854
1nc3,1nc3_699,6.370,-5.087277,-2.523847
1nc3,1nc3_735,1.020,-0.810764,-0.872836
1nc3,1nc3_807,0.800,-0.633455,-1.014792
1nc3,1nc3_814,0.680,-0.637758,-1.868532
1nc3,1nc3_895,0.500,-0.345431,-1.088127
1nc3,1nc3_940,0.680,-0.444830,-1.259667
1nvq,1nvq_402,2.650,-2.097545,-3.115153
1nvq,1nvq_405,0.920,-0.594964,-2.360269
1nvq,1nvq_410,4.940,-2.574633,-2.972289
1nvq,1nvq_412,0.870,-0.741297,-2.623153
1nvq,1nvq_424,3.100,-2.202497,-3.222820
1nvq,1nvq_427,5.010,-1.902544,-3.213903
1nvq,1nvq_431,5.470,-2.983503,-2.805095
1nvq,1nvq_439,5.810,-4.333448,-3.343238
1nvq,1nvq_444,4.850,-2.708852,-3.044377
1nvq,1nvq_446,1.500,-1.043457,-2.323986
1nvq,1nvq_451,4.210,-2.124585,-2.868701
1nvq,1nvq_461,1.900,-1.151444,-2.272798
1nvq,1nvq_464,5.240,-2.227704,-2.995723
1nvq,1nvq_473,2.090,-1.662803,-2.747503
1nvq,1nvq_477,1.350,-1.055959,-2.449581
1nvq,1nvq_481,5.400,-3.760580,-3.069333
1nvq,1nvq_490,4.510,-2.311140,-3.096882
1nvq,1nvq_491,2.120,-1.853263,-2.669288
1nvq,1nvq_498,3.020,-1.237996,-2.655020
1nvq,1nvq_500,3.230,-2.359766,-2.730836
1nvq,1nvq_513,5.760,-3.750289,-3.187746
1nvq,1nvq_522,6.060,-4.872934,-3.257019
1nvq,1nvq_524,1.680,-0.781069,-2.488655
1nvq,1nvq_543,4.530,-2.087044,-2.920461
1nvq,1nvq_548,3.460,-1.178391,-2.656640
1nvq,1nvq_553,2.460,-1.322719,-2.583181
1nvq,1nvq_555,3.450,-2.031860,-3.002138
1nvq,1nvq_559,1.800,-1.888726,-2.462169
1nvq,1nvq_564,6.390,-5.947891,-3.304359
1nvq,1nvq_566,3.020,-3.144198,-2.903343
1nvq,1nvq_573,6.220,-4.357996,-3.354503
1nvq,1nvq_583,4.990,-2.475164,-3.425652
1nvq,1nvq_588,4.220,-4.706658,-3.331102
1nvq,1nvq_600,2.260,-1.365512,-2.767973
1nvq,1nvq_605,2.100,-1.551334,-2.621536
1nvq,1nvq_606,1.660,-1.355708,-2.553087
1nvq,1nvq_632,1.120,-1.285316,-2.962780
1nvq,1nvq_634,2.820,-1.667365,-2.320743
1nvq,1nvq_672,1.230,-1.177297,-2.340963
1nvq,1nvq_674,2.390,-1.420213,-2.590990
1nvq,1nvq_687,3.580,-5.147641,-3.130895
1nvq,1nvq_689,4.660,-3.133992,-3.090788
1nvq,1nvq_692,5.500,-6.533787,-3.158128
1nvq,1nvq_708,0.730,-0.389809,-1.909515
1nvq,1nvq_710,0.210,-0.364553,-2.754464
1nvq,1nvq_723,0.870,-0.595327,-2.351716
1nvq,1nvq_731,1.160,-0.538630,-2.284384
1nvq,1nvq_738,0.460,-0.517346,-2.347474
1nvq,1nvq_740,1.910,-1.226085,-2.672150
1nvq,1nvq_742,4.100,-1.121093,-3.135594
1nvq,1nvq_743,3.930,-1.068691,-2.932176
1nvq,1nvq_745,2.850,-3.653714,-2.707952
1nvq,1nvq_746,4.020,-2.274279,-2.505113
1nvq,1nvq_747,5.850,-4.609460,-3.772038
1nvq,1nvq_752,3.700,-0.710635,-2.706594
1nvq,1nvq_759,6.530,-4.528529,-3.469488
1nvq,1nvq_760,6.540,-4.507766,-3.514120
1nvq,1nvq_761,6.520,-4.528529,-3.469488
1nvq,1nvq_762,6.440,-4.540246,-3.580165
1nvq,1nvq_765,8.840,-8.276210,-4.036740
1nvq,1nvq_766,8.470,-7.913781,-3.938485
1nvq,1nvq_767,5.200,-2.831165,-3.019448
1nvq,1nvq_770,6.930,-5.758726,-3.825852
1nvq,1nvq_771,2.980,-1.988647,-2.768731
1nvq,1nvq_772,9.870,-8.316457,-4.175297
1nvq,1nvq_775,7.560,-7.013961,-3.700240
1nvq,1nvq_776,6.980,-5.850682,-3.837858
1nvq,1nvq_777,5.450,-3.499548,-3.488372
1nvq,1nvq_778,8.660,-7.960035,-3.424050
1nvq,1nvq_783,3.310,-2.632134,-2.969910
1nvq,1nvq_867,0.780,-0.477514,-2.396053
1nvq,1nvq_871,0.850,-0.640646,-2.454836
1nvq,1nvq_885,6.240,-5.395117,-3.254756
1nvq,1nvq_927,0.400,-0.503433,-2.245040
1nvq,1nvq_940,0.240,-0.311231,-2.142030
1o0h,1o0h_105,8.880,-8.358210,-1.907072
1o0h,1o0h_109,9.410,-7.917344,-1.548767
1o0h,1o0h_121,9.340,-8.075024,-1.471882
1o0h,1o0h_122,4.920,-4.297716,-1.083820
1o0h,1o0h_133,6.140,-6.909593,-1.490563
1o0h,1o0h_146,5.080,-4.598433,-1.459857
1o0h,1o0h_150,2.980,-3.961520,-1.538537
1o0h,1o0h_153,5.770,-5.846887,-1.251313
1o0h,1o0h_168,1.860,-1.502750,-1.463031
1o0h,1o0h_172,8.690,-7.478840,-1.664864
1o0h,1o0h_178,7.360,-7.862831,-1.856980
1o0h,1o0h_187,8.390,-7.639178,-1.919994
1o0h,1o0h_194,6.980,-6.148732,-1.143868
1o0h,1o0h_203,6.990,-5.734413,-1.313143
1o0h,1o0h_208,9.900,-8.077594,-1.342438
1o0h,1o0h_209,7.230,-5.571155,-1.255771
1o0h,1o0h_217,8.960,-7.128655,-1.628437
1o0h,1o0h_233,9.590,-8.051124,-1.667108
1o0h,1o0h_251,3.670,-2.724984,-1.093888
1o0h,1o0h_253,1.140,-1.006625,-1.385162
1o0h,1o0h_254,0.730,-0.665127,-1.084746
1o0h,1o0h_263,1.810,-1.941111,-1.161804
1o0h,1o0h_272,0.770,-0.668673,-1.109242
1o0h,1o0h_280,9.650,-8.369896,-1.253633
1o0h,1o0h_281,1.910,-0.714375,-1.352227
1o0h,1o0h_284,0.390,-0.610108,-1.004437
1o0h,1o0h_292,2.280,-0.541293,-1.455381
1o0h,1o0h_313,6.710,-5.827767,-1.766985
1o0h,1o0h_353,0.920,-0.605370,-1.255734
1o0h,1o0h_374,9.030,-7.263956,-1.160413
1o0h,1o0h_40,7.450,-6.230407,-1.857618
1o0h,1o0h_418,9.120,-7.046756,-1.935082
1o0h,1o0h_419,5.810,-5.333785,-1.426693
1o0h,1o0h_431,8.470,-5.763028,-1.324175
1o0h,1o0h_436,6.820,-3.908766,-1.409272
1o0h,1o0h_439,4.280,-3.224117,-1.163519
1o0h,1o0h_450,8.630,-6.437714,-1.402857
1o0h,1o0h_457,8.210,-7.895656,-1.509262
1o0h,1o0h_459,7.050,-5.891811,-1.333758
1o0h,1o0h_463,6.250,-4.815596,-1.436162
1o0h,1o0h_466,8.110,-6.344289,-1.594309
1o0h,1o0h_472,8.120,-7.027685,-1.071817
1o0h,1o0h_474,7.840,-3.951489,-1.198574
1o0h,1o0h_482,7.580,-6.393826,-1.185513
1o0h,1o0h_488,6.840,-5.960483,-1.160876
1o0h,1o0h_502,2.410,-1.204403,-0.952626
1o0h,1o0h_507,4.010,-2.469273,-1.095063
1o0h,1o0h_511,2.030,-1.647826,-1.023989
1o0h,1o0h_514,5.640,-3.355394,-1.452104
1o0h,1o0h_524,2.550,-1.467829,-1.373822
1o0h,1o0h_526,4.590,-3.292635,-1.010826
1o0h,1o0h_530,5.230,-4.406729,-1.182862
1o0h,1o0h_531,3.950,-2.826427,-1.289001
1o0h,1o0h_532,4.350,-3.348425,-1.138374
1o0h,1o0h_536,7.450,-4.614446,-1.555146
1o0h,1o0h_539,3.220,-3.263108,-1.389191
1o0h,1o0h_541,1.920,-1.547869,-1.295267
1o0h,1o0h_549,3.600,-1.005316,-1.389534
1o0h,1o0h_551,8.660,-4.660631,-1.077765
1o0h,1o0h_563,7.560,-7.828284,-1.179695
1o0h,1o0h_564,2.050,-1.051104,-1.231868
1o0h,1o0h_565,6.110,-3.556298,-1.249005
1o0h,1o0h_576,6.290,-4.785566,-1.525338
1o0h,1o0h_586,9.660,-8.294691,-1.318683
1o0h,1o0h_594,7.080,-1.477952,-1.276955
1o0h,1o0h_595,3.200,-2.878575,-1.191404
1o0h,1o0h_599,1.550,-1.385759,-1.094882
1o0h,1o0h_600,1.290,-1.319443,-1.077791
1o0h,1o0h_603,2.490,-1.569447,-1.186232
1o0h,1o0h_606,3.320,-2.874771,-1.389400
1o0h,1o0h_617,4.150,-3.225377,-1.282599
1o0h,1o0h_618,5.620,-4.702959,-1.505464
1o0h,1o0h_624,5.660,-5.864042,-1.348139
1o0h,1o0h_628,4.830,-3.477515,-1.459421
1o0h,1o0h_631,1.870,-1.055159,-1.391946
1o0h,1o0h_637,2.560,-2.520618,-1.395967
1o0h,1o0h_639,9.010,-8.353667,-1.193404
1o0h,1o0h_646,3.800,-1.569225,-0.965204
1o0h,1o0h_647,2.330,-2.109160,-1.470575
1o0h,1o0h_658,6.620,-6.002857,-1.312015
1o0h,1o0h_665,3.280,-3.129880,-1.450261
1o0h,1o0h_670,7.300,-5.438105,-1.609300
1o0h,1o0h_680,4.280,-3.328901,-0.849832
1o0h,1o0h_684,3.560,-2.966329,-1.317394
1o0h,1o0h_690,5.770,-5.271259,-1.513655
1o0h,1o0h_691,3.820,-1.586376,-1.207503
1o0h,1o0h_692,5.750,-3.526195,-1.919542
1o0h,1o0h_78,0.600,-0.336441,-1.282817
1o0h,1o0h_786,5.740,-3.390390,-1.339029
1o0h,1o0h_789,5.000,-3.838510,-1.004374
1o0h,1o0h_794,4.330,-2.534147,-1.363652
1o0h,1o0h_821,0.670,-0.501042,-0.965226
1o0h,1o0h_876,0.580,-1.055072,-1.312317
1o0h,1o0h_879,2.660,-2.385401,-1.563011
1o0h,1o0h_89,9.130,-6.734948,-0.965551
1o0h,1o0h_909,1.600,-1.075604,-1.246284
1o0h,1o0h_915,0.910,-1.042966,-1.444069
1o0h,1o0h_918,0.930,-0.914518,-1.018862
1o0h,1o0h_956,1.140,-1.110992,-1.296275
1o0h,1o0h_968,0.850,-0.617927,-1.149591
1o3f,1o3f_112,9.540,-8.370234,-2.473049
1o3f,1o3f_125,8.830,-8.248940,-2.353997
1o3f,1o3f_126,9.140,-7.978877,-2.904154
1o3f,1o3f_144,9.510,-8.365657,-2.834792
1o3f,1o3f_145,8.710,-8.184976,-2.404875
1o3f,1o3f_148,9.040,-8.138265,-2.346324
1o3f,1o3f_152,8.480,-8.010732,-2.593910
1o3f,1o3f_162,9.550,-8.330660,-2.438059
1o3f,1o3f_163,9.610,-8.341167,-3.644210
1o3f,1o3f_168,8.840,-8.231842,-2.709380
1o3f,1o3f_173,9.460,-8.230866,-2.037159
1o3f,1o3f_175,9.620,-8.304923,-2.393606
1o3f,1o3f_185,9.830,-8.346257,-3.396494
1o3f,1o3f_191,9.050,-8.284871,-2.593633
1o3f,1o3f_242,2.220,-1.060906,-1.361037
1o3f,1o3f_246,1.820,-1.178013,-1.139088
1o3f,1o3f_247,3.800,-3.201599,-1.742350
1o3f,1o3f_257,4.020,-2.880072,-1.128383
1o3f,1o3f_265,1.420,-1.041908,-1.576103
1o3f,1o3f_372,0.490,-0.625976,-1.084851
1o3f,1o3f_407,2.350,-1.845597,-1.375650
1o3f,1o3f_417,1.990,-1.969289,-1.233053
1o3f,1o3f_423,4.970,-1.721527,-1.707750
1o3f,1o3f_445,6.020,-3.528975,-1.746710
1o3f,1o3f_446,2.260,-2.066571,-1.645512
1o3f,1o3f_449,4.960,-1.832011,-1.813753
1o3f,1o3f_458,0.790,-1.189697,-0.900321
1o3f,1o3f_460,2.670,-1.596194,-1.441924
1o3f,1o3f_463,5.230,-1.966709,-1.606129
1o3f,1o3f_464,4.940,-1.842807,-1.648802
1o3f,1o3f_472,5.710,-3.874766,-1.826261
1o3f,1o3f_482,2.400,-2.078265,-1.240191
1o3f,1o3f_485,0.980,-1.634632,-0.991734
1o3f,1o3f_489,3.500,-3.448686,-1.508719
1o3f,1o3f_490,5.180,-2.262638,-1.537028
1o3f,1o3f_494,3.190,-2.422948,-1.580945
1o3f,1o3f_495,2.720,-2.430902,-1.459730
1o3f,1o3f_498,2.120,-1.471033,-1.496411
1o3f,1o3f_501,0.990,-0.972806,-1.279729
1o3f,1o3f_503,0.650,-0.860665,-1.052958
1o3f,1o3f_504,0.940,-0.400745,-1.440895
1o3f,1o3f_506,1.100,-1.050425,-1.197997
1o3f,1o3f_507,3.680,-4.001571,-1.297327
1o3f,1o3f_526,3.230,-3.051993,-1.690956
1o3f,1o3f_530,3.370,-2.961925,-1.454491
1o3f,1o3f_538,0.750,-0.895548,-1.057400
1o3f,1o3f_547,6.470,-5.364748,-1.586892
1o3f,1o3f_558,5.410,-2.107776,-1.625234
1o3f,1o3f_563,5.230,-1.466789,-1.571637
1o3f,1o3f_566,5.180,-2.235369,-1.695962
1o3f,1o3f_572,1.580,-1.443053,-1.611804
1o3f,1o3f_582,5.990,-3.209854,-1.461508
1o3f,1o3f_588,5.410,-3.345022,-1.709779
1o3f,1o3f_591,3.960,-3.535749,-1.621984
1o3f,1o3f_595,5.540,-4.917653,-1.539873
1o3f,1o3f_598,5.780,-3.716158,-1.751963
1o3f,1o3f_624,1.420,-1.543819,-1.596798
1o3f,1o3f_64,2.000,-1.404577,-1.514523
1o3f,1o3f_668,2.000,-1.575914,-1.380581
1o3f,1o3f_669,2.320,-2.098303,-2.284445
1o3f,1o3f_670,1.260,-1.450498,-1.365166
1o3f,1o3f_672,3.410,-3.592994,-1.678303
1o3f,1o3f_690,3.500,-3.606411,-1.309890
1o3f,1o3f_693,6.100,-2.996248,-2.596484
1o3f,1o3f_696,2.280,-2.287996,-1.292184
1o3f,1o3f_700,3.790,-3.961244,-1.581631
1o3f,1o3f_752,0.660,-0.925375,-1.151333
1o3f,1o3f_798,1.570,-0.942165,-1.127318
1o3f,1o3f_910,0.580,-0.899763,-1.053525
1o3f,1o3f_931,0.830,-0.697123,-0.791475
1o3f,1o3f_94,2.020,-1.623654,-1.635802
1o5b,1o5b_19,0.830,-1.598084,-4.737376
1o5b,1o5b_200,3.890,-2.687287,-4.832405
1o5b,1o5b_253,2.110,-1.456053,-5.305499
1o5b,1o5b_256,2.990,-2.639860,-4.908604
1o5b,1o5b_272,0.760,-1.310875,-4.893131
1o5b,1o5b_329,0.600,-0.443895,-5.630339
1o5b,1o5b_396,0.560,-0.388227,-4.985655
1o5b,1o5b_400,0.410,-1.132001,-4.895699
1o5b,1o5b_406,4.780,-2.635997,-3.334357
1o5b,1o5b_413,1.930,-1.206872,-3.709501
1o5b,1o5b_419,1.200,-1.304519,-3.156031
1o5b,1o5b_421,0.750,-1.292660,-3.423265
1o5b,1o5b_423,0.920,-1.811644,-3.017110
1o5b,1o5b_432,1.270,-1.671616,-3.771481
1o5b,1o5b_441,2.210,-1.501210,-2.297079
1o5b,1o5b_445,4.550,-1.890050,-4.276261
1o5b,1o5b_446,2.150,-2.332342,-3.331690
1o5b,1o5b_454,1.250,-1.393989,-3.630622
1o5b,1o5b_461,1.310,-1.607237,-3.171656
1o5b,1o5b_468,0.910,-0.788881,-3.036912
1o5b,1o5b_472,1.060,-1.360850,-2.905232
1o5b,1o5b_474,4.400,-2.454266,-3.832543
1o5b,1o5b_483,0.840,-1.753475,-3.046371
1o5b,1o5b_489,4.940,-1.125525,-3.862319
1o5b,1o5b_490,2.150,-2.285285,-4.247521
1o5b,1o5b_497,4.740,-2.630291,-3.608452
1o5b,1o5b_505,4.810,-4.297946,-3.242364
1o5b,1o5b_508,1.060,-1.412016,-3.500226
1o5b,1o5b_511,5.380,-5.003027,-3.498945
1o5b,1o5b_512,3.930,-2.012501,-3.420933
1o5b,1o5b_529,6.620,-5.864990,-4.615985
1o5b,1o5b_534,4.200,-4.585230,-3.191283
1o5b,1o5b_535,5.140,-3.736837,-4.274912
1o5b,1o5b_539,3.410,-3.247853,-3.808471
1o5b,1o5b_548,5.410,-4.371602,-4.256666
1o5b,1o5b_552,6.920,-6.836676,-3.821237
1o5b,1o5b_554,2.660,-2.045237,-3.786824
1o5b,1o5b_561,5.170,-3.410872,-3.229207
1o5b,1o5b_572,5.260,-6.513187,-4.483661
1o5b,1o5b_579,4.940,-5.112764,-3.087250
1o5b,1o5b_584,3.650,-3.944242,-3.100702
1o5b,1o5b_592,7.140,-6.868010,-4.555055
1o5b,1o5b_595,5.220,-4.400702,-3.644934
1o5b,1o5b_625,1.770,-2.727104,-4.120572
1o5b,1o5b_628,5.140,-2.633421,-3.696097
1o5b,1o5b_638,1.430,-1.831120,-3.809463
1o5b,1o5b_653,2.490,-2.232458,-3.124947
1o5b,1o5b_654,3.400,-2.710327,-3.437270
1o5b,1o5b_663,2.160,-2.411344,-3.390348
1o5b,1o5b_664,1.120,-2.068315,-3.466321
1o5b,1o5b_665,0.910,-1.780518,-2.299180
1o5b,1o5b_681,2.320,-1.543997,-3.373069
1o5b,1o5b_699,4.100,-2.338758,-3.769864
1o5b,1o5b_722,5.790,-6.048502,-3.273638
1o5b,1o5b_723,8.050,-7.784060,-4.902997
1o5b,1o5b_724,3.020,-3.449792,-2.934162
1o5b,1o5b_725,7.380,-7.945775,-4.828322
1o5b,1o5b_726,8.420,-8.223010,-5.547763
1o5b,1o5b_731,7.020,-7.172006,-3.671672
1o5b,1o5b_732,7.000,-7.287423,-3.763751
1o5b,1o5b_739,6.440,-7.282447,-3.637398
1o5b,1o5b_740,8.280,-8.228239,-5.541110
1o5b,1o5b_744,3.000,-3.240815,-3.685346
1o5b,1o5b_747,8.150,-7.947159,-5.299521
1o5b,1o5b_750,8.420,-7.967907,-5.584023
1o5b,1o5b_751,8.770,-8.200665,-5.649932
1o5b,1o5b_755,8.280,-7.852294,-5.779170
1o5b,1o5b_756,6.410,-7.277013,-4.046723
1o5b,1o5b_760,8.310,-7.796330,-5.383143
1o5b,1o5b_762,6.060,-5.780905,-3.106341
1o5b,1o5b_764,7.570,-7.626039,-5.219187
1o5b,1o5b_765,6.240,-6.130626,-3.540370
1o5b,1o5b_79,3.060,-2.069008,-4.842653
1o5b,1o5b_807,6.230,-7.057702,-4.993036
1o5b,1o5b_813,6.650,-6.753599,-5.287494
1o5b,1o5b_827,8.730,-8.240675,-5.299503
1o5b,1o5b_832,6.490,-6.475256,-4.706946
1o5b,1o5b_836,7.400,-7.949533,-4.640477
1o5b,1o5b_844,7.690,-7.715492,-5.500424
1o5b,1o5b_857,7.500,-7.443828,-3.980585
1o5b,1o5b_860,7.550,-7.819863,-5.617250
1o5b,1o5b_865,8.010,-7.832019,-5.706010
1o5b,1o5b_892,3.570,-4.039688,-3.289972
1o5b,1o5b_903,5.480,-5.736294,-2.950116
1o5b,1o5b_911,4.760,-6.158825,-3.594022
1o5b,1o5b_936,5.670,-5.893220,-2.797274
1o5b,1o5b_943,7.670,-7.105810,-4.651479
1o5b,1o5b_957,3.660,-4.312390,-3.607703
1o5b,1o5b_959,7.510,-7.635376,-5.512591
1o5b,1o5b_963,3.830,-5.029455,-4.152734
1owh,1owh_159,2.110,-2.803959,-1.741864
1owh,1owh_174,6.600,-1.017817,-1.581384
1owh,1owh_187,6.570,-0.960521,-1.555648
1owh,1owh_210,0.900,-0.667518,-0.848901
1owh,1owh_213,3.340,-3.666028,-1.576845
1owh,1owh_216,2.070,-2.003125,-1.310591
1owh,1owh_217,2.210,-1.446822,-1.486875
1owh,1owh_225,3.050,-2.950078,-0.909393
1owh,1owh_227,4.090,-2.953314,-1.388660
1owh,1owh_229,6.980,-2.360480,-2.350724
1owh,1owh_232,2.550,-2.224651,-1.412360
1owh,1owh_234,2.000,-1.585702,-1.545879
1owh,1owh_245,2.800,-2.385005,-1.403980
1owh,1owh_253,4.060,-3.261522,-1.580660
1owh,1owh_255,3.610,-3.599697,-1.804058
1owh,1owh_258,6.850,-1.082299,-1.589550
1owh,1owh_260,4.020,-2.944606,-1.118186
1owh,1owh_265,1.380,-1.435167,-2.017952
1owh,1owh_266,4.020,-3.125532,-1.252618
1owh,1owh_269,6.770,-7.156364,-1.220606
1owh,1owh_280,6.840,-2.361861,-1.800714
1owh,1owh_283,3.890,-2.697750,-0.956734
1owh,1owh_285,6.930,-2.090250,-2.152543
1owh,1owh_289,1.600,-1.841371,-1.379978
1owh,1owh_291,1.210,-0.892022,-0.584829
1owh,1owh_3,0.660,-0.520103,-0.683521
1owh,1owh_307,0.530,-0.462295,-1.038920
1owh,1owh_391,0.260,-0.421786,-1.041771
1owh,1owh_431,2.930,-2.330428,-0.863180
1owh,1owh_458,7.930,-2.609981,-2.149027
1owh,1owh_470,7.280,-1.147243,-1.446263
1owh,1owh_492,3.160,-2.181219,-1.131267
1owh,1owh_509,6.260,-5.463102,-1.409394
1owh,1owh_512,7.500,-1.129835,-1.587610
1owh,1owh_514,3.930,-3.808724,-1.106859
1owh,1owh_519,5.530,-4.460311,-1.337054
1owh,1owh_523,5.890,-4.942022,-1.495498
1owh,1owh_528,5.970,-5.405080,-1.261552
1owh,1owh_529,6.330,-5.538461,-1.999084
1owh,1owh_530,8.100,-2.854889,-1.864614
1owh,1owh_532,0.900,-0.841233,-1.221216
1owh,1owh_535,5.320,-4.648595,-1.844885
1owh,1owh_538,3.800,-2.715503,-0.795201
1owh,1owh_540,0.580,-0.572090,-1.147576
1owh,1owh_550,6.280,-6.061869,-1.077975
1owh,1owh_553,8.390,-5.217590,-2.456374
1owh,1owh_562,8.350,-5.853434,-1.867302
1owh,1owh_573,7.630,-2.003900,-1.619421
1owh,1owh_595,8.030,-2.474734,-1.920884
1owh,1owh_607,1.740,-0.925363,-1.289854
1owh,1owh_610,4.310,-3.556402,-1.253316
1owh,1owh_614,1.000,-1.009493,-1.000428
1owh,1owh_629,7.350,-1.450696,-1.378006
1owh,1owh_639,3.510,-2.315714,-1.991638
1owh,1owh_641,1.720,-1.538890,-1.021543
1owh,1owh_648,2.150,-1.482958,-1.069758
1owh,1owh_673,7.320,-0.929768,-1.143459
1owh,1owh_681,7.500,-1.097239,-1.613428
1owh,1owh_701,0.590,-0.755995,-1.004264
1owh,1owh_737,4.080,-3.434954,-1.020339
1owh,1owh_739,3.110,-2.855955,-1.394947
1owh,1owh_745,8.060,-5.157852,-1.912063
1owh,1owh_749,4.930,-5.420742,-1.062387
1owh,1owh_750,4.590,-4.809500,-0.858387
1owh,1owh_756,7.850,-5.398095,-2.008373
1owh,1owh_757,7.790,-3.744317,-2.226783
1owh,1owh_760,8.780,-5.776734,-1.633962
1owh,1owh_762,4.900,-5.266481,-1.256984
1owh,1owh_764,5.000,-5.390056,-1.411208
1owh,1owh_767,8.740,-4.794972,-2.320693
1owh,1owh_771,5.700,-5.529241,-1.415406
1owh,1owh_773,2.010,-1.773552,-0.850251
1owh,1owh_774,5.700,-5.566079,-1.260093
1owh,1owh_778,2.760,-2.303037,-0.941775
1owh,1owh_779,5.800,-5.771132,-1.302284
1owh,1owh_780,5.790,-5.860447,-1.268790
1owh,1owh_782,5.630,-5.431697,-1.428726
1owh,1owh_786,8.410,-5.843215,-1.793444
1owh,1owh_787,2.330,-1.647236,-1.144070
1owh,1owh_788,3.230,-2.875931,-0.908024
1owh,1owh_789,8.160,-2.368834,-1.899515
1owh,1owh_795,8.700,-7.271136,-2.786628
1owh,1owh_797,9.450,-7.901490,-2.693615
1owh,1owh_798,9.810,-7.952245,-2.807323
1owh,1owh_894,1.060,-0.646586,-0.892836
1owh,1owh_917,7.240,-0.959475,-1.383144
1owh,1owh_921,1.360,-0.364842,-1.476073
1owh,1owh_935,0.970,-0.534540,-1.182797
1owh,1owh_938,0.850,-0.902468,-1.058146
1owh,1owh_977,1.460,-1.236999,-1.277396
1owh,1owh_990,1.750,-1.008902,-1.175836
1oyt,1oyt_24,6.380,-5.654242,-2.927888
1oyt,1oyt_401,3.980,-2.962085,-2.030011
1oyt,1oyt_405,2.990,-1.648160,-2.038590
1oyt,1oyt_412,6.920,-6.371390,-2.300128
1oyt,1oyt_414,3.230,-1.787742,-1.926288
1oyt,1oyt_423,6.060,-3.244276,-2.561256
1oyt,1oyt_425,4.810,-1.198531,-2.296074
1oyt,1oyt_437,4.840,-1.415106,-1.648169
1oyt,1oyt_448,2.700,-1.633168,-2.591089
1oyt,1oyt_449,4.120,-2.970763,-1.804286
1oyt,1oyt_451,5.990,-3.242910,-2.552621
1oyt,1oyt_454,3.500,-2.058079,-2.459981
1oyt,1oyt_455,2.280,-1.374513,-2.110960
1oyt,1oyt_463,6.510,-4.833406,-2.383482
1oyt,1oyt_468,6.970,-5.404109,-2.705502
1oyt,1oyt_475,3.640,-2.986026,-1.993003
1oyt,1oyt_477,7.050,-6.483548,-3.116161
1oyt,1oyt_481,0.860,-0.377578,-1.626959
1oyt,1oyt_484,3.600,-2.212978,-2.079854
1oyt,1oyt_493,2.600,-2.180077,-2.355287
1oyt,1oyt_505,0.970,-0.601343,-1.934163
1oyt,1oyt_506,0.990,-1.356767,-2.221791
1oyt,1oyt_507,1.130,-0.888046,-1.727836
1oyt,1oyt_513,0.910,-0.521954,-1.945436
1oyt,1oyt_521,3.130,-1.816435,-1.662735
1oyt,1oyt_524,1.240,-0.848814,-2.003029
1oyt,1oyt_527,7.280,-6.795847,-2.660690
1oyt,1oyt_529,1.260,-1.082797,-2.255224
1oyt,1oyt_530,5.050,-1.391437,-2.155254
1oyt,1oyt_542,4.630,-1.205588,-1.798418
1oyt,1oyt_551,7.040,-6.378489,-2.167543
1oyt,1oyt_553,2.980,-2.077216,-2.446730
1oyt,1oyt_558,1.500,-1.064274,-1.930034
1oyt,1oyt_559,9.360,-8.420189,-2.894470
1oyt,1oyt_561,1.160,-0.751232,-2.296877
1oyt,1oyt_564,5.260,-2.987553,-1.822121
1oyt,1oyt_569,5.070,-1.191434,-1.925282
1oyt,1oyt_572,7.070,-6.229983,-2.556810
1oyt,1oyt_575,2.320,-1.039463,-1.909215
1oyt,1oyt_582,3.090,-2.589395,-2.205129
1oyt,1oyt_586,1.450,-1.235716,-2.588070
1oyt,1oyt_59,0.510,-0.275689,-1.745641
1oyt,1oyt_599,5.760,-1.097432,-2.295429
1oyt,1oyt_603,6.560,-6.334479,-2.722674
1oyt,1oyt_612,7.030,-6.439548,-2.104152
1oyt,1oyt_621,4.090,-3.493414,-2.007969
1oyt,1oyt_623,4.610,-2.717884,-1.987342
1oyt,1oyt_627,1.560,-0.855454,-2.255240
1oyt,1oyt_637,6.320,-5.544191,-2.394418
1oyt,1oyt_639,1.850,-1.478220,-2.154330
1oyt,1oyt_64,0.530,-0.253768,-1.771097
1oyt,1oyt_644,6.000,-5.651387,-2.452725
1oyt,1oyt_647,5.230,-2.224311,-1.889054
1oyt,1oyt_651,6.670,-6.603708,-2.322320
1oyt,1oyt_658,7.080,-6.312736,-2.557484
1oyt,1oyt_663,3.990,-2.049799,-2.040994
1oyt,1oyt_674,6.420,-5.530561,-2.443746
1oyt,1oyt_675,5.950,-4.471760,-2.717174
1oyt,1oyt_679,1.530,-1.124996,-2.158025
1oyt,1oyt_680,2.010,-1.499974,-1.721194
1oyt,1oyt_684,4.470,-3.009968,-2.548117
1oyt,1oyt_690,3.270,-2.551641,-2.451970
1oyt,1oyt_691,7.070,-5.549265,-2.959053
1oyt,1oyt_692,2.420,-1.692071,-2.237416
1oyt,1oyt_696,6.700,-6.337870,-1.821445
1oyt,1oyt_711,0.400,-0.166413,-1.688297
1oyt,1oyt_749,4.540,-4.090495,-2.470878
1oyt,1oyt_789,3.140,-1.689146,-1.651654
1oyt,1oyt_800,1.680,-0.438514,-1.949461
1oyt,1oyt_801,2.100,-1.420997,-1.521850
1oyt,1oyt_806,4.660,-2.988532,-1.789369
1oyt,1oyt_838,4.730,-2.641714,-3.071740
1oyt,1oyt_842,5.230,-4.179536,-2.071706
1oyt,1oyt_843,2.970,-1.284753,-1.827142
1oyt,1oyt_853,5.850,-4.173290,-2.398222
1oyt,1oyt_91,0.810,-0.300175,-2.138742
1oyt,1oyt_915,0.520,-0.246346,-1.705448
1oyt,1oyt_947,0.620,-0.198101,-1.451596
1p1n,1p1n_116,0.630,-0.616884,-3.690977
1p1n,1p1n_216,1.130,-0.641037,-3.579851
1p1n,1p1n_333,0.640,-0.571083,-4.453893
1p1n,1p1n_425,2.800,-0.654475,-3.353045
1p1n,1p1n_433,3.080,-2.178052,-5.628900
1p1n,1p1n_462,2.820,-0.646077,-3.666587
1p1n,1p1n_465,1.700,-0.917029,-4.517620
1p1n,1p1n_482,0.970,-0.671728,-4.238440
1p1n,1p1n_489,3.260,-1.240627,-4.825389
1p1n,1p1n_493,1.680,-0.793116,-6.053895
1p1n,1p1n_500,3.260,-1.812527,-5.668205
1p1n,1p1n_530,1.980,-1.540367,-5.090263
1p1n,1p1n_548,2.960,-1.588013,-4.816985
1p1n,1p1n_550,2.530,-2.312689,-6.014027
1p1n,1p1n_562,2.930,-1.360818,-4.262143
1p1n,1p1n_569,1.680,-1.064651,-3.691513
1p1n,1p1n_574,2.070,-1.267492,-4.380129
1p1n,1p1n_586,2.600,-1.567904,-4.616450
1p1n,1p1n_606,2.090,-1.532914,-4.213230
1p1n,1p1n_646,2.190,-2.238532,-4.429328
1p1n,1p1n_650,3.040,-0.881942,-5.385192
1p1n,1p1n_660,1.690,-1.442367,-4.504043
1p1n,1p1n_668,2.690,-0.953513,-4.120161
1p1n,1p1n_675,3.770,-3.152681,-7.186094
1p1n,1p1n_685,3.130,-1.320961,-6.130462
1p1n,1p1n_687,3.750,-2.612628,-6.912586
1p1n,1p1n_699,1.660,-1.467999,-4.189935
1p1n,1p1n_708,0.440,-0.633604,-3.229688
1p1n,1p1n_712,0.930,-0.481214,-3.073848
1p1n,1p1n_73,0.610,-0.637885,-3.601461
1p1n,1p1n_733,5.570,-4.736742,-6.845404
1p1n,1p1n_757,3.180,-1.561420,-5.923675
1p1n,1p1n_765,4.250,-3.565468,-7.492077
1p1n,1p1n_78,0.990,-0.580524,-3.883485
1p1n,1p1n_780,1.680,-1.303029,-5.456076
1p1n,1p1n_785,4.040,-3.633657,-8.047221
1p1n,1p1n_825,0.770,-0.920675,-3.521316
1p1n,1p1n_883,3.120,-2.311884,-4.619056
1p1n,1p1n_892,3.460,-1.727712,-6.535845
1p1n,1p1n_9,1.030,-0.527306,-3.689187
1p1n,1p1n_917,1.360,-0.960256,-4.126714
1p1n,1p1n_928,0.790,-0.399901,-3.597944
1p1n,1p1n_971,0.880,-0.732812,-4.167981
1p1q,1p1q_121,0.710,-0.470874,-1.223419
1p1q,1p1q_134,2.260,-0.578829,-1.633906
1p1q,1p1q_169,0.750,-0.257025,-1.504679
1p1q,1p1q_202,1.830,-0.309074,-2.219213
1p1q,1p1q_239,0.590,-0.915033,-2.156329
1p1q,1p1q_255,0.710,-0.874555,-2.090242
1p1q,1p1q_317,2.010,-1.186741,-2.278668
1p1q,1p1q_357,0.600,-0.299491,-1.410287
1p1q,1p1q_358,2.370,-1.466879,-2.214824
1p1q,1p1q_394,0.860,-0.592753,-1.818110
1p1q,1p1q_411,1.380,-1.031026,-2.348529
1p1q,1p1q_412,0.890,-0.588632,-1.877140
1p1q,1p1q_544,2.130,-1.888038,-1.819254
1p1q,1p1q_559,1.210,-0.698922,-2.091321
1p1q,1p1q_560,0.980,-0.704764,-2.397339
1p1q,1p1q_570,1.570,-1.081002,-3.405013
1p1q,1p1q_574,4.230,-1.725713,-1.905181
1p1q,1p1q_578,4.410,-1.696455,-2.373794
1p1q,1p1q_596,4.120,-1.836911,-2.332998
1p1q,1p1q_603,2.320,-1.736670,-2.345800
1p1q,1p1q_604,2.280,-2.227459,-2.036519
1p1q,1p1q_614,1.760,-0.770733,-2.935310
1p1q,1p1q_636,1.750,-1.298666,-1.533601
1p1q,1p1q_640,4.120,-1.707707,-1.624948
1p1q,1p1q_644,2.450,-1.205154,-1.813733
1p1q,1p1q_646,1.970,-1.587005,-1.860447
1p1q,1p1q_664,2.660,-1.340288,-3.132784
1p1q,1p1q_677,3.360,-2.732515,-5.435432
1p1q,1p1q_698,4.150,-1.612864,-2.016546
1p1q,1p1q_713,2.000,-2.224753,-3.025317
1p1q,1p1q_729,1.940,-1.981070,-2.177887
1p1q,1p1q_736,3.500,-3.298312,-4.555468
1p1q,1p1q_740,3.020,-2.658412,-3.142531
1p1q,1p1q_746,3.830,-1.823460,-1.367223
1p1q,1p1q_751,3.980,-2.944291,-1.949663
1p1q,1p1q_759,4.320,-2.854290,-2.630754
1p1q,1p1q_773,4.300,-3.887722,-2.797946
1p1q,1p1q_779,3.670,-3.546043,-3.222821
1p1q,1p1q_785,4.200,-3.322160,-3.791572
1p1q,1p1q_789,3.790,-2.955054,-1.830612
1p1q,1p1q_794,3.070,-2.151751,-2.504090
1p1q,1p1q_848,1.220,-0.454797,-1.937124
1p1q,1p1q_85,0.650,-0.797868,-2.167475
1p1q,1p1q_853,0.450,-0.335871,-1.685389
1p1q,1p1q_860,2.660,-3.273291,-1.906081
1p1q,1p1q_872,4.410,-2.943540,-2.600155
1p1q,1p1q_890,4.300,-3.483713,-3.441877
1p1q,1p1q_892,3.600,-2.383213,-3.279261
1p1q,1p1q_897,3.060,-3.249219,-2.646112
1p1q,1p1q_975,2.760,-2.494873,-2.970977
1ps3,1ps3_161,0.280,-0.470272,-2.604847
1ps3,1ps3_251,0.680,-0.462587,-2.236347
1ps3,1ps3_350,0.570,-0.604484,-2.436201
1ps3,1ps3_408,0.910,-1.457605,-3.331521
1ps3,1ps3_414,4.140,-1.950931,-1.846323
1ps3,1ps3_424,1.770,-1.832264,-2.633699
1ps3,1ps3_437,2.980,-2.555816,-4.007940
1ps3,1ps3_438,2.760,-1.232473,-1.872956
1ps3,1ps3_449,1.630,-0.851252,-3.110975
1ps3,1ps3_468,2.880,-1.853589,-2.519925
1ps3,1ps3_474,3.180,-1.670284,-2.943738
1ps3,1ps3_500,1.420,-0.799398,-2.259785
1ps3,1ps3_510,3.630,-1.617519,-2.711023
1ps3,1ps3_518,3.070,-1.151606,-2.929974
1ps3,1ps3_548,0.890,-0.720876,-2.890008
1ps3,1ps3_551,4.370,-1.492566,-2.462480
1ps3,1ps3_596,3.230,-1.735676,-2.808195
1ps3,1ps3_600,4.260,-1.557042,-2.337121
1ps3,1ps3_607,5.980,-4.862613,-2.840755
1ps3,1ps3_612,4.030,-2.964447,-2.187281
1ps3,1ps3_627,4.090,-2.734917,-2.021606
1ps3,1ps3_635,4.850,-3.846630,-2.397043
1ps3,1ps3_641,5.830,-4.620005,-3.140630
1ps3,1ps3_662,4.080,-3.294210,-2.521692
1ps3,1ps3_664,4.360,-3.582039,-2.845212
1ps3,1ps3_684,6.660,-5.723687,-4.040069
1ps3,1ps3_696,4.270,-2.132214,-2.861570
1ps3,1ps3_707,0.980,-0.460495,-2.501307
1ps3,1ps3_730,3.050,-1.307042,-2.441839
1ps3,1ps3_734,0.860,-0.410754,-2.317325
1ps3,1ps3_736,0.850,-1.151983,-1.834449
1ps3,1ps3_739,1.850,-0.673552,-2.273176
1ps3,1ps3_744,3.910,-4.307941,-2.467608
1ps3,1ps3_748,1.970,-0.966435,-2.650169
1ps3,1ps3_753,2.170,-1.012903,-2.866553
1ps3,1ps3_760,2.600,-0.526082,-2.466827
1ps3,1ps3_764,3.750,-0.528422,-2.654317
1ps3,1ps3_767,2.880,-1.340679,-1.872307
1ps3,1ps3_771,3.460,-1.165000,-1.450805
1ps3,1ps3_778,3.100,-1.730688,-1.371160
1ps3,1ps3_782,2.850,-1.543317,-1.706055
1ps3,1ps3_783,1.150,-0.728488,-1.969613
1ps3,1ps3_785,1.540,-1.069448,-1.912708
1ps3,1ps3_786,2.950,-0.966498,-2.860679
1ps3,1ps3_790,4.200,-4.195165,-2.947048
1ps3,1ps3_793,3.110,-1.346392,-2.393364
1ps3,1ps3_854,1.650,-1.029479,-1.554069
1ps3,1ps3_886,2.960,-1.608248,-3.073405
1ps3,1ps3_896,1.480,-0.546915,-1.731894
1ps3,1ps3_943,0.440,-0.897121,-2.105522
1ps3,1ps3_968,0.660,-0.872641,-2.023768
1ps3,1ps3_985,1.090,-1.154417,-1.722806
1ps3,1ps3_994,2.520,-0.632970,-1.941087
1pxn,1pxn_167,0.880,-0.692633,-1.655423
1pxn,1pxn_197,0.770,-0.363927,-2.206478
1pxn,1pxn_211,5.060,-1.117100,-1.603976
1pxn,1pxn_225,1.050,-0.341016,-1.976125
1pxn,1pxn_228,7.250,-3.849463,-1.935309
1pxn,1pxn_236,0.840,-0.589853,-1.448792
1pxn,1pxn_240,1.010,-0.477180,-1.289125
1pxn,1pxn_246,0.750,-0.391976,-1.493846
1pxn,1pxn_256,4.710,-1.083371,-2.151676
1pxn,1pxn_257,0.590,-0.523849,-1.181350
1pxn,1pxn_266,0.440,-0.393828,-1.206240
1pxn,1pxn_269,7.910,-4.593860,-1.932359
1pxn,1pxn_270,0.680,-0.453373,-1.483728
1pxn,1pxn_272,4.970,-0.847741,-1.543021
1pxn,1pxn_285,0.520,-0.490557,-1.718585
1pxn,1pxn_288,1.720,-0.579751,-1.367673
1pxn,1pxn_308,5.160,-6.091914,-2.319571
1pxn,1pxn_402,1.490,-0.813705,-1.579515
1pxn,1pxn_409,3.630,-1.783026,-1.887724
1pxn,1pxn_414,2.120,-1.491662,-2.241072
1pxn,1pxn_416,6.590,-4.148604,-2.394961
1pxn,1pxn_422,1.480,-1.437149,-1.791008
1pxn,1pxn_428,6.440,-2.101969,-2.494497
1pxn,1pxn_437,2.070,-1.019413,-1.787141
1pxn,1pxn_441,1.600,-1.000622,-2.061588
1pxn,1pxn_445,2.440,-1.152999,-2.744053
1pxn,1pxn_458,3.220,-2.088513,-1.616405
1pxn,1pxn_467,1.910,-1.170212,-1.350167
1pxn,1pxn_468,4.010,-1.122011,-2.360050
1pxn,1pxn_471,2.320,-2.017233,-1.824013
1pxn,1pxn_472,2.430,-1.482054,-1.960357
1pxn,1pxn_477,3.590,-2.733323,-2.172561
1pxn,1pxn_483,4.140,-2.470020,-1.854234
1pxn,1pxn_488,8.180,-4.933516,-2.764116
1pxn,1pxn_489,3.870,-1.174059,-2.640071
1pxn,1pxn_490,3.810,-0.633948,-1.943913
1pxn,1pxn_500,5.580,-2.023391,-1.795068
1pxn,1pxn_504,7.580,-4.282543,-2.480098
1pxn,1pxn_507,6.420,-4.495286,-2.863648
1pxn,1pxn_509,8.870,-5.919093,-2.777457
1pxn,1pxn_513,4.580,-2.168824,-2.252426
1pxn,1pxn_514,2.620,-1.857486,-2.260907
1pxn,1pxn_518,7.760,-5.023443,-2.681013
1pxn,1pxn_523,7.980,-3.658869,-3.643975
1pxn,1pxn_532,5.500,-1.186678,-2.335863
1pxn,1pxn_534,3.720,-2.414952,-1.942302
1pxn,1pxn_536,8.470,-4.578123,-2.856987
1pxn,1pxn_539,3.220,-2.976095,-2.203860
1pxn,1pxn_545,6.620,-3.059286,-2.055515
1pxn,1pxn_546,6.020,-3.264972,-2.516547
1pxn,1pxn_550,5.770,-0.936613,-2.080544
1pxn,1pxn_557,5.160,-2.407909,-2.096378
1pxn,1pxn_558,2.950,-1.574130,-2.163487
1pxn,1pxn_560,4.210,-0.635655,-2.085668
1pxn,1pxn_565,7.570,-4.087035,-2.955917
1pxn,1pxn_566,7.670,-3.654192,-2.808340
1pxn,1pxn_572,3.680,-2.495887,-2.829689
1pxn,1pxn_578,4.270,-2.766370,-2.211817
1pxn,1pxn_589,5.180,-2.062402,-3.402393
1pxn,1pxn_593,6.660,-5.623629,-2.188739
1pxn,1pxn_594,8.200,-4.653528,-3.673012
1pxn,1pxn_599,6.140,-4.646632,-3.670117
1pxn,1pxn_600,2.740,-2.103905,-2.151428
1pxn,1pxn_608,3.900,-3.251432,-2.607483
1pxn,1pxn_609,8.250,-5.479556,-2.517934
1pxn,1pxn_626,5.890,-2.485699,-3.487108
1pxn,1pxn_632,6.700,-3.703432,-1.438961
1pxn,1pxn_638,4.460,-2.200846,-2.911034
1pxn,1pxn_645,8.880,-6.538975,-3.416147
1pxn,1pxn_646,6.540,-2.772898,-2.704363
1pxn,1pxn_647,8.700,-6.682936,-3.861442
1pxn,1pxn_649,6.110,-1.034937,-2.382158
1pxn,1pxn_652,5.050,-2.169606,-1.776493
1pxn,1pxn_653,2.760,-1.296998,-2.040678
1pxn,1pxn_662,3.290,-1.653759,-3.196771
1pxn,1pxn_665,7.960,-5.920843,-3.349354
1pxn,1pxn_666,7.060,-3.256364,-1.917183
1pxn,1pxn_668,8.280,-5.447910,-2.196974
1pxn,1pxn_671,2.580,-2.142499,-1.807641
1pxn,1pxn_672,4.650,-2.613346,-2.178122
1pxn,1pxn_678,7.680,-4.634227,-3.165678
1pxn,1pxn_682,8.710,-7.101280,-3.171249
1pxn,1pxn_687,4.440,-3.473070,-2.307433
1pxn,1pxn_690,9.140,-7.924052,-3.044411
1pxn,1pxn_696,5.830,-3.049963,-2.531621
1pxn,1pxn_813,1.660,-0.498584,-1.663329
1pxn,1pxn_82,8.410,-6.168333,-2.414799
1pxn,1pxn_830,1.650,-0.504722,-1.484374
1pxn,1pxn_86,0.830,-0.331943,-1.918976
1pxn,1pxn_945,1.020,-0.618914,-1.953969
1pxn,1pxn_96,0.510,-0.458217,-2.395932
1q8t,1q8t_142,0.720,-0.328622,-2.127891
1q8t,1q8t_151,0.980,-0.199674,-1.808718
1q8t,1q8t_152,0.820,-0.384317,-1.905317
1q8t,1q8t_262,0.870,-0.571726,-1.937822
1q8t,1q8t_281,0.950,-0.567357,-2.015003
1q8t,1q8t_411,1.860,-1.445202,-1.746693
1q8t,1q8t_450,7.820,-1.183603,-1.753909
1q8t,1q8t_459,1.910,-1.470546,-2.041996
1q8t,1q8t_479,7.540,-1.388986,-2.238079
1q8t,1q8t_504,8.520,-4.663994,-2.542388
1q8t,1q8t_505,9.040,-7.024299,-2.690395
1q8t,1q8t_507,3.010,-1.349617,-1.508622
1q8t,1q8t_513,8.130,-4.374819,-2.445036
1q8t,1q8t_514,9.640,-8.347465,-3.390369
1q8t,1q8t_534,9.540,-8.096000,-3.290108
1q8t,1q8t_538,5.190,-5.714164,-1.920137
1q8t,1q8t_539,2.810,-1.037962,-2.485456
1q8t,1q8t_540,7.840,-1.666845,-2.663301
1q8t,1q8t_547,8.600,-5.981661,-2.429138
1q8t,1q8t_548,3.010,-1.588547,-1.998135
1q8t,1q8t_553,9.050,-8.073657,-3.027305
1q8t,1q8t_564,3.990,-3.271964,-1.960064
1q8t,1q8t_567,7.260,-4.331243,-2.287940
1q8t,1q8t_576,8.790,-8.304131,-3.052878
1q8t,1q8t_579,7.850,-2.989339,-3.225337
1q8t,1q8t_582,3.100,-1.401276,-2.453282
1q8t,1q8t_598,2.100,-1.406513,-1.626276
1q8t,1q8t_60,0.920,-0.554227,-2.057437
1q8t,1q8t_601,8.160,-7.525337,-2.579733
1q8t,1q8t_610,4.880,-5.254576,-2.527715
1q8t,1q8t_612,2.030,-0.713659,-2.581374
1q8t,1q8t_633,9.350,-7.874637,-3.414739
1q8t,1q8t_635,4.400,-3.096396,-1.848284
1q8t,1q8t_636,3.940,-3.735733,-1.814373
1q8t,1q8t_638,8.280,-2.911811,-2.480473
1q8t,1q8t_640,2.190,-2.053335,-1.935251
1q8t,1q8t_651,4.300,-3.565927,-2.223745
1q8t,1q8t_653,8.750,-5.709605,-3.428295
1q8t,1q8t_656,9.340,-7.876980,-3.335470
1q8t,1q8t_658,1.990,-0.816208,-1.848654
1q8t,1q8t_661,3.100,-1.792397,-1.980519
1q8t,1q8t_677,6.600,-5.970791,-2.472757
1q8t,1q8t_678,9.940,-7.017981,-2.531653
1q8t,1q8t_686,8.330,-4.102243,-2.756714
1q8t,1q8t_687,2.230,-0.961102,-2.344696
1q8t,1q8t_692,2.600,-1.205800,-1.938745
1q8t,1q8t_70,0.980,-0.470643,-2.193850
1q8t,1q8t_701,1.000,-0.330644,-2.740875
1q8t,1q8t_705,0.880,-0.238316,-1.812483
1q8t,1q8t_706,1.150,-0.387139,-1.534846
1q8t,1q8t_709,2.240,-1.806033,-1.435289
1q8t,1q8t_718,4.110,-4.311597,-3.013165
1q8t,1q8t_727,7.360,-0.515973,-2.626082
1q8t,1q8t_734,7.390,-0.143467,-1.601263
1q8t,1q8t_739,8.190,-2.457897,-2.623291
1q8t,1q8t_741,7.370,-0.334030,-2.174110
1q8t,1q8t_744,6.480,-6.771420,-2.157201
1q8t,1q8t_747,5.650,-4.964465,-1.619409
1q8t,1q8t_749,6.600,-6.311981,-2.056450
1q8t,1q8t_751,6.550,-5.861435,-2.281901
1q8t,1q8t_752,2.340,-1.250164,-2.368816
1q8t,1q8t_753,3.060,-2.280366,-1.716596
1q8t,1q8t_754,4.110,-3.611822,-2.142376
1q8t,1q8t_756,4.140,-4.128826,-2.012780
1q8t,1q8t_761,4.520,-4.879773,-2.260208
1q8t,1q8t_762,4.180,-3.930015,-2.886709
1q8t,1q8t_766,5.730,-6.621473,-2.816919
1q8t,1q8t_767,5.790,-6.834103,-2.562438
1q8t,1q8t_768,4.950,-5.336082,-2.684138
1q8t,1q8t_770,6.020,-7.476410,-2.729467
1q8t,1q8t_774,6.140,-7.154999,-2.373409
1q8t,1q8t_775,5.520,-5.597615,-2.728229
1q8t,1q8t_778,9.960,-8.184197,-3.191726
1q8t,1q8t_798,3.310,-1.941917,-1.772503
1q8t,1q8t_810,3.480,-1.932549,-1.871145
1q8t,1q8t_813,6.940,-1.376469,-2.091578
1q8t,1q8t_816,6.950,-1.398614,-2.545440
1q8t,1q8t_831,3.250,-1.920379,-2.279587
1q8t,1q8t_832,7.000,-1.314024,-2.421813
1q8t,1q8t_844,6.990,-1.434526,-1.928885
1q8t,1q8t_874,4.500,-3.508948,-2.915932
1q8t,1q8t_879,0.790,-0.310474,-2.095181
1q8t,1q8t_887,1.590,-0.257946,-1.751790
1q8t,1q8t_891,1.470,-0.542170,-1.973628
1q8t,1q8t_895,2.030,-1.323251,-2.199741
1q8t,1q8t_897,1.290,-0.208724,-2.219203
1q8t,1q8t_898,1.990,-1.175640,-2.358068
1q8t,1q8t_900,1.370,-0.441865,-1.833133
1q8t,1q8t_902,9.100,-6.005700,-3.021628
1q8t,1q8t_903,1.270,-0.259726,-1.772189
1q8t,1q8t_916,2.020,-0.196058,-2.391836
1q8t,1q8t_927,9.460,-8.042631,-3.914332
1q8t,1q8t_943,7.100,-0.805766,-2.546808
1q8t,1q8t_946,8.620,-6.206635,-2.200498
1q8t,1q8t_962,7.410,-0.365039,-1.557416
1q8u,1q8u_140,2.110,-0.904430,-1.660604
1q8u,1q8u_202,6.250,-3.640941,-3.887922
1q8u,1q8u_203,4.530,-4.068338,-2.227547
1q8u,1q8u_214,1.880,-0.661141,-1.476733
1q8u,1q8u_227,6.110,-4.150773,-2.348604
1q8u,1q8u_23,4.960,-2.115514,-1.647561
1q8u,1q8u_237,5.760,-3.647849,-2.170959
1q8u,1q8u_238,2.490,-0.981609,-1.368092
1q8u,1q8u_24,7.230,-7.875479,-3.588252
1q8u,1q8u_246,7.550,-7.044576,-2.851517
1q8u,1q8u_264,6.990,-6.413628,-3.345501
1q8u,1q8u_268,2.000,-0.786844,-1.317122
1q8u,1q8u_270,6.990,-7.445233,-4.623055
1q8u,1q8u_277,2.180,-0.860709,-1.162099
1q8u,1q8u_34,2.640,-0.689650,-1.721700
1q8u,1q8u_342,2.760,-0.910044,-1.877906
1q8u,1q8u_410,3.470,-3.829962,-2.611524
1q8u,1q8u_454,3.610,-3.170848,-2.460791
1q8u,1q8u_497,3.900,-3.388696,-2.704266
1q8u,1q8u_501,0.910,-0.331673,-1.631890
1q8u,1q8u_504,4.240,-3.075180,-1.472937
1q8u,1q8u_509,7.450,-7.532230,-3.289285
1q8u,1q8u_512,1.270,-1.163453,-1.190544
1q8u,1q8u_514,1.050,-0.437521,-1.558901
1q8u,1q8u_53,2.480,-0.574304,-1.303802
1q8u,1q8u_547,4.120,-3.163551,-2.387111
1q8u,1q8u_553,1.790,-0.893485,-1.820385
1q8u,1q8u_555,3.990,-3.005555,-1.896312
1q8u,1q8u_571,3.430,-2.168777,-2.164072
1q8u,1q8u_581,5.750,-5.577750,-3.355937
1q8u,1q8u_582,4.450,-3.456404,-2.326510
1q8u,1q8u_59,3.020,-2.026442,-1.543446
1q8u,1q8u_592,1.270,-1.094978,-1.533590
1q8u,1q8u_593,7.460,-7.657173,-3.444762
1q8u,1q8u_595,1.460,-0.423350,-1.252578
1q8u,1q8u_599,1.910,-1.074160,-1.777368
1q8u,1q8u_605,3.700,-2.117522,-2.259371
1q8u,1q8u_611,9.050,-7.997959,-4.360674
1q8u,1q8u_617,3.270,-1.840177,-1.349109
1q8u,1q8u_623,3.690,-2.291725,-1.090788
1q8u,1q8u_646,1.990,-1.169732,-1.781806
1q8u,1q8u_652,7.550,-7.576113,-4.111945
1q8u,1q8u_653,5.360,-1.714066,-1.828682
1q8u,1q8u_660,7.250,-7.319302,-3.226568
1q8u,1q8u_664,2.950,-1.214931,-1.794486
1q8u,1q8u_668,7.620,-7.427511,-3.627720
1q8u,1q8u_669,4.920,-2.489639,-1.678016
1q8u,1q8u_672,4.600,-2.866899,-1.977012
1q8u,1q8u_678,8.330,-7.960101,-3.408878
1q8u,1q8u_688,2.130,-0.957912,-1.228510
1q8u,1q8u_693,6.270,-5.864852,-2.598292
1q8u,1q8u_701,0.970,-0.255978,-1.760395
1q8u,1q8u_702,0.970,-0.249555,-1.385455
1q8u,1q8u_704,6.190,-4.890129,-2.693976
1q8u,1q8u_726,5.090,-4.896165,-2.741168
1q8u,1q8u_728,5.760,-0.837943,-1.477823
1q8u,1q8u_732,7.770,-7.259906,-3.359428
1q8u,1q8u_734,4.190,-4.048736,-2.513926
1q8u,1q8u_735,5.050,-4.409463,-2.722017
1q8u,1q8u_739,5.280,-4.296026,-2.009071
1q8u,1q8u_741,7.300,-6.634048,-3.203427
1q8u,1q8u_747,5.700,-5.756507,-3.035617
1q8u,1q8u_748,8.760,-8.300231,-4.044342
1q8u,1q8u_757,2.380,-1.846306,-1.302590
1q8u,1q8u_76,7.680,-7.014354,-3.938851
1q8u,1q8u_777,5.910,-5.165711,-2.466815
1q8u,1q8u_782,4.950,-4.112326,-2.775015
1q8u,1q8u_790,3.160,-1.667770,-1.550706
1q8u,1q8u_796,0.540,-0.168400,-1.430810
1q8u,1q8u_8,2.780,-1.501610,-1.032300
1q8u,1q8u_822,4.590,-3.144753,-1.566976
1q8u,1q8u_866,6.970,-6.569144,-3.549246
1q8u,1q8u_875,6.740,-4.461324,-2.666092
1q8u,1q8u_886,8.940,-8.340208,-3.824386
1q8u,1q8u_891,6.600,-5.271691,-2.846192
1q8u,1q8u_901,0.630,-0.284174,-1.502661
1q8u,1q8u_902,0.690,-0.203512,-1.354361
1q8u,1q8u_904,0.980,-0.251131,-1.700326
1q8u,1q8u_909,0.700,-0.183712,-1.424288
1q8u,1q8u_91,5.020,-1.599981,-2.235486
1q8u,1q8u_913,1.570,-0.243411,-2.219954
1q8u,1q8u_923,6.690,-6.946978,-3.669476
1q8u,1q8u_975,8.190,-8.151720,-3.207329
1qf1,1qf1_10,8.770,-4.664458,-2.537525
1qf1,1qf1_104,9.910,-8.337147,-4.009097
1qf1,1qf1_118,9.610,-8.352365,-3.808354
1qf1,1qf1_127,6.450,-5.132591,-2.397202
1qf1,1qf1_132,5.290,-1.759688,-2.728803
1qf1,1qf1_141,2.670,-1.115909,-2.019463
1qf1,1qf1_144,0.990,-0.850621,-1.916382
1qf1,1qf1_148,7.820,-7.754472,-3.029812
1qf1,1qf1_151,8.490,-7.551745,-2.080559
1qf1,1qf1_161,9.660,-8.345201,-4.406449
1qf1,1qf1_163,7.120,-6.390574,-3.111606
1qf1,1qf1_188,9.250,-8.160464,-2.514153
1qf1,1qf1_189,6.360,-3.874984,-1.812501
1qf1,1qf1_195,7.350,-6.060912,-2.146685
1qf1,1qf1_198,0.990,-0.554525,-1.858714
1qf1,1qf1_200,9.830,-8.071315,-2.724069
1qf1,1qf1_232,1.930,-1.008311,-2.186866
1qf1,1qf1_244,4.960,-1.255777,-2.165186
1qf1,1qf1_27,6.750,-1.217828,-2.122931
1qf1,1qf1_29,1.900,-1.207078,-2.544155
1qf1,1qf1_30,5.220,-1.858989,-1.824051
1qf1,1qf1_301,3.040,-1.517407,-2.424538
1qf1,1qf1_310,8.650,-8.234443,-3.258903
1qf1,1qf1_314,9.270,-8.196591,-1.948803
1qf1,1qf1_322,9.370,-8.378586,-2.935822
1qf1,1qf1_337,8.550,-8.276633,-3.509401
1qf1,1qf1_345,1.090,-1.200650,-2.141844
1qf1,1qf1_351,8.590,-8.137080,-3.221445
1qf1,1qf1_36,6.020,-4.172885,-2.360984
1qf1,1qf1_370,5.400,-1.266823,-1.780424
1qf1,1qf1_375,6.990,-4.856990,-2.575614
1qf1,1qf1_377,7.980,-8.153361,-2.891963
1qf1,1qf1_380,9.730,-8.357839,-2.902927
1qf1,1qf1_382,9.140,-7.316175,-2.715968
1qf1,1qf1_383,1.060,-0.991897,-2.179482
1qf1,1qf1_385,8.700,-8.124510,-2.761714
1qf1,1qf1_386,8.640,-7.887473,-2.670037
1qf1,1qf1_389,1.150,-0.939953,-2.130417
1qf1,1qf1_397,0.950,-0.963680,-2.299703
1qf1,1qf1_399,8.560,-4.942073,-3.028981
1qf1,1qf1_409,5.860,-1.087156,-2.389023
1qf1,1qf1_419,2.460,-1.513849,-2.465566
1qf1,1qf1_421,3.560,-2.701451,-2.107104
1qf1,1qf1_424,4.330,-1.915216,-2.487309
1qf1,1qf1_425,3.800,-3.022961,-2.119680
1qf1,1qf1_434,3.960,-3.620026,-2.989628
1qf1,1qf1_436,2.370,-1.875026,-2.342971
1qf1,1qf1_438,4.570,-1.922104,-2.635617
1qf1,1qf1_441,4.920,-1.353701,-2.675013
1qf1,1qf1_448,3.670,-2.379101,-2.127147
1qf1,1qf1_450,2.520,-1.757099,-2.015014
1qf1,1qf1_466,4.440,-3.471407,-2.473804
1qf1,1qf1_47,7.200,-6.215538,-2.860612
1qf1,1qf1_470,2.720,-2.738556,-2.435461
1qf1,1qf1_482,5.590,-2.456491,-2.361311
1qf1,1qf1_483,4.390,-1.725497,-2.144640
1qf1,1qf1_486,3.070,-2.198052,-2.325471
1qf1,1qf1_488,3.950,-1.684299,-2.280845
1qf1,1qf1_490,2.580,-2.158433,-2.290360
1qf1,1qf1_5,7.580,-5.282334,-3.457186
1qf1,1qf1_500,6.090,-3.631857,-2.673780
1qf1,1qf1_507,8.600,-8.282970,-3.368329
1qf1,1qf1_524,4.570,-1.915711,-1.952913
1qf1,1qf1_536,3.870,-1.952471,-2.117245
1qf1,1qf1_565,2.100,-1.803982,-2.697929
1qf1,1qf1_569,7.290,-3.893306,-3.161363
1qf1,1qf1_583,5.920,-4.345105,-2.356051
1qf1,1qf1_584,3.830,-2.244052,-3.199635
1qf1,1qf1_589,5.880,-5.234655,-3.924308
1qf1,1qf1_591,6.580,-5.769092,-2.558814
1qf1,1qf1_594,6.660,-3.991127,-2.501366
1qf1,1qf1_603,4.420,-2.259151,-2.315497
1qf1,1qf1_610,6.020,-5.650193,-2.902520
1qf1,1qf1_63,6.600,-4.506526,-3.414089
1qf1,1qf1_640,7.950,-5.797267,-3.095941
1qf1,1qf1_648,5.100,-4.383956,-2.017986
1qf1,1qf1_65,9.090,-5.894881,-3.696549
1qf1,1qf1_658,5.160,-4.419354,-2.975859
1qf1,1qf1_668,7.150,-6.464377,-2.256838
1qf1,1qf1_679,8.940,-8.036699,-3.076753
1qf1,1qf1_68,1.480,-1.321804,-2.464981
1qf1,1qf1_683,4.860,-1.634033,-2.403776
1qf1,1qf1_69,2.130,-1.792475,-2.379417
1qf1,1qf1_727,0.560,-0.745488,-2.017955
1qf1,1qf1_728,0.990,-0.527836,-1.950586
1qf1,1qf1_734,1.380,-0.582567,-1.779040
1qf1,1qf1_740,1.510,-0.623367,-2.054656
1qf1,1qf1_741,1.490,-0.730245,-1.584736
1qf1,1qf1_746,0.890,-0.953134,-1.945700
1qf1,1qf1_76,7.700,-4.001578,-2.277129
1qf1,1qf1_761,1.390,-0.702120,-2.157221
1qf1,1qf1_763,4.270,-0.280638,-2.295162
1qf1,1qf1_773,5.870,-2.095531,-2.495531
1qf1,1qf1_791,0.920,-0.734644,-2.129822
1qf1,1qf1_814,0.640,-0.555986,-1.988422
1qf1,1qf1_855,2.470,-0.705098,-2.878148
1qf1,1qf1_862,0.980,-0.585413,-1.725998
1qf1,1qf1_895,0.440,-0.657600,-1.603397
1qf1,1qf1_938,2.810,-0.627922,-1.908251
1qf1,1qf1_943,3.900,-0.460608,-2.564983
1qkt,1qkt_119,0.640,-0.903572,-0.844775
1qkt,1qkt_132,1.200,-0.847890,-0.785305
1qkt,1qkt_144,1.230,-1.250481,-0.985788
1qkt,1qkt_150,0.920,-0.806017,-0.881274
1qkt,1qkt_31,0.780,-0.678726,-0.893071
1qkt,1qkt_404,1.170,-0.890578,-0.733231
1qkt,1qkt_486,1.560,-1.138792,-0.724503
1qkt,1qkt_500,4.560,-1.032565,-1.068173
1qkt,1qkt_549,4.510,-0.997327,-0.968050
1qkt,1qkt_55,0.700,-0.818056,-1.030971
1qkt,1qkt_557,2.220,-1.373124,-0.936793
1qkt,1qkt_594,2.370,-1.986492,-1.171376
1qkt,1qkt_598,4.880,-2.446456,-0.858044
1qkt,1qkt_608,2.180,-1.867840,-1.027204
1qkt,1qkt_636,2.120,-2.126879,-1.462987
1qkt,1qkt_640,1.960,-2.239913,-1.360268
1qkt,1qkt_642,6.280,-5.770846,-1.530544
1qkt,1qkt_647,6.000,-5.056962,-1.046300
1qkt,1qkt_655,5.810,-4.389964,-1.561807
1qkt,1qkt_661,2.420,-2.337727,-1.535350
1qkt,1qkt_666,2.210,-1.803813,-1.612677
1qkt,1qkt_674,2.060,-2.101101,-1.331491
1qkt,1qkt_698,2.190,-2.251551,-1.417861
1qkt,1qkt_714,0.570,-0.644542,-0.770252
1qkt,1qkt_718,0.580,-0.528512,-0.711103
1qkt,1qkt_728,0.780,-0.861729,-0.762982
1qkt,1qkt_734,5.050,-2.187224,-0.997817
1qkt,1qkt_735,3.010,-2.118676,-0.522456
1qkt,1qkt_736,5.120,-2.125141,-0.875337
1qkt,1qkt_737,5.070,-2.171945,-1.036056
1qkt,1qkt_738,3.010,-2.118676,-0.522456
1qkt,1qkt_740,5.110,-2.125141,-0.875337
1qkt,1qkt_742,5.000,-2.008024,-1.127144
1qkt,1qkt_744,3.010,-2.066630,-0.627495
1qkt,1qkt_746,3.300,-2.333592,-0.913920
1qkt,1qkt_750,4.630,-1.739700,-0.918639
1qkt,1qkt_751,3.390,-2.409294,-0.993175
1qkt,1qkt_752,1.510,-1.308253,-0.961044
1qkt,1qkt_758,3.880,-2.414023,-0.881966
1qkt,1qkt_762,3.810,-2.460305,-0.680142
1qkt,1qkt_765,4.510,-0.912358,-0.703549
1qkt,1qkt_766,4.540,-0.572702,-0.739095
1qkt,1qkt_770,1.640,-1.090571,-1.149715
1qkt,1qkt_774,4.090,-2.534111,-1.013354
1qkt,1qkt_775,4.590,-1.102499,-1.263934
1qkt,1qkt_776,2.150,-1.332601,-0.882644
1qkt,1qkt_826,0.810,-1.000254,-0.856314
1qkt,1qkt_834,0.640,-0.669124,-0.662127
1qkt,1qkt_842,1.790,-1.015305,-1.182769
1qkt,1qkt_848,5.140,-2.125141,-0.875337
1qkt,1qkt_851,5.170,-1.848685,-1.126563
1qkt,1qkt_855,3.020,-2.118676,-0.522456
1qkt,1qkt_858,5.050,-2.101388,-0.910600
1qkt,1qkt_86,0.470,-0.409717,-1.295890
1qkt,1qkt_860,3.030,-2.161772,-0.692154
1qkt,1qkt_862,4.530,-2.090531,-1.074873
1qkt,1qkt_866,2.990,-2.031513,-0.569955
1qkt,1qkt_867,5.670,-3.480173,-1.305071
1qkt,1qkt_873,1.530,-0.783674,-0.657375
1qkt,1qkt_875,3.040,-2.157168,-1.097456
1qkt,1qkt_977,1.030,-0.375334,-0.527683
1r5y,1r5y_113,0.440,-0.211002,-0.884209
1r5y,1r5y_118,5.200,-4.911312,-1.733867
1r5y,1r5y_167,0.160,-0.225007,-0.474767
1r5y,1r5y_179,3.010,-1.277918,-0.802949
1r5y,1r5y_180,0.670,-0.308650,-1.163178
1r5y,1r5y_181,0.610,-0.332059,-0.875486
1r5y,1r5y_197,3.340,-0.825587,-0.846995
1r5y,1r5y_270,0.340,-0.551520,-0.587773
1r5y,1r5y_317,1.570,-0.710378,-1.337479
1r5y,1r5y_322,0.760,-0.402183,-1.096072
1r5y,1r5y_324,3.510,-1.332487,-1.108466
1r5y,1r5y_341,0.310,-0.272523,-0.669430
1r5y,1r5y_397,4.270,-3.440461,-1.799499
1r5y,1r5y_402,0.620,-0.517227,-0.983893
1r5y,1r5y_405,1.760,-1.431201,-1.520020
1r5y,1r5y_409,2.710,-2.686277,-1.601851
1r5y,1r5y_412,3.610,-2.579026,-0.657548
1r5y,1r5y_416,1.190,-1.170483,-0.781680
1r5y,1r5y_423,1.080,-0.727438,-0.727988
1r5y,1r5y_425,1.370,-1.185704,-1.167172
1r5y,1r5y_426,2.900,-3.068437,-0.995494
1r5y,1r5y_432,2.880,-2.533870,-1.438208
1r5y,1r5y_434,3.030,-2.495500,-1.685353
1r5y,1r5y_441,3.010,-2.325727,-1.311732
1r5y,1r5y_443,4.220,-3.634858,-1.760175
1r5y,1r5y_445,1.320,-1.226308,-0.437793
1r5y,1r5y_452,1.290,-1.042876,-2.040807
1r5y,1r5y_453,0.910,-0.476692,-0.932729
1r5y,1r5y_464,3.820,-3.674329,-1.949963
1r5y,1r5y_469,2.760,-0.715889,-0.862384
1r5y,1r5y_477,1.400,-1.141021,-1.558075
1r5y,1r5y_480,1.070,-0.939025,-0.916818
1r5y,1r5y_496,1.080,-1.241556,-1.467803
1r5y,1r5y_497,3.320,-3.160673,-1.672747
1r5y,1r5y_498,2.400,-1.870202,-1.006519
1r5y,1r5y_524,7.290,-6.503038,-1.647376
1r5y,1r5y_537,5.710,-4.609530,-1.395300
1r5y,1r5y_538,5.570,-5.153583,-2.066696
1r5y,1r5y_540,2.800,-2.299733,-1.622476
1r5y,1r5y_541,8.050,-7.236012,-3.244146
1r5y,1r5y_542,5.040,-4.817642,-1.417323
1r5y,1r5y_545,3.010,-2.397725,-1.388731
1r5y,1r5y_547,4.070,-2.991414,-1.037895
1r5y,1r5y_553,7.750,-7.356650,-2.777022
1r5y,1r5y_562,7.510,-6.797212,-1.884628
1r5y,1r5y_566,6.420,-5.065390,-2.551419
1r5y,1r5y_568,7.960,-7.949464,-3.120204
1r5y,1r5y_571,8.140,-7.610666,-1.682987
1r5y,1r5y_579,5.400,-4.407292,-2.153510
1r5y,1r5y_583,5.960,-5.795039,-1.631680
1r5y,1r5y_584,6.810,-5.996224,-2.836977
1r5y,1r5y_591,2.870,-2.036639,-0.935493
1r5y,1r5y_592,6.280,-4.838527,-2.417189
1r5y,1r5y_595,5.190,-3.801043,-1.414573
1r5y,1r5y_599,3.160,-2.260087,-1.794420
1r5y,1r5y_616,2.570,-1.718241,-2.021329
1r5y,1r5y_639,4.240,-2.654855,-1.501402
1r5y,1r5y_641,2.920,-3.133903,-1.454371
1r5y,1r5y_686,4.890,-5.155737,-2.085782
1r5y,1r5y_691,4.920,-4.692543,-1.498698
1r5y,1r5y_694,4.360,-4.053851,-1.672308
1r5y,1r5y_727,6.860,-5.911924,-2.812434
1r5y,1r5y_732,8.150,-7.680246,-1.601825
1r5y,1r5y_733,8.170,-7.680246,-1.601825
1r5y,1r5y_735,8.300,-7.886905,-2.800733
1r5y,1r5y_745,8.170,-7.823263,-2.492967
1r5y,1r5y_746,5.630,-5.338075,-1.719039
1r5y,1r5y_751,6.280,-5.975940,-2.311427
1r5y,1r5y_755,5.820,-4.850746,-1.996340
1r5y,1r5y_759,6.570,-5.768010,-1.813341
1r5y,1r5y_762,8.070,-7.886577,-2.437969
1r5y,1r5y_763,7.750,-7.564842,-2.962736
1r5y,1r5y_766,7.850,-7.059083,-2.006083
1r5y,1r5y_767,7.070,-7.428790,-3.360039
1r5y,1r5y_770,7.840,-8.012429,-1.944305
1r5y,1r5y_776,7.360,-7.335091,-3.690219
1r5y,1r5y_777,5.710,-5.474826,-2.437971
1r5y,1r5y_780,8.960,-8.216472,-3.539243
1r5y,1r5y_782,8.590,-8.148015,-2.349334
1r5y,1r5y_783,8.510,-7.983399,-2.180354
1r5y,1r5y_785,9.650,-8.321287,-3.356646
1r5y,1r5y_786,9.160,-8.288988,-2.590242
1r5y,1r5y_787,9.340,-8.288988,-2.590242
1r5y,1r5y_791,4.290,-3.769568,-1.080171
1r5y,1r5y_820,2.280,-1.407295,-0.872313
1r5y,1r5y_853,4.880,-4.686127,-1.784502
1r5y,1r5y_868,7.130,-6.372797,-1.961308
1r5y,1r5y_870,6.200,-5.676516,-3.162551
1r5y,1r5y_883,6.560,-5.899857,-2.591966
1r5y,1r5y_887,6.790,-7.383533,-1.735426
1r5y,1r5y_90,0.480,-0.512267,-0.992076
1r5y,1r5y_928,4.080,-4.124085,-1.999276
1r5y,1r5y_987,6.390,-5.475665,-1.366670
1s38,1s38_117,0.190,-0.274281,-0.773933
1s38,1s38_123,5.360,-4.304251,-1.524443
1s38,1s38_152,0.350,-0.251796,-1.037661
1s38,1s38_305,0.470,-0.322809,-0.750882
1s38,1s38_382,1.530,-1.623405,-1.496830
1s38,1s38_404,0.860,-0.660117,-1.056284
1s38,1s38_405,1.180,-1.200909,-0.866575
1s38,1s38_425,3.260,-1.737361,-1.062149
1s38,1s38_426,1.530,-1.082175,-1.419720
1s38,1s38_430,0.880,-0.813744,-0.803733
1s38,1s38_431,3.750,-1.914407,-1.783241
1s38,1s38_432,0.840,-0.659703,-0.702817
1s38,1s38_433,0.710,-0.372853,-1.454194
1s38,1s38_434,3.680,-2.062395,-2.016415
1s38,1s38_436,4.110,-3.369201,-0.885419
1s38,1s38_447,4.220,-4.466362,-1.494551
1s38,1s38_448,3.300,-2.337559,-1.020796
1s38,1s38_459,2.660,-1.647673,-1.250769
1s38,1s38_460,2.710,-2.628583,-1.352313
1s38,1s38_462,1.910,-1.955407,-0.920869
1s38,1s38_464,1.020,-0.852950,-1.254961
1s38,1s38_474,3.000,-1.936026,-1.135764
1s38,1s38_475,4.670,-2.087111,-2.147317
1s38,1s38_480,3.060,-2.414684,-0.554214
1s38,1s38_485,0.990,-0.796321,-0.983358
1s38,1s38_490,2.580,-1.146168,-0.939381
1s38,1s38_495,3.090,-1.726542,-0.907098
1s38,1s38_496,4.140,-3.169270,-1.341162
1s38,1s38_499,2.210,-1.899883,-1.199165
1s38,1s38_500,2.730,-1.325220,-1.349268
1s38,1s38_510,1.360,-1.053946,-0.427341
1s38,1s38_514,1.460,-1.193012,-1.349729
1s38,1s38_526,1.240,-1.224919,-0.851750
1s38,1s38_527,7.100,-7.552571,-2.320575
1s38,1s38_537,7.100,-7.850557,-3.249806
1s38,1s38_542,2.090,-1.654393,-1.128245
1s38,1s38_545,4.220,-4.015063,-1.083130
1s38,1s38_548,4.860,-4.868825,-1.609604
1s38,1s38_549,6.720,-5.909826,-1.192059
1s38,1s38_550,4.920,-6.085039,-1.421865
1s38,1s38_551,6.270,-6.154078,-1.782822
1s38,1s38_552,6.730,-7.771895,-1.930667
1s38,1s38_553,1.660,-1.731188,-1.140042
1s38,1s38_557,5.210,-5.678514,-0.783617
1s38,1s38_565,6.020,-6.739883,-0.938511
1s38,1s38_568,6.440,-7.494818,-2.181420
1s38,1s38_572,5.960,-5.799290,-1.177227
1s38,1s38_576,6.440,-7.019081,-2.702246
1s38,1s38_583,6.370,-5.526217,-3.064809
1s38,1s38_584,7.710,-8.313770,-3.026441
1s38,1s38_588,6.310,-6.910796,-1.775998
1s38,1s38_590,5.210,-4.640290,-1.219607
1s38,1s38_591,3.290,-1.358417,-1.542560
1s38,1s38_592,7.460,-6.789591,-2.272560
1s38,1s38_593,5.630,-6.144087,-1.155691
1s38,1s38_594,5.140,-5.299886,-1.235225
1s38,1s38_596,6.630,-7.969746,-2.647998
1s38,1s38_598,5.770,-6.164869,-1.484348
1s38,1s38_600,6.450,-6.520898,-2.518275
1s38,1s38_614,4.240,-0.647260,-1.588609
1s38,1s38_628,2.000,-1.571881,-0.865875
1s38,1s38_653,2.400,-1.962186,-1.174974
1s38,1s38_658,4.850,-3.285298,-2.028976
1s38,1s38_659,2.640,-2.773469,-1.713469
1s38,1s38_675,3.240,-3.495979,-1.052851
1s38,1s38_678,2.480,-2.805996,-1.626078
1s38,1s38_688,5.190,-4.871780,-2.369011
1s38,1s38_714,9.140,-8.354947,-3.045289
1s38,1s38_715,9.120,-8.354947,-3.045289
1s38,1s38_725,9.270,-8.320591,-2.929703
1s38,1s38_730,9.350,-8.341085,-2.795464
1s38,1s38_741,8.880,-8.314286,-3.716016
1s38,1s38_75,0.300,-0.217910,-0.989025
1s38,1s38_752,8.340,-8.078189,-2.992539
1s38,1s38_765,7.580,-7.458265,-1.482377
1s38,1s38_774,8.340,-8.268541,-4.794805
1s38,1s38_779,7.780,-7.140144,-2.346384
1s38,1s38_785,7.240,-7.667925,-2.753850
1s38,1s38_787,5.570,-6.397411,-2.408448
1s38,1s38_790,8.370,-7.260596,-2.264561
1s38,1s38_792,3.090,-2.230571,-1.733464
1s38,1s38_793,5.000,-5.649264,-1.243431
1s38,1s38_795,3.600,-1.664962,-1.582312
1s38,1s38_82,0.420,-0.256193,-0.881782
1s38,1s38_822,9.170,-8.354947,-3.045289
1s38,1s38_845,9.200,-8.320591,-2.929703
1s38,1s38_850,8.740,-8.324781,-3.666612
1s38,1s38_853,8.890,-8.329275,-3.395830
1s38,1s38_871,8.150,-8.339894,-3.660630
1s38,1s38_886,5.740,-5.985933,-2.369543
1s38,1s38_888,8.400,-8.214576,-2.978149
1s38,1s38_893,7.770,-8.274571,-3.345525
1s38,1s38_940,9.150,-8.354947,-3.045289
1s38,1s38_942,9.140,-8.354947,-3.045289
1s38,1s38_961,8.720,-8.339379,-3.361170
1s38,1s38_964,9.370,-8.341085,-2.795464
1s38,1s38_969,8.880,-8.339379,-3.361170
1s38,1s38_976,9.280,-8.341085,-2.795464
1s38,1s38_981,7.940,-8.281734,-1.598955
1s38,1s38_985,7.170,-7.842124,-4.082082
1sqa,1sqa_120,1.880,-0.690965,-2.238908
1sqa,1sqa_145,7.300,-1.552159,-2.714721
1sqa,1sqa_177,1.070,-0.474449,-2.731168
1sqa,1sqa_20,2.250,-0.319315,-1.791953
1sqa,1sqa_238,4.200,-2.565726,-1.787971
1sqa,1sqa_258,1.920,-0.473146,-1.876341
1sqa,1sqa_322,0.790,-0.555390,-2.148815
1sqa,1sqa_357,0.620,-0.251005,-2.030747
1sqa,1sqa_366,0.830,-0.686625,-2.476653
1sqa,1sqa_411,3.700,-1.640637,-1.684183
1sqa,1sqa_415,2.940,-0.967317,-1.714271
1sqa,1sqa_418,7.430,-2.168662,-1.295279
1sqa,1sqa_425,2.770,-1.019220,-1.497701
1sqa,1sqa_426,4.020,-2.421624,-1.381031
1sqa,1sqa_427,2.330,-0.962649,-1.256402
1sqa,1sqa_430,7.170,-2.775564,-2.037172
1sqa,1sqa_433,1.250,-0.928474,-1.240202
1sqa,1sqa_436,2.140,-1.751915,-1.096252
1sqa,1sqa_442,8.100,-2.237631,-2.354315
1sqa,1sqa_445,2.110,-1.802989,-0.962156
1sqa,1sqa_448,0.880,-0.651432,-1.106963
1sqa,1sqa_449,4.050,-2.062392,-1.340625
1sqa,1sqa_458,5.560,-2.125805,-1.337452
1sqa,1sqa_473,5.810,-3.130511,-1.372422
1sqa,1sqa_474,6.240,-1.934360,-1.761141
1sqa,1sqa_475,6.780,-1.807705,-1.639514
1sqa,1sqa_476,3.390,-1.900453,-1.404355
1sqa,1sqa_479,3.210,-1.920465,-1.298693
1sqa,1sqa_481,4.580,-2.904026,-1.090251
1sqa,1sqa_486,5.910,-2.986987,-1.523173
1sqa,1sqa_490,7.120,-2.881293,-1.627015
1sqa,1sqa_496,1.770,-1.756355,-1.591449
1sqa,1sqa_499,3.060,-1.830482,-1.876635
1sqa,1sqa_517,4.950,-4.089597,-1.968552
1sqa,1sqa_524,3.100,-1.382464,-1.743842
1sqa,1sqa_526,3.790,-2.945708,-1.472073
1sqa,1sqa_530,6.010,-4.914203,-1.444965
1sqa,1sqa_531,7.310,-5.078150,-2.037853
1sqa,1sqa_532,5.090,-4.025812,-1.507841
1sqa,1sqa_537,1.980,-1.774744,-1.384821
1sqa,1sqa_539,8.340,-3.465395,-1.985164
1sqa,1sqa_543,2.700,-2.350705,-1.443274
1sqa,1sqa_547,5.390,-4.956429,-2.525871
1sqa,1sqa_548,4.800,-4.949763,-2.435127
1sqa,1sqa_549,3.630,-2.505216,-1.821127
1sqa,1sqa_556,5.230,-4.094436,-1.686926
1sqa,1sqa_557,5.130,-4.967835,-1.879476
1sqa,1sqa_560,1.870,-1.417899,-1.549505
1sqa,1sqa_573,5.650,-5.235640,-2.251943
1sqa,1sqa_575,6.220,-5.999466,-2.647789
1sqa,1sqa_581,4.300,-3.603442,-1.629185
1sqa,1sqa_588,4.550,-2.506757,-1.517937
1sqa,1sqa_589,1.490,-1.451341,-1.895133
1sqa,1sqa_597,5.900,-4.592095,-1.855486
1sqa,1sqa_610,1.740,-1.650233,-1.241113
1sqa,1sqa_620,8.060,-2.841052,-1.763726
1sqa,1sqa_635,2.150,-1.702461,-1.632698
1sqa,1sqa_637,8.180,-3.448568,-2.219345
1sqa,1sqa_638,2.810,-2.634213,-1.647147
1sqa,1sqa_643,6.800,-1.724128,-1.550893
1sqa,1sqa_644,6.990,-2.196139,-1.922081
1sqa,1sqa_650,3.720,-3.217277,-1.485431
1sqa,1sqa_654,3.330,-2.662377,-1.904461
1sqa,1sqa_662,8.470,-2.980667,-2.645898
1sqa,1sqa_668,9.160,-4.027087,-3.536332
1sqa,1sqa_669,8.040,-2.726635,-2.210636
1sqa,1sqa_672,6.820,-1.944756,-2.022636
1sqa,1sqa_679,4.610,-3.800675,-1.700318
1sqa,1sqa_682,5.490,-4.204955,-2.395723
1sqa,1sqa_687,6.840,-1.552764,-1.842163
1sqa,1sqa_692,1.350,-1.351477,-1.478939
1sqa,1sqa_693,7.310,-2.629156,-1.849124
1sqa,1sqa_696,7.650,-1.983188,-1.684028
1sqa,1sqa_747,0.720,-0.429536,-1.248898
1sqa,1sqa_761,0.950,-0.528213,-1.629007
1sqa,1sqa_776,0.650,-0.468904,-1.110742
1sqa,1sqa_787,0.640,-0.533333,-1.504717
1sqa,1sqa_788,0.940,-1.028210,-1.583492
1sqa,1sqa_789,0.770,-0.813681,-1.476797
1sqa,1sqa_808,7.590,-2.266630,-1.246726
1sqa,1sqa_819,6.980,-2.096344,-1.843272
1sqa,1sqa_827,2.060,-0.961646,-1.347913
1sqa,1sqa_836,6.030,-5.673799,-2.361073
1sqa,1sqa_839,9.550,-8.359380,-3.756246
1sqa,1sqa_845,8.760,-3.496862,-2.501637
1sqa,1sqa_849,8.000,-6.154522,-2.486325
1sqa,1sqa_854,8.320,-3.942078,-2.623583
1sqa,1sqa_857,4.780,-4.907796,-1.663232
1sqa,1sqa_860,9.010,-4.787423,-2.904529
1sqa,1sqa_867,7.100,-2.539820,-2.563514
1sqa,1sqa_870,8.300,-4.356322,-2.041730
1sqa,1sqa_88,3.640,-1.555625,-1.617251
1syi,1syi_162,0.310,-0.300194,-3.690581
1syi,1syi_234,0.380,-0.733312,-3.184982
1syi,1syi_259,0.630,-0.856294,-4.139725
1syi,1syi_353,0.210,-0.814668,-2.974831
1syi,1syi_402,0.700,-0.925806,-3.053462
1syi,1syi_411,0.890,-0.625102,-3.627943
1syi,1syi_418,2.610,-0.550646,-3.761410
1syi,1syi_423,0.900,-1.038826,-5.457174
1syi,1syi_424,4.490,-2.897215,-3.956377
1syi,1syi_425,3.040,-1.234669,-3.699418
1syi,1syi_426,4.520,-2.259556,-3.668273
1syi,1syi_433,0.910,-1.293620,-3.747094
1syi,1syi_444,1.260,-0.899151,-3.904893
1syi,1syi_448,1.480,-1.184818,-2.970455
1syi,1syi_454,3.660,-2.924855,-3.769250
1syi,1syi_457,0.980,-1.006961,-4.494978
1syi,1syi_465,0.920,-1.398637,-3.982117
1syi,1syi_476,2.810,-1.377132,-3.423803
1syi,1syi_489,3.580,-2.241099,-5.147870
1syi,1syi_495,3.880,-1.258025,-3.936255
1syi,1syi_540,1.930,-0.694270,-3.065374
1syi,1syi_545,4.080,-1.990795,-3.366314
1syi,1syi_554,3.200,-1.692861,-3.279237
1syi,1syi_559,4.090,-2.699623,-4.833969
1syi,1syi_560,2.740,-1.528288,-3.610797
1syi,1syi_562,2.690,-1.437279,-4.121111
1syi,1syi_570,1.710,-1.267792,-5.729507
1syi,1syi_571,3.960,-2.491751,-3.806246
1syi,1syi_573,2.240,-1.027152,-3.858657
1syi,1syi_577,4.050,-2.548192,-3.720224
1syi,1syi_580,1.560,-1.344892,-4.876513
1syi,1syi_598,3.860,-2.069785,-4.519803
1syi,1syi_618,1.950,-1.736804,-5.513956
1syi,1syi_619,3.110,-2.406305,-5.027474
1syi,1syi_637,2.830,-1.183580,-4.189244
1syi,1syi_659,1.900,-1.029992,-3.865030
1syi,1syi_660,2.030,-1.692315,-4.990018
1syi,1syi_667,1.470,-1.998649,-4.506850
1syi,1syi_675,3.150,-1.065980,-3.586496
1syi,1syi_683,2.380,-2.641474,-4.934934
1syi,1syi_685,4.350,-1.716468,-2.583286
1syi,1syi_725,1.510,-1.215897,-3.501611
1syi,1syi_733,3.790,-1.745384,-4.303255
1syi,1syi_736,4.140,-2.493146,-5.815295
1syi,1syi_740,2.890,-2.813648,-6.924342
1syi,1syi_763,4.120,-2.133751,-4.173325
1syi,1syi_777,4.290,-2.199684,-2.956569
1syi,1syi_788,4.090,-1.530045,-3.785180
1syi,1syi_793,2.400,-2.011170,-4.971234
1syi,1syi_795,1.980,-1.753506,-4.511580
1u1b,1u1b_124,8.340,-6.562827,-3.832156
1u1b,1u1b_149,6.530,-5.095396,-2.647561
1u1b,1u1b_150,6.520,-4.310362,-3.334091
1u1b,1u1b_154,8.020,-7.204387,-3.373356
1u1b,1u1b_155,9.860,-7.438715,-3.513147
1u1b,1u1b_157,7.200,-5.764439,-3.088904
1u1b,1u1b_160,9.620,-7.996768,-3.833410
1u1b,1u1b_166,7.930,-4.351619,-3.276719
1u1b,1u1b_171,9.630,-8.054765,-3.319772
1u1b,1u1b_172,5.200,-5.251925,-3.318122
1u1b,1u1b_176,7.710,-5.984250,-3.141090
1u1b,1u1b_18,8.260,-3.516213,-3.499101
1u1b,1u1b_183,8.600,-6.232414,-3.630720
1u1b,1u1b_191,9.580,-7.952805,-3.317576
1u1b,1u1b_195,4.290,-3.388543,-3.206332
1u1b,1u1b_196,6.930,-5.099359,-3.809175
1u1b,1u1b_198,6.300,-5.748731,-3.066330
1u1b,1u1b_2,2.800,-0.595053,-3.098956
1u1b,1u1b_21,9.030,-7.601200,-3.344890
1u1b,1u1b_214,2.420,-0.623249,-3.055047
1u1b,1u1b_220,9.260,-4.511475,-3.369472
1u1b,1u1b_224,7.720,-7.058759,-3.015146
1u1b,1u1b_232,4.240,-2.606325,-2.814179
1u1b,1u1b_237,6.890,-3.558142,-3.080771
1u1b,1u1b_24,5.470,-3.135231,-2.765923
1u1b,1u1b_255,8.890,-3.232944,-2.581098
1u1b,1u1b_256,6.620,-4.764736,-3.273875
1u1b,1u1b_258,2.450,-1.173256,-2.567867
1u1b,1u1b_26,2.850,-1.468798,-3.047564
1u1b,1u1b_260,5.040,-3.771397,-2.779169
1u1b,1u1b_263,9.130,-3.336575,-3.558332
1u1b,1u1b_27,5.980,-4.184631,-2.876471
1u1b,1u1b_275,3.330,-1.240217,-2.741483
1u1b,1u1b_277,7.850,-6.148633,-3.010226
1u1b,1u1b_28,8.790,-5.555920,-3.152807
1u1b,1u1b_295,3.780,-2.490740,-2.722876
1u1b,1u1b_298,3.180,-1.506880,-2.766226
1u1b,1u1b_3,5.810,-5.093792,-3.078682
1u1b,1u1b_30,3.390,-1.129171,-2.934994
1u1b,1u1b_330,9.730,-7.443200,-3.858708
1u1b,1u1b_331,7.860,-6.805883,-3.353131
1u1b,1u1b_340,7.280,-0.903147,-3.091105
1u1b,1u1b_351,6.200,-4.218719,-4.180832
1u1b,1u1b_356,3.810,-2.043102,-2.826003
1u1b,1u1b_385,8.260,-6.826381,-2.564301
1u1b,1u1b_388,6.960,-6.274004,-3.089811
1u1b,1u1b_390,9.790,-7.254654,-3.815156
1u1b,1u1b_40,7.980,-4.376412,-3.171925
1u1b,1u1b_430,4.200,-1.949107,-3.337190
1u1b,1u1b_432,5.690,-2.798300,-3.269453
1u1b,1u1b_435,5.560,-3.846045,-2.722398
1u1b,1u1b_444,3.890,-2.118998,-3.319706
1u1b,1u1b_468,3.360,-2.893426,-3.436797
1u1b,1u1b_491,4.950,-2.915725,-3.890949
1u1b,1u1b_494,5.020,-2.982562,-2.698789
1u1b,1u1b_496,7.110,-4.240626,-3.233318
1u1b,1u1b_50,8.140,-5.633322,-3.063621
1u1b,1u1b_507,4.500,-2.769555,-3.212513
1u1b,1u1b_55,6.190,-6.682659,-3.700794
1u1b,1u1b_553,3.660,-1.379416,-3.345729
1u1b,1u1b_558,2.340,-1.670269,-2.848490
1u1b,1u1b_569,9.020,-6.813372,-3.153126
1u1b,1u1b_571,4.850,-3.795450,-3.717697
1u1b,1u1b_578,5.740,-3.729318,-3.463272
1u1b,1u1b_588,8.210,-6.357224,-3.658962
1u1b,1u1b_644,6.460,-4.263551,-3.376482
1u1b,1u1b_658,7.920,-5.710693,-3.621152
1u1b,1u1b_678,5.600,-2.786134,-4.071820
1u1b,1u1b_694,4.600,-2.533468,-3.049654
1u1b,1u1b_765,1.820,-0.953649,-2.873090
1u1b,1u1b_768,2.200,-1.196941,-2.880081
1u1b,1u1b_769,4.680,-3.347769,-2.891277
1u1b,1u1b_79,2.800,-0.971569,-2.305884
1u1b,1u1b_8,3.690,-1.075101,-2.282044
1u1b,1u1b_826,2.530,-0.860010,-3.946242
1u1b,1u1b_834,2.650,-1.293718,-3.039571
1u1b,1u1b_86,8.210,-4.420829,-3.462159
1u1b,1u1b_919,2.040,-0.875437,-2.884906
1u1b,1u1b_929,1.970,-0.942852,-3.088599
1u1b,1u1b_933,4.940,-3.395649,-3.311727
1u1b,1u1b_95,3.290,-2.508013,-2.861147
1u1b,1u1b_97,4.020,-0.901258,-2.816993
1uto,1uto_10,3.150,-3.212304,-3.423542
1uto,1uto_203,1.760,-1.406990,-2.090592
1uto,1uto_24,1.490,-1.818616,-3.134392
1uto,1uto_290,2.230,-1.752500,-2.655377
1uto,1uto_36,3.570,-2.496751,-1.902914
1uto,1uto_414,4.250,-2.415558,-2.424608
1uto,1uto_428,0.710,-0.798987,-1.930307
1uto,1uto_451,2.060,-1.382910,-2.589303
1uto,1uto_494,3.090,-3.509529,-3.464506
1uto,1uto_495,2.180,-2.064567,-2.914059
1uto,1uto_521,2.910,-0.748272,-1.608016
1uto,1uto_547,2.190,-1.796119,-2.185109
1uto,1uto_549,1.900,-1.446423,-0.838776
1uto,1uto_563,3.210,-2.416621,-2.991650
1uto,1uto_564,3.100,-1.168138,-1.068189
1uto,1uto_569,2.780,-1.299837,-2.099211
1uto,1uto_577,2.560,-2.137555,-1.196820
1uto,1uto_580,2.550,-1.767944,-3.898997
1uto,1uto_593,1.850,-0.985538,-2.462877
1uto,1uto_594,3.070,-1.843661,-3.767386
1uto,1uto_640,1.460,-1.086200,-1.912174
1uto,1uto_686,1.720,-1.469046,-2.009179
1uto,1uto_688,2.640,-0.917069,-2.239330
1uto,1uto_698,3.360,-1.561977,-2.274813
1uto,1uto_738,3.420,-3.331966,-3.187623
1uto,1uto_743,1.480,-0.673695,-1.766877
1uto,1uto_752,5.750,-5.287289,-2.863765
1uto,1uto_757,5.770,-5.157908,-2.329034
1uto,1uto_762,4.380,-2.891876,-2.019410
1uto,1uto_765,5.670,-5.157908,-2.329034
1uto,1uto_768,5.590,-5.222491,-2.982336
1uto,1uto_770,5.480,-5.230049,-3.029871
1uto,1uto_772,5.540,-5.026104,-3.166014
1uto,1uto_774,3.990,-3.323755,-1.258174
1uto,1uto_775,5.470,-4.980980,-4.364811
1uto,1uto_777,4.030,-3.282936,-1.711379
1uto,1uto_783,5.340,-4.564186,-2.737240
1uto,1uto_784,4.490,-4.352960,-2.763018
1uto,1uto_785,5.000,-4.184558,-2.795902
1uto,1uto_786,4.420,-3.669335,-2.502003
1uto,1uto_789,2.460,-2.056530,-2.802338
1uto,1uto_790,5.030,-4.136809,-1.999654
1uto,1uto_791,5.470,-5.321075,-2.749085
1uto,1uto_792,4.240,-2.220946,-2.680668
1uto,1uto_823,4.050,-1.144094,-1.361948
1uto,1uto_826,0.770,-0.531322,-1.774225
1uto,1uto_834,0.670,-0.573776,-1.240329
1uto,1uto_837,0.720,-0.404832,-2.088178
1uto,1uto_841,0.740,-0.345191,-1.548122
1uto,1uto_877,4.720,-4.387164,-2.575588
1uto,1uto_878,1.930,-1.652528,-2.365004
1uto,1uto_885,4.020,-2.472744,-1.992964
1uto,1uto_887,3.430,-1.671501,-2.347916
1uto,1uto_918,1.590,-0.657381,-1.348191
1uto,1uto_962,0.740,-0.397306,-1.158801
1uto,1uto_965,0.680,-0.379413,-1.798441
1uto,1uto_966,0.910,-1.063308,-0.760748
1uto,1uto_971,1.800,-1.292148,-1.864454
1uto,1uto_972,0.700,-0.754085,-1.281393
1uto,1uto_991,0.810,-0.599232,-1.853262
1vso,1vso_115,0.670,-0.783906,-6.608995
1vso,1vso_174,1.070,-1.395950,-6.713040
1vso,1vso_198,0.580,-0.827997,-6.619015
1vso,1vso_214,1.100,-1.290822,-6.865948
1vso,1vso_219,2.880,-2.872042,-6.530785
1vso,1vso_243,0.300,-0.649217,-5.789231
1vso,1vso_254,0.990,-1.094876,-6.345838
1vso,1vso_273,0.960,-0.719435,-6.429987
1vso,1vso_301,0.600,-0.655767,-6.968977
1vso,1vso_310,0.840,-1.057870,-6.973027
1vso,1vso_358,1.650,-1.522527,-7.138268
1vso,1vso_363,1.000,-0.679869,-7.109833
1vso,1vso_378,1.240,-0.949267,-6.833001
1vso,1vso_379,3.500,-1.957336,-7.045363
1vso,1vso_392,1.290,-0.936863,-6.501060
1vso,1vso_401,2.140,-1.352596,-7.666023
1vso,1vso_407,3.530,-1.598052,-6.721749
1vso,1vso_424,1.920,-1.001079,-6.124592
1vso,1vso_433,3.050,-1.352280,-7.416532
1vso,1vso_436,2.930,-1.522549,-7.625876
1vso,1vso_439,2.240,-1.800035,-7.189617
1vso,1vso_444,4.430,-3.015360,-6.981281
1vso,1vso_445,6.190,-5.034482,-7.233143
1vso,1vso_449,2.280,-2.092416,-7.532861
1vso,1vso_461,6.160,-6.156358,-6.683690
1vso,1vso_470,3.040,-1.604816,-6.588173
1vso,1vso_487,2.750,-2.761528,-6.721598
1vso,1vso_493,4.800,-2.503574,-7.031699
1vso,1vso_494,4.180,-2.777475,-7.392014
1vso,1vso_496,6.200,-5.238301,-7.008331
1vso,1vso_497,4.670,-2.518662,-6.960106
1vso,1vso_501,2.340,-1.678504,-6.750723
1vso,1vso_516,3.870,-3.493595,-7.101456
1vso,1vso_522,6.810,-6.430193,-7.515395
1vso,1vso_545,3.940,-3.601708,-7.332403
1vso,1vso_547,6.170,-5.577251,-7.001009
1vso,1vso_549,5.220,-2.854622,-5.827599
1vso,1vso_557,5.300,-4.488099,-6.105669
1vso,1vso_558,5.660,-4.257981,-7.916311
1vso,1vso_571,4.360,-2.505129,-7.067705
1vso,1vso_573,5.830,-6.017292,-7.623623
1vso,1vso_575,2.900,-1.195628,-7.410646
1vso,1vso_577,4.660,-3.110655,-7.493001
1vso,1vso_579,6.500,-6.555892,-7.023913
1vso,1vso_580,7.110,-5.028287,-6.113267
1vso,1vso_581,3.250,-1.866090,-6.810258
1vso,1vso_585,6.290,-5.040847,-7.117150
1vso,1vso_596,3.620,-3.541782,-6.931074
1vso,1vso_597,4.400,-2.661241,-6.882451
1vso,1vso_609,4.410,-3.754364,-7.096337
1vso,1vso_617,5.580,-4.774843,-7.033270
1vso,1vso_618,2.800,-2.880242,-7.222911
1vso,1vso_624,3.390,-3.000153,-7.149801
1vso,1vso_630,5.680,-7.994079,-7.559361
1vso,1vso_631,5.590,-4.493507,-7.154519
1vso,1vso_636,5.060,-3.534483,-7.287800
1vso,1vso_642,7.000,-7.294476,-7.458156
1vso,1vso_644,3.030,-3.206276,-7.572391
1vso,1vso_677,5.880,-5.443214,-7.191560
1vso,1vso_685,6.390,-5.081465,-6.773186
1vso,1vso_732,4.220,-4.037267,-8.056545
1vso,1vso_74,0.670,-1.097322,-6.127858
1vso,1vso_753,6.590,-5.176591,-6.971613
1vso,1vso_838,4.530,-4.581618,-7.371674
1vso,1vso_840,5.200,-5.128451,-8.061137
1vso,1vso_850,1.490,-1.186952,-7.654660
1vso,1vso_910,0.760,-0.861281,-6.730376
1vso,1vso_954,1.570,-1.502861,-6.548103
1vso,1vso_957,2.410,-2.820458,-6.031043
1vso,1vso_963,1.990,-2.341458,-6.884419
1vso,1vso_978,1.350,-1.076596,-6.395299
1w4o,1w4o_101,6.920,-4.292144,-2.920452
1w4o,1w4o_119,3.590,-1.477276,-2.751740
1w4o,1w4o_170,6.590,-3.251812,-3.300368
1w4o,1w4o_178,7.640,-6.643705,-3.175186
1w4o,1w4o_194,3.050,-3.702348,-3.095267
1w4o,1w4o_200,6.980,-5.332810,-2.729376
1w4o,1w4o_246,0.910,-1.264576,-2.462292
1w4o,1w4o_273,0.680,-0.883534,-2.637249
1w4o,1w4o_274,0.820,-0.713897,-2.568774
1w4o,1w4o_3,1.100,-1.352753,-2.324237
1w4o,1w4o_307,7.240,-4.668192,-3.442336
1w4o,1w4o_313,0.810,-1.204466,-2.714815
1w4o,1w4o_330,0.910,-1.594005,-3.141144
1w4o,1w4o_338,7.270,-4.775474,-2.521602
1w4o,1w4o_339,0.760,-1.528357,-3.262768
1w4o,1w4o_353,7.480,-5.397280,-2.440569
1w4o,1w4o_367,0.690,-1.068552,-2.412411
1w4o,1w4o_371,5.610,-6.954189,-2.706397
1w4o,1w4o_376,0.670,-1.073353,-3.147166
1w4o,1w4o_391,0.950,-0.781436,-2.270483
1w4o,1w4o_401,3.120,-1.053502,-2.319264
1w4o,1w4o_405,5.970,-2.707747,-2.162733
1w4o,1w4o_410,3.580,-3.196612,-2.786093
1w4o,1w4o_413,3.390,-3.122958,-2.849268
1w4o,1w4o_415,2.980,-1.995848,-2.776839
1w4o,1w4o_424,4.320,-5.412892,-2.518307
1w4o,1w4o_426,7.280,-6.164566,-3.010220
1w4o,1w4o_435,2.090,-1.767850,-2.629512
1w4o,1w4o_438,3.750,-1.361071,-2.862219
1w4o,1w4o_450,2.340,-2.805790,-2.716499
1w4o,1w4o_456,2.900,-2.045163,-3.616704
1w4o,1w4o_480,3.400,-2.281789,-3.328971
1w4o,1w4o_498,5.730,-1.716881,-2.659376
1w4o,1w4o_509,5.290,-2.202692,-3.206859
1w4o,1w4o_521,1.390,-1.505175,-2.650931
1w4o,1w4o_532,7.270,-3.265682,-3.237230
1w4o,1w4o_541,4.380,-2.909679,-3.084692
1w4o,1w4o_542,2.020,-2.325759,-3.515338
1w4o,1w4o_549,4.920,-3.100409,-3.687303
1w4o,1w4o_550,6.580,-4.189698,-3.617698
1w4o,1w4o_572,7.510,-4.033223,-2.793129
1w4o,1w4o_573,7.310,-4.017907,-3.770522
1w4o,1w4o_585,6.030,-2.338073,-3.029903
1w4o,1w4o_596,5.880,-1.607589,-2.261129
1w4o,1w4o_597,1.640,-1.393052,-2.380588
1w4o,1w4o_602,2.410,-0.910288,-2.595551
1w4o,1w4o_606,1.930,-1.656558,-2.303056
1w4o,1w4o_642,4.050,-1.280666,-2.269686
1w4o,1w4o_655,7.800,-4.809855,-4.044394
1w4o,1w4o_658,7.040,-5.365921,-3.889597
1w4o,1w4o_666,6.170,-4.335973,-3.496056
1w4o,1w4o_675,2.360,-2.063408,-1.805210
1w4o,1w4o_679,5.510,-3.332404,-3.867482
1w4o,1w4o_692,4.750,-2.995395,-3.171470
1w4o,1w4o_704,1.790,-1.635682,-2.787825
1w4o,1w4o_741,6.040,-4.173295,-3.384995
1w4o,1w4o_746,5.780,-6.036658,-4.121429
1w4o,1w4o_747,5.950,-2.567932,-2.413070
1w4o,1w4o_748,4.710,-3.491673,-2.840647
1w4o,1w4o_749,2.050,-1.997947,-2.692308
1w4o,1w4o_751,2.540,-2.648824,-2.255548
1w4o,1w4o_752,4.590,-2.388590,-3.698791
1w4o,1w4o_754,3.920,-3.756232,-2.829914
1w4o,1w4o_757,1.670,-1.301227,-2.506088
1w4o,1w4o_761,1.020,-1.759495,-2.164387
1w4o,1w4o_762,6.500,-2.743715,-2.311111
1w4o,1w4o_788,4.110,-3.460876,-2.805006
1w4o,1w4o_804,2.480,-2.480637,-2.485131
1w4o,1w4o_827,6.030,-2.142085,-2.745794
1w4o,1w4o_829,9.390,-8.283289,-2.778823
1w4o,1w4o_833,1.630,-1.630595,-2.365304
1w4o,1w4o_841,8.230,-6.966151,-3.878525
1w4o,1w4o_844,6.380,-0.794108,-3.315754
1w4o,1w4o_846,8.580,-8.260387,-3.883146
1w4o,1w4o_851,4.230,-1.649577,-3.415755
1w4o,1w4o_854,3.030,-2.430082,-2.411975
1w4o,1w4o_856,5.220,-3.566476,-2.745645
1w4o,1w4o_859,5.370,-4.071161,-3.358069
1w4o,1w4o_870,1.070,-1.350317,-2.680650
1w4o,1w4o_917,1.470,-1.148528,-2.771000
1w4o,1w4o_928,0.600,-0.928614,-2.129411
1w4o,1w4o_940,4.010,-1.393519,-2.657508
1w4o,1w4o_960,3.850,-1.537709,-2.846097
1y6r,1y6r_232,0.460,-0.463896,-1.242891
1y6r,1y6r_288,0.720,-0.539917,-1.342285
1y6r,1y6r_405,5.330,-1.869754,-2.555667
1y6r,1y6r_406,2.640,-2.282547,-1.691955
1y6r,1y6r_413,5.540,-2.305524,-2.557835
1y6r,1y6r_419,5.130,-1.668767,-1.937724
1y6r,1y6r_424,3.000,-1.430644,-2.171915
1y6r,1y6r_429,1.880,-0.664477,-1.990004
1y6r,1y6r_430,3.020,-3.407741,-1.725678
1y6r,1y6r_434,2.080,-1.469384,-1.828791
1y6r,1y6r_438,5.190,-1.671329,-2.187850
1y6r,1y6r_440,1.910,-1.332841,-1.595244
1y6r,1y6r_445,3.100,-2.006642,-2.378991
1y6r,1y6r_450,3.450,-3.378693,-2.999265
1y6r,1y6r_455,2.170,-1.895743,-2.213857
1y6r,1y6r_457,5.400,-2.477461,-3.086436
1y6r,1y6r_463,5.490,-2.031950,-2.262983
1y6r,1y6r_473,1.830,-1.708360,-1.807264
1y6r,1y6r_476,2.320,-2.061611,-1.743697
1y6r,1y6r_480,2.340,-1.710116,-1.804032
1y6r,1y6r_481,1.460,-1.605550,-1.820594
1y6r,1y6r_482,5.130,-2.612639,-3.058197
1y6r,1y6r_484,4.960,-2.199131,-2.844066
1y6r,1y6r_496,2.700,-2.075849,-1.894534
1y6r,1y6r_510,2.130,-3.007437,-2.702558
1y6r,1y6r_535,1.450,-1.721979,-2.208970
1y6r,1y6r_551,6.160,-4.484168,-2.852906
1y6r,1y6r_570,1.340,-1.508909,-1.812285
1y6r,1y6r_572,2.250,-2.969698,-1.342827
1y6r,1y6r_575,4.900,-3.543187,-2.438818
1y6r,1y6r_579,1.320,-1.284015,-2.730490
1y6r,1y6r_595,2.510,-1.953060,-2.135336
1y6r,1y6r_603,4.890,-2.942056,-2.308791
1y6r,1y6r_604,4.860,-3.256797,-2.597335
1y6r,1y6r_613,4.850,-4.303524,-3.270824
1y6r,1y6r_645,1.390,-1.363611,-1.545135
1y6r,1y6r_650,5.240,-3.346602,-2.563405
1y6r,1y6r_652,5.210,-3.922025,-2.464327
1y6r,1y6r_655,1.570,-1.775647,-1.222723
1y6r,1y6r_656,4.560,-3.289166,-2.862315
1y6r,1y6r_657,4.860,-3.411480,-2.387852
1y6r,1y6r_661,5.290,-2.195605,-2.604472
1y6r,1y6r_666,6.030,-4.368427,-2.366913
1y6r,1y6r_678,4.910,-2.632913,-1.969214
1y6r,1y6r_694,4.990,-4.111521,-3.420856
1y6r,1y6r_696,6.330,-6.370483,-2.995613
1y6r,1y6r_698,4.640,-3.072080,-2.693544
1y6r,1y6r_734,1.130,-1.071354,-1.910984
1y6r,1y6r_806,0.600,-0.544271,-1.442260
1y6r,1y6r_808,0.570,-0.458304,-1.340926
1y6r,1y6r_809,0.670,-0.703838,-1.402608
1y6r,1y6r_819,0.370,-0.434274,-1.398288
1y6r,1y6r_858,0.780,-0.499069,-1.291815
1y6r,1y6r_925,0.880,-0.696648,-1.109985
1y6r,1y6r_947,0.540,-0.309749,-1.756985
1y6r,1y6r_968,0.600,-0.551417,-1.284729
1yc1,1yc1_130,1.070,-1.026306,-2.229434
1yc1,1yc1_134,1.080,-0.763064,-1.983763
1yc1,1yc1_14,3.750,-1.750840,-1.980679
1yc1,1yc1_159,0.310,-0.311512,-2.213916
1yc1,1yc1_196,0.840,-0.581422,-2.213066
1yc1,1yc1_199,0.590,-0.292842,-2.371041
1yc1,1yc1_205,0.510,-0.398314,-2.486943
1yc1,1yc1_214,1.240,-0.924249,-2.026924
1yc1,1yc1_220,1.050,-0.627432,-1.968018
1yc1,1yc1_246,0.960,-0.532867,-1.970954
1yc1,1yc1_254,2.560,-0.633790,-2.240138
1yc1,1yc1_281,1.070,-1.082234,-2.283710
1yc1,1yc1_289,0.840,-0.647222,-2.088253
1yc1,1yc1_29,1.000,-0.456367,-2.432584
1yc1,1yc1_293,0.790,-0.469722,-1.928224
1yc1,1yc1_296,2.030,-0.757524,-2.095237
1yc1,1yc1_314,3.130,-2.319151,-2.519162
1yc1,1yc1_352,0.950,-0.305075,-2.370724
1yc1,1yc1_376,4.250,-1.217857,-2.043656
1yc1,1yc1_38,0.590,-0.813689,-2.428888
1yc1,1yc1_401,6.140,-5.988601,-2.494456
1yc1,1yc1_403,3.470,-2.884438,-2.836572
1yc1,1yc1_407,2.670,-1.219579,-2.408732
1yc1,1yc1_412,5.120,-3.864473,-2.765055
1yc1,1yc1_413,4.130,-3.949716,-2.106862
1yc1,1yc1_415,3.400,-1.930544,-2.610078
1yc1,1yc1_421,4.520,-2.388243,-2.634109
1yc1,1yc1_428,3.680,-3.227140,-2.779490
1yc1,1yc1_429,3.080,-2.365650,-2.568762
1yc1,1yc1_431,2.400,-1.919048,-2.885861
1yc1,1yc1_437,4.690,-3.526480,-2.276615
1yc1,1yc1_440,5.660,-3.543792,-2.547680
1yc1,1yc1_441,4.780,-3.143859,-2.310168
1yc1,1yc1_447,2.910,-2.036896,-2.946854
1yc1,1yc1_471,2.940,-1.796364,-2.482607
1yc1,1yc1_480,2.570,-1.533705,-2.270882
1yc1,1yc1_483,2.900,-1.395891,-2.042334
1yc1,1yc1_485,5.820,-4.112382,-2.265639
1yc1,1yc1_486,5.220,-3.800574,-3.352800
1yc1,1yc1_487,1.280,-1.463832,-2.807493
1yc1,1yc1_492,3.810,-1.554163,-2.520764
1yc1,1yc1_496,5.670,-6.018671,-3.031205
1yc1,1yc1_5,1.170,-0.863123,-2.218389
1yc1,1yc1_512,7.140,-6.680809,-4.177280
1yc1,1yc1_516,7.630,-7.498930,-3.749308
1yc1,1yc1_521,6.690,-7.605831,-2.983860
1yc1,1yc1_523,4.680,-3.826130,-2.133654
1yc1,1yc1_528,7.190,-7.290820,-2.798854
1yc1,1yc1_536,6.240,-5.733892,-3.112586
1yc1,1yc1_542,7.040,-6.501031,-3.463060
1yc1,1yc1_546,7.690,-7.465125,-3.136739
1yc1,1yc1_549,6.130,-3.931699,-3.172163
1yc1,1yc1_557,8.290,-8.274368,-3.671775
1yc1,1yc1_564,4.000,-3.099939,-2.697753
1yc1,1yc1_570,4.810,-3.186540,-2.046541
1yc1,1yc1_573,4.510,-1.922056,-2.594464
1yc1,1yc1_581,5.510,-2.826717,-3.007616
1yc1,1yc1_582,7.410,-8.154359,-2.792068
1yc1,1yc1_584,7.530,-6.537692,-2.840693
1yc1,1yc1_610,4.890,-3.842822,-3.011404
1yc1,1yc1_612,5.060,-5.312269,-2.718395
1yc1,1yc1_616,5.500,-4.095941,-3.419587
1yc1,1yc1_622,5.890,-7.072591,-3.658622
1yc1,1yc1_630,1.990,-1.942432,-2.197157
1yc1,1yc1_634,6.130,-4.017247,-2.391758
1yc1,1yc1_635,6.580,-6.053466,-3.113443
1yc1,1yc1_636,7.770,-6.886797,-3.503943
1yc1,1yc1_642,6.250,-7.000525,-3.683996
1yc1,1yc1_644,3.660,-2.207063,-2.725083
1yc1,1yc1_653,4.870,-2.178017,-2.211411
1yc1,1yc1_663,6.100,-6.964654,-3.823367
1yc1,1yc1_680,5.160,-4.407700,-2.414084
1yc1,1yc1_684,1.610,-1.656422,-2.556290
1yc1,1yc1_687,6.410,-6.573863,-3.081871
1yc1,1yc1_688,6.800,-5.746614,-3.442570
1yc1,1yc1_689,3.570,-2.693290,-2.552838
1yc1,1yc1_691,2.200,-1.766704,-2.360551
1yc1,1yc1_700,7.970,-7.727684,-3.806806
1yc1,1yc1_765,1.550,-1.202890,-2.306651
1yc1,1yc1_784,2.980,-1.581056,-1.951062
1ydr,1ydr_100,2.430,-1.387347,-1.459639
1ydr,1ydr_11,8.940,-8.338938,-2.497389
1ydr,1ydr_13,2.540,-1.819175,-1.378204
1ydr,1ydr_132,1.970,-0.641912,-1.428096
1ydr,1ydr_136,3.320,-2.339719,-1.948318
1ydr,1ydr_164,0.830,-0.587023,-1.834025
1ydr,1ydr_18,1.890,-1.318439,-1.270964
1ydr,1ydr_204,2.960,-2.881399,-1.412082
1ydr,1ydr_214,1.580,-1.067964,-1.442905
1ydr,1ydr_240,3.230,-3.117099,-1.446307
1ydr,1ydr_26,0.930,-0.736764,-1.064211
1ydr,1ydr_268,1.490,-1.110689,-1.060547
1ydr,1ydr_291,3.480,-3.030567,-1.686924
1ydr,1ydr_315,2.890,-2.313267,-1.298133
1ydr,1ydr_332,3.030,-2.417741,-1.699088
1ydr,1ydr_348,3.040,-2.639260,-2.253163
1ydr,1ydr_368,6.540,-4.164961,-1.962857
1ydr,1ydr_369,0.950,-0.892628,-1.315792
1ydr,1ydr_4,0.960,-1.104112,-1.205346
1ydr,1ydr_418,2.190,-1.739972,-1.382320
1ydr,1ydr_423,1.300,-1.516076,-1.547471
1ydr,1ydr_430,5.610,-1.945526,-1.458446
1ydr,1ydr_452,1.390,-0.945197,-1.136037
1ydr,1ydr_46,0.880,-0.344360,-1.207869
1ydr,1ydr_464,3.630,-2.295759,-1.751744
1ydr,1ydr_466,2.060,-1.553436,-1.009081
1ydr,1ydr_470,5.740,-3.316072,-2.088311
1ydr,1ydr_482,6.270,-4.449901,-1.934192
1ydr,1ydr_485,4.670,-4.908264,-1.487931
1ydr,1ydr_487,4.740,-4.119001,-1.668570
1ydr,1ydr_490,5.240,-1.876827,-1.749131
1ydr,1ydr_495,6.920,-5.858594,-2.375773
1ydr,1ydr_517,6.580,-6.993267,-2.613584
1ydr,1ydr_518,9.160,-7.940195,-2.949196
1ydr,1ydr_524,7.910,-6.437293,-4.109878
1ydr,1ydr_537,3.400,-3.289072,-1.691767
1ydr,1ydr_541,4.170,-4.886681,-1.567585
1ydr,1ydr_546,7.800,-8.121920,-2.572205
1ydr,1ydr_554,7.030,-7.531273,-1.881734
1ydr,1ydr_557,7.650,-7.736048,-2.247882
1ydr,1ydr_558,8.510,-7.908456,-3.024056
1ydr,1ydr_566,5.960,-5.904224,-2.441984
1ydr,1ydr_570,7.370,-5.346809,-3.616838
1ydr,1ydr_582,8.430,-8.303276,-2.954514
1ydr,1ydr_586,3.270,-3.014739,-1.144938
1ydr,1ydr_587,9.910,-8.195379,-3.617196
1ydr,1ydr_593,9.020,-8.234777,-2.858464
1ydr,1ydr_595,4.930,-2.292213,-2.489328
1ydr,1ydr_599,8.090,-7.740644,-3.446278
1ydr,1ydr_609,9.740,-8.305737,-2.678486
1ydr,1ydr_613,8.510,-7.843358,-3.099921
1ydr,1ydr_614,9.250,-8.138010,-3.470340
1ydr,1ydr_615,4.610,-4.458077,-1.530046
1ydr,1ydr_616,5.040,-5.056962,-1.489416
1ydr,1ydr_622,9.220,-8.185878,-2.670640
1ydr,1ydr_626,6.330,-6.320807,-3.379631
1ydr,1ydr_629,8.570,-7.227926,-3.007102
1ydr,1ydr_63,0.920,-1.024374,-1.412654
1ydr,1ydr_636,9.360,-8.105206,-3.310905
1ydr,1ydr_641,6.810,-6.635046,-3.175800
1ydr,1ydr_646,6.460,-6.519503,-1.980380
1ydr,1ydr_648,9.240,-8.281778,-2.697275
1ydr,1ydr_649,7.970,-7.491729,-3.626931
1ydr,1ydr_651,8.410,-6.951541,-3.366759
1ydr,1ydr_659,9.350,-8.008368,-3.938985
1ydr,1ydr_689,7.320,-6.913182,-3.103568
1ydr,1ydr_69,2.910,-2.891307,-1.716658
1ydr,1ydr_693,1.930,-0.973162,-1.620418
1ydr,1ydr_697,8.230,-7.515754,-2.207997
1ydr,1ydr_701,0.980,-0.292027,-1.141269
1ydr,1ydr_715,7.090,-5.711148,-1.935454
1ydr,1ydr_723,4.660,-4.498525,-1.626827
1ydr,1ydr_726,3.850,-4.208022,-1.785199
1ydr,1ydr_739,4.010,-3.909314,-1.353922
1ydr,1ydr_741,1.800,-1.433836,-1.410853
1ydr,1ydr_746,9.570,-7.817470,-4.018523
1ydr,1ydr_754,2.000,-1.398945,-1.469244
1ydr,1ydr_759,4.460,-3.888475,-2.071298
1ydr,1ydr_761,8.160,-7.376556,-2.163896
1ydr,1ydr_771,4.860,-5.043514,-2.141649
1ydr,1ydr_775,4.720,-3.435150,-1.560717
1ydr,1ydr_779,5.280,-5.194198,-1.240526
1ydr,1ydr_78,3.330,-3.557932,-1.360496
1ydr,1ydr_784,5.780,-2.522989,-1.424975
1ydr,1ydr_785,7.060,-6.179624,-2.516502
1ydr,1ydr_786,6.270,-6.043347,-1.850252
1ydr,1ydr_789,5.560,-2.101658,-1.042376
1ydr,1ydr_791,6.380,-3.989205,-2.449605
1ydr,1ydr_80,0.790,-0.490746,-1.041812
1ydr,1ydr_801,1.000,-0.451447,-1.364194
1ydr,1ydr_804,2.340,-0.680826,-1.736333
1ydr,1ydr_824,2.480,-1.017000,-1.161301
1ydr,1ydr_848,5.840,-3.288708,-2.669527
1ydr,1ydr_856,7.540,-7.175444,-2.337627
1ydr,1ydr_858,8.700,-7.607972,-3.586012
1ydr,1ydr_894,5.260,-5.661672,-1.897204
1ydr,1ydr_902,0.910,-0.302292,-1.442658
1ydr,1ydr_934,6.290,-2.446670,-1.469595
1ydr,1ydr_95,1.540,-1.237909,-1.233442
1ydr,1ydr_984,2.190,-1.619968,-1.326081
1ydt,1ydt_1000,2.510,-1.907087,-1.213170
1ydt,1ydt_121,1.000,-0.439475,-1.552605
1ydt,1ydt_204,0.980,-0.694099,-1.377530
1ydt,1ydt_207,1.020,-1.203168,-1.467288
1ydt,1ydt_214,3.380,-4.344252,-1.507998
1ydt,1ydt_215,1.410,-1.298352,-1.499827
1ydt,1ydt_241,1.800,-1.994764,-1.665174
1ydt,1ydt_246,1.470,-0.787413,-1.780792
1ydt,1ydt_251,0.540,-0.662225,-1.791707
1ydt,1ydt_253,4.810,-3.420172,-1.568987
1ydt,1ydt_254,5.730,-1.319044,-2.441397
1ydt,1ydt_260,3.520,-2.995686,-2.062902
1ydt,1ydt_263,2.970,-4.289200,-1.106150
1ydt,1ydt_267,0.930,-0.686983,-1.076431
1ydt,1ydt_271,6.590,-4.827901,-1.755242
1ydt,1ydt_275,3.520,-2.952026,-2.293812
1ydt,1ydt_277,0.680,-0.596065,-1.320623
1ydt,1ydt_278,3.580,-3.088804,-1.656704
1ydt,1ydt_279,0.880,-1.348149,-1.409551
1ydt,1ydt_281,2.990,-2.909358,-1.418943
1ydt,1ydt_283,0.930,-1.192075,-1.696323
1ydt,1ydt_300,5.650,-4.838874,-1.985180
1ydt,1ydt_309,2.830,-1.837978,-1.716768
1ydt,1ydt_324,0.890,-0.531951,-1.227897
1ydt,1ydt_34,3.050,-3.049971,-1.931857
1ydt,1ydt_386,0.730,-0.455433,-1.240866
1ydt,1ydt_40,4.700,-5.186685,-1.286638
1ydt,1ydt_401,5.830,-0.881541,-1.235758
1ydt,1ydt_404,2.820,-2.636397,-1.468141
1ydt,1ydt_408,1.910,-1.507792,-2.180731
1ydt,1ydt_412,5.370,-2.903372,-1.884964
1ydt,1ydt_417,2.430,-1.740661,-1.672709
1ydt,1ydt_425,4.600,-4.035677,-2.555962
1ydt,1ydt_432,8.520,-7.732932,-3.031874
1ydt,1ydt_446,6.670,-2.689010,-1.573821
1ydt,1ydt_46,3.800,-2.868411,-1.708685
1ydt,1ydt_464,6.300,-2.735634,-3.205860
1ydt,1ydt_47,1.070,-0.477287,-1.171249
1ydt,1ydt_470,7.200,-2.949359,-2.162513
1ydt,1ydt_474,6.100,-1.876957,-2.119357
1ydt,1ydt_483,3.320,-4.075706,-1.441566
1ydt,1ydt_487,3.790,-4.219720,-2.057150
1ydt,1ydt_494,3.080,-3.753368,-1.300090
1ydt,1ydt_495,5.930,-3.393570,-1.700747
1ydt,1ydt_500,7.620,-3.266608,-2.308263
1ydt,1ydt_532,2.440,-3.767998,-1.955594
1ydt,1ydt_538,6.560,-7.527538,-2.774228
1ydt,1ydt_539,7.840,-6.739914,-2.028146
1ydt,1ydt_549,6.400,-4.003048,-2.118849
1ydt,1ydt_556,4.990,-6.614814,-2.446266
1ydt,1ydt_558,4.070,-5.607977,-2.136890
1ydt,1ydt_564,7.150,-4.688690,-2.255786
1ydt,1ydt_576,8.870,-8.314074,-2.377786
1ydt,1ydt_578,4.270,-5.473454,-2.260160
1ydt,1ydt_609,7.050,-4.870076,-2.936265
1ydt,1ydt_625,7.090,-3.131780,-2.524259
1ydt,1ydt_632,5.950,-5.590281,-1.959165
1ydt,1ydt_643,3.200,-4.162530,-1.446115
1ydt,1ydt_644,6.990,-3.737326,-1.610630
1ydt,1ydt_655,8.120,-4.923995,-3.284661
1ydt,1ydt_659,8.540,-8.320976,-2.985781
1ydt,1ydt_677,2.150,-2.224765,-2.145898
1ydt,1ydt_678,5.830,-3.129553,-1.788836
1ydt,1ydt_684,5.530,-5.761063,-2.780839
1ydt,1ydt_694,8.520,-6.507434,-2.552850
1ydt,1ydt_697,8.550,-3.800228,-2.746000
1ydt,1ydt_705,0.850,-0.843238,-0.881924
1ydt,1ydt_709,8.120,-4.127293,-2.497095
1ydt,1ydt_711,1.620,-1.172185,-2.340701
1ydt,1ydt_715,1.750,-0.963054,-1.787201
1ydt,1ydt_730,5.220,-2.604476,-1.712201
1ydt,1ydt_75,4.190,-3.418190,-1.769541
1ydt,1ydt_750,6.770,-3.642496,-2.399442
1ydt,1ydt_766,4.940,-1.412724,-1.862419
1ydt,1ydt_775,7.960,-7.964267,-2.386073
1ydt,1ydt_785,8.020,-7.964106,-1.707445
1ydt,1ydt_787,4.070,-5.068676,-1.972719
1ydt,1ydt_817,1.010,-0.999849,-1.525640
1ydt,1ydt_818,6.500,-6.641108,-1.959932
1ydt,1ydt_832,1.890,-0.724660,-1.238193
1ydt,1ydt_837,6.770,-5.782017,-2.537393
1ydt,1ydt_840,2.470,-1.842022,-1.378510
1ydt,1ydt_882,4.420,-4.789091,-2.137667
1ydt,1ydt_892,8.630,-7.320439,-2.823300
1ydt,1ydt_916,7.760,-7.171413,-2.054835
1ydt,1ydt_918,2.710,-2.547982,-1.594760
1ydt,1ydt_926,5.290,-5.741761,-1.749599
1ydt,1ydt_936,7.710,-7.237776,-2.218104
1ydt,1ydt_953,8.610,-5.587544,-3.123399
1ydt,1ydt_994,7.600,-6.583063,-2.516767
1z6e,1z6e_11,8.990,-7.992547,-3.941010
1z6e,1z6e_117,7.590,-6.904182,-4.256556
1z6e,1z6e_125,9.840,-8.189438,-3.703924
1z6e,1z6e_130,7.630,-7.396196,-4.681180
1z6e,1z6e_136,5.700,-3.675415,-4.375547
1z6e,1z6e_145,0.970,-0.997333,-4.264595
1z6e,1z6e_152,9.970,-8.195242,-3.549436
1z6e,1z6e_159,6.420,-5.984540,-4.421503
1z6e,1z6e_160,0.960,-0.915777,-4.153837
1z6e,1z6e_162,0.950,-0.698476,-4.084725
1z6e,1z6e_184,8.490,-7.776826,-4.588739
1z6e,1z6e_19,9.510,-8.299769,-3.959282
1z6e,1z6e_192,9.060,-7.857483,-4.141335
1z6e,1z6e_200,3.690,-1.845606,-4.510788
1z6e,1z6e_21,2.920,-2.796601,-4.305113
1z6e,1z6e_31,0.840,-0.736431,-4.826532
1z6e,1z6e_310,9.890,-8.101836,-4.028961
1z6e,1z6e_350,0.850,-0.700509,-3.954565
1z6e,1z6e_352,1.610,-1.556192,-4.023525
1z6e,1z6e_354,6.130,-3.903342,-5.248653
1z6e,1z6e_371,0.990,-0.625421,-3.556500
1z6e,1z6e_372,9.040,-8.115492,-4.209707
1z6e,1z6e_384,1.560,-1.801939,-3.818387
1z6e,1z6e_390,9.690,-7.754195,-4.203487
1z6e,1z6e_401,2.460,-1.756804,-4.509865
1z6e,1z6e_403,1.630,-1.895781,-4.348635
1z6e,1z6e_411,1.130,-1.557822,-3.917497
1z6e,1z6e_413,4.610,-1.950563,-4.545301
1z6e,1z6e_423,4.610,-2.734766,-4.457536
1z6e,1z6e_424,2.090,-2.168431,-4.642067
1z6e,1z6e_425,8.380,-3.285901,-4.443430
1z6e,1z6e_427,3.850,-3.459708,-3.834926
1z6e,1z6e_429,2.250,-2.293081,-4.734660
1z6e,1z6e_432,3.250,-2.537596,-5.096038
1z6e,1z6e_441,4.410,-2.487218,-4.933714
1z6e,1z6e_445,8.020,-2.477575,-4.810629
1z6e,1z6e_449,5.990,-3.511784,-5.450702
1z6e,1z6e_455,3.260,-2.765753,-5.025766
1z6e,1z6e_46,9.250,-7.453440,-4.237427
1z6e,1z6e_468,4.740,-1.814076,-3.810391
1z6e,1z6e_470,7.020,-6.634966,-4.741560
1z6e,1z6e_472,3.600,-2.246826,-4.698432
1z6e,1z6e_475,2.730,-3.055520,-4.137511
1z6e,1z6e_480,6.410,-3.390451,-4.692736
1z6e,1z6e_481,4.100,-3.303402,-4.635678
1z6e,1z6e_482,5.950,-2.614473,-4.995486
1z6e,1z6e_486,2.310,-3.126189,-4.677037
1z6e,1z6e_488,3.310,-3.177011,-4.280801
1z6e,1z6e_497,6.880,-4.929461,-4.723041
1z6e,1z6e_522,1.990,-2.136172,-4.976043
1z6e,1z6e_524,6.870,-4.707295,-4.359813
1z6e,1z6e_525,8.810,-6.282291,-5.073304
1z6e,1z6e_527,6.420,-5.812450,-5.148419
1z6e,1z6e_536,5.350,-6.367999,-4.362135
1z6e,1z6e_538,4.270,-2.976036,-4.394829
1z6e,1z6e_55,0.910,-0.867169,-4.293206
1z6e,1z6e_557,3.740,-3.293169,-4.945365
1z6e,1z6e_558,8.130,-6.301466,-4.534274
1z6e,1z6e_564,5.720,-6.222529,-4.753376
1z6e,1z6e_57,7.890,-6.807542,-4.264084
1z6e,1z6e_570,7.100,-4.453283,-4.566637
1z6e,1z6e_572,6.880,-5.925412,-5.411875
1z6e,1z6e_614,4.550,-5.086803,-4.964447
1z6e,1z6e_636,8.290,-4.936651,-4.604094
1z6e,1z6e_64,0.810,-0.674800,-4.374930
1z6e,1z6e_643,3.980,-3.221054,-4.782692
1z6e,1z6e_65,8.630,-7.456864,-4.900878
1z6e,1z6e_663,7.180,-4.288017,-4.400409
1z6e,1z6e_665,7.390,-6.693483,-4.730765
1z6e,1z6e_668,9.690,-6.273750,-4.127734
1z6e,1z6e_680,6.370,-6.016942,-4.364754
1z6e,1z6e_688,5.920,-6.856332,-5.146642
1z6e,1z6e_691,7.630,-5.643322,-5.469533
1z6e,1z6e_694,3.830,-3.317811,-4.433028
1z6e,1z6e_702,0.950,-0.670660,-3.901695
1z6e,1z6e_712,1.220,-0.712330,-3.685967
1z6e,1z6e_722,1.960,-1.068180,-3.910154
1z6e,1z6e_735,4.180,-4.396258,-4.847711
1z6e,1z6e_74,4.860,-4.013545,-4.467434
1z6e,1z6e_748,7.150,-4.749571,-4.102890
1z6e,1z6e_749,5.080,-1.956334,-4.382177
1z6e,1z6e_75,8.680,-7.861163,-4.233064
1z6e,1z6e_754,2.440,-1.614507,-5.158963
1z6e,1z6e_755,7.430,-2.281168,-4.636041
1z6e,1z6e_756,6.350,-2.770018,-4.259535
1z6e,1z6e_757,3.870,-3.032620,-4.181056
1z6e,1z6e_768,8.800,-4.718731,-4.517878
1z6e,1z6e_772,5.350,-3.723795,-5.301180
1z6e,1z6e_773,5.020,-3.131966,-4.923264
1z6e,1z6e_774,4.940,-2.618190,-4.115389
1z6e,1z6e_776,1.860,-1.870194,-4.767067
1z6e,1z6e_779,5.530,-5.063094,-5.191141
1z6e,1z6e_799,1.930,-2.035819,-3.544032
1z6e,1z6e_83,0.960,-0.863037,-4.336828
1z6e,1z6e_843,6.990,-4.085378,-4.461767
1z6e,1z6e_879,2.720,-2.069950,-4.059241
1z6e,1z6e_88,2.370,-1.883755,-4.300515
1z6e,1z6e_97,9.550,-7.266598,-4.487505
1z6e,1z6e_974,2.760,-1.367147,-4.313666
1z6e,1z6e_978,1.100,-1.175086,-4.407878
1z95,1z95_14,0.690,-0.260345,-1.109820
1z95,1z95_169,0.450,-0.403891,-1.027152
1z95,1z95_208,0.620,-0.249848,-1.088276
1z95,1z95_219,2.410,-0.792437,-1.389047
1z95,1z95_223,0.630,-0.225405,-1.270971
1z95,1z95_249,0.960,-0.405854,-0.995136
1z95,1z95_255,4.930,-2.208667,-1.644604
1z95,1z95_266,0.660,-0.310235,-0.946522
1z95,1z95_29,2.080,-0.455454,-1.258981
1z95,1z95_303,0.380,-0.441099,-1.195173
1z95,1z95_312,1.950,-0.583530,-1.374474
1z95,1z95_313,0.570,-0.408048,-1.634498
1z95,1z95_337,0.510,-0.432911,-1.571852
1z95,1z95_407,5.840,-2.407225,-1.273749
1z95,1z95_408,1.920,-1.891666,-2.004836
1z95,1z95_412,4.720,-2.375821,-1.990140
1z95,1z95_415,6.440,-2.337861,-1.209032
1z95,1z95_418,5.330,-1.720268,-1.909753
1z95,1z95_419,1.820,-1.706223,-1.230534
1z95,1z95_427,3.350,-1.998399,-1.709999
1z95,1z95_428,3.150,-2.559064,-1.871160
1z95,1z95_436,6.490,-2.674881,-1.397093
1z95,1z95_437,4.040,-3.303394,-1.690673
1z95,1z95_444,5.790,-2.338500,-1.652185
1z95,1z95_445,6.160,-2.122712,-1.645270
1z95,1z95_449,2.480,-2.328259,-1.864348
1z95,1z95_474,1.500,-1.171825,-1.347534
1z95,1z95_483,4.430,-2.943864,-2.062035
1z95,1z95_484,4.920,-2.173041,-1.414369
1z95,1z95_486,5.010,-2.778245,-1.600764
1z95,1z95_489,1.890,-1.466006,-1.566091
1z95,1z95_490,6.150,-2.360880,-1.102347
1z95,1z95_498,1.900,-1.826586,-1.808145
1z95,1z95_499,2.900,-2.660271,-2.376506
1z95,1z95_514,2.560,-1.906159,-1.858922
1z95,1z95_544,3.900,-2.756058,-1.359499
1z95,1z95_545,5.330,-2.385346,-1.670500
1z95,1z95_547,3.390,-1.717405,-1.717507
1z95,1z95_548,2.790,-2.188089,-1.314231
1z95,1z95_550,3.100,-2.216212,-1.806337
1z95,1z95_555,1.640,-2.054509,-1.391488
1z95,1z95_560,5.860,-2.979470,-1.855045
1z95,1z95_562,5.960,-3.296443,-1.909549
1z95,1z95_565,2.790,-1.263866,-1.131065
1z95,1z95_566,3.600,-3.020582,-1.684957
1z95,1z95_581,2.060,-1.964818,-1.436690
1z95,1z95_587,4.000,-2.761365,-1.788045
1z95,1z95_590,3.500,-4.143401,-2.108333
1z95,1z95_620,4.630,-2.116345,-1.478528
1z95,1z95_626,6.080,-2.435485,-1.452067
1z95,1z95_648,3.180,-2.305475,-1.299136
1z95,1z95_658,6.230,-2.348856,-1.511800
1z95,1z95_663,2.080,-1.358381,-1.471168
1z95,1z95_666,5.190,-2.774432,-1.154928
1z95,1z95_684,2.920,-2.309550,-1.687260
1z95,1z95_686,4.100,-3.071031,-2.066330
1z95,1z95_690,5.930,-4.050316,-1.910660
1z95,1z95_694,4.770,-2.318228,-1.381022
1z95,1z95_700,5.950,-2.229389,-1.363876
1z95,1z95_742,0.890,-0.856743,-1.653355
1z95,1z95_765,3.870,-1.722637,-1.593641
1z95,1z95_774,4.030,-1.631872,-1.306447
1z95,1z95_779,4.330,-2.728433,-1.900760
1z95,1z95_827,1.130,-0.619957,-1.329317
1z95,1z95_872,1.200,-0.627694,-1.292120
1z95,1z95_964,1.730,-1.124366,-1.108006
1z9g,1z9g_159,7.600,-7.573236,-4.727145
1z9g,1z9g_219,2.150,-1.482971,-2.690338
1z9g,1z9g_227,5.790,-5.962146,-3.647783
1z9g,1z9g_229,1.890,-1.233762,-2.227908
1z9g,1z9g_236,4.340,-3.154129,-2.674869
1z9g,1z9g_253,7.260,-6.510283,-2.428499
1z9g,1z9g_269,8.330,-7.366062,-2.146967
1z9g,1z9g_285,6.380,-3.699322,-2.708951
1z9g,1z9g_317,8.370,-7.738405,-3.865371
1z9g,1z9g_406,5.030,-4.118155,-1.969206
1z9g,1z9g_421,6.310,-4.339347,-2.602659
1z9g,1z9g_432,3.400,-3.119591,-2.095153
1z9g,1z9g_442,2.840,-1.443700,-2.200308
1z9g,1z9g_453,2.960,-1.607802,-2.565789
1z9g,1z9g_455,2.950,-2.133497,-1.977788
1z9g,1z9g_465,3.140,-2.950255,-2.470128
1z9g,1z9g_468,3.340,-2.344544,-2.052954
1z9g,1z9g_472,2.100,-2.617600,-2.461958
1z9g,1z9g_481,4.170,-3.219131,-2.363790
1z9g,1z9g_484,4.210,-3.207365,-2.625848
1z9g,1z9g_490,2.800,-1.533549,-2.041073
1z9g,1z9g_527,6.170,-5.724584,-4.113598
1z9g,1z9g_551,4.620,-2.753675,-2.577753
1z9g,1z9g_575,6.090,-5.276345,-3.311644
1z9g,1z9g_581,3.920,-2.138995,-2.520521
1z9g,1z9g_582,4.670,-2.361213,-3.233043
1z9g,1z9g_583,5.160,-2.130503,-3.490793
1z9g,1z9g_585,2.830,-1.677714,-2.909322
1z9g,1z9g_588,8.280,-7.772532,-4.333885
1z9g,1z9g_593,5.010,-3.011450,-2.714271
1z9g,1z9g_595,6.560,-6.969784,-4.972978
1z9g,1z9g_596,6.710,-5.554709,-2.815282
1z9g,1z9g_597,5.760,-2.687541,-3.483384
1z9g,1z9g_598,4.720,-2.355343,-3.682961
1z9g,1z9g_608,6.520,-5.143346,-3.782795
1z9g,1z9g_609,4.040,-2.105793,-2.587665
1z9g,1z9g_613,7.570,-7.446857,-4.096155
1z9g,1z9g_618,8.520,-7.764823,-2.002625
1z9g,1z9g_626,7.240,-6.114319,-3.928979
1z9g,1z9g_634,7.200,-7.179605,-3.562965
1z9g,1z9g_638,8.810,-7.805059,-4.650941
1z9g,1z9g_641,8.100,-7.316580,-3.742485
1z9g,1z9g_647,7.130,-6.423810,-3.432302
1z9g,1z9g_651,5.940,-5.698196,-3.599120
1z9g,1z9g_667,9.090,-7.038471,-2.470763
1z9g,1z9g_678,8.300,-7.373564,-3.027105
1z9g,1z9g_679,3.790,-2.013546,-2.029639
1z9g,1z9g_68,7.030,-5.392724,-2.415505
1z9g,1z9g_680,3.400,-1.905687,-2.389269
1z9g,1z9g_684,8.050,-7.869615,-5.220833
1z9g,1z9g_694,8.100,-7.971270,-4.748851
1z9g,1z9g_699,7.190,-7.124941,-3.106871
1z9g,1z9g_701,1.850,-1.239454,-1.887462
1z9g,1z9g_703,1.490,-1.236773,-2.406341
1z9g,1z9g_707,1.780,-1.313199,-2.093373
1z9g,1z9g_710,1.510,-1.266923,-2.373116
1z9g,1z9g_715,1.410,-1.070343,-2.480641
1z9g,1z9g_720,1.770,-1.185318,-2.128584
1z9g,1z9g_721,1.480,-1.301762,-2.491628
1z9g,1z9g_722,0.570,-1.354177,-2.425484
1z9g,1z9g_723,0.820,-1.149098,-2.505560
1z9g,1z9g_725,1.680,-1.109864,-2.451942
1z9g,1z9g_734,4.550,-3.948642,-2.456789
1z9g,1z9g_738,0.520,-0.972303,-2.024003
1z9g,1z9g_741,1.750,-1.052727,-1.870718
1z9g,1z9g_742,0.760,-1.453228,-2.732933
1z9g,1z9g_747,0.960,-0.935259,-2.409011
1z9g,1z9g_749,3.980,-2.607605,-3.216090
1z9g,1z9g_750,6.930,-6.530874,-2.459965
1z9g,1z9g_753,6.460,-5.254462,-2.688938
1z9g,1z9g_763,5.060,-2.007126,-2.812876
1z9g,1z9g_769,4.720,-3.886834,-2.037884
1z9g,1z9g_784,4.110,-2.117250,-3.377961
1z9g,1z9g_787,8.310,-7.414768,-2.352794
1z9g,1z9g_789,0.750,-1.339944,-2.647996
1z9g,1z9g_790,0.640,-1.200417,-2.135406
1z9g,1z9g_793,0.830,-1.258445,-3.601372
1z9g,1z9g_817,0.820,-1.227593,-2.256583
1z9g,1z9g_845,3.120,-1.593140,-2.354059
1z9g,1z9g_849,0.890,-1.351282,-2.515967
1z9g,1z9g_851,7.100,-6.230573,-3.040437
1z9g,1z9g_852,3.780,-2.306798,-2.706188
1z9g,1z9g_853,5.100,-1.620471,-2.844097
1z9g,1z9g_870,7.240,-5.720845,-2.987313
1z9g,1z9g_873,5.260,-2.878269,-2.424097
1z9g,1z9g_876,2.720,-1.251511,-3.116628
1z9g,1z9g_879,5.550,-4.415565,-2.672772
1z9g,1z9g_880,3.640,-1.963158,-3.672053
1z9g,1z9g_887,2.740,-1.301096,-2.775040
1z9g,1z9g_968,6.440,-4.846976,-2.841335
2al5,2al5_121,0.830,-1.196182,-1.318835
2al5,2al5_243,0.460,-0.568291,-1.341894
2al5,2al5_26,1.980,-1.290515,-0.745070
2al5,2al5_323,0.230,-0.506819,-0.937249
2al5,2al5_339,0.410,-0.364569,-1.594797
2al5,2al5_401,0.880,-0.541989,-1.962528
2al5,2al5_406,1.960,-0.869923,-1.077051
2al5,2al5_412,0.860,-0.696651,-1.276379
2al5,2al5_421,1.090,-0.825053,-1.358006
2al5,2al5_426,2.020,-1.400927,-2.114621
2al5,2al5_432,0.800,-1.216548,-1.487584
2al5,2al5_434,4.540,-1.341619,-1.018485
2al5,2al5_436,0.760,-0.448211,-1.277579
2al5,2al5_444,1.980,-2.413093,-1.139296
2al5,2al5_450,2.190,-0.810251,-1.049173
2al5,2al5_463,0.990,-1.344987,-1.699924
2al5,2al5_469,1.440,-1.368648,-1.220298
2al5,2al5_473,1.720,-1.511779,-1.540454
2al5,2al5_478,4.690,-1.459876,-1.710753
2al5,2al5_495,4.770,-2.287586,-0.991872
2al5,2al5_496,1.460,-1.213062,-1.547394
2al5,2al5_498,0.880,-0.677863,-1.160979
2al5,2al5_500,2.110,-1.711140,-1.137965
2al5,2al5_516,1.460,-1.045133,-1.591502
2al5,2al5_550,4.660,-1.438750,-1.751015
2al5,2al5_573,4.730,-2.326081,-2.356164
2al5,2al5_587,1.360,-1.305928,-2.145157
2al5,2al5_599,2.290,-2.166855,-1.627485
2al5,2al5_624,1.520,-2.093567,-1.180693
2al5,2al5_639,2.310,-1.830107,-1.748174
2al5,2al5_643,4.660,-4.327464,-2.393203
2al5,2al5_667,4.370,-1.377361,-1.110457
2al5,2al5_682,3.720,-3.693165,-2.159431
2al5,2al5_687,2.300,-2.046214,-2.072544
2al5,2al5_699,2.070,-2.120275,-1.553058
2al5,2al5_700,4.410,-2.591595,-1.059370
2al5,2al5_740,5.060,-3.383479,-1.590411
2al5,2al5_747,4.770,-3.869711,-1.883472
2al5,2al5_754,2.220,-1.971012,-1.226638
2al5,2al5_756,3.980,-4.328642,-1.962466
2al5,2al5_759,3.500,-3.726517,-1.826034
2al5,2al5_761,2.640,-2.797808,-1.736430
2al5,2al5_762,5.140,-3.878360,-1.715533
2al5,2al5_763,5.080,-4.398104,-3.848046
2al5,2al5_769,2.930,-3.436925,-2.238676
2al5,2al5_775,5.170,-4.590851,-3.458633
2al5,2al5_777,5.090,-4.579122,-3.409419
2al5,2al5_778,5.120,-4.524898,-3.323199
2al5,2al5_779,5.060,-4.516190,-3.724143
2al5,2al5_781,4.360,-3.912496,-2.259402
2al5,2al5_787,5.030,-4.504239,-3.042472
2al5,2al5_788,5.040,-4.290436,-2.867987
2br1,2br1_118,3.260,-0.886104,-2.439864
2br1,2br1_167,3.160,-1.712833,-1.636616
2br1,2br1_195,3.990,-1.711146,-1.939413
2br1,2br1_208,2.030,-0.971286,-1.443900
2br1,2br1_228,7.070,-5.882024,-2.495508
2br1,2br1_248,6.680,-4.864337,-1.966813
2br1,2br1_257,1.800,-1.450712,-1.493423
2br1,2br1_315,0.700,-0.470583,-1.325374
2br1,2br1_316,0.920,-0.421688,-1.795845
2br1,2br1_349,1.000,-0.406613,-1.612090
2br1,2br1_354,0.830,-0.378358,-1.827266
2br1,2br1_356,0.990,-0.765140,-1.777837
2br1,2br1_375,0.910,-0.477944,-1.492723
2br1,2br1_383,0.570,-0.665247,-1.612040
2br1,2br1_392,0.830,-0.528951,-1.680440
2br1,2br1_413,5.830,-3.959887,-1.582969
2br1,2br1_416,6.310,-4.926478,-2.519884
2br1,2br1_419,6.030,-4.022648,-2.023024
2br1,2br1_430,5.360,-3.789930,-1.953253
2br1,2br1_433,2.880,-1.560461,-1.229581
2br1,2br1_455,6.240,-4.359238,-1.775692
2br1,2br1_47,0.840,-0.568862,-1.314258
2br1,2br1_475,6.120,-4.648863,-2.290059
2br1,2br1_479,6.540,-4.147114,-2.845777
2br1,2br1_502,2.370,-1.420758,-1.466306
2br1,2br1_511,3.170,-2.646810,-1.626037
2br1,2br1_523,4.720,-3.277414,-1.641920
2br1,2br1_524,3.560,-2.297377,-1.988132
2br1,2br1_540,3.470,-2.228527,-1.643461
2br1,2br1_543,1.980,-1.157197,-1.724096
2br1,2br1_549,3.060,-2.641434,-1.449474
2br1,2br1_554,2.690,-1.792840,-1.251182
2br1,2br1_566,5.250,-3.446495,-2.353717
2br1,2br1_572,2.660,-2.185654,-1.467364
2br1,2br1_588,2.030,-1.766679,-1.553656
2br1,2br1_598,5.410,-4.000046,-1.973557
2br1,2br1_606,4.020,-2.313678,-1.445128
2br1,2br1_621,5.230,-3.011871,-1.722219
2br1,2br1_630,3.800,-2.731641,-2.116072
2br1,2br1_649,7.010,-5.969984,-2.333006
2br1,2br1_663,1.750,-1.136829,-1.962453
2br1,2br1_666,2.950,-1.993091,-1.288013
2br1,2br1_673,6.440,-5.136043,-1.618572
2br1,2br1_675,2.140,-1.080261,-1.749123
2br1,2br1_689,2.340,-1.777815,-1.842243
2br1,2br1_694,6.630,-5.609063,-2.652346
2br1,2br1_710,6.460,-4.988038,-3.361423
2br1,2br1_723,4.180,-2.309965,-2.145960
2br1,2br1_744,1.540,-1.315249,-1.711328
2br1,2br1_746,4.180,-1.631089,-1.297618
2br1,2br1_760,5.120,-4.107448,-2.259841
2br1,2br1_762,1.420,-1.265625,-1.561320
2br1,2br1_763,0.930,-0.862763,-1.742815
2br1,2br1_764,5.450,-3.676762,-1.766971
2br1,2br1_767,4.660,-1.582851,-1.754981
2br1,2br1_769,1.240,-0.928807,-1.690560
2br1,2br1_789,3.200,-1.448080,-2.051792
2br1,2br1_790,5.040,-2.927891,-2.763672
2br1,2br1_831,4.160,-2.699917,-1.636684
2br1,2br1_835,3.830,-1.785335,-1.434051
2br1,2br1_850,4.080,-1.848118,-1.820077
2br1,2br1_854,4.410,-2.035214,-1.495679
2br1,2br1_857,2.670,-1.773685,-1.518300
2br1,2br1_866,1.460,-1.003795,-1.535501
2br1,2br1_873,1.630,-0.851605,-2.083574
2br1,2br1_879,1.620,-0.540531,-1.610966
2br1,2br1_897,4.140,-1.946024,-1.424690
2br1,2br1_952,6.000,-3.339222,-2.625112
2br1,2br1_966,5.190,-3.210479,-2.843433
2br1,2br1_976,1.620,-1.110739,-1.406109
2br1,2br1_984,4.410,-2.651572,-2.005409
2br1,2br1_988,6.010,-3.257083,-2.828549
2brb,2brb_128,4.540,-1.531106,-4.480246
2brb,2brb_13,4.140,-1.632408,-5.050367
2brb,2brb_146,4.830,-1.398939,-5.223302
2brb,2brb_183,3.970,-1.749655,-4.905392
2brb,2brb_214,1.070,-0.993552,-4.760540
2brb,2brb_223,0.810,-0.716782,-4.890463
2brb,2brb_246,0.980,-1.025095,-4.453224
2brb,2brb_285,4.320,-1.164518,-5.000778
2brb,2brb_302,0.710,-0.353357,-4.707097
2brb,2brb_318,0.710,-0.387216,-4.773218
2brb,2brb_361,0.540,-0.357581,-4.260232
2brb,2brb_383,0.620,-0.487576,-4.693014
2brb,2brb_405,5.630,-2.711782,-5.658564
2brb,2brb_406,6.540,-3.527286,-5.740404
2brb,2brb_408,6.380,-3.223061,-5.959167
2brb,2brb_425,6.500,-3.847214,-6.501746
2brb,2brb_442,6.550,-4.014709,-5.937356
2brb,2brb_449,5.750,-3.170533,-5.792732
2brb,2brb_452,4.370,-1.299173,-5.222834
2brb,2brb_460,3.390,-1.327907,-5.073633
2brb,2brb_466,6.060,-4.089103,-5.206941
2brb,2brb_469,5.350,-2.046113,-5.153308
2brb,2brb_474,3.650,-0.898465,-5.830065
2brb,2brb_477,4.500,-4.687298,-6.200018
2brb,2brb_490,1.710,-1.031341,-4.843082
2brb,2brb_494,5.040,-4.295721,-5.240499
2brb,2brb_501,2.990,-2.031521,-4.978203
2brb,2brb_502,2.450,-1.459527,-5.052807
2brb,2brb_514,3.020,-1.837571,-5.039222
2brb,2brb_521,2.260,-1.649103,-5.597209
2brb,2brb_522,2.230,-1.308277,-6.328433
2brb,2brb_533,3.990,-1.060705,-5.001080
2brb,2brb_539,5.010,-1.973746,-4.675727
2brb,2brb_550,5.030,-2.568987,-5.338037
2brb,2brb_558,2.270,-1.515466,-5.202672
2brb,2brb_568,2.590,-0.954328,-5.061293
2brb,2brb_582,3.220,-2.441626,-5.287401
2brb,2brb_586,4.470,-1.654271,-4.801263
2brb,2brb_593,3.230,-1.303754,-4.763958
2brb,2brb_594,4.390,-2.561091,-4.564306
2brb,2brb_596,1.620,-0.338342,-5.170851
2brb,2brb_597,2.960,-1.484563,-4.870844
2brb,2brb_601,7.080,-5.505789,-6.053578
2brb,2brb_608,4.270,-3.186262,-5.490928
2brb,2brb_624,3.540,-2.375383,-4.573132
2brb,2brb_643,3.950,-2.660496,-5.350500
2brb,2brb_655,6.580,-5.370098,-4.865001
2brb,2brb_666,4.250,-1.541070,-5.287480
2brb,2brb_671,2.930,-2.191636,-5.120334
2brb,2brb_672,3.950,-1.137610,-5.143190
2brb,2brb_674,5.180,-3.814133,-5.108287
2brb,2brb_675,2.510,-1.959660,-5.045237
2brb,2brb_682,1.090,-1.022473,-5.542097
2brb,2brb_693,2.500,-1.851727,-5.048235
2brb,2brb_696,5.090,-2.717653,-4.833324
2brb,2brb_697,1.880,-1.917312,-4.878782
2brb,2brb_705,0.770,-0.676671,-4.128204
2brb,2brb_713,1.460,-1.064337,-4.491843
2brb,2brb_743,0.710,-0.381819,-4.503334
2brb,2brb_745,1.810,-0.862394,-4.723143
2brb,2brb_751,1.420,-0.950628,-4.038129
2brb,2brb_752,0.930,-0.957610,-4.216606
2brb,2brb_754,5.040,-2.164648,-5.509109
2brb,2brb_759,5.570,-3.631105,-4.801747
2brb,2brb_85,0.930,-0.441067,-4.689149
2brb,2brb_88,1.310,-0.690151,-4.874641
2brb,2brb_94,6.100,-2.939640,-5.918306
2brb,2brb_941,1.600,-0.520047,-4.140559
2c3i,2c3i_16,0.970,-1.188900,-2.500946
2c3i,2c3i_32,5.670,-4.554156,-2.582833
2c3i,2c3i_338,1.570,-0.452984,-2.366674
2c3i,2c3i_382,2.750,-0.821673,-2.416783
2c3i,2c3i_387,0.980,-0.793171,-1.935863
2c3i,2c3i_389,2.260,-0.759130,-2.604896
2c3i,2c3i_403,2.460,-2.950205,-2.016692
2c3i,2c3i_412,4.540,-2.219414,-2.519518
2c3i,2c3i_424,4.000,-3.813790,-3.127131
2c3i,2c3i_435,0.990,-1.084315,-1.962186
2c3i,2c3i_441,6.060,-3.344991,-3.373882
2c3i,2c3i_444,5.610,-2.080832,-2.330098
2c3i,2c3i_45,1.630,-1.449716,-1.774421
2c3i,2c3i_453,2.040,-0.825581,-1.914253
2c3i,2c3i_456,4.300,-2.672731,-3.595108
2c3i,2c3i_482,4.300,-0.848974,-3.194508
2c3i,2c3i_491,1.760,-0.905188,-2.097884
2c3i,2c3i_494,4.260,-1.692196,-2.618913
2c3i,2c3i_503,5.100,-2.507176,-2.981819
2c3i,2c3i_506,4.400,-2.528350,-2.223257
2c3i,2c3i_507,5.080,-2.852216,-2.675086
2c3i,2c3i_521,5.010,-1.670029,-2.520093
2c3i,2c3i_522,3.710,-1.032853,-2.674199
2c3i,2c3i_556,2.880,-1.476696,-2.219372
2c3i,2c3i_559,4.640,-2.409276,-2.835942
2c3i,2c3i_56,4.570,-1.310759,-2.249785
2c3i,2c3i_560,4.540,-2.684133,-2.396019
2c3i,2c3i_571,5.380,-4.388962,-2.293631
2c3i,2c3i_573,3.340,-1.746994,-2.485420
2c3i,2c3i_574,3.710,-2.095129,-1.981383
2c3i,2c3i_580,3.980,-1.537130,-2.704517
2c3i,2c3i_590,3.840,-1.494867,-2.579374
2c3i,2c3i_592,3.720,-2.471187,-2.888273
2c3i,2c3i_603,4.990,-3.969520,-2.790313
2c3i,2c3i_609,2.480,-1.891501,-2.332150
2c3i,2c3i_619,2.960,-1.497050,-1.969848
2c3i,2c3i_62,2.010,-1.630296,-2.559210
2c3i,2c3i_637,4.210,-1.814174,-2.654495
2c3i,2c3i_650,1.800,-1.365267,-2.007502
2c3i,2c3i_658,6.040,-2.711331,-2.755025
2c3i,2c3i_659,2.620,-1.116105,-2.212173
2c3i,2c3i_663,6.350,-4.927566,-2.743218
2c3i,2c3i_675,3.890,-2.149864,-2.252760
2c3i,2c3i_680,1.240,-1.341158,-2.523178
2c3i,2c3i_687,6.100,-5.229225,-3.240604
2c3i,2c3i_690,3.120,-1.423190,-2.606134
2c3i,2c3i_693,2.070,-1.508492,-3.009452
2c3i,2c3i_696,5.300,-2.344962,-3.029149
2c3i,2c3i_699,6.420,-5.900575,-3.119312
2c3i,2c3i_719,5.280,-1.436959,-2.060774
2c3i,2c3i_720,1.180,-1.314802,-2.335116
2c3i,2c3i_729,0.680,-0.995158,-1.819097
2c3i,2c3i_734,0.970,-1.107744,-1.820925
2c3i,2c3i_743,5.060,-3.194438,-2.164875
2c3i,2c3i_746,3.980,-1.773610,-2.474059
2c3i,2c3i_749,5.240,-2.481777,-2.388318
2c3i,2c3i_799,0.900,-0.939037,-2.447761
2c3i,2c3i_818,1.740,-0.783904,-1.647100
2c3i,2c3i_823,0.880,-0.876671,-2.267202
2c3i,2c3i_846,0.690,-1.153837,-2.057104
2c3i,2c3i_857,1.060,-1.121132,-2.289449
2c3i,2c3i_861,0.850,-1.099031,-2.117615
2c3i,2c3i_895,0.730,-1.142566,-1.807340
2c3i,2c3i_917,1.480,-1.256876,-2.104354
2c3i,2c3i_954,1.500,-1.324310,-3.061656
2cbv,2cbv_291,0.470,-0.804562,-1.887764
2cbv,2cbv_312,0.580,-0.414875,-1.194939
2cbv,2cbv_409,0.970,-1.290723,-1.756367
2cbv,2cbv_413,2.020,-1.245770,-2.381376
2cbv,2cbv_422,0.930,-0.674923,-2.621105
2cbv,2cbv_452,0.960,-1.096181,-1.309092
2cbv,2cbv_453,2.150,-1.227900,-3.178033
2cbv,2cbv_470,1.860,-1.806548,-2.290931
2cbv,2cbv_484,3.080,-3.895027,-2.888170
2cbv,2cbv_489,1.860,-1.172063,-2.413294
2cbv,2cbv_499,1.400,-1.282132,-2.951599
2cbv,2cbv_524,4.190,-4.713348,-5.435330
2cbv,2cbv_528,5.700,-6.093429,-5.849103
2cbv,2cbv_541,4.110,-3.911350,-3.083768
2cbv,2cbv_542,3.010,-3.320158,-4.526564
2cbv,2cbv_546,4.510,-4.973806,-3.990442
2cbv,2cbv_547,4.620,-4.902601,-3.099402
2cbv,2cbv_548,5.530,-5.753009,-6.305272
2cbv,2cbv_550,3.030,-3.012191,-3.089066
2cbv,2cbv_551,3.500,-4.080169,-3.572705
2cbv,2cbv_552,4.110,-4.546817,-3.209395
2cbv,2cbv_553,6.490,-5.941305,-4.277574
2cbv,2cbv_556,2.750,-3.268303,-2.949792
2cbv,2cbv_560,5.490,-5.465690,-5.310681
2cbv,2cbv_561,6.120,-5.747254,-5.323329
2cbv,2cbv_562,5.360,-5.239192,-4.365884
2cbv,2cbv_563,6.060,-5.786588,-6.361858
2cbv,2cbv_564,5.080,-5.403175,-4.397217
2cbv,2cbv_566,5.120,-5.223682,-4.857813
2cbv,2cbv_567,4.660,-5.251558,-4.154424
2cbv,2cbv_568,4.380,-5.114263,-4.197504
2cbv,2cbv_571,4.900,-5.324166,-4.385183
2cbv,2cbv_573,4.380,-5.362180,-5.481704
2cbv,2cbv_579,4.820,-5.240828,-4.385660
2cbv,2cbv_583,5.700,-5.334266,-5.819211
2cbv,2cbv_586,6.440,-5.498827,-5.556519
2cbv,2cbv_590,6.730,-6.949152,-6.673846
2cbv,2cbv_591,5.720,-5.384037,-5.302856
2cbv,2cbv_592,6.110,-5.934832,-5.595858
2cbv,2cbv_593,6.810,-6.619567,-5.309134
2cbv,2cbv_595,3.160,-3.422819,-3.019002
2cbv,2cbv_596,5.460,-5.884572,-4.870341
2cbv,2cbv_62,0.420,-0.452547,-0.796837
2cbv,2cbv_658,3.210,-3.378544,-3.209230
2cbv,2cbv_661,2.620,-3.100367,-3.875731
2cbv,2cbv_675,3.400,-3.605960,-2.469497
2cbv,2cbv_685,3.100,-2.650529,-2.532942
2cbv,2cbv_696,3.360,-3.085121,-6.318280
2cbv,2cbv_712,0.580,-0.678353,-1.956771
2cbv,2cbv_719,0.380,-0.354031,-2.250662
2cbv,2cbv_753,1.990,-1.152746,-3.011132
2cbv,2cbv_759,2.130,-1.438766,-2.963351
2cbv,2cbv_770,2.510,-2.700860,-2.453061
2cbv,2cbv_772,2.410,-1.159183,-3.736375
2cbv,2cbv_773,1.710,-1.143840,-2.450386
2cbv,2cbv_781,2.460,-1.567091,-1.786069
2cbv,2cbv_785,1.930,-1.096525,-3.308173
2cbv,2cbv_869,1.860,-0.613586,-2.916545
2cbv,2cbv_871,1.720,-1.996010,-2.434064
2cbv,2cbv_872,3.090,-3.325427,-5.343731
2cbv,2cbv_877,1.300,-0.498697,-2.665376
2cbv,2cbv_881,2.360,-2.084562,-2.380924
2cbv,2cbv_90,0.250,-0.422320,-1.926313
2cbv,2cbv_945,0.990,-0.632922,-1.977294
2cbv,2cbv_984,2.050,-1.741670,-2.688005
2cbv,2cbv_985,2.000,-1.373292,-2.553897
2cet,2cet_108,1.210,-1.843293,-1.451670
2cet,2cet_123,0.940,-1.657977,-1.264189
2cet,2cet_125,2.480,-2.898923,-1.112360
2cet,2cet_188,0.680,-1.312437,-1.436011
2cet,2cet_313,0.850,-1.418973,-2.677986
2cet,2cet_326,0.970,-1.464799,-1.251730
2cet,2cet_359,0.880,-1.081237,-1.592629
2cet,2cet_378,4.070,-5.742657,-2.418508
2cet,2cet_406,2.780,-3.294394,-1.946533
2cet,2cet_418,7.120,-4.678835,-1.784467
2cet,2cet_419,3.110,-4.151813,-1.952601
2cet,2cet_421,6.770,-4.336646,-2.518755
2cet,2cet_430,7.190,-3.854944,-1.996240
2cet,2cet_435,3.530,-4.500865,-3.533302
2cet,2cet_436,2.770,-4.125679,-1.765657
2cet,2cet_452,5.970,-5.414567,-2.380100
2cet,2cet_457,7.650,-5.568490,-2.612613
2cet,2cet_458,3.640,-4.492062,-2.383299
2cet,2cet_466,5.900,-4.633044,-3.289121
2cet,2cet_469,7.250,-4.842939,-3.112447
2cet,2cet_474,7.680,-5.261156,-2.525029
2cet,2cet_478,7.670,-5.932261,-2.828258
2cet,2cet_481,1.700,-1.513173,-1.433220
2cet,2cet_518,6.650,-6.273054,-3.083952
2cet,2cet_522,5.750,-6.124577,-2.812766
2cet,2cet_524,1.440,-2.068601,-1.601027
2cet,2cet_528,6.010,-6.650311,-4.179901
2cet,2cet_529,3.360,-4.511864,-2.303168
2cet,2cet_533,3.860,-3.264717,-1.942690
2cet,2cet_540,8.270,-6.535368,-2.836370
2cet,2cet_548,7.300,-6.762938,-3.619279
2cet,2cet_550,5.330,-7.678446,-2.821187
2cet,2cet_552,6.710,-6.096697,-3.285629
2cet,2cet_554,6.450,-6.878612,-2.712468
2cet,2cet_556,4.400,-5.226858,-1.791593
2cet,2cet_560,2.860,-3.030768,-2.354745
2cet,2cet_561,5.160,-5.826597,-2.489129
2cet,2cet_564,1.260,-1.804881,-2.269551
2cet,2cet_566,5.810,-6.058676,-3.720503
2cet,2cet_567,4.850,-7.579200,-3.272387
2cet,2cet_568,5.550,-7.038528,-2.604138
2cet,2cet_569,6.560,-5.710270,-3.203642
2cet,2cet_570,7.500,-6.332534,-2.758297
2cet,2cet_578,8.370,-6.151626,-2.888319
2cet,2cet_580,2.730,-2.343119,-2.990446
2cet,2cet_581,3.270,-4.160691,-2.469628
2cet,2cet_585,7.410,-6.387120,-2.835858
2cet,2cet_588,4.840,-4.916654,-2.089712
2cet,2cet_589,5.100,-6.042192,-3.696855
2cet,2cet_591,6.210,-5.698130,-3.175348
2cet,2cet_592,2.520,-3.207074,-2.564278
2cet,2cet_593,4.500,-4.918028,-2.578152
2cet,2cet_594,4.410,-5.325524,-2.129337
2cet,2cet_595,6.150,-3.951851,-2.009188
2cet,2cet_599,3.180,-3.446683,-1.923490
2cet,2cet_643,4.450,-3.897891,-2.410322
2cet,2cet_656,8.080,-6.804704,-3.138074
2cet,2cet_662,5.780,-5.408516,-3.322153
2cet,2cet_665,2.230,-2.271344,-3.438076
2cet,2cet_668,4.610,-6.557661,-2.865768
2cet,2cet_669,7.780,-7.579917,-3.432237
2cet,2cet_672,6.780,-6.238727,-3.212016
2cet,2cet_673,6.240,-6.172812,-3.523265
2cet,2cet_676,5.210,-6.710886,-3.296433
2cet,2cet_679,2.620,-3.682210,-2.020913
2cet,2cet_682,4.430,-4.875286,-2.954447
2cet,2cet_689,3.470,-4.142986,-1.675732
2cet,2cet_699,5.000,-5.169968,-2.908315
2cet,2cet_722,1.980,-2.656170,-1.861172
2cet,2cet_725,0.830,-1.454412,-1.407846
2cet,2cet_734,0.980,-1.285483,-1.482503
2cet,2cet_741,0.740,-1.526957,-1.666523
2cet,2cet_742,0.890,-1.544259,-2.285918
2cet,2cet_745,3.230,-3.806312,-1.428658
2cet,2cet_756,0.770,-1.972883,-1.343807
2cet,2cet_761,1.510,-1.275861,-1.563545
2cet,2cet_765,2.930,-4.070795,-1.291139
2cet,2cet_768,2.990,-2.586617,-1.986134
2cet,2cet_776,1.080,-1.882608,-1.447952
2cet,2cet_777,3.440,-2.729483,-1.484967
2cet,2cet_855,1.300,-1.350382,-1.840787
2cet,2cet_857,1.470,-1.518067,-1.285892
2cet,2cet_875,1.790,-2.797306,-1.737657
2fvd,2fvd_10,6.000,-4.021482,-2.473839
2fvd,2fvd_102,0.950,-0.898229,-1.875081
2fvd,2fvd_105,3.340,-0.877297,-1.644599
2fvd,2fvd_107,9.570,-4.680949,-2.552576
2fvd,2fvd_116,3.020,-0.756278,-1.761935
2fvd,2fvd_118,3.820,-1.285100,-1.381589
2fvd,2fvd_121,5.080,-3.651623,-2.736260
2fvd,2fvd_122,2.790,-0.612096,-1.795531
2fvd,2fvd_126,9.840,-4.506847,-3.212441
2fvd,2fvd_136,3.470,-0.966464,-1.285017
2fvd,2fvd_169,6.180,-4.350632,-1.915733
2fvd,2fvd_175,5.930,-2.752102,-2.067074
2fvd,2fvd_188,9.920,-4.743775,-2.829414
2fvd,2fvd_200,5.180,-2.783763,-2.451947
2fvd,2fvd_204,2.440,-0.535136,-2.019544
2fvd,2fvd_210,0.640,-0.448641,-1.698221
2fvd,2fvd_211,0.850,-1.078993,-1.760875
2fvd,2fvd_219,7.940,-4.577751,-2.592555
2fvd,2fvd_220,6.850,-6.039507,-2.537875
2fvd,2fvd_223,0.610,-0.702422,-1.651434
2fvd,2fvd_225,2.070,-0.686044,-1.265684
2fvd,2fvd_235,0.870,-0.699605,-1.622271
2fvd,2fvd_238,7.620,-4.963264,-2.694283
2fvd,2fvd_24,5.830,-3.819459,-3.001075
2fvd,2fvd_243,7.600,-6.895244,-2.942612
2fvd,2fvd_266,9.530,-5.275891,-2.304022
2fvd,2fvd_270,1.020,-0.538203,-1.279054
2fvd,2fvd_275,0.920,-0.668212,-1.459103
2fvd,2fvd_282,8.260,-4.470744,-1.928260
2fvd,2fvd_286,1.080,-1.184852,-1.270193
2fvd,2fvd_288,0.540,-0.573429,-1.717237
2fvd,2fvd_292,1.080,-0.497048,-1.696501
2fvd,2fvd_309,8.260,-1.861314,-2.490450
2fvd,2fvd_312,7.640,-2.961580,-2.945705
2fvd,2fvd_34,0.830,-0.363851,-1.694966
2fvd,2fvd_345,1.410,-1.088009,-1.926393
2fvd,2fvd_348,8.610,-3.148806,-2.016376
2fvd,2fvd_369,2.940,-0.544058,-2.067833
2fvd,2fvd_382,3.140,-0.731769,-1.820440
2fvd,2fvd_388,9.280,-4.238539,-2.485766
2fvd,2fvd_39,0.970,-0.824508,-1.397022
2fvd,2fvd_397,8.800,-3.736382,-2.576925
2fvd,2fvd_40,1.030,-1.032761,-1.563694
2fvd,2fvd_408,7.480,-2.192412,-3.584341
2fvd,2fvd_410,5.080,-2.239634,-2.113034
2fvd,2fvd_42,3.040,-0.951086,-1.656770
2fvd,2fvd_421,2.400,-1.527606,-2.521401
2fvd,2fvd_428,4.020,-2.826650,-2.411071
2fvd,2fvd_434,5.270,-2.424438,-2.669558
2fvd,2fvd_435,8.020,-3.785687,-2.421035
2fvd,2fvd_443,4.510,-2.060757,-2.363467
2fvd,2fvd_467,2.590,-2.106238,-2.489444
2fvd,2fvd_468,6.250,-2.959917,-2.034952
2fvd,2fvd_469,6.870,-2.285291,-1.548009
2fvd,2fvd_475,7.640,-2.789978,-2.313028
2fvd,2fvd_478,4.020,-2.892476,-2.620833
2fvd,2fvd_48,6.580,-4.540411,-2.525176
2fvd,2fvd_484,8.020,-7.720946,-3.410466
2fvd,2fvd_490,3.340,-2.493707,-2.015189
2fvd,2fvd_495,3.170,-2.474034,-2.515274
2fvd,2fvd_50,6.500,-4.152001,-2.662962
2fvd,2fvd_505,3.290,-2.334111,-2.545705
2fvd,2fvd_553,4.860,-4.608593,-2.246055
2fvd,2fvd_555,2.090,-1.582798,-1.719940
2fvd,2fvd_585,6.620,-3.448482,-2.374833
2fvd,2fvd_592,7.910,-3.178782,-2.088369
2fvd,2fvd_599,5.820,-1.332551,-2.300587
2fvd,2fvd_6,2.580,-1.427788,-1.884168
2fvd,2fvd_602,8.570,-5.314768,-2.669757
2fvd,2fvd_603,4.130,-1.679582,-2.632913
2fvd,2fvd_606,4.960,-4.685233,-2.719151
2fvd,2fvd_610,8.030,-4.716043,-1.825351
2fvd,2fvd_62,4.000,-3.741470,-2.089875
2fvd,2fvd_637,5.500,-4.188654,-2.803445
2fvd,2fvd_638,8.130,-5.291576,-2.582074
2fvd,2fvd_639,5.670,-5.416360,-2.410031
2fvd,2fvd_640,4.190,-2.715718,-2.485488
2fvd,2fvd_642,7.900,-5.089514,-2.384578
2fvd,2fvd_645,4.450,-3.465439,-1.984293
2fvd,2fvd_649,9.030,-4.911367,-2.178510
2fvd,2fvd_65,1.350,-0.929051,-1.472773
2fvd,2fvd_673,6.040,-5.235050,-2.200986
2fvd,2fvd_679,5.080,-4.265366,-2.347744
2fvd,2fvd_680,9.330,-6.090583,-2.597729
2fvd,2fvd_695,4.600,-3.836436,-2.288477
2fvd,2fvd_698,6.840,-3.427831,-2.708069
2fvd,2fvd_71,7.200,-2.859333,-1.543593
2fvd,2fvd_72,6.810,-5.565165,-2.757083
2fvd,2fvd_747,1.690,-1.031163,-1.990747
2fvd,2fvd_751,2.130,-0.753925,-2.522859
2fvd,2fvd_76,1.220,-0.884915,-1.172596
2fvd,2fvd_778,9.130,-7.673069,-2.118770
2fvd,2fvd_780,2.130,-0.980369,-1.749464
2fvd,2fvd_783,9.940,-4.117874,-3.144939
2fvd,2fvd_809,2.000,-0.519954,-1.596400
2fvd,2fvd_86,1.320,-0.917810,-1.419568
2fvd,2fvd_872,9.310,-8.328672,-2.870509
2fvd,2fvd_880,8.060,-1.094583,-2.167296
2fvd,2fvd_881,7.680,-4.193868,-2.021827
2fvd,2fvd_889,0.890,-0.903102,-1.298571
2fxs,2fxs_120,5.250,-3.879591,-2.028976
2fxs,2fxs_142,2.450,-1.369485,-1.250450
2fxs,2fxs_153,3.060,-0.766449,-1.295215
2fxs,2fxs_163,4.650,-1.856115,-1.816261
2fxs,2fxs_241,3.830,-1.762759,-1.215682
2fxs,2fxs_251,3.960,-1.398917,-2.241166
2fxs,2fxs_266,4.150,-1.388527,-1.658481
2fxs,2fxs_336,0.760,-0.604185,-1.636605
2fxs,2fxs_345,0.670,-0.563375,-1.419855
2fxs,2fxs_397,6.380,-3.524219,-2.548934
2fxs,2fxs_41,0.600,-0.653801,-1.146111
2fxs,2fxs_453,6.090,-4.687943,-1.807807
2fxs,2fxs_49,0.690,-0.750392,-1.362578
2fxs,2fxs_491,6.220,-3.780468,-2.099172
2fxs,2fxs_507,5.420,-4.725732,-1.739557
2fxs,2fxs_521,1.780,-1.384490,-1.446848
2fxs,2fxs_552,6.070,-7.636837,-2.043464
2fxs,2fxs_559,4.460,-2.115835,-1.661672
2fxs,2fxs_564,5.110,-5.593445,-2.326221
2fxs,2fxs_576,3.870,-4.835710,-1.021027
2fxs,2fxs_584,1.920,-1.227857,-1.462346
2fxs,2fxs_597,5.050,-2.146063,-1.449767
2fxs,2fxs_608,1.550,-1.783369,-1.366958
2fxs,2fxs_632,6.410,-3.628046,-2.379804
2fxs,2fxs_636,1.700,-2.222990,-1.735664
2fxs,2fxs_643,6.050,-7.941926,-2.087251
2fxs,2fxs_67,0.630,-0.617403,-1.259964
2fxs,2fxs_678,5.600,-3.292372,-1.505981
2fxs,2fxs_693,4.160,-5.547406,-2.006816
2fxs,2fxs_697,2.910,-0.630886,-2.085629
2fxs,2fxs_701,5.930,-7.570088,-1.221567
2fxs,2fxs_704,2.370,-0.856284,-1.132169
2fxs,2fxs_706,1.290,-0.836685,-1.214170
2fxs,2fxs_730,4.370,-1.752830,-1.419468
2fxs,2fxs_745,1.580,-0.424463,-1.334118
2fxs,2fxs_747,5.360,-1.823563,-2.023220
2fxs,2fxs_750,1.390,-1.137318,-1.259865
2fxs,2fxs_751,2.730,-0.905578,-1.499945
2fxs,2fxs_753,3.290,-1.537506,-1.568016
2fxs,2fxs_754,4.770,-4.021254,-1.364389
2fxs,2fxs_760,1.890,-0.832798,-1.010565
2fxs,2fxs_763,2.660,-1.116435,-1.202710
2fxs,2fxs_764,2.860,-1.433953,-1.482704
2fxs,2fxs_769,4.370,-1.550040,-1.926188
2fxs,2fxs_770,3.200,-1.163868,-1.409675
2fxs,2fxs_774,3.130,-1.247689,-1.505751
2fxs,2fxs_775,2.060,-0.987488,-1.123890
2fxs,2fxs_777,4.020,-2.033398,-1.588545
2fxs,2fxs_779,3.640,-1.079494,-1.154081
2fxs,2fxs_789,4.770,-1.478168,-1.897143
2fxs,2fxs_815,1.490,-0.830721,-1.399953
2fxs,2fxs_827,0.870,-0.706218,-1.350119
2fxs,2fxs_861,3.630,-0.776420,-1.413355
2fxs,2fxs_864,4.680,-1.716840,-1.614832
2fxs,2fxs_869,3.930,-1.525378,-1.353492
2fxs,2fxs_876,5.180,-3.148756,-1.663238
2fxs,2fxs_879,2.500,-1.382173,-1.388018
2fxs,2fxs_889,2.310,-1.373572,-1.334087
2fxs,2fxs_896,5.160,-2.220484,-1.689173
2fxs,2fxs_905,1.620,-0.790900,-1.064507
2fxs,2fxs_910,5.750,-3.387903,-1.707586
2fxs,2fxs_921,0.950,-0.466431,-1.315231
2fxs,2fxs_927,0.790,-0.390001,-1.343252
2fxs,2fxs_939,2.970,-0.917645,-1.482398
2fxs,2fxs_941,0.650,-0.457362,-1.462355
2fxs,2fxs_953,0.540,-0.409540,-1.910645
2hb1,2hb1_102,1.070,-0.415854,-4.486546
2hb1,2hb1_134,0.790,-0.401095,-5.970715
2hb1,2hb1_148,0.810,-0.803652,-4.359116
2hb1,2hb1_149,1.180,-1.682453,-6.046165
2hb1,2hb1_167,0.530,-0.529251,-6.163645
2hb1,2hb1_175,0.410,-0.479341,-4.583072
2hb1,2hb1_313,0.320,-0.748974,-4.462388
2hb1,2hb1_330,0.980,-1.028942,-5.684003
2hb1,2hb1_376,1.140,-0.892593,-5.265568
2hb1,2hb1_408,2.970,-1.196893,-4.592357
2hb1,2hb1_417,0.900,-1.036853,-6.071290
2hb1,2hb1_424,1.250,-1.499485,-5.768264
2hb1,2hb1_427,2.190,-1.320221,-5.116288
2hb1,2hb1_438,3.880,-1.154385,-5.767884
2hb1,2hb1_440,2.990,-1.520131,-5.034384
2hb1,2hb1_447,3.260,-1.566945,-5.023560
2hb1,2hb1_448,2.230,-1.605320,-5.806865
2hb1,2hb1_457,1.000,-0.941751,-5.820170
2hb1,2hb1_463,3.080,-2.149207,-5.240727
2hb1,2hb1_477,3.390,-1.950810,-5.935678
2hb1,2hb1_480,1.850,-1.687982,-5.701431
2hb1,2hb1_485,1.880,-1.519480,-6.116158
2hb1,2hb1_495,3.340,-1.154883,-6.458689
2hb1,2hb1_504,2.100,-2.854986,-6.245753
2hb1,2hb1_559,3.010,-1.397245,-5.553625
2hb1,2hb1_562,1.900,-2.035269,-6.132578
2hb1,2hb1_573,3.140,-1.538957,-4.700853
2hb1,2hb1_574,3.200,-1.602982,-5.282191
2hb1,2hb1_613,2.720,-1.510915,-4.577384
2hb1,2hb1_640,0.730,-0.861005,-5.529242
2hb1,2hb1_642,1.670,-0.995832,-5.736777
2hb1,2hb1_664,4.260,-5.406778,-5.637994
2hb1,2hb1_666,2.160,-2.317904,-6.555593
2hb1,2hb1_675,3.020,-2.761448,-7.062387
2hb1,2hb1_689,1.850,-2.448261,-6.356526
2hb1,2hb1_690,1.340,-1.210210,-5.031778
2hb1,2hb1_695,2.760,-1.072028,-6.696686
2hb1,2hb1_763,2.200,-1.649241,-6.172054
2hb1,2hb1_772,2.570,-2.221844,-5.120664
2hb1,2hb1_785,3.670,-2.955067,-5.565786
2hb1,2hb1_981,0.790,-0.839455,-5.838354
2iwx,2iwx_101,0.420,-0.579739,-1.196571
2iwx,2iwx_103,0.970,-0.878800,-0.954715
2iwx,2iwx_315,0.670,-0.736721,-0.917762
2iwx,2iwx_351,0.330,-0.663632,-1.179834
2iwx,2iwx_366,0.540,-0.714846,-1.031469
2iwx,2iwx_368,0.870,-0.784760,-1.602169
2iwx,2iwx_394,0.360,-0.662489,-1.066995
2iwx,2iwx_404,2.130,-1.866100,-1.812305
2iwx,2iwx_406,4.950,-2.972911,-2.442016
2iwx,2iwx_407,1.160,-0.862144,-1.141695
2iwx,2iwx_409,2.580,-2.111402,-1.520871
2iwx,2iwx_412,4.330,-2.734254,-2.079194
2iwx,2iwx_432,1.710,-1.554883,-1.384128
2iwx,2iwx_433,5.250,-3.500973,-2.904442
2iwx,2iwx_438,3.610,-3.033059,-1.992264
2iwx,2iwx_440,1.200,-1.298408,-1.488133
2iwx,2iwx_446,2.240,-2.110092,-1.361926
2iwx,2iwx_456,5.180,-2.907762,-2.562572
2iwx,2iwx_463,3.270,-2.381473,-2.027580
2iwx,2iwx_464,2.720,-1.864851,-1.698018
2iwx,2iwx_469,2.790,-2.575527,-1.816763
2iwx,2iwx_470,5.020,-4.038650,-2.649556
2iwx,2iwx_472,1.270,-1.433776,-1.361795
2iwx,2iwx_480,4.830,-3.383277,-2.479597
2iwx,2iwx_484,1.910,-2.110693,-1.655069
2iwx,2iwx_487,4.080,-3.420440,-1.957657
2iwx,2iwx_492,3.790,-2.722605,-1.228216
2iwx,2iwx_498,3.260,-2.678058,-1.243778
2iwx,2iwx_507,1.140,-1.505920,-1.442719
2iwx,2iwx_508,0.980,-1.308400,-1.023015
2iwx,2iwx_519,2.120,-2.514663,-1.775529
2iwx,2iwx_529,1.480,-1.092189,-1.633663
2iwx,2iwx_534,0.970,-0.723264,-1.271463
2iwx,2iwx_547,6.330,-5.469635,-3.450866
2iwx,2iwx_567,8.370,-8.213707,-3.433807
2iwx,2iwx_570,3.590,-1.942151,-1.531126
2iwx,2iwx_572,2.520,-1.815125,-1.620017
2iwx,2iwx_575,6.900,-5.379148,-3.250924
2iwx,2iwx_578,1.840,-2.050451,-2.133148
2iwx,2iwx_583,4.860,-2.134384,-2.126021
2iwx,2iwx_590,5.950,-5.213215,-2.356812
2iwx,2iwx_596,5.210,-2.030849,-2.858437
2iwx,2iwx_598,2.950,-2.881397,-2.267222
2iwx,2iwx_623,3.900,-2.872084,-2.147044
2iwx,2iwx_631,1.830,-1.571620,-1.395474
2iwx,2iwx_633,1.610,-1.257481,-1.945793
2iwx,2iwx_645,4.300,-2.799957,-2.052974
2iwx,2iwx_647,3.690,-2.631438,-2.301328
2iwx,2iwx_657,2.470,-2.344580,-1.908715
2iwx,2iwx_659,2.440,-1.780331,-1.807345
2iwx,2iwx_663,4.560,-3.809557,-2.647731
2iwx,2iwx_664,5.500,-3.747872,-3.066566
2iwx,2iwx_667,6.100,-5.006080,-2.864619
2iwx,2iwx_671,5.990,-5.015717,-3.350945
2iwx,2iwx_672,4.500,-2.543860,-2.318756
2iwx,2iwx_685,5.590,-4.191740,-2.389404
2iwx,2iwx_728,3.310,-1.047582,-1.839358
2iwx,2iwx_731,6.440,-6.257410,-3.398014
2iwx,2iwx_735,5.390,-4.925179,-2.637960
2iwx,2iwx_745,8.970,-7.886650,-4.372843
2iwx,2iwx_752,4.940,-3.851660,-2.116810
2iwx,2iwx_756,4.950,-5.257626,-1.921894
2iwx,2iwx_757,7.140,-6.094812,-3.306672
2iwx,2iwx_758,6.920,-5.258149,-3.775192
2iwx,2iwx_759,6.900,-6.210454,-2.958902
2iwx,2iwx_760,6.630,-5.932321,-2.232840
2iwx,2iwx_762,6.180,-5.183317,-3.835747
2iwx,2iwx_763,6.010,-3.839037,-2.540734
2iwx,2iwx_766,7.170,-5.979045,-3.216973
2iwx,2iwx_776,3.960,-2.998841,-1.824844
2iwx,2iwx_780,3.990,-3.167335,-2.136445
2iwx,2iwx_801,0.840,-0.953592,-1.220293
2iwx,2iwx_843,8.730,-7.437758,-4.376051
2iwx,2iwx_847,8.680,-7.803690,-4.514900
2iwx,2iwx_866,5.180,-4.414514,-2.092666
2iwx,2iwx_874,6.080,-5.270343,-3.412914
2iwx,2iwx_881,7.080,-6.700873,-3.444999
2iwx,2iwx_970,7.580,-7.355327,-3.495282
2j78,2j78_101,4.110,-3.437078,-4.255193
2j78,2j78_115,4.020,-3.818446,-4.150038
2j78,2j78_140,4.130,-3.672601,-4.051051
2j78,2j78_176,4.080,-3.634085,-3.719808
2j78,2j78_22,0.880,-0.333860,-2.727019
2j78,2j78_31,0.740,-0.423173,-2.525880
2j78,2j78_311,0.370,-0.392617,-3.096904
2j78,2j78_317,4.190,-3.584783,-4.052537
2j78,2j78_320,7.160,-6.834549,-4.352330
2j78,2j78_326,0.700,-0.275463,-3.350512
2j78,2j78_332,7.320,-7.287994,-5.579382
2j78,2j78_349,7.130,-7.295243,-7.503574
2j78,2j78_369,6.930,-7.149082,-5.877871
2j78,2j78_382,4.290,-3.540438,-4.585813
2j78,2j78_383,4.410,-4.075200,-5.235056
2j78,2j78_397,4.260,-3.542239,-4.024860
2j78,2j78_406,0.920,-0.477453,-3.575133
2j78,2j78_458,1.140,-0.446213,-3.054891
2j78,2j78_459,1.990,-0.798532,-3.723830
2j78,2j78_460,1.590,-0.805649,-3.337914
2j78,2j78_471,2.490,-0.912418,-3.650061
2j78,2j78_486,1.860,-1.474138,-4.370294
2j78,2j78_507,1.960,-0.799725,-3.273245
2j78,2j78_52,0.870,-0.325156,-3.055166
2j78,2j78_546,3.940,-3.774364,-5.123199
2j78,2j78_575,4.580,-4.291261,-4.881577
2j78,2j78_597,2.380,-0.901782,-3.999185
2j78,2j78_621,2.290,-1.671393,-5.269222
2j78,2j78_626,3.010,-2.383488,-4.606629
2j78,2j78_650,3.010,-2.163047,-3.560646
2j78,2j78_657,4.470,-3.266035,-4.496456
2j78,2j78_684,3.080,-3.792287,-3.951256
2j78,2j78_716,3.270,-1.821105,-5.237211
2j78,2j78_719,2.340,-0.886549,-3.680988
2j78,2j78_744,2.690,-1.205702,-4.484444
2j78,2j78_751,2.650,-1.563106,-4.684530
2j78,2j78_754,1.880,-0.893179,-3.707282
2j78,2j78_755,2.470,-1.133814,-4.067136
2j78,2j78_777,2.100,-1.491358,-4.191638
2j78,2j78_779,3.260,-1.686726,-4.189208
2j78,2j78_787,2.780,-1.306173,-3.624157
2j78,2j78_795,3.460,-2.367642,-4.311007
2j78,2j78_796,1.750,-0.753487,-4.289844
2j78,2j78_808,0.970,-0.541175,-2.976787
2j78,2j78_812,0.790,-0.307322,-3.017350
2j78,2j78_827,3.510,-2.738363,-5.378304
2j78,2j78_835,1.760,-0.546903,-3.604914
2j78,2j78_857,1.760,-0.563951,-3.487154
2j78,2j78_862,1.560,-0.506466,-3.980934
2j78,2j78_881,2.210,-0.380267,-4.700348
2j78,2j78_882,3.050,-2.067485,-4.342620
2j78,2j78_938,3.090,-1.590902,-4.868477
2j78,2j78_941,0.980,-0.633256,-3.416227
2j78,2j78_97,0.470,-0.233074,-2.629785
2j7h,2j7h_18,0.960,-0.272615,-3.919708
2j7h,2j7h_211,0.490,-0.370453,-4.467430
2j7h,2j7h_219,0.880,-1.098441,-3.899550
2j7h,2j7h_227,2.310,-0.321418,-3.293778
2j7h,2j7h_26,0.410,-0.329510,-3.706373
2j7h,2j7h_274,1.030,-0.850552,-3.924218
2j7h,2j7h_33,2.370,-0.664615,-4.287999
2j7h,2j7h_41,0.430,-0.293740,-3.646081
2j7h,2j7h_451,1.580,-0.577095,-4.713514
2j7h,2j7h_458,2.230,-2.067681,-4.795967
2j7h,2j7h_48,0.170,-0.296828,-4.260952
2j7h,2j7h_480,1.850,-1.585700,-3.809036
2j7h,2j7h_522,3.360,-3.464345,-5.008392
2j7h,2j7h_539,4.380,-4.413967,-4.615269
2j7h,2j7h_541,3.170,-2.879438,-4.027505
2j7h,2j7h_549,3.190,-3.468505,-5.436063
2j7h,2j7h_555,4.820,-5.365936,-6.075332
2j7h,2j7h_557,3.230,-3.250520,-5.418343
2j7h,2j7h_558,4.120,-4.049995,-4.823726
2j7h,2j7h_56,0.850,-0.329371,-3.228720
2j7h,2j7h_563,4.060,-4.503598,-5.272158
2j7h,2j7h_567,4.310,-4.390578,-5.715184
2j7h,2j7h_569,4.330,-4.468800,-4.887718
2j7h,2j7h_586,4.010,-4.172044,-4.554953
2j7h,2j7h_597,5.020,-4.764690,-6.317035
2j7h,2j7h_633,3.100,-2.750199,-5.362766
2j7h,2j7h_720,0.450,-0.290670,-3.666771
2j7h,2j7h_721,0.750,-0.500759,-3.765517
2j7h,2j7h_727,1.460,-1.029216,-3.331514
2j7h,2j7h_733,1.710,-0.606955,-3.490199
2j7h,2j7h_736,1.380,-0.643961,-3.762126
2j7h,2j7h_747,1.410,-1.061589,-4.248002
2j7h,2j7h_752,4.110,-4.073847,-5.382748
2j7h,2j7h_761,1.520,-1.022611,-3.395803
2j7h,2j7h_762,1.590,-1.045653,-3.252480
2j7h,2j7h_767,2.250,-1.344584,-3.089789
2j7h,2j7h_771,2.370,-1.389538,-3.755638
2j7h,2j7h_776,4.390,-4.696870,-4.631882
2j7h,2j7h_778,4.180,-4.666266,-5.381702
2j7h,2j7h_780,3.530,-3.821928,-4.452285
2j7h,2j7h_784,1.900,-1.344354,-3.923149
2j7h,2j7h_787,2.690,-2.868517,-3.767609
2j7h,2j7h_793,3.180,-2.688966,-4.485137
2j7h,2j7h_794,3.350,-2.838620,-4.444776
2j7h,2j7h_795,2.470,-2.345843,-4.289152
2j7h,2j7h_796,2.710,-2.704701,-4.861498
2j7h,2j7h_797,2.430,-1.909789,-4.225224
2j7h,2j7h_840,2.270,-0.961159,-4.139928
2j7h,2j7h_861,3.160,-2.382867,-5.692761
2j7h,2j7h_869,3.870,-4.391334,-5.543213
2j7h,2j7h_912,0.480,-0.290670,-3.666771
2p15,2p15_133,1.140,-0.685304,-1.043871
2p15,2p15_155,4.560,-2.199017,-1.403675
2p15,2p15_216,2.200,-0.955760,-1.366157
2p15,2p15_262,0.400,-0.517838,-1.199194
2p15,2p15_290,0.780,-0.420767,-1.113098
2p15,2p15_331,0.270,-0.490896,-1.230633
2p15,2p15_344,0.780,-0.539801,-1.223452
2p15,2p15_402,1.000,-0.824791,-1.076620
2p15,2p15_404,0.870,-0.967155,-1.511530
2p15,2p15_407,0.900,-0.744889,-0.749548
2p15,2p15_414,3.900,-1.849135,-1.168111
2p15,2p15_415,4.100,-2.164339,-1.266690
2p15,2p15_425,1.500,-2.221287,-1.049899
2p15,2p15_427,3.800,-1.828727,-0.997090
2p15,2p15_435,1.510,-0.993940,-1.697366
2p15,2p15_437,1.380,-1.179027,-1.008571
2p15,2p15_446,1.160,-0.563388,-1.332860
2p15,2p15_453,3.410,-1.829866,-1.629266
2p15,2p15_456,2.540,-1.599081,-1.132846
2p15,2p15_460,1.830,-1.959616,-1.183012
2p15,2p15_466,3.860,-1.683954,-1.126055
2p15,2p15_471,1.990,-1.551309,-1.098722
2p15,2p15_478,3.540,-1.938480,-1.261484
2p15,2p15_479,4.000,-2.209682,-1.090658
2p15,2p15_480,2.100,-1.924440,-0.994731
2p15,2p15_481,2.150,-2.334378,-0.972811
2p15,2p15_489,2.150,-1.837777,-1.188895
2p15,2p15_493,4.100,-2.521823,-1.339566
2p15,2p15_496,4.300,-2.232774,-1.282249
2p15,2p15_546,4.760,-2.554960,-1.141981
2p15,2p15_550,3.780,-1.986099,-0.930608
2p15,2p15_557,2.610,-1.984898,-1.452812
2p15,2p15_567,4.940,-3.455981,-1.200258
2p15,2p15_568,4.630,-1.805651,-1.192365
2p15,2p15_569,2.320,-1.242966,-1.315129
2p15,2p15_578,3.900,-2.760921,-1.605015
2p15,2p15_579,1.530,-1.503410,-1.409305
2p15,2p15_582,5.300,-3.360746,-1.179941
2p15,2p15_589,4.030,-3.080891,-1.383873
2p15,2p15_590,5.210,-3.089765,-1.187013
2p15,2p15_591,3.750,-1.916842,-1.166749
2p15,2p15_592,1.980,-1.510491,-0.933008
2p15,2p15_598,2.020,-1.892709,-1.402300
2p15,2p15_600,5.110,-3.795388,-0.998508
2p15,2p15_645,4.160,-2.283959,-1.081039
2p15,2p15_678,4.560,-2.219824,-1.389840
2p15,2p15_687,2.390,-1.627200,-1.264530
2p15,2p15_699,2.460,-1.424024,-1.036913
2p15,2p15_700,1.670,-1.726815,-1.245454
2p15,2p15_765,3.820,-2.882888,-0.964228
2p15,2p15_801,0.600,-0.976341,-1.266433
2p15,2p15_850,0.620,-0.414844,-1.278838
2p15,2p15_87,0.410,-0.893995,-1.442091
2p4y,2p4y_100,1.680,-1.137428,-2.315178
2p4y,2p4y_103,0.810,-0.927736,-2.751453
2p4y,2p4y_127,7.820,-8.088793,-2.818633
2p4y,2p4y_146,1.980,-0.972168,-2.879009
2p4y,2p4y_152,0.790,-0.512238,-1.678643
2p4y,2p4y_169,1.910,-1.662953,-2.535652
2p4y,2p4y_202,0.810,-0.676860,-2.707857
2p4y,2p4y_208,0.820,-0.765540,-2.861341
2p4y,2p4y_223,4.930,-0.839322,-2.583355
2p4y,2p4y_240,0.790,-0.793131,-2.362074
2p4y,2p4y_247,0.790,-0.517729,-2.960422
2p4y,2p4y_25,4.440,-1.740787,-2.598927
2p4y,2p4y_253,0.590,-0.553969,-2.115016
2p4y,2p4y_268,2.070,-0.636321,-2.098682
2p4y,2p4y_275,5.230,-1.245651,-2.288565
2p4y,2p4y_293,1.460,-1.458230,-2.381947
2p4y,2p4y_297,1.020,-1.149513,-2.555031
2p4y,2p4y_305,3.850,-3.714241,-2.507721
2p4y,2p4y_309,9.260,-8.381765,-3.630311
2p4y,2p4y_314,2.870,-2.636511,-2.879982
2p4y,2p4y_350,9.690,-8.410583,-3.981293
2p4y,2p4y_38,0.880,-1.292377,-2.795753
2p4y,2p4y_407,2.760,-2.207448,-2.074361
2p4y,2p4y_409,3.560,-2.523884,-2.316849
2p4y,2p4y_412,5.840,-4.992266,-2.595353
2p4y,2p4y_419,1.760,-1.146316,-2.180051
2p4y,2p4y_423,2.290,-2.189805,-2.713309
2p4y,2p4y_424,2.580,-1.870445,-2.540329
2p4y,2p4y_435,3.010,-1.812840,-2.264351
2p4y,2p4y_445,3.220,-3.208684,-3.000513
2p4y,2p4y_446,2.290,-2.092449,-2.804825
2p4y,2p4y_456,3.770,-2.931228,-2.780784
2p4y,2p4y_461,1.370,-1.737750,-2.186916
2p4y,2p4y_472,3.480,-3.584112,-2.834585
2p4y,2p4y_509,7.250,-6.571292,-2.887904
2p4y,2p4y_53,6.020,-2.115173,-2.610442
2p4y,2p4y_549,7.410,-5.448390,-2.312150
2p4y,2p4y_564,7.770,-8.054116,-2.789370
2p4y,2p4y_570,7.610,-8.012622,-3.746394
2p4y,2p4y_581,7.350,-6.045072,-2.354379
2p4y,2p4y_582,7.060,-6.009573,-3.246825
2p4y,2p4y_587,2.200,-2.500191,-2.596888
2p4y,2p4y_588,7.370,-5.459307,-2.770958
2p4y,2p4y_591,8.410,-8.185371,-3.247595
2p4y,2p4y_595,4.680,-4.738563,-2.605813
2p4y,2p4y_596,8.210,-7.202256,-3.349564
2p4y,2p4y_600,3.360,-2.431488,-2.255809
2p4y,2p4y_618,8.110,-6.706528,-3.401796
2p4y,2p4y_649,9.850,-8.348434,-2.896633
2p4y,2p4y_665,3.860,-1.962157,-2.700173
2p4y,2p4y_669,5.240,-3.085559,-2.127762
2p4y,2p4y_679,8.200,-7.684241,-2.485274
2p4y,2p4y_685,2.120,-1.337864,-1.712178
2p4y,2p4y_700,7.040,-5.846775,-2.953387
2p4y,2p4y_703,1.460,-1.141612,-2.087824
2p4y,2p4y_714,1.490,-1.530098,-1.986410
2p4y,2p4y_718,5.850,-4.394756,-2.313858
2p4y,2p4y_74,0.950,-0.577672,-1.583248
2p4y,2p4y_748,5.110,-2.014418,-2.392478
2p4y,2p4y_749,5.750,-2.898932,-2.176188
2p4y,2p4y_751,6.150,-4.279168,-2.174085
2p4y,2p4y_752,3.850,-1.260707,-2.742224
2p4y,2p4y_757,4.800,-1.196394,-3.000025
2p4y,2p4y_758,6.560,-3.818353,-2.431099
2p4y,2p4y_761,6.050,-4.716478,-2.594046
2p4y,2p4y_762,5.270,-1.991077,-2.360104
2p4y,2p4y_765,2.770,-2.936522,-2.244402
2p4y,2p4y_767,4.270,-2.049634,-2.409671
2p4y,2p4y_77,0.450,-0.429686,-2.310094
2p4y,2p4y_772,6.800,-4.763615,-2.522384
2p4y,2p4y_773,4.570,-3.077239,-2.719928
2p4y,2p4y_775,4.970,-2.418625,-2.600718
2p4y,2p4y_778,7.140,-5.779658,-2.931491
2p4y,2p4y_781,4.270,-2.506318,-2.616599
2p4y,2p4y_782,4.330,-3.487139,-2.357222
2p4y,2p4y_784,1.560,-1.160038,-2.785322
2p4y,2p4y_785,5.770,-2.813690,-2.555760
2p4y,2p4y_842,6.110,-3.080287,-2.204808
2p4y,2p4y_856,4.350,-2.410667,-2.338649
2p4y,2p4y_859,3.110,-3.101033,-1.832190
2p4y,2p4y_899,6.540,-3.096524,-2.240581
2p4y,2p4y_908,5.940,-1.073354,-2.714639
2p4y,2p4y_932,6.920,-4.955420,-2.206366
2p4y,2p4y_938,2.810,-1.618213,-1.987456
2p4y,2p4y_951,6.270,-5.105663,-3.483938
2p4y,2p4y_961,5.380,-6.044299,-2.482515
2p4y,2p4y_979,6.030,-1.046612,-2.471110
2pog,2pog_402,3.050,-2.239199,-1.765513
2pog,2pog_404,1.380,-1.374828,-1.376425
2pog,2pog_405,0.660,-0.678005,-1.334002
2pog,2pog_434,1.220,-1.206053,-0.994047
2pog,2pog_441,0.770,-1.140427,-1.469175
2pog,2pog_457,1.050,-1.522470,-1.793540
2pog,2pog_468,1.350,-1.584047,-1.366196
2pog,2pog_470,3.020,-1.760079,-1.351128
2pog,2pog_473,2.240,-1.421781,-1.642824
2pog,2pog_479,3.200,-2.493527,-1.312813
2pog,2pog_491,3.100,-2.498877,-1.134245
2pog,2pog_522,2.520,-1.750582,-1.609962
2pog,2pog_530,1.290,-1.151886,-0.962176
2pog,2pog_531,1.670,-1.554076,-1.442839
2pog,2pog_540,0.960,-1.311199,-0.921619
2pog,2pog_552,1.520,-1.848090,-1.143238
2pog,2pog_572,4.210,-3.268982,-1.046790
2pog,2pog_592,2.060,-1.983426,-1.729094
2pog,2pog_593,4.260,-4.222863,-1.309462
2pog,2pog_594,2.660,-1.931689,-0.976643
2pog,2pog_619,3.040,-1.733613,-1.836653
2pog,2pog_627,3.110,-3.215523,-1.797961
2pog,2pog_652,2.190,-1.899667,-0.923948
2pog,2pog_661,3.130,-1.808124,-1.562905
2pog,2pog_694,3.040,-1.598634,-1.102931
2pog,2pog_729,0.710,-0.443986,-0.533375
2pog,2pog_731,0.650,-0.926452,-1.290838
2pog,2pog_734,0.870,-1.042758,-1.349495
2pog,2pog_750,1.030,-0.919726,-1.163802
2pog,2pog_752,1.530,-0.910464,-0.968757
2pog,2pog_760,3.990,-3.732881,-1.144393
2pog,2pog_772,2.760,-1.690646,-1.332965
2pog,2pog_777,3.010,-2.259944,-1.287173
2pog,2pog_785,2.660,-1.285218,-1.030484
2pog,2pog_787,2.970,-2.215587,-1.192718
2pog,2pog_788,4.140,-4.107408,-1.149366
2pog,2pog_791,2.600,-2.185662,-1.104553
2pog,2pog_792,2.680,-2.787417,-1.672123
2pog,2pog_853,1.200,-1.677588,-1.251558
2pog,2pog_856,0.650,-0.831266,-1.319053
2pog,2pog_876,0.850,-1.010333,-1.347984
2pog,2pog_967,0.440,-0.876951,-1.167942
2pog,2pog_994,0.710,-0.639703,-1.003905
2qbp,2qbp_100,7.070,-6.466467,-2.467329
2qbp,2qbp_103,6.770,-5.794332,-2.201454
2qbp,2qbp_110,9.850,-8.262291,-2.139402
2qbp,2qbp_118,5.990,-4.466485,-1.639074
2qbp,2qbp_125,7.370,-6.993543,-1.849534
2qbp,2qbp_13,1.400,-0.764566,-2.124075
2qbp,2qbp_152,7.790,-6.725520,-2.199150
2qbp,2qbp_155,8.340,-7.560101,-2.608002
2qbp,2qbp_158,7.170,-5.391907,-2.292263
2qbp,2qbp_160,7.220,-6.138308,-1.640962
2qbp,2qbp_168,9.070,-8.213363,-2.132999
2qbp,2qbp_187,9.020,-7.943660,-2.252890
2qbp,2qbp_19,7.140,-6.218049,-3.049956
2qbp,2qbp_191,7.480,-7.319194,-2.607470
2qbp,2qbp_204,3.070,-1.610448,-1.963798
2qbp,2qbp_207,6.390,-5.368506,-2.240791
2qbp,2qbp_208,4.980,-3.538619,-1.834379
2qbp,2qbp_225,0.990,-0.989912,-1.729289
2qbp,2qbp_23,6.520,-5.289213,-2.208813
2qbp,2qbp_233,8.790,-7.618958,-2.867763
2qbp,2qbp_234,5.850,-4.778717,-2.091372
2qbp,2qbp_239,4.800,-3.487290,-1.838119
2qbp,2qbp_255,5.800,-4.568337,-2.656257
2qbp,2qbp_256,4.470,-2.581232,-2.204098
2qbp,2qbp_259,0.840,-0.499835,-1.726670
2qbp,2qbp_260,1.540,-1.002696,-1.959738
2qbp,2qbp_265,2.090,-0.918141,-1.587568
2qbp,2qbp_268,8.370,-7.447167,-2.216440
2qbp,2qbp_27,9.110,-8.184197,-3.374882
2qbp,2qbp_272,0.590,-0.444672,-1.834294
2qbp,2qbp_276,0.900,-0.450366,-2.179874
2qbp,2qbp_28,1.850,-0.752770,-1.574533
2qbp,2qbp_283,5.870,-5.309526,-1.808244
2qbp,2qbp_286,6.470,-5.394499,-2.220651
2qbp,2qbp_288,0.770,-0.712034,-1.850891
2qbp,2qbp_29,0.900,-0.473276,-1.655839
2qbp,2qbp_292,1.340,-0.949714,-2.016615
2qbp,2qbp_297,5.300,-4.015690,-2.495250
2qbp,2qbp_310,8.870,-7.953454,-2.332676
2qbp,2qbp_35,6.100,-5.137104,-2.210012
2qbp,2qbp_368,7.050,-5.715082,-2.303350
2qbp,2qbp_37,3.260,-1.707314,-1.562552
2qbp,2qbp_371,4.630,-3.858032,-2.131057
2qbp,2qbp_411,1.960,-1.303096,-1.879966
2qbp,2qbp_415,9.050,-1.612053,-2.059589
2qbp,2qbp_463,3.320,-2.209437,-1.966336
2qbp,2qbp_464,8.870,-2.681590,-3.055396
2qbp,2qbp_488,2.270,-1.609580,-1.766545
2qbp,2qbp_489,2.140,-1.862899,-2.507075
2qbp,2qbp_491,9.930,-2.307093,-2.730747
2qbp,2qbp_498,3.690,-1.589465,-1.860691
2qbp,2qbp_50,6.020,-4.373137,-1.940760
2qbp,2qbp_503,3.540,-2.646063,-2.122636
2qbp,2qbp_504,7.640,-6.909638,-2.071187
2qbp,2qbp_528,1.840,-1.638525,-2.022567
2qbp,2qbp_53,2.650,-1.768117,-2.482046
2qbp,2qbp_546,4.870,-3.029640,-2.371900
2qbp,2qbp_549,3.450,-2.078997,-1.910815
2qbp,2qbp_554,4.010,-2.871957,-2.487901
2qbp,2qbp_558,2.480,-2.232623,-1.774638
2qbp,2qbp_559,5.640,-4.591594,-2.277634
2qbp,2qbp_561,3.470,-2.797353,-1.700045
2qbp,2qbp_567,2.240,-1.353612,-2.043627
2qbp,2qbp_572,2.520,-2.527130,-2.038058
2qbp,2qbp_585,4.470,-3.463200,-2.297015
2qbp,2qbp_591,9.880,-2.707592,-2.829394
2qbp,2qbp_593,6.810,-6.368649,-2.568771
2qbp,2qbp_596,7.240,-7.295420,-2.928974
2qbp,2qbp_608,6.160,-5.055329,-2.118988
2qbp,2qbp_615,8.930,-1.458545,-2.538146
2qbp,2qbp_622,4.330,-3.446366,-2.389778
2qbp,2qbp_623,4.350,-2.719657,-1.677178
2qbp,2qbp_630,2.910,-2.172206,-1.834224
2qbp,2qbp_631,9.370,-3.887421,-2.577807
2qbp,2qbp_648,6.380,-3.897377,-3.083811
2qbp,2qbp_650,9.810,-6.237843,-2.677981
2qbp,2qbp_654,1.900,-1.775417,-1.795729
2qbp,2qbp_656,3.390,-2.922497,-2.529190
2qbp,2qbp_665,9.580,-8.268099,-3.555815
2qbp,2qbp_676,5.310,-3.120937,-2.686624
2qbp,2qbp_690,8.320,-6.860668,-2.635889
2qbp,2qbp_693,4.320,-3.768329,-3.477031
2qbp,2qbp_695,8.670,-6.010243,-2.753903
2qbp,2qbp_71,5.190,-3.821423,-1.917415
2qbp,2qbp_74,5.700,-4.393751,-2.144447
2qbp,2qbp_741,3.070,-1.515863,-2.409043
2qbp,2qbp_744,3.810,-1.930002,-2.155618
2qbp,2qbp_78,6.870,-5.569377,-2.509729
2qbp,2qbp_79,2.290,-1.545799,-1.800330
2qbp,2qbp_80,1.610,-0.994027,-2.447791
2qbp,2qbp_84,8.310,-7.762714,-2.471969
2qbp,2qbp_85,8.780,-6.462972,-1.799969
2qbp,2qbp_890,5.790,-4.060190,-2.292830
2qbp,2qbp_92,1.570,-0.802732,-1.478477
2qbp,2qbp_94,1.990,-0.924103,-2.767729
2qbp,2qbp_97,2.160,-0.924099,-2.031779
2qbq,2qbq_121,0.990,-0.374294,-2.343933
2qbq,2qbq_128,8.390,-1.504705,-3.484235
2qbq,2qbq_16,2.100,-1.171230,-2.891358
2qbq,2qbq_184,8.000,-2.664752,-3.488643
2qbq,2qbq_216,1.330,-0.480089,-2.310746
2qbq,2qbq_226,1.120,-0.709344,-2.632068
2qbq,2qbq_227,1.030,-0.394918,-2.479291
2qbq,2qbq_235,0.920,-0.660772,-2.272637
2qbq,2qbq_236,1.070,-0.362357,-2.435921
2qbq,2qbq_248,0.920,-0.321688,-2.579257
2qbq,2qbq_276,0.550,-0.448249,-2.174234
2qbq,2qbq_300,0.700,-0.263604,-3.180359
2qbq,2qbq_309,6.250,-6.292975,-3.531376
2qbq,2qbq_324,6.210,-4.212728,-3.050490
2qbq,2qbq_332,6.520,-6.026462,-3.846703
2qbq,2qbq_364,9.210,-0.531209,-2.440825
2qbq,2qbq_370,8.040,-7.957024,-4.459994
2qbq,2qbq_372,5.110,-4.706979,-3.613542
2qbq,2qbq_388,0.850,-0.562663,-2.248141
2qbq,2qbq_39,7.210,-5.651141,-3.912806
2qbq,2qbq_391,7.220,-6.710616,-4.284410
2qbq,2qbq_402,8.530,-1.872421,-2.727367
2qbq,2qbq_410,7.750,-0.896355,-2.536617
2qbq,2qbq_416,9.350,-2.794673,-3.079624
2qbq,2qbq_433,2.890,-1.890113,-2.674170
2qbq,2qbq_434,9.310,-2.910802,-2.704155
2qbq,2qbq_436,7.970,-2.062700,-2.664233
2qbq,2qbq_448,8.070,-2.044314,-3.187700
2qbq,2qbq_45,1.520,-0.421866,-2.274714
2qbq,2qbq_453,2.220,-2.095794,-2.753422
2qbq,2qbq_458,8.410,-2.684475,-3.078758
2qbq,2qbq_460,3.340,-2.974702,-2.470670
2qbq,2qbq_463,7.760,-2.068166,-2.910755
2qbq,2qbq_466,7.770,-2.131634,-3.398586
2qbq,2qbq_468,3.080,-2.405324,-2.348817
2qbq,2qbq_471,2.640,-2.900293,-3.314898
2qbq,2qbq_473,9.050,-1.949184,-2.845159
2qbq,2qbq_476,1.930,-1.767196,-3.366452
2qbq,2qbq_483,4.430,-3.108316,-2.296105
2qbq,2qbq_484,9.220,-2.604687,-3.340309
2qbq,2qbq_489,9.500,-2.741794,-3.279952
2qbq,2qbq_490,3.070,-2.655723,-3.144735
2qbq,2qbq_496,2.550,-1.627962,-2.739923
2qbq,2qbq_497,2.070,-1.504252,-2.592045
2qbq,2qbq_500,1.760,-1.784678,-2.400661
2qbq,2qbq_503,3.860,-2.528232,-3.221136
2qbq,2qbq_513,6.570,-2.238447,-3.160664
2qbq,2qbq_521,1.970,-2.324756,-2.541960
2qbq,2qbq_532,5.100,-2.100987,-2.737096
2qbq,2qbq_548,4.860,-2.666461,-3.026747
2qbq,2qbq_556,6.390,-3.284485,-2.959796
2qbq,2qbq_562,3.470,-3.167152,-2.341931
2qbq,2qbq_565,3.640,-3.689234,-3.304258
2qbq,2qbq_566,6.050,-2.746083,-2.753936
2qbq,2qbq_576,5.750,-5.727076,-3.605090
2qbq,2qbq_581,5.990,-3.664011,-2.993918
2qbq,2qbq_582,5.050,-5.978475,-2.778616
2qbq,2qbq_589,3.790,-1.825315,-2.479077
2qbq,2qbq_595,5.640,-2.371538,-2.522726
2qbq,2qbq_607,3.280,-2.119175,-2.351847
2qbq,2qbq_61,6.660,-4.557979,-3.514014
2qbq,2qbq_617,3.520,-2.720490,-3.067869
2qbq,2qbq_63,9.100,-6.533127,-2.892273
2qbq,2qbq_633,4.090,-1.922704,-3.245131
2qbq,2qbq_641,2.400,-1.300979,-3.075861
2qbq,2qbq_642,4.160,-4.178051,-3.195262
2qbq,2qbq_65,6.900,-5.313603,-3.466473
2qbq,2qbq_651,4.340,-2.866641,-3.206603
2qbq,2qbq_653,7.160,-4.293365,-2.765186
2qbq,2qbq_663,4.240,-2.878917,-2.585828
2qbq,2qbq_669,4.300,-1.439814,-3.267483
2qbq,2qbq_679,8.130,-2.593887,-3.212867
2qbq,2qbq_681,8.980,-6.338775,-3.242017
2qbq,2qbq_686,2.940,-2.427642,-2.825650
2qbq,2qbq_690,2.770,-2.562048,-2.581747
2qbq,2qbq_693,8.020,-5.492632,-3.155835
2qbq,2qbq_70,2.490,-1.640875,-3.553607
2qbq,2qbq_720,0.830,-0.462851,-2.709050
2qbq,2qbq_726,1.470,-1.353350,-2.759214
2qbq,2qbq_736,6.740,-3.200307,-2.612568
2qbq,2qbq_744,5.560,-2.961423,-3.128053
2qbq,2qbq_752,0.380,-0.632561,-2.584270
2qbq,2qbq_757,4.340,-1.988753,-3.136955
2qbq,2qbq_759,9.050,-7.272817,-4.018008
2qbq,2qbq_775,8.220,-3.648390,-2.778686
2qbq,2qbq_778,9.620,-7.737160,-2.788886
2qbq,2qbq_779,8.080,-6.268754,-3.234600
2qbq,2qbq_784,5.500,-2.608837,-3.563578
2qbq,2qbq_785,6.400,-4.436662,-3.450671
2qbq,2qbq_790,5.850,-4.824240,-3.116718
2qbq,2qbq_8,4.600,-3.687182,-3.306335
2qbq,2qbq_832,3.390,-0.610449,-3.109589
2qbq,2qbq_838,1.150,-0.879027,-2.427393
2qbq,2qbq_843,0.900,-0.415082,-1.836641
2qbq,2qbq_844,5.990,-2.095122,-2.805937
2qbq,2qbq_882,7.020,-4.798518,-3.005244
2qbq,2qbq_906,9.030,-4.753535,-2.564532
2qbq,2qbq_94,7.430,-4.097600,-2.838999
2qbq,2qbq_97,0.910,-0.296174,-2.341187
2qbq,2qbq_970,4.550,-2.526815,-2.181054
2qbr,2qbr_1000,5.430,-4.007514,-2.315221
2qbr,2qbr_121,0.990,-0.999545,-2.757792
2qbr,2qbr_157,7.720,-4.738033,-3.263637
2qbr,2qbr_170,7.340,-4.436621,-2.862382
2qbr,2qbr_197,8.210,-0.907819,-3.117982
2qbr,2qbr_20,0.910,-0.397016,-2.330189
2qbr,2qbr_201,0.650,-0.686205,-2.059016
2qbr,2qbr_259,1.440,-0.758072,-1.913223
2qbr,2qbr_270,1.090,-0.517552,-1.968995
2qbr,2qbr_282,0.910,-0.236581,-1.617967
2qbr,2qbr_293,0.910,-0.651560,-2.280904
2qbr,2qbr_301,1.100,-0.864616,-2.102819
2qbr,2qbr_353,0.860,-0.491882,-2.463264
2qbr,2qbr_375,8.210,-3.842207,-2.796743
2qbr,2qbr_385,0.800,-0.505073,-2.416098
2qbr,2qbr_394,7.460,-5.313163,-3.703998
2qbr,2qbr_402,2.190,-1.364868,-1.715514
2qbr,2qbr_409,7.950,-1.704797,-2.681770
2qbr,2qbr_410,1.560,-0.772811,-1.932454
2qbr,2qbr_424,7.780,-1.500100,-2.706713
2qbr,2qbr_427,4.160,-2.345609,-2.012155
2qbr,2qbr_428,6.890,-4.698818,-3.077683
2qbr,2qbr_429,1.950,-1.736841,-2.056237
2qbr,2qbr_432,8.570,-1.246601,-2.540894
2qbr,2qbr_439,8.160,-2.165629,-2.916679
2qbr,2qbr_445,7.720,-0.794693,-2.068023
2qbr,2qbr_447,7.950,-1.291659,-2.874776
2qbr,2qbr_45,1.600,-0.326566,-2.277728
2qbr,2qbr_450,7.070,-1.633100,-2.661031
2qbr,2qbr_455,3.160,-2.669833,-1.864442
2qbr,2qbr_469,3.030,-2.666247,-2.070635
2qbr,2qbr_473,2.850,-2.349098,-2.149233
2qbr,2qbr_474,8.630,-1.820933,-2.721071
2qbr,2qbr_486,3.160,-1.879943,-2.395543
2qbr,2qbr_487,7.290,-4.097969,-2.703065
2qbr,2qbr_488,8.950,-3.912521,-2.604221
2qbr,2qbr_497,8.120,-7.345126,-3.475753
2qbr,2qbr_514,1.600,-1.264284,-2.504168
2qbr,2qbr_516,6.500,-5.692832,-2.364758
2qbr,2qbr_517,3.470,-2.301250,-2.434724
2qbr,2qbr_522,4.220,-1.557605,-1.908775
2qbr,2qbr_523,3.050,-2.922992,-2.163066
2qbr,2qbr_526,1.740,-1.505471,-2.806093
2qbr,2qbr_527,4.620,-2.416373,-2.439315
2qbr,2qbr_532,4.500,-2.177108,-1.822722
2qbr,2qbr_536,4.400,-4.590755,-3.171262
2qbr,2qbr_555,2.510,-1.363876,-2.595262
2qbr,2qbr_563,2.300,-1.616507,-2.541875
2qbr,2qbr_566,5.040,-2.435090,-1.702118
2qbr,2qbr_573,5.450,-4.200650,-3.289555
2qbr,2qbr_582,2.230,-1.382679,-2.241634
2qbr,2qbr_583,6.560,-3.933374,-2.252330
2qbr,2qbr_590,5.030,-4.271604,-2.231477
2qbr,2qbr_593,3.480,-3.307077,-1.899075
2qbr,2qbr_595,4.340,-2.671014,-1.803293
2qbr,2qbr_61,0.970,-0.254885,-1.856561
2qbr,2qbr_617,2.490,-1.341567,-1.533333
2qbr,2qbr_629,2.450,-2.115165,-2.857005
2qbr,2qbr_633,1.940,-1.798556,-2.795538
2qbr,2qbr_639,6.220,-6.424564,-3.982537
2qbr,2qbr_645,2.860,-2.295070,-1.804736
2qbr,2qbr_647,1.920,-1.818527,-2.220640
2qbr,2qbr_656,8.170,-6.611958,-2.752469
2qbr,2qbr_663,8.590,-1.992196,-2.295735
2qbr,2qbr_667,5.010,-5.461416,-3.514736
2qbr,2qbr_677,3.170,-1.125751,-2.136175
2qbr,2qbr_689,5.770,-5.214487,-3.168646
2qbr,2qbr_690,2.130,-2.046759,-2.072646
2qbr,2qbr_699,3.890,-4.180096,-3.051568
2qbr,2qbr_764,4.330,-2.073186,-1.858033
2qbr,2qbr_765,3.560,-1.689825,-2.475477
2qbr,2qbr_767,6.070,-3.002765,-2.623875
2qbr,2qbr_771,3.850,-1.916164,-2.689227
2qbr,2qbr_777,5.850,-2.597579,-2.353113
2qbr,2qbr_778,0.870,-0.347183,-2.025200
2qbr,2qbr_780,0.960,-0.629071,-2.666527
2qbr,2qbr_782,6.140,-2.938831,-2.090988
2qbr,2qbr_790,4.050,-3.328249,-2.163286
2qbr,2qbr_796,6.160,-3.786131,-2.523104
2qbr,2qbr_797,8.200,-6.593206,-2.216086
2qbr,2qbr_798,7.790,-7.138468,-2.483436
2qbr,2qbr_799,5.870,-3.298434,-2.374072
2qbr,2qbr_802,6.460,-4.642728,-2.826124
2qbr,2qbr_81,2.230,-1.062574,-3.024356
2qbr,2qbr_821,5.640,-3.634980,-2.590619
2qbr,2qbr_856,5.580,-4.632779,-2.333073
2qbr,2qbr_875,6.500,-6.077733,-2.919761
2qbr,2qbr_887,6.020,-5.204855,-2.754467
2qbr,2qbr_895,4.190,-1.493509,-2.485240
2qbr,2qbr_900,4.070,-2.706932,-2.306018
2qe4,2qe4_165,0.640,-0.367301,-1.326177
2qe4,2qe4_249,0.440,-0.505934,-1.504875
2qe4,2qe4_3,0.620,-0.356580,-1.494954
2qe4,2qe4_309,0.490,-0.287615,-1.440692
2qe4,2qe4_422,1.540,-1.167032,-1.940223
2qe4,2qe4_435,3.130,-1.924490,-1.636300
2qe4,2qe4_441,1.620,-1.250935,-1.422669
2qe4,2qe4_446,2.720,-1.844380,-2.350469
2qe4,2qe4_447,2.560,-1.850179,-1.527545
2qe4,2qe4_448,1.370,-0.272719,-1.845205
2qe4,2qe4_499,3.130,-2.142269,-2.492858
2qe4,2qe4_500,3.080,-1.996298,-1.985039
2qe4,2qe4_509,0.970,-0.752576,-2.205791
2qe4,2qe4_551,0.960,-0.704509,-1.330478
2qe4,2qe4_552,1.030,-0.471796,-1.411646
2qe4,2qe4_574,2.020,-1.058543,-1.668153
2qe4,2qe4_597,1.480,-1.500322,-1.576626
2qe4,2qe4_611,3.010,-1.580733,-1.570476
2qe4,2qe4_629,1.550,-1.559798,-1.705511
2qe4,2qe4_689,2.030,-1.863817,-1.939693
2qe4,2qe4_693,1.730,-1.384967,-1.429884
2qe4,2qe4_694,2.310,-2.332569,-2.049551
2qe4,2qe4_698,2.680,-1.810025,-1.834097
2qe4,2qe4_705,0.850,-0.784231,-1.773159
2qe4,2qe4_718,1.970,-0.649268,-1.161816
2qe4,2qe4_741,2.750,-1.187875,-1.104958
2qe4,2qe4_750,4.430,-1.309269,-1.678674
2qe4,2qe4_754,4.500,-1.996352,-1.789019
2qe4,2qe4_757,4.040,-1.466866,-1.964140
2qe4,2qe4_770,4.400,-1.616512,-1.571016
2qe4,2qe4_771,3.820,-0.761220,-1.976777
2qe4,2qe4_777,4.090,-2.369551,-1.661271
2qe4,2qe4_779,4.080,-1.899657,-1.491058
2qe4,2qe4_780,1.670,-1.144462,-1.729597
2qe4,2qe4_784,2.800,-1.272540,-1.006540
2qe4,2qe4_786,4.070,-2.037469,-1.643813
2qe4,2qe4_788,4.420,-4.477943,-2.852977
2qe4,2qe4_789,4.100,-2.188505,-1.345915
2qe4,2qe4_79,2.150,-0.540037,-1.147125
2qe4,2qe4_793,3.950,-2.277048,-1.337252
2qe4,2qe4_796,4.130,-2.336243,-1.326369
2qe4,2qe4_797,3.030,-1.525276,-1.388052
2qe4,2qe4_83,0.540,-0.348556,-1.124333
2qe4,2qe4_832,3.920,-1.093271,-1.655243
2qe4,2qe4_841,0.750,-0.343549,-1.454679
2qe4,2qe4_850,3.760,-2.282738,-1.077679
2qe4,2qe4_875,2.160,-0.839129,-1.581642
2qe4,2qe4_877,3.190,-2.273614,-1.910566
2qe4,2qe4_964,0.810,-0.548415,-1.779117
2qe4,2qe4_977,1.200,-0.630318,-1.856757
2qnq,2qnq_130,1.990,-1.351139,-3.094318
2qnq,2qnq_167,0.790,-1.077421,-3.054303
2qnq,2qnq_207,0.980,-1.057060,-3.027144
2qnq,2qnq_209,0.600,-0.852449,-3.244119
2qnq,2qnq_210,2.730,-2.083416,-3.094074
2qnq,2qnq_215,1.890,-2.251438,-2.868687
2qnq,2qnq_216,3.340,-1.648038,-3.099544
2qnq,2qnq_230,1.030,-1.487319,-3.379711
2qnq,2qnq_231,2.770,-1.048374,-3.079750
2qnq,2qnq_239,2.540,-1.659010,-2.911078
2qnq,2qnq_243,5.060,-1.922950,-2.507668
2qnq,2qnq_245,2.880,-1.405962,-2.869940
2qnq,2qnq_249,3.270,-1.204371,-3.107577
2qnq,2qnq_250,1.000,-1.041920,-3.055859
2qnq,2qnq_267,2.530,-1.216856,-3.157297
2qnq,2qnq_269,2.960,-1.127082,-2.801705
2qnq,2qnq_272,2.560,-1.070499,-3.020495
2qnq,2qnq_274,1.240,-1.445707,-3.484083
2qnq,2qnq_277,2.310,-1.451693,-2.953338
2qnq,2qnq_280,2.160,-1.148998,-3.457330
2qnq,2qnq_287,1.420,-1.064251,-3.418090
2qnq,2qnq_290,5.370,-2.105577,-2.994806
2qnq,2qnq_293,3.240,-1.540430,-3.023866
2qnq,2qnq_308,3.140,-0.885657,-3.333490
2qnq,2qnq_314,0.740,-0.829836,-3.071950
2qnq,2qnq_326,1.640,-1.460963,-2.558969
2qnq,2qnq_34,2.150,-1.621144,-2.880141
2qnq,2qnq_349,4.430,-1.609916,-2.869073
2qnq,2qnq_367,1.840,-1.545958,-2.820437
2qnq,2qnq_368,1.890,-1.488631,-2.979559
2qnq,2qnq_394,3.330,-1.736087,-3.004494
2qnq,2qnq_397,1.790,-1.537101,-2.932764
2qnq,2qnq_413,4.250,-1.868622,-3.347570
2qnq,2qnq_414,4.220,-3.143998,-3.475602
2qnq,2qnq_429,5.040,-2.591090,-3.420375
2qnq,2qnq_43,0.560,-0.953062,-3.288806
2qnq,2qnq_431,5.110,-3.802805,-2.622691
2qnq,2qnq_433,3.080,-2.500169,-3.474206
2qnq,2qnq_445,3.170,-2.345293,-3.505832
2qnq,2qnq_459,3.030,-3.200670,-3.141933
2qnq,2qnq_462,7.300,-4.826917,-4.047379
2qnq,2qnq_463,4.160,-2.595770,-3.436347
2qnq,2qnq_464,3.270,-3.075752,-2.880292
2qnq,2qnq_475,3.590,-2.968445,-2.977081
2qnq,2qnq_478,5.130,-3.021187,-3.717517
2qnq,2qnq_480,6.610,-4.272583,-3.204247
2qnq,2qnq_484,4.370,-2.358581,-2.963168
2qnq,2qnq_487,4.030,-3.506224,-3.334227
2qnq,2qnq_496,4.130,-6.087511,-3.118495
2qnq,2qnq_512,7.030,-8.090055,-2.994854
2qnq,2qnq_520,7.060,-5.238076,-3.745025
2qnq,2qnq_521,6.540,-3.953464,-3.204770
2qnq,2qnq_538,4.330,-1.899661,-3.347525
2qnq,2qnq_542,5.130,-3.797952,-3.506889
2qnq,2qnq_545,6.330,-5.614021,-3.411455
2qnq,2qnq_552,6.340,-4.481268,-3.623097
2qnq,2qnq_554,6.890,-4.521097,-3.791981
2qnq,2qnq_560,8.210,-8.319616,-3.362761
2qnq,2qnq_563,4.010,-5.312274,-3.326316
2qnq,2qnq_575,4.250,-3.939731,-3.722036
2qnq,2qnq_578,8.800,-8.102343,-4.135356
2qnq,2qnq_590,5.690,-7.187562,-3.486993
2qnq,2qnq_64,1.830,-0.963856,-2.951922
2qnq,2qnq_641,6.400,-6.658500,-3.483871
2qnq,2qnq_645,8.390,-6.209897,-3.363257
2qnq,2qnq_648,7.390,-8.325075,-3.501675
2qnq,2qnq_651,8.270,-8.355982,-4.178533
2qnq,2qnq_652,8.060,-5.803623,-3.645864
2qnq,2qnq_654,7.560,-5.079134,-3.320678
2qnq,2qnq_656,8.200,-8.328948,-3.095468
2qnq,2qnq_666,5.960,-8.081385,-3.849987
2qnq,2qnq_667,8.810,-8.269624,-4.390025
2qnq,2qnq_668,6.580,-7.904830,-3.481464
2qnq,2qnq_670,6.230,-3.724345,-3.400484
2qnq,2qnq_671,7.010,-4.952020,-3.787528
2qnq,2qnq_676,9.010,-7.292408,-3.703230
2qnq,2qnq_679,5.070,-6.905771,-3.072885
2qnq,2qnq_702,0.740,-1.501160,-2.967457
2qnq,2qnq_715,0.950,-1.225811,-3.006367
2qnq,2qnq_758,0.730,-0.921546,-3.187445
2qnq,2qnq_788,5.290,-6.339585,-2.881542
2qnq,2qnq_811,0.970,-1.709554,-2.693847
2r9w,2r9w_124,4.530,-3.319482,-1.288092
2r9w,2r9w_145,5.820,-4.783498,-1.464293
2r9w,2r9w_202,5.860,-5.131509,-1.118106
2r9w,2r9w_206,4.000,-1.534733,-1.439775
2r9w,2r9w_246,6.080,-5.290201,-1.277583
2r9w,2r9w_247,3.960,-1.198769,-1.017403
2r9w,2r9w_307,5.340,-4.498584,-1.051724
2r9w,2r9w_393,6.300,-5.415221,-1.352686
2r9w,2r9w_411,3.970,-1.396019,-1.367692
2r9w,2r9w_449,4.070,-1.097728,-1.592753
2r9w,2r9w_460,3.920,-0.950539,-1.712190
2r9w,2r9w_462,4.420,-1.930920,-1.535459
2r9w,2r9w_478,3.570,-1.268885,-1.486926
2r9w,2r9w_49,4.180,-0.689636,-1.243199
2r9w,2r9w_505,6.820,-5.841863,-2.193542
2r9w,2r9w_513,6.220,-3.745624,-2.261919
2r9w,2r9w_517,7.410,-5.874466,-1.789771
2r9w,2r9w_521,6.650,-3.954431,-1.992111
2r9w,2r9w_522,5.310,-1.887550,-1.319295
2r9w,2r9w_531,7.110,-4.190094,-2.388166
2r9w,2r9w_533,2.810,-1.627699,-1.570398
2r9w,2r9w_538,5.640,-5.028006,-1.434984
2r9w,2r9w_541,7.990,-7.295086,-3.221026
2r9w,2r9w_549,7.330,-7.571100,-2.281279
2r9w,2r9w_558,7.690,-7.616962,-1.810664
2r9w,2r9w_559,5.040,-1.423988,-1.171631
2r9w,2r9w_566,4.890,-1.437477,-1.511747
2r9w,2r9w_579,3.950,-2.118202,-1.344088
2r9w,2r9w_580,6.470,-5.357430,-1.817511
2r9w,2r9w_586,7.830,-8.006181,-3.401039
2r9w,2r9w_592,8.020,-7.276299,-2.769174
2r9w,2r9w_593,8.110,-4.279738,-1.764687
2r9w,2r9w_618,3.850,-1.817944,-1.685808
2r9w,2r9w_640,3.600,-2.109035,-2.185637
2r9w,2r9w_651,6.290,-5.721125,-1.575161
2r9w,2r9w_670,3.810,-1.751773,-1.834189
2r9w,2r9w_671,5.140,-2.057856,-1.803316
2r9w,2r9w_679,4.570,-2.818552,-1.355889
2r9w,2r9w_691,8.360,-5.677217,-2.173481
2r9w,2r9w_708,0.520,-0.951092,-1.003049
2r9w,2r9w_710,0.950,-0.773307,-2.005062
2r9w,2r9w_713,0.530,-0.689395,-1.016349
2r9w,2r9w_717,2.870,-0.932711,-1.404608
2r9w,2r9w_718,1.660,-1.464021,-1.506064
2r9w,2r9w_725,2.220,-0.606508,-1.462812
2r9w,2r9w_734,1.280,-0.537473,-1.541394
2r9w,2r9w_740,3.050,-2.699658,-1.497427
2r9w,2r9w_741,1.360,-0.354439,-1.773671
2r9w,2r9w_744,4.290,-2.182697,-1.610814
2r9w,2r9w_749,1.820,-0.914472,-1.371899
2r9w,2r9w_750,2.130,-0.781624,-0.809477
2r9w,2r9w_759,2.990,-2.746131,-1.276280
2r9w,2r9w_766,2.270,-1.976773,-1.349472
2r9w,2r9w_769,1.100,-0.868254,-1.641109
2r9w,2r9w_772,5.030,-5.621486,-1.518841
2r9w,2r9w_774,1.100,-0.356199,-1.305095
2r9w,2r9w_778,2.130,-1.991724,-1.477999
2r9w,2r9w_779,5.760,-4.809485,-1.950248
2r9w,2r9w_787,4.420,-4.336837,-1.841454
2r9w,2r9w_791,1.120,-1.764438,-1.010678
2r9w,2r9w_794,8.580,-7.407409,-2.071887
2r9w,2r9w_795,1.510,-0.988074,-1.400884
2r9w,2r9w_817,0.970,-0.948008,-1.173503
2r9w,2r9w_828,0.960,-0.845089,-1.392704
2r9w,2r9w_831,4.310,-2.704415,-1.825949
2r9w,2r9w_834,6.600,-5.649472,-1.791391
2r9w,2r9w_839,6.290,-5.092047,-1.537129
2r9w,2r9w_860,2.130,-1.223987,-1.276957
2r9w,2r9w_868,1.600,-0.664222,-1.590263
2r9w,2r9w_869,2.570,-0.947981,-1.535161
2r9w,2r9w_872,5.590,-4.273851,-1.743094
2r9w,2r9w_873,4.890,-3.868721,-1.410763
2r9w,2r9w_881,2.900,-1.578985,-1.742671
2r9w,2r9w_886,1.890,-0.857231,-1.632745
2r9w,2r9w_910,0.780,-0.813352,-1.104048
2r9w,2r9w_911,0.660,-0.657849,-1.171792
2r9w,2r9w_927,0.680,-0.609562,-1.091136
2r9w,2r9w_928,0.750,-0.990358,-1.198380
2r9w,2r9w_949,6.160,-2.178647,-2.101487
2r9w,2r9w_950,0.960,-0.659826,-1.416057
2v00,2v00_103,7.940,-4.868754,-5.941957
2v00,2v00_107,8.560,-6.404263,-6.395262
2v00,2v00_120,5.250,-2.554264,-5.473413
2v00,2v00_136,7.600,-6.067575,-6.424460
2v00,2v00_143,8.620,-6.114954,-5.537146
2v00,2v00_145,5.080,-1.643442,-4.815200
2v00,2v00_159,8.950,-6.480690,-5.478451
2v00,2v00_183,7.200,-5.482413,-4.419894
2v00,2v00_193,8.190,-5.781402,-5.068240
2v00,2v00_198,8.520,-5.378964,-5.885814
2v00,2v00_325,6.820,-4.678344,-5.259314
2v00,2v00_395,8.610,-5.684201,-4.351333
2v00,2v00_401,3.140,-2.395768,-5.097229
2v00,2v00_416,4.120,-2.744532,-4.502072
2v00,2v00_422,3.180,-2.017990,-3.237361
2v00,2v00_424,1.700,-1.223230,-3.849870
2v00,2v00_428,0.980,-1.107210,-4.359434
2v00,2v00_432,1.490,-1.028189,-3.510199
2v00,2v00_433,2.300,-1.185061,-3.340602
2v00,2v00_434,2.680,-1.600372,-2.951007
2v00,2v00_444,2.240,-1.008311,-3.911615
2v00,2v00_451,4.780,-3.848177,-3.442075
2v00,2v00_454,2.450,-0.713949,-2.713047
2v00,2v00_461,1.680,-1.779130,-4.247495
2v00,2v00_468,1.960,-1.758587,-3.614143
2v00,2v00_472,6.480,-2.250929,-3.457123
2v00,2v00_473,5.040,-3.682837,-3.993665
2v00,2v00_474,2.120,-1.037757,-4.116257
2v00,2v00_484,5.610,-2.411783,-5.466474
2v00,2v00_488,2.610,-2.155495,-5.665387
2v00,2v00_506,5.470,-5.419422,-5.950686
2v00,2v00_512,6.320,-6.219432,-4.682825
2v00,2v00_513,4.850,-4.719474,-4.280906
2v00,2v00_516,1.580,-1.209533,-2.885980
2v00,2v00_522,6.130,-1.045228,-3.557682
2v00,2v00_523,7.070,-3.294975,-5.367455
2v00,2v00_544,1.870,-0.698237,-3.690106
2v00,2v00_551,6.370,-3.527919,-4.403259
2v00,2v00_556,3.640,-2.801006,-3.199257
2v00,2v00_558,7.030,-6.847258,-6.283385
2v00,2v00_559,8.050,-7.306166,-5.359143
2v00,2v00_564,2.420,-1.612636,-3.935527
2v00,2v00_573,4.820,-4.794893,-4.977979
2v00,2v00_574,3.890,-2.551349,-4.231441
2v00,2v00_576,2.130,-1.730661,-3.816091
2v00,2v00_579,7.560,-6.460319,-4.480110
2v00,2v00_589,5.470,-5.611194,-4.513983
2v00,2v00_592,7.180,-6.711531,-5.153790
2v00,2v00_605,1.160,-0.948049,-3.738969
2v00,2v00_619,1.000,-0.983957,-4.242640
2v00,2v00_635,3.330,-2.978724,-5.136906
2v00,2v00_638,6.700,-1.794404,-5.208532
2v00,2v00_644,4.900,-3.713273,-5.506652
2v00,2v00_653,6.790,-6.144039,-5.445406
2v00,2v00_661,3.030,-2.603313,-4.627627
2v00,2v00_665,6.990,-6.229462,-6.296041
2v00,2v00_670,6.990,-6.547505,-6.065286
2v00,2v00_674,5.050,-1.172233,-4.361123
2v00,2v00_676,4.180,-3.069582,-3.519212
2v00,2v00_684,4.090,-3.766921,-3.875431
2v00,2v00_692,6.170,-4.255094,-6.271926
2v00,2v00_700,4.350,-4.922610,-6.844288
2v00,2v00_736,3.580,-3.007634,-5.510287
2v00,2v00_755,1.750,-0.984305,-4.283298
2v00,2v00_759,7.500,-7.728022,-5.263286
2v00,2v00_760,8.950,-8.161964,-4.990794
2v00,2v00_762,3.160,-1.614570,-5.411868
2v00,2v00_771,3.190,-1.783989,-4.039557
2v00,2v00_774,8.130,-7.204218,-6.180147
2v00,2v00_776,5.420,-3.882370,-6.550720
2v00,2v00_777,5.030,-4.375080,-5.461972
2v00,2v00_778,7.930,-7.633859,-5.797142
2v00,2v00_782,4.900,-2.587157,-5.995239
2v00,2v00_785,2.880,-2.501081,-5.580546
2v00,2v00_786,1.750,-1.126734,-3.789868
2v00,2v00_79,0.740,-0.443560,-3.444422
2v00,2v00_790,4.890,-2.755628,-3.657608
2v00,2v00_791,3.830,-3.035399,-5.020781
2v00,2v00_798,7.100,-5.518126,-6.812197
2v00,2v00_800,5.640,-3.879164,-4.765378
2v00,2v00_856,1.330,-1.495131,-4.281381
2v00,2v00_860,9.290,-8.347432,-5.486536
2v00,2v00_861,2.020,-1.580605,-4.827704
2v00,2v00_903,8.450,-8.323904,-5.851622
2v7a,2v7a_107,9.450,-3.680165,-5.223250
2v7a,2v7a_11,1.890,-1.307503,-5.638342
2v7a,2v7a_130,8.570,-4.179594,-4.642209
2v7a,2v7a_131,6.720,-3.449044,-5.485590
2v7a,2v7a_141,7.600,-1.500290,-5.266159
2v7a,2v7a_142,9.380,-2.782402,-5.438594
2v7a,2v7a_150,4.240,-2.106629,-5.160934
2v7a,2v7a_163,8.660,-2.277049,-4.953997
2v7a,2v7a_173,9.400,-2.898922,-5.121535
2v7a,2v7a_175,9.370,-2.956156,-5.469374
2v7a,2v7a_181,5.130,-2.688010,-5.005274
2v7a,2v7a_278,1.660,-1.061238,-5.660414
2v7a,2v7a_304,0.770,-0.706566,-5.188632
2v7a,2v7a_318,1.040,-0.703274,-5.110238
2v7a,2v7a_321,6.960,-5.033806,-5.493859
2v7a,2v7a_327,7.310,-5.525657,-6.059021
2v7a,2v7a_338,0.600,-1.103533,-5.105267
2v7a,2v7a_355,4.730,-1.844681,-5.154945
2v7a,2v7a_369,9.540,-4.502445,-5.168041
2v7a,2v7a_375,7.000,-2.060975,-5.988218
2v7a,2v7a_379,3.870,-1.957207,-4.356951
2v7a,2v7a_380,0.900,-1.121747,-5.355964
2v7a,2v7a_381,7.530,-4.626913,-4.802739
2v7a,2v7a_388,0.500,-0.632633,-5.533636
2v7a,2v7a_407,2.680,-2.867543,-6.252369
2v7a,2v7a_408,3.160,-2.373454,-5.581913
2v7a,2v7a_416,8.040,-5.091404,-5.921007
2v7a,2v7a_419,8.400,-3.595587,-5.292387
2v7a,2v7a_423,8.530,-3.921397,-6.006102
2v7a,2v7a_424,2.340,-2.024270,-5.130604
2v7a,2v7a_426,6.050,-1.843413,-5.217034
2v7a,2v7a_429,9.530,-4.964242,-5.265433
2v7a,2v7a_431,4.210,-3.987672,-5.433871
2v7a,2v7a_434,2.920,-1.971556,-5.337089
2v7a,2v7a_441,8.280,-4.288360,-5.279826
2v7a,2v7a_444,5.070,-5.739895,-5.896337
2v7a,2v7a_446,7.410,-2.640839,-5.823107
2v7a,2v7a_447,3.440,-3.915524,-5.131081
2v7a,2v7a_448,2.120,-1.755682,-5.417524
2v7a,2v7a_452,6.740,-2.637570,-5.810031
2v7a,2v7a_475,8.560,-3.343687,-5.545073
2v7a,2v7a_478,9.120,-5.036497,-5.497390
2v7a,2v7a_487,5.030,-2.108922,-5.601391
2v7a,2v7a_489,7.220,-5.453496,-5.467524
2v7a,2v7a_494,3.650,-3.647843,-5.149880
2v7a,2v7a_495,8.360,-4.047539,-5.371444
2v7a,2v7a_496,4.250,-3.110096,-5.652003
2v7a,2v7a_498,3.910,-2.411934,-5.312558
2v7a,2v7a_514,5.090,-4.045432,-4.686230
2v7a,2v7a_522,7.030,-2.585852,-5.424961
2v7a,2v7a_523,4.230,-1.647766,-5.518523
2v7a,2v7a_530,4.950,-1.865253,-5.356411
2v7a,2v7a_536,7.820,-6.699773,-5.581301
2v7a,2v7a_548,6.770,-3.864092,-5.381706
2v7a,2v7a_550,8.110,-3.362822,-4.953329
2v7a,2v7a_555,9.120,-4.335517,-5.500619
2v7a,2v7a_557,7.710,-2.688864,-5.706380
2v7a,2v7a_561,9.000,-4.010363,-5.641115
2v7a,2v7a_568,9.140,-4.300026,-4.997541
2v7a,2v7a_572,6.320,-5.497195,-4.637298
2v7a,2v7a_583,7.870,-3.415303,-5.084320
2v7a,2v7a_591,2.940,-2.158486,-5.545541
2v7a,2v7a_592,5.200,-4.599488,-5.190016
2v7a,2v7a_594,5.260,-3.165627,-5.887589
2v7a,2v7a_600,5.570,-2.248615,-5.815465
2v7a,2v7a_606,7.100,-2.982255,-4.982696
2v7a,2v7a_609,2.950,-2.054651,-5.254730
2v7a,2v7a_616,4.370,-2.434569,-5.998461
2v7a,2v7a_621,3.440,-2.316489,-5.085849
2v7a,2v7a_623,3.970,-2.956294,-5.921488
2v7a,2v7a_629,3.920,-3.145244,-5.132073
2v7a,2v7a_632,3.120,-2.115819,-5.140242
2v7a,2v7a_635,6.560,-3.154573,-5.975704
2v7a,2v7a_654,2.920,-1.934317,-5.454067
2v7a,2v7a_663,6.330,-2.085451,-5.243213
2v7a,2v7a_671,5.100,-2.841063,-5.254406
2v7a,2v7a_679,6.400,-3.416795,-5.859350
2v7a,2v7a_684,4.610,-3.606834,-5.294957
2v7a,2v7a_688,3.910,-3.914861,-5.172753
2v7a,2v7a_690,4.820,-2.582588,-4.979454
2v7a,2v7a_693,4.160,-2.821094,-4.793733
2v7a,2v7a_698,5.550,-2.304729,-5.131571
2v7a,2v7a_7,2.140,-1.681937,-5.710522
2v7a,2v7a_733,0.920,-0.685339,-4.687040
2v7a,2v7a_737,1.010,-0.603544,-4.920803
2v7a,2v7a_743,1.770,-0.690442,-5.514299
2v7a,2v7a_744,0.870,-0.660171,-5.048697
2v7a,2v7a_784,1.760,-0.846786,-4.812158
2v7a,2v7a_789,2.120,-1.325775,-5.139648
2v7a,2v7a_820,1.380,-1.112300,-4.580683
2v7a,2v7a_845,0.640,-0.563620,-5.485391
2v7a,2v7a_856,1.090,-0.699976,-5.019210
2v7a,2v7a_859,0.950,-0.696999,-5.390584
2v7a,2v7a_886,2.010,-1.078580,-5.282520
2v7a,2v7a_889,5.350,-1.884293,-4.673672
2v7a,2v7a_973,1.090,-0.809252,-5.332949
2v7a,2v7a_981,0.900,-0.578980,-5.447983
2v7a,2v7a_983,1.290,-0.494110,-5.169175
2v7a,2v7a_985,0.960,-0.718319,-4.999000
2vkm,2vkm_105,8.700,-8.230446,-2.130211
2vkm,2vkm_106,8.100,-4.059514,-2.036178
2vkm,2vkm_152,9.240,-5.535501,-1.668895
2vkm,2vkm_159,4.220,-1.592667,-1.604777
2vkm,2vkm_160,1.890,-1.149431,-1.689350
2vkm,2vkm_192,9.330,-8.236594,-2.672725
2vkm,2vkm_203,5.000,-3.458713,-1.876834
2vkm,2vkm_208,5.770,-2.559185,-1.964611
2vkm,2vkm_215,0.960,-0.497361,-1.189450
2vkm,2vkm_216,4.470,-2.468137,-1.458407
2vkm,2vkm_217,2.000,-1.680874,-1.684856
2vkm,2vkm_226,1.540,-0.224970,-1.497484
2vkm,2vkm_233,8.660,-6.817531,-1.425300
2vkm,2vkm_237,1.460,-0.632510,-1.355037
2vkm,2vkm_241,2.220,-1.550761,-1.520604
2vkm,2vkm_242,2.380,-1.298577,-1.247835
2vkm,2vkm_249,3.620,-0.514289,-1.750335
2vkm,2vkm_257,2.120,-0.567812,-1.761350
2vkm,2vkm_260,5.840,-3.116636,-1.808576
2vkm,2vkm_262,1.260,-0.375063,-1.276457
2vkm,2vkm_263,2.160,-0.644543,-1.355728
2vkm,2vkm_267,4.170,-1.380254,-1.654139
2vkm,2vkm_270,4.360,-1.429137,-1.392051
2vkm,2vkm_273,7.410,-3.816430,-1.533743
2vkm,2vkm_289,2.690,-2.227643,-1.004387
2vkm,2vkm_291,1.890,-0.976865,-1.103325
2vkm,2vkm_292,6.790,-2.961704,-2.348623
2vkm,2vkm_296,1.050,-0.388838,-1.387881
2vkm,2vkm_308,9.110,-7.914927,-2.387474
2vkm,2vkm_314,9.030,-8.332766,-2.887595
2vkm,2vkm_324,3.270,-0.369340,-1.567443
2vkm,2vkm_330,7.260,-4.184996,-2.139475
2vkm,2vkm_338,9.660,-7.166240,-2.104510
2vkm,2vkm_341,6.140,-2.848681,-1.850710
2vkm,2vkm_349,7.190,-4.467416,-2.018472
2vkm,2vkm_363,8.640,-4.883769,-1.907835
2vkm,2vkm_370,8.890,-7.954417,-2.597910
2vkm,2vkm_374,6.560,-1.483375,-1.672699
2vkm,2vkm_381,8.850,-8.138163,-2.897830
2vkm,2vkm_404,2.260,-2.126555,-1.666770
2vkm,2vkm_416,6.110,-4.035953,-1.721536
2vkm,2vkm_424,5.330,-3.466159,-2.190114
2vkm,2vkm_426,8.230,-4.244679,-2.013474
2vkm,2vkm_431,4.880,-2.364382,-1.670622
2vkm,2vkm_433,4.260,-3.933857,-1.410287
2vkm,2vkm_439,3.800,-1.951046,-1.518411
2vkm,2vkm_440,3.600,-3.163055,-1.761989
2vkm,2vkm_441,2.770,-2.759652,-1.505689
2vkm,2vkm_443,6.050,-3.218851,-2.356708
2vkm,2vkm_445,4.500,-3.420515,-2.082523
2vkm,2vkm_453,2.620,-2.677375,-1.463390
2vkm,2vkm_461,4.760,-3.288705,-1.456302
2vkm,2vkm_466,6.800,-4.948952,-2.099489
2vkm,2vkm_471,5.030,-3.371747,-1.757601
2vkm,2vkm_473,3.210,-2.015562,-1.473567
2vkm,2vkm_482,7.560,-7.137768,-1.873400
2vkm,2vkm_485,3.730,-2.225500,-1.989501
2vkm,2vkm_486,5.630,-3.792601,-1.899764
2vkm,2vkm_487,5.590,-4.523749,-1.627325
2vkm,2vkm_494,5.650,-3.413372,-1.681777
2vkm,2vkm_496,7.480,-5.326329,-2.136477
2vkm,2vkm_514,6.290,-4.535868,-2.104318
2vkm,2vkm_517,9.700,-8.093292,-3.141845
2vkm,2vkm_520,4.200,-2.684401,-1.894796
2vkm,2vkm_523,7.200,-4.805341,-1.762029
2vkm,2vkm_530,7.820,-4.880702,-2.102020
2vkm,2vkm_538,7.610,-6.362572,-2.030916
2vkm,2vkm_544,6.780,-4.124688,-2.266468
2vkm,2vkm_554,9.690,-6.335913,-2.289672
2vkm,2vkm_558,8.380,-5.046358,-2.108400
2vkm,2vkm_570,5.790,-3.016223,-1.672946
2vkm,2vkm_573,3.140,-2.343804,-1.885457
2vkm,2vkm_584,6.520,-4.591850,-2.310736
2vkm,2vkm_585,8.790,-5.503588,-2.344966
2vkm,2vkm_589,5.340,-2.327186,-1.918753
2vkm,2vkm_591,3.850,-2.120606,-1.995270
2vkm,2vkm_593,7.960,-4.857780,-2.816158
2vkm,2vkm_594,9.000,-7.507328,-2.350609
2vkm,2vkm_669,9.140,-7.848904,-1.905823
2vkm,2vkm_671,3.230,-2.920115,-2.211801
2vkm,2vkm_672,6.520,-3.500630,-1.922299
2vkm,2vkm_678,5.690,-4.571590,-1.572522
2vkm,2vkm_687,9.230,-7.921196,-2.562450
2vkm,2vkm_691,7.950,-7.253552,-2.362153
2vkm,2vkm_706,0.970,-0.886619,-1.245934
2vkm,2vkm_707,0.950,-0.263398,-1.222749
2vkm,2vkm_710,0.900,-0.291904,-1.276340
2vkm,2vkm_73,9.050,-7.960090,-1.795460
2vkm,2vkm_790,0.780,-0.558296,-1.677427
2vkm,2vkm_806,0.930,-0.319501,-1.564347
2vkm,2vkm_887,3.780,-0.278594,-1.361379
2vkm,2vkm_890,0.710,-0.535332,-1.366992
2vkm,2vkm_920,1.430,-0.781138,-1.292545
2vkm,2vkm_929,2.800,-1.272878,-1.404883
2vkm,2vkm_955,1.470,-0.516095,-1.445967
2vkm,2vkm_963,2.150,-0.415743,-1.148000
2vkm,2vkm_986,2.000,-1.175574,-1.500037
2vvn,2vvn_205,0.610,-0.669660,-4.255581
2vvn,2vvn_391,0.990,-0.697997,-3.694484
2vvn,2vvn_401,1.830,-1.397097,-4.018056
2vvn,2vvn_403,2.430,-2.378980,-4.371008
2vvn,2vvn_405,2.990,-2.404431,-4.644747
2vvn,2vvn_406,1.130,-1.343845,-4.199485
2vvn,2vvn_407,2.070,-1.454314,-4.665117
2vvn,2vvn_409,1.880,-1.344452,-4.212695
2vvn,2vvn_419,2.880,-2.382787,-4.392538
2vvn,2vvn_425,4.050,-2.310748,-3.358567
2vvn,2vvn_426,4.500,-3.535703,-3.995128
2vvn,2vvn_427,4.820,-4.177562,-3.687594
2vvn,2vvn_445,4.310,-2.793816,-4.276885
2vvn,2vvn_449,3.920,-1.842129,-4.175367
2vvn,2vvn_469,5.540,-5.535310,-4.120587
2vvn,2vvn_470,4.100,-2.063355,-4.404122
2vvn,2vvn_720,4.100,-1.863023,-3.279411
2vvn,2vvn_721,0.890,-1.170083,-4.229466
2vvn,2vvn_737,1.260,-0.616924,-4.105644
2vvn,2vvn_744,1.150,-0.925058,-3.857762
2vvn,2vvn_750,2.180,-1.491725,-4.504747
2vvn,2vvn_751,1.850,-1.344429,-4.366958
2vvn,2vvn_757,0.860,-1.105700,-3.907533
2vvn,2vvn_759,3.750,-1.409337,-3.857070
2vvn,2vvn_763,2.210,-1.995249,-4.328074
2vvn,2vvn_765,3.900,-0.809829,-4.139482
2vvn,2vvn_776,3.110,-2.017312,-4.329494
2vvn,2vvn_780,0.830,-0.657508,-3.857351
2vvn,2vvn_782,1.010,-0.582157,-4.361762
2vvn,2vvn_785,3.980,-1.557822,-4.735532
2vvn,2vvn_786,4.020,-1.231264,-4.106943
2vvn,2vvn_787,4.450,-4.579809,-3.584976
2vvn,2vvn_791,4.510,-3.304066,-3.423511
2vvn,2vvn_792,6.010,-5.906850,-3.874450
2vvn,2vvn_793,3.620,-1.358309,-3.935608
2vvn,2vvn_797,4.350,-3.691929,-2.822908
2vvn,2vvn_798,3.930,-1.548972,-4.020643
2vvn,2vvn_799,2.220,-0.991603,-4.307886
2vvn,2vvn_800,2.230,-1.251725,-3.963749
2vvn,2vvn_802,0.440,-0.669749,-4.252952
2vvn,2vvn_829,0.960,-0.414416,-3.997924
2vvn,2vvn_845,1.960,-0.729905,-4.199697
2vvn,2vvn_846,0.870,-0.848355,-3.952998
2vvn,2vvn_854,1.200,-0.858439,-3.822452
2vvn,2vvn_880,3.860,-1.490520,-3.420062
2vvn,2vvn_887,2.020,-1.582557,-3.857553
2vvn,2vvn_900,2.030,-1.354424,-4.174804
2vvn,2vvn_952,0.940,-0.762133,-3.884240
2vvn,2vvn_956,1.580,-1.013212,-4.613696
2vvn,2vvn_967,3.790,-1.438146,-3.903100
2vvn,2vvn_968,5.060,-4.813546,-3.573358
2vvn,2vvn_973,0.910,-0.470916,-4.138104
2vvn,2vvn_977,5.030,-4.355184,-2.981553
2vvn,2vvn_985,3.770,-0.817067,-3.584754
2vvn,2vvn_987,5.160,-4.634045,-3.067895
2vvn,2vvn_992,6.490,-6.407284,-4.171799
2vw5,2vw5_115,0.840,-1.105038,-1.494364
2vw5,2vw5_154,0.370,-0.785015,-1.648942
2vw5,2vw5_160,0.350,-1.310730,-1.612889
2vw5,2vw5_22,0.300,-0.636205,-1.437921
2vw5,2vw5_227,0.600,-0.723180,-1.373420
2vw5,2vw5_249,0.280,-0.818460,-1.423523
2vw5,2vw5_381,0.430,-1.083949,-1.809259
2vw5,2vw5_403,3.240,-3.463520,-2.430708
2vw5,2vw5_407,1.490,-1.380358,-2.302119
2vw5,2vw5_408,5.370,-4.856224,-2.474528
2vw5,2vw5_410,5.140,-4.774115,-3.030353
2vw5,2vw5_411,2.340,-2.809677,-2.503072
2vw5,2vw5_415,2.270,-2.440690,-2.068500
2vw5,2vw5_418,1.500,-1.363785,-1.793463
2vw5,2vw5_420,1.950,-2.911307,-2.052586
2vw5,2vw5_425,1.900,-1.976536,-2.244704
2vw5,2vw5_434,2.440,-2.597792,-1.724999
2vw5,2vw5_441,2.170,-2.429911,-2.258874
2vw5,2vw5_442,4.000,-2.842399,-2.678521
2vw5,2vw5_443,4.210,-5.307398,-2.272068
2vw5,2vw5_467,3.260,-3.435394,-2.051141
2vw5,2vw5_471,3.130,-3.396236,-3.163349
2vw5,2vw5_475,3.400,-3.754449,-2.284154
2vw5,2vw5_477,2.410,-2.749779,-1.729692
2vw5,2vw5_488,4.370,-3.794315,-2.528137
2vw5,2vw5_493,2.670,-3.041561,-2.018052
2vw5,2vw5_516,1.510,-1.484614,-1.615913
2vw5,2vw5_519,1.610,-1.818535,-2.056648
2vw5,2vw5_536,2.050,-2.538174,-2.113983
2vw5,2vw5_537,1.240,-1.301358,-1.994373
2vw5,2vw5_541,5.190,-5.234886,-3.079503
2vw5,2vw5_546,3.950,-3.492051,-2.942484
2vw5,2vw5_552,4.470,-3.627987,-2.531346
2vw5,2vw5_557,3.980,-2.808343,-2.362618
2vw5,2vw5_576,5.030,-3.180066,-2.634298
2vw5,2vw5_585,2.860,-2.983586,-2.910560
2vw5,2vw5_618,4.480,-4.003430,-2.647662
2vw5,2vw5_642,1.930,-1.850835,-2.171849
2vw5,2vw5_645,3.310,-3.431921,-3.242781
2vw5,2vw5_652,4.280,-4.328992,-2.845298
2vw5,2vw5_659,5.230,-4.829355,-3.419097
2vw5,2vw5_661,5.430,-5.337981,-3.393562
2vw5,2vw5_665,5.040,-4.755309,-2.925480
2vw5,2vw5_667,5.010,-4.699201,-2.865842
2vw5,2vw5_670,3.910,-2.399557,-2.450916
2vw5,2vw5_678,1.920,-1.617198,-2.064914
2vw5,2vw5_687,4.810,-5.720242,-2.492747
2vw5,2vw5_688,2.730,-2.980260,-2.482926
2vw5,2vw5_692,2.250,-2.584062,-1.984786
2vw5,2vw5_693,4.740,-1.916753,-1.936406
2vw5,2vw5_695,4.850,-3.812186,-2.937109
2vw5,2vw5_696,5.440,-5.064114,-3.330872
2vw5,2vw5_698,5.080,-3.615535,-3.139188
2vw5,2vw5_736,0.990,-0.930108,-1.640548
2vw5,2vw5_740,0.970,-0.667874,-1.651554
2vw5,2vw5_751,1.100,-0.892714,-1.829000
2vw5,2vw5_762,4.400,-2.518418,-2.220446
2vw5,2vw5_789,3.570,-2.683656,-2.099235
2vw5,2vw5_791,4.560,-2.750064,-2.767925
2vw5,2vw5_900,0.580,-0.502919,-1.622623
2w4x,2w4x_1000,1.770,-1.153607,-2.274820
2w4x,2w4x_156,4.460,-3.068502,-2.767063
2w4x,2w4x_172,3.800,-2.913898,-2.843387
2w4x,2w4x_180,5.280,-4.862206,-3.377620
2w4x,2w4x_190,2.230,-1.125523,-3.539504
2w4x,2w4x_211,0.740,-0.646715,-1.956880
2w4x,2w4x_289,1.030,-0.803076,-1.784525
2w4x,2w4x_296,0.870,-0.459872,-1.582195
2w4x,2w4x_306,1.130,-0.394709,-1.919309
2w4x,2w4x_37,0.680,-0.381552,-1.920680
2w4x,2w4x_405,1.020,-0.538447,-1.501935
2w4x,2w4x_407,0.700,-0.461157,-1.929169
2w4x,2w4x_417,0.860,-0.782501,-1.973742
2w4x,2w4x_420,1.930,-2.338490,-3.271068
2w4x,2w4x_455,2.030,-1.128913,-2.364393
2w4x,2w4x_457,2.460,-1.422714,-1.904913
2w4x,2w4x_459,1.790,-1.546060,-2.864233
2w4x,2w4x_466,3.830,-1.098264,-2.834332
2w4x,2w4x_488,5.210,-2.743547,-3.305428
2w4x,2w4x_519,4.330,-2.336612,-2.536339
2w4x,2w4x_523,3.050,-2.653189,-3.131244
2w4x,2w4x_535,2.240,-1.125602,-3.247998
2w4x,2w4x_541,4.050,-2.577532,-2.266223
2w4x,2w4x_560,2.590,-2.064389,-2.626379
2w4x,2w4x_586,3.090,-2.151792,-2.449652
2w4x,2w4x_595,3.270,-2.913670,-2.777126
2w4x,2w4x_61,0.690,-0.260987,-1.651440
2w4x,2w4x_618,4.910,-2.378229,-2.533079
2w4x,2w4x_668,5.110,-4.202291,-3.324078
2w4x,2w4x_67,0.540,-0.669926,-2.135244
2w4x,2w4x_679,3.980,-2.153558,-3.089568
2w4x,2w4x_690,5.690,-6.107784,-3.499569
2w4x,2w4x_699,5.340,-5.136576,-3.397610
2w4x,2w4x_703,0.620,-0.667404,-2.097916
2w4x,2w4x_705,1.300,-1.183819,-1.778673
2w4x,2w4x_718,0.980,-0.491064,-1.946692
2w4x,2w4x_733,2.550,-0.950709,-3.189835
2w4x,2w4x_741,2.110,-1.006157,-2.649881
2w4x,2w4x_745,3.170,-1.810784,-2.687825
2w4x,2w4x_755,6.140,-6.073560,-3.762963
2w4x,2w4x_756,2.010,-0.677838,-3.250905
2w4x,2w4x_757,7.620,-7.395198,-3.172558
2w4x,2w4x_758,4.550,-1.155957,-2.448383
2w4x,2w4x_765,4.910,-1.139260,-1.948414
2w4x,2w4x_773,6.850,-6.495083,-3.978792
2w4x,2w4x_775,6.240,-6.397058,-2.786046
2w4x,2w4x_780,5.830,-5.037296,-3.163347
2w4x,2w4x_785,4.240,-4.510023,-3.087124
2w4x,2w4x_787,4.350,-4.087315,-3.315370
2w4x,2w4x_788,5.190,-5.325023,-3.329825
2w4x,2w4x_791,6.500,-5.454528,-3.674385
2w4x,2w4x_792,4.890,-2.691189,-2.252873
2w4x,2w4x_794,6.370,-7.071718,-3.229773
2w4x,2w4x_795,6.450,-7.191043,-3.178710
2w4x,2w4x_797,3.750,-2.897413,-2.814095
2w4x,2w4x_816,1.180,-0.337911,-2.545046
2w4x,2w4x_832,5.740,-2.466834,-3.138552
2w4x,2w4x_849,5.390,-2.900967,-2.986643
2w4x,2w4x_862,3.080,-2.403363,-2.320121
2w4x,2w4x_880,5.340,-2.143504,-2.504637
2w4x,2w4x_884,7.650,-6.979460,-2.966030
2w4x,2w4x_890,1.510,-0.401286,-2.173279
2w4x,2w4x_891,2.000,-0.855516,-1.704470
2w4x,2w4x_897,6.040,-5.101183,-3.513598
2w4x,2w4x_898,7.390,-6.680019,-3.720652
2w4x,2w4x_941,0.900,-0.593618,-1.547214
2w4x,2w4x_944,2.500,-2.250594,-2.698511
2w4x,2w4x_954,3.170,-2.582539,-2.730094
2w4x,2w4x_955,6.500,-6.588981,-2.298846
2w4x,2w4x_989,2.400,-1.865364,-2.538355
2w4x,2w4x_991,7.110,-6.734754,-3.187439
2w4x,2w4x_997,4.960,-3.047345,-2.969026
2w66,2w66_1000,4.420,-2.108369,-2.245672
2w66,2w66_173,0.830,-0.477171,-2.675888
2w66,2w66_178,6.110,-5.575058,-3.067281
2w66,2w66_179,0.910,-0.916023,-2.696075
2w66,2w66_186,0.830,-0.724445,-2.388475
2w66,2w66_190,0.530,-0.290510,-1.654031
2w66,2w66_229,0.590,-0.452261,-2.003028
2w66,2w66_314,0.540,-0.295775,-1.465884
2w66,2w66_401,1.680,-1.512707,-2.516422
2w66,2w66_403,1.580,-0.991773,-2.411920
2w66,2w66_413,1.390,-1.956030,-2.848877
2w66,2w66_414,1.770,-1.534364,-2.913784
2w66,2w66_439,2.800,-2.220662,-3.026134
2w66,2w66_449,2.730,-3.089593,-3.779401
2w66,2w66_453,2.280,-1.846919,-3.778639
2w66,2w66_534,3.260,-3.511963,-3.272419
2w66,2w66_546,5.700,-4.969519,-3.750921
2w66,2w66_611,3.590,-1.801213,-3.069615
2w66,2w66_613,5.340,-4.767170,-3.242300
2w66,2w66_690,5.910,-5.502113,-4.256305
2w66,2w66_702,0.360,-0.373902,-2.079069
2w66,2w66_711,3.560,-1.750477,-2.204141
2w66,2w66_714,3.990,-2.572054,-3.769912
2w66,2w66_723,4.940,-3.805037,-2.493142
2w66,2w66_731,2.210,-1.331911,-2.681952
2w66,2w66_732,4.390,-5.602463,-3.790472
2w66,2w66_740,3.670,-1.508916,-3.426102
2w66,2w66_749,4.130,-2.619826,-3.112127
2w66,2w66_758,4.230,-4.094211,-2.847250
2w66,2w66_759,5.770,-5.343070,-2.636882
2w66,2w66_760,3.390,-3.158391,-3.013134
2w66,2w66_761,5.030,-4.636683,-2.325847
2w66,2w66_762,2.340,-1.344087,-2.170389
2w66,2w66_763,2.090,-0.935875,-2.123753
2w66,2w66_765,4.900,-6.253649,-4.040376
2w66,2w66_770,5.680,-4.674245,-2.245951
2w66,2w66_773,3.270,-0.838181,-3.127585
2w66,2w66_775,4.400,-4.535491,-3.071210
2w66,2w66_776,5.080,-3.969879,-2.482478
2w66,2w66_782,3.510,-2.676835,-2.085757
2w66,2w66_783,3.850,-3.029040,-3.413456
2w66,2w66_785,5.990,-6.748411,-3.427301
2w66,2w66_789,1.840,-0.909268,-2.116406
2w66,2w66_796,5.070,-6.186799,-3.105811
2w66,2w66_797,3.030,-3.852034,-2.869033
2w66,2w66_800,4.030,-3.176670,-2.553485
2w66,2w66_809,0.810,-0.283670,-2.481027
2w66,2w66_835,2.830,-2.618465,-2.700598
2w66,2w66_839,2.140,-1.004261,-2.592024
2w66,2w66_855,2.440,-2.125057,-2.230368
2w66,2w66_866,1.730,-1.074059,-2.244542
2w66,2w66_877,4.360,-4.091616,-3.612808
2w66,2w66_931,0.920,-0.508855,-1.700646
2w66,2w66_937,4.690,-4.026696,-2.625831
2w66,2w66_953,1.170,-0.920724,-1.849492
2w66,2w66_956,5.060,-4.309078,-3.174981
2w66,2w66_965,1.960,-1.709462,-2.854466
2w66,2w66_969,2.660,-2.168251,-1.835384
2w66,2w66_972,1.310,-0.869113,-2.466263
2w66,2w66_991,1.620,-0.613655,-1.985708
2w66,2w66_997,0.970,-0.779045,-2.690965
2wbg,2wbg_111,7.330,-7.930065,-3.305958
2wbg,2wbg_117,7.290,-7.592239,-3.862774
2wbg,2wbg_123,5.170,-4.128381,-2.979911
2wbg,2wbg_15,0.770,-0.267725,-1.608350
2wbg,2wbg_153,5.940,-1.465369,-3.671826
2wbg,2wbg_164,4.900,-3.862759,-3.722361
2wbg,2wbg_270,0.740,-0.232592,-1.590909
2wbg,2wbg_309,7.100,-8.165410,-3.773130
2wbg,2wbg_322,6.830,-7.764646,-4.371002
2wbg,2wbg_331,0.930,-0.577073,-1.841520
2wbg,2wbg_336,7.020,-7.749116,-3.491072
2wbg,2wbg_345,6.070,-5.084966,-2.915452
2wbg,2wbg_365,7.090,-7.142989,-3.277436
2wbg,2wbg_367,5.950,-5.492210,-2.306599
2wbg,2wbg_379,5.690,-4.771908,-1.982086
2wbg,2wbg_389,6.130,-5.715120,-3.069930
2wbg,2wbg_4,0.380,-0.787592,-2.225914
2wbg,2wbg_421,2.420,-1.385813,-2.290068
2wbg,2wbg_439,5.480,-2.937784,-2.749168
2wbg,2wbg_467,2.140,-0.912715,-2.027695
2wbg,2wbg_470,3.230,-1.307589,-2.722297
2wbg,2wbg_473,6.160,-2.975940,-3.166696
2wbg,2wbg_492,3.020,-2.529174,-3.068465
2wbg,2wbg_511,5.730,-5.344798,-2.868803
2wbg,2wbg_514,6.120,-4.656712,-3.954806
2wbg,2wbg_521,1.930,-0.680329,-2.106091
2wbg,2wbg_525,1.900,-1.542029,-1.257026
2wbg,2wbg_527,6.270,-5.866374,-3.584392
2wbg,2wbg_533,6.310,-4.717114,-3.028833
2wbg,2wbg_543,3.420,-1.755878,-2.243891
2wbg,2wbg_554,6.140,-4.366624,-3.048520
2wbg,2wbg_559,6.530,-6.294443,-2.500814
2wbg,2wbg_565,4.060,-3.664932,-2.915884
2wbg,2wbg_566,3.150,-1.616668,-2.138670
2wbg,2wbg_588,4.200,-2.848332,-2.917475
2wbg,2wbg_593,3.860,-3.261687,-3.230504
2wbg,2wbg_598,6.150,-5.928761,-3.706427
2wbg,2wbg_625,2.790,-1.537196,-2.118935
2wbg,2wbg_637,2.910,-1.647809,-3.291358
2wbg,2wbg_649,3.050,-1.720402,-2.594946
2wbg,2wbg_650,1.880,-1.947686,-2.983575
2wbg,2wbg_667,4.120,-2.187201,-3.960209
2wbg,2wbg_668,4.130,-3.894019,-2.779113
2wbg,2wbg_688,4.880,-4.425038,-2.626574
2wbg,2wbg_715,0.950,-0.648424,-2.164832
2wbg,2wbg_719,0.680,-0.657478,-1.727124
2wbg,2wbg_721,1.100,-0.612917,-1.470512
2wbg,2wbg_730,2.230,-0.773783,-1.386022
2wbg,2wbg_731,2.350,-0.678407,-2.344547
2wbg,2wbg_734,1.530,-0.296969,-2.340756
2wbg,2wbg_737,1.630,-0.227011,-1.566186
2wbg,2wbg_742,1.070,-0.958595,-1.951871
2wbg,2wbg_747,0.850,-0.832714,-1.566740
2wbg,2wbg_75,0.330,-0.418358,-1.951809
2wbg,2wbg_750,0.900,-0.527501,-1.678335
2wbg,2wbg_754,1.780,-0.800939,-1.859002
2wbg,2wbg_755,0.780,-0.731412,-1.443728
2wbg,2wbg_763,5.020,-2.031736,-2.676881
2wbg,2wbg_767,3.180,-1.600887,-2.213945
2wbg,2wbg_775,2.450,-0.698618,-2.296082
2wbg,2wbg_779,4.520,-1.176412,-2.256281
2wbg,2wbg_781,3.150,-1.693821,-1.720101
2wbg,2wbg_783,5.160,-1.791409,-2.535595
2wbg,2wbg_784,5.650,-2.519414,-3.315838
2wbg,2wbg_786,3.830,-3.243262,-2.386325
2wbg,2wbg_788,1.200,-1.679794,-2.089078
2wbg,2wbg_791,4.060,-3.103831,-3.265351
2wbg,2wbg_792,5.580,-3.773919,-4.934537
2wbg,2wbg_795,4.970,-2.722820,-2.570431
2wbg,2wbg_797,7.140,-4.983344,-4.411296
2wbg,2wbg_880,2.150,-0.653599,-2.366872
2wbg,2wbg_886,4.250,-3.978851,-2.214628
2wbg,2wbg_889,2.980,-2.361912,-2.428148
2wbg,2wbg_897,3.040,-2.469964,-2.557234
2wbg,2wbg_944,2.080,-0.277219,-1.949806
2wbg,2wbg_976,1.960,-0.597951,-2.181322
2wca,2wca_144,1.940,-2.420578,-1.889851
2wca,2wca_161,3.260,-1.106920,-2.145747
2wca,2wca_173,4.150,-2.145882,-1.524885
2wca,2wca_20,2.860,-2.256156,-2.010000
2wca,2wca_201,2.030,-2.500592,-1.609265
2wca,2wca_206,8.140,-6.777056,-2.115762
2wca,2wca_219,8.160,-5.442849,-2.063169
2wca,2wca_225,8.060,-5.551054,-1.552616
2wca,2wca_23,7.920,-2.813101,-1.642305
2wca,2wca_235,1.820,-1.944386,-2.092159
2wca,2wca_241,5.130,-3.745855,-1.875582
2wca,2wca_254,4.410,-1.484973,-1.662588
2wca,2wca_264,8.390,-6.729691,-1.926168
2wca,2wca_267,7.570,-4.400046,-2.176288
2wca,2wca_269,1.990,-2.309564,-1.500502
2wca,2wca_273,8.080,-5.906040,-1.839307
2wca,2wca_281,7.320,-1.397876,-1.720039
2wca,2wca_287,3.860,-2.055724,-2.207613
2wca,2wca_37,3.360,-1.695662,-1.775395
2wca,2wca_414,3.470,-3.663365,-1.681117
2wca,2wca_417,6.080,-3.047291,-2.187743
2wca,2wca_444,2.380,-2.031605,-2.038716
2wca,2wca_478,5.910,-2.749937,-2.753333
2wca,2wca_483,6.760,-2.594067,-1.829945
2wca,2wca_488,5.620,-2.091758,-2.334800
2wca,2wca_496,4.470,-4.575230,-1.806964
2wca,2wca_5,8.640,-6.155259,-2.402516
2wca,2wca_545,2.180,-2.184343,-3.113897
2wca,2wca_550,5.450,-5.113019,-2.617506
2wca,2wca_564,7.010,-3.857324,-2.848351
2wca,2wca_575,3.990,-4.216969,-2.698828
2wca,2wca_585,6.610,-3.961049,-2.715375
2wca,2wca_586,6.760,-3.164470,-1.981589
2wca,2wca_587,8.140,-5.089767,-2.878173
2wca,2wca_592,4.020,-3.918267,-2.675480
2wca,2wca_596,7.520,-4.563540,-2.286581
2wca,2wca_599,4.600,-3.745238,-2.143261
2wca,2wca_600,6.900,-3.015465,-2.847417
2wca,2wca_610,5.980,-3.580179,-2.370717
2wca,2wca_613,4.580,-4.129692,-2.671835
2wca,2wca_616,4.850,-4.268796,-1.930845
2wca,2wca_638,7.220,-4.084874,-2.716823
2wca,2wca_65,8.430,-5.986743,-1.741499
2wca,2wca_653,5.720,-2.713577,-2.341462
2wca,2wca_657,5.580,-3.445390,-2.432092
2wca,2wca_662,6.890,-4.366140,-2.689811
2wca,2wca_674,6.720,-1.965500,-2.593503
2wca,2wca_679,6.560,-3.281829,-2.156095
2wca,2wca_692,6.760,-2.957760,-2.932144
2wca,2wca_700,5.600,-3.265283,-2.785181
2wca,2wca_72,8.550,-6.135361,-1.941503
2wca,2wca_731,1.880,-1.907319,-1.850433
2wca,2wca_745,5.870,-0.731191,-1.637979
2wca,2wca_755,4.320,-2.434459,-2.177536
2wca,2wca_760,3.000,-3.499175,-2.583152
2wca,2wca_773,5.590,-1.052233,-2.584708
2wca,2wca_786,4.410,-4.173615,-3.492074
2wca,2wca_788,7.390,-3.376706,-1.899110
2wca,2wca_791,3.930,-4.141664,-1.986576
2wca,2wca_81,6.200,-1.837705,-2.012376
2wca,2wca_816,1.990,-2.112315,-1.676709
2wca,2wca_82,8.280,-5.669285,-2.331902
2wca,2wca_829,2.050,-2.878736,-2.231363
2wca,2wca_851,3.130,-3.259706,-2.275538
2wca,2wca_853,3.970,-4.152234,-2.132426
2wca,2wca_855,2.740,-3.857412,-2.540705
2wca,2wca_887,2.800,-1.941616,-2.095800
2wca,2wca_90,7.460,-6.404938,-2.472725
2wca,2wca_903,1.810,-1.576921,-1.834039
2wca,2wca_908,4.240,-4.153955,-2.414078
2wca,2wca_92,2.460,-2.512267,-1.942973
2wca,2wca_925,7.050,-4.392411,-2.376198
2wca,2wca_936,2.850,-1.835203,-1.842047
2wca,2wca_951,3.720,-2.058849,-1.948552
2wca,2wca_960,1.990,-2.305715,-2.438285
2wca,2wca_961,3.720,-4.098712,-2.488345
2wca,2wca_965,1.830,-1.207683,-1.731543
2wca,2wca_971,1.690,-2.405665,-2.085448
2wca,2wca_974,7.320,-6.497047,-2.225289
2wca,2wca_983,1.980,-2.502394,-2.259737
2weg,2weg_106,2.660,-1.620993,-1.187912
2weg,2weg_146,0.870,-1.046064,-2.038509
2weg,2weg_177,0.890,-1.301629,-1.498386
2weg,2weg_20,0.890,-0.638314,-1.667534
2weg,2weg_204,0.980,-0.849908,-1.604592
2weg,2weg_21,1.900,-1.449693,-1.762963
2weg,2weg_218,0.840,-0.590242,-1.204468
2weg,2weg_248,1.960,-1.635973,-1.405060
2weg,2weg_301,3.260,-1.122486,-2.948394
2weg,2weg_314,0.790,-1.397708,-2.295891
2weg,2weg_335,1.540,-0.792750,-1.980281
2weg,2weg_343,2.560,-0.898482,-1.259931
2weg,2weg_371,1.000,-1.350362,-2.012811
2weg,2weg_385,0.900,-0.662655,-2.062218
2weg,2weg_387,0.880,-1.120029,-1.657144
2weg,2weg_390,3.090,-0.803147,-2.171797
2weg,2weg_407,1.790,-1.673781,-1.043155
2weg,2weg_415,2.090,-2.389059,-2.899293
2weg,2weg_419,4.380,-2.804218,-1.308079
2weg,2weg_437,3.590,-1.876291,-1.081254
2weg,2weg_443,1.700,-1.848154,-1.538130
2weg,2weg_447,2.140,-1.475600,-1.169902
2weg,2weg_468,3.260,-1.742980,-2.173973
2weg,2weg_472,2.180,-1.723320,-2.029625
2weg,2weg_476,4.670,-3.563482,-1.471867
2weg,2weg_502,2.540,-2.307092,-2.249891
2weg,2weg_515,1.330,-1.382538,-1.554940
2weg,2weg_517,5.200,-4.823833,-2.377127
2weg,2weg_518,4.740,-4.882882,-2.307869
2weg,2weg_52,1.020,-1.031666,-1.923244
2weg,2weg_520,4.350,-4.766043,-1.530140
2weg,2weg_525,3.030,-2.135981,-2.057430
2weg,2weg_530,1.290,-2.103457,-1.847809
2weg,2weg_542,5.220,-5.481676,-2.508950
2weg,2weg_566,3.540,-3.620146,-1.708711
2weg,2weg_579,3.230,-2.833620,-2.641891
2weg,2weg_582,2.110,-2.286509,-1.450091
2weg,2weg_592,2.190,-0.793064,-1.783718
2weg,2weg_598,3.020,-2.882768,-1.786339
2weg,2weg_599,1.840,-0.861177,-1.722937
2weg,2weg_604,2.080,-1.774500,-1.912706
2weg,2weg_614,3.290,-2.314265,-2.338772
2weg,2weg_620,1.210,-1.822532,-2.646135
2weg,2weg_632,6.120,-5.690311,-1.317138
2weg,2weg_643,4.520,-3.555724,-1.837042
2weg,2weg_644,3.020,-2.895277,-1.814546
2weg,2weg_653,6.480,-5.776626,-2.038127
2weg,2weg_666,5.100,-4.534630,-2.505921
2weg,2weg_674,4.110,-4.448694,-1.449760
2weg,2weg_686,5.910,-5.417660,-1.253273
2weg,2weg_699,4.450,-4.189461,-2.386536
2weg,2weg_765,4.430,-2.426804,-2.814573
2weg,2weg_776,4.010,-2.508465,-1.759719
2weg,2weg_784,5.490,-5.268337,-2.748207
2weg,2weg_785,4.500,-3.866473,-1.889142
2weg,2weg_80,2.020,-1.513295,-1.740125
2weg,2weg_838,0.900,-0.901400,-1.385848
2wer,2wer_112,0.780,-0.470020,-1.579277
2wer,2wer_123,1.150,-1.478288,-1.459371
2wer,2wer_170,0.720,-0.417726,-1.523126
2wer,2wer_177,0.490,-0.472617,-1.586393
2wer,2wer_337,1.290,-0.580666,-1.690765
2wer,2wer_345,0.690,-0.624136,-1.632249
2wer,2wer_390,0.410,-0.702095,-1.225274
2wer,2wer_403,3.500,-2.556819,-1.716405
2wer,2wer_404,1.860,-1.481417,-1.646922
2wer,2wer_414,1.490,-1.670016,-2.076391
2wer,2wer_419,2.250,-2.475211,-1.634128
2wer,2wer_422,2.000,-1.831972,-1.833200
2wer,2wer_424,4.350,-2.618141,-2.770440
2wer,2wer_426,3.560,-2.021227,-2.000141
2wer,2wer_437,2.410,-2.218975,-2.404336
2wer,2wer_439,2.850,-2.585404,-2.203806
2wer,2wer_441,2.940,-2.576351,-2.115779
2wer,2wer_442,3.630,-2.653089,-2.430271
2wer,2wer_445,3.340,-2.842700,-2.799721
2wer,2wer_447,5.070,-2.643364,-2.985871
2wer,2wer_459,2.340,-2.328163,-2.105844
2wer,2wer_460,3.190,-2.838373,-2.234490
2wer,2wer_463,4.860,-2.683474,-2.109819
2wer,2wer_473,3.510,-2.839406,-2.477301
2wer,2wer_478,4.990,-2.964730,-2.556895
2wer,2wer_479,3.620,-3.459646,-3.057546
2wer,2wer_485,1.660,-1.318612,-1.753532
2wer,2wer_486,2.870,-2.600935,-2.161386
2wer,2wer_489,4.990,-2.316008,-2.583640
2wer,2wer_557,1.440,-1.353555,-1.569905
2wer,2wer_57,0.780,-1.222085,-1.519169
2wer,2wer_570,2.070,-1.515374,-1.793887
2wer,2wer_580,4.860,-3.111714,-2.223369
2wer,2wer_581,1.490,-1.580019,-1.586445
2wer,2wer_589,5.640,-3.952024,-2.637146
2wer,2wer_596,3.860,-2.221457,-1.900195
2wer,2wer_646,2.200,-2.082471,-2.448156
2wer,2wer_658,7.060,-7.204042,-3.145945
2wer,2wer_663,3.070,-2.302402,-2.595598
2wer,2wer_669,4.280,-1.291937,-2.184056
2wer,2wer_676,4.690,-1.697377,-2.640565
2wer,2wer_678,4.340,-2.647322,-2.411833
2wer,2wer_688,1.410,-1.362421,-1.889301
2wer,2wer_697,2.050,-1.774705,-2.099596
2wer,2wer_719,6.740,-5.595262,-3.697526
2wer,2wer_728,7.280,-5.418564,-3.685290
2wer,2wer_73,0.270,-0.610237,-1.528693
2wer,2wer_737,6.050,-5.059067,-3.491935
2wer,2wer_739,6.560,-7.217257,-3.596646
2wer,2wer_740,7.470,-6.639534,-3.125785
2wer,2wer_743,6.230,-5.524095,-3.587285
2wer,2wer_745,8.280,-7.200635,-4.015912
2wer,2wer_751,5.610,-4.019443,-3.584543
2wer,2wer_752,8.780,-7.642828,-4.021942
2wer,2wer_759,7.260,-7.043922,-3.871689
2wer,2wer_763,7.850,-6.238834,-4.360731
2wer,2wer_764,5.850,-4.575228,-3.424983
2wer,2wer_765,7.330,-5.936039,-3.656646
2wer,2wer_767,8.100,-7.297097,-3.896462
2wer,2wer_768,6.340,-5.738694,-3.081514
2wer,2wer_769,6.890,-6.044008,-3.869186
2wer,2wer_773,7.880,-7.291234,-4.224119
2wer,2wer_774,8.100,-7.692008,-3.446506
2wer,2wer_775,5.450,-3.633722,-2.742890
2wer,2wer_777,7.980,-6.984419,-3.400424
2wer,2wer_779,0.380,-0.942517,-1.582492
2wer,2wer_790,1.550,-1.293581,-2.293562
2wer,2wer_792,2.010,-1.273091,-1.947197
2wer,2wer_810,5.760,-3.726265,-3.364439
2wer,2wer_812,4.740,-4.257394,-2.354664
2wer,2wer_838,5.700,-4.613287,-2.724379
2wer,2wer_853,6.160,-4.838573,-3.687703
2wer,2wer_858,7.110,-6.439225,-3.198056
2wer,2wer_866,6.010,-4.561763,-3.746751
2wer,2wer_88,0.570,-0.502140,-1.775396
2wer,2wer_888,0.720,-0.854916,-1.651587
2wer,2wer_899,3.460,-1.972191,-2.555618
2wer,2wer_920,4.920,-4.130310,-3.313306
2wer,2wer_934,6.010,-4.549721,-4.243368
2wer,2wer_935,6.340,-5.700678,-3.225508
2wer,2wer_941,5.020,-3.068163,-3.234956
2wer,2wer_944,7.150,-6.663712,-3.921526
2wer,2wer_952,5.280,-4.436585,-2.622832
2wer,2wer_957,5.460,-4.080876,-3.145295
2wn9,2wn9_105,2.710,-1.481202,-2.704301
2wn9,2wn9_11,4.210,-2.867307,-2.776236
2wn9,2wn9_118,5.450,-3.790399,-2.382189
2wn9,2wn9_12,5.030,-4.955927,-2.659750
2wn9,2wn9_13,4.410,-3.976547,-2.533757
2wn9,2wn9_134,4.420,-3.523728,-3.067519
2wn9,2wn9_136,0.850,-0.718287,-2.341116
2wn9,2wn9_160,0.730,-0.553959,-2.985754
2wn9,2wn9_172,0.410,-0.523502,-2.419556
2wn9,2wn9_175,5.100,-3.601449,-3.597921
2wn9,2wn9_177,4.900,-2.845797,-2.803736
2wn9,2wn9_194,0.690,-0.666121,-2.291792
2wn9,2wn9_2,2.840,-1.573370,-2.190476
2wn9,2wn9_217,6.250,-5.815670,-3.041708
2wn9,2wn9_232,0.520,-0.464362,-2.669953
2wn9,2wn9_247,5.890,-5.145440,-4.826850
2wn9,2wn9_257,4.900,-3.699914,-2.647474
2wn9,2wn9_261,5.880,-5.023248,-4.534713
2wn9,2wn9_275,6.150,-4.842632,-3.375266
2wn9,2wn9_283,5.870,-4.337309,-2.786537
2wn9,2wn9_289,6.110,-5.761365,-3.881289
2wn9,2wn9_299,5.720,-4.523649,-3.930744
2wn9,2wn9_300,6.030,-5.734268,-3.743127
2wn9,2wn9_329,3.650,-0.457593,-2.003254
2wn9,2wn9_333,0.730,-0.622840,-2.531911
2wn9,2wn9_336,0.680,-0.435562,-2.762115
2wn9,2wn9_34,0.500,-0.476857,-2.345236
2wn9,2wn9_376,0.700,-0.787722,-2.580083
2wn9,2wn9_391,0.320,-0.506243,-2.429264
2wn9,2wn9_410,2.140,-2.011915,-3.935210
2wn9,2wn9_411,3.380,-3.323625,-3.104676
2wn9,2wn9_424,2.760,-2.986558,-3.480985
2wn9,2wn9_445,4.060,-1.555878,-3.158713
2wn9,2wn9_448,2.490,-1.983149,-3.410041
2wn9,2wn9_461,3.210,-2.650764,-3.277366
2wn9,2wn9_471,3.920,-3.468286,-2.884606
2wn9,2wn9_474,3.640,-2.683089,-3.936054
2wn9,2wn9_483,5.720,-5.564635,-3.385371
2wn9,2wn9_51,5.810,-5.545440,-4.010801
2wn9,2wn9_525,4.640,-4.602486,-3.035932
2wn9,2wn9_531,6.060,-6.032140,-3.783132
2wn9,2wn9_565,6.380,-6.687865,-4.837082
2wn9,2wn9_570,4.380,-2.873326,-4.095562
2wn9,2wn9_571,3.690,-2.634129,-3.266508
2wn9,2wn9_575,6.150,-5.627105,-4.594883
2wn9,2wn9_586,3.900,-4.541702,-2.899177
2wn9,2wn9_626,2.910,-1.650218,-3.656878
2wn9,2wn9_643,6.400,-5.123521,-3.457343
2wn9,2wn9_662,6.070,-4.808406,-3.701103
2wn9,2wn9_663,3.530,-2.369338,-2.445041
2wn9,2wn9_667,3.410,-3.272980,-3.561340
2wn9,2wn9_675,4.920,-3.256330,-4.564986
2wn9,2wn9_678,1.110,-1.045129,-4.046269
2wn9,2wn9_689,5.590,-6.163116,-4.347110
2wn9,2wn9_737,7.280,-7.571900,-3.497027
2wn9,2wn9_738,6.040,-5.526744,-4.017473
2wn9,2wn9_740,7.260,-7.021534,-3.865605
2wn9,2wn9_749,7.640,-7.251147,-3.676659
2wn9,2wn9_751,7.820,-7.992119,-3.631140
2wn9,2wn9_752,7.370,-7.605669,-4.002072
2wn9,2wn9_753,7.230,-6.981502,-3.349953
2wn9,2wn9_759,3.900,-1.939220,-3.413389
2wn9,2wn9_762,7.220,-7.417695,-3.499015
2wn9,2wn9_80,4.860,-4.887074,-3.466127
2wnc,2wnc_127,0.550,-0.714923,-6.555697
2wnc,2wnc_168,1.450,-1.832731,-6.124151
2wnc,2wnc_267,0.920,-0.813401,-6.167260
2wnc,2wnc_302,0.700,-0.720062,-7.113803
2wnc,2wnc_35,3.020,-2.052537,-7.150124
2wnc,2wnc_370,0.910,-0.927215,-6.334695
2wnc,2wnc_437,6.710,-5.995259,-6.679164
2wnc,2wnc_458,4.020,-2.535689,-6.743322
2wnc,2wnc_473,3.230,-2.025996,-5.853117
2wnc,2wnc_474,2.300,-1.108089,-6.909313
2wnc,2wnc_48,0.870,-0.939408,-6.911247
2wnc,2wnc_498,4.420,-1.792651,-6.275257
2wnc,2wnc_514,1.650,-1.352561,-6.715774
2wnc,2wnc_519,2.670,-1.893125,-7.072016
2wnc,2wnc_525,5.660,-1.877724,-6.890653
2wnc,2wnc_527,5.270,-5.982533,-6.826473
2wnc,2wnc_532,1.790,-1.786968,-6.912711
2wnc,2wnc_536,2.780,-2.157070,-6.493211
2wnc,2wnc_537,3.080,-1.914439,-7.029176
2wnc,2wnc_538,6.700,-5.742017,-6.750884
2wnc,2wnc_539,6.600,-2.144087,-6.264763
2wnc,2wnc_541,7.760,-6.083160,-6.900853
2wnc,2wnc_542,7.510,-5.113708,-6.790341
2wnc,2wnc_554,4.470,-3.540668,-7.794909
2wnc,2wnc_557,6.270,-2.989595,-6.889149
2wnc,2wnc_558,8.480,-7.669484,-6.047020
2wnc,2wnc_561,5.170,-2.206461,-6.751231
2wnc,2wnc_564,8.970,-8.107470,-5.725441
2wnc,2wnc_575,7.920,-7.055207,-5.720224
2wnc,2wnc_578,4.550,-4.246721,-7.144095
2wnc,2wnc_582,6.260,-5.837070,-6.891442
2wnc,2wnc_585,4.030,-3.658309,-6.476999
2wnc,2wnc_587,3.030,-2.337521,-7.637120
2wnc,2wnc_589,4.730,-4.374550,-7.199361
2wnc,2wnc_594,5.180,-3.146194,-6.456056
2wnc,2wnc_595,3.040,-2.194399,-6.875266
2wnc,2wnc_597,8.350,-5.862625,-6.060902
2wnc,2wnc_599,6.260,-2.038396,-6.702201
2wnc,2wnc_600,4.270,-2.061072,-6.804192
2wnc,2wnc_632,7.120,-1.873852,-6.409084
2wnc,2wnc_636,8.120,-5.299086,-5.590713
2wnc,2wnc_645,5.030,-4.543413,-6.998406
2wnc,2wnc_647,6.380,-2.306289,-7.780263
2wnc,2wnc_661,5.990,-4.766916,-6.527627
2wnc,2wnc_664,2.970,-2.945857,-6.916579
2wnc,2wnc_681,5.620,-3.696115,-6.838382
2wnc,2wnc_689,3.660,-1.939551,-6.790120
2wnc,2wnc_702,0.510,-0.414436,-6.285899
2wnc,2wnc_717,2.480,-1.192120,-6.194341
2wnc,2wnc_722,7.880,-7.558742,-7.452143
2wnc,2wnc_723,2.350,-1.858975,-6.996756
2wnc,2wnc_728,8.430,-5.255671,-6.383324
2wnc,2wnc_732,7.440,-3.766665,-6.035328
2wnc,2wnc_734,8.010,-3.805170,-5.823420
2wnc,2wnc_737,2.010,-1.202570,-6.251894
2wnc,2wnc_741,8.070,-7.893583,-7.323766
2wnc,2wnc_744,3.110,-1.578404,-6.527964
2wnc,2wnc_747,4.620,-3.508421,-6.736000
2wnc,2wnc_752,5.030,-3.397649,-6.695150
2wnc,2wnc_754,9.060,-7.967592,-6.744755
2wnc,2wnc_755,3.320,-2.977859,-7.099221
2wnc,2wnc_757,5.330,-3.096116,-7.428538
2wnc,2wnc_760,6.610,-6.155906,-6.566411
2wnc,2wnc_763,8.890,-5.959329,-6.168263
2wnc,2wnc_766,6.900,-7.314901,-7.139930
2wnc,2wnc_770,5.150,-4.526354,-6.606095
2wnc,2wnc_776,7.670,-4.573211,-6.009731
2wnc,2wnc_779,6.250,-2.960573,-7.279046
2wnc,2wnc_780,3.780,-2.162293,-6.315046
2wnc,2wnc_781,9.780,-8.366451,-8.055815
2wnc,2wnc_796,0.560,-0.464479,-6.088857
2wnc,2wnc_825,1.740,-1.257102,-6.429795
2wnc,2wnc_828,4.670,-3.676127,-7.538309
2wnc,2wnc_848,2.370,-0.516162,-6.446649
2wnc,2wnc_849,1.810,-0.974174,-6.738387
2wnc,2wnc_853,9.030,-5.127597,-5.320293
2wnc,2wnc_856,8.160,-4.557676,-6.095401
2wnc,2wnc_860,2.010,-0.731167,-6.281313
2wnc,2wnc_862,8.670,-6.516201,-6.367641
2wnc,2wnc_868,7.280,-1.959142,-6.045223
2wnc,2wnc_872,4.810,-3.207746,-6.365799
2wnc,2wnc_874,7.600,-2.687391,-6.335253
2wnc,2wnc_879,7.650,-7.259861,-5.905108
2wnc,2wnc_891,0.320,-0.470691,-6.293908
2wnc,2wnc_903,0.550,-0.454909,-6.163406
2wnc,2wnc_915,1.590,-1.056250,-6.404575
2wnc,2wnc_928,1.510,-0.796480,-5.966311
2wnc,2wnc_951,2.860,-1.477546,-6.382880
2wnc,2wnc_952,2.000,-1.658508,-6.524761
2wnc,2wnc_969,1.150,-1.529451,-6.652677
2wnc,2wnc_972,3.720,-1.574093,-5.846876
2wnc,2wnc_981,1.060,-0.981003,-6.398888
2wnc,2wnc_99,0.990,-1.153796,-5.846721
2wtv,2wtv_105,0.540,-0.289096,-3.529429
2wtv,2wtv_108,0.490,-0.417768,-3.980260
2wtv,2wtv_118,0.520,-0.284047,-3.947172
2wtv,2wtv_133,1.280,-0.693593,-4.091270
2wtv,2wtv_143,0.780,-0.336836,-3.983487
2wtv,2wtv_144,1.060,-0.641771,-3.711429
2wtv,2wtv_152,5.780,-3.694436,-4.584545
2wtv,2wtv_157,0.950,-0.591368,-3.942050
2wtv,2wtv_159,6.520,-4.437512,-4.853504
2wtv,2wtv_174,0.530,-0.680016,-3.948486
2wtv,2wtv_196,7.020,-2.819986,-4.460916
2wtv,2wtv_20,9.000,-6.647956,-4.431178
2wtv,2wtv_237,1.040,-0.677283,-4.364760
2wtv,2wtv_24,8.980,-6.545791,-4.485834
2wtv,2wtv_240,0.700,-0.738805,-3.573004
2wtv,2wtv_250,9.030,-6.961902,-5.167911
2wtv,2wtv_255,0.880,-0.440166,-3.711186
2wtv,2wtv_260,9.040,-6.930153,-4.756829
2wtv,2wtv_289,1.220,-1.131607,-4.079515
2wtv,2wtv_296,8.940,-6.396111,-4.315017
2wtv,2wtv_317,6.870,-3.636320,-4.158501
2wtv,2wtv_32,8.900,-6.490026,-4.265600
2wtv,2wtv_320,0.400,-0.300565,-3.720119
2wtv,2wtv_328,2.900,-0.786995,-4.040078
2wtv,2wtv_333,7.330,-4.416464,-4.871004
2wtv,2wtv_357,0.500,-0.256900,-3.783644
2wtv,2wtv_376,1.780,-0.814021,-3.760330
2wtv,2wtv_38,9.230,-6.450250,-4.811017
2wtv,2wtv_39,9.040,-6.730141,-4.808041
2wtv,2wtv_401,6.300,-2.962637,-3.576872
2wtv,2wtv_411,2.980,-2.335683,-3.619361
2wtv,2wtv_415,5.910,-2.562312,-3.635716
2wtv,2wtv_421,5.900,-3.119318,-4.185627
2wtv,2wtv_427,4.230,-4.184037,-3.959548
2wtv,2wtv_432,7.140,-4.561233,-3.782174
2wtv,2wtv_436,6.210,-3.572215,-4.307235
2wtv,2wtv_437,3.560,-3.025015,-3.629630
2wtv,2wtv_455,4.210,-3.173937,-3.626968
2wtv,2wtv_459,5.760,-1.665107,-3.510370
2wtv,2wtv_460,7.430,-4.603313,-5.208819
2wtv,2wtv_470,5.080,-4.147054,-3.787310
2wtv,2wtv_477,6.840,-3.788518,-4.266963
2wtv,2wtv_481,7.610,-5.646219,-4.648401
2wtv,2wtv_483,4.500,-4.164523,-4.276796
2wtv,2wtv_486,5.760,-2.824122,-3.601101
2wtv,2wtv_487,5.910,-2.591613,-4.233401
2wtv,2wtv_489,6.300,-3.913141,-3.951502
2wtv,2wtv_498,5.980,-2.956043,-3.900344
2wtv,2wtv_499,6.000,-2.472872,-3.599788
2wtv,2wtv_502,1.200,-0.860166,-3.814730
2wtv,2wtv_506,2.870,-2.451927,-4.519430
2wtv,2wtv_509,1.790,-1.698633,-4.107669
2wtv,2wtv_533,1.840,-0.881036,-3.987192
2wtv,2wtv_534,3.190,-3.443930,-4.428998
2wtv,2wtv_541,6.050,-2.298167,-3.702591
2wtv,2wtv_544,2.230,-2.406686,-4.189442
2wtv,2wtv_547,7.650,-2.832331,-3.244950
2wtv,2wtv_548,2.570,-2.253208,-4.269957
2wtv,2wtv_55,7.060,-6.290859,-4.749281
2wtv,2wtv_551,4.120,-4.049650,-5.059205
2wtv,2wtv_557,3.770,-2.679903,-4.666910
2wtv,2wtv_558,8.290,-5.255858,-5.273493
2wtv,2wtv_561,3.000,-3.932638,-3.955448
2wtv,2wtv_570,7.520,-3.657785,-4.218305
2wtv,2wtv_575,3.410,-3.068817,-4.783692
2wtv,2wtv_576,8.130,-5.384378,-4.411624
2wtv,2wtv_579,3.250,-3.367358,-3.745020
2wtv,2wtv_581,7.660,-3.566453,-4.952056
2wtv,2wtv_584,2.070,-1.749282,-4.001104
2wtv,2wtv_585,7.130,-3.655333,-3.756139
2wtv,2wtv_590,3.380,-4.024053,-4.971922
2wtv,2wtv_591,2.540,-1.668434,-3.932595
2wtv,2wtv_595,1.830,-1.697610,-4.385626
2wtv,2wtv_596,3.040,-1.849741,-4.142769
2wtv,2wtv_602,3.550,-2.494754,-4.967037
2wtv,2wtv_604,3.030,-2.381544,-4.444675
2wtv,2wtv_608,4.090,-2.971220,-3.542643
2wtv,2wtv_611,4.950,-3.541936,-3.989898
2wtv,2wtv_612,9.170,-6.263025,-4.835365
2wtv,2wtv_615,1.930,-1.660993,-4.470867
2wtv,2wtv_624,3.300,-2.236385,-3.498537
2wtv,2wtv_631,5.950,-2.201921,-3.975355
2wtv,2wtv_637,6.640,-3.037553,-3.734974
2wtv,2wtv_644,4.370,-4.356464,-3.978859
2wtv,2wtv_670,6.240,-3.294071,-3.963115
2wtv,2wtv_674,2.810,-1.709369,-3.468139
2wtv,2wtv_675,8.630,-6.175444,-4.387915
2wtv,2wtv_676,4.290,-4.977736,-4.842585
2wtv,2wtv_689,4.510,-4.443703,-4.326578
2wtv,2wtv_691,2.420,-2.037378,-3.848182
2wtv,2wtv_697,4.010,-4.024615,-4.300310
2wtv,2wtv_737,6.290,-2.422589,-3.827023
2wtv,2wtv_78,9.170,-7.225210,-4.651360
2wtv,2wtv_799,8.540,-5.336355,-3.820736
2wtv,2wtv_801,8.340,-7.534983,-3.957377
2wtv,2wtv_804,8.220,-6.721982,-4.304842
2wtv,2wtv_83,9.110,-6.634424,-4.482405
2wtv,2wtv_84,9.060,-6.788776,-4.535139
2wtv,2wtv_90,9.090,-6.684090,-4.413792
2wtv,2wtv_98,9.140,-6.976234,-4.656422
2wvt,2wvt_217,0.340,-0.351849,-1.562507
2wvt,2wvt_266,0.930,-0.368743,-1.508782
2wvt,2wvt_404,1.280,-1.432164,-2.412659
2wvt,2wvt_415,0.950,-0.770753,-2.478200
2wvt,2wvt_442,0.910,-1.077212,-2.287087
2wvt,2wvt_456,0.750,-0.807719,-2.307131
2wvt,2wvt_464,1.720,-2.286182,-2.355396
2wvt,2wvt_474,1.750,-1.321245,-2.306058
2wvt,2wvt_478,2.120,-1.775540,-2.138225
2wvt,2wvt_492,1.470,-1.356135,-2.552771
2wvt,2wvt_510,3.280,-3.171059,-3.335061
2wvt,2wvt_518,0.950,-0.961354,-2.692962
2wvt,2wvt_526,4.260,-4.294503,-4.348738
2wvt,2wvt_529,2.450,-1.846954,-2.474721
2wvt,2wvt_546,3.810,-3.420285,-3.263361
2wvt,2wvt_548,1.200,-0.998302,-3.443802
2wvt,2wvt_552,2.400,-1.658927,-3.260722
2wvt,2wvt_565,3.160,-2.865557,-2.986067
2wvt,2wvt_574,3.540,-2.835780,-3.450052
2wvt,2wvt_579,3.090,-2.723568,-2.919212
2wvt,2wvt_581,3.210,-3.143965,-2.857792
2wvt,2wvt_593,2.910,-1.974038,-2.882348
2wvt,2wvt_615,2.480,-2.198802,-3.206311
2wvt,2wvt_630,1.760,-0.989189,-2.700784
2wvt,2wvt_675,1.950,-1.611586,-3.001633
2wvt,2wvt_678,2.070,-1.812246,-2.817663
2wvt,2wvt_720,1.160,-0.766659,-2.136125
2wvt,2wvt_731,4.020,-3.693228,-2.861598
2wvt,2wvt_736,0.850,-1.185945,-1.656220
2wvt,2wvt_743,3.840,-3.495224,-3.537275
2wvt,2wvt_758,4.000,-3.706592,-3.028198
2wvt,2wvt_762,2.090,-0.875908,-1.692912
2wvt,2wvt_764,2.040,-0.947621,-2.054226
2wvt,2wvt_767,1.540,-1.045303,-2.323329
2wvt,2wvt_770,4.010,-3.873345,-2.976713
2wvt,2wvt_775,1.950,-0.950615,-2.089081
2wvt,2wvt_777,2.410,-1.686139,-2.537772
2wvt,2wvt_780,3.280,-2.420266,-2.421900
2wvt,2wvt_843,2.770,-1.220596,-2.340098
2wvt,2wvt_848,4.060,-3.363370,-2.600721
2wvt,2wvt_859,0.790,-0.458722,-1.939027
2wvt,2wvt_870,4.100,-3.806381,-3.099202
2wvt,2wvt_875,4.900,-4.566103,-2.829227
2wvt,2wvt_884,4.090,-3.099989,-2.586668
2wvt,2wvt_898,4.670,-4.181975,-3.216776
2wvt,2wvt_920,0.890,-0.368892,-1.781456
2wvt,2wvt_922,0.610,-0.553073,-2.169168
2wvt,2wvt_961,3.710,-3.095263,-2.312392
2wvt,2wvt_962,4.200,-3.897137,-2.646245
2wvt,2wvt_982,4.550,-3.909479,-3.870327
2x00,2x00_123,0.910,-1.013238,-3.399447
2x00,2x00_144,0.880,-1.083540,-2.845925
2x00,2x00_174,0.760,-0.659749,-3.037527
2x00,2x00_234,0.580,-0.581496,-2.788755
2x00,2x00_335,0.560,-0.419511,-2.909237
2x00,2x00_345,0.830,-0.545389,-3.134398
2x00,2x00_410,1.120,-1.585208,-3.957283
2x00,2x00_447,2.290,-2.603261,-3.537894
2x00,2x00_464,1.720,-1.395583,-3.971170
2x00,2x00_470,2.010,-1.646284,-3.301669
2x00,2x00_487,1.820,-1.361568,-3.363971
2x00,2x00_498,3.450,-2.814319,-3.704983
2x00,2x00_499,1.880,-1.854369,-3.823166
2x00,2x00_500,4.080,-2.482046,-3.171714
2x00,2x00_509,6.080,-4.316861,-4.681331
2x00,2x00_528,6.070,-4.663613,-4.332209
2x00,2x00_53,0.600,-1.031527,-2.883768
2x00,2x00_539,7.150,-6.406905,-4.452770
2x00,2x00_551,6.410,-4.594007,-4.304874
2x00,2x00_565,5.650,-4.506228,-3.864595
2x00,2x00_573,5.940,-3.278209,-3.804696
2x00,2x00_576,6.290,-4.788904,-4.497655
2x00,2x00_583,2.370,-1.874482,-3.696715
2x00,2x00_586,4.690,-4.475049,-4.355388
2x00,2x00_587,7.410,-6.206700,-4.509956
2x00,2x00_594,3.480,-3.319094,-4.887135
2x00,2x00_604,3.380,-1.919689,-4.459852
2x00,2x00_609,1.050,-0.934465,-3.399330
2x00,2x00_611,2.590,-2.453547,-4.199036
2x00,2x00_633,3.850,-2.814039,-4.226897
2x00,2x00_634,2.990,-1.454523,-3.377665
2x00,2x00_654,2.890,-2.893895,-3.279024
2x00,2x00_701,0.970,-0.558539,-3.107877
2x00,2x00_705,1.230,-1.003779,-3.268962
2x00,2x00_709,1.440,-0.709422,-3.367700
2x00,2x00_716,2.040,-0.868602,-3.354135
2x00,2x00_721,6.210,-3.858062,-4.128365
2x00,2x00_725,5.670,-5.234874,-3.481689
2x00,2x00_731,5.650,-4.646863,-4.876759
2x00,2x00_732,5.120,-2.959766,-3.931410
2x00,2x00_736,3.840,-2.215122,-4.419507
2x00,2x00_742,4.470,-3.292644,-3.195537
2x00,2x00_748,3.480,-2.047778,-4.009842
2x00,2x00_749,4.390,-2.929790,-4.307390
2x00,2x00_760,6.200,-4.847625,-4.063935
2x00,2x00_761,3.850,-3.359993,-3.616319
2x00,2x00_767,2.590,-1.897427,-3.291537
2x00,2x00_771,4.730,-3.761184,-4.301389
2x00,2x00_778,4.900,-4.650925,-3.615200
2x00,2x00_779,8.000,-7.230112,-4.708956
2x00,2x00_786,3.210,-2.824287,-3.947577
2x00,2x00_789,6.320,-5.549036,-4.884957
2x00,2x00_791,3.760,-2.800615,-4.050581
2x00,2x00_798,0.820,-0.948232,-3.322604
2x00,2x00_817,1.420,-0.879532,-3.333126
2x00,2x00_818,5.620,-4.676087,-4.119144
2x00,2x00_822,5.160,-3.822743,-3.487692
2x00,2x00_835,5.980,-5.758210,-4.209104
2x00,2x00_843,5.050,-3.190242,-3.673098
2x00,2x00_853,4.470,-4.610649,-3.843829
2x00,2x00_874,4.410,-3.217937,-3.379708
2x00,2x00_882,6.230,-4.450594,-3.808009
2x00,2x00_889,5.600,-3.000926,-4.100421
2x00,2x00_891,2.990,-1.559097,-3.417306
2x00,2x00_907,0.860,-0.770109,-3.528933
2x00,2x00_911,1.360,-0.663072,-3.178661
2x00,2x00_929,1.700,-1.076988,-3.348175
2x00,2x00_935,2.810,-1.502749,-3.418622
2x00,2x00_945,7.500,-7.287798,-4.477672
2x00,2x00_963,7.610,-7.292417,-4.176860
2x00,2x00_966,6.430,-5.193479,-4.415841
2x00,2x00_969,7.420,-6.961115,-4.353569
2x00,2x00_971,4.970,-3.810511,-4.164105
2x00,2x00_972,6.160,-6.211411,-3.546220
2x00,2x00_986,3.620,-2.021020,-4.477142
2x00,2x00_992,4.300,-1.977620,-4.132819
2xb8,2xb8_133,0.620,-0.646792,-1.415202
2xb8,2xb8_268,0.240,-0.675413,-1.842025
2xb8,2xb8_28,0.660,-0.511468,-1.771931
2xb8,2xb8_282,0.480,-0.660027,-1.479897
2xb8,2xb8_285,0.460,-0.641349,-1.865514
2xb8,2xb8_35,0.740,-0.490646,-1.830325
2xb8,2xb8_408,5.330,-2.676196,-3.897315
2xb8,2xb8_423,1.500,-1.455466,-1.745832
2xb8,2xb8_428,3.040,-1.708023,-2.447986
2xb8,2xb8_433,4.700,-2.276245,-2.555759
2xb8,2xb8_435,2.020,-1.798884,-2.904170
2xb8,2xb8_436,0.840,-1.026406,-1.711819
2xb8,2xb8_437,5.600,-1.952921,-1.850757
2xb8,2xb8_439,1.560,-2.230714,-2.115846
2xb8,2xb8_451,0.870,-1.416719,-2.476942
2xb8,2xb8_452,3.170,-2.049206,-3.408060
2xb8,2xb8_459,2.950,-2.034882,-2.061169
2xb8,2xb8_462,3.100,-2.375588,-3.340264
2xb8,2xb8_464,1.740,-1.887226,-1.919982
2xb8,2xb8_465,4.450,-2.412264,-3.149385
2xb8,2xb8_473,1.900,-1.754099,-2.258716
2xb8,2xb8_478,2.460,-2.362608,-3.150685
2xb8,2xb8_481,3.110,-1.415619,-2.995106
2xb8,2xb8_483,1.640,-1.582882,-1.809501
2xb8,2xb8_484,1.450,-1.729413,-2.409477
2xb8,2xb8_486,0.820,-1.261671,-2.321216
2xb8,2xb8_487,3.320,-1.682215,-2.818558
2xb8,2xb8_490,1.330,-1.320091,-2.041054
2xb8,2xb8_523,4.180,-2.807909,-2.460607
2xb8,2xb8_525,1.450,-2.177707,-2.962752
2xb8,2xb8_537,1.450,-1.371266,-1.651712
2xb8,2xb8_542,3.030,-2.309208,-3.462245
2xb8,2xb8_546,5.870,-4.348050,-3.112375
2xb8,2xb8_556,4.850,-3.553602,-2.012773
2xb8,2xb8_558,5.180,-3.177720,-2.431438
2xb8,2xb8_560,3.170,-2.006498,-2.545322
2xb8,2xb8_568,4.920,-4.265124,-2.539849
2xb8,2xb8_572,6.920,-5.247228,-2.701940
2xb8,2xb8_573,5.740,-4.861351,-2.460387
2xb8,2xb8_574,4.290,-2.834393,-2.256401
2xb8,2xb8_576,2.890,-1.316824,-3.149352
2xb8,2xb8_585,4.080,-2.954762,-2.339046
2xb8,2xb8_587,2.670,-2.273622,-2.228569
2xb8,2xb8_590,6.120,-5.570230,-3.434931
2xb8,2xb8_597,6.290,-4.274860,-2.408246
2xb8,2xb8_616,2.740,-2.287224,-2.499472
2xb8,2xb8_617,5.200,-2.207279,-1.812745
2xb8,2xb8_620,6.220,-3.469710,-2.456576
2xb8,2xb8_635,3.060,-2.549260,-3.014342
2xb8,2xb8_647,6.380,-4.873943,-2.571230
2xb8,2xb8_650,3.490,-2.313528,-2.939995
2xb8,2xb8_657,5.390,-3.804287,-2.537448
2xb8,2xb8_673,6.140,-4.033251,-2.597901
2xb8,2xb8_675,6.120,-4.097351,-3.049853
2xb8,2xb8_676,2.090,-2.065415,-2.025488
2xb8,2xb8_679,5.940,-4.180079,-3.168171
2xb8,2xb8_682,6.110,-2.806289,-2.414909
2xb8,2xb8_684,5.820,-2.846919,-1.770703
2xb8,2xb8_691,4.880,-2.496089,-1.773084
2xb8,2xb8_695,4.790,-2.926497,-3.032489
2xb8,2xb8_697,3.400,-2.803479,-2.413707
2xb8,2xb8_735,0.640,-0.879738,-2.058541
2xb8,2xb8_760,2.690,-1.161327,-2.605407
2xb8,2xb8_761,2.610,-1.615551,-2.064000
2xb8,2xb8_765,6.280,-4.101349,-1.994272
2xb8,2xb8_767,6.030,-3.565435,-2.583908
2xb8,2xb8_768,1.190,-1.378314,-1.671939
2xb8,2xb8_775,5.460,-2.196409,-2.439983
2xb8,2xb8_776,2.250,-2.264786,-2.526012
2xbv,2xbv_103,6.680,-4.591835,-3.355740
2xbv,2xbv_109,9.160,-8.015074,-4.108628
2xbv,2xbv_114,6.200,-4.186526,-3.953815
2xbv,2xbv_119,5.040,-4.100355,-4.119189
2xbv,2xbv_124,5.670,-4.144389,-3.676170
2xbv,2xbv_136,9.060,-8.215221,-3.834876
2xbv,2xbv_137,6.090,-5.395569,-3.971683
2xbv,2xbv_144,7.930,-7.223927,-4.589000
2xbv,2xbv_154,8.480,-7.136945,-3.944144
2xbv,2xbv_157,8.500,-6.831630,-4.108850
2xbv,2xbv_164,7.940,-5.395904,-3.728021
2xbv,2xbv_167,7.410,-7.134484,-3.636306
2xbv,2xbv_184,0.620,-0.694712,-1.823459
2xbv,2xbv_195,1.810,-1.005495,-3.124614
2xbv,2xbv_198,7.070,-5.005530,-3.460092
2xbv,2xbv_199,0.900,-0.875450,-2.379988
2xbv,2xbv_203,0.940,-0.636606,-1.835911
2xbv,2xbv_226,0.490,-0.728765,-1.642631
2xbv,2xbv_23,0.860,-0.920787,-1.825379
2xbv,2xbv_267,0.740,-1.127181,-2.344718
2xbv,2xbv_277,0.720,-0.662716,-1.734352
2xbv,2xbv_293,1.010,-1.128284,-2.367137
2xbv,2xbv_302,1.500,-1.030623,-1.800784
2xbv,2xbv_304,5.570,-1.906472,-3.179011
2xbv,2xbv_309,6.550,-6.204945,-4.009272
2xbv,2xbv_310,8.540,-3.673103,-2.960835
2xbv,2xbv_316,8.100,-2.733448,-3.490028
2xbv,2xbv_317,0.690,-0.785310,-1.949445
2xbv,2xbv_336,6.220,-4.485735,-3.573161
2xbv,2xbv_340,6.460,-2.495702,-4.090853
2xbv,2xbv_344,2.750,-1.854040,-3.459960
2xbv,2xbv_347,8.680,-4.383150,-3.636817
2xbv,2xbv_353,5.670,-5.359673,-2.984329
2xbv,2xbv_355,5.930,-3.034596,-3.272599
2xbv,2xbv_364,7.710,-6.305177,-3.627319
2xbv,2xbv_378,0.900,-0.800438,-2.179441
2xbv,2xbv_385,7.980,-5.575191,-3.755377
2xbv,2xbv_386,8.520,-7.651351,-3.810357
2xbv,2xbv_389,6.030,-3.080742,-3.114512
2xbv,2xbv_391,8.520,-6.700441,-4.022293
2xbv,2xbv_392,1.220,-0.919503,-3.255985
2xbv,2xbv_397,1.590,-1.019976,-2.630206
2xbv,2xbv_399,7.650,-2.101453,-3.217394
2xbv,2xbv_401,2.170,-1.632200,-3.105093
2xbv,2xbv_434,2.320,-1.713839,-3.091703
2xbv,2xbv_435,5.430,-2.049908,-2.945414
2xbv,2xbv_444,2.200,-1.366818,-2.390969
2xbv,2xbv_463,5.490,-2.479526,-4.055290
2xbv,2xbv_475,2.530,-2.120836,-2.993276
2xbv,2xbv_477,2.090,-2.338298,-2.688338
2xbv,2xbv_52,1.080,-0.828618,-2.289564
2xbv,2xbv_532,2.100,-1.676270,-3.174296
2xbv,2xbv_559,5.520,-2.536171,-3.634374
2xbv,2xbv_565,5.570,-2.204543,-3.805071
2xbv,2xbv_746,2.910,-1.839065,-3.399800
2xbv,2xbv_747,4.270,-3.841402,-2.985265
2xbv,2xbv_752,3.420,-2.739826,-3.517031
2xbv,2xbv_753,3.050,-2.037593,-3.089123
2xbv,2xbv_754,2.950,-1.629493,-2.891441
2xbv,2xbv_756,3.290,-2.208628,-2.827386
2xbv,2xbv_761,7.590,-5.471484,-4.329311
2xbv,2xbv_762,6.510,-4.622804,-4.091484
2xbv,2xbv_766,1.780,-0.917673,-2.549773
2xbv,2xbv_769,6.260,-2.860073,-3.160690
2xbv,2xbv_770,3.580,-2.925818,-3.632148
2xbv,2xbv_771,6.360,-3.084768,-3.687827
2xbv,2xbv_773,8.050,-4.290972,-4.214517
2xbv,2xbv_777,8.350,-4.824496,-4.602022
2xbv,2xbv_779,8.700,-3.913509,-3.740461
2xbv,2xbv_780,7.730,-2.498101,-3.717032
2xbv,2xbv_782,3.530,-2.304734,-3.058140
2xbv,2xbv_784,7.770,-3.300480,-3.504365
2xbv,2xbv_8,0.830,-0.796039,-1.937140
2xbv,2xbv_825,1.290,-1.022428,-2.739333
2xbv,2xbv_855,1.600,-0.822477,-2.557193
2xbv,2xbv_866,1.610,-1.357959,-2.273535
2xbv,2xbv_880,2.460,-2.369849,-2.795290
2xbv,2xbv_883,3.930,-2.337068,-3.372679
2xbv,2xbv_884,4.080,-2.678403,-3.685892
2xbv,2xbv_984,5.430,-5.662766,-4.020171
2xdl,2xdl_176,0.960,-1.021194,-4.975392
2xdl,2xdl_192,1.740,-0.976025,-4.866081
2xdl,2xdl_215,0.980,-0.748422,-5.241863
2xdl,2xdl_265,0.470,-0.853097,-5.250346
2xdl,2xdl_268,0.880,-0.522680,-4.712185
2xdl,2xdl_273,1.170,-0.818008,-5.372459
2xdl,2xdl_3,3.880,-1.848846,-5.159791
2xdl,2xdl_329,0.430,-0.605188,-4.840212
2xdl,2xdl_339,0.670,-0.753058,-4.760643
2xdl,2xdl_348,0.940,-0.481005,-5.222178
2xdl,2xdl_396,0.380,-0.584845,-4.848475
2xdl,2xdl_414,5.500,-3.617432,-5.390512
2xdl,2xdl_417,3.020,-2.540534,-5.360670
2xdl,2xdl_420,3.250,-2.613635,-4.605309
2xdl,2xdl_435,1.690,-2.123227,-5.705302
2xdl,2xdl_446,3.030,-2.451844,-5.225040
2xdl,2xdl_484,1.820,-1.657503,-5.269793
2xdl,2xdl_486,2.280,-2.195957,-5.216365
2xdl,2xdl_489,3.810,-2.606922,-5.652374
2xdl,2xdl_495,5.330,-3.603819,-4.656298
2xdl,2xdl_496,5.120,-2.866048,-5.862354
2xdl,2xdl_5,0.770,-0.677756,-5.023182
2xdl,2xdl_500,2.850,-1.742577,-4.267015
2xdl,2xdl_509,4.610,-2.513514,-4.837062
2xdl,2xdl_522,3.340,-2.488112,-5.299187
2xdl,2xdl_525,1.640,-1.800687,-4.719233
2xdl,2xdl_534,2.100,-1.394645,-5.105139
2xdl,2xdl_537,2.420,-1.982599,-5.716997
2xdl,2xdl_539,3.610,-2.380250,-4.738861
2xdl,2xdl_540,1.870,-2.073074,-4.434114
2xdl,2xdl_547,4.820,-4.418351,-4.981299
2xdl,2xdl_549,5.580,-4.816623,-4.962394
2xdl,2xdl_55,0.930,-0.886808,-5.069885
2xdl,2xdl_559,5.120,-4.075091,-4.783064
2xdl,2xdl_560,2.440,-1.877205,-4.871803
2xdl,2xdl_565,6.050,-4.665757,-5.158427
2xdl,2xdl_570,5.070,-4.591047,-5.382927
2xdl,2xdl_574,2.790,-1.929291,-5.379900
2xdl,2xdl_586,5.410,-5.212298,-5.342409
2xdl,2xdl_593,2.570,-1.281730,-6.227776
2xdl,2xdl_595,1.960,-1.851270,-4.905181
2xdl,2xdl_596,5.160,-2.684336,-4.823174
2xdl,2xdl_611,2.120,-1.646533,-4.714834
2xdl,2xdl_612,5.020,-1.679819,-5.279388
2xdl,2xdl_615,4.840,-1.983740,-4.281472
2xdl,2xdl_623,4.540,-2.373813,-4.571071
2xdl,2xdl_628,1.760,-1.508598,-5.372997
2xdl,2xdl_646,5.760,-5.739238,-4.259988
2xdl,2xdl_650,4.520,-2.953891,-5.628582
2xdl,2xdl_660,3.530,-1.736071,-5.371374
2xdl,2xdl_674,4.110,-3.460172,-4.724502
2xdl,2xdl_685,4.650,-1.512074,-5.164258
2xdl,2xdl_691,4.480,-3.402748,-5.069274
2xdl,2xdl_692,2.170,-1.728401,-4.977501
2xdl,2xdl_693,2.980,-2.996171,-4.477586
2xdl,2xdl_739,1.960,-0.782897,-4.331323
2xdl,2xdl_742,3.810,-1.624859,-4.226813
2xdl,2xdl_746,9.900,-8.224199,-4.675695
2xdl,2xdl_747,9.630,-7.771697,-5.305046
2xdl,2xdl_755,9.330,-7.702261,-5.640792
2xdl,2xdl_763,9.440,-7.962076,-5.047561
2xdl,2xdl_768,9.470,-8.061577,-4.853616
2xdl,2xdl_769,9.480,-8.088655,-5.171729
2xdl,2xdl_775,9.540,-7.405358,-6.017613
2xdl,2xdl_776,3.290,-1.874232,-5.110465
2xdl,2xdl_778,9.520,-7.480845,-5.522190
2xdl,2xdl_779,9.380,-8.021878,-4.981792
2xdl,2xdl_783,4.010,-2.323997,-4.481047
2xdl,2xdl_788,9.370,-7.514351,-5.021797
2xdl,2xdl_790,4.870,-3.785122,-5.315244
2xdl,2xdl_99,1.430,-0.975242,-5.601685
2xii,2xii_108,5.810,-5.701802,-1.666504
2xii,2xii_131,7.060,-6.964506,-2.553806
2xii,2xii_137,4.530,-3.926109,-2.201667
2xii,2xii_146,0.530,-0.270991,-1.685627
2xii,2xii_151,6.100,-5.530222,-2.182443
2xii,2xii_185,1.010,-0.357497,-1.284483
2xii,2xii_199,6.850,-6.495662,-2.612056
2xii,2xii_237,0.530,-0.406782,-1.487417
2xii,2xii_238,0.450,-0.402116,-1.407025
2xii,2xii_252,1.340,-0.364593,-1.329769
2xii,2xii_253,1.250,-0.878567,-1.195294
2xii,2xii_293,0.410,-0.313679,-1.494283
2xii,2xii_355,0.760,-0.389591,-1.556222
2xii,2xii_397,0.580,-0.445168,-1.448930
2xii,2xii_401,0.990,-0.758501,-1.794424
2xii,2xii_402,6.800,-6.219873,-1.642862
2xii,2xii_406,1.720,-0.822610,-1.560583
2xii,2xii_407,1.640,-1.456591,-1.753562
2xii,2xii_409,1.840,-0.920646,-1.366483
2xii,2xii_413,2.710,-2.485633,-1.556508
2xii,2xii_414,5.310,-4.083652,-1.783366
2xii,2xii_415,2.030,-1.617363,-1.652612
2xii,2xii_417,1.800,-1.639341,-1.419245
2xii,2xii_419,3.440,-3.332014,-2.157146
2xii,2xii_426,4.800,-3.683636,-2.291245
2xii,2xii_427,3.650,-2.694372,-2.038086
2xii,2xii_429,2.700,-2.229081,-1.701775
2xii,2xii_435,5.920,-5.691361,-1.882170
2xii,2xii_436,6.190,-4.996500,-2.100660
2xii,2xii_438,7.460,-6.252826,-2.420674
2xii,2xii_445,5.760,-5.675720,-1.849260
2xii,2xii_451,4.360,-4.166783,-1.600104
2xii,2xii_452,5.830,-4.818708,-2.138348
2xii,2xii_456,1.810,-1.004976,-1.639654
2xii,2xii_459,2.920,-1.991541,-1.489815
2xii,2xii_464,2.960,-2.339142,-1.607666
2xii,2xii_467,8.020,-3.492890,-2.257352
2xii,2xii_468,3.250,-3.015026,-1.923517
2xii,2xii_469,7.580,-2.968225,-2.222161
2xii,2xii_470,4.740,-4.533433,-1.881732
2xii,2xii_471,7.600,-2.163380,-1.581823
2xii,2xii_49,6.340,-5.914181,-2.100277
2xii,2xii_492,5.230,-4.810359,-1.737143
2xii,2xii_494,7.670,-3.876234,-1.979967
2xii,2xii_496,2.510,-1.497282,-1.724259
2xii,2xii_497,7.800,-3.825775,-2.005909
2xii,2xii_513,1.590,-1.389850,-1.992760
2xii,2xii_525,3.000,-2.537916,-1.389315
2xii,2xii_528,3.690,-3.177307,-1.386421
2xii,2xii_535,3.970,-3.208614,-1.794207
2xii,2xii_542,3.170,-2.927477,-2.265512
2xii,2xii_547,8.440,-4.110452,-2.222815
2xii,2xii_550,8.340,-6.889067,-2.592467
2xii,2xii_552,8.560,-4.693576,-2.353139
2xii,2xii_554,8.280,-4.236065,-2.394338
2xii,2xii_558,2.710,-2.523713,-1.873160
2xii,2xii_561,2.830,-1.736727,-1.378234
2xii,2xii_564,4.790,-4.630157,-2.109676
2xii,2xii_567,2.920,-1.937325,-2.246221
2xii,2xii_570,7.970,-3.911625,-1.788693
2xii,2xii_576,3.150,-2.310127,-1.994487
2xii,2xii_584,7.250,-3.603070,-1.649487
2xii,2xii_586,9.250,-7.579340,-3.517244
2xii,2xii_593,4.780,-4.527984,-2.225996
2xii,2xii_594,6.170,-5.162632,-2.136156
2xii,2xii_621,3.490,-3.297576,-1.898242
2xii,2xii_637,5.360,-4.993938,-1.891249
2xii,2xii_641,4.510,-4.558639,-1.115728
2xii,2xii_661,7.630,-7.078173,-2.625164
2xii,2xii_665,4.520,-3.676805,-2.388772
2xii,2xii_674,7.400,-4.373538,-1.738682
2xii,2xii_683,3.620,-3.291567,-1.518567
2xii,2xii_688,8.480,-5.183590,-2.162038
2xii,2xii_69,6.200,-5.961868,-1.703482
2xii,2xii_696,5.650,-5.386790,-2.180522
2xii,2xii_705,6.480,-5.549294,-1.671204
2xii,2xii_715,0.960,-0.582547,-1.702063
2xii,2xii_729,1.930,-0.497954,-1.385166
2xii,2xii_757,4.440,-3.811317,-1.300259
2xii,2xii_760,6.710,-5.963182,-1.769226
2xii,2xii_762,4.250,-3.906727,-1.221109
2xii,2xii_763,0.880,-0.520931,-1.244480
2xii,2xii_765,3.620,-2.576560,-1.831374
2xii,2xii_822,5.040,-3.993510,-2.633954
2xii,2xii_84,0.540,-0.206965,-1.474922
2xii,2xii_968,5.780,-4.987841,-1.865219
2xii,2xii_97,6.680,-5.787494,-1.473377
2xj7,2xj7_118,0.520,-0.487080,-2.440115
2xj7,2xj7_131,0.270,-0.428397,-1.600707
2xj7,2xj7_161,0.390,-0.363406,-2.432007
2xj7,2xj7_254,0.670,-0.634931,-2.333280
2xj7,2xj7_401,0.960,-0.474900,-3.345828
2xj7,2xj7_404,1.850,-2.566519,-3.606161
2xj7,2xj7_405,1.290,-1.863465,-3.370256
2xj7,2xj7_406,1.740,-1.339800,-3.331333
2xj7,2xj7_407,1.700,-0.689773,-3.947126
2xj7,2xj7_409,3.030,-1.456476,-2.577985
2xj7,2xj7_415,2.980,-3.883723,-5.171186
2xj7,2xj7_421,1.740,-1.842626,-2.917175
2xj7,2xj7_455,4.270,-2.476345,-2.924862
2xj7,2xj7_58,1.160,-1.033209,-3.085686
2xj7,2xj7_648,4.180,-5.243748,-3.412479
2xj7,2xj7_652,4.060,-3.809307,-3.959093
2xj7,2xj7_658,3.630,-2.778161,-2.332514
2xj7,2xj7_726,3.350,-2.248994,-2.721285
2xj7,2xj7_735,3.500,-2.036307,-2.900660
2xj7,2xj7_736,1.000,-0.592094,-2.159057
2xj7,2xj7_755,3.000,-1.515962,-2.758653
2xj7,2xj7_756,2.970,-1.487435,-2.520908
2xj7,2xj7_758,4.080,-4.017106,-3.183358
2xj7,2xj7_759,2.370,-2.928098,-3.146973
2xj7,2xj7_761,2.390,-2.628862,-3.390842
2xj7,2xj7_763,3.460,-2.745750,-2.432967
2xj7,2xj7_766,3.190,-3.285261,-3.283373
2xj7,2xj7_769,4.310,-4.971214,-4.071134
2xj7,2xj7_773,2.580,-1.548728,-2.739482
2xj7,2xj7_775,3.390,-1.748472,-1.973391
2xj7,2xj7_777,2.610,-1.629767,-2.643113
2xj7,2xj7_778,2.530,-1.605318,-2.973730
2xj7,2xj7_780,3.420,-4.583819,-3.056053
2xj7,2xj7_781,2.970,-1.232962,-2.151046
2xj7,2xj7_782,4.640,-5.158758,-4.135906
2xj7,2xj7_784,3.390,-1.547457,-3.109840
2xj7,2xj7_786,3.850,-2.539987,-2.481580
2xj7,2xj7_796,0.360,-0.438837,-1.743764
2xj7,2xj7_812,0.400,-0.521334,-2.187310
2xj7,2xj7_839,1.180,-0.734509,-2.030256
2xj7,2xj7_871,1.640,-0.852120,-2.676774
2xj7,2xj7_880,1.110,-0.523987,-2.783007
2xj7,2xj7_888,1.420,-0.715074,-2.924222
2xj7,2xj7_914,0.270,-0.411413,-2.002716
2xj7,2xj7_954,0.980,-0.691249,-2.618269
2xnb,2xnb_159,0.940,-0.484854,-1.421405
2xnb,2xnb_253,0.920,-0.382636,-1.472459
2xnb,2xnb_26,0.790,-0.498127,-1.251804
2xnb,2xnb_280,0.900,-0.410977,-1.621039
2xnb,2xnb_291,0.890,-0.555011,-1.546047
2xnb,2xnb_353,7.640,-1.710351,-2.184001
2xnb,2xnb_354,1.160,-0.689498,-1.595363
2xnb,2xnb_400,8.100,-4.512200,-1.676133
2xnb,2xnb_403,3.540,-2.015757,-1.692958
2xnb,2xnb_409,2.140,-0.737179,-1.403843
2xnb,2xnb_428,5.990,-1.452321,-1.591393
2xnb,2xnb_430,2.470,-1.518622,-1.499158
2xnb,2xnb_434,3.950,-1.927616,-2.208157
2xnb,2xnb_437,2.040,-1.312893,-1.820181
2xnb,2xnb_441,2.900,-2.111997,-2.269997
2xnb,2xnb_446,7.630,-1.935603,-2.152766
2xnb,2xnb_454,5.330,-2.357986,-2.126826
2xnb,2xnb_455,2.550,-2.366596,-2.303884
2xnb,2xnb_459,5.700,-1.112523,-1.217548
2xnb,2xnb_46,1.040,-0.561784,-1.352774
2xnb,2xnb_462,3.840,-1.899472,-1.282875
2xnb,2xnb_463,3.580,-1.288772,-1.256632
2xnb,2xnb_476,3.110,-3.054550,-1.787658
2xnb,2xnb_479,7.670,-1.903374,-1.795644
2xnb,2xnb_481,5.010,-1.805106,-1.472561
2xnb,2xnb_483,3.390,-1.105962,-1.693043
2xnb,2xnb_484,6.950,-1.337013,-1.689005
2xnb,2xnb_487,2.790,-1.331533,-1.424239
2xnb,2xnb_488,2.390,-1.065513,-1.551042
2xnb,2xnb_499,4.120,-2.285325,-1.314454
2xnb,2xnb_517,7.320,-2.020873,-1.960762
2xnb,2xnb_538,8.300,-3.380269,-2.344057
2xnb,2xnb_539,5.330,-0.536288,-1.664448
2xnb,2xnb_545,4.870,-1.788742,-1.723429
2xnb,2xnb_558,4.920,-1.225794,-2.161942
2xnb,2xnb_574,8.470,-3.606687,-2.285185
2xnb,2xnb_584,5.290,-1.217245,-1.534825
2xnb,2xnb_586,5.510,-3.215533,-1.398328
2xnb,2xnb_588,8.360,-5.857596,-2.397989
2xnb,2xnb_590,6.210,-2.579411,-2.497537
2xnb,2xnb_592,4.050,-2.849925,-2.658356
2xnb,2xnb_593,2.910,-1.424152,-1.722012
2xnb,2xnb_596,3.580,-1.559182,-1.460655
2xnb,2xnb_610,6.100,-1.686888,-1.443962
2xnb,2xnb_627,6.580,-3.995266,-1.646079
2xnb,2xnb_633,7.380,-2.990651,-1.678129
2xnb,2xnb_653,8.070,-4.987538,-2.025658
2xnb,2xnb_663,5.210,-3.267375,-2.309487
2xnb,2xnb_674,8.440,-4.512791,-2.426011
2xnb,2xnb_675,4.560,-2.708732,-2.140474
2xnb,2xnb_69,1.130,-0.374575,-1.429042
2xnb,2xnb_694,7.030,-3.449098,-1.926010
2xnb,2xnb_707,5.540,-0.624354,-1.658830
2xnb,2xnb_709,2.090,-1.405809,-1.132272
2xnb,2xnb_717,7.780,-2.358513,-1.653429
2xnb,2xnb_718,3.830,-0.452655,-1.505581
2xnb,2xnb_723,6.800,-3.163860,-2.841222
2xnb,2xnb_724,4.970,-3.133064,-1.847558
2xnb,2xnb_726,7.370,-1.708241,-2.182867
2xnb,2xnb_728,5.200,-2.514621,-1.696630
2xnb,2xnb_729,4.520,-0.768948,-1.250319
2xnb,2xnb_73,8.230,-3.425611,-2.029653
2xnb,2xnb_730,6.240,-2.077776,-1.899517
2xnb,2xnb_733,6.390,-3.112580,-1.488561
2xnb,2xnb_734,7.820,-7.256890,-2.026216
2xnb,2xnb_735,8.050,-2.352752,-2.201139
2xnb,2xnb_737,8.500,-6.239025,-2.429931
2xnb,2xnb_738,4.430,-1.037872,-1.227839
2xnb,2xnb_751,0.630,-0.217038,-1.209699
2xnb,2xnb_770,1.550,-0.313976,-0.972603
2xnb,2xnb_782,4.500,-1.085081,-1.471667
2xnb,2xnb_787,6.960,-2.073379,-1.493546
2xnb,2xnb_795,8.070,-4.255199,-1.625474
2xnb,2xnb_812,3.360,-1.189273,-1.395558
2xnb,2xnb_818,7.930,-3.898429,-1.770870
2xnb,2xnb_827,3.470,-1.198860,-1.289146
2xnb,2xnb_833,4.270,-0.789945,-1.470742
2xnb,2xnb_841,1.280,-0.337214,-1.109613
2xnb,2xnb_846,0.960,-0.314316,-1.281907
2xnb,2xnb_855,1.910,-0.756126,-1.105727
2xnb,2xnb_858,0.800,-0.268130,-1.058399
2xnb,2xnb_896,1.950,-0.683113,-1.234797
2xnb,2xnb_911,1.960,-0.811924,-1.126316
2xnb,2xnb_913,1.210,-0.411519,-1.374260
2xnb,2xnb_918,6.130,-1.840302,-1.591035
2xnb,2xnb_923,1.890,-0.372111,-1.036854
2xnb,2xnb_924,2.170,-0.602196,-1.166101
2xnb,2xnb_934,0.910,-0.745309,-1.483652
2xnb,2xnb_937,6.380,-0.694851,-1.230615
2xnb,2xnb_939,0.940,-0.622540,-1.185185
2xys,2xys_114,0.780,-0.378994,-2.661150
2xys,2xys_127,0.460,-0.502811,-2.371698
2xys,2xys_398,0.440,-0.299844,-2.287516
2xys,2xys_410,1.000,-1.257126,-2.468125
2xys,2xys_414,0.950,-0.793604,-2.575416
2xys,2xys_417,0.880,-0.633501,-2.757410
2xys,2xys_420,0.960,-1.110335,-3.303300
2xys,2xys_424,4.000,-1.183568,-3.318612
2xys,2xys_443,2.020,-2.015140,-2.741177
2xys,2xys_491,5.420,-4.124646,-3.700703
2xys,2xys_494,2.840,-1.541664,-3.008296
2xys,2xys_499,1.730,-1.993317,-2.080932
2xys,2xys_533,1.730,-1.572999,-2.783354
2xys,2xys_541,1.580,-1.768466,-3.041413
2xys,2xys_554,5.310,-5.965966,-4.181002
2xys,2xys_567,3.120,-1.336380,-2.254040
2xys,2xys_572,5.040,-5.538927,-3.881497
2xys,2xys_573,3.960,-0.973874,-2.836162
2xys,2xys_577,3.820,-3.547632,-4.171118
2xys,2xys_578,8.420,-7.796866,-3.904929
2xys,2xys_580,4.890,-4.994659,-4.160557
2xys,2xys_581,5.400,-2.990665,-3.594968
2xys,2xys_598,2.930,-2.615592,-3.385488
2xys,2xys_600,5.610,-5.956931,-4.281512
2xys,2xys_610,8.060,-7.011828,-4.407072
2xys,2xys_616,8.200,-7.808348,-4.506102
2xys,2xys_620,1.870,-2.143337,-2.984706
2xys,2xys_622,2.520,-3.583956,-4.085032
2xys,2xys_623,7.900,-7.348809,-3.981002
2xys,2xys_630,4.550,-4.995818,-4.002475
2xys,2xys_659,5.440,-3.958919,-2.472377
2xys,2xys_662,1.570,-2.006881,-3.365294
2xys,2xys_667,2.530,-1.403932,-2.695935
2xys,2xys_675,7.570,-7.205079,-3.604027
2xys,2xys_681,2.350,-2.622074,-2.975342
2xys,2xys_688,5.780,-6.713990,-4.149413
2xys,2xys_690,3.510,-3.654714,-4.314164
2xys,2xys_695,1.830,-0.779926,-2.572766
2xys,2xys_703,1.390,-1.053545,-3.250657
2xys,2xys_707,0.580,-0.424067,-2.304484
2xys,2xys_725,1.610,-0.676162,-2.075754
2xys,2xys_735,4.140,-3.179329,-3.115637
2xys,2xys_737,4.160,-1.377613,-2.696928
2xys,2xys_742,4.310,-3.263318,-2.910930
2xys,2xys_743,4.270,-1.289195,-2.431569
2xys,2xys_747,4.950,-1.645154,-2.675519
2xys,2xys_748,8.670,-7.562387,-5.351355
2xys,2xys_750,5.030,-2.297918,-2.514012
2xys,2xys_759,4.410,-2.849961,-4.152434
2xys,2xys_760,3.850,-2.648020,-3.101229
2xys,2xys_763,4.710,-2.915897,-2.082266
2xys,2xys_782,0.420,-0.457934,-2.505671
2xys,2xys_793,2.010,-1.142728,-1.930324
2xys,2xys_801,1.910,-1.012058,-2.549611
2xys,2xys_826,3.060,-1.453179,-2.761179
2xys,2xys_831,4.200,-1.577608,-2.680646
2xys,2xys_848,3.750,-2.717604,-3.065682
2xys,2xys_855,3.750,-1.871054,-2.524274
2xys,2xys_876,0.530,-0.350991,-2.548982
2xys,2xys_927,3.530,-0.553153,-2.462081
2xys,2xys_937,2.850,-1.353342,-2.580229
2xys,2xys_940,1.990,-0.902036,-1.899528
2xys,2xys_941,2.480,-1.230762,-1.716968
2xys,2xys_953,2.950,-1.598641,-2.693404
2y5h,2y5h_109,9.450,-6.696037,-3.825188
2y5h,2y5h_111,7.820,-2.819160,-3.699822
2y5h,2y5h_112,9.980,-6.860381,-4.325022
2y5h,2y5h_116,7.750,-2.938452,-3.744477
2y5h,2y5h_119,1.430,-0.777990,-3.114959
2y5h,2y5h_125,8.710,-6.521296,-3.017085
2y5h,2y5h_134,5.290,-4.058569,-4.757165
2y5h,2y5h_137,4.760,-3.143705,-3.322810
2y5h,2y5h_144,6.130,-4.305558,-3.336073
2y5h,2y5h_156,6.990,-4.010224,-3.790371
2y5h,2y5h_158,8.050,-6.885246,-3.955684
2y5h,2y5h_162,9.860,-7.873681,-4.287196
2y5h,2y5h_165,6.090,-2.825952,-3.282964
2y5h,2y5h_178,8.020,-7.045550,-4.308170
2y5h,2y5h_195,7.750,-6.359225,-3.902954
2y5h,2y5h_196,5.320,-4.465866,-3.832550
2y5h,2y5h_198,2.720,-0.948633,-3.039216
2y5h,2y5h_284,0.820,-0.864415,-3.472820
2y5h,2y5h_329,8.520,-3.127250,-3.063301
2y5h,2y5h_342,8.940,-6.290318,-2.925402
2y5h,2y5h_345,8.800,-6.454710,-4.080972
2y5h,2y5h_355,8.860,-6.022835,-3.250632
2y5h,2y5h_364,0.820,-0.767115,-3.418114
2y5h,2y5h_387,8.030,-2.732658,-3.876649
2y5h,2y5h_388,7.090,-5.773792,-4.356732
2y5h,2y5h_389,0.440,-0.381203,-2.670117
2y5h,2y5h_391,0.320,-0.232127,-3.006087
2y5h,2y5h_394,2.200,-0.850741,-3.839275
2y5h,2y5h_405,2.190,-1.988278,-4.267723
2y5h,2y5h_406,1.940,-2.067852,-3.608714
2y5h,2y5h_41,0.990,-0.868453,-3.341380
2y5h,2y5h_410,7.790,-7.912185,-3.474666
2y5h,2y5h_413,3.420,-1.769102,-2.663257
2y5h,2y5h_414,2.350,-2.381986,-2.813167
2y5h,2y5h_416,2.390,-2.336593,-3.487236
2y5h,2y5h_420,2.490,-2.545116,-3.194014
2y5h,2y5h_422,1.880,-1.159567,-3.947206
2y5h,2y5h_432,5.990,-2.560724,-4.243744
2y5h,2y5h_436,1.800,-2.345967,-3.439895
2y5h,2y5h_441,2.270,-2.316374,-4.065473
2y5h,2y5h_446,5.930,-3.568447,-3.388613
2y5h,2y5h_449,5.870,-3.318412,-3.177546
2y5h,2y5h_450,3.510,-2.519456,-2.627724
2y5h,2y5h_463,1.510,-1.591610,-3.784945
2y5h,2y5h_468,4.450,-4.000147,-4.272753
2y5h,2y5h_481,1.730,-1.168804,-3.540231
2y5h,2y5h_483,1.910,-1.942875,-2.612919
2y5h,2y5h_487,3.630,-1.609744,-3.220489
2y5h,2y5h_494,5.650,-3.549743,-3.569995
2y5h,2y5h_498,4.820,-7.083922,-3.620362
2y5h,2y5h_50,2.530,-1.884914,-2.644436
2y5h,2y5h_518,3.140,-2.569357,-4.394862
2y5h,2y5h_520,4.380,-5.511166,-2.983419
2y5h,2y5h_521,5.410,-6.312979,-3.923409
2y5h,2y5h_540,6.220,-7.108683,-4.311043
2y5h,2y5h_549,2.330,-2.728777,-3.482986
2y5h,2y5h_554,8.260,-3.823137,-3.776247
2y5h,2y5h_56,1.040,-1.179086,-3.889281
2y5h,2y5h_580,4.480,-5.827098,-3.493248
2y5h,2y5h_599,3.040,-3.343422,-4.346068
2y5h,2y5h_612,4.810,-6.342588,-3.400560
2y5h,2y5h_614,3.800,-3.659751,-3.909060
2y5h,2y5h_616,0.920,-1.220101,-3.475376
2y5h,2y5h_620,5.440,-5.409392,-3.522495
2y5h,2y5h_624,3.300,-2.257216,-3.048610
2y5h,2y5h_630,4.600,-4.523300,-3.952475
2y5h,2y5h_638,4.620,-3.010302,-4.270206
2y5h,2y5h_641,4.550,-4.654773,-4.193216
2y5h,2y5h_644,3.200,-3.615850,-2.647323
2y5h,2y5h_646,4.920,-4.056859,-4.263820
2y5h,2y5h_658,3.840,-2.453940,-4.320146
2y5h,2y5h_679,7.420,-7.256053,-3.941392
2y5h,2y5h_694,9.500,-8.412775,-3.768627
2y5h,2y5h_696,5.060,-2.695592,-4.204792
2y5h,2y5h_703,0.820,-0.593557,-2.692001
2y5h,2y5h_705,1.930,-0.881859,-3.607126
2y5h,2y5h_710,0.730,-0.550631,-3.433517
2y5h,2y5h_751,7.230,-5.066334,-3.832137
2y5h,2y5h_757,6.910,-4.777673,-3.867822
2y5h,2y5h_762,1.480,-0.725387,-2.704935
2y5h,2y5h_765,7.190,-3.903832,-3.008192
2y5h,2y5h_768,6.290,-6.475470,-3.654636
2y5h,2y5h_777,6.050,-5.926504,-3.238344
2y5h,2y5h_795,1.000,-0.309030,-3.316103
2y5h,2y5h_803,2.610,-2.060281,-3.576820
2y5h,2y5h_831,6.800,-2.780415,-3.437143
2y5h,2y5h_85,0.930,-0.430810,-3.169191
2y5h,2y5h_866,3.360,-3.304740,-3.531866
2y5h,2y5h_870,8.260,-3.129676,-3.857913
2y5h,2y5h_885,7.190,-2.167366,-4.037013
2y5h,2y5h_948,6.730,-5.439290,-3.606038
2y5h,2y5h_955,6.440,-1.846685,-4.008096
2y5h,2y5h_958,5.240,-2.605252,-3.779117
2y5h,2y5h_973,7.220,-3.267321,-4.324684
2yfe,2yfe_115,0.800,-0.574304,-2.315319
2yfe,2yfe_123,0.980,-0.733963,-2.069489
2yfe,2yfe_176,0.890,-0.829770,-2.648290
2yfe,2yfe_23,0.760,-0.446857,-1.943036
2yfe,2yfe_232,5.160,-0.337324,-2.078365
2yfe,2yfe_236,1.250,-0.749657,-1.970869
2yfe,2yfe_240,1.030,-0.377390,-1.831800
2yfe,2yfe_257,0.830,-0.543818,-1.975494
2yfe,2yfe_286,0.900,-0.366226,-1.328748
2yfe,2yfe_4,0.780,-0.569042,-2.000378
2yfe,2yfe_414,3.590,-1.633011,-1.869491
2yfe,2yfe_426,3.060,-1.849002,-2.209410
2yfe,2yfe_437,4.550,-3.330866,-3.024096
2yfe,2yfe_450,2.630,-1.708359,-2.234006
2yfe,2yfe_453,6.550,-6.914190,-2.583429
2yfe,2yfe_458,4.720,-3.288387,-2.980650
2yfe,2yfe_461,3.320,-1.585793,-2.428759
2yfe,2yfe_462,3.250,-3.064834,-2.286791
2yfe,2yfe_464,4.560,-2.987716,-2.303111
2yfe,2yfe_466,2.900,-1.841782,-2.140367
2yfe,2yfe_467,2.850,-1.507771,-2.375532
2yfe,2yfe_470,1.580,-1.660101,-1.941422
2yfe,2yfe_473,5.070,-4.948604,-2.721028
2yfe,2yfe_487,5.060,-3.798536,-2.485792
2yfe,2yfe_489,3.010,-3.298068,-2.321220
2yfe,2yfe_490,1.990,-0.880624,-1.796710
2yfe,2yfe_491,6.040,-2.361090,-3.345167
2yfe,2yfe_492,7.850,-8.038881,-3.370755
2yfe,2yfe_493,5.150,-1.193100,-2.167650
2yfe,2yfe_496,2.710,-2.088399,-2.818726
2yfe,2yfe_502,2.580,-1.291191,-2.395648
2yfe,2yfe_504,5.400,-4.576002,-2.511442
2yfe,2yfe_517,2.970,-2.122298,-2.887729
2yfe,2yfe_52,0.910,-0.659543,-1.538410
2yfe,2yfe_523,6.160,-5.066493,-2.502051
2yfe,2yfe_53,0.730,-0.347644,-1.740054
2yfe,2yfe_538,4.130,-2.186579,-2.720247
2yfe,2yfe_545,3.590,-2.128190,-1.943092
2yfe,2yfe_547,8.160,-7.642871,-2.910220
2yfe,2yfe_548,4.890,-3.394247,-2.322438
2yfe,2yfe_552,6.470,-5.053747,-2.733477
2yfe,2yfe_561,4.390,-2.673933,-2.676514
2yfe,2yfe_564,1.730,-0.903978,-2.359378
2yfe,2yfe_565,6.040,-2.740596,-2.840021
2yfe,2yfe_572,3.830,-3.064075,-2.389056
2yfe,2yfe_574,5.130,-2.390328,-2.796105
2yfe,2yfe_591,5.120,-1.817590,-1.869971
2yfe,2yfe_597,2.420,-1.231999,-2.158541
2yfe,2yfe_599,4.700,-3.164205,-3.024147
2yfe,2yfe_601,7.870,-6.957432,-3.026107
2yfe,2yfe_603,6.150,-5.692635,-2.971421
2yfe,2yfe_608,7.510,-7.453092,-3.082134
2yfe,2yfe_618,4.860,-3.351288,-2.472836
2yfe,2yfe_627,8.500,-7.944567,-3.758525
2yfe,2yfe_637,6.800,-5.317444,-2.620349
2yfe,2yfe_641,5.380,-3.584146,-3.161737
2yfe,2yfe_656,7.860,-6.973105,-3.044233
2yfe,2yfe_657,7.420,-5.485700,-2.927063
2yfe,2yfe_659,1.310,-1.029615,-1.875482
2yfe,2yfe_660,4.850,-2.606787,-1.975322
2yfe,2yfe_667,7.650,-6.566532,-3.331207
2yfe,2yfe_680,7.740,-7.214846,-2.755799
2yfe,2yfe_682,6.480,-3.215740,-2.590393
2yfe,2yfe_688,7.020,-3.855869,-3.049163
2yfe,2yfe_694,6.460,-5.525331,-2.673748
2yfe,2yfe_71,1.060,-0.470019,-1.513339
2yfe,2yfe_722,1.890,-1.222314,-1.661876
2yfe,2yfe_724,2.100,-0.935209,-1.755325
2yfe,2yfe_732,2.890,-2.110874,-2.252256
2yfe,2yfe_737,8.300,-7.956019,-3.509055
2yfe,2yfe_745,5.390,-4.110734,-1.640227
2yfe,2yfe_748,6.410,-5.842037,-2.849326
2yfe,2yfe_753,7.110,-7.007676,-3.438945
2yfe,2yfe_774,3.990,-3.777141,-2.029173
2yfe,2yfe_784,1.900,-1.090872,-2.094608
2yfe,2yfe_800,8.010,-7.800345,-3.599548
2yfe,2yfe_809,8.020,-8.002273,-3.456992
2yfe,2yfe_81,0.720,-0.539062,-1.613715
2yfe,2yfe_813,7.990,-7.931841,-3.681334
2yfe,2yfe_815,8.020,-7.868194,-3.625057
2yfe,2yfe_851,3.310,-1.888540,-2.010858
2yfe,2yfe_931,8.070,-7.870144,-3.343811
2yfe,2yfe_943,5.000,-3.549636,-2.578369
2yfe,2yfe_950,8.010,-7.699994,-4.025200
2yfe,2yfe_960,1.270,-0.568557,-1.814753
2yfe,2yfe_965,8.040,-7.838859,-3.842579
2yfe,2yfe_969,8.100,-7.663288,-4.124801
2yfe,2yfe_971,5.510,-2.690774,-2.065833
2yfe,2yfe_973,3.950,-1.600619,-2.789533
2yfe,2yfe_985,2.970,-1.158953,-1.987727
2yge,2yge_198,1.010,-0.601267,-4.113425
2yge,2yge_22,0.570,-0.370052,-3.759332
2yge,2yge_252,3.680,-1.639041,-4.235364
2yge,2yge_267,0.620,-0.543526,-3.054802
2yge,2yge_269,0.890,-0.872706,-3.562638
2yge,2yge_35,0.830,-0.842444,-3.864220
2yge,2yge_402,3.060,-2.530967,-4.609183
2yge,2yge_408,2.390,-2.766857,-4.664357
2yge,2yge_410,2.950,-3.217158,-3.426820
2yge,2yge_425,1.950,-2.456312,-3.906654
2yge,2yge_437,0.890,-0.853179,-4.091335
2yge,2yge_439,1.680,-1.135761,-3.946529
2yge,2yge_447,2.790,-3.059602,-4.485734
2yge,2yge_467,2.240,-2.506698,-4.467907
2yge,2yge_472,2.920,-2.257989,-4.817859
2yge,2yge_476,2.330,-2.647174,-4.117873
2yge,2yge_539,1.430,-2.001667,-4.417919
2yge,2yge_543,4.010,-3.436361,-4.885337
2yge,2yge_559,2.020,-1.480728,-4.369543
2yge,2yge_565,5.120,-4.021881,-4.295681
2yge,2yge_579,2.840,-1.985550,-3.840487
2yge,2yge_580,3.230,-2.763535,-5.124426
2yge,2yge_586,3.790,-1.576644,-3.753011
2yge,2yge_627,6.310,-7.155878,-5.264819
2yge,2yge_629,5.510,-6.194531,-5.286299
2yge,2yge_646,3.920,-2.917445,-4.263569
2yge,2yge_659,5.360,-5.963381,-4.848074
2yge,2yge_664,3.850,-2.815082,-4.452556
2yge,2yge_669,5.690,-5.981829,-4.466034
2yge,2yge_679,5.210,-4.910883,-4.291033
2yge,2yge_686,6.170,-6.603390,-4.780885
2yge,2yge_687,2.830,-2.645870,-4.610164
2yge,2yge_697,5.290,-5.620231,-5.178123
2yge,2yge_705,0.910,-0.795356,-3.277454
2yge,2yge_713,0.850,-0.551783,-3.142553
2yge,2yge_721,1.120,-0.517746,-3.885245
2yge,2yge_730,0.840,-0.517712,-3.515915
2yge,2yge_74,0.680,-0.482740,-3.161432
2yge,2yge_748,3.820,-2.364230,-4.389206
2yge,2yge_753,1.120,-1.009337,-3.751774
2yge,2yge_758,4.360,-1.055410,-3.915291
2yge,2yge_760,1.370,-1.088829,-3.804145
2yge,2yge_761,2.140,-1.228213,-4.504342
2yge,2yge_766,4.790,-3.714863,-4.384149
2yge,2yge_768,5.200,-4.104281,-4.587124
2yge,2yge_769,5.020,-2.926929,-4.382974
2yge,2yge_770,4.290,-2.597036,-4.310866
2yge,2yge_772,3.940,-1.359780,-3.797169
2yge,2yge_773,5.030,-4.273252,-4.321143
2yge,2yge_778,3.240,-3.004387,-4.562325
2yge,2yge_781,4.090,-3.146490,-3.931529
2yge,2yge_784,4.110,-1.818730,-4.619298
2yge,2yge_786,4.160,-3.745667,-4.328328
2yge,2yge_787,4.860,-2.996423,-3.846119
2yge,2yge_792,4.210,-3.934382,-4.842449
2yge,2yge_798,3.640,-4.119529,-4.237100
2yge,2yge_842,1.250,-0.843947,-4.009049
2yge,2yge_882,0.970,-0.558782,-4.221687
2yge,2yge_892,4.660,-3.744534,-3.792068
2yge,2yge_966,1.080,-0.880280,-3.870335
2yge,2yge_985,1.200,-0.703832,-3.900161
2yki,2yki_239,0.640,-1.252405,-5.715275
2yki,2yki_363,0.280,-0.757288,-5.244947
2yki,2yki_401,0.950,-1.230878,-6.098318
2yki,2yki_407,0.780,-0.881986,-5.867519
2yki,2yki_408,2.050,-1.659833,-5.975411
2yki,2yki_441,1.920,-1.722960,-5.608133
2yki,2yki_455,1.200,-1.351351,-5.714896
2yki,2yki_464,4.070,-2.264953,-5.746967
2yki,2yki_476,2.370,-2.006217,-5.962071
2yki,2yki_483,3.420,-2.571197,-5.847821
2yki,2yki_486,2.480,-1.707318,-5.578515
2yki,2yki_496,3.020,-2.066499,-5.168743
2yki,2yki_515,3.060,-2.261190,-5.471152
2yki,2yki_525,5.130,-2.912899,-5.989451
2yki,2yki_529,1.610,-1.423623,-5.892818
2yki,2yki_537,2.300,-1.638451,-5.833573
2yki,2yki_549,3.130,-2.506427,-6.070862
2yki,2yki_569,3.740,-1.875757,-5.416310
2yki,2yki_57,0.810,-1.189157,-6.062581
2yki,2yki_573,3.420,-2.343482,-5.761507
2yki,2yki_577,5.190,-2.039044,-5.605573
2yki,2yki_588,1.530,-1.646284,-5.808719
2yki,2yki_592,2.550,-2.021612,-5.574370
2yki,2yki_594,5.130,-2.735229,-5.644030
2yki,2yki_656,4.090,-2.378139,-5.212434
2yki,2yki_660,6.020,-3.863647,-5.448052
2yki,2yki_676,3.910,-2.718110,-5.599593
2yki,2yki_678,4.060,-2.391667,-5.123567
2yki,2yki_695,5.570,-4.928412,-6.035885
2yki,2yki_701,0.490,-0.607638,-6.097379
2yki,2yki_716,4.350,-1.769384,-5.621727
2yki,2yki_719,3.930,-1.470214,-6.137199
2yki,2yki_723,2.040,-1.572748,-6.144143
2yki,2yki_725,1.990,-0.860738,-5.485540
2yki,2yki_729,8.170,-7.782056,-6.390533
2yki,2yki_734,4.070,-1.457964,-5.104238
2yki,2yki_736,8.210,-7.223289,-5.787995
2yki,2yki_739,8.530,-7.922621,-5.789337
2yki,2yki_742,8.270,-8.162901,-6.331510
2yki,2yki_743,8.430,-7.954590,-6.406424
2yki,2yki_747,5.480,-3.178785,-5.375352
2yki,2yki_748,3.770,-1.511186,-5.278116
2yki,2yki_749,7.590,-8.203208,-6.769305
2yki,2yki_750,8.520,-7.842183,-6.309138
2yki,2yki_751,8.370,-8.368089,-6.532058
2yki,2yki_753,9.650,-8.395880,-5.857429
2yki,2yki_755,7.940,-8.313346,-5.897833
2yki,2yki_756,8.300,-7.800232,-5.925212
2yki,2yki_757,8.250,-7.717944,-5.711574
2yki,2yki_758,6.650,-4.782868,-5.960048
2yki,2yki_759,8.240,-7.748513,-6.078727
2yki,2yki_760,5.060,-2.332715,-5.592869
2yki,2yki_761,9.780,-8.402809,-6.106406
2yki,2yki_762,7.570,-7.108660,-6.284497
2yki,2yki_764,6.930,-6.934330,-5.570858
2yki,2yki_765,1.890,-1.585430,-5.463955
2yki,2yki_766,5.180,-2.033294,-5.660067
2yki,2yki_768,4.300,-1.426148,-6.355162
2yki,2yki_770,5.140,-2.535202,-5.502103
2yki,2yki_771,6.190,-4.388628,-5.429522
2yki,2yki_773,6.480,-5.617306,-5.741875
2yki,2yki_776,6.370,-5.288524,-5.733054
2yki,2yki_777,5.270,-3.817604,-5.811180
2yki,2yki_778,5.730,-3.640157,-5.451428
2yki,2yki_780,2.050,-1.692476,-5.627748
2yki,2yki_783,4.800,-2.155576,-6.257542
2yki,2yki_787,4.950,-2.394913,-6.294492
2yki,2yki_796,2.140,-1.366760,-6.111384
2yki,2yki_814,1.940,-1.303412,-5.824593
2yki,2yki_816,1.130,-0.977053,-5.597908
2yki,2yki_818,0.930,-1.015614,-5.822210
2yki,2yki_828,1.420,-0.973704,-5.864777
2yki,2yki_830,0.980,-0.807352,-5.637759
2yki,2yki_841,1.130,-0.909287,-5.622841
2yki,2yki_864,3.800,-1.323922,-5.450833
2yki,2yki_866,4.010,-1.588403,-5.522442
2yki,2yki_869,7.660,-6.937070,-6.675642
2yki,2yki_877,7.570,-7.592721,-5.994571
2yki,2yki_879,4.170,-1.648903,-5.640070
2yki,2yki_880,6.710,-6.792464,-5.599017
2yki,2yki_886,6.730,-6.785532,-5.522448
2yki,2yki_893,0.940,-0.818104,-5.922474
2yki,2yki_933,0.840,-0.773369,-5.801235
2yki,2yki_982,2.250,-1.140780,-5.633030
2yki,2yki_985,2.080,-1.421109,-6.080992
2ymd,2ymd_229,0.420,-0.322523,-0.974694
2ymd,2ymd_3,0.400,-0.380306,-0.845305
2ymd,2ymd_403,0.780,-0.889058,-1.322691
2ymd,2ymd_405,1.000,-1.104777,-1.147961
2ymd,2ymd_410,0.830,-0.823527,-1.688640
2ymd,2ymd_416,1.220,-0.947930,-1.346198
2ymd,2ymd_426,1.120,-1.283789,-1.245739
2ymd,2ymd_427,1.190,-0.759053,-1.727248
2ymd,2ymd_433,0.890,-1.339255,-1.166763
2ymd,2ymd_434,4.180,-1.412649,-1.964659
2ymd,2ymd_435,2.380,-1.654418,-1.041050
2ymd,2ymd_436,1.530,-1.080071,-1.854200
2ymd,2ymd_439,3.970,-0.865420,-1.285861
2ymd,2ymd_456,4.030,-1.297293,-1.971301
2ymd,2ymd_458,1.090,-0.905792,-1.222083
2ymd,2ymd_484,1.530,-1.285357,-2.276436
2ymd,2ymd_486,2.570,-1.353532,-1.673565
2ymd,2ymd_489,2.720,-2.018217,-1.482664
2ymd,2ymd_492,4.070,-1.661174,-2.600788
2ymd,2ymd_496,4.490,-1.889696,-1.655807
2ymd,2ymd_497,4.000,-1.534154,-1.964529
2ymd,2ymd_510,3.950,-2.913381,-1.793620
2ymd,2ymd_521,2.060,-1.004796,-1.573402
2ymd,2ymd_533,3.900,-0.988181,-2.137221
2ymd,2ymd_539,2.380,-2.148334,-1.685558
2ymd,2ymd_547,4.090,-1.713276,-1.730895
2ymd,2ymd_555,0.920,-1.185225,-1.362684
2ymd,2ymd_557,4.770,-2.129143,-2.207726
2ymd,2ymd_561,1.000,-0.699866,-0.735372
2ymd,2ymd_567,4.200,-2.811579,-2.393848
2ymd,2ymd_585,1.760,-1.869065,-1.487027
2ymd,2ymd_587,1.520,-1.893019,-1.767512
2ymd,2ymd_588,1.290,-1.515525,-2.394589
2ymd,2ymd_591,4.460,-3.856575,-2.395573
2ymd,2ymd_593,3.860,-1.940234,-1.634564
2ymd,2ymd_618,3.990,-1.316124,-1.905598
2ymd,2ymd_623,3.650,-2.229948,-2.181716
2ymd,2ymd_626,2.660,-1.142381,-1.501449
2ymd,2ymd_651,3.350,-2.400962,-1.884123
2ymd,2ymd_665,3.850,-1.856353,-1.460432
2ymd,2ymd_670,2.520,-1.964883,-1.023863
2ymd,2ymd_672,1.480,-0.664609,-1.156995
2ymd,2ymd_674,2.830,-1.562625,-1.256327
2ymd,2ymd_680,2.050,-1.785226,-1.751025
2ymd,2ymd_681,3.600,-1.927400,-1.540975
2ymd,2ymd_687,2.620,-2.145881,-1.801935
2ymd,2ymd_688,5.630,-5.712347,-2.475458
2ymd,2ymd_694,5.110,-3.988060,-2.016387
2ymd,2ymd_695,4.020,-1.354965,-1.774840
2ymd,2ymd_773,4.380,-0.896618,-1.780568
2ymd,2ymd_889,0.820,-0.371321,-1.642415
2ymd,2ymd_89,0.480,-0.618126,-1.404050
2zb1,2zb1_105,0.770,-0.350294,-0.914454
2zb1,2zb1_16,0.600,-0.458776,-1.671342
2zb1,2zb1_203,0.780,-0.649296,-1.601142
2zb1,2zb1_206,0.780,-0.428332,-1.600143
2zb1,2zb1_329,0.430,-0.378443,-1.351202
2zb1,2zb1_423,1.250,-1.181046,-1.921302
2zb1,2zb1_425,1.170,-1.100553,-1.631457
2zb1,2zb1_426,1.000,-0.872210,-1.318007
2zb1,2zb1_461,2.340,-1.219569,-1.202491
2zb1,2zb1_469,7.140,-2.974085,-1.881226
2zb1,2zb1_475,6.870,-2.239628,-1.513923
2zb1,2zb1_476,2.040,-1.827573,-1.619397
2zb1,2zb1_479,2.060,-1.229350,-1.985374
2zb1,2zb1_485,1.690,-1.746842,-1.515767
2zb1,2zb1_487,1.510,-0.915803,-1.510173
2zb1,2zb1_488,1.810,-1.631894,-1.840228
2zb1,2zb1_494,7.110,-2.760220,-2.327054
2zb1,2zb1_510,0.990,-1.150187,-1.729890
2zb1,2zb1_515,2.020,-2.206308,-1.805316
2zb1,2zb1_533,2.790,-1.288992,-2.088025
2zb1,2zb1_541,4.260,-1.090118,-2.207009
2zb1,2zb1_549,7.480,-2.992726,-2.189927
2zb1,2zb1_55,0.410,-0.504782,-1.292611
2zb1,2zb1_565,4.410,-4.065470,-2.172686
2zb1,2zb1_568,3.570,-2.042378,-2.071128
2zb1,2zb1_570,3.750,-1.711801,-1.313076
2zb1,2zb1_573,7.880,-3.914304,-1.569917
2zb1,2zb1_576,8.430,-5.243649,-2.922985
2zb1,2zb1_577,7.360,-2.411245,-1.663024
2zb1,2zb1_578,7.510,-2.804459,-1.845114
2zb1,2zb1_580,8.300,-4.043502,-2.046098
2zb1,2zb1_581,8.050,-3.849349,-1.969159
2zb1,2zb1_582,7.870,-6.260033,-1.891201
2zb1,2zb1_585,6.590,-1.821928,-1.132687
2zb1,2zb1_588,4.430,-1.674449,-1.876623
2zb1,2zb1_590,6.720,-2.386462,-1.871382
2zb1,2zb1_593,8.340,-4.834240,-2.833963
2zb1,2zb1_597,8.450,-5.232590,-2.587864
2zb1,2zb1_599,6.650,-2.182754,-1.686695
2zb1,2zb1_622,6.680,-1.994135,-1.645547
2zb1,2zb1_626,6.490,-1.887633,-1.526145
2zb1,2zb1_636,1.310,-1.465338,-1.259375
2zb1,2zb1_639,3.600,-1.640082,-2.214982
2zb1,2zb1_645,2.730,-1.223419,-2.034811
2zb1,2zb1_651,3.410,-0.825119,-1.212326
2zb1,2zb1_658,6.760,-1.945520,-2.373759
2zb1,2zb1_660,7.820,-3.719503,-2.748381
2zb1,2zb1_663,4.140,-2.010167,-1.798534
2zb1,2zb1_665,8.350,-4.127174,-1.795228
2zb1,2zb1_667,7.910,-3.940512,-2.240089
2zb1,2zb1_669,1.730,-1.042387,-1.493281
2zb1,2zb1_672,1.520,-0.959695,-1.300053
2zb1,2zb1_673,6.580,-1.555674,-1.511118
2zb1,2zb1_678,6.750,-1.474948,-1.872128
2zb1,2zb1_680,2.030,-1.569575,-1.624409
2zb1,2zb1_683,3.070,-1.600401,-1.571331
2zb1,2zb1_686,7.580,-3.445121,-2.416449
2zb1,2zb1_688,2.300,-2.098181,-1.696542
2zb1,2zb1_689,3.350,-1.090104,-1.332766
2zb1,2zb1_699,4.470,-1.999362,-1.703210
2zb1,2zb1_726,0.890,-0.352351,-2.220067
2zb1,2zb1_741,9.240,-6.130011,-2.265835
2zb1,2zb1_742,8.550,-5.114054,-2.833667
2zb1,2zb1_744,9.020,-6.043468,-2.756365
2zb1,2zb1_745,6.870,-0.991952,-1.960823
2zb1,2zb1_760,8.950,-6.466611,-2.273321
2zb1,2zb1_761,8.900,-6.673955,-2.213692
2zb1,2zb1_763,8.280,-4.398995,-1.991417
2zb1,2zb1_821,2.020,-1.397115,-1.259563
2zb1,2zb1_85,1.040,-0.681933,-1.533499
2zb1,2zb1_875,2.110,-1.910991,-1.313212
2zb1,2zb1_963,1.470,-0.364632,-1.526043
2zb1,2zb1_98,0.630,-0.555879,-1.111452
2zcq,2zcq_1,1.800,-1.015678,-1.375986
2zcq,2zcq_10,1.010,-0.871347,-0.991801
2zcq,2zcq_12,2.940,-2.049654,-1.223435
2zcq,2zcq_168,1.980,-1.322364,-1.513491
2zcq,2zcq_213,2.770,-2.088884,-1.197911
2zcq,2zcq_227,0.850,-0.593515,-0.966546
2zcq,2zcq_254,0.840,-0.805568,-1.306077
2zcq,2zcq_259,0.550,-0.531740,-1.028440
2zcq,2zcq_263,2.070,-1.102682,-1.389962
2zcq,2zcq_27,0.940,-0.620224,-1.626890
2zcq,2zcq_274,3.570,-3.400325,-1.209147
2zcq,2zcq_281,0.920,-0.448570,-0.988455
2zcq,2zcq_284,1.270,-0.599379,-0.874031
2zcq,2zcq_311,0.960,-0.302304,-1.614364
2zcq,2zcq_36,0.560,-0.538019,-1.246988
2zcq,2zcq_369,0.970,-0.517060,-1.669191
2zcq,2zcq_423,7.690,-2.736155,-1.841621
2zcq,2zcq_427,8.050,-3.945176,-1.629762
2zcq,2zcq_432,6.880,-4.680051,-3.409131
2zcq,2zcq_440,4.060,-3.823651,-1.905438
2zcq,2zcq_444,7.450,-3.836929,-2.411785
2zcq,2zcq_447,7.270,-4.371871,-4.199306
2zcq,2zcq_451,8.350,-3.166567,-1.962207
2zcq,2zcq_454,2.550,-1.869738,-1.424003
2zcq,2zcq_457,6.200,-5.612828,-3.278339
2zcq,2zcq_458,8.010,-2.716241,-1.532132
2zcq,2zcq_460,8.090,-4.094944,-2.322337
2zcq,2zcq_461,7.620,-2.643455,-1.866114
2zcq,2zcq_462,6.980,-3.504365,-2.685977
2zcq,2zcq_463,1.670,-1.552814,-1.512313
2zcq,2zcq_468,3.960,-2.977958,-2.263505
2zcq,2zcq_470,7.790,-2.546003,-2.593131
2zcq,2zcq_471,8.000,-1.646981,-1.655054
2zcq,2zcq_473,7.620,-3.998397,-2.258792
2zcq,2zcq_474,1.950,-1.366835,-2.542243
2zcq,2zcq_475,4.130,-3.078227,-2.026960
2zcq,2zcq_48,0.930,-0.858973,-1.479775
2zcq,2zcq_482,4.110,-3.585371,-2.434297
2zcq,2zcq_486,8.450,-2.427071,-1.380255
2zcq,2zcq_498,8.340,-3.155461,-1.909441
2zcq,2zcq_499,5.790,-4.497720,-3.601613
2zcq,2zcq_520,3.240,-2.999584,-1.838274
2zcq,2zcq_525,4.410,-4.014108,-1.413163
2zcq,2zcq_528,3.540,-3.483644,-2.278250
2zcq,2zcq_529,2.170,-2.156439,-1.420700
2zcq,2zcq_542,4.110,-1.979366,-2.551443
2zcq,2zcq_554,9.320,-3.526452,-2.607113
2zcq,2zcq_558,4.340,-4.082191,-2.198350
2zcq,2zcq_563,1.970,-1.453581,-1.379057
2zcq,2zcq_578,3.910,-3.581649,-2.007966
2zcq,2zcq_580,5.300,-5.156743,-2.024202
2zcq,2zcq_581,5.010,-5.588678,-1.872029
2zcq,2zcq_583,2.050,-1.956167,-1.812881
2zcq,2zcq_584,5.350,-4.741046,-2.574727
2zcq,2zcq_587,5.710,-4.089883,-2.238602
2zcq,2zcq_593,8.220,-2.054211,-2.568476
2zcq,2zcq_598,5.900,-5.445881,-1.864918
2zcq,2zcq_606,4.120,-3.249801,-1.575619
2zcq,2zcq_612,2.560,-1.526007,-1.535394
2zcq,2zcq_620,2.520,-2.394302,-1.319169
2zcq,2zcq_628,3.880,-3.296294,-2.080996
2zcq,2zcq_636,1.790,-1.339737,-1.617045
2zcq,2zcq_665,3.810,-3.037251,-1.395330
2zcq,2zcq_669,2.560,-2.942690,-2.178265
2zcq,2zcq_671,2.590,-2.733824,-1.808700
2zcq,2zcq_680,3.110,-2.686298,-2.260812
2zcq,2zcq_682,4.050,-4.027013,-1.401304
2zcq,2zcq_687,9.060,-8.333734,-2.990055
2zcq,2zcq_689,8.840,-8.349777,-2.486465
2zcq,2zcq_707,6.040,-7.982882,-2.642144
2zcq,2zcq_716,7.180,-8.354392,-2.035150
2zcq,2zcq_726,5.970,-7.860685,-2.221605
2zcq,2zcq_743,6.190,-8.188766,-2.357946
2zcq,2zcq_745,8.610,-3.952899,-2.189621
2zcq,2zcq_747,5.370,-5.786315,-1.819009
2zcq,2zcq_756,8.740,-4.909849,-2.117171
2zcq,2zcq_76,0.800,-0.529590,-1.454389
2zcq,2zcq_762,6.660,-8.281811,-2.146228
2zcq,2zcq_769,4.500,-4.532403,-1.822588
2zcq,2zcq_784,3.530,-2.515830,-1.954715
2zcq,2zcq_785,6.790,-3.673290,-2.440811
2zcq,2zcq_786,6.260,-3.295096,-2.737161
2zcq,2zcq_787,4.310,-3.936024,-2.385177
2zcq,2zcq_860,7.790,-4.744910,-1.819536
2zcq,2zcq_88,1.900,-1.239816,-1.529965
2zcq,2zcq_888,6.490,-7.803288,-2.289583
2zcq,2zcq_91,1.060,-0.925263,-1.247192
2zcq,2zcq_927,6.420,-8.189991,-2.138258
2zcq,2zcq_942,5.800,-7.412644,-1.862671
2zcq,2zcq_960,9.070,-8.365010,-3.050564
2zcq,2zcq_961,9.040,-8.366902,-2.916400
2zcq,2zcq_969,7.870,-8.304628,-2.694804
2zcq,2zcq_971,5.430,-6.790225,-2.519490
2zcq,2zcq_98,3.060,-2.541881,-1.298122
2zcr,2zcr_187,0.760,-0.398234,-1.743174
2zcr,2zcr_216,2.300,-1.493739,-2.009774
2zcr,2zcr_273,0.600,-1.029969,-1.530728
2zcr,2zcr_28,2.630,-1.567182,-2.108419
2zcr,2zcr_283,0.930,-0.580644,-1.496895
2zcr,2zcr_294,1.020,-0.585072,-1.095691
2zcr,2zcr_296,0.870,-0.534451,-1.315403
2zcr,2zcr_318,0.910,-0.446560,-1.377995
2zcr,2zcr_324,0.850,-0.480964,-1.678743
2zcr,2zcr_33,1.140,-0.822255,-1.458514
2zcr,2zcr_351,0.850,-0.438598,-1.367569
2zcr,2zcr_358,2.060,-0.488587,-1.705036
2zcr,2zcr_37,0.350,-1.017632,-1.447330
2zcr,2zcr_383,1.390,-0.744122,-1.392612
2zcr,2zcr_398,2.270,-0.853469,-1.594972
2zcr,2zcr_407,8.940,-1.753062,-1.798625
2zcr,2zcr_409,2.490,-1.538237,-1.855020
2zcr,2zcr_418,8.350,-2.220755,-2.866003
2zcr,2zcr_422,9.450,-2.097729,-2.084265
2zcr,2zcr_423,8.390,-2.018291,-1.835929
2zcr,2zcr_424,2.400,-2.210087,-2.322519
2zcr,2zcr_429,6.090,-4.745658,-2.668780
2zcr,2zcr_437,8.920,-1.418901,-2.164930
2zcr,2zcr_438,8.170,-1.405000,-2.617637
2zcr,2zcr_440,2.660,-2.605027,-2.032016
2zcr,2zcr_444,3.330,-2.194078,-1.696109
2zcr,2zcr_447,3.020,-2.728262,-2.334455
2zcr,2zcr_452,8.780,-1.203201,-1.986796
2zcr,2zcr_453,9.470,-2.283386,-1.756222
2zcr,2zcr_460,9.020,-1.880923,-2.226606
2zcr,2zcr_464,1.860,-1.943969,-1.980028
2zcr,2zcr_465,5.480,-3.202391,-2.575943
2zcr,2zcr_466,8.300,-1.630646,-2.400431
2zcr,2zcr_468,8.640,-1.729496,-1.936029
2zcr,2zcr_474,9.250,-2.133383,-1.797157
2zcr,2zcr_475,9.270,-1.842897,-1.995047
2zcr,2zcr_495,1.680,-1.679077,-2.123974
2zcr,2zcr_500,8.820,-0.807087,-1.754907
2zcr,2zcr_52,1.110,-0.567709,-1.762138
2zcr,2zcr_543,3.010,-3.272576,-1.532731
2zcr,2zcr_548,2.170,-2.009890,-1.931735
2zcr,2zcr_557,4.580,-2.794939,-3.005718
2zcr,2zcr_578,3.130,-2.320505,-2.085222
2zcr,2zcr_580,4.080,-2.985526,-1.656765
2zcr,2zcr_589,1.290,-1.047261,-2.181405
2zcr,2zcr_591,2.370,-1.982654,-1.786186
2zcr,2zcr_603,3.130,-2.407371,-2.202804
2zcr,2zcr_625,3.080,-2.869308,-1.950627
2zcr,2zcr_634,4.110,-2.969333,-2.524648
2zcr,2zcr_636,2.910,-1.591130,-2.515527
2zcr,2zcr_658,4.270,-2.754219,-1.883334
2zcr,2zcr_664,1.630,-1.489947,-1.890702
2zcr,2zcr_678,1.530,-1.630534,-1.614756
2zcr,2zcr_699,4.520,-3.904018,-2.085909
2zcr,2zcr_709,5.200,-3.924971,-2.278983
2zcr,2zcr_721,5.720,-4.155505,-1.905697
2zcr,2zcr_723,5.620,-5.042604,-2.809334
2zcr,2zcr_730,3.450,-1.754241,-2.001276
2zcr,2zcr_737,4.050,-2.340340,-2.230059
2zcr,2zcr_746,4.410,-2.629847,-1.945261
2zcr,2zcr_75,0.700,-1.150537,-1.946134
2zcr,2zcr_762,6.220,-7.316979,-2.671219
2zcr,2zcr_765,3.880,-3.568362,-1.726278
2zcr,2zcr_767,8.630,-4.494571,-1.853015
2zcr,2zcr_769,7.140,-8.081193,-2.186356
2zcr,2zcr_772,6.190,-7.794904,-2.794881
2zcr,2zcr_776,5.670,-3.375399,-2.463993
2zcr,2zcr_777,5.830,-5.020949,-2.611044
2zcr,2zcr_778,5.860,-4.592540,-2.880736
2zcr,2zcr_780,7.570,-6.800794,-2.154457
2zcr,2zcr_781,9.600,-5.512846,-2.663907
2zcr,2zcr_782,5.440,-2.585216,-1.779852
2zcr,2zcr_783,5.430,-3.510438,-2.768422
2zcr,2zcr_786,6.350,-5.162032,-2.592948
2zcr,2zcr_787,6.880,-7.505870,-2.334596
2zcr,2zcr_788,4.060,-2.896345,-2.612661
2zcr,2zcr_8,1.400,-0.837410,-1.606618
2zcr,2zcr_80,0.900,-0.986335,-1.613559
2zcr,2zcr_834,5.620,-3.803467,-2.404000
2zcr,2zcr_846,3.290,-1.376047,-2.323351
2zcr,2zcr_869,4.290,-2.167273,-2.688879
2zcr,2zcr_877,3.770,-2.342798,-1.731425
2zcr,2zcr_882,6.040,-5.705286,-3.081390
2zcr,2zcr_883,4.540,-3.278588,-1.652174
2zda,2zda_101,6.050,-5.501123,-3.547566
2zda,2zda_108,4.880,-3.733449,-3.539961
2zda,2zda_116,7.680,-7.168010,-3.919952
2zda,2zda_132,5.820,-5.559709,-3.643614
2zda,2zda_142,0.670,-0.294997,-4.246861
2zda,2zda_156,6.220,-3.902160,-3.833503
2zda,2zda_157,5.180,-3.622744,-4.283249
2zda,2zda_167,1.590,-0.534703,-4.212195
2zda,2zda_170,0.930,-0.224002,-3.854399
2zda,2zda_174,6.490,-5.677161,-3.943259
2zda,2zda_182,7.010,-6.311254,-3.008646
2zda,2zda_192,6.580,-4.751099,-2.636330
2zda,2zda_196,6.000,-3.880122,-3.476356
2zda,2zda_2,0.980,-0.332624,-4.286713
2zda,2zda_205,1.960,-1.354525,-4.711180
2zda,2zda_212,3.120,-2.223858,-3.537548
2zda,2zda_218,6.900,-7.131075,-3.475341
2zda,2zda_224,6.660,-6.582283,-3.546570
2zda,2zda_23,0.750,-0.481406,-3.573828
2zda,2zda_232,0.740,-0.482257,-3.593017
2zda,2zda_255,3.960,-1.801931,-4.462356
2zda,2zda_259,2.670,-2.132905,-4.238412
2zda,2zda_262,2.070,-0.901125,-4.437162
2zda,2zda_264,0.760,-0.775917,-3.997152
2zda,2zda_266,2.900,-1.828640,-4.053480
2zda,2zda_27,2.560,-0.563542,-3.634206
2zda,2zda_270,1.480,-1.727097,-3.479605
2zda,2zda_272,1.230,-0.376678,-3.507401
2zda,2zda_274,1.840,-1.256407,-4.273084
2zda,2zda_277,0.430,-0.265219,-3.482366
2zda,2zda_289,8.890,-7.019074,-3.121826
2zda,2zda_29,0.620,-0.256071,-4.155897
2zda,2zda_295,5.880,-5.699559,-3.437134
2zda,2zda_299,0.460,-0.204732,-3.332218
2zda,2zda_302,8.020,-6.389300,-3.861168
2zda,2zda_311,8.140,-7.946290,-3.560857
2zda,2zda_338,4.070,-2.384993,-4.254936
2zda,2zda_345,7.450,-7.693742,-3.437803
2zda,2zda_379,4.820,-2.172212,-3.736467
2zda,2zda_382,7.500,-6.111113,-3.046992
2zda,2zda_391,5.690,-4.998117,-3.617031
2zda,2zda_393,6.270,-4.469329,-3.851504
2zda,2zda_414,6.690,-4.262170,-2.677472
2zda,2zda_429,5.520,-4.118978,-3.300124
2zda,2zda_434,4.910,-4.557981,-3.247742
2zda,2zda_435,2.370,-1.441496,-2.632607
2zda,2zda_442,7.530,-6.046674,-2.850019
2zda,2zda_447,4.680,-2.819862,-2.697809
2zda,2zda_45,3.460,-3.358528,-3.903936
2zda,2zda_470,8.420,-7.490288,-4.085371
2zda,2zda_498,2.030,-1.523253,-3.092424
2zda,2zda_5,1.730,-0.994723,-3.953606
2zda,2zda_500,4.960,-1.563257,-2.470512
2zda,2zda_506,6.910,-5.617840,-3.597277
2zda,2zda_525,1.930,-1.269989,-3.971757
2zda,2zda_533,1.930,-0.961791,-2.642351
2zda,2zda_54,3.710,-1.763511,-4.114334
2zda,2zda_558,5.730,-3.149296,-2.891710
2zda,2zda_561,3.570,-2.869836,-2.971584
2zda,2zda_573,2.800,-0.963860,-3.191215
2zda,2zda_589,7.380,-8.059874,-2.681562
2zda,2zda_615,4.820,-4.991467,-3.321058
2zda,2zda_627,7.100,-7.292669,-3.173752
2zda,2zda_633,2.040,-1.492179,-2.805601
2zda,2zda_643,7.500,-8.064583,-3.427244
2zda,2zda_664,6.670,-6.205060,-2.527977
2zda,2zda_671,7.860,-6.807129,-2.868002
2zda,2zda_677,5.560,-5.681384,-3.653219
2zda,2zda_694,8.420,-7.490288,-4.085371
2zda,2zda_698,3.750,-3.370416,-3.204728
2zda,2zda_739,2.700,-2.189501,-2.393965
2zda,2zda_748,1.170,-0.796137,-3.191609
2zda,2zda_751,4.060,-3.532084,-2.570721
2zda,2zda_753,3.720,-2.678911,-2.914113
2zda,2zda_758,5.420,-2.482819,-3.359504
2zda,2zda_763,3.080,-1.880597,-3.222825
2zda,2zda_766,3.980,-2.428841,-2.903181
2zda,2zda_767,5.270,-1.103523,-2.936848
2zda,2zda_772,4.340,-2.536245,-3.086951
2zda,2zda_773,3.860,-2.849651,-2.846833
2zda,2zda_777,2.950,-1.262728,-2.553013
2zda,2zda_80,4.930,-5.396775,-3.397228
2zda,2zda_835,0.930,-0.366072,-2.793348
2zda,2zda_860,1.040,-0.412550,-3.246865
2zda,2zda_89,7.030,-6.635604,-3.951247
2zy1,2zy1_109,2.070,-1.489860,-1.632626
2zy1,2zy1_113,2.400,-1.668229,-1.326948
2zy1,2zy1_119,1.420,-1.102666,-1.552462
2zy1,2zy1_130,1.920,-1.828988,-2.441795
2zy1,2zy1_160,2.660,-2.358816,-1.353876
2zy1,2zy1_163,2.740,-1.352952,-1.898873
2zy1,2zy1_165,2.590,-1.565738,-1.553063
2zy1,2zy1_166,1.520,-0.810398,-1.945554
2zy1,2zy1_171,2.000,-1.506591,-1.248466
2zy1,2zy1_172,0.950,-1.213885,-1.256329
2zy1,2zy1_173,3.600,-3.347296,-1.842842
2zy1,2zy1_175,1.130,-1.334864,-0.922523
2zy1,2zy1_214,2.000,-0.845794,-1.624142
2zy1,2zy1_216,7.010,-7.226387,-1.974216
2zy1,2zy1_220,5.630,-4.674683,-1.506741
2zy1,2zy1_224,3.710,-1.599878,-1.375875
2zy1,2zy1_225,2.290,-1.736687,-1.591972
2zy1,2zy1_231,9.060,-1.768194,-1.537200
2zy1,2zy1_233,6.030,-4.782899,-1.746723
2zy1,2zy1_234,5.920,-6.191914,-2.274313
2zy1,2zy1_241,7.360,-6.954544,-1.630736
2zy1,2zy1_246,3.490,-2.405716,-1.400826
2zy1,2zy1_251,4.300,-3.202145,-1.495709
2zy1,2zy1_256,3.330,-1.493792,-1.327216
2zy1,2zy1_257,5.330,-5.528714,-1.540639
2zy1,2zy1_264,2.260,-1.582969,-1.416543
2zy1,2zy1_273,4.730,-3.068918,-1.719163
2zy1,2zy1_292,4.500,-3.289454,-1.274838
2zy1,2zy1_306,4.170,-1.802081,-2.263092
2zy1,2zy1_328,6.040,-4.700596,-1.556455
2zy1,2zy1_335,3.480,-3.255695,-1.863948
2zy1,2zy1_35,6.030,-5.107950,-1.615908
2zy1,2zy1_396,1.900,-0.986158,-1.347879
2zy1,2zy1_410,4.040,-3.410797,-2.043077
2zy1,2zy1_411,7.670,-1.273240,-1.322893
2zy1,2zy1_415,6.960,-4.985950,-1.969627
2zy1,2zy1_418,8.500,-2.539675,-2.081115
2zy1,2zy1_421,8.570,-4.347537,-1.810775
2zy1,2zy1_422,3.710,-4.825192,-1.736437
2zy1,2zy1_435,7.220,-3.175292,-2.110475
2zy1,2zy1_451,8.210,-1.634195,-1.750570
2zy1,2zy1_452,4.110,-2.719248,-1.464909
2zy1,2zy1_453,3.860,-3.170873,-1.317940
2zy1,2zy1_457,6.800,-4.055562,-2.287262
2zy1,2zy1_461,9.180,-3.048611,-1.657012
2zy1,2zy1_463,3.950,-2.300937,-1.734393
2zy1,2zy1_464,9.090,-1.886988,-1.452327
2zy1,2zy1_468,2.270,-3.448511,-1.758468
2zy1,2zy1_469,2.180,-0.998298,-2.233210
2zy1,2zy1_473,9.100,-3.774959,-2.337884
2zy1,2zy1_475,5.100,-3.939013,-2.645293
2zy1,2zy1_476,7.970,-2.531674,-1.482537
2zy1,2zy1_482,8.280,-2.338290,-1.754745
2zy1,2zy1_483,8.780,-2.048907,-1.461715
2zy1,2zy1_484,1.820,-1.797457,-1.628506
2zy1,2zy1_490,8.640,-1.677794,-1.600867
2zy1,2zy1_495,9.630,-1.533129,-1.318059
2zy1,2zy1_496,8.010,-2.301881,-1.498402
2zy1,2zy1_50,5.860,-5.155385,-1.716348
2zy1,2zy1_500,9.440,-2.615577,-1.783353
2zy1,2zy1_539,5.310,-4.115417,-1.355388
2zy1,2zy1_542,7.860,-1.640368,-0.942138
2zy1,2zy1_556,8.910,-7.902306,-2.003813
2zy1,2zy1_561,6.410,-8.190657,-2.117995
2zy1,2zy1_575,2.030,-1.448789,-1.404597
2zy1,2zy1_598,8.900,-2.149343,-2.012613
2zy1,2zy1_603,9.850,-8.250806,-2.139092
2zy1,2zy1_606,7.070,-7.882014,-2.470339
2zy1,2zy1_608,6.670,-7.530313,-2.044650
2zy1,2zy1_615,9.590,-8.263263,-2.709723
2zy1,2zy1_622,5.260,-5.015587,-2.668976
2zy1,2zy1_631,8.010,-7.507807,-2.676044
2zy1,2zy1_669,5.930,-4.304075,-2.216598
2zy1,2zy1_670,9.080,-6.723693,-2.576980
2zy1,2zy1_675,6.310,-4.695635,-1.739685
2zy1,2zy1_684,4.040,-2.903768,-2.132437
2zy1,2zy1_739,1.570,-0.882407,-1.281367
2zy1,2zy1_746,7.950,-1.680285,-1.894774
2zy1,2zy1_753,6.840,-4.229193,-2.367229
2zy1,2zy1_756,3.900,-3.176255,-1.675106
2zy1,2zy1_76,6.130,-5.650257,-1.956858
2zy1,2zy1_769,7.330,-3.691015,-1.486513
2zy1,2zy1_771,7.410,-4.109219,-2.640037
2zy1,2zy1_778,4.430,-3.094873,-1.681722
2zy1,2zy1_81,5.770,-5.131347,-1.457636
2zy1,2zy1_845,4.930,-5.127652,-1.542800
2zy1,2zy1_885,5.060,-5.201391,-1.419984
2zy1,2zy1_911,1.700,-1.203248,-1.530694
2zy1,2zy1_916,3.470,-3.620260,-2.037504
2zy1,2zy1_985,9.070,-3.532108,-1.709557
2zy1,2zy1_992,4.340,-4.310975,-1.558538
3acw,3acw_145,1.360,-1.819731,-4.052652
3acw,3acw_281,1.610,-1.169091,-4.225956
3acw,3acw_411,0.850,-1.223055,-5.121011
3acw,3acw_432,1.590,-1.726072,-3.757345
3acw,3acw_435,0.800,-1.122275,-4.438623
3acw,3acw_445,2.200,-1.938302,-4.947742
3acw,3acw_451,6.600,-2.029913,-5.017465
3acw,3acw_455,0.890,-1.642375,-3.389829
3acw,3acw_465,0.940,-1.596148,-4.608627
3acw,3acw_467,6.670,-2.537545,-5.104752
3acw,3acw_480,6.340,-1.898670,-5.107133
3acw,3acw_486,3.240,-2.186148,-3.843734
3acw,3acw_492,6.520,-1.588174,-3.753086
3acw,3acw_500,2.130,-1.518305,-4.856299
3acw,3acw_525,3.570,-3.101890,-4.050707
3acw,3acw_531,3.170,-2.538019,-4.005123
3acw,3acw_537,4.200,-3.672748,-3.437324
3acw,3acw_542,4.120,-3.700719,-4.039167
3acw,3acw_547,4.740,-4.407951,-4.676608
3acw,3acw_552,7.010,-3.854236,-4.545473
3acw,3acw_559,3.380,-3.274150,-4.711166
3acw,3acw_562,3.600,-2.571467,-3.897661
3acw,3acw_566,4.470,-4.291701,-4.236533
3acw,3acw_578,4.370,-3.172621,-4.565517
3acw,3acw_592,6.500,-2.115728,-4.096246
3acw,3acw_608,4.090,-3.535356,-4.664373
3acw,3acw_612,3.690,-2.995462,-3.966086
3acw,3acw_624,1.640,-1.681992,-3.795547
3acw,3acw_625,5.070,-4.884718,-4.930130
3acw,3acw_629,7.060,-2.700411,-3.736448
3acw,3acw_635,5.070,-4.750600,-5.515126
3acw,3acw_636,0.880,-1.305631,-3.373934
3acw,3acw_642,4.930,-4.814484,-4.725445
3acw,3acw_644,1.380,-1.366963,-3.671496
3acw,3acw_645,5.490,-5.342676,-3.562935
3acw,3acw_659,7.850,-5.577544,-4.124273
3acw,3acw_661,4.260,-4.459948,-3.924021
3acw,3acw_664,4.650,-4.093223,-4.405768
3acw,3acw_667,2.130,-2.566987,-4.375391
3acw,3acw_676,3.800,-4.163293,-3.834755
3acw,3acw_678,2.080,-1.699168,-4.402932
3acw,3acw_681,4.100,-3.589436,-4.312319
3acw,3acw_697,2.020,-1.871912,-3.888166
3acw,3acw_700,1.230,-1.534671,-3.469561
3acw,3acw_720,8.500,-6.360938,-5.415669
3acw,3acw_721,2.320,-1.659063,-4.653928
3acw,3acw_722,8.580,-6.309639,-5.263468
3acw,3acw_723,2.460,-2.315557,-3.518347
3acw,3acw_730,8.390,-6.042771,-5.627268
3acw,3acw_732,1.180,-1.406367,-4.675807
3acw,3acw_735,8.460,-6.651227,-5.891968
3acw,3acw_737,9.530,-8.197191,-5.281543
3acw,3acw_738,8.150,-5.930044,-5.414311
3acw,3acw_740,1.680,-1.957260,-4.067684
3acw,3acw_741,8.200,-6.049137,-5.537494
3acw,3acw_743,9.420,-7.983727,-5.138939
3acw,3acw_744,9.350,-7.863059,-5.690167
3acw,3acw_745,9.390,-7.861207,-5.503139
3acw,3acw_746,9.160,-7.680760,-5.678765
3acw,3acw_749,3.750,-3.610325,-4.052797
3acw,3acw_750,2.540,-2.824056,-4.199734
3acw,3acw_757,6.650,-3.433821,-4.594288
3acw,3acw_760,9.510,-7.664857,-6.484051
3acw,3acw_763,6.760,-2.259242,-4.713866
3acw,3acw_776,5.560,-4.770077,-3.331512
3acw,3acw_780,5.550,-4.917536,-3.443770
3acw,3acw_781,6.800,-2.350127,-4.286752
3acw,3acw_791,6.330,-2.442360,-4.194008
3acw,3acw_797,6.350,-2.305899,-4.222762
3acw,3acw_809,0.580,-0.937217,-3.440758
3acw,3acw_860,1.880,-1.495769,-3.986382
3acw,3acw_861,8.220,-6.618826,-5.484851
3acw,3acw_865,9.220,-7.595482,-5.292244
3acw,3acw_866,8.480,-6.378440,-5.840689
3acw,3acw_870,8.140,-6.177580,-5.949048
3acw,3acw_872,9.070,-7.549456,-5.209829
3acw,3acw_877,3.260,-2.873285,-5.025790
3acw,3acw_879,2.160,-1.518735,-3.579752
3acw,3acw_883,9.200,-7.807276,-5.535408
3acw,3acw_888,8.190,-6.474507,-5.086051
3acw,3acw_905,0.730,-0.984768,-4.063647
3acw,3acw_939,0.850,-1.126738,-4.267193
3acw,3acw_951,0.940,-1.670199,-4.312650
3acw,3acw_968,3.040,-2.756490,-3.929310
3acw,3acw_977,2.940,-2.521509,-3.702603
3acw,3acw_99,0.790,-1.619995,-3.654866
3acw,3acw_998,1.660,-1.346306,-3.836574
3ag9,3ag9_1001,1.870,-4.433758,-4.478988
3ag9,3ag9_1002,1.570,-4.810285,-4.346389
3ag9,3ag9_1003,1.940,-4.192897,-4.945652
3ag9,3ag9_1004,1.990,-5.225350,-4.678520
3ag9,3ag9_1005,1.950,-4.345037,-4.314156
3ag9,3ag9_1006,1.920,-4.513671,-4.408980
3ag9,3ag9_1007,1.360,-4.432936,-4.513832
3ag9,3ag9_1008,1.620,-4.712362,-4.312681
3ag9,3ag9_1009,1.750,-4.642496,-4.201275
3ag9,3ag9_1010,2.000,-4.662334,-4.369799
3ag9,3ag9_123,7.460,-5.549710,-4.519901
3ag9,3ag9_14,4.880,-5.324481,-4.169128
3ag9,3ag9_159,5.690,-7.435765,-4.285113
3ag9,3ag9_163,6.840,-7.301553,-4.283964
3ag9,3ag9_184,9.320,-8.316493,-4.359468
3ag9,3ag9_189,8.770,-7.022991,-4.336247
3ag9,3ag9_19,9.360,-8.068597,-4.172595
3ag9,3ag9_203,3.630,-5.664525,-4.115509
3ag9,3ag9_209,6.160,-5.111402,-4.482958
3ag9,3ag9_21,8.250,-7.979309,-3.927915
3ag9,3ag9_210,9.750,-4.065302,-4.367507
3ag9,3ag9_213,7.630,-6.560701,-3.996354
3ag9,3ag9_220,10.000,-7.717633,-4.068151
3ag9,3ag9_234,9.360,-7.759382,-4.090174
3ag9,3ag9_24,9.840,-8.189152,-4.690775
3ag9,3ag9_240,5.600,-4.694789,-4.536450
3ag9,3ag9_251,9.720,-7.528517,-3.930547
3ag9,3ag9_254,7.620,-6.906075,-4.418321
3ag9,3ag9_264,9.260,-8.012906,-4.385108
3ag9,3ag9_270,5.650,-6.078789,-4.495426
3ag9,3ag9_278,5.380,-5.801993,-4.152848
3ag9,3ag9_28,3.100,-5.899195,-4.190170
3ag9,3ag9_283,4.720,-3.505462,-4.426726
3ag9,3ag9_287,7.970,-6.216510,-3.938478
3ag9,3ag9_292,8.130,-7.764827,-4.343907
3ag9,3ag9_3,8.440,-5.084543,-4.322516
3ag9,3ag9_304,4.560,-6.295605,-4.091468
3ag9,3ag9_305,9.970,-8.244451,-4.201982
3ag9,3ag9_306,8.830,-5.563800,-4.136670
3ag9,3ag9_337,5.550,-4.664429,-3.964229
3ag9,3ag9_340,6.210,-6.262455,-4.092506
3ag9,3ag9_352,5.200,-5.076371,-4.606402
3ag9,3ag9_357,8.780,-8.149382,-4.570710
3ag9,3ag9_365,6.010,-5.461596,-4.420552
3ag9,3ag9_378,6.280,-6.185238,-4.332830
3ag9,3ag9_38,6.860,-6.373608,-3.954388
3ag9,3ag9_387,5.760,-4.951952,-4.254754
3ag9,3ag9_392,4.210,-4.070074,-4.555758
3ag9,3ag9_399,3.350,-4.927112,-4.446291
3ag9,3ag9_413,3.990,-4.343328,-5.002927
3ag9,3ag9_489,7.640,-5.728910,-4.303000
3ag9,3ag9_49,4.200,-5.815193,-4.047003
3ag9,3ag9_495,5.590,-4.921982,-4.666235
3ag9,3ag9_498,4.740,-5.328567,-4.069122
3ag9,3ag9_520,8.300,-7.901227,-4.463266
3ag9,3ag9_543,9.750,-8.243592,-4.721644
3ag9,3ag9_569,7.890,-7.522013,-4.177002
3ag9,3ag9_62,6.060,-5.181924,-4.226386
3ag9,3ag9_667,4.850,-5.035547,-4.247639
3ag9,3ag9_679,5.520,-6.406779,-4.179246
3ag9,3ag9_685,6.740,-6.439474,-4.273020
3ag9,3ag9_69,7.770,-8.171246,-3.781433
3ag9,3ag9_712,3.320,-4.954914,-4.711503
3ag9,3ag9_720,3.930,-5.145638,-4.451697
3ag9,3ag9_724,3.740,-6.390442,-4.300435
3ag9,3ag9_734,4.390,-4.585421,-4.464540
3ag9,3ag9_735,3.560,-6.205675,-4.823021
3ag9,3ag9_738,3.070,-5.227132,-4.381631
3ag9,3ag9_741,3.850,-5.770412,-4.529633
3ag9,3ag9_746,7.340,-5.341366,-4.258170
3ag9,3ag9_754,8.200,-5.843793,-4.563286
3ag9,3ag9_762,5.930,-4.458513,-4.350893
3ag9,3ag9_764,6.370,-4.940792,-4.569285
3ag9,3ag9_77,8.980,-5.542081,-3.627205
3ag9,3ag9_772,7.450,-7.535135,-4.060051
3ag9,3ag9_828,8.940,-5.782451,-4.876349
3ag9,3ag9_841,2.790,-5.452384,-4.486655
3ag9,3ag9_850,2.930,-4.927366,-4.526618
3ag9,3ag9_891,2.820,-5.179896,-4.483659
3ag9,3ag9_9,4.920,-6.924565,-4.818167
3ag9,3ag9_934,2.780,-5.251180,-4.626167
3ag9,3ag9_951,6.330,-5.354942,-4.259791
3ag9,3ag9_968,4.430,-4.005465,-4.000256
3ag9,3ag9_97,7.230,-6.357346,-4.274850
3ao4,3ao4_102,2.600,-1.683397,-2.372675
3ao4,3ao4_115,0.500,-0.901564,-2.290968
3ao4,3ao4_117,4.830,-3.800278,-1.940915
3ao4,3ao4_118,8.090,-6.497497,-4.401991
3ao4,3ao4_165,0.610,-0.745760,-1.521283
3ao4,3ao4_174,8.020,-6.275586,-4.487592
3ao4,3ao4_195,0.680,-1.400398,-1.600218
3ao4,3ao4_200,0.550,-0.870341,-1.729430
3ao4,3ao4_281,0.560,-0.859879,-1.783379
3ao4,3ao4_350,0.650,-0.842973,-2.297005
3ao4,3ao4_385,0.780,-0.638720,-1.588758
3ao4,3ao4_420,3.010,-2.195789,-2.729174
3ao4,3ao4_428,3.690,-2.218930,-1.726938
3ao4,3ao4_438,1.480,-1.305693,-1.509028
3ao4,3ao4_440,3.670,-2.383803,-1.459663
3ao4,3ao4_443,3.740,-3.807852,-2.126436
3ao4,3ao4_446,2.260,-1.602297,-2.677186
3ao4,3ao4_451,1.420,-1.707266,-2.792724
3ao4,3ao4_456,0.800,-0.979813,-1.304263
3ao4,3ao4_473,4.460,-3.075459,-2.262136
3ao4,3ao4_476,3.020,-2.090648,-2.488812
3ao4,3ao4_477,2.430,-2.428208,-2.541447
3ao4,3ao4_479,1.630,-1.408447,-1.098111
3ao4,3ao4_481,0.910,-1.144089,-1.431298
3ao4,3ao4_499,1.790,-1.705670,-1.452591
3ao4,3ao4_520,2.620,-2.289934,-2.496629
3ao4,3ao4_572,3.360,-3.596987,-1.988454
3ao4,3ao4_582,3.420,-3.746540,-2.177975
3ao4,3ao4_585,2.260,-2.255315,-2.574231
3ao4,3ao4_593,3.650,-3.534261,-2.600866
3ao4,3ao4_628,2.620,-2.606251,-2.106239
3ao4,3ao4_650,3.620,-2.768540,-1.682797
3ao4,3ao4_655,1.600,-1.779527,-1.450715
3ao4,3ao4_657,2.030,-1.968590,-2.519556
3ao4,3ao4_661,4.660,-4.485496,-3.433545
3ao4,3ao4_691,2.590,-3.208892,-2.141897
3ao4,3ao4_715,5.050,-0.764305,-2.286552
3ao4,3ao4_718,5.660,-5.761748,-3.039568
3ao4,3ao4_730,1.780,-1.293372,-2.707221
3ao4,3ao4_731,5.000,-0.514512,-1.791249
3ao4,3ao4_736,7.300,-7.178031,-3.290086
3ao4,3ao4_744,7.140,-7.400692,-3.127810
3ao4,3ao4_749,5.660,-6.934608,-3.552809
3ao4,3ao4_750,7.840,-7.710761,-3.772130
3ao4,3ao4_752,6.950,-7.358456,-3.999443
3ao4,3ao4_755,8.490,-7.176352,-4.710281
3ao4,3ao4_757,8.210,-7.381396,-4.683302
3ao4,3ao4_758,8.710,-7.367204,-3.967230
3ao4,3ao4_759,7.570,-7.313282,-4.752649
3ao4,3ao4_760,8.130,-7.070343,-3.075173
3ao4,3ao4_762,9.410,-7.679901,-4.534802
3ao4,3ao4_763,7.740,-6.943473,-5.185011
3ao4,3ao4_764,8.290,-7.298705,-3.980770
3ao4,3ao4_765,9.650,-8.217349,-5.106989
3ao4,3ao4_766,9.350,-7.775758,-4.441922
3ao4,3ao4_768,8.500,-7.245564,-4.047508
3ao4,3ao4_769,7.460,-6.564534,-3.697734
3ao4,3ao4_771,7.420,-6.249256,-4.286337
3ao4,3ao4_772,7.330,-6.963071,-3.348816
3ao4,3ao4_773,6.640,-6.567629,-2.817993
3ao4,3ao4_774,7.770,-8.080929,-3.810827
3ao4,3ao4_776,6.200,-6.184649,-4.888895
3ao4,3ao4_779,6.360,-6.353729,-2.933543
3ao4,3ao4_780,2.120,-1.907439,-1.595732
3ao4,3ao4_784,0.790,-0.896343,-2.421635
3ao4,3ao4_787,1.520,-0.976030,-1.228631
3ao4,3ao4_788,1.790,-0.458897,-1.766304
3ao4,3ao4_800,5.000,-2.079400,-1.424564
3ao4,3ao4_803,4.960,-1.043903,-2.398201
3ao4,3ao4_808,5.180,-2.610370,-3.148945
3ao4,3ao4_850,5.830,-4.070499,-2.485968
3ao4,3ao4_862,6.220,-6.500622,-3.125099
3ao4,3ao4_870,4.790,-5.109845,-3.023262
3ao4,3ao4_871,8.730,-7.421993,-4.779240
3ao4,3ao4_878,5.900,-5.386844,-3.381727
3ao4,3ao4_880,6.160,-4.191606,-2.101312
3ao4,3ao4_889,6.400,-5.527947,-2.467587
3ao4,3ao4_909,2.470,-2.519524,-1.552808
3ao4,3ao4_910,4.750,-5.268396,-2.003892
3ao4,3ao4_915,1.130,-1.415380,-1.511112
3ao4,3ao4_925,1.140,-0.656376,-1.855993
3ao4,3ao4_928,5.000,-1.461316,-1.862458
3ao4,3ao4_943,5.650,-5.362038,-2.568075
3ao4,3ao4_953,6.870,-7.461275,-2.801007
3ao4,3ao4_958,3.160,-3.817739,-3.203951
3ao4,3ao4_959,6.830,-6.639456,-4.614294
3ao4,3ao4_962,5.430,-5.518651,-3.126437
3ao4,3ao4_964,4.550,-5.952680,-3.613401
3ao4,3ao4_965,7.360,-6.772285,-3.976811
3ao4,3ao4_966,5.180,-1.184811,-1.903580
3ao4,3ao4_976,6.110,-6.232234,-3.169272
3ao4,3ao4_978,5.170,-2.199963,-1.949933
3arp,3arp_103,4.720,-1.636361,-4.547775
3arp,3arp_17,1.390,-2.277793,-3.688691
3arp,3arp_176,4.020,-2.560607,-4.208304
3arp,3arp_181,3.970,-3.202224,-3.574716
3arp,3arp_190,1.660,-1.780383,-4.757986
3arp,3arp_198,2.360,-2.139718,-4.706449
3arp,3arp_203,1.840,-2.791060,-3.842363
3arp,3arp_211,2.770,-2.502444,-3.784108
3arp,3arp_214,3.110,-2.312057,-4.673076
3arp,3arp_223,3.940,-2.013734,-3.961443
3arp,3arp_227,4.100,-2.943068,-4.348196
3arp,3arp_231,2.520,-1.869493,-4.387124
3arp,3arp_232,3.300,-1.069440,-4.020717
3arp,3arp_235,2.040,-2.057545,-3.298787
3arp,3arp_245,3.120,-1.251626,-4.644455
3arp,3arp_248,1.810,-1.965417,-4.744569
3arp,3arp_252,2.850,-1.691935,-3.497988
3arp,3arp_254,3.030,-1.389155,-4.227542
3arp,3arp_255,2.870,-1.379597,-4.410601
3arp,3arp_258,3.220,-2.472235,-4.294978
3arp,3arp_284,1.830,-2.437073,-5.034908
3arp,3arp_289,4.030,-2.037178,-4.910697
3arp,3arp_290,5.340,-2.888880,-4.245109
3arp,3arp_299,2.630,-1.138123,-4.247263
3arp,3arp_324,1.920,-1.943984,-3.766239
3arp,3arp_330,2.390,-3.463833,-3.996096
3arp,3arp_333,2.250,-0.858600,-3.404887
3arp,3arp_347,1.950,-3.099820,-4.751067
3arp,3arp_353,9.420,-8.305017,-3.744566
3arp,3arp_357,1.410,-2.413826,-4.555840
3arp,3arp_365,3.440,-2.055340,-4.796694
3arp,3arp_367,1.920,-0.847750,-4.272426
3arp,3arp_37,0.970,-1.589778,-3.542959
3arp,3arp_371,8.500,-7.218933,-4.418668
3arp,3arp_380,9.240,-8.282387,-4.403549
3arp,3arp_394,2.820,-1.264067,-3.556806
3arp,3arp_407,8.940,-8.336236,-4.789591
3arp,3arp_419,6.800,-5.648807,-4.493644
3arp,3arp_420,5.530,-3.493838,-4.519241
3arp,3arp_425,9.120,-8.031740,-4.490049
3arp,3arp_431,7.930,-7.948762,-4.298865
3arp,3arp_447,4.470,-2.346556,-4.294947
3arp,3arp_448,7.440,-7.730039,-4.463251
3arp,3arp_449,7.920,-7.917586,-4.480743
3arp,3arp_46,6.030,-4.415483,-4.059537
3arp,3arp_496,9.020,-8.366115,-4.002932
3arp,3arp_505,4.550,-3.490563,-3.457153
3arp,3arp_509,7.240,-6.492887,-4.294568
3arp,3arp_516,4.670,-5.545836,-4.454000
3arp,3arp_517,6.690,-4.150656,-4.037407
3arp,3arp_540,7.090,-6.143211,-5.195143
3arp,3arp_549,6.590,-6.769311,-4.439717
3arp,3arp_551,8.650,-8.314191,-4.486920
3arp,3arp_558,6.900,-5.768312,-4.079776
3arp,3arp_562,5.560,-5.419812,-4.665106
3arp,3arp_570,6.800,-7.865851,-4.462796
3arp,3arp_574,5.780,-5.949009,-3.746005
3arp,3arp_575,5.660,-6.251247,-4.817121
3arp,3arp_585,6.520,-6.991729,-3.951683
3arp,3arp_6,1.630,-1.417671,-3.702073
3arp,3arp_605,8.720,-7.385798,-4.158965
3arp,3arp_607,8.300,-5.620261,-4.330903
3arp,3arp_615,8.340,-6.341524,-4.751686
3arp,3arp_620,8.210,-7.095470,-5.435504
3arp,3arp_623,9.060,-8.052400,-4.739904
3arp,3arp_632,9.090,-6.965219,-4.129097
3arp,3arp_641,5.660,-6.371652,-4.093703
3arp,3arp_650,7.800,-8.134085,-4.332217
3arp,3arp_653,7.240,-6.115292,-4.334165
3arp,3arp_658,9.290,-7.683792,-4.994436
3arp,3arp_67,0.980,-1.694245,-4.040277
3arp,3arp_671,6.410,-6.489519,-4.016065
3arp,3arp_674,9.070,-7.918933,-4.120828
3arp,3arp_679,8.410,-8.102949,-5.220414
3arp,3arp_684,8.420,-6.578364,-4.347613
3arp,3arp_703,7.320,-5.128616,-4.168578
3arp,3arp_73,3.080,-0.622567,-4.420252
3arp,3arp_734,5.520,-2.799130,-4.060204
3arp,3arp_750,4.850,-2.264973,-4.267442
3arp,3arp_752,3.950,-3.162423,-3.876610
3arp,3arp_781,5.930,-4.046367,-3.521189
3arp,3arp_783,4.570,-5.381930,-3.719287
3arp,3arp_784,5.280,-5.314015,-4.466162
3arp,3arp_785,6.960,-7.068971,-4.110495
3arp,3arp_787,7.330,-6.024045,-3.538487
3arp,3arp_790,4.920,-3.813560,-3.014744
3arp,3arp_89,5.590,-2.515359,-4.559429
3arp,3arp_909,6.280,-4.644004,-3.614699
3arp,3arp_951,8.390,-7.332664,-4.810290
3arp,3arp_963,7.110,-5.810719,-3.686254
3arq,3arq_117,6.010,-5.801362,-2.392754
3arq,3arq_197,2.100,-1.279707,-1.537529
3arq,3arq_206,8.180,-5.824429,-2.035892
3arq,3arq_209,1.570,-0.937782,-1.702764
3arq,3arq_221,2.160,-1.968571,-1.953840
3arq,3arq_227,8.570,-6.411618,-2.312999
3arq,3arq_228,3.160,-2.851923,-1.882985
3arq,3arq_231,1.040,-0.748316,-1.905483
3arq,3arq_236,2.530,-2.406607,-1.483935
3arq,3arq_242,4.980,-5.342025,-2.235518
3arq,3arq_245,9.870,-8.175501,-3.668027
3arq,3arq_256,4.770,-5.443077,-2.194447
3arq,3arq_258,6.910,-1.576942,-1.976888
3arq,3arq_265,5.340,-5.416757,-2.212103
3arq,3arq_287,9.050,-4.654610,-2.630875
3arq,3arq_293,2.150,-1.966131,-1.612090
3arq,3arq_314,1.780,-1.195680,-1.608877
3arq,3arq_328,1.500,-1.515456,-1.615690
3arq,3arq_338,1.580,-1.525600,-1.837228
3arq,3arq_339,1.860,-1.436866,-1.514922
3arq,3arq_346,1.570,-1.163208,-1.632677
3arq,3arq_358,0.920,-0.775924,-1.722866
3arq,3arq_392,1.350,-1.416914,-1.946464
3arq,3arq_404,5.520,-5.390424,-2.184303
3arq,3arq_406,7.920,-5.340848,-2.556239
3arq,3arq_422,5.210,-4.269614,-2.247077
3arq,3arq_426,5.510,-5.663167,-2.324194
3arq,3arq_430,4.990,-5.186066,-2.164643
3arq,3arq_432,6.950,-3.615791,-2.174022
3arq,3arq_443,6.000,-6.094656,-3.300641
3arq,3arq_444,4.170,-3.801563,-2.201649
3arq,3arq_445,4.860,-2.909932,-3.220651
3arq,3arq_449,5.440,-4.566542,-2.520823
3arq,3arq_451,7.600,-5.385995,-1.934536
3arq,3arq_464,5.890,-5.900064,-2.751184
3arq,3arq_466,6.980,-2.601306,-1.858320
3arq,3arq_474,4.140,-3.151808,-2.250459
3arq,3arq_478,5.120,-5.698138,-2.580157
3arq,3arq_483,5.920,-6.069630,-2.657925
3arq,3arq_485,7.560,-5.181967,-2.479648
3arq,3arq_508,8.870,-6.252820,-2.880102
3arq,3arq_511,6.300,-2.585114,-2.139105
3arq,3arq_513,4.540,-3.429179,-2.748390
3arq,3arq_515,6.040,-4.585740,-2.810979
3arq,3arq_529,3.010,-1.078819,-2.422952
3arq,3arq_534,7.350,-5.856756,-2.467318
3arq,3arq_535,9.180,-7.218379,-3.592170
3arq,3arq_543,8.580,-7.275494,-3.563264
3arq,3arq_545,7.210,-2.426450,-2.216694
3arq,3arq_550,2.700,-1.432774,-1.557119
3arq,3arq_556,4.450,-3.805718,-2.579435
3arq,3arq_565,8.550,-6.004426,-2.421952
3arq,3arq_566,3.780,-3.464331,-2.017724
3arq,3arq_571,2.220,-2.037833,-2.243320
3arq,3arq_575,3.460,-2.050831,-2.017010
3arq,3arq_577,3.930,-2.153747,-1.929341
3arq,3arq_581,4.630,-4.141948,-2.913356
3arq,3arq_584,8.150,-5.352685,-2.241570
3arq,3arq_587,7.800,-6.418068,-3.177881
3arq,3arq_596,3.040,-1.794216,-2.716591
3arq,3arq_601,6.910,-3.382309,-2.927228
3arq,3arq_606,7.560,-6.370268,-3.015007
3arq,3arq_607,8.980,-7.368537,-3.944164
3arq,3arq_611,9.620,-7.614197,-3.829514
3arq,3arq_620,9.840,-8.252737,-4.263172
3arq,3arq_625,7.390,-5.926184,-2.807836
3arq,3arq_626,9.640,-8.241740,-4.329301
3arq,3arq_639,9.100,-7.825187,-3.662411
3arq,3arq_643,8.720,-7.513394,-3.326221
3arq,3arq_645,9.080,-8.195046,-2.765035
3arq,3arq_647,6.920,-2.728938,-2.427968
3arq,3arq_648,6.740,-5.119438,-2.481926
3arq,3arq_651,8.770,-6.582345,-2.389030
3arq,3arq_654,9.640,-8.285500,-4.137979
3arq,3arq_655,7.800,-5.987529,-3.426420
3arq,3arq_673,5.580,-2.340698,-2.731805
3arq,3arq_680,9.140,-7.724821,-4.510700
3arq,3arq_698,3.710,-2.881347,-2.532436
3arq,3arq_721,3.330,-3.262957,-2.274131
3arq,3arq_742,2.350,-2.287497,-1.729138
3arq,3arq_743,3.420,-3.515670,-2.276293
3arq,3arq_748,1.820,-2.006604,-1.518334
3arq,3arq_755,7.040,-2.063471,-2.002992
3arq,3arq_758,1.740,-0.858628,-1.497964
3arq,3arq_760,2.590,-3.294868,-1.587452
3arq,3arq_762,2.610,-1.949704,-1.638731
3arq,3arq_848,3.060,-2.269674,-1.650948
3arq,3arq_855,8.840,-5.176716,-2.976656
3arq,3arq_868,4.790,-5.289493,-2.258838
3arq,3arq_941,2.970,-2.337641,-1.652045
3arq,3arq_964,6.700,-2.259630,-2.007489
3aru,3aru_10,1.020,-0.949357,-1.365244
3aru,3aru_167,6.130,-2.286972,-1.910170
3aru,3aru_169,4.190,-1.412445,-1.760441
3aru,3aru_174,5.780,-2.342447,-1.935992
3aru,3aru_202,4.890,-2.245067,-1.388347
3aru,3aru_205,1.480,-1.181840,-1.729627
3aru,3aru_222,1.920,-1.248100,-1.328569
3aru,3aru_235,5.100,-1.681733,-2.000239
3aru,3aru_239,5.110,-2.010742,-1.882132
3aru,3aru_240,4.140,-1.233341,-2.230597
3aru,3aru_268,6.260,-4.431593,-2.196631
3aru,3aru_270,7.850,-7.362922,-2.904973
3aru,3aru_272,5.570,-3.937768,-1.970580
3aru,3aru_297,5.400,-4.972481,-1.619366
3aru,3aru_306,0.840,-0.618486,-2.139410
3aru,3aru_311,0.670,-0.419125,-1.721781
3aru,3aru_314,0.790,-0.749814,-1.606088
3aru,3aru_320,5.000,-3.167700,-2.204235
3aru,3aru_336,4.970,-1.768513,-1.638912
3aru,3aru_356,0.980,-0.395152,-1.886179
3aru,3aru_362,0.510,-0.388560,-1.600912
3aru,3aru_38,9.170,-6.707511,-2.816220
3aru,3aru_39,4.790,-2.089118,-2.168715
3aru,3aru_40,8.160,-6.266198,-2.530057
3aru,3aru_449,2.970,-2.667786,-2.650805
3aru,3aru_450,2.240,-2.078980,-2.234639
3aru,3aru_478,1.960,-0.688206,-1.849183
3aru,3aru_48,5.130,-1.593034,-1.581575
3aru,3aru_482,5.080,-5.530814,-3.155854
3aru,3aru_483,5.030,-1.994819,-1.164573
3aru,3aru_502,7.880,-7.838890,-2.156988
3aru,3aru_512,6.970,-7.091062,-2.119474
3aru,3aru_521,7.320,-8.001162,-3.699044
3aru,3aru_530,7.410,-7.911340,-2.561374
3aru,3aru_532,3.890,-3.643281,-3.009652
3aru,3aru_533,4.280,-4.196242,-2.625224
3aru,3aru_544,6.100,-2.331800,-1.683825
3aru,3aru_546,4.920,-4.545081,-1.630040
3aru,3aru_565,7.570,-7.723712,-3.569086
3aru,3aru_566,8.300,-8.132784,-3.031504
3aru,3aru_573,2.650,-2.321732,-1.351243
3aru,3aru_577,7.240,-7.148716,-2.255639
3aru,3aru_58,0.950,-1.082535,-1.486448
3aru,3aru_587,6.530,-8.124088,-3.243224
3aru,3aru_589,7.670,-7.449498,-2.640026
3aru,3aru_592,6.120,-8.068153,-2.276928
3aru,3aru_594,6.690,-6.774748,-2.586133
3aru,3aru_595,5.040,-6.820667,-2.687402
3aru,3aru_60,8.450,-6.686336,-2.558081
3aru,3aru_604,4.160,-3.680695,-1.542509
3aru,3aru_618,7.160,-8.267687,-3.517216
3aru,3aru_62,7.240,-4.236017,-1.916394
3aru,3aru_621,6.430,-5.943368,-2.743074
3aru,3aru_64,0.950,-0.644720,-1.517678
3aru,3aru_654,5.080,-5.106277,-2.197084
3aru,3aru_686,6.020,-4.380180,-2.744912
3aru,3aru_695,3.690,-2.175021,-1.800016
3aru,3aru_698,6.290,-4.270792,-2.162476
3aru,3aru_709,0.810,-0.931047,-1.739151
3aru,3aru_715,1.970,-1.313266,-2.098350
3aru,3aru_716,1.370,-1.283229,-1.749482
3aru,3aru_721,2.640,-1.191181,-1.541982
3aru,3aru_725,1.830,-1.067831,-1.331879
3aru,3aru_728,3.860,-3.208343,-1.765251
3aru,3aru_745,3.800,-3.208403,-1.467883
3aru,3aru_749,2.960,-2.028363,-1.643198
3aru,3aru_776,3.050,-2.677044,-1.821340
3aru,3aru_777,3.090,-0.909236,-1.801248
3aru,3aru_780,4.040,-4.441264,-1.899734
3aru,3aru_789,3.300,-3.302861,-1.802709
3aru,3aru_790,1.700,-1.689563,-2.338491
3aru,3aru_791,2.160,-1.406816,-2.481710
3aru,3aru_817,2.870,-1.128942,-1.556193
3aru,3aru_852,3.200,-0.834747,-1.528783
3aru,3aru_858,3.150,-1.422893,-1.656601
3aru,3aru_88,8.550,-6.521731,-1.827097
3aru,3aru_902,0.610,-0.672573,-1.971265
3aru,3aru_909,2.670,-1.352216,-1.977038
3aru,3aru_925,2.830,-0.793617,-2.111120
3aru,3aru_93,7.980,-5.837228,-2.229643
3aru,3aru_930,1.670,-0.577406,-1.922837
3aru,3aru_949,1.800,-1.623677,-1.408865
3aru,3aru_952,2.410,-0.870806,-1.401978
3aru,3aru_98,0.850,-1.074208,-1.226355
3aru,3aru_99,3.950,-3.713058,-2.067350
3arv,3arv_1,3.890,-2.288219,-5.670732
3arv,3arv_116,4.640,-1.639387,-5.248397
3arv,3arv_122,6.080,-3.719001,-4.854829
3arv,3arv_184,3.320,-1.589016,-5.152698
3arv,3arv_304,1.660,-0.524540,-5.571157
3arv,3arv_324,0.850,-0.901160,-5.594445
3arv,3arv_327,0.950,-0.859416,-5.491751
3arv,3arv_336,2.640,-1.367841,-5.224781
3arv,3arv_337,2.430,-0.802549,-5.813579
3arv,3arv_345,0.700,-0.982100,-5.015483
3arv,3arv_353,1.580,-0.469031,-4.771114
3arv,3arv_355,1.190,-0.873723,-4.979749
3arv,3arv_359,0.910,-1.004394,-5.584465
3arv,3arv_367,1.730,-0.798963,-5.162042
3arv,3arv_372,2.000,-0.771775,-5.101575
3arv,3arv_373,5.030,-1.681372,-5.541391
3arv,3arv_374,1.270,-0.798801,-5.876478
3arv,3arv_386,1.270,-0.684892,-4.939955
3arv,3arv_387,1.990,-0.698484,-4.846390
3arv,3arv_470,2.720,-2.335309,-6.093537
3arv,3arv_51,1.690,-0.568744,-5.288239
3arv,3arv_515,3.270,-0.971592,-4.998718
3arv,3arv_559,3.050,-2.753928,-5.567004
3arv,3arv_56,2.920,-1.749450,-4.905102
3arv,3arv_600,2.870,-2.728230,-5.693924
3arv,3arv_708,5.060,-4.827083,-5.187689
3arv,3arv_715,6.930,-4.655712,-6.796580
3arv,3arv_716,7.930,-5.123557,-4.503999
3arv,3arv_717,7.700,-5.036022,-5.901994
3arv,3arv_719,8.600,-6.830069,-6.210222
3arv,3arv_720,8.010,-5.068753,-5.823168
3arv,3arv_721,7.730,-6.466385,-5.322050
3arv,3arv_723,6.010,-5.939369,-5.614581
3arv,3arv_749,8.430,-6.797877,-5.481403
3arv,3arv_750,9.710,-8.091822,-5.453912
3arv,3arv_752,9.750,-8.315353,-4.278448
3arv,3arv_771,9.170,-7.765005,-5.711190
3arv,3arv_774,9.870,-8.217483,-5.914042
3arv,3arv_801,5.030,-3.410130,-5.350005
3arv,3arv_803,1.090,-1.198797,-4.877628
3arv,3arv_806,2.810,-0.815134,-5.324629
3arv,3arv_807,2.540,-0.868198,-5.759343
3arv,3arv_810,4.020,-3.929581,-5.059807
3arv,3arv_811,2.360,-2.334238,-4.618760
3arv,3arv_812,5.720,-6.166198,-5.629274
3arv,3arv_815,5.510,-4.449563,-5.255264
3arv,3arv_816,4.200,-3.918976,-5.399068
3arv,3arv_817,3.840,-3.375578,-5.194897
3arv,3arv_818,4.430,-4.480536,-5.655807
3arv,3arv_819,6.070,-6.538361,-5.627269
3arv,3arv_820,9.340,-7.791074,-5.717296
3arv,3arv_821,4.420,-3.973486,-6.194683
3arv,3arv_824,5.560,-6.372148,-5.413796
3arv,3arv_828,5.820,-4.122983,-5.139615
3arv,3arv_837,4.500,-3.282493,-5.630820
3arv,3arv_842,8.480,-6.305532,-4.788158
3arv,3arv_843,7.260,-7.456893,-5.085468
3arv,3arv_848,9.470,-6.793179,-5.222870
3arv,3arv_849,6.090,-4.162031,-5.672061
3arv,3arv_850,9.810,-8.380084,-4.902517
3arv,3arv_853,6.690,-6.153888,-5.838225
3arv,3arv_855,7.070,-4.203363,-4.934064
3arv,3arv_856,6.990,-5.671773,-6.163823
3arv,3arv_860,9.900,-8.357648,-6.163759
3arv,3arv_861,6.540,-7.393300,-5.422595
3arv,3arv_868,6.350,-4.976120,-6.176445
3arv,3arv_869,6.870,-4.719079,-4.641416
3arv,3arv_876,9.580,-7.518291,-5.064337
3arv,3arv_877,4.760,-4.351000,-6.046655
3arv,3arv_879,7.570,-7.135398,-4.748953
3arv,3arv_880,2.310,-2.521805,-4.809595
3arv,3arv_881,8.330,-7.747737,-5.864454
3arv,3arv_882,8.820,-6.301192,-5.172458
3arv,3arv_887,8.480,-8.242805,-5.327212
3arv,3arv_888,5.730,-5.072813,-5.237717
3arv,3arv_889,7.900,-6.407022,-5.268445
3arv,3arv_897,7.950,-6.112951,-5.826274
3arv,3arv_898,7.970,-8.023569,-5.132635
3arv,3arv_900,8.510,-7.193521,-5.577933
3arv,3arv_908,3.850,-2.531301,-5.851564
3arv,3arv_910,3.760,-2.649560,-4.737821
3arv,3arv_912,3.560,-1.645166,-5.343911
3arv,3arv_916,3.530,-1.073004,-4.814943
3arv,3arv_924,9.830,-8.316400,-5.961341
3arv,3arv_930,2.120,-2.072814,-5.701389
3arv,3arv_931,8.110,-7.074723,-6.687972
3arv,3arv_943,5.180,-4.504390,-5.683574
3arv,3arv_944,4.230,-1.641784,-4.299964
3arv,3arv_951,8.800,-7.950874,-4.523600
3arv,3arv_963,4.450,-1.363267,-4.786591
3arv,3arv_966,5.390,-3.861516,-4.916012
3arv,3arv_968,7.390,-6.355758,-5.019221
3arv,3arv_982,3.340,-3.094531,-5.626163
3arv,3arv_995,4.750,-4.750618,-5.549515
3ary,3ary_100,1.620,-0.443613,-2.302703
3ary,3ary_147,6.810,-3.759641,-1.717479
3ary,3ary_154,7.380,-3.797590,-2.476040
3ary,3ary_162,9.180,-7.522906,-3.301724
3ary,3ary_187,5.020,-2.590978,-2.832992
3ary,3ary_195,8.710,-8.040381,-2.649695
3ary,3ary_206,7.210,-6.722239,-3.577752
3ary,3ary_208,9.090,-7.488303,-3.842883
3ary,3ary_222,6.000,-6.838212,-1.969836
3ary,3ary_230,9.430,-8.132852,-3.739206
3ary,3ary_237,8.740,-7.450504,-2.371410
3ary,3ary_240,4.720,-6.060149,-2.851766
3ary,3ary_244,9.820,-8.319923,-4.304910
3ary,3ary_252,9.120,-8.167073,-3.274562
3ary,3ary_255,7.790,-7.206771,-3.412032
3ary,3ary_276,8.590,-8.255227,-4.163281
3ary,3ary_286,9.140,-8.191872,-3.882568
3ary,3ary_290,8.900,-7.295134,-3.282633
3ary,3ary_292,9.160,-7.735679,-3.799683
3ary,3ary_298,9.240,-7.865006,-3.802578
3ary,3ary_302,9.850,-8.156084,-5.471059
3ary,3ary_304,4.400,-2.400760,-2.309021
3ary,3ary_311,3.900,-1.953407,-2.728391
3ary,3ary_317,3.970,-1.954257,-2.901461
3ary,3ary_383,5.760,-2.204073,-2.837434
3ary,3ary_418,3.610,-3.536536,-2.984408
3ary,3ary_466,3.330,-3.069348,-2.437121
3ary,3ary_487,2.940,-2.320688,-2.389531
3ary,3ary_499,6.230,-6.752934,-2.856338
3ary,3ary_503,3.110,-2.406544,-2.086446
3ary,3ary_513,4.850,-4.708581,-3.219441
3ary,3ary_515,4.080,-4.312337,-2.068089
3ary,3ary_540,7.650,-7.151561,-3.718377
3ary,3ary_547,4.490,-2.880106,-2.221603
3ary,3ary_548,2.830,-1.875963,-1.969483
3ary,3ary_556,7.020,-6.293145,-2.366829
3ary,3ary_558,7.700,-6.887907,-2.853130
3ary,3ary_561,4.870,-4.700755,-2.406168
3ary,3ary_580,2.390,-2.147850,-2.824374
3ary,3ary_627,2.970,-3.552254,-2.260359
3ary,3ary_648,8.040,-7.955330,-3.396871
3ary,3ary_650,7.220,-7.044329,-2.756564
3ary,3ary_663,4.920,-3.063020,-2.678987
3ary,3ary_687,5.720,-5.834602,-2.589123
3ary,3ary_702,5.410,-1.937917,-2.963872
3ary,3ary_71,1.940,-0.846872,-2.652850
3ary,3ary_723,3.840,-3.342133,-2.016970
3ary,3ary_727,6.870,-1.731013,-2.544261
3ary,3ary_729,1.770,-0.978541,-1.943211
3ary,3ary_730,6.440,-0.737378,-1.854008
3ary,3ary_731,7.050,-4.649092,-2.359724
3ary,3ary_735,9.620,-5.101357,-2.709113
3ary,3ary_736,2.870,-2.302116,-1.982711
3ary,3ary_739,7.630,-2.852220,-2.326502
3ary,3ary_740,5.470,-2.386706,-2.790784
3ary,3ary_744,4.880,-4.641068,-2.085630
3ary,3ary_750,6.630,-3.489018,-1.945338
3ary,3ary_751,1.830,-1.055151,-1.771318
3ary,3ary_754,1.620,-1.364981,-2.535206
3ary,3ary_762,1.400,-0.912207,-2.192553
3ary,3ary_763,5.960,-2.865368,-1.997280
3ary,3ary_765,2.980,-2.110896,-2.102639
3ary,3ary_770,5.880,-2.529493,-2.696294
3ary,3ary_772,8.230,-3.339601,-2.581807
3ary,3ary_773,3.390,-3.405734,-2.182600
3ary,3ary_774,6.420,-4.730047,-2.167405
3ary,3ary_775,8.700,-5.595881,-3.633039
3ary,3ary_778,6.240,-4.360346,-3.244480
3ary,3ary_797,5.980,-2.859292,-2.296547
3ary,3ary_799,2.600,-1.195693,-2.294642
3ary,3ary_801,8.330,-7.760844,-3.636936
3ary,3ary_805,2.180,-0.584773,-1.720849
3ary,3ary_826,4.070,-4.056653,-2.536730
3ary,3ary_828,3.480,-0.687222,-2.302898
3ary,3ary_832,1.530,-0.985379,-2.257179
3ary,3ary_837,4.400,-1.483530,-2.061500
3ary,3ary_844,1.230,-1.071493,-2.205068
3ary,3ary_850,1.880,-1.478640,-2.309527
3ary,3ary_858,6.030,-1.251162,-2.162826
3ary,3ary_861,2.150,-1.640604,-2.267509
3ary,3ary_864,6.190,-5.500054,-2.123974
3ary,3ary_866,3.810,-1.025514,-1.852822
3ary,3ary_880,7.620,-5.609159,-1.576553
3ary,3ary_884,8.040,-7.683638,-2.490969
3ary,3ary_943,2.870,-1.779640,-2.353547
3ary,3ary_953,5.870,-3.234737,-1.902293
3ary,3ary_968,8.120,-3.657543,-2.292794
3ary,3ary_976,3.600,-2.845852,-2.353332
3ary,3ary_979,1.710,-1.082485,-2.024259
3ary,3ary_981,6.140,-4.406371,-2.491987
3b1m,3b1m_100,9.030,-8.155350,-3.825800
3b1m,3b1m_116,0.790,-0.818566,-3.048258
3b1m,3b1m_149,2.070,-0.983309,-3.179277
3b1m,3b1m_15,8.950,-8.031400,-3.503074
3b1m,3b1m_175,1.020,-1.283347,-3.000359
3b1m,3b1m_197,6.520,-5.530895,-3.346254
3b1m,3b1m_206,2.870,-3.059781,-3.199427
3b1m,3b1m_215,1.330,-0.886958,-3.314872
3b1m,3b1m_218,1.000,-1.092016,-2.852296
3b1m,3b1m_221,0.810,-1.007091,-3.075368
3b1m,3b1m_225,6.860,-3.947279,-2.912998
3b1m,3b1m_233,4.640,-5.345976,-3.821023
3b1m,3b1m_238,5.350,-6.266029,-4.584122
3b1m,3b1m_241,7.280,-7.692976,-3.731526
3b1m,3b1m_260,0.590,-0.513098,-3.057304
3b1m,3b1m_273,0.580,-0.580429,-2.982630
3b1m,3b1m_290,3.640,-3.418808,-3.322952
3b1m,3b1m_300,7.100,-3.911787,-3.128639
3b1m,3b1m_31,9.050,-7.942623,-3.577495
3b1m,3b1m_325,1.610,-1.467880,-3.005495
3b1m,3b1m_33,9.530,-8.343004,-3.771847
3b1m,3b1m_335,8.590,-8.060440,-3.796820
3b1m,3b1m_35,9.590,-8.327180,-3.947381
3b1m,3b1m_365,7.760,-5.520916,-3.581700
3b1m,3b1m_373,1.190,-2.193159,-3.105677
3b1m,3b1m_388,7.830,-6.864202,-4.071139
3b1m,3b1m_392,8.160,-7.402689,-3.936165
3b1m,3b1m_4,6.370,-7.281549,-4.165320
3b1m,3b1m_40,5.130,-4.539229,-3.557203
3b1m,3b1m_412,5.380,-1.975370,-3.498561
3b1m,3b1m_415,4.880,-3.534114,-3.689295
3b1m,3b1m_416,1.960,-1.336473,-3.380675
3b1m,3b1m_418,1.900,-2.312421,-3.281602
3b1m,3b1m_419,3.230,-1.459102,-3.370421
3b1m,3b1m_423,2.790,-1.732764,-2.808713
3b1m,3b1m_451,6.090,-3.593603,-3.723145
3b1m,3b1m_462,3.630,-2.486954,-3.531651
3b1m,3b1m_464,3.050,-2.501515,-3.417769
3b1m,3b1m_467,1.970,-2.472723,-3.167272
3b1m,3b1m_469,4.150,-5.616434,-3.477261
3b1m,3b1m_47,8.190,-7.343334,-3.626435
3b1m,3b1m_486,3.920,-5.034740,-4.216985
3b1m,3b1m_496,4.660,-5.562138,-3.946393
3b1m,3b1m_500,5.040,-4.449659,-3.513136
3b1m,3b1m_523,4.660,-5.307056,-3.949391
3b1m,3b1m_526,6.300,-5.598058,-3.958858
3b1m,3b1m_529,4.070,-2.942976,-3.462272
3b1m,3b1m_531,5.160,-4.794582,-3.830333
3b1m,3b1m_540,8.480,-8.291544,-4.486441
3b1m,3b1m_547,3.900,-3.372852,-3.201964
3b1m,3b1m_553,8.040,-8.233762,-4.219974
3b1m,3b1m_565,4.440,-4.972887,-3.256032
3b1m,3b1m_573,5.620,-5.936088,-3.969241
3b1m,3b1m_594,7.060,-5.653621,-3.879454
3b1m,3b1m_596,2.530,-3.405782,-3.987926
3b1m,3b1m_607,4.290,-5.146026,-3.405419
3b1m,3b1m_632,8.720,-8.062003,-3.989077
3b1m,3b1m_636,6.830,-7.904662,-3.644995
3b1m,3b1m_640,5.160,-4.570139,-3.203325
3b1m,3b1m_652,7.070,-5.455318,-4.506846
3b1m,3b1m_657,7.090,-5.272433,-3.865474
3b1m,3b1m_66,9.160,-8.112033,-3.743905
3b1m,3b1m_660,5.800,-6.919796,-4.326549
3b1m,3b1m_670,9.390,-8.226287,-5.198857
3b1m,3b1m_673,8.550,-8.064825,-3.921716
3b1m,3b1m_675,2.290,-3.097195,-3.238156
3b1m,3b1m_682,8.350,-6.362871,-3.507042
3b1m,3b1m_695,7.030,-7.956959,-3.851454
3b1m,3b1m_699,9.850,-8.411659,-4.344685
3b1m,3b1m_7,0.550,-0.992731,-3.215444
3b1m,3b1m_723,6.150,-4.889988,-3.671021
3b1m,3b1m_724,4.170,-5.325468,-3.287300
3b1m,3b1m_736,2.450,-2.723509,-3.185312
3b1m,3b1m_743,6.260,-6.064649,-3.304150
3b1m,3b1m_750,7.520,-8.263695,-3.688504
3b1m,3b1m_755,5.370,-5.644516,-3.539330
3b1m,3b1m_761,5.810,-4.862192,-3.635761
3b1m,3b1m_765,3.040,-3.336095,-3.274809
3b1m,3b1m_770,9.390,-8.353688,-4.171259
3b1m,3b1m_774,3.460,-3.059333,-3.086080
3b1m,3b1m_775,3.820,-4.283131,-3.182868
3b1m,3b1m_777,6.750,-1.901403,-2.850429
3b1m,3b1m_778,2.920,-2.602700,-3.330829
3b1m,3b1m_789,8.750,-8.367070,-3.813707
3b1m,3b1m_790,7.750,-5.687777,-3.358465
3b1m,3b1m_795,6.750,-2.342979,-2.929388
3b1m,3b1m_804,0.720,-1.172011,-3.018487
3b1m,3b1m_820,1.980,-1.584512,-3.060692
3b1m,3b1m_830,4.120,-3.934956,-2.953321
3b1m,3b1m_852,3.210,-3.233080,-3.278269
3b1m,3b1m_873,1.640,-1.383065,-3.374018
3b1m,3b1m_90,9.470,-8.271616,-4.177285
3b1m,3b1m_905,0.620,-0.959618,-2.687305
3b1m,3b1m_913,0.850,-1.062212,-3.049377
3b1m,3b1m_931,2.730,-3.294806,-3.285424
3b1m,3b1m_949,1.940,-1.171691,-2.924334
3b1m,3b1m_953,0.700,-1.066115,-2.849420
3b1m,3b1m_963,2.530,-2.847293,-3.292212
3b1m,3b1m_969,2.070,-1.734046,-3.025864
3b1m,3b1m_98,9.570,-6.703090,-3.486947
3b27,3b27_106,0.640,-0.453740,-1.946002
3b27,3b27_110,6.110,-5.706348,-1.585394
3b27,3b27_119,5.950,-5.502854,-1.539586
3b27,3b27_120,4.420,-2.944046,-2.204101
3b27,3b27_123,6.660,-5.834416,-2.918797
3b27,3b27_130,2.970,-0.852478,-1.798144
3b27,3b27_139,0.450,-0.338759,-1.928200
3b27,3b27_147,4.010,-3.365766,-2.068106
3b27,3b27_164,0.960,-0.675128,-1.114092
3b27,3b27_168,2.880,-0.702130,-1.800295
3b27,3b27_178,0.880,-0.610407,-1.431146
3b27,3b27_19,2.290,-0.619072,-1.341654
3b27,3b27_199,3.020,-0.852328,-1.916188
3b27,3b27_264,1.160,-0.556172,-1.149373
3b27,3b27_307,0.240,-0.235185,-1.930390
3b27,3b27_311,3.980,-0.400631,-1.465255
3b27,3b27_337,2.590,-0.292236,-1.658348
3b27,3b27_340,0.900,-0.711442,-2.211933
3b27,3b27_351,1.530,-0.446110,-1.268081
3b27,3b27_366,0.380,-0.238551,-1.374759
3b27,3b27_414,6.020,-5.124689,-2.304715
3b27,3b27_417,5.440,-3.112616,-1.641209
3b27,3b27_419,6.300,-5.545304,-2.395801
3b27,3b27_423,5.920,-5.434052,-2.050072
3b27,3b27_431,1.970,-0.724972,-1.700727
3b27,3b27_433,5.130,-3.110471,-1.525126
3b27,3b27_436,2.710,-1.019816,-1.764349
3b27,3b27_439,4.080,-3.102485,-2.418387
3b27,3b27_450,3.730,-1.671901,-1.989667
3b27,3b27_457,6.390,-5.257229,-2.378474
3b27,3b27_458,1.940,-0.926930,-1.484657
3b27,3b27_469,3.650,-1.340330,-1.803005
3b27,3b27_474,5.800,-4.203557,-2.282111
3b27,3b27_487,6.180,-5.028728,-2.287528
3b27,3b27_488,5.030,-2.619988,-2.374142
3b27,3b27_500,2.300,-1.368955,-1.669991
3b27,3b27_505,1.540,-0.763485,-1.989873
3b27,3b27_515,1.770,-0.800698,-1.539884
3b27,3b27_520,1.700,-1.317508,-2.488696
3b27,3b27_521,0.680,-0.837198,-2.281620
3b27,3b27_532,3.550,-1.305261,-2.098491
3b27,3b27_537,4.460,-1.154929,-1.901568
3b27,3b27_538,0.710,-0.734097,-1.169841
3b27,3b27_540,5.680,-4.433278,-1.814075
3b27,3b27_560,1.700,-1.265636,-2.022633
3b27,3b27_566,3.190,-2.076592,-2.305189
3b27,3b27_577,5.160,-3.444267,-2.247888
3b27,3b27_581,2.820,-1.636655,-1.738989
3b27,3b27_587,6.540,-5.748866,-2.762074
3b27,3b27_588,2.820,-2.129710,-2.296571
3b27,3b27_590,6.060,-4.878812,-2.010848
3b27,3b27_591,3.420,-1.607606,-1.502107
3b27,3b27_601,2.030,-1.189915,-1.817460
3b27,3b27_618,6.150,-4.875804,-2.246868
3b27,3b27_619,3.320,-1.814733,-2.070794
3b27,3b27_630,6.220,-5.496360,-2.124938
3b27,3b27_634,4.490,-1.520149,-1.618888
3b27,3b27_647,4.420,-1.216651,-1.887969
3b27,3b27_651,4.290,-0.901270,-1.483277
3b27,3b27_658,3.630,-0.550891,-2.252563
3b27,3b27_661,4.390,-1.572505,-1.491851
3b27,3b27_665,1.570,-1.519239,-1.682137
3b27,3b27_690,2.590,-2.151194,-2.406747
3b27,3b27_692,7.180,-5.949497,-2.883908
3b27,3b27_697,1.990,-0.659856,-2.035757
3b27,3b27_741,4.240,-2.891121,-2.413009
3b27,3b27_77,4.080,-1.863577,-2.214619
3b27,3b27_775,5.040,-2.647102,-2.333746
3b27,3b27_782,5.290,-3.238224,-2.692690
3b27,3b27_8,3.120,-1.884431,-2.050205
3b27,3b27_83,0.680,-0.461624,-1.194758
3b5r,3b5r_161,1.940,-0.709707,-1.420013
3b5r,3b5r_217,1.230,-0.670575,-1.391570
3b5r,3b5r_219,0.950,-0.561176,-1.432534
3b5r,3b5r_220,0.760,-0.412143,-1.282460
3b5r,3b5r_228,1.280,-0.788569,-1.747893
3b5r,3b5r_260,0.860,-0.629401,-1.090955
3b5r,3b5r_267,1.340,-0.865666,-1.633078
3b5r,3b5r_283,1.010,-0.561664,-1.391811
3b5r,3b5r_317,0.600,-0.385661,-1.522295
3b5r,3b5r_331,0.590,-0.634207,-1.473267
3b5r,3b5r_354,0.530,-0.464903,-1.509184
3b5r,3b5r_363,0.980,-0.674639,-1.124972
3b5r,3b5r_409,1.330,-1.201940,-1.463963
3b5r,3b5r_413,5.440,-2.070164,-1.945020
3b5r,3b5r_428,1.790,-1.536637,-1.446776
3b5r,3b5r_432,1.460,-1.059031,-1.164021
3b5r,3b5r_443,4.990,-1.701171,-1.454620
3b5r,3b5r_465,2.860,-1.988630,-1.832942
3b5r,3b5r_468,5.290,-2.179370,-2.121975
3b5r,3b5r_470,2.390,-1.798450,-1.313411
3b5r,3b5r_472,2.070,-1.990698,-1.644583
3b5r,3b5r_477,2.320,-1.330890,-1.512917
3b5r,3b5r_486,5.360,-2.352474,-2.100517
3b5r,3b5r_527,2.290,-0.982004,-1.764841
3b5r,3b5r_531,5.380,-1.683314,-1.462092
3b5r,3b5r_537,4.740,-4.264510,-2.053112
3b5r,3b5r_55,0.680,-0.473728,-1.357578
3b5r,3b5r_550,5.750,-2.334664,-1.320612
3b5r,3b5r_557,1.730,-1.258681,-1.511351
3b5r,3b5r_568,4.840,-2.552936,-1.704262
3b5r,3b5r_571,4.970,-1.715017,-1.621759
3b5r,3b5r_574,5.320,-2.088663,-1.378757
3b5r,3b5r_575,5.000,-1.689852,-1.251738
3b5r,3b5r_578,3.640,-2.050311,-1.984808
3b5r,3b5r_581,3.070,-1.811441,-1.715931
3b5r,3b5r_592,5.850,-2.890174,-1.769470
3b5r,3b5r_615,2.990,-2.462872,-1.947799
3b5r,3b5r_620,3.550,-2.095385,-1.392215
3b5r,3b5r_625,6.010,-4.139188,-1.727230
3b5r,3b5r_627,2.440,-1.691042,-1.698364
3b5r,3b5r_646,4.260,-1.918895,-1.909599
3b5r,3b5r_648,5.290,-1.357690,-1.331917
3b5r,3b5r_649,4.030,-2.742049,-1.344396
3b5r,3b5r_652,2.400,-1.537188,-1.801143
3b5r,3b5r_656,2.400,-1.706250,-1.862737
3b5r,3b5r_658,3.730,-2.294035,-2.498684
3b5r,3b5r_659,6.180,-2.532993,-1.515589
3b5r,3b5r_666,6.310,-2.940661,-2.002308
3b5r,3b5r_668,5.170,-2.106397,-1.663651
3b5r,3b5r_669,1.870,-1.239105,-1.917325
3b5r,3b5r_678,3.310,-1.806946,-1.695009
3b5r,3b5r_680,6.010,-2.304991,-1.818143
3b5r,3b5r_683,5.050,-3.694785,-1.741511
3b5r,3b5r_697,3.850,-1.928510,-1.568749
3b5r,3b5r_763,2.260,-0.950509,-1.542248
3b5r,3b5r_770,4.130,-3.150082,-1.966912
3b5r,3b5r_772,3.960,-4.434567,-1.509842
3b5r,3b5r_776,3.750,-2.477819,-2.261585
3b5r,3b5r_781,3.210,-2.452957,-1.932250
3b5r,3b5r_789,4.140,-1.925024,-1.321412
3b5r,3b5r_792,4.220,-3.106605,-1.739215
3b5r,3b5r_796,3.690,-3.610429,-1.741590
3b5r,3b5r_911,1.000,-0.929030,-1.756463
3b5r,3b5r_969,0.590,-0.389170,-1.635084
3b65,3b65_109,0.740,-0.802568,-1.582731
3b65,3b65_218,0.770,-0.349084,-1.411184
3b65,3b65_240,0.650,-0.293598,-1.330441
3b65,3b65_248,0.580,-0.334017,-1.692928
3b65,3b65_267,0.700,-0.311766,-1.597177
3b65,3b65_288,0.620,-0.211802,-1.606643
3b65,3b65_367,0.450,-0.235125,-1.280647
3b65,3b65_424,2.540,-0.945394,-2.079392
3b65,3b65_433,3.320,-1.977352,-1.827694
3b65,3b65_458,1.890,-1.748190,-1.885037
3b65,3b65_469,1.760,-1.259871,-1.797870
3b65,3b65_473,1.960,-1.886641,-1.773464
3b65,3b65_486,3.300,-1.568535,-1.889132
3b65,3b65_488,3.290,-1.920144,-2.119353
3b65,3b65_493,2.060,-1.076931,-2.173513
3b65,3b65_496,5.630,-4.036933,-2.617938
3b65,3b65_508,1.820,-1.555296,-1.842682
3b65,3b65_509,3.100,-1.540843,-1.192979
3b65,3b65_516,1.590,-1.382056,-1.548202
3b65,3b65_531,1.670,-0.773262,-1.589999
3b65,3b65_533,3.170,-1.800121,-1.898307
3b65,3b65_536,3.320,-1.434793,-1.521006
3b65,3b65_538,2.390,-1.981201,-1.698550
3b65,3b65_542,3.380,-1.760907,-1.492931
3b65,3b65_559,2.050,-2.439925,-2.384411
3b65,3b65_572,1.410,-1.381609,-1.860619
3b65,3b65_584,1.180,-1.186194,-1.729885
3b65,3b65_590,1.250,-0.767629,-2.309900
3b65,3b65_596,3.120,-0.960732,-2.186852
3b65,3b65_611,3.360,-1.792424,-2.817991
3b65,3b65_625,2.350,-1.978965,-1.583653
3b65,3b65_630,2.830,-1.542155,-2.125023
3b65,3b65_635,2.990,-1.470672,-1.880114
3b65,3b65_639,3.800,-2.715558,-1.441775
3b65,3b65_665,1.940,-1.182238,-1.873568
3b65,3b65_666,2.870,-1.897880,-1.950944
3b65,3b65_668,2.120,-1.374866,-1.714359
3b65,3b65_686,2.070,-1.605327,-1.722099
3b65,3b65_735,0.840,-0.434774,-1.894667
3b65,3b65_77,0.890,-0.166343,-1.487114
3b65,3b65_96,0.330,-0.211730,-1.178751
3b68,3b68_121,0.710,-0.395579,-1.270716
3b68,3b68_126,1.000,-0.593538,-1.205736
3b68,3b68_192,0.820,-1.040012,-1.637998
3b68,3b68_228,1.510,-0.832152,-1.206603
3b68,3b68_269,1.860,-0.423353,-1.364438
3b68,3b68_291,0.900,-0.464527,-1.217683
3b68,3b68_304,0.870,-0.346216,-1.348435
3b68,3b68_405,1.990,-1.726213,-1.567160
3b68,3b68_410,2.220,-2.129869,-0.871929
3b68,3b68_418,4.500,-2.154049,-1.728162
3b68,3b68_423,2.710,-1.576704,-1.423523
3b68,3b68_430,1.970,-1.569703,-1.332906
3b68,3b68_438,3.020,-1.969231,-2.030020
3b68,3b68_439,4.760,-1.616887,-1.956834
3b68,3b68_441,1.870,-1.715416,-1.776138
3b68,3b68_446,2.120,-1.080760,-1.844084
3b68,3b68_459,4.960,-1.380778,-1.525254
3b68,3b68_467,4.940,-2.021051,-1.578559
3b68,3b68_475,4.890,-2.404134,-1.587774
3b68,3b68_484,2.340,-1.890470,-1.315332
3b68,3b68_549,2.270,-2.272987,-1.425769
3b68,3b68_558,5.040,-2.826636,-1.687006
3b68,3b68_564,5.190,-2.117620,-2.304048
3b68,3b68_573,5.390,-2.284786,-1.395914
3b68,3b68_574,4.880,-1.543074,-1.837499
3b68,3b68_580,5.580,-1.786633,-1.672887
3b68,3b68_591,5.160,-2.120943,-1.506157
3b68,3b68_605,4.840,-1.615190,-1.949373
3b68,3b68_626,5.260,-1.485740,-1.212214
3b68,3b68_627,3.440,-2.067300,-1.919900
3b68,3b68_644,3.190,-1.582806,-1.328338
3b68,3b68_665,3.100,-1.528624,-1.112541
3b68,3b68_678,5.120,-1.481371,-1.588600
3b68,3b68_683,4.860,-1.821695,-1.485090
3b68,3b68_685,5.270,-1.787021,-1.561021
3b68,3b68_686,2.210,-1.264715,-1.451289
3b68,3b68_687,2.390,-2.138307,-1.556762
3b68,3b68_696,3.110,-1.980740,-1.309746
3b68,3b68_714,0.990,-0.286303,-1.429747
3b68,3b68_753,0.980,-0.502176,-1.148837
3b68,3b68_756,1.240,-0.466908,-1.273252
3b68,3b68_763,1.220,-0.300702,-1.291281
3b68,3b68_772,4.390,-3.645480,-2.204000
3b68,3b68_774,4.590,-3.768881,-1.361332
3b68,3b68_776,5.950,-4.163560,-1.435646
3b68,3b68_778,3.790,-2.214465,-2.239724
3b68,3b68_779,6.070,-4.506111,-1.872019
3b68,3b68_780,6.160,-5.542781,-1.745076
3b68,3b68_781,5.600,-4.562587,-2.361970
3b68,3b68_782,6.170,-5.660633,-2.005207
3b68,3b68_783,6.070,-5.339721,-1.639883
3b68,3b68_784,2.840,-2.083556,-1.722377
3b68,3b68_865,1.250,-0.404641,-1.495576
3b68,3b68_884,2.090,-0.670042,-1.745603
3b68,3b68_904,0.930,-0.339552,-1.633768
3b68,3b68_922,1.060,-0.653278,-1.292907
3b68,3b68_947,0.490,-0.344414,-1.387878
3b68,3b68_962,1.510,-0.857838,-1.561631
3b68,3b68_965,2.090,-0.961773,-1.405014
3b68,3b68_99,0.850,-0.581269,-1.241496
3bgz,3bgz_115,3.560,-1.018548,-3.515663
3bgz,3bgz_138,3.730,-1.524014,-3.325577
3bgz,3bgz_166,0.450,-0.357693,-3.267553
3bgz,3bgz_289,0.370,-0.509606,-3.517618
3bgz,3bgz_303,0.830,-0.558985,-3.206730
3bgz,3bgz_37,0.560,-0.554097,-3.395526
3bgz,3bgz_401,3.320,-3.085595,-4.184261
3bgz,3bgz_415,1.520,-0.830349,-3.008519
3bgz,3bgz_418,4.300,-3.487710,-4.454138
3bgz,3bgz_422,4.130,-3.934573,-4.090991
3bgz,3bgz_424,3.680,-3.286613,-4.119933
3bgz,3bgz_434,4.060,-1.426966,-3.971732
3bgz,3bgz_437,2.780,-1.436590,-3.903843
3bgz,3bgz_440,2.790,-2.128119,-3.686546
3bgz,3bgz_446,2.540,-0.951399,-3.754672
3bgz,3bgz_451,2.250,-1.455573,-3.867411
3bgz,3bgz_452,3.080,-1.417193,-3.494134
3bgz,3bgz_456,2.330,-1.988603,-4.385448
3bgz,3bgz_464,3.970,-1.205009,-3.552078
3bgz,3bgz_465,1.000,-0.689551,-3.779535
3bgz,3bgz_472,1.940,-0.486724,-3.668519
3bgz,3bgz_479,4.060,-1.730069,-4.128577
3bgz,3bgz_486,2.940,-1.245665,-3.471901
3bgz,3bgz_501,0.920,-0.635371,-3.437234
3bgz,3bgz_505,1.400,-1.007254,-3.327286
3bgz,3bgz_51,0.740,-0.652432,-3.760499
3bgz,3bgz_533,6.010,-5.774498,-3.794217
3bgz,3bgz_536,4.180,-2.147743,-4.291704
3bgz,3bgz_538,6.320,-5.443054,-3.444745
3bgz,3bgz_540,5.080,-3.446357,-4.318883
3bgz,3bgz_549,6.160,-6.016332,-4.182267
3bgz,3bgz_551,3.760,-1.711521,-3.263999
3bgz,3bgz_571,6.450,-6.511360,-5.245621
3bgz,3bgz_578,5.200,-5.262338,-4.199421
3bgz,3bgz_580,2.300,-1.134940,-3.444139
3bgz,3bgz_586,3.410,-2.974557,-4.008555
3bgz,3bgz_590,6.060,-4.930472,-2.906193
3bgz,3bgz_593,4.740,-2.918687,-3.703971
3bgz,3bgz_596,4.130,-3.643541,-3.185097
3bgz,3bgz_600,4.430,-3.804923,-3.847331
3bgz,3bgz_601,1.530,-1.337460,-2.975698
3bgz,3bgz_606,2.160,-1.963657,-3.473575
3bgz,3bgz_611,5.230,-5.870394,-3.589984
3bgz,3bgz_621,1.050,-1.246100,-3.606461
3bgz,3bgz_626,1.860,-1.252790,-4.028797
3bgz,3bgz_628,3.300,-2.389373,-3.838730
3bgz,3bgz_637,1.850,-1.576531,-3.000160
3bgz,3bgz_643,1.850,-0.745948,-3.657385
3bgz,3bgz_653,1.480,-0.522784,-2.879991
3bgz,3bgz_687,2.100,-1.113193,-3.273749
3bgz,3bgz_689,5.920,-5.625427,-4.397847
3bgz,3bgz_694,4.120,-3.310257,-4.316764
3bgz,3bgz_697,2.740,-1.131018,-3.477413
3bgz,3bgz_740,5.360,-3.498521,-3.574894
3bgz,3bgz_766,5.320,-5.042058,-3.842994
3bgz,3bgz_779,5.180,-4.083546,-4.207637
3bgz,3bgz_784,5.650,-4.097832,-3.154223
3bgz,3bgz_791,5.640,-4.361007,-3.223430
3bgz,3bgz_795,4.500,-2.812683,-3.682185
3bgz,3bgz_796,5.390,-4.007986,-3.234067
3bgz,3bgz_81,0.440,-0.263542,-3.339277
3bgz,3bgz_844,0.590,-0.477494,-3.610449
3bgz,3bgz_90,3.190,-0.723184,-3.802255
3bgz,3bgz_97,0.230,-0.277749,-3.193369
3bgz,3bgz_998,1.880,-0.392030,-3.009732
3bv9,3bv9_118,9.100,-8.438231,-2.885328
3bv9,3bv9_119,7.110,-8.374827,-3.193313
3bv9,3bv9_120,1.900,-8.366232,-3.542454
3bv9,3bv9_124,1.880,-8.364618,-3.372189
3bv9,3bv9_13,3.300,-8.392056,-4.148086
3bv9,3bv9_133,6.700,-8.328826,-3.414335
3bv9,3bv9_134,7.480,-8.378539,-3.375599
3bv9,3bv9_137,1.820,-8.370543,-3.213711
3bv9,3bv9_141,9.180,-8.367015,-3.058826
3bv9,3bv9_148,5.520,-8.398011,-4.091113
3bv9,3bv9_15,7.020,-8.384744,-3.516903
3bv9,3bv9_156,8.010,-8.409393,-3.369815
3bv9,3bv9_166,7.590,-8.314179,-4.075003
3bv9,3bv9_167,6.540,-8.363555,-3.382872
3bv9,3bv9_190,8.510,-8.340134,-3.297558
3bv9,3bv9_195,0.700,-8.372926,-3.308279
3bv9,3bv9_204,2.880,-8.373173,-3.896968
3bv9,3bv9_227,9.950,-8.383952,-4.238439
3bv9,3bv9_231,9.720,-8.235051,-4.076667
3bv9,3bv9_233,5.540,-8.278474,-3.767796
3bv9,3bv9_239,8.980,-8.321818,-3.433617
3bv9,3bv9_240,6.140,-8.279064,-3.172815
3bv9,3bv9_244,6.470,-8.258850,-3.664942
3bv9,3bv9_25,7.530,-8.407032,-2.700394
3bv9,3bv9_264,4.990,-8.379355,-4.092816
3bv9,3bv9_271,5.470,-8.351656,-3.423422
3bv9,3bv9_277,8.060,-8.353340,-3.346853
3bv9,3bv9_279,8.310,-8.395980,-3.736657
3bv9,3bv9_298,2.930,-8.332152,-3.464072
3bv9,3bv9_308,1.350,-8.380947,-3.417530
3bv9,3bv9_317,1.490,-8.371719,-3.335187
3bv9,3bv9_324,9.030,-8.422103,-3.153852
3bv9,3bv9_325,0.880,-8.365499,-3.532419
3bv9,3bv9_326,4.360,-8.372339,-3.600665
3bv9,3bv9_332,2.720,-8.356913,-3.225875
3bv9,3bv9_339,1.860,-8.382500,-3.658968
3bv9,3bv9_345,1.520,-8.386698,-3.420689
3bv9,3bv9_35,2.280,-8.384601,-3.353062
3bv9,3bv9_353,1.940,-8.345202,-3.599538
3bv9,3bv9_370,8.160,-8.328156,-3.248577
3bv9,3bv9_384,9.220,-8.363385,-3.020621
3bv9,3bv9_388,0.940,-8.376651,-3.416878
3bv9,3bv9_392,2.070,-8.387370,-3.294723
3bv9,3bv9_393,5.820,-8.296322,-3.562382
3bv9,3bv9_40,1.920,-8.381680,-3.245907
3bv9,3bv9_441,4.620,-8.306061,-3.547878
3bv9,3bv9_444,2.890,-8.342802,-3.731712
3bv9,3bv9_456,9.090,-8.090395,-3.345365
3bv9,3bv9_460,7.040,-8.050107,-3.985299
3bv9,3bv9_50,2.710,-8.379457,-3.751100
3bv9,3bv9_53,9.160,-8.413334,-2.996522
3bv9,3bv9_533,4.160,-8.376884,-4.070268
3bv9,3bv9_550,8.040,-8.409860,-3.230695
3bv9,3bv9_582,9.220,-7.429235,-3.012733
3bv9,3bv9_589,8.050,-8.110308,-2.965483
3bv9,3bv9_597,7.690,-8.178123,-3.471587
3bv9,3bv9_618,8.000,-8.120504,-3.927185
3bv9,3bv9_667,3.870,-8.315631,-3.610014
3bv9,3bv9_684,9.220,-7.500327,-3.126878
3bv9,3bv9_688,7.950,-8.290076,-2.844252
3bv9,3bv9_693,8.420,-8.110594,-3.018218
3bv9,3bv9_71,0.870,-8.376136,-3.466727
3bv9,3bv9_743,4.020,-8.348857,-3.791164
3bv9,3bv9_751,2.790,-8.370958,-3.734892
3bv9,3bv9_752,3.640,-8.360185,-3.510019
3bv9,3bv9_754,5.730,-8.412571,-4.178122
3bv9,3bv9_756,3.910,-8.318990,-3.851642
3bv9,3bv9_757,4.250,-8.369930,-3.783239
3bv9,3bv9_762,2.120,-8.365599,-3.734586
3bv9,3bv9_767,5.610,-8.396453,-3.543130
3bv9,3bv9_770,3.940,-8.358323,-3.635988
3bv9,3bv9_771,4.440,-8.322606,-3.391538
3bv9,3bv9_779,3.600,-8.367027,-4.001338
3bv9,3bv9_780,5.250,-8.361359,-3.911135
3bv9,3bv9_783,4.470,-8.315602,-4.114997
3bv9,3bv9_784,5.500,-8.313526,-3.810387
3bv9,3bv9_787,7.240,-8.376033,-3.470162
3bv9,3bv9_788,6.980,-8.226791,-3.253086
3bv9,3bv9_804,3.830,-8.361780,-3.592192
3bv9,3bv9_812,3.770,-8.378416,-3.775443
3bv9,3bv9_836,6.100,-8.327679,-3.957970
3bv9,3bv9_851,6.370,-8.243023,-3.350792
3bv9,3bv9_865,3.980,-8.374069,-3.761699
3bv9,3bv9_88,8.130,-8.350876,-2.975085
3bv9,3bv9_888,6.330,-8.343421,-3.409348
3bv9,3bv9_92,1.560,-8.363123,-3.893835
3bv9,3bv9_949,6.240,-8.334396,-3.960726
3bv9,3bv9_951,5.680,-8.354385,-3.140881
3bv9,3bv9_954,4.720,-8.361927,-3.674981
3bv9,3bv9_968,4.330,-8.332694,-3.682136
3bv9,3bv9_971,4.000,-8.377666,-3.680081
3bv9,3bv9_976,6.900,-8.351004,-3.638692
3bv9,3bv9_98,2.880,-8.401167,-3.485319
3bv9,3bv9_987,5.520,-8.412726,-3.518167
3cj4,3cj4_115,0.980,-0.731600,-2.577598
3cj4,3cj4_125,0.950,-1.040693,-2.486864
3cj4,3cj4_128,1.060,-0.771523,-2.549851
3cj4,3cj4_137,4.920,-1.137909,-2.070755
3cj4,3cj4_140,1.310,-1.055755,-1.972101
3cj4,3cj4_157,1.180,-1.518540,-2.800099
3cj4,3cj4_164,0.700,-0.667087,-1.890046
3cj4,3cj4_166,0.500,-1.142594,-1.913492
3cj4,3cj4_168,1.280,-0.603372,-1.936665
3cj4,3cj4_179,0.760,-0.950802,-1.952636
3cj4,3cj4_206,6.980,-5.134020,-2.143531
3cj4,3cj4_233,5.370,-5.621309,-2.070491
3cj4,3cj4_235,2.820,-2.000862,-1.917415
3cj4,3cj4_239,0.570,-0.969424,-2.122239
3cj4,3cj4_273,7.440,-6.375971,-1.822461
3cj4,3cj4_294,2.210,-1.770273,-2.355525
3cj4,3cj4_30,1.650,-0.915140,-2.282415
3cj4,3cj4_324,8.210,-7.618705,-2.746940
3cj4,3cj4_331,5.200,-2.325145,-1.900117
3cj4,3cj4_333,6.520,-6.399163,-2.454650
3cj4,3cj4_338,0.640,-0.681373,-1.839319
3cj4,3cj4_367,5.880,-6.014222,-2.691498
3cj4,3cj4_384,0.820,-0.660418,-2.238361
3cj4,3cj4_391,0.860,-0.905282,-1.619505
3cj4,3cj4_40,6.020,-2.323530,-1.970229
3cj4,3cj4_407,7.980,-7.053883,-2.089859
3cj4,3cj4_41,6.220,-5.404412,-2.836946
3cj4,3cj4_42,1.890,-1.463000,-2.462704
3cj4,3cj4_43,2.200,-1.548233,-2.161316
3cj4,3cj4_449,4.930,-4.119665,-2.671992
3cj4,3cj4_50,4.750,-4.980460,-2.905869
3cj4,3cj4_501,2.770,-2.332285,-2.278009
3cj4,3cj4_509,2.980,-2.827479,-2.233697
3cj4,3cj4_528,8.470,-7.991523,-2.640319
3cj4,3cj4_532,7.110,-6.965258,-2.706038
3cj4,3cj4_536,3.870,-3.530285,-3.053393
3cj4,3cj4_542,3.250,-2.077007,-1.987796
3cj4,3cj4_545,7.590,-8.100083,-2.618645
3cj4,3cj4_549,3.210,-1.549332,-1.947114
3cj4,3cj4_55,7.810,-7.887262,-2.306618
3cj4,3cj4_557,7.760,-6.464131,-2.231084
3cj4,3cj4_558,7.020,-6.985150,-2.948078
3cj4,3cj4_560,3.220,-2.158766,-2.268727
3cj4,3cj4_573,5.090,-5.511745,-2.445799
3cj4,3cj4_574,7.000,-5.703740,-2.991482
3cj4,3cj4_576,7.570,-5.516483,-2.864083
3cj4,3cj4_577,7.240,-6.412010,-2.332750
3cj4,3cj4_58,3.210,-3.213403,-3.127443
3cj4,3cj4_582,4.660,-3.623593,-2.852050
3cj4,3cj4_585,2.740,-3.434797,-3.253218
3cj4,3cj4_587,2.190,-1.861915,-1.953950
3cj4,3cj4_588,4.580,-5.224392,-2.700947
3cj4,3cj4_591,2.680,-2.874382,-2.321225
3cj4,3cj4_597,8.700,-8.336958,-2.577930
3cj4,3cj4_600,4.850,-3.250989,-2.073309
3cj4,3cj4_604,6.260,-6.068378,-2.001103
3cj4,3cj4_610,4.240,-4.418548,-2.764438
3cj4,3cj4_614,3.720,-3.157507,-2.772231
3cj4,3cj4_619,3.790,-4.163416,-2.079131
3cj4,3cj4_622,5.010,-2.000599,-2.473130
3cj4,3cj4_634,7.540,-6.876806,-2.735398
3cj4,3cj4_647,4.520,-4.883877,-2.802523
3cj4,3cj4_672,3.120,-2.399207,-2.408986
3cj4,3cj4_676,3.350,-3.432199,-2.309447
3cj4,3cj4_687,3.690,-3.634414,-2.396997
3cj4,3cj4_742,1.500,-1.418332,-1.797287
3cj4,3cj4_746,2.060,-1.370859,-2.076681
3cj4,3cj4_762,5.000,-1.510605,-1.886067
3cj4,3cj4_768,6.030,-2.937128,-2.137941
3cj4,3cj4_775,5.470,-3.170652,-2.008056
3cj4,3cj4_780,5.480,-1.979350,-2.143845
3cj4,3cj4_781,6.240,-3.561360,-2.031998
3cj4,3cj4_782,5.940,-3.190098,-2.258103
3cj4,3cj4_786,2.670,-2.260847,-2.472185
3cj4,3cj4_788,6.150,-2.700598,-2.335774
3cj4,3cj4_8,4.930,-2.634861,-2.465995
3cj4,3cj4_812,1.950,-1.170664,-1.996105
3cj4,3cj4_84,5.130,-2.300117,-2.364807
3cj4,3cj4_866,0.930,-1.288910,-1.462317
3cj4,3cj4_87,6.670,-6.569987,-1.963151
3cj4,3cj4_878,1.920,-1.265657,-1.705712
3cj4,3cj4_88,8.460,-8.225899,-2.088175
3cj4,3cj4_93,5.110,-5.321261,-2.574712
3cj4,3cj4_987,1.490,-0.779559,-1.659838
3coy,3coy_110,6.640,-5.405405,-5.704625
3coy,3coy_120,8.180,-6.666747,-5.837407
3coy,3coy_156,9.130,-6.145813,-6.207521
3coy,3coy_158,4.120,-4.490936,-5.993871
3coy,3coy_16,0.930,-0.372052,-5.162783
3coy,3coy_163,5.910,-4.068819,-5.897633
3coy,3coy_168,7.990,-7.489421,-5.546787
3coy,3coy_185,7.120,-6.862517,-6.496300
3coy,3coy_189,6.160,-4.749364,-5.812465
3coy,3coy_215,3.370,-2.709353,-5.577918
3coy,3coy_224,0.480,-0.426303,-5.802126
3coy,3coy_235,0.730,-0.534450,-5.192681
3coy,3coy_252,0.930,-0.664893,-5.588769
3coy,3coy_254,0.620,-0.573105,-5.130492
3coy,3coy_258,2.900,-1.009359,-5.356916
3coy,3coy_262,2.760,-2.046310,-5.815232
3coy,3coy_276,9.420,-5.890033,-6.405250
3coy,3coy_280,1.350,-0.769391,-5.420420
3coy,3coy_291,2.650,-0.908512,-4.686364
3coy,3coy_293,5.440,-3.815595,-5.641081
3coy,3coy_305,9.990,-7.474496,-6.814054
3coy,3coy_31,0.500,-0.731264,-5.561268
3coy,3coy_339,6.850,-6.154500,-6.380893
3coy,3coy_347,8.000,-5.417952,-6.509338
3coy,3coy_355,3.290,-2.198289,-5.343428
3coy,3coy_359,6.260,-3.726038,-5.772379
3coy,3coy_373,8.580,-5.975700,-7.161457
3coy,3coy_384,0.260,-0.416917,-5.720615
3coy,3coy_395,0.590,-0.586080,-5.860413
3coy,3coy_4,1.500,-0.839841,-5.116919
3coy,3coy_400,8.240,-5.956375,-6.378825
3coy,3coy_416,1.590,-1.025909,-5.371578
3coy,3coy_417,2.740,-0.770913,-4.999561
3coy,3coy_422,4.700,-3.357685,-5.192870
3coy,3coy_425,3.700,-2.261423,-5.658150
3coy,3coy_44,3.370,-1.507980,-6.270648
3coy,3coy_444,3.780,-1.790008,-5.541500
3coy,3coy_455,3.970,-2.670341,-6.306612
3coy,3coy_458,4.150,-2.954635,-5.439647
3coy,3coy_460,1.870,-1.098650,-5.369345
3coy,3coy_463,1.250,-1.083118,-5.427904
3coy,3coy_464,3.490,-1.959094,-5.943333
3coy,3coy_467,7.980,-1.978500,-6.262657
3coy,3coy_468,1.690,-1.118830,-5.445298
3coy,3coy_472,4.080,-3.067276,-6.044825
3coy,3coy_476,7.190,-2.169727,-6.334545
3coy,3coy_485,7.310,-3.344169,-5.290399
3coy,3coy_498,7.600,-1.484649,-5.681010
3coy,3coy_500,2.190,-1.733624,-5.992665
3coy,3coy_510,3.110,-1.562812,-5.728274
3coy,3coy_513,6.430,-5.815113,-6.399382
3coy,3coy_522,1.720,-1.263952,-6.135720
3coy,3coy_525,1.930,-0.965358,-5.321765
3coy,3coy_528,4.670,-4.266417,-6.322667
3coy,3coy_529,4.060,-2.142515,-4.971111
3coy,3coy_541,4.240,-1.665318,-5.715358
3coy,3coy_544,7.750,-4.459017,-5.459777
3coy,3coy_545,2.500,-1.482661,-6.179534
3coy,3coy_546,5.240,-3.016549,-6.033658
3coy,3coy_547,4.820,-3.252831,-6.421909
3coy,3coy_550,8.060,-3.024714,-6.079285
3coy,3coy_553,6.010,-2.579597,-6.325180
3coy,3coy_559,2.960,-1.710035,-5.574465
3coy,3coy_562,3.550,-2.428299,-5.747521
3coy,3coy_563,5.990,-5.563012,-6.455050
3coy,3coy_566,4.030,-3.140737,-6.367193
3coy,3coy_581,2.970,-1.320976,-5.293257
3coy,3coy_582,7.120,-7.224110,-6.314147
3coy,3coy_588,5.450,-3.720133,-5.856995
3coy,3coy_589,5.950,-2.464093,-5.973535
3coy,3coy_591,5.500,-3.647647,-5.574997
3coy,3coy_593,6.930,-2.947641,-6.096557
3coy,3coy_600,5.450,-4.611529,-6.117712
3coy,3coy_610,6.890,-3.788958,-6.200382
3coy,3coy_611,2.530,-1.273649,-5.509222
3coy,3coy_619,8.920,-3.333242,-6.520908
3coy,3coy_620,5.220,-3.792060,-6.112773
3coy,3coy_623,4.110,-3.309276,-5.465203
3coy,3coy_632,7.290,-4.373300,-6.185811
3coy,3coy_634,8.560,-6.392646,-6.758291
3coy,3coy_640,6.550,-5.569439,-5.710842
3coy,3coy_650,8.200,-1.789032,-6.325537
3coy,3coy_66,1.770,-0.850853,-5.776744
3coy,3coy_667,6.460,-5.029803,-5.707547
3coy,3coy_675,3.960,-1.480303,-5.553575
3coy,3coy_684,8.430,-1.658462,-5.629512
3coy,3coy_685,2.190,-1.321841,-5.605435
3coy,3coy_686,8.950,-4.621128,-6.205801
3coy,3coy_693,5.560,-5.270218,-6.703962
3coy,3coy_695,8.030,-6.229444,-6.501072
3coy,3coy_733,0.930,-0.654825,-5.604190
3coy,3coy_794,1.760,-0.861361,-5.324585
3coy,3coy_834,0.900,-0.730691,-6.096733
3coz,3coz_103,7.320,-6.988720,-3.742609
3coz,3coz_108,9.390,-7.675171,-3.430776
3coz,3coz_112,8.270,-7.510778,-3.812110
3coz,3coz_117,6.930,-6.289365,-3.881490
3coz,3coz_128,9.330,-7.145751,-3.174369
3coz,3coz_136,0.780,-0.413049,-2.441433
3coz,3coz_141,6.680,-6.103199,-2.927447
3coz,3coz_167,8.400,-6.769485,-4.323725
3coz,3coz_17,5.140,-5.301812,-3.110257
3coz,3coz_173,9.240,-7.536592,-3.886038
3coz,3coz_176,9.270,-7.249598,-3.501857
3coz,3coz_20,8.240,-6.904011,-3.510614
3coz,3coz_203,1.030,-0.682212,-2.550943
3coz,3coz_206,0.430,-0.273364,-2.452745
3coz,3coz_212,2.170,-1.139116,-2.172961
3coz,3coz_214,1.910,-0.772734,-2.485829
3coz,3coz_220,2.960,-2.766506,-2.323305
3coz,3coz_221,2.870,-1.505513,-2.696725
3coz,3coz_222,0.410,-0.349699,-1.957523
3coz,3coz_238,0.450,-0.384079,-2.122266
3coz,3coz_24,5.420,-6.154978,-2.982965
3coz,3coz_247,0.620,-0.326671,-2.634521
3coz,3coz_251,0.790,-0.673837,-2.226078
3coz,3coz_256,2.680,-1.242632,-2.151120
3coz,3coz_263,0.830,-0.599040,-2.333623
3coz,3coz_282,4.090,-4.427937,-2.523225
3coz,3coz_285,7.850,-6.934244,-3.515226
3coz,3coz_311,6.210,-3.958485,-3.747488
3coz,3coz_327,3.980,-3.528188,-2.856206
3coz,3coz_332,4.070,-2.257586,-3.404806
3coz,3coz_347,6.340,-3.863993,-3.254703
3coz,3coz_35,9.330,-6.563169,-3.538800
3coz,3coz_359,7.680,-6.830247,-3.735927
3coz,3coz_376,9.120,-8.036916,-4.050755
3coz,3coz_388,0.830,-0.469626,-2.611215
3coz,3coz_393,0.590,-0.647272,-2.003866
3coz,3coz_401,3.190,-1.423936,-2.225392
3coz,3coz_405,1.550,-1.457788,-2.579697
3coz,3coz_407,1.380,-1.563041,-2.497135
3coz,3coz_413,9.020,-5.285669,-3.321792
3coz,3coz_420,1.670,-1.193075,-3.004885
3coz,3coz_421,2.860,-1.197287,-2.570638
3coz,3coz_43,9.050,-6.845168,-3.229159
3coz,3coz_436,3.150,-1.576022,-2.778460
3coz,3coz_440,1.420,-1.151409,-2.543519
3coz,3coz_45,5.920,-5.933384,-3.755526
3coz,3coz_459,4.150,-2.568172,-3.487230
3coz,3coz_464,3.080,-1.588801,-3.172538
3coz,3coz_465,5.280,-3.955195,-4.239205
3coz,3coz_468,1.800,-1.734358,-2.514039
3coz,3coz_481,2.990,-1.823914,-2.765620
3coz,3coz_489,3.720,-1.225100,-2.659049
3coz,3coz_493,2.410,-1.741369,-3.675544
3coz,3coz_515,2.950,-1.516245,-2.588995
3coz,3coz_518,2.130,-1.346404,-2.595582
3coz,3coz_523,1.900,-1.485229,-2.502337
3coz,3coz_536,1.710,-0.988631,-2.217286
3coz,3coz_539,7.140,-6.086920,-3.435375
3coz,3coz_540,6.100,-4.610714,-2.849757
3coz,3coz_543,5.440,-5.241554,-3.499712
3coz,3coz_547,7.940,-3.500612,-2.886025
3coz,3coz_548,5.750,-4.138297,-3.553889
3coz,3coz_55,9.610,-6.999409,-3.226897
3coz,3coz_552,6.920,-2.693730,-3.537390
3coz,3coz_557,4.990,-3.002754,-3.403861
3coz,3coz_558,4.580,-3.860579,-2.932183
3coz,3coz_561,4.610,-4.771706,-3.177111
3coz,3coz_565,5.150,-2.918977,-4.008673
3coz,3coz_567,4.610,-2.325227,-3.329161
3coz,3coz_576,4.820,-3.010484,-3.661320
3coz,3coz_577,7.710,-1.943525,-2.679605
3coz,3coz_580,2.770,-2.379620,-2.701476
3coz,3coz_59,6.110,-6.456869,-2.867655
3coz,3coz_593,5.480,-3.796520,-2.845742
3coz,3coz_594,8.100,-1.623986,-2.848978
3coz,3coz_604,7.820,-2.041815,-3.836221
3coz,3coz_605,4.050,-3.017205,-2.617910
3coz,3coz_619,3.890,-3.782304,-2.663513
3coz,3coz_620,3.850,-3.307592,-3.275574
3coz,3coz_626,6.070,-5.333691,-3.462734
3coz,3coz_628,8.720,-4.649829,-4.115719
3coz,3coz_637,6.820,-4.925400,-4.000907
3coz,3coz_642,7.580,-2.351983,-3.574461
3coz,3coz_654,8.550,-7.314063,-3.818907
3coz,3coz_657,8.220,-2.009186,-3.249619
3coz,3coz_665,5.350,-2.561050,-3.609895
3coz,3coz_668,5.560,-4.340552,-3.060046
3coz,3coz_67,6.550,-6.922530,-3.226290
3coz,3coz_673,3.870,-4.320398,-2.948407
3coz,3coz_680,4.290,-2.780072,-2.408492
3coz,3coz_688,7.090,-3.310859,-3.760448
3coz,3coz_691,8.910,-8.020109,-4.191690
3coz,3coz_694,7.060,-3.749919,-3.698452
3coz,3coz_696,8.090,-4.007883,-3.014420
3coz,3coz_7,3.030,-3.003858,-2.481490
3coz,3coz_726,0.660,-0.672386,-2.291005
3coz,3coz_83,3.400,-3.391923,-2.089634
3coz,3coz_87,8.060,-6.989769,-3.260130
3coz,3coz_894,1.810,-1.471276,-3.042417
3d4z,3d4z_12,0.910,-0.615892,-4.430927
3d4z,3d4z_128,0.780,-0.475094,-3.996001
3d4z,3d4z_132,0.340,-0.563121,-4.797707
3d4z,3d4z_233,0.930,-1.447737,-4.333665
3d4z,3d4z_250,0.630,-0.583563,-5.434677
3d4z,3d4z_331,1.060,-0.606453,-4.233052
3d4z,3d4z_340,0.470,-0.508437,-3.792137
3d4z,3d4z_376,0.310,-0.490605,-4.892125
3d4z,3d4z_403,0.920,-0.675325,-3.998618
3d4z,3d4z_410,2.860,-1.613339,-5.819675
3d4z,3d4z_415,2.180,-0.809121,-3.724142
3d4z,3d4z_434,2.020,-1.396272,-4.015861
3d4z,3d4z_435,1.580,-1.181155,-4.935396
3d4z,3d4z_447,2.790,-1.300425,-3.937406
3d4z,3d4z_486,1.670,-1.595997,-4.916735
3d4z,3d4z_528,1.770,-1.266020,-5.879165
3d4z,3d4z_540,5.730,-4.600418,-6.945805
3d4z,3d4z_559,3.500,-3.504153,-7.322594
3d4z,3d4z_563,3.220,-2.964878,-5.046108
3d4z,3d4z_564,6.050,-5.246235,-5.926599
3d4z,3d4z_580,4.390,-2.749381,-6.179537
3d4z,3d4z_593,3.750,-2.653573,-5.503739
3d4z,3d4z_614,4.570,-3.725262,-6.664331
3d4z,3d4z_618,4.340,-3.742736,-5.792957
3d4z,3d4z_621,6.980,-5.129875,-6.394031
3d4z,3d4z_622,5.810,-5.442082,-5.477377
3d4z,3d4z_623,6.160,-4.841218,-5.747516
3d4z,3d4z_624,5.100,-4.095960,-6.180433
3d4z,3d4z_627,5.950,-4.473954,-6.014402
3d4z,3d4z_633,5.240,-4.375957,-5.374815
3d4z,3d4z_638,5.840,-4.842955,-6.004303
3d4z,3d4z_647,6.060,-5.340592,-5.429661
3d4z,3d4z_652,6.360,-5.352510,-5.924845
3d4z,3d4z_654,4.270,-2.232840,-6.379419
3d4z,3d4z_656,5.380,-4.709042,-6.151905
3d4z,3d4z_658,5.100,-3.721208,-5.068409
3d4z,3d4z_659,5.690,-4.150758,-5.546039
3d4z,3d4z_673,6.630,-4.992775,-5.789084
3d4z,3d4z_675,5.670,-5.403976,-4.949454
3d4z,3d4z_682,6.310,-4.708119,-6.238968
3d4z,3d4z_689,4.220,-3.700191,-4.904697
3d4z,3d4z_694,6.590,-5.382011,-6.016957
3d4z,3d4z_703,0.840,-0.548414,-3.961064
3d4z,3d4z_713,2.840,-1.746672,-4.229389
3d4z,3d4z_729,0.950,-1.105915,-3.126318
3d4z,3d4z_741,3.600,-3.832474,-4.738880
3d4z,3d4z_743,3.350,-1.656276,-5.518741
3d4z,3d4z_745,4.610,-4.670051,-6.578185
3d4z,3d4z_746,1.860,-1.256046,-4.645608
3d4z,3d4z_760,3.240,-0.946802,-6.627561
3d4z,3d4z_761,2.460,-1.420840,-4.177533
3d4z,3d4z_768,4.680,-3.652692,-5.109750
3d4z,3d4z_770,4.190,-4.930241,-6.096141
3d4z,3d4z_780,3.240,-2.055098,-6.278290
3d4z,3d4z_784,4.320,-3.263193,-6.261149
3d4z,3d4z_786,2.790,-3.181253,-5.952702
3d4z,3d4z_787,2.350,-0.827132,-4.412954
3d4z,3d4z_788,2.630,-1.052327,-5.190406
3d4z,3d4z_790,4.320,-3.444311,-5.627031
3d4z,3d4z_791,3.700,-3.607557,-5.053490
3d4z,3d4z_794,2.500,-2.498003,-4.562230
3d4z,3d4z_795,1.110,-1.456169,-4.531030
3d4z,3d4z_797,1.990,-1.529528,-5.064182
3d4z,3d4z_804,1.990,-0.551102,-4.678316
3d4z,3d4z_840,1.750,-0.570937,-4.202391
3d4z,3d4z_889,3.390,-2.559740,-4.994341
3d4z,3d4z_932,3.050,-0.561480,-5.629113
3d4z,3d4z_955,1.590,-0.714577,-4.514721
3d6q,3d6q_117,5.980,-1.733294,-3.892969
3d6q,3d6q_123,4.250,-3.322345,-3.516864
3d6q,3d6q_132,4.390,-3.172218,-5.672665
3d6q,3d6q_140,3.860,-3.035712,-3.608704
3d6q,3d6q_163,2.660,-2.260765,-3.933808
3d6q,3d6q_207,3.860,-1.958948,-3.943390
3d6q,3d6q_23,2.260,-0.942414,-4.324973
3d6q,3d6q_248,5.740,-1.038836,-4.051608
3d6q,3d6q_250,7.400,-5.388560,-4.226741
3d6q,3d6q_259,3.850,-3.794096,-3.523869
3d6q,3d6q_276,2.750,-0.500317,-3.433344
3d6q,3d6q_289,2.860,-1.997200,-4.117264
3d6q,3d6q_299,4.860,-2.350398,-4.889617
3d6q,3d6q_312,1.870,-1.023796,-3.704888
3d6q,3d6q_313,2.040,-1.040815,-4.175322
3d6q,3d6q_320,1.980,-1.068433,-4.604529
3d6q,3d6q_321,1.940,-1.054468,-4.362624
3d6q,3d6q_338,3.150,-0.994561,-4.160667
3d6q,3d6q_357,2.360,-1.821130,-3.605039
3d6q,3d6q_367,2.470,-1.767779,-4.055388
3d6q,3d6q_373,3.090,-3.067847,-3.974170
3d6q,3d6q_404,6.160,-2.072670,-3.867281
3d6q,3d6q_420,6.430,-3.497641,-3.454834
3d6q,3d6q_433,7.260,-3.547167,-3.743288
3d6q,3d6q_451,8.050,-4.641391,-4.317060
3d6q,3d6q_454,7.490,-6.833612,-4.253184
3d6q,3d6q_46,1.970,-1.071262,-4.569305
3d6q,3d6q_491,3.960,-3.242656,-4.859683
3d6q,3d6q_498,8.150,-4.772189,-3.599623
3d6q,3d6q_50,2.460,-0.785361,-3.235079
3d6q,3d6q_500,6.690,-3.764380,-3.823153
3d6q,3d6q_528,4.220,-1.361006,-3.973899
3d6q,3d6q_539,3.780,-2.409614,-4.257812
3d6q,3d6q_546,8.220,-3.421669,-4.365465
3d6q,3d6q_551,3.720,-1.205448,-5.092693
3d6q,3d6q_563,6.030,-4.050200,-5.299077
3d6q,3d6q_574,5.090,-2.476564,-4.120053
3d6q,3d6q_581,5.020,-2.177166,-4.373057
3d6q,3d6q_586,8.210,-3.561927,-4.676414
3d6q,3d6q_592,8.080,-5.815938,-4.314053
3d6q,3d6q_610,7.430,-5.034660,-4.300200
3d6q,3d6q_614,7.830,-5.310371,-5.263912
3d6q,3d6q_624,7.060,-4.553718,-5.248996
3d6q,3d6q_654,4.450,-2.960548,-4.067471
3d6q,3d6q_665,7.080,-4.742490,-4.226661
3d6q,3d6q_671,3.250,-1.532142,-4.483829
3d6q,3d6q_674,2.970,-2.121495,-3.635170
3d6q,3d6q_679,4.360,-2.589990,-4.661495
3d6q,3d6q_691,2.880,-2.805140,-4.036457
3d6q,3d6q_698,6.950,-4.979602,-4.271989
3d6q,3d6q_708,6.440,-1.782174,-3.376188
3d6q,3d6q_710,7.160,-4.795605,-3.996562
3d6q,3d6q_718,8.020,-6.016125,-3.878439
3d6q,3d6q_724,5.320,-3.229466,-3.537576
3d6q,3d6q_726,5.550,-5.954853,-4.748206
3d6q,3d6q_729,8.090,-5.876404,-3.769531
3d6q,3d6q_738,4.840,-3.991992,-4.615448
3d6q,3d6q_750,6.060,-3.290524,-4.165735
3d6q,3d6q_753,5.880,-1.650396,-3.196038
3d6q,3d6q_754,5.840,-2.164415,-4.487611
3d6q,3d6q_755,6.270,-5.168587,-4.605055
3d6q,3d6q_756,4.170,-1.648966,-3.158156
3d6q,3d6q_760,8.040,-6.317828,-3.984612
3d6q,3d6q_776,6.410,-3.656362,-4.423812
3d6q,3d6q_782,5.840,-1.700766,-4.102757
3d6q,3d6q_80,7.440,-2.970735,-4.342711
3d6q,3d6q_809,7.190,-4.964415,-3.210425
3d6q,3d6q_810,4.630,-3.108217,-3.077190
3d6q,3d6q_821,8.120,-5.353934,-3.574651
3d6q,3d6q_822,3.310,-1.509037,-4.283748
3d6q,3d6q_837,5.820,-4.530827,-4.572624
3d6q,3d6q_839,6.480,-4.398475,-3.197239
3d6q,3d6q_915,8.050,-6.820910,-3.782301
3d6q,3d6q_953,4.300,-2.765077,-4.344201
3d6q,3d6q_98,1.830,-1.088878,-4.318339
3dd0,3dd0_156,5.990,-2.089986,-5.463820
3dd0,3dd0_158,0.890,-0.810120,-3.717751
3dd0,3dd0_161,0.970,-0.482463,-3.726122
3dd0,3dd0_162,5.920,-1.653612,-5.092038
3dd0,3dd0_168,0.930,-0.703614,-3.721534
3dd0,3dd0_182,5.960,-2.247529,-3.987833
3dd0,3dd0_197,5.810,-0.848224,-4.165338
3dd0,3dd0_234,2.940,-2.077377,-3.819396
3dd0,3dd0_238,0.960,-0.583668,-3.398433
3dd0,3dd0_263,6.030,-1.889019,-4.587698
3dd0,3dd0_273,2.490,-2.476727,-3.948301
3dd0,3dd0_277,0.910,-0.968287,-2.611181
3dd0,3dd0_283,0.990,-0.709943,-3.178233
3dd0,3dd0_298,0.830,-0.666484,-4.052835
3dd0,3dd0_314,5.850,-0.750275,-3.880882
3dd0,3dd0_316,5.910,-2.363411,-4.523593
3dd0,3dd0_360,5.870,-1.558775,-4.532242
3dd0,3dd0_378,5.830,-1.889040,-5.470970
3dd0,3dd0_402,4.180,-2.860154,-4.526113
3dd0,3dd0_403,2.180,-2.910702,-5.035016
3dd0,3dd0_406,6.220,-1.476341,-4.681297
3dd0,3dd0_411,1.670,-0.649020,-3.627815
3dd0,3dd0_42,5.890,-2.002282,-4.485378
3dd0,3dd0_43,1.030,-0.682001,-2.548235
3dd0,3dd0_432,2.850,-3.050696,-4.152366
3dd0,3dd0_441,1.950,-1.652501,-3.568338
3dd0,3dd0_451,2.310,-1.450120,-4.200791
3dd0,3dd0_455,3.120,-2.290002,-5.136908
3dd0,3dd0_47,1.030,-1.323302,-2.839995
3dd0,3dd0_478,4.290,-2.084538,-4.060715
3dd0,3dd0_479,0.920,-0.705970,-3.534121
3dd0,3dd0_482,4.100,-2.202123,-4.367779
3dd0,3dd0_484,3.880,-1.961180,-4.347588
3dd0,3dd0_495,1.630,-1.227381,-3.551340
3dd0,3dd0_50,1.370,-0.478034,-2.955644
3dd0,3dd0_505,0.920,-0.818005,-3.422838
3dd0,3dd0_506,2.000,-1.027072,-3.692395
3dd0,3dd0_508,1.960,-1.158797,-3.955515
3dd0,3dd0_510,1.580,-1.232035,-3.599675
3dd0,3dd0_553,2.820,-2.703274,-3.574156
3dd0,3dd0_567,2.040,-1.576417,-3.525305
3dd0,3dd0_570,1.320,-1.370261,-3.028390
3dd0,3dd0_572,3.280,-2.740337,-3.832514
3dd0,3dd0_582,2.180,-0.564929,-3.354097
3dd0,3dd0_585,3.260,-1.716579,-2.592016
3dd0,3dd0_595,3.060,-2.221428,-4.510245
3dd0,3dd0_61,3.780,-3.036117,-4.515167
3dd0,3dd0_642,4.040,-3.840709,-3.957259
3dd0,3dd0_645,0.760,-1.160279,-2.803205
3dd0,3dd0_657,2.110,-1.861683,-3.332278
3dd0,3dd0_700,3.250,-2.219878,-4.669797
3dd0,3dd0_71,6.180,-2.697083,-4.087260
3dd0,3dd0_725,6.500,-2.270876,-5.059098
3dd0,3dd0_761,6.760,-2.954099,-4.779988
3dd0,3dd0_769,7.250,-4.043714,-5.449205
3dd0,3dd0_772,7.350,-4.157933,-6.157130
3dd0,3dd0_775,4.520,-4.531094,-6.045924
3dd0,3dd0_777,3.580,-3.305253,-6.145663
3dd0,3dd0_787,3.040,-2.176886,-5.485472
3dd0,3dd0_788,2.740,-2.449012,-3.812628
3dd0,3dd0_796,4.380,-4.477326,-5.503105
3dd0,3dd0_821,6.370,-1.836671,-4.017614
3dd0,3dd0_868,6.630,-2.945238,-5.570286
3dd0,3dd0_869,3.400,-3.405859,-5.181846
3dd0,3dd0_886,7.110,-3.750266,-4.840165
3dd0,3dd0_892,7.090,-3.162946,-4.737109
3dd0,3dd0_895,6.530,-2.964133,-5.043713
3dd0,3dd0_897,7.080,-4.273262,-4.918164
3dd0,3dd0_974,6.310,-1.250510,-4.669957
3dd0,3dd0_98,5.990,-2.036910,-4.982159
3dd0,3dd0_996,6.500,-1.356669,-6.064135
3dx1,3dx1_119,0.300,-0.488297,-1.789397
3dx1,3dx1_20,0.160,-0.438176,-2.234808
3dx1,3dx1_25,0.330,-0.466618,-2.184997
3dx1,3dx1_287,0.690,-0.358385,-2.526742
3dx1,3dx1_29,0.500,-0.284470,-1.976846
3dx1,3dx1_304,0.470,-0.553577,-2.199560
3dx1,3dx1_382,0.790,-0.423311,-1.677723
3dx1,3dx1_39,0.170,-0.438176,-2.234808
3dx1,3dx1_440,3.010,-1.946548,-3.009610
3dx1,3dx1_457,2.000,-1.863544,-2.950576
3dx1,3dx1_464,2.700,-2.358831,-5.286336
3dx1,3dx1_477,1.620,-1.314797,-2.511616
3dx1,3dx1_492,3.270,-2.351601,-4.077056
3dx1,3dx1_497,3.400,-3.205914,-3.122833
3dx1,3dx1_531,1.580,-1.524865,-2.788410
3dx1,3dx1_548,5.830,-5.218760,-4.988019
3dx1,3dx1_554,2.800,-2.486430,-4.199718
3dx1,3dx1_557,5.520,-5.383444,-5.573393
3dx1,3dx1_560,3.110,-3.144040,-4.414538
3dx1,3dx1_566,6.080,-5.382854,-5.044114
3dx1,3dx1_568,5.970,-6.020364,-5.677281
3dx1,3dx1_569,3.620,-2.819464,-3.269432
3dx1,3dx1_570,4.840,-4.689876,-4.241547
3dx1,3dx1_574,4.210,-3.779475,-3.128986
3dx1,3dx1_577,5.890,-5.239033,-4.582271
3dx1,3dx1_579,4.920,-4.723243,-5.426414
3dx1,3dx1_585,5.730,-5.308883,-4.318038
3dx1,3dx1_587,3.510,-2.954125,-3.572304
3dx1,3dx1_588,4.570,-4.760235,-3.922553
3dx1,3dx1_591,6.880,-6.289943,-5.629790
3dx1,3dx1_592,4.510,-4.412387,-4.472399
3dx1,3dx1_594,5.530,-5.329928,-4.317646
3dx1,3dx1_595,6.310,-5.706817,-4.943658
3dx1,3dx1_597,7.450,-6.598616,-6.848303
3dx1,3dx1_603,5.910,-5.872132,-3.317563
3dx1,3dx1_611,2.430,-2.728054,-3.319112
3dx1,3dx1_627,5.780,-5.454524,-4.361027
3dx1,3dx1_634,5.810,-5.922761,-4.426388
3dx1,3dx1_645,6.550,-5.840900,-5.638877
3dx1,3dx1_648,6.480,-5.983370,-5.376587
3dx1,3dx1_651,6.220,-5.987308,-4.786468
3dx1,3dx1_654,6.560,-5.983736,-5.983522
3dx1,3dx1_657,4.860,-4.922375,-3.538040
3dx1,3dx1_665,4.290,-3.965004,-4.216617
3dx1,3dx1_673,6.300,-5.869027,-3.986345
3dx1,3dx1_679,4.860,-5.337575,-4.583216
3dx1,3dx1_683,6.130,-5.960374,-4.697823
3dx1,3dx1_687,6.200,-5.714696,-5.210031
3dx1,3dx1_692,7.190,-6.050579,-5.421402
3dx1,3dx1_693,7.020,-6.866250,-5.525599
3dx1,3dx1_695,7.240,-6.408436,-7.002836
3dx1,3dx1_700,4.620,-5.117844,-5.482969
3dx1,3dx1_735,2.000,-0.527083,-2.357887
3dx1,3dx1_750,3.410,-3.794331,-3.985543
3dx1,3dx1_753,2.100,-0.757210,-3.357538
3dx1,3dx1_756,1.980,-1.687126,-2.929538
3dx1,3dx1_763,2.270,-0.966512,-3.397129
3dx1,3dx1_766,2.120,-1.432689,-2.463701
3dx1,3dx1_775,3.140,-2.259224,-3.785124
3dx1,3dx1_776,4.590,-4.532363,-4.553729
3dx1,3dx1_781,3.560,-3.090181,-4.649580
3dx1,3dx1_784,2.320,-1.969505,-4.129245
3dx1,3dx1_785,3.140,-2.292473,-2.349018
3dx1,3dx1_787,5.380,-5.244544,-3.834284
3dx1,3dx1_791,2.300,-0.965352,-3.482822
3dx1,3dx1_802,0.510,-0.492194,-2.563124
3dx1,3dx1_808,1.870,-1.004137,-2.550906
3dx1,3dx1_840,2.890,-1.385400,-3.948833
3dx1,3dx1_851,2.090,-1.205049,-5.073196
3dx1,3dx1_861,1.900,-0.701382,-3.043036
3dx1,3dx1_961,1.460,-0.319662,-2.059995
3dx1,3dx1_983,1.600,-0.723938,-3.514557
3dx1,3dx1_987,1.410,-0.415144,-2.083382
3dx1,3dx1_989,0.740,-0.514524,-2.126052
3dx2,3dx2_14,0.310,-0.341691,-3.618668
3dx2,3dx2_225,0.400,-0.276062,-3.838445
3dx2,3dx2_253,0.460,-0.528593,-3.105642
3dx2,3dx2_293,0.360,-0.338213,-3.082061
3dx2,3dx2_380,0.410,-0.333701,-3.295700
3dx2,3dx2_39,0.510,-0.882560,-3.153909
3dx2,3dx2_402,0.870,-0.357902,-3.843669
3dx2,3dx2_426,2.770,-1.574448,-3.922143
3dx2,3dx2_443,2.390,-2.486650,-4.057785
3dx2,3dx2_472,3.410,-1.557714,-4.114583
3dx2,3dx2_479,1.910,-1.470014,-3.902190
3dx2,3dx2_482,1.950,-1.521017,-3.678270
3dx2,3dx2_503,1.700,-0.741216,-3.433101
3dx2,3dx2_508,2.940,-1.614665,-5.138556
3dx2,3dx2_514,4.110,-3.112707,-4.024243
3dx2,3dx2_534,4.050,-2.781410,-5.418060
3dx2,3dx2_535,1.990,-0.875845,-4.757107
3dx2,3dx2_549,3.070,-2.384801,-4.653242
3dx2,3dx2_555,3.220,-2.428128,-4.489429
3dx2,3dx2_570,7.030,-6.183266,-5.819505
3dx2,3dx2_573,7.000,-6.181635,-5.666224
3dx2,3dx2_576,3.140,-2.303680,-4.016768
3dx2,3dx2_582,2.800,-2.521677,-4.830709
3dx2,3dx2_583,4.310,-3.058707,-4.666149
3dx2,3dx2_589,5.180,-4.549268,-4.384534
3dx2,3dx2_591,7.260,-5.812755,-5.239791
3dx2,3dx2_599,6.910,-6.211317,-5.499332
3dx2,3dx2_602,1.890,-1.030754,-4.150464
3dx2,3dx2_610,4.150,-3.313649,-4.852378
3dx2,3dx2_628,6.200,-5.898932,-4.708564
3dx2,3dx2_631,2.980,-0.884712,-4.628698
3dx2,3dx2_636,1.630,-1.341727,-4.386431
3dx2,3dx2_646,4.040,-3.281371,-4.401913
3dx2,3dx2_649,4.750,-3.997444,-5.198192
3dx2,3dx2_656,4.530,-3.938825,-3.643165
3dx2,3dx2_659,3.040,-1.646610,-4.167216
3dx2,3dx2_661,4.340,-3.477637,-4.956966
3dx2,3dx2_677,6.160,-5.520382,-4.708147
3dx2,3dx2_687,4.390,-3.970917,-5.010426
3dx2,3dx2_691,3.760,-3.096299,-4.191240
3dx2,3dx2_725,2.510,-0.556908,-4.483606
3dx2,3dx2_736,1.240,-0.933281,-3.229126
3dx2,3dx2_741,1.980,-1.072800,-3.814064
3dx2,3dx2_743,2.220,-0.468255,-4.359335
3dx2,3dx2_750,3.920,-3.035764,-4.993279
3dx2,3dx2_754,2.140,-1.220558,-3.661695
3dx2,3dx2_756,1.100,-1.029013,-3.591889
3dx2,3dx2_761,3.220,-0.825604,-3.845423
3dx2,3dx2_770,3.580,-2.429444,-4.691855
3dx2,3dx2_772,4.060,-2.427125,-4.649918
3dx2,3dx2_773,2.050,-1.160614,-4.083933
3dx2,3dx2_774,2.320,-0.669128,-3.365880
3dx2,3dx2_787,3.440,-1.825831,-4.612785
3dx2,3dx2_820,0.370,-0.632231,-3.688660
3dx2,3dx2_836,0.990,-0.696193,-3.797135
3dx2,3dx2_893,1.530,-0.564252,-3.297999
3dx2,3dx2_990,0.580,-0.477825,-3.013868
3dxg,3dxg_1001,1.940,-2.457852,-1.770567
3dxg,3dxg_1002,1.700,-1.463318,-1.677660
3dxg,3dxg_1003,1.880,-1.644922,-1.222227
3dxg,3dxg_1004,1.900,-2.270331,-1.225429
3dxg,3dxg_1005,1.880,-2.852593,-1.454014
3dxg,3dxg_1006,1.780,-1.961872,-1.392965
3dxg,3dxg_1007,1.570,-1.636558,-1.448968
3dxg,3dxg_117,2.660,-2.920916,-1.376316
3dxg,3dxg_128,2.980,-2.805701,-1.271044
3dxg,3dxg_157,2.540,-2.903483,-1.368104
3dxg,3dxg_159,3.200,-3.554892,-0.838782
3dxg,3dxg_196,4.880,-2.536642,-1.230705
3dxg,3dxg_197,7.510,-4.766307,-1.523127
3dxg,3dxg_211,6.100,-3.281545,-1.397418
3dxg,3dxg_212,4.190,-1.488388,-1.242371
3dxg,3dxg_247,8.020,-6.677458,-2.011554
3dxg,3dxg_310,3.880,-1.692637,-1.217934
3dxg,3dxg_314,6.900,-4.493641,-0.975067
3dxg,3dxg_33,5.810,-3.896966,-1.873205
3dxg,3dxg_338,2.750,-2.763486,-0.745743
3dxg,3dxg_358,4.110,-1.834747,-1.221253
3dxg,3dxg_364,7.150,-4.418826,-1.416133
3dxg,3dxg_408,5.660,-3.362606,-1.282924
3dxg,3dxg_434,3.560,-2.918568,-1.362942
3dxg,3dxg_436,2.720,-1.885616,-1.023855
3dxg,3dxg_445,2.450,-1.756204,-1.532996
3dxg,3dxg_449,4.480,-3.514309,-1.259833
3dxg,3dxg_450,3.060,-2.185247,-2.170571
3dxg,3dxg_458,3.950,-2.696701,-1.726656
3dxg,3dxg_461,6.100,-3.762177,-0.886896
3dxg,3dxg_463,2.990,-1.846489,-1.589508
3dxg,3dxg_464,4.510,-1.568336,-1.690146
3dxg,3dxg_465,4.270,-1.935666,-1.128944
3dxg,3dxg_471,3.130,-2.949057,-1.444367
3dxg,3dxg_474,4.460,-2.878071,-1.087934
3dxg,3dxg_480,3.650,-3.438487,-1.362000
3dxg,3dxg_483,5.100,-1.161807,-1.298078
3dxg,3dxg_484,2.480,-1.967329,-1.306606
3dxg,3dxg_485,3.260,-1.852165,-1.119734
3dxg,3dxg_498,2.950,-2.813360,-2.087473
3dxg,3dxg_521,4.710,-2.187876,-1.324907
3dxg,3dxg_522,5.880,-4.227164,-1.307041
3dxg,3dxg_524,3.480,-3.000308,-1.222024
3dxg,3dxg_529,6.590,-3.751029,-2.211516
3dxg,3dxg_551,5.590,-3.607749,-1.326355
3dxg,3dxg_555,7.300,-4.710490,-1.752521
3dxg,3dxg_566,6.210,-3.497585,-1.626340
3dxg,3dxg_572,6.160,-4.424480,-2.318360
3dxg,3dxg_59,4.550,-2.722104,-1.152683
3dxg,3dxg_600,4.740,-4.104368,-0.853366
3dxg,3dxg_609,8.270,-6.250599,-1.333952
3dxg,3dxg_612,7.200,-4.615479,-1.377623
3dxg,3dxg_635,5.610,-2.592992,-1.161486
3dxg,3dxg_652,5.460,-2.971880,-1.270346
3dxg,3dxg_662,7.860,-4.221107,-1.452435
3dxg,3dxg_673,2.700,-2.580637,-1.789242
3dxg,3dxg_689,7.010,-5.822353,-1.653390
3dxg,3dxg_695,5.920,-3.282614,-1.931287
3dxg,3dxg_70,5.080,-2.507646,-0.997099
3dxg,3dxg_721,7.550,-2.922656,-2.042715
3dxg,3dxg_730,6.430,-4.436688,-1.202712
3dxg,3dxg_761,8.910,-7.252223,-2.710480
3dxg,3dxg_765,6.170,-4.549269,-2.427119
3dxg,3dxg_771,5.390,-3.753807,-1.303622
3dxg,3dxg_778,7.770,-4.660932,-1.185520
3dxg,3dxg_80,3.980,-2.084942,-1.459647
3dxg,3dxg_833,6.970,-4.036648,-1.550586
3dxg,3dxg_858,7.220,-4.844154,-1.792326
3dxg,3dxg_924,8.120,-5.110139,-1.820910
3dxg,3dxg_972,7.580,-6.231427,-2.294992
3dxg,3dxg_973,6.450,-4.156182,-1.384478
3e5a,3e5a_102,4.450,-1.621129,-1.996517
3e5a,3e5a_106,4.970,-2.134309,-1.696757
3e5a,3e5a_116,7.370,-3.577719,-1.983200
3e5a,3e5a_129,0.640,-0.646309,-1.490620
3e5a,3e5a_140,5.140,-2.708054,-1.744516
3e5a,3e5a_143,6.880,-4.110588,-1.728182
3e5a,3e5a_156,6.670,-7.149095,-2.531972
3e5a,3e5a_157,8.510,-8.058866,-2.262097
3e5a,3e5a_175,0.950,-0.804636,-1.313261
3e5a,3e5a_209,1.700,-0.338450,-1.463417
3e5a,3e5a_211,2.630,-0.440753,-1.570482
3e5a,3e5a_217,2.260,-0.403133,-1.569790
3e5a,3e5a_226,6.450,-2.435038,-2.177639
3e5a,3e5a_229,5.830,-1.265935,-1.685191
3e5a,3e5a_231,2.030,-0.543556,-1.567509
3e5a,3e5a_247,3.880,-1.606903,-1.408662
3e5a,3e5a_285,1.500,-0.347594,-1.626544
3e5a,3e5a_286,6.430,-0.984809,-1.504359
3e5a,3e5a_297,5.180,-0.937544,-1.838967
3e5a,3e5a_305,1.330,-0.482062,-1.579129
3e5a,3e5a_313,0.830,-0.374092,-1.209918
3e5a,3e5a_315,6.150,-2.638018,-2.232241
3e5a,3e5a_332,8.040,-4.051446,-2.138662
3e5a,3e5a_333,5.660,-2.113023,-1.628133
3e5a,3e5a_345,1.480,-0.281006,-1.327615
3e5a,3e5a_362,0.750,-0.358373,-1.501390
3e5a,3e5a_372,0.760,-0.523308,-1.835348
3e5a,3e5a_398,1.000,-0.342421,-1.516735
3e5a,3e5a_413,6.400,-2.611563,-1.938139
3e5a,3e5a_414,3.880,-2.096292,-1.938341
3e5a,3e5a_420,7.620,-4.583417,-2.574589
3e5a,3e5a_421,3.180,-2.256820,-2.451519
3e5a,3e5a_431,7.270,-2.276911,-1.815100
3e5a,3e5a_434,5.970,-3.568182,-1.932283
3e5a,3e5a_436,4.620,-2.461616,-2.309543
3e5a,3e5a_442,3.190,-1.902511,-2.175026
3e5a,3e5a_456,2.160,-0.650470,-1.435444
3e5a,3e5a_458,4.880,-2.225939,-2.301207
3e5a,3e5a_467,4.480,-2.634110,-1.507157
3e5a,3e5a_468,1.360,-0.558945,-1.479860
3e5a,3e5a_487,5.480,-3.652034,-2.479343
3e5a,3e5a_488,5.620,-1.826273,-2.235418
3e5a,3e5a_49,0.940,-0.436865,-1.143255
3e5a,3e5a_490,4.880,-2.057359,-2.015371
3e5a,3e5a_491,2.090,-1.351382,-1.536990
3e5a,3e5a_535,3.230,-1.316833,-1.521534
3e5a,3e5a_541,2.150,-1.319253,-1.584928
3e5a,3e5a_555,7.620,-5.223772,-2.980685
3e5a,3e5a_566,4.550,-1.529440,-1.931137
3e5a,3e5a_576,4.830,-2.136132,-2.102696
3e5a,3e5a_577,7.500,-5.407104,-2.656361
3e5a,3e5a_578,5.880,-3.022256,-2.159582
3e5a,3e5a_581,4.990,-1.984936,-2.270050
3e5a,3e5a_602,7.660,-1.400969,-1.978212
3e5a,3e5a_606,8.150,-2.539310,-1.737637
3e5a,3e5a_629,3.310,-1.915666,-1.656534
3e5a,3e5a_652,8.010,-6.680213,-2.625722
3e5a,3e5a_659,9.680,-7.520839,-2.510451
3e5a,3e5a_668,8.100,-7.313275,-2.836670
3e5a,3e5a_671,7.180,-5.934523,-2.352519
3e5a,3e5a_676,8.200,-3.835014,-1.885671
3e5a,3e5a_683,2.980,-0.995637,-1.400652
3e5a,3e5a_688,8.210,-8.107367,-2.470398
3e5a,3e5a_69,0.750,-0.616926,-1.493023
3e5a,3e5a_693,7.520,-4.612963,-3.008833
3e5a,3e5a_696,6.790,-5.800999,-2.345861
3e5a,3e5a_698,3.440,-2.211235,-1.678897
3e5a,3e5a_720,1.670,-0.652234,-1.157533
3e5a,3e5a_726,2.170,-0.459659,-1.410380
3e5a,3e5a_744,1.980,-1.214191,-1.343395
3e5a,3e5a_745,0.830,-0.451334,-1.048831
3e5a,3e5a_749,6.180,-1.253861,-1.806974
3e5a,3e5a_759,1.210,-0.695599,-1.433536
3e5a,3e5a_761,4.820,-2.935706,-1.959333
3e5a,3e5a_762,6.120,-3.395580,-2.055405
3e5a,3e5a_765,7.910,-6.893940,-2.492621
3e5a,3e5a_766,5.930,-3.863680,-1.994644
3e5a,3e5a_787,1.860,-0.559671,-1.580735
3e5a,3e5a_799,1.710,-0.961481,-1.444992
3e5a,3e5a_855,0.930,-0.422557,-1.531263
3e5a,3e5a_857,7.020,-5.629889,-1.956892
3e5a,3e5a_86,5.680,-1.796849,-1.680322
3e5a,3e5a_868,8.210,-7.060802,-2.125641
3e5a,3e5a_90,8.090,-6.812407,-3.001735
3e5a,3e5a_902,2.030,-0.863588,-1.528206
3e5a,3e5a_91,6.560,-3.310075,-2.240057
3e5a,3e5a_910,2.200,-1.071347,-1.759894
3e5a,3e5a_94,8.310,-5.858434,-2.182424
3e92,3e92_106,0.320,-0.193528,-1.991924
3e92,3e92_17,0.590,-0.228359,-1.955405
3e92,3e92_19,0.710,-0.268403,-2.037722
3e92,3e92_332,0.350,-0.269389,-2.093386
3e92,3e92_407,0.930,-0.508584,-2.226549
3e92,3e92_418,1.160,-1.102999,-2.142343
3e92,3e92_423,1.600,-1.168675,-2.476647
3e92,3e92_425,1.690,-0.738000,-1.957774
3e92,3e92_434,5.900,-2.101190,-2.751203
3e92,3e92_435,1.490,-1.073647,-2.021040
3e92,3e92_436,0.940,-1.086860,-1.951173
3e92,3e92_438,2.070,-1.099040,-1.917339
3e92,3e92_446,2.250,-1.789810,-2.619094
3e92,3e92_449,6.140,-1.839703,-3.448333
3e92,3e92_450,1.790,-1.537419,-2.689151
3e92,3e92_453,2.360,-1.088682,-2.125777
3e92,3e92_470,6.210,-1.535609,-2.229547
3e92,3e92_471,2.080,-1.595246,-2.282967
3e92,3e92_475,6.460,-1.730776,-2.852452
3e92,3e92_482,0.910,-0.948604,-2.168885
3e92,3e92_490,1.690,-1.546739,-2.655992
3e92,3e92_493,2.100,-1.524138,-2.722018
3e92,3e92_497,1.710,-1.125681,-2.388559
3e92,3e92_498,5.990,-2.211230,-2.938223
3e92,3e92_500,6.180,-1.930119,-3.037983
3e92,3e92_506,8.620,-4.845963,-2.492162
3e92,3e92_513,4.510,-2.314046,-3.117118
3e92,3e92_518,4.830,-3.141762,-3.271513
3e92,3e92_523,7.730,-4.016257,-2.420227
3e92,3e92_525,3.930,-3.557254,-2.502062
3e92,3e92_526,5.920,-4.322355,-3.049230
3e92,3e92_528,1.870,-1.085861,-2.630608
3e92,3e92_534,5.270,-3.406628,-3.998016
3e92,3e92_538,2.330,-1.627377,-3.444876
3e92,3e92_540,5.940,-4.657949,-4.158833
3e92,3e92_541,7.170,-2.596399,-2.744281
3e92,3e92_542,8.860,-4.745228,-3.148400
3e92,3e92_544,9.460,-6.236716,-3.721016
3e92,3e92_545,4.970,-3.601155,-3.476031
3e92,3e92_546,7.910,-4.094766,-3.032334
3e92,3e92_547,1.850,-1.256198,-2.629956
3e92,3e92_551,5.220,-3.147522,-3.039195
3e92,3e92_552,9.530,-7.191736,-4.052317
3e92,3e92_553,4.820,-2.793971,-3.232895
3e92,3e92_554,9.650,-6.603502,-2.706828
3e92,3e92_555,8.390,-4.268063,-2.165952
3e92,3e92_557,9.030,-5.067233,-2.560743
3e92,3e92_560,5.740,-4.768051,-3.992283
3e92,3e92_562,5.050,-3.365489,-3.450789
3e92,3e92_578,7.780,-4.095457,-3.125796
3e92,3e92_579,4.830,-3.724138,-4.023965
3e92,3e92_581,4.560,-4.265988,-3.491391
3e92,3e92_582,8.290,-4.472131,-2.722766
3e92,3e92_588,6.040,-4.610610,-3.785345
3e92,3e92_589,8.340,-4.371954,-2.699119
3e92,3e92_590,8.790,-5.209504,-2.314431
3e92,3e92_593,8.690,-5.310128,-2.811857
3e92,3e92_594,4.570,-4.076074,-3.032383
3e92,3e92_596,3.930,-3.323683,-3.096905
3e92,3e92_597,4.490,-4.062478,-3.685345
3e92,3e92_598,4.180,-4.019398,-2.649587
3e92,3e92_599,10.000,-7.495632,-4.292583
3e92,3e92_623,6.840,-2.901757,-3.600799
3e92,3e92_625,3.560,-3.230666,-2.819481
3e92,3e92_627,7.640,-2.862681,-2.889582
3e92,3e92_64,0.680,-0.235337,-2.048660
3e92,3e92_656,7.310,-4.629334,-2.993838
3e92,3e92_664,2.630,-1.613536,-2.637537
3e92,3e92_669,2.190,-2.336386,-2.872995
3e92,3e92_670,2.040,-1.915514,-2.436530
3e92,3e92_678,5.460,-3.478649,-3.355339
3e92,3e92_679,6.340,-1.906327,-3.213661
3e92,3e92_685,8.870,-5.927621,-2.796695
3e92,3e92_689,8.650,-5.503305,-2.585526
3e92,3e92_692,7.310,-3.457625,-3.554935
3e92,3e92_693,1.850,-1.685422,-2.404294
3e92,3e92_697,2.440,-1.796059,-3.132276
3e92,3e92_698,6.180,-2.221861,-3.292501
3e92,3e92_732,9.680,-6.684329,-2.765003
3e92,3e92_733,7.400,-5.660060,-2.959243
3e92,3e92_735,9.880,-6.681258,-2.707668
3e92,3e92_745,9.460,-6.871788,-3.476791
3e92,3e92_752,9.610,-6.591521,-2.976581
3e92,3e92_758,7.030,-6.702295,-3.168024
3e92,3e92_760,6.510,-3.254013,-2.715730
3e92,3e92_845,9.500,-6.175761,-2.423138
3e92,3e92_846,7.400,-3.718674,-2.985483
3e92,3e92_847,6.700,-3.241123,-2.667237
3e92,3e92_907,0.390,-0.226816,-1.854568
3e92,3e92_940,0.950,-0.400007,-2.345699
3e93,3e93_108,5.910,-1.746294,-2.388017
3e93,3e93_124,1.010,-0.749157,-1.622472
3e93,3e93_128,6.190,-2.227261,-1.677918
3e93,3e93_130,1.420,-0.773862,-1.471182
3e93,3e93_141,0.460,-0.768078,-2.065884
3e93,3e93_155,0.900,-0.519081,-1.707746
3e93,3e93_168,1.470,-1.058670,-1.691035
3e93,3e93_179,0.740,-0.655400,-1.940518
3e93,3e93_240,0.340,-0.726920,-1.914200
3e93,3e93_301,0.320,-0.629173,-2.105319
3e93,3e93_323,3.110,-2.448031,-1.836349
3e93,3e93_352,0.550,-0.515515,-1.393814
3e93,3e93_36,5.850,-1.487006,-1.803208
3e93,3e93_390,2.730,-1.932341,-1.723081
3e93,3e93_401,1.770,-1.437547,-1.559301
3e93,3e93_407,2.280,-1.921229,-1.967623
3e93,3e93_417,1.880,-1.808001,-1.717152
3e93,3e93_419,6.060,-2.813803,-2.648258
3e93,3e93_421,1.830,-1.677231,-2.151952
3e93,3e93_427,2.290,-1.343994,-1.895429
3e93,3e93_433,3.180,-1.881017,-1.908197
3e93,3e93_435,8.370,-3.203251,-2.613627
3e93,3e93_439,6.010,-1.570308,-2.227745
3e93,3e93_440,1.880,-1.924736,-1.883787
3e93,3e93_445,7.150,-3.678243,-2.139154
3e93,3e93_446,2.230,-2.164383,-2.130801
3e93,3e93_453,5.760,-2.384276,-2.428003
3e93,3e93_454,6.640,-2.450069,-2.012504
3e93,3e93_455,4.480,-4.039323,-2.303433
3e93,3e93_459,8.880,-4.406292,-1.845853
3e93,3e93_461,1.470,-1.810828,-2.006516
3e93,3e93_464,2.480,-2.126345,-1.844746
3e93,3e93_466,5.800,-2.544907,-2.216088
3e93,3e93_467,2.200,-2.702515,-1.962033
3e93,3e93_468,2.090,-2.072052,-1.889600
3e93,3e93_476,4.590,-3.693715,-1.878785
3e93,3e93_477,2.730,-2.316185,-2.073641
3e93,3e93_480,6.520,-1.877911,-1.913331
3e93,3e93_484,2.780,-2.261732,-1.949294
3e93,3e93_485,1.780,-2.396126,-1.810240
3e93,3e93_491,3.010,-2.269257,-1.889729
3e93,3e93_494,1.760,-1.721145,-1.619200
3e93,3e93_500,2.140,-2.174146,-1.923537
3e93,3e93_51,0.340,-0.808598,-1.577855
3e93,3e93_511,3.920,-3.719012,-1.978161
3e93,3e93_518,3.610,-3.142835,-2.071662
3e93,3e93_520,4.050,-3.723328,-2.291470
3e93,3e93_522,4.160,-3.006044,-1.951477
3e93,3e93_523,6.110,-1.810530,-2.132335
3e93,3e93_530,5.090,-4.910128,-2.194434
3e93,3e93_536,4.660,-4.310143,-1.644277
3e93,3e93_543,7.590,-4.314679,-1.865453
3e93,3e93_552,3.720,-3.221173,-1.985674
3e93,3e93_555,7.670,-5.168175,-2.295391
3e93,3e93_560,4.160,-4.256522,-1.833345
3e93,3e93_562,4.110,-3.608837,-2.069360
3e93,3e93_565,7.270,-4.479021,-2.221371
3e93,3e93_566,4.280,-3.677006,-2.469487
3e93,3e93_571,9.220,-6.441196,-1.869387
3e93,3e93_573,5.690,-2.248667,-2.336049
3e93,3e93_575,3.050,-2.610019,-2.165854
3e93,3e93_576,8.200,-7.727472,-2.232903
3e93,3e93_579,7.610,-5.725810,-1.808177
3e93,3e93_581,5.910,-3.064794,-1.914398
3e93,3e93_584,4.970,-4.801262,-1.820879
3e93,3e93_589,3.570,-3.387846,-2.155866
3e93,3e93_607,7.980,-4.450050,-2.681683
3e93,3e93_636,7.420,-4.577185,-2.648507
3e93,3e93_643,9.730,-4.646827,-2.508965
3e93,3e93_646,3.410,-2.833647,-1.831750
3e93,3e93_651,7.400,-4.403017,-2.249692
3e93,3e93_654,6.620,-4.656063,-2.078820
3e93,3e93_657,8.330,-5.045112,-2.072499
3e93,3e93_660,5.880,-4.294930,-2.256030
3e93,3e93_661,4.880,-5.068330,-2.101326
3e93,3e93_664,5.940,-0.930128,-2.229124
3e93,3e93_669,8.610,-5.955533,-2.239878
3e93,3e93_673,5.770,-3.280986,-2.051449
3e93,3e93_678,7.160,-4.180016,-2.413279
3e93,3e93_684,8.180,-4.498788,-2.222337
3e93,3e93_696,7.510,-5.048779,-2.415693
3e93,3e93_698,9.970,-5.917773,-2.110568
3e93,3e93_7,0.680,-0.657234,-1.528129
3e93,3e93_81,3.040,-2.370551,-1.694879
3e93,3e93_813,0.500,-0.670323,-1.412897
3e93,3e93_821,9.950,-4.468972,-2.278371
3e93,3e93_822,9.820,-4.390027,-2.226888
3e93,3e93_823,9.970,-4.379683,-2.207691
3e93,3e93_824,6.030,-2.164721,-2.086743
3e93,3e93_833,6.620,-3.866553,-1.840298
3e93,3e93_835,9.650,-4.220497,-2.444487
3e93,3e93_836,6.080,-2.021716,-1.942712
3e93,3e93_837,9.540,-4.715513,-2.552772
3e93,3e93_840,9.630,-4.441276,-2.713320
3e93,3e93_841,9.560,-4.050897,-2.468195
3e93,3e93_901,0.800,-0.749202,-1.782405
3ebp,3ebp_249,0.690,-0.605856,-1.776198
3ebp,3ebp_251,2.880,-1.236403,-1.495221
3ebp,3ebp_261,1.470,-0.784328,-1.522493
3ebp,3ebp_268,1.520,-0.821114,-2.084489
3ebp,3ebp_340,0.920,-0.742147,-1.754386
3ebp,3ebp_347,1.040,-0.964565,-1.453731
3ebp,3ebp_35,5.350,-1.664536,-2.631790
3ebp,3ebp_363,0.960,-0.875060,-1.309879
3ebp,3ebp_396,0.470,-0.336580,-1.487759
3ebp,3ebp_4,3.280,-1.816427,-2.077759
3ebp,3ebp_411,6.020,-4.221114,-2.393421
3ebp,3ebp_425,5.490,-2.842857,-2.426480
3ebp,3ebp_433,2.240,-1.476772,-1.691233
3ebp,3ebp_447,2.980,-2.385472,-1.926365
3ebp,3ebp_464,5.720,-3.964255,-2.262759
3ebp,3ebp_467,1.900,-1.117625,-1.951003
3ebp,3ebp_473,4.970,-2.043327,-2.528871
3ebp,3ebp_476,3.980,-1.337587,-2.323177
3ebp,3ebp_493,3.090,-2.216578,-1.502870
3ebp,3ebp_495,1.730,-1.416345,-1.367952
3ebp,3ebp_496,2.860,-2.931445,-1.844093
3ebp,3ebp_497,5.440,-2.788531,-1.712082
3ebp,3ebp_509,4.050,-0.506333,-1.692397
3ebp,3ebp_524,4.420,-2.203013,-1.345009
3ebp,3ebp_533,2.210,-1.411445,-1.925244
3ebp,3ebp_538,2.090,-0.805112,-1.576084
3ebp,3ebp_539,6.400,-3.469425,-2.076342
3ebp,3ebp_540,6.170,-2.971853,-2.137046
3ebp,3ebp_548,6.360,-3.698776,-1.997976
3ebp,3ebp_550,5.450,-4.001140,-2.850351
3ebp,3ebp_553,5.640,-2.150436,-2.387040
3ebp,3ebp_577,4.680,-2.398511,-2.259537
3ebp,3ebp_584,4.830,-1.887013,-2.060184
3ebp,3ebp_59,2.450,-1.407220,-1.652714
3ebp,3ebp_597,3.810,-0.908140,-1.491121
3ebp,3ebp_607,5.000,-1.057415,-2.489623
3ebp,3ebp_611,6.090,-1.329632,-2.159322
3ebp,3ebp_627,6.500,-2.128341,-1.783765
3ebp,3ebp_632,5.950,-2.399901,-2.450850
3ebp,3ebp_658,2.210,-1.065056,-1.782392
3ebp,3ebp_676,4.160,-1.652021,-1.657555
3ebp,3ebp_686,3.440,-1.563553,-1.688786
3ebp,3ebp_690,3.910,-1.512119,-1.961777
3ebp,3ebp_691,2.910,-1.494845,-2.298066
3ebp,3ebp_696,3.170,-0.939586,-1.923355
3ebp,3ebp_699,3.610,-1.204313,-1.661229
3ebp,3ebp_7,0.760,-0.641753,-1.379213
3ebp,3ebp_713,0.660,-0.566909,-1.653208
3ebp,3ebp_714,0.730,-0.541120,-1.750462
3ebp,3ebp_715,1.390,-0.462444,-1.671160
3ebp,3ebp_720,5.840,-4.586784,-1.660759
3ebp,3ebp_721,0.600,-0.564932,-1.145704
3ebp,3ebp_730,4.840,-1.779660,-2.503536
3ebp,3ebp_732,0.870,-0.447236,-1.673166
3ebp,3ebp_737,3.160,-1.169866,-2.144244
3ebp,3ebp_740,4.490,-4.183014,-2.129601
3ebp,3ebp_741,1.250,-0.772845,-1.600397
3ebp,3ebp_761,3.890,-2.739434,-1.587058
3ebp,3ebp_768,5.750,-1.166092,-1.676522
3ebp,3ebp_771,6.260,-4.660370,-2.320117
3ebp,3ebp_774,7.100,-4.251349,-2.513746
3ebp,3ebp_777,5.710,-3.872296,-2.238919
3ebp,3ebp_779,6.310,-4.976316,-1.916637
3ebp,3ebp_783,6.230,-3.344049,-2.827168
3ebp,3ebp_784,2.310,-0.850742,-1.639452
3ebp,3ebp_790,1.880,-0.994791,-1.458692
3ebp,3ebp_792,6.230,-3.794372,-2.242443
3ebp,3ebp_800,4.260,-2.823210,-1.666830
3ebp,3ebp_844,0.670,-0.540466,-1.084346
3ebp,3ebp_884,1.550,-0.572924,-1.382438
3ebp,3ebp_90,1.890,-0.498618,-1.738843
3ehy,3ehy_106,1.060,-0.667485,-1.686751
3ehy,3ehy_140,0.710,-0.591049,-1.251349
3ehy,3ehy_141,0.990,-1.376574,-2.266895
3ehy,3ehy_183,0.810,-0.781503,-1.290934
3ehy,3ehy_229,2.010,-1.283754,-1.031395
3ehy,3ehy_232,0.820,-0.691885,-1.460772
3ehy,3ehy_309,1.030,-0.571601,-1.370238
3ehy,3ehy_349,0.900,-0.544445,-1.277374
3ehy,3ehy_376,0.970,-0.560490,-1.755931
3ehy,3ehy_395,0.820,-0.514471,-1.363538
3ehy,3ehy_406,6.130,-3.259736,-1.736615
3ehy,3ehy_407,4.200,-2.642281,-1.894164
3ehy,3ehy_433,3.870,-1.635523,-1.990450
3ehy,3ehy_437,6.890,-3.916707,-1.526809
3ehy,3ehy_443,3.980,-1.710991,-1.467415
3ehy,3ehy_447,3.720,-2.057943,-1.742275
3ehy,3ehy_463,7.200,-3.946011,-1.599746
3ehy,3ehy_471,7.310,-4.610765,-1.625297
3ehy,3ehy_476,4.470,-2.701161,-1.900413
3ehy,3ehy_477,5.800,-2.767030,-2.653682
3ehy,3ehy_481,2.050,-0.987186,-1.780448
3ehy,3ehy_482,5.170,-1.844162,-1.596167
3ehy,3ehy_485,4.900,-2.026840,-1.501061
3ehy,3ehy_486,3.200,-1.752923,-1.860501
3ehy,3ehy_492,1.850,-0.781574,-2.143289
3ehy,3ehy_493,2.260,-1.147900,-1.663557
3ehy,3ehy_495,3.510,-1.896218,-1.730226
3ehy,3ehy_496,1.150,-0.915521,-1.301609
3ehy,3ehy_500,3.030,-0.770850,-1.440205
3ehy,3ehy_502,6.850,-6.255162,-2.291654
3ehy,3ehy_509,2.460,-2.015868,-2.957166
3ehy,3ehy_512,5.060,-4.661188,-2.343699
3ehy,3ehy_521,6.160,-3.895972,-1.422891
3ehy,3ehy_535,5.010,-2.845473,-1.664724
3ehy,3ehy_537,6.260,-4.729957,-3.371625
3ehy,3ehy_54,1.240,-0.773695,-1.893093
3ehy,3ehy_543,2.780,-1.986608,-2.086198
3ehy,3ehy_545,4.390,-2.644816,-1.642103
3ehy,3ehy_551,5.900,-2.862386,-2.226326
3ehy,3ehy_564,5.390,-3.165004,-1.524265
3ehy,3ehy_570,6.380,-5.781950,-4.024230
3ehy,3ehy_576,6.110,-3.467473,-1.807689
3ehy,3ehy_592,6.240,-4.010523,-2.690141
3ehy,3ehy_615,3.740,-2.956447,-1.304358
3ehy,3ehy_619,3.990,-3.172582,-1.931825
3ehy,3ehy_622,4.070,-4.257859,-3.526802
3ehy,3ehy_623,4.950,-4.747220,-2.814974
3ehy,3ehy_632,3.000,-2.813348,-2.165648
3ehy,3ehy_637,1.450,-1.106118,-1.705871
3ehy,3ehy_642,4.120,-3.817310,-2.092069
3ehy,3ehy_646,1.740,-1.910357,-2.084089
3ehy,3ehy_667,1.320,-1.402708,-2.174359
3ehy,3ehy_668,4.130,-3.359901,-1.375639
3ehy,3ehy_671,1.980,-2.017658,-2.051599
3ehy,3ehy_674,5.010,-2.184851,-1.535125
3ehy,3ehy_678,4.370,-3.193958,-2.505236
3ehy,3ehy_685,1.050,-0.717372,-1.755240
3ehy,3ehy_693,3.470,-3.612833,-2.456328
3ehy,3ehy_698,5.640,-5.345399,-3.519031
3ehy,3ehy_706,0.660,-0.558038,-1.578421
3ehy,3ehy_719,2.900,-1.207756,-1.489926
3ehy,3ehy_728,7.230,-3.815299,-1.907937
3ehy,3ehy_731,4.890,-4.552662,-1.846741
3ehy,3ehy_735,7.070,-3.977882,-1.998874
3ehy,3ehy_752,5.040,-2.706108,-1.358478
3ehy,3ehy_753,2.440,-0.945117,-1.450951
3ehy,3ehy_758,7.440,-4.568267,-2.103165
3ehy,3ehy_759,6.860,-7.112107,-2.567775
3ehy,3ehy_764,7.180,-4.079813,-2.141658
3ehy,3ehy_768,5.520,-2.148867,-1.831340
3ehy,3ehy_769,7.020,-7.412565,-2.801261
3ehy,3ehy_777,7.280,-7.366317,-2.161946
3ehy,3ehy_779,7.390,-7.694743,-2.801599
3ehy,3ehy_785,6.750,-3.434963,-1.986574
3ehy,3ehy_789,7.080,-4.440915,-2.399094
3ehy,3ehy_793,2.740,-1.780759,-1.633214
3ehy,3ehy_858,0.830,-1.059586,-0.961626
3ehy,3ehy_919,2.170,-2.405920,-1.523880
3ehy,3ehy_977,0.730,-0.740519,-1.136356
3ehy,3ehy_985,3.540,-2.834656,-1.210545
3ejr,3ejr_10,1.250,-0.697997,-2.205140
3ejr,3ejr_16,0.870,-1.317442,-2.176995
3ejr,3ejr_19,1.210,-2.111358,-2.221832
3ejr,3ejr_213,5.330,-2.958196,-2.456493
3ejr,3ejr_217,0.960,-0.868647,-2.442462
3ejr,3ejr_22,0.580,-0.824101,-2.984070
3ejr,3ejr_222,0.910,-1.753056,-1.647337
3ejr,3ejr_233,2.390,-0.936851,-2.033148
3ejr,3ejr_236,1.340,-1.234385,-1.833604
3ejr,3ejr_277,1.130,-1.186227,-1.691577
3ejr,3ejr_327,0.560,-0.581081,-2.525731
3ejr,3ejr_360,0.410,-0.618777,-2.311215
3ejr,3ejr_401,3.570,-1.666604,-2.075258
3ejr,3ejr_417,5.260,-2.846699,-2.353373
3ejr,3ejr_419,4.020,-2.308668,-1.257895
3ejr,3ejr_428,5.830,-2.002117,-1.873484
3ejr,3ejr_443,4.560,-2.154622,-2.532178
3ejr,3ejr_457,6.420,-3.222693,-3.173516
3ejr,3ejr_459,0.890,-1.619626,-1.731190
3ejr,3ejr_469,6.010,-3.612934,-2.476908
3ejr,3ejr_480,5.110,-1.499349,-2.219330
3ejr,3ejr_492,6.360,-3.724180,-2.665318
3ejr,3ejr_495,4.050,-2.486540,-2.312005
3ejr,3ejr_514,4.130,-2.383056,-3.017850
3ejr,3ejr_531,4.390,-3.638025,-2.298914
3ejr,3ejr_536,2.580,-1.870058,-2.041210
3ejr,3ejr_546,3.850,-3.787241,-2.243565
3ejr,3ejr_55,1.300,-1.496859,-1.861380
3ejr,3ejr_553,6.290,-5.160666,-2.601828
3ejr,3ejr_561,1.400,-1.446402,-2.328447
3ejr,3ejr_573,1.950,-2.029391,-2.098479
3ejr,3ejr_577,2.190,-1.799095,-2.272503
3ejr,3ejr_587,6.360,-4.159164,-1.737221
3ejr,3ejr_588,2.460,-1.574316,-2.167499
3ejr,3ejr_591,4.810,-5.026102,-3.763451
3ejr,3ejr_593,3.400,-2.036547,-2.346910
3ejr,3ejr_595,2.810,-2.058692,-2.318533
3ejr,3ejr_598,3.410,-1.709090,-2.270593
3ejr,3ejr_599,4.490,-3.670712,-2.678877
3ejr,3ejr_630,3.330,-4.108471,-2.904413
3ejr,3ejr_633,5.700,-5.130369,-3.659449
3ejr,3ejr_635,6.370,-2.504223,-2.907365
3ejr,3ejr_644,5.350,-4.835309,-2.721019
3ejr,3ejr_655,4.250,-4.432961,-2.672081
3ejr,3ejr_663,6.150,-6.218358,-3.319337
3ejr,3ejr_673,5.800,-4.469090,-2.899422
3ejr,3ejr_676,6.430,-5.304135,-2.382761
3ejr,3ejr_682,5.390,-4.542837,-2.046330
3ejr,3ejr_683,5.890,-3.651742,-3.038628
3ejr,3ejr_686,6.190,-3.690145,-2.720689
3ejr,3ejr_690,6.030,-5.840477,-3.768458
3ejr,3ejr_749,0.810,-1.033911,-2.652285
3ejr,3ejr_758,4.270,-2.152419,-2.029651
3ejr,3ejr_759,0.550,-1.100398,-2.162874
3ejr,3ejr_770,2.640,-1.362021,-1.933888
3ejr,3ejr_773,2.450,-0.729217,-1.861161
3ejr,3ejr_776,3.910,-1.731855,-2.845325
3ejr,3ejr_778,3.010,-0.602797,-2.182023
3ejr,3ejr_779,1.870,-0.498684,-2.964095
3ejr,3ejr_782,3.040,-0.919620,-1.828474
3ejr,3ejr_784,2.910,-3.116068,-3.183846
3ejr,3ejr_785,2.410,-0.824107,-2.050128
3ejr,3ejr_853,3.050,-1.763351,-2.253676
3ejr,3ejr_87,1.260,-1.024557,-1.975439
3ejr,3ejr_877,4.910,-3.008428,-3.189455
3ejr,3ejr_883,5.150,-3.082131,-2.783501
3ejr,3ejr_94,3.330,-0.652529,-1.869625
3ejr,3ejr_941,1.600,-1.329067,-2.197110
3ejr,3ejr_949,2.060,-1.982094,-1.749583
3ejr,3ejr_964,0.650,-0.824432,-2.026140
3f3a,3f3a_203,0.200,-0.688170,-1.355300
3f3a,3f3a_222,0.270,-0.728862,-1.396097
3f3a,3f3a_262,1.630,-1.735055,-1.142369
3f3a,3f3a_278,0.570,-0.637827,-1.690248
3f3a,3f3a_3,0.600,-1.144864,-1.241197
3f3a,3f3a_309,9.330,-8.317732,-1.714718
3f3a,3f3a_31,0.380,-0.767944,-1.336061
3f3a,3f3a_320,9.880,-8.360289,-2.366300
3f3a,3f3a_321,9.540,-8.352608,-1.905699
3f3a,3f3a_322,9.850,-8.372658,-1.820511
3f3a,3f3a_333,9.060,-8.221179,-2.440653
3f3a,3f3a_339,0.530,-1.089992,-0.978443
3f3a,3f3a_354,4.340,-4.617424,-1.345504
3f3a,3f3a_359,4.990,-5.592129,-2.346952
3f3a,3f3a_367,2.200,-2.599264,-2.056450
3f3a,3f3a_410,1.960,-1.826952,-1.775614
3f3a,3f3a_412,5.180,-3.113009,-1.985327
3f3a,3f3a_417,2.000,-2.393641,-1.973195
3f3a,3f3a_432,4.610,-2.717268,-1.195821
3f3a,3f3a_438,4.850,-2.094220,-1.640517
3f3a,3f3a_439,2.330,-2.135692,-1.551120
3f3a,3f3a_443,5.040,-1.543895,-1.136708
3f3a,3f3a_447,4.440,-1.978488,-1.042763
3f3a,3f3a_488,4.960,-4.340010,-2.337479
3f3a,3f3a_495,5.270,-2.028722,-1.281545
3f3a,3f3a_509,1.950,-1.597107,-1.749997
3f3a,3f3a_514,1.940,-1.252575,-1.323779
3f3a,3f3a_525,2.590,-3.083381,-1.736106
3f3a,3f3a_528,4.140,-4.283152,-1.417480
3f3a,3f3a_552,2.200,-2.624744,-1.823414
3f3a,3f3a_553,5.220,-1.758378,-1.692302
3f3a,3f3a_558,4.800,-3.211684,-1.175326
3f3a,3f3a_57,0.370,-0.733394,-1.410489
3f3a,3f3a_570,3.700,-3.353005,-0.949293
3f3a,3f3a_573,1.740,-1.296699,-1.283123
3f3a,3f3a_581,2.600,-2.720670,-2.224134
3f3a,3f3a_584,5.650,-5.874512,-2.013224
3f3a,3f3a_603,3.020,-3.275089,-1.627337
3f3a,3f3a_612,1.970,-1.688390,-1.076252
3f3a,3f3a_621,4.540,-4.996372,-2.346499
3f3a,3f3a_629,5.290,-5.217678,-2.361676
3f3a,3f3a_630,5.110,-2.388551,-1.339162
3f3a,3f3a_640,5.170,-2.652255,-1.197168
3f3a,3f3a_649,1.330,-1.225361,-1.229957
3f3a,3f3a_65,0.320,-0.884739,-0.977552
3f3a,3f3a_652,3.280,-4.181312,-1.164931
3f3a,3f3a_653,5.320,-4.268723,-1.821539
3f3a,3f3a_674,3.070,-3.600440,-1.519773
3f3a,3f3a_676,2.040,-0.543993,-1.584025
3f3a,3f3a_686,4.460,-5.136772,-1.809039
3f3a,3f3a_688,5.690,-5.020198,-1.943441
3f3a,3f3a_694,1.760,-1.233511,-1.401339
3f3a,3f3a_697,2.710,-3.011484,-1.827061
3f3a,3f3a_71,0.870,-0.620300,-1.223150
3f3a,3f3a_734,2.970,-2.911730,-1.223260
3f3a,3f3a_750,3.990,-3.734189,-1.969028
3f3a,3f3a_752,2.670,-2.149529,-3.072368
3f3a,3f3a_767,1.960,-2.075114,-2.416610
3f3a,3f3a_779,3.900,-4.403689,-2.061285
3f3a,3f3a_781,3.310,-4.382092,-1.623108
3f3a,3f3a_790,2.490,-2.451078,-1.147349
3f3a,3f3a_795,3.590,-3.416748,-1.435415
3f3a,3f3a_798,3.060,-2.752125,-1.953225
3f3a,3f3a_873,3.010,-2.955361,-1.832105
3f3a,3f3a_934,0.820,-1.318437,-1.422608
3f3c,3f3c_223,0.690,-0.996858,-1.890982
3f3c,3f3c_256,0.530,-0.785089,-1.598710
3f3c,3f3c_258,0.540,-0.815190,-1.756100
3f3c,3f3c_29,2.590,-1.938014,-1.795606
3f3c,3f3c_326,0.450,-0.622444,-1.834117
3f3c,3f3c_38,1.450,-1.884974,-1.966927
3f3c,3f3c_401,0.770,-0.559806,-1.451874
3f3c,3f3c_407,0.870,-0.626807,-1.293888
3f3c,3f3c_411,4.660,-1.628964,-2.284355
3f3c,3f3c_413,1.810,-1.216846,-1.409494
3f3c,3f3c_419,0.960,-0.858820,-2.141000
3f3c,3f3c_430,5.260,-1.202996,-1.734685
3f3c,3f3c_442,5.300,-0.977532,-2.673078
3f3c,3f3c_453,4.630,-1.581084,-3.350714
3f3c,3f3c_456,4.990,-2.088622,-2.652303
3f3c,3f3c_458,5.340,-1.663295,-2.365016
3f3c,3f3c_459,5.170,-1.251242,-2.200135
3f3c,3f3c_463,4.780,-1.385436,-1.187749
3f3c,3f3c_466,1.550,-0.899673,-1.476172
3f3c,3f3c_469,5.230,-1.383156,-2.122576
3f3c,3f3c_471,4.780,-1.112875,-2.936937
3f3c,3f3c_472,5.330,-1.549587,-2.250811
3f3c,3f3c_474,1.950,-1.866911,-1.682879
3f3c,3f3c_475,4.630,-2.368175,-2.320132
3f3c,3f3c_480,5.280,-1.340028,-1.690409
3f3c,3f3c_485,5.280,-1.607626,-2.556231
3f3c,3f3c_491,4.760,-1.893553,-2.445879
3f3c,3f3c_496,0.980,-1.252851,-1.318985
3f3c,3f3c_499,5.300,-0.988883,-1.935079
3f3c,3f3c_507,1.150,-1.240576,-1.400216
3f3c,3f3c_508,0.970,-1.094982,-1.617974
3f3c,3f3c_510,4.960,-1.650486,-1.834134
3f3c,3f3c_523,0.920,-0.859395,-1.175904
3f3c,3f3c_542,4.620,-1.771557,-3.488636
3f3c,3f3c_544,2.080,-1.990622,-1.833049
3f3c,3f3c_545,2.020,-1.331191,-1.967714
3f3c,3f3c_555,2.240,-1.685680,-2.282569
3f3c,3f3c_572,4.810,-1.100867,-3.617312
3f3c,3f3c_585,1.750,-1.419478,-1.609538
3f3c,3f3c_586,1.810,-0.548692,-1.990174
3f3c,3f3c_587,1.140,-0.989121,-1.270411
3f3c,3f3c_599,1.740,-1.120293,-1.782659
3f3c,3f3c_628,2.570,-2.799494,-1.845683
3f3c,3f3c_635,2.160,-1.502085,-1.119615
3f3c,3f3c_665,3.100,-2.307365,-2.034904
3f3c,3f3c_686,2.830,-3.297800,-1.297967
3f3c,3f3c_696,1.990,-1.438083,-1.922883
3f3c,3f3c_735,2.450,-1.596817,-1.504375
3f3c,3f3c_775,2.600,-2.093941,-1.909717
3f3c,3f3c_779,2.060,-1.829239,-2.033932
3f3c,3f3c_788,3.410,-3.593465,-2.926690
3f3c,3f3c_789,3.440,-3.418408,-2.531590
3f3c,3f3c_790,3.480,-3.588140,-2.832812
3f3c,3f3c_791,3.430,-3.541332,-2.443505
3f3c,3f3c_792,3.370,-3.515352,-2.300832
3f3c,3f3c_799,5.020,-1.153433,-1.786508
3f3d,3f3d_211,0.700,-0.390201,-1.713061
3f3d,3f3d_251,1.320,-0.624889,-2.396752
3f3d,3f3d_255,0.860,-0.434904,-2.112658
3f3d,3f3d_287,1.550,-0.819887,-2.210303
3f3d,3f3d_295,0.720,-0.344590,-2.226516
3f3d,3f3d_319,0.990,-0.652477,-2.180040
3f3d,3f3d_33,0.970,-0.416568,-2.515647
3f3d,3f3d_363,0.400,-0.437293,-1.968577
3f3d,3f3d_377,1.020,-0.340943,-1.939777
3f3d,3f3d_401,3.890,-1.112732,-3.355239
3f3d,3f3d_424,2.640,-1.021367,-4.802221
3f3d,3f3d_433,3.840,-0.766136,-1.719112
3f3d,3f3d_435,4.090,-0.417640,-2.115738
3f3d,3f3d_444,3.320,-1.505363,-2.426831
3f3d,3f3d_450,3.870,-0.842593,-1.896851
3f3d,3f3d_454,2.060,-1.190469,-1.667675
3f3d,3f3d_457,1.260,-0.386027,-1.649605
3f3d,3f3d_464,4.030,-1.140078,-2.313617
3f3d,3f3d_469,4.030,-1.126584,-3.178960
3f3d,3f3d_477,4.080,-0.284741,-2.621159
3f3d,3f3d_482,4.310,-1.253025,-1.520669
3f3d,3f3d_484,4.260,-1.780296,-2.700454
3f3d,3f3d_500,3.770,-0.875591,-1.833336
3f3d,3f3d_516,1.380,-0.873416,-2.398841
3f3d,3f3d_526,0.970,-0.445779,-1.529310
3f3d,3f3d_529,1.410,-0.673480,-2.532892
3f3d,3f3d_554,4.070,-0.667098,-1.479087
3f3d,3f3d_574,2.940,-2.804842,-2.998675
3f3d,3f3d_588,4.100,-0.669252,-2.159164
3f3d,3f3d_591,3.380,-1.266016,-2.495522
3f3d,3f3d_596,1.270,-0.923713,-2.511038
3f3d,3f3d_601,3.130,-1.733592,-2.630180
3f3d,3f3d_614,2.040,-1.523722,-3.732272
3f3d,3f3d_62,0.960,-0.712764,-2.248044
3f3d,3f3d_629,1.470,-0.778892,-1.785570
3f3d,3f3d_634,2.100,-1.411732,-3.613511
3f3d,3f3d_644,1.590,-0.947367,-2.590622
3f3d,3f3d_653,2.970,-2.380436,-3.543358
3f3d,3f3d_663,2.010,-1.562322,-2.818247
3f3d,3f3d_666,2.020,-1.375216,-1.910028
3f3d,3f3d_682,2.020,-1.289402,-2.531565
3f3d,3f3d_692,0.910,-0.689570,-3.005042
3f3d,3f3d_771,4.210,-2.618691,-4.847694
3f3d,3f3d_774,3.910,-1.439315,-3.416124
3f3d,3f3d_775,4.070,-1.349879,-2.134296
3f3d,3f3d_787,1.490,-0.698890,-2.829781
3f3d,3f3d_791,3.390,-2.338307,-3.178505
3f3d,3f3d_797,3.060,-2.426708,-3.648696
3f3d,3f3d_798,2.190,-1.462936,-3.007124
3f3d,3f3d_99,0.880,-1.150271,-2.254558
3f3e,3f3e_107,0.380,-0.777829,-1.360749
3f3e,3f3e_122,0.740,-0.357488,-1.007894
3f3e,3f3e_173,0.660,-0.629893,-1.511137
3f3e,3f3e_174,0.830,-0.462646,-2.594673
3f3e,3f3e_182,0.870,-1.053180,-2.175084
3f3e,3f3e_197,0.220,-0.496574,-1.186876
3f3e,3f3e_418,1.160,-0.850449,-1.571349
3f3e,3f3e_422,1.700,-0.738874,-1.674441
3f3e,3f3e_427,3.870,-1.540410,-2.047984
3f3e,3f3e_429,1.060,-1.392336,-2.316708
3f3e,3f3e_435,4.030,-2.599520,-2.254475
3f3e,3f3e_441,0.930,-1.356434,-2.459788
3f3e,3f3e_444,2.170,-0.871869,-1.593822
3f3e,3f3e_447,4.190,-3.031006,-2.942451
3f3e,3f3e_451,1.150,-1.460553,-2.853313
3f3e,3f3e_457,0.790,-0.550267,-1.561379
3f3e,3f3e_466,1.290,-1.818699,-1.825184
3f3e,3f3e_473,2.000,-1.685762,-2.438715
3f3e,3f3e_478,3.980,-3.353454,-2.760253
3f3e,3f3e_485,2.060,-1.838784,-1.861443
3f3e,3f3e_508,0.980,-0.577643,-1.229290
3f3e,3f3e_511,1.220,-1.931333,-2.046099
3f3e,3f3e_527,2.050,-1.370535,-2.184106
3f3e,3f3e_565,1.760,-1.443713,-2.946771
3f3e,3f3e_569,3.860,-1.113423,-2.138692
3f3e,3f3e_579,3.360,-2.525644,-2.655798
3f3e,3f3e_582,3.700,-1.155072,-2.354818
3f3e,3f3e_586,1.570,-0.601389,-2.243481
3f3e,3f3e_587,3.840,-1.283412,-1.927568
3f3e,3f3e_591,2.520,-2.463980,-2.205699
3f3e,3f3e_594,4.050,-2.609642,-1.549673
3f3e,3f3e_630,3.050,-2.015889,-4.038788
3f3e,3f3e_634,2.930,-1.987174,-2.094684
3f3e,3f3e_635,2.200,-1.048737,-2.672688
3f3e,3f3e_638,2.020,-0.992364,-2.056116
3f3e,3f3e_662,2.230,-2.180223,-2.884437
3f3e,3f3e_688,4.010,-3.110255,-2.105766
3f3e,3f3e_697,2.560,-2.093120,-3.857479
3f3e,3f3e_700,2.000,-1.708241,-2.027100
3f3e,3f3e_760,3.180,-3.224220,-2.781528
3f3e,3f3e_772,2.590,-1.582074,-1.937600
3f3e,3f3e_773,3.810,-1.603289,-2.660226
3f3e,3f3e_780,4.240,-3.521882,-3.209166
3f3e,3f3e_783,3.890,-2.208498,-2.264205
3f3e,3f3e_784,4.260,-3.521882,-3.209166
3f3e,3f3e_844,0.930,-0.501017,-2.753206
3fcq,3fcq_103,1.040,-1.177342,-1.318885
3fcq,3fcq_107,1.830,-0.860779,-1.384276
3fcq,3fcq_109,6.330,-6.215893,-3.587734
3fcq,3fcq_110,0.870,-0.969155,-1.245718
3fcq,3fcq_112,6.560,-7.367271,-4.293980
3fcq,3fcq_117,4.700,-4.974077,-3.486674
3fcq,3fcq_118,6.950,-6.799569,-3.376535
3fcq,3fcq_127,7.670,-7.641323,-3.986884
3fcq,3fcq_128,6.220,-6.182570,-2.598553
3fcq,3fcq_129,5.650,-5.859555,-2.697928
3fcq,3fcq_135,3.090,-0.856972,-2.126478
3fcq,3fcq_136,1.030,-0.598549,-1.252124
3fcq,3fcq_140,5.290,-5.477787,-2.845497
3fcq,3fcq_166,0.750,-0.469673,-1.998493
3fcq,3fcq_169,3.400,-0.896984,-1.574717
3fcq,3fcq_174,6.070,-6.757561,-2.643918
3fcq,3fcq_175,2.120,-1.277889,-1.953478
3fcq,3fcq_177,7.410,-7.467417,-3.848751
3fcq,3fcq_181,8.730,-7.690626,-4.518164
3fcq,3fcq_184,7.330,-7.146202,-3.610134
3fcq,3fcq_198,8.130,-7.409190,-4.562527
3fcq,3fcq_209,0.950,-0.596699,-1.835008
3fcq,3fcq_237,1.340,-0.456957,-0.686129
3fcq,3fcq_314,1.050,-1.027418,-1.161327
3fcq,3fcq_320,0.570,-1.028236,-0.875820
3fcq,3fcq_352,0.570,-0.869265,-1.309127
3fcq,3fcq_353,6.890,-6.863034,-3.457625
3fcq,3fcq_365,0.790,-0.707363,-1.423381
3fcq,3fcq_372,1.320,-0.913993,-1.212892
3fcq,3fcq_418,3.300,-0.846819,-2.963399
3fcq,3fcq_419,3.130,-2.248067,-1.856697
3fcq,3fcq_428,3.010,-0.742000,-2.278310
3fcq,3fcq_442,2.910,-1.386744,-2.528480
3fcq,3fcq_445,1.450,-1.238081,-2.731458
3fcq,3fcq_450,1.480,-1.232287,-2.489189
3fcq,3fcq_461,2.100,-1.285129,-2.332887
3fcq,3fcq_469,2.840,-1.471004,-2.583463
3fcq,3fcq_479,3.160,-2.045903,-2.602822
3fcq,3fcq_488,1.740,-1.638464,-1.671414
3fcq,3fcq_493,3.310,-1.330354,-1.772793
3fcq,3fcq_496,2.940,-1.262265,-1.555640
3fcq,3fcq_506,4.290,-4.069852,-2.787252
3fcq,3fcq_509,5.330,-5.594660,-4.865154
3fcq,3fcq_513,2.240,-1.522133,-2.074634
3fcq,3fcq_515,4.080,-4.337293,-2.852071
3fcq,3fcq_517,4.230,-3.985454,-2.813196
3fcq,3fcq_53,0.640,-0.515328,-1.482746
3fcq,3fcq_537,5.010,-5.569619,-2.755192
3fcq,3fcq_547,5.150,-5.257166,-3.464134
3fcq,3fcq_550,5.180,-5.553668,-3.071027
3fcq,3fcq_562,3.330,-2.514716,-1.868524
3fcq,3fcq_568,5.450,-5.968601,-2.425893
3fcq,3fcq_578,0.670,-0.361983,-1.694958
3fcq,3fcq_588,6.080,-6.258309,-2.786075
3fcq,3fcq_598,4.200,-3.972636,-3.217668
3fcq,3fcq_629,4.100,-3.359278,-3.050632
3fcq,3fcq_638,2.750,-1.647814,-1.471402
3fcq,3fcq_641,4.220,-4.214282,-3.369236
3fcq,3fcq_671,3.630,-2.333887,-2.487494
3fcq,3fcq_672,6.080,-5.840684,-3.076753
3fcq,3fcq_675,1.970,-2.103911,-2.015732
3fcq,3fcq_681,5.140,-4.903989,-2.926745
3fcq,3fcq_683,2.940,-3.048884,-3.384119
3fcq,3fcq_692,6.370,-6.355368,-3.135048
3fcq,3fcq_694,2.650,-1.431552,-1.647049
3fcq,3fcq_700,5.830,-6.164912,-4.391794
3fcq,3fcq_74,0.650,-0.582026,-1.311877
3fcq,3fcq_775,3.410,-2.933857,-1.457979
3fcq,3fcq_778,4.010,-1.553777,-2.142774
3fcq,3fcq_781,4.350,-4.888084,-2.937232
3fcq,3fcq_794,4.150,-2.677137,-2.085466
3fcq,3fcq_84,0.870,-0.974598,-1.164864
3fcq,3fcq_843,6.360,-6.135341,-3.533741
3fcq,3fcq_844,2.930,-1.843132,-2.501098
3fcq,3fcq_887,5.740,-5.567377,-3.266209
3fur,3fur_110,8.700,-5.143032,-2.183506
3fur,3fur_13,9.280,-7.067467,-2.513375
3fur,3fur_131,7.230,-5.790346,-1.481150
3fur,3fur_138,0.910,-0.178022,-0.694079
3fur,3fur_145,6.580,-4.809218,-1.926021
3fur,3fur_146,1.030,-0.303851,-1.430338
3fur,3fur_153,1.000,-0.368698,-0.953050
3fur,3fur_154,1.690,-1.176656,-0.893571
3fur,3fur_160,1.060,-0.285526,-0.963223
3fur,3fur_165,1.700,-0.355928,-1.573650
3fur,3fur_173,5.470,-3.642014,-1.512191
3fur,3fur_181,9.810,-6.451077,-2.450927
3fur,3fur_194,6.490,-4.295498,-1.564806
3fur,3fur_2,8.800,-5.915684,-2.425309
3fur,3fur_203,2.050,-0.303158,-1.144348
3fur,3fur_215,0.570,-0.215568,-0.985653
3fur,3fur_220,1.250,-0.286374,-0.987281
3fur,3fur_233,4.360,-1.983844,-1.666308
3fur,3fur_234,1.110,-0.184849,-0.898470
3fur,3fur_237,2.220,-1.277741,-1.199146
3fur,3fur_243,0.460,-0.223953,-0.888643
3fur,3fur_254,0.930,-0.191472,-1.162662
3fur,3fur_308,9.980,-7.424261,-2.397790
3fur,3fur_317,8.100,-5.254126,-1.796058
3fur,3fur_318,8.070,-6.922667,-1.878367
3fur,3fur_323,0.530,-0.206277,-0.789651
3fur,3fur_328,8.760,-7.685018,-2.313435
3fur,3fur_33,7.890,-5.708449,-3.036249
3fur,3fur_331,1.320,-0.218332,-1.049606
3fur,3fur_342,0.610,-0.182627,-1.112484
3fur,3fur_364,9.160,-6.029989,-2.293049
3fur,3fur_369,9.120,-7.458799,-1.785133
3fur,3fur_374,0.760,-0.502764,-1.136139
3fur,3fur_395,9.140,-6.997332,-2.472183
3fur,3fur_399,9.020,-8.088820,-2.460860
3fur,3fur_406,3.390,-2.297817,-1.602284
3fur,3fur_413,4.890,-1.343668,-1.302538
3fur,3fur_415,4.040,-2.173184,-2.078735
3fur,3fur_417,3.140,-1.621503,-0.949999
3fur,3fur_427,5.690,-2.961296,-1.496447
3fur,3fur_43,9.130,-6.008024,-2.839943
3fur,3fur_433,4.270,-2.484261,-1.709403
3fur,3fur_437,2.580,-1.652278,-0.804430
3fur,3fur_440,1.540,-1.528134,-1.294963
3fur,3fur_442,2.810,-1.443515,-1.540584
3fur,3fur_444,5.300,-3.026907,-1.654047
3fur,3fur_446,3.370,-1.552498,-1.277912
3fur,3fur_449,5.490,-2.318097,-1.123481
3fur,3fur_454,2.660,-1.712315,-1.706417
3fur,3fur_461,4.300,-2.731264,-1.437686
3fur,3fur_469,3.290,-2.049790,-1.181479
3fur,3fur_483,3.150,-1.428450,-1.221677
3fur,3fur_484,4.970,-1.568536,-1.227537
3fur,3fur_494,2.900,-2.004092,-1.489188
3fur,3fur_513,5.370,-1.632813,-1.337100
3fur,3fur_514,1.990,-1.327601,-1.090746
3fur,3fur_532,6.550,-3.231030,-2.049497
3fur,3fur_535,5.590,-2.692712,-1.347094
3fur,3fur_537,2.670,-1.465972,-1.463234
3fur,3fur_538,3.340,-1.712113,-2.355566
3fur,3fur_539,6.880,-6.054171,-2.306156
3fur,3fur_541,6.070,-1.875373,-1.575221
3fur,3fur_554,7.290,-4.796497,-1.496599
3fur,3fur_557,2.120,-1.318346,-1.376742
3fur,3fur_560,4.680,-2.225616,-0.962671
3fur,3fur_561,6.540,-5.447302,-1.632671
3fur,3fur_568,4.560,-3.273634,-1.205906
3fur,3fur_571,3.940,-2.075902,-0.988067
3fur,3fur_588,2.980,-1.682902,-1.557695
3fur,3fur_59,6.360,-4.024588,-1.533898
3fur,3fur_6,1.000,-0.218928,-1.050840
3fur,3fur_60,9.540,-6.192547,-2.747455
3fur,3fur_600,6.790,-6.626044,-1.973541
3fur,3fur_612,7.240,-5.879641,-2.136186
3fur,3fur_623,7.080,-3.099538,-1.952355
3fur,3fur_630,6.350,-6.203516,-1.777013
3fur,3fur_632,4.930,-4.599580,-1.509387
3fur,3fur_657,8.490,-8.306251,-1.981837
3fur,3fur_659,7.660,-6.185165,-1.615302
3fur,3fur_666,8.870,-7.584918,-2.309730
3fur,3fur_672,5.740,-5.708396,-1.664414
3fur,3fur_673,8.370,-6.731368,-2.271036
3fur,3fur_675,3.270,-1.751965,-1.342082
3fur,3fur_681,8.150,-5.432834,-2.692681
3fur,3fur_683,5.150,-1.455000,-1.687724
3fur,3fur_684,6.300,-5.852867,-1.283280
3fur,3fur_692,7.080,-5.566588,-2.208572
3fur,3fur_696,2.940,-2.861505,-1.882419
3fur,3fur_697,7.410,-7.537896,-2.559879
3fur,3fur_7,7.570,-3.946163,-2.073825
3fur,3fur_729,5.060,-3.141829,-1.818859
3fur,3fur_778,3.670,-1.225089,-1.265718
3fur,3fur_783,1.720,-0.961829,-1.297947
3fur,3fur_787,7.190,-5.398282,-1.518331
3fur,3fur_794,4.320,-1.178215,-0.980865
3fur,3fur_796,3.930,-1.235280,-1.452122
3fur,3fur_797,5.560,-5.505278,-1.616541
3fur,3fur_88,8.010,-7.353799,-1.521132
3fur,3fur_94,9.400,-7.078599,-2.895130
3fur,3fur_960,0.930,-0.269756,-0.876870
3fv1,3fv1_115,0.220,-0.444184,-3.035818
3fv1,3fv1_191,0.160,-0.447001,-2.541857
3fv1,3fv1_262,0.400,-0.470062,-3.258978
3fv1,3fv1_333,0.310,-0.453195,-3.334501
3fv1,3fv1_407,1.520,-2.531344,-3.815033
3fv1,3fv1_415,1.450,-2.132243,-3.768063
3fv1,3fv1_435,3.470,-2.036152,-3.763692
3fv1,3fv1_436,1.510,-1.862299,-4.448446
3fv1,3fv1_442,4.130,-2.726509,-4.136578
3fv1,3fv1_451,3.230,-2.894079,-3.652863
3fv1,3fv1_452,1.820,-1.946671,-3.818443
3fv1,3fv1_456,2.100,-2.204175,-3.808632
3fv1,3fv1_461,3.850,-1.983895,-3.725449
3fv1,3fv1_463,3.430,-1.751471,-3.921863
3fv1,3fv1_467,2.370,-2.195299,-4.313148
3fv1,3fv1_470,0.890,-1.108937,-3.951688
3fv1,3fv1_488,4.230,-3.343666,-4.900881
3fv1,3fv1_491,2.030,-1.641865,-3.435636
3fv1,3fv1_492,2.800,-2.660910,-3.883727
3fv1,3fv1_494,3.700,-3.928305,-3.991651
3fv1,3fv1_503,1.000,-1.356244,-4.088372
3fv1,3fv1_530,2.670,-2.069669,-2.903380
3fv1,3fv1_553,2.000,-1.677521,-4.382193
3fv1,3fv1_557,4.030,-2.372225,-4.682096
3fv1,3fv1_572,2.720,-2.691997,-3.864781
3fv1,3fv1_573,2.120,-2.047615,-4.961799
3fv1,3fv1_575,3.770,-1.989460,-4.069663
3fv1,3fv1_598,3.230,-2.465656,-4.368830
3fv1,3fv1_613,2.850,-2.352997,-3.699485
3fv1,3fv1_623,1.870,-2.313643,-4.854397
3fv1,3fv1_628,2.120,-1.986164,-3.840208
3fv1,3fv1_638,1.960,-1.403091,-4.285085
3fv1,3fv1_645,1.410,-1.797366,-3.486864
3fv1,3fv1_652,4.130,-3.138625,-4.252266
3fv1,3fv1_672,3.630,-3.500194,-3.625731
3fv1,3fv1_676,3.640,-3.410429,-4.452224
3fv1,3fv1_677,1.600,-1.764845,-4.216810
3fv1,3fv1_690,1.480,-1.559432,-3.609972
3fv1,3fv1_695,3.300,-2.098789,-3.902331
3fv1,3fv1_700,2.440,-2.528240,-3.903938
3fv1,3fv1_730,0.340,-0.443334,-3.035771
3fv1,3fv1_742,0.530,-0.780299,-2.955179
3fv1,3fv1_832,0.630,-0.385466,-2.776086
3fv1,3fv1_87,0.450,-0.638623,-3.583817
3fv2,3fv2_172,0.120,-0.688725,-3.344542
3fv2,3fv2_177,0.590,-0.779447,-3.050852
3fv2,3fv2_200,0.680,-1.196833,-2.482782
3fv2,3fv2_298,0.330,-0.678948,-3.253735
3fv2,3fv2_302,0.360,-1.099621,-3.253111
3fv2,3fv2_408,0.920,-1.231464,-3.675758
3fv2,3fv2_409,3.650,-2.381163,-4.131755
3fv2,3fv2_412,4.130,-2.269248,-3.890348
3fv2,3fv2_42,0.660,-0.551674,-3.295231
3fv2,3fv2_424,3.950,-2.035174,-3.404071
3fv2,3fv2_429,4.180,-2.977467,-4.308714
3fv2,3fv2_430,3.820,-2.622415,-3.397652
3fv2,3fv2_459,3.810,-2.462572,-3.903135
3fv2,3fv2_466,2.430,-2.932781,-4.421355
3fv2,3fv2_484,2.350,-1.893743,-3.979226
3fv2,3fv2_485,2.500,-2.368321,-4.168340
3fv2,3fv2_488,4.250,-3.064797,-5.679909
3fv2,3fv2_489,4.400,-3.153364,-4.002715
3fv2,3fv2_500,4.040,-3.270573,-3.589988
3fv2,3fv2_503,0.930,-1.622678,-3.662856
3fv2,3fv2_509,0.980,-1.561815,-3.517883
3fv2,3fv2_510,2.750,-2.605490,-3.524014
3fv2,3fv2_514,0.870,-1.776483,-3.546342
3fv2,3fv2_517,1.010,-1.574965,-3.554744
3fv2,3fv2_520,1.950,-2.302482,-2.891171
3fv2,3fv2_547,1.170,-2.005311,-3.462041
3fv2,3fv2_548,2.160,-2.193729,-2.601195
3fv2,3fv2_556,2.660,-3.019789,-4.713223
3fv2,3fv2_559,2.170,-2.162589,-3.624155
3fv2,3fv2_563,1.780,-2.062006,-3.155526
3fv2,3fv2_566,1.840,-2.067355,-4.348109
3fv2,3fv2_576,4.040,-1.959703,-3.938150
3fv2,3fv2_582,1.570,-1.638425,-3.678720
3fv2,3fv2_588,4.310,-3.921823,-4.246544
3fv2,3fv2_590,3.050,-4.348186,-3.684652
3fv2,3fv2_592,2.380,-2.801509,-3.819868
3fv2,3fv2_613,1.300,-1.834345,-3.679744
3fv2,3fv2_623,3.140,-3.616646,-3.996529
3fv2,3fv2_626,1.490,-2.186569,-2.983896
3fv2,3fv2_642,4.030,-3.249585,-3.186908
3fv2,3fv2_652,1.540,-1.348438,-3.435008
3fv2,3fv2_657,3.480,-2.344126,-4.551057
3fv2,3fv2_658,4.200,-2.413136,-3.698566
3fv2,3fv2_675,3.190,-3.245008,-3.656622
3fv2,3fv2_676,4.140,-2.247697,-3.878545
3fv2,3fv2_681,2.040,-2.194643,-3.531406
3fv2,3fv2_684,3.800,-3.675226,-4.433076
3fv2,3fv2_688,3.370,-2.370309,-3.469298
3fv2,3fv2_699,2.140,-1.536867,-2.423472
3fv2,3fv2_832,1.370,-1.568982,-3.157318
3g0w,3g0w_185,0.540,-0.358406,-3.209755
3g0w,3g0w_195,0.590,-0.426191,-2.957354
3g0w,3g0w_196,0.330,-0.291262,-3.005434
3g0w,3g0w_241,0.260,-0.374575,-2.869865
3g0w,3g0w_27,0.450,-0.499082,-2.742069
3g0w,3g0w_281,0.210,-0.508686,-3.198422
3g0w,3g0w_401,0.940,-0.610842,-3.111336
3g0w,3g0w_409,0.820,-0.644694,-3.412567
3g0w,3g0w_410,1.820,-1.319668,-3.500233
3g0w,3g0w_413,0.930,-0.531024,-2.667172
3g0w,3g0w_417,6.410,-2.276174,-3.091693
3g0w,3g0w_441,1.690,-1.475134,-3.140744
3g0w,3g0w_458,6.720,-1.441767,-2.769502
3g0w,3g0w_475,2.440,-1.466424,-3.082510
3g0w,3g0w_488,2.120,-2.186655,-4.261557
3g0w,3g0w_493,2.390,-1.799003,-3.552631
3g0w,3g0w_494,2.690,-2.147877,-3.975446
3g0w,3g0w_499,2.290,-1.639115,-2.526597
3g0w,3g0w_516,3.070,-1.835494,-3.657043
3g0w,3g0w_523,6.130,-2.343630,-2.950959
3g0w,3g0w_545,3.360,-1.961990,-3.515782
3g0w,3g0w_552,1.130,-1.022007,-3.354921
3g0w,3g0w_562,1.070,-1.115955,-3.225040
3g0w,3g0w_573,1.090,-1.703542,-3.544469
3g0w,3g0w_574,2.790,-1.675187,-3.983414
3g0w,3g0w_609,1.740,-1.494197,-3.193391
3g0w,3g0w_613,2.360,-1.739946,-3.538257
3g0w,3g0w_639,6.570,-1.747602,-3.442827
3g0w,3g0w_658,1.210,-1.381019,-3.524881
3g0w,3g0w_690,1.960,-1.178447,-2.902288
3g0w,3g0w_696,2.010,-1.462423,-3.201485
3g0w,3g0w_697,3.030,-2.316433,-3.274854
3g0w,3g0w_703,6.600,-1.037839,-3.402972
3g0w,3g0w_753,7.060,-1.494071,-2.953883
3g0w,3g0w_754,4.390,-3.088616,-3.651842
3g0w,3g0w_755,3.410,-1.921767,-3.591759
3g0w,3g0w_756,6.090,-6.091033,-4.867405
3g0w,3g0w_757,3.280,-2.484070,-3.374657
3g0w,3g0w_758,4.550,-3.954632,-4.260953
3g0w,3g0w_759,4.500,-3.881419,-4.210839
3g0w,3g0w_761,3.780,-3.636469,-3.670866
3g0w,3g0w_764,4.520,-4.118818,-4.154202
3g0w,3g0w_765,4.660,-4.584333,-3.341633
3g0w,3g0w_766,4.080,-3.507302,-3.829139
3g0w,3g0w_767,4.100,-3.507302,-3.829139
3g0w,3g0w_768,4.100,-3.558896,-4.247854
3g0w,3g0w_769,5.500,-4.857043,-4.692209
3g0w,3g0w_771,5.920,-5.263509,-5.092319
3g0w,3g0w_772,4.150,-3.675863,-4.785472
3g0w,3g0w_773,3.620,-2.328245,-3.388517
3g0w,3g0w_774,6.980,-1.965306,-3.046024
3g0w,3g0w_775,5.190,-5.027623,-4.146943
3g0w,3g0w_778,8.140,-8.245975,-4.604725
3g0w,3g0w_779,4.350,-3.865310,-4.088009
3g0w,3g0w_780,3.710,-3.855182,-3.459269
3g0w,3g0w_782,3.720,-2.730229,-4.218752
3g0w,3g0w_783,3.830,-2.946813,-4.961845
3g0w,3g0w_786,7.440,-3.224762,-2.899937
3g0w,3g0w_787,6.590,-4.126503,-4.268372
3g0w,3g0w_788,5.350,-4.870660,-3.965055
3g0w,3g0w_789,6.480,-4.583202,-3.497592
3g0w,3g0w_790,6.340,-4.012677,-3.867334
3g0w,3g0w_791,0.430,-0.480224,-2.810370
3g0w,3g0w_800,2.310,-0.475340,-2.691550
3g0w,3g0w_832,2.100,-0.518439,-2.357984
3g0w,3g0w_874,1.830,-0.856952,-3.854493
3g0w,3g0w_889,1.650,-0.916509,-3.796145
3g2n,3g2n_117,0.780,-0.229841,-1.054826
3g2n,3g2n_197,0.650,-0.783808,-1.030994
3g2n,3g2n_244,3.210,-1.683674,-0.958488
3g2n,3g2n_35,0.790,-0.250648,-1.178851
3g2n,3g2n_355,0.900,-0.249098,-0.822201
3g2n,3g2n_40,2.010,-1.220197,-1.160147
3g2n,3g2n_401,1.960,-0.648128,-1.560544
3g2n,3g2n_405,1.260,-0.414956,-0.971530
3g2n,3g2n_423,0.680,-0.576714,-1.625131
3g2n,3g2n_427,1.930,-1.818336,-1.308713
3g2n,3g2n_442,6.800,-1.453089,-2.063609
3g2n,3g2n_450,6.600,-1.874845,-1.101270
3g2n,3g2n_455,6.670,-1.292320,-1.026527
3g2n,3g2n_461,6.630,-0.521763,-1.048724
3g2n,3g2n_462,6.550,-1.736827,-1.049097
3g2n,3g2n_475,2.210,-1.134871,-1.024616
3g2n,3g2n_479,6.690,-2.355373,-1.329866
3g2n,3g2n_481,2.340,-1.069670,-1.066233
3g2n,3g2n_489,6.690,-1.597666,-0.986407
3g2n,3g2n_49,0.480,-0.522096,-0.771010
3g2n,3g2n_491,1.600,-0.743463,-1.340438
3g2n,3g2n_495,2.070,-1.128960,-1.277055
3g2n,3g2n_499,6.620,-0.734488,-1.122376
3g2n,3g2n_506,1.930,-2.297093,-1.674890
3g2n,3g2n_515,2.750,-1.130680,-0.975562
3g2n,3g2n_524,3.600,-2.482898,-1.479885
3g2n,3g2n_546,2.930,-2.399116,-1.346643
3g2n,3g2n_547,3.100,-1.567536,-1.513480
3g2n,3g2n_55,0.780,-0.258529,-1.108859
3g2n,3g2n_556,1.970,-0.807124,-1.081743
3g2n,3g2n_563,3.040,-1.654293,-1.066905
3g2n,3g2n_574,2.320,-0.642625,-1.534424
3g2n,3g2n_576,3.090,-2.899567,-1.745743
3g2n,3g2n_582,4.340,-3.688923,-1.556299
3g2n,3g2n_588,3.020,-3.112072,-2.091302
3g2n,3g2n_599,7.110,-3.953552,-1.248499
3g2n,3g2n_630,4.350,-4.183799,-1.414675
3g2n,3g2n_640,3.950,-3.414235,-1.506759
3g2n,3g2n_642,9.150,-7.772272,-2.361391
3g2n,3g2n_645,7.120,-3.903069,-1.549530
3g2n,3g2n_647,4.170,-3.410291,-1.153199
3g2n,3g2n_656,2.410,-1.215181,-1.412214
3g2n,3g2n_658,3.050,-2.742928,-1.796860
3g2n,3g2n_666,6.540,-3.784532,-1.488520
3g2n,3g2n_674,4.750,-4.121923,-1.852985
3g2n,3g2n_675,8.160,-5.932379,-1.773284
3g2n,3g2n_676,7.380,-4.487636,-1.364906
3g2n,3g2n_677,2.850,-1.686772,-1.452030
3g2n,3g2n_678,1.800,-1.032428,-2.000252
3g2n,3g2n_681,3.680,-2.578690,-1.020749
3g2n,3g2n_682,3.230,-2.786518,-1.094136
3g2n,3g2n_695,6.730,-6.534939,-2.647731
3g2n,3g2n_77,1.880,-0.518972,-0.994607
3g2n,3g2n_772,7.300,-5.197332,-1.503967
3g2n,3g2n_773,7.280,-5.291245,-1.602887
3g2n,3g2n_774,7.270,-5.291245,-1.602887
3g2n,3g2n_775,7.280,-5.043506,-1.618800
3g2n,3g2n_81,1.750,-1.100611,-0.909515
3g2n,3g2n_870,1.760,-0.713942,-1.236996
3g2n,3g2n_922,0.960,-0.600155,-1.272434
3g2n,3g2n_93,2.300,-0.673955,-1.230141
3g2n,3g2n_967,0.520,-0.389803,-0.944467
3g2n,3g2n_97,0.380,-0.531055,-1.169300
3g2z,3g2z_1001,1.710,-0.403959,-2.458190
3g2z,3g2z_1002,1.880,-0.480974,-2.537238
3g2z,3g2z_1003,1.700,-0.401969,-3.231443
3g2z,3g2z_1004,1.180,-0.455096,-2.334761
3g2z,3g2z_1005,1.010,-0.422254,-2.645469
3g2z,3g2z_1006,1.550,-0.422625,-3.164469
3g2z,3g2z_1007,1.650,-0.459462,-2.432344
3g2z,3g2z_1008,1.260,-0.533498,-2.847932
3g2z,3g2z_1009,1.960,-0.503191,-2.789496
3g2z,3g2z_1010,1.980,-0.349135,-2.666378
3g2z,3g2z_1011,0.970,-0.684678,-3.915726
3g2z,3g2z_1012,0.930,-0.613439,-3.373794
3g2z,3g2z_132,2.470,-0.320512,-2.727276
3g2z,3g2z_152,3.670,-2.456373,-2.433955
3g2z,3g2z_166,2.930,-0.645219,-1.695668
3g2z,3g2z_189,5.160,-4.485042,-3.318571
3g2z,3g2z_194,4.010,-3.407840,-3.144260
3g2z,3g2z_332,5.730,-4.190762,-2.398683
3g2z,3g2z_42,5.010,-3.793368,-2.552614
3g2z,3g2z_443,3.780,-1.789158,-2.408522
3g2z,3g2z_490,4.490,-0.889279,-2.601783
3g2z,3g2z_506,3.870,-2.525348,-2.847656
3g2z,3g2z_517,4.100,-3.960443,-3.768997
3g2z,3g2z_525,2.990,-0.729314,-1.826178
3g2z,3g2z_526,3.820,-4.071659,-2.609084
3g2z,3g2z_528,4.220,-2.115377,-2.666541
3g2z,3g2z_534,4.530,-3.995626,-2.581620
3g2z,3g2z_535,4.280,-1.185042,-2.752796
3g2z,3g2z_559,2.610,-2.764137,-3.396558
3g2z,3g2z_568,3.790,-3.014360,-2.254603
3g2z,3g2z_569,3.920,-1.224467,-2.752424
3g2z,3g2z_578,3.920,-4.121567,-2.297264
3g2z,3g2z_587,2.660,-2.571119,-2.791501
3g2z,3g2z_588,4.950,-1.546877,-3.391891
3g2z,3g2z_603,2.780,-0.339108,-3.165034
3g2z,3g2z_610,5.270,-1.261730,-3.277770
3g2z,3g2z_616,5.200,-3.890816,-4.012624
3g2z,3g2z_626,4.310,-1.537326,-2.367586
3g2z,3g2z_631,3.160,-1.188307,-1.796333
3g2z,3g2z_632,3.920,-1.546158,-2.745067
3g2z,3g2z_656,4.350,-1.528649,-1.807913
3g2z,3g2z_663,2.450,-2.241203,-2.448899
3g2z,3g2z_668,3.370,-3.136401,-2.653187
3g2z,3g2z_683,4.110,-2.589245,-2.349176
3g2z,3g2z_687,2.660,-0.775950,-2.264277
3g2z,3g2z_706,5.450,-3.933989,-3.841875
3g2z,3g2z_745,7.150,-6.393642,-2.960251
3g2z,3g2z_748,5.820,-4.497770,-5.069582
3g2z,3g2z_755,5.180,-4.976892,-3.911980
3g2z,3g2z_763,2.650,-2.376998,-2.733719
3g2z,3g2z_776,5.760,-4.275966,-2.522974
3g2z,3g2z_779,5.620,-3.930061,-2.172538
3g2z,3g2z_790,2.450,-3.012764,-2.611500
3g2z,3g2z_792,6.010,-4.703202,-3.556702
3g2z,3g2z_818,6.610,-5.514567,-2.650169
3g2z,3g2z_909,6.770,-5.398757,-3.283399
3g2z,3g2z_915,7.030,-6.064750,-3.731954
3g2z,3g2z_933,6.620,-5.475764,-2.769505
3g2z,3g2z_940,7.810,-6.968422,-4.264390
3g2z,3g2z_975,6.930,-5.554863,-3.590497
3g31,3g31_107,1.430,-1.275021,-4.800014
3g31,3g31_109,0.920,-1.813535,-4.338321
3g31,3g31_136,2.890,-1.353773,-5.185293
3g31,3g31_210,3.400,-0.528150,-3.999823
3g31,3g31_218,4.070,-1.134090,-4.076577
3g31,3g31_246,3.600,-1.534797,-3.386175
3g31,3g31_288,4.120,-1.730811,-4.766343
3g31,3g31_339,2.480,-0.870666,-5.339689
3g31,3g31_36,1.780,-1.479959,-4.410531
3g31,3g31_362,0.980,-1.511539,-4.078630
3g31,3g31_392,1.840,-1.125063,-5.464833
3g31,3g31_402,2.260,-1.703674,-3.817968
3g31,3g31_405,2.070,-1.950355,-4.546120
3g31,3g31_413,6.180,-3.057219,-4.371957
3g31,3g31_416,6.050,-3.647393,-5.386151
3g31,3g31_437,6.380,-3.905907,-5.235496
3g31,3g31_442,3.060,-3.024649,-4.453687
3g31,3g31_447,3.190,-2.762464,-4.520648
3g31,3g31_448,2.210,-1.608053,-4.859695
3g31,3g31_457,5.850,-3.205143,-5.236462
3g31,3g31_461,6.910,-4.603428,-4.993495
3g31,3g31_469,6.380,-4.021981,-4.686428
3g31,3g31_472,4.650,-2.060449,-4.321338
3g31,3g31_473,7.020,-3.795417,-5.223591
3g31,3g31_474,4.490,-2.379272,-3.848185
3g31,3g31_475,5.690,-2.901903,-4.808849
3g31,3g31_478,5.570,-2.641483,-5.932686
3g31,3g31_488,5.460,-2.685809,-5.436542
3g31,3g31_496,4.560,-2.615979,-5.131542
3g31,3g31_498,5.810,-3.608618,-5.178645
3g31,3g31_499,2.330,-2.316158,-4.463161
3g31,3g31_512,1.700,-2.244448,-4.304032
3g31,3g31_526,6.330,-6.341526,-4.864786
3g31,3g31_531,1.870,-2.102831,-4.169395
3g31,3g31_532,8.020,-5.831127,-5.395178
3g31,3g31_534,1.910,-2.158509,-4.556266
3g31,3g31_535,4.110,-4.810302,-5.003200
3g31,3g31_537,4.700,-2.871613,-4.966398
3g31,3g31_556,1.940,-1.874510,-3.944441
3g31,3g31_571,6.420,-6.598026,-4.506279
3g31,3g31_580,6.410,-5.937182,-4.547787
3g31,3g31_581,3.920,-1.578910,-3.773443
3g31,3g31_582,3.750,-1.798501,-5.014699
3g31,3g31_584,6.380,-5.587883,-5.926062
3g31,3g31_585,8.040,-6.719985,-4.985931
3g31,3g31_588,8.500,-5.499041,-4.552976
3g31,3g31_596,1.960,-1.810709,-5.417970
3g31,3g31_644,4.890,-4.701479,-4.710891
3g31,3g31_648,2.920,-2.879435,-6.020669
3g31,3g31_652,5.760,-5.901922,-5.382908
3g31,3g31_653,3.870,-2.220418,-5.257447
3g31,3g31_659,5.390,-2.362890,-3.709857
3g31,3g31_663,5.210,-4.972035,-4.543664
3g31,3g31_670,3.460,-3.867740,-5.469433
3g31,3g31_673,3.000,-3.046055,-5.143816
3g31,3g31_687,7.520,-7.277020,-5.754190
3g31,3g31_692,2.810,-3.638928,-5.198107
3g31,3g31_693,3.570,-2.330398,-4.095279
3g31,3g31_697,4.830,-2.220048,-5.374890
3g31,3g31_699,5.870,-5.902963,-5.819788
3g31,3g31_700,6.950,-5.765747,-4.811933
3g31,3g31_740,3.340,-1.517658,-3.212239
3g31,3g31_781,2.030,-1.451624,-3.210956
3g31,3g31_785,5.330,-5.812465,-5.075898
3g31,3g31_786,2.000,-1.482053,-3.842698
3g31,3g31_791,1.400,-0.916743,-4.731648
3g31,3g31_802,4.610,-1.852023,-4.283692
3gbb,3gbb_213,0.410,-0.719520,-4.075569
3gbb,3gbb_278,0.550,-0.593949,-4.499799
3gbb,3gbb_304,0.700,-0.431536,-3.904979
3gbb,3gbb_317,0.430,-0.429188,-4.441650
3gbb,3gbb_405,0.780,-1.360567,-3.666308
3gbb,3gbb_407,0.840,-0.523987,-4.280835
3gbb,3gbb_418,3.970,-1.508232,-4.393519
3gbb,3gbb_421,4.130,-1.777676,-3.423494
3gbb,3gbb_427,0.860,-1.083097,-4.387967
3gbb,3gbb_445,1.170,-1.256235,-3.893445
3gbb,3gbb_449,0.990,-1.265069,-4.942346
3gbb,3gbb_458,2.120,-1.685161,-3.958950
3gbb,3gbb_460,1.650,-1.722604,-4.397927
3gbb,3gbb_468,1.530,-1.440723,-4.901189
3gbb,3gbb_473,0.930,-1.879486,-5.276752
3gbb,3gbb_482,2.360,-1.812348,-4.215947
3gbb,3gbb_483,1.710,-1.610018,-3.352578
3gbb,3gbb_489,4.020,-1.567009,-3.902687
3gbb,3gbb_498,3.050,-2.389219,-4.143640
3gbb,3gbb_503,1.270,-1.840244,-4.430604
3gbb,3gbb_509,2.770,-2.124053,-4.279562
3gbb,3gbb_510,2.290,-2.229769,-4.859790
3gbb,3gbb_512,3.120,-2.629930,-4.269033
3gbb,3gbb_523,1.140,-1.413253,-4.316088
3gbb,3gbb_559,2.960,-1.786312,-4.044468
3gbb,3gbb_564,1.980,-2.295111,-3.975589
3gbb,3gbb_596,1.500,-1.994587,-4.720840
3gbb,3gbb_616,4.300,-3.255236,-3.959431
3gbb,3gbb_619,2.570,-2.890231,-4.505153
3gbb,3gbb_621,3.910,-2.777484,-3.969069
3gbb,3gbb_625,3.940,-2.515864,-4.671555
3gbb,3gbb_627,2.400,-2.367601,-4.565731
3gbb,3gbb_646,3.730,-1.694141,-4.481685
3gbb,3gbb_648,3.980,-2.519689,-4.497860
3gbb,3gbb_650,2.450,-1.803928,-3.789274
3gbb,3gbb_655,2.180,-2.907666,-4.491867
3gbb,3gbb_666,3.960,-2.096949,-3.314695
3gbb,3gbb_673,4.020,-2.515788,-4.448291
3gbb,3gbb_678,5.520,-4.838120,-5.219039
3gbb,3gbb_683,1.870,-2.412369,-5.378144
3gbb,3gbb_693,4.020,-2.356691,-3.523078
3gbb,3gbb_697,3.100,-2.207999,-3.930082
3gbb,3gbb_715,1.410,-1.669280,-3.989723
3gbb,3gbb_717,2.710,-1.819177,-5.083830
3gbb,3gbb_728,4.010,-2.534215,-3.192621
3gbb,3gbb_781,3.080,-2.748407,-3.294208
3gbb,3gbb_783,4.110,-3.476964,-5.306523
3gbb,3gbb_796,4.040,-5.008233,-5.826525
3gbb,3gbb_814,0.820,-0.901284,-3.609076
3gbb,3gbb_845,4.250,-2.589324,-3.734673
3gbb,3gbb_893,4.370,-3.172635,-4.450875
3gc5,3gc5_402,0.720,-1.559411,-1.272041
3gc5,3gc5_403,0.760,-0.771286,-1.555202
3gc5,3gc5_406,0.970,-1.147113,-1.703040
3gc5,3gc5_408,2.060,-1.226567,-2.141299
3gc5,3gc5_426,0.970,-1.757675,-1.712091
3gc5,3gc5_427,3.350,-2.033189,-2.092793
3gc5,3gc5_428,5.140,-2.728227,-2.013862
3gc5,3gc5_436,1.410,-0.788397,-1.726733
3gc5,3gc5_446,3.630,-2.223892,-2.072127
3gc5,3gc5_451,3.280,-1.044348,-1.658425
3gc5,3gc5_457,2.230,-2.924384,-2.857196
3gc5,3gc5_460,3.440,-1.865509,-1.355317
3gc5,3gc5_461,4.200,-1.834265,-1.666740
3gc5,3gc5_463,2.420,-1.790791,-1.917512
3gc5,3gc5_464,0.920,-1.701594,-2.431819
3gc5,3gc5_467,2.010,-2.231061,-1.656337
3gc5,3gc5_471,3.670,-1.343966,-1.864783
3gc5,3gc5_475,3.020,-2.409655,-2.166795
3gc5,3gc5_492,3.330,-1.599829,-1.663024
3gc5,3gc5_495,5.070,-2.131603,-2.470954
3gc5,3gc5_500,5.230,-3.590760,-3.140664
3gc5,3gc5_507,4.500,-5.225351,-2.187768
3gc5,3gc5_516,4.260,-1.982570,-1.698435
3gc5,3gc5_518,6.180,-6.180933,-2.175728
3gc5,3gc5_524,0.910,-1.253926,-1.585391
3gc5,3gc5_532,5.520,-4.997178,-2.658249
3gc5,3gc5_536,4.640,-4.511046,-2.949564
3gc5,3gc5_551,5.700,-4.996514,-3.129712
3gc5,3gc5_556,3.770,-3.008210,-2.193962
3gc5,3gc5_559,1.830,-1.915456,-1.650791
3gc5,3gc5_563,6.850,-6.822685,-2.426029
3gc5,3gc5_565,5.730,-5.618381,-2.708360
3gc5,3gc5_566,4.830,-3.188611,-1.654442
3gc5,3gc5_567,1.390,-1.990280,-1.907997
3gc5,3gc5_574,4.520,-2.043040,-2.024239
3gc5,3gc5_577,1.190,-1.897114,-1.756927
3gc5,3gc5_580,3.640,-1.492751,-1.354069
3gc5,3gc5_582,6.600,-6.716492,-3.374944
3gc5,3gc5_585,6.530,-6.430110,-2.145286
3gc5,3gc5_589,5.670,-4.841850,-2.764267
3gc5,3gc5_603,0.770,-1.293175,-1.558608
3gc5,3gc5_604,1.460,-2.221678,-2.485685
3gc5,3gc5_605,1.050,-1.504122,-1.694518
3gc5,3gc5_606,0.800,-0.989940,-1.617261
3gc5,3gc5_607,1.970,-2.715679,-2.268022
3gc5,3gc5_617,1.990,-1.634703,-2.246360
3gc5,3gc5_627,4.490,-2.037570,-1.389172
3gc5,3gc5_631,1.920,-0.801509,-1.855281
3gc5,3gc5_632,2.760,-2.233447,-2.052107
3gc5,3gc5_636,2.990,-3.187418,-2.387498
3gc5,3gc5_638,4.290,-1.779103,-1.613981
3gc5,3gc5_646,4.710,-3.441585,-2.032612
3gc5,3gc5_647,0.880,-1.516649,-1.922208
3gc5,3gc5_657,4.870,-3.166527,-1.827927
3gc5,3gc5_662,2.640,-1.884122,-1.328812
3gc5,3gc5_663,2.590,-2.776699,-2.336268
3gc5,3gc5_679,5.170,-4.025784,-1.923041
3gc5,3gc5_682,5.270,-4.303305,-2.198746
3gc5,3gc5_691,1.610,-1.110590,-2.038483
3gc5,3gc5_696,5.640,-4.336543,-3.709552
3gc5,3gc5_715,0.930,-0.905654,-1.613013
3gc5,3gc5_733,6.800,-5.557380,-3.524071
3gc5,3gc5_739,7.140,-6.641779,-2.371881
3gc5,3gc5_749,7.540,-7.826496,-2.800863
3gc5,3gc5_752,7.490,-7.921465,-2.899167
3gc5,3gc5_755,3.000,-1.339875,-1.492167
3gc5,3gc5_757,6.530,-5.973305,-2.599665
3gc5,3gc5_758,6.580,-5.678402,-1.894973
3gc5,3gc5_759,7.520,-7.040772,-2.094726
3gc5,3gc5_764,7.460,-7.483282,-3.524886
3gc5,3gc5_770,8.010,-7.672540,-4.425625
3gc5,3gc5_772,8.100,-7.280412,-3.639575
3gc5,3gc5_773,7.310,-8.132413,-3.314782
3gc5,3gc5_775,7.000,-7.418061,-2.585778
3gc5,3gc5_776,7.030,-7.504753,-2.610108
3gc5,3gc5_777,7.830,-8.126186,-4.053405
3gc5,3gc5_778,7.750,-8.087628,-4.027157
3gc5,3gc5_779,7.700,-7.861228,-3.024318
3gc5,3gc5_780,8.020,-7.859422,-3.332666
3gc5,3gc5_783,6.910,-7.596744,-3.621407
3gc5,3gc5_784,6.780,-7.809258,-3.201921
3gc5,3gc5_822,2.100,-2.183003,-1.866893
3gc5,3gc5_878,9.210,-8.281488,-3.499793
3gc5,3gc5_879,9.230,-8.299207,-3.573588
3gc5,3gc5_973,3.070,-3.352953,-2.362350
3ge7,3ge7_11,4.830,-2.941232,-2.394664
3ge7,3ge7_140,0.610,-0.768719,-1.783838
3ge7,3ge7_191,0.680,-0.678209,-1.755803
3ge7,3ge7_24,0.780,-0.358417,-1.592377
3ge7,3ge7_262,0.890,-0.842511,-1.790184
3ge7,3ge7_324,3.030,-3.204905,-2.503528
3ge7,3ge7_404,5.810,-1.994289,-2.961808
3ge7,3ge7_411,5.360,-2.228504,-2.437092
3ge7,3ge7_415,1.890,-1.630830,-2.186135
3ge7,3ge7_424,5.970,-2.541241,-2.458140
3ge7,3ge7_426,2.840,-1.503857,-1.858529
3ge7,3ge7_431,1.390,-1.955418,-1.673281
3ge7,3ge7_443,1.690,-2.279844,-2.287752
3ge7,3ge7_448,6.620,-2.094133,-1.958687
3ge7,3ge7_451,5.530,-2.480381,-3.251342
3ge7,3ge7_456,2.240,-1.786014,-1.908023
3ge7,3ge7_460,3.990,-1.944079,-3.156085
3ge7,3ge7_465,2.340,-2.182645,-1.936570
3ge7,3ge7_469,3.570,-2.591453,-2.714741
3ge7,3ge7_470,2.550,-2.652868,-2.059053
3ge7,3ge7_480,3.480,-2.144567,-2.578278
3ge7,3ge7_485,1.650,-1.853878,-1.958554
3ge7,3ge7_488,1.700,-1.989365,-2.157867
3ge7,3ge7_490,5.840,-2.727338,-2.790948
3ge7,3ge7_491,1.560,-1.955048,-2.256427
3ge7,3ge7_498,6.310,-3.133826,-2.693351
3ge7,3ge7_523,4.940,-3.648690,-2.613162
3ge7,3ge7_533,3.980,-3.248401,-2.102751
3ge7,3ge7_536,4.030,-2.465346,-2.523165
3ge7,3ge7_547,4.410,-3.016007,-2.982226
3ge7,3ge7_552,4.380,-5.198147,-2.933746
3ge7,3ge7_556,6.480,-5.014600,-3.114991
3ge7,3ge7_561,4.010,-2.845378,-3.287506
3ge7,3ge7_562,6.520,-3.784653,-3.831017
3ge7,3ge7_567,2.820,-3.019577,-2.773473
3ge7,3ge7_571,7.370,-6.715322,-2.538250
3ge7,3ge7_572,3.600,-3.495056,-2.221800
3ge7,3ge7_573,6.740,-5.967340,-3.498347
3ge7,3ge7_574,4.190,-3.970178,-3.235402
3ge7,3ge7_579,1.790,-2.089965,-2.456936
3ge7,3ge7_582,6.030,-4.652585,-3.099241
3ge7,3ge7_583,5.480,-3.399997,-2.196096
3ge7,3ge7_587,3.050,-3.776125,-2.158541
3ge7,3ge7_589,6.360,-6.007893,-3.544587
3ge7,3ge7_590,6.780,-4.982533,-2.958469
3ge7,3ge7_594,7.070,-3.955244,-2.473101
3ge7,3ge7_598,5.910,-4.610477,-3.090677
3ge7,3ge7_599,5.770,-5.097643,-3.212990
3ge7,3ge7_600,7.650,-4.759082,-2.545707
3ge7,3ge7_637,4.500,-3.307349,-2.956290
3ge7,3ge7_638,4.210,-2.832483,-2.327733
3ge7,3ge7_641,2.760,-2.116145,-2.570577
3ge7,3ge7_644,1.720,-1.641200,-1.677583
3ge7,3ge7_651,2.060,-1.867248,-3.011528
3ge7,3ge7_655,5.680,-3.795141,-1.849453
3ge7,3ge7_658,4.500,-2.679667,-2.439823
3ge7,3ge7_659,3.340,-2.732269,-2.671229
3ge7,3ge7_666,3.670,-2.554928,-1.876714
3ge7,3ge7_667,6.630,-2.566460,-2.171918
3ge7,3ge7_674,7.000,-1.997743,-2.698977
3ge7,3ge7_676,2.840,-2.860282,-2.946032
3ge7,3ge7_683,2.740,-2.553646,-2.983558
3ge7,3ge7_684,2.270,-1.245616,-2.455684
3ge7,3ge7_685,5.980,-1.624916,-3.011753
3ge7,3ge7_688,2.860,-2.414620,-2.754184
3ge7,3ge7_717,0.780,-0.537615,-1.414153
3ge7,3ge7_718,1.000,-0.667827,-1.674928
3ge7,3ge7_791,1.300,-1.289138,-1.591289
3ge7,3ge7_794,1.030,-0.761574,-1.558179
3ge7,3ge7_795,0.990,-0.786485,-2.221189
3ge7,3ge7_824,0.330,-0.632526,-1.543037
3ge7,3ge7_895,0.910,-0.626606,-1.642404
3ge7,3ge7_898,0.690,-0.673012,-1.757286
3gnw,3gnw_134,3.550,-3.193080,-3.278945
3gnw,3gnw_136,4.150,-4.098632,-2.727766
3gnw,3gnw_155,5.150,-2.061250,-2.459484
3gnw,3gnw_179,6.010,-3.242678,-2.459416
3gnw,3gnw_201,4.900,-2.895357,-2.258154
3gnw,3gnw_205,7.080,-6.766586,-2.685757
3gnw,3gnw_216,5.350,-2.495174,-1.655324
3gnw,3gnw_218,5.750,-3.892622,-3.432355
3gnw,3gnw_219,9.690,-8.306669,-3.546558
3gnw,3gnw_220,7.900,-7.342048,-3.151390
3gnw,3gnw_225,9.160,-8.260625,-3.080276
3gnw,3gnw_226,9.990,-8.328083,-3.655221
3gnw,3gnw_236,4.990,-4.479554,-2.273482
3gnw,3gnw_241,7.390,-6.819596,-2.776196
3gnw,3gnw_254,1.250,-1.173259,-1.891019
3gnw,3gnw_259,5.400,-4.377062,-2.426929
3gnw,3gnw_261,6.370,-5.108138,-2.990091
3gnw,3gnw_266,8.060,-7.519239,-3.236552
3gnw,3gnw_271,5.250,-5.065364,-2.640230
3gnw,3gnw_273,9.070,-8.250379,-3.776883
3gnw,3gnw_276,4.830,-1.643171,-1.813828
3gnw,3gnw_277,8.850,-7.935670,-3.136689
3gnw,3gnw_278,5.320,-3.460687,-2.573919
3gnw,3gnw_279,9.430,-8.289960,-3.910082
3gnw,3gnw_284,9.650,-8.310726,-3.622348
3gnw,3gnw_294,0.710,-0.763434,-2.081129
3gnw,3gnw_299,8.110,-7.311620,-3.349908
3gnw,3gnw_302,2.350,-2.152084,-2.029746
3gnw,3gnw_310,9.620,-8.364085,-4.228280
3gnw,3gnw_315,2.190,-0.923708,-2.309618
3gnw,3gnw_316,7.210,-6.012103,-2.563375
3gnw,3gnw_322,6.740,-5.822552,-2.327237
3gnw,3gnw_323,6.030,-4.921463,-2.744808
3gnw,3gnw_325,5.330,-5.077139,-2.236463
3gnw,3gnw_335,8.130,-7.640218,-3.281654
3gnw,3gnw_337,6.900,-5.529946,-3.413481
3gnw,3gnw_343,8.190,-7.206694,-3.333457
3gnw,3gnw_381,6.490,-5.557854,-2.582358
3gnw,3gnw_387,6.600,-5.882797,-2.621146
3gnw,3gnw_402,3.650,-2.170641,-2.362607
3gnw,3gnw_41,4.940,-1.717635,-2.642636
3gnw,3gnw_411,3.970,-2.881481,-2.809501
3gnw,3gnw_417,4.550,-3.834444,-2.721049
3gnw,3gnw_423,4.080,-3.076142,-2.268367
3gnw,3gnw_440,3.940,-2.032300,-1.649510
3gnw,3gnw_448,2.940,-2.679868,-3.274633
3gnw,3gnw_463,4.710,-2.338284,-2.424357
3gnw,3gnw_49,6.210,-4.231793,-2.915989
3gnw,3gnw_493,2.980,-2.436868,-3.266661
3gnw,3gnw_498,5.170,-3.767221,-2.563713
3gnw,3gnw_516,2.930,-2.531856,-2.719439
3gnw,3gnw_527,4.890,-4.835811,-2.663193
3gnw,3gnw_535,8.130,-7.818918,-3.527056
3gnw,3gnw_545,7.970,-6.752374,-3.280450
3gnw,3gnw_549,8.450,-8.207909,-2.807838
3gnw,3gnw_552,7.720,-7.379025,-3.101456
3gnw,3gnw_555,3.870,-3.060474,-2.769866
3gnw,3gnw_569,9.680,-8.090355,-3.451143
3gnw,3gnw_580,6.280,-6.750084,-3.050007
3gnw,3gnw_581,9.790,-8.332796,-4.091370
3gnw,3gnw_586,8.260,-7.681790,-4.106385
3gnw,3gnw_587,3.680,-3.371445,-3.801424
3gnw,3gnw_597,8.430,-7.002085,-3.997547
3gnw,3gnw_634,3.510,-2.997119,-2.924299
3gnw,3gnw_636,7.320,-6.821252,-2.928370
3gnw,3gnw_639,8.530,-7.460314,-3.419454
3gnw,3gnw_649,5.700,-4.886519,-4.173807
3gnw,3gnw_659,9.970,-7.893852,-3.754675
3gnw,3gnw_662,5.690,-4.249815,-2.880531
3gnw,3gnw_667,7.240,-6.676139,-3.772111
3gnw,3gnw_668,6.040,-4.939139,-2.925224
3gnw,3gnw_694,7.650,-8.121393,-3.268606
3gnw,3gnw_700,7.800,-8.098916,-3.257842
3gnw,3gnw_708,0.710,-0.648812,-1.828842
3gnw,3gnw_712,0.630,-1.104916,-2.391223
3gnw,3gnw_714,0.910,-0.790269,-1.979347
3gnw,3gnw_718,0.960,-0.645572,-2.251506
3gnw,3gnw_722,1.530,-0.727545,-2.687668
3gnw,3gnw_729,2.210,-1.662258,-2.758714
3gnw,3gnw_745,2.750,-2.011066,-2.916868
3gnw,3gnw_779,2.450,-2.440036,-1.769592
3gnw,3gnw_802,0.700,-0.634920,-1.810034
3gnw,3gnw_842,1.280,-0.821091,-2.038584
3gnw,3gnw_847,1.840,-1.754233,-2.189199
3gnw,3gnw_848,1.260,-0.376482,-2.232878
3gnw,3gnw_857,1.380,-0.689462,-2.186798
3gnw,3gnw_867,1.190,-0.824821,-2.104303
3gnw,3gnw_868,3.520,-2.813282,-2.348515
3gnw,3gnw_87,1.440,-0.572755,-2.129570
3gnw,3gnw_873,3.170,-1.726622,-2.214869
3gnw,3gnw_876,2.860,-1.904961,-1.958401
3gnw,3gnw_877,1.720,-1.227350,-2.202701
3gnw,3gnw_939,1.430,-0.759643,-2.203636
3gnw,3gnw_94,3.960,-3.552272,-2.837677
3gnw,3gnw_95,4.310,-2.939631,-2.017890
3gnw,3gnw_950,0.790,-0.728226,-2.341838
3gnw,3gnw_959,2.540,-2.263274,-2.215522
3gnw,3gnw_961,0.810,-0.822625,-1.784609
3gnw,3gnw_965,0.710,-0.719898,-2.467136
3gnw,3gnw_982,0.850,-0.787141,-2.018013
3gr2,3gr2_102,8.600,-7.364750,-3.175219
3gr2,3gr2_118,8.070,-7.515819,-4.023796
3gr2,3gr2_12,4.920,-2.168356,-3.350006
3gr2,3gr2_122,5.420,-3.160672,-3.783931
3gr2,3gr2_132,7.320,-6.394852,-5.427329
3gr2,3gr2_151,7.870,-6.965757,-3.830353
3gr2,3gr2_186,8.050,-7.544510,-3.379752
3gr2,3gr2_187,8.310,-7.450105,-3.880462
3gr2,3gr2_205,3.990,-4.441882,-3.091415
3gr2,3gr2_220,4.350,-4.945588,-3.122574
3gr2,3gr2_226,8.260,-6.441835,-4.926653
3gr2,3gr2_239,5.730,-4.089216,-3.801688
3gr2,3gr2_254,6.940,-5.982698,-4.902237
3gr2,3gr2_262,2.400,-1.111211,-3.601425
3gr2,3gr2_277,5.210,-4.024033,-3.110458
3gr2,3gr2_279,7.040,-5.742104,-3.805249
3gr2,3gr2_337,1.940,-0.336009,-1.849757
3gr2,3gr2_409,1.940,-0.853144,-3.098955
3gr2,3gr2_410,1.300,-0.482574,-3.180507
3gr2,3gr2_415,5.580,-5.208096,-4.320776
3gr2,3gr2_421,6.670,-5.648720,-3.350770
3gr2,3gr2_424,1.680,-1.124724,-3.435673
3gr2,3gr2_446,2.420,-1.234641,-2.659092
3gr2,3gr2_449,2.700,-1.137266,-3.295774
3gr2,3gr2_451,2.280,-0.420720,-3.268015
3gr2,3gr2_458,1.840,-1.216649,-3.484993
3gr2,3gr2_460,2.940,-2.246946,-3.602390
3gr2,3gr2_466,3.550,-3.504030,-5.221612
3gr2,3gr2_474,1.220,-1.153035,-2.908690
3gr2,3gr2_476,1.570,-0.877983,-3.669490
3gr2,3gr2_493,2.750,-1.224171,-3.107531
3gr2,3gr2_526,7.220,-5.466292,-4.924157
3gr2,3gr2_540,6.590,-4.881065,-5.073213
3gr2,3gr2_541,6.190,-5.671897,-3.412743
3gr2,3gr2_545,2.140,-0.882960,-2.624674
3gr2,3gr2_560,5.130,-5.303866,-3.709228
3gr2,3gr2_568,7.090,-6.437453,-3.478921
3gr2,3gr2_580,4.140,-3.594762,-3.413240
3gr2,3gr2_581,6.400,-4.484285,-4.411742
3gr2,3gr2_585,5.020,-2.603615,-3.844045
3gr2,3gr2_592,4.580,-2.044544,-3.351831
3gr2,3gr2_624,7.140,-5.008742,-4.566452
3gr2,3gr2_663,6.660,-5.545813,-4.129089
3gr2,3gr2_665,7.350,-5.771297,-4.737794
3gr2,3gr2_669,6.540,-5.128060,-5.344631
3gr2,3gr2_684,4.060,-3.110889,-2.803161
3gr2,3gr2_686,6.560,-5.259058,-5.525389
3gr2,3gr2_701,1.320,-0.925006,-3.599928
3gr2,3gr2_717,4.000,-2.447189,-2.486268
3gr2,3gr2_722,5.860,-5.357761,-4.049151
3gr2,3gr2_732,3.930,-3.245875,-4.166468
3gr2,3gr2_735,4.070,-2.391169,-3.461026
3gr2,3gr2_737,4.150,-2.654521,-3.677637
3gr2,3gr2_738,3.970,-1.872998,-3.659029
3gr2,3gr2_742,8.670,-7.365912,-4.088196
3gr2,3gr2_743,8.510,-7.189846,-5.579972
3gr2,3gr2_745,3.520,-3.015048,-3.845084
3gr2,3gr2_747,6.700,-5.703865,-3.668530
3gr2,3gr2_756,4.590,-3.899930,-4.058721
3gr2,3gr2_758,7.430,-6.748949,-5.086506
3gr2,3gr2_761,3.700,-3.785662,-4.328457
3gr2,3gr2_762,8.090,-6.572762,-4.637998
3gr2,3gr2_764,2.950,-2.752236,-3.669163
3gr2,3gr2_765,3.990,-2.952358,-3.641794
3gr2,3gr2_766,5.660,-4.176322,-4.221312
3gr2,3gr2_771,5.680,-4.169397,-4.338139
3gr2,3gr2_776,4.020,-3.716774,-4.196903
3gr2,3gr2_779,7.660,-6.516391,-4.108311
3gr2,3gr2_783,8.440,-6.791451,-5.044066
3gr2,3gr2_786,7.320,-6.906727,-5.304463
3gr2,3gr2_820,2.590,-1.896393,-4.409745
3gr2,3gr2_835,1.920,-0.533249,-2.464492
3gr2,3gr2_841,6.290,-5.900429,-3.760260
3gr2,3gr2_853,4.000,-3.965930,-3.413971
3gr2,3gr2_858,4.680,-4.230562,-5.654290
3gr2,3gr2_867,3.790,-2.808751,-4.121522
3gr2,3gr2_872,2.260,-1.609035,-3.462254
3gr2,3gr2_879,5.030,-4.490508,-4.348119
3gr2,3gr2_973,1.500,-0.682064,-3.514645
3gr2,3gr2_978,8.560,-7.685510,-4.653156
3gv9,3gv9_102,4.010,-2.283984,-1.741979
3gv9,3gv9_124,1.210,-0.975267,-1.568998
3gv9,3gv9_227,9.320,-7.985910,-2.917555
3gv9,3gv9_24,6.580,-6.321279,-2.856877
3gv9,3gv9_242,9.020,-6.715887,-2.547108
3gv9,3gv9_247,8.640,-6.459957,-2.450223
3gv9,3gv9_256,9.140,-6.905007,-1.334437
3gv9,3gv9_258,2.990,-1.125850,-1.988520
3gv9,3gv9_259,9.340,-7.899556,-2.725090
3gv9,3gv9_263,9.630,-7.952640,-2.934928
3gv9,3gv9_266,9.190,-6.925251,-3.014062
3gv9,3gv9_277,8.220,-7.281546,-3.599347
3gv9,3gv9_281,9.380,-7.558194,-3.887844
3gv9,3gv9_285,9.750,-7.854441,-2.752788
3gv9,3gv9_293,9.070,-6.753930,-2.524504
3gv9,3gv9_298,9.630,-7.896586,-2.660276
3gv9,3gv9_30,0.640,-1.085486,-1.624338
3gv9,3gv9_300,8.680,-6.745461,-1.646129
3gv9,3gv9_304,3.840,-2.848005,-1.480377
3gv9,3gv9_305,8.300,-8.213019,-2.495076
3gv9,3gv9_306,7.290,-7.583882,-3.609782
3gv9,3gv9_307,8.560,-8.088595,-5.401206
3gv9,3gv9_312,7.480,-7.398514,-2.248679
3gv9,3gv9_315,8.710,-8.072318,-3.690743
3gv9,3gv9_318,8.470,-8.240694,-4.908230
3gv9,3gv9_324,2.340,-2.691651,-1.472669
3gv9,3gv9_328,7.560,-7.738758,-2.819283
3gv9,3gv9_335,7.970,-7.867878,-2.028334
3gv9,3gv9_340,7.490,-7.672622,-4.546541
3gv9,3gv9_350,3.310,-2.537797,-1.740480
3gv9,3gv9_355,7.660,-7.637169,-3.742813
3gv9,3gv9_370,0.840,-0.815729,-1.905730
3gv9,3gv9_379,8.980,-8.284005,-3.922003
3gv9,3gv9_385,8.470,-8.287068,-2.330895
3gv9,3gv9_397,7.690,-8.009126,-3.857394
3gv9,3gv9_398,8.320,-8.150085,-3.310510
3gv9,3gv9_399,7.500,-7.578182,-3.290061
3gv9,3gv9_407,2.490,-1.214863,-1.724419
3gv9,3gv9_432,3.200,-3.732916,-1.554925
3gv9,3gv9_453,6.040,-6.192074,-4.497823
3gv9,3gv9_462,0.920,-0.839595,-1.379982
3gv9,3gv9_467,6.390,-6.927408,-6.179824
3gv9,3gv9_47,0.750,-0.969658,-1.863554
3gv9,3gv9_479,6.310,-7.340744,-2.494271
3gv9,3gv9_480,3.930,-2.297817,-1.897087
3gv9,3gv9_489,2.970,-2.974953,-1.321050
3gv9,3gv9_491,0.920,-0.758236,-1.629793
3gv9,3gv9_505,5.170,-4.805916,-2.285843
3gv9,3gv9_509,2.470,-2.660258,-1.827908
3gv9,3gv9_537,2.040,-2.752818,-1.698211
3gv9,3gv9_540,3.640,-0.666845,-1.283081
3gv9,3gv9_545,4.830,-4.345937,-1.842478
3gv9,3gv9_556,5.900,-6.412489,-2.462897
3gv9,3gv9_559,4.170,-2.220892,-2.691800
3gv9,3gv9_561,5.700,-5.300607,-2.119682
3gv9,3gv9_563,4.600,-3.618015,-2.354019
3gv9,3gv9_564,6.620,-6.981222,-4.754014
3gv9,3gv9_565,4.820,-4.379449,-2.637939
3gv9,3gv9_579,1.800,-1.461815,-1.985604
3gv9,3gv9_59,0.590,-0.980092,-1.234483
3gv9,3gv9_592,6.210,-6.434330,-2.258829
3gv9,3gv9_6,0.600,-0.573275,-1.649789
3gv9,3gv9_604,5.680,-3.650779,-4.836345
3gv9,3gv9_605,5.200,-4.046967,-2.542470
3gv9,3gv9_62,2.460,-2.672412,-1.205332
3gv9,3gv9_623,5.070,-3.500960,-1.896329
3gv9,3gv9_626,1.980,-1.197571,-1.209712
3gv9,3gv9_630,4.460,-3.372192,-2.337436
3gv9,3gv9_639,1.330,-1.066075,-2.572065
3gv9,3gv9_642,4.600,-1.426247,-1.837453
3gv9,3gv9_658,3.240,-3.219875,-1.913268
3gv9,3gv9_660,2.010,-0.714682,-1.575456
3gv9,3gv9_661,3.940,-2.967934,-2.637818
3gv9,3gv9_670,3.920,-3.334372,-2.627027
3gv9,3gv9_674,4.380,-2.896411,-2.179888
3gv9,3gv9_685,5.150,-4.225065,-3.186838
3gv9,3gv9_688,5.900,-4.013741,-2.756332
3gv9,3gv9_697,1.170,-0.693199,-2.109944
3gv9,3gv9_7,0.590,-0.598290,-1.681826
3gv9,3gv9_700,4.610,-5.114046,-2.435453
3gv9,3gv9_756,2.870,-1.855390,-1.677734
3gv9,3gv9_759,5.050,-3.826118,-1.364561
3gv9,3gv9_76,1.260,-0.963447,-1.819933
3gv9,3gv9_760,2.360,-1.139884,-1.509534
3gv9,3gv9_761,1.230,-1.032222,-1.695905
3gv9,3gv9_765,6.800,-6.870492,-2.781171
3gv9,3gv9_767,7.390,-7.084064,-5.535592
3gv9,3gv9_786,3.280,-2.483413,-2.731707
3gv9,3gv9_810,6.140,-6.680458,-1.976746
3gv9,3gv9_826,1.760,-0.773053,-1.158357
3gv9,3gv9_83,1.020,-0.949391,-1.546272
3gv9,3gv9_835,1.860,-1.776782,-1.929593
3gv9,3gv9_84,0.860,-0.840361,-0.962648
3gv9,3gv9_85,0.700,-0.843124,-2.073335
3gv9,3gv9_858,4.470,-2.698211,-2.159932
3gv9,3gv9_875,5.970,-6.262988,-2.254285
3gv9,3gv9_96,3.810,-2.189935,-1.714769
3gv9,3gv9_98,6.650,-7.167408,-2.826943
3gv9,3gv9_990,6.010,-6.262988,-2.254285
3gy4,3gy4_121,2.800,-1.318661,-3.720799
3gy4,3gy4_14,0.640,-0.710483,-3.295105
3gy4,3gy4_184,0.340,-1.152414,-4.110612
3gy4,3gy4_236,0.630,-1.694727,-3.031156
3gy4,3gy4_251,1.050,-1.304170,-2.705379
3gy4,3gy4_259,2.450,-1.065061,-3.632443
3gy4,3gy4_269,0.620,-0.767780,-3.070016
3gy4,3gy4_284,0.900,-0.866276,-2.625413
3gy4,3gy4_39,0.500,-0.422491,-3.424215
3gy4,3gy4_413,2.580,-0.955164,-2.567943
3gy4,3gy4_415,2.670,-1.595536,-3.653424
3gy4,3gy4_423,3.030,-2.144801,-1.937222
3gy4,3gy4_424,0.810,-1.342754,-2.207993
3gy4,3gy4_430,0.950,-0.727730,-2.270292
3gy4,3gy4_437,1.300,-1.386709,-2.493539
3gy4,3gy4_452,1.580,-1.563611,-2.102888
3gy4,3gy4_460,0.900,-1.182757,-1.846324
3gy4,3gy4_466,2.650,-1.362808,-2.682545
3gy4,3gy4_483,3.070,-2.426823,-3.143891
3gy4,3gy4_496,1.880,-0.962556,-3.266125
3gy4,3gy4_497,1.380,-1.433157,-1.968139
3gy4,3gy4_517,3.160,-2.714807,-4.014311
3gy4,3gy4_525,1.020,-1.803645,-2.316961
3gy4,3gy4_528,4.000,-3.986634,-3.463545
3gy4,3gy4_531,4.050,-3.907913,-3.182570
3gy4,3gy4_54,0.680,-0.464211,-3.729685
3gy4,3gy4_550,4.170,-4.072733,-1.683478
3gy4,3gy4_557,2.770,-1.770997,-2.928176
3gy4,3gy4_561,3.650,-3.645014,-2.465631
3gy4,3gy4_565,1.620,-1.754686,-2.333329
3gy4,3gy4_570,4.140,-4.221167,-1.319397
3gy4,3gy4_573,4.730,-4.651080,-3.880989
3gy4,3gy4_590,3.220,-2.628688,-3.989497
3gy4,3gy4_591,3.460,-3.157913,-4.162807
3gy4,3gy4_593,4.110,-3.979544,-2.417389
3gy4,3gy4_596,2.810,-2.253733,-1.922308
3gy4,3gy4_598,3.090,-2.415091,-3.139161
3gy4,3gy4_599,3.100,-1.274260,-3.070038
3gy4,3gy4_633,2.330,-2.821658,-3.327726
3gy4,3gy4_638,2.560,-2.914952,-1.852509
3gy4,3gy4_643,2.470,-1.566819,-2.180809
3gy4,3gy4_648,1.550,-2.744706,-2.981227
3gy4,3gy4_669,1.320,-1.757782,-3.532315
3gy4,3gy4_685,1.940,-2.431983,-3.321515
3gy4,3gy4_686,3.100,-3.455429,-1.947804
3ivg,3ivg_10,1.580,-0.820312,-6.498833
3ivg,3ivg_107,6.360,-4.787353,-5.814348
3ivg,3ivg_108,5.410,-3.720875,-7.485749
3ivg,3ivg_14,1.660,-1.205798,-6.650082
3ivg,3ivg_150,6.210,-5.281896,-7.463267
3ivg,3ivg_161,6.610,-5.620621,-7.419651
3ivg,3ivg_209,0.970,-0.568934,-6.631552
3ivg,3ivg_218,0.910,-0.994805,-6.229797
3ivg,3ivg_236,2.090,-1.115802,-6.356764
3ivg,3ivg_250,0.820,-0.939329,-6.764970
3ivg,3ivg_252,0.800,-0.743654,-6.199019
3ivg,3ivg_253,1.010,-0.712138,-6.302808
3ivg,3ivg_255,0.830,-0.673631,-6.459513
3ivg,3ivg_262,1.830,-0.802009,-6.283433
3ivg,3ivg_275,0.930,-0.577612,-6.328233
3ivg,3ivg_276,1.050,-0.680349,-6.639375
3ivg,3ivg_291,7.380,-7.512675,-7.015177
3ivg,3ivg_313,4.040,-1.303294,-6.482733
3ivg,3ivg_330,3.900,-0.988491,-6.376410
3ivg,3ivg_40,7.250,-6.456674,-6.220805
3ivg,3ivg_410,3.390,-2.010385,-6.121453
3ivg,3ivg_438,2.240,-1.667986,-7.004124
3ivg,3ivg_44,6.120,-3.347878,-7.314504
3ivg,3ivg_440,2.660,-1.337935,-6.355074
3ivg,3ivg_45,6.900,-5.985957,-6.240647
3ivg,3ivg_471,2.730,-1.826985,-6.309532
3ivg,3ivg_479,3.440,-2.769026,-6.704126
3ivg,3ivg_48,6.210,-5.367590,-7.523841
3ivg,3ivg_483,1.980,-1.850954,-6.353067
3ivg,3ivg_494,5.930,-1.985689,-6.651512
3ivg,3ivg_497,2.000,-2.281792,-6.618845
3ivg,3ivg_518,4.790,-2.857576,-7.136765
3ivg,3ivg_531,5.080,-1.830996,-6.501270
3ivg,3ivg_542,7.020,-6.499608,-7.456202
3ivg,3ivg_545,2.890,-1.457804,-6.258749
3ivg,3ivg_548,3.420,-1.578809,-7.111436
3ivg,3ivg_55,7.590,-6.366605,-6.572580
3ivg,3ivg_550,4.400,-2.235395,-7.221930
3ivg,3ivg_573,5.950,-4.265172,-7.265075
3ivg,3ivg_590,3.120,-1.188888,-6.225650
3ivg,3ivg_60,5.290,-3.664330,-6.292085
3ivg,3ivg_608,4.810,-1.847554,-6.896874
3ivg,3ivg_624,7.380,-6.447538,-7.404350
3ivg,3ivg_635,7.290,-5.384941,-7.132453
3ivg,3ivg_640,6.660,-4.802892,-6.995258
3ivg,3ivg_659,3.670,-2.052396,-7.228498
3ivg,3ivg_699,5.060,-4.091149,-7.103497
3ivg,3ivg_701,3.750,-2.009718,-6.853136
3ivg,3ivg_703,3.700,-1.307709,-6.702633
3ivg,3ivg_705,0.960,-0.747344,-5.962670
3ivg,3ivg_706,0.670,-0.851595,-6.512903
3ivg,3ivg_710,7.520,-6.569806,-7.830711
3ivg,3ivg_713,0.710,-1.011555,-6.182145
3ivg,3ivg_731,2.950,-0.740480,-6.486057
3ivg,3ivg_733,2.260,-0.979093,-5.942735
3ivg,3ivg_753,4.740,-0.733066,-6.561003
3ivg,3ivg_761,2.150,-0.821313,-5.620181
3ivg,3ivg_769,4.780,-3.494347,-6.374970
3ivg,3ivg_770,2.590,-1.107145,-6.047018
3ivg,3ivg_776,7.940,-7.292595,-7.098200
3ivg,3ivg_779,3.350,-2.605531,-7.295578
3ivg,3ivg_788,8.660,-8.019214,-7.963796
3ivg,3ivg_793,6.110,-3.797318,-7.212944
3ivg,3ivg_794,7.310,-5.695221,-7.361928
3ivg,3ivg_80,1.820,-1.070699,-5.781693
3ivg,3ivg_837,2.780,-1.426663,-6.227288
3ivg,3ivg_849,6.530,-5.734335,-7.866621
3ivg,3ivg_860,3.930,-2.437904,-7.464756
3ivg,3ivg_862,4.790,-2.993535,-7.285828
3ivg,3ivg_866,4.830,-2.052400,-6.366714
3ivg,3ivg_899,8.900,-8.286461,-6.187658
3ivg,3ivg_9,1.320,-1.162404,-6.568105
3ivg,3ivg_91,4.300,-1.439044,-6.244318
3ivg,3ivg_915,9.920,-8.380539,-7.159525
3ivg,3ivg_924,6.350,-5.396567,-7.268904
3ivg,3ivg_926,5.050,-1.969615,-6.823169
3ivg,3ivg_940,7.310,-5.709929,-7.604616
3ivg,3ivg_946,5.860,-4.344889,-6.425100
3ivg,3ivg_952,8.850,-8.280210,-6.603951
3ivg,3ivg_954,5.150,-1.987600,-6.974453
3ivg,3ivg_961,8.910,-8.066703,-6.858980
3ivg,3ivg_98,5.900,-3.794918,-6.934206
3ivg,3ivg_983,9.270,-8.207397,-7.808599
3ivg,3ivg_989,4.600,-1.368111,-6.786694
3ivg,3ivg_993,1.160,-0.500799,-6.511374
3jvr,3jvr_137,8.980,-2.556555,-5.667626
3jvr,3jvr_154,9.120,-2.485393,-4.923250
3jvr,3jvr_162,9.090,-2.499521,-5.459651
3jvr,3jvr_168,9.430,-3.053928,-5.472767
3jvr,3jvr_171,9.570,-5.206297,-5.949611
3jvr,3jvr_187,7.350,-1.915778,-4.795602
3jvr,3jvr_195,8.650,-3.446703,-4.729505
3jvr,3jvr_210,7.290,-4.551115,-4.890483
3jvr,3jvr_225,8.480,-4.973957,-4.365635
3jvr,3jvr_229,6.000,-1.946208,-4.859490
3jvr,3jvr_246,7.040,-2.619581,-4.817851
3jvr,3jvr_275,8.970,-3.479513,-5.387250
3jvr,3jvr_290,8.610,-2.346459,-5.218587
3jvr,3jvr_297,8.500,-3.560065,-5.969733
3jvr,3jvr_329,9.540,-4.908204,-5.873145
3jvr,3jvr_330,9.120,-1.110546,-4.424621
3jvr,3jvr_332,9.450,-3.788560,-4.628916
3jvr,3jvr_34,9.180,-2.155480,-4.601375
3jvr,3jvr_349,5.670,-3.161348,-5.297193
3jvr,3jvr_355,6.440,-3.083065,-4.976352
3jvr,3jvr_394,6.850,-1.492182,-5.047091
3jvr,3jvr_404,5.860,-2.332189,-5.506471
3jvr,3jvr_435,6.560,-2.219534,-4.980933
3jvr,3jvr_441,2.620,-1.489208,-4.982686
3jvr,3jvr_444,1.990,-0.701938,-5.265320
3jvr,3jvr_446,2.090,-1.815347,-5.310197
3jvr,3jvr_451,3.780,-1.943901,-4.668868
3jvr,3jvr_452,4.610,-1.925446,-4.443025
3jvr,3jvr_457,7.720,-2.121640,-5.441447
3jvr,3jvr_459,4.230,-2.062045,-4.638924
3jvr,3jvr_464,5.660,-1.881243,-5.819655
3jvr,3jvr_468,5.480,-2.183205,-4.253098
3jvr,3jvr_470,4.090,-1.529766,-4.993674
3jvr,3jvr_471,5.370,-1.642915,-4.583752
3jvr,3jvr_478,1.440,-0.731028,-4.470163
3jvr,3jvr_484,4.510,-1.096990,-4.794878
3jvr,3jvr_486,1.780,-0.680235,-5.035880
3jvr,3jvr_500,4.890,-1.916723,-4.550945
3jvr,3jvr_505,2.290,-1.453430,-4.624473
3jvr,3jvr_509,1.740,-1.455492,-4.326592
3jvr,3jvr_515,2.150,-0.993335,-5.367650
3jvr,3jvr_523,5.120,-4.857436,-5.502564
3jvr,3jvr_550,8.990,-8.333461,-5.601699
3jvr,3jvr_554,5.840,-6.713621,-4.666875
3jvr,3jvr_562,4.650,-2.479612,-5.184500
3jvr,3jvr_567,3.180,-2.191816,-4.868858
3jvr,3jvr_579,5.060,-2.728806,-5.385151
3jvr,3jvr_580,2.060,-1.621184,-5.031215
3jvr,3jvr_589,6.500,-5.997428,-4.416685
3jvr,3jvr_590,4.430,-4.703096,-3.984788
3jvr,3jvr_592,7.650,-7.559637,-4.358360
3jvr,3jvr_596,2.160,-1.646978,-4.956575
3jvr,3jvr_600,6.790,-7.991872,-5.093106
3jvr,3jvr_603,1.310,-1.199601,-4.248640
3jvr,3jvr_604,4.520,-2.236349,-5.043616
3jvr,3jvr_610,6.850,-0.971897,-5.291986
3jvr,3jvr_623,9.580,-1.446211,-4.427141
3jvr,3jvr_627,3.910,-2.031641,-3.984254
3jvr,3jvr_647,2.250,-1.507434,-4.705424
3jvr,3jvr_650,7.430,-1.327561,-4.425906
3jvr,3jvr_662,6.910,-2.229127,-4.905327
3jvr,3jvr_673,1.680,-1.171609,-4.926309
3jvr,3jvr_688,1.760,-2.325591,-4.925448
3jvr,3jvr_689,4.400,-2.664002,-4.518406
3jvr,3jvr_697,7.410,-2.422379,-4.953275
3jvr,3jvr_699,2.070,-1.118924,-5.342335
3jvr,3jvr_703,0.430,-0.802921,-4.891828
3jvr,3jvr_716,0.990,-1.127775,-4.691487
3jvr,3jvr_726,0.850,-0.743403,-5.334507
3jvr,3jvr_732,0.910,-0.793242,-4.871606
3jvr,3jvr_739,2.630,-1.104109,-5.101837
3jvr,3jvr_740,3.650,-0.662487,-4.850438
3jvr,3jvr_742,2.400,-0.854409,-5.202317
3jvr,3jvr_750,6.830,-1.024444,-4.642533
3jvr,3jvr_752,6.850,-0.935638,-4.687291
3jvr,3jvr_755,0.470,-0.668314,-5.310664
3jvr,3jvr_782,1.260,-1.082324,-5.242243
3jvr,3jvr_79,9.180,-4.766560,-5.827533
3jvr,3jvr_8,8.590,-3.005609,-4.830140
3jvr,3jvr_814,1.690,-1.098021,-4.394955
3jvr,3jvr_819,1.510,-1.290236,-4.730094
3jvr,3jvr_82,8.340,-2.837359,-4.949693
3jvr,3jvr_822,4.680,-1.280335,-3.873075
3jvr,3jvr_826,7.070,-1.130319,-4.389907
3jvr,3jvr_827,6.170,-1.719884,-5.043880
3jvr,3jvr_828,7.300,-1.876869,-6.106948
3jvr,3jvr_831,7.760,-2.084504,-5.313628
3jvr,3jvr_836,3.650,-0.662487,-4.850438
3jvr,3jvr_870,0.600,-0.724561,-4.313262
3jvr,3jvr_884,0.880,-0.660108,-5.335015
3jvr,3jvr_890,0.740,-0.860301,-4.918991
3jvr,3jvr_893,0.680,-0.698192,-5.089165
3jvr,3jvr_923,0.710,-0.853693,-4.805979
3jvr,3jvr_932,5.270,-0.673414,-3.971271
3jvr,3jvr_99,8.030,-3.041579,-4.094567
3jvs,3jvs_206,2.850,-1.151715,-4.667142
3jvs,3jvs_226,3.100,-1.281473,-5.865337
3jvs,3jvs_229,3.000,-1.044568,-5.482150
3jvs,3jvs_234,7.000,-1.366399,-5.687212
3jvs,3jvs_235,3.060,-0.961008,-4.732070
3jvs,3jvs_246,3.380,-2.818391,-4.668246
3jvs,3jvs_253,2.630,-1.992462,-4.683390
3jvs,3jvs_269,7.060,-1.178717,-4.716355
3jvs,3jvs_275,4.670,-2.027052,-4.525698
3jvs,3jvs_299,7.560,-1.091761,-5.956277
3jvs,3jvs_377,9.000,-2.348233,-4.961508
3jvs,3jvs_405,1.690,-1.490834,-5.138736
3jvs,3jvs_411,1.960,-1.640378,-5.231912
3jvs,3jvs_419,3.100,-0.828358,-5.263466
3jvs,3jvs_424,2.600,-1.974649,-5.671902
3jvs,3jvs_426,4.540,-0.985918,-4.849798
3jvs,3jvs_435,2.380,-0.977382,-4.917302
3jvs,3jvs_441,3.250,-1.962082,-6.003380
3jvs,3jvs_443,7.630,-1.394772,-5.878061
3jvs,3jvs_449,1.870,-1.347235,-5.062272
3jvs,3jvs_454,4.280,-2.077445,-4.340232
3jvs,3jvs_467,4.560,-1.651646,-5.787832
3jvs,3jvs_469,7.460,-2.778867,-6.052581
3jvs,3jvs_483,2.170,-1.614770,-5.652513
3jvs,3jvs_489,6.840,-4.462311,-6.050864
3jvs,3jvs_490,7.800,-1.876115,-5.700247
3jvs,3jvs_492,5.320,-2.400190,-5.951858
3jvs,3jvs_502,1.750,-1.815528,-5.431092
3jvs,3jvs_513,1.550,-1.833882,-5.627099
3jvs,3jvs_524,2.360,-1.648805,-5.127366
3jvs,3jvs_546,6.200,-6.418698,-5.035880
3jvs,3jvs_555,3.120,-0.846139,-5.334114
3jvs,3jvs_56,8.410,-8.309544,-5.884597
3jvs,3jvs_583,4.190,-1.103980,-5.316321
3jvs,3jvs_587,4.620,-2.430881,-5.711008
3jvs,3jvs_593,6.580,-6.590338,-5.669323
3jvs,3jvs_613,8.090,-2.275849,-5.899230
3jvs,3jvs_614,1.610,-2.607057,-5.718474
3jvs,3jvs_616,1.980,-1.837080,-5.893945
3jvs,3jvs_617,4.690,-1.321433,-5.123921
3jvs,3jvs_623,5.610,-4.903130,-5.586312
3jvs,3jvs_626,5.200,-2.512985,-5.946423
3jvs,3jvs_640,6.860,-1.037191,-6.108390
3jvs,3jvs_642,5.580,-4.901178,-5.315682
3jvs,3jvs_651,5.920,-6.427908,-5.339705
3jvs,3jvs_658,8.670,-8.316758,-5.321443
3jvs,3jvs_666,7.060,-8.139712,-5.467644
3jvs,3jvs_680,6.660,-5.867486,-5.846055
3jvs,3jvs_688,7.410,-8.268290,-4.865908
3jvs,3jvs_694,3.540,-2.162040,-6.467417
3jvs,3jvs_698,8.620,-1.913851,-6.456995
3jvs,3jvs_703,1.450,-1.676666,-5.630767
3jvs,3jvs_707,2.870,-1.173103,-4.983005
3jvs,3jvs_740,9.130,-3.028677,-5.873865
3jvs,3jvs_742,9.320,-3.285798,-5.275411
3jvs,3jvs_758,8.870,-2.935386,-5.512779
3jvs,3jvs_762,8.840,-2.800005,-5.882917
3jvs,3jvs_769,9.810,-5.602242,-5.669972
3jvs,3jvs_785,3.400,-1.138578,-5.161529
3jvs,3jvs_800,6.990,-2.436691,-6.134132
3jvs,3jvs_804,5.100,-1.884138,-5.356304
3jvs,3jvs_806,3.060,-1.617668,-4.979349
3jvs,3jvs_812,7.050,-1.976758,-5.473109
3jvs,3jvs_815,4.960,-1.647581,-4.816639
3jvs,3jvs_817,9.830,-2.478256,-5.052107
3jvs,3jvs_82,7.280,-3.426606,-5.967063
3jvs,3jvs_822,5.110,-1.469407,-4.915985
3jvs,3jvs_824,9.610,-1.141732,-4.881013
3jvs,3jvs_830,6.510,-3.155835,-6.535589
3jvs,3jvs_831,9.960,-2.489796,-5.678608
3jvs,3jvs_832,4.170,-1.867280,-5.292547
3jvs,3jvs_838,8.630,-2.598967,-5.665930
3jvs,3jvs_840,7.140,-1.942618,-5.870129
3jvs,3jvs_846,9.050,-2.952033,-5.722552
3jvs,3jvs_847,9.920,-3.572098,-5.864551
3jvs,3jvs_856,4.800,-2.149299,-4.937333
3jvs,3jvs_860,9.090,-0.914422,-6.020729
3jvs,3jvs_867,8.950,-1.122988,-6.242033
3jvs,3jvs_868,9.990,-1.491125,-5.150288
3jvs,3jvs_869,8.630,-2.446455,-5.302908
3jvs,3jvs_884,0.980,-1.317833,-5.568558
3jvs,3jvs_895,1.840,-1.290066,-5.210792
3jvs,3jvs_897,0.840,-0.832827,-5.670722
3jvs,3jvs_9,6.890,-1.028855,-5.225826
3jvs,3jvs_904,1.300,-0.874504,-5.071415
3jvs,3jvs_916,2.120,-1.103518,-6.083932
3jvs,3jvs_957,2.470,-1.347618,-5.286694
3jvs,3jvs_963,6.820,-1.324478,-5.571468
3jvs,3jvs_973,3.240,-0.997416,-4.869643
3jya,3jya_125,0.990,-0.711651,-4.929796
3jya,3jya_179,0.940,-0.310960,-4.147599
3jya,3jya_20,1.000,-0.737430,-3.275530
3jya,3jya_238,0.600,-0.402136,-5.536472
3jya,3jya_285,0.980,-0.282206,-4.097335
3jya,3jya_315,0.830,-0.392449,-3.945357
3jya,3jya_324,1.220,-0.743062,-2.861318
3jya,3jya_402,3.780,-2.966901,-4.648644
3jya,3jya_403,4.250,-1.311996,-2.841398
3jya,3jya_405,2.100,-1.284960,-4.726936
3jya,3jya_408,2.270,-0.991413,-3.420534
3jya,3jya_413,1.380,-0.743772,-3.200759
3jya,3jya_418,3.110,-1.836314,-3.792655
3jya,3jya_420,1.000,-0.550062,-3.550621
3jya,3jya_425,2.990,-1.400977,-3.238875
3jya,3jya_428,2.020,-0.721412,-3.894942
3jya,3jya_435,4.120,-0.530764,-3.875432
3jya,3jya_440,1.440,-0.491272,-5.093799
3jya,3jya_449,0.990,-0.396159,-4.331770
3jya,3jya_455,3.670,-0.986856,-4.126537
3jya,3jya_457,1.580,-1.044325,-4.262940
3jya,3jya_459,1.420,-0.425368,-4.423607
3jya,3jya_469,2.770,-0.898630,-3.074107
3jya,3jya_470,3.860,-0.770623,-4.187589
3jya,3jya_471,1.040,-0.622906,-4.097151
3jya,3jya_472,2.090,-1.236164,-4.611173
3jya,3jya_475,3.120,-1.257156,-3.731871
3jya,3jya_481,2.440,-0.690952,-2.968316
3jya,3jya_490,0.850,-0.653218,-3.440801
3jya,3jya_494,3.850,-1.172238,-2.857671
3jya,3jya_506,4.350,-1.093170,-3.657494
3jya,3jya_508,1.190,-0.806560,-3.486811
3jya,3jya_518,4.200,-0.949559,-3.646587
3jya,3jya_531,4.670,-1.536698,-3.740214
3jya,3jya_538,2.070,-1.148423,-3.426167
3jya,3jya_544,0.570,-0.397161,-3.572217
3jya,3jya_553,1.800,-0.399506,-3.735375
3jya,3jya_570,5.030,-1.982023,-3.427648
3jya,3jya_572,3.680,-1.808947,-4.167029
3jya,3jya_584,3.390,-2.602317,-4.296155
3jya,3jya_594,3.840,-2.127858,-3.635528
3jya,3jya_647,5.130,-3.306512,-4.521369
3jya,3jya_649,2.690,-1.400053,-3.413724
3jya,3jya_690,2.000,-1.107861,-3.372264
3jya,3jya_700,4.350,-1.430572,-3.971225
3jya,3jya_712,7.250,-5.940475,-5.173498
3jya,3jya_730,7.400,-6.175127,-4.581298
3jya,3jya_734,4.240,-4.345451,-4.949834
3jya,3jya_735,6.310,-5.615701,-4.071750
3jya,3jya_736,4.380,-2.992068,-4.993988
3jya,3jya_741,6.400,-5.707283,-4.647787
3jya,3jya_742,5.070,-4.610835,-3.789150
3jya,3jya_744,5.110,-4.694266,-5.356895
3jya,3jya_748,5.890,-3.705818,-4.459754
3jya,3jya_750,6.100,-5.582285,-4.441193
3jya,3jya_752,5.790,-4.930692,-4.830624
3jya,3jya_755,5.740,-5.382975,-4.443353
3jya,3jya_756,8.690,-7.693661,-4.743651
3jya,3jya_758,6.790,-5.625263,-6.026252
3jya,3jya_761,4.790,-4.088993,-4.877539
3jya,3jya_764,8.090,-6.370967,-4.119310
3jya,3jya_765,7.480,-6.457923,-4.906764
3jya,3jya_766,7.340,-5.750424,-4.838303
3jya,3jya_767,7.930,-6.343054,-4.463274
3jya,3jya_771,7.840,-6.517992,-4.301692
3jya,3jya_772,8.160,-6.751932,-4.329318
3jya,3jya_774,8.710,-7.295424,-4.999183
3jya,3jya_775,9.660,-8.028347,-4.638290
3jya,3jya_776,5.130,-4.694820,-5.132077
3jya,3jya_780,7.880,-6.374634,-5.060334
3jya,3jya_782,7.110,-5.960608,-5.580112
3jya,3jya_783,6.460,-5.461011,-5.763924
3jya,3jya_786,5.160,-4.246557,-5.303210
3jya,3jya_787,3.810,-3.403798,-5.759466
3jya,3jya_788,4.970,-4.780857,-5.649113
3jya,3jya_791,7.510,-6.935979,-5.426740
3jya,3jya_793,6.330,-6.335317,-5.287435
3jya,3jya_795,2.970,-2.679626,-5.233764
3jya,3jya_796,6.410,-5.905897,-5.115366
3jya,3jya_797,7.230,-6.627494,-5.749077
3jya,3jya_798,5.330,-5.007414,-5.745896
3jya,3jya_799,6.960,-7.068509,-4.835072
3jya,3jya_865,1.950,-0.500826,-2.859355
3jya,3jya_890,6.130,-4.925958,-4.598353
3jya,3jya_898,6.280,-4.182489,-5.228153
3k5v,3k5v_101,5.220,-5.935610,-1.621807
3k5v,3k5v_117,2.650,-2.358510,-1.079680
3k5v,3k5v_123,1.640,-1.768571,-1.555962
3k5v,3k5v_152,8.280,-2.011476,-1.607232
3k5v,3k5v_153,3.090,-1.749485,-1.678549
3k5v,3k5v_171,2.720,-1.241710,-1.243616
3k5v,3k5v_174,2.550,-3.182134,-1.230649
3k5v,3k5v_189,0.920,-0.592860,-1.146961
3k5v,3k5v_199,3.400,-2.927857,-1.543028
3k5v,3k5v_206,8.420,-1.007939,-1.871296
3k5v,3k5v_211,3.410,-2.156354,-1.569303
3k5v,3k5v_218,1.170,-0.567514,-1.423880
3k5v,3k5v_236,1.570,-0.836427,-1.101940
3k5v,3k5v_274,2.880,-1.144990,-1.220179
3k5v,3k5v_275,4.820,-5.562941,-1.892014
3k5v,3k5v_296,3.220,-1.878465,-1.425324
3k5v,3k5v_301,2.600,-2.095180,-1.534494
3k5v,3k5v_321,0.910,-0.690009,-0.803062
3k5v,3k5v_324,1.060,-2.217415,-1.181096
3k5v,3k5v_330,1.910,-1.246292,-1.433236
3k5v,3k5v_333,2.610,-1.673821,-0.996797
3k5v,3k5v_334,8.800,-6.075469,-2.223536
3k5v,3k5v_335,2.700,-1.598730,-1.321430
3k5v,3k5v_337,0.980,-0.816968,-1.456043
3k5v,3k5v_367,0.820,-0.926465,-1.337492
3k5v,3k5v_382,8.690,-5.507095,-1.999435
3k5v,3k5v_383,1.910,-3.158514,-1.321550
3k5v,3k5v_385,0.630,-1.590130,-1.167839
3k5v,3k5v_386,0.640,-0.679974,-1.579336
3k5v,3k5v_391,7.060,-2.868136,-1.717819
3k5v,3k5v_393,0.650,-1.581891,-1.159789
3k5v,3k5v_400,0.930,-1.759980,-1.157602
3k5v,3k5v_429,8.420,-2.089777,-1.492558
3k5v,3k5v_431,7.930,-2.148530,-1.459771
3k5v,3k5v_433,8.090,-2.491132,-1.528878
3k5v,3k5v_442,3.450,-1.896897,-1.333878
3k5v,3k5v_456,2.560,-2.195091,-1.412791
3k5v,3k5v_468,4.070,-3.438242,-1.671090
3k5v,3k5v_484,4.010,-2.289098,-1.547310
3k5v,3k5v_490,7.540,-2.352050,-0.981826
3k5v,3k5v_493,2.000,-2.180073,-1.448534
3k5v,3k5v_498,7.930,-1.906495,-1.916192
3k5v,3k5v_499,3.060,-2.128483,-1.545571
3k5v,3k5v_541,6.870,-4.461277,-1.514344
3k5v,3k5v_543,4.700,-5.526985,-1.393712
3k5v,3k5v_548,3.750,-3.146812,-1.925109
3k5v,3k5v_558,1.610,-1.919439,-1.237329
3k5v,3k5v_561,5.100,-5.136076,-1.546089
3k5v,3k5v_563,7.560,-7.875131,-1.911335
3k5v,3k5v_588,5.080,-5.733587,-1.802652
3k5v,3k5v_592,5.130,-6.040120,-1.651838
3k5v,3k5v_593,2.560,-1.826192,-1.588362
3k5v,3k5v_601,5.240,-4.374290,-1.588029
3k5v,3k5v_626,6.680,-3.598325,-1.607442
3k5v,3k5v_630,4.310,-4.509460,-1.796405
3k5v,3k5v_640,7.730,-3.757280,-1.988321
3k5v,3k5v_658,4.660,-4.106199,-1.363358
3k5v,3k5v_664,1.010,-0.983536,-1.396609
3k5v,3k5v_666,3.580,-3.346834,-1.649800
3k5v,3k5v_686,6.720,-7.332825,-1.342524
3k5v,3k5v_710,1.540,-1.206660,-1.004957
3k5v,3k5v_713,4.430,-5.957576,-1.495326
3k5v,3k5v_727,8.730,-6.893683,-2.701469
3k5v,3k5v_729,7.410,-8.217854,-1.766699
3k5v,3k5v_732,5.990,-7.938306,-1.311021
3k5v,3k5v_738,9.990,-5.425811,-1.905657
3k5v,3k5v_740,7.690,-1.898099,-1.456549
3k5v,3k5v_742,9.670,-7.969579,-2.227114
3k5v,3k5v_757,9.450,-5.239859,-2.090157
3k5v,3k5v_759,5.040,-6.104841,-1.468532
3k5v,3k5v_762,8.480,-8.133094,-1.990160
3k5v,3k5v_769,6.310,-8.013733,-1.398511
3k5v,3k5v_772,8.700,-7.578956,-1.457433
3k5v,3k5v_774,7.950,-8.422978,-1.808003
3k5v,3k5v_775,8.440,-7.856717,-2.320740
3k5v,3k5v_776,9.100,-5.382071,-2.002219
3k5v,3k5v_810,3.090,-1.644118,-1.221343
3k5v,3k5v_842,2.290,-1.556672,-1.546587
3k5v,3k5v_843,3.780,-4.727908,-1.437293
3k5v,3k5v_851,7.530,-8.302742,-1.513910
3k5v,3k5v_852,5.300,-7.465158,-1.410310
3k5v,3k5v_866,4.110,-3.028382,-1.918648
3k5v,3k5v_886,4.060,-6.136730,-1.670966
3k5v,3k5v_891,5.400,-4.860178,-1.348721
3k5v,3k5v_928,4.120,-3.885175,-1.658454
3k5v,3k5v_953,0.990,-1.429837,-1.241551
3k5v,3k5v_960,5.300,-5.556494,-1.320173
3k5v,3k5v_981,0.930,-1.276267,-1.222017
3kgp,3kgp_20,0.990,-0.772848,-4.470222
3kgp,3kgp_31,1.000,-0.515945,-4.228617
3kgp,3kgp_408,4.440,-1.547626,-4.263568
3kgp,3kgp_420,4.700,-1.205257,-4.434155
3kgp,3kgp_431,1.680,-1.293282,-4.971118
3kgp,3kgp_434,2.810,-1.687062,-5.297445
3kgp,3kgp_457,2.350,-1.816542,-4.546465
3kgp,3kgp_465,2.540,-2.162711,-4.256413
3kgp,3kgp_475,3.090,-2.231203,-4.236424
3kgp,3kgp_477,2.240,-2.433897,-5.469540
3kgp,3kgp_483,5.150,-2.506195,-4.577902
3kgp,3kgp_491,5.070,-2.157375,-4.162739
3kgp,3kgp_492,1.010,-1.252605,-5.161387
3kgp,3kgp_493,1.760,-1.939106,-4.468925
3kgp,3kgp_496,1.930,-1.518590,-4.250634
3kgp,3kgp_5,1.000,-0.892987,-3.686272
3kgp,3kgp_504,4.020,-1.708249,-4.240847
3kgp,3kgp_507,3.970,-1.869199,-4.788511
3kgp,3kgp_511,3.580,-4.705205,-5.566184
3kgp,3kgp_523,4.360,-1.087961,-3.843954
3kgp,3kgp_524,5.270,-4.607054,-3.543315
3kgp,3kgp_528,3.470,-4.297799,-5.990834
3kgp,3kgp_532,3.130,-3.828196,-6.254389
3kgp,3kgp_533,3.530,-4.598007,-6.144237
3kgp,3kgp_541,1.910,-1.238822,-4.716076
3kgp,3kgp_547,5.480,-3.912053,-3.971954
3kgp,3kgp_551,5.250,-3.052880,-3.747081
3kgp,3kgp_568,3.980,-2.283994,-5.182074
3kgp,3kgp_573,5.010,-3.107625,-3.805441
3kgp,3kgp_574,2.530,-3.250004,-5.478087
3kgp,3kgp_591,3.440,-4.394156,-5.045656
3kgp,3kgp_596,3.180,-4.285069,-4.057124
3kgp,3kgp_600,5.590,-3.941435,-3.143031
3kgp,3kgp_610,3.240,-1.698908,-5.401988
3kgp,3kgp_657,1.860,-2.220665,-4.339896
3kgp,3kgp_661,0.950,-1.971568,-3.982614
3kgp,3kgp_687,4.430,-3.902828,-4.983651
3kgp,3kgp_693,5.400,-4.979297,-4.421912
3kgp,3kgp_696,2.030,-2.136783,-4.159950
3kgp,3kgp_700,2.620,-1.933316,-4.369790
3kgp,3kgp_715,1.600,-0.842480,-4.560640
3kgp,3kgp_745,1.370,-1.712432,-3.240922
3kgp,3kgp_750,1.760,-0.673819,-5.243796
3kgp,3kgp_757,1.030,-1.417580,-4.445491
3kgp,3kgp_763,4.670,-0.964522,-5.096453
3kgp,3kgp_768,4.320,-1.544956,-4.330899
3kgp,3kgp_771,7.200,-7.003680,-4.341718
3kgp,3kgp_776,6.170,-6.335501,-5.237480
3kgp,3kgp_777,2.210,-1.737025,-5.072044
3kgp,3kgp_778,6.220,-6.499934,-6.192255
3kgp,3kgp_780,2.490,-2.959371,-5.026709
3kgp,3kgp_782,6.870,-6.704535,-5.158393
3kgp,3kgp_783,4.510,-1.244048,-4.423782
3kgp,3kgp_784,6.090,-5.423718,-5.826653
3kgp,3kgp_785,6.040,-5.336414,-5.141710
3kgp,3kgp_786,6.070,-5.111026,-5.078520
3kgp,3kgp_787,4.580,-1.696555,-4.099917
3kgp,3kgp_788,6.110,-5.428785,-5.429952
3kgp,3kgp_789,6.070,-5.380750,-5.681639
3kgp,3kgp_790,4.150,-4.635180,-4.656419
3kgp,3kgp_791,6.080,-5.190165,-4.989009
3kgp,3kgp_792,6.070,-5.058524,-4.814780
3kgp,3kgp_796,5.360,-4.798898,-4.731107
3kgp,3kgp_798,5.890,-5.176664,-4.843637
3kgp,3kgp_799,2.570,-1.692854,-5.511949
3kr8,3kr8_419,1.030,-0.382854,-2.666602
3kr8,3kr8_422,0.920,-0.507204,-2.909440
3kr8,3kr8_428,0.900,-0.406378,-3.102281
3kr8,3kr8_441,0.950,-1.006679,-3.251280
3kr8,3kr8_442,2.000,-0.836958,-3.537825
3kr8,3kr8_453,1.000,-1.134484,-3.752470
3kr8,3kr8_459,1.740,-0.913944,-3.460953
3kr8,3kr8_460,2.480,-1.494539,-4.142560
3kr8,3kr8_470,2.340,-1.735932,-3.352536
3kr8,3kr8_475,2.550,-1.754530,-3.313429
3kr8,3kr8_479,6.760,-1.223250,-3.648083
3kr8,3kr8_489,2.070,-0.973508,-2.684419
3kr8,3kr8_492,1.080,-1.409479,-4.177357
3kr8,3kr8_498,1.420,-0.635125,-2.623064
3kr8,3kr8_499,0.950,-0.790505,-3.354911
3kr8,3kr8_505,0.930,-1.183883,-3.559685
3kr8,3kr8_558,1.410,-1.254349,-3.983797
3kr8,3kr8_568,2.080,-1.173878,-2.887565
3kr8,3kr8_579,8.200,-4.674706,-4.814323
3kr8,3kr8_582,3.420,-1.990633,-3.810860
3kr8,3kr8_584,4.030,-4.121814,-3.943170
3kr8,3kr8_585,2.110,-1.771059,-4.421506
3kr8,3kr8_595,8.060,-4.096292,-4.559179
3kr8,3kr8_598,8.880,-6.171550,-5.490546
3kr8,3kr8_609,2.140,-0.743913,-3.328747
3kr8,3kr8_617,2.240,-0.514737,-3.768488
3kr8,3kr8_619,6.850,-1.279980,-4.265477
3kr8,3kr8_640,1.630,-1.532971,-4.281387
3kr8,3kr8_646,2.690,-1.324862,-2.866553
3kr8,3kr8_650,8.020,-5.669368,-4.503540
3kr8,3kr8_653,1.430,-1.059523,-3.997095
3kr8,3kr8_656,7.010,-4.101253,-4.949996
3kr8,3kr8_658,4.090,-2.310292,-2.789233
3kr8,3kr8_661,3.500,-2.019479,-3.984118
3kr8,3kr8_664,1.410,-1.122347,-3.497090
3kr8,3kr8_674,4.020,-2.726437,-4.573038
3kr8,3kr8_683,6.780,-4.361656,-4.760141
3kr8,3kr8_690,4.040,-3.306008,-3.659615
3kr8,3kr8_695,4.280,-3.524178,-3.722032
3kr8,3kr8_696,3.580,-2.413618,-3.666807
3kr8,3kr8_699,6.680,-3.044345,-5.458071
3kr8,3kr8_702,2.030,-0.932780,-3.064853
3kr8,3kr8_728,9.270,-8.406416,-5.197485
3kr8,3kr8_731,7.790,-3.132752,-3.825238
3kr8,3kr8_745,7.090,-5.515084,-3.567071
3kr8,3kr8_747,9.380,-8.370387,-5.063172
3kr8,3kr8_756,8.710,-8.342800,-5.309454
3kr8,3kr8_757,9.990,-7.557820,-4.633212
3kr8,3kr8_759,9.830,-8.380077,-5.251611
3kr8,3kr8_761,3.690,-2.867562,-3.855571
3kr8,3kr8_763,3.880,-2.914487,-3.609762
3kr8,3kr8_765,9.020,-8.359056,-5.664449
3kr8,3kr8_767,6.170,-5.625618,-3.656715
3kr8,3kr8_768,9.620,-8.380657,-5.016737
3kr8,3kr8_771,7.820,-5.989218,-4.007685
3kr8,3kr8_772,9.200,-8.343664,-5.234156
3kr8,3kr8_776,6.200,-3.966247,-2.760411
3kr8,3kr8_779,9.440,-8.395373,-5.146329
3kr8,3kr8_780,8.460,-6.282745,-4.677120
3kr8,3kr8_781,7.120,-3.114106,-5.083546
3kr8,3kr8_783,4.280,-3.651291,-3.839977
3kr8,3kr8_785,0.680,-0.430854,-3.485569
3kr8,3kr8_787,1.170,-0.389240,-3.220152
3kr8,3kr8_807,7.870,-6.479990,-4.800694
3kr8,3kr8_819,8.540,-5.427871,-4.909745
3kr8,3kr8_826,7.350,-7.170939,-4.569737
3kr8,3kr8_852,7.990,-3.608493,-4.506942
3kr8,3kr8_856,8.580,-8.213065,-5.642066
3kr8,3kr8_870,8.060,-3.878999,-4.582256
3kr8,3kr8_876,8.040,-3.693615,-4.663797
3kr8,3kr8_882,9.150,-8.343507,-5.129686
3kr8,3kr8_884,0.560,-0.499163,-2.418767
3kr8,3kr8_894,0.620,-0.457904,-3.359524
3kr8,3kr8_896,0.930,-0.316955,-3.032718
3kr8,3kr8_910,6.980,-1.659480,-3.125433
3kr8,3kr8_922,9.520,-8.321367,-5.641012
3kr8,3kr8_958,6.610,-0.450997,-3.017653
3kr8,3kr8_965,7.480,-6.513946,-5.468005
3kr8,3kr8_969,7.020,-1.426480,-2.947590
3kr8,3kr8_971,6.800,-0.853797,-2.699621
3kr8,3kr8_980,6.590,-0.805287,-2.966615
3kwa,3kwa_128,1.970,-1.492498,-4.294968
3kwa,3kwa_130,1.760,-0.981746,-3.912809
3kwa,3kwa_160,1.910,-1.786360,-4.479768
3kwa,3kwa_185,1.710,-0.839723,-4.738054
3kwa,3kwa_296,4.280,-1.848586,-3.742663
3kwa,3kwa_328,1.920,-0.800665,-3.610919
3kwa,3kwa_413,2.710,-3.279453,-3.992058
3kwa,3kwa_449,2.530,-1.558157,-3.716721
3kwa,3kwa_469,4.060,-4.087252,-3.919606
3kwa,3kwa_49,3.760,-4.677079,-4.480455
3kwa,3kwa_499,1.790,-2.016702,-4.534751
3kwa,3kwa_525,5.630,-6.355023,-6.670271
3kwa,3kwa_541,1.910,-1.081233,-4.683594
3kwa,3kwa_570,5.480,-7.284531,-5.459230
3kwa,3kwa_573,5.990,-6.001618,-5.659935
3kwa,3kwa_576,3.640,-5.043771,-5.452788
3kwa,3kwa_600,5.170,-5.785753,-5.897661
3kwa,3kwa_620,5.880,-5.356931,-4.740978
3kwa,3kwa_624,4.110,-4.274109,-4.261051
3kwa,3kwa_635,6.180,-5.730975,-5.583234
3kwa,3kwa_661,5.530,-5.812093,-5.169502
3kwa,3kwa_686,5.290,-6.730739,-4.882696
3kwa,3kwa_694,3.520,-4.146428,-4.867178
3kwa,3kwa_713,3.770,-2.769163,-3.993688
3kwa,3kwa_725,2.950,-1.329037,-3.318611
3kwa,3kwa_727,5.110,-4.270497,-4.954158
3kwa,3kwa_748,4.220,-1.784828,-4.686841
3kwa,3kwa_749,4.150,-3.378796,-4.035222
3kwa,3kwa_750,2.650,-1.613557,-4.449233
3kwa,3kwa_758,2.380,-2.195477,-4.350465
3kwa,3kwa_766,6.090,-4.536606,-4.049006
3kwa,3kwa_773,1.940,-0.815674,-4.054385
3kwa,3kwa_775,3.670,-2.545019,-3.827831
3kwa,3kwa_780,4.380,-3.397984,-4.954556
3kwa,3kwa_782,4.920,-3.100773,-4.424614
3kwa,3kwa_792,4.530,-4.923638,-3.945075
3kwa,3kwa_794,5.040,-3.921594,-4.518530
3kwa,3kwa_799,3.460,-3.510866,-3.787401
3kwa,3kwa_801,2.380,-2.827184,-3.840978
3kwa,3kwa_804,3.090,-1.231973,-4.198586
3kwa,3kwa_810,3.440,-0.912261,-3.488717
3kwa,3kwa_817,2.820,-3.856462,-4.105621
3kwa,3kwa_823,4.350,-1.944869,-5.463849
3kwa,3kwa_833,2.710,-2.715005,-3.744621
3kwa,3kwa_852,2.920,-0.992077,-3.690819
3kwa,3kwa_872,1.960,-1.529165,-4.488533
3kwa,3kwa_876,3.500,-1.516230,-3.445173
3kwa,3kwa_883,5.570,-3.948573,-4.229446
3kwa,3kwa_936,2.790,-2.996058,-4.535483
3kwa,3kwa_942,4.620,-4.826319,-3.549791
3kwa,3kwa_960,3.920,-1.523330,-4.540272
3l7b,3l7b_163,0.690,-0.321268,-4.402398
3l7b,3l7b_203,6.070,-3.393522,-4.915757
3l7b,3l7b_207,0.910,-0.259435,-5.103972
3l7b,3l7b_217,6.050,-3.172998,-5.391710
3l7b,3l7b_22,5.670,-2.308977,-5.152413
3l7b,3l7b_256,1.310,-0.684430,-5.330480
3l7b,3l7b_30,0.510,-0.622528,-4.483529
3l7b,3l7b_38,0.420,-0.532779,-4.801948
3l7b,3l7b_402,4.140,-1.964214,-5.047937
3l7b,3l7b_416,1.840,-1.260766,-5.176283
3l7b,3l7b_426,1.980,-1.263053,-6.700896
3l7b,3l7b_439,1.910,-2.131468,-5.751837
3l7b,3l7b_446,2.220,-2.232660,-7.065410
3l7b,3l7b_447,1.290,-1.432673,-5.159199
3l7b,3l7b_450,3.970,-1.903990,-6.118366
3l7b,3l7b_458,1.880,-2.010407,-5.948353
3l7b,3l7b_462,4.450,-2.571831,-5.165453
3l7b,3l7b_463,2.740,-2.093374,-5.606168
3l7b,3l7b_468,3.830,-1.900946,-5.493252
3l7b,3l7b_47,0.770,-0.465826,-5.055664
3l7b,3l7b_485,2.130,-1.249614,-5.627869
3l7b,3l7b_491,1.570,-1.472903,-5.896192
3l7b,3l7b_500,3.030,-2.096614,-5.905677
3l7b,3l7b_509,6.940,-6.616738,-6.937419
3l7b,3l7b_521,5.980,-3.539395,-6.271716
3l7b,3l7b_523,2.740,-3.522366,-5.959861
3l7b,3l7b_526,7.540,-7.198050,-8.169906
3l7b,3l7b_527,2.480,-2.200412,-5.318015
3l7b,3l7b_531,5.490,-1.463404,-5.416692
3l7b,3l7b_542,3.440,-3.393669,-6.054227
3l7b,3l7b_545,2.280,-1.910861,-5.888839
3l7b,3l7b_550,5.150,-2.265068,-5.797789
3l7b,3l7b_554,6.850,-7.058521,-7.311865
3l7b,3l7b_557,7.970,-7.743847,-7.702949
3l7b,3l7b_560,5.430,-1.612411,-4.861728
3l7b,3l7b_561,1.870,-1.938102,-5.880810
3l7b,3l7b_566,3.100,-2.889965,-6.269578
3l7b,3l7b_568,7.100,-8.287333,-5.787998
3l7b,3l7b_576,1.770,-2.102290,-6.670718
3l7b,3l7b_578,5.500,-3.171410,-5.883322
3l7b,3l7b_579,6.990,-6.935858,-7.997971
3l7b,3l7b_582,2.430,-1.175619,-6.010226
3l7b,3l7b_584,3.190,-1.929380,-5.595500
3l7b,3l7b_586,5.630,-2.754786,-5.730662
3l7b,3l7b_588,6.120,-4.179344,-7.125127
3l7b,3l7b_592,4.980,-2.530013,-6.031931
3l7b,3l7b_604,4.890,-1.399552,-5.481107
3l7b,3l7b_612,2.990,-2.246236,-5.562419
3l7b,3l7b_616,4.980,-2.437316,-5.392595
3l7b,3l7b_621,6.140,-7.899809,-6.235533
3l7b,3l7b_627,4.300,-4.387775,-6.569896
3l7b,3l7b_628,3.840,-4.961962,-6.596908
3l7b,3l7b_631,3.600,-2.357630,-7.251796
3l7b,3l7b_633,7.850,-8.348042,-6.439496
3l7b,3l7b_638,6.020,-7.951489,-6.477360
3l7b,3l7b_643,4.670,-1.349591,-5.174627
3l7b,3l7b_656,4.980,-1.363571,-5.547558
3l7b,3l7b_657,5.300,-2.160423,-5.521695
3l7b,3l7b_658,6.040,-3.632301,-6.773777
3l7b,3l7b_659,3.150,-3.375963,-5.897897
3l7b,3l7b_66,0.820,-0.429466,-5.279997
3l7b,3l7b_660,5.890,-4.000289,-7.465293
3l7b,3l7b_665,1.660,-0.508484,-5.027565
3l7b,3l7b_683,7.680,-7.875737,-7.533188
3l7b,3l7b_685,9.140,-8.335251,-7.838035
3l7b,3l7b_686,6.160,-7.402936,-6.525762
3l7b,3l7b_687,2.600,-3.375364,-6.063641
3l7b,3l7b_690,2.900,-1.626278,-7.033203
3l7b,3l7b_694,5.150,-1.397804,-5.105197
3l7b,3l7b_696,7.100,-8.287333,-5.787998
3l7b,3l7b_719,4.150,-2.534481,-6.057868
3l7b,3l7b_72,0.890,-0.684021,-4.595351
3l7b,3l7b_730,3.980,-2.223720,-5.178391
3l7b,3l7b_750,4.230,-2.714639,-5.634897
3l7b,3l7b_844,0.750,-1.038755,-5.104953
3l7b,3l7b_9,0.400,-0.591823,-5.007163
3l7b,3l7b_93,0.900,-0.705324,-4.702576
3lka,3lka_161,1.560,-0.545207,-6.701708
3lka,3lka_24,5.360,-2.519817,-7.449484
3lka,3lka_258,2.320,-1.472572,-6.824045
3lka,3lka_319,4.870,-1.812256,-7.498285
3lka,3lka_373,1.670,-1.331731,-4.995091
3lka,3lka_404,1.320,-0.615985,-5.389716
3lka,3lka_431,0.940,-0.714231,-7.052392
3lka,3lka_435,6.100,-3.827178,-7.760983
3lka,3lka_438,2.090,-1.298201,-5.600456
3lka,3lka_439,6.850,-5.899697,-6.291913
3lka,3lka_443,2.050,-1.447656,-7.633073
3lka,3lka_444,2.900,-2.487353,-7.476093
3lka,3lka_456,2.000,-1.085618,-6.001932
3lka,3lka_457,0.910,-1.098681,-6.570066
3lka,3lka_459,2.280,-1.967699,-6.468578
3lka,3lka_468,2.580,-1.796327,-7.321832
3lka,3lka_472,3.850,-3.113958,-8.292156
3lka,3lka_477,3.440,-2.517735,-5.594626
3lka,3lka_485,2.200,-1.473949,-7.837540
3lka,3lka_486,0.870,-0.945194,-6.757872
3lka,3lka_490,3.120,-2.301957,-6.845759
3lka,3lka_491,3.740,-2.998406,-7.902443
3lka,3lka_495,1.550,-0.677029,-6.175769
3lka,3lka_498,4.670,-1.623571,-6.294111
3lka,3lka_501,5.120,-4.701080,-6.495148
3lka,3lka_505,6.050,-5.222944,-6.791673
3lka,3lka_510,1.660,-0.849506,-5.217899
3lka,3lka_515,4.680,-4.469674,-6.346122
3lka,3lka_518,5.090,-5.105826,-6.403927
3lka,3lka_521,6.020,-5.637325,-7.193367
3lka,3lka_536,3.990,-4.160707,-6.240356
3lka,3lka_541,0.910,-1.098681,-6.570066
3lka,3lka_544,1.800,-1.002834,-6.594050
3lka,3lka_554,5.680,-4.685023,-6.693485
3lka,3lka_556,0.940,-0.714231,-7.052392
3lka,3lka_558,4.800,-4.760108,-6.310682
3lka,3lka_559,6.100,-5.763912,-7.644783
3lka,3lka_562,0.730,-0.545743,-5.873127
3lka,3lka_565,5.730,-5.181728,-7.459355
3lka,3lka_568,4.270,-3.590153,-6.146144
3lka,3lka_582,4.490,-4.679355,-6.298073
3lka,3lka_588,1.330,-0.658301,-5.194830
3lka,3lka_593,1.010,-1.089470,-6.815346
3lka,3lka_613,4.310,-4.649274,-6.845472
3lka,3lka_627,5.630,-5.693859,-7.067778
3lka,3lka_644,5.020,-5.234628,-6.176862
3lka,3lka_652,2.820,-2.604754,-7.792993
3lka,3lka_653,2.090,-1.421688,-6.936810
3lka,3lka_660,4.510,-3.937949,-6.931821
3lka,3lka_665,0.870,-0.945194,-6.757872
3lka,3lka_668,0.910,-1.098681,-6.570066
3lka,3lka_685,1.700,-1.101949,-5.925856
3lka,3lka_735,7.290,-6.301554,-6.619235
3lka,3lka_745,3.320,-2.442684,-7.518183
3lka,3lka_749,7.370,-7.070990,-7.222969
3lka,3lka_752,7.070,-5.949719,-7.057050
3lka,3lka_756,7.570,-7.046486,-7.052037
3lka,3lka_760,7.120,-6.460206,-7.254477
3lka,3lka_764,2.800,-1.899035,-6.637377
3lka,3lka_771,4.980,-2.193822,-7.171186
3lka,3lka_772,5.230,-1.739935,-5.409979
3lka,3lka_774,3.710,-2.603161,-6.623533
3lka,3lka_775,3.950,-2.920598,-6.149291
3lka,3lka_777,6.110,-4.662531,-6.094992
3lka,3lka_780,6.220,-5.199182,-6.177822
3lka,3lka_787,6.540,-5.429904,-6.520920
3lka,3lka_791,5.630,-3.976738,-7.632624
3lka,3lka_792,6.830,-6.675395,-8.175645
3lka,3lka_794,6.950,-6.166712,-7.166368
3lka,3lka_868,7.240,-6.301554,-6.619235
3lka,3lka_870,7.290,-6.301554,-6.619235
3lka,3lka_871,8.970,-7.969382,-6.888411
3lka,3lka_882,3.380,-1.778299,-7.061752
3lka,3lka_884,8.960,-8.051817,-6.807725
3lka,3lka_888,7.280,-6.263998,-6.487071
3lka,3lka_889,8.950,-7.961529,-7.275564
3lka,3lka_893,7.240,-6.687778,-6.279664
3lka,3lka_932,4.570,-4.676369,-6.475426
3lka,3lka_94,5.440,-2.699077,-7.253453
3mss,3mss_101,1.940,-1.091386,-2.099504
3mss,3mss_141,2.120,-1.054110,-1.508133
3mss,3mss_18,1.980,-1.452724,-1.742964
3mss,3mss_197,1.990,-1.352343,-1.460294
3mss,3mss_214,9.780,-5.300931,-1.925313
3mss,3mss_23,1.970,-1.320550,-2.155414
3mss,3mss_239,9.150,-4.913656,-1.997838
3mss,3mss_244,7.790,-3.729702,-1.877102
3mss,3mss_264,8.810,-4.438019,-2.197562
3mss,3mss_3,9.600,-5.177376,-1.509745
3mss,3mss_311,2.710,-0.773426,-0.980241
3mss,3mss_386,9.790,-4.629848,-1.337633
3mss,3mss_401,4.740,-1.969982,-2.192616
3mss,3mss_412,4.060,-1.840605,-2.027102
3mss,3mss_424,8.450,-3.798533,-2.271842
3mss,3mss_433,4.970,-3.320392,-2.603384
3mss,3mss_434,8.340,-4.819672,-2.126937
3mss,3mss_443,4.310,-2.438436,-1.955347
3mss,3mss_445,4.450,-2.903508,-2.446234
3mss,3mss_448,3.920,-2.054611,-2.383383
3mss,3mss_451,2.580,-1.989521,-2.626287
3mss,3mss_458,3.020,-1.288553,-1.903965
3mss,3mss_459,2.870,-2.449764,-2.256676
3mss,3mss_465,3.730,-2.625415,-2.951793
3mss,3mss_466,2.520,-1.166364,-1.803905
3mss,3mss_467,6.570,-2.006043,-2.267141
3mss,3mss_475,3.210,-2.321245,-1.483849
3mss,3mss_476,3.610,-1.599612,-1.702072
3mss,3mss_487,5.080,-3.938222,-2.011911
3mss,3mss_499,7.500,-2.294810,-2.462473
3mss,3mss_507,6.800,-1.389724,-1.508626
3mss,3mss_518,7.090,-3.795438,-2.439523
3mss,3mss_522,7.720,-3.517722,-1.672678
3mss,3mss_534,5.170,-4.194018,-3.171239
3mss,3mss_546,2.570,-1.139132,-1.744311
3mss,3mss_548,2.930,-1.769243,-1.525706
3mss,3mss_555,6.640,-1.139572,-1.819758
3mss,3mss_561,6.850,-2.836981,-2.215668
3mss,3mss_568,7.380,-1.991138,-1.724954
3mss,3mss_571,3.060,-2.847335,-1.890927
3mss,3mss_574,6.850,-3.992407,-2.111026
3mss,3mss_576,7.400,-2.972118,-1.509914
3mss,3mss_591,4.320,-3.920631,-1.508111
3mss,3mss_621,8.140,-5.491234,-2.702038
3mss,3mss_628,3.010,-1.831825,-1.765936
3mss,3mss_64,1.800,-0.789840,-1.367628
3mss,3mss_653,6.720,-2.951868,-1.471266
3mss,3mss_665,7.130,-3.119815,-2.440548
3mss,3mss_668,4.840,-3.810533,-2.210092
3mss,3mss_669,5.200,-4.573798,-2.011698
3mss,3mss_678,8.600,-3.966270,-1.510262
3mss,3mss_680,3.120,-1.714136,-2.097662
3mss,3mss_681,4.060,-3.506836,-2.331687
3mss,3mss_682,3.560,-2.388619,-1.537138
3mss,3mss_684,6.730,-3.062083,-1.730794
3mss,3mss_689,4.280,-2.686984,-2.207723
3mss,3mss_697,6.810,-2.784088,-2.245538
3mss,3mss_730,1.810,-0.685779,-1.501166
3mss,3mss_737,8.710,-6.799426,-2.105001
3mss,3mss_74,2.000,-1.325942,-1.721434
3mss,3mss_747,9.340,-4.749426,-1.752690
3mss,3mss_757,9.210,-6.522527,-2.016647
3mss,3mss_758,7.440,-1.228204,-2.083793
3mss,3mss_765,9.980,-5.749242,-2.226772
3mss,3mss_79,1.990,-1.092365,-1.308791
3mss,3mss_792,8.130,-3.559832,-1.435022
3mss,3mss_800,7.960,-3.202140,-1.100243
3mss,3mss_812,8.730,-3.982877,-2.194406
3mss,3mss_82,9.520,-4.481176,-1.294266
3mss,3mss_827,6.480,-3.872682,-1.657257
3mss,3mss_836,3.050,-1.923641,-1.761751
3mss,3mss_840,7.950,-3.686666,-2.578642
3mss,3mss_856,1.970,-0.915958,-1.967980
3mss,3mss_869,4.060,-1.216023,-2.089286
3mss,3mss_873,2.890,-2.096027,-1.527137
3mss,3mss_9,2.610,-1.790543,-1.496083
3mss,3mss_94,9.210,-5.700928,-1.863673
3mss,3mss_946,8.170,-2.797969,-1.373759
3mss,3mss_948,2.580,-1.010917,-1.800102
3mss,3mss_952,7.000,-1.701907,-2.156306
3mss,3mss_96,2.000,-0.840290,-1.695680
3mss,3mss_971,8.810,-5.347957,-2.244225
3mss,3mss_974,9.290,-6.282166,-1.827110
3myg,3myg_104,8.320,-2.471204,-8.254941
3myg,3myg_110,9.280,-3.529278,-7.871543
3myg,3myg_115,4.640,-1.154324,-7.725517
3myg,3myg_140,0.810,-0.805970,-7.806859
3myg,3myg_159,9.360,-6.780616,-6.893957
3myg,3myg_162,9.040,-4.641540,-6.833770
3myg,3myg_181,9.390,-4.659238,-7.172708
3myg,3myg_198,9.170,-5.017748,-7.334646
3myg,3myg_225,1.290,-0.627408,-8.489400
3myg,3myg_31,8.850,-4.639781,-6.671871
3myg,3myg_333,0.910,-0.336067,-7.872999
3myg,3myg_370,7.270,-4.079982,-7.328937
3myg,3myg_407,7.540,-2.230354,-8.706026
3myg,3myg_410,6.910,-1.997878,-8.600402
3myg,3myg_422,6.880,-2.321081,-8.379849
3myg,3myg_427,6.800,-2.284317,-8.813188
3myg,3myg_435,5.160,-1.721584,-8.335576
3myg,3myg_438,5.940,-1.994725,-7.969760
3myg,3myg_447,6.730,-2.494715,-8.699012
3myg,3myg_456,7.430,-3.955842,-8.561302
3myg,3myg_459,5.660,-2.421463,-8.839905
3myg,3myg_462,6.330,-2.084786,-8.231267
3myg,3myg_463,6.850,-2.717543,-8.735681
3myg,3myg_470,5.310,-2.101605,-8.089278
3myg,3myg_472,7.960,-2.567765,-8.685163
3myg,3myg_475,2.540,-1.878346,-7.934693
3myg,3myg_476,7.540,-2.179581,-8.132207
3myg,3myg_480,4.430,-2.004289,-8.138615
3myg,3myg_483,5.300,-2.237516,-8.312803
3myg,3myg_498,5.680,-2.761238,-8.206485
3myg,3myg_500,3.040,-0.856577,-8.538983
3myg,3myg_504,5.060,-2.729889,-7.472967
3myg,3myg_526,4.190,-1.637302,-8.370082
3myg,3myg_542,2.900,-1.194885,-7.646274
3myg,3myg_548,1.360,-1.278425,-7.120573
3myg,3myg_550,4.170,-2.803419,-7.013733
3myg,3myg_551,4.790,-4.351810,-7.986468
3myg,3myg_561,6.510,-2.515196,-8.155571
3myg,3myg_574,6.300,-2.926372,-8.062951
3myg,3myg_577,5.610,-5.382930,-7.314100
3myg,3myg_582,7.510,-2.534196,-8.190170
3myg,3myg_588,4.120,-2.639318,-8.061263
3myg,3myg_589,4.160,-3.796993,-7.364598
3myg,3myg_591,3.470,-3.003462,-7.403322
3myg,3myg_600,6.320,-3.243268,-7.570741
3myg,3myg_613,4.740,-1.564871,-8.090756
3myg,3myg_644,2.550,-1.115887,-7.845381
3myg,3myg_665,7.860,-1.918424,-7.928681
3myg,3myg_667,5.040,-2.626478,-7.985950
3myg,3myg_684,6.180,-2.194901,-8.587653
3myg,3myg_693,1.590,-1.305339,-7.837506
3myg,3myg_695,7.220,-3.162439,-8.235037
3myg,3myg_699,3.640,-1.146790,-7.377678
3myg,3myg_703,2.100,-1.901123,-7.938513
3myg,3myg_714,0.680,-1.123446,-7.764197
3myg,3myg_725,0.690,-1.291673,-7.879908
3myg,3myg_729,0.920,-1.146430,-7.866880
3myg,3myg_733,0.980,-1.048044,-8.002716
3myg,3myg_737,0.900,-0.964571,-7.552693
3myg,3myg_741,2.950,-1.777933,-7.829331
3myg,3myg_743,1.700,-0.450155,-8.000434
3myg,3myg_745,4.290,-1.532803,-7.153504
3myg,3myg_756,4.870,-1.384294,-7.043210
3myg,3myg_761,2.290,-0.824913,-7.529685
3myg,3myg_762,3.850,-2.354686,-7.729950
3myg,3myg_764,8.910,-7.002011,-5.951946
3myg,3myg_767,3.030,-1.872315,-7.473641
3myg,3myg_768,7.590,-3.355482,-7.990026
3myg,3myg_769,5.980,-5.105836,-7.525288
3myg,3myg_780,3.950,-1.142553,-8.119228
3myg,3myg_782,8.770,-4.563492,-6.972781
3myg,3myg_783,9.880,-8.270112,-7.275917
3myg,3myg_784,9.070,-3.205253,-7.851554
3myg,3myg_788,9.170,-3.946262,-7.395197
3myg,3myg_792,9.370,-4.874885,-7.417488
3myg,3myg_794,8.450,-1.366057,-7.794380
3myg,3myg_803,2.080,-0.628781,-8.349302
3myg,3myg_840,1.280,-0.596045,-7.932653
3myg,3myg_841,8.450,-3.166765,-7.303820
3myg,3myg_846,2.600,-1.732172,-7.800204
3myg,3myg_850,2.200,-0.811403,-7.983346
3myg,3myg_867,8.000,-4.199988,-7.826668
3myg,3myg_875,3.510,-2.449494,-7.819205
3myg,3myg_882,8.610,-4.796649,-7.695939
3myg,3myg_884,9.830,-6.446636,-7.391766
3myg,3myg_886,8.140,-2.260870,-7.724313
3myg,3myg_887,8.710,-4.253421,-7.602204
3myg,3myg_890,3.350,-1.274231,-7.801067
3myg,3myg_894,3.210,-1.621515,-7.470644
3myg,3myg_900,1.660,-1.021194,-7.872785
3myg,3myg_902,0.880,-0.581260,-7.911888
3myg,3myg_905,0.820,-0.717697,-7.726359
3myg,3myg_913,0.890,-0.631571,-8.172120
3myg,3myg_923,1.140,-1.226671,-7.883549
3myg,3myg_925,1.930,-0.490051,-7.736150
3myg,3myg_947,1.120,-1.251761,-7.926656
3myg,3myg_965,2.040,-0.530918,-8.314234
3myg,3myg_974,8.540,-2.124752,-8.231329
3myg,3myg_980,1.840,-0.872024,-8.015897
3myg,3myg_994,3.340,-1.042660,-8.037624
3n76,3n76_219,0.990,-0.621207,-2.262370
3n76,3n76_261,0.730,-1.113380,-2.273788
3n76,3n76_279,0.770,-0.831263,-2.513602
3n76,3n76_403,7.090,-2.664998,-2.984186
3n76,3n76_406,6.590,-2.067725,-2.457502
3n76,3n76_407,0.890,-0.893907,-2.540911
3n76,3n76_419,2.860,-2.108976,-2.369424
3n76,3n76_429,6.950,-2.919714,-3.009487
3n76,3n76_432,6.750,-2.523186,-2.578808
3n76,3n76_440,6.850,-2.940176,-2.876736
3n76,3n76_441,2.830,-1.764933,-2.436494
3n76,3n76_455,7.030,-2.798207,-3.197183
3n76,3n76_459,7.150,-2.346450,-3.398656
3n76,3n76_463,6.950,-2.130506,-2.443415
3n76,3n76_466,0.790,-0.841842,-2.229006
3n76,3n76_470,7.460,-1.889180,-2.758154
3n76,3n76_476,2.110,-2.189164,-2.418622
3n76,3n76_480,6.790,-1.987246,-2.550000
3n76,3n76_483,6.800,-2.212552,-2.784348
3n76,3n76_484,7.060,-2.460867,-2.564134
3n76,3n76_486,2.210,-1.821619,-1.768239
3n76,3n76_488,7.410,-2.019212,-2.575531
3n76,3n76_491,6.790,-2.210362,-2.315764
3n76,3n76_494,6.920,-1.532248,-2.359363
3n76,3n76_526,1.700,-2.111139,-2.432168
3n76,3n76_527,1.190,-1.529334,-2.949903
3n76,3n76_539,1.250,-1.582477,-2.538420
3n76,3n76_552,3.310,-1.914616,-2.847289
3n76,3n76_558,2.880,-2.256181,-2.124644
3n76,3n76_574,1.380,-1.575288,-2.430448
3n76,3n76_577,2.880,-2.493156,-2.547719
3n76,3n76_578,1.340,-1.475790,-2.309431
3n76,3n76_580,1.960,-1.037417,-2.629568
3n76,3n76_585,3.090,-2.034634,-2.070368
3n76,3n76_586,2.150,-2.662337,-2.426702
3n76,3n76_587,3.020,-1.852831,-2.851573
3n76,3n76_594,1.860,-1.672949,-2.206018
3n76,3n76_606,2.600,-2.098462,-3.705427
3n76,3n76_620,3.450,-4.052225,-3.161291
3n76,3n76_630,3.090,-2.166821,-1.553435
3n76,3n76_632,7.480,-2.647993,-2.144327
3n76,3n76_633,7.100,-4.024299,-2.863854
3n76,3n76_641,5.870,-2.280674,-2.519781
3n76,3n76_642,3.050,-2.743542,-2.748264
3n76,3n76_662,3.070,-1.956413,-2.311278
3n76,3n76_665,3.130,-2.287849,-3.065830
3n76,3n76_676,3.060,-2.392096,-2.756626
3n76,3n76_689,7.230,-3.623696,-2.875263
3n76,3n76_692,6.840,-3.433005,-2.958117
3n76,3n76_693,3.190,-1.935373,-2.179556
3n76,3n76_695,7.130,-3.382089,-2.329440
3n76,3n76_700,2.350,-1.436712,-1.973312
3n76,3n76_728,1.300,-1.642035,-1.817501
3n76,3n76_737,1.010,-0.677043,-1.866301
3n76,3n76_749,0.540,-0.697949,-1.578315
3n76,3n76_758,1.260,-1.512702,-2.323547
3n76,3n76_760,0.780,-0.656057,-1.659573
3n76,3n76_782,2.090,-2.458170,-1.756362
3n76,3n76_878,0.880,-0.611458,-2.004907
3n76,3n76_884,0.840,-1.109233,-1.879266
3n76,3n76_885,0.860,-0.862426,-1.859506
3n7a,3n7a_36,0.490,-0.321955,-4.061453
3n7a,3n7a_402,0.970,-1.141612,-4.543668
3n7a,3n7a_405,0.630,-0.622265,-4.040881
3n7a,3n7a_418,2.680,-2.061018,-4.619247
3n7a,3n7a_423,1.290,-1.642422,-4.750009
3n7a,3n7a_428,0.710,-0.719345,-4.277752
3n7a,3n7a_437,2.310,-2.265779,-4.538663
3n7a,3n7a_446,3.430,-1.482298,-4.290829
3n7a,3n7a_459,1.740,-1.787761,-4.810036
3n7a,3n7a_488,0.960,-1.046253,-4.262187
3n7a,3n7a_494,3.040,-1.404381,-4.017890
3n7a,3n7a_495,1.110,-1.461269,-5.170997
3n7a,3n7a_547,4.120,-4.337819,-7.469476
3n7a,3n7a_548,3.310,-3.271370,-5.740515
3n7a,3n7a_552,1.060,-1.190738,-3.868601
3n7a,3n7a_569,5.570,-6.058070,-5.964399
3n7a,3n7a_574,2.960,-2.024074,-4.870392
3n7a,3n7a_579,4.320,-4.133227,-5.680628
3n7a,3n7a_582,4.420,-4.472838,-5.599682
3n7a,3n7a_583,1.970,-1.662186,-4.279529
3n7a,3n7a_584,4.350,-4.413096,-5.413499
3n7a,3n7a_637,2.080,-1.890573,-5.445136
3n7a,3n7a_638,3.430,-1.933367,-6.246635
3n7a,3n7a_670,3.390,-1.926575,-5.299209
3n7a,3n7a_7,0.340,-0.415665,-4.060779
3n7a,3n7a_734,3.140,-2.084949,-5.057546
3n7a,3n7a_736,4.040,-3.835773,-6.257983
3n7a,3n7a_738,4.060,-4.001353,-6.367457
3n7a,3n7a_740,4.050,-3.939243,-6.587244
3n7a,3n7a_745,2.010,-1.058942,-3.701285
3n7a,3n7a_747,3.940,-3.546237,-5.299016
3n7a,3n7a_752,4.210,-3.966485,-5.453950
3n7a,3n7a_760,1.910,-0.471347,-3.737989
3n7a,3n7a_767,1.710,-1.565655,-5.543376
3n7a,3n7a_768,4.040,-3.662561,-6.536296
3n7a,3n7a_771,1.860,-0.838172,-5.154862
3n7a,3n7a_774,2.110,-1.751787,-3.684207
3n7a,3n7a_775,2.140,-1.259068,-3.846306
3n7a,3n7a_776,2.290,-2.857074,-5.695717
3n7a,3n7a_779,3.200,-1.271510,-4.563589
3n7a,3n7a_781,1.820,-0.942668,-4.064394
3n7a,3n7a_788,3.240,-3.080568,-5.921184
3n7a,3n7a_794,3.000,-3.110334,-5.731412
3n7a,3n7a_795,2.740,-3.263470,-4.761568
3n7a,3n7a_797,4.210,-4.341554,-4.872165
3n7a,3n7a_798,3.310,-3.083130,-6.648998
3n7a,3n7a_831,0.470,-0.535027,-3.781994
3n7a,3n7a_840,0.520,-0.483650,-4.007205
3n7a,3n7a_897,0.750,-0.609136,-4.230672
3n7a,3n7a_955,0.210,-0.322828,-4.271860
3n7a,3n7a_993,1.360,-0.514923,-5.257321
3n86,3n86_265,0.320,-0.186671,-5.542534
3n86,3n86_404,7.720,-1.283445,-5.748000
3n86,3n86_405,0.900,-0.610762,-5.482387
3n86,3n86_412,8.080,-1.302349,-5.065620
3n86,3n86_419,7.710,-0.787764,-5.440098
3n86,3n86_420,8.070,-1.456569,-5.663812
3n86,3n86_424,8.320,-1.702038,-5.827821
3n86,3n86_430,1.480,-1.313198,-5.875910
3n86,3n86_432,7.970,-0.945530,-5.967780
3n86,3n86_433,8.100,-1.140816,-5.640849
3n86,3n86_436,8.160,-1.093626,-5.367304
3n86,3n86_438,1.620,-1.462564,-5.201283
3n86,3n86_443,1.750,-1.703741,-6.111950
3n86,3n86_451,2.600,-1.167225,-5.706542
3n86,3n86_460,7.940,-1.206271,-6.181853
3n86,3n86_462,1.960,-1.039277,-5.657270
3n86,3n86_465,8.040,-1.502781,-5.734750
3n86,3n86_467,1.360,-1.573181,-6.084525
3n86,3n86_468,0.980,-1.152469,-6.021819
3n86,3n86_472,2.270,-1.423233,-5.762405
3n86,3n86_475,7.810,-1.058388,-5.701167
3n86,3n86_477,2.840,-1.834201,-6.762959
3n86,3n86_480,1.620,-1.108915,-5.929985
3n86,3n86_483,8.320,-1.053728,-5.112605
3n86,3n86_485,2.110,-1.338892,-6.358029
3n86,3n86_486,7.560,-2.235603,-5.752268
3n86,3n86_487,7.790,-1.338758,-5.557388
3n86,3n86_491,7.080,-1.519144,-6.075108
3n86,3n86_500,7.670,-1.123536,-6.035310
3n86,3n86_509,1.480,-1.272444,-5.638284
3n86,3n86_531,1.450,-0.683912,-5.699603
3n86,3n86_532,2.240,-1.472245,-4.979001
3n86,3n86_54,0.250,-0.158812,-5.867051
3n86,3n86_557,2.460,-1.110951,-6.055720
3n86,3n86_563,1.940,-1.313912,-5.649543
3n86,3n86_574,3.520,-2.415190,-5.447646
3n86,3n86_586,2.840,-1.964492,-5.771074
3n86,3n86_595,3.630,-1.726041,-6.378930
3n86,3n86_596,1.700,-1.048766,-5.943917
3n86,3n86_610,3.050,-1.004654,-5.314854
3n86,3n86_639,8.070,-1.456569,-5.663812
3n86,3n86_657,3.240,-2.373548,-6.045270
3n86,3n86_662,7.990,-1.701777,-5.961492
3n86,3n86_664,3.630,-1.726041,-6.378930
3n86,3n86_665,2.940,-2.517443,-5.980483
3n86,3n86_666,2.720,-1.822756,-6.275237
3n86,3n86_674,2.480,-1.835282,-5.587982
3n86,3n86_676,8.160,-1.093626,-5.367304
3n86,3n86_680,8.040,-1.502781,-5.734750
3n86,3n86_690,3.040,-1.816782,-6.079845
3n86,3n86_768,0.860,-0.655176,-5.594322
3n86,3n86_859,0.310,-0.199105,-5.679700
3n86,3n86_861,0.900,-0.279270,-5.862512
3n86,3n86_870,0.870,-0.204127,-6.003450
3n86,3n86_878,0.810,-0.499221,-5.805344
3n86,3n86_99,0.220,-0.237794,-5.772185
3nq9,3nq9_103,6.060,-5.130275,-2.946257
3nq9,3nq9_112,4.000,-3.524854,-3.298507
3nq9,3nq9_117,6.520,-6.094106,-3.787107
3nq9,3nq9_134,4.840,-4.315276,-2.241275
3nq9,3nq9_140,4.220,-3.682179,-3.016526
3nq9,3nq9_148,7.230,-6.464458,-3.521204
3nq9,3nq9_158,6.900,-6.288290,-4.415170
3nq9,3nq9_176,5.520,-4.617004,-3.543423
3nq9,3nq9_180,3.780,-3.358815,-3.042368
3nq9,3nq9_221,6.100,-5.423237,-3.783863
3nq9,3nq9_235,5.940,-5.821767,-5.524810
3nq9,3nq9_236,8.540,-6.661623,-3.857005
3nq9,3nq9_246,8.610,-7.035016,-4.066445
3nq9,3nq9_25,7.660,-5.276561,-3.270090
3nq9,3nq9_259,9.460,-7.524655,-3.520496
3nq9,3nq9_270,9.410,-8.031960,-3.365636
3nq9,3nq9_273,6.120,-6.283310,-4.304282
3nq9,3nq9_282,9.430,-8.031960,-3.365636
3nq9,3nq9_298,9.480,-7.500001,-3.550361
3nq9,3nq9_310,7.630,-7.857095,-3.677062
3nq9,3nq9_311,7.750,-8.204035,-5.115099
3nq9,3nq9_330,7.790,-7.149023,-4.756436
3nq9,3nq9_338,7.410,-7.304534,-3.981764
3nq9,3nq9_35,1.540,-1.013262,-1.532656
3nq9,3nq9_352,5.460,-6.059865,-2.604587
3nq9,3nq9_358,6.070,-6.488792,-2.215104
3nq9,3nq9_36,9.150,-7.178320,-5.202000
3nq9,3nq9_382,5.980,-7.199407,-4.102299
3nq9,3nq9_386,6.190,-7.212798,-4.077882
3nq9,3nq9_389,6.020,-7.066980,-3.122537
3nq9,3nq9_401,7.040,-4.961524,-3.765233
3nq9,3nq9_410,5.750,-4.990840,-6.036315
3nq9,3nq9_412,7.140,-5.266681,-3.440036
3nq9,3nq9_413,6.850,-4.444068,-3.248194
3nq9,3nq9_415,5.060,-3.449877,-2.447868
3nq9,3nq9_420,6.490,-3.855297,-3.222105
3nq9,3nq9_470,1.370,-0.341799,-2.409217
3nq9,3nq9_472,2.600,-1.325171,-6.510087
3nq9,3nq9_473,1.470,-0.400850,-1.599925
3nq9,3nq9_474,2.210,-0.869332,-1.876836
3nq9,3nq9_492,1.580,-1.511880,-1.949250
3nq9,3nq9_507,1.490,-1.252767,-3.564870
3nq9,3nq9_513,4.450,-0.987995,-2.134813
3nq9,3nq9_526,1.530,-0.930354,-1.978899
3nq9,3nq9_528,3.740,-1.689593,-3.439801
3nq9,3nq9_550,4.620,-5.084725,-3.650549
3nq9,3nq9_553,3.950,-3.607831,-3.350049
3nq9,3nq9_556,3.730,-1.349649,-2.705629
3nq9,3nq9_560,1.260,-1.092899,-3.282821
3nq9,3nq9_568,4.610,-3.361406,-3.449874
3nq9,3nq9_574,4.010,-2.695226,-2.096728
3nq9,3nq9_605,1.350,-1.139726,-2.518630
3nq9,3nq9_610,2.350,-0.979513,-2.351890
3nq9,3nq9_620,2.160,-2.460074,-2.208812
3nq9,3nq9_626,4.740,-2.154913,-3.467815
3nq9,3nq9_639,3.020,-2.876120,-3.037397
3nq9,3nq9_64,8.630,-6.920377,-3.796563
3nq9,3nq9_651,5.320,-4.389264,-4.094735
3nq9,3nq9_662,2.100,-2.015683,-3.125668
3nq9,3nq9_664,5.630,-5.903850,-3.529004
3nq9,3nq9_671,1.810,-0.843508,-2.073304
3nq9,3nq9_685,1.560,-1.280859,-2.080804
3nq9,3nq9_696,5.020,-4.390881,-3.723455
3nq9,3nq9_700,2.590,-3.149923,-2.681816
3nq9,3nq9_703,8.510,-7.464974,-4.076050
3nq9,3nq9_706,7.190,-5.574682,-2.590976
3nq9,3nq9_726,2.780,-1.940746,-2.881831
3nq9,3nq9_770,3.980,-3.050167,-2.977040
3nq9,3nq9_781,2.600,-1.947488,-2.273798
3nq9,3nq9_784,2.330,-1.700806,-1.886321
3nq9,3nq9_785,4.720,-5.069787,-3.924091
3nq9,3nq9_801,8.550,-7.004672,-4.488572
3nq9,3nq9_805,8.500,-7.062239,-3.668328
3nq9,3nq9_83,4.610,-3.681405,-3.791392
3nq9,3nq9_837,3.140,-2.392230,-2.124774
3nq9,3nq9_869,3.750,-2.017220,-2.413879
3nq9,3nq9_894,3.410,-3.184662,-2.465390
3nq9,3nq9_899,8.480,-7.023890,-4.490172
3nq9,3nq9_905,8.420,-7.324490,-4.427839
3nq9,3nq9_916,7.220,-5.832344,-3.008626
3nq9,3nq9_92,8.340,-6.368388,-4.588386
3nq9,3nq9_948,5.050,-1.267553,-2.217560
3nq9,3nq9_96,9.140,-7.419594,-4.400544
3nq9,3nq9_97,2.060,-2.196555,-3.235149
3nq9,3nq9_977,8.530,-7.030094,-4.233293
3nq9,3nq9_981,4.260,-3.761859,-2.788154
3nw9,3nw9_105,5.370,-3.852889,-4.170422
3nw9,3nw9_123,5.800,-5.905298,-4.778039
3nw9,3nw9_124,8.610,-3.086138,-4.169552
3nw9,3nw9_134,7.930,-4.490607,-3.680601
3nw9,3nw9_140,8.470,-3.290445,-3.770015
3nw9,3nw9_142,8.240,-7.919902,-4.656659
3nw9,3nw9_149,6.220,-5.296334,-3.743713
3nw9,3nw9_151,9.540,-4.055692,-3.333295
3nw9,3nw9_153,1.250,-0.700038,-4.384356
3nw9,3nw9_159,6.820,-6.820364,-4.485555
3nw9,3nw9_162,9.400,-3.001437,-3.517466
3nw9,3nw9_163,8.980,-6.052885,-3.701811
3nw9,3nw9_166,4.190,-3.571173,-4.262684
3nw9,3nw9_172,0.930,-0.623713,-3.951956
3nw9,3nw9_176,8.440,-2.972396,-3.944379
3nw9,3nw9_183,7.290,-7.696651,-4.741590
3nw9,3nw9_190,9.490,-6.920441,-3.619553
3nw9,3nw9_20,7.860,-6.987609,-4.092400
3nw9,3nw9_204,4.850,-2.608219,-3.540459
3nw9,3nw9_210,0.810,-0.397674,-4.231998
3nw9,3nw9_212,0.630,-0.271753,-4.048134
3nw9,3nw9_239,2.880,-1.390628,-3.739343
3nw9,3nw9_240,0.500,-0.429840,-4.315739
3nw9,3nw9_26,3.800,-2.860857,-4.273611
3nw9,3nw9_263,0.930,-1.259547,-4.110226
3nw9,3nw9_264,0.440,-0.279411,-3.898013
3nw9,3nw9_315,6.280,-5.403651,-3.960556
3nw9,3nw9_329,1.110,-0.612313,-3.777436
3nw9,3nw9_348,5.570,-4.181479,-3.854927
3nw9,3nw9_355,9.550,-5.598317,-3.790706
3nw9,3nw9_398,6.430,-4.293394,-4.157047
3nw9,3nw9_399,9.100,-3.902284,-3.768304
3nw9,3nw9_401,3.850,-2.167706,-3.942124
3nw9,3nw9_406,9.070,-1.689211,-4.248935
3nw9,3nw9_409,3.350,-2.164480,-3.789275
3nw9,3nw9_414,4.370,-2.769365,-4.077521
3nw9,3nw9_423,8.560,-1.746161,-3.967200
3nw9,3nw9_427,2.410,-2.532276,-5.041827
3nw9,3nw9_433,2.370,-2.095667,-4.771692
3nw9,3nw9_435,1.970,-1.786911,-4.832061
3nw9,3nw9_437,1.760,-1.373873,-3.881175
3nw9,3nw9_438,1.670,-1.984502,-4.744525
3nw9,3nw9_441,7.890,-1.829044,-3.851399
3nw9,3nw9_444,4.460,-3.348590,-4.059453
3nw9,3nw9_446,5.050,-3.206181,-4.702191
3nw9,3nw9_455,4.750,-3.710491,-4.268880
3nw9,3nw9_466,2.390,-2.146463,-4.099491
3nw9,3nw9_471,3.830,-2.534884,-3.982013
3nw9,3nw9_473,4.140,-2.436471,-4.172754
3nw9,3nw9_479,3.460,-1.464036,-4.283711
3nw9,3nw9_491,3.700,-2.806562,-4.443420
3nw9,3nw9_497,3.080,-2.188329,-4.419346
3nw9,3nw9_506,2.840,-1.702406,-3.910626
3nw9,3nw9_511,7.970,-5.756831,-4.413311
3nw9,3nw9_518,9.190,-2.639349,-3.192849
3nw9,3nw9_534,9.310,-8.401929,-4.357141
3nw9,3nw9_538,5.710,-5.350240,-4.482851
3nw9,3nw9_541,5.750,-3.751681,-4.560222
3nw9,3nw9_545,5.080,-4.870367,-3.829758
3nw9,3nw9_551,8.790,-1.383009,-3.780238
3nw9,3nw9_583,4.820,-4.015306,-4.278376
3nw9,3nw9_593,8.460,-8.351640,-4.406601
3nw9,3nw9_594,3.510,-2.398760,-4.302957
3nw9,3nw9_596,2.900,-2.321365,-4.162977
3nw9,3nw9_598,7.900,-8.147690,-4.463107
3nw9,3nw9_599,7.380,-7.881512,-5.411697
3nw9,3nw9_607,7.930,-2.594875,-3.569245
3nw9,3nw9_609,7.360,-6.348987,-4.962335
3nw9,3nw9_613,9.550,-3.661114,-3.767961
3nw9,3nw9_614,1.830,-2.079528,-3.917346
3nw9,3nw9_621,6.240,-4.566024,-4.089102
3nw9,3nw9_629,6.650,-5.779285,-4.281034
3nw9,3nw9_640,5.520,-3.989043,-4.735296
3nw9,3nw9_641,6.160,-5.127884,-4.947957
3nw9,3nw9_651,6.900,-7.005430,-4.714853
3nw9,3nw9_653,8.720,-4.462193,-4.216420
3nw9,3nw9_656,9.030,-5.932995,-4.285058
3nw9,3nw9_657,8.290,-5.988968,-4.256007
3nw9,3nw9_671,2.830,-1.815187,-4.199809
3nw9,3nw9_685,6.950,-6.031348,-4.505170
3nw9,3nw9_688,4.450,-2.560497,-4.217595
3nw9,3nw9_70,0.540,-0.256126,-3.942358
3nw9,3nw9_700,7.470,-7.157205,-4.428610
3nw9,3nw9_710,5.400,-3.483811,-4.221931
3nw9,3nw9_715,2.260,-0.663506,-4.203721
3nw9,3nw9_734,5.410,-4.278576,-4.119468
3nw9,3nw9_739,2.920,-1.904006,-4.300280
3nw9,3nw9_749,1.950,-1.206289,-4.378088
3nw9,3nw9_755,4.340,-2.427036,-3.743847
3nw9,3nw9_757,3.860,-1.168403,-4.141076
3nw9,3nw9_76,6.050,-3.325102,-3.541561
3nw9,3nw9_766,2.340,-0.627365,-3.681254
3nw9,3nw9_785,4.250,-4.277757,-4.424338
3nw9,3nw9_786,3.050,-1.575711,-3.942333
3nw9,3nw9_833,0.740,-0.597263,-4.118138
3nw9,3nw9_945,0.530,-0.777959,-3.931076
3nw9,3nw9_951,0.650,-0.422733,-3.907567
3nw9,3nw9_964,1.060,-0.882602,-3.878830
3nw9,3nw9_975,1.010,-0.782201,-3.553305
3nw9,3nw9_988,1.900,-0.873238,-4.281957
3nx7,3nx7_139,1.810,-0.610081,-2.030749
3nx7,3nx7_148,1.510,-0.604309,-1.283155
3nx7,3nx7_15,0.970,-0.462869,-2.394514
3nx7,3nx7_234,3.210,-1.047978,-2.007389
3nx7,3nx7_239,0.700,-0.880551,-1.211496
3nx7,3nx7_245,1.600,-1.033521,-1.441748
3nx7,3nx7_262,2.660,-0.781117,-1.298820
3nx7,3nx7_280,2.440,-1.110651,-1.667917
3nx7,3nx7_283,2.520,-1.337589,-1.460456
3nx7,3nx7_287,0.860,-0.673812,-2.475033
3nx7,3nx7_299,0.960,-0.827295,-1.269281
3nx7,3nx7_320,2.490,-0.748464,-1.480411
3nx7,3nx7_359,2.720,-0.771578,-1.501157
3nx7,3nx7_36,0.730,-0.334893,-1.217021
3nx7,3nx7_383,0.710,-0.422626,-1.679347
3nx7,3nx7_388,1.670,-0.658060,-2.592977
3nx7,3nx7_39,0.930,-0.513931,-1.015124
3nx7,3nx7_404,5.890,-3.941691,-2.225012
3nx7,3nx7_405,6.840,-5.390564,-2.212815
3nx7,3nx7_416,7.480,-5.535613,-1.989805
3nx7,3nx7_42,1.220,-0.395987,-2.196696
3nx7,3nx7_424,5.390,-3.108574,-2.611569
3nx7,3nx7_426,5.780,-3.778580,-3.623605
3nx7,3nx7_427,6.790,-5.129946,-3.274178
3nx7,3nx7_440,1.940,-1.119790,-2.303128
3nx7,3nx7_451,6.710,-4.898098,-2.467865
3nx7,3nx7_459,5.390,-3.407368,-3.116838
3nx7,3nx7_46,1.110,-0.465085,-1.577499
3nx7,3nx7_479,4.270,-2.817154,-2.046543
3nx7,3nx7_480,3.500,-1.611295,-2.629428
3nx7,3nx7_489,6.080,-4.002992,-3.086359
3nx7,3nx7_495,6.080,-4.198216,-3.164465
3nx7,3nx7_496,3.060,-1.588724,-2.518434
3nx7,3nx7_511,3.930,-3.227792,-1.849649
3nx7,3nx7_52,1.070,-0.521542,-1.580646
3nx7,3nx7_524,4.390,-3.578159,-2.634453
3nx7,3nx7_535,2.080,-1.430551,-2.469677
3nx7,3nx7_544,3.630,-1.927222,-1.300338
3nx7,3nx7_555,3.980,-3.222221,-2.071815
3nx7,3nx7_567,3.990,-2.186155,-2.137467
3nx7,3nx7_582,5.230,-4.941533,-3.330989
3nx7,3nx7_583,5.100,-1.710458,-2.365982
3nx7,3nx7_591,5.190,-4.327112,-2.372555
3nx7,3nx7_605,6.380,-4.480111,-2.810375
3nx7,3nx7_607,7.180,-5.234975,-1.887494
3nx7,3nx7_614,4.030,-1.081292,-1.682813
3nx7,3nx7_619,6.590,-4.862000,-2.357434
3nx7,3nx7_622,2.310,-1.719062,-1.900460
3nx7,3nx7_623,3.210,-2.119190,-2.668365
3nx7,3nx7_625,3.910,-1.747680,-2.749646
3nx7,3nx7_630,4.650,-1.458129,-2.298748
3nx7,3nx7_651,4.460,-2.728630,-2.136212
3nx7,3nx7_652,5.510,-3.131427,-2.721195
3nx7,3nx7_654,4.440,-2.464287,-2.458532
3nx7,3nx7_660,2.380,-0.901692,-2.030707
3nx7,3nx7_667,7.110,-5.403288,-1.865307
3nx7,3nx7_668,2.160,-1.468656,-2.287797
3nx7,3nx7_670,6.770,-5.254855,-2.222929
3nx7,3nx7_676,5.870,-3.513423,-2.539019
3nx7,3nx7_688,7.770,-6.132176,-2.272456
3nx7,3nx7_74,0.600,-0.653940,-1.306868
3nx7,3nx7_756,4.460,-2.255853,-1.323072
3nx7,3nx7_762,3.760,-1.461993,-1.671254
3nx7,3nx7_778,0.990,-0.836397,-2.397595
3nx7,3nx7_787,4.400,-0.487942,-2.244313
3nx7,3nx7_792,5.310,-5.160495,-2.031288
3nx7,3nx7_795,4.800,-3.813211,-1.639759
3nx7,3nx7_796,4.480,-4.685967,-2.799071
3nx7,3nx7_854,1.920,-1.025015,-1.404453
3nx7,3nx7_885,2.250,-1.067647,-1.611203
3nx7,3nx7_889,1.780,-0.772397,-1.847988
3nx7,3nx7_969,0.980,-0.594592,-1.324445
3o9i,3o9i_12,0.910,-0.686310,-2.550258
3o9i,3o9i_130,6.290,-1.442424,-2.752822
3o9i,3o9i_135,4.070,-1.312716,-2.846213
3o9i,3o9i_141,5.390,-2.190647,-3.466874
3o9i,3o9i_164,1.000,-0.579162,-2.595233
3o9i,3o9i_178,9.850,-6.331486,-3.561335
3o9i,3o9i_201,3.480,-0.979200,-2.654290
3o9i,3o9i_213,0.960,-0.773003,-2.269093
3o9i,3o9i_215,6.400,-1.218766,-2.931371
3o9i,3o9i_219,4.220,-1.447850,-3.208591
3o9i,3o9i_222,0.930,-0.978874,-2.226464
3o9i,3o9i_227,0.790,-0.529639,-2.397740
3o9i,3o9i_228,5.730,-1.518408,-2.865096
3o9i,3o9i_229,4.790,-1.371424,-2.955729
3o9i,3o9i_234,3.730,-1.400997,-2.335426
3o9i,3o9i_243,5.350,-2.847040,-3.572497
3o9i,3o9i_246,3.990,-1.191804,-2.911047
3o9i,3o9i_249,1.380,-1.075487,-2.235805
3o9i,3o9i_253,3.810,-1.564969,-2.389103
3o9i,3o9i_255,1.920,-1.455929,-3.236513
3o9i,3o9i_256,0.580,-0.806396,-2.484457
3o9i,3o9i_257,2.110,-1.281553,-2.835506
3o9i,3o9i_26,9.110,-7.197736,-2.978419
3o9i,3o9i_260,5.620,-1.262009,-3.011084
3o9i,3o9i_270,6.020,-1.006215,-2.670536
3o9i,3o9i_274,2.020,-0.906653,-2.833674
3o9i,3o9i_275,1.350,-0.950805,-2.154530
3o9i,3o9i_276,1.840,-1.094880,-2.756515
3o9i,3o9i_28,8.780,-5.600101,-3.088405
3o9i,3o9i_283,4.800,-2.725056,-3.129504
3o9i,3o9i_284,3.730,-1.457199,-2.771006
3o9i,3o9i_286,2.070,-1.629644,-2.820095
3o9i,3o9i_288,5.220,-1.356728,-2.345771
3o9i,3o9i_29,1.720,-0.811189,-2.812044
3o9i,3o9i_292,4.660,-1.920240,-3.284678
3o9i,3o9i_294,2.040,-1.193666,-2.646469
3o9i,3o9i_295,6.610,-1.092565,-2.556721
3o9i,3o9i_298,6.140,-1.552263,-2.470979
3o9i,3o9i_30,0.920,-0.820924,-3.062120
3o9i,3o9i_303,0.590,-0.765407,-2.205347
3o9i,3o9i_314,7.810,-3.063451,-3.927677
3o9i,3o9i_318,6.350,-2.112542,-3.192224
3o9i,3o9i_340,6.710,-1.301377,-3.219518
3o9i,3o9i_358,9.920,-7.448565,-3.422585
3o9i,3o9i_359,0.880,-0.893294,-2.321564
3o9i,3o9i_38,0.680,-0.677034,-2.527549
3o9i,3o9i_402,1.950,-2.552081,-3.255714
3o9i,3o9i_403,1.990,-2.253232,-3.123273
3o9i,3o9i_407,1.820,-1.821519,-2.332449
3o9i,3o9i_408,2.150,-2.666827,-3.485293
3o9i,3o9i_409,2.860,-2.356926,-4.155470
3o9i,3o9i_415,4.960,-3.401072,-3.647766
3o9i,3o9i_417,5.110,-2.942800,-3.616103
3o9i,3o9i_42,9.120,-5.907590,-3.336856
3o9i,3o9i_424,6.540,-2.996308,-3.180567
3o9i,3o9i_435,2.800,-2.411584,-3.440656
3o9i,3o9i_452,5.500,-2.856274,-3.269900
3o9i,3o9i_454,7.720,-4.216144,-4.298958
3o9i,3o9i_459,4.630,-2.562269,-3.427568
3o9i,3o9i_461,4.440,-2.782679,-3.151706
3o9i,3o9i_466,4.370,-3.045547,-2.754654
3o9i,3o9i_467,2.260,-2.421844,-3.114611
3o9i,3o9i_469,2.210,-2.187242,-3.225828
3o9i,3o9i_479,3.990,-2.531973,-3.176352
3o9i,3o9i_487,2.810,-3.108331,-3.014620
3o9i,3o9i_495,4.820,-3.230013,-2.883391
3o9i,3o9i_496,3.420,-2.467245,-3.170957
3o9i,3o9i_500,7.050,-2.672090,-3.034105
3o9i,3o9i_505,8.640,-5.934052,-3.276949
3o9i,3o9i_509,8.950,-7.331090,-2.931343
3o9i,3o9i_525,8.720,-7.178092,-4.071685
3o9i,3o9i_535,7.770,-3.936887,-3.810307
3o9i,3o9i_539,8.620,-6.833508,-3.986780
3o9i,3o9i_546,3.580,-3.192982,-3.180877
3o9i,3o9i_557,7.470,-8.120836,-3.101642
3o9i,3o9i_569,3.040,-3.002306,-3.323798
3o9i,3o9i_574,6.590,-5.451856,-3.340788
3o9i,3o9i_585,7.950,-4.953515,-3.988487
3o9i,3o9i_59,9.690,-8.293121,-3.485134
3o9i,3o9i_600,7.430,-3.973270,-3.206843
3o9i,3o9i_607,7.710,-3.388164,-3.146580
3o9i,3o9i_617,9.630,-6.804338,-3.952121
3o9i,3o9i_624,9.330,-4.963001,-3.351678
3o9i,3o9i_661,8.070,-3.401066,-3.141913
3o9i,3o9i_674,7.400,-5.118894,-3.497723
3o9i,3o9i_675,3.170,-2.071207,-3.358999
3o9i,3o9i_678,9.010,-7.229796,-4.698747
3o9i,3o9i_687,9.180,-5.483305,-3.919061
3o9i,3o9i_692,8.290,-5.317443,-3.707990
3o9i,3o9i_714,5.240,-1.357475,-3.055648
3o9i,3o9i_766,5.030,-0.961662,-3.159911
3o9i,3o9i_788,6.210,-1.988174,-3.137491
3o9i,3o9i_795,5.170,-1.842603,-2.258713
3o9i,3o9i_859,8.260,-7.433554,-3.092774
3o9i,3o9i_860,1.670,-1.380967,-2.790691
3o9i,3o9i_861,7.910,-6.788044,-3.759088
3o9i,3o9i_893,8.490,-8.183375,-4.760720
3o9i,3o9i_9,8.030,-7.922773,-3.851065
3o9i,3o9i_907,1.360,-1.174469,-2.331140
3o9i,3o9i_96,9.200,-8.280099,-3.174824
3oe4,3oe4_1,6.890,-5.468540,-4.684395
3oe4,3oe4_105,7.390,-6.844874,-5.188729
3oe4,3oe4_109,6.070,-5.620350,-4.695698
3oe4,3oe4_113,8.030,-8.224735,-4.505682
3oe4,3oe4_114,0.720,-0.656536,-5.371237
3oe4,3oe4_118,9.970,-8.305621,-4.804458
3oe4,3oe4_119,7.420,-7.843091,-5.357202
3oe4,3oe4_12,4.450,-4.394536,-5.877522
3oe4,3oe4_120,8.960,-8.270343,-4.953108
3oe4,3oe4_131,9.530,-8.007052,-4.546784
3oe4,3oe4_136,8.970,-8.230081,-5.309841
3oe4,3oe4_137,1.040,-0.507588,-5.199763
3oe4,3oe4_158,6.910,-7.060912,-5.391396
3oe4,3oe4_161,5.230,-3.442333,-4.581182
3oe4,3oe4_17,6.230,-5.797442,-5.468178
3oe4,3oe4_180,8.490,-8.391365,-4.820020
3oe4,3oe4_189,6.180,-6.259132,-5.451431
3oe4,3oe4_20,1.330,-0.469810,-4.637305
3oe4,3oe4_203,0.470,-0.270529,-4.898091
3oe4,3oe4_224,5.810,-4.325113,-4.654966
3oe4,3oe4_237,0.830,-0.414067,-5.068893
3oe4,3oe4_279,7.620,-7.141166,-5.183882
3oe4,3oe4_283,6.780,-3.736538,-4.952912
3oe4,3oe4_285,1.000,-0.738749,-4.862893
3oe4,3oe4_288,6.780,-6.384606,-4.474519
3oe4,3oe4_29,4.610,-4.751063,-5.520571
3oe4,3oe4_291,3.820,-2.606659,-4.957462
3oe4,3oe4_292,0.340,-0.527870,-4.689570
3oe4,3oe4_305,8.290,-7.836497,-4.455241
3oe4,3oe4_312,0.470,-0.692585,-5.097408
3oe4,3oe4_314,0.920,-0.781528,-5.135663
3oe4,3oe4_324,8.210,-4.600089,-4.447552
3oe4,3oe4_328,0.420,-0.578294,-4.975949
3oe4,3oe4_34,2.340,-1.148679,-4.645594
3oe4,3oe4_340,7.580,-5.460428,-5.051032
3oe4,3oe4_374,9.080,-7.823784,-4.708742
3oe4,3oe4_38,7.020,-4.937400,-4.972468
3oe4,3oe4_404,7.010,-1.863884,-4.618913
3oe4,3oe4_409,3.550,-1.982126,-5.160140
3oe4,3oe4_410,4.550,-2.360383,-5.297020
3oe4,3oe4_413,6.540,-1.890663,-4.460233
3oe4,3oe4_431,2.190,-1.905946,-5.550858
3oe4,3oe4_438,6.310,-2.893340,-4.511498
3oe4,3oe4_446,5.490,-2.197582,-5.023825
3oe4,3oe4_453,5.150,-3.775214,-4.649518
3oe4,3oe4_457,1.740,-1.734691,-5.469811
3oe4,3oe4_458,1.940,-1.868055,-4.841710
3oe4,3oe4_468,4.780,-3.174659,-5.274473
3oe4,3oe4_470,2.240,-2.067142,-4.459275
3oe4,3oe4_478,1.950,-2.624149,-5.255939
3oe4,3oe4_486,1.900,-2.080640,-5.606295
3oe4,3oe4_500,2.130,-1.227960,-5.501211
3oe4,3oe4_506,2.000,-1.407688,-5.026432
3oe4,3oe4_509,3.140,-2.457820,-4.880160
3oe4,3oe4_518,3.760,-2.766964,-4.678292
3oe4,3oe4_522,1.960,-1.075336,-4.802990
3oe4,3oe4_525,3.300,-1.903399,-5.337428
3oe4,3oe4_528,7.190,-7.576917,-4.948999
3oe4,3oe4_531,3.420,-3.128566,-5.083045
3oe4,3oe4_544,6.420,-5.367947,-4.958491
3oe4,3oe4_546,3.320,-1.531630,-5.177412
3oe4,3oe4_551,3.310,-2.306890,-5.916022
3oe4,3oe4_557,5.200,-4.104189,-4.566515
3oe4,3oe4_558,4.280,-2.353290,-4.997351
3oe4,3oe4_561,8.010,-7.560454,-5.335291
3oe4,3oe4_562,2.520,-1.899309,-5.264097
3oe4,3oe4_57,8.550,-7.393006,-4.418807
3oe4,3oe4_573,3.360,-3.495840,-5.189580
3oe4,3oe4_574,2.780,-2.053573,-4.931103
3oe4,3oe4_578,7.650,-2.288116,-4.646935
3oe4,3oe4_597,5.140,-4.439257,-5.322800
3oe4,3oe4_61,5.180,-4.313412,-5.829719
3oe4,3oe4_611,9.940,-4.814263,-4.743635
3oe4,3oe4_615,1.370,-1.413976,-5.208808
3oe4,3oe4_66,4.970,-3.040234,-4.443740
3oe4,3oe4_665,5.710,-5.481898,-5.017575
3oe4,3oe4_667,2.880,-1.280266,-5.160098
3oe4,3oe4_670,4.970,-3.049528,-5.086856
3oe4,3oe4_690,8.200,-3.531269,-4.991185
3oe4,3oe4_70,0.870,-0.450481,-5.169735
3oe4,3oe4_74,0.840,-0.821773,-4.564700
3oe4,3oe4_745,2.670,-1.193842,-5.225874
3oe4,3oe4_767,5.230,-3.175164,-4.680603
3oe4,3oe4_780,7.790,-2.468117,-4.396368
3oe4,3oe4_781,9.360,-5.710247,-4.360706
3oe4,3oe4_793,9.220,-6.085466,-4.730760
3oe4,3oe4_795,9.220,-6.130682,-4.834517
3oe4,3oe4_796,8.930,-6.160269,-5.202830
3oe4,3oe4_797,9.050,-5.600130,-5.120898
3oe4,3oe4_82,1.090,-0.516590,-4.852832
3oe4,3oe4_820,4.450,-2.387354,-4.872242
3oe4,3oe4_831,3.910,-3.166770,-4.843116
3oe4,3oe4_85,5.630,-5.615850,-5.115915
3oe4,3oe4_89,7.870,-8.146675,-5.183103
3oe4,3oe4_924,4.470,-3.780351,-4.438298
3oe4,3oe4_972,2.950,-2.208949,-6.033097
3oe4,3oe4_992,2.210,-0.466817,-5.469828
3oe4,3oe4_996,4.880,-3.951971,-5.254372
3oe5,3oe5_104,0.660,-0.542137,-5.509186
3oe5,3oe5_106,7.500,-7.663317,-5.616373
3oe5,3oe5_11,8.680,-6.167322,-4.941071
3oe5,3oe5_121,5.520,-5.579099,-5.579751
3oe5,3oe5_124,6.250,-6.599492,-5.780856
3oe5,3oe5_132,1.320,-0.756495,-5.077911
3oe5,3oe5_134,9.290,-6.208231,-5.493215
3oe5,3oe5_145,6.730,-5.932877,-5.082972
3oe5,3oe5_148,4.260,-3.500797,-4.958520
3oe5,3oe5_15,1.430,-1.362494,-5.094325
3oe5,3oe5_156,8.180,-7.792183,-4.945919
3oe5,3oe5_161,7.280,-5.491841,-5.573884
3oe5,3oe5_162,9.210,-8.165587,-4.947571
3oe5,3oe5_164,5.960,-5.595253,-5.089234
3oe5,3oe5_197,7.530,-6.720888,-4.494681
3oe5,3oe5_198,7.310,-6.867289,-5.216302
3oe5,3oe5_199,3.840,-1.774642,-5.208463
3oe5,3oe5_2,9.150,-8.054997,-6.177788
3oe5,3oe5_203,0.700,-0.308456,-5.247144
3oe5,3oe5_214,2.730,-0.633408,-5.208722
3oe5,3oe5_217,1.710,-0.554518,-5.461331
3oe5,3oe5_227,1.280,-1.084467,-5.297902
3oe5,3oe5_236,0.420,-0.267154,-4.850258
3oe5,3oe5_243,4.790,-3.601475,-4.922151
3oe5,3oe5_245,7.310,-4.253392,-5.059799
3oe5,3oe5_248,4.620,-3.003743,-5.130032
3oe5,3oe5_250,0.930,-0.508743,-4.760799
3oe5,3oe5_26,9.070,-6.241905,-4.747559
3oe5,3oe5_261,0.700,-0.395972,-4.596498
3oe5,3oe5_263,6.990,-3.496881,-4.856694
3oe5,3oe5_266,0.670,-0.632642,-5.121404
3oe5,3oe5_274,5.190,-3.437816,-4.610232
3oe5,3oe5_286,5.210,-4.750450,-5.149714
3oe5,3oe5_289,2.030,-0.849115,-4.908783
3oe5,3oe5_29,8.960,-7.542603,-5.199616
3oe5,3oe5_290,4.890,-4.701395,-5.056249
3oe5,3oe5_30,0.570,-0.714957,-5.560596
3oe5,3oe5_301,5.560,-5.932591,-5.826331
3oe5,3oe5_325,8.460,-8.388001,-5.078771
3oe5,3oe5_329,0.850,-0.990994,-4.628510
3oe5,3oe5_332,7.290,-4.907375,-5.306862
3oe5,3oe5_342,8.200,-6.501976,-4.775482
3oe5,3oe5_352,0.820,-0.303285,-5.008302
3oe5,3oe5_356,0.510,-0.546217,-4.962677
3oe5,3oe5_370,7.720,-7.055537,-5.082912
3oe5,3oe5_380,9.400,-8.137998,-5.462268
3oe5,3oe5_401,2.900,-1.696096,-5.320838
3oe5,3oe5_402,7.020,-3.492921,-5.085195
3oe5,3oe5_403,6.420,-2.147216,-4.383074
3oe5,3oe5_412,2.890,-2.894173,-5.671850
3oe5,3oe5_421,6.730,-3.603652,-4.590999
3oe5,3oe5_422,1.420,-1.535071,-5.015226
3oe5,3oe5_423,1.640,-1.928905,-5.746989
3oe5,3oe5_430,3.470,-1.671200,-5.397502
3oe5,3oe5_437,1.870,-1.085253,-5.310425
3oe5,3oe5_439,1.460,-1.532002,-4.727277
3oe5,3oe5_441,1.770,-2.691645,-5.528036
3oe5,3oe5_442,6.110,-5.040038,-5.153107
3oe5,3oe5_446,7.980,-2.743327,-5.715999
3oe5,3oe5_45,9.090,-7.757485,-5.349223
3oe5,3oe5_455,4.120,-2.627697,-4.859407
3oe5,3oe5_462,3.020,-2.625222,-4.947016
3oe5,3oe5_467,2.350,-1.895088,-5.139906
3oe5,3oe5_472,8.360,-2.844606,-5.730184
3oe5,3oe5_477,3.500,-2.271016,-4.748654
3oe5,3oe5_480,1.780,-1.077437,-5.699960
3oe5,3oe5_483,5.640,-1.882910,-6.043814
3oe5,3oe5_484,8.070,-4.452796,-5.041751
3oe5,3oe5_493,3.300,-2.398139,-4.914459
3oe5,3oe5_497,9.150,-6.043581,-5.166794
3oe5,3oe5_499,2.110,-2.168876,-5.431545
3oe5,3oe5_529,3.090,-1.217795,-4.992889
3oe5,3oe5_546,9.350,-7.537921,-5.090174
3oe5,3oe5_552,6.890,-1.859707,-4.633776
3oe5,3oe5_561,3.810,-2.310882,-5.086405
3oe5,3oe5_563,5.390,-4.923656,-5.431042
3oe5,3oe5_57,7.000,-4.897190,-5.435188
3oe5,3oe5_581,5.690,-4.669434,-5.741521
3oe5,3oe5_586,4.970,-3.631723,-5.315437
3oe5,3oe5_599,6.940,-4.401738,-4.532042
3oe5,3oe5_620,2.270,-1.866637,-4.850301
3oe5,3oe5_623,5.180,-3.308397,-4.527180
3oe5,3oe5_624,3.240,-3.503259,-5.765260
3oe5,3oe5_669,2.270,-2.112679,-4.832772
3oe5,3oe5_673,5.960,-3.406016,-5.269642
3oe5,3oe5_676,4.420,-2.308724,-5.101131
3oe5,3oe5_680,8.550,-7.093456,-4.629137
3oe5,3oe5_684,3.090,-2.386546,-5.541273
3oe5,3oe5_697,9.430,-7.177672,-5.505511
3oe5,3oe5_700,4.740,-4.109557,-4.885189
3oe5,3oe5_758,3.150,-1.805195,-5.328522
3oe5,3oe5_76,9.080,-7.975862,-5.777348
3oe5,3oe5_762,4.690,-5.097188,-4.574053
3oe5,3oe5_77,8.090,-5.379197,-5.115361
3oe5,3oe5_788,6.240,-6.118776,-5.366814
3oe5,3oe5_857,2.120,-0.821666,-5.421113
3oe5,3oe5_893,4.380,-4.305285,-5.698465
3oe5,3oe5_94,8.770,-6.642210,-5.021776
3oe5,3oe5_955,2.030,-0.977576,-4.917361
3oe5,3oe5_97,7.980,-4.226010,-4.698010
3ozs,3ozs_10,7.260,-6.706782,-5.398450
3ozs,3ozs_103,5.770,-6.718614,-5.172799
3ozs,3ozs_107,6.730,-6.935783,-5.073907
3ozs,3ozs_11,1.120,-0.669663,-5.399728
3ozs,3ozs_110,7.220,-8.381719,-5.731287
3ozs,3ozs_113,9.790,-8.389086,-4.948899
3ozs,3ozs_120,6.990,-8.227664,-5.794658
3ozs,3ozs_123,6.780,-7.510755,-5.339939
3ozs,3ozs_130,8.240,-8.276448,-5.814141
3ozs,3ozs_136,7.470,-8.148835,-5.160703
3ozs,3ozs_14,5.710,-6.485139,-5.313740
3ozs,3ozs_149,9.090,-8.389143,-5.486065
3ozs,3ozs_162,6.390,-8.356279,-5.517172
3ozs,3ozs_201,0.790,-0.951995,-5.189730
3ozs,3ozs_221,1.100,-1.559631,-5.446357
3ozs,3ozs_224,1.240,-1.699739,-5.237866
3ozs,3ozs_24,3.640,-3.162586,-6.215789
3ozs,3ozs_251,0.390,-0.772013,-5.449270
3ozs,3ozs_255,0.690,-0.637649,-4.993606
3ozs,3ozs_269,0.540,-0.966329,-6.145959
3ozs,3ozs_273,3.990,-2.608172,-5.909606
3ozs,3ozs_275,4.080,-2.894752,-5.785047
3ozs,3ozs_28,4.490,-4.134100,-5.134893
3ozs,3ozs_307,0.550,-1.117503,-5.708088
3ozs,3ozs_318,6.050,-7.379737,-5.168795
3ozs,3ozs_339,7.370,-7.293973,-4.991137
3ozs,3ozs_345,0.910,-1.502755,-5.920094
3ozs,3ozs_346,1.840,-1.724445,-5.456386
3ozs,3ozs_353,9.330,-5.931377,-5.716350
3ozs,3ozs_373,0.870,-1.154663,-5.665594
3ozs,3ozs_379,7.330,-7.491552,-5.136845
3ozs,3ozs_389,1.580,-1.120744,-5.584128
3ozs,3ozs_406,2.320,-1.530420,-5.753293
3ozs,3ozs_413,1.780,-1.710118,-5.867938
3ozs,3ozs_417,2.480,-1.914448,-5.718645
3ozs,3ozs_430,4.680,-2.101418,-5.521067
3ozs,3ozs_431,2.530,-1.989077,-5.574857
3ozs,3ozs_432,1.940,-2.296597,-6.131681
3ozs,3ozs_439,1.610,-1.438153,-6.027076
3ozs,3ozs_44,0.750,-1.475000,-5.613740
3ozs,3ozs_442,7.260,-3.479337,-6.024381
3ozs,3ozs_443,3.270,-2.923845,-6.093516
3ozs,3ozs_446,4.080,-2.416424,-5.218756
3ozs,3ozs_451,2.200,-1.942276,-5.897749
3ozs,3ozs_46,6.630,-7.058349,-5.402783
3ozs,3ozs_465,9.860,-2.629387,-5.335026
3ozs,3ozs_478,1.470,-1.711985,-5.690053
3ozs,3ozs_479,3.050,-2.505215,-5.466243
3ozs,3ozs_48,8.100,-5.556912,-6.032739
3ozs,3ozs_480,8.250,-3.384209,-5.962621
3ozs,3ozs_484,6.990,-5.171416,-4.947113
3ozs,3ozs_487,3.490,-3.984974,-5.662962
3ozs,3ozs_494,2.930,-1.599760,-6.014554
3ozs,3ozs_496,5.890,-2.838748,-5.531996
3ozs,3ozs_505,4.710,-5.393124,-5.640527
3ozs,3ozs_517,2.050,-2.432963,-5.913901
3ozs,3ozs_529,2.040,-1.959129,-5.306904
3ozs,3ozs_531,7.240,-6.093385,-5.303178
3ozs,3ozs_536,3.220,-2.826898,-6.129537
3ozs,3ozs_537,9.180,-5.297816,-5.242724
3ozs,3ozs_542,5.250,-4.889783,-5.626151
3ozs,3ozs_546,8.950,-6.190490,-5.724526
3ozs,3ozs_550,5.440,-6.601815,-5.242859
3ozs,3ozs_554,8.730,-6.796559,-5.899216
3ozs,3ozs_558,9.320,-7.413384,-5.804941
3ozs,3ozs_559,9.960,-4.795492,-4.980919
3ozs,3ozs_560,8.960,-6.255622,-5.491758
3ozs,3ozs_567,7.970,-7.508005,-5.222672
3ozs,3ozs_574,8.170,-8.362775,-4.972856
3ozs,3ozs_575,5.150,-6.033195,-5.282334
3ozs,3ozs_585,3.870,-2.757646,-5.224303
3ozs,3ozs_586,9.900,-8.466157,-5.029560
3ozs,3ozs_593,5.460,-6.842852,-5.566657
3ozs,3ozs_596,4.230,-4.959949,-5.418582
3ozs,3ozs_6,0.950,-0.912725,-5.129946
3ozs,3ozs_60,4.470,-4.969806,-5.171295
3ozs,3ozs_611,5.660,-6.559800,-5.678661
3ozs,3ozs_63,7.330,-7.158601,-5.138115
3ozs,3ozs_646,5.710,-6.547190,-5.689432
3ozs,3ozs_649,6.420,-6.525270,-4.726924
3ozs,3ozs_656,9.110,-2.136404,-5.283981
3ozs,3ozs_659,6.290,-6.074685,-5.123398
3ozs,3ozs_664,2.290,-1.955653,-5.834893
3ozs,3ozs_666,3.030,-2.887653,-5.285859
3ozs,3ozs_682,4.090,-4.132463,-5.852110
3ozs,3ozs_72,2.350,-1.066140,-5.231869
3ozs,3ozs_756,4.840,-6.233856,-5.529708
3ozs,3ozs_758,2.200,-2.097929,-5.286691
3ozs,3ozs_761,4.440,-5.928828,-5.319078
3ozs,3ozs_764,3.680,-3.527563,-5.386052
3ozs,3ozs_768,6.270,-7.112743,-5.586334
3ozs,3ozs_778,5.870,-7.101909,-4.837557
3ozs,3ozs_821,8.640,-7.769347,-5.234931
3ozs,3ozs_83,0.960,-1.549629,-5.627137
3ozs,3ozs_842,7.020,-7.392442,-5.096136
3ozs,3ozs_854,3.470,-1.817205,-5.263130
3ozs,3ozs_870,8.850,-8.396333,-5.377710
3ozs,3ozs_882,9.690,-6.012232,-5.147319
3ozs,3ozs_899,1.430,-1.840994,-5.572978
3ozs,3ozs_91,8.170,-7.164867,-6.208871
3ozt,3ozt_102,4.450,-2.567125,-5.073119
3ozt,3ozt_105,0.820,-0.701942,-4.920515
3ozt,3ozt_112,7.310,-6.556269,-5.250822
3ozt,3ozt_113,5.680,-5.752195,-5.363981
3ozt,3ozt_116,3.610,-2.741446,-5.530554
3ozt,3ozt_141,6.740,-5.918122,-4.639059
3ozt,3ozt_143,5.380,-4.745096,-5.791443
3ozt,3ozt_15,8.350,-4.670794,-4.716799
3ozt,3ozt_151,8.470,-8.227584,-4.654711
3ozt,3ozt_171,0.760,-0.843178,-5.480557
3ozt,3ozt_192,6.790,-3.852391,-5.717212
3ozt,3ozt_193,6.870,-7.865804,-4.821116
3ozt,3ozt_2,1.280,-0.884131,-5.226981
3ozt,3ozt_20,9.470,-5.463384,-5.295534
3ozt,3ozt_200,6.280,-5.524469,-4.870977
3ozt,3ozt_202,0.520,-0.559822,-5.186933
3ozt,3ozt_206,2.680,-1.384321,-5.154284
3ozt,3ozt_207,8.630,-3.719050,-5.433751
3ozt,3ozt_212,7.750,-8.362307,-5.672680
3ozt,3ozt_251,4.660,-2.343139,-5.360051
3ozt,3ozt_257,4.600,-3.561946,-4.860291
3ozt,3ozt_267,0.960,-0.643187,-5.018952
3ozt,3ozt_271,7.630,-6.450412,-4.362557
3ozt,3ozt_283,4.530,-4.004426,-5.538118
3ozt,3ozt_286,0.520,-0.293484,-5.315489
3ozt,3ozt_320,6.600,-5.064487,-4.711192
3ozt,3ozt_332,9.280,-8.230888,-4.971870
3ozt,3ozt_339,5.530,-5.450045,-5.754318
3ozt,3ozt_372,0.780,-0.446683,-5.310665
3ozt,3ozt_387,0.620,-0.623372,-5.222704
3ozt,3ozt_405,8.180,-1.413135,-5.866631
3ozt,3ozt_407,9.020,-2.909116,-5.338715
3ozt,3ozt_413,1.370,-1.249030,-5.958258
3ozt,3ozt_415,2.690,-0.840246,-4.767777
3ozt,3ozt_421,4.030,-2.220924,-4.752667
3ozt,3ozt_423,1.890,-1.912461,-5.634397
3ozt,3ozt_427,3.600,-2.176811,-5.836686
3ozt,3ozt_442,3.450,-2.463010,-5.581464
3ozt,3ozt_444,1.850,-1.623849,-4.972360
3ozt,3ozt_448,1.660,-1.946243,-5.136441
3ozt,3ozt_457,6.340,-3.700422,-5.171530
3ozt,3ozt_460,2.560,-1.990260,-4.944807
3ozt,3ozt_462,2.990,-2.107203,-5.114362
3ozt,3ozt_469,3.390,-2.278881,-4.964418
3ozt,3ozt_471,3.080,-2.623005,-5.158800
3ozt,3ozt_476,3.200,-1.583007,-5.140372
3ozt,3ozt_483,2.750,-2.552765,-6.028101
3ozt,3ozt_487,1.680,-1.298522,-4.788377
3ozt,3ozt_492,9.280,-3.034858,-5.567698
3ozt,3ozt_496,8.610,-2.205805,-4.799483
3ozt,3ozt_497,5.360,-2.473039,-5.072240
3ozt,3ozt_499,7.930,-2.698934,-5.721742
3ozt,3ozt_503,2.860,-1.971654,-4.992025
3ozt,3ozt_507,3.800,-2.183682,-5.219308
3ozt,3ozt_509,1.460,-1.716060,-4.803239
3ozt,3ozt_520,4.060,-3.471386,-5.551631
3ozt,3ozt_526,5.820,-5.437704,-6.287614
3ozt,3ozt_528,8.300,-3.613420,-5.088217
3ozt,3ozt_534,4.010,-1.807795,-5.309331
3ozt,3ozt_539,2.750,-1.920133,-5.453070
3ozt,3ozt_541,6.330,-5.150446,-5.184958
3ozt,3ozt_543,7.850,-3.439267,-5.095818
3ozt,3ozt_544,2.110,-2.419983,-5.607340
3ozt,3ozt_550,1.780,-1.827371,-5.052982
3ozt,3ozt_562,8.680,-4.159739,-5.384743
3ozt,3ozt_564,6.000,-4.697182,-4.811801
3ozt,3ozt_566,5.930,-5.954601,-4.886021
3ozt,3ozt_574,5.760,-4.067048,-5.068377
3ozt,3ozt_577,3.540,-1.899155,-5.641770
3ozt,3ozt_585,5.200,-4.526973,-5.499664
3ozt,3ozt_586,4.290,-3.065504,-4.767896
3ozt,3ozt_588,4.320,-3.895337,-5.806171
3ozt,3ozt_599,8.910,-3.914326,-4.713055
3ozt,3ozt_603,9.030,-6.291773,-4.282465
3ozt,3ozt_606,6.180,-4.526138,-4.713201
3ozt,3ozt_609,4.580,-4.370435,-4.630119
3ozt,3ozt_628,7.010,-3.992301,-4.821997
3ozt,3ozt_641,9.020,-4.413646,-6.060270
3ozt,3ozt_655,7.270,-2.983731,-4.439678
3ozt,3ozt_673,6.380,-5.661525,-5.149658
3ozt,3ozt_675,2.610,-1.093639,-5.362751
3ozt,3ozt_682,3.320,-2.599395,-5.766429
3ozt,3ozt_685,9.250,-6.150596,-6.129069
3ozt,3ozt_689,9.620,-2.837642,-5.136353
3ozt,3ozt_692,2.820,-2.354610,-5.747403
3ozt,3ozt_693,6.260,-6.106867,-4.548299
3ozt,3ozt_698,8.190,-6.613878,-4.569805
3ozt,3ozt_699,7.250,-5.670997,-5.135273
3ozt,3ozt_7,8.930,-7.215396,-5.185972
3ozt,3ozt_70,0.260,-0.459067,-5.267105
3ozt,3ozt_700,5.550,-5.401963,-4.987702
3ozt,3ozt_702,0.780,-0.970589,-5.227014
3ozt,3ozt_71,9.390,-7.869363,-4.891168
3ozt,3ozt_758,1.970,-1.110785,-5.586608
3ozt,3ozt_787,4.000,-2.720171,-5.120016
3ozt,3ozt_82,7.530,-7.576405,-5.301968
3ozt,3ozt_85,9.530,-7.687571,-4.758976
3ozt,3ozt_915,0.910,-0.725308,-4.751037
3ozt,3ozt_98,1.120,-0.762572,-5.486090
3ozt,3ozt_99,7.800,-7.371150,-4.555851
3p5o,3p5o_104,1.040,-0.793518,-1.577918
3p5o,3p5o_108,0.920,-0.643692,-1.574185
3p5o,3p5o_114,0.990,-0.698815,-2.008598
3p5o,3p5o_126,1.030,-0.704333,-1.374418
3p5o,3p5o_141,5.140,-1.696501,-1.721933
3p5o,3p5o_165,4.080,-0.382883,-2.163286
3p5o,3p5o_236,4.620,-2.137902,-1.844758
3p5o,3p5o_238,0.690,-0.594741,-1.683825
3p5o,3p5o_267,0.510,-0.394947,-1.556424
3p5o,3p5o_287,0.800,-0.756936,-1.423322
3p5o,3p5o_413,5.010,-3.978179,-2.245437
3p5o,3p5o_414,6.470,-4.374892,-2.151270
3p5o,3p5o_424,6.880,-5.381000,-2.814793
3p5o,3p5o_427,6.380,-4.436022,-2.172061
3p5o,3p5o_429,5.840,-2.816907,-2.296514
3p5o,3p5o_439,6.180,-3.838328,-2.742154
3p5o,3p5o_440,2.640,-2.464295,-1.664010
3p5o,3p5o_442,3.460,-2.557346,-1.568812
3p5o,3p5o_443,6.490,-5.069167,-2.116403
3p5o,3p5o_452,3.250,-2.892633,-1.681944
3p5o,3p5o_456,4.980,-3.476686,-2.554529
3p5o,3p5o_457,2.260,-2.237569,-1.791104
3p5o,3p5o_462,5.460,-5.557972,-2.014433
3p5o,3p5o_467,6.280,-4.148946,-1.981333
3p5o,3p5o_471,5.050,-4.820326,-1.938742
3p5o,3p5o_510,2.040,-1.149343,-2.040118
3p5o,3p5o_513,0.820,-0.713339,-2.117528
3p5o,3p5o_517,2.460,-2.216740,-2.689224
3p5o,3p5o_518,1.330,-1.411739,-2.222641
3p5o,3p5o_521,1.040,-1.477914,-2.193614
3p5o,3p5o_531,1.420,-1.173748,-2.092506
3p5o,3p5o_538,5.540,-1.836950,-2.173372
3p5o,3p5o_540,2.720,-2.388842,-2.604278
3p5o,3p5o_543,5.640,-1.664945,-2.530335
3p5o,3p5o_551,4.810,-2.530830,-2.250721
3p5o,3p5o_566,8.830,-7.040755,-3.158568
3p5o,3p5o_567,4.240,-3.377672,-2.156032
3p5o,3p5o_568,1.800,-1.232472,-2.152032
3p5o,3p5o_569,6.100,-2.545362,-2.535655
3p5o,3p5o_570,6.030,-3.983595,-3.099133
3p5o,3p5o_576,5.970,-4.547311,-2.389167
3p5o,3p5o_581,6.110,-3.396781,-1.937952
3p5o,3p5o_588,4.130,-3.283327,-1.842041
3p5o,3p5o_594,5.040,-2.573196,-2.518097
3p5o,3p5o_595,3.860,-0.900936,-1.737335
3p5o,3p5o_596,3.200,-2.193748,-1.797514
3p5o,3p5o_597,2.940,-2.514071,-2.152722
3p5o,3p5o_632,3.600,-2.520236,-1.634833
3p5o,3p5o_650,4.430,-3.392353,-1.804565
3p5o,3p5o_652,7.480,-5.519332,-2.678402
3p5o,3p5o_658,2.120,-1.662221,-2.514968
3p5o,3p5o_679,5.540,-3.354281,-1.902649
3p5o,3p5o_680,2.790,-2.256908,-2.147769
3p5o,3p5o_686,4.500,-3.448066,-2.761379
3p5o,3p5o_689,4.000,-1.789271,-2.147729
3p5o,3p5o_690,3.860,-2.789196,-2.267303
3p5o,3p5o_692,3.900,-1.843199,-2.888592
3p5o,3p5o_694,4.710,-2.085873,-2.314407
3p5o,3p5o_695,3.290,-3.068622,-2.172330
3p5o,3p5o_700,2.130,-1.939029,-1.917892
3p5o,3p5o_724,4.910,-1.459647,-2.794040
3p5o,3p5o_737,1.480,-0.904849,-2.187017
3p5o,3p5o_752,6.230,-4.524154,-2.387018
3p5o,3p5o_759,0.690,-0.867706,-1.452061
3p5o,3p5o_818,0.830,-0.474048,-1.340271
3p5o,3p5o_835,1.340,-0.725882,-1.810624
3p5o,3p5o_840,0.990,-0.549220,-1.737954
3p5o,3p5o_853,1.690,-1.311482,-2.227862
3p5o,3p5o_926,1.550,-1.144785,-2.160184
3p5o,3p5o_93,0.920,-0.815351,-1.909356
3prs,3prs_111,9.930,-8.442194,-3.193036
3prs,3prs_141,3.890,-6.068775,-3.015170
3prs,3prs_143,9.550,-6.704842,-3.316830
3prs,3prs_156,8.050,-8.342724,-2.975770
3prs,3prs_170,8.600,-8.430573,-3.179365
3prs,3prs_202,2.820,-7.078976,-3.676617
3prs,3prs_204,8.480,-8.388754,-3.128209
3prs,3prs_205,6.580,-7.806725,-3.573717
3prs,3prs_213,2.450,-7.341846,-3.542246
3prs,3prs_216,3.340,-6.576028,-3.422443
3prs,3prs_232,4.500,-7.794806,-3.717333
3prs,3prs_236,2.230,-7.318270,-3.558554
3prs,3prs_239,6.000,-7.353677,-4.009232
3prs,3prs_246,3.870,-7.299985,-3.537802
3prs,3prs_252,2.110,-7.336119,-3.481940
3prs,3prs_259,3.510,-7.285205,-3.591745
3prs,3prs_266,3.290,-7.411426,-3.647594
3prs,3prs_270,8.510,-8.299080,-2.867955
3prs,3prs_271,4.550,-7.229508,-3.362717
3prs,3prs_273,2.650,-7.524133,-3.530970
3prs,3prs_274,6.240,-7.624556,-3.443284
3prs,3prs_281,2.690,-7.977154,-3.648813
3prs,3prs_292,6.580,-8.364196,-3.185830
3prs,3prs_31,9.840,-8.429198,-3.366501
3prs,3prs_314,4.300,-7.814753,-3.891658
3prs,3prs_315,8.160,-8.397074,-2.948204
3prs,3prs_328,9.970,-8.337568,-3.677363
3prs,3prs_362,9.210,-8.092413,-3.785423
3prs,3prs_38,8.750,-7.855208,-3.039860
3prs,3prs_404,2.780,-7.690588,-3.574900
3prs,3prs_410,4.680,-6.958642,-3.388679
3prs,3prs_414,5.380,-7.227102,-3.084816
3prs,3prs_415,5.290,-6.590205,-3.528140
3prs,3prs_419,4.690,-7.061535,-3.132211
3prs,3prs_424,4.300,-8.281039,-3.269554
3prs,3prs_427,5.710,-8.256330,-4.108156
3prs,3prs_430,4.590,-7.974758,-3.740989
3prs,3prs_438,6.940,-8.340009,-3.477336
3prs,3prs_440,5.180,-8.330312,-3.703900
3prs,3prs_448,5.300,-7.386903,-3.325571
3prs,3prs_454,3.530,-7.909516,-3.899950
3prs,3prs_456,3.750,-7.939816,-3.391180
3prs,3prs_477,7.370,-8.295869,-3.502783
3prs,3prs_488,6.060,-8.124715,-3.494895
3prs,3prs_490,6.340,-8.226476,-3.716149
3prs,3prs_493,3.810,-7.833622,-4.068719
3prs,3prs_496,6.790,-8.438017,-3.411720
3prs,3prs_498,5.110,-8.271531,-3.218170
3prs,3prs_505,2.660,-8.238059,-3.332420
3prs,3prs_506,7.570,-8.145056,-3.494010
3prs,3prs_507,9.550,-8.419038,-3.464066
3prs,3prs_556,7.680,-8.279458,-3.616027
3prs,3prs_571,5.420,-8.381184,-3.782484
3prs,3prs_578,9.270,-8.414068,-3.558452
3prs,3prs_605,7.110,-8.383418,-3.424565
3prs,3prs_607,7.130,-8.250658,-3.974101
3prs,3prs_609,4.670,-8.174239,-3.787156
3prs,3prs_617,7.540,-8.094192,-3.272677
3prs,3prs_619,3.560,-8.111193,-3.040844
3prs,3prs_623,8.850,-8.357872,-4.196729
3prs,3prs_627,7.570,-8.255552,-3.517226
3prs,3prs_630,6.410,-7.297835,-3.707082
3prs,3prs_640,3.940,-7.563619,-3.802206
3prs,3prs_641,8.910,-8.273736,-3.091885
3prs,3prs_642,7.140,-7.469614,-3.135329
3prs,3prs_643,4.670,-7.389586,-3.571599
3prs,3prs_651,8.050,-8.442290,-3.451366
3prs,3prs_656,5.910,-8.049808,-3.830111
3prs,3prs_658,4.890,-8.311802,-3.272952
3prs,3prs_671,9.320,-8.373457,-3.506809
3prs,3prs_674,9.290,-8.344708,-3.478133
3prs,3prs_684,7.550,-8.034510,-3.328981
3prs,3prs_690,6.550,-8.320800,-3.759044
3prs,3prs_695,9.480,-8.316304,-3.415396
3prs,3prs_701,1.220,-7.430085,-3.083834
3prs,3prs_706,1.740,-7.856992,-3.227965
3prs,3prs_711,1.080,-7.855671,-3.227822
3prs,3prs_731,1.870,-7.693671,-2.955185
3prs,3prs_764,2.570,-8.306509,-3.980919
3prs,3prs_774,2.090,-7.841846,-2.820564
3prs,3prs_781,1.940,-7.900536,-3.161958
3prs,3prs_788,1.930,-8.105737,-3.279627
3prs,3prs_797,8.020,-8.337376,-4.008531
3prs,3prs_851,5.790,-8.192731,-3.186010
3prs,3prs_881,7.410,-7.886688,-4.322706
3prs,3prs_944,6.140,-6.045228,-3.398361
3pww,3pww_152,4.820,-8.341052,-3.531450
3pww,3pww_200,2.160,-8.292851,-3.406530
3pww,3pww_236,1.720,-8.339024,-3.922918
3pww,3pww_256,0.880,-8.338762,-3.544918
3pww,3pww_269,2.270,-8.334626,-3.438960
3pww,3pww_280,1.710,-8.335080,-4.051595
3pww,3pww_312,9.420,-8.437127,-4.169295
3pww,3pww_320,6.390,-8.386674,-3.308554
3pww,3pww_322,7.250,-8.442943,-4.200541
3pww,3pww_324,2.540,-8.356829,-3.088129
3pww,3pww_342,8.900,-8.431378,-3.849760
3pww,3pww_343,7.710,-8.405264,-2.808470
3pww,3pww_364,3.090,-8.338695,-3.148845
3pww,3pww_394,1.130,-8.319651,-3.581864
3pww,3pww_401,5.090,-8.399105,-3.688048
3pww,3pww_404,7.520,-8.320693,-3.971862
3pww,3pww_405,5.000,-8.347651,-3.633828
3pww,3pww_410,8.670,-8.342509,-4.177146
3pww,3pww_411,5.800,-8.385383,-3.476070
3pww,3pww_416,5.520,-8.382583,-3.805876
3pww,3pww_417,5.880,-8.413905,-3.349150
3pww,3pww_420,7.580,-8.416816,-3.725387
3pww,3pww_421,6.280,-8.375036,-3.377591
3pww,3pww_425,5.080,-8.362397,-3.895134
3pww,3pww_439,8.700,-8.322453,-3.629944
3pww,3pww_440,4.670,-8.346983,-3.888285
3pww,3pww_449,4.780,-8.331026,-3.477522
3pww,3pww_452,5.640,-8.423792,-4.295418
3pww,3pww_461,5.160,-8.357204,-3.533876
3pww,3pww_463,4.030,-8.382034,-3.513095
3pww,3pww_466,7.610,-8.408355,-3.624278
3pww,3pww_468,6.010,-8.345345,-3.294030
3pww,3pww_478,4.280,-8.345473,-3.505595
3pww,3pww_482,5.760,-8.412200,-3.729500
3pww,3pww_484,6.030,-8.372047,-3.873993
3pww,3pww_487,3.500,-8.367489,-3.513307
3pww,3pww_489,7.880,-8.435181,-4.248926
3pww,3pww_494,4.470,-8.393003,-3.571597
3pww,3pww_501,6.390,-8.431098,-3.714216
3pww,3pww_516,6.340,-8.384681,-3.530603
3pww,3pww_541,4.480,-8.355915,-3.952545
3pww,3pww_545,8.760,-8.442156,-3.525914
3pww,3pww_549,9.380,-8.414439,-3.443498
3pww,3pww_552,9.540,-8.425980,-4.112639
3pww,3pww_560,8.670,-8.442234,-3.917766
3pww,3pww_561,6.410,-8.347755,-3.726250
3pww,3pww_565,7.250,-8.423016,-2.946407
3pww,3pww_570,8.370,-8.363278,-3.360337
3pww,3pww_571,8.550,-8.432184,-3.642572
3pww,3pww_574,4.370,-8.365736,-3.283159
3pww,3pww_575,9.230,-8.432180,-3.544058
3pww,3pww_581,9.440,-8.435023,-3.779976
3pww,3pww_584,9.190,-8.431189,-3.703018
3pww,3pww_605,6.790,-8.437121,-3.387946
3pww,3pww_631,7.870,-8.439339,-3.760059
3pww,3pww_635,9.680,-8.433088,-3.190075
3pww,3pww_654,7.550,-8.411849,-3.820494
3pww,3pww_658,9.760,-8.328006,-3.346722
3pww,3pww_667,8.910,-8.459150,-3.844227
3pww,3pww_671,8.390,-8.442702,-3.221979
3pww,3pww_678,9.000,-8.443518,-4.174880
3pww,3pww_685,6.130,-8.370402,-3.240202
3pww,3pww_708,3.320,-8.326005,-3.506312
3pww,3pww_730,1.890,-8.346885,-3.830371
3pww,3pww_742,2.010,-8.339378,-3.484786
3pww,3pww_747,1.770,-8.331191,-3.350408
3pww,3pww_749,9.080,-8.434286,-3.221174
3pww,3pww_753,1.760,-8.340570,-3.255516
3pww,3pww_757,2.370,-8.360951,-3.443443
3pww,3pww_762,4.360,-8.389222,-3.675984
3pww,3pww_765,7.360,-8.429874,-3.324141
3pww,3pww_767,2.640,-8.348429,-3.408747
3pww,3pww_772,3.540,-8.372661,-3.450253
3pww,3pww_779,5.310,-8.404074,-3.785530
3pww,3pww_780,3.810,-8.394236,-3.775799
3pww,3pww_783,2.930,-8.354394,-3.586334
3pww,3pww_793,6.050,-8.354834,-3.193129
3pww,3pww_816,1.650,-8.355633,-3.689564
3pww,3pww_822,1.970,-8.336775,-3.435865
3pww,3pww_846,3.520,-8.342457,-3.517656
3pww,3pww_854,3.880,-8.344524,-3.873617
3pww,3pww_859,2.460,-8.325720,-3.349530
3pww,3pww_862,3.440,-8.331045,-3.166581
3pww,3pww_867,2.520,-8.329757,-3.906180
3pww,3pww_874,5.580,-8.345221,-3.330615
3pww,3pww_885,2.040,-8.320798,-3.125300
3pww,3pww_888,1.500,-8.321012,-3.222622
3pww,3pww_889,1.500,-8.341243,-3.379651
3pww,3pww_90,9.700,-8.432777,-3.543526
3pww,3pww_958,3.680,-8.322332,-3.164312
3pww,3pww_982,3.290,-8.367046,-3.642705
3pxf,3pxf_100,7.030,-7.711592,-1.536608
3pxf,3pxf_117,8.570,-8.058419,-2.364009
3pxf,3pxf_13,9.700,-8.239939,-3.154048
3pxf,3pxf_136,8.130,-8.062242,-2.164985
3pxf,3pxf_152,8.480,-7.857068,-2.025334
3pxf,3pxf_184,8.680,-8.157012,-1.955197
3pxf,3pxf_2,9.390,-8.255419,-2.453274
3pxf,3pxf_22,9.030,-8.154243,-1.822312
3pxf,3pxf_263,9.000,-8.252956,-3.152073
3pxf,3pxf_305,9.220,-8.010397,-2.910350
3pxf,3pxf_314,7.170,-7.861058,-1.062130
3pxf,3pxf_321,9.380,-8.253161,-2.927082
3pxf,3pxf_323,8.530,-7.802886,-2.081677
3pxf,3pxf_332,9.540,-8.220739,-2.503121
3pxf,3pxf_339,9.710,-8.316406,-2.192955
3pxf,3pxf_368,9.430,-8.269099,-2.985899
3pxf,3pxf_373,6.980,-7.497899,-1.890580
3pxf,3pxf_406,5.470,-4.671527,-2.156477
3pxf,3pxf_423,7.570,-7.302699,-2.255907
3pxf,3pxf_434,5.860,-6.470122,-2.427584
3pxf,3pxf_438,8.280,-7.550189,-2.730133
3pxf,3pxf_443,3.940,-3.631945,-1.409375
3pxf,3pxf_452,6.690,-6.333082,-1.555127
3pxf,3pxf_456,5.730,-6.003614,-2.317442
3pxf,3pxf_463,6.090,-7.091597,-1.820068
3pxf,3pxf_473,7.100,-6.775863,-2.719074
3pxf,3pxf_478,6.780,-6.594085,-2.359033
3pxf,3pxf_48,8.860,-8.223656,-1.475048
3pxf,3pxf_480,4.760,-5.181337,-1.244251
3pxf,3pxf_482,6.280,-6.475446,-2.396015
3pxf,3pxf_510,4.520,-4.507985,-1.844593
3pxf,3pxf_513,3.980,-4.317696,-1.832363
3pxf,3pxf_537,5.840,-5.794838,-1.297294
3pxf,3pxf_539,1.980,-1.704802,-1.239548
3pxf,3pxf_542,5.100,-5.280970,-1.934260
3pxf,3pxf_558,2.970,-4.446091,-1.735540
3pxf,3pxf_560,2.880,-2.985618,-1.525354
3pxf,3pxf_569,3.830,-4.129066,-2.007529
3pxf,3pxf_571,3.070,-2.684015,-1.698249
3pxf,3pxf_576,4.520,-4.169824,-1.779904
3pxf,3pxf_582,2.980,-2.559343,-2.400764
3pxf,3pxf_608,2.900,-2.118064,-1.570848
3pxf,3pxf_612,6.200,-6.250859,-2.506882
3pxf,3pxf_621,7.840,-8.128562,-2.136602
3pxf,3pxf_628,4.040,-4.578483,-1.724143
3pxf,3pxf_631,1.930,-1.611699,-1.309599
3pxf,3pxf_647,5.430,-6.686842,-2.115939
3pxf,3pxf_648,4.090,-3.789552,-2.217385
3pxf,3pxf_655,7.160,-6.870881,-1.970147
3pxf,3pxf_658,7.540,-7.924399,-2.835088
3pxf,3pxf_659,7.350,-6.655903,-2.150944
3pxf,3pxf_661,6.720,-6.646738,-1.917520
3pxf,3pxf_663,2.560,-2.963040,-1.440129
3pxf,3pxf_680,3.130,-3.871279,-2.037100
3pxf,3pxf_685,1.240,-1.906961,-1.508691
3pxf,3pxf_686,4.740,-5.908002,-2.193293
3pxf,3pxf_689,5.540,-5.175525,-1.452043
3pxf,3pxf_694,8.530,-8.014566,-2.137985
3pxf,3pxf_7,9.840,-8.343162,-2.368004
3pxf,3pxf_724,2.890,-1.460179,-1.802834
3pxf,3pxf_736,1.620,-1.162227,-1.390387
3pxf,3pxf_74,8.700,-7.663136,-2.532653
3pxf,3pxf_743,1.390,-1.862086,-1.456818
3pxf,3pxf_761,1.370,-1.769279,-1.517621
3pxf,3pxf_766,3.820,-2.343050,-1.431074
3pxf,3pxf_767,2.010,-2.061004,-1.042234
3pxf,3pxf_768,2.530,-2.764430,-1.981948
3pxf,3pxf_774,5.630,-7.187866,-2.155471
3pxf,3pxf_775,1.610,-1.783213,-1.531509
3pxf,3pxf_776,1.790,-2.128378,-1.537922
3pxf,3pxf_779,4.160,-2.527874,-1.683079
3pxf,3pxf_78,9.280,-8.330132,-2.136631
3pxf,3pxf_780,6.750,-7.035188,-2.378439
3pxf,3pxf_781,3.380,-2.937214,-2.226202
3pxf,3pxf_782,2.150,-1.366205,-1.561186
3pxf,3pxf_783,4.010,-3.048785,-2.154643
3pxf,3pxf_788,6.640,-7.461603,-2.646549
3pxf,3pxf_794,6.050,-5.516070,-1.988133
3pxf,3pxf_795,5.860,-5.466313,-2.462302
3pxf,3pxf_796,5.990,-5.537813,-1.892997
3pxf,3pxf_798,4.830,-6.073584,-2.169280
3pxf,3pxf_810,7.340,-7.565911,-2.305842
3pxf,3pxf_817,1.670,-2.388773,-1.707260
3pxf,3pxf_842,4.380,-4.891400,-2.892569
3pxf,3pxf_848,1.890,-2.135698,-1.590943
3pxf,3pxf_922,7.310,-7.283046,-1.958068
3pxf,3pxf_948,3.550,-3.024419,-1.264508
3pxf,3pxf_951,2.860,-3.598577,-1.364255
3pxf,3pxf_972,3.340,-2.214282,-1.520536
3pxf,3pxf_973,3.490,-2.840328,-1.473211
3pyy,3pyy_13,6.350,-6.086495,-5.077492
3pyy,3pyy_209,0.330,-0.539317,-3.875972
3pyy,3pyy_219,6.060,-4.700370,-5.464065
3pyy,3pyy_224,0.580,-1.229944,-4.290245
3pyy,3pyy_230,4.910,-1.557174,-5.072232
3pyy,3pyy_232,4.970,-1.776638,-4.173375
3pyy,3pyy_245,0.560,-0.654010,-4.213110
3pyy,3pyy_247,2.800,-1.111246,-4.035825
3pyy,3pyy_248,0.570,-0.656697,-4.330130
3pyy,3pyy_263,0.450,-0.756797,-4.351331
3pyy,3pyy_277,3.580,-2.221395,-5.397177
3pyy,3pyy_280,6.630,-5.310645,-5.495884
3pyy,3pyy_283,5.000,-0.771227,-5.503215
3pyy,3pyy_284,7.130,-5.886851,-5.304019
3pyy,3pyy_287,6.130,-4.466702,-4.201403
3pyy,3pyy_290,0.670,-1.077190,-4.421720
3pyy,3pyy_296,0.310,-0.789298,-3.894199
3pyy,3pyy_297,5.980,-4.130316,-4.607181
3pyy,3pyy_363,0.880,-2.069215,-4.855948
3pyy,3pyy_377,0.830,-1.516716,-4.961420
3pyy,3pyy_407,1.170,-1.600139,-4.633883
3pyy,3pyy_410,4.970,-3.703372,-5.549855
3pyy,3pyy_411,1.500,-1.900450,-4.763462
3pyy,3pyy_422,1.600,-1.612416,-3.745356
3pyy,3pyy_444,1.280,-1.445897,-4.006812
3pyy,3pyy_449,2.420,-2.816518,-5.393519
3pyy,3pyy_453,4.950,-1.776121,-4.479638
3pyy,3pyy_454,4.200,-1.255737,-4.230627
3pyy,3pyy_455,5.050,-4.761927,-5.852170
3pyy,3pyy_466,2.990,-1.241286,-4.412211
3pyy,3pyy_489,3.140,-1.786077,-5.194808
3pyy,3pyy_498,4.910,-2.105162,-4.739860
3pyy,3pyy_500,5.130,-2.093714,-5.046054
3pyy,3pyy_518,1.520,-2.711520,-4.744374
3pyy,3pyy_529,5.750,-4.638713,-4.366417
3pyy,3pyy_535,1.730,-1.842399,-4.644453
3pyy,3pyy_547,2.530,-2.849688,-4.542869
3pyy,3pyy_554,5.230,-3.055137,-5.166525
3pyy,3pyy_600,3.060,-1.709247,-4.470725
3pyy,3pyy_604,5.690,-5.248770,-5.541658
3pyy,3pyy_630,1.980,-2.234180,-3.824193
3pyy,3pyy_633,1.960,-3.031324,-4.806015
3pyy,3pyy_636,3.180,-2.315083,-4.203817
3pyy,3pyy_640,3.000,-1.846029,-3.925933
3pyy,3pyy_641,3.600,-2.957587,-4.713636
3pyy,3pyy_650,4.440,-2.276517,-4.831177
3pyy,3pyy_667,2.540,-3.071954,-5.105041
3pyy,3pyy_689,2.030,-3.277626,-4.469946
3pyy,3pyy_694,3.560,-3.060872,-4.933728
3pyy,3pyy_699,2.130,-2.227725,-4.890343
3pyy,3pyy_709,3.820,-2.223824,-5.169537
3pyy,3pyy_711,3.910,-2.816334,-4.636293
3pyy,3pyy_719,7.350,-7.259304,-5.713948
3pyy,3pyy_738,6.380,-5.083520,-5.403561
3pyy,3pyy_742,7.910,-6.651150,-5.111646
3pyy,3pyy_745,8.150,-6.941028,-6.177637
3pyy,3pyy_746,8.120,-6.745493,-5.695383
3pyy,3pyy_751,8.210,-7.125366,-5.856298
3pyy,3pyy_757,5.860,-7.046956,-5.284338
3pyy,3pyy_760,7.410,-7.055817,-4.877744
3pyy,3pyy_763,8.280,-7.241007,-5.800510
3pyy,3pyy_766,6.090,-5.341914,-5.699216
3pyy,3pyy_778,7.070,-7.332604,-5.659542
3pyy,3pyy_780,7.110,-6.835539,-4.464695
3pyy,3pyy_781,8.090,-7.103870,-6.008644
3pyy,3pyy_782,5.160,-5.230385,-5.034216
3pyy,3pyy_784,7.230,-6.642794,-5.409771
3pyy,3pyy_785,6.750,-6.727888,-4.873498
3pyy,3pyy_787,8.280,-6.857262,-5.723365
3pyy,3pyy_792,6.920,-5.469221,-4.764141
3pyy,3pyy_793,6.790,-6.382731,-4.978691
3pyy,3pyy_796,7.330,-6.412085,-6.024895
3pyy,3pyy_812,1.630,-1.167150,-4.761646
3pyy,3pyy_817,2.090,-2.346080,-4.782216
3pyy,3pyy_822,1.590,-1.734069,-4.587504
3pyy,3pyy_832,2.380,-2.411086,-5.176503
3pyy,3pyy_839,4.980,-5.429900,-4.372645
3pyy,3pyy_850,6.740,-6.454532,-5.194738
3pyy,3pyy_86,3.140,-2.447047,-5.025606
3pyy,3pyy_875,3.620,-3.968909,-5.068669
3pyy,3pyy_88,7.070,-5.961416,-4.578398
3pyy,3pyy_896,7.090,-6.903131,-5.297533
3pyy,3pyy_899,5.880,-6.168092,-5.680701
3pyy,3pyy_92,0.440,-1.457370,-3.607119
3pyy,3pyy_933,4.980,-1.437954,-5.521270
3pyy,3pyy_954,5.120,-3.229100,-5.774398
3pyy,3pyy_967,8.560,-8.316483,-5.992420
3pyy,3pyy_981,8.410,-8.284184,-5.693847
3qgy,3qgy_127,0.810,-0.634191,-2.139851
3qgy,3qgy_133,0.830,-0.655758,-1.780743
3qgy,3qgy_20,1.130,-0.742933,-2.755022
3qgy,3qgy_208,0.730,-0.384229,-2.293534
3qgy,3qgy_209,7.200,-5.670981,-3.712029
3qgy,3qgy_211,0.730,-0.790206,-2.004890
3qgy,3qgy_233,0.820,-0.894639,-2.092301
3qgy,3qgy_237,6.840,-4.947062,-2.952808
3qgy,3qgy_255,7.670,-5.527813,-3.048439
3qgy,3qgy_265,0.810,-0.563517,-2.142932
3qgy,3qgy_273,1.020,-1.518674,-2.208955
3qgy,3qgy_297,0.680,-1.116272,-2.135762
3qgy,3qgy_306,1.030,-0.744340,-2.132285
3qgy,3qgy_318,0.900,-0.730197,-1.573927
3qgy,3qgy_339,5.170,-2.822406,-3.677638
3qgy,3qgy_358,2.940,-0.889548,-2.292768
3qgy,3qgy_372,0.510,-0.385755,-2.339186
3qgy,3qgy_374,1.120,-1.142733,-1.993460
3qgy,3qgy_404,3.430,-2.956992,-3.530434
3qgy,3qgy_407,4.040,-2.687851,-3.507426
3qgy,3qgy_413,2.100,-1.741146,-2.639405
3qgy,3qgy_427,2.410,-1.226909,-2.771406
3qgy,3qgy_429,3.450,-2.580165,-3.543915
3qgy,3qgy_443,1.560,-1.354700,-2.550860
3qgy,3qgy_447,4.420,-3.684894,-1.863095
3qgy,3qgy_457,5.440,-3.870950,-2.270304
3qgy,3qgy_462,3.090,-2.092126,-2.546607
3qgy,3qgy_464,4.950,-3.009872,-3.470783
3qgy,3qgy_465,3.340,-1.981805,-3.691474
3qgy,3qgy_467,3.850,-0.900364,-3.460370
3qgy,3qgy_477,6.280,-4.834642,-3.226896
3qgy,3qgy_481,6.090,-2.990922,-2.825762
3qgy,3qgy_483,7.140,-5.548841,-2.588201
3qgy,3qgy_500,7.030,-5.406289,-3.475408
3qgy,3qgy_501,3.970,-1.753974,-2.837259
3qgy,3qgy_511,5.030,-1.833965,-3.246319
3qgy,3qgy_516,1.670,-1.944931,-2.298956
3qgy,3qgy_518,2.630,-2.013854,-2.233322
3qgy,3qgy_52,1.340,-0.990937,-2.123920
3qgy,3qgy_526,4.130,-2.323966,-2.589760
3qgy,3qgy_542,2.830,-1.599659,-3.065684
3qgy,3qgy_555,6.050,-3.405323,-3.956124
3qgy,3qgy_564,4.710,-3.073433,-2.856520
3qgy,3qgy_569,2.200,-2.400510,-2.246205
3qgy,3qgy_572,5.000,-3.215556,-2.536685
3qgy,3qgy_576,5.750,-3.253380,-2.883919
3qgy,3qgy_581,5.510,-4.849936,-3.560146
3qgy,3qgy_588,6.230,-2.880383,-2.995626
3qgy,3qgy_594,6.080,-5.852086,-3.936604
3qgy,3qgy_596,4.300,-3.593685,-2.616011
3qgy,3qgy_607,5.300,-4.833568,-3.226004
3qgy,3qgy_610,6.280,-6.168565,-3.058609
3qgy,3qgy_627,6.620,-4.200002,-3.467673
3qgy,3qgy_628,2.630,-2.044718,-2.079281
3qgy,3qgy_630,5.130,-3.493683,-2.723266
3qgy,3qgy_631,5.580,-2.386085,-2.620348
3qgy,3qgy_633,1.060,-1.283812,-2.055386
3qgy,3qgy_646,2.060,-1.562632,-3.058799
3qgy,3qgy_658,6.020,-2.930311,-3.085117
3qgy,3qgy_659,2.460,-0.915499,-2.770961
3qgy,3qgy_662,4.820,-2.425275,-2.897483
3qgy,3qgy_664,3.420,-2.378677,-3.990897
3qgy,3qgy_666,3.850,-2.429794,-2.969584
3qgy,3qgy_677,7.140,-5.021453,-3.579469
3qgy,3qgy_678,4.260,-2.949697,-3.093117
3qgy,3qgy_681,3.690,-1.091349,-3.551399
3qgy,3qgy_683,5.340,-3.354966,-3.335306
3qgy,3qgy_685,5.660,-4.112834,-2.759001
3qgy,3qgy_687,7.030,-5.406289,-3.475408
3qgy,3qgy_688,7.250,-5.606915,-3.361466
3qgy,3qgy_691,1.970,-1.410286,-2.628326
3qgy,3qgy_694,6.270,-4.154607,-3.896016
3qgy,3qgy_695,3.620,-1.627680,-3.154056
3qgy,3qgy_697,7.930,-5.210212,-3.361702
3qgy,3qgy_699,4.960,-3.730920,-3.427250
3qgy,3qgy_855,2.770,-1.712180,-3.427909
3qgy,3qgy_9,0.890,-0.492445,-2.207553
3qgy,3qgy_939,1.160,-0.774862,-2.610556
3qqs,3qqs_100,0.480,-0.709009,-4.528376
3qqs,3qqs_102,3.670,-2.280768,-5.830505
3qqs,3qqs_103,4.530,-4.299098,-5.616771
3qqs,3qqs_105,0.810,-0.878229,-5.085007
3qqs,3qqs_114,3.960,-2.907259,-5.771435
3qqs,3qqs_157,2.920,-2.408993,-5.711292
3qqs,3qqs_158,0.870,-0.681663,-4.646883
3qqs,3qqs_18,0.950,-0.618474,-4.687563
3qqs,3qqs_324,0.880,-0.405154,-4.931435
3qqs,3qqs_35,0.610,-0.359515,-4.269269
3qqs,3qqs_375,7.090,-7.590019,-5.768100
3qqs,3qqs_386,1.140,-0.549265,-5.190474
3qqs,3qqs_396,0.510,-0.530021,-4.562361
3qqs,3qqs_404,3.800,-2.066366,-5.400958
3qqs,3qqs_435,0.800,-0.394291,-5.352476
3qqs,3qqs_447,3.250,-2.680202,-5.240561
3qqs,3qqs_449,5.050,-3.187596,-6.454146
3qqs,3qqs_465,3.320,-1.277540,-5.691634
3qqs,3qqs_473,1.550,-1.180828,-4.789815
3qqs,3qqs_485,2.360,-2.082753,-5.470402
3qqs,3qqs_497,1.020,-1.000858,-4.850327
3qqs,3qqs_498,3.830,-2.312610,-4.868032
3qqs,3qqs_500,5.330,-3.750207,-6.912348
3qqs,3qqs_505,5.540,-4.640988,-5.764840
3qqs,3qqs_511,1.320,-1.311664,-5.142597
3qqs,3qqs_533,5.270,-5.411327,-5.557314
3qqs,3qqs_534,2.420,-1.377686,-4.046926
3qqs,3qqs_538,3.810,-3.817796,-4.291555
3qqs,3qqs_542,6.170,-5.135429,-5.855343
3qqs,3qqs_545,5.050,-4.562441,-6.623275
3qqs,3qqs_546,2.120,-0.990746,-4.015446
3qqs,3qqs_555,1.190,-1.446319,-4.990585
3qqs,3qqs_574,2.760,-1.347754,-4.510609
3qqs,3qqs_585,3.340,-1.553542,-5.618509
3qqs,3qqs_608,5.130,-4.573101,-6.017886
3qqs,3qqs_612,1.350,-1.576421,-4.637593
3qqs,3qqs_625,3.960,-3.046415,-5.337357
3qqs,3qqs_629,3.900,-2.721610,-5.949373
3qqs,3qqs_632,1.440,-0.405514,-5.257262
3qqs,3qqs_635,1.760,-0.784558,-5.085103
3qqs,3qqs_636,4.770,-4.498810,-5.629676
3qqs,3qqs_638,6.300,-5.027149,-6.667748
3qqs,3qqs_639,2.290,-2.625857,-6.083644
3qqs,3qqs_641,5.500,-4.236026,-5.243878
3qqs,3qqs_646,5.160,-4.151990,-5.976756
3qqs,3qqs_648,5.190,-4.604802,-5.208064
3qqs,3qqs_653,4.980,-4.301971,-5.459067
3qqs,3qqs_654,2.170,-1.985937,-5.448681
3qqs,3qqs_657,4.230,-3.508277,-4.937514
3qqs,3qqs_660,4.750,-3.235990,-5.702686
3qqs,3qqs_670,1.850,-1.215159,-5.490761
3qqs,3qqs_679,4.190,-3.193858,-6.507433
3qqs,3qqs_682,4.960,-4.578861,-4.580842
3qqs,3qqs_695,2.170,-1.967121,-4.756551
3qqs,3qqs_696,4.890,-3.258117,-5.113884
3qqs,3qqs_700,5.470,-4.598373,-5.666208
3qqs,3qqs_715,0.760,-0.755680,-4.375618
3qqs,3qqs_72,4.950,-3.507066,-4.966679
3qqs,3qqs_732,2.700,-1.532798,-4.819874
3qqs,3qqs_739,2.720,-1.645480,-4.611632
3qqs,3qqs_751,4.900,-2.215062,-4.903267
3qqs,3qqs_806,1.810,-0.987768,-5.576494
3qqs,3qqs_86,0.600,-0.596214,-4.621615
3r88,3r88_131,0.480,-0.633525,-4.100540
3r88,3r88_201,9.520,-8.082595,-5.163317
3r88,3r88_213,0.590,-0.529274,-2.888401
3r88,3r88_220,9.310,-8.162185,-4.755815
3r88,3r88_229,7.830,-6.009851,-6.615785
3r88,3r88_234,9.510,-8.141421,-5.257090
3r88,3r88_241,9.260,-8.125000,-5.214277
3r88,3r88_254,1.020,-0.970913,-4.107672
3r88,3r88_255,0.580,-1.233967,-3.499349
3r88,3r88_263,4.840,-3.117855,-5.693583
3r88,3r88_270,9.100,-7.560102,-5.724187
3r88,3r88_278,9.240,-8.153069,-4.790522
3r88,3r88_279,8.030,-6.376521,-6.247570
3r88,3r88_291,0.760,-0.614889,-3.296716
3r88,3r88_300,9.150,-7.963421,-5.374217
3r88,3r88_371,0.570,-0.815271,-4.378066
3r88,3r88_377,1.000,-1.092278,-3.742690
3r88,3r88_405,4.930,-2.639166,-5.197704
3r88,3r88_434,2.650,-1.124169,-4.741723
3r88,3r88_439,2.350,-1.042947,-4.232649
3r88,3r88_440,2.520,-1.620404,-5.750403
3r88,3r88_452,6.060,-4.066099,-7.245348
3r88,3r88_454,5.070,-2.449928,-5.168383
3r88,3r88_463,4.550,-2.391623,-5.033299
3r88,3r88_468,5.080,-2.802395,-5.955195
3r88,3r88_470,5.120,-3.349213,-5.844677
3r88,3r88_471,5.600,-3.182268,-6.882143
3r88,3r88_495,2.840,-1.880539,-5.122161
3r88,3r88_500,4.780,-2.826206,-5.361523
3r88,3r88_507,3.290,-3.096227,-5.268459
3r88,3r88_510,2.580,-1.233076,-3.434671
3r88,3r88_513,1.140,-1.334467,-4.061982
3r88,3r88_517,7.690,-5.935898,-6.196517
3r88,3r88_524,4.660,-3.692266,-5.783009
3r88,3r88_527,6.080,-4.474996,-5.427101
3r88,3r88_533,0.980,-1.363785,-4.262721
3r88,3r88_537,1.300,-1.436201,-4.204199
3r88,3r88_545,7.550,-5.725047,-5.238710
3r88,3r88_551,1.420,-1.483588,-3.760516
3r88,3r88_553,0.830,-1.213455,-3.785927
3r88,3r88_555,7.210,-5.179294,-5.692823
3r88,3r88_561,4.520,-1.597626,-5.416592
3r88,3r88_566,2.330,-1.583166,-4.238027
3r88,3r88_571,3.940,-3.445202,-6.700067
3r88,3r88_577,2.380,-1.839710,-4.802393
3r88,3r88_582,5.570,-4.772680,-5.414573
3r88,3r88_589,1.920,-1.424889,-5.666982
3r88,3r88_591,2.440,-2.311044,-5.502450
3r88,3r88_594,5.230,-4.376125,-5.588923
3r88,3r88_596,4.090,-0.979192,-3.997270
3r88,3r88_599,3.950,-0.655073,-5.460813
3r88,3r88_613,1.700,-1.745020,-5.411964
3r88,3r88_617,2.920,-1.887817,-4.860610
3r88,3r88_628,4.180,-0.962540,-4.495024
3r88,3r88_632,1.170,-1.143181,-4.092514
3r88,3r88_634,5.830,-3.630945,-5.977534
3r88,3r88_638,1.260,-1.690454,-4.399481
3r88,3r88_656,3.980,-1.395561,-4.831486
3r88,3r88_657,6.870,-5.311457,-6.070755
3r88,3r88_672,3.760,-1.928689,-5.728353
3r88,3r88_695,1.550,-1.450057,-5.377523
3r88,3r88_696,3.990,-4.192424,-6.424074
3r88,3r88_699,6.880,-6.396246,-5.470881
3r88,3r88_713,7.940,-7.032887,-5.825785
3r88,3r88_718,6.660,-4.689014,-5.424010
3r88,3r88_725,7.410,-5.891662,-5.837174
3r88,3r88_736,4.580,-4.325718,-5.752040
3r88,3r88_741,6.010,-5.183088,-5.851139
3r88,3r88_753,7.070,-6.248901,-7.129637
3r88,3r88_763,3.800,-2.656498,-5.252410
3r88,3r88_769,7.220,-6.887223,-6.677614
3r88,3r88_773,6.390,-6.665827,-5.499066
3r88,3r88_780,5.530,-4.057686,-5.986630
3r88,3r88_784,7.110,-5.726880,-6.242177
3r88,3r88_787,6.610,-5.202804,-5.737463
3r88,3r88_792,4.020,-3.509979,-5.379733
3r88,3r88_795,6.430,-7.207210,-4.767759
3r88,3r88_798,3.330,-2.248630,-4.084093
3r88,3r88_799,5.400,-5.014252,-6.038737
3r88,3r88_802,0.930,-1.099621,-4.098433
3r88,3r88_833,3.380,-1.904172,-4.392680
3r88,3r88_861,1.370,-0.703503,-4.036943
3r88,3r88_880,6.970,-5.858971,-5.595686
3r88,3r88_883,7.430,-6.936188,-6.445194
3r88,3r88_924,0.890,-0.950099,-3.693745
3r88,3r88_931,2.070,-0.807775,-3.816622
3r88,3r88_986,8.030,-7.724052,-5.658243
3r88,3r88_994,3.170,-2.155078,-4.450081
3r88,3r88_995,5.620,-4.308348,-5.119958
3rlr,3rlr_100,2.910,-0.898123,-4.734569
3rlr,3rlr_112,0.670,-0.672254,-5.916643
3rlr,3rlr_12,0.930,-1.057586,-6.507694
3rlr,3rlr_148,4.380,-2.415705,-7.728512
3rlr,3rlr_167,0.490,-0.736262,-5.178473
3rlr,3rlr_192,0.430,-0.391739,-5.871670
3rlr,3rlr_197,0.430,-0.481716,-5.619222
3rlr,3rlr_281,1.050,-1.053943,-5.780236
3rlr,3rlr_335,3.290,-1.668475,-6.381934
3rlr,3rlr_341,0.420,-0.604776,-5.479199
3rlr,3rlr_347,0.420,-0.737955,-5.038950
3rlr,3rlr_365,0.540,-0.518069,-5.520079
3rlr,3rlr_397,1.070,-0.771701,-5.707257
3rlr,3rlr_398,0.420,-0.573509,-5.086480
3rlr,3rlr_410,3.330,-2.522781,-6.672646
3rlr,3rlr_415,1.360,-1.770046,-6.192813
3rlr,3rlr_418,4.900,-2.231740,-6.093205
3rlr,3rlr_423,1.000,-1.152125,-4.477756
3rlr,3rlr_428,3.650,-2.070040,-5.945127
3rlr,3rlr_432,5.170,-2.444913,-5.018443
3rlr,3rlr_439,2.420,-1.502990,-6.822720
3rlr,3rlr_440,1.850,-1.173716,-5.613131
3rlr,3rlr_444,2.120,-2.158120,-6.066595
3rlr,3rlr_456,4.520,-2.256542,-7.071220
3rlr,3rlr_457,3.880,-2.111164,-6.308178
3rlr,3rlr_47,2.680,-0.590787,-4.140004
3rlr,3rlr_477,3.050,-1.082565,-4.727405
3rlr,3rlr_480,4.860,-1.007140,-4.199592
3rlr,3rlr_482,4.570,-4.474816,-6.313824
3rlr,3rlr_483,2.930,-1.574642,-5.849554
3rlr,3rlr_488,4.700,-1.504792,-6.460831
3rlr,3rlr_490,1.140,-0.641724,-7.442478
3rlr,3rlr_498,2.890,-2.091405,-6.494771
3rlr,3rlr_506,1.700,-2.316634,-5.392143
3rlr,3rlr_524,1.240,-1.125170,-5.666393
3rlr,3rlr_537,2.220,-1.182911,-5.841995
3rlr,3rlr_539,4.350,-1.654115,-7.315075
3rlr,3rlr_557,3.050,-1.852464,-8.016595
3rlr,3rlr_560,5.070,-3.379135,-6.212607
3rlr,3rlr_583,4.550,-1.833143,-5.946507
3rlr,3rlr_586,3.730,-1.757710,-5.840181
3rlr,3rlr_591,3.000,-2.246070,-7.420746
3rlr,3rlr_595,7.010,-5.563292,-6.211009
3rlr,3rlr_596,3.330,-1.975149,-5.418921
3rlr,3rlr_598,5.030,-3.682301,-6.621073
3rlr,3rlr_6,4.600,-1.799923,-6.650677
3rlr,3rlr_617,1.650,-1.474647,-5.343196
3rlr,3rlr_628,8.120,-6.151227,-6.352896
3rlr,3rlr_632,6.210,-4.373141,-7.757294
3rlr,3rlr_633,3.390,-2.573259,-6.279412
3rlr,3rlr_634,5.220,-3.135422,-6.562134
3rlr,3rlr_638,5.390,-4.861889,-6.361767
3rlr,3rlr_640,6.900,-6.387558,-6.081493
3rlr,3rlr_642,2.440,-2.295132,-6.108441
3rlr,3rlr_650,6.420,-5.761618,-6.696254
3rlr,3rlr_653,2.960,-1.617983,-6.589483
3rlr,3rlr_655,5.060,-1.411087,-5.424636
3rlr,3rlr_658,3.600,-2.363993,-6.026542
3rlr,3rlr_660,6.010,-3.669653,-7.273154
3rlr,3rlr_663,4.930,-2.950148,-5.700552
3rlr,3rlr_667,1.460,-2.062072,-6.004872
3rlr,3rlr_675,7.420,-4.805053,-6.963957
3rlr,3rlr_68,5.850,-3.251216,-6.233624
3rlr,3rlr_682,5.060,-4.301234,-7.469793
3rlr,3rlr_685,6.320,-5.502135,-6.818439
3rlr,3rlr_686,7.340,-4.715033,-6.507807
3rlr,3rlr_762,8.130,-6.042078,-6.298812
3rlr,3rlr_772,5.090,-2.109217,-6.486169
3rlr,3rlr_778,5.810,-4.495325,-7.497377
3rlr,3rlr_780,6.430,-4.925473,-7.189661
3rlr,3rlr_904,2.000,-0.911136,-5.421033
3rr4,3rr4_13,1.040,-0.527877,-2.837674
3rr4,3rr4_2,2.100,-1.472941,-2.978816
3rr4,3rr4_315,1.980,-0.352030,-2.874691
3rr4,3rr4_369,0.220,-0.621670,-2.490992
3rr4,3rr4_401,0.810,-1.400355,-2.668044
3rr4,3rr4_418,3.930,-2.170033,-3.001596
3rr4,3rr4_426,4.440,-2.367321,-4.491160
3rr4,3rr4_431,4.150,-1.763496,-3.079492
3rr4,3rr4_436,2.550,-1.260894,-3.048367
3rr4,3rr4_437,1.070,-1.178524,-2.854167
3rr4,3rr4_449,3.390,-2.827108,-4.344382
3rr4,3rr4_454,4.610,-2.809939,-2.946165
3rr4,3rr4_458,3.130,-2.602064,-3.639143
3rr4,3rr4_466,5.150,-3.937084,-3.887322
3rr4,3rr4_476,4.860,-4.421699,-4.209006
3rr4,3rr4_479,0.910,-1.037989,-2.836635
3rr4,3rr4_492,2.450,-2.412590,-3.752831
3rr4,3rr4_500,1.380,-0.677738,-2.947439
3rr4,3rr4_523,1.420,-2.250010,-2.800718
3rr4,3rr4_529,0.890,-0.942349,-2.499212
3rr4,3rr4_575,0.990,-1.217600,-2.412239
3rr4,3rr4_578,5.220,-4.071374,-4.096760
3rr4,3rr4_582,2.580,-3.055672,-4.083926
3rr4,3rr4_591,2.520,-1.368619,-2.822345
3rr4,3rr4_592,5.890,-5.904231,-4.921026
3rr4,3rr4_596,4.290,-2.779181,-3.308674
3rr4,3rr4_62,0.950,-0.632990,-2.283849
3rr4,3rr4_641,4.020,-2.390421,-3.429987
3rr4,3rr4_648,2.610,-1.776927,-4.063047
3rr4,3rr4_663,3.810,-1.723372,-3.324807
3rr4,3rr4_664,3.680,-1.857669,-2.192445
3rr4,3rr4_669,1.660,-1.348071,-2.823119
3rr4,3rr4_680,1.580,-1.581826,-3.245849
3rr4,3rr4_694,2.740,-1.652727,-2.702088
3rr4,3rr4_701,0.440,-1.042662,-2.494677
3rr4,3rr4_703,0.870,-0.830180,-2.054855
3rr4,3rr4_708,3.290,-1.818686,-3.786457
3rr4,3rr4_715,9.670,-8.187635,-4.229112
3rr4,3rr4_716,5.760,-5.456859,-5.229034
3rr4,3rr4_718,6.740,-5.971752,-4.311658
3rr4,3rr4_722,9.170,-8.070683,-4.723786
3rr4,3rr4_724,9.470,-8.158303,-4.936156
3rr4,3rr4_729,8.490,-8.102000,-5.435439
3rr4,3rr4_73,1.120,-0.795776,-2.724190
3rr4,3rr4_730,3.690,-2.994010,-4.369582
3rr4,3rr4_731,4.760,-4.460690,-5.689976
3rr4,3rr4_735,5.530,-5.547553,-4.354894
3rr4,3rr4_739,7.130,-6.536527,-4.691164
3rr4,3rr4_746,8.570,-7.846231,-4.628237
3rr4,3rr4_747,7.110,-6.541289,-5.452438
3rr4,3rr4_749,6.930,-6.644398,-4.372573
3rr4,3rr4_752,9.150,-8.115525,-4.615729
3rr4,3rr4_758,8.890,-8.058902,-5.217111
3rr4,3rr4_760,7.430,-6.275091,-5.228828
3rr4,3rr4_761,9.000,-7.331156,-4.991859
3rr4,3rr4_763,8.750,-7.596458,-4.883142
3rr4,3rr4_764,9.200,-8.127430,-3.847483
3rr4,3rr4_765,8.850,-7.976742,-4.831917
3rr4,3rr4_766,6.600,-6.182588,-5.587696
3rr4,3rr4_767,8.410,-7.746757,-5.715563
3rr4,3rr4_768,4.880,-4.386704,-3.932099
3rr4,3rr4_769,7.800,-6.942859,-5.025711
3rr4,3rr4_771,3.680,-4.235139,-3.727865
3rr4,3rr4_773,7.680,-7.464004,-5.244394
3rr4,3rr4_774,6.510,-4.926032,-4.775732
3rr4,3rr4_784,2.440,-1.378602,-4.256289
3rr4,3rr4_786,1.220,-1.780456,-3.018780
3rr4,3rr4_790,2.730,-1.761461,-3.082158
3rr4,3rr4_791,6.690,-6.052860,-5.133689
3rr4,3rr4_795,5.770,-4.653911,-4.624065
3rr4,3rr4_806,4.110,-3.015596,-3.883163
3rr4,3rr4_814,7.900,-7.353838,-5.144204
3rr4,3rr4_831,9.430,-8.009259,-4.659651
3rr4,3rr4_837,8.970,-7.369329,-5.585337
3rr4,3rr4_839,8.170,-6.670790,-4.857148
3rr4,3rr4_849,7.230,-5.981195,-5.191865
3rr4,3rr4_85,0.270,-0.452747,-2.693118
3rr4,3rr4_851,7.030,-6.250359,-4.657369
3rr4,3rr4_853,6.860,-6.409463,-4.930244
3rr4,3rr4_863,7.660,-7.232913,-5.554506
3rr4,3rr4_869,7.160,-6.836450,-4.495125
3rr4,3rr4_875,9.660,-8.245466,-5.937001
3rr4,3rr4_884,4.840,-2.797909,-2.974918
3rr4,3rr4_89,0.540,-0.752056,-2.699638
3rr4,3rr4_891,8.370,-7.661784,-4.305990
3rr4,3rr4_898,2.990,-1.922906,-3.957947
3rr4,3rr4_913,3.220,-2.428779,-4.289507
3rr4,3rr4_922,6.230,-6.043520,-4.954249
3rr4,3rr4_938,6.460,-6.141429,-4.902894
3rr4,3rr4_949,5.500,-3.464637,-5.461488
3rr4,3rr4_95,1.160,-0.354216,-2.555015
3rr4,3rr4_950,6.060,-5.830889,-4.680788
3rr4,3rr4_955,6.280,-5.798529,-5.047209
3rr4,3rr4_964,5.110,-3.189207,-4.591323
3rr4,3rr4_972,5.610,-5.609056,-5.575269
3rr4,3rr4_975,5.440,-3.793944,-4.628630
3rr4,3rr4_99,3.440,-1.381738,-4.111968
3rsx,3rsx_121,3.240,-2.993541,-4.322842
3rsx,3rsx_131,0.410,-1.238867,-3.217928
3rsx,3rsx_132,4.750,-5.342483,-5.232061
3rsx,3rsx_172,3.360,-3.295797,-4.326299
3rsx,3rsx_173,2.940,-2.882742,-3.627499
3rsx,3rsx_218,5.750,-3.124608,-4.646044
3rsx,3rsx_230,2.330,-2.010150,-6.014815
3rsx,3rsx_243,0.550,-1.335390,-3.090590
3rsx,3rsx_249,0.760,-0.696905,-3.196887
3rsx,3rsx_266,0.770,-1.361233,-3.733690
3rsx,3rsx_375,0.910,-1.026524,-3.899877
3rsx,3rsx_388,0.910,-1.071905,-2.495434
3rsx,3rsx_408,5.590,-0.604517,-3.691660
3rsx,3rsx_423,1.530,-0.859673,-2.960967
3rsx,3rsx_434,1.980,-1.345536,-4.258436
3rsx,3rsx_450,4.300,-3.234730,-3.474579
3rsx,3rsx_464,2.250,-1.980016,-3.760002
3rsx,3rsx_470,1.610,-1.879834,-4.914886
3rsx,3rsx_474,2.340,-0.947311,-3.026178
3rsx,3rsx_487,1.580,-1.254436,-3.730189
3rsx,3rsx_494,4.500,-3.705512,-5.648681
3rsx,3rsx_497,2.010,-1.115475,-4.372691
3rsx,3rsx_505,1.560,-0.926335,-2.975378
3rsx,3rsx_506,1.540,-0.656321,-3.482632
3rsx,3rsx_515,0.790,-0.496316,-3.643414
3rsx,3rsx_518,3.350,-3.350972,-3.930901
3rsx,3rsx_528,0.990,-1.786416,-3.711511
3rsx,3rsx_534,4.800,-3.383703,-4.600535
3rsx,3rsx_535,3.960,-3.446132,-3.347975
3rsx,3rsx_537,6.150,-5.204460,-4.838921
3rsx,3rsx_549,5.160,-2.486646,-3.527605
3rsx,3rsx_553,2.160,-1.906492,-3.796051
3rsx,3rsx_554,1.210,-1.212937,-3.745447
3rsx,3rsx_556,2.860,-2.518738,-4.633034
3rsx,3rsx_569,5.370,-5.391354,-4.570691
3rsx,3rsx_574,4.700,-4.343500,-4.661704
3rsx,3rsx_579,6.020,-3.321702,-3.945114
3rsx,3rsx_586,3.570,-3.195033,-3.831051
3rsx,3rsx_589,5.980,-5.688233,-4.950944
3rsx,3rsx_590,6.350,-4.561529,-3.936510
3rsx,3rsx_591,3.190,-2.742021,-5.005281
3rsx,3rsx_593,4.090,-3.126354,-3.815187
3rsx,3rsx_594,1.750,-1.084890,-2.965735
3rsx,3rsx_596,3.440,-2.611986,-4.782637
3rsx,3rsx_604,3.200,-3.496819,-3.787700
3rsx,3rsx_605,2.070,-1.613572,-3.848381
3rsx,3rsx_607,2.130,-2.066595,-5.734641
3rsx,3rsx_621,5.100,-5.918280,-5.528042
3rsx,3rsx_629,5.630,-3.692056,-3.129172
3rsx,3rsx_630,0.920,-1.151078,-3.748785
3rsx,3rsx_651,1.740,-1.223397,-3.892945
3rsx,3rsx_677,1.290,-0.594850,-3.665903
3rsx,3rsx_684,0.880,-0.466238,-3.144752
3rsx,3rsx_689,2.480,-1.678352,-2.744312
3rsx,3rsx_697,5.520,-4.117757,-5.522972
3rsx,3rsx_708,5.630,-6.298971,-4.365204
3rsx,3rsx_740,6.540,-5.495203,-4.805154
3rsx,3rsx_742,3.640,-4.205184,-5.138143
3rsx,3rsx_744,7.260,-7.543423,-4.483242
3rsx,3rsx_750,4.130,-4.362615,-4.677084
3rsx,3rsx_754,6.070,-2.094876,-4.582350
3rsx,3rsx_756,7.800,-7.829858,-5.292405
3rsx,3rsx_761,4.540,-3.286342,-4.229135
3rsx,3rsx_762,6.900,-7.515213,-5.592641
3rsx,3rsx_772,4.420,-4.284791,-3.966994
3rsx,3rsx_773,6.810,-7.077799,-4.436252
3rsx,3rsx_774,6.220,-3.409797,-5.043829
3rsx,3rsx_778,3.160,-2.271366,-3.984602
3rsx,3rsx_797,7.350,-7.230680,-4.688214
3rsx,3rsx_828,6.020,-4.840334,-3.716483
3rsx,3rsx_868,5.700,-2.912442,-3.656487
3rsx,3rsx_912,7.360,-7.533288,-4.629575
3rsx,3rsx_918,7.280,-7.792669,-4.552472
3rsx,3rsx_934,6.270,-6.653082,-4.889639
3rsx,3rsx_936,4.760,-3.398769,-5.515532
3ryj,3ryj_125,2.060,-0.663264,-6.278564
3ryj,3ryj_154,1.760,-0.685192,-5.503409
3ryj,3ryj_157,2.460,-0.770698,-5.614505
3ryj,3ryj_221,3.440,-1.831194,-5.787304
3ryj,3ryj_229,0.400,-0.581337,-6.193459
3ryj,3ryj_245,2.960,-1.656871,-6.547629
3ryj,3ryj_272,3.150,-1.384587,-6.411171
3ryj,3ryj_281,3.290,-1.554475,-6.584779
3ryj,3ryj_296,0.520,-0.958799,-6.079429
3ryj,3ryj_332,0.940,-0.843489,-6.016950
3ryj,3ryj_344,3.200,-1.390267,-5.409848
3ryj,3ryj_358,0.900,-0.279913,-6.298672
3ryj,3ryj_387,0.810,-0.571028,-4.922337
3ryj,3ryj_395,0.740,-0.318849,-5.391705
3ryj,3ryj_397,0.540,-0.940308,-5.740100
3ryj,3ryj_407,3.500,-2.981157,-6.026768
3ryj,3ryj_422,2.660,-2.208330,-6.021491
3ryj,3ryj_441,3.120,-2.213281,-6.340266
3ryj,3ryj_449,4.030,-2.063483,-6.622389
3ryj,3ryj_453,3.510,-1.045406,-6.475939
3ryj,3ryj_468,0.990,-0.971732,-5.656878
3ryj,3ryj_470,1.820,-1.714808,-5.905590
3ryj,3ryj_471,3.610,-2.107138,-6.389067
3ryj,3ryj_477,1.080,-1.434554,-7.039625
3ryj,3ryj_483,1.840,-1.517294,-5.759301
3ryj,3ryj_536,1.660,-1.652782,-5.980853
3ryj,3ryj_538,1.640,-1.586498,-6.705278
3ryj,3ryj_540,1.560,-1.724733,-5.527539
3ryj,3ryj_545,2.160,-1.751806,-6.141833
3ryj,3ryj_548,4.180,-2.188635,-6.053347
3ryj,3ryj_579,4.120,-2.004535,-6.487517
3ryj,3ryj_588,2.020,-1.586251,-5.491212
3ryj,3ryj_589,3.800,-1.808137,-5.857480
3ryj,3ryj_594,1.950,-1.143508,-6.191262
3ryj,3ryj_600,4.220,-2.085295,-6.411068
3ryj,3ryj_611,1.650,-1.117933,-5.353939
3ryj,3ryj_622,2.070,-1.115166,-4.947212
3ryj,3ryj_634,4.150,-1.939053,-5.910137
3ryj,3ryj_647,2.160,-1.790947,-6.239072
3ryj,3ryj_662,3.280,-1.290091,-5.939625
3ryj,3ryj_681,4.240,-2.314912,-6.445274
3ryj,3ryj_707,4.110,-2.062639,-6.096323
3ryj,3ryj_750,2.990,-1.498063,-6.220651
3ryj,3ryj_767,2.690,-1.724873,-5.738031
3ryj,3ryj_778,4.180,-3.105660,-6.424062
3ryj,3ryj_796,6.300,-2.426108,-5.913537
3ryj,3ryj_798,6.660,-3.439507,-5.616809
3ryj,3ryj_826,0.830,-1.167277,-5.859234
3ryj,3ryj_840,0.970,-1.277176,-5.797362
3ryj,3ryj_848,1.740,-1.125809,-5.912236
3ryj,3ryj_863,4.070,-2.195435,-6.237570
3ryj,3ryj_887,4.210,-2.829707,-6.060111
3syr,3syr_105,0.640,-0.782813,-2.469524
3syr,3syr_225,1.300,-0.825094,-2.889662
3syr,3syr_251,1.680,-1.136847,-3.435789
3syr,3syr_330,1.390,-1.425480,-2.998968
3syr,3syr_408,0.850,-1.138863,-2.887210
3syr,3syr_412,0.970,-1.399968,-3.004326
3syr,3syr_413,0.950,-1.279084,-2.589034
3syr,3syr_416,1.500,-1.886094,-3.051780
3syr,3syr_448,0.870,-1.695546,-3.402803
3syr,3syr_452,1.380,-2.247813,-2.750740
3syr,3syr_46,0.710,-0.848747,-3.324542
3syr,3syr_462,1.560,-1.708325,-3.063195
3syr,3syr_47,0.360,-0.955039,-2.196149
3syr,3syr_477,1.350,-1.689105,-3.616460
3syr,3syr_484,2.380,-1.470627,-2.570407
3syr,3syr_499,2.530,-1.936908,-3.382082
3syr,3syr_500,1.960,-1.534451,-2.673130
3syr,3syr_523,3.040,-2.491094,-3.681643
3syr,3syr_533,2.060,-2.373601,-2.840737
3syr,3syr_539,3.920,-4.321899,-2.967558
3syr,3syr_545,2.070,-1.850446,-3.086735
3syr,3syr_550,6.050,-2.637404,-3.672672
3syr,3syr_552,6.150,-2.924556,-3.314174
3syr,3syr_557,5.540,-2.594667,-3.097375
3syr,3syr_563,5.640,-2.639575,-3.354254
3syr,3syr_564,2.030,-1.987404,-2.924758
3syr,3syr_577,7.540,-5.980387,-3.568234
3syr,3syr_582,6.430,-4.151547,-3.571919
3syr,3syr_593,5.450,-1.498306,-3.387393
3syr,3syr_594,3.470,-3.161115,-3.215643
3syr,3syr_596,5.800,-2.017382,-3.061379
3syr,3syr_599,6.600,-4.933552,-3.364758
3syr,3syr_600,6.020,-2.521075,-3.259978
3syr,3syr_609,2.800,-1.536325,-3.014729
3syr,3syr_614,7.570,-6.087952,-3.160661
3syr,3syr_617,2.310,-2.346421,-2.849175
3syr,3syr_618,2.070,-2.373904,-3.385788
3syr,3syr_621,2.770,-2.418836,-3.435336
3syr,3syr_622,3.230,-3.385268,-2.990542
3syr,3syr_627,4.140,-3.907423,-3.623453
3syr,3syr_629,1.740,-1.817610,-3.640019
3syr,3syr_631,3.250,-3.728121,-3.562338
3syr,3syr_633,7.020,-6.244401,-3.336390
3syr,3syr_636,2.160,-1.401030,-3.600630
3syr,3syr_647,3.240,-3.310653,-3.157128
3syr,3syr_648,3.990,-4.124452,-3.289111
3syr,3syr_658,3.700,-2.735302,-3.045512
3syr,3syr_659,6.680,-4.281060,-3.257472
3syr,3syr_679,8.120,-6.770808,-3.774804
3syr,3syr_692,5.810,-3.457427,-3.265324
3syr,3syr_695,4.800,-4.817997,-3.103074
3syr,3syr_697,4.370,-4.935194,-3.222395
3syr,3syr_699,4.190,-4.159389,-4.220110
3syr,3syr_746,3.300,-3.233865,-3.584243
3syr,3syr_748,3.190,-3.145347,-2.749067
3syr,3syr_752,5.130,-2.812746,-2.821238
3syr,3syr_759,5.300,-1.402415,-2.820831
3syr,3syr_762,5.190,-4.067308,-3.041041
3syr,3syr_772,5.230,-2.072954,-3.170754
3syr,3syr_823,1.530,-1.181887,-2.954341
3syr,3syr_862,0.780,-0.915435,-3.113030
3syr,3syr_88,5.480,-0.953546,-2.974778
3syr,3syr_93,0.490,-0.960043,-2.699776
3syr,3syr_969,0.820,-1.478099,-3.356253
3tsk,3tsk_134,4.100,-1.988389,-3.747512
3tsk,3tsk_176,2.870,-1.596489,-3.837343
3tsk,3tsk_259,4.800,-2.003093,-3.469952
3tsk,3tsk_263,3.980,-1.416432,-3.681729
3tsk,3tsk_273,5.120,-1.805317,-3.241361
3tsk,3tsk_285,5.280,-1.703880,-3.216622
3tsk,3tsk_29,8.420,-8.084676,-3.930293
3tsk,3tsk_294,5.020,-1.322334,-3.268879
3tsk,3tsk_31,7.010,-3.945856,-4.069630
3tsk,3tsk_337,4.220,-1.001195,-3.452548
3tsk,3tsk_344,2.040,-1.119666,-3.655101
3tsk,3tsk_358,1.750,-1.091145,-3.871861
3tsk,3tsk_380,6.350,-3.102496,-3.874012
3tsk,3tsk_381,2.080,-0.768759,-3.591657
3tsk,3tsk_382,4.180,-1.409707,-4.110508
3tsk,3tsk_40,9.960,-7.910467,-3.939788
3tsk,3tsk_400,5.760,-2.405614,-3.966115
3tsk,3tsk_402,6.380,-3.802003,-4.142889
3tsk,3tsk_405,2.720,-2.385622,-3.812868
3tsk,3tsk_422,2.770,-2.614658,-4.225800
3tsk,3tsk_423,3.840,-1.860229,-3.713689
3tsk,3tsk_426,3.700,-2.132657,-4.183276
3tsk,3tsk_430,5.140,-3.822604,-3.965279
3tsk,3tsk_433,2.930,-2.661627,-3.674019
3tsk,3tsk_441,4.500,-3.419597,-4.376500
3tsk,3tsk_443,4.360,-3.421404,-4.166541
3tsk,3tsk_444,3.470,-3.098335,-3.970922
3tsk,3tsk_455,3.520,-3.439017,-4.807018
3tsk,3tsk_456,8.580,-4.835987,-3.897561
3tsk,3tsk_458,2.690,-2.601565,-3.750964
3tsk,3tsk_460,5.070,-5.673758,-4.279440
3tsk,3tsk_461,9.360,-3.611626,-3.910635
3tsk,3tsk_464,3.490,-3.288403,-3.938021
3tsk,3tsk_465,7.570,-3.467155,-2.991189
3tsk,3tsk_468,2.830,-2.936001,-3.709899
3tsk,3tsk_475,8.100,-3.829789,-3.249244
3tsk,3tsk_479,3.360,-3.894774,-4.048826
3tsk,3tsk_487,5.400,-3.504890,-4.412301
3tsk,3tsk_491,6.250,-4.790930,-3.932665
3tsk,3tsk_495,9.310,-3.589266,-3.657103
3tsk,3tsk_499,6.600,-3.187861,-3.194338
3tsk,3tsk_500,2.950,-2.972160,-3.376926
3tsk,3tsk_509,6.290,-6.334689,-3.728863
3tsk,3tsk_512,6.190,-6.200278,-4.002854
3tsk,3tsk_522,9.010,-8.361096,-3.588914
3tsk,3tsk_527,6.980,-3.397530,-3.089126
3tsk,3tsk_532,3.250,-3.300783,-3.389433
3tsk,3tsk_541,5.040,-3.648364,-3.975172
3tsk,3tsk_547,9.040,-7.167835,-3.811441
3tsk,3tsk_552,9.320,-8.322736,-4.238485
3tsk,3tsk_557,7.990,-7.646860,-3.492756
3tsk,3tsk_561,6.870,-4.437491,-4.027680
3tsk,3tsk_576,5.080,-4.250942,-3.909638
3tsk,3tsk_580,7.590,-2.948303,-4.178961
3tsk,3tsk_589,8.940,-8.436589,-3.184714
3tsk,3tsk_594,4.590,-4.511014,-3.751641
3tsk,3tsk_596,7.920,-8.240839,-3.940259
3tsk,3tsk_598,4.540,-3.020411,-3.771290
3tsk,3tsk_646,7.980,-7.437670,-4.319730
3tsk,3tsk_655,9.330,-8.408313,-3.326830
3tsk,3tsk_656,8.900,-7.727029,-3.994715
3tsk,3tsk_668,8.440,-6.563857,-3.593404
3tsk,3tsk_669,7.260,-6.207623,-3.767923
3tsk,3tsk_674,7.750,-6.688254,-3.549277
3tsk,3tsk_679,5.310,-3.969949,-3.521958
3tsk,3tsk_696,7.510,-4.912302,-3.780833
3tsk,3tsk_700,9.290,-8.297601,-3.671035
3tsk,3tsk_702,8.290,-7.787324,-3.677562
3tsk,3tsk_713,3.960,-1.273622,-3.698404
3tsk,3tsk_721,7.660,-7.161678,-3.452545
3tsk,3tsk_733,9.420,-8.341066,-3.102494
3tsk,3tsk_767,4.750,-3.599060,-3.757512
3tsk,3tsk_78,8.370,-5.763332,-3.854973
3tsk,3tsk_784,9.000,-8.292386,-3.702582
3tsk,3tsk_803,8.610,-8.381774,-3.069762
3tsk,3tsk_847,9.050,-8.359209,-3.649792
3tsk,3tsk_870,4.360,-1.741668,-4.012902
3tsk,3tsk_93,6.680,-3.161180,-3.234205
3tsk,3tsk_979,6.970,-6.310074,-3.055538
3tsk,3tsk_980,3.450,-4.216676,-3.830561
3twp,3twp_105,7.540,-7.604911,-1.218255
3twp,3twp_108,7.310,-7.207524,-0.914514
3twp,3twp_121,7.160,-7.319798,-0.662142
3twp,3twp_126,7.160,-7.116236,-1.611696
3twp,3twp_14,5.700,-5.152553,-1.004695
3twp,3twp_147,7.560,-7.669570,-1.300510
3twp,3twp_152,7.220,-7.307700,-1.122725
3twp,3twp_157,7.390,-7.506011,-1.397147
3twp,3twp_160,7.260,-7.343378,-1.511655
3twp,3twp_18,6.030,-5.776798,-1.119189
3twp,3twp_198,2.600,-0.745051,-1.084790
3twp,3twp_22,4.380,-2.612605,-1.336155
3twp,3twp_226,3.090,-1.545341,-0.767117
3twp,3twp_321,2.560,-0.592457,-1.290160
3twp,3twp_362,2.420,-1.075331,-1.403162
3twp,3twp_381,2.790,-0.453618,-0.573062
3twp,3twp_413,6.500,-7.282516,-2.931393
3twp,3twp_419,4.870,-5.210531,-1.893696
3twp,3twp_422,2.300,-1.810996,-1.279633
3twp,3twp_440,5.480,-5.861541,-2.170678
3twp,3twp_445,6.120,-5.882034,-3.359439
3twp,3twp_454,6.170,-6.289378,-1.793074
3twp,3twp_467,1.800,-1.138357,-2.182426
3twp,3twp_481,4.770,-4.466672,-2.017750
3twp,3twp_487,6.500,-6.499096,-2.567275
3twp,3twp_490,1.480,-1.653744,-1.014586
3twp,3twp_497,1.890,-1.633052,-1.586724
3twp,3twp_501,0.980,-0.581613,-0.767763
3twp,3twp_510,0.460,-0.813639,-0.770377
3twp,3twp_511,1.050,-0.481165,-1.713549
3twp,3twp_532,2.820,-2.400373,-1.969711
3twp,3twp_533,3.930,-3.938780,-1.884569
3twp,3twp_536,1.850,-1.192945,-1.368286
3twp,3twp_540,5.280,-4.826750,-3.896336
3twp,3twp_547,3.530,-2.236501,-1.080313
3twp,3twp_560,3.170,-1.780766,-1.211086
3twp,3twp_567,3.130,-0.798429,-0.903526
3twp,3twp_569,3.870,-3.278915,-1.488640
3twp,3twp_57,5.430,-4.746740,-1.359376
3twp,3twp_574,2.220,-0.659782,-2.355065
3twp,3twp_575,1.720,-0.406739,-1.348648
3twp,3twp_576,4.770,-4.807086,-1.169269
3twp,3twp_578,4.050,-4.053047,-1.629768
3twp,3twp_596,6.300,-5.803752,-3.562127
3twp,3twp_599,3.570,-2.819601,-3.168621
3twp,3twp_600,5.110,-5.821528,-1.652674
3twp,3twp_605,5.230,-5.456714,-1.509830
3twp,3twp_608,1.940,-1.691323,-1.761709
3twp,3twp_613,0.890,-0.696399,-1.519671
3twp,3twp_619,6.520,-7.058141,-3.999498
3twp,3twp_627,2.640,-1.401028,-1.755154
3twp,3twp_633,5.520,-5.182877,-1.503457
3twp,3twp_643,1.960,-1.569271,-0.750137
3twp,3twp_645,1.970,-1.390349,-1.050903
3twp,3twp_646,4.390,-4.883592,-1.407569
3twp,3twp_665,6.620,-5.475953,-2.555640
3twp,3twp_676,2.710,-3.400771,-1.681338
3twp,3twp_686,1.710,-0.724576,-1.834188
3twp,3twp_692,3.170,-1.718038,-1.270842
3twp,3twp_741,4.820,-2.790094,-1.748090
3twp,3twp_742,7.280,-5.978561,-2.572968
3twp,3twp_745,3.900,-3.759734,-1.252211
3twp,3twp_749,5.330,-4.157902,-1.373318
3twp,3twp_754,4.010,-3.218606,-0.913406
3twp,3twp_763,6.380,-5.594172,-1.627356
3twp,3twp_769,5.930,-4.736612,-1.410147
3twp,3twp_778,7.480,-6.107874,-1.968474
3twp,3twp_779,5.410,-4.380969,-1.478341
3twp,3twp_785,4.460,-3.392127,-1.306732
3twp,3twp_8,4.780,-4.718336,-1.684332
3twp,3twp_827,6.010,-4.820617,-1.180494
3twp,3twp_912,2.830,-2.538013,-1.320555
3twp,3twp_92,3.720,-3.265855,-1.186050
3u5j,3u5j_124,4.550,-2.423205,-1.689323
3u5j,3u5j_143,1.030,-1.284511,-1.395639
3u5j,3u5j_147,2.440,-1.500165,-1.692634
3u5j,3u5j_174,1.010,-1.447169,-1.514761
3u5j,3u5j_195,1.880,-1.124417,-1.458203
3u5j,3u5j_20,1.440,-1.340577,-1.083935
3u5j,3u5j_203,2.490,-0.885417,-1.639681
3u5j,3u5j_213,0.700,-1.175170,-1.137767
3u5j,3u5j_233,0.560,-1.690232,-1.778240
3u5j,3u5j_24,1.020,-0.479548,-1.208535
3u5j,3u5j_251,0.790,-1.264764,-1.458444
3u5j,3u5j_257,0.630,-0.949283,-1.761242
3u5j,3u5j_268,5.140,-3.783945,-0.898000
3u5j,3u5j_290,5.340,-3.576527,-0.835196
3u5j,3u5j_294,0.650,-1.615460,-1.827327
3u5j,3u5j_419,6.060,-5.641589,-1.786204
3u5j,3u5j_421,3.640,-2.298371,-1.419621
3u5j,3u5j_434,5.570,-3.948390,-1.579945
3u5j,3u5j_439,6.180,-5.519328,-1.518802
3u5j,3u5j_458,5.220,-4.683940,-1.484718
3u5j,3u5j_47,0.720,-1.056369,-1.272131
3u5j,3u5j_475,1.570,-1.535232,-1.391028
3u5j,3u5j_481,2.380,-1.817120,-1.074590
3u5j,3u5j_482,3.940,-2.921407,-1.411387
3u5j,3u5j_491,4.950,-5.346741,-2.120639
3u5j,3u5j_493,6.050,-4.783988,-1.522352
3u5j,3u5j_497,3.900,-3.443187,-1.464525
3u5j,3u5j_498,3.760,-2.544113,-1.128002
3u5j,3u5j_505,0.730,-1.659771,-1.313717
3u5j,3u5j_526,3.060,-2.130516,-1.639209
3u5j,3u5j_536,6.020,-4.711154,-1.921413
3u5j,3u5j_54,0.630,-1.333409,-1.288965
3u5j,3u5j_557,2.500,-1.957174,-1.798172
3u5j,3u5j_561,4.680,-1.011338,-1.162828
3u5j,3u5j_563,3.980,-1.797894,-1.496202
3u5j,3u5j_566,4.390,-2.354026,-1.863258
3u5j,3u5j_574,4.670,-2.352376,-1.262165
3u5j,3u5j_576,2.600,-2.307190,-1.172870
3u5j,3u5j_578,4.850,-2.543115,-1.474943
3u5j,3u5j_580,6.890,-6.434286,-2.100143
3u5j,3u5j_584,7.810,-7.676603,-3.437121
3u5j,3u5j_589,3.250,-1.851114,-1.988911
3u5j,3u5j_591,2.810,-1.131508,-1.363966
3u5j,3u5j_593,3.840,-1.960517,-1.714762
3u5j,3u5j_603,4.200,-3.578260,-1.879276
3u5j,3u5j_62,0.570,-1.355934,-1.761536
3u5j,3u5j_620,1.340,-1.659063,-1.327674
3u5j,3u5j_639,1.080,-1.335873,-1.414358
3u5j,3u5j_65,0.410,-0.803431,-1.590320
3u5j,3u5j_690,3.120,-2.950702,-1.534869
3u5j,3u5j_710,1.990,-1.300843,-1.295898
3u5j,3u5j_723,4.270,-4.613706,-1.660205
3u5j,3u5j_728,6.060,-2.649985,-1.586022
3u5j,3u5j_731,4.530,-3.997269,-1.738878
3u5j,3u5j_733,6.230,-4.281516,-2.881488
3u5j,3u5j_736,5.820,-6.048974,-1.940010
3u5j,3u5j_746,5.670,-4.922555,-2.382060
3u5j,3u5j_756,5.860,-4.594368,-2.113714
3u5j,3u5j_757,6.490,-3.483978,-1.289859
3u5j,3u5j_759,5.780,-5.191393,-1.792106
3u5j,3u5j_764,6.490,-5.971315,-1.752251
3u5j,3u5j_773,6.080,-5.124261,-2.079292
3u5j,3u5j_803,1.530,-1.589711,-1.395615
3u5j,3u5j_830,2.890,-2.128737,-1.472901
3u5j,3u5j_845,4.000,-4.198360,-2.621305
3u5j,3u5j_858,4.370,-3.586503,-2.319529
3u5j,3u5j_894,2.390,-0.980291,-1.234746
3u5j,3u5j_928,2.930,-0.887792,-1.026621
3u5j,3u5j_968,5.510,-4.407583,-1.892670
3u5j,3u5j_972,5.860,-3.679524,-2.079821
3u5j,3u5j_974,2.300,-2.211453,-1.392962
3u8k,3u8k_110,2.970,-2.089389,-2.177925
3u8k,3u8k_147,0.450,-0.697323,-1.837414
3u8k,3u8k_224,0.660,-0.760420,-1.460384
3u8k,3u8k_362,0.520,-1.120650,-1.654250
3u8k,3u8k_408,1.080,-0.907493,-2.170159
3u8k,3u8k_412,2.670,-1.886640,-2.129030
3u8k,3u8k_420,1.020,-1.582616,-1.807075
3u8k,3u8k_422,0.830,-1.481974,-1.789901
3u8k,3u8k_424,1.180,-1.842651,-1.430662
3u8k,3u8k_426,2.850,-2.377379,-2.296115
3u8k,3u8k_444,4.190,-2.092913,-1.570558
3u8k,3u8k_448,0.910,-1.661934,-1.899660
3u8k,3u8k_456,1.730,-1.326707,-2.521778
3u8k,3u8k_463,4.100,-2.205044,-3.157937
3u8k,3u8k_475,3.020,-2.160622,-2.613305
3u8k,3u8k_479,0.770,-1.378746,-2.145594
3u8k,3u8k_481,3.030,-2.522130,-3.247690
3u8k,3u8k_494,3.050,-2.187570,-2.437216
3u8k,3u8k_499,3.040,-2.433066,-2.013591
3u8k,3u8k_512,1.940,-1.353140,-2.164331
3u8k,3u8k_524,6.370,-5.965018,-2.906227
3u8k,3u8k_529,5.300,-4.212876,-2.138770
3u8k,3u8k_532,6.530,-6.691823,-2.619989
3u8k,3u8k_537,1.660,-2.145870,-2.595173
3u8k,3u8k_544,5.270,-4.133173,-3.041986
3u8k,3u8k_549,6.340,-5.261086,-3.588307
3u8k,3u8k_550,4.780,-3.278363,-2.417820
3u8k,3u8k_551,1.960,-2.130738,-1.487641
3u8k,3u8k_556,4.940,-4.224999,-1.807927
3u8k,3u8k_557,5.050,-3.462438,-2.523414
3u8k,3u8k_561,6.530,-5.884092,-2.133557
3u8k,3u8k_563,2.350,-2.678572,-2.682066
3u8k,3u8k_564,4.380,-2.795182,-2.848330
3u8k,3u8k_568,5.170,-4.187507,-1.908871
3u8k,3u8k_569,2.530,-0.873342,-2.010970
3u8k,3u8k_573,5.720,-5.072601,-2.782264
3u8k,3u8k_575,6.170,-4.745222,-2.976259
3u8k,3u8k_579,5.640,-4.197544,-3.472735
3u8k,3u8k_584,4.590,-2.103358,-2.175504
3u8k,3u8k_587,3.450,-2.887103,-1.796409
3u8k,3u8k_588,5.190,-5.609730,-2.835054
3u8k,3u8k_589,2.120,-1.939950,-2.454101
3u8k,3u8k_593,5.380,-4.694627,-2.311241
3u8k,3u8k_594,2.230,-1.786041,-1.829727
3u8k,3u8k_607,1.810,-1.618675,-2.058748
3u8k,3u8k_612,0.970,-0.955592,-1.638424
3u8k,3u8k_619,3.770,-1.575350,-1.605192
3u8k,3u8k_631,5.920,-4.107094,-2.227635
3u8k,3u8k_650,3.820,-1.873662,-1.549363
3u8k,3u8k_680,4.220,-1.650020,-2.170678
3u8k,3u8k_682,1.030,-1.047723,-2.218500
3u8k,3u8k_683,3.430,-3.070414,-1.995764
3u8k,3u8k_689,6.290,-4.688945,-4.091110
3u8k,3u8k_717,0.600,-1.432772,-1.903510
3u8k,3u8k_723,0.800,-1.289644,-1.266080
3u8k,3u8k_748,6.110,-4.846508,-3.100213
3u8k,3u8k_756,6.660,-6.578983,-1.684929
3u8k,3u8k_765,6.840,-6.085108,-2.871706
3u8k,3u8k_771,3.790,-1.501104,-2.329458
3u8k,3u8k_773,7.540,-7.951143,-2.627933
3u8k,3u8k_775,4.060,-2.332423,-2.045296
3u8k,3u8k_776,1.700,-2.045152,-1.680402
3u8k,3u8k_777,6.000,-4.926833,-2.935567
3u8k,3u8k_780,7.800,-7.815555,-3.069435
3u8k,3u8k_782,4.490,-4.394207,-3.204596
3u8k,3u8k_784,3.560,-2.642477,-1.708161
3u8k,3u8k_787,6.560,-6.321343,-4.105879
3u8k,3u8k_796,2.100,-1.585618,-3.109794
3u8k,3u8k_797,2.250,-1.920142,-3.163301
3u8k,3u8k_799,2.820,-2.012659,-1.942714
3u8k,3u8k_800,4.100,-3.990189,-3.895570
3u8k,3u8k_830,0.520,-1.056435,-2.203934
3u8n,3u8n_441,1.020,-0.671385,-1.740754
3u8n,3u8n_443,3.050,-1.034803,-2.593283
3u8n,3u8n_464,2.120,-2.677420,-2.730521
3u8n,3u8n_468,0.940,-0.753959,-1.804564
3u8n,3u8n_471,4.340,-2.360352,-2.446552
3u8n,3u8n_477,2.010,-0.908667,-1.937254
3u8n,3u8n_482,3.230,-1.650167,-2.259471
3u8n,3u8n_498,2.990,-1.691770,-1.644232
3u8n,3u8n_509,0.930,-0.951967,-1.638529
3u8n,3u8n_516,0.860,-0.990190,-2.186384
3u8n,3u8n_529,5.430,-5.770961,-2.964659
3u8n,3u8n_531,1.170,-0.884671,-2.325906
3u8n,3u8n_542,3.320,-3.237338,-2.482626
3u8n,3u8n_557,5.040,-3.542827,-3.543519
3u8n,3u8n_576,5.570,-4.612921,-2.559711
3u8n,3u8n_581,0.780,-1.155951,-1.597829
3u8n,3u8n_622,3.550,-3.511186,-2.211829
3u8n,3u8n_648,1.270,-1.562021,-1.729824
3u8n,3u8n_662,3.080,-1.855627,-2.077016
3u8n,3u8n_675,3.010,-2.105297,-3.074804
3u8n,3u8n_691,4.240,-1.580718,-2.737039
3u8n,3u8n_693,1.320,-1.441029,-2.505726
3u8n,3u8n_704,3.200,-2.614760,-2.272107
3u8n,3u8n_713,0.720,-0.681066,-2.233199
3u8n,3u8n_718,3.230,-2.569008,-2.539390
3u8n,3u8n_724,4.940,-4.682174,-2.943476
3u8n,3u8n_733,5.070,-4.729939,-1.926657
3u8n,3u8n_735,5.620,-5.477391,-2.255879
3u8n,3u8n_763,4.300,-0.701129,-1.970220
3u8n,3u8n_764,4.950,-3.304721,-2.367641
3u8n,3u8n_773,4.730,-2.284084,-2.435905
3u8n,3u8n_774,5.590,-6.299368,-3.112712
3u8n,3u8n_778,2.760,-1.916894,-1.666902
3u8n,3u8n_779,5.360,-3.312941,-2.422603
3u8n,3u8n_780,4.780,-1.819605,-2.053850
3u8n,3u8n_784,4.620,-1.535603,-2.093792
3u8n,3u8n_785,2.580,-1.226914,-2.444519
3u8n,3u8n_787,1.860,-1.773630,-1.886130
3u8n,3u8n_788,4.960,-4.266414,-2.063464
3u8n,3u8n_789,5.070,-2.255334,-2.281807
3u8n,3u8n_790,3.840,-2.737478,-2.452343
3u8n,3u8n_791,6.300,-6.347277,-3.412584
3u8n,3u8n_792,2.730,-2.022203,-1.866170
3u8n,3u8n_794,4.600,-2.112289,-2.504735
3u8n,3u8n_798,5.250,-5.382586,-2.914103
3u8n,3u8n_816,0.420,-0.695100,-2.126853
3u8n,3u8n_822,0.750,-0.625593,-2.132457
3u8n,3u8n_850,1.250,-1.028286,-2.079417
3u8n,3u8n_869,2.660,-0.546480,-1.862203
3u8n,3u8n_874,2.850,-1.271433,-2.713039
3u8n,3u8n_893,5.280,-4.851810,-2.387579
3u8n,3u8n_894,1.230,-0.842660,-3.197499
3u8n,3u8n_915,0.860,-0.576876,-1.566993
3u8n,3u8n_928,0.840,-0.238276,-1.854082
3u8n,3u8n_929,1.030,-0.508469,-1.932526
3u8n,3u8n_963,0.880,-0.766631,-1.714407
3u8n,3u8n_971,3.330,-2.860423,-2.460702
3u8n,3u8n_974,2.520,-0.837791,-2.197277
3u8n,3u8n_981,1.320,-0.859474,-1.387285
3u8n,3u8n_991,1.970,-1.901650,-2.026826
3u8n,3u8n_998,2.120,-2.097902,-2.291223
3u9q,3u9q_133,0.930,-0.208036,-2.226594
3u9q,3u9q_158,0.700,-0.313162,-3.216201
3u9q,3u9q_22,5.570,-0.808082,-2.979135
3u9q,3u9q_234,0.970,-0.232802,-1.873142
3u9q,3u9q_238,0.910,-0.247574,-1.689744
3u9q,3u9q_252,1.270,-0.944061,-2.413887
3u9q,3u9q_268,0.570,-0.212022,-2.207854
3u9q,3u9q_273,1.250,-0.396607,-3.012143
3u9q,3u9q_278,0.780,-0.161912,-1.817592
3u9q,3u9q_282,0.910,-1.027838,-2.992380
3u9q,3u9q_286,1.340,-0.463938,-1.891496
3u9q,3u9q_291,0.890,-0.517554,-2.202175
3u9q,3u9q_355,5.570,-0.598072,-3.060414
3u9q,3u9q_363,4.040,-4.039515,-2.482436
3u9q,3u9q_386,1.390,-0.494794,-2.466178
3u9q,3u9q_407,2.020,-0.844111,-3.085934
3u9q,3u9q_416,0.880,-0.436386,-2.711513
3u9q,3u9q_421,1.320,-0.588107,-2.701088
3u9q,3u9q_426,1.270,-0.616765,-3.434253
3u9q,3u9q_451,1.140,-0.965224,-3.263406
3u9q,3u9q_458,6.120,-3.770536,-3.650009
3u9q,3u9q_476,6.160,-4.028691,-4.645885
3u9q,3u9q_477,6.380,-2.907724,-3.995315
3u9q,3u9q_480,4.980,-4.957617,-3.073578
3u9q,3u9q_509,3.880,-4.000257,-3.409616
3u9q,3u9q_53,5.700,-5.997824,-4.087693
3u9q,3u9q_539,2.600,-2.272876,-3.952174
3u9q,3u9q_540,3.010,-2.682451,-3.457873
3u9q,3u9q_546,5.090,-5.824601,-3.593053
3u9q,3u9q_559,2.030,-1.748387,-2.621306
3u9q,3u9q_562,4.810,-5.480861,-2.374733
3u9q,3u9q_576,3.910,-3.453216,-4.406928
3u9q,3u9q_602,4.730,-4.396835,-2.996727
3u9q,3u9q_606,4.880,-4.425786,-3.047256
3u9q,3u9q_619,3.600,-4.305100,-4.646372
3u9q,3u9q_621,1.910,-1.272168,-2.855056
3u9q,3u9q_623,4.130,-3.721826,-3.357449
3u9q,3u9q_629,4.510,-4.712046,-3.097801
3u9q,3u9q_630,3.090,-3.276189,-4.147924
3u9q,3u9q_633,2.070,-1.123807,-4.107739
3u9q,3u9q_639,4.270,-3.924446,-4.330526
3u9q,3u9q_640,2.420,-1.067663,-2.735582
3u9q,3u9q_645,2.020,-1.317346,-2.269079
3u9q,3u9q_656,3.920,-3.831175,-3.416935
3u9q,3u9q_658,5.780,-5.875343,-4.370932
3u9q,3u9q_663,4.850,-5.523081,-2.786233
3u9q,3u9q_669,4.220,-3.676505,-3.696864
3u9q,3u9q_680,5.980,-6.261242,-6.020864
3u9q,3u9q_682,5.680,-2.174227,-3.377577
3u9q,3u9q_696,3.510,-3.452907,-2.229155
3u9q,3u9q_750,6.070,-1.218704,-4.409142
3u9q,3u9q_753,2.900,-2.303719,-4.692399
3u9q,3u9q_756,5.460,-1.259771,-3.636352
3u9q,3u9q_760,6.230,-5.746765,-3.276475
3u9q,3u9q_773,6.010,-0.966833,-3.965337
3u9q,3u9q_778,6.090,-3.589569,-3.556464
3u9q,3u9q_783,6.100,-3.535318,-4.196068
3u9q,3u9q_784,3.670,-3.151991,-4.083659
3u9q,3u9q_788,6.140,-3.051353,-5.453955
3u9q,3u9q_793,5.050,-5.003381,-2.822185
3u9q,3u9q_794,5.730,-4.735426,-3.752187
3u9q,3u9q_810,1.550,-0.738811,-2.125782
3u9q,3u9q_860,2.350,-1.551754,-3.846063
3u9q,3u9q_867,1.930,-0.776272,-3.139283
3u9q,3u9q_877,6.010,-1.073207,-4.204895
3u9q,3u9q_883,2.850,-1.636841,-4.001772
3u9q,3u9q_890,4.000,-4.019487,-5.067851
3u9q,3u9q_91,0.910,-0.332309,-2.310205
3u9q,3u9q_938,3.510,-2.647915,-3.467053
3u9q,3u9q_971,2.480,-0.959044,-2.574967
3udh,3udh_118,1.990,-1.408970,-4.152385
3udh,3udh_121,0.510,-0.249993,-3.490447
3udh,3udh_130,0.860,-0.236144,-4.266094
3udh,3udh_234,0.420,-0.263900,-4.158618
3udh,3udh_30,0.500,-0.216488,-4.124357
3udh,3udh_318,6.600,-6.827067,-6.268465
3udh,3udh_347,0.320,-0.327045,-3.334799
3udh,3udh_359,0.140,-0.332106,-3.242256
3udh,3udh_392,0.650,-0.198848,-3.270927
3udh,3udh_405,3.830,-0.738801,-4.163285
3udh,3udh_411,1.690,-0.527629,-4.725773
3udh,3udh_413,1.540,-0.436946,-4.619106
3udh,3udh_418,1.200,-0.512081,-4.207429
3udh,3udh_420,0.960,-0.335560,-3.337227
3udh,3udh_444,1.070,-0.632358,-4.671704
3udh,3udh_453,1.210,-0.510883,-4.373108
3udh,3udh_459,1.490,-0.774340,-5.367446
3udh,3udh_460,3.350,-1.672143,-4.825413
3udh,3udh_462,4.430,-1.048588,-4.145241
3udh,3udh_464,4.240,-2.312799,-5.185061
3udh,3udh_477,1.400,-0.910689,-4.032731
3udh,3udh_481,2.730,-1.057154,-5.233597
3udh,3udh_491,4.060,-2.894448,-6.734712
3udh,3udh_499,4.200,-3.097726,-3.541741
3udh,3udh_50,0.500,-0.372405,-3.775366
3udh,3udh_500,2.050,-1.786482,-5.589386
3udh,3udh_519,1.610,-1.199597,-4.423193
3udh,3udh_523,2.020,-1.340589,-5.698082
3udh,3udh_527,5.040,-2.974676,-5.525882
3udh,3udh_528,3.500,-1.721468,-3.560307
3udh,3udh_543,3.970,-3.545928,-5.551844
3udh,3udh_549,2.730,-1.369119,-5.146657
3udh,3udh_566,3.100,-1.941071,-5.499906
3udh,3udh_570,3.750,-2.283840,-4.372983
3udh,3udh_579,2.690,-1.424779,-4.922695
3udh,3udh_581,4.040,-3.732774,-5.896728
3udh,3udh_588,3.850,-3.390846,-5.816095
3udh,3udh_596,2.720,-1.212496,-3.999009
3udh,3udh_634,5.360,-4.983833,-6.131119
3udh,3udh_638,3.180,-2.130723,-5.441263
3udh,3udh_651,3.050,-2.231246,-4.571303
3udh,3udh_670,1.910,-0.610055,-4.239704
3udh,3udh_672,3.530,-3.000204,-4.447401
3udh,3udh_679,2.280,-1.414975,-3.865865
3udh,3udh_685,2.090,-1.152022,-3.630738
3udh,3udh_686,4.840,-3.318534,-6.384346
3udh,3udh_694,4.680,-3.601269,-5.636791
3udh,3udh_712,6.320,-6.422361,-6.916690
3udh,3udh_72,0.430,-0.425618,-3.766365
3udh,3udh_725,7.020,-5.743308,-8.036816
3udh,3udh_735,7.040,-5.577106,-7.512965
3udh,3udh_738,6.310,-6.392043,-5.416685
3udh,3udh_743,5.950,-5.145312,-7.550987
3udh,3udh_746,7.320,-6.999415,-6.679043
3udh,3udh_752,6.810,-5.165439,-4.644313
3udh,3udh_759,7.090,-6.609477,-5.565841
3udh,3udh_768,5.080,-3.468387,-6.157389
3udh,3udh_780,5.730,-4.498239,-5.305697
3udh,3udh_783,6.680,-5.357985,-6.881971
3udh,3udh_785,6.070,-5.794595,-6.531001
3udh,3udh_797,6.060,-4.845798,-6.692682
3udh,3udh_799,5.150,-3.559826,-5.224907
3udh,3udh_800,6.450,-5.253042,-6.453362
3udh,3udh_823,2.720,-1.075493,-5.052241
3udh,3udh_825,7.570,-7.937816,-5.776364
3udh,3udh_829,7.250,-7.666745,-6.559590
3udh,3udh_832,4.970,-4.441201,-5.219938
3udh,3udh_834,7.520,-7.943191,-6.021324
3udh,3udh_835,5.010,-3.778511,-5.127346
3udh,3udh_837,4.910,-3.631562,-7.240925
3udh,3udh_843,5.720,-5.349485,-6.567115
3udh,3udh_861,5.310,-5.146068,-6.056919
3udh,3udh_885,5.180,-3.386999,-5.530555
3udh,3udh_895,7.170,-6.411696,-6.688707
3udh,3udh_899,7.190,-6.451897,-6.627218
3udh,3udh_926,6.270,-6.107458,-5.788187
3udh,3udh_930,4.770,-2.087458,-4.759527
3udh,3udh_957,2.500,-1.823980,-5.753136
3udh,3udh_997,6.110,-5.921039,-5.536954
3ueu,3ueu_1000,3.190,-1.751332,-3.144095
3ueu,3ueu_120,2.100,-1.094664,-2.190021
3ueu,3ueu_147,1.790,-0.607749,-2.223098
3ueu,3ueu_173,2.400,-2.296811,-2.486331
3ueu,3ueu_202,1.770,-1.524568,-2.229791
3ueu,3ueu_213,4.750,-2.261712,-2.316273
3ueu,3ueu_22,1.880,-0.869212,-2.330865
3ueu,3ueu_224,7.090,-1.827942,-2.066546
3ueu,3ueu_230,5.950,-3.106324,-2.497801
3ueu,3ueu_235,7.100,-2.870229,-1.999876
3ueu,3ueu_24,1.510,-0.341310,-1.791384
3ueu,3ueu_241,6.720,-1.051270,-1.567176
3ueu,3ueu_244,2.010,-1.785602,-2.147007
3ueu,3ueu_247,6.910,-0.903510,-1.618691
3ueu,3ueu_268,6.980,-3.637244,-2.257160
3ueu,3ueu_271,6.890,-2.432570,-1.908898
3ueu,3ueu_280,5.030,-3.040800,-2.219498
3ueu,3ueu_286,7.280,-2.467798,-1.840894
3ueu,3ueu_287,6.740,-3.674344,-1.996592
3ueu,3ueu_291,7.010,-1.404500,-1.646515
3ueu,3ueu_31,1.710,-0.804361,-2.078299
3ueu,3ueu_315,1.000,-0.306872,-1.576296
3ueu,3ueu_328,0.950,-0.194104,-1.847660
3ueu,3ueu_36,0.930,-0.516030,-1.581120
3ueu,3ueu_37,0.860,-0.728017,-2.016888
3ueu,3ueu_392,0.880,-0.401528,-1.851934
3ueu,3ueu_425,1.510,-1.411729,-1.707280
3ueu,3ueu_434,4.370,-2.657799,-2.169953
3ueu,3ueu_435,4.850,-1.182623,-3.789771
3ueu,3ueu_437,2.010,-1.301813,-2.286962
3ueu,3ueu_438,1.140,-1.394075,-2.284837
3ueu,3ueu_441,3.960,-2.320679,-2.593117
3ueu,3ueu_447,3.200,-2.303289,-3.247345
3ueu,3ueu_450,2.440,-1.709493,-2.563408
3ueu,3ueu_451,4.530,-2.484304,-2.812999
3ueu,3ueu_454,5.970,-0.441798,-2.491748
3ueu,3ueu_463,4.620,-3.062640,-2.958801
3ueu,3ueu_465,3.960,-2.206331,-1.983851
3ueu,3ueu_487,4.030,-2.153980,-3.365993
3ueu,3ueu_489,4.470,-2.432531,-2.277557
3ueu,3ueu_490,6.350,-1.658006,-2.209298
3ueu,3ueu_497,1.270,-1.311577,-2.089828
3ueu,3ueu_514,5.910,-1.192020,-1.889158
3ueu,3ueu_52,0.870,-0.584240,-1.874566
3ueu,3ueu_527,2.480,-1.622017,-2.260930
3ueu,3ueu_535,5.960,-1.837880,-2.800866
3ueu,3ueu_549,2.160,-1.245920,-3.108057
3ueu,3ueu_550,3.530,-2.167467,-4.035489
3ueu,3ueu_551,5.880,-1.087708,-2.771424
3ueu,3ueu_564,3.180,-2.134062,-3.453668
3ueu,3ueu_565,2.460,-1.176791,-2.415724
3ueu,3ueu_570,6.070,-0.953931,-1.688781
3ueu,3ueu_574,2.210,-1.077185,-2.775323
3ueu,3ueu_577,7.930,-6.313081,-3.240597
3ueu,3ueu_578,6.200,-3.277074,-3.191917
3ueu,3ueu_58,1.170,-0.449172,-2.014406
3ueu,3ueu_587,4.940,-5.304214,-3.868751
3ueu,3ueu_592,6.490,-1.160334,-2.363673
3ueu,3ueu_604,4.600,-2.837144,-3.041844
3ueu,3ueu_619,3.800,-2.185781,-3.220337
3ueu,3ueu_620,7.270,-6.203466,-2.998799
3ueu,3ueu_621,7.520,-3.547704,-2.882018
3ueu,3ueu_652,5.020,-4.036328,-2.605104
3ueu,3ueu_655,5.330,-4.670346,-2.958491
3ueu,3ueu_666,2.920,-1.325783,-1.898763
3ueu,3ueu_667,5.960,-5.600728,-2.512289
3ueu,3ueu_67,0.950,-1.035304,-1.538511
3ueu,3ueu_670,5.540,-1.521949,-2.568736
3ueu,3ueu_678,3.960,-2.163555,-2.649433
3ueu,3ueu_694,7.120,-3.177634,-3.073856
3ueu,3ueu_8,1.170,-0.550971,-2.192714
3ueu,3ueu_830,3.370,-1.415485,-2.556254
3ueu,3ueu_836,7.070,-2.891084,-3.262610
3ueu,3ueu_84,0.920,-0.185681,-1.775449
3ueu,3ueu_91,0.930,-0.207408,-1.039923
3ueu,3ueu_937,6.650,-3.186476,-3.326863
3ueu,3ueu_962,4.150,-2.569640,-2.324064
3ueu,3ueu_972,7.440,-2.301841,-2.041266
3ueu,3ueu_996,3.020,-1.477394,-2.459715
3uev,3uev_117,2.310,-0.706706,-1.887646
3uev,3uev_178,1.730,-0.400743,-1.669478
3uev,3uev_194,1.980,-0.463600,-1.784629
3uev,3uev_233,6.980,-0.834592,-1.695697
3uev,3uev_236,1.300,-0.237633,-1.745166
3uev,3uev_249,2.630,-1.792069,-2.243298
3uev,3uev_266,6.950,-0.539549,-1.381989
3uev,3uev_272,6.900,-1.082087,-1.730227
3uev,3uev_277,7.020,-0.562165,-1.691815
3uev,3uev_290,1.470,-0.487451,-2.556229
3uev,3uev_36,3.230,-1.899276,-1.980484
3uev,3uev_37,3.130,-1.749937,-2.394638
3uev,3uev_420,8.130,-1.817345,-2.669123
3uev,3uev_444,3.270,-1.546176,-3.031082
3uev,3uev_451,7.050,-2.991437,-2.041134
3uev,3uev_452,6.570,-1.602719,-2.315681
3uev,3uev_455,7.110,-2.299580,-2.796037
3uev,3uev_456,3.720,-1.924378,-2.703763
3uev,3uev_464,5.050,-3.264132,-3.488711
3uev,3uev_465,4.090,-2.856789,-3.147823
3uev,3uev_467,4.010,-2.212703,-2.618618
3uev,3uev_474,7.220,-2.542770,-2.063143
3uev,3uev_475,7.710,-1.705688,-2.366018
3uev,3uev_483,4.100,-3.439462,-3.054513
3uev,3uev_488,4.040,-3.298308,-3.425165
3uev,3uev_509,6.240,-2.060332,-3.222825
3uev,3uev_544,3.090,-1.790949,-2.823722
3uev,3uev_561,4.100,-3.335165,-3.550598
3uev,3uev_566,4.440,-4.342032,-3.079123
3uev,3uev_569,4.020,-3.481652,-2.447700
3uev,3uev_573,4.390,-3.399348,-4.449513
3uev,3uev_575,6.630,-4.373593,-3.310624
3uev,3uev_580,5.780,-1.049792,-2.204613
3uev,3uev_583,7.980,-5.325672,-3.136051
3uev,3uev_585,1.810,-1.507975,-2.491980
3uev,3uev_590,6.490,-3.708571,-2.460689
3uev,3uev_591,5.350,-4.754797,-3.087432
3uev,3uev_592,4.470,-2.861544,-2.924338
3uev,3uev_598,6.400,-2.447290,-2.689887
3uev,3uev_603,1.940,-1.163414,-2.475327
3uev,3uev_611,2.020,-0.809226,-2.618689
3uev,3uev_619,3.060,-2.246256,-2.263580
3uev,3uev_62,2.820,-2.178778,-2.497551
3uev,3uev_621,1.840,-0.952576,-2.910722
3uev,3uev_645,5.550,-5.256244,-3.385285
3uev,3uev_655,4.500,-6.996195,-2.626052
3uev,3uev_659,2.410,-1.857073,-3.446089
3uev,3uev_661,2.710,-2.054469,-3.011780
3uev,3uev_666,3.200,-2.191210,-2.697531
3uev,3uev_673,5.980,-5.593349,-3.039206
3uev,3uev_675,2.080,-2.164019,-2.606645
3uev,3uev_684,6.200,-8.349938,-2.807744
3uev,3uev_695,6.480,-7.604937,-2.556895
3uev,3uev_700,1.000,-0.589086,-2.269759
3uev,3uev_72,1.310,-0.309582,-2.112938
3uev,3uev_731,7.140,-0.572225,-1.935136
3uev,3uev_749,2.370,-0.919882,-2.223123
3uev,3uev_766,3.830,-2.718953,-3.621470
3uev,3uev_778,2.140,-1.235269,-3.311840
3uev,3uev_793,7.190,-1.770177,-2.173542
3uev,3uev_794,1.480,-0.979017,-2.211948
3uev,3uev_80,3.160,-1.909829,-2.129350
3uev,3uev_800,7.190,-1.617224,-2.965913
3uev,3uev_830,2.530,-1.048655,-2.827171
3uev,3uev_937,7.080,-1.337705,-2.640532
3uev,3uev_957,1.540,-1.046207,-2.140949
3uev,3uev_975,3.070,-1.683165,-2.346708
3uew,3uew_161,2.040,-0.730590,-1.604371
3uew,3uew_211,7.990,-1.556194,-2.054394
3uew,3uew_224,8.520,-1.195549,-1.781742
3uew,3uew_229,9.010,-1.719961,-1.806906
3uew,3uew_243,2.650,-0.793981,-1.619670
3uew,3uew_249,7.620,-0.757822,-1.975501
3uew,3uew_255,1.340,-0.808820,-1.477369
3uew,3uew_281,8.200,-0.888009,-1.698630
3uew,3uew_282,1.090,-0.949594,-1.692673
3uew,3uew_290,1.640,-1.119934,-1.479145
3uew,3uew_352,1.560,-0.326101,-2.158998
3uew,3uew_404,2.970,-2.504668,-2.438189
3uew,3uew_409,3.550,-2.325000,-2.687461
3uew,3uew_415,7.090,-4.670881,-3.715789
3uew,3uew_423,7.410,-3.730088,-2.946897
3uew,3uew_431,4.630,-3.503887,-2.189856
3uew,3uew_433,5.410,-2.081630,-4.252095
3uew,3uew_436,1.840,-1.114496,-2.647448
3uew,3uew_439,3.780,-2.765025,-3.057166
3uew,3uew_444,5.520,-3.579283,-3.727703
3uew,3uew_446,4.700,-3.038784,-2.814831
3uew,3uew_450,5.470,-3.645503,-3.874861
3uew,3uew_451,2.270,-0.587230,-2.392294
3uew,3uew_454,4.020,-3.068476,-2.276378
3uew,3uew_456,5.470,-4.625380,-3.262706
3uew,3uew_458,9.150,-6.343240,-2.743398
3uew,3uew_467,3.870,-2.305111,-3.002712
3uew,3uew_471,3.080,-2.314143,-2.985222
3uew,3uew_474,5.550,-5.049985,-2.749914
3uew,3uew_475,4.360,-2.200259,-2.637810
3uew,3uew_477,9.260,-3.456345,-2.437785
3uew,3uew_481,5.160,-2.661925,-2.533099
3uew,3uew_482,9.940,-3.224738,-2.200339
3uew,3uew_484,8.510,-3.502413,-4.808806
3uew,3uew_487,3.350,-1.993930,-2.378927
3uew,3uew_488,4.780,-3.020438,-2.406118
3uew,3uew_489,6.990,-2.287034,-2.332163
3uew,3uew_493,7.770,-4.285891,-3.259812
3uew,3uew_495,5.320,-3.195546,-2.648615
3uew,3uew_508,5.170,-2.723014,-1.959106
3uew,3uew_515,8.530,-3.403194,-2.843743
3uew,3uew_520,6.150,-3.168820,-2.133830
3uew,3uew_533,6.910,-3.802713,-2.829550
3uew,3uew_537,4.040,-4.803476,-3.076902
3uew,3uew_545,8.880,-2.684447,-2.314360
3uew,3uew_555,6.780,-1.303520,-2.275861
3uew,3uew_558,4.090,-1.848900,-2.128105
3uew,3uew_564,5.730,-2.829212,-3.276644
3uew,3uew_566,5.150,-2.665581,-2.227037
3uew,3uew_575,6.710,-2.741465,-3.548490
3uew,3uew_582,7.000,-2.434742,-2.706338
3uew,3uew_583,7.180,-3.813216,-2.791181
3uew,3uew_587,7.130,-3.882991,-3.059052
3uew,3uew_588,6.830,-1.254985,-2.758498
3uew,3uew_595,7.920,-3.247457,-3.516336
3uew,3uew_603,2.270,-2.249757,-2.910112
3uew,3uew_612,9.730,-3.509273,-2.955936
3uew,3uew_613,1.760,-1.176926,-2.404474
3uew,3uew_624,1.570,-1.351217,-2.874478
3uew,3uew_644,8.060,-5.060856,-2.575600
3uew,3uew_649,3.120,-2.187850,-3.303957
3uew,3uew_65,1.640,-0.983165,-2.216827
3uew,3uew_663,3.860,-4.413269,-2.508431
3uew,3uew_664,7.970,-4.153474,-2.742747
3uew,3uew_666,2.110,-0.886987,-3.112938
3uew,3uew_670,7.260,-1.381410,-2.378751
3uew,3uew_672,2.440,-1.047258,-1.989210
3uew,3uew_675,8.980,-3.357909,-2.454967
3uew,3uew_681,6.130,-1.658473,-4.107021
3uew,3uew_686,4.860,-2.687990,-2.145059
3uew,3uew_697,6.040,-4.127045,-2.513243
3uew,3uew_7,3.570,-1.390295,-1.575019
3uew,3uew_700,9.840,-2.957912,-2.427172
3uew,3uew_735,4.100,-2.494478,-2.518954
3uew,3uew_740,4.070,-3.329962,-4.071108
3uew,3uew_751,3.130,-1.227024,-3.345109
3uew,3uew_757,8.120,-2.622560,-3.145036
3uew,3uew_759,1.490,-0.922122,-2.538963
3uew,3uew_780,3.150,-1.733876,-2.245093
3uew,3uew_787,8.270,-3.050320,-2.973125
3uew,3uew_790,2.410,-1.810423,-2.189153
3uew,3uew_803,2.060,-1.105251,-2.608818
3uew,3uew_844,1.970,-1.054373,-2.641351
3uew,3uew_880,2.550,-1.788665,-3.010324
3uew,3uew_919,8.160,-4.733892,-3.281008
3uex,3uex_1000,4.080,-3.405007,-2.570194
3uex,3uex_102,1.870,-0.577698,-2.023975
3uex,3uex_12,0.960,-0.386868,-1.517558
3uex,3uex_187,2.310,-0.984480,-2.091715
3uex,3uex_203,6.830,-1.620797,-2.199513
3uex,3uex_212,1.280,-0.838865,-1.527372
3uex,3uex_224,1.690,-1.212662,-2.179701
3uex,3uex_227,0.730,-0.695860,-1.698475
3uex,3uex_244,7.330,-3.592786,-2.600274
3uex,3uex_247,0.930,-0.637916,-1.652787
3uex,3uex_25,3.550,-3.005720,-2.634642
3uex,3uex_254,7.590,-1.012404,-1.563107
3uex,3uex_255,4.270,-4.314476,-2.838165
3uex,3uex_267,0.950,-0.519515,-1.451184
3uex,3uex_276,0.640,-0.417747,-1.581643
3uex,3uex_292,0.700,-0.606563,-1.703840
3uex,3uex_299,1.520,-0.611028,-2.008631
3uex,3uex_401,6.990,-3.154100,-2.883360
3uex,3uex_409,3.350,-2.319384,-2.349762
3uex,3uex_411,8.710,-2.798553,-3.086063
3uex,3uex_413,3.650,-3.537258,-2.259669
3uex,3uex_419,8.430,-2.349619,-2.468632
3uex,3uex_420,5.880,-1.343331,-2.957961
3uex,3uex_424,6.620,-1.879182,-2.996237
3uex,3uex_425,5.430,-2.510037,-3.312620
3uex,3uex_444,7.890,-2.879126,-3.051363
3uex,3uex_447,8.540,-3.542359,-2.281895
3uex,3uex_452,8.210,-1.390070,-3.422356
3uex,3uex_458,6.490,-3.196868,-3.284962
3uex,3uex_476,7.170,-2.457536,-2.798340
3uex,3uex_482,8.060,-3.769016,-2.391039
3uex,3uex_483,8.360,-2.493159,-2.210210
3uex,3uex_485,4.180,-3.226083,-2.727838
3uex,3uex_491,6.770,-2.017837,-2.783601
3uex,3uex_493,4.280,-4.819804,-2.910464
3uex,3uex_498,7.580,-3.065018,-3.486414
3uex,3uex_499,8.180,-3.590133,-2.474368
3uex,3uex_508,2.080,-0.975404,-2.104767
3uex,3uex_517,7.120,-3.576031,-2.374700
3uex,3uex_521,7.350,-1.550904,-2.788891
3uex,3uex_522,7.500,-1.183514,-1.911651
3uex,3uex_542,3.050,-2.122346,-2.813161
3uex,3uex_56,0.940,-0.334227,-1.988688
3uex,3uex_562,4.150,-3.980816,-2.886956
3uex,3uex_566,3.410,-4.209787,-2.153288
3uex,3uex_576,2.700,-1.938774,-2.520126
3uex,3uex_581,3.720,-3.735865,-2.278178
3uex,3uex_585,1.660,-2.003790,-1.854495
3uex,3uex_588,6.750,-8.370066,-2.615574
3uex,3uex_627,5.280,-6.883371,-3.152350
3uex,3uex_63,0.960,-0.720725,-2.165600
3uex,3uex_630,2.820,-3.403924,-3.644039
3uex,3uex_640,4.720,-4.896895,-2.920666
3uex,3uex_648,2.550,-1.312911,-2.818188
3uex,3uex_652,6.950,-3.624768,-3.377645
3uex,3uex_657,4.860,-1.952039,-3.111404
3uex,3uex_660,2.670,-2.161916,-2.649512
3uex,3uex_667,5.440,-6.523625,-2.984510
3uex,3uex_668,6.630,-7.622250,-3.106420
3uex,3uex_678,3.620,-1.947311,-2.680819
3uex,3uex_688,4.030,-1.925869,-2.368598
3uex,3uex_690,7.920,-4.137284,-2.748002
3uex,3uex_693,2.380,-2.183544,-2.293426
3uex,3uex_696,1.970,-1.746589,-3.601431
3uex,3uex_697,6.760,-1.797343,-2.874726
3uex,3uex_733,1.900,-1.511175,-2.374511
3uex,3uex_743,4.160,-2.497871,-2.243574
3uex,3uex_748,7.410,-2.044413,-2.099734
3uex,3uex_76,1.000,-0.857119,-2.063702
3uex,3uex_764,3.690,-2.714557,-2.538094
3uex,3uex_772,3.040,-1.314071,-2.744371
3uex,3uex_775,2.570,-1.402472,-2.447310
3uex,3uex_778,6.940,-6.964047,-2.861647
3uex,3uex_782,3.200,-1.384541,-1.907701
3uex,3uex_794,2.690,-1.846920,-2.511614
3uex,3uex_815,2.560,-1.273272,-2.759776
3uex,3uex_836,1.980,-1.099783,-1.840447
3uex,3uex_859,4.650,-2.069331,-1.681363
3uex,3uex_90,1.270,-0.559682,-1.776946
3uex,3uex_94,1.360,-0.567317,-1.920746
3uex,3uex_98,0.990,-0.658625,-1.818082
3ui7,3ui7_133,0.500,-0.819036,-4.124820
3ui7,3ui7_138,1.260,-0.854460,-4.420616
3ui7,3ui7_151,2.900,-1.264323,-3.718752
3ui7,3ui7_16,0.630,-0.732634,-3.331759
3ui7,3ui7_208,0.630,-0.550083,-4.639644
3ui7,3ui7_227,0.530,-0.395881,-4.181410
3ui7,3ui7_240,5.410,-3.362661,-4.737445
3ui7,3ui7_282,0.500,-0.582953,-3.817294
3ui7,3ui7_287,1.010,-0.711672,-4.251210
3ui7,3ui7_333,0.450,-0.425852,-3.684541
3ui7,3ui7_335,0.900,-0.992804,-4.177044
3ui7,3ui7_408,2.960,-1.241467,-4.041437
3ui7,3ui7_424,2.280,-1.233368,-4.006722
3ui7,3ui7_445,1.210,-1.291289,-4.872984
3ui7,3ui7_459,1.310,-1.518476,-4.039384
3ui7,3ui7_47,3.280,-0.646939,-4.293976
3ui7,3ui7_471,5.380,-5.787912,-5.215332
3ui7,3ui7_494,3.820,-1.335413,-5.514821
3ui7,3ui7_533,5.440,-3.551725,-5.584377
3ui7,3ui7_545,1.390,-1.146062,-4.047221
3ui7,3ui7_552,7.070,-6.586298,-6.183068
3ui7,3ui7_562,8.020,-7.960053,-5.731565
3ui7,3ui7_565,7.150,-5.633449,-5.372153
3ui7,3ui7_577,8.050,-7.851913,-6.288493
3ui7,3ui7_578,7.620,-7.913487,-6.885403
3ui7,3ui7_586,7.680,-7.488411,-6.542268
3ui7,3ui7_606,8.410,-8.345923,-6.097347
3ui7,3ui7_625,8.060,-8.233440,-5.625984
3ui7,3ui7_630,7.020,-8.237853,-5.390358
3ui7,3ui7_635,6.050,-6.030275,-6.642690
3ui7,3ui7_638,8.130,-8.247607,-6.285903
3ui7,3ui7_648,2.680,-1.536197,-4.633609
3ui7,3ui7_651,2.930,-1.992911,-4.259719
3ui7,3ui7_655,8.620,-8.339406,-6.670925
3ui7,3ui7_659,8.530,-8.218310,-6.301131
3ui7,3ui7_664,7.490,-6.604936,-6.011333
3ui7,3ui7_673,6.440,-6.175613,-6.010199
3ui7,3ui7_675,2.080,-1.043458,-4.160456
3ui7,3ui7_683,1.560,-0.779821,-3.561250
3ui7,3ui7_690,9.100,-8.344697,-5.356042
3ui7,3ui7_696,1.660,-1.140005,-4.437851
3ui7,3ui7_697,7.370,-6.453510,-5.595285
3ui7,3ui7_703,3.300,-3.095521,-5.008595
3ui7,3ui7_714,4.050,-2.698967,-4.496008
3ui7,3ui7_718,3.440,-1.475129,-3.988825
3ui7,3ui7_719,5.000,-3.779038,-5.918907
3ui7,3ui7_721,5.460,-3.610284,-5.654574
3ui7,3ui7_730,3.790,-1.136111,-5.133468
3ui7,3ui7_732,6.180,-6.037085,-6.946363
3ui7,3ui7_735,5.920,-5.251984,-6.192411
3ui7,3ui7_753,6.260,-6.283260,-6.070948
3ui7,3ui7_759,8.010,-7.902072,-6.493946
3ui7,3ui7_760,4.670,-3.360366,-5.598840
3ui7,3ui7_762,6.740,-7.302086,-6.151087
3ui7,3ui7_767,4.320,-1.950158,-3.982696
3ui7,3ui7_772,7.820,-7.303230,-6.279513
3ui7,3ui7_774,4.310,-2.166391,-4.898766
3ui7,3ui7_776,6.360,-5.989578,-6.906167
3ui7,3ui7_782,5.350,-3.686975,-6.018796
3ui7,3ui7_784,5.140,-2.992240,-4.452923
3ui7,3ui7_786,5.640,-4.668812,-6.196958
3ui7,3ui7_790,6.630,-6.966825,-6.180293
3ui7,3ui7_795,6.220,-5.561576,-6.365640
3ui7,3ui7_797,4.110,-1.624067,-5.399010
3ui7,3ui7_818,3.350,-2.371754,-4.437656
3ui7,3ui7_826,4.450,-3.162866,-4.979102
3ui7,3ui7_840,5.910,-6.098348,-6.115125
3ui7,3ui7_843,4.060,-1.914669,-5.978357
3ui7,3ui7_859,3.970,-1.986668,-4.112862
3ui7,3ui7_860,7.450,-6.811748,-6.810113
3ui7,3ui7_861,3.740,-2.204245,-4.442780
3ui7,3ui7_864,4.140,-1.656535,-5.362882
3ui7,3ui7_877,6.700,-5.283511,-5.947546
3ui7,3ui7_878,2.710,-1.879199,-3.970148
3ui7,3ui7_883,4.340,-4.339586,-5.335237
3ui7,3ui7_898,7.040,-7.214592,-6.700981
3ui7,3ui7_90,3.110,-1.775598,-4.056622
3ui7,3ui7_900,1.000,-1.051826,-4.225246
3ui7,3ui7_907,0.960,-0.930307,-4.487132
3ui7,3ui7_911,1.010,-1.017618,-4.303914
3ui7,3ui7_922,1.650,-1.546677,-4.030018
3ui7,3ui7_932,2.320,-2.355823,-4.383728
3ui7,3ui7_933,1.710,-0.880189,-4.323003
3ui7,3ui7_934,2.920,-0.876907,-3.505988
3ui7,3ui7_942,3.050,-0.825649,-3.969167
3ui7,3ui7_956,0.600,-0.925285,-4.550003
3ui7,3ui7_970,6.890,-7.515792,-6.533844
3ui7,3ui7_993,2.890,-1.372159,-4.018487
3ui7,3ui7_995,5.360,-3.072418,-5.865435
3uo4,3uo4_137,3.780,-0.750679,-3.055058
3uo4,3uo4_203,2.070,-0.847655,-2.918675
3uo4,3uo4_239,5.260,-1.172814,-3.453077
3uo4,3uo4_25,0.930,-0.643671,-3.030102
3uo4,3uo4_260,1.060,-0.387833,-2.430918
3uo4,3uo4_273,0.670,-0.803112,-2.281422
3uo4,3uo4_274,0.860,-0.749351,-2.952000
3uo4,3uo4_282,0.710,-0.531824,-2.926402
3uo4,3uo4_289,0.560,-0.688251,-3.155149
3uo4,3uo4_293,5.460,-1.354910,-3.766064
3uo4,3uo4_329,0.430,-0.570339,-3.193021
3uo4,3uo4_33,1.690,-0.498169,-3.801996
3uo4,3uo4_343,0.540,-0.525541,-2.510341
3uo4,3uo4_346,6.370,-3.333098,-3.886388
3uo4,3uo4_357,1.400,-0.515827,-2.860055
3uo4,3uo4_360,6.860,-4.514165,-3.409014
3uo4,3uo4_374,0.270,-0.535799,-2.672528
3uo4,3uo4_381,3.110,-1.446975,-2.725934
3uo4,3uo4_383,7.060,-4.829517,-3.399370
3uo4,3uo4_386,3.330,-1.300978,-2.291761
3uo4,3uo4_388,0.960,-0.417651,-3.524462
3uo4,3uo4_422,5.780,-2.181854,-3.720419
3uo4,3uo4_430,3.850,-1.726297,-3.423078
3uo4,3uo4_435,6.070,-4.598413,-4.156597
3uo4,3uo4_446,1.830,-0.448793,-2.928058
3uo4,3uo4_451,7.060,-4.999551,-4.433546
3uo4,3uo4_453,6.360,-3.514930,-3.466952
3uo4,3uo4_462,7.660,-5.316246,-3.426656
3uo4,3uo4_476,7.180,-5.221646,-4.288581
3uo4,3uo4_477,5.270,-2.868087,-3.789667
3uo4,3uo4_485,7.120,-5.505147,-4.722758
3uo4,3uo4_488,5.510,-1.962807,-4.246000
3uo4,3uo4_511,1.750,-1.164714,-3.322235
3uo4,3uo4_517,2.000,-1.217530,-3.775000
3uo4,3uo4_518,1.740,-1.423373,-3.037405
3uo4,3uo4_521,2.170,-2.056539,-4.378017
3uo4,3uo4_531,2.020,-1.192025,-2.748152
3uo4,3uo4_533,1.570,-1.492393,-4.164909
3uo4,3uo4_555,5.010,-4.451953,-4.286266
3uo4,3uo4_562,6.540,-4.594497,-4.387354
3uo4,3uo4_565,6.050,-3.196009,-4.161856
3uo4,3uo4_566,5.690,-1.987363,-3.582572
3uo4,3uo4_567,5.000,-1.722275,-3.320789
3uo4,3uo4_568,2.950,-1.603308,-3.680634
3uo4,3uo4_569,6.980,-4.187868,-4.035237
3uo4,3uo4_571,3.480,-2.347900,-3.321969
3uo4,3uo4_583,5.380,-1.412546,-3.367268
3uo4,3uo4_584,4.600,-1.043390,-3.830345
3uo4,3uo4_59,4.310,-1.356649,-3.203774
3uo4,3uo4_595,3.240,-2.074397,-4.104279
3uo4,3uo4_596,4.680,-3.071673,-3.515724
3uo4,3uo4_605,3.490,-2.446531,-3.636776
3uo4,3uo4_609,1.540,-1.494497,-3.093838
3uo4,3uo4_646,1.420,-1.636909,-2.699969
3uo4,3uo4_647,3.750,-3.091048,-3.404408
3uo4,3uo4_658,3.210,-2.364094,-3.310214
3uo4,3uo4_660,2.950,-2.317043,-3.498490
3uo4,3uo4_669,2.180,-2.011169,-3.131761
3uo4,3uo4_677,2.720,-2.592685,-3.284248
3uo4,3uo4_678,4.380,-3.998560,-3.920229
3uo4,3uo4_679,4.730,-2.927589,-5.075891
3uo4,3uo4_688,3.020,-0.739601,-3.378661
3uo4,3uo4_690,2.870,-2.641041,-4.041568
3uo4,3uo4_691,2.290,-1.476155,-3.230421
3uo4,3uo4_695,4.080,-2.764054,-3.936535
3uo4,3uo4_696,2.770,-2.272205,-3.640667
3uo4,3uo4_698,6.060,-3.067743,-3.823740
3uo4,3uo4_710,0.520,-0.822536,-2.497676
3uo4,3uo4_737,8.010,-6.429824,-4.255347
3uo4,3uo4_747,7.800,-5.689736,-4.147339
3uo4,3uo4_749,6.140,-4.398531,-3.655046
3uo4,3uo4_750,7.240,-4.644128,-3.819635
3uo4,3uo4_754,7.280,-5.508719,-3.585395
3uo4,3uo4_8,4.970,-1.454232,-3.371619
3uo4,3uo4_820,4.300,-3.156729,-3.517586
3uo4,3uo4_822,9.000,-7.950945,-4.398112
3uo4,3uo4_825,6.030,-5.588048,-4.234758
3uo4,3uo4_831,8.010,-6.429824,-4.255347
3uo4,3uo4_837,7.080,-7.177023,-4.489386
3uo4,3uo4_844,5.810,-5.127312,-3.985390
3uo4,3uo4_845,7.270,-5.972039,-3.767678
3uo4,3uo4_848,8.070,-6.673501,-4.066154
3uo4,3uo4_89,5.660,-2.231050,-3.473373
3uo4,3uo4_942,4.620,-1.942259,-3.658474
3uo4,3uo4_950,9.000,-7.950945,-4.398112
3up2,3up2_100,1.980,-0.770218,-3.059868
3up2,3up2_106,1.290,-0.335370,-2.950885
3up2,3up2_112,6.080,-1.460346,-3.632913
3up2,3up2_113,5.550,-2.165830,-4.035245
3up2,3up2_156,6.720,-2.126484,-2.459197
3up2,3up2_160,5.630,-1.151926,-3.429010
3up2,3up2_167,6.950,-1.275005,-4.084795
3up2,3up2_168,5.030,-0.847979,-3.541178
3up2,3up2_189,1.020,-0.481014,-3.509682
3up2,3up2_194,7.820,-5.268949,-3.468704
3up2,3up2_198,2.370,-0.548305,-3.252604
3up2,3up2_206,7.050,-1.872418,-3.052477
3up2,3up2_220,0.500,-0.467158,-2.876440
3up2,3up2_231,0.820,-0.220155,-3.388431
3up2,3up2_238,0.570,-0.372292,-2.670794
3up2,3up2_247,6.930,-1.506380,-2.990740
3up2,3up2_276,1.090,-0.322053,-2.528057
3up2,3up2_29,0.800,-0.368404,-3.213061
3up2,3up2_291,3.380,-0.930903,-3.531734
3up2,3up2_302,0.700,-0.399522,-3.709230
3up2,3up2_310,7.230,-4.557101,-4.661940
3up2,3up2_334,0.540,-0.421436,-3.588006
3up2,3up2_340,4.890,-2.769216,-3.281931
3up2,3up2_345,0.940,-0.381604,-3.446795
3up2,3up2_349,4.980,-1.993339,-3.756664
3up2,3up2_358,4.710,-3.170327,-4.047844
3up2,3up2_363,3.700,-1.270083,-4.075818
3up2,3up2_385,6.920,-3.752569,-3.533082
3up2,3up2_4,0.670,-0.572607,-2.973977
3up2,3up2_40,0.300,-0.337518,-3.172904
3up2,3up2_400,2.370,-0.495605,-3.572249
3up2,3up2_401,5.990,-1.527627,-2.945969
3up2,3up2_413,3.060,-1.359048,-3.404054
3up2,3up2_421,2.730,-1.238302,-3.864550
3up2,3up2_430,6.270,-1.526287,-3.703605
3up2,3up2_434,7.070,-3.854399,-3.571213
3up2,3up2_435,5.840,-2.566201,-3.173528
3up2,3up2_440,4.800,-2.400241,-4.205087
3up2,3up2_446,5.710,-2.786141,-3.411794
3up2,3up2_463,4.990,-1.039877,-3.015696
3up2,3up2_464,1.910,-1.102710,-3.669019
3up2,3up2_499,3.720,-2.656269,-4.331863
3up2,3up2_510,1.660,-1.966086,-3.541771
3up2,3up2_515,4.160,-1.864874,-3.566148
3up2,3up2_518,3.490,-1.323477,-4.644935
3up2,3up2_520,2.600,-1.090743,-3.930787
3up2,3up2_530,6.920,-2.374023,-3.562362
3up2,3up2_532,2.920,-1.779044,-3.655460
3up2,3up2_533,2.710,-1.746190,-2.569362
3up2,3up2_536,6.080,-2.743043,-3.745523
3up2,3up2_539,1.670,-1.328019,-3.862004
3up2,3up2_543,7.590,-4.143860,-3.343939
3up2,3up2_551,4.560,-3.609626,-3.791880
3up2,3up2_555,3.570,-1.927008,-4.580379
3up2,3up2_565,5.760,-0.754694,-4.047520
3up2,3up2_569,5.020,-2.974061,-3.603232
3up2,3up2_570,5.730,-1.485233,-3.837322
3up2,3up2_579,7.120,-3.562720,-3.587228
3up2,3up2_58,0.480,-0.586879,-3.115512
3up2,3up2_581,4.940,-1.644219,-3.607053
3up2,3up2_584,5.840,-3.065837,-4.000591
3up2,3up2_585,3.700,-2.180182,-3.394869
3up2,3up2_593,7.050,-2.356812,-3.264040
3up2,3up2_594,7.550,-2.557214,-3.748835
3up2,3up2_596,4.850,-2.532436,-3.955411
3up2,3up2_60,1.150,-0.461457,-2.695139
3up2,3up2_605,1.490,-1.692383,-3.488453
3up2,3up2_613,1.400,-1.358542,-3.432082
3up2,3up2_617,4.310,-2.863039,-4.061923
3up2,3up2_624,3.100,-2.264354,-4.375358
3up2,3up2_631,2.880,-1.553535,-3.346636
3up2,3up2_633,6.580,-2.039479,-3.622887
3up2,3up2_639,2.080,-1.211572,-3.492285
3up2,3up2_641,2.780,-0.781604,-3.330941
3up2,3up2_649,2.940,-2.348206,-3.416852
3up2,3up2_665,7.150,-2.595818,-3.974437
3up2,3up2_673,7.520,-3.018277,-3.707385
3up2,3up2_676,8.760,-5.550845,-4.023836
3up2,3up2_682,3.700,-2.818051,-3.266385
3up2,3up2_696,3.910,-1.212095,-4.397197
3up2,3up2_859,6.360,-3.596388,-4.265653
3uri,3uri_177,7.050,-8.455501,-2.650626
3uri,3uri_183,6.030,-8.447726,-3.160264
3uri,3uri_186,8.250,-8.453866,-2.997002
3uri,3uri_197,3.260,-8.449150,-3.173041
3uri,3uri_203,4.690,-8.449656,-2.892105
3uri,3uri_204,8.410,-8.458728,-3.145336
3uri,3uri_209,4.360,-8.448682,-2.450209
3uri,3uri_210,5.980,-8.447927,-3.134391
3uri,3uri_211,5.370,-8.460709,-3.195110
3uri,3uri_213,5.160,-8.452050,-3.153629
3uri,3uri_221,3.240,-8.443538,-3.040249
3uri,3uri_223,9.190,-8.459432,-3.322550
3uri,3uri_228,9.380,-8.466559,-3.250355
3uri,3uri_23,6.840,-8.465034,-3.400553
3uri,3uri_230,5.320,-8.443262,-3.112639
3uri,3uri_232,6.610,-8.446539,-2.623530
3uri,3uri_240,8.310,-8.465161,-3.207447
3uri,3uri_245,4.740,-8.445691,-2.820031
3uri,3uri_246,6.350,-8.451231,-3.434178
3uri,3uri_247,4.730,-8.450026,-2.956462
3uri,3uri_248,7.750,-8.454342,-2.988398
3uri,3uri_253,3.630,-8.437861,-3.272731
3uri,3uri_254,3.760,-8.445588,-2.925548
3uri,3uri_255,4.710,-8.452289,-3.223985
3uri,3uri_256,6.030,-8.444680,-2.741803
3uri,3uri_258,5.990,-8.454166,-3.077352
3uri,3uri_265,6.400,-8.444727,-3.108961
3uri,3uri_267,5.790,-8.448988,-2.445616
3uri,3uri_268,4.940,-8.451850,-3.152647
3uri,3uri_270,8.100,-8.461466,-2.797506
3uri,3uri_271,7.150,-8.454782,-2.652354
3uri,3uri_275,7.700,-8.447853,-3.326283
3uri,3uri_285,4.310,-8.451756,-2.581665
3uri,3uri_289,7.230,-8.450195,-3.119844
3uri,3uri_292,3.380,-8.445809,-2.511102
3uri,3uri_294,6.590,-8.455491,-2.849300
3uri,3uri_296,3.840,-8.442587,-3.158196
3uri,3uri_319,5.610,-8.462400,-2.867096
3uri,3uri_353,9.580,-8.464321,-3.302061
3uri,3uri_365,9.590,-8.457456,-2.910488
3uri,3uri_367,9.320,-8.456553,-2.818307
3uri,3uri_371,5.840,-8.449977,-2.901403
3uri,3uri_372,3.510,-8.454768,-2.947771
3uri,3uri_376,9.030,-8.451540,-3.207067
3uri,3uri_385,8.400,-8.457687,-3.306337
3uri,3uri_394,8.440,-8.471214,-3.001310
3uri,3uri_417,4.960,-8.448290,-3.181575
3uri,3uri_439,5.760,-8.444382,-2.766932
3uri,3uri_442,7.700,-8.451221,-2.722559
3uri,3uri_448,7.840,-8.441257,-2.568116
3uri,3uri_46,8.840,-8.466235,-2.991718
3uri,3uri_476,9.240,-8.450522,-3.034701
3uri,3uri_487,4.810,-8.436573,-3.005611
3uri,3uri_528,6.720,-8.455110,-2.970771
3uri,3uri_574,7.860,-8.450371,-3.175106
3uri,3uri_597,9.460,-8.454059,-3.032262
3uri,3uri_633,9.600,-8.438800,-3.379017
3uri,3uri_657,9.250,-8.454829,-2.934076
3uri,3uri_668,8.760,-8.449638,-3.115255
3uri,3uri_683,8.910,-8.459080,-3.479256
3uri,3uri_701,6.230,-8.446333,-3.291244
3uri,3uri_722,3.950,-8.448648,-2.905838
3uri,3uri_725,2.760,-8.456758,-2.761384
3uri,3uri_797,6.440,-8.442616,-3.440351
3uri,3uri_806,7.020,-8.451676,-3.060811
3uri,3uri_833,8.360,-8.450054,-3.374754
3uri,3uri_847,3.500,-8.445844,-2.871516
3uri,3uri_859,4.610,-8.447122,-3.131414
3uri,3uri_866,5.080,-8.446917,-3.486711
3uri,3uri_880,2.760,-8.456758,-2.761384
3uri,3uri_882,3.970,-8.447891,-3.122820
3uri,3uri_90,7.970,-8.457655,-3.041518
3utu,3utu_102,6.300,-5.481073,-4.634118
3utu,3utu_109,8.950,-5.309175,-4.655001
3utu,3utu_129,8.110,-5.708051,-4.745764
3utu,3utu_132,6.540,-5.277319,-4.706197
3utu,3utu_148,8.120,-7.305901,-4.138676
3utu,3utu_154,7.140,-5.694092,-4.457526
3utu,3utu_162,4.190,-4.243830,-4.256922
3utu,3utu_164,7.500,-6.294385,-4.440699
3utu,3utu_166,7.080,-6.746902,-4.804203
3utu,3utu_170,7.690,-5.267503,-4.579629
3utu,3utu_180,1.510,-0.694978,-4.868378
3utu,3utu_183,8.150,-8.214572,-5.363152
3utu,3utu_185,6.620,-5.509699,-4.556720
3utu,3utu_192,6.300,-4.348504,-4.593184
3utu,3utu_2,6.870,-4.576309,-4.741629
3utu,3utu_200,7.930,-8.327703,-5.229459
3utu,3utu_202,2.460,-1.869088,-4.654374
3utu,3utu_203,3.040,-3.222319,-4.941719
3utu,3utu_209,1.710,-1.042611,-4.989896
3utu,3utu_211,0.980,-0.883331,-4.318702
3utu,3utu_213,6.060,-3.030493,-4.334747
3utu,3utu_220,2.940,-3.029590,-4.680354
3utu,3utu_221,1.550,-1.356185,-5.016648
3utu,3utu_233,5.730,-3.713226,-4.628636
3utu,3utu_237,0.900,-0.492537,-4.884849
3utu,3utu_241,1.070,-0.451240,-4.853517
3utu,3utu_243,7.760,-7.617568,-5.211509
3utu,3utu_249,8.070,-6.117299,-4.420631
3utu,3utu_250,0.960,-0.456311,-4.582899
3utu,3utu_253,3.070,-1.923547,-4.402557
3utu,3utu_255,1.750,-1.694594,-4.619039
3utu,3utu_271,2.280,-2.056338,-4.636574
3utu,3utu_283,0.920,-0.719540,-4.456390
3utu,3utu_300,0.980,-0.524811,-4.526628
3utu,3utu_321,5.480,-4.191270,-4.407956
3utu,3utu_33,9.120,-7.482675,-4.627733
3utu,3utu_340,8.600,-7.756836,-4.629598
3utu,3utu_349,6.770,-6.755374,-4.729180
3utu,3utu_36,5.600,-5.724931,-4.733419
3utu,3utu_374,0.450,-0.877974,-4.407801
3utu,3utu_409,4.740,-3.172149,-4.601811
3utu,3utu_422,4.850,-2.436975,-3.977546
3utu,3utu_433,4.360,-2.436128,-4.258783
3utu,3utu_436,6.540,-3.588668,-4.545757
3utu,3utu_473,9.130,-8.299416,-3.935988
3utu,3utu_474,3.920,-2.080111,-4.265329
3utu,3utu_475,2.700,-2.260636,-3.987853
3utu,3utu_491,8.010,-7.950864,-3.827499
3utu,3utu_50,6.650,-4.741680,-4.695936
3utu,3utu_532,9.710,-8.245591,-4.124207
3utu,3utu_537,9.390,-8.246348,-4.047831
3utu,3utu_570,3.620,-4.088111,-4.490542
3utu,3utu_578,8.480,-8.159738,-3.752893
3utu,3utu_58,9.830,-8.348349,-4.250500
3utu,3utu_593,4.980,-3.877001,-4.693840
3utu,3utu_599,9.830,-8.382281,-4.006157
3utu,3utu_6,9.380,-8.048831,-4.447373
3utu,3utu_606,5.740,-5.359970,-4.331101
3utu,3utu_61,9.060,-4.561591,-4.691632
3utu,3utu_620,9.440,-8.308451,-3.517628
3utu,3utu_640,4.730,-5.793226,-4.001783
3utu,3utu_683,6.180,-6.773784,-4.326956
3utu,3utu_687,7.380,-4.200383,-3.706967
3utu,3utu_691,9.630,-8.370034,-3.908007
3utu,3utu_701,1.310,-1.123008,-4.145103
3utu,3utu_705,2.870,-1.923132,-4.286345
3utu,3utu_712,3.930,-3.277689,-4.393718
3utu,3utu_713,1.970,-1.983713,-4.168647
3utu,3utu_722,2.590,-1.914626,-4.374707
3utu,3utu_725,1.880,-1.797247,-4.128006
3utu,3utu_730,1.710,-1.801033,-4.033876
3utu,3utu_741,2.730,-2.107445,-4.394170
3utu,3utu_747,5.240,-6.054311,-3.699166
3utu,3utu_75,8.600,-6.742450,-3.498100
3utu,3utu_751,2.260,-2.439114,-4.309738
3utu,3utu_759,2.780,-1.615254,-4.129635
3utu,3utu_767,1.930,-1.718007,-4.066278
3utu,3utu_775,3.040,-1.567358,-4.137991
3utu,3utu_777,3.490,-1.422556,-4.243373
3utu,3utu_778,3.330,-1.642842,-3.962835
3utu,3utu_78,8.380,-6.267593,-4.374683
3utu,3utu_781,3.340,-2.235567,-4.068767
3utu,3utu_785,4.040,-1.861227,-3.788957
3utu,3utu_797,5.090,-1.563681,-4.066842
3utu,3utu_805,4.930,-1.451303,-3.814935
3utu,3utu_84,5.600,-4.485387,-4.127135
3utu,3utu_840,7.170,-4.308245,-4.009363
3utu,3utu_843,4.460,-2.683735,-4.355593
3utu,3utu_844,2.500,-1.426108,-4.100781
3utu,3utu_86,7.220,-5.364358,-4.361825
3utu,3utu_94,7.440,-6.191288,-4.782665
3utu,3utu_963,3.260,-3.273869,-4.095683
3utu,3utu_978,4.560,-2.915512,-4.546470
3utu,3utu_985,5.760,-4.267318,-3.738540
3utu,3utu_994,5.760,-1.729015,-4.383016
3utu,3utu_995,5.230,-2.277270,-4.261145
3uuo,3uuo_14,1.100,-0.721927,-3.251907
3uuo,3uuo_181,0.980,-0.864887,-3.434682
3uuo,3uuo_187,0.770,-0.700859,-3.108906
3uuo,3uuo_212,0.710,-0.835928,-3.762637
3uuo,3uuo_247,0.640,-1.623848,-3.213890
3uuo,3uuo_249,9.110,-8.365879,-4.735458
3uuo,3uuo_267,1.310,-0.647330,-2.844375
3uuo,3uuo_269,7.310,-7.570594,-5.297986
3uuo,3uuo_274,1.030,-1.079755,-3.189178
3uuo,3uuo_420,0.940,-1.876389,-3.799779
3uuo,3uuo_430,6.050,-5.124225,-5.045787
3uuo,3uuo_440,4.050,-1.760210,-3.863320
3uuo,3uuo_447,2.630,-1.855695,-3.628757
3uuo,3uuo_456,3.790,-3.539285,-5.361688
3uuo,3uuo_471,5.310,-3.466288,-4.279429
3uuo,3uuo_497,4.960,-3.322530,-5.667252
3uuo,3uuo_503,7.160,-7.002041,-5.982243
3uuo,3uuo_522,7.320,-6.631519,-4.972388
3uuo,3uuo_523,7.420,-8.222354,-6.151797
3uuo,3uuo_525,5.310,-3.099743,-6.163107
3uuo,3uuo_526,6.020,-5.784097,-5.392730
3uuo,3uuo_528,7.000,-6.630378,-5.507094
3uuo,3uuo_543,5.950,-4.949156,-6.290371
3uuo,3uuo_546,6.610,-5.825740,-4.932182
3uuo,3uuo_550,5.320,-3.845016,-5.837085
3uuo,3uuo_556,7.270,-7.663104,-6.234595
3uuo,3uuo_567,5.870,-5.820747,-6.675485
3uuo,3uuo_568,6.080,-5.649539,-5.663151
3uuo,3uuo_571,1.490,-2.270431,-4.256958
3uuo,3uuo_582,7.940,-7.928198,-5.052587
3uuo,3uuo_588,6.170,-4.309019,-6.138201
3uuo,3uuo_590,1.480,-2.522799,-4.410185
3uuo,3uuo_593,1.500,-1.765584,-3.537799
3uuo,3uuo_607,5.700,-5.201032,-5.066926
3uuo,3uuo_609,4.400,-1.389570,-3.756032
3uuo,3uuo_614,8.390,-8.317253,-4.819416
3uuo,3uuo_619,4.560,-2.056885,-4.274695
3uuo,3uuo_625,5.930,-6.192495,-5.354041
3uuo,3uuo_628,7.910,-8.329103,-5.094544
3uuo,3uuo_635,7.120,-6.987090,-5.046035
3uuo,3uuo_636,2.130,-2.700498,-3.925109
3uuo,3uuo_645,1.680,-2.597395,-3.725944
3uuo,3uuo_668,3.640,-1.942345,-4.527696
3uuo,3uuo_669,2.340,-2.277678,-3.383027
3uuo,3uuo_674,7.910,-7.905181,-5.615427
3uuo,3uuo_677,2.680,-1.996674,-3.839669
3uuo,3uuo_695,4.720,-3.724241,-4.715215
3uuo,3uuo_7,0.740,-0.770618,-3.495534
3uuo,3uuo_709,0.600,-0.659003,-3.133508
3uuo,3uuo_711,0.550,-0.992089,-3.075206
3uuo,3uuo_712,0.600,-0.760203,-2.908847
3uuo,3uuo_721,2.920,-1.080663,-3.076055
3uuo,3uuo_724,1.300,-1.573475,-3.772386
3uuo,3uuo_726,3.010,-0.938759,-3.780777
3uuo,3uuo_734,5.860,-3.643904,-3.907099
3uuo,3uuo_739,4.310,-3.041471,-3.662735
3uuo,3uuo_744,3.720,-1.060704,-3.300564
3uuo,3uuo_752,2.970,-2.248645,-4.334212
3uuo,3uuo_757,4.770,-1.044849,-3.544903
3uuo,3uuo_759,4.920,-5.901480,-4.584290
3uuo,3uuo_772,2.520,-1.585739,-3.296251
3uuo,3uuo_777,3.640,-1.663832,-4.590438
3uuo,3uuo_781,3.680,-2.779039,-3.701105
3uuo,3uuo_783,5.890,-5.978119,-6.837091
3uuo,3uuo_799,6.710,-7.906167,-4.480051
3uuo,3uuo_815,1.650,-1.506327,-3.992537
3uuo,3uuo_842,3.780,-2.107594,-4.479800
3uuo,3uuo_843,2.440,-2.566948,-3.867203
3uuo,3uuo_849,7.310,-8.197147,-6.366469
3uuo,3uuo_850,6.470,-6.314197,-4.545910
3uuo,3uuo_865,6.810,-7.355477,-5.783265
3uuo,3uuo_871,3.830,-2.532275,-4.693403
3uuo,3uuo_881,3.770,-2.630034,-4.949135
3uuo,3uuo_888,5.200,-3.957217,-5.176137
3uuo,3uuo_889,2.940,-4.216767,-4.553664
3uuo,3uuo_890,3.380,-3.130695,-5.120349
3uuo,3uuo_892,6.860,-7.554157,-5.322165
3uuo,3uuo_943,0.690,-1.798838,-2.955380
3uuo,3uuo_952,2.930,-1.042278,-3.955235
3uuo,3uuo_968,4.240,-2.824364,-4.997501
3uuo,3uuo_981,1.660,-2.624787,-4.470815
3uuo,3uuo_982,4.040,-2.025750,-3.600382
3wtj,3wtj_134,1.050,-0.861258,-1.625463
3wtj,3wtj_157,0.600,-0.787482,-2.359261
3wtj,3wtj_184,0.940,-0.855571,-1.878613
3wtj,3wtj_222,1.050,-0.672529,-1.654248
3wtj,3wtj_240,1.640,-1.321822,-2.186484
3wtj,3wtj_258,0.930,-0.723525,-1.459966
3wtj,3wtj_307,0.380,-0.668922,-1.811413
3wtj,3wtj_328,0.310,-0.703171,-1.658090
3wtj,3wtj_4,6.270,-2.695761,-2.137709
3wtj,3wtj_404,0.740,-1.230562,-2.498525
3wtj,3wtj_454,2.330,-2.322535,-2.584342
3wtj,3wtj_467,2.690,-1.945928,-2.554949
3wtj,3wtj_485,3.050,-1.957412,-2.231864
3wtj,3wtj_500,5.660,-2.309858,-3.063372
3wtj,3wtj_507,6.130,-1.833279,-1.939400
3wtj,3wtj_542,5.860,-1.268030,-2.658952
3wtj,3wtj_544,1.190,-1.305450,-2.833807
3wtj,3wtj_547,6.340,-2.291774,-1.927269
3wtj,3wtj_566,1.000,-1.528538,-2.286976
3wtj,3wtj_572,6.800,-4.412160,-3.141222
3wtj,3wtj_615,0.840,-1.342948,-2.052318
3wtj,3wtj_628,2.710,-1.659055,-2.933827
3wtj,3wtj_633,6.050,-2.231010,-2.477197
3wtj,3wtj_640,6.070,-2.929342,-2.254453
3wtj,3wtj_643,2.080,-1.717059,-1.937701
3wtj,3wtj_648,1.130,-1.530748,-2.560799
3wtj,3wtj_653,3.060,-2.577180,-3.107965
3wtj,3wtj_659,6.120,-1.958379,-3.270271
3wtj,3wtj_660,1.730,-1.812238,-2.453493
3wtj,3wtj_663,5.620,-1.409166,-2.236711
3wtj,3wtj_674,2.950,-2.269767,-2.964133
3wtj,3wtj_678,3.030,-2.480962,-2.310329
3wtj,3wtj_682,5.200,-1.839173,-2.619820
3wtj,3wtj_683,2.190,-1.679792,-2.581388
3wtj,3wtj_686,5.670,-2.259398,-3.016475
3wtj,3wtj_688,5.980,-1.914446,-2.449847
3wtj,3wtj_689,6.370,-2.454082,-2.673062
3wtj,3wtj_696,2.750,-2.082072,-2.109487
3wtj,3wtj_698,5.950,-2.575904,-2.436155
3wtj,3wtj_740,2.100,-1.663447,-2.366179
3wtj,3wtj_746,1.920,-1.698029,-2.124360
3wtj,3wtj_755,3.430,-1.295438,-2.226044
3wtj,3wtj_756,3.440,-1.272147,-2.117016
3wtj,3wtj_759,3.120,-1.697923,-2.676643
3wtj,3wtj_762,1.540,-1.584696,-2.577607
3wtj,3wtj_764,2.790,-2.316827,-2.831648
3wtj,3wtj_766,3.590,-1.318774,-2.351002
3wtj,3wtj_767,3.020,-0.995768,-2.007171
3wtj,3wtj_768,2.240,-2.163785,-2.243427
3wtj,3wtj_770,6.700,-5.092837,-2.579940
3wtj,3wtj_771,3.020,-0.993150,-2.215055
3wtj,3wtj_774,5.200,-2.343926,-2.864023
3wtj,3wtj_779,1.710,-1.476580,-2.503779
3wtj,3wtj_780,6.600,-3.877050,-2.191217
3wtj,3wtj_781,3.100,-1.855763,-2.952039
3wtj,3wtj_783,5.440,-2.297286,-3.376478
3wtj,3wtj_785,5.180,-4.004952,-2.899245
3wtj,3wtj_962,1.020,-0.805949,-2.477922
3wtj,3wtj_976,0.530,-0.575957,-2.459579
3wtj,3wtj_979,0.560,-0.772946,-2.214666
3wz8,3wz8_109,1.660,-0.988184,-2.042518
3wz8,3wz8_124,1.800,-0.926140,-2.063011
3wz8,3wz8_136,2.140,-0.578950,-2.160026
3wz8,3wz8_145,2.950,-1.168927,-1.906006
3wz8,3wz8_154,2.730,-1.161352,-1.907376
3wz8,3wz8_243,1.320,-1.242103,-2.552066
3wz8,3wz8_296,2.670,-1.544540,-2.104014
3wz8,3wz8_313,3.890,-2.381876,-1.906117
3wz8,3wz8_316,7.030,-6.594109,-2.486612
3wz8,3wz8_318,2.230,-1.235341,-2.026878
3wz8,3wz8_323,7.380,-6.351932,-2.532953
3wz8,3wz8_326,8.120,-7.961440,-2.698843
3wz8,3wz8_338,1.110,-1.328931,-2.304937
3wz8,3wz8_364,2.740,-1.734255,-1.960251
3wz8,3wz8_371,0.830,-1.136217,-2.601556
3wz8,3wz8_376,0.840,-0.691771,-2.158065
3wz8,3wz8_380,1.120,-0.974394,-2.387225
3wz8,3wz8_391,0.960,-0.579417,-1.992757
3wz8,3wz8_4,8.050,-8.308252,-2.233792
3wz8,3wz8_413,4.530,-2.648994,-2.344526
3wz8,3wz8_418,4.250,-2.386925,-1.914632
3wz8,3wz8_455,3.700,-2.888437,-1.786729
3wz8,3wz8_462,5.080,-4.442019,-2.301839
3wz8,3wz8_474,4.300,-2.744104,-2.188336
3wz8,3wz8_479,4.920,-2.119040,-2.396471
3wz8,3wz8_484,4.240,-2.251633,-2.345401
3wz8,3wz8_492,4.100,-2.369764,-2.154719
3wz8,3wz8_505,9.210,-7.876282,-2.151892
3wz8,3wz8_507,4.340,-1.226552,-2.052413
3wz8,3wz8_510,3.970,-2.374784,-1.419744
3wz8,3wz8_513,7.010,-2.909677,-2.752643
3wz8,3wz8_514,6.220,-5.048797,-2.392300
3wz8,3wz8_524,7.340,-6.474535,-2.799712
3wz8,3wz8_527,8.230,-4.673341,-2.889957
3wz8,3wz8_529,6.310,-4.697923,-2.608325
3wz8,3wz8_534,6.650,-2.988854,-2.731673
3wz8,3wz8_542,6.930,-6.771193,-2.595271
3wz8,3wz8_544,8.740,-7.856848,-2.413407
3wz8,3wz8_546,3.940,-2.347153,-2.379511
3wz8,3wz8_549,9.330,-8.335325,-2.399406
3wz8,3wz8_554,5.050,-1.931532,-2.276668
3wz8,3wz8_557,5.390,-2.634693,-2.172768
3wz8,3wz8_558,8.600,-6.625288,-3.095496
3wz8,3wz8_559,9.420,-8.006438,-2.122781
3wz8,3wz8_566,3.580,-2.463735,-2.518103
3wz8,3wz8_568,8.910,-8.310800,-2.423230
3wz8,3wz8_569,8.070,-4.350223,-2.359885
3wz8,3wz8_570,8.630,-7.152053,-2.618476
3wz8,3wz8_572,7.120,-5.938158,-3.040419
3wz8,3wz8_573,3.420,-2.594494,-2.013146
3wz8,3wz8_582,7.770,-4.261025,-2.424289
3wz8,3wz8_588,6.970,-5.909408,-3.096987
3wz8,3wz8_596,8.630,-8.304561,-2.667799
3wz8,3wz8_600,5.260,-2.923297,-2.586964
3wz8,3wz8_604,2.950,-3.193620,-2.178826
3wz8,3wz8_614,5.610,-2.156706,-2.478264
3wz8,3wz8_617,6.140,-3.768516,-2.062714
3wz8,3wz8_623,7.330,-5.170915,-3.352212
3wz8,3wz8_627,6.350,-3.180877,-1.680217
3wz8,3wz8_631,5.010,-2.340593,-2.544046
3wz8,3wz8_633,7.090,-5.589805,-2.349751
3wz8,3wz8_641,2.810,-3.393011,-2.412676
3wz8,3wz8_642,5.890,-5.425356,-2.548294
3wz8,3wz8_645,5.630,-4.263483,-2.287693
3wz8,3wz8_651,6.420,-4.678396,-2.248774
3wz8,3wz8_657,7.570,-5.612214,-2.953186
3wz8,3wz8_659,4.870,-1.821440,-2.386128
3wz8,3wz8_667,4.120,-2.588915,-1.924928
3wz8,3wz8_670,5.110,-3.243396,-2.385512
3wz8,3wz8_671,6.740,-4.850661,-2.747750
3wz8,3wz8_680,4.680,-3.966583,-2.388520
3wz8,3wz8_684,5.030,-3.737942,-2.208499
3wz8,3wz8_686,8.730,-6.355446,-2.929711
3wz8,3wz8_688,3.730,-3.397523,-2.447796
3wz8,3wz8_695,6.530,-3.979121,-1.930116
3wz8,3wz8_700,3.740,-1.129583,-1.844660
3wz8,3wz8_705,1.120,-1.085498,-2.210111
3wz8,3wz8_713,1.750,-1.308082,-2.485289
3wz8,3wz8_721,2.520,-2.328543,-2.390437
3wz8,3wz8_782,7.800,-7.672466,-2.291665
3wz8,3wz8_86,2.100,-1.087652,-2.553175
3wz8,3wz8_946,3.670,-1.481477,-2.126989
3wz8,3wz8_965,3.670,-2.586643,-2.697784
3zdg,3zdg_100,0.850,-0.257643,-6.172624
3zdg,3zdg_141,2.050,-1.291337,-7.463149
3zdg,3zdg_232,2.090,-1.509522,-7.759040
3zdg,3zdg_237,1.730,-0.969867,-7.900037
3zdg,3zdg_266,1.480,-0.888431,-7.916594
3zdg,3zdg_286,2.010,-1.404937,-6.837020
3zdg,3zdg_300,1.850,-0.961695,-7.612503
3zdg,3zdg_32,0.880,-0.328772,-6.451424
3zdg,3zdg_425,3.760,-1.050093,-7.021339
3zdg,3zdg_43,0.660,-0.381218,-6.896139
3zdg,3zdg_466,4.040,-2.333064,-8.417570
3zdg,3zdg_499,3.690,-1.735564,-7.672281
3zdg,3zdg_509,5.870,-6.037344,-7.423612
3zdg,3zdg_52,0.560,-0.425455,-5.675171
3zdg,3zdg_532,3.490,-1.650466,-8.074299
3zdg,3zdg_538,5.190,-3.245809,-7.773518
3zdg,3zdg_542,5.490,-5.161980,-8.575954
3zdg,3zdg_556,6.030,-5.806650,-7.296440
3zdg,3zdg_574,5.630,-5.985189,-7.767206
3zdg,3zdg_600,4.160,-3.112719,-8.328369
3zdg,3zdg_653,4.040,-0.676920,-7.551362
3zdg,3zdg_660,4.120,-1.588832,-8.137658
3zdg,3zdg_705,0.380,-0.695295,-6.214258
3zdg,3zdg_738,2.040,-1.217307,-7.805136
3zdg,3zdg_753,2.200,-0.789094,-6.587260
3zdg,3zdg_758,2.330,-0.936154,-6.109479
3zdg,3zdg_764,4.040,-2.050470,-8.439709
3zdg,3zdg_765,3.660,-1.012234,-7.759933
3zdg,3zdg_767,2.250,-1.448780,-7.787774
3zdg,3zdg_774,4.460,-1.957475,-7.860363
3zdg,3zdg_778,3.800,-0.989981,-7.351573
3zdg,3zdg_780,4.020,-1.258673,-7.676054
3zdg,3zdg_787,3.600,-2.860513,-7.824931
3zdg,3zdg_788,3.890,-0.985416,-7.245689
3zdg,3zdg_790,1.850,-1.480134,-8.163532
3zdg,3zdg_792,1.530,-0.996285,-7.492608
3zdg,3zdg_793,4.010,-1.440091,-7.019619
3zdg,3zdg_797,1.800,-0.739205,-7.549997
3zdg,3zdg_798,3.950,-4.114763,-7.860399
3zdg,3zdg_799,1.440,-0.985103,-7.630862
3zdg,3zdg_803,2.030,-0.834705,-8.061831
3zdg,3zdg_804,1.490,-1.069241,-7.631513
3zdg,3zdg_811,0.590,-0.655731,-5.777382
3zdg,3zdg_842,0.860,-0.699707,-6.756961
3zdg,3zdg_862,2.410,-0.841522,-6.743658
3zdg,3zdg_868,3.560,-2.528207,-8.203701
3zdg,3zdg_883,5.090,-4.760636,-8.687715
3zdg,3zdg_890,1.760,-1.311110,-7.577020
3zdg,3zdg_896,1.660,-0.660201,-7.356377
3zdg,3zdg_9,0.710,-0.248070,-5.205181
3zdg,3zdg_903,0.510,-0.636339,-6.601175
3zdg,3zdg_911,5.270,-4.547218,-7.881662
3zdg,3zdg_929,1.000,-0.448703,-7.187141
3zdg,3zdg_961,2.230,-1.151379,-7.307226
3zdg,3zdg_994,3.810,-0.775252,-7.536519
3zso,3zso_124,7.080,-3.394936,-6.745201
3zso,3zso_139,4.840,-2.121662,-6.207910
3zso,3zso_140,6.810,-4.013273,-6.046514
3zso,3zso_148,5.330,-2.073044,-6.366330
3zso,3zso_201,5.440,-1.516310,-6.857380
3zso,3zso_217,6.290,-1.532164,-6.354876
3zso,3zso_221,3.480,-1.755794,-7.000813
3zso,3zso_224,4.240,-1.940340,-6.791114
3zso,3zso_23,8.700,-7.805908,-6.163005
3zso,3zso_233,7.440,-2.111082,-6.678092
3zso,3zso_240,7.290,-2.726724,-7.007040
3zso,3zso_241,5.570,-1.306058,-6.591777
3zso,3zso_250,7.670,-3.168857,-6.740949
3zso,3zso_251,4.950,-1.218843,-6.911543
3zso,3zso_255,5.310,-0.725709,-6.263590
3zso,3zso_263,6.430,-2.800472,-7.331995
3zso,3zso_266,3.290,-1.446738,-6.820926
3zso,3zso_269,4.260,-0.974510,-6.602587
3zso,3zso_275,4.280,-0.665771,-6.325924
3zso,3zso_282,9.060,-2.420196,-6.870515
3zso,3zso_285,8.460,-3.192354,-6.368251
3zso,3zso_287,8.720,-3.413143,-6.612649
3zso,3zso_288,5.260,-1.699702,-5.837760
3zso,3zso_293,4.750,-1.836291,-6.807016
3zso,3zso_295,5.300,-1.360815,-6.392971
3zso,3zso_325,8.390,-3.970725,-6.354782
3zso,3zso_33,8.520,-7.709834,-5.930478
3zso,3zso_350,7.680,-3.383358,-6.216682
3zso,3zso_351,6.920,-2.377222,-6.018764
3zso,3zso_353,4.860,-1.947825,-6.413942
3zso,3zso_387,6.480,-1.391153,-6.194234
3zso,3zso_394,5.380,-0.836921,-6.134255
3zso,3zso_397,6.270,-2.423100,-6.125422
3zso,3zso_410,2.120,-2.222371,-6.435590
3zso,3zso_423,3.930,-2.487602,-6.723464
3zso,3zso_46,6.430,-2.596749,-5.947835
3zso,3zso_499,8.120,-5.499894,-6.505406
3zso,3zso_532,3.840,-1.601021,-6.708237
3zso,3zso_545,7.260,-5.694043,-6.906627
3zso,3zso_573,8.210,-5.964355,-6.660389
3zso,3zso_584,8.510,-5.235924,-6.912660
3zso,3zso_585,7.270,-5.148637,-6.903114
3zso,3zso_587,8.820,-6.745408,-5.908904
3zso,3zso_595,7.030,-5.623038,-7.220588
3zso,3zso_6,2.780,-1.436905,-6.782782
3zso,3zso_608,5.050,-3.732918,-6.735999
3zso,3zso_648,6.310,-4.311979,-5.828484
3zso,3zso_652,6.940,-6.093107,-6.448747
3zso,3zso_653,6.910,-5.739494,-6.543224
3zso,3zso_662,3.680,-2.021361,-6.422217
3zso,3zso_676,5.420,-2.768750,-6.091374
3zso,3zso_686,2.620,-1.937372,-6.732131
3zso,3zso_738,5.270,-2.136670,-6.714837
3zso,3zso_799,1.590,-1.703514,-7.014943
3zso,3zso_810,1.740,-0.726420,-6.958237
3zso,3zso_818,2.150,-0.752122,-6.801664
3zso,3zso_84,7.570,-3.158247,-6.252315
3zso,3zso_847,3.060,-1.182816,-7.037638
3zso,3zso_866,3.710,-1.965847,-6.027439
3zso,3zso_87,7.280,-4.869117,-5.976890
3zso,3zso_871,3.610,-1.583894,-6.959573
3zso,3zso_894,4.580,-2.364623,-6.463637
3zso,3zso_898,2.080,-1.204850,-6.984150
3zso,3zso_899,1.990,-1.203264,-7.124723
3zso,3zso_902,1.590,-1.703514,-7.014943
3zso,3zso_910,2.050,-0.513197,-6.892044
3zso,3zso_920,1.740,-0.726420,-6.958237
3zso,3zso_923,2.490,-1.190788,-7.139870
3zso,3zso_925,2.950,-0.516831,-7.221345
3zso,3zso_93,4.400,-2.009200,-7.230635
3zso,3zso_933,2.030,-0.908001,-7.246166
3zso,3zso_94,8.760,-1.500294,-6.354209
3zso,3zso_959,2.910,-1.170470,-6.744481
3zso,3zso_980,3.670,-0.947666,-7.541466
3zso,3zso_988,3.550,-2.349856,-6.486515
3zso,3zso_994,4.790,-1.736698,-7.022084
3zsx,3zsx_113,8.160,-7.133056,-6.060689
3zsx,3zsx_136,8.480,-7.190471,-5.615509
3zsx,3zsx_138,5.010,-3.833870,-5.932194
3zsx,3zsx_175,8.790,-4.838862,-5.488034
3zsx,3zsx_20,7.410,-4.444032,-5.614100
3zsx,3zsx_201,5.280,-4.131999,-6.337075
3zsx,3zsx_21,8.810,-6.631836,-5.504656
3zsx,3zsx_210,3.970,-3.363613,-6.095953
3zsx,3zsx_213,3.610,-1.023062,-5.996225
3zsx,3zsx_217,3.310,-1.478550,-7.212546
3zsx,3zsx_226,7.410,-2.790268,-7.005121
3zsx,3zsx_229,3.970,-1.200767,-6.436710
3zsx,3zsx_230,1.770,-1.353825,-6.594017
3zsx,3zsx_231,4.550,-2.431259,-6.326667
3zsx,3zsx_235,3.840,-4.032730,-6.610328
3zsx,3zsx_237,5.240,-2.874918,-6.337605
3zsx,3zsx_240,4.520,-1.280643,-6.067594
3zsx,3zsx_247,3.230,-1.358809,-6.627999
3zsx,3zsx_253,5.120,-1.321680,-6.184006
3zsx,3zsx_254,1.500,-0.969591,-6.094874
3zsx,3zsx_26,7.610,-4.967853,-5.395546
3zsx,3zsx_262,4.370,-1.013988,-6.342023
3zsx,3zsx_274,4.100,-1.440748,-6.161717
3zsx,3zsx_282,2.380,-0.832724,-6.010426
3zsx,3zsx_293,1.230,-0.974824,-6.545902
3zsx,3zsx_3,9.560,-5.750176,-5.088950
3zsx,3zsx_318,9.850,-6.835435,-5.172728
3zsx,3zsx_32,9.630,-6.332475,-5.222052
3zsx,3zsx_326,9.730,-6.995273,-5.151529
3zsx,3zsx_329,3.510,-0.549434,-6.531665
3zsx,3zsx_337,4.350,-3.230601,-6.956494
3zsx,3zsx_345,4.810,-2.324767,-6.847189
3zsx,3zsx_359,8.580,-6.718558,-5.310898
3zsx,3zsx_374,8.510,-8.336488,-6.185153
3zsx,3zsx_379,3.950,-0.866485,-6.771374
3zsx,3zsx_395,9.510,-6.299258,-5.313264
3zsx,3zsx_4,7.930,-2.973223,-6.625378
3zsx,3zsx_40,8.760,-6.682506,-5.219362
3zsx,3zsx_408,6.210,-3.003723,-6.538996
3zsx,3zsx_419,7.930,-2.299674,-6.860974
3zsx,3zsx_436,6.600,-2.988759,-6.046350
3zsx,3zsx_456,6.130,-1.827543,-7.021787
3zsx,3zsx_46,4.940,-4.389865,-6.077728
3zsx,3zsx_487,7.300,-2.292348,-7.176608
3zsx,3zsx_495,5.660,-2.736403,-5.886396
3zsx,3zsx_51,8.550,-5.957508,-5.876920
3zsx,3zsx_52,9.740,-6.417192,-5.676378
3zsx,3zsx_524,6.830,-6.816267,-5.921208
3zsx,3zsx_537,2.770,-1.697344,-7.460295
3zsx,3zsx_545,7.040,-2.960354,-6.894169
3zsx,3zsx_556,5.680,-2.755427,-6.182400
3zsx,3zsx_568,6.690,-6.298700,-6.293044
3zsx,3zsx_569,7.980,-8.267433,-5.989717
3zsx,3zsx_576,5.010,-2.995974,-6.907395
3zsx,3zsx_582,4.110,-5.165766,-7.382415
3zsx,3zsx_585,5.070,-3.428584,-7.173733
3zsx,3zsx_586,7.400,-6.136049,-6.390560
3zsx,3zsx_599,7.730,-4.675609,-5.874171
3zsx,3zsx_608,2.750,-2.053035,-7.022995
3zsx,3zsx_628,5.070,-5.230642,-6.977190
3zsx,3zsx_636,6.070,-5.876772,-7.081068
3zsx,3zsx_637,6.100,-5.807921,-7.114594
3zsx,3zsx_667,2.910,-1.694822,-6.399968
3zsx,3zsx_674,6.170,-5.343950,-6.421906
3zsx,3zsx_677,9.510,-4.638993,-6.193239
3zsx,3zsx_684,5.650,-6.961904,-5.900671
3zsx,3zsx_713,2.750,-1.394046,-6.419429
3zsx,3zsx_714,1.130,-0.376855,-6.436916
3zsx,3zsx_74,8.700,-7.943766,-5.810855
3zsx,3zsx_741,1.640,-1.110283,-5.882712
3zsx,3zsx_749,3.260,-2.459193,-7.043484
3zsx,3zsx_75,9.390,-7.248324,-5.391938
3zsx,3zsx_759,2.200,-1.819162,-6.561564
3zsx,3zsx_76,6.170,-1.713406,-6.152663
3zsx,3zsx_773,2.650,-1.248204,-6.737286
3zsx,3zsx_774,2.890,-1.778031,-6.852941
3zsx,3zsx_776,3.720,-2.519678,-6.297878
3zsx,3zsx_780,2.240,-1.813999,-6.413599
3zsx,3zsx_79,6.540,-1.277892,-6.002670
3zsx,3zsx_791,4.560,-5.540034,-6.870932
3zsx,3zsx_80,9.760,-8.251367,-5.485034
3zsx,3zsx_859,1.540,-2.262904,-6.461511
3zsx,3zsx_90,8.710,-4.756885,-5.250364
3zsx,3zsx_908,1.960,-0.787599,-6.128664
3zsx,3zsx_91,9.480,-5.536150,-5.459378
3zsx,3zsx_933,2.400,-0.879513,-5.985446
3zsx,3zsx_955,1.910,-0.874322,-6.231851
3zsx,3zsx_961,1.780,-0.744797,-6.585762
3zsx,3zsx_965,1.870,-0.541470,-6.368455
3zsx,3zsx_978,4.030,-1.438749,-6.343102
3zt2,3zt2_116,0.960,-0.593965,-5.732216
3zt2,3zt2_119,1.150,-0.853241,-6.410900
3zt2,3zt2_122,1.310,-1.115092,-6.307001
3zt2,3zt2_136,1.020,-1.186595,-6.010888
3zt2,3zt2_173,0.320,-0.660405,-6.874291
3zt2,3zt2_182,1.410,-1.207967,-7.133882
3zt2,3zt2_195,0.680,-0.648659,-5.966570
3zt2,3zt2_233,0.640,-0.453891,-6.598170
3zt2,3zt2_250,0.350,-0.489501,-6.349292
3zt2,3zt2_323,0.820,-0.794270,-6.449946
3zt2,3zt2_410,1.110,-1.199044,-6.101400
3zt2,3zt2_433,0.970,-0.943065,-5.666624
3zt2,3zt2_444,1.220,-0.924620,-6.417482
3zt2,3zt2_463,2.910,-2.218075,-6.968696
3zt2,3zt2_472,2.110,-1.847914,-6.892531
3zt2,3zt2_473,2.130,-1.551276,-6.744419
3zt2,3zt2_474,1.230,-0.687757,-6.045171
3zt2,3zt2_491,1.740,-1.605178,-6.130756
3zt2,3zt2_5,0.390,-0.916110,-6.454007
3zt2,3zt2_529,1.260,-1.342456,-6.318373
3zt2,3zt2_541,0.960,-1.091367,-6.363188
3zt2,3zt2_561,3.810,-1.769590,-6.356731
3zt2,3zt2_566,4.930,-3.871744,-7.409536
3zt2,3zt2_568,4.200,-2.256997,-6.354447
3zt2,3zt2_571,3.900,-1.374435,-5.713404
3zt2,3zt2_578,4.060,-2.124498,-5.728518
3zt2,3zt2_585,2.160,-0.774162,-6.171652
3zt2,3zt2_589,1.480,-1.078270,-6.187003
3zt2,3zt2_592,5.950,-3.391615,-6.317247
3zt2,3zt2_600,5.010,-2.744424,-5.934469
3zt2,3zt2_649,2.300,-2.518738,-6.825551
3zt2,3zt2_650,2.080,-2.313066,-6.416384
3zt2,3zt2_656,4.120,-3.041737,-6.318628
3zt2,3zt2_670,3.390,-4.082930,-6.769422
3zt2,3zt2_680,3.840,-1.829015,-6.090413
3zt2,3zt2_684,2.360,-2.341476,-6.272571
3zt2,3zt2_685,3.810,-2.385455,-6.011196
3zt2,3zt2_687,4.420,-3.991220,-6.328201
3zt2,3zt2_694,4.440,-0.660761,-6.362091
3zt2,3zt2_696,3.090,-1.536366,-5.358433
3zt2,3zt2_697,6.350,-4.032331,-6.218627
3zt2,3zt2_707,4.020,-0.943686,-6.266213
3zt2,3zt2_728,5.410,-4.906386,-6.675897
3zt2,3zt2_732,2.980,-2.340068,-6.450158
3zt2,3zt2_741,3.010,-2.434726,-6.128512
3zt2,3zt2_753,4.630,-3.231736,-6.040043
3zt2,3zt2_758,5.110,-4.777819,-6.381554
3zt2,3zt2_760,4.430,-3.983869,-5.973347
3zt2,3zt2_761,5.200,-3.761863,-6.487358
3zt2,3zt2_774,5.850,-5.307541,-6.315673
3zt2,3zt2_781,6.110,-5.840693,-5.663191
3zt2,3zt2_782,5.950,-4.628251,-7.726153
3zt2,3zt2_784,6.490,-6.290608,-6.911632
3zt2,3zt2_789,3.630,-2.050150,-6.344872
3zt2,3zt2_793,5.650,-4.973056,-6.009233
3zt2,3zt2_8,0.490,-0.534400,-5.861547
3zt2,3zt2_80,3.630,-0.629093,-5.711771
3zt2,3zt2_804,2.630,-2.981175,-6.242514
3zt2,3zt2_818,2.340,-2.409219,-6.287884
3zt2,3zt2_838,4.020,-2.534669,-6.235494
3zt2,3zt2_844,3.630,-3.709358,-8.024909
3zt2,3zt2_869,5.590,-4.365336,-6.999622
3zt2,3zt2_873,5.800,-5.801035,-5.872361
4abg,4abg_149,0.930,-0.614100,-4.194805
4abg,4abg_236,3.030,-2.074960,-4.033734
4abg,4abg_263,0.970,-0.541096,-3.864324
4abg,4abg_408,3.670,-2.815043,-3.896110
4abg,4abg_414,1.890,-2.375746,-4.009551
4abg,4abg_429,3.820,-2.109143,-3.464471
4abg,4abg_430,0.970,-0.594293,-4.142530
4abg,4abg_450,0.970,-1.363261,-3.918215
4abg,4abg_465,4.270,-1.400518,-3.541169
4abg,4abg_475,3.120,-1.999492,-3.949860
4abg,4abg_479,2.110,-2.312953,-3.359922
4abg,4abg_537,5.300,-4.190946,-3.693746
4abg,4abg_552,4.600,-3.736006,-3.143260
4abg,4abg_572,5.210,-2.283137,-2.953121
4abg,4abg_573,4.120,-1.538238,-4.629230
4abg,4abg_580,5.290,-1.997595,-2.703298
4abg,4abg_587,2.660,-2.074157,-4.087325
4abg,4abg_593,5.360,-2.308184,-2.613931
4abg,4abg_597,5.430,-2.047504,-2.947534
4abg,4abg_710,0.720,-0.483483,-3.869727
4abg,4abg_718,1.010,-1.273618,-3.697934
4abg,4abg_719,4.180,-4.588431,-3.236266
4abg,4abg_741,4.770,-4.679664,-4.777574
4abg,4abg_750,1.900,-2.330886,-4.188490
4abg,4abg_751,2.760,-2.232075,-4.500204
4abg,4abg_757,3.140,-2.669229,-3.675012
4abg,4abg_761,2.870,-1.909484,-3.613334
4abg,4abg_769,4.880,-3.429670,-3.578082
4abg,4abg_770,3.090,-1.903756,-3.430818
4abg,4abg_778,4.430,-2.818341,-3.968953
4abg,4abg_780,3.610,-3.751698,-3.860704
4abg,4abg_781,3.640,-2.940612,-3.583980
4abg,4abg_782,2.290,-1.991826,-3.606724
4abg,4abg_784,5.370,-4.495098,-3.023701
4abg,4abg_786,4.520,-4.316382,-4.908525
4abg,4abg_787,4.600,-3.284317,-4.380478
4abg,4abg_788,3.980,-3.399833,-3.787412
4abg,4abg_792,5.470,-4.320013,-4.357108
4abg,4abg_793,5.890,-5.184998,-4.943728
4abg,4abg_800,0.550,-0.714137,-3.552934
4abg,4abg_808,1.010,-0.982672,-3.898754
4abg,4abg_814,1.000,-0.753088,-4.001300
4abg,4abg_824,0.960,-0.770034,-3.995811
4abg,4abg_826,1.470,-1.262143,-4.118230
4abg,4abg_835,0.910,-0.916591,-3.611462
4abg,4abg_839,1.510,-1.012497,-4.211663
4abg,4abg_840,1.180,-1.566805,-3.689589
4abg,4abg_845,0.990,-1.136662,-3.840540
4abg,4abg_848,1.840,-2.105078,-4.512244
4abg,4abg_857,2.770,-1.107306,-3.423408
4abg,4abg_860,3.210,-1.788541,-3.567038
4abg,4abg_864,6.300,-5.359252,-3.870515
4abg,4abg_865,2.580,-2.509747,-3.037365
4abg,4abg_875,4.430,-2.360546,-3.035138
4abg,4abg_885,9.040,-7.425224,-4.303409
4abg,4abg_888,6.930,-5.900857,-3.537806
4abg,4abg_955,2.300,-1.443591,-3.711076
4abg,4abg_956,1.280,-1.406911,-4.607410
4abg,4abg_973,2.330,-2.006635,-4.288091
4abg,4abg_980,1.020,-1.119437,-4.112098
4abg,4abg_983,2.720,-1.631412,-4.019169
4agn,4agn_109,4.490,-1.992924,-5.141147
4agn,4agn_125,8.260,-0.938366,-6.674487
4agn,4agn_204,1.950,-0.838015,-5.859969
4agn,4agn_205,2.100,-0.809293,-6.343252
4agn,4agn_226,9.280,-1.448717,-5.349975
4agn,4agn_228,1.070,-0.309297,-5.353736
4agn,4agn_251,0.990,-0.546011,-5.566793
4agn,4agn_257,0.840,-0.380845,-5.655427
4agn,4agn_266,3.640,-0.692056,-4.004926
4agn,4agn_267,3.860,-2.426888,-5.661352
4agn,4agn_272,4.370,-2.926476,-5.736505
4agn,4agn_280,0.890,-0.790966,-5.128762
4agn,4agn_290,1.280,-0.873480,-4.625559
4agn,4agn_299,2.060,-0.610686,-5.073288
4agn,4agn_318,6.810,-2.773967,-6.073250
4agn,4agn_380,6.510,-0.990360,-6.111093
4agn,4agn_4,7.430,-3.088775,-5.929130
4agn,4agn_402,8.120,-2.077347,-6.960555
4agn,4agn_405,8.300,-2.337757,-7.094840
4agn,4agn_411,9.500,-3.513737,-6.899359
4agn,4agn_415,9.080,-2.380114,-6.286252
4agn,4agn_425,9.150,-3.417435,-6.734454
4agn,4agn_43,5.190,-4.421424,-6.538219
4agn,4agn_446,7.780,-2.090223,-7.458623
4agn,4agn_447,7.140,-1.682585,-7.633940
4agn,4agn_456,8.580,-3.441599,-7.492118
4agn,4agn_463,8.300,-2.394468,-6.860738
4agn,4agn_477,5.410,-1.840263,-7.187096
4agn,4agn_494,6.820,-1.541662,-7.419142
4agn,4agn_498,3.670,-2.682694,-5.996173
4agn,4agn_502,8.900,-1.913533,-7.265848
4agn,4agn_505,9.020,-2.243583,-5.460882
4agn,4agn_506,1.490,-1.766034,-6.872494
4agn,4agn_511,8.350,-2.253452,-6.342023
4agn,4agn_516,8.690,-1.285069,-6.437883
4agn,4agn_517,1.510,-0.963178,-5.894721
4agn,4agn_519,1.930,-0.903314,-5.653238
4agn,4agn_524,5.630,-3.866445,-6.410202
4agn,4agn_526,3.610,-2.254341,-5.137463
4agn,4agn_535,2.700,-2.066683,-5.110595
4agn,4agn_536,7.960,-1.334558,-6.971633
4agn,4agn_538,7.350,-1.233164,-6.320529
4agn,4agn_539,9.340,-2.007048,-6.361694
4agn,4agn_540,6.710,-8.284916,-5.955184
4agn,4agn_542,7.830,-6.330112,-5.097279
4agn,4agn_554,2.600,-1.620654,-6.835676
4agn,4agn_555,4.090,-4.421317,-5.723790
4agn,4agn_557,8.620,-2.213623,-5.879779
4agn,4agn_561,3.550,-1.721530,-7.054588
4agn,4agn_566,7.070,-7.530022,-5.580353
4agn,4agn_567,5.610,-7.752416,-6.419120
4agn,4agn_568,4.940,-1.857741,-7.940048
4agn,4agn_579,5.480,-7.402665,-7.026218
4agn,4agn_582,6.920,-2.559397,-6.181559
4agn,4agn_591,6.700,-4.183438,-6.926786
4agn,4agn_593,3.370,-3.134017,-5.794708
4agn,4agn_595,3.420,-3.237424,-6.222642
4agn,4agn_596,7.200,-8.240889,-5.519127
4agn,4agn_597,2.210,-1.912720,-5.751565
4agn,4agn_603,1.710,-0.664676,-5.917505
4agn,4agn_608,9.180,-1.422780,-5.397647
4agn,4agn_629,1.700,-1.454764,-6.621185
4agn,4agn_633,9.790,-2.861391,-6.072280
4agn,4agn_643,1.870,-1.058621,-5.651993
4agn,4agn_644,4.870,-4.396338,-5.617446
4agn,4agn_657,3.060,-2.718993,-5.646462
4agn,4agn_659,3.770,-0.953975,-4.943359
4agn,4agn_660,3.410,-2.528897,-4.959216
4agn,4agn_664,9.030,-1.937193,-7.176222
4agn,4agn_665,2.540,-1.451363,-4.851084
4agn,4agn_669,2.160,-0.785915,-6.374104
4agn,4agn_670,4.210,-2.510276,-6.236721
4agn,4agn_677,7.080,-3.797854,-6.479386
4agn,4agn_678,4.970,-5.076982,-6.220872
4agn,4agn_681,9.020,-2.385605,-6.967375
4agn,4agn_682,2.990,-1.376956,-5.938301
4agn,4agn_687,5.390,-1.532441,-7.182646
4agn,4agn_690,6.010,-1.455133,-7.537012
4agn,4agn_691,5.490,-5.634654,-6.087035
4agn,4agn_712,4.280,-5.340281,-6.994518
4agn,4agn_715,0.770,-0.865683,-6.654430
4agn,4agn_727,7.150,-4.587287,-5.085890
4agn,4agn_754,5.360,-6.381680,-6.484813
4agn,4agn_76,6.740,-5.661966,-6.297700
4agn,4agn_765,6.390,-8.128024,-6.167373
4agn,4agn_768,4.510,-4.513566,-5.835224
4agn,4agn_772,5.750,-5.952016,-6.263911
4agn,4agn_78,6.500,-6.680929,-6.206546
4agn,4agn_785,4.010,-2.946261,-6.488532
4agn,4agn_833,8.370,-6.678453,-5.900408
4agn,4agn_844,2.110,-0.784830,-5.238440
4agn,4agn_855,5.110,-7.740374,-6.378838
4agn,4agn_931,0.990,-0.994887,-5.783098
4agn,4agn_979,1.980,-0.634652,-5.876865
4agn,4agn_984,2.870,-3.163429,-6.460299
4agn,4agn_987,0.800,-0.956281,-5.992569
4agp,4agp_134,5.590,-2.189703,-5.750613
4agp,4agp_202,2.960,-1.220923,-6.325544
4agp,4agp_208,1.770,-0.636447,-6.415794
4agp,4agp_223,2.890,-1.479237,-6.359224
4agp,4agp_23,8.780,-8.120388,-5.462311
4agp,4agp_251,1.080,-0.660444,-6.665712
4agp,4agp_253,1.910,-0.637087,-6.456787
4agp,4agp_260,2.480,-1.016609,-5.559195
4agp,4agp_261,1.370,-1.138771,-6.348110
4agp,4agp_266,3.280,-1.685350,-6.018540
4agp,4agp_268,6.980,-2.891161,-6.524894
4agp,4agp_271,2.150,-1.080134,-6.188956
4agp,4agp_283,2.460,-0.986815,-5.869884
4agp,4agp_285,3.560,-1.038389,-5.816450
4agp,4agp_288,2.090,-1.093103,-6.899973
4agp,4agp_294,3.550,-2.498332,-6.340031
4agp,4agp_3,8.490,-4.912054,-5.126914
4agp,4agp_300,1.990,-1.224963,-5.525357
4agp,4agp_301,6.640,-7.116761,-5.798554
4agp,4agp_313,1.240,-0.882479,-5.982374
4agp,4agp_324,9.030,-8.055881,-5.376551
4agp,4agp_328,1.560,-0.346400,-5.887807
4agp,4agp_33,8.630,-7.952123,-5.393381
4agp,4agp_330,7.100,-7.696927,-5.686612
4agp,4agp_35,9.820,-7.973488,-4.492157
4agp,4agp_350,0.970,-0.634518,-5.979867
4agp,4agp_389,7.710,-6.863822,-5.192220
4agp,4agp_390,5.290,-1.739560,-6.647790
4agp,4agp_391,6.920,-1.520476,-6.286935
4agp,4agp_405,7.730,-1.805470,-6.693861
4agp,4agp_406,9.080,-2.956181,-6.817361
4agp,4agp_421,6.320,-2.346409,-6.631316
4agp,4agp_423,8.200,-2.586077,-6.047475
4agp,4agp_446,3.400,-2.780939,-6.351037
4agp,4agp_461,7.480,-4.070436,-5.824871
4agp,4agp_463,10.000,-1.688294,-6.029625
4agp,4agp_465,5.930,-2.124311,-6.749325
4agp,4agp_469,7.890,-5.764874,-6.172800
4agp,4agp_47,1.550,-0.358702,-5.974509
4agp,4agp_472,4.390,-1.352692,-5.888740
4agp,4agp_474,2.880,-1.967346,-6.243351
4agp,4agp_482,3.840,-2.032052,-6.699564
4agp,4agp_489,4.210,-2.380516,-6.446525
4agp,4agp_495,7.610,-3.974399,-6.035240
4agp,4agp_496,6.190,-2.933986,-6.526332
4agp,4agp_499,2.790,-1.675671,-5.555077
4agp,4agp_517,3.010,-2.437765,-5.918317
4agp,4agp_523,1.900,-1.354743,-6.145972
4agp,4agp_527,5.950,-4.492642,-6.761839
4agp,4agp_532,4.560,-4.157996,-6.156914
4agp,4agp_533,6.490,-6.304266,-6.325859
4agp,4agp_546,8.830,-1.876538,-6.540260
4agp,4agp_561,7.780,-6.676941,-5.085081
4agp,4agp_562,6.030,-4.784458,-6.869034
4agp,4agp_563,3.900,-2.890756,-6.256754
4agp,4agp_578,3.970,-3.614389,-6.235172
4agp,4agp_596,8.260,-1.427651,-6.428844
4agp,4agp_612,2.140,-1.543306,-6.142432
4agp,4agp_629,3.610,-3.247798,-6.574079
4agp,4agp_643,7.820,-8.279423,-5.443255
4agp,4agp_646,4.260,-3.774481,-6.614024
4agp,4agp_651,3.010,-2.342758,-6.595956
4agp,4agp_656,1.920,-1.084761,-6.165030
4agp,4agp_657,4.230,-3.189133,-6.627722
4agp,4agp_659,4.020,-2.215981,-5.830173
4agp,4agp_662,9.010,-2.389859,-6.911849
4agp,4agp_681,5.950,-5.223347,-5.368476
4agp,4agp_685,4.340,-3.793107,-6.446693
4agp,4agp_686,5.090,-1.804271,-5.791152
4agp,4agp_692,4.290,-4.423872,-6.203942
4agp,4agp_703,6.230,-5.033907,-5.724196
4agp,4agp_709,0.940,-1.845744,-6.413494
4agp,4agp_710,0.970,-1.575798,-6.220714
4agp,4agp_716,0.700,-1.210534,-6.537638
4agp,4agp_718,9.050,-8.377812,-5.533626
4agp,4agp_724,6.390,-3.795534,-5.461688
4agp,4agp_726,5.860,-5.356502,-5.226045
4agp,4agp_727,7.860,-3.312979,-5.870575
4agp,4agp_766,8.560,-8.356433,-5.564492
4agp,4agp_769,1.000,-0.982226,-6.221133
4agp,4agp_775,0.690,-0.911370,-6.357901
4agp,4agp_797,5.560,-7.933841,-6.102876
4agp,4agp_817,4.970,-4.915958,-5.564015
4agp,4agp_82,7.290,-1.306172,-6.213537
4agp,4agp_822,8.380,-8.204595,-5.496397
4agp,4agp_837,8.770,-3.446689,-6.015420
4agp,4agp_84,9.480,-7.902030,-5.495545
4agp,4agp_847,5.510,-3.589571,-5.799731
4agp,4agp_848,5.990,-4.338529,-6.286580
4agp,4agp_849,2.970,-3.548888,-5.950687
4agp,4agp_857,4.290,-4.302543,-5.170098
4agp,4agp_86,8.640,-7.955167,-5.528757
4agp,4agp_87,9.940,-5.639669,-6.236400
4agp,4agp_924,9.030,-8.148300,-5.854450
4agp,4agp_94,9.290,-8.263161,-4.960386
4agp,4agp_98,6.340,-5.640734,-6.379986
4agq,4agq_114,2.500,-1.415373,-7.811283
4agq,4agq_121,4.050,-0.731238,-7.625357
4agq,4agq_151,1.960,-0.475200,-7.507808
4agq,4agq_158,6.770,-1.472915,-7.757137
4agq,4agq_204,4.150,-1.710672,-7.863343
4agq,4agq_205,1.390,-0.874485,-7.560553
4agq,4agq_217,7.790,-6.320292,-7.240470
4agq,4agq_219,7.590,-4.745102,-7.596654
4agq,4agq_221,2.110,-0.366735,-7.641088
4agq,4agq_228,1.930,-1.009645,-7.535332
4agq,4agq_234,1.940,-0.412600,-7.433535
4agq,4agq_236,1.730,-0.365372,-7.691332
4agq,4agq_25,9.400,-7.959918,-6.644262
4agq,4agq_254,2.720,-1.201012,-7.737956
4agq,4agq_268,3.960,-1.659356,-7.744161
4agq,4agq_27,6.090,-4.761415,-7.140525
4agq,4agq_272,2.010,-0.512703,-7.374064
4agq,4agq_326,8.330,-1.520806,-7.663496
4agq,4agq_339,0.950,-0.441379,-7.221095
4agq,4agq_35,8.890,-7.952053,-6.478762
4agq,4agq_350,1.790,-0.554648,-7.731480
4agq,4agq_356,9.240,-8.278008,-6.888621
4agq,4agq_369,7.060,-6.964929,-7.251370
4agq,4agq_378,6.750,-7.770999,-6.202492
4agq,4agq_382,8.980,-7.231656,-7.538917
4agq,4agq_394,6.990,-3.611875,-7.334860
4agq,4agq_409,7.860,-2.610195,-7.331586
4agq,4agq_41,9.240,-8.212191,-6.532399
4agq,4agq_413,8.310,-4.310524,-7.487385
4agq,4agq_418,3.410,-2.202195,-7.898495
4agq,4agq_419,9.020,-2.483107,-7.613265
4agq,4agq_421,9.620,-2.735370,-7.253381
4agq,4agq_433,7.550,-6.066577,-7.763708
4agq,4agq_442,3.080,-1.940121,-7.463943
4agq,4agq_446,2.980,-2.426147,-7.913187
4agq,4agq_450,5.270,-3.268620,-7.789505
4agq,4agq_452,6.510,-1.980652,-7.518261
4agq,4agq_461,7.820,-1.254136,-7.436976
4agq,4agq_463,2.620,-1.289868,-7.836597
4agq,4agq_470,3.730,-2.921505,-7.583375
4agq,4agq_474,5.810,-2.115795,-7.688083
4agq,4agq_475,8.280,-3.649346,-7.039900
4agq,4agq_478,8.870,-1.696671,-8.144558
4agq,4agq_490,4.700,-2.292855,-6.778889
4agq,4agq_503,9.750,-3.322405,-7.602778
4agq,4agq_504,7.160,-8.245059,-6.894569
4agq,4agq_505,2.940,-2.697515,-7.525377
4agq,4agq_526,4.870,-2.463267,-7.395874
4agq,4agq_529,1.950,-0.960513,-7.562293
4agq,4agq_534,8.730,-6.468295,-5.308484
4agq,4agq_535,3.370,-1.386517,-7.805811
4agq,4agq_548,2.600,-1.421405,-7.585924
4agq,4agq_556,9.200,-7.155715,-7.080205
4agq,4agq_557,3.350,-2.210180,-7.580798
4agq,4agq_572,4.060,-4.266540,-7.070329
4agq,4agq_573,5.580,-2.380702,-7.589185
4agq,4agq_576,9.120,-1.732511,-7.773121
4agq,4agq_580,7.610,-2.137973,-7.189923
4agq,4agq_587,6.220,-4.646548,-6.869862
4agq,4agq_592,2.020,-1.104805,-7.764546
4agq,4agq_598,4.130,-2.934363,-7.180259
4agq,4agq_604,4.380,-4.055811,-7.508420
4agq,4agq_609,1.830,-1.732994,-7.917309
4agq,4agq_62,8.630,-7.958817,-6.503412
4agq,4agq_631,5.240,-6.414612,-7.174312
4agq,4agq_635,3.690,-1.280270,-7.979043
4agq,4agq_641,4.080,-1.273658,-8.117245
4agq,4agq_642,7.790,-2.569844,-6.726933
4agq,4agq_649,6.840,-1.771277,-7.954214
4agq,4agq_653,5.420,-1.494942,-6.756763
4agq,4agq_664,5.540,-2.119542,-6.712005
4agq,4agq_665,5.550,-5.235847,-6.293531
4agq,4agq_666,3.970,-2.931186,-7.141030
4agq,4agq_672,3.580,-3.518720,-6.711273
4agq,4agq_676,8.270,-6.896821,-5.775135
4agq,4agq_680,5.370,-2.438013,-6.666913
4agq,4agq_681,2.160,-1.288597,-7.556660
4agq,4agq_684,6.130,-2.574437,-6.274306
4agq,4agq_687,5.240,-2.329921,-7.633703
4agq,4agq_691,9.760,-2.028484,-6.836831
4agq,4agq_700,3.610,-2.039563,-7.728403
4agq,4agq_702,1.830,-0.352717,-7.727722
4agq,4agq_718,5.660,-1.938147,-6.900703
4agq,4agq_744,1.930,-0.662458,-7.170782
4agq,4agq_771,9.510,-4.823912,-6.665115
4agq,4agq_775,6.590,-3.617207,-7.221249
4agq,4agq_778,4.550,-1.853070,-7.137516
4agq,4agq_788,8.660,-8.366498,-6.306436
4agq,4agq_84,7.070,-7.242941,-6.122389
4agq,4agq_850,6.600,-4.481207,-6.460865
4agq,4agq_866,0.980,-0.761811,-7.729744
4agq,4agq_872,0.990,-0.448600,-8.033738
4agq,4agq_894,4.410,-2.711733,-8.002109
4agq,4agq_999,0.860,-0.698662,-7.715215
4bkt,4bkt_11,1.000,-0.471319,-3.618398
4bkt,4bkt_140,0.390,-0.750097,-3.291513
4bkt,4bkt_161,0.950,-0.481844,-3.478602
4bkt,4bkt_17,0.990,-0.457943,-3.866626
4bkt,4bkt_178,1.000,-0.470745,-3.246588
4bkt,4bkt_283,0.560,-0.698674,-3.028202
4bkt,4bkt_32,0.950,-0.458299,-3.381707
4bkt,4bkt_369,1.000,-0.402710,-3.341804
4bkt,4bkt_405,1.750,-0.976219,-3.270429
4bkt,4bkt_439,5.270,-2.520967,-4.666779
4bkt,4bkt_442,5.010,-3.914265,-3.893035
4bkt,4bkt_478,2.870,-1.167692,-4.054562
4bkt,4bkt_484,2.340,-2.259876,-3.877501
4bkt,4bkt_486,1.410,-1.561022,-3.830855
4bkt,4bkt_507,4.470,-4.128517,-3.989002
4bkt,4bkt_523,7.210,-5.884204,-4.297209
4bkt,4bkt_537,8.350,-7.531739,-4.345588
4bkt,4bkt_538,7.400,-5.389307,-5.329960
4bkt,4bkt_539,7.340,-5.541004,-4.168942
4bkt,4bkt_540,6.260,-3.078219,-4.807933
4bkt,4bkt_541,1.900,-1.855558,-3.560769
4bkt,4bkt_542,2.730,-1.337198,-3.404425
4bkt,4bkt_560,7.410,-6.701802,-4.472382
4bkt,4bkt_568,7.660,-5.880040,-5.952744
4bkt,4bkt_581,6.180,-5.007871,-4.335190
4bkt,4bkt_586,7.020,-5.554160,-5.364496
4bkt,4bkt_614,4.790,-3.960114,-4.239823
4bkt,4bkt_62,0.570,-0.530796,-3.408599
4bkt,4bkt_664,2.280,-1.563522,-5.091764
4bkt,4bkt_695,3.780,-0.799700,-5.475735
4bkt,4bkt_710,1.760,-0.694534,-3.420197
4bkt,4bkt_713,0.650,-0.455247,-2.764632
4bkt,4bkt_716,1.430,-1.090820,-3.968524
4bkt,4bkt_735,5.320,-5.653638,-5.677850
4bkt,4bkt_737,1.400,-0.572034,-3.144431
4bkt,4bkt_741,3.650,-1.936259,-3.734848
4bkt,4bkt_743,4.830,-4.878134,-5.136791
4bkt,4bkt_744,6.110,-5.195840,-4.131063
4bkt,4bkt_746,4.900,-2.326181,-4.038025
4bkt,4bkt_750,5.080,-2.500722,-5.186369
4bkt,4bkt_751,3.550,-3.481091,-4.593160
4bkt,4bkt_752,4.790,-0.608490,-3.669806
4bkt,4bkt_753,5.220,-3.349403,-4.611486
4bkt,4bkt_759,6.370,-5.492584,-4.347773
4bkt,4bkt_760,4.210,-2.527895,-3.953668
4bkt,4bkt_761,9.510,-7.982699,-4.429049
4bkt,4bkt_766,8.210,-5.678868,-5.281882
4bkt,4bkt_767,5.240,-3.787602,-5.090651
4bkt,4bkt_768,6.340,-6.067452,-4.504871
4bkt,4bkt_769,4.460,-4.511401,-4.175103
4bkt,4bkt_773,7.760,-6.965832,-4.632771
4bkt,4bkt_774,2.580,-2.317663,-3.671118
4bkt,4bkt_775,4.900,-3.079248,-4.011024
4bkt,4bkt_778,7.590,-5.828032,-4.404033
4bkt,4bkt_779,8.570,-7.615126,-4.660832
4bkt,4bkt_782,8.680,-7.644414,-4.781554
4bkt,4bkt_784,7.700,-4.973211,-5.224646
4bkt,4bkt_791,6.240,-4.306376,-4.103883
4bkt,4bkt_797,7.890,-5.126472,-4.458862
4bkt,4bkt_800,6.290,-5.141786,-4.287778
4bkt,4bkt_826,1.510,-0.970200,-4.867206
4bkt,4bkt_838,3.990,-2.594859,-3.515293
4bkt,4bkt_849,3.980,-1.783689,-4.245143
4bkt,4bkt_853,1.960,-1.318731,-3.240169
4bkt,4bkt_862,6.480,-5.210313,-5.774930
4bkt,4bkt_863,6.280,-4.704333,-4.716816
4bkt,4bkt_865,5.340,-4.630505,-3.593381
4bkt,4bkt_869,5.710,-5.943666,-4.438764
4bkt,4bkt_871,3.990,-1.859181,-4.839792
4bkt,4bkt_874,3.000,-0.950102,-3.970878
4bkt,4bkt_876,5.900,-5.448871,-4.624908
4bkt,4bkt_877,2.630,-0.864032,-4.731438
4bkt,4bkt_880,3.970,-3.103978,-5.027599
4bkt,4bkt_883,6.890,-5.482460,-3.985359
4bkt,4bkt_885,3.200,-1.684064,-4.191418
4bkt,4bkt_890,4.480,-2.086620,-4.345768
4bkt,4bkt_891,5.330,-5.819940,-5.354851
4bkt,4bkt_893,3.690,-1.474220,-3.718135
4bkt,4bkt_898,4.870,-3.874229,-4.825140
4bkt,4bkt_931,2.890,-1.650583,-3.628895
4bkt,4bkt_932,1.570,-0.449927,-4.083812
4bkt,4bkt_953,1.070,-0.590784,-3.184317
4bkt,4bkt_969,2.060,-0.621100,-4.314979
4bkt,4bkt_983,2.980,-1.740799,-3.339403
4bkt,4bkt_984,3.320,-2.040919,-3.796465
4cig,4cig_106,9.640,-8.356068,-6.849488
4cig,4cig_114,7.120,-6.198879,-6.546319
4cig,4cig_122,6.100,-4.209127,-6.355937
4cig,4cig_129,8.180,-8.169451,-6.489915
4cig,4cig_13,7.200,-6.782353,-6.525824
4cig,4cig_131,4.960,-2.263548,-6.845132
4cig,4cig_167,7.200,-7.188525,-6.433341
4cig,4cig_169,6.180,-4.777681,-6.966467
4cig,4cig_18,6.210,-5.565034,-7.388337
4cig,4cig_203,4.570,-1.738072,-6.199331
4cig,4cig_219,4.940,-1.355781,-6.492073
4cig,4cig_22,8.310,-8.240250,-6.921656
4cig,4cig_241,5.330,-1.619034,-6.434505
4cig,4cig_253,4.660,-1.771007,-6.643320
4cig,4cig_265,4.260,-1.784470,-6.797131
4cig,4cig_267,5.760,-3.144324,-6.975141
4cig,4cig_285,5.280,-2.878247,-7.137283
4cig,4cig_290,5.510,-1.990159,-6.719000
4cig,4cig_298,3.840,-1.671543,-7.092031
4cig,4cig_329,9.100,-8.303878,-6.415216
4cig,4cig_342,6.270,-3.775834,-5.973229
4cig,4cig_351,7.940,-7.912718,-6.666191
4cig,4cig_369,9.800,-8.320662,-6.469687
4cig,4cig_372,6.210,-5.363307,-7.167511
4cig,4cig_386,7.110,-7.587311,-6.666349
4cig,4cig_44,6.050,-4.889500,-7.000647
4cig,4cig_454,6.060,-3.028993,-6.644299
4cig,4cig_480,3.950,-2.847825,-6.570981
4cig,4cig_510,6.250,-3.998181,-6.696127
4cig,4cig_524,2.800,-3.198485,-7.079635
4cig,4cig_540,7.660,-7.052694,-6.437997
4cig,4cig_545,6.420,-3.860956,-5.507971
4cig,4cig_553,5.110,-5.067367,-7.118266
4cig,4cig_56,8.070,-8.024946,-6.909790
4cig,4cig_570,8.170,-8.154661,-5.899530
4cig,4cig_575,7.040,-6.184426,-6.840167
4cig,4cig_589,7.240,-6.830785,-6.983080
4cig,4cig_600,1.750,-1.583179,-6.643887
4cig,4cig_601,7.720,-3.293760,-6.554961
4cig,4cig_639,7.800,-6.020785,-6.741065
4cig,4cig_641,5.430,-3.371671,-6.408280
4cig,4cig_645,3.800,-4.652380,-6.387002
4cig,4cig_656,4.740,-3.085543,-7.083643
4cig,4cig_669,2.540,-2.072446,-6.684335
4cig,4cig_702,1.760,-1.810264,-6.884088
4cig,4cig_707,1.830,-2.059875,-7.064400
4cig,4cig_710,1.940,-1.737357,-7.061152
4cig,4cig_716,2.070,-1.952095,-6.974190
4cig,4cig_719,2.160,-1.779315,-6.872181
4cig,4cig_738,3.640,-3.849735,-7.384949
4cig,4cig_739,5.210,-3.855048,-7.004566
4cig,4cig_750,3.970,-1.175634,-5.689608
4cig,4cig_759,3.970,-2.795784,-6.793139
4cig,4cig_762,5.050,-5.893128,-6.984788
4cig,4cig_763,2.710,-2.208473,-7.237029
4cig,4cig_766,4.320,-4.356004,-6.936718
4cig,4cig_769,5.210,-4.404121,-6.270380
4cig,4cig_770,4.790,-3.040958,-6.317214
4cig,4cig_774,4.630,-4.915689,-6.820957
4cig,4cig_780,5.240,-5.859035,-7.073003
4cig,4cig_784,2.570,-1.249494,-6.721276
4cig,4cig_786,1.910,-2.023715,-7.095700
4cig,4cig_787,1.790,-2.127416,-6.977349
4cig,4cig_788,3.280,-3.325931,-6.570571
4cig,4cig_809,1.140,-1.791150,-7.340464
4cig,4cig_83,9.580,-8.294275,-5.389347
4cig,4cig_848,2.400,-1.562627,-6.611347
4cig,4cig_851,3.990,-2.633932,-6.872990
4cig,4cig_852,4.140,-2.607260,-6.315504
4cig,4cig_860,6.170,-5.095782,-6.638483
4cig,4cig_929,3.000,-3.049856,-6.912741
4cig,4cig_947,2.170,-1.456683,-7.586493
4cig,4cig_950,2.830,-0.968251,-6.198152
4cig,4cig_956,3.290,-1.733025,-7.022192
4cig,4cig_957,3.850,-4.453677,-6.960316
4cig,4cig_98,8.500,-8.274102,-6.563651
4ciw,4ciw_267,0.460,-0.513290,-2.910979
4ciw,4ciw_270,0.640,-0.532137,-2.366204
4ciw,4ciw_280,0.620,-0.334293,-2.474259
4ciw,4ciw_401,0.940,-0.755836,-2.644912
4ciw,4ciw_415,2.890,-0.861709,-2.710202
4ciw,4ciw_420,2.970,-0.913586,-2.407271
4ciw,4ciw_439,2.770,-1.437932,-2.781428
4ciw,4ciw_440,1.960,-1.806051,-2.612702
4ciw,4ciw_449,3.530,-2.335304,-3.095105
4ciw,4ciw_451,0.780,-0.607757,-2.449475
4ciw,4ciw_461,1.670,-2.013649,-2.894442
4ciw,4ciw_462,1.960,-1.110046,-3.738267
4ciw,4ciw_468,0.930,-0.752141,-2.921143
4ciw,4ciw_48,0.400,-0.433368,-2.094352
4ciw,4ciw_482,1.120,-1.354464,-3.766020
4ciw,4ciw_487,1.260,-1.113984,-2.926217
4ciw,4ciw_496,1.210,-1.230362,-2.394031
4ciw,4ciw_499,3.870,-2.771560,-3.109008
4ciw,4ciw_507,0.990,-0.957472,-2.387046
4ciw,4ciw_537,7.170,-6.926886,-3.296696
4ciw,4ciw_550,0.970,-1.157776,-3.763108
4ciw,4ciw_568,3.300,-1.772808,-2.965633
4ciw,4ciw_573,1.240,-1.632483,-2.777147
4ciw,4ciw_584,2.140,-1.712545,-2.847789
4ciw,4ciw_585,7.140,-6.761734,-3.560148
4ciw,4ciw_592,2.040,-1.621060,-3.248769
4ciw,4ciw_597,2.590,-1.287223,-2.824307
4ciw,4ciw_598,0.880,-0.626675,-2.775390
4ciw,4ciw_608,3.110,-1.531065,-2.413044
4ciw,4ciw_609,2.940,-1.490393,-2.520890
4ciw,4ciw_610,3.200,-2.385539,-2.820944
4ciw,4ciw_617,3.200,-1.185597,-2.806531
4ciw,4ciw_620,3.040,-1.420917,-2.659121
4ciw,4ciw_629,3.130,-1.577844,-2.780628
4ciw,4ciw_638,6.290,-6.081203,-3.842960
4ciw,4ciw_639,3.360,-1.734046,-2.826786
4ciw,4ciw_672,3.270,-2.740080,-3.057988
4ciw,4ciw_673,2.710,-2.393717,-4.246572
4ciw,4ciw_676,2.810,-1.094404,-2.436442
4ciw,4ciw_689,2.870,-0.758649,-2.293486
4ciw,4ciw_690,6.440,-6.379242,-4.034649
4ciw,4ciw_700,1.460,-1.004730,-2.285797
4ciw,4ciw_725,1.100,-0.801231,-2.952193
4ciw,4ciw_947,1.110,-0.808326,-3.038074
4cr9,4cr9_217,1.970,-1.557122,-1.030925
4cr9,4cr9_232,3.130,-2.301933,-1.010103
4cr9,4cr9_254,3.390,-2.105390,-0.921227
4cr9,4cr9_264,2.160,-1.544176,-0.930637
4cr9,4cr9_271,2.970,-2.036384,-1.266227
4cr9,4cr9_280,3.480,-3.213196,-0.922592
4cr9,4cr9_286,1.980,-2.066165,-1.597276
4cr9,4cr9_307,2.290,-0.519441,-1.401649
4cr9,4cr9_358,0.950,-0.468922,-0.837056
4cr9,4cr9_359,1.570,-1.140005,-1.026686
4cr9,4cr9_408,2.350,-1.952821,-0.936157
4cr9,4cr9_411,1.770,-1.807500,-0.842835
4cr9,4cr9_423,1.850,-1.645594,-1.095723
4cr9,4cr9_424,1.630,-1.224839,-1.367462
4cr9,4cr9_431,2.190,-1.021757,-0.826524
4cr9,4cr9_434,2.730,-2.892107,-1.330847
4cr9,4cr9_435,1.490,-0.644936,-1.257671
4cr9,4cr9_438,4.200,-4.476604,-0.963941
4cr9,4cr9_480,2.610,-1.065097,-0.830668
4cr9,4cr9_492,3.190,-1.906927,-1.236954
4cr9,4cr9_503,4.820,-4.303844,-2.084582
4cr9,4cr9_534,4.010,-2.987365,-1.438750
4cr9,4cr9_551,3.680,-1.294682,-1.954691
4cr9,4cr9_559,3.190,-1.237520,-0.954719
4cr9,4cr9_565,3.690,-2.468658,-1.277334
4cr9,4cr9_575,4.040,-2.558387,-1.201566
4cr9,4cr9_577,5.200,-4.521158,-1.781984
4cr9,4cr9_580,4.040,-2.014471,-1.168864
4cr9,4cr9_587,2.030,-1.599238,-1.245439
4cr9,4cr9_589,4.500,-3.236895,-1.517222
4cr9,4cr9_595,2.740,-2.555268,-1.171914
4cr9,4cr9_630,2.580,-2.023987,-1.101490
4cr9,4cr9_662,5.930,-4.879039,-1.254221
4cr9,4cr9_666,3.090,-1.080081,-1.355351
4cr9,4cr9_689,4.380,-3.334269,-1.582595
4cr9,4cr9_690,1.660,-2.276120,-2.006908
4cr9,4cr9_708,7.040,-5.843462,-3.219783
4cr9,4cr9_710,4.960,-4.423933,-2.024081
4cr9,4cr9_715,9.540,-7.594298,-5.339317
4cr9,4cr9_717,9.170,-7.682516,-6.256865
4cr9,4cr9_726,3.500,-1.884037,-0.996624
4cr9,4cr9_730,8.510,-7.213730,-4.647511
4cr9,4cr9_734,5.850,-4.351031,-2.249375
4cr9,4cr9_741,6.260,-5.655865,-2.444250
4cr9,4cr9_743,8.350,-7.199274,-2.975899
4cr9,4cr9_746,7.330,-6.876454,-3.724499
4cr9,4cr9_748,3.950,-2.078969,-2.154539
4cr9,4cr9_750,6.730,-5.752329,-3.470761
4cr9,4cr9_752,9.310,-7.498603,-3.508815
4cr9,4cr9_754,9.300,-7.184250,-5.451963
4cr9,4cr9_755,4.250,-3.242414,-2.101406
4cr9,4cr9_758,5.770,-4.958718,-2.316246
4cr9,4cr9_759,4.400,-3.343024,-1.831208
4cr9,4cr9_762,7.670,-6.628628,-2.026333
4cr9,4cr9_763,9.160,-8.035061,-2.924145
4cr9,4cr9_766,5.900,-5.137934,-2.303718
4cr9,4cr9_769,5.770,-5.193283,-2.739282
4cr9,4cr9_779,6.600,-6.146917,-4.485224
4cr9,4cr9_782,5.100,-4.959565,-1.308824
4cr9,4cr9_783,9.160,-7.672311,-3.364812
4cr9,4cr9_789,6.320,-5.713799,-2.681999
4cr9,4cr9_790,6.390,-5.200154,-2.600193
4cr9,4cr9_791,5.920,-4.259973,-2.571478
4cr9,4cr9_792,9.720,-8.276826,-3.993316
4cr9,4cr9_794,6.950,-5.960583,-2.883562
4cr9,4cr9_795,7.620,-6.676451,-3.290345
4cr9,4cr9_796,6.200,-4.661850,-2.288887
4cr9,4cr9_797,7.230,-5.398799,-2.304407
4cr9,4cr9_798,8.040,-6.633695,-3.565765
4cr9,4cr9_799,9.860,-7.670803,-3.617954
4cr9,4cr9_821,9.770,-7.854856,-3.186520
4cr9,4cr9_822,5.210,-5.008908,-1.510994
4cr9,4cr9_843,7.330,-6.084447,-2.711917
4cr9,4cr9_849,1.770,-0.897552,-0.787627
4cr9,4cr9_855,8.520,-7.537022,-2.482345
4cr9,4cr9_861,9.270,-7.521722,-6.346031
4cr9,4cr9_864,6.620,-5.830036,-2.883583
4cr9,4cr9_869,8.540,-7.205464,-3.140908
4cr9,4cr9_874,7.440,-7.440216,-2.632357
4cr9,4cr9_876,7.550,-6.410622,-2.597304
4cr9,4cr9_881,8.210,-7.101697,-3.181919
4cr9,4cr9_884,8.950,-7.473359,-4.680065
4cr9,4cr9_885,8.990,-8.081538,-3.412853
4cr9,4cr9_887,8.100,-6.984709,-3.135852
4cr9,4cr9_891,5.250,-4.458675,-1.667881
4cr9,4cr9_894,6.010,-5.413327,-3.101570
4cr9,4cr9_897,8.220,-7.362057,-2.850018
4cr9,4cr9_920,1.410,-0.853204,-1.191684
4cr9,4cr9_933,6.840,-5.772118,-3.013806
4cr9,4cr9_970,7.220,-6.129082,-1.122268
4cr9,4cr9_984,7.380,-6.402631,-2.870257
4cra,4cra_102,4.690,-1.806807,-2.098425
4cra,4cra_113,1.790,-0.699767,-2.138019
4cra,4cra_119,2.360,-2.100286,-1.929392
4cra,4cra_124,5.920,-2.761429,-2.494179
4cra,4cra_126,1.030,-0.750721,-1.858619
4cra,4cra_130,1.840,-0.524299,-1.932566
4cra,4cra_151,5.470,-5.472567,-2.437722
4cra,4cra_155,0.530,-0.453778,-2.135103
4cra,4cra_175,1.130,-0.799475,-1.695310
4cra,4cra_201,7.130,-3.641579,-2.632938
4cra,4cra_204,1.580,-0.579889,-1.705925
4cra,4cra_214,6.860,-1.260184,-2.754720
4cra,4cra_219,7.070,-1.427560,-2.752014
4cra,4cra_224,0.710,-0.673889,-1.870615
4cra,4cra_230,0.940,-0.582909,-1.801696
4cra,4cra_24,8.110,-5.554276,-2.482501
4cra,4cra_240,7.110,-1.613905,-3.004486
4cra,4cra_250,4.860,-2.039937,-2.526351
4cra,4cra_258,0.870,-0.797837,-1.694677
4cra,4cra_270,1.800,-0.765406,-1.807894
4cra,4cra_276,2.120,-1.051932,-1.795405
4cra,4cra_281,0.710,-0.550468,-1.836905
4cra,4cra_283,0.600,-0.752705,-1.884259
4cra,4cra_292,1.870,-0.859513,-1.731494
4cra,4cra_296,6.970,-0.968529,-2.199167
4cra,4cra_302,3.970,-1.683923,-2.134426
4cra,4cra_307,6.750,-2.915796,-2.043822
4cra,4cra_318,0.470,-0.438205,-1.456553
4cra,4cra_354,1.270,-0.880313,-1.457938
4cra,4cra_358,6.760,-1.677115,-2.598731
4cra,4cra_364,0.450,-0.688561,-1.501740
4cra,4cra_375,5.310,-1.934445,-1.937552
4cra,4cra_378,1.710,-0.624406,-1.808116
4cra,4cra_383,3.050,-1.504682,-1.926656
4cra,4cra_4,0.690,-0.557606,-1.766583
4cra,4cra_413,3.960,-2.786360,-2.541197
4cra,4cra_422,8.140,-3.274790,-1.904400
4cra,4cra_439,5.780,-3.839187,-2.568805
4cra,4cra_441,3.100,-2.337799,-1.698107
4cra,4cra_444,6.690,-2.586566,-2.446910
4cra,4cra_448,9.210,-5.771926,-2.591605
4cra,4cra_456,4.910,-2.572158,-2.449221
4cra,4cra_470,2.690,-2.007094,-1.996860
4cra,4cra_472,4.720,-2.603918,-2.159465
4cra,4cra_477,7.100,-4.422304,-1.740892
4cra,4cra_479,8.360,-2.964589,-2.928180
4cra,4cra_496,9.120,-6.686846,-2.352841
4cra,4cra_504,2.110,-2.278241,-1.838573
4cra,4cra_523,5.900,-4.901353,-2.224828
4cra,4cra_525,3.800,-1.328574,-2.017005
4cra,4cra_533,7.710,-8.355483,-3.661686
4cra,4cra_538,3.630,-3.105931,-2.100078
4cra,4cra_540,7.590,-2.448067,-2.473279
4cra,4cra_541,3.100,-1.429206,-2.149372
4cra,4cra_547,1.890,-1.759266,-2.562764
4cra,4cra_548,5.140,-2.153534,-2.002387
4cra,4cra_549,2.660,-2.360456,-2.464614
4cra,4cra_564,8.420,-5.496228,-2.442307
4cra,4cra_566,4.250,-2.851036,-2.337978
4cra,4cra_569,6.660,-3.408106,-2.484767
4cra,4cra_572,6.920,-4.878670,-2.813395
4cra,4cra_576,5.690,-2.157628,-2.283504
4cra,4cra_578,5.470,-4.193913,-2.686843
4cra,4cra_579,2.210,-2.044744,-1.916365
4cra,4cra_580,3.090,-3.459119,-2.112490
4cra,4cra_584,4.470,-4.948777,-2.171409
4cra,4cra_589,4.810,-3.955201,-2.460349
4cra,4cra_590,2.860,-1.975715,-2.446232
4cra,4cra_591,6.170,-2.564842,-1.918824
4cra,4cra_595,6.340,-8.057340,-2.636416
4cra,4cra_596,2.930,-3.344606,-2.333528
4cra,4cra_604,8.130,-2.426222,-2.281114
4cra,4cra_61,6.050,-2.916778,-2.269027
4cra,4cra_610,8.180,-5.583964,-2.999221
4cra,4cra_624,5.740,-1.486892,-2.527503
4cra,4cra_636,5.490,-4.430376,-2.122418
4cra,4cra_644,7.540,-5.868471,-2.825105
4cra,4cra_656,4.580,-2.648907,-2.182581
4cra,4cra_658,7.240,-3.948040,-2.457312
4cra,4cra_680,7.420,-3.925525,-2.245868
4cra,4cra_689,4.330,-5.243303,-1.972924
4cra,4cra_695,3.310,-4.081338,-2.871215
4cra,4cra_716,3.820,-3.392613,-1.901021
4cra,4cra_719,0.990,-0.758230,-1.902775
4cra,4cra_720,2.930,-1.653916,-2.277735
4cra,4cra_748,4.530,-3.069446,-1.993480
4cra,4cra_795,9.770,-6.596434,-2.636599
4cra,4cra_81,8.960,-5.726676,-3.290816
4cra,4cra_827,9.140,-6.682104,-2.033149
4cra,4cra_828,9.370,-6.643459,-2.651149
4cra,4cra_830,2.250,-0.512546,-1.835862
4cra,4cra_855,8.270,-5.496520,-2.033463
4cra,4cra_861,7.130,-5.779402,-2.854560
4cra,4cra_893,9.490,-7.848808,-3.153091
4cra,4cra_905,8.860,-7.616260,-2.172764
4cra,4cra_918,9.630,-7.607308,-2.189250
4cra,4cra_941,9.760,-8.085297,-2.819510
4cra,4cra_953,9.210,-7.139468,-2.849522
4cra,4cra_967,9.880,-8.248894,-2.476715
4cra,4cra_972,8.980,-7.183329,-2.401410
4crc,4crc_100,7.420,-5.952911,-1.613065
4crc,4crc_106,8.290,-5.352940,-1.653254
4crc,4crc_120,8.360,-6.682957,-1.916710
4crc,4crc_126,9.570,-8.394713,-1.802671
4crc,4crc_131,0.880,-0.486541,-1.308765
4crc,4crc_132,2.680,-1.840146,-1.374114
4crc,4crc_138,1.850,-1.186768,-1.240122
4crc,4crc_140,2.500,-1.492553,-1.528998
4crc,4crc_149,1.820,-0.669822,-1.131040
4crc,4crc_164,0.990,-0.676937,-1.571506
4crc,4crc_168,0.960,-0.478160,-1.152643
4crc,4crc_175,8.000,-8.071791,-1.208890
4crc,4crc_185,0.820,-0.607183,-1.446371
4crc,4crc_192,1.090,-0.583903,-1.321503
4crc,4crc_212,0.940,-0.598311,-1.152468
4crc,4crc_215,0.790,-0.307808,-1.030249
4crc,4crc_217,0.880,-0.307398,-0.991799
4crc,4crc_263,1.980,-0.579580,-0.934145
4crc,4crc_291,0.850,-0.470214,-1.055036
4crc,4crc_314,0.910,-0.595192,-1.529278
4crc,4crc_323,4.700,-4.430744,-1.686142
4crc,4crc_368,0.730,-0.604169,-1.310881
4crc,4crc_391,3.440,-2.040159,-1.643171
4crc,4crc_401,1.640,-1.262681,-1.728392
4crc,4crc_411,5.720,-2.981734,-1.682296
4crc,4crc_412,1.630,-2.031750,-1.562516
4crc,4crc_417,7.660,-4.621122,-1.892181
4crc,4crc_423,2.850,-2.236772,-1.260174
4crc,4crc_426,2.550,-2.181805,-1.278246
4crc,4crc_443,2.870,-2.478653,-1.654521
4crc,4crc_447,3.300,-1.679199,-1.737075
4crc,4crc_464,5.870,-1.826715,-2.268775
4crc,4crc_475,5.460,-2.047635,-1.601242
4crc,4crc_480,2.610,-2.765679,-1.688391
4crc,4crc_481,3.860,-1.840741,-1.285381
4crc,4crc_485,6.420,-3.371737,-1.998796
4crc,4crc_486,3.890,-1.359883,-2.086631
4crc,4crc_493,4.890,-2.820294,-1.706056
4crc,4crc_505,1.880,-1.609443,-1.439678
4crc,4crc_509,3.250,-1.873939,-1.303822
4crc,4crc_511,3.430,-2.602410,-1.089805
4crc,4crc_517,4.880,-0.686718,-1.743397
4crc,4crc_528,4.820,-2.199570,-1.413115
4crc,4crc_533,2.510,-2.640888,-1.014313
4crc,4crc_537,3.570,-2.524710,-1.249529
4crc,4crc_538,5.430,-4.980777,-1.448291
4crc,4crc_542,5.040,-4.735185,-1.644415
4crc,4crc_544,3.950,-2.746654,-1.797654
4crc,4crc_549,5.520,-3.181489,-2.391181
4crc,4crc_557,6.470,-3.020361,-1.923591
4crc,4crc_560,5.400,-2.148811,-1.924399
4crc,4crc_561,7.290,-2.516915,-1.144259
4crc,4crc_564,2.840,-2.177356,-1.065680
4crc,4crc_569,7.110,-6.063023,-2.002053
4crc,4crc_571,4.980,-1.909757,-2.075755
4crc,4crc_574,6.060,-5.676327,-2.569458
4crc,4crc_575,4.890,-4.211686,-1.986427
4crc,4crc_586,2.420,-1.465634,-1.395924
4crc,4crc_588,4.910,-4.214651,-1.241648
4crc,4crc_590,9.220,-7.220160,-2.074280
4crc,4crc_591,5.600,-5.197394,-2.177890
4crc,4crc_592,9.050,-7.003297,-1.767403
4crc,4crc_597,7.510,-5.332599,-1.701494
4crc,4crc_618,6.860,-6.898979,-1.964555
4crc,4crc_620,5.440,-1.811269,-1.594578
4crc,4crc_626,3.300,-2.295591,-1.617055
4crc,4crc_627,6.400,-3.921338,-1.505530
4crc,4crc_633,3.340,-2.295315,-1.170896
4crc,4crc_636,2.420,-2.206877,-1.543118
4crc,4crc_644,7.210,-5.332295,-1.933977
4crc,4crc_646,9.980,-8.333345,-2.751472
4crc,4crc_648,7.210,-3.189600,-2.016041
4crc,4crc_649,5.860,-2.576263,-1.703139
4crc,4crc_656,6.420,-5.155659,-2.291942
4crc,4crc_661,7.000,-2.570130,-1.572970
4crc,4crc_665,7.530,-8.345371,-2.283336
4crc,4crc_673,4.300,-2.303883,-1.557648
4crc,4crc_680,4.840,-1.390307,-1.483976
4crc,4crc_682,6.330,-2.809180,-1.857224
4crc,4crc_685,7.320,-3.979800,-1.417370
4crc,4crc_694,6.720,-3.963471,-1.958633
4crc,4crc_716,8.740,-7.592211,-2.240586
4crc,4crc_717,1.830,-0.702384,-1.298707
4crc,4crc_724,8.780,-7.287964,-1.958502
4crc,4crc_734,9.200,-7.470640,-1.723255
4crc,4crc_743,8.380,-7.215645,-1.506406
4crc,4crc_758,8.050,-5.835845,-1.304985
4crc,4crc_770,8.060,-5.556030,-1.806662
4crc,4crc_821,6.470,-5.408735,-1.432500
4crc,4crc_840,4.750,-1.252243,-1.675939
4crc,4crc_968,1.570,-0.659403,-1.280983
4crc,4crc_99,1.040,-0.426272,-1.172612
4ddh,4ddh_1,0.450,-0.305144,-0.959362
4ddh,4ddh_13,0.860,-0.224771,-1.015742
4ddh,4ddh_130,1.560,-0.696240,-1.133539
4ddh,4ddh_181,5.910,-5.955021,-2.945109
4ddh,4ddh_27,1.970,-0.464725,-0.871410
4ddh,4ddh_270,1.940,-1.042640,-1.876732
4ddh,4ddh_294,0.690,-0.309872,-1.326289
4ddh,4ddh_296,2.030,-0.860017,-1.509471
4ddh,4ddh_343,5.940,-5.557849,-2.560667
4ddh,4ddh_349,6.620,-6.339829,-3.104430
4ddh,4ddh_401,4.430,-1.436154,-1.966709
4ddh,4ddh_416,0.990,-0.163408,-1.174599
4ddh,4ddh_421,5.820,-4.335470,-3.273437
4ddh,4ddh_422,3.230,-2.137180,-2.370920
4ddh,4ddh_427,1.250,-0.826169,-1.691620
4ddh,4ddh_432,0.970,-0.788538,-0.917455
4ddh,4ddh_439,2.120,-1.049831,-1.029262
4ddh,4ddh_448,5.060,-3.775748,-3.440074
4ddh,4ddh_455,4.970,-3.689405,-3.231709
4ddh,4ddh_459,4.710,-0.881813,-2.117541
4ddh,4ddh_462,3.710,-3.614946,-2.215146
4ddh,4ddh_465,2.680,-1.489781,-1.938914
4ddh,4ddh_466,2.010,-1.287707,-1.511859
4ddh,4ddh_471,4.500,-4.741689,-2.475135
4ddh,4ddh_489,4.140,-1.399969,-1.477009
4ddh,4ddh_490,2.530,-2.090455,-1.287830
4ddh,4ddh_500,3.000,-3.401588,-2.892704
4ddh,4ddh_507,4.350,-0.654302,-1.466407
4ddh,4ddh_514,0.970,-0.770677,-1.168998
4ddh,4ddh_519,0.570,-0.685208,-1.035188
4ddh,4ddh_530,2.920,-2.608791,-1.654391
4ddh,4ddh_542,3.220,-2.517234,-2.159576
4ddh,4ddh_543,2.000,-1.249391,-1.958697
4ddh,4ddh_545,3.670,-3.659744,-1.949128
4ddh,4ddh_547,2.780,-2.006836,-2.245098
4ddh,4ddh_548,1.630,-0.882294,-1.725442
4ddh,4ddh_555,4.940,-4.858343,-1.677846
4ddh,4ddh_559,3.670,-3.482834,-2.411447
4ddh,4ddh_564,5.020,-4.255277,-2.382921
4ddh,4ddh_574,1.990,-1.292413,-1.331090
4ddh,4ddh_589,1.850,-1.689608,-2.671389
4ddh,4ddh_591,4.790,-4.270060,-2.777425
4ddh,4ddh_592,5.970,-5.494811,-2.498669
4ddh,4ddh_593,5.420,-4.849311,-2.836132
4ddh,4ddh_620,3.700,-3.600266,-2.049453
4ddh,4ddh_632,6.870,-6.291396,-3.564376
4ddh,4ddh_641,1.800,-0.964080,-1.784590
4ddh,4ddh_649,5.320,-4.137142,-1.706916
4ddh,4ddh_651,2.420,-0.864013,-1.827729
4ddh,4ddh_659,6.870,-5.859386,-3.708503
4ddh,4ddh_671,5.370,-4.843212,-1.992420
4ddh,4ddh_684,7.260,-7.485447,-3.234202
4ddh,4ddh_688,1.560,-1.527383,-1.439021
4ddh,4ddh_734,0.950,-1.117701,-1.206618
4ddh,4ddh_754,5.620,-4.911858,-2.129649
4ddh,4ddh_762,7.710,-7.855618,-3.683100
4ddh,4ddh_763,7.700,-7.866840,-3.575400
4ddh,4ddh_764,7.680,-7.608950,-3.363664
4ddh,4ddh_770,6.210,-6.680056,-2.730126
4ddh,4ddh_771,3.590,-3.994731,-1.546122
4ddh,4ddh_773,6.710,-7.060623,-4.927929
4ddh,4ddh_774,6.690,-6.763902,-1.754527
4ddh,4ddh_781,7.820,-7.662722,-3.976565
4ddh,4ddh_782,2.180,-1.403786,-2.591953
4ddh,4ddh_783,6.840,-5.608254,-3.500951
4ddh,4ddh_784,4.550,-3.021677,-2.163976
4ddh,4ddh_79,0.800,-0.279992,-1.185512
4ddh,4ddh_794,6.940,-6.207359,-4.083124
4ddh,4ddh_795,7.100,-6.388367,-5.335914
4ddh,4ddh_796,8.100,-6.763973,-4.843962
4ddh,4ddh_80,3.290,-2.888083,-1.541618
4ddh,4ddh_843,3.040,-3.367987,-2.087834
4ddh,4ddh_868,6.500,-7.133331,-3.012960
4ddh,4ddh_882,3.960,-3.213860,-2.140852
4ddh,4ddh_885,6.380,-5.058957,-3.488706
4ddh,4ddh_911,0.300,-0.745299,-0.721715
4ddh,4ddh_971,4.780,-3.472447,-2.064752
4ddk,4ddk_11,2.910,-1.532550,-1.203514
4ddk,4ddk_113,6.260,-4.860553,-2.853212
4ddk,4ddk_170,7.390,-5.860835,-2.716178
4ddk,4ddk_184,2.780,-1.751810,-1.804227
4ddk,4ddk_296,3.850,-2.743960,-0.889154
4ddk,4ddk_303,0.260,-0.447882,-0.915074
4ddk,4ddk_327,0.310,-0.363305,-0.665255
4ddk,4ddk_34,2.830,-1.838948,-1.839409
4ddk,4ddk_345,0.460,-0.330425,-0.818058
4ddk,4ddk_359,0.820,-0.474335,-1.100106
4ddk,4ddk_361,0.570,-0.689981,-0.941105
4ddk,4ddk_391,0.420,-0.412210,-1.189613
4ddk,4ddk_402,2.870,-2.009026,-1.585913
4ddk,4ddk_406,0.600,-0.693505,-1.353363
4ddk,4ddk_41,3.030,-2.424163,-1.786013
4ddk,4ddk_410,0.910,-0.650756,-0.980747
4ddk,4ddk_413,3.300,-2.477301,-1.761715
4ddk,4ddk_419,2.350,-1.318623,-1.140684
4ddk,4ddk_431,1.740,-0.946242,-1.523990
4ddk,4ddk_432,1.340,-0.842968,-1.109708
4ddk,4ddk_438,1.950,-1.522386,-1.486290
4ddk,4ddk_443,1.010,-1.064216,-1.526981
4ddk,4ddk_444,1.570,-0.946232,-1.618186
4ddk,4ddk_445,4.350,-0.920726,-1.126398
4ddk,4ddk_450,1.300,-0.494962,-0.639951
4ddk,4ddk_451,4.340,-4.025349,-1.800708
4ddk,4ddk_457,4.790,-4.463129,-1.665847
4ddk,4ddk_460,2.470,-1.531570,-1.629074
4ddk,4ddk_464,2.100,-1.099881,-1.952723
4ddk,4ddk_466,5.690,-4.157811,-2.183808
4ddk,4ddk_467,4.280,-1.474611,-1.620456
4ddk,4ddk_470,1.560,-0.900793,-1.213376
4ddk,4ddk_476,3.300,-1.941016,-1.306115
4ddk,4ddk_479,5.870,-3.095946,-1.458202
4ddk,4ddk_485,6.210,-4.045090,-1.294976
4ddk,4ddk_487,2.960,-1.958051,-1.454051
4ddk,4ddk_488,5.670,-4.648669,-1.692840
4ddk,4ddk_496,4.330,-4.467208,-2.518971
4ddk,4ddk_515,5.600,-3.190366,-1.725924
4ddk,4ddk_525,4.640,-4.138782,-1.686260
4ddk,4ddk_528,4.580,-4.094507,-1.269055
4ddk,4ddk_53,9.620,-7.830203,-3.866080
4ddk,4ddk_535,4.880,-4.523955,-2.277897
4ddk,4ddk_536,7.070,-5.632125,-2.600977
4ddk,4ddk_538,4.510,-2.941974,-1.787044
4ddk,4ddk_541,2.070,-1.386073,-1.584008
4ddk,4ddk_542,5.130,-5.512612,-1.456588
4ddk,4ddk_543,5.890,-4.775441,-1.651029
4ddk,4ddk_546,0.980,-0.472381,-1.302299
4ddk,4ddk_550,6.970,-5.939389,-2.555509
4ddk,4ddk_568,3.450,-2.251931,-1.376204
4ddk,4ddk_580,7.320,-5.911788,-1.340292
4ddk,4ddk_583,1.700,-0.739421,-1.006567
4ddk,4ddk_59,8.610,-7.006808,-2.882138
4ddk,4ddk_596,6.670,-5.863809,-3.306122
4ddk,4ddk_606,6.890,-5.036771,-2.112819
4ddk,4ddk_621,4.230,-2.844534,-1.746835
4ddk,4ddk_628,5.560,-4.580458,-1.786147
4ddk,4ddk_632,3.880,-2.983289,-1.383945
4ddk,4ddk_642,1.260,-0.857445,-1.227811
4ddk,4ddk_644,7.550,-6.891598,-3.566141
4ddk,4ddk_650,3.840,-2.879361,-0.853018
4ddk,4ddk_651,7.800,-6.084708,-3.340975
4ddk,4ddk_652,3.200,-2.053398,-1.136508
4ddk,4ddk_660,6.330,-5.462842,-1.347718
4ddk,4ddk_664,2.950,-1.214538,-1.578038
4ddk,4ddk_672,1.290,-1.147219,-1.218805
4ddk,4ddk_680,5.960,-5.689721,-2.806684
4ddk,4ddk_684,6.520,-5.754879,-2.091325
4ddk,4ddk_689,7.660,-5.511908,-1.485801
4ddk,4ddk_696,6.160,-4.031549,-2.134294
4ddk,4ddk_709,7.450,-5.479963,-1.977248
4ddk,4ddk_726,8.690,-7.132366,-4.707714
4ddk,4ddk_751,3.740,-3.984632,-1.639594
4ddk,4ddk_755,7.360,-7.003261,-4.446699
4ddk,4ddk_767,8.200,-6.831637,-4.632860
4ddk,4ddk_771,8.090,-6.905314,-3.677461
4ddk,4ddk_773,8.400,-7.556071,-3.997314
4ddk,4ddk_776,6.530,-6.578057,-3.630744
4ddk,4ddk_78,3.490,-2.533715,-1.612351
4ddk,4ddk_782,7.930,-6.579860,-4.763404
4ddk,4ddk_811,9.800,-7.868422,-4.254533
4ddk,4ddk_812,9.730,-8.080875,-3.885075
4ddk,4ddk_813,9.990,-7.405183,-4.109804
4ddk,4ddk_815,9.990,-7.819388,-4.731547
4ddk,4ddk_820,7.090,-4.705819,-1.197140
4ddk,4ddk_836,8.060,-7.273589,-1.999343
4ddk,4ddk_872,8.360,-7.350455,-3.610387
4ddk,4ddk_878,8.770,-7.431129,-4.959793
4ddk,4ddk_881,8.350,-7.512455,-3.253418
4ddk,4ddk_882,8.070,-6.368718,-2.487628
4ddk,4ddk_89,5.520,-4.996943,-0.684951
4ddk,4ddk_925,9.750,-8.057826,-3.591552
4ddk,4ddk_939,0.870,-0.674356,-1.668131
4ddk,4ddk_951,9.860,-7.724221,-3.970707
4ddk,4ddk_953,9.860,-8.028709,-3.615374
4ddk,4ddk_959,9.850,-8.028709,-3.615374
4ddk,4ddk_962,5.660,-5.496799,-1.697820
4ddk,4ddk_970,6.330,-3.685142,-0.949153
4de1,4de1_105,9.300,-5.098189,-1.082620
4de1,4de1_110,4.240,-1.879923,-1.152723
4de1,4de1_127,6.240,-3.485579,-1.110289
4de1,4de1_14,9.150,-6.393612,-1.098383
4de1,4de1_142,9.090,-5.059055,-1.112743
4de1,4de1_150,9.680,-6.604846,-1.638389
4de1,4de1_176,9.340,-6.029036,-1.749751
4de1,4de1_190,0.240,-0.671275,-1.196074
4de1,4de1_191,7.920,-4.643557,-2.091058
4de1,4de1_195,0.770,-0.651195,-1.525612
4de1,4de1_196,7.380,-5.248710,-1.926651
4de1,4de1_199,5.960,-3.138467,-1.441488
4de1,4de1_203,7.120,-2.848835,-1.399169
4de1,4de1_215,0.470,-0.808727,-1.182870
4de1,4de1_237,0.770,-0.843657,-1.397414
4de1,4de1_25,7.850,-5.489815,-1.673593
4de1,4de1_275,0.890,-1.425133,-1.234887
4de1,4de1_277,0.830,-0.403229,-1.264383
4de1,4de1_289,0.460,-0.905460,-1.089438
4de1,4de1_292,0.590,-0.653225,-1.123468
4de1,4de1_309,4.480,-3.182797,-1.208937
4de1,4de1_317,4.240,-2.689065,-1.323168
4de1,4de1_340,6.480,-1.698750,-1.464564
4de1,4de1_366,0.560,-0.422283,-1.508147
4de1,4de1_370,9.070,-5.093728,-0.963188
4de1,4de1_405,7.050,-1.733010,-1.425187
4de1,4de1_407,5.210,-2.109097,-0.999485
4de1,4de1_408,4.550,-0.722362,-1.267928
4de1,4de1_412,6.920,-1.634158,-1.677833
4de1,4de1_424,1.080,-0.890548,-1.181054
4de1,4de1_425,5.340,-0.777532,-1.168610
4de1,4de1_426,1.280,-1.608027,-1.289293
4de1,4de1_431,8.320,-3.074320,-1.453377
4de1,4de1_432,0.980,-1.715107,-1.306094
4de1,4de1_433,1.460,-0.897276,-1.726760
4de1,4de1_436,7.320,-2.133241,-1.149630
4de1,4de1_438,1.330,-1.556726,-1.625754
4de1,4de1_440,8.220,-3.628493,-1.376421
4de1,4de1_458,6.220,-2.337153,-1.408272
4de1,4de1_460,7.960,-1.816359,-0.722358
4de1,4de1_466,3.830,-1.407476,-1.107976
4de1,4de1_474,7.060,-2.007432,-1.956751
4de1,4de1_482,3.990,-1.598485,-1.112694
4de1,4de1_484,1.740,-1.096450,-1.381899
4de1,4de1_487,4.180,-1.897334,-1.182843
4de1,4de1_491,6.240,-2.180591,-1.513040
4de1,4de1_509,2.380,-1.951467,-1.432463
4de1,4de1_514,2.910,-2.572640,-0.911396
4de1,4de1_519,3.030,-2.290060,-1.002486
4de1,4de1_521,2.750,-2.057565,-1.560710
4de1,4de1_531,7.500,-2.880151,-1.116574
4de1,4de1_538,3.400,-3.019472,-1.935589
4de1,4de1_541,3.650,-1.174574,-1.808849
4de1,4de1_545,5.860,-1.879856,-2.199788
4de1,4de1_550,4.380,-3.360163,-1.811321
4de1,4de1_552,4.280,-1.440640,-0.986233
4de1,4de1_553,1.820,-1.619324,-0.905812
4de1,4de1_558,6.170,-1.970702,-1.573073
4de1,4de1_564,2.280,-1.580547,-1.348598
4de1,4de1_567,1.780,-0.966469,-1.775700
4de1,4de1_575,3.860,-3.646226,-1.511498
4de1,4de1_579,5.290,-4.405071,-1.192260
4de1,4de1_581,1.560,-1.089787,-1.550983
4de1,4de1_582,3.010,-2.520805,-1.449606
4de1,4de1_586,4.790,-3.716122,-1.383413
4de1,4de1_590,4.650,-3.852022,-2.791458
4de1,4de1_593,5.530,-1.804796,-1.385315
4de1,4de1_596,5.150,-2.243362,-1.512580
4de1,4de1_598,3.180,-1.355364,-1.392448
4de1,4de1_620,3.440,-3.714781,-1.417893
4de1,4de1_633,1.720,-1.029408,-1.346407
4de1,4de1_636,6.180,-1.107717,-0.858965
4de1,4de1_659,5.280,-2.315136,-0.968350
4de1,4de1_661,1.850,-1.357357,-1.348615
4de1,4de1_664,6.460,-6.608699,-1.749453
4de1,4de1_667,2.660,-1.187887,-1.458002
4de1,4de1_674,2.120,-1.018614,-1.270309
4de1,4de1_675,2.820,-1.008332,-1.742334
4de1,4de1_676,2.030,-1.509720,-1.024996
4de1,4de1_682,4.820,-1.685132,-0.913415
4de1,4de1_697,6.570,-4.530314,-3.267466
4de1,4de1_699,2.550,-1.644669,-1.694709
4de1,4de1_711,6.740,-3.562970,-1.574453
4de1,4de1_715,5.740,-5.300323,-1.127991
4de1,4de1_728,9.270,-6.842752,-2.122398
4de1,4de1_733,9.170,-6.898110,-2.108614
4de1,4de1_738,5.530,-5.508447,-0.998258
4de1,4de1_742,8.970,-6.754499,-1.802738
4de1,4de1_744,9.110,-6.874468,-2.516687
4de1,4de1_745,8.910,-6.514935,-2.793905
4de1,4de1_748,9.120,-6.680633,-1.849898
4de1,4de1_749,8.990,-6.679849,-1.996447
4de1,4de1_750,8.980,-6.829769,-2.519273
4de1,4de1_753,8.910,-6.791771,-2.455470
4de1,4de1_755,8.940,-6.885839,-2.501027
4de1,4de1_759,8.800,-6.894587,-2.685317
4de1,4de1_761,8.740,-6.590406,-2.657264
4de1,4de1_811,7.480,-5.307068,-1.409002
4de1,4de1_84,3.270,-2.712342,-1.487732
4de1,4de1_88,2.540,-2.184667,-1.019345
4de2,4de2_108,0.720,-0.451122,-1.909874
4de2,4de2_129,9.680,-6.251132,-1.834135
4de2,4de2_137,1.010,-0.726127,-1.902467
4de2,4de2_138,3.010,-1.650277,-2.098059
4de2,4de2_148,1.500,-1.335197,-2.118609
4de2,4de2_158,9.650,-6.152256,-2.251508
4de2,4de2_166,7.300,-1.282133,-1.336785
4de2,4de2_175,9.680,-6.474913,-2.111937
4de2,4de2_2,3.420,-2.562558,-1.714465
4de2,4de2_214,0.730,-0.694399,-1.485091
4de2,4de2_224,7.620,-0.879400,-1.173676
4de2,4de2_236,7.180,-4.216958,-1.909114
4de2,4de2_246,7.000,-4.528554,-1.726281
4de2,4de2_268,7.680,-1.557351,-1.361829
4de2,4de2_287,8.090,-7.434272,-2.092401
4de2,4de2_290,0.740,-0.549369,-1.960738
4de2,4de2_291,0.900,-0.581350,-1.801503
4de2,4de2_292,0.580,-0.688138,-1.809088
4de2,4de2_305,0.710,-0.604704,-2.344312
4de2,4de2_333,0.430,-0.631245,-2.127347
4de2,4de2_338,1.110,-0.403373,-1.493385
4de2,4de2_371,0.850,-0.769567,-1.399012
4de2,4de2_381,2.890,-1.579361,-1.593505
4de2,4de2_385,0.740,-0.517263,-1.838978
4de2,4de2_401,8.140,-1.204513,-1.285905
4de2,4de2_410,8.480,-1.381021,-1.176625
4de2,4de2_427,9.180,-2.554071,-2.068467
4de2,4de2_441,1.670,-1.427166,-1.668252
4de2,4de2_450,8.870,-0.686669,-1.656919
4de2,4de2_451,2.010,-0.668030,-1.275681
4de2,4de2_459,3.860,-2.264087,-1.588430
4de2,4de2_468,6.860,-1.871260,-1.561005
4de2,4de2_469,3.200,-1.548349,-1.746877
4de2,4de2_483,2.020,-1.443611,-1.380525
4de2,4de2_490,4.430,-1.558203,-1.619044
4de2,4de2_501,4.970,-3.481524,-2.284409
4de2,4de2_506,4.570,-3.413363,-1.189737
4de2,4de2_512,2.420,-1.440574,-2.338992
4de2,4de2_513,3.710,-2.779827,-1.999285
4de2,4de2_514,5.480,-4.704356,-2.154371
4de2,4de2_521,4.360,-2.681961,-2.284988
4de2,4de2_522,5.770,-4.736212,-2.113891
4de2,4de2_523,1.950,-1.353704,-2.007774
4de2,4de2_526,7.370,-4.258177,-1.705715
4de2,4de2_542,4.600,-3.861743,-2.339485
4de2,4de2_544,8.150,-1.680555,-1.663811
4de2,4de2_546,8.350,-1.887816,-1.797340
4de2,4de2_557,3.900,-1.710723,-1.750756
4de2,4de2_560,2.520,-3.429342,-1.679170
4de2,4de2_561,5.510,-3.845826,-2.576946
4de2,4de2_562,5.220,-3.786866,-2.622619
4de2,4de2_567,2.060,-1.896293,-2.117518
4de2,4de2_571,5.180,-2.454132,-1.558081
4de2,4de2_572,2.970,-2.107237,-1.059880
4de2,4de2_575,1.820,-2.736316,-2.213081
4de2,4de2_577,1.140,-1.495399,-1.851175
4de2,4de2_58,2.380,-1.967925,-2.046790
4de2,4de2_580,2.550,-2.212459,-1.246926
4de2,4de2_583,6.230,-3.978675,-2.027092
4de2,4de2_584,3.190,-1.293468,-1.996049
4de2,4de2_590,4.470,-1.081663,-1.645820
4de2,4de2_595,6.490,-5.849096,-2.619209
4de2,4de2_596,6.000,-1.412737,-1.832311
4de2,4de2_600,8.340,-1.597077,-2.172587
4de2,4de2_607,5.460,-5.028909,-1.931613
4de2,4de2_612,3.980,-3.230770,-2.169028
4de2,4de2_622,7.570,-7.077162,-1.820683
4de2,4de2_623,4.720,-3.804214,-2.567387
4de2,4de2_641,8.560,-1.318829,-1.979461
4de2,4de2_653,6.290,-5.572322,-2.691070
4de2,4de2_670,6.870,-5.676713,-2.684321
4de2,4de2_673,5.710,-5.000626,-2.353671
4de2,4de2_676,5.300,-4.067794,-2.100063
4de2,4de2_694,8.290,-0.751159,-1.522815
4de2,4de2_715,6.960,-2.711621,-1.234827
4de2,4de2_724,1.200,-0.958577,-1.712455
4de2,4de2_737,6.210,-2.424833,-1.108483
4de2,4de2_738,3.540,-3.334074,-3.212688
4de2,4de2_749,0.920,-0.440878,-1.973352
4de2,4de2_76,2.600,-2.303010,-1.869795
4de2,4de2_762,7.620,-4.230455,-1.963616
4de2,4de2_769,5.350,-1.717179,-1.353556
4de2,4de2_773,8.600,-2.039738,-1.479298
4de2,4de2_778,9.880,-4.022386,-2.603942
4de2,4de2_781,7.550,-5.050728,-2.482722
4de2,4de2_782,7.110,-2.320781,-1.698743
4de2,4de2_788,4.180,-4.223501,-2.160007
4de2,4de2_790,6.780,-4.438792,-2.125251
4de2,4de2_795,6.940,-2.771966,-2.051687
4de2,4de2_821,4.720,-5.220262,-1.915593
4de2,4de2_826,1.940,-0.679456,-1.349857
4de2,4de2_866,4.850,-3.210702,-1.879064
4de2,4de2_881,1.580,-0.872472,-0.845302
4de2,4de2_942,9.280,-5.638447,-1.989398
4de2,4de2_943,7.440,-7.887247,-3.920071
4de2,4de2_952,3.930,-2.977801,-2.822290
4de2,4de2_974,9.980,-5.460108,-2.527305
4de3,4de3_112,6.260,-2.782943,-1.637697
4de3,4de3_209,7.050,-1.224824,-1.257175
4de3,4de3_211,0.970,-1.092852,-1.282378
4de3,4de3_217,6.870,-2.395420,-1.774243
4de3,4de3_232,1.850,-1.013077,-1.504463
4de3,4de3_234,6.970,-1.197288,-1.038576
4de3,4de3_245,0.860,-0.750069,-1.327597
4de3,4de3_249,5.400,-2.368997,-1.645523
4de3,4de3_252,7.100,-5.652944,-2.455060
4de3,4de3_254,0.620,-0.530098,-1.112503
4de3,4de3_260,0.980,-0.716428,-1.615419
4de3,4de3_270,1.050,-0.948890,-2.301652
4de3,4de3_275,0.980,-1.098316,-1.912523
4de3,4de3_282,6.920,-2.632344,-1.310314
4de3,4de3_283,1.420,-1.388201,-1.773448
4de3,4de3_288,1.230,-1.182208,-1.311870
4de3,4de3_293,4.020,-4.025118,-1.302576
4de3,4de3_322,0.540,-0.434080,-1.087000
4de3,4de3_350,0.970,-0.646160,-1.630146
4de3,4de3_358,0.530,-0.698018,-1.387442
4de3,4de3_361,5.030,-5.604804,-1.640040
4de3,4de3_371,0.560,-0.897106,-1.646557
4de3,4de3_375,0.400,-0.576400,-1.237764
4de3,4de3_419,1.240,-1.597874,-1.814743
4de3,4de3_429,3.440,-1.648026,-1.492524
4de3,4de3_461,7.150,-1.897259,-1.414187
4de3,4de3_467,1.630,-1.527403,-1.890393
4de3,4de3_474,1.820,-0.745266,-0.953432
4de3,4de3_477,2.510,-3.153499,-2.017883
4de3,4de3_481,6.660,-1.161451,-1.266556
4de3,4de3_483,5.200,-3.129645,-1.759637
4de3,4de3_495,1.940,-1.549605,-1.490660
4de3,4de3_499,2.110,-1.708933,-1.543124
4de3,4de3_510,4.820,-3.618970,-2.743140
4de3,4de3_513,3.090,-3.077293,-1.726138
4de3,4de3_519,3.110,-2.282773,-1.861879
4de3,4de3_533,7.250,-3.526105,-1.592183
4de3,4de3_539,2.420,-2.403050,-1.618048
4de3,4de3_545,7.980,-3.756743,-2.123367
4de3,4de3_555,3.770,-3.342093,-1.452134
4de3,4de3_556,4.320,-3.182185,-2.030683
4de3,4de3_557,2.820,-2.907211,-2.244948
4de3,4de3_560,6.950,-7.134649,-2.251743
4de3,4de3_563,3.010,-2.422515,-1.491171
4de3,4de3_564,3.960,-0.786864,-1.816298
4de3,4de3_569,4.320,-4.372633,-1.936507
4de3,4de3_572,7.080,-7.750690,-2.591046
4de3,4de3_576,2.510,-2.229160,-1.616624
4de3,4de3_583,5.040,-4.661903,-2.715181
4de3,4de3_591,2.660,-1.739641,-1.479631
4de3,4de3_593,1.750,-1.674885,-1.416725
4de3,4de3_594,1.890,-1.204798,-1.143636
4de3,4de3_599,3.770,-4.060978,-2.523249
4de3,4de3_631,5.320,-5.724920,-3.479643
4de3,4de3_634,2.370,-2.118015,-1.418669
4de3,4de3_655,4.790,-4.976257,-2.627239
4de3,4de3_660,4.880,-2.171598,-1.557632
4de3,4de3_661,5.580,-4.757975,-1.405832
4de3,4de3_666,4.860,-1.851784,-1.274936
4de3,4de3_669,6.220,-4.233741,-1.926372
4de3,4de3_673,6.160,-1.133200,-1.399467
4de3,4de3_681,8.570,-4.602078,-2.175492
4de3,4de3_688,3.430,-4.084997,-2.010149
4de3,4de3_691,2.040,-2.156952,-3.016539
4de3,4de3_694,3.330,-1.834847,-1.186680
4de3,4de3_695,2.030,-2.328907,-2.030412
4de3,4de3_717,9.630,-4.767505,-1.984185
4de3,4de3_740,5.490,-2.406384,-2.015580
4de3,4de3_746,3.490,-2.931140,-1.567430
4de3,4de3_748,4.970,-1.750406,-1.400978
4de3,4de3_756,8.360,-4.787211,-2.465887
4de3,4de3_757,9.120,-4.818830,-2.705341
4de3,4de3_760,8.680,-4.852362,-2.584053
4de3,4de3_762,6.850,-5.436855,-2.741124
4de3,4de3_764,8.700,-3.578452,-2.868590
4de3,4de3_767,9.040,-5.077465,-2.688984
4de3,4de3_769,9.350,-4.507017,-2.621204
4de3,4de3_771,4.280,-2.251318,-1.985926
4de3,4de3_780,9.650,-8.247640,-3.994407
4de3,4de3_782,4.310,-3.675681,-2.822125
4de3,4de3_783,8.170,-4.265127,-2.380469
4de3,4de3_786,8.770,-5.652936,-2.371505
4de3,4de3_788,9.230,-4.903083,-2.011142
4de3,4de3_816,7.450,-4.442201,-2.023463
4de3,4de3_853,7.410,-2.638323,-1.746617
4de3,4de3_859,9.340,-4.755125,-2.249906
4de3,4de3_860,7.010,-5.446974,-2.583751
4de3,4de3_863,9.250,-4.550091,-2.635572
4de3,4de3_873,6.890,-6.144784,-2.511207
4de3,4de3_879,5.740,-2.019007,-1.394659
4de3,4de3_891,8.270,-5.797757,-2.741414
4de3,4de3_892,8.290,-5.901770,-2.353308
4de3,4de3_919,7.710,-4.524419,-1.861168
4de3,4de3_928,8.670,-5.171445,-2.462013
4de3,4de3_94,2.550,-2.839568,-1.006290
4de3,4de3_945,5.810,-1.695156,-1.865905
4de3,4de3_946,8.580,-4.459308,-2.823754
4de3,4de3_951,9.350,-4.572665,-2.887630
4de3,4de3_959,9.120,-4.810351,-1.557537
4de3,4de3_960,5.990,-2.357104,-1.392906
4djv,4djv_105,1.840,-0.571188,-1.233936
4djv,4djv_136,5.510,-4.431669,-1.689269
4djv,4djv_159,5.170,-3.036795,-1.291162
4djv,4djv_164,0.490,-0.252347,-0.802233
4djv,4djv_17,5.880,-4.706784,-1.359407
4djv,4djv_175,1.740,-0.613383,-1.077089
4djv,4djv_2,6.300,-5.383388,-1.469783
4djv,4djv_21,4.680,-3.130341,-1.770997
4djv,4djv_212,0.430,-0.377361,-1.208994
4djv,4djv_29,5.190,-3.594053,-1.163690
4djv,4djv_314,1.090,-0.219657,-0.845769
4djv,4djv_33,6.450,-6.188705,-1.575155
4djv,4djv_335,0.610,-0.156199,-0.903083
4djv,4djv_336,0.640,-0.256284,-1.192150
4djv,4djv_349,0.400,-0.135731,-1.216619
4djv,4djv_380,0.460,-0.146392,-0.943679
4djv,4djv_388,0.560,-0.374450,-1.013754
4djv,4djv_399,0.640,-0.280120,-0.967157
4djv,4djv_401,1.360,-1.174325,-1.552778
4djv,4djv_402,3.700,-1.041788,-1.600467
4djv,4djv_406,3.340,-1.605207,-1.127383
4djv,4djv_412,3.710,-1.900043,-0.985965
4djv,4djv_416,4.710,-1.784203,-1.909617
4djv,4djv_421,2.570,-1.667578,-1.320255
4djv,4djv_422,2.770,-2.384696,-1.609337
4djv,4djv_427,1.990,-1.536485,-1.237347
4djv,4djv_431,3.520,-2.839739,-1.396480
4djv,4djv_433,4.240,-1.443764,-1.837685
4djv,4djv_434,3.170,-3.038767,-2.537227
4djv,4djv_436,5.210,-4.005875,-1.061596
4djv,4djv_438,3.610,-2.657393,-1.457134
4djv,4djv_446,1.590,-1.290817,-1.208614
4djv,4djv_447,2.690,-1.911001,-2.080039
4djv,4djv_452,1.990,-1.672533,-1.343100
4djv,4djv_457,4.640,-1.701764,-1.124522
4djv,4djv_467,3.900,-2.737164,-1.989515
4djv,4djv_476,2.980,-1.701101,-1.485137
4djv,4djv_483,2.910,-2.348087,-0.995469
4djv,4djv_491,2.560,-2.007899,-1.458801
4djv,4djv_492,1.760,-1.485883,-0.921704
4djv,4djv_496,1.930,-1.449343,-1.459417
4djv,4djv_497,2.300,-2.026949,-1.110598
4djv,4djv_521,7.510,-8.137994,-2.278559
4djv,4djv_533,6.490,-5.912113,-2.450878
4djv,4djv_544,4.980,-3.204221,-1.588385
4djv,4djv_546,3.910,-3.262731,-1.525521
4djv,4djv_551,4.760,-3.981134,-1.607638
4djv,4djv_557,1.560,-1.750980,-0.959184
4djv,4djv_561,5.450,-2.922518,-1.777761
4djv,4djv_563,3.920,-2.833392,-1.286831
4djv,4djv_570,6.120,-3.850474,-1.886451
4djv,4djv_58,6.030,-5.815856,-1.541307
4djv,4djv_584,8.090,-7.709900,-2.341741
4djv,4djv_590,3.710,-1.692607,-1.394242
4djv,4djv_592,6.130,-6.074461,-2.191837
4djv,4djv_607,4.730,-4.152954,-1.700701
4djv,4djv_612,7.170,-7.074737,-1.355418
4djv,4djv_615,7.460,-6.615140,-1.954834
4djv,4djv_617,5.480,-3.722295,-1.882740
4djv,4djv_637,4.040,-2.879385,-1.721442
4djv,4djv_640,5.530,-4.344667,-1.447998
4djv,4djv_650,2.770,-2.147469,-1.353440
4djv,4djv_659,4.590,-3.059192,-1.693901
4djv,4djv_661,7.450,-6.754146,-1.919759
4djv,4djv_666,6.270,-5.450100,-1.797736
4djv,4djv_672,2.560,-2.600786,-1.188778
4djv,4djv_675,5.630,-3.005105,-1.539152
4djv,4djv_676,4.590,-3.533999,-1.615717
4djv,4djv_677,6.420,-4.646695,-1.514122
4djv,4djv_687,2.230,-1.806304,-1.358680
4djv,4djv_694,7.490,-7.712479,-2.042222
4djv,4djv_696,5.650,-5.867963,-2.111523
4djv,4djv_7,0.880,-0.250206,-1.017345
4djv,4djv_701,0.420,-0.321042,-1.221562
4djv,4djv_823,7.130,-7.810005,-1.590502
4djv,4djv_830,7.090,-7.804213,-1.693106
4djv,4djv_900,7.290,-8.016932,-1.740370
4djv,4djv_913,6.450,-7.471291,-1.640771
4djv,4djv_923,7.150,-8.075293,-1.798877
4djv,4djv_957,7.010,-7.975100,-1.633124
4djv,4djv_97,6.360,-6.264393,-1.785047
4dld,4dld_109,7.010,-6.492301,-7.280236
4dld,4dld_178,0.880,-1.130750,-6.158560
4dld,4dld_198,6.700,-5.844867,-6.905047
4dld,4dld_199,6.340,-5.390324,-7.352414
4dld,4dld_207,0.530,-0.491379,-5.792355
4dld,4dld_208,0.510,-0.484471,-5.989320
4dld,4dld_211,0.340,-0.471491,-6.101039
4dld,4dld_249,1.940,-0.940850,-6.803106
4dld,4dld_252,2.240,-2.387779,-6.648698
4dld,4dld_260,1.850,-1.775320,-6.412425
4dld,4dld_261,1.020,-0.775284,-7.136974
4dld,4dld_262,1.000,-0.696943,-6.677694
4dld,4dld_282,1.340,-1.169113,-6.923509
4dld,4dld_285,0.870,-0.499445,-6.112736
4dld,4dld_293,0.850,-0.900961,-6.323760
4dld,4dld_300,0.960,-0.668768,-6.294012
4dld,4dld_313,6.300,-4.649552,-6.719198
4dld,4dld_314,5.600,-3.170777,-6.566488
4dld,4dld_369,5.280,-4.654322,-7.384585
4dld,4dld_408,4.230,-1.535596,-6.678761
4dld,4dld_410,0.800,-0.992328,-6.300930
4dld,4dld_422,3.030,-2.378913,-6.464200
4dld,4dld_425,4.890,-1.672377,-6.192928
4dld,4dld_427,5.230,-1.169366,-6.334157
4dld,4dld_428,1.930,-1.359718,-6.922724
4dld,4dld_438,2.770,-2.546925,-6.986030
4dld,4dld_441,3.790,-1.775588,-6.468153
4dld,4dld_455,2.650,-1.365839,-6.661718
4dld,4dld_457,3.480,-2.136065,-7.185787
4dld,4dld_464,5.210,-2.050561,-6.218173
4dld,4dld_466,2.280,-1.870057,-6.204891
4dld,4dld_473,4.440,-3.724378,-6.168469
4dld,4dld_474,4.550,-2.171984,-6.638138
4dld,4dld_478,5.290,-2.382593,-7.292081
4dld,4dld_490,4.610,-3.941568,-6.483348
4dld,4dld_497,2.640,-1.945392,-7.614836
4dld,4dld_499,3.670,-2.922873,-7.129769
4dld,4dld_500,2.470,-2.514296,-6.142891
4dld,4dld_501,3.710,-4.115502,-7.368998
4dld,4dld_506,6.150,-4.827614,-6.058287
4dld,4dld_517,2.430,-2.136203,-6.981422
4dld,4dld_535,6.610,-5.345712,-7.011686
4dld,4dld_539,6.470,-7.534590,-6.959451
4dld,4dld_540,5.840,-4.537316,-7.179871
4dld,4dld_545,6.350,-5.302196,-6.598658
4dld,4dld_548,4.050,-4.210018,-7.967015
4dld,4dld_557,5.280,-4.421268,-6.944696
4dld,4dld_567,3.930,-4.159076,-6.827911
4dld,4dld_568,7.200,-5.907186,-6.614573
4dld,4dld_573,4.540,-5.086223,-7.737927
4dld,4dld_576,4.340,-3.938536,-7.311715
4dld,4dld_577,4.820,-5.402932,-6.590754
4dld,4dld_581,5.230,-4.739231,-7.022227
4dld,4dld_583,2.890,-1.903911,-6.704668
4dld,4dld_598,6.790,-7.054179,-7.245006
4dld,4dld_631,5.300,-4.844891,-6.666988
4dld,4dld_636,3.950,-3.582215,-6.367497
4dld,4dld_649,6.150,-5.232843,-7.484516
4dld,4dld_653,3.750,-3.534900,-6.215000
4dld,4dld_659,6.240,-4.223004,-7.020445
4dld,4dld_677,5.730,-4.279079,-6.330736
4dld,4dld_709,1.020,-0.670288,-6.410437
4dld,4dld_728,1.080,-0.751478,-5.230444
4dld,4dld_740,3.530,-3.405747,-6.787369
4dld,4dld_747,3.000,-3.276821,-5.734368
4dld,4dld_752,3.010,-3.287810,-5.780408
4dld,4dld_79,4.500,-2.901400,-6.971132
4dld,4dld_811,2.050,-2.340834,-5.785487
4dld,4dld_826,1.360,-1.350813,-5.800726
4dld,4dld_873,1.130,-1.156332,-5.801440
4dld,4dld_900,0.930,-0.939345,-6.215131
4dld,4dld_947,1.200,-1.182713,-5.794341
4dli,4dli_136,0.780,-0.735570,-5.455833
4dli,4dli_154,0.560,-0.450611,-3.874180
4dli,4dli_409,4.190,-1.230582,-4.430549
4dli,4dli_414,0.890,-1.103148,-4.490724
4dli,4dli_42,0.410,-0.423782,-4.950090
4dli,4dli_422,2.640,-2.070770,-6.334870
4dli,4dli_426,1.000,-0.574748,-4.261050
4dli,4dli_431,2.820,-2.025070,-5.780946
4dli,4dli_447,4.300,-2.130694,-5.241887
4dli,4dli_455,2.440,-2.030657,-5.663486
4dli,4dli_465,1.660,-2.013552,-4.493362
4dli,4dli_481,4.530,-1.866478,-6.346220
4dli,4dli_486,2.340,-2.164834,-4.808790
4dli,4dli_489,2.370,-2.546282,-5.180590
4dli,4dli_498,4.310,-1.978161,-6.352336
4dli,4dli_501,1.060,-0.982599,-3.970167
4dli,4dli_502,1.670,-1.138383,-4.890301
4dli,4dli_504,0.900,-0.661960,-4.491058
4dli,4dli_505,4.190,-1.574537,-5.817810
4dli,4dli_521,1.380,-1.250525,-4.467934
4dli,4dli_524,1.150,-0.944192,-4.134383
4dli,4dli_530,1.730,-0.720398,-4.233620
4dli,4dli_546,6.690,-3.031673,-4.254602
4dli,4dli_547,3.990,-1.714381,-5.130088
4dli,4dli_550,2.740,-1.448222,-5.416202
4dli,4dli_567,3.050,-2.183615,-5.920865
4dli,4dli_57,0.530,-0.487604,-5.059559
4dli,4dli_571,4.230,-1.566347,-5.421415
4dli,4dli_573,7.420,-3.737431,-4.523124
4dli,4dli_575,1.590,-1.267376,-5.576622
4dli,4dli_580,6.930,-4.353815,-6.187101
4dli,4dli_587,7.360,-4.837520,-6.277521
4dli,4dli_591,7.510,-4.425905,-4.986844
4dli,4dli_594,7.350,-3.739333,-4.538762
4dli,4dli_595,6.130,-2.864755,-5.092872
4dli,4dli_637,4.510,-1.270646,-5.106881
4dli,4dli_641,4.700,-3.066975,-6.040661
4dli,4dli_659,3.360,-1.994040,-6.477992
4dli,4dli_660,1.060,-1.120430,-4.493762
4dli,4dli_664,2.130,-1.453337,-4.377887
4dli,4dli_666,4.910,-2.591301,-5.985812
4dli,4dli_679,3.960,-1.799541,-5.749896
4dli,4dli_684,3.900,-1.331031,-4.609787
4dli,4dli_693,1.420,-1.780064,-5.188347
4dli,4dli_710,3.290,-0.533525,-5.018595
4dli,4dli_734,2.240,-0.509838,-5.259816
4dli,4dli_738,3.960,-0.717711,-4.550192
4dli,4dli_750,2.560,-0.944627,-4.515181
4dli,4dli_756,5.050,-3.848596,-5.521035
4dli,4dli_759,4.570,-2.343922,-4.562648
4dli,4dli_769,0.950,-0.741820,-4.595938
4dli,4dli_770,7.200,-3.990998,-4.380435
4dli,4dli_772,5.620,-4.468939,-6.021807
4dli,4dli_776,5.100,-2.330252,-5.735479
4dli,4dli_777,5.060,-3.639345,-6.293958
4dli,4dli_778,6.400,-6.044139,-6.210727
4dli,4dli_781,6.430,-5.961645,-6.059701
4dli,4dli_783,6.670,-2.960210,-5.653336
4dli,4dli_784,2.220,-1.428645,-4.795090
4dli,4dli_786,8.500,-6.066716,-6.360928
4dli,4dli_787,5.490,-3.624082,-6.886229
4dli,4dli_788,6.110,-4.762590,-5.139653
4dli,4dli_789,0.990,-1.250236,-4.770215
4dli,4dli_792,6.330,-4.698305,-5.036430
4dli,4dli_793,3.820,-1.798364,-6.557930
4dli,4dli_868,3.320,-1.430411,-5.219315
4dli,4dli_895,3.240,-1.354743,-5.587018
4dli,4dli_948,1.190,-0.461037,-4.768092
4dli,4dli_96,0.440,-0.493332,-4.344134
4e5w,4e5w_109,9.410,-6.803593,-5.040627
4e5w,4e5w_121,0.150,-0.447330,-2.897453
4e5w,4e5w_13,7.180,-6.393706,-2.790811
4e5w,4e5w_141,1.920,-0.512051,-2.885460
4e5w,4e5w_151,6.390,-6.089304,-3.324045
4e5w,4e5w_17,7.560,-6.145788,-3.325539
4e5w,4e5w_174,0.490,-0.769313,-3.051486
4e5w,4e5w_202,0.330,-0.573067,-2.814413
4e5w,4e5w_24,5.140,-3.527601,-2.490507
4e5w,4e5w_247,0.230,-0.582654,-2.717351
4e5w,4e5w_286,0.400,-0.720132,-2.859545
4e5w,4e5w_3,2.180,-0.879813,-3.016938
4e5w,4e5w_310,0.750,-0.937750,-2.793825
4e5w,4e5w_320,1.160,-1.100688,-2.806255
4e5w,4e5w_336,7.640,-7.476349,-2.522406
4e5w,4e5w_344,0.630,-0.767574,-3.038818
4e5w,4e5w_360,3.400,-2.680180,-3.372153
4e5w,4e5w_367,2.020,-1.780327,-3.075556
4e5w,4e5w_384,2.000,-1.764124,-2.935975
4e5w,4e5w_4,5.200,-4.112782,-2.461942
4e5w,4e5w_406,5.980,-5.595206,-2.820207
4e5w,4e5w_416,4.880,-4.943391,-3.215039
4e5w,4e5w_436,5.240,-5.494256,-3.234153
4e5w,4e5w_441,3.520,-2.646324,-3.565862
4e5w,4e5w_442,4.140,-3.725955,-3.002986
4e5w,4e5w_444,6.840,-2.027191,-3.592886
4e5w,4e5w_445,1.780,-1.255789,-3.294113
4e5w,4e5w_447,9.280,-7.224227,-5.083958
4e5w,4e5w_448,6.300,-5.968997,-3.175668
4e5w,4e5w_451,2.960,-2.834008,-3.908324
4e5w,4e5w_452,8.820,-8.166978,-4.600790
4e5w,4e5w_453,2.780,-1.955557,-3.396743
4e5w,4e5w_457,4.750,-5.324337,-3.389511
4e5w,4e5w_464,8.440,-6.107635,-4.432983
4e5w,4e5w_469,3.060,-2.658430,-3.450366
4e5w,4e5w_47,6.380,-5.404983,-2.383861
4e5w,4e5w_476,2.510,-1.458962,-3.554984
4e5w,4e5w_479,6.110,-6.051088,-3.002942
4e5w,4e5w_483,5.040,-5.083916,-3.224871
4e5w,4e5w_484,10.000,-8.229108,-4.596019
4e5w,4e5w_486,4.980,-5.047058,-3.333058
4e5w,4e5w_489,5.570,-6.090964,-3.208994
4e5w,4e5w_508,3.160,-3.080928,-3.144745
4e5w,4e5w_518,7.200,-2.586284,-4.533342
4e5w,4e5w_52,4.010,-3.117373,-3.867036
4e5w,4e5w_526,2.980,-2.320078,-3.415451
4e5w,4e5w_528,2.360,-2.045148,-3.360552
4e5w,4e5w_531,7.670,-2.068855,-3.908594
4e5w,4e5w_536,6.100,-6.571774,-4.204705
4e5w,4e5w_542,3.230,-1.818670,-3.967441
4e5w,4e5w_543,9.770,-7.850477,-4.968788
4e5w,4e5w_549,8.940,-8.314912,-4.036536
4e5w,4e5w_552,3.750,-3.749223,-3.457429
4e5w,4e5w_553,6.990,-3.517237,-4.403666
4e5w,4e5w_560,6.450,-3.271815,-4.501311
4e5w,4e5w_563,7.740,-7.897207,-4.265756
4e5w,4e5w_575,9.800,-7.730512,-4.892642
4e5w,4e5w_577,5.440,-6.415015,-3.334301
4e5w,4e5w_579,7.460,-8.323797,-3.272905
4e5w,4e5w_58,4.890,-3.732359,-2.541608
4e5w,4e5w_583,8.560,-8.303751,-4.931396
4e5w,4e5w_585,9.070,-8.260036,-3.707901
4e5w,4e5w_586,5.170,-3.053935,-3.866477
4e5w,4e5w_590,9.980,-8.309432,-4.669487
4e5w,4e5w_592,5.960,-4.360708,-4.686150
4e5w,4e5w_593,8.870,-7.998612,-3.831566
4e5w,4e5w_597,7.780,-4.375725,-4.502382
4e5w,4e5w_599,9.560,-8.348568,-3.606301
4e5w,4e5w_606,7.730,-2.387954,-3.330850
4e5w,4e5w_617,3.070,-1.668730,-3.603887
4e5w,4e5w_631,4.130,-3.561348,-4.287075
4e5w,4e5w_639,8.570,-7.127493,-4.249242
4e5w,4e5w_641,7.700,-6.857858,-3.739008
4e5w,4e5w_647,1.560,-0.626364,-3.042422
4e5w,4e5w_652,1.980,-1.657986,-3.227649
4e5w,4e5w_658,4.620,-3.882472,-3.673686
4e5w,4e5w_659,5.800,-5.800188,-3.899967
4e5w,4e5w_663,9.540,-8.229330,-4.938085
4e5w,4e5w_664,3.670,-1.855157,-3.285245
4e5w,4e5w_668,8.040,-6.541873,-4.032100
4e5w,4e5w_673,3.270,-2.279184,-3.318296
4e5w,4e5w_675,3.670,-2.673937,-3.776681
4e5w,4e5w_676,4.990,-4.666571,-3.754169
4e5w,4e5w_679,6.030,-6.582251,-3.038165
4e5w,4e5w_682,8.370,-6.863966,-4.881733
4e5w,4e5w_684,8.430,-8.115786,-4.471648
4e5w,4e5w_694,1.560,-1.365102,-3.883936
4e5w,4e5w_698,4.230,-4.713720,-3.855966
4e5w,4e5w_699,8.280,-4.589478,-5.166720
4e5w,4e5w_7,2.320,-0.690331,-3.130901
4e5w,4e5w_76,9.880,-8.266571,-4.978147
4e5w,4e5w_779,0.860,-0.624754,-2.988168
4e5w,4e5w_789,2.320,-1.341624,-3.281613
4e5w,4e5w_803,1.970,-1.196014,-3.398522
4e5w,4e5w_808,1.860,-1.335185,-3.341935
4e5w,4e5w_821,2.200,-1.046799,-3.467003
4e5w,4e5w_883,0.390,-0.546591,-2.610112
4e5w,4e5w_905,1.240,-0.724089,-3.082830
4e5w,4e5w_91,6.740,-6.807430,-3.086204
4e5w,4e5w_96,0.710,-0.641721,-3.088830
4e6q,4e6q_12,2.230,-0.605388,-1.213480
4e6q,4e6q_120,0.390,-0.144515,-0.798852
4e6q,4e6q_132,0.960,-0.857331,-0.977243
4e6q,4e6q_143,1.020,-0.811271,-1.084608
4e6q,4e6q_226,2.060,-0.327876,-1.370968
4e6q,4e6q_249,0.650,-0.220048,-1.515817
4e6q,4e6q_265,0.570,-0.424876,-1.229353
4e6q,4e6q_301,0.870,-0.209404,-1.069864
4e6q,4e6q_402,1.020,-0.741984,-1.161703
4e6q,4e6q_406,1.750,-1.256907,-1.520203
4e6q,4e6q_409,0.820,-0.440269,-1.159228
4e6q,4e6q_420,5.220,-0.724823,-1.987843
4e6q,4e6q_422,1.110,-0.936576,-1.407690
4e6q,4e6q_423,1.220,-0.331097,-1.497843
4e6q,4e6q_426,3.100,-2.139738,-1.558723
4e6q,4e6q_430,2.120,-1.849456,-1.428456
4e6q,4e6q_435,2.510,-0.895846,-1.239083
4e6q,4e6q_449,1.680,-1.463981,-1.901038
4e6q,4e6q_459,6.880,-2.779291,-1.800433
4e6q,4e6q_468,3.160,-1.882717,-1.365001
4e6q,4e6q_477,5.540,-1.734408,-1.805174
4e6q,4e6q_483,4.920,-1.298921,-1.675104
4e6q,4e6q_487,5.900,-2.603001,-1.222225
4e6q,4e6q_491,1.920,-0.946227,-1.247100
4e6q,4e6q_496,1.860,-1.131690,-1.650367
4e6q,4e6q_499,1.740,-0.959711,-0.931272
4e6q,4e6q_536,4.120,-3.430041,-1.594115
4e6q,4e6q_540,3.450,-2.644768,-1.380855
4e6q,4e6q_545,3.220,-1.469902,-0.906534
4e6q,4e6q_547,1.430,-1.132625,-1.932715
4e6q,4e6q_558,5.650,-4.870798,-1.268439
4e6q,4e6q_561,5.090,-1.636763,-1.472685
4e6q,4e6q_563,6.760,-5.397347,-2.229091
4e6q,4e6q_568,4.070,-1.373199,-1.314581
4e6q,4e6q_573,6.250,-2.273905,-1.795560
4e6q,4e6q_577,4.700,-1.714832,-1.540353
4e6q,4e6q_578,5.660,-4.081393,-1.698607
4e6q,4e6q_580,6.180,-4.784171,-1.956185
4e6q,4e6q_586,6.480,-4.504939,-1.958934
4e6q,4e6q_587,7.640,-7.355107,-2.606996
4e6q,4e6q_635,2.220,-1.054809,-1.514293
4e6q,4e6q_643,3.330,-2.405698,-1.503209
4e6q,4e6q_645,3.110,-2.253543,-1.518280
4e6q,4e6q_646,3.100,-0.939285,-1.408580
4e6q,4e6q_666,7.240,-4.243347,-2.390922
4e6q,4e6q_673,2.210,-2.177171,-0.905171
4e6q,4e6q_680,7.040,-2.700041,-2.121371
4e6q,4e6q_689,4.910,-1.825416,-1.763684
4e6q,4e6q_697,4.980,-1.941849,-1.412190
4e6q,4e6q_699,2.110,-0.725550,-1.214786
4e6q,4e6q_730,5.460,-3.350631,-1.407959
4e6q,4e6q_734,6.910,-4.058556,-2.254369
4e6q,4e6q_739,3.500,-2.063659,-1.232975
4e6q,4e6q_742,6.330,-2.833202,-1.426083
4e6q,4e6q_743,7.330,-7.322027,-1.997769
4e6q,4e6q_746,6.390,-1.229567,-1.819710
4e6q,4e6q_747,9.320,-8.283802,-1.850563
4e6q,4e6q_748,7.230,-7.316198,-2.829766
4e6q,4e6q_749,2.440,-0.238841,-1.310922
4e6q,4e6q_752,6.410,-6.484171,-2.132285
4e6q,4e6q_756,2.650,-1.262999,-1.047245
4e6q,4e6q_757,8.360,-8.355048,-2.719006
4e6q,4e6q_759,3.450,-0.793617,-1.016883
4e6q,4e6q_760,2.890,-1.745047,-1.196206
4e6q,4e6q_763,4.060,-1.588485,-0.956129
4e6q,4e6q_764,5.120,-2.206705,-1.148207
4e6q,4e6q_771,4.440,-1.883873,-1.365879
4e6q,4e6q_776,3.830,-3.486933,-1.350881
4e6q,4e6q_780,8.320,-7.997828,-2.181054
4e6q,4e6q_785,7.190,-6.523579,-1.084135
4e6q,4e6q_786,7.580,-7.434025,-2.042888
4e6q,4e6q_788,4.440,-4.203146,-1.544064
4e6q,4e6q_791,4.980,-4.668184,-1.875831
4e6q,4e6q_798,5.440,-2.375601,-1.692239
4e6q,4e6q_847,0.890,-0.208829,-0.907098
4e6q,4e6q_85,0.490,-0.275059,-1.225639
4e6q,4e6q_873,0.990,-0.886463,-1.016935
4e6q,4e6q_884,5.390,-2.488085,-0.995927
4e6q,4e6q_891,8.530,-8.325699,-2.444286
4e6q,4e6q_895,6.510,-6.250891,-1.204837
4e6q,4e6q_936,0.960,-0.189283,-1.282363
4ea2,4ea2_216,7.960,-8.294799,-5.969437
4ea2,4ea2_226,1.250,-1.050890,-6.694775
4ea2,4ea2_232,7.550,-7.297469,-6.098555
4ea2,4ea2_238,2.710,-1.803605,-6.360488
4ea2,4ea2_25,1.810,-0.920449,-6.547698
4ea2,4ea2_270,6.900,-7.544080,-6.631004
4ea2,4ea2_364,1.700,-0.694333,-5.878828
4ea2,4ea2_407,1.770,-2.222022,-6.424788
4ea2,4ea2_408,5.530,-2.074088,-7.138769
4ea2,4ea2_411,1.710,-1.855208,-6.825917
4ea2,4ea2_442,2.550,-2.536189,-7.133800
4ea2,4ea2_444,2.790,-2.351290,-6.743844
4ea2,4ea2_456,1.880,-2.090897,-7.508341
4ea2,4ea2_485,3.970,-2.574432,-7.316120
4ea2,4ea2_499,1.940,-1.318612,-7.033489
4ea2,4ea2_526,6.770,-8.174070,-6.586885
4ea2,4ea2_53,5.100,-4.927763,-5.720872
4ea2,4ea2_530,7.040,-8.360648,-6.123163
4ea2,4ea2_531,3.720,-2.675712,-7.636634
4ea2,4ea2_534,5.490,-2.060882,-6.567178
4ea2,4ea2_539,4.530,-2.364252,-6.512279
4ea2,4ea2_555,4.170,-3.293636,-7.843479
4ea2,4ea2_565,4.950,-5.573610,-6.448617
4ea2,4ea2_568,4.490,-2.801215,-6.559017
4ea2,4ea2_576,5.390,-3.321237,-6.278269
4ea2,4ea2_58,7.460,-8.172327,-5.711913
4ea2,4ea2_59,7.470,-8.221588,-6.303412
4ea2,4ea2_592,5.800,-7.197149,-6.354426
4ea2,4ea2_598,4.600,-5.120252,-7.403744
4ea2,4ea2_603,6.140,-7.961531,-6.787680
4ea2,4ea2_607,4.110,-4.347474,-6.801330
4ea2,4ea2_615,6.690,-8.319582,-6.992676
4ea2,4ea2_617,6.750,-8.346672,-6.456728
4ea2,4ea2_619,5.800,-7.849982,-7.123016
4ea2,4ea2_621,2.460,-2.390384,-6.527991
4ea2,4ea2_625,3.990,-3.075734,-7.941135
4ea2,4ea2_639,2.220,-2.377061,-7.275024
4ea2,4ea2_640,3.160,-3.222850,-6.693302
4ea2,4ea2_645,6.330,-8.261901,-6.010829
4ea2,4ea2_653,7.110,-8.240441,-6.399103
4ea2,4ea2_661,6.760,-8.119668,-6.114487
4ea2,4ea2_662,8.130,-8.367008,-6.927486
4ea2,4ea2_663,7.100,-8.355512,-6.166304
4ea2,4ea2_666,2.040,-2.172797,-6.868956
4ea2,4ea2_671,6.090,-7.607114,-6.279022
4ea2,4ea2_673,4.710,-5.175222,-7.492540
4ea2,4ea2_678,5.070,-6.228253,-6.956809
4ea2,4ea2_684,7.090,-8.357398,-6.305147
4ea2,4ea2_688,4.620,-4.072395,-6.505504
4ea2,4ea2_692,5.190,-6.144159,-6.153245
4ea2,4ea2_696,7.300,-8.387805,-6.272378
4ea2,4ea2_698,2.220,-2.170174,-6.959212
4ea2,4ea2_72,6.570,-7.953228,-7.127452
4ea2,4ea2_722,1.990,-0.833343,-5.990497
4ea2,4ea2_737,4.130,-2.591943,-6.853161
4ea2,4ea2_748,3.440,-3.031399,-6.610116
4ea2,4ea2_749,5.020,-3.829010,-7.396214
4ea2,4ea2_77,6.130,-6.807922,-5.939516
4ea2,4ea2_775,3.520,-3.192561,-6.545265
4ea2,4ea2_785,3.480,-2.916552,-6.774812
4ea2,4ea2_787,3.350,-2.134748,-6.465537
4ea2,4ea2_793,5.430,-5.783531,-7.042504
4ea2,4ea2_794,4.820,-4.437748,-7.116310
4ea2,4ea2_798,3.640,-2.707376,-6.139014
4ea2,4ea2_809,1.060,-1.257564,-6.437796
4ea2,4ea2_819,2.380,-0.790060,-6.709853
4ea2,4ea2_867,2.960,-2.155255,-6.252490
4ea2,4ea2_895,1.550,-0.727640,-7.147719
4ea2,4ea2_96,7.250,-8.085825,-6.855813
4ea2,4ea2_961,2.540,-1.422665,-6.622750
4ea2,4ea2_998,3.090,-1.365079,-6.817544
4eky,4eky_274,3.900,-3.914778,-3.423766
4eky,4eky_287,4.050,-4.013160,-3.533821
4eky,4eky_32,0.890,-0.257493,-3.287104
4eky,4eky_38,0.630,-0.443188,-3.084963
4eky,4eky_407,1.570,-1.092559,-3.337067
4eky,4eky_416,6.230,-5.198038,-3.167905
4eky,4eky_419,1.380,-0.925231,-3.176751
4eky,4eky_424,6.260,-3.983421,-3.695585
4eky,4eky_425,1.530,-1.434754,-3.602597
4eky,4eky_430,0.860,-0.778724,-3.390349
4eky,4eky_433,1.660,-1.509983,-4.185922
4eky,4eky_438,5.340,-2.741176,-3.125388
4eky,4eky_443,5.210,-2.209792,-3.741893
4eky,4eky_448,5.440,-2.254870,-3.557249
4eky,4eky_461,5.270,-1.610263,-3.274121
4eky,4eky_475,3.100,-1.805879,-3.584600
4eky,4eky_478,5.980,-4.684707,-3.300257
4eky,4eky_485,3.880,-2.939309,-3.476206
4eky,4eky_495,1.370,-1.177560,-3.459586
4eky,4eky_496,2.910,-2.614704,-2.750828
4eky,4eky_534,5.120,-4.409891,-3.934182
4eky,4eky_538,3.760,-2.758572,-3.398314
4eky,4eky_546,4.140,-2.714816,-3.950883
4eky,4eky_565,2.110,-1.426503,-3.409389
4eky,4eky_568,8.200,-6.498714,-4.024823
4eky,4eky_582,2.300,-2.493100,-3.249472
4eky,4eky_599,6.260,-5.003918,-4.020282
4eky,4eky_609,6.110,-3.570534,-3.387129
4eky,4eky_619,6.130,-6.087085,-4.132004
4eky,4eky_636,7.710,-7.370670,-3.751292
4eky,4eky_638,7.130,-4.659113,-3.854968
4eky,4eky_639,3.420,-1.572057,-3.229047
4eky,4eky_640,7.330,-5.687072,-3.815274
4eky,4eky_641,4.790,-3.896594,-3.468568
4eky,4eky_647,6.320,-3.994166,-4.535950
4eky,4eky_649,6.590,-4.049464,-3.475494
4eky,4eky_651,6.250,-3.552832,-3.669026
4eky,4eky_659,7.280,-5.732315,-4.029125
4eky,4eky_668,4.290,-2.773199,-4.027442
4eky,4eky_673,5.870,-3.640685,-3.616463
4eky,4eky_678,5.580,-2.984508,-3.266363
4eky,4eky_680,4.490,-4.089846,-3.518806
4eky,4eky_693,7.700,-5.232549,-4.107557
4eky,4eky_699,7.780,-6.298801,-3.236717
4eky,4eky_700,1.560,-0.935180,-3.489260
4eky,4eky_720,2.980,-1.963645,-3.537196
4eky,4eky_725,0.960,-0.490913,-3.331460
4eky,4eky_727,4.340,-2.396733,-3.966948
4eky,4eky_730,2.060,-0.908972,-3.407813
4eky,4eky_741,3.850,-2.389862,-3.805506
4eky,4eky_742,2.700,-1.651705,-3.314956
4eky,4eky_755,1.000,-0.185588,-3.426936
4eky,4eky_759,3.630,-2.113940,-3.386719
4eky,4eky_763,1.750,-1.495678,-3.183454
4eky,4eky_767,2.210,-0.667639,-3.410351
4eky,4eky_768,4.310,-2.959540,-3.836840
4eky,4eky_770,5.270,-2.279956,-3.396103
4eky,4eky_771,3.910,-3.173166,-3.883275
4eky,4eky_772,6.350,-4.555305,-3.540445
4eky,4eky_773,4.280,-3.897109,-3.872238
4eky,4eky_774,4.070,-3.194385,-3.638042
4eky,4eky_776,6.200,-3.539279,-4.096772
4eky,4eky_777,2.950,-2.103402,-3.404536
4eky,4eky_778,5.160,-5.559797,-3.526134
4eky,4eky_779,4.650,-4.613372,-4.220119
4eky,4eky_830,3.170,-1.667297,-3.159370
4eky,4eky_842,2.170,-0.753196,-3.376614
4eky,4eky_848,3.080,-1.281538,-2.816645
4eky,4eky_856,1.920,-0.647971,-3.245735
4eky,4eky_875,2.970,-1.105724,-2.963945
4eky,4eky_876,1.970,-0.857748,-3.485762
4eky,4eky_883,0.760,-0.369300,-3.193196
4eky,4eky_899,0.670,-0.373631,-2.963603
4eky,4eky_908,0.720,-0.368653,-3.130236
4eky,4eky_941,0.810,-0.508596,-3.695467
4eky,4eky_969,0.850,-0.551787,-2.901196
4eky,4eky_972,1.020,-0.333046,-2.353127
4eo8,4eo8_12,0.390,-0.654766,-2.718203
4eo8,4eo8_14,1.020,-0.500365,-3.358228
4eo8,4eo8_148,0.730,-0.526059,-3.392546
4eo8,4eo8_15,1.160,-1.643990,-3.541611
4eo8,4eo8_206,0.550,-0.548374,-3.048913
4eo8,4eo8_283,0.690,-0.543863,-2.992115
4eo8,4eo8_30,0.500,-0.564531,-2.616447
4eo8,4eo8_318,0.540,-0.588866,-2.754659
4eo8,4eo8_319,6.250,-7.465594,-4.712621
4eo8,4eo8_40,0.450,-0.533745,-2.854283
4eo8,4eo8_403,3.060,-2.075333,-4.101470
4eo8,4eo8_404,2.500,-2.062073,-4.254962
4eo8,4eo8_409,3.220,-2.759877,-3.787671
4eo8,4eo8_414,3.310,-2.390853,-4.065032
4eo8,4eo8_425,1.130,-1.509363,-3.438417
4eo8,4eo8_429,1.540,-2.398809,-4.070784
4eo8,4eo8_438,3.170,-2.759824,-4.139684
4eo8,4eo8_441,5.390,-5.346365,-5.176979
4eo8,4eo8_450,6.870,-7.508603,-4.948040
4eo8,4eo8_454,1.800,-2.296836,-3.413662
4eo8,4eo8_457,4.950,-1.479132,-3.988415
4eo8,4eo8_462,2.740,-3.137328,-4.606531
4eo8,4eo8_467,1.650,-2.133595,-3.837693
4eo8,4eo8_47,2.940,-3.186302,-3.902969
4eo8,4eo8_473,2.830,-2.447227,-3.290827
4eo8,4eo8_480,7.480,-7.904951,-4.889372
4eo8,4eo8_483,3.010,-3.001756,-4.058364
4eo8,4eo8_486,4.190,-2.631227,-3.638083
4eo8,4eo8_488,5.750,-4.744624,-4.319118
4eo8,4eo8_515,2.550,-3.127225,-3.344411
4eo8,4eo8_518,6.800,-5.776206,-4.330821
4eo8,4eo8_523,3.940,-1.838151,-3.370056
4eo8,4eo8_524,3.770,-3.678256,-4.338001
4eo8,4eo8_533,4.590,-4.551013,-4.728255
4eo8,4eo8_536,5.780,-4.003656,-4.793561
4eo8,4eo8_552,2.940,-2.439926,-4.434011
4eo8,4eo8_557,5.230,-3.090614,-4.505030
4eo8,4eo8_564,7.060,-6.504923,-3.822046
4eo8,4eo8_567,2.910,-2.973326,-4.143910
4eo8,4eo8_569,1.360,-1.024908,-3.151599
4eo8,4eo8_572,6.680,-6.445942,-4.366315
4eo8,4eo8_578,4.020,-1.720758,-4.033877
4eo8,4eo8_579,5.690,-5.214900,-5.095880
4eo8,4eo8_580,2.530,-2.452739,-3.785974
4eo8,4eo8_584,4.850,-2.960571,-4.253541
4eo8,4eo8_592,2.310,-3.170372,-4.253081
4eo8,4eo8_595,3.930,-1.826802,-3.914186
4eo8,4eo8_597,7.090,-5.483274,-3.443105
4eo8,4eo8_598,1.830,-1.807696,-3.877991
4eo8,4eo8_602,6.190,-6.335427,-4.337748
4eo8,4eo8_611,7.370,-7.180532,-5.102272
4eo8,4eo8_619,6.030,-4.849545,-4.548087
4eo8,4eo8_622,7.150,-6.519509,-4.762770
4eo8,4eo8_63,0.570,-0.716614,-2.941114
4eo8,4eo8_638,4.720,-4.218380,-4.223826
4eo8,4eo8_642,5.570,-5.377452,-4.355240
4eo8,4eo8_654,5.640,-4.149045,-4.037499
4eo8,4eo8_670,7.620,-7.306886,-4.365932
4eo8,4eo8_673,6.980,-7.597467,-4.319082
4eo8,4eo8_690,5.180,-4.664997,-3.981705
4eo8,4eo8_692,6.450,-3.964175,-4.036857
4eo8,4eo8_695,7.090,-7.039853,-4.369233
4eo8,4eo8_698,4.170,-4.594596,-4.846467
4eo8,4eo8_7,4.570,-5.176805,-4.212121
4eo8,4eo8_744,1.140,-0.564924,-2.898994
4eo8,4eo8_748,0.970,-0.757702,-3.660773
4eo8,4eo8_753,5.090,-5.908709,-4.489074
4eo8,4eo8_756,7.350,-8.192796,-5.301371
4eo8,4eo8_762,7.480,-8.305053,-4.775092
4eo8,4eo8_766,4.060,-1.654423,-3.627489
4eo8,4eo8_773,6.330,-7.111086,-4.449075
4eo8,4eo8_781,5.010,-5.124892,-3.394200
4eo8,4eo8_782,3.990,-1.674741,-3.301869
4eo8,4eo8_783,7.260,-8.240656,-5.571889
4eo8,4eo8_864,1.150,-0.725100,-3.061534
4eo8,4eo8_880,2.940,-1.849416,-3.570300
4eo8,4eo8_883,3.800,-3.546566,-3.517955
4eo8,4eo8_886,4.210,-4.512010,-4.275076
4eo8,4eo8_9,6.530,-7.440261,-4.767704
4eo8,4eo8_91,0.760,-1.067957,-3.546922
4eor,4eor_121,0.520,-0.760032,-2.301043
4eor,4eor_145,4.920,-0.859652,-3.004198
4eor,4eor_155,4.560,-2.387689,-3.499877
4eor,4eor_257,0.790,-0.739523,-3.061625
4eor,4eor_267,5.780,-1.986359,-3.885778
4eor,4eor_309,5.710,-1.803207,-3.611792
4eor,4eor_31,1.120,-1.038031,-2.912442
4eor,4eor_346,2.370,-1.676004,-3.101789
4eor,4eor_361,0.740,-1.158738,-2.834217
4eor,4eor_403,3.490,-2.817953,-3.724222
4eor,4eor_408,2.600,-2.171113,-3.288680
4eor,4eor_414,2.100,-1.532950,-3.541971
4eor,4eor_424,4.620,-1.825024,-3.478822
4eor,4eor_425,4.740,-1.256469,-2.951904
4eor,4eor_427,3.680,-1.932267,-3.164988
4eor,4eor_430,5.930,-3.089184,-3.319529
4eor,4eor_431,3.600,-2.279165,-4.043154
4eor,4eor_446,2.670,-1.991406,-2.906646
4eor,4eor_448,3.330,-2.623090,-3.669097
4eor,4eor_450,3.120,-2.186297,-3.930161
4eor,4eor_455,1.900,-1.393627,-3.794344
4eor,4eor_465,7.670,-5.848336,-3.823198
4eor,4eor_474,3.120,-1.790307,-2.789845
4eor,4eor_479,8.310,-5.654824,-4.405776
4eor,4eor_480,4.650,-1.926695,-3.356906
4eor,4eor_483,1.700,-1.478972,-3.145895
4eor,4eor_485,5.550,-1.962803,-2.968032
4eor,4eor_494,5.220,-2.184970,-2.975999
4eor,4eor_501,0.810,-0.671334,-2.626669
4eor,4eor_506,1.200,-0.814109,-3.041675
4eor,4eor_511,1.620,-1.724722,-2.722160
4eor,4eor_513,6.220,-4.004100,-3.628201
4eor,4eor_519,3.330,-2.617249,-5.081914
4eor,4eor_523,6.990,-3.405328,-4.653792
4eor,4eor_524,9.060,-6.183906,-4.651797
4eor,4eor_530,2.440,-2.118720,-3.589976
4eor,4eor_536,4.490,-4.698381,-3.955201
4eor,4eor_539,6.700,-1.500316,-4.219022
4eor,4eor_541,6.250,-2.526736,-3.670323
4eor,4eor_544,3.700,-3.270897,-3.489225
4eor,4eor_548,8.140,-2.980212,-3.146373
4eor,4eor_552,6.400,-1.319504,-3.874937
4eor,4eor_557,2.180,-1.634743,-3.987316
4eor,4eor_558,6.270,-1.884245,-3.278372
4eor,4eor_559,2.370,-2.007702,-3.231857
4eor,4eor_562,7.940,-4.445138,-3.874663
4eor,4eor_565,2.040,-1.770906,-3.108698
4eor,4eor_568,2.480,-2.149819,-3.305828
4eor,4eor_577,5.670,-1.086350,-3.387856
4eor,4eor_584,2.610,-2.534143,-4.177334
4eor,4eor_585,7.920,-1.754914,-2.901645
4eor,4eor_588,4.910,-1.750533,-3.213856
4eor,4eor_592,5.890,-1.259117,-3.558174
4eor,4eor_595,7.030,-1.769734,-2.987739
4eor,4eor_604,1.730,-1.866307,-2.802680
4eor,4eor_612,4.700,-2.065688,-2.440325
4eor,4eor_620,8.290,-3.460435,-4.367086
4eor,4eor_643,7.930,-6.054305,-4.225367
4eor,4eor_649,3.870,-2.176758,-3.128212
4eor,4eor_650,8.050,-3.198899,-4.048968
4eor,4eor_652,6.380,-2.587525,-3.816175
4eor,4eor_659,4.800,-1.750928,-2.992625
4eor,4eor_666,5.440,-1.391047,-2.975565
4eor,4eor_672,8.710,-6.447886,-3.557328
4eor,4eor_674,7.910,-2.827103,-3.629668
4eor,4eor_677,8.450,-6.332171,-4.495549
4eor,4eor_682,5.710,-4.796750,-3.312905
4eor,4eor_687,3.680,-2.917009,-3.776857
4eor,4eor_69,1.920,-2.052997,-2.752346
4eor,4eor_690,7.440,-5.589241,-4.332812
4eor,4eor_697,7.240,-2.124242,-4.037129
4eor,4eor_701,0.530,-0.768737,-2.798077
4eor,4eor_712,1.040,-1.092491,-2.985135
4eor,4eor_718,0.740,-1.031295,-2.890903
4eor,4eor_72,4.720,-1.117602,-3.238137
4eor,4eor_736,1.120,-1.014828,-2.719070
4eor,4eor_744,1.370,-0.993823,-2.910185
4eor,4eor_745,5.780,-0.607968,-3.660984
4eor,4eor_746,6.370,-1.569675,-4.253926
4eor,4eor_749,7.620,-1.378496,-3.269493
4eor,4eor_757,8.270,-3.911977,-5.514844
4eor,4eor_760,7.780,-2.030875,-4.289982
4eor,4eor_763,8.200,-2.357672,-4.660504
4eor,4eor_764,8.090,-2.225345,-4.475598
4eor,4eor_769,6.250,-1.906930,-3.071331
4eor,4eor_773,6.670,-3.334362,-3.305444
4eor,4eor_790,0.970,-0.734351,-2.608722
4eor,4eor_850,0.620,-0.730581,-2.861523
4eor,4eor_860,0.970,-0.974736,-2.881869
4eor,4eor_911,0.880,-0.550438,-2.884490
4f09,4f09_182,0.720,-0.544127,-0.747576
4f09,4f09_270,0.270,-0.324122,-1.245318
4f09,4f09_407,0.790,-0.631260,-1.016388
4f09,4f09_408,1.160,-0.731211,-1.324592
4f09,4f09_421,0.910,-0.599070,-1.061914
4f09,4f09_424,1.470,-0.838532,-1.348176
4f09,4f09_439,4.460,-1.534367,-1.352984
4f09,4f09_450,1.120,-1.444720,-0.735975
4f09,4f09_456,3.950,-1.185586,-1.184171
4f09,4f09_457,3.040,-1.820559,-1.468339
4f09,4f09_472,6.880,-5.517663,-3.634883
4f09,4f09_489,2.750,-1.051800,-1.344042
4f09,4f09_522,8.120,-7.294580,-3.436920
4f09,4f09_529,7.260,-6.136428,-3.378830
4f09,4f09_534,7.810,-6.634969,-3.688889
4f09,4f09_538,6.360,-5.170752,-1.699312
4f09,4f09_539,7.370,-5.761333,-3.192471
4f09,4f09_546,8.470,-7.529470,-3.754885
4f09,4f09_550,8.170,-6.610567,-3.041812
4f09,4f09_551,7.270,-5.893548,-2.945119
4f09,4f09_552,8.460,-7.166133,-3.547759
4f09,4f09_557,5.720,-3.638653,-2.786253
4f09,4f09_564,1.450,-1.456769,-1.537980
4f09,4f09_572,4.170,-2.288375,-1.354717
4f09,4f09_576,8.170,-7.048508,-5.096049
4f09,4f09_584,7.980,-7.069220,-2.819669
4f09,4f09_586,3.240,-1.795707,-0.809495
4f09,4f09_595,2.330,-1.598818,-1.344965
4f09,4f09_597,7.760,-6.581586,-3.175083
4f09,4f09_600,7.870,-6.316151,-2.919595
4f09,4f09_605,1.900,-1.839884,-1.387259
4f09,4f09_611,8.020,-7.214082,-2.520969
4f09,4f09_621,1.350,-0.964101,-1.442264
4f09,4f09_623,1.570,-0.922160,-1.072962
4f09,4f09_631,2.000,-1.878845,-1.313335
4f09,4f09_633,5.030,-2.217374,-1.178804
4f09,4f09_654,3.310,-1.270811,-0.984190
4f09,4f09_655,3.260,-1.448169,-1.237124
4f09,4f09_671,6.770,-4.969356,-2.377320
4f09,4f09_683,2.520,-1.146212,-1.182084
4f09,4f09_690,4.640,-1.767550,-1.142851
4f09,4f09_704,0.610,-0.436709,-1.160889
4f09,4f09_707,0.710,-0.310542,-0.712330
4f09,4f09_709,1.530,-0.623477,-1.101689
4f09,4f09_711,4.010,-1.712523,-1.513227
4f09,4f09_717,2.630,-0.326536,-0.868225
4f09,4f09_718,2.640,-0.689416,-1.450148
4f09,4f09_721,4.030,-1.332654,-1.414137
4f09,4f09_723,3.570,-1.576433,-1.119278
4f09,4f09_730,4.110,-1.637199,-1.302352
4f09,4f09_734,5.860,-2.924018,-1.784829
4f09,4f09_743,5.700,-3.198829,-2.202786
4f09,4f09_745,7.190,-5.909664,-2.746587
4f09,4f09_746,2.970,-1.182451,-1.291850
4f09,4f09_753,6.180,-4.926270,-2.614976
4f09,4f09_754,6.680,-5.388812,-1.924673
4f09,4f09_755,5.020,-0.870052,-1.589160
4f09,4f09_756,6.840,-4.470007,-1.885049
4f09,4f09_757,4.620,-4.046151,-1.677523
4f09,4f09_760,6.730,-4.537570,-1.778286
4f09,4f09_762,4.720,-1.670448,-1.363990
4f09,4f09_763,6.230,-4.203456,-2.397319
4f09,4f09_767,5.960,-4.481164,-1.966825
4f09,4f09_769,6.920,-4.872876,-1.905442
4f09,4f09_771,9.910,-7.942294,-3.826445
4f09,4f09_773,4.740,-4.119649,-1.759318
4f09,4f09_774,5.350,-3.508766,-2.501128
4f09,4f09_812,3.930,-1.507652,-1.252248
4f09,4f09_832,5.360,-5.792204,-1.149855
4f09,4f09_844,4.760,-2.815907,-1.396465
4f09,4f09_846,7.150,-6.142396,-2.457629
4f09,4f09_848,7.740,-6.523537,-4.218032
4f09,4f09_863,5.060,-2.731973,-1.781586
4f09,4f09_866,5.810,-6.100027,-1.427827
4f09,4f09_871,6.240,-5.719500,-1.532416
4f09,4f09_874,2.250,-1.674937,-1.171686
4f09,4f09_875,3.780,-1.957322,-1.684470
4f09,4f09_893,0.300,-0.352684,-0.577519
4f09,4f09_899,1.020,-0.469295,-0.468180
4f09,4f09_903,0.510,-0.363363,-0.521159
4f09,4f09_91,0.670,-0.379424,-0.931589
4f09,4f09_919,0.620,-0.340014,-0.403554
4f09,4f09_944,2.690,-1.010695,-0.978569
4f09,4f09_954,3.720,-1.408122,-1.449861
4f09,4f09_965,2.620,-1.603252,-0.831639
4f09,4f09_967,2.580,-0.429527,-1.092876
4f09,4f09_975,3.140,-0.868755,-1.126469
4f2w,4f2w_101,5.400,-4.315779,-3.989324
4f2w,4f2w_105,0.600,-0.588930,-3.191947
4f2w,4f2w_121,8.400,-8.200677,-5.670919
4f2w,4f2w_122,5.040,-3.728955,-3.725682
4f2w,4f2w_124,2.320,-1.232176,-3.519643
4f2w,4f2w_136,8.900,-8.292321,-5.254254
4f2w,4f2w_142,0.570,-0.601184,-3.218168
4f2w,4f2w_144,5.530,-4.449327,-3.704549
4f2w,4f2w_147,8.520,-8.173106,-5.454925
4f2w,4f2w_151,8.690,-8.317748,-4.964118
4f2w,4f2w_154,8.530,-8.309096,-5.026094
4f2w,4f2w_155,7.720,-6.333999,-5.262233
4f2w,4f2w_163,8.640,-8.314281,-5.267085
4f2w,4f2w_187,8.610,-7.882505,-5.685678
4f2w,4f2w_198,8.980,-8.336613,-5.506657
4f2w,4f2w_264,0.600,-0.464693,-1.901449
4f2w,4f2w_360,1.030,-0.594964,-3.276543
4f2w,4f2w_407,6.040,-2.211030,-3.957747
4f2w,4f2w_420,1.880,-1.553085,-3.527907
4f2w,4f2w_428,5.900,-2.350060,-4.287048
4f2w,4f2w_431,2.250,-2.077102,-3.980624
4f2w,4f2w_435,5.920,-1.951964,-4.062693
4f2w,4f2w_436,2.290,-1.782791,-3.005657
4f2w,4f2w_437,6.200,-2.473611,-4.032503
4f2w,4f2w_439,5.910,-2.158673,-3.167865
4f2w,4f2w_442,1.240,-1.047145,-3.128677
4f2w,4f2w_45,8.530,-8.254464,-5.297041
4f2w,4f2w_454,1.850,-0.917946,-3.331460
4f2w,4f2w_465,6.080,-2.195278,-3.098558
4f2w,4f2w_467,5.690,-1.345849,-4.573181
4f2w,4f2w_468,2.010,-1.509564,-2.756479
4f2w,4f2w_473,2.620,-1.737080,-4.129996
4f2w,4f2w_474,5.170,-2.074724,-2.862835
4f2w,4f2w_476,1.470,-1.524358,-4.189042
4f2w,4f2w_480,2.480,-1.793445,-4.110324
4f2w,4f2w_482,7.200,-5.827673,-4.956110
4f2w,4f2w_484,1.660,-1.715615,-3.732741
4f2w,4f2w_486,5.740,-1.893110,-3.544769
4f2w,4f2w_519,6.770,-4.360212,-4.235754
4f2w,4f2w_521,7.350,-6.340453,-5.326279
4f2w,4f2w_523,4.850,-3.548811,-2.479650
4f2w,4f2w_542,3.750,-2.255180,-4.056010
4f2w,4f2w_543,6.850,-4.424774,-4.910557
4f2w,4f2w_552,7.060,-6.667302,-5.054485
4f2w,4f2w_559,4.590,-2.662090,-4.746663
4f2w,4f2w_562,6.430,-3.809886,-4.265495
4f2w,4f2w_567,7.030,-5.661337,-5.125408
4f2w,4f2w_571,6.290,-4.643812,-4.912191
4f2w,4f2w_581,7.130,-5.465767,-5.399005
4f2w,4f2w_582,6.620,-4.371508,-3.880766
4f2w,4f2w_585,7.200,-5.808819,-5.203080
4f2w,4f2w_586,3.170,-2.547701,-3.486735
4f2w,4f2w_589,1.950,-1.521611,-3.876201
4f2w,4f2w_597,3.900,-3.376750,-4.433216
4f2w,4f2w_608,6.410,-3.972361,-4.820884
4f2w,4f2w_620,2.400,-1.288321,-3.286761
4f2w,4f2w_631,2.180,-1.396999,-3.305328
4f2w,4f2w_638,7.030,-4.372783,-4.833772
4f2w,4f2w_657,6.060,-3.174375,-4.249678
4f2w,4f2w_658,5.610,-2.748614,-3.969300
4f2w,4f2w_66,8.630,-8.299870,-3.986914
4f2w,4f2w_664,2.860,-1.082764,-2.151145
4f2w,4f2w_665,7.730,-7.447955,-5.603751
4f2w,4f2w_671,2.390,-1.682065,-3.178375
4f2w,4f2w_687,7.340,-6.643157,-4.680129
4f2w,4f2w_725,1.000,-0.593876,-2.276934
4f2w,4f2w_749,1.520,-0.794838,-3.113576
4f2w,4f2w_770,1.820,-0.911846,-3.105986
4f2w,4f2w_796,0.540,-0.414684,-3.102429
4f2w,4f2w_825,0.900,-0.680776,-2.563637
4f2w,4f2w_901,0.590,-0.463456,-2.472572
4f2w,4f2w_907,0.440,-0.643534,-2.987913
4f2w,4f2w_917,0.410,-0.536585,-3.011579
4f2w,4f2w_922,1.040,-1.044880,-3.479017
4f2w,4f2w_979,0.630,-0.510525,-2.656248
4f3c,4f3c_101,9.380,-8.362532,-6.179311
4f3c,4f3c_104,9.500,-8.307373,-5.103351
4f3c,4f3c_140,8.060,-5.959420,-5.442009
4f3c,4f3c_150,9.830,-8.300997,-5.335293
4f3c,4f3c_178,8.070,-6.655991,-6.326672
4f3c,4f3c_190,9.400,-8.309278,-5.198864
4f3c,4f3c_21,2.490,-2.557367,-4.933411
4f3c,4f3c_251,0.780,-1.376389,-4.220715
4f3c,4f3c_28,5.900,-6.284816,-5.993203
4f3c,4f3c_301,9.240,-8.289464,-5.375483
4f3c,4f3c_308,9.420,-8.306212,-5.979608
4f3c,4f3c_323,1.960,-2.303643,-5.503443
4f3c,4f3c_362,0.530,-1.507965,-4.019302
4f3c,4f3c_363,1.300,-2.110705,-4.091951
4f3c,4f3c_382,0.600,-1.722772,-4.068077
4f3c,4f3c_390,8.770,-8.305901,-5.209014
4f3c,4f3c_394,9.180,-8.342202,-5.372733
4f3c,4f3c_400,9.550,-8.297243,-5.616500
4f3c,4f3c_403,1.160,-1.456587,-3.986331
4f3c,4f3c_404,1.780,-1.394635,-4.525112
4f3c,4f3c_409,1.810,-2.804901,-5.380246
4f3c,4f3c_420,6.670,-2.920306,-5.387893
4f3c,4f3c_429,6.600,-2.249564,-4.985645
4f3c,4f3c_430,7.320,-3.269876,-5.671939
4f3c,4f3c_434,2.740,-1.668729,-4.853508
4f3c,4f3c_445,3.310,-1.777901,-5.413733
4f3c,4f3c_447,1.820,-3.361904,-4.509059
4f3c,4f3c_450,5.900,-2.869260,-6.329460
4f3c,4f3c_451,1.520,-2.309431,-5.026034
4f3c,4f3c_452,2.170,-2.654121,-4.368755
4f3c,4f3c_458,1.600,-2.440721,-4.143707
4f3c,4f3c_463,2.640,-2.181296,-5.566366
4f3c,4f3c_465,7.090,-6.098721,-6.229977
4f3c,4f3c_470,6.790,-3.086031,-4.916496
4f3c,4f3c_472,2.320,-1.976795,-4.736930
4f3c,4f3c_474,2.180,-2.525288,-5.540085
4f3c,4f3c_479,2.490,-1.668142,-4.844980
4f3c,4f3c_480,3.260,-2.341350,-4.652964
4f3c,4f3c_481,1.920,-2.166819,-4.389231
4f3c,4f3c_490,6.200,-2.553279,-5.002090
4f3c,4f3c_496,6.320,-1.760403,-5.669807
4f3c,4f3c_497,7.200,-3.319996,-5.471595
4f3c,4f3c_507,4.760,-4.634775,-6.457857
4f3c,4f3c_513,5.890,-5.967041,-5.595003
4f3c,4f3c_514,8.850,-8.366803,-5.141034
4f3c,4f3c_516,6.390,-7.206707,-5.860218
4f3c,4f3c_523,7.550,-3.913852,-5.688084
4f3c,4f3c_524,5.060,-4.413050,-5.369561
4f3c,4f3c_525,5.000,-5.014459,-5.340456
4f3c,4f3c_530,9.320,-8.341272,-5.968591
4f3c,4f3c_538,7.820,-8.330896,-6.209466
4f3c,4f3c_54,6.130,-7.652216,-5.458219
4f3c,4f3c_542,6.280,-6.907398,-5.508864
4f3c,4f3c_544,6.180,-6.757263,-4.987678
4f3c,4f3c_545,8.340,-6.198578,-5.286364
4f3c,4f3c_553,7.800,-6.326951,-5.723480
4f3c,4f3c_556,6.100,-5.934675,-5.221273
4f3c,4f3c_558,5.300,-5.480940,-6.143094
4f3c,4f3c_559,5.490,-5.162966,-5.559642
4f3c,4f3c_561,4.460,-4.170957,-5.272222
4f3c,4f3c_563,8.140,-6.807984,-6.377945
4f3c,4f3c_568,4.780,-4.823677,-5.559321
4f3c,4f3c_569,7.930,-8.334798,-6.002535
4f3c,4f3c_57,5.670,-5.781615,-5.763212
4f3c,4f3c_573,5.930,-5.548251,-5.637985
4f3c,4f3c_577,8.370,-8.336907,-5.248747
4f3c,4f3c_585,7.190,-7.896074,-5.437092
4f3c,4f3c_587,5.940,-6.284952,-6.101499
4f3c,4f3c_592,4.910,-5.083650,-5.373947
4f3c,4f3c_595,4.580,-4.892311,-5.871313
4f3c,4f3c_6,8.250,-7.170928,-5.676433
4f3c,4f3c_600,5.020,-5.573601,-5.749213
4f3c,4f3c_61,0.440,-1.664631,-4.165091
4f3c,4f3c_612,2.110,-2.255853,-4.639617
4f3c,4f3c_642,8.270,-8.153958,-5.858544
4f3c,4f3c_643,4.900,-5.487596,-5.627810
4f3c,4f3c_646,2.630,-2.013668,-5.301636
4f3c,4f3c_667,7.850,-5.687022,-5.239440
4f3c,4f3c_680,4.860,-4.657846,-6.086568
4f3c,4f3c_682,4.010,-3.662532,-4.474479
4f3c,4f3c_685,8.140,-6.261271,-5.421852
4f3c,4f3c_687,3.910,-4.081181,-5.868088
4f3c,4f3c_688,4.030,-3.985612,-5.619675
4f3c,4f3c_689,9.270,-8.345984,-5.933807
4f3c,4f3c_693,2.770,-3.307237,-6.146100
4f3c,4f3c_696,3.430,-3.098497,-4.536188
4f3c,4f3c_72,7.890,-6.562693,-5.792518
4f3c,4f3c_744,0.730,-1.555718,-3.956404
4f3c,4f3c_755,0.320,-1.615932,-4.066732
4f3c,4f3c_773,0.780,-1.780143,-4.925162
4f3c,4f3c_833,0.640,-1.262019,-4.074036
4f3c,4f3c_871,1.050,-1.537518,-4.446736
4f3c,4f3c_885,1.000,-1.617925,-4.314443
4f3c,4f3c_926,1.000,-1.668724,-4.170132
4f9w,4f9w_10,0.540,-0.349506,-1.913400
4f9w,4f9w_113,0.600,-0.488171,-1.476717
4f9w,4f9w_169,1.080,-0.820080,-0.872468
4f9w,4f9w_194,0.350,-0.328249,-1.239137
4f9w,4f9w_25,0.530,-0.312134,-1.126188
4f9w,4f9w_283,0.550,-0.573815,-1.680778
4f9w,4f9w_36,0.300,-0.253000,-1.168567
4f9w,4f9w_366,1.510,-0.476778,-1.801847
4f9w,4f9w_396,2.020,-0.890583,-2.127644
4f9w,4f9w_401,1.790,-2.240218,-1.482655
4f9w,4f9w_405,1.960,-1.272590,-1.453472
4f9w,4f9w_406,1.510,-1.204911,-1.246873
4f9w,4f9w_407,0.870,-0.589924,-1.823796
4f9w,4f9w_408,1.190,-0.687021,-1.501615
4f9w,4f9w_419,2.680,-1.139029,-1.376645
4f9w,4f9w_421,5.180,-1.681898,-1.956695
4f9w,4f9w_435,0.930,-1.164243,-2.389349
4f9w,4f9w_442,3.270,-2.448518,-1.580085
4f9w,4f9w_445,1.980,-2.477157,-2.121701
4f9w,4f9w_452,2.250,-3.025556,-2.577346
4f9w,4f9w_456,1.520,-1.606143,-2.653050
4f9w,4f9w_463,2.280,-1.631571,-1.958499
4f9w,4f9w_466,3.100,-1.506670,-1.553728
4f9w,4f9w_469,2.570,-1.707677,-2.083768
4f9w,4f9w_476,4.890,-1.358156,-1.512858
4f9w,4f9w_479,4.720,-1.868305,-1.717003
4f9w,4f9w_480,5.640,-3.990926,-1.589625
4f9w,4f9w_485,1.330,-1.805455,-1.819923
4f9w,4f9w_487,2.700,-1.834680,-1.228063
4f9w,4f9w_489,4.750,-5.089179,-1.514523
4f9w,4f9w_505,3.180,-1.683266,-1.507387
4f9w,4f9w_518,4.670,-5.131693,-2.407953
4f9w,4f9w_523,4.930,-1.152075,-1.595103
4f9w,4f9w_524,6.320,-3.263083,-2.120558
4f9w,4f9w_526,5.290,-6.227879,-2.335299
4f9w,4f9w_527,6.340,-5.626759,-1.415984
4f9w,4f9w_529,5.870,-2.963979,-1.652621
4f9w,4f9w_530,2.150,-2.452412,-2.254742
4f9w,4f9w_565,3.540,-1.293384,-1.427830
4f9w,4f9w_571,5.190,-3.726981,-1.625845
4f9w,4f9w_572,6.230,-7.613904,-2.226036
4f9w,4f9w_573,5.340,-5.376297,-2.393848
4f9w,4f9w_580,5.750,-7.032730,-2.074435
4f9w,4f9w_581,7.410,-5.557691,-1.941449
4f9w,4f9w_583,8.110,-7.019331,-3.220724
4f9w,4f9w_588,4.410,-3.263292,-1.806519
4f9w,4f9w_592,5.300,-5.623715,-2.806315
4f9w,4f9w_599,7.480,-5.054821,-2.206877
4f9w,4f9w_609,1.860,-2.257933,-2.389711
4f9w,4f9w_621,3.500,-3.874585,-2.396444
4f9w,4f9w_630,2.790,-2.516365,-2.224187
4f9w,4f9w_637,4.810,-3.298413,-1.387145
4f9w,4f9w_653,4.710,-3.979420,-2.366749
4f9w,4f9w_661,3.040,-2.935760,-1.789144
4f9w,4f9w_664,2.110,-2.132236,-1.427210
4f9w,4f9w_671,6.090,-2.926249,-1.501620
4f9w,4f9w_673,3.400,-3.585160,-1.683834
4f9w,4f9w_674,6.990,-7.906728,-2.305358
4f9w,4f9w_684,7.330,-5.841287,-1.624161
4f9w,4f9w_685,7.100,-5.843321,-2.092495
4f9w,4f9w_687,3.000,-1.655683,-1.888123
4f9w,4f9w_695,3.150,-1.732545,-1.860715
4f9w,4f9w_732,3.100,-0.938385,-1.560025
4f9w,4f9w_737,6.030,-5.864077,-2.243141
4f9w,4f9w_782,5.630,-5.073113,-1.411601
4f9w,4f9w_783,6.280,-6.123942,-2.804171
4f9w,4f9w_784,6.560,-5.335790,-2.147003
4f9w,4f9w_787,5.760,-2.234001,-1.836761
4f9w,4f9w_788,6.330,-4.851161,-1.718780
4f9w,4f9w_798,6.160,-4.972817,-2.465624
4f9w,4f9w_86,0.490,-0.477627,-1.941247
4f9w,4f9w_899,4.730,-4.533965,-1.903878
4f9w,4f9w_92,4.800,-5.285891,-1.705712
4f9w,4f9w_96,0.530,-0.376337,-1.273213
4f9w,4f9w_996,3.250,-3.046766,-1.537228
4gfm,4gfm_183,6.020,-0.890182,-5.782958
4gfm,4gfm_214,0.460,-0.577965,-5.116271
4gfm,4gfm_219,1.970,-0.859778,-5.750843
4gfm,4gfm_225,0.430,-0.635284,-4.259385
4gfm,4gfm_249,0.270,-0.615333,-4.289818
4gfm,4gfm_251,0.340,-0.604720,-4.738830
4gfm,4gfm_271,5.130,-2.038853,-5.620085
4gfm,4gfm_286,0.490,-0.601051,-5.211073
4gfm,4gfm_291,0.700,-0.576532,-5.088644
4gfm,4gfm_373,6.060,-1.637533,-5.723607
4gfm,4gfm_408,1.900,-0.504479,-5.013685
4gfm,4gfm_415,1.260,-0.711813,-4.455200
4gfm,4gfm_425,2.220,-0.546420,-5.993014
4gfm,4gfm_428,2.310,-1.351345,-6.279542
4gfm,4gfm_433,1.010,-1.044072,-5.752037
4gfm,4gfm_450,6.040,-2.369923,-7.952399
4gfm,4gfm_456,1.870,-1.332337,-4.440264
4gfm,4gfm_466,1.130,-1.002204,-4.585058
4gfm,4gfm_467,6.270,-2.593614,-5.816925
4gfm,4gfm_469,2.290,-1.401037,-5.572990
4gfm,4gfm_477,1.860,-1.233911,-5.596592
4gfm,4gfm_487,6.010,-1.906922,-5.474617
4gfm,4gfm_488,4.020,-2.450839,-6.480309
4gfm,4gfm_49,2.600,-1.338793,-6.346320
4gfm,4gfm_496,1.610,-1.509459,-5.758493
4gfm,4gfm_506,4.770,-4.150484,-6.735279
4gfm,4gfm_508,5.110,-4.448845,-6.549440
4gfm,4gfm_528,0.740,-0.523248,-5.590714
4gfm,4gfm_553,3.860,-1.811165,-5.029474
4gfm,4gfm_558,8.990,-7.888891,-5.668539
4gfm,4gfm_565,6.300,-3.701433,-6.068863
4gfm,4gfm_568,7.160,-4.781278,-6.086494
4gfm,4gfm_576,3.060,-1.937537,-5.502902
4gfm,4gfm_578,3.090,-2.462796,-6.042039
4gfm,4gfm_585,2.580,-1.782637,-5.689512
4gfm,4gfm_595,7.420,-4.398562,-6.470128
4gfm,4gfm_600,4.710,-1.500741,-5.297821
4gfm,4gfm_604,0.830,-1.057733,-4.478717
4gfm,4gfm_61,2.200,-1.123887,-5.153166
4gfm,4gfm_614,2.360,-1.022313,-6.605952
4gfm,4gfm_623,6.270,-4.179459,-6.640291
4gfm,4gfm_624,4.890,-1.497885,-4.789217
4gfm,4gfm_649,3.930,-1.642585,-6.213543
4gfm,4gfm_654,5.950,-2.300707,-6.113436
4gfm,4gfm_665,5.930,-1.338555,-5.170535
4gfm,4gfm_668,4.590,-1.206112,-6.122781
4gfm,4gfm_681,3.860,-3.167315,-5.701068
4gfm,4gfm_685,3.780,-3.238926,-6.665861
4gfm,4gfm_719,1.200,-1.000378,-5.555317
4gfm,4gfm_729,3.480,-2.394995,-5.939581
4gfm,4gfm_734,4.960,-2.086149,-4.755998
4gfm,4gfm_735,2.120,-1.319096,-4.928718
4gfm,4gfm_744,7.270,-7.210159,-6.116415
4gfm,4gfm_745,7.250,-7.135132,-6.155639
4gfm,4gfm_749,8.010,-5.762129,-6.245641
4gfm,4gfm_751,7.510,-5.616138,-6.918024
4gfm,4gfm_755,6.590,-7.171617,-7.199933
4gfm,4gfm_763,3.940,-4.366466,-5.882770
4gfm,4gfm_768,2.960,-2.906207,-6.667353
4gfm,4gfm_769,7.560,-5.125312,-6.134429
4gfm,4gfm_774,5.980,-6.091868,-6.094149
4gfm,4gfm_779,4.100,-4.704209,-7.518830
4gfm,4gfm_780,4.610,-5.725502,-5.248142
4gfm,4gfm_782,4.790,-4.734252,-5.956953
4gfm,4gfm_785,5.340,-5.253915,-6.094953
4gfm,4gfm_788,5.110,-6.744141,-5.680481
4gfm,4gfm_789,3.810,-3.918763,-6.448670
4gfm,4gfm_793,5.300,-3.631627,-7.391079
4gfm,4gfm_824,4.670,-1.260702,-6.987403
4gfm,4gfm_827,2.080,-0.776224,-6.822606
4gfm,4gfm_832,5.720,-0.360433,-4.957319
4gfm,4gfm_836,8.630,-7.295441,-7.020712
4gfm,4gfm_842,5.510,-1.042143,-4.381945
4gfm,4gfm_857,6.330,-1.811857,-6.941461
4gfm,4gfm_859,8.870,-7.822856,-7.110081
4gfm,4gfm_875,7.640,-7.510049,-6.742884
4gfm,4gfm_876,7.680,-7.510049,-6.742884
4gfm,4gfm_879,7.680,-7.611251,-6.854410
4gfm,4gfm_890,6.910,-4.355664,-7.131326
4gfm,4gfm_913,0.440,-0.827187,-4.999294
4gfm,4gfm_926,0.900,-0.832467,-4.519146
4gfm,4gfm_992,1.290,-0.582652,-6.070646
4gfm,4gfm_994,3.710,-2.971601,-6.868183
4gid,4gid_132,9.120,-8.293801,-2.954546
4gid,4gid_134,6.310,-2.254428,-2.629546
4gid,4gid_197,0.770,-0.577675,-1.366764
4gid,4gid_201,0.380,-0.665893,-2.063214
4gid,4gid_204,1.190,-1.363359,-1.723591
4gid,4gid_205,0.930,-0.915001,-1.876420
4gid,4gid_217,5.900,-3.049888,-1.975747
4gid,4gid_229,7.640,-2.406374,-2.059168
4gid,4gid_230,1.140,-0.865492,-1.647345
4gid,4gid_232,7.450,-2.025678,-2.184130
4gid,4gid_235,7.370,-1.939087,-2.209998
4gid,4gid_237,6.250,-3.850541,-2.155673
4gid,4gid_242,6.870,-2.396738,-2.104149
4gid,4gid_245,1.090,-0.304534,-1.780732
4gid,4gid_246,1.570,-0.565104,-1.889391
4gid,4gid_257,0.990,-0.686195,-1.471066
4gid,4gid_259,1.140,-0.271405,-1.844882
4gid,4gid_269,0.940,-0.495239,-1.859359
4gid,4gid_270,6.940,-1.754267,-1.883659
4gid,4gid_276,4.170,-2.566365,-1.941664
4gid,4gid_277,7.200,-2.371093,-2.580227
4gid,4gid_282,1.790,-0.683889,-1.665315
4gid,4gid_285,0.990,-0.789454,-1.778536
4gid,4gid_290,5.360,-1.828991,-1.784341
4gid,4gid_291,0.810,-0.706914,-1.700722
4gid,4gid_298,0.910,-0.850938,-1.913190
4gid,4gid_301,9.820,-8.333110,-2.601265
4gid,4gid_311,8.250,-7.521581,-2.227197
4gid,4gid_315,9.380,-8.135031,-2.394709
4gid,4gid_324,7.660,-5.665943,-2.242540
4gid,4gid_336,0.970,-0.576419,-2.056137
4gid,4gid_368,9.270,-7.546541,-2.418294
4gid,4gid_372,9.640,-8.306646,-2.779409
4gid,4gid_39,8.290,-2.947063,-1.799733
4gid,4gid_393,9.410,-8.360340,-2.972036
4gid,4gid_402,3.020,-2.777069,-2.447958
4gid,4gid_405,3.840,-3.485699,-2.528240
4gid,4gid_408,2.320,-2.492622,-2.274033
4gid,4gid_412,2.410,-2.327717,-3.065593
4gid,4gid_416,5.760,-3.294312,-2.265962
4gid,4gid_421,4.190,-2.458737,-2.206961
4gid,4gid_428,4.040,-2.337120,-2.142180
4gid,4gid_429,5.290,-3.958125,-1.705760
4gid,4gid_433,2.990,-3.069671,-3.220289
4gid,4gid_435,6.920,-2.679941,-1.648128
4gid,4gid_449,2.660,-1.622259,-2.467740
4gid,4gid_453,4.530,-2.731380,-2.735657
4gid,4gid_462,4.060,-2.449936,-1.976310
4gid,4gid_475,3.920,-3.478359,-2.154402
4gid,4gid_479,2.670,-2.637954,-2.298005
4gid,4gid_481,8.180,-4.580109,-2.553898
4gid,4gid_482,4.150,-3.640148,-2.810688
4gid,4gid_483,2.620,-2.696136,-2.190956
4gid,4gid_486,3.110,-3.749053,-2.156767
4gid,4gid_506,8.520,-4.384783,-2.420981
4gid,4gid_507,8.480,-4.031602,-2.417841
4gid,4gid_509,7.580,-4.759108,-2.384299
4gid,4gid_54,8.220,-7.725177,-2.052513
4gid,4gid_577,8.250,-6.024123,-2.257331
4gid,4gid_580,6.320,-3.429380,-2.096866
4gid,4gid_596,7.660,-4.477690,-2.878411
4gid,4gid_625,9.850,-6.761295,-3.178407
4gid,4gid_629,8.950,-7.301782,-2.016543
4gid,4gid_630,9.260,-7.559595,-2.877762
4gid,4gid_666,5.390,-3.612789,-2.387636
4gid,4gid_699,6.620,-4.119545,-1.845860
4gid,4gid_700,9.400,-6.576160,-2.775907
4gid,4gid_713,4.360,-0.778904,-1.757862
4gid,4gid_718,5.300,-1.685433,-2.712851
4gid,4gid_725,4.600,-1.120797,-2.012249
4gid,4gid_732,5.500,-2.045737,-1.846863
4gid,4gid_735,4.530,-2.530651,-1.432943
4gid,4gid_739,7.020,-4.342521,-2.438133
4gid,4gid_744,6.430,-1.278227,-1.702607
4gid,4gid_752,8.100,-5.194541,-2.176168
4gid,4gid_766,3.400,-1.571278,-2.011834
4gid,4gid_770,5.980,-3.978993,-1.941444
4gid,4gid_78,9.450,-8.311090,-2.207426
4gid,4gid_789,0.990,-0.691550,-1.440928
4gid,4gid_791,1.290,-0.579558,-1.940831
4gid,4gid_792,1.550,-0.965794,-2.085275
4gid,4gid_796,2.140,-1.984319,-2.288247
4gid,4gid_804,1.930,-1.612703,-1.640209
4gid,4gid_809,2.630,-0.848565,-1.477755
4gid,4gid_811,3.600,-0.399278,-1.572593
4gid,4gid_815,3.450,-1.204840,-1.762127
4gid,4gid_833,1.760,-0.862724,-1.926329
4gid,4gid_860,2.930,-1.295971,-1.505844
4gid,4gid_861,5.710,-2.112137,-1.970652
4gid,4gid_874,3.490,-1.912634,-2.111932
4gid,4gid_880,3.010,-1.968808,-1.602004
4gid,4gid_897,2.010,-1.443361,-1.390106
4gid,4gid_937,6.830,-2.968428,-1.919289
4gid,4gid_941,3.850,-1.464404,-1.766867
4gid,4gid_943,5.720,-2.287790,-2.403114
4gid,4gid_944,7.320,-4.041946,-1.774534
4gid,4gid_946,7.880,-2.689108,-2.076717
4gid,4gid_948,8.110,-4.702499,-2.314686
4gid,4gid_951,4.490,-1.657612,-1.941001
4gid,4gid_959,6.220,-2.790640,-2.097067
4gkm,4gkm_111,0.460,-0.478450,-0.739313
4gkm,4gkm_123,1.200,-0.633673,-1.354978
4gkm,4gkm_133,3.970,-2.342626,-0.848837
4gkm,4gkm_137,4.380,-2.249181,-1.114597
4gkm,4gkm_158,1.340,-0.307735,-1.173913
4gkm,4gkm_166,0.920,-0.428870,-0.770937
4gkm,4gkm_180,0.500,-0.477010,-1.047808
4gkm,4gkm_189,0.940,-0.413056,-1.378288
4gkm,4gkm_2,0.840,-0.413309,-0.928479
4gkm,4gkm_220,3.320,-1.495709,-1.077097
4gkm,4gkm_25,6.110,-3.192623,-1.225181
4gkm,4gkm_265,4.170,-2.332130,-1.844139
4gkm,4gkm_280,5.010,-3.249958,-1.084336
4gkm,4gkm_301,2.320,-0.792426,-1.354319
4gkm,4gkm_302,5.400,-3.189537,-0.814282
4gkm,4gkm_338,3.950,-2.421226,-1.216125
4gkm,4gkm_346,7.100,-6.075822,-1.663871
4gkm,4gkm_348,0.680,-0.313766,-1.065109
4gkm,4gkm_349,8.220,-6.740077,-1.291237
4gkm,4gkm_358,1.140,-0.873094,-1.101855
4gkm,4gkm_363,3.010,-3.667166,-1.522867
4gkm,4gkm_374,2.580,-2.976764,-1.125815
4gkm,4gkm_375,0.560,-0.470303,-0.995932
4gkm,4gkm_425,4.910,-2.334000,-1.064240
4gkm,4gkm_438,6.530,-3.727155,-1.280927
4gkm,4gkm_45,0.730,-0.443148,-1.551066
4gkm,4gkm_472,6.380,-3.504735,-0.836154
4gkm,4gkm_480,2.500,-1.905991,-1.504081
4gkm,4gkm_510,1.410,-1.520279,-1.333410
4gkm,4gkm_515,3.690,-2.332106,-1.342584
4gkm,4gkm_526,4.710,-3.853815,-1.408211
4gkm,4gkm_528,2.690,-1.191729,-1.139241
4gkm,4gkm_551,1.650,-1.995146,-0.986336
4gkm,4gkm_564,3.100,-2.784383,-1.298627
4gkm,4gkm_566,2.430,-2.349100,-1.710680
4gkm,4gkm_569,5.880,-5.637076,-2.035145
4gkm,4gkm_574,6.130,-3.698452,-1.054395
4gkm,4gkm_579,1.570,-1.366067,-1.308712
4gkm,4gkm_584,2.770,-2.719566,-2.215303
4gkm,4gkm_585,1.860,-2.019619,-2.378257
4gkm,4gkm_611,3.290,-2.783290,-1.751319
4gkm,4gkm_614,6.100,-4.087522,-1.649730
4gkm,4gkm_618,2.650,-0.771078,-1.339732
4gkm,4gkm_625,3.930,-2.350388,-1.358727
4gkm,4gkm_626,4.080,-4.799883,-1.659581
4gkm,4gkm_628,2.680,-1.644845,-1.448291
4gkm,4gkm_629,1.980,-1.123238,-1.613619
4gkm,4gkm_657,2.720,-2.395315,-1.635464
4gkm,4gkm_658,5.000,-1.813148,-1.070335
4gkm,4gkm_665,5.300,-3.642782,-1.170714
4gkm,4gkm_668,4.500,-2.614331,-1.308326
4gkm,4gkm_671,3.120,-1.736852,-1.358761
4gkm,4gkm_675,6.640,-4.668450,-2.226683
4gkm,4gkm_676,4.500,-3.819829,-1.144905
4gkm,4gkm_678,5.870,-3.775261,-1.373045
4gkm,4gkm_68,5.840,-3.390546,-0.897980
4gkm,4gkm_688,1.640,-1.053419,-1.762682
4gkm,4gkm_69,6.010,-4.301229,-1.614773
4gkm,4gkm_692,5.780,-4.323726,-1.207039
4gkm,4gkm_694,5.490,-5.758555,-1.545557
4gkm,4gkm_696,4.950,-5.117710,-1.425180
4gkm,4gkm_698,5.340,-3.159994,-1.178354
4gkm,4gkm_731,4.420,-4.347212,-0.976100
4gkm,4gkm_769,3.180,-2.601984,-1.375308
4gkm,4gkm_77,6.090,-2.494485,-1.021470
4gkm,4gkm_770,6.540,-4.803997,-1.638049
4gkm,4gkm_778,7.170,-4.992750,-1.482658
4gkm,4gkm_779,7.020,-5.420419,-1.972180
4gkm,4gkm_795,0.740,-0.410285,-0.900261
4gkm,4gkm_798,6.080,-3.657200,-2.151107
4gkm,4gkm_80,2.910,-0.254630,-1.282378
4gkm,4gkm_813,1.620,-1.105989,-1.343631
4gkm,4gkm_87,0.960,-0.572749,-1.230133
4gkm,4gkm_90,5.960,-3.050256,-1.240591
4gr0,4gr0_107,2.170,-1.745897,-3.141286
4gr0,4gr0_113,4.640,-1.698110,-3.062314
4gr0,4gr0_119,8.830,-8.354116,-3.597228
4gr0,4gr0_120,3.550,-1.991724,-2.890455
4gr0,4gr0_13,3.040,-1.035761,-2.982414
4gr0,4gr0_133,8.770,-8.321835,-3.282681
4gr0,4gr0_15,5.640,-2.971861,-2.863900
4gr0,4gr0_159,2.260,-1.858603,-2.895582
4gr0,4gr0_162,7.970,-8.132619,-3.729166
4gr0,4gr0_206,0.970,-1.308713,-2.642268
4gr0,4gr0_217,1.080,-1.134051,-2.818093
4gr0,4gr0_218,2.090,-1.968131,-2.896983
4gr0,4gr0_226,2.740,-0.743865,-2.983847
4gr0,4gr0_228,6.510,-1.823718,-2.772976
4gr0,4gr0_236,3.040,-1.046087,-3.189357
4gr0,4gr0_237,0.850,-0.934142,-3.149845
4gr0,4gr0_240,1.270,-0.944502,-3.042264
4gr0,4gr0_242,5.820,-1.358191,-2.927947
4gr0,4gr0_250,0.820,-1.019806,-2.715148
4gr0,4gr0_268,0.980,-0.642989,-2.908512
4gr0,4gr0_272,1.450,-1.091899,-2.898566
4gr0,4gr0_279,0.950,-1.364774,-2.926295
4gr0,4gr0_281,0.940,-0.947698,-2.564212
4gr0,4gr0_286,0.690,-1.338714,-3.059629
4gr0,4gr0_287,0.810,-0.868873,-3.001206
4gr0,4gr0_300,5.670,-1.188568,-3.358622
4gr0,4gr0_305,3.560,-1.437220,-3.172221
4gr0,4gr0_306,9.150,-8.326888,-3.506804
4gr0,4gr0_314,9.090,-8.281072,-3.155961
4gr0,4gr0_324,8.510,-8.026626,-3.694462
4gr0,4gr0_326,0.910,-0.719801,-2.859127
4gr0,4gr0_33,8.940,-8.333822,-4.337018
4gr0,4gr0_341,1.100,-0.861264,-2.578111
4gr0,4gr0_375,4.110,-1.305322,-3.371309
4gr0,4gr0_381,7.610,-8.328154,-3.602130
4gr0,4gr0_402,7.530,-4.576342,-3.835598
4gr0,4gr0_405,2.300,-2.787873,-2.866442
4gr0,4gr0_408,4.620,-1.422112,-3.356227
4gr0,4gr0_410,1.990,-2.321792,-3.090153
4gr0,4gr0_411,6.150,-3.961797,-3.391793
4gr0,4gr0_412,3.570,-3.619642,-3.799755
4gr0,4gr0_416,6.250,-2.602021,-2.800737
4gr0,4gr0_417,5.750,-4.259274,-3.873099
4gr0,4gr0_419,4.050,-2.777834,-3.480500
4gr0,4gr0_420,8.270,-4.631104,-3.843214
4gr0,4gr0_421,6.010,-3.052921,-2.699265
4gr0,4gr0_422,3.320,-2.499430,-3.215406
4gr0,4gr0_428,5.440,-2.300060,-3.362577
4gr0,4gr0_429,4.010,-4.366342,-3.253526
4gr0,4gr0_433,3.160,-2.117797,-3.140514
4gr0,4gr0_438,6.770,-4.396089,-3.658639
4gr0,4gr0_439,3.330,-2.953807,-3.458467
4gr0,4gr0_440,6.500,-2.953140,-2.642191
4gr0,4gr0_452,2.610,-2.221765,-3.039340
4gr0,4gr0_456,7.460,-4.134138,-3.737409
4gr0,4gr0_457,7.590,-3.852642,-4.129469
4gr0,4gr0_459,4.110,-3.654103,-3.445591
4gr0,4gr0_465,2.250,-3.784428,-3.152888
4gr0,4gr0_467,9.920,-3.932204,-3.238229
4gr0,4gr0_468,2.710,-2.405999,-2.807174
4gr0,4gr0_471,3.950,-2.411770,-3.079963
4gr0,4gr0_472,9.140,-4.374248,-4.046435
4gr0,4gr0_473,4.160,-3.593461,-3.058651
4gr0,4gr0_474,4.470,-3.452107,-3.315490
4gr0,4gr0_476,6.280,-4.675672,-3.356439
4gr0,4gr0_486,3.930,-2.538221,-3.395212
4gr0,4gr0_491,6.760,-4.953488,-4.126291
4gr0,4gr0_492,5.350,-2.982162,-3.094419
4gr0,4gr0_497,4.620,-3.399262,-3.708345
4gr0,4gr0_499,5.350,-3.206436,-3.110160
4gr0,4gr0_518,7.710,-3.527962,-3.924131
4gr0,4gr0_529,7.130,-4.262572,-3.142430
4gr0,4gr0_53,1.420,-1.199009,-3.130851
4gr0,4gr0_541,8.590,-5.857224,-3.651855
4gr0,4gr0_545,9.770,-8.179913,-3.641508
4gr0,4gr0_546,8.950,-6.287750,-3.538361
4gr0,4gr0_55,5.680,-1.191327,-3.136834
4gr0,4gr0_550,9.810,-8.299881,-3.986906
4gr0,4gr0_558,6.960,-6.198174,-3.358605
4gr0,4gr0_56,9.620,-8.354305,-3.120876
4gr0,4gr0_565,7.540,-7.600057,-4.203196
4gr0,4gr0_566,7.540,-8.050150,-3.781753
4gr0,4gr0_573,8.190,-8.295222,-3.443817
4gr0,4gr0_575,8.710,-8.171000,-2.795855
4gr0,4gr0_583,9.800,-8.337553,-4.086656
4gr0,4gr0_584,1.940,-2.235813,-3.238927
4gr0,4gr0_591,4.280,-4.018064,-3.285746
4gr0,4gr0_594,8.400,-5.442823,-3.458686
4gr0,4gr0_605,6.780,-4.700139,-3.143157
4gr0,4gr0_630,9.860,-8.235018,-3.748496
4gr0,4gr0_644,9.490,-8.360280,-4.137720
4gr0,4gr0_650,7.430,-5.912350,-3.201862
4gr0,4gr0_674,5.380,-5.284560,-3.535258
4gr0,4gr0_709,0.890,-1.237741,-2.978459
4gr0,4gr0_715,2.580,-1.676871,-3.271544
4gr0,4gr0_761,1.900,-1.662939,-2.701139
4gr0,4gr0_768,2.010,-1.713940,-3.141010
4gr0,4gr0_791,5.860,-0.853695,-2.961899
4gr0,4gr0_905,1.730,-0.823624,-2.759789
4gr0,4gr0_91,1.730,-1.364175,-2.890878
4hge,4hge_202,1.610,-1.798634,-7.414302
4hge,4hge_203,0.940,-1.276081,-6.074697
4hge,4hge_231,0.390,-0.653922,-5.909602
4hge,4hge_310,0.410,-0.573933,-5.758881
4hge,4hge_311,5.050,-2.792882,-6.014325
4hge,4hge_356,0.900,-0.298040,-5.815838
4hge,4hge_407,0.770,-0.455809,-5.359130
4hge,4hge_414,4.730,-1.503958,-5.993217
4hge,4hge_416,0.870,-0.640318,-5.312891
4hge,4hge_422,5.050,-2.426833,-6.171436
4hge,4hge_423,1.350,-1.386833,-5.937360
4hge,4hge_424,4.980,-2.364994,-6.910432
4hge,4hge_433,4.030,-1.270469,-5.417360
4hge,4hge_437,1.820,-0.882347,-6.705680
4hge,4hge_438,0.970,-1.221764,-5.899542
4hge,4hge_446,4.360,-1.517561,-6.489904
4hge,4hge_452,1.440,-1.358161,-6.223734
4hge,4hge_456,2.500,-1.261888,-6.229861
4hge,4hge_458,3.890,-1.227302,-5.880660
4hge,4hge_46,0.580,-0.872360,-5.892072
4hge,4hge_462,3.000,-0.645890,-6.129191
4hge,4hge_464,3.770,-1.078366,-6.462218
4hge,4hge_468,1.760,-1.448895,-6.325067
4hge,4hge_471,1.720,-1.217015,-5.670787
4hge,4hge_473,1.470,-0.961737,-6.345021
4hge,4hge_477,1.220,-1.537280,-6.517006
4hge,4hge_478,1.850,-0.634486,-6.778845
4hge,4hge_498,2.130,-0.853255,-6.326307
4hge,4hge_503,0.470,-0.334087,-5.885885
4hge,4hge_530,5.640,-4.075007,-6.429510
4hge,4hge_534,6.060,-4.520642,-6.227626
4hge,4hge_543,3.580,-2.331353,-6.731553
4hge,4hge_548,2.480,-2.581507,-6.384056
4hge,4hge_549,3.210,-2.485733,-6.119307
4hge,4hge_55,0.700,-0.589372,-5.664486
4hge,4hge_555,4.750,-2.752877,-6.414104
4hge,4hge_558,4.000,-1.932372,-6.334498
4hge,4hge_559,5.340,-2.867050,-6.255184
4hge,4hge_572,4.700,-1.827975,-6.332978
4hge,4hge_573,5.480,-3.659657,-6.643401
4hge,4hge_574,5.930,-3.414371,-7.314246
4hge,4hge_581,5.750,-3.050502,-5.701000
4hge,4hge_583,5.050,-2.164289,-6.011893
4hge,4hge_602,3.950,-2.397036,-6.071816
4hge,4hge_605,4.190,-3.169048,-6.074099
4hge,4hge_612,2.470,-1.648707,-6.798927
4hge,4hge_617,4.130,-1.586943,-6.271323
4hge,4hge_621,2.260,-0.939498,-6.284957
4hge,4hge_638,3.320,-2.504598,-6.341877
4hge,4hge_643,3.980,-1.003239,-6.003200
4hge,4hge_646,3.860,-1.537921,-6.598422
4hge,4hge_654,3.750,-1.252996,-6.761609
4hge,4hge_655,5.400,-2.419366,-6.813959
4hge,4hge_659,5.270,-2.504558,-7.043376
4hge,4hge_662,2.300,-1.508953,-5.660400
4hge,4hge_666,6.840,-4.663131,-5.828997
4hge,4hge_667,4.070,-2.466732,-5.668094
4hge,4hge_671,6.300,-4.054259,-6.742707
4hge,4hge_689,2.040,-2.067866,-6.793808
4hge,4hge_692,6.570,-5.139594,-6.948092
4hge,4hge_695,6.140,-4.646508,-6.950487
4hge,4hge_699,4.400,-2.269344,-6.537747
4hge,4hge_700,6.100,-3.782203,-7.327693
4hge,4hge_737,6.200,-3.191314,-6.727427
4hge,4hge_742,2.450,-1.059342,-6.313290
4hge,4hge_749,6.320,-3.747839,-7.420666
4hge,4hge_797,2.550,-0.669496,-5.844331
4hge,4hge_828,6.200,-3.191314,-6.727427
4hge,4hge_848,6.320,-3.747839,-7.420666
4hge,4hge_943,1.850,-0.354864,-6.378721
4ih5,4ih5_140,2.970,-2.067604,-4.668398
4ih5,4ih5_148,3.050,-3.305139,-5.922887
4ih5,4ih5_159,2.570,-2.474151,-5.815966
4ih5,4ih5_161,2.430,-1.738990,-6.177052
4ih5,4ih5_168,2.920,-1.755115,-4.913133
4ih5,4ih5_169,1.810,-0.436866,-4.431086
4ih5,4ih5_192,3.090,-1.982137,-4.586151
4ih5,4ih5_202,4.070,-2.180910,-6.228074
4ih5,4ih5_219,3.920,-1.892727,-6.050111
4ih5,4ih5_227,3.850,-1.212694,-5.263590
4ih5,4ih5_281,5.630,-5.697890,-5.617266
4ih5,4ih5_302,0.700,-0.793110,-4.201106
4ih5,4ih5_306,0.780,-0.834370,-4.206252
4ih5,4ih5_327,2.200,-0.668514,-5.247025
4ih5,4ih5_341,0.980,-1.130442,-4.495900
4ih5,4ih5_367,0.590,-0.893217,-4.245170
4ih5,4ih5_374,5.420,-5.539424,-5.979778
4ih5,4ih5_381,0.980,-1.329377,-5.083599
4ih5,4ih5_384,1.020,-0.920052,-5.028050
4ih5,4ih5_390,4.550,-3.812924,-6.239309
4ih5,4ih5_397,0.780,-1.042776,-5.549006
4ih5,4ih5_400,0.810,-1.227548,-4.867351
4ih5,4ih5_417,2.570,-1.383220,-5.662478
4ih5,4ih5_421,7.220,-7.392469,-6.295128
4ih5,4ih5_427,7.330,-7.566537,-5.820391
4ih5,4ih5_428,3.570,-2.761048,-6.705346
4ih5,4ih5_432,3.860,-3.149826,-6.513240
4ih5,4ih5_433,5.350,-4.910562,-5.827068
4ih5,4ih5_448,4.350,-3.961940,-7.400966
4ih5,4ih5_451,6.810,-6.646540,-7.727812
4ih5,4ih5_454,6.550,-6.846125,-7.867363
4ih5,4ih5_459,6.690,-6.788890,-6.454277
4ih5,4ih5_463,1.870,-1.652445,-4.841645
4ih5,4ih5_465,2.550,-2.382586,-5.755406
4ih5,4ih5_467,3.650,-3.177540,-5.643986
4ih5,4ih5_482,2.260,-1.932722,-6.536678
4ih5,4ih5_492,5.850,-5.024177,-6.368976
4ih5,4ih5_5,4.060,-2.079033,-5.547677
4ih5,4ih5_502,5.560,-4.639281,-5.919045
4ih5,4ih5_508,4.630,-4.206860,-6.244524
4ih5,4ih5_516,4.080,-4.228369,-5.468028
4ih5,4ih5_543,6.430,-5.987452,-6.070083
4ih5,4ih5_546,2.850,-2.890790,-7.196357
4ih5,4ih5_560,6.340,-6.144642,-7.032401
4ih5,4ih5_562,5.110,-4.249789,-6.109975
4ih5,4ih5_566,1.750,-1.208147,-5.388707
4ih5,4ih5_57,0.900,-0.599739,-5.579160
4ih5,4ih5_581,6.240,-5.653481,-6.339890
4ih5,4ih5_587,0.950,-1.468438,-5.044089
4ih5,4ih5_612,2.680,-2.142235,-6.580661
4ih5,4ih5_638,3.490,-3.885509,-7.578575
4ih5,4ih5_651,5.250,-3.784855,-6.726177
4ih5,4ih5_674,5.090,-4.409278,-6.067847
4ih5,4ih5_681,6.140,-5.779593,-6.706836
4ih5,4ih5_689,4.200,-4.042828,-6.134832
4ih5,4ih5_690,4.410,-4.553272,-6.380875
4ih5,4ih5_708,1.890,-1.646000,-5.143803
4ih5,4ih5_715,4.650,-4.098885,-5.362505
4ih5,4ih5_720,4.900,-4.523409,-6.170848
4ih5,4ih5_729,3.740,-2.482584,-5.329957
4ih5,4ih5_762,6.500,-4.950974,-6.633733
4ih5,4ih5_764,1.690,-1.364907,-5.530718
4ih5,4ih5_765,3.950,-3.610299,-5.847588
4ih5,4ih5_779,1.340,-1.244842,-4.956431
4ih5,4ih5_782,1.950,-1.768754,-6.166874
4ih5,4ih5_789,5.350,-5.317119,-6.629743
4ih5,4ih5_793,6.120,-6.008903,-6.935800
4ih5,4ih5_794,6.610,-6.227723,-6.361430
4ih5,4ih5_867,1.960,-0.496227,-6.175611
4ih5,4ih5_892,5.290,-5.218708,-6.102430
4ih5,4ih5_966,0.960,-0.998639,-5.906167
4ih5,4ih5_983,1.530,-1.691503,-4.856767
4ih7,4ih7_12,0.690,-0.118577,-1.924071
4ih7,4ih7_129,2.090,-1.043362,-1.885130
4ih7,4ih7_133,1.660,-0.787578,-1.717495
4ih7,4ih7_159,1.890,-0.828999,-1.443594
4ih7,4ih7_212,0.400,-0.388460,-1.789044
4ih7,4ih7_219,0.540,-0.220336,-1.562293
4ih7,4ih7_241,0.440,-0.172667,-1.829397
4ih7,4ih7_302,0.600,-0.478511,-1.554927
4ih7,4ih7_307,0.920,-0.664662,-2.231017
4ih7,4ih7_341,0.680,-0.288560,-1.652856
4ih7,4ih7_351,1.100,-0.573135,-2.066281
4ih7,4ih7_378,0.940,-0.668199,-1.855352
4ih7,4ih7_405,1.780,-0.474478,-1.817269
4ih7,4ih7_412,1.330,-0.724006,-1.726248
4ih7,4ih7_414,2.270,-1.632458,-1.775088
4ih7,4ih7_415,5.010,-3.905540,-2.249851
4ih7,4ih7_438,1.860,-0.877745,-1.445796
4ih7,4ih7_459,1.650,-1.114987,-1.446514
4ih7,4ih7_461,2.230,-1.473981,-2.097203
4ih7,4ih7_477,2.920,-0.994674,-2.079225
4ih7,4ih7_481,4.590,-3.864589,-2.052253
4ih7,4ih7_483,2.490,-0.822303,-1.423473
4ih7,4ih7_501,0.940,-0.843389,-1.781947
4ih7,4ih7_504,1.320,-0.195192,-1.580093
4ih7,4ih7_519,5.750,-2.207343,-1.993563
4ih7,4ih7_522,2.860,-2.635488,-1.672586
4ih7,4ih7_523,2.540,-1.499417,-1.772912
4ih7,4ih7_527,7.280,-6.290044,-1.453213
4ih7,4ih7_529,2.060,-0.682334,-1.559884
4ih7,4ih7_539,3.420,-2.394956,-2.107972
4ih7,4ih7_548,7.410,-5.552906,-1.535598
4ih7,4ih7_552,3.720,-3.210845,-1.100793
4ih7,4ih7_555,3.360,-1.384106,-1.416245
4ih7,4ih7_560,4.840,-3.554892,-1.885398
4ih7,4ih7_561,6.410,-5.261831,-2.445496
4ih7,4ih7_563,6.800,-6.481442,-2.042051
4ih7,4ih7_564,7.360,-7.025622,-1.320003
4ih7,4ih7_565,6.670,-4.893066,-1.789156
4ih7,4ih7_567,6.060,-3.182611,-2.571175
4ih7,4ih7_570,7.220,-5.458966,-1.862495
4ih7,4ih7_572,7.130,-5.846231,-1.429477
4ih7,4ih7_577,2.200,-1.318037,-1.651006
4ih7,4ih7_583,5.320,-4.723565,-1.810734
4ih7,4ih7_591,7.330,-6.317883,-1.987017
4ih7,4ih7_596,5.530,-4.835377,-2.190892
4ih7,4ih7_597,6.130,-3.361422,-2.112056
4ih7,4ih7_598,4.180,-3.675088,-2.505746
4ih7,4ih7_600,6.410,-4.504789,-1.408185
4ih7,4ih7_632,3.700,-3.069204,-1.611725
4ih7,4ih7_645,7.040,-6.527854,-1.678608
4ih7,4ih7_650,4.740,-3.839887,-1.899520
4ih7,4ih7_661,3.870,-3.124534,-1.455058
4ih7,4ih7_671,1.940,-1.295357,-1.506367
4ih7,4ih7_704,4.680,-2.372446,-1.614665
4ih7,4ih7_72,0.680,-0.551102,-1.584615
4ih7,4ih7_729,3.030,-2.153807,-1.819680
4ih7,4ih7_734,5.480,-4.759744,-2.316721
4ih7,4ih7_739,3.480,-2.621626,-1.885444
4ih7,4ih7_742,5.970,-3.597528,-2.036112
4ih7,4ih7_743,3.950,-3.138894,-2.521329
4ih7,4ih7_748,4.830,-4.105465,-2.965197
4ih7,4ih7_749,5.400,-0.799565,-2.345787
4ih7,4ih7_755,4.830,-2.798508,-2.351536
4ih7,4ih7_760,4.800,-0.796271,-2.007943
4ih7,4ih7_777,4.880,-4.286651,-1.837632
4ih7,4ih7_788,5.910,-3.483490,-2.444254
4ih7,4ih7_789,3.500,-2.463301,-1.791688
4ih7,4ih7_794,4.430,-3.753700,-2.169864
4ih7,4ih7_796,2.720,-1.822919,-2.155708
4ih7,4ih7_822,6.190,-5.797232,-1.776790
4ih7,4ih7_829,3.170,-1.739754,-1.831543
4ih7,4ih7_877,1.810,-0.384927,-1.197183
4ih7,4ih7_880,6.020,-3.603539,-1.720966
4ih7,4ih7_885,5.110,-3.393750,-2.711926
4ih7,4ih7_937,6.160,-3.251600,-1.150296
4ih7,4ih7_940,6.180,-3.170060,-1.540196
4ih7,4ih7_980,5.120,-2.954741,-3.266568
4ivb,4ivb_142,0.450,-0.551205,-1.289727
4ivb,4ivb_253,0.220,-0.556409,-1.225210
4ivb,4ivb_423,1.500,-1.076249,-1.169563
4ivb,4ivb_425,0.980,-1.147984,-1.761885
4ivb,4ivb_428,3.450,-1.228584,-1.453278
4ivb,4ivb_429,1.120,-1.377234,-1.471047
4ivb,4ivb_436,2.270,-1.917537,-1.402183
4ivb,4ivb_439,0.900,-0.455308,-1.261582
4ivb,4ivb_441,1.310,-1.912343,-1.552588
4ivb,4ivb_442,1.540,-1.231382,-1.274175
4ivb,4ivb_460,1.340,-0.469412,-1.445874
4ivb,4ivb_468,1.040,-0.872261,-0.981192
4ivb,4ivb_477,2.150,-1.635725,-1.600695
4ivb,4ivb_479,4.140,-1.979248,-1.969854
4ivb,4ivb_511,8.110,-5.760810,-4.076134
4ivb,4ivb_525,7.560,-4.095364,-2.307699
4ivb,4ivb_527,4.230,-1.681144,-2.305224
4ivb,4ivb_539,6.130,-2.128772,-1.838569
4ivb,4ivb_547,7.450,-4.887164,-3.790636
4ivb,4ivb_552,1.350,-1.046742,-1.523898
4ivb,4ivb_561,8.080,-5.403244,-3.491506
4ivb,4ivb_563,3.760,-0.780583,-1.303098
4ivb,4ivb_565,6.410,-2.553135,-1.897193
4ivb,4ivb_566,6.470,-2.092660,-1.663288
4ivb,4ivb_577,2.200,-2.081773,-1.504032
4ivb,4ivb_585,4.620,-1.301510,-1.116648
4ivb,4ivb_586,4.860,-1.143850,-1.731719
4ivb,4ivb_587,2.080,-1.436127,-1.267229
4ivb,4ivb_590,7.070,-3.578250,-2.039338
4ivb,4ivb_594,2.530,-1.114488,-0.855282
4ivb,4ivb_598,5.180,-1.142493,-1.661649
4ivb,4ivb_61,0.720,-0.959577,-1.524334
4ivb,4ivb_615,1.620,-1.833876,-1.986076
4ivb,4ivb_620,5.950,-2.666085,-2.628093
4ivb,4ivb_625,5.630,-1.091404,-1.708905
4ivb,4ivb_637,2.150,-1.448817,-1.963594
4ivb,4ivb_649,4.090,-0.698197,-1.596459
4ivb,4ivb_661,2.940,-1.274424,-1.419628
4ivb,4ivb_664,6.480,-1.593933,-2.424308
4ivb,4ivb_666,2.460,-2.201322,-1.434190
4ivb,4ivb_671,3.050,-2.011955,-1.670998
4ivb,4ivb_674,3.470,-1.150274,-1.429072
4ivb,4ivb_734,1.240,-0.466172,-1.080238
4ivb,4ivb_741,3.970,-0.953939,-2.433987
4ivb,4ivb_747,3.990,-2.566444,-1.054588
4ivb,4ivb_748,6.370,-2.172205,-1.960827
4ivb,4ivb_750,4.270,-2.837931,-1.175928
4ivb,4ivb_752,3.650,-0.885537,-1.439476
4ivb,4ivb_761,1.690,-0.912736,-1.100430
4ivb,4ivb_764,5.710,-3.262169,-2.202789
4ivb,4ivb_768,4.460,-1.011374,-1.153636
4ivb,4ivb_769,4.310,-3.094285,-1.530962
4ivb,4ivb_771,4.270,-2.002670,-1.794079
4ivb,4ivb_772,6.010,-2.567192,-1.788853
4ivb,4ivb_773,3.390,-0.542223,-1.538776
4ivb,4ivb_776,5.980,-2.662866,-1.927233
4ivb,4ivb_779,5.720,-3.743805,-2.253765
4ivb,4ivb_781,8.710,-6.733590,-2.319345
4ivb,4ivb_783,5.070,-4.527750,-1.832124
4ivb,4ivb_784,3.570,-1.509467,-1.129235
4ivb,4ivb_785,3.810,-0.747472,-0.980894
4ivb,4ivb_787,5.610,-3.449905,-2.064344
4ivb,4ivb_788,5.740,-2.296678,-2.187493
4ivb,4ivb_791,5.850,-2.660765,-1.575573
4ivb,4ivb_794,6.370,-2.884005,-1.829515
4ivb,4ivb_795,6.850,-4.265748,-1.988339
4ivb,4ivb_797,6.640,-3.871467,-2.779202
4ivb,4ivb_845,0.780,-0.514985,-0.801038
4ivb,4ivb_85,0.230,-0.493172,-0.933463
4ivb,4ivb_875,0.840,-0.502474,-1.371310
4ivb,4ivb_884,2.140,-0.791132,-1.338507
4ivb,4ivb_887,2.580,-1.342711,-1.925890
4ivb,4ivb_896,4.010,-1.319746,-2.087430
4ivb,4ivb_897,6.450,-2.311838,-2.072892
4ivb,4ivb_947,0.620,-0.584069,-1.440259
4ivb,4ivb_962,0.780,-0.699288,-1.041281
4ivc,4ivc_20,0.210,-0.478513,-1.154077
4ivc,4ivc_232,0.280,-0.466672,-1.098805
4ivc,4ivc_32,0.780,-0.957488,-1.394561
4ivc,4ivc_33,1.300,-0.707657,-1.276426
4ivc,4ivc_409,1.710,-2.248604,-1.599831
4ivc,4ivc_411,1.560,-1.655705,-1.592889
4ivc,4ivc_428,1.260,-1.612391,-1.501376
4ivc,4ivc_442,4.100,-1.511572,-1.512268
4ivc,4ivc_458,1.640,-1.454851,-2.214951
4ivc,4ivc_466,3.730,-2.083437,-1.829716
4ivc,4ivc_470,4.090,-1.515891,-2.216276
4ivc,4ivc_472,3.540,-1.605087,-2.157152
4ivc,4ivc_476,2.020,-1.248745,-1.126022
4ivc,4ivc_478,2.470,-2.289788,-1.335411
4ivc,4ivc_483,6.510,-1.843189,-2.445205
4ivc,4ivc_489,1.970,-2.509368,-1.352811
4ivc,4ivc_492,2.110,-0.818392,-1.454140
4ivc,4ivc_498,2.720,-1.457369,-1.185175
4ivc,4ivc_515,4.870,-2.733302,-1.854534
4ivc,4ivc_518,6.190,-2.034755,-1.880021
4ivc,4ivc_528,6.260,-1.994106,-2.214727
4ivc,4ivc_534,4.660,-1.888440,-1.384444
4ivc,4ivc_537,3.890,-1.151938,-1.590195
4ivc,4ivc_543,5.570,-1.635370,-1.730528
4ivc,4ivc_544,5.710,-2.273303,-1.833181
4ivc,4ivc_545,2.040,-1.409053,-1.615348
4ivc,4ivc_552,5.910,-1.316559,-2.336822
4ivc,4ivc_553,5.000,-2.925640,-1.795908
4ivc,4ivc_554,5.990,-1.314520,-2.343050
4ivc,4ivc_555,6.360,-2.062120,-2.190635
4ivc,4ivc_560,6.070,-1.520316,-2.695690
4ivc,4ivc_561,5.070,-1.464956,-1.283193
4ivc,4ivc_563,5.170,-1.609764,-1.767131
4ivc,4ivc_564,4.810,-1.800919,-1.928685
4ivc,4ivc_571,5.420,-1.739219,-1.991195
4ivc,4ivc_575,6.230,-1.464855,-2.698615
4ivc,4ivc_581,3.030,-1.513781,-1.463692
4ivc,4ivc_582,6.500,-2.280526,-2.226014
4ivc,4ivc_583,3.340,-2.040630,-2.144009
4ivc,4ivc_584,6.480,-2.112274,-2.381527
4ivc,4ivc_593,2.110,-0.978061,-1.661120
4ivc,4ivc_596,5.370,-2.071701,-1.346828
4ivc,4ivc_600,5.040,-2.846858,-1.908808
4ivc,4ivc_610,4.170,-2.472559,-2.024456
4ivc,4ivc_612,2.150,-1.204976,-1.448773
4ivc,4ivc_614,7.070,-3.333010,-3.092333
4ivc,4ivc_64,1.270,-0.759592,-1.057914
4ivc,4ivc_658,2.720,-1.381575,-1.130814
4ivc,4ivc_679,2.330,-1.930071,-2.010111
4ivc,4ivc_685,2.360,-1.799536,-1.823649
4ivc,4ivc_687,6.060,-1.630482,-2.458551
4ivc,4ivc_690,3.450,-1.608200,-1.678024
4ivc,4ivc_695,3.740,-2.020200,-1.693133
4ivc,4ivc_699,4.490,-1.706774,-2.162798
4ivc,4ivc_700,5.080,-2.438489,-2.499095
4ivc,4ivc_723,0.910,-0.819993,-1.283291
4ivc,4ivc_740,0.760,-0.499054,-1.476108
4ivc,4ivc_743,4.000,-0.763348,-1.670381
4ivc,4ivc_757,4.050,-1.229640,-2.135677
4ivc,4ivc_758,3.490,-0.691989,-1.557860
4ivc,4ivc_759,4.120,-0.862417,-1.381643
4ivc,4ivc_760,6.330,-1.215052,-1.777029
4ivc,4ivc_764,3.600,-0.931763,-1.711032
4ivc,4ivc_82,0.510,-0.426397,-1.063203
4ivc,4ivc_831,1.330,-0.667087,-1.132583
4ivc,4ivc_841,0.900,-0.731567,-1.330423
4ivc,4ivc_860,1.310,-0.639831,-1.166049
4ivc,4ivc_862,0.970,-0.733413,-1.870895
4ivc,4ivc_864,1.360,-0.711100,-1.712132
4ivc,4ivc_944,0.720,-0.691090,-1.649363
4ivc,4ivc_961,0.990,-0.592753,-1.034670
4ivd,4ivd_12,0.900,-0.539224,-1.019041
4ivd,4ivd_231,0.770,-0.809929,-1.108350
4ivd,4ivd_243,0.310,-0.622461,-1.463793
4ivd,4ivd_260,0.770,-0.713616,-1.581104
4ivd,4ivd_404,1.690,-1.103959,-1.632408
4ivd,4ivd_405,2.090,-1.953258,-2.023895
4ivd,4ivd_406,1.220,-1.280007,-1.871420
4ivd,4ivd_426,2.060,-1.327652,-1.792043
4ivd,4ivd_442,1.910,-1.529812,-1.568058
4ivd,4ivd_445,2.090,-1.020895,-1.850712
4ivd,4ivd_449,3.780,-0.778187,-2.050027
4ivd,4ivd_451,4.320,-1.696862,-1.666603
4ivd,4ivd_467,2.080,-1.494900,-1.435168
4ivd,4ivd_468,3.330,-1.412839,-1.880635
4ivd,4ivd_473,2.020,-1.125391,-1.816562
4ivd,4ivd_480,3.200,-2.517310,-2.027197
4ivd,4ivd_490,6.760,-1.402122,-2.293223
4ivd,4ivd_492,3.680,-2.456797,-1.661800
4ivd,4ivd_495,2.220,-1.486995,-1.768264
4ivd,4ivd_497,2.930,-3.510979,-1.754199
4ivd,4ivd_518,6.570,-1.812412,-2.497528
4ivd,4ivd_52,0.610,-0.421004,-1.238430
4ivd,4ivd_522,6.060,-1.410105,-2.080318
4ivd,4ivd_533,4.150,-2.525724,-2.252567
4ivd,4ivd_537,3.300,-2.807837,-2.226925
4ivd,4ivd_541,6.610,-1.892066,-1.916670
4ivd,4ivd_542,5.720,-1.927731,-1.429625
4ivd,4ivd_546,6.510,-2.442539,-1.828636
4ivd,4ivd_549,1.750,-1.497182,-1.687406
4ivd,4ivd_550,3.010,-1.564320,-2.038239
4ivd,4ivd_561,5.030,-1.258616,-1.733271
4ivd,4ivd_562,4.200,-2.263945,-2.255898
4ivd,4ivd_565,6.140,-0.565920,-2.371452
4ivd,4ivd_567,4.010,-1.075944,-1.633901
4ivd,4ivd_571,4.220,-1.754385,-2.691451
4ivd,4ivd_572,5.490,-3.912620,-2.218128
4ivd,4ivd_58,0.530,-0.259662,-0.975177
4ivd,4ivd_588,3.290,-1.156075,-1.629534
4ivd,4ivd_589,5.130,-4.169180,-2.640673
4ivd,4ivd_595,3.810,-0.851213,-1.758922
4ivd,4ivd_597,5.990,-1.164413,-2.031480
4ivd,4ivd_598,2.650,-2.310997,-1.727402
4ivd,4ivd_599,6.410,-1.424846,-1.584763
4ivd,4ivd_605,6.110,-1.744530,-2.650413
4ivd,4ivd_629,6.710,-2.005442,-2.495438
4ivd,4ivd_641,5.530,-2.301579,-2.220978
4ivd,4ivd_645,4.380,-1.965854,-1.897585
4ivd,4ivd_648,4.250,-1.657054,-1.963896
4ivd,4ivd_653,6.070,-1.202399,-2.182567
4ivd,4ivd_658,7.890,-4.408359,-2.839155
4ivd,4ivd_659,5.800,-4.918805,-2.646325
4ivd,4ivd_660,3.890,-1.300697,-1.298712
4ivd,4ivd_664,4.270,-1.650086,-1.709409
4ivd,4ivd_667,3.590,-1.259388,-1.985347
4ivd,4ivd_671,7.560,-3.672590,-2.583342
4ivd,4ivd_672,4.490,-2.868082,-2.092769
4ivd,4ivd_674,5.600,-1.669294,-1.771334
4ivd,4ivd_680,4.970,-0.693056,-1.866559
4ivd,4ivd_688,5.320,-6.222157,-1.991084
4ivd,4ivd_692,2.610,-2.052940,-2.144433
4ivd,4ivd_694,5.010,-2.749161,-2.046638
4ivd,4ivd_752,0.750,-0.524692,-1.540188
4ivd,4ivd_771,0.830,-1.093195,-1.775971
4ivd,4ivd_781,0.820,-0.484629,-1.433500
4ivd,4ivd_785,1.080,-0.569959,-1.313708
4ivd,4ivd_786,1.320,-0.704087,-1.255690
4ivd,4ivd_787,1.200,-0.893801,-1.128813
4ivd,4ivd_823,0.370,-0.565954,-1.278479
4ivd,4ivd_843,2.170,-0.375925,-1.214462
4ivd,4ivd_866,1.790,-0.764805,-1.168799
4ivd,4ivd_886,1.570,-0.615204,-1.250710
4ivd,4ivd_962,1.030,-0.617245,-1.237283
4j21,4j21_119,1.350,-0.987623,-4.201306
4j21,4j21_18,0.910,-0.781482,-4.746448
4j21,4j21_190,0.950,-0.787115,-4.358062
4j21,4j21_270,0.570,-0.976206,-3.930976
4j21,4j21_30,0.280,-0.423906,-3.613393
4j21,4j21_352,0.280,-0.468767,-4.595262
4j21,4j21_37,0.970,-0.959829,-5.075848
4j21,4j21_375,5.880,-0.647589,-4.860835
4j21,4j21_393,0.510,-0.335800,-3.795885
4j21,4j21_428,5.930,-1.171110,-5.018079
4j21,4j21_430,0.880,-0.957515,-4.499215
4j21,4j21_438,2.720,-2.061719,-4.688313
4j21,4j21_442,3.090,-2.137359,-5.020303
4j21,4j21_444,2.710,-1.241120,-4.736060
4j21,4j21_447,1.210,-0.941710,-4.949564
4j21,4j21_453,2.290,-0.776899,-5.122764
4j21,4j21_456,3.350,-1.642304,-5.405876
4j21,4j21_462,1.880,-0.507460,-5.296507
4j21,4j21_463,1.730,-1.120623,-4.194545
4j21,4j21_471,2.090,-1.441343,-3.843607
4j21,4j21_475,3.240,-1.523832,-4.320746
4j21,4j21_478,1.940,-1.595614,-3.791212
4j21,4j21_479,3.240,-1.528026,-5.008640
4j21,4j21_483,3.180,-1.842100,-4.781330
4j21,4j21_485,6.030,-1.109470,-3.852086
4j21,4j21_489,6.110,-2.079530,-5.840797
4j21,4j21_490,1.870,-1.067024,-5.240928
4j21,4j21_493,5.980,-1.916722,-4.874998
4j21,4j21_499,6.010,-1.261629,-4.522050
4j21,4j21_50,0.340,-0.492034,-3.602403
4j21,4j21_514,0.820,-0.848151,-4.767151
4j21,4j21_524,1.800,-1.309627,-5.428586
4j21,4j21_535,5.790,-0.946027,-5.247672
4j21,4j21_540,5.760,-0.819421,-5.341199
4j21,4j21_553,5.790,-2.000701,-5.222791
4j21,4j21_559,1.250,-1.484414,-5.000949
4j21,4j21_569,8.780,-7.204844,-4.895839
4j21,4j21_572,2.070,-1.259878,-4.887952
4j21,4j21_574,5.890,-1.919601,-3.899725
4j21,4j21_575,1.810,-1.252508,-4.309550
4j21,4j21_577,1.070,-0.714822,-4.676089
4j21,4j21_582,5.630,-1.799574,-5.263720
4j21,4j21_594,9.100,-7.281471,-5.389755
4j21,4j21_597,2.370,-1.578312,-4.845313
4j21,4j21_620,7.100,-5.680650,-5.651364
4j21,4j21_625,3.120,-1.778172,-5.577933
4j21,4j21_627,6.840,-5.917221,-5.120542
4j21,4j21_645,2.500,-1.662321,-5.317531
4j21,4j21_678,3.330,-2.654460,-5.688023
4j21,4j21_680,3.210,-1.989212,-4.246605
4j21,4j21_686,3.290,-1.904147,-5.898630
4j21,4j21_688,7.330,-6.273705,-4.494017
4j21,4j21_730,2.350,-1.126014,-4.934314
4j21,4j21_731,6.320,-1.816190,-5.530258
4j21,4j21_734,7.070,-3.985675,-4.512843
4j21,4j21_735,8.750,-7.701247,-5.025395
4j21,4j21_736,8.950,-7.712002,-5.588204
4j21,4j21_740,6.120,-7.722888,-4.580001
4j21,4j21_741,5.510,-6.719840,-5.013291
4j21,4j21_751,8.730,-7.528906,-5.765130
4j21,4j21_752,4.910,-4.985116,-5.399265
4j21,4j21_753,8.120,-5.901737,-5.692773
4j21,4j21_754,4.910,-5.243552,-5.109867
4j21,4j21_755,4.690,-4.859507,-5.400676
4j21,4j21_756,4.620,-4.420952,-5.220684
4j21,4j21_757,4.780,-4.479348,-5.153016
4j21,4j21_761,4.800,-4.483110,-4.986461
4j21,4j21_762,6.430,-7.436357,-5.457991
4j21,4j21_763,4.700,-4.641749,-4.641224
4j21,4j21_765,9.520,-7.949390,-5.225153
4j21,4j21_767,4.370,-5.152020,-4.675418
4j21,4j21_768,4.400,-4.934817,-4.278745
4j21,4j21_770,4.380,-4.880225,-4.245839
4j21,4j21_771,9.510,-7.910040,-5.258218
4j21,4j21_774,5.020,-5.081274,-5.404836
4j21,4j21_775,6.740,-2.956047,-5.325921
4j21,4j21_780,7.840,-6.518719,-5.367325
4j21,4j21_804,2.060,-1.985612,-4.977927
4j21,4j21_827,7.140,-4.188434,-5.659628
4j21,4j21_830,7.260,-4.606673,-5.693025
4j21,4j21_839,8.160,-7.244773,-5.054303
4j21,4j21_842,8.140,-6.929020,-5.151971
4j21,4j21_846,7.090,-4.204481,-5.163182
4j21,4j21_848,8.190,-6.929020,-5.151971
4j21,4j21_849,8.710,-7.755831,-5.208480
4j21,4j21_856,7.540,-8.346224,-5.204530
4j21,4j21_86,2.160,-0.915799,-5.218959
4j21,4j21_869,7.850,-5.924368,-5.509274
4j21,4j21_876,7.830,-5.326365,-5.093180
4j21,4j21_952,6.190,-2.981330,-5.296446
4j21,4j21_955,3.360,-1.805992,-4.705242
4j21,4j21_967,6.990,-3.951842,-5.016120
4j28,4j28_110,0.900,-2.298240,-1.688138
4j28,4j28_123,0.210,-2.187385,-2.490886
4j28,4j28_154,0.980,-2.155824,-1.613036
4j28,4j28_173,0.960,-2.370125,-1.553918
4j28,4j28_183,0.930,-2.251447,-1.523489
4j28,4j28_196,0.870,-2.816417,-1.139789
4j28,4j28_208,1.670,-3.303847,-1.416368
4j28,4j28_215,6.130,-3.031228,-2.224062
4j28,4j28_227,6.090,-2.863141,-1.948626
4j28,4j28_265,6.180,-2.671851,-2.005198
4j28,4j28_300,6.200,-2.721434,-2.118635
4j28,4j28_303,1.000,-1.987558,-1.543572
4j28,4j28_313,1.000,-3.159140,-1.594616
4j28,4j28_406,2.760,-4.869926,-1.515691
4j28,4j28_410,3.140,-4.198643,-1.619485
4j28,4j28_42,0.860,-2.211490,-1.722140
4j28,4j28_425,1.990,-2.802664,-1.705165
4j28,4j28_429,2.190,-3.213228,-1.601275
4j28,4j28_437,2.560,-3.065137,-1.633730
4j28,4j28_439,1.910,-2.294245,-1.643291
4j28,4j28_451,1.980,-3.491102,-1.202334
4j28,4j28_457,3.640,-4.889815,-1.591324
4j28,4j28_458,1.920,-3.241561,-2.075218
4j28,4j28_494,5.890,-4.148656,-1.746493
4j28,4j28_534,2.780,-3.236783,-1.574127
4j28,4j28_536,5.060,-5.665419,-1.800071
4j28,4j28_543,3.170,-3.371582,-1.737714
4j28,4j28_555,5.900,-5.747607,-2.069504
4j28,4j28_562,4.010,-5.738749,-2.301198
4j28,4j28_566,5.000,-5.567718,-2.301702
4j28,4j28_574,5.870,-3.559952,-2.086832
4j28,4j28_579,4.630,-5.445700,-2.981077
4j28,4j28_580,4.470,-4.461253,-2.755723
4j28,4j28_583,4.830,-5.548781,-2.251929
4j28,4j28_587,5.980,-4.527961,-2.428540
4j28,4j28_593,3.750,-4.878217,-2.113424
4j28,4j28_600,4.640,-5.123597,-2.293621
4j28,4j28_646,4.140,-4.901320,-1.686097
4j28,4j28_657,3.230,-3.805079,-1.479595
4j28,4j28_661,2.180,-2.229216,-1.700268
4j28,4j28_691,1.690,-1.978491,-1.696781
4j28,4j28_692,2.560,-2.015598,-1.559770
4j28,4j28_732,6.060,-3.127142,-1.352637
4j28,4j28_737,2.080,-3.779029,-1.625557
4j28,4j28_743,3.260,-4.046018,-2.267883
4j28,4j28_744,3.350,-3.934499,-1.956930
4j28,4j28_753,3.840,-4.938288,-1.552460
4j28,4j28_758,6.030,-2.559958,-1.458896
4j28,4j28_772,6.420,-3.080703,-1.939575
4j28,4j28_775,5.940,-2.838774,-3.030895
4j28,4j28_785,3.000,-4.055429,-2.249282
4j28,4j28_790,6.430,-3.461767,-2.077553
4j28,4j28_792,2.830,-3.812291,-2.427903
4j28,4j28_794,0.340,-2.363171,-2.510383
4j28,4j28_828,2.260,-3.533722,-2.254124
4j28,4j28_829,3.370,-4.467036,-2.077888
4j28,4j28_846,5.990,-2.476960,-2.137406
4j28,4j28_852,1.130,-2.443825,-2.338167
4j28,4j28_858,5.990,-2.184595,-1.185391
4j28,4j28_863,4.220,-5.285392,-2.668979
4j28,4j28_864,5.460,-5.112720,-2.233381
4j28,4j28_866,6.010,-2.184595,-1.185391
4j28,4j28_867,6.100,-2.830508,-1.600268
4j28,4j28_877,4.210,-5.346118,-2.897402
4j28,4j28_899,1.140,-2.467030,-1.332294
4j28,4j28_912,1.940,-2.921801,-2.117366
4j28,4j28_944,5.890,-2.433286,-1.440504
4j28,4j28_961,1.660,-2.620346,-1.577679
4j28,4j28_981,3.120,-3.693316,-2.362323
4j28,4j28_988,4.170,-5.468142,-3.783919
4j3l,4j3l_115,2.170,-0.848600,-3.982472
4j3l,4j3l_140,1.940,-0.972028,-3.827439
4j3l,4j3l_202,2.070,-1.414889,-3.685462
4j3l,4j3l_286,2.340,-1.234863,-3.686403
4j3l,4j3l_348,1.670,-0.957255,-3.744502
4j3l,4j3l_352,1.230,-0.821701,-3.766795
4j3l,4j3l_404,2.690,-1.593383,-3.763574
4j3l,4j3l_413,5.920,-1.577237,-3.938130
4j3l,4j3l_422,2.450,-1.311865,-3.872590
4j3l,4j3l_433,5.980,-1.169427,-4.578230
4j3l,4j3l_435,6.270,-1.370030,-4.764427
4j3l,4j3l_440,1.790,-1.536495,-4.933309
4j3l,4j3l_446,3.130,-1.680840,-4.351482
4j3l,4j3l_449,1.510,-1.691754,-4.523192
4j3l,4j3l_455,3.120,-1.469207,-4.300889
4j3l,4j3l_468,1.760,-1.669765,-4.346711
4j3l,4j3l_473,4.060,-2.593702,-4.044211
4j3l,4j3l_475,3.200,-2.728091,-4.251635
4j3l,4j3l_479,2.400,-2.191584,-4.235326
4j3l,4j3l_485,2.620,-2.069915,-4.563608
4j3l,4j3l_489,1.840,-1.529775,-4.547486
4j3l,4j3l_490,2.130,-1.690064,-4.495340
4j3l,4j3l_523,3.090,-1.585244,-4.216666
4j3l,4j3l_536,2.510,-1.432079,-4.426788
4j3l,4j3l_547,6.120,-1.655998,-4.106597
4j3l,4j3l_561,2.000,-1.666103,-3.719556
4j3l,4j3l_574,7.560,-2.454541,-4.625011
4j3l,4j3l_585,3.050,-2.328601,-4.492641
4j3l,4j3l_597,6.580,-3.034830,-4.804789
4j3l,4j3l_620,5.940,-2.381151,-3.828423
4j3l,4j3l_632,6.390,-3.630425,-4.653011
4j3l,4j3l_635,6.130,-1.350355,-4.503197
4j3l,4j3l_636,3.430,-1.269538,-3.879497
4j3l,4j3l_647,3.060,-2.288455,-4.316097
4j3l,4j3l_650,6.250,-1.413533,-4.124284
4j3l,4j3l_656,3.230,-2.715765,-4.463839
4j3l,4j3l_662,3.300,-2.145628,-4.028499
4j3l,4j3l_673,2.230,-1.916820,-4.245299
4j3l,4j3l_677,6.250,-1.727750,-3.951268
4j3l,4j3l_684,6.220,-2.426542,-4.374143
4j3l,4j3l_696,6.670,-1.875935,-4.301971
4j3l,4j3l_699,3.070,-2.588934,-4.312872
4j3l,4j3l_700,6.320,-1.848671,-4.670307
4j3l,4j3l_732,0.840,-1.226876,-4.378494
4j3l,4j3l_733,0.630,-0.927598,-4.233404
4j3l,4j3l_739,0.930,-1.008864,-4.327022
4j3l,4j3l_746,1.300,-0.759218,-3.900554
4j3l,4j3l_749,1.000,-0.967871,-4.256945
4j3l,4j3l_755,0.950,-0.843712,-4.262055
4j3l,4j3l_761,0.600,-1.091234,-4.202445
4j3l,4j3l_774,5.740,-0.898718,-4.020405
4j3l,4j3l_775,5.750,-1.184761,-4.215987
4j3l,4j3l_776,5.710,-1.218805,-3.969471
4j3l,4j3l_777,5.640,-0.991057,-4.579504
4j3l,4j3l_782,6.000,-0.738058,-3.990959
4j3l,4j3l_784,5.980,-1.203329,-4.094281
4j3l,4j3l_786,5.930,-0.776346,-4.100498
4j3l,4j3l_793,1.930,-0.407194,-3.911526
4j3l,4j3l_858,0.900,-1.219131,-4.222730
4j3l,4j3l_871,0.910,-0.831836,-4.430296
4j3l,4j3l_888,0.850,-1.196715,-4.359721
4j3l,4j3l_991,0.880,-0.864968,-4.270727
4jfs,4jfs_10,0.840,-0.426126,-2.005391
4jfs,4jfs_139,0.690,-0.548912,-1.857937
4jfs,4jfs_177,1.040,-0.975119,-2.701297
4jfs,4jfs_191,0.770,-0.668220,-1.853183
4jfs,4jfs_266,1.300,-0.923584,-1.740454
4jfs,4jfs_274,1.410,-1.187446,-1.451431
4jfs,4jfs_362,0.660,-0.606173,-1.494804
4jfs,4jfs_385,0.890,-0.474399,-2.025961
4jfs,4jfs_411,2.080,-1.643297,-1.569369
4jfs,4jfs_413,2.360,-1.855549,-1.529163
4jfs,4jfs_414,2.050,-1.385879,-2.133825
4jfs,4jfs_469,4.210,-2.568229,-1.530301
4jfs,4jfs_508,1.800,-0.936681,-2.355001
4jfs,4jfs_51,1.090,-0.603854,-1.973290
4jfs,4jfs_527,4.080,-4.909209,-2.119646
4jfs,4jfs_529,2.250,-1.705089,-2.294869
4jfs,4jfs_574,2.750,-2.431800,-2.252573
4jfs,4jfs_579,3.150,-3.902076,-2.131573
4jfs,4jfs_615,1.460,-1.559863,-2.017237
4jfs,4jfs_669,3.350,-3.245067,-2.093877
4jfs,4jfs_681,4.480,-1.595210,-1.839604
4jfs,4jfs_709,2.840,-2.100913,-2.778407
4jfs,4jfs_714,2.580,-2.333889,-1.930265
4jfs,4jfs_739,3.740,-1.247025,-2.731899
4jfs,4jfs_740,4.360,-4.126763,-3.683570
4jfs,4jfs_749,3.850,-3.856989,-1.423974
4jfs,4jfs_750,4.140,-1.681759,-2.096533
4jfs,4jfs_764,3.780,-2.027521,-1.647699
4jfs,4jfs_769,3.900,-3.175076,-1.866481
4jfs,4jfs_778,4.180,-4.108925,-1.808048
4jfs,4jfs_783,1.770,-1.979286,-1.898278
4jfs,4jfs_784,3.570,-3.160135,-2.500311
4jfs,4jfs_787,5.050,-5.058807,-2.024614
4jfs,4jfs_788,4.320,-4.444016,-2.112856
4jfs,4jfs_789,1.830,-1.051622,-3.119308
4jfs,4jfs_792,2.440,-2.365819,-2.366692
4jfs,4jfs_793,2.650,-2.999536,-4.009315
4jfs,4jfs_797,4.090,-3.924497,-2.713370
4jfs,4jfs_818,0.920,-0.821100,-1.926304
4jfs,4jfs_849,3.570,-3.339594,-3.521132
4jfs,4jfs_855,3.200,-2.408456,-2.697273
4jfs,4jfs_857,4.350,-4.483649,-3.180862
4jfs,4jfs_867,4.230,-5.170913,-2.289578
4jfs,4jfs_877,3.930,-3.996816,-2.732362
4jfs,4jfs_899,0.850,-0.424495,-1.657522
4jfs,4jfs_920,0.720,-0.534505,-1.553818
4jfs,4jfs_958,2.100,-2.239149,-2.145436
4jfs,4jfs_970,0.660,-0.784061,-2.637560
4jfs,4jfs_974,1.870,-1.367928,-1.901969
4jfs,4jfs_981,1.150,-1.241974,-2.308079
4jfs,4jfs_982,0.820,-1.096763,-2.491774
4jia,4jia_11,1.900,-1.487187,-1.748075
4jia,4jia_111,5.160,-3.212712,-2.071596
4jia,4jia_162,9.110,-7.716777,-2.136711
4jia,4jia_202,2.620,-2.488993,-1.827016
4jia,4jia_205,4.750,-3.069748,-1.876924
4jia,4jia_210,1.380,-1.721896,-2.256381
4jia,4jia_214,6.310,-3.225905,-2.133440
4jia,4jia_223,5.810,-3.318304,-2.270599
4jia,4jia_227,4.290,-3.892664,-2.327457
4jia,4jia_230,7.920,-6.544055,-2.148712
4jia,4jia_232,7.030,-4.929702,-1.921998
4jia,4jia_249,1.580,-0.921077,-2.161061
4jia,4jia_257,2.000,-1.210585,-2.365050
4jia,4jia_261,6.560,-3.422838,-2.771642
4jia,4jia_275,0.860,-1.207896,-2.024153
4jia,4jia_282,4.110,-3.106366,-2.595587
4jia,4jia_285,8.280,-7.032726,-2.768530
4jia,4jia_287,0.710,-1.099812,-2.070905
4jia,4jia_291,6.070,-2.454981,-2.007945
4jia,4jia_293,4.870,-2.879805,-2.194735
4jia,4jia_295,7.180,-4.755545,-2.259755
4jia,4jia_316,8.310,-4.877584,-2.143256
4jia,4jia_335,2.120,-0.709971,-1.961274
4jia,4jia_337,2.960,-2.025724,-1.625108
4jia,4jia_362,0.960,-0.551522,-1.797559
4jia,4jia_415,4.400,-4.089612,-1.952809
4jia,4jia_418,5.950,-4.899850,-2.864791
4jia,4jia_419,8.050,-5.660112,-3.046454
4jia,4jia_427,6.130,-5.466702,-2.253940
4jia,4jia_439,5.200,-3.617602,-2.262854
4jia,4jia_443,8.070,-6.322114,-2.996912
4jia,4jia_460,1.640,-1.459130,-2.695312
4jia,4jia_479,6.980,-4.118593,-3.066828
4jia,4jia_485,7.320,-3.578364,-2.628236
4jia,4jia_532,3.170,-2.932059,-2.168889
4jia,4jia_539,2.240,-2.111851,-2.311568
4jia,4jia_551,4.460,-4.216365,-2.600480
4jia,4jia_552,3.770,-3.428556,-2.272743
4jia,4jia_555,2.770,-2.244112,-2.675019
4jia,4jia_569,4.350,-2.961955,-2.322004
4jia,4jia_587,3.320,-3.044761,-2.844735
4jia,4jia_60,0.650,-0.530073,-1.902786
4jia,4jia_609,8.470,-6.043379,-2.106924
4jia,4jia_61,2.460,-2.145376,-1.854549
4jia,4jia_66,0.820,-0.747706,-1.916041
4jia,4jia_661,2.720,-2.728371,-1.857646
4jia,4jia_665,6.990,-5.857481,-2.777359
4jia,4jia_679,9.350,-7.379936,-3.368894
4jia,4jia_707,2.540,-1.976040,-2.127434
4jia,4jia_710,3.950,-3.767694,-2.505762
4jia,4jia_711,3.450,-2.671130,-2.234614
4jia,4jia_712,5.140,-4.464343,-1.912592
4jia,4jia_719,4.600,-4.174420,-2.136745
4jia,4jia_723,3.200,-3.084202,-2.375522
4jia,4jia_724,2.870,-1.682403,-2.038075
4jia,4jia_725,7.030,-3.205948,-2.162051
4jia,4jia_727,7.040,-2.654756,-1.963803
4jia,4jia_729,9.180,-5.575975,-2.840992
4jia,4jia_733,3.940,-3.036482,-2.437929
4jia,4jia_734,3.430,-0.858837,-1.651949
4jia,4jia_737,3.420,-3.184550,-1.891680
4jia,4jia_740,6.670,-4.449272,-1.413603
4jia,4jia_743,5.440,-6.531992,-2.745900
4jia,4jia_747,9.020,-3.873788,-2.769406
4jia,4jia_749,8.060,-6.115264,-2.967375
4jia,4jia_752,9.270,-7.947201,-2.844874
4jia,4jia_754,5.990,-2.118740,-3.247181
4jia,4jia_758,7.390,-4.317852,-2.074147
4jia,4jia_763,9.090,-3.936459,-2.548039
4jia,4jia_765,9.610,-7.537552,-3.340406
4jia,4jia_766,7.150,-3.988623,-2.537140
4jia,4jia_767,6.130,-4.695899,-1.884572
4jia,4jia_769,4.680,-4.790563,-2.416153
4jia,4jia_770,9.530,-3.851413,-2.434611
4jia,4jia_773,9.450,-4.533117,-2.551913
4jia,4jia_774,5.320,-3.366823,-2.307860
4jia,4jia_777,8.600,-7.577930,-2.809501
4jia,4jia_783,8.430,-2.066785,-2.549202
4jia,4jia_789,7.640,-7.891683,-2.104145
4jia,4jia_793,9.340,-4.227959,-2.266034
4jia,4jia_796,7.670,-6.865612,-2.199535
4jia,4jia_807,1.090,-1.110263,-1.955726
4jia,4jia_812,1.270,-1.072055,-2.157784
4jia,4jia_844,4.610,-2.562784,-2.704239
4jia,4jia_85,0.800,-0.320329,-2.261838
4jia,4jia_851,5.960,-3.284538,-2.272489
4jia,4jia_868,6.200,-4.208873,-1.718823
4jia,4jia_876,2.770,-1.796200,-2.452147
4jia,4jia_88,0.880,-0.585069,-2.031233
4jia,4jia_885,5.560,-3.856653,-2.585629
4jia,4jia_889,3.110,-2.467537,-2.894511
4jia,4jia_891,6.850,-1.766762,-2.550836
4jia,4jia_907,8.650,-4.460762,-3.282248
4jia,4jia_91,0.820,-0.776333,-2.029772
4jia,4jia_917,1.410,-0.981452,-2.078725
4jia,4jia_923,0.850,-1.053345,-2.660488
4jia,4jia_957,0.810,-0.986863,-2.158948
4jia,4jia_959,8.560,-4.502753,-2.672465
4jia,4jia_984,1.010,-0.962517,-2.352687
4jia,4jia_994,1.380,-1.093750,-2.266088
4jsz,4jsz_1,9.970,-7.168445,-1.246670
4jsz,4jsz_100,2.350,-2.053594,-1.049211
4jsz,4jsz_113,9.980,-6.356606,-1.188071
4jsz,4jsz_138,9.970,-6.391346,-1.172865
4jsz,4jsz_150,4.420,-3.289031,-1.432747
4jsz,4jsz_156,3.240,-2.626391,-1.477154
4jsz,4jsz_160,9.860,-7.023370,-1.864801
4jsz,4jsz_215,1.730,-2.255883,-1.764148
4jsz,4jsz_218,3.240,-5.122427,-0.559499
4jsz,4jsz_24,6.030,-5.155349,-1.783912
4jsz,4jsz_26,6.140,-5.200165,-1.445788
4jsz,4jsz_262,2.330,-0.844239,-2.070185
4jsz,4jsz_269,2.350,-2.782268,-1.342273
4jsz,4jsz_306,3.320,-3.191294,-0.738246
4jsz,4jsz_31,6.050,-5.414273,-2.408338
4jsz,4jsz_321,9.860,-7.224827,-1.128597
4jsz,4jsz_323,10.000,-7.224827,-1.128597
4jsz,4jsz_359,5.990,-5.441147,-2.647385
4jsz,4jsz_38,6.100,-5.200165,-1.445788
4jsz,4jsz_390,9.950,-7.224827,-1.128597
4jsz,4jsz_466,4.100,-2.366761,-0.621910
4jsz,4jsz_47,6.070,-5.441147,-2.647385
4jsz,4jsz_476,4.180,-2.380437,-1.037922
4jsz,4jsz_48,6.090,-5.460703,-2.474978
4jsz,4jsz_491,2.640,-2.932091,-1.306387
4jsz,4jsz_494,4.370,-3.054120,-1.256298
4jsz,4jsz_498,3.240,-2.427567,-1.020300
4jsz,4jsz_506,3.360,-2.183840,-0.871579
4jsz,4jsz_509,3.800,-3.398964,-1.196904
4jsz,4jsz_511,2.090,-1.110305,-1.810478
4jsz,4jsz_512,1.960,-0.980367,-1.662449
4jsz,4jsz_545,2.900,-2.245775,-2.016055
4jsz,4jsz_549,4.550,-3.560571,-2.779976
4jsz,4jsz_554,4.440,-5.467987,-1.829927
4jsz,4jsz_559,3.830,-4.338083,-1.780759
4jsz,4jsz_560,2.370,-2.566679,-1.080964
4jsz,4jsz_561,1.880,-3.043909,-1.832959
4jsz,4jsz_571,1.660,-3.278432,-1.354165
4jsz,4jsz_574,3.120,-4.902628,-1.238382
4jsz,4jsz_581,4.610,-5.577271,-1.182285
4jsz,4jsz_585,2.450,-1.322797,-1.355939
4jsz,4jsz_59,5.980,-5.240023,-2.106611
4jsz,4jsz_593,1.450,-2.097754,-1.196621
4jsz,4jsz_60,3.540,-2.730995,-1.000786
4jsz,4jsz_600,4.280,-2.409369,-1.063391
4jsz,4jsz_625,1.990,-2.055954,-2.180606
4jsz,4jsz_63,6.020,-5.259048,-1.492209
4jsz,4jsz_645,6.190,-6.435080,-1.781797
4jsz,4jsz_65,5.750,-5.114281,-2.087119
4jsz,4jsz_662,2.820,-4.589783,-1.656271
4jsz,4jsz_672,2.000,-1.895270,-1.574346
4jsz,4jsz_677,4.040,-2.127440,-0.554479
4jsz,4jsz_698,3.290,-3.309533,-1.066954
4jsz,4jsz_71,2.740,-2.087404,-0.697326
4jsz,4jsz_710,4.160,-2.723864,-2.207718
4jsz,4jsz_74,1.830,-4.591917,-2.296691
4jsz,4jsz_742,1.710,-3.600490,-2.283102
4jsz,4jsz_756,5.440,-3.689347,-1.666145
4jsz,4jsz_762,5.150,-4.906610,-1.555480
4jsz,4jsz_771,5.360,-5.686784,-1.762658
4jsz,4jsz_772,5.970,-5.949375,-2.128337
4jsz,4jsz_774,5.160,-5.571589,-1.822411
4jsz,4jsz_775,5.010,-5.361275,-1.547396
4jsz,4jsz_815,1.730,-2.545757,-1.485876
4jsz,4jsz_83,6.180,-5.545429,-1.529546
4jsz,4jsz_85,5.900,-5.234272,-1.761316
4jsz,4jsz_93,6.170,-5.612132,-1.334267
4jxs,4jxs_129,1.100,-1.177568,-1.550588
4jxs,4jxs_147,0.770,-0.804056,-1.109042
4jxs,4jxs_153,0.470,-0.595389,-1.554934
4jxs,4jxs_196,0.570,-0.698166,-1.161151
4jxs,4jxs_2,1.950,-0.977862,-1.135952
4jxs,4jxs_203,2.490,-1.129888,-1.419101
4jxs,4jxs_205,9.490,-8.406826,-3.137690
4jxs,4jxs_218,0.970,-1.383072,-1.637639
4jxs,4jxs_223,9.560,-8.405475,-3.560630
4jxs,4jxs_227,7.320,-5.412277,-1.568372
4jxs,4jxs_232,8.590,-7.380476,-1.695009
4jxs,4jxs_236,2.480,-0.975158,-1.339925
4jxs,4jxs_238,9.360,-8.403639,-3.185634
4jxs,4jxs_243,8.190,-7.045961,-2.049209
4jxs,4jxs_244,7.370,-7.671379,-2.392380
4jxs,4jxs_246,8.570,-8.342771,-2.545662
4jxs,4jxs_257,8.510,-7.157272,-2.044357
4jxs,4jxs_258,0.790,-1.401101,-1.570285
4jxs,4jxs_260,0.650,-1.278390,-1.510710
4jxs,4jxs_262,8.670,-7.424493,-1.897599
4jxs,4jxs_264,8.230,-7.081621,-1.724576
4jxs,4jxs_275,6.760,-4.532915,-1.703109
4jxs,4jxs_278,9.490,-8.404593,-2.943230
4jxs,4jxs_295,8.080,-7.019879,-2.261108
4jxs,4jxs_296,7.290,-5.042505,-2.162493
4jxs,4jxs_306,0.810,-0.777196,-1.256029
4jxs,4jxs_31,1.830,-0.941731,-1.091080
4jxs,4jxs_311,7.030,-1.577872,-1.577018
4jxs,4jxs_322,2.490,-2.214400,-1.602444
4jxs,4jxs_334,1.000,-1.057974,-0.989837
4jxs,4jxs_348,1.920,-0.243562,-1.686095
4jxs,4jxs_352,0.810,-0.718319,-1.492361
4jxs,4jxs_356,6.640,-1.385146,-1.495603
4jxs,4jxs_401,3.400,-2.475209,-1.554488
4jxs,4jxs_407,3.250,-2.113694,-0.831480
4jxs,4jxs_410,4.430,-3.710391,-1.810543
4jxs,4jxs_411,6.650,-6.358861,-2.000765
4jxs,4jxs_414,4.890,-1.783758,-1.825399
4jxs,4jxs_427,2.830,-2.258650,-1.793705
4jxs,4jxs_434,4.230,-3.013438,-1.811123
4jxs,4jxs_444,6.030,-3.467806,-2.391024
4jxs,4jxs_452,7.310,-8.112638,-2.638682
4jxs,4jxs_455,4.820,-2.891545,-1.725726
4jxs,4jxs_464,5.400,-2.115606,-1.467627
4jxs,4jxs_466,3.710,-3.539925,-1.488299
4jxs,4jxs_47,2.000,-0.639717,-1.087505
4jxs,4jxs_485,2.000,-1.110780,-1.857672
4jxs,4jxs_490,1.750,-0.859170,-1.425410
4jxs,4jxs_503,7.030,-3.237067,-1.838986
4jxs,4jxs_509,5.010,-4.449819,-3.307937
4jxs,4jxs_513,7.810,-7.313371,-3.323900
4jxs,4jxs_517,2.010,-2.354969,-1.735267
4jxs,4jxs_520,6.920,-6.309550,-2.969201
4jxs,4jxs_523,1.660,-0.777424,-1.369209
4jxs,4jxs_543,8.710,-8.113301,-2.316167
4jxs,4jxs_546,4.740,-1.990121,-1.182435
4jxs,4jxs_55,2.430,-0.572015,-0.937832
4jxs,4jxs_556,3.180,-3.226502,-1.458175
4jxs,4jxs_56,1.760,-1.738657,-0.855058
4jxs,4jxs_563,7.020,-6.267199,-2.243186
4jxs,4jxs_573,8.050,-4.200188,-2.525144
4jxs,4jxs_578,2.910,-0.679906,-1.675710
4jxs,4jxs_579,3.140,-1.538491,-1.832528
4jxs,4jxs_580,5.560,-3.856677,-1.987366
4jxs,4jxs_581,7.220,-6.797699,-2.464536
4jxs,4jxs_585,5.910,-4.872758,-1.265511
4jxs,4jxs_588,4.300,-4.208064,-1.649862
4jxs,4jxs_595,4.690,-4.534885,-1.885639
4jxs,4jxs_598,5.550,-5.843436,-2.171156
4jxs,4jxs_599,2.670,-2.538112,-1.621952
4jxs,4jxs_628,5.550,-5.393700,-2.176155
4jxs,4jxs_648,5.240,-4.921841,-1.717767
4jxs,4jxs_654,4.850,-2.943488,-2.941281
4jxs,4jxs_664,5.810,-2.735148,-1.411886
4jxs,4jxs_669,3.370,-1.544118,-2.036798
4jxs,4jxs_672,6.580,-4.987598,-2.186437
4jxs,4jxs_679,4.250,-3.473106,-3.598188
4jxs,4jxs_684,4.000,-3.350167,-1.837973
4jxs,4jxs_688,5.170,-1.575755,-1.712421
4jxs,4jxs_696,4.600,-4.423094,-2.020415
4jxs,4jxs_698,3.510,-2.469965,-2.262272
4jxs,4jxs_701,9.380,-8.227704,-2.320455
4jxs,4jxs_702,1.540,-1.074167,-1.595949
4jxs,4jxs_707,6.500,-5.330481,-2.462283
4jxs,4jxs_712,9.330,-8.186658,-2.228203
4jxs,4jxs_713,9.280,-7.948148,-2.030939
4jxs,4jxs_714,8.920,-7.924777,-1.787939
4jxs,4jxs_719,9.280,-8.040168,-2.043200
4jxs,4jxs_72,5.870,-3.197196,-1.407501
4jxs,4jxs_725,9.910,-8.355411,-2.218704
4jxs,4jxs_750,3.110,-3.108553,-1.424375
4jxs,4jxs_76,6.540,-5.018632,-1.707855
4jxs,4jxs_764,6.010,-1.813913,-1.599667
4jxs,4jxs_766,3.390,-2.836105,-1.248121
4jxs,4jxs_768,9.420,-7.993282,-1.743557
4jxs,4jxs_770,7.150,-6.150936,-1.475431
4jxs,4jxs_78,6.670,-1.543962,-1.836088
4jxs,4jxs_85,2.360,-0.727975,-1.131154
4jxs,4jxs_9,2.090,-0.613506,-1.257530
4jxs,4jxs_979,0.790,-1.401409,-1.455915
4k18,4k18_100,1.680,-2.009429,-1.644113
4k18,4k18_105,2.930,-0.796157,-1.463278
4k18,4k18_107,1.160,-0.920959,-1.296928
4k18,4k18_118,5.890,-1.168086,-1.509179
4k18,4k18_122,6.470,-0.619800,-1.500930
4k18,4k18_144,3.200,-0.979179,-1.813804
4k18,4k18_151,1.760,-0.879103,-1.285271
4k18,4k18_161,2.870,-1.022259,-1.334597
4k18,4k18_174,1.320,-0.909147,-1.230809
4k18,4k18_200,3.160,-0.909414,-1.425904
4k18,4k18_201,0.700,-0.615059,-1.574055
4k18,4k18_203,2.390,-1.392206,-1.547246
4k18,4k18_215,6.250,-2.010794,-1.498380
4k18,4k18_223,2.490,-1.051290,-1.652012
4k18,4k18_225,0.310,-0.281438,-1.270676
4k18,4k18_23,0.870,-0.550186,-1.698131
4k18,4k18_233,2.280,-1.090056,-1.156457
4k18,4k18_249,0.850,-0.778805,-1.123656
4k18,4k18_254,0.360,-0.255573,-1.335953
4k18,4k18_267,1.160,-0.548487,-1.445780
4k18,4k18_282,1.030,-0.301918,-1.042130
4k18,4k18_285,0.640,-0.594759,-1.323701
4k18,4k18_287,4.530,-2.087244,-1.719198
4k18,4k18_365,3.980,-1.107540,-1.549248
4k18,4k18_38,1.020,-0.380193,-1.035840
4k18,4k18_408,3.910,-2.262265,-1.246114
4k18,4k18_415,3.990,-3.500492,-1.573816
4k18,4k18_430,5.340,-2.503482,-1.641422
4k18,4k18_437,4.220,-2.491630,-1.534410
4k18,4k18_438,4.420,-2.955453,-1.478969
4k18,4k18_441,4.930,-1.127628,-1.733186
4k18,4k18_454,5.130,-2.159029,-1.548908
4k18,4k18_458,5.240,-2.266116,-1.645357
4k18,4k18_467,4.900,-2.449428,-1.668255
4k18,4k18_471,3.960,-1.094414,-1.642911
4k18,4k18_477,6.490,-2.415866,-1.842588
4k18,4k18_478,4.050,-1.796817,-1.602870
4k18,4k18_480,2.880,-1.386274,-1.474168
4k18,4k18_490,4.000,-2.194711,-1.512844
4k18,4k18_494,6.000,-4.566573,-2.121610
4k18,4k18_495,5.010,-3.469568,-2.130858
4k18,4k18_515,7.010,-3.774764,-2.114288
4k18,4k18_531,7.060,-4.121293,-2.153955
4k18,4k18_538,5.650,-1.617399,-1.634604
4k18,4k18_541,4.460,-1.739563,-1.928604
4k18,4k18_542,7.390,-4.414289,-2.619196
4k18,4k18_545,7.530,-4.403158,-2.345898
4k18,4k18_547,5.570,-2.101096,-1.673788
4k18,4k18_552,4.480,-1.465673,-1.440745
4k18,4k18_557,7.240,-3.065564,-2.262723
4k18,4k18_560,6.780,-2.950806,-2.241382
4k18,4k18_563,3.280,-1.243219,-1.458546
4k18,4k18_565,7.330,-3.143747,-2.397254
4k18,4k18_570,6.500,-1.668645,-0.962311
4k18,4k18_574,7.510,-3.708487,-1.793545
4k18,4k18_583,7.090,-3.598126,-2.031649
4k18,4k18_586,5.500,-3.028870,-1.619749
4k18,4k18_587,6.130,-4.072542,-1.751773
4k18,4k18_592,6.530,-1.923331,-1.791892
4k18,4k18_599,7.050,-4.043309,-2.409690
4k18,4k18_60,1.160,-0.675589,-1.308882
4k18,4k18_635,6.540,-2.917468,-1.752200
4k18,4k18_646,2.160,-1.003656,-1.448752
4k18,4k18_651,7.210,-4.168787,-2.080704
4k18,4k18_668,3.880,-2.232325,-1.516259
4k18,4k18_671,6.110,-2.222953,-1.814448
4k18,4k18_672,5.920,-2.231574,-1.089837
4k18,4k18_683,4.760,-2.864165,-1.955605
4k18,4k18_688,6.210,-3.364811,-1.951925
4k18,4k18_690,2.920,-1.725489,-1.486400
4k18,4k18_693,1.660,-1.788351,-1.641916
4k18,4k18_700,2.620,-0.889524,-1.995207
4k18,4k18_744,2.960,-0.821725,-1.774475
4k18,4k18_748,1.730,-0.729217,-1.332389
4k18,4k18_749,4.600,-2.416545,-1.882780
4k18,4k18_825,0.840,-0.637425,-1.931825
4k18,4k18_829,0.520,-0.447130,-1.376667
4k18,4k18_85,0.530,-0.347851,-1.034975
4k18,4k18_859,3.120,-1.289504,-1.411135
4k18,4k18_93,0.680,-0.656303,-1.488379
4k77,4k77_149,1.030,-0.641352,-1.512561
4k77,4k77_167,0.220,-0.212710,-0.729803
4k77,4k77_173,0.900,-0.699763,-1.477688
4k77,4k77_190,2.170,-0.277987,-1.248625
4k77,4k77_207,1.060,-0.517896,-1.317508
4k77,4k77_229,0.800,-0.450244,-1.673835
4k77,4k77_237,0.360,-0.255742,-0.958642
4k77,4k77_257,0.540,-0.298320,-1.265955
4k77,4k77_290,0.740,-0.455550,-0.881567
4k77,4k77_325,3.060,-1.315810,-2.095942
4k77,4k77_328,0.370,-0.201779,-0.841625
4k77,4k77_331,0.880,-0.559600,-1.040506
4k77,4k77_403,2.350,-1.428641,-1.783381
4k77,4k77_409,1.860,-0.714464,-2.293359
4k77,4k77_412,1.890,-1.315679,-1.569681
4k77,4k77_416,3.620,-2.748038,-1.082747
4k77,4k77_420,3.130,-1.486904,-1.552971
4k77,4k77_428,2.430,-1.403549,-1.012871
4k77,4k77_437,2.310,-0.973163,-1.324072
4k77,4k77_440,1.690,-1.200033,-1.689284
4k77,4k77_443,6.410,-3.169113,-1.523805
4k77,4k77_444,4.420,-4.683948,-1.899892
4k77,4k77_462,7.880,-5.683831,-1.584800
4k77,4k77_478,6.520,-2.081682,-1.444766
4k77,4k77_479,4.600,-3.846916,-1.483031
4k77,4k77_482,6.110,-1.940413,-2.055551
4k77,4k77_491,3.590,-2.630072,-1.892082
4k77,4k77_516,6.140,-7.125419,-2.408646
4k77,4k77_520,4.980,-2.968160,-1.623150
4k77,4k77_521,6.050,-5.957950,-2.098344
4k77,4k77_529,6.750,-2.646338,-1.416335
4k77,4k77_546,7.280,-4.004619,-1.953925
4k77,4k77_548,1.850,-1.441376,-2.099752
4k77,4k77_557,2.750,-1.389265,-1.668393
4k77,4k77_560,1.410,-1.186091,-1.790632
4k77,4k77_562,7.060,-3.495654,-0.882525
4k77,4k77_571,2.120,-2.356748,-1.575671
4k77,4k77_572,4.700,-4.154656,-2.275602
4k77,4k77_573,7.230,-4.448493,-1.249668
4k77,4k77_576,3.940,-2.716639,-1.608725
4k77,4k77_577,8.010,-6.108360,-1.649212
4k77,4k77_585,6.600,-3.722427,-1.662101
4k77,4k77_586,5.160,-5.256330,-1.958228
4k77,4k77_592,4.010,-2.725498,-1.810514
4k77,4k77_596,4.230,-1.552624,-1.578091
4k77,4k77_597,5.680,-2.530179,-1.777000
4k77,4k77_598,5.660,-2.795046,-1.396421
4k77,4k77_601,5.920,-1.481305,-1.765202
4k77,4k77_606,3.810,-1.620692,-1.289183
4k77,4k77_608,2.430,-1.550399,-1.492573
4k77,4k77_611,5.450,-2.413808,-1.623656
4k77,4k77_625,3.820,-2.708123,-1.938385
4k77,4k77_633,3.390,-2.659321,-1.928990
4k77,4k77_634,7.280,-5.503585,-1.235688
4k77,4k77_635,4.790,-2.715116,-1.668337
4k77,4k77_642,2.770,-1.196264,-1.501498
4k77,4k77_645,3.560,-3.316505,-1.803364
4k77,4k77_661,2.980,-2.200401,-1.555486
4k77,4k77_666,6.440,-2.510703,-2.461383
4k77,4k77_681,5.290,-2.134231,-1.127908
4k77,4k77_684,1.540,-1.229010,-1.113350
4k77,4k77_688,4.090,-2.490156,-2.185931
4k77,4k77_690,7.040,-3.302389,-1.899838
4k77,4k77_693,1.330,-1.495524,-1.470359
4k77,4k77_696,7.270,-8.254743,-2.444409
4k77,4k77_699,3.100,-0.684394,-1.241559
4k77,4k77_743,2.830,-1.820719,-1.179956
4k77,4k77_748,8.120,-5.689378,-1.938470
4k77,4k77_750,4.120,-2.757778,-1.703007
4k77,4k77_757,6.000,-3.216344,-1.566132
4k77,4k77_775,6.140,-2.758761,-1.913370
4k77,4k77_782,5.290,-4.616152,-1.310627
4k77,4k77_784,7.720,-5.733133,-1.832002
4k77,4k77_789,4.240,-2.697941,-1.917766
4k77,4k77_794,5.870,-4.057721,-1.361829
4k77,4k77_869,7.420,-4.716819,-1.947639
4k77,4k77_900,5.650,-1.927384,-2.030517
4k77,4k77_932,0.610,-0.389706,-0.936836
4k77,4k77_951,0.870,-0.195503,-1.368339
4k77,4k77_959,7.230,-6.933728,-1.466416
4k77,4k77_982,6.930,-4.701314,-1.801264
4k77,4k77_990,1.530,-1.035145,-1.592871
4kz6,4kz6_110,1.080,-0.295196,-1.467172
4kz6,4kz6_112,0.880,-0.233716,-1.723769
4kz6,4kz6_143,0.710,-0.336894,-1.686514
4kz6,4kz6_160,0.690,-0.228052,-1.776717
4kz6,4kz6_20,6.100,-4.648916,-3.352669
4kz6,4kz6_267,3.100,-1.423289,-2.050466
4kz6,4kz6_308,0.280,-0.270014,-1.825178
4kz6,4kz6_315,0.540,-0.274359,-2.121352
4kz6,4kz6_350,0.510,-0.714884,-2.669683
4kz6,4kz6_365,0.660,-0.248100,-2.255567
4kz6,4kz6_373,0.910,-0.282768,-1.941693
4kz6,4kz6_389,0.560,-0.297952,-1.931494
4kz6,4kz6_403,5.570,-5.535611,-3.359503
4kz6,4kz6_408,5.290,-4.428354,-3.733105
4kz6,4kz6_419,5.220,-4.835865,-3.140875
4kz6,4kz6_490,5.410,-5.243094,-3.272604
4kz6,4kz6_511,2.760,-2.167927,-1.971137
4kz6,4kz6_527,2.400,-1.935016,-2.626269
4kz6,4kz6_529,4.850,-5.365972,-2.207366
4kz6,4kz6_534,7.130,-6.365622,-4.387332
4kz6,4kz6_548,1.230,-0.926910,-1.961728
4kz6,4kz6_549,2.660,-2.361292,-3.382446
4kz6,4kz6_553,5.070,-5.297615,-2.587898
4kz6,4kz6_588,3.350,-2.922662,-2.173469
4kz6,4kz6_593,7.190,-5.172323,-4.697337
4kz6,4kz6_658,5.010,-4.881622,-4.094831
4kz6,4kz6_665,1.630,-1.001902,-1.847511
4kz6,4kz6_666,3.000,-1.872873,-2.311236
4kz6,4kz6_679,0.890,-0.663699,-1.972553
4kz6,4kz6_681,1.740,-0.492857,-2.379402
4kz6,4kz6_694,1.990,-0.496444,-2.081087
4kz6,4kz6_701,2.780,-2.225566,-2.660914
4kz6,4kz6_723,1.760,-0.660036,-2.231552
4kz6,4kz6_726,7.070,-7.126778,-3.037183
4kz6,4kz6_731,2.740,-2.714796,-2.477921
4kz6,4kz6_745,4.090,-2.739144,-1.873200
4kz6,4kz6_746,7.220,-7.281855,-2.845368
4kz6,4kz6_748,3.530,-1.742711,-2.027718
4kz6,4kz6_754,7.100,-7.244317,-3.311272
4kz6,4kz6_755,7.700,-6.443508,-5.458201
4kz6,4kz6_761,6.650,-4.723814,-5.531537
4kz6,4kz6_764,3.870,-1.777984,-3.003521
4kz6,4kz6_766,3.870,-2.948483,-3.321341
4kz6,4kz6_768,4.200,-2.721269,-2.373899
4kz6,4kz6_772,6.220,-4.622741,-4.755389
4kz6,4kz6_773,7.210,-7.456568,-3.091737
4kz6,4kz6_775,4.150,-3.699664,-3.791614
4kz6,4kz6_776,6.200,-4.285688,-4.529408
4kz6,4kz6_778,5.420,-4.849905,-3.054428
4kz6,4kz6_785,3.550,-2.468293,-3.472771
4kz6,4kz6_787,6.410,-5.443447,-2.822958
4kz6,4kz6_790,3.460,-2.665741,-3.412459
4kz6,4kz6_796,3.930,-3.151067,-3.028975
4kz6,4kz6_798,4.590,-3.846716,-3.627376
4kz6,4kz6_815,2.660,-1.375349,-2.858719
4kz6,4kz6_819,2.570,-1.427552,-2.096455
4kz6,4kz6_839,7.100,-6.024922,-4.237392
4kz6,4kz6_840,7.480,-6.334238,-4.183224
4kz6,4kz6_853,5.010,-3.855716,-4.490968
4kz6,4kz6_854,4.610,-2.616646,-2.912830
4kz6,4kz6_858,3.900,-2.371919,-1.321164
4kz6,4kz6_873,7.720,-6.411002,-5.394888
4kz6,4kz6_874,4.370,-3.330027,-3.593140
4kz6,4kz6_875,6.900,-6.864799,-3.841370
4kz6,4kz6_878,5.010,-3.979514,-2.566351
4kz6,4kz6_879,1.210,-0.578345,-2.344711
4kz6,4kz6_888,2.200,-0.369585,-3.472157
4kz6,4kz6_892,1.500,-0.730922,-2.739871
4kz6,4kz6_895,5.460,-4.074363,-3.122657
4kz6,4kz6_897,4.890,-4.174469,-1.854888
4kz6,4kz6_900,3.610,-3.039100,-1.839199
4kz6,4kz6_925,1.870,-1.214884,-2.411513
4kz6,4kz6_955,2.990,-1.480410,-2.632464
4kz6,4kz6_958,4.640,-2.808101,-2.091319
4kz6,4kz6_960,1.110,-0.490625,-1.596417
4kz6,4kz6_974,4.110,-2.712006,-2.850132
4kzq,4kzq_133,0.740,-0.229374,-1.652495
4kzq,4kzq_14,0.450,-0.372823,-1.523912
4kzq,4kzq_163,0.500,-0.533947,-1.159821
4kzq,4kzq_311,0.530,-0.536883,-1.897546
4kzq,4kzq_409,0.700,-0.170758,-1.816236
4kzq,4kzq_425,2.120,-1.323935,-1.152399
4kzq,4kzq_427,2.840,-1.406129,-0.846414
4kzq,4kzq_428,0.920,-0.713588,-1.541215
4kzq,4kzq_432,2.870,-1.628329,-0.969738
4kzq,4kzq_434,1.090,-0.384852,-1.130705
4kzq,4kzq_436,2.490,-1.339971,-0.926670
4kzq,4kzq_446,0.830,-0.549076,-1.831731
4kzq,4kzq_447,1.390,-0.887153,-1.401901
4kzq,4kzq_455,2.330,-1.728563,-1.346188
4kzq,4kzq_458,3.260,-0.923498,-1.064588
4kzq,4kzq_467,3.010,-1.100729,-0.790086
4kzq,4kzq_469,3.070,-0.706856,-1.563353
4kzq,4kzq_472,1.170,-1.217572,-0.957598
4kzq,4kzq_475,1.280,-1.739162,-1.444490
4kzq,4kzq_485,3.100,-1.622112,-1.865153
4kzq,4kzq_494,1.420,-1.037109,-2.835010
4kzq,4kzq_495,2.910,-0.997127,-1.255006
4kzq,4kzq_496,3.080,-0.586902,-1.955646
4kzq,4kzq_5,0.660,-0.243131,-1.293822
4kzq,4kzq_500,2.480,-1.462395,-1.068516
4kzq,4kzq_507,5.190,-2.603056,-1.841582
4kzq,4kzq_511,4.790,-2.196120,-1.363781
4kzq,4kzq_515,1.040,-0.222123,-0.945222
4kzq,4kzq_523,6.210,-5.760559,-2.342207
4kzq,4kzq_539,3.570,-1.810121,-2.619031
4kzq,4kzq_543,4.540,-3.072437,-1.683976
4kzq,4kzq_550,4.190,-1.972895,-1.188928
4kzq,4kzq_557,1.580,-1.537744,-1.502972
4kzq,4kzq_560,4.850,-2.540575,-1.979312
4kzq,4kzq_566,5.980,-5.212145,-2.378915
4kzq,4kzq_569,3.540,-2.984660,-1.869102
4kzq,4kzq_576,6.670,-6.940502,-2.228984
4kzq,4kzq_584,5.010,-2.316087,-1.471510
4kzq,4kzq_590,6.590,-4.124382,-1.788097
4kzq,4kzq_593,4.090,-1.540334,-1.931510
4kzq,4kzq_600,5.140,-3.220955,-2.026950
4kzq,4kzq_607,6.180,-6.547067,-2.174140
4kzq,4kzq_609,3.640,-1.127339,-1.844126
4kzq,4kzq_612,1.840,-0.791067,-1.940000
4kzq,4kzq_615,4.330,-4.652006,-2.079987
4kzq,4kzq_62,0.820,-0.620548,-1.539235
4kzq,4kzq_624,5.820,-6.047350,-3.067327
4kzq,4kzq_632,6.940,-7.260364,-2.439029
4kzq,4kzq_635,2.520,-0.814309,-1.365932
4kzq,4kzq_641,6.890,-7.043084,-2.429848
4kzq,4kzq_651,3.140,-1.741756,-0.955500
4kzq,4kzq_667,2.340,-1.681170,-1.560295
4kzq,4kzq_682,2.300,-1.067668,-1.354651
4kzq,4kzq_692,1.110,-0.590295,-2.545344
4kzq,4kzq_697,3.840,-1.806484,-0.936873
4kzq,4kzq_72,0.840,-0.734591,-1.543691
4kzq,4kzq_740,4.310,-2.338728,-1.825731
4kzq,4kzq_745,6.530,-6.577975,-2.044935
4kzq,4kzq_748,4.240,-2.901355,-1.716821
4kzq,4kzq_749,9.020,-8.362629,-2.666661
4kzq,4kzq_755,7.160,-7.101893,-2.108071
4kzq,4kzq_758,9.030,-8.365255,-2.583804
4kzq,4kzq_764,8.310,-6.643362,-2.659888
4kzq,4kzq_766,8.270,-6.680885,-2.436410
4kzq,4kzq_769,8.210,-6.453586,-2.050475
4kzq,4kzq_776,7.930,-6.483179,-2.475875
4kzq,4kzq_778,7.150,-7.681181,-2.293016
4kzq,4kzq_781,9.490,-8.346836,-3.541148
4kzq,4kzq_782,9.610,-8.362562,-3.962297
4kzq,4kzq_783,9.750,-8.371417,-3.670319
4kzq,4kzq_784,9.780,-8.361625,-3.584165
4kzq,4kzq_794,5.090,-3.995337,-2.832123
4kzq,4kzq_837,7.310,-4.629355,-2.296163
4kzq,4kzq_838,7.920,-8.014411,-2.832016
4kzq,4kzq_845,7.830,-5.866290,-2.191904
4kzq,4kzq_847,8.190,-8.188567,-2.995019
4kzq,4kzq_856,7.880,-5.547147,-2.430119
4kzq,4kzq_861,7.990,-5.234138,-2.905060
4kzq,4kzq_865,5.840,-6.833141,-3.019457
4kzq,4kzq_866,8.390,-8.273373,-3.257896
4kzq,4kzq_868,5.370,-3.465351,-2.568600
4kzq,4kzq_874,6.500,-3.951569,-2.476034
4kzq,4kzq_875,7.200,-5.159843,-2.364098
4kzq,4kzq_876,4.140,-3.157673,-2.182184
4kzq,4kzq_877,8.470,-6.944362,-3.016802
4kzq,4kzq_878,7.550,-5.439416,-2.051410
4kzq,4kzq_880,8.380,-8.347830,-3.071325
4kzq,4kzq_883,6.390,-4.018121,-2.095436
4kzq,4kzq_884,8.480,-6.876499,-3.178347
4kzq,4kzq_888,5.820,-6.242302,-1.610638
4kzq,4kzq_890,4.010,-3.268123,-1.376659
4kzq,4kzq_891,8.060,-6.417405,-2.842089
4kzq,4kzq_892,8.720,-5.868593,-3.060896
4kzq,4kzq_893,6.740,-4.839003,-2.663984
4kzq,4kzq_974,1.580,-1.087593,-1.253803
4kzq,4kzq_990,5.580,-4.705758,-2.209342
4kzu,4kzu_112,0.500,-0.575125,-1.532429
4kzu,4kzu_206,0.450,-0.709227,-1.705843
4kzu,4kzu_256,0.530,-1.033386,-1.784101
4kzu,4kzu_286,0.640,-0.899674,-1.655315
4kzu,4kzu_411,0.890,-0.636103,-1.127665
4kzu,4kzu_422,1.500,-1.248957,-2.052696
4kzu,4kzu_424,0.710,-0.978554,-1.914753
4kzu,4kzu_426,3.280,-2.012422,-1.832446
4kzu,4kzu_429,1.500,-1.961786,-1.854880
4kzu,4kzu_432,1.220,-0.939694,-1.331440
4kzu,4kzu_439,2.060,-1.029389,-1.081001
4kzu,4kzu_455,2.310,-0.914600,-0.861901
4kzu,4kzu_468,1.810,-1.787485,-1.567798
4kzu,4kzu_472,3.230,-1.699893,-1.478901
4kzu,4kzu_474,2.220,-0.620261,-1.473812
4kzu,4kzu_481,1.160,-1.454626,-1.665846
4kzu,4kzu_483,2.420,-1.552550,-1.704715
4kzu,4kzu_491,3.470,-1.902476,-1.998011
4kzu,4kzu_492,1.660,-1.300795,-1.808054
4kzu,4kzu_497,3.850,-2.105304,-1.779066
4kzu,4kzu_499,2.200,-2.227912,-1.120522
4kzu,4kzu_5,0.880,-0.912493,-1.513913
4kzu,4kzu_504,0.940,-0.833626,-1.185327
4kzu,4kzu_524,1.120,-1.535320,-1.742865
4kzu,4kzu_537,7.320,-5.350946,-1.741211
4kzu,4kzu_548,2.000,-0.998995,-1.593203
4kzu,4kzu_549,3.870,-3.596441,-1.461446
4kzu,4kzu_552,4.560,-1.896248,-1.746555
4kzu,4kzu_553,6.650,-3.588024,-2.307259
4kzu,4kzu_559,6.560,-4.209501,-2.474407
4kzu,4kzu_565,4.070,-1.419681,-1.859876
4kzu,4kzu_569,5.240,-5.720123,-2.381286
4kzu,4kzu_570,3.850,-1.857473,-1.587267
4kzu,4kzu_571,2.890,-2.545012,-0.957168
4kzu,4kzu_574,6.190,-3.047600,-1.677349
4kzu,4kzu_575,1.590,-1.597920,-2.118344
4kzu,4kzu_577,5.010,-2.345906,-1.711547
4kzu,4kzu_578,3.760,-3.242844,-1.452539
4kzu,4kzu_582,4.350,-1.944548,-2.536648
4kzu,4kzu_592,4.400,-3.833544,-1.568013
4kzu,4kzu_593,4.910,-2.323223,-1.859475
4kzu,4kzu_594,3.570,-2.515800,-1.621332
4kzu,4kzu_599,6.160,-6.323267,-1.679418
4kzu,4kzu_601,0.830,-0.961551,-1.418230
4kzu,4kzu_610,0.790,-0.678871,-1.266873
4kzu,4kzu_618,2.170,-1.150159,-1.270730
4kzu,4kzu_619,4.150,-1.678940,-1.927932
4kzu,4kzu_641,3.840,-1.904491,-2.181704
4kzu,4kzu_660,3.910,-1.159855,-2.080972
4kzu,4kzu_661,1.630,-2.290276,-1.438536
4kzu,4kzu_662,5.380,-4.203576,-2.010703
4kzu,4kzu_663,5.120,-5.014135,-1.588310
4kzu,4kzu_668,5.160,-2.376187,-1.534914
4kzu,4kzu_669,4.560,-4.193390,-1.486144
4kzu,4kzu_675,2.840,-2.624160,-1.815379
4kzu,4kzu_678,6.980,-5.101189,-2.767682
4kzu,4kzu_680,4.130,-3.314429,-1.880407
4kzu,4kzu_682,4.790,-3.666433,-1.540137
4kzu,4kzu_690,2.630,-1.550666,-1.640328
4kzu,4kzu_696,4.210,-3.328215,-2.283381
4kzu,4kzu_700,5.360,-3.940546,-1.586273
4kzu,4kzu_708,5.490,-2.968377,-2.157906
4kzu,4kzu_709,5.990,-5.285609,-2.287724
4kzu,4kzu_710,6.980,-3.607409,-1.939807
4kzu,4kzu_712,7.320,-4.605374,-2.130547
4kzu,4kzu_735,9.120,-5.746466,-1.599760
4kzu,4kzu_738,7.740,-5.230552,-1.834904
4kzu,4kzu_740,8.090,-4.906225,-1.707805
4kzu,4kzu_741,8.940,-5.820511,-2.838896
4kzu,4kzu_747,7.930,-7.279443,-2.760790
4kzu,4kzu_752,9.540,-7.398436,-2.461979
4kzu,4kzu_753,7.660,-6.471627,-1.967581
4kzu,4kzu_755,7.390,-6.714050,-2.240118
4kzu,4kzu_757,8.130,-5.024039,-2.618681
4kzu,4kzu_761,9.400,-7.214219,-2.705846
4kzu,4kzu_762,7.520,-6.939458,-2.305231
4kzu,4kzu_775,9.740,-7.740367,-3.812279
4kzu,4kzu_776,6.380,-4.997530,-2.180044
4kzu,4kzu_777,8.290,-5.341881,-2.303431
4kzu,4kzu_786,9.770,-5.980311,-2.337592
4kzu,4kzu_789,9.000,-6.083423,-2.012012
4kzu,4kzu_800,6.800,-3.868539,-2.367385
4kzu,4kzu_847,8.780,-7.225358,-2.196135
4kzu,4kzu_856,5.360,-5.392801,-1.546753
4kzu,4kzu_857,8.800,-7.424652,-2.357956
4kzu,4kzu_861,9.120,-5.577610,-2.413463
4kzu,4kzu_863,8.990,-5.492384,-2.440499
4kzu,4kzu_865,8.820,-6.707872,-2.301049
4kzu,4kzu_867,7.090,-4.467952,-1.895947
4kzu,4kzu_872,6.590,-3.345371,-2.327307
4kzu,4kzu_877,6.770,-3.618928,-2.368827
4kzu,4kzu_878,9.180,-7.603005,-2.499198
4kzu,4kzu_883,9.970,-6.902569,-2.450564
4kzu,4kzu_889,9.270,-7.741870,-2.619002
4kzu,4kzu_907,2.730,-2.626617,-2.170767
4kzu,4kzu_909,5.310,-5.124463,-1.655465
4kzu,4kzu_924,7.080,-4.051391,-2.193407
4kzu,4kzu_932,9.760,-6.872211,-2.632342
4kzu,4kzu_956,7.310,-4.139696,-2.121683
4kzu,4kzu_961,8.690,-7.137377,-2.283249
4llx,4llx_208,1.530,-0.641645,-2.065862
4llx,4llx_213,0.450,-0.401821,-1.107450
4llx,4llx_236,0.430,-0.476370,-1.623446
4llx,4llx_243,9.960,-7.318291,-3.735764
4llx,4llx_247,9.950,-6.657165,-3.116209
4llx,4llx_276,0.960,-0.320996,-1.048509
4llx,4llx_293,0.630,-0.555780,-1.248788
4llx,4llx_302,0.270,-0.438957,-2.055783
4llx,4llx_386,0.330,-0.631230,-1.451909
4llx,4llx_402,0.780,-0.505058,-1.734092
4llx,4llx_403,0.670,-0.382938,-1.485634
4llx,4llx_408,3.030,-1.739382,-1.414865
4llx,4llx_414,3.610,-2.584189,-1.363344
4llx,4llx_418,3.650,-3.188554,-2.268475
4llx,4llx_419,3.620,-3.169408,-1.634212
4llx,4llx_421,0.990,-0.843302,-1.356330
4llx,4llx_422,2.950,-2.745764,-1.559767
4llx,4llx_442,2.570,-0.650105,-1.220405
4llx,4llx_443,2.110,-1.213010,-0.886819
4llx,4llx_447,1.800,-1.844131,-1.487607
4llx,4llx_451,3.910,-4.402041,-2.292211
4llx,4llx_465,2.850,-2.359922,-1.709044
4llx,4llx_471,4.940,-4.505180,-3.614719
4llx,4llx_472,5.300,-4.265957,-2.668474
4llx,4llx_475,3.180,-3.707493,-1.687947
4llx,4llx_478,2.110,-2.223805,-1.712789
4llx,4llx_485,1.590,-1.382202,-1.341716
4llx,4llx_498,1.410,-1.144994,-1.336486
4llx,4llx_500,4.300,-4.131720,-2.345654
4llx,4llx_512,4.660,-3.848818,-3.052953
4llx,4llx_519,1.250,-1.243161,-1.800947
4llx,4llx_525,4.990,-4.423176,-1.312460
4llx,4llx_545,1.360,-1.395279,-1.855927
4llx,4llx_553,5.690,-4.674750,-2.229458
4llx,4llx_554,6.280,-4.953575,-3.263917
4llx,4llx_558,6.860,-4.990620,-2.957464
4llx,4llx_560,7.060,-5.495381,-3.197487
4llx,4llx_579,5.260,-4.243630,-1.883226
4llx,4llx_589,6.270,-5.395935,-3.121290
4llx,4llx_609,1.330,-1.483054,-1.560587
4llx,4llx_613,2.920,-2.599463,-1.288675
4llx,4llx_621,1.180,-0.934983,-1.061014
4llx,4llx_624,3.390,-2.765270,-1.428926
4llx,4llx_635,2.950,-2.181746,-2.171024
4llx,4llx_636,4.650,-4.665677,-2.366429
4llx,4llx_641,2.380,-1.673422,-1.411286
4llx,4llx_650,3.510,-2.622426,-1.985683
4llx,4llx_666,3.770,-4.149248,-1.567138
4llx,4llx_677,4.400,-4.460564,-1.784030
4llx,4llx_684,2.860,-2.277568,-1.755596
4llx,4llx_686,4.110,-4.622002,-1.572635
4llx,4llx_689,4.040,-4.064403,-2.005429
4llx,4llx_695,4.630,-3.897808,-1.850868
4llx,4llx_716,1.890,-1.502520,-2.454778
4llx,4llx_723,1.900,-1.543967,-2.370052
4llx,4llx_727,5.170,-4.337652,-1.398280
4llx,4llx_745,4.220,-3.707051,-2.408113
4llx,4llx_746,6.210,-5.479118,-2.636278
4llx,4llx_750,6.940,-6.314438,-2.080663
4llx,4llx_751,8.470,-6.499949,-3.956884
4llx,4llx_757,7.530,-5.464214,-2.070037
4llx,4llx_759,5.790,-4.765058,-2.961475
4llx,4llx_769,5.030,-4.176907,-1.975339
4llx,4llx_774,7.280,-6.660378,-5.333102
4llx,4llx_779,5.500,-4.773729,-1.648545
4llx,4llx_781,6.000,-5.217663,-2.620204
4llx,4llx_784,8.230,-7.426320,-5.378512
4llx,4llx_785,6.300,-5.739244,-4.090031
4llx,4llx_786,6.950,-6.800968,-1.078370
4llx,4llx_787,6.230,-5.741987,-2.745504
4llx,4llx_788,8.300,-7.372347,-4.983589
4llx,4llx_789,7.570,-7.369637,-2.414343
4llx,4llx_790,7.630,-5.934144,-3.323888
4llx,4llx_793,7.090,-6.466290,-4.279038
4llx,4llx_795,6.830,-5.541806,-2.860959
4llx,4llx_798,7.430,-6.055595,-5.194855
4llx,4llx_799,8.180,-6.488598,-3.330636
4llx,4llx_845,3.780,-2.802228,-1.528757
4llx,4llx_859,7.590,-6.475323,-4.088763
4llx,4llx_862,5.160,-4.903049,-2.374593
4llx,4llx_871,7.550,-5.762764,-2.126426
4llx,4llx_875,7.390,-6.127693,-1.757210
4llx,4llx_877,8.720,-7.940320,-4.872606
4llx,4llx_882,6.500,-5.811618,-2.390330
4llx,4llx_943,0.980,-0.854925,-2.195075
4llx,4llx_967,2.940,-2.465023,-1.850636
4llx,4llx_977,5.550,-5.217731,-2.680261
4lzs,4lzs_1,0.750,-1.035487,-4.712577
4lzs,4lzs_154,0.370,-0.292927,-5.839528
4lzs,4lzs_203,3.380,-3.164783,-7.739299
4lzs,4lzs_224,4.140,-4.209735,-6.939299
4lzs,4lzs_38,0.480,-0.669182,-5.485845
4lzs,4lzs_391,0.460,-0.677417,-5.993265
4lzs,4lzs_415,1.880,-0.426239,-4.647992
4lzs,4lzs_430,0.690,-0.377197,-5.930093
4lzs,4lzs_442,4.010,-4.041099,-6.262121
4lzs,4lzs_446,4.910,-4.377235,-7.582342
4lzs,4lzs_454,2.560,-1.104616,-5.392171
4lzs,4lzs_456,4.390,-4.666570,-6.742708
4lzs,4lzs_465,4.500,-4.716029,-7.044684
4lzs,4lzs_529,4.670,-3.461202,-5.764982
4lzs,4lzs_533,1.820,-0.936891,-5.850163
4lzs,4lzs_550,1.870,-0.786348,-5.079929
4lzs,4lzs_560,2.350,-0.482009,-5.818784
4lzs,4lzs_572,1.930,-1.327685,-5.388720
4lzs,4lzs_586,2.000,-1.464252,-6.435794
4lzs,4lzs_61,0.870,-0.681331,-5.129575
4lzs,4lzs_617,1.260,-1.056809,-5.173630
4lzs,4lzs_653,3.170,-1.894781,-5.669709
4lzs,4lzs_693,3.130,-0.878866,-5.609698
4lzs,4lzs_70,0.690,-0.908914,-5.597655
4lzs,4lzs_702,0.380,-0.549553,-4.395405
4lzs,4lzs_725,2.200,-1.933952,-5.414720
4lzs,4lzs_746,2.160,-1.232150,-5.317163
4lzs,4lzs_749,5.080,-4.783206,-6.101626
4lzs,4lzs_750,5.180,-4.799915,-6.427679
4lzs,4lzs_752,3.380,-2.517623,-6.032839
4lzs,4lzs_753,6.000,-5.437573,-6.235809
4lzs,4lzs_755,5.070,-4.769258,-6.392418
4lzs,4lzs_756,5.060,-4.808697,-6.273755
4lzs,4lzs_760,5.210,-4.922000,-5.449539
4lzs,4lzs_765,5.030,-4.526380,-7.203534
4lzs,4lzs_767,6.080,-4.909544,-5.031597
4lzs,4lzs_768,5.860,-5.291062,-5.438842
4lzs,4lzs_773,7.340,-6.590990,-6.392928
4lzs,4lzs_778,1.970,-1.380174,-5.467661
4lzs,4lzs_779,2.060,-1.370423,-4.784282
4lzs,4lzs_784,3.370,-2.144300,-6.877970
4lzs,4lzs_788,4.340,-2.801393,-5.000945
4lzs,4lzs_789,4.420,-3.388138,-6.819651
4lzs,4lzs_793,4.630,-4.100438,-6.384695
4lzs,4lzs_795,3.800,-2.509654,-6.070251
4lzs,4lzs_819,1.860,-1.109121,-5.776089
4lzs,4lzs_838,2.040,-1.214895,-5.522479
4lzs,4lzs_841,1.970,-1.215491,-5.363260
4lzs,4lzs_845,3.810,-3.543497,-6.047614
4lzs,4lzs_849,2.330,-0.764413,-5.500364
4lzs,4lzs_850,3.190,-2.833603,-5.655392
4lzs,4lzs_852,2.960,-1.384941,-6.611862
4lzs,4lzs_88,0.850,-0.513101,-5.918009
4lzs,4lzs_880,3.690,-3.753360,-6.321059
4lzs,4lzs_881,5.500,-4.720791,-6.197865
4lzs,4lzs_884,3.510,-1.534009,-6.679447
4lzs,4lzs_885,4.330,-3.005717,-5.561611
4lzs,4lzs_890,5.450,-4.715668,-5.917909
4lzs,4lzs_905,0.990,-0.479291,-3.591186
4lzs,4lzs_951,2.640,-1.733606,-4.931079
4lzs,4lzs_968,1.350,-0.326843,-4.756759
4lzs,4lzs_980,2.580,-1.188447,-4.719253
4m0y,4m0y_214,0.610,-0.708758,-1.221623
4m0y,4m0y_224,7.020,-1.874890,-1.872115
4m0y,4m0y_232,0.470,-0.537174,-1.501167
4m0y,4m0y_252,7.200,-2.078762,-2.335746
4m0y,4m0y_336,4.580,-1.579350,-1.548283
4m0y,4m0y_407,5.150,-1.361651,-1.619360
4m0y,4m0y_410,4.260,-2.196758,-1.293061
4m0y,4m0y_416,3.990,-1.218661,-1.971823
4m0y,4m0y_426,6.720,-1.872965,-2.019086
4m0y,4m0y_448,5.810,-2.042492,-1.622016
4m0y,4m0y_461,4.370,-2.134180,-1.718794
4m0y,4m0y_467,7.440,-3.674410,-1.521423
4m0y,4m0y_476,7.440,-3.443317,-1.562978
4m0y,4m0y_485,6.940,-3.634640,-2.089731
4m0y,4m0y_488,6.510,-1.003920,-1.615316
4m0y,4m0y_493,7.210,-3.492012,-1.803820
4m0y,4m0y_509,7.460,-5.730836,-3.460002
4m0y,4m0y_512,3.550,-0.578478,-0.958757
4m0y,4m0y_513,5.010,-1.081534,-1.477769
4m0y,4m0y_514,4.000,-3.566642,-1.437825
4m0y,4m0y_524,7.590,-5.663736,-1.709835
4m0y,4m0y_525,5.410,-2.079225,-1.724821
4m0y,4m0y_532,6.100,-0.892016,-1.801689
4m0y,4m0y_534,6.040,-2.663962,-1.663545
4m0y,4m0y_537,6.000,-1.179890,-1.849024
4m0y,4m0y_544,2.730,-0.740614,-1.194109
4m0y,4m0y_545,7.170,-3.875094,-2.264597
4m0y,4m0y_546,5.810,-3.808249,-2.189057
4m0y,4m0y_547,6.250,-3.664911,-1.126124
4m0y,4m0y_549,6.640,-3.223271,-2.097919
4m0y,4m0y_558,6.610,-5.275503,-2.418424
4m0y,4m0y_561,1.300,-1.164679,-1.297056
4m0y,4m0y_567,4.860,-2.445130,-2.324288
4m0y,4m0y_570,5.990,-3.927029,-1.811977
4m0y,4m0y_574,3.250,-1.951604,-1.659703
4m0y,4m0y_586,7.490,-5.103878,-2.415777
4m0y,4m0y_589,7.360,-4.762589,-1.918858
4m0y,4m0y_591,2.620,-1.151160,-0.910943
4m0y,4m0y_592,2.930,-1.965074,-1.381570
4m0y,4m0y_598,1.800,-0.517855,-1.383961
4m0y,4m0y_601,5.140,-2.270620,-1.636096
4m0y,4m0y_610,4.990,-1.476036,-1.759613
4m0y,4m0y_619,3.390,-0.882063,-1.304756
4m0y,4m0y_631,4.800,-1.107143,-1.226565
4m0y,4m0y_646,4.630,-0.974216,-1.119798
4m0y,4m0y_655,4.640,-1.172467,-1.589639
4m0y,4m0y_659,3.320,-1.579701,-1.404613
4m0y,4m0y_662,6.080,-2.623838,-1.421308
4m0y,4m0y_669,2.400,-1.719826,-1.501799
4m0y,4m0y_682,4.580,-1.641059,-1.926694
4m0y,4m0y_684,5.200,-2.590811,-1.647389
4m0y,4m0y_686,1.640,-0.780851,-1.205714
4m0y,4m0y_697,5.330,-1.300661,-1.351977
4m0y,4m0y_739,3.150,-1.175474,-2.107466
4m0y,4m0y_740,2.410,-0.496088,-1.488173
4m0y,4m0y_743,6.140,-4.424663,-2.339222
4m0y,4m0y_748,3.890,-1.460239,-1.238167
4m0y,4m0y_750,3.670,-1.426100,-1.654951
4m0y,4m0y_752,4.740,-3.480840,-1.682121
4m0y,4m0y_753,2.950,-0.706889,-1.496624
4m0y,4m0y_756,0.930,-0.719109,-1.075084
4m0y,4m0y_757,0.380,-0.794005,-0.989532
4m0y,4m0y_758,0.330,-0.789814,-1.044496
4m0y,4m0y_759,0.360,-0.770038,-1.107698
4m0y,4m0y_767,0.970,-1.208042,-1.035593
4m0y,4m0y_814,1.810,-0.769714,-1.296283
4m0y,4m0y_822,1.950,-0.582673,-1.386541
4m0y,4m0y_827,2.080,-1.361540,-0.965390
4m0y,4m0y_839,1.070,-1.050226,-1.175201
4m0y,4m0y_846,2.470,-0.540262,-1.166958
4m0y,4m0y_856,0.320,-0.675873,-1.240900
4m0y,4m0y_863,0.350,-0.574685,-0.897373
4m0y,4m0y_873,0.430,-0.495436,-0.968249
4m0y,4m0y_883,1.330,-1.148128,-0.962600
4m0y,4m0y_907,1.850,-0.718101,-0.831817
4m0y,4m0y_920,1.740,-1.027248,-1.317608
4m0y,4m0y_922,2.950,-1.584449,-1.582619
4m0y,4m0y_923,3.020,-1.513993,-1.343565
4m0y,4m0y_951,2.560,-1.888267,-1.509199
4m0y,4m0y_952,1.650,-1.143517,-1.222954
4m0z,4m0z_402,6.420,-1.516715,-1.858941
4m0z,4m0z_41,0.680,-0.726521,-1.313144
4m0z,4m0z_415,1.720,-1.040392,-1.282859
4m0z,4m0z_436,0.710,-0.636866,-1.653877
4m0z,4m0z_439,6.470,-1.280211,-1.386641
4m0z,4m0z_443,5.480,-2.238889,-1.603294
4m0z,4m0z_444,5.420,-1.707555,-1.701760
4m0z,4m0z_450,2.010,-1.009168,-1.628858
4m0z,4m0z_455,5.050,-1.382712,-1.720423
4m0z,4m0z_456,0.840,-0.865008,-1.381433
4m0z,4m0z_457,3.390,-1.346744,-1.426165
4m0z,4m0z_462,1.820,-1.063328,-1.212219
4m0z,4m0z_473,6.400,-1.170796,-1.452605
4m0z,4m0z_477,3.120,-1.437376,-1.598599
4m0z,4m0z_487,6.040,-1.158508,-1.465834
4m0z,4m0z_492,6.180,-1.511294,-1.577740
4m0z,4m0z_494,3.350,-2.237898,-1.409233
4m0z,4m0z_501,0.550,-0.827311,-1.273736
4m0z,4m0z_505,0.540,-0.735685,-1.298496
4m0z,4m0z_508,0.720,-1.131809,-1.308313
4m0z,4m0z_516,0.590,-0.771085,-1.340843
4m0z,4m0z_517,3.220,-1.703080,-1.956173
4m0z,4m0z_526,5.170,-1.279692,-1.489887
4m0z,4m0z_529,1.090,-0.788870,-1.560694
4m0z,4m0z_532,5.120,-1.265959,-1.450740
4m0z,4m0z_539,0.940,-0.998633,-1.657770
4m0z,4m0z_552,5.340,-1.463063,-1.150116
4m0z,4m0z_558,5.460,-1.636939,-1.587057
4m0z,4m0z_560,4.720,-1.634351,-1.440882
4m0z,4m0z_568,4.590,-1.488719,-1.465134
4m0z,4m0z_571,3.730,-1.980712,-1.290810
4m0z,4m0z_574,4.940,-1.883771,-1.321854
4m0z,4m0z_575,2.050,-0.705968,-1.614653
4m0z,4m0z_580,4.800,-0.837132,-1.382845
4m0z,4m0z_581,5.790,-2.530237,-1.813442
4m0z,4m0z_584,4.910,-0.965427,-1.982258
4m0z,4m0z_600,3.360,-1.992857,-2.428072
4m0z,4m0z_601,6.410,-1.213106,-1.847902
4m0z,4m0z_603,0.790,-0.844932,-1.512058
4m0z,4m0z_614,2.740,-1.097086,-2.082936
4m0z,4m0z_615,0.980,-1.101883,-1.099952
4m0z,4m0z_626,1.300,-0.302521,-1.607255
4m0z,4m0z_633,2.480,-0.534018,-1.127658
4m0z,4m0z_634,3.040,-1.153200,-1.047426
4m0z,4m0z_640,3.610,-1.671906,-1.421268
4m0z,4m0z_641,2.900,-2.128583,-1.517645
4m0z,4m0z_646,1.110,-0.789331,-1.667761
4m0z,4m0z_648,6.520,-0.660710,-1.792303
4m0z,4m0z_650,1.820,-1.561234,-1.704481
4m0z,4m0z_662,3.150,-1.989082,-1.407793
4m0z,4m0z_666,2.670,-1.894056,-1.565458
4m0z,4m0z_669,6.230,-1.019574,-1.913178
4m0z,4m0z_678,2.020,-1.545189,-1.738021
4m0z,4m0z_680,2.390,-1.566740,-1.352186
4m0z,4m0z_683,4.550,-1.056693,-1.160702
4m0z,4m0z_684,4.580,-1.178861,-1.545269
4m0z,4m0z_685,2.520,-0.577325,-1.538175
4m0z,4m0z_686,1.310,-1.042847,-1.494477
4m0z,4m0z_690,5.660,-1.638204,-1.366031
4m0z,4m0z_695,6.150,-1.155159,-1.631875
4m0z,4m0z_696,1.320,-1.175020,-1.485626
4m0z,4m0z_697,1.860,-0.701017,-1.527472
4m0z,4m0z_699,6.470,-1.445248,-1.573238
4m0z,4m0z_700,1.680,-0.959123,-1.784357
4m0z,4m0z_779,3.110,-1.857982,-1.691328
4m0z,4m0z_869,2.560,-1.883467,-1.418543
4m0z,4m0z_878,5.770,-2.441681,-2.178910
4m0z,4m0z_880,4.900,-3.965732,-1.645602
4m0z,4m0z_882,4.790,-3.675217,-1.904579
4m0z,4m0z_883,4.170,-2.278558,-1.812833
4mgd,4mgd_1000,1.310,-1.326151,-2.244157
4mgd,4mgd_132,0.930,-1.025451,-1.659904
4mgd,4mgd_223,1.010,-1.014902,-1.918981
4mgd,4mgd_24,0.430,-0.402531,-1.608511
4mgd,4mgd_272,0.370,-0.653521,-1.854531
4mgd,4mgd_283,0.860,-0.557474,-2.123838
4mgd,4mgd_425,0.980,-1.481947,-1.759495
4mgd,4mgd_427,0.800,-0.736594,-2.372656
4mgd,4mgd_428,0.620,-0.619622,-2.526483
4mgd,4mgd_455,1.250,-1.066677,-2.326201
4mgd,4mgd_467,1.500,-0.321655,-2.324554
4mgd,4mgd_469,2.150,-2.289364,-1.813254
4mgd,4mgd_520,1.890,-2.059076,-1.872759
4mgd,4mgd_568,1.610,-1.939583,-1.697124
4mgd,4mgd_571,2.040,-1.982656,-2.413555
4mgd,4mgd_579,3.830,-1.591265,-2.532692
4mgd,4mgd_586,2.190,-2.330426,-1.927179
4mgd,4mgd_609,1.280,-1.555765,-1.720539
4mgd,4mgd_660,2.160,-2.138434,-2.120588
4mgd,4mgd_669,2.040,-2.254941,-2.442329
4mgd,4mgd_683,2.300,-2.229329,-2.435263
4mgd,4mgd_690,2.060,-1.263834,-2.294368
4mgd,4mgd_732,0.980,-0.531813,-2.534783
4mgd,4mgd_753,4.020,-1.362256,-2.214695
4mgd,4mgd_761,3.910,-1.193246,-2.075857
4mgd,4mgd_763,4.000,-1.423373,-2.625270
4mgd,4mgd_768,3.940,-1.751834,-2.468382
4mgd,4mgd_772,2.120,-1.634160,-2.256054
4mgd,4mgd_779,3.690,-1.389412,-2.646462
4mgd,4mgd_781,1.340,-1.375343,-2.193715
4mgd,4mgd_782,4.030,-1.953706,-2.441507
4mgd,4mgd_783,3.790,-1.790004,-1.724512
4mgd,4mgd_784,4.060,-2.070493,-3.116142
4mgd,4mgd_790,3.410,-1.966108,-2.111810
4mgd,4mgd_791,4.120,-2.559853,-2.466741
4mgd,4mgd_792,2.970,-2.859795,-2.533611
4mgd,4mgd_793,3.830,-2.207898,-2.585960
4mgd,4mgd_795,2.580,-2.712991,-2.263654
4mgd,4mgd_799,3.380,-2.093128,-1.799553
4mgd,4mgd_800,4.550,-3.318221,-3.028792
4mgd,4mgd_820,1.410,-1.109954,-2.471841
4mgd,4mgd_829,0.980,-1.081140,-2.444781
4mgd,4mgd_894,3.700,-1.232810,-1.937750
4mgd,4mgd_95,1.010,-0.599519,-2.047094
4mgd,4mgd_96,0.520,-0.241983,-1.380372
4mme,4mme_133,0.650,-0.342575,-1.339883
4mme,4mme_16,0.590,-0.439287,-1.393963
4mme,4mme_324,0.600,-0.382048,-1.148458
4mme,4mme_403,1.040,-0.565054,-1.157507
4mme,4mme_406,0.830,-0.770073,-1.886443
4mme,4mme_407,3.120,-0.947717,-1.098977
4mme,4mme_409,1.000,-0.785853,-1.274900
4mme,4mme_413,1.100,-0.616005,-1.226980
4mme,4mme_425,1.560,-1.485981,-1.018715
4mme,4mme_426,2.910,-1.572715,-1.286290
4mme,4mme_434,0.450,-0.384898,-1.212261
4mme,4mme_440,2.780,-1.577950,-1.096152
4mme,4mme_441,2.110,-2.095530,-1.509207
4mme,4mme_442,3.270,-2.574767,-1.425502
4mme,4mme_455,1.710,-0.743292,-1.317677
4mme,4mme_456,4.370,-3.172144,-1.359040
4mme,4mme_466,0.870,-0.558748,-1.463430
4mme,4mme_468,1.920,-1.649946,-1.564401
4mme,4mme_469,3.860,-1.539962,-1.571426
4mme,4mme_472,3.870,-2.132521,-1.121740
4mme,4mme_475,2.760,-2.142378,-1.377733
4mme,4mme_482,3.100,-1.549044,-1.673105
4mme,4mme_486,3.830,-2.399914,-2.481509
4mme,4mme_489,6.110,-5.740732,-2.363683
4mme,4mme_492,3.250,-2.247835,-1.294943
4mme,4mme_498,1.830,-1.542150,-1.578024
4mme,4mme_511,6.380,-6.132497,-1.851632
4mme,4mme_520,7.310,-7.083297,-2.337654
4mme,4mme_521,6.690,-6.209988,-2.110099
4mme,4mme_522,0.920,-1.339130,-1.599662
4mme,4mme_524,6.600,-6.591599,-1.870846
4mme,4mme_534,5.880,-5.890253,-2.921419
4mme,4mme_539,5.500,-4.291984,-2.510035
4mme,4mme_552,1.230,-1.142831,-1.386222
4mme,4mme_555,5.640,-5.148594,-2.472197
4mme,4mme_559,4.680,-3.363296,-2.534988
4mme,4mme_565,5.530,-4.990057,-2.279819
4mme,4mme_566,2.370,-1.468770,-1.268462
4mme,4mme_567,6.680,-6.029305,-2.976308
4mme,4mme_568,6.110,-5.999207,-2.298704
4mme,4mme_575,4.800,-3.425110,-1.851516
4mme,4mme_577,5.510,-4.828198,-3.054772
4mme,4mme_580,1.120,-0.923550,-1.603340
4mme,4mme_584,5.010,-3.907112,-1.060172
4mme,4mme_593,6.920,-6.307422,-3.509229
4mme,4mme_600,4.760,-3.787249,-1.415024
4mme,4mme_611,2.700,-1.611841,-1.311157
4mme,4mme_622,1.060,-1.406990,-1.445540
4mme,4mme_635,2.880,-1.502552,-1.429285
4mme,4mme_644,6.620,-5.846398,-1.839005
4mme,4mme_646,2.870,-1.927259,-1.776168
4mme,4mme_651,4.220,-3.820879,-1.362347
4mme,4mme_656,4.040,-2.497180,-1.372246
4mme,4mme_657,5.830,-5.606546,-2.060560
4mme,4mme_667,7.230,-6.641979,-2.418273
4mme,4mme_670,7.230,-6.371785,-2.602224
4mme,4mme_674,6.540,-6.071082,-3.494247
4mme,4mme_676,3.000,-1.850644,-1.106896
4mme,4mme_685,5.500,-6.818293,-2.393153
4mme,4mme_687,7.050,-6.326674,-2.594967
4mme,4mme_695,4.300,-1.570081,-1.666538
4mme,4mme_71,0.550,-0.282087,-1.231293
4mme,4mme_723,1.250,-0.633246,-1.917544
4mme,4mme_754,3.940,-1.580712,-1.448899
4mme,4mme_757,4.180,-1.572666,-1.269242
4mme,4mme_766,2.990,-1.156127,-1.229639
4mme,4mme_768,3.240,-1.615383,-1.194715
4mme,4mme_769,4.600,-1.989764,-1.782754
4mme,4mme_834,5.730,-4.600093,-2.425603
4mme,4mme_835,4.910,-3.684372,-2.030099
4mme,4mme_839,6.890,-6.571433,-2.723994
4mme,4mme_845,3.390,-1.179858,-1.791991
4mme,4mme_86,0.570,-0.365411,-1.319623
4mme,4mme_943,5.130,-3.489607,-0.994806
4ogj,4ogj_128,8.080,-5.870625,-2.394417
4ogj,4ogj_138,6.850,-2.652104,-2.074811
4ogj,4ogj_177,6.000,-3.483849,-2.108066
4ogj,4ogj_202,6.120,-3.499336,-1.744634
4ogj,4ogj_209,9.020,-6.508133,-1.906735
4ogj,4ogj_221,6.740,-4.485662,-2.159451
4ogj,4ogj_222,7.220,-4.872991,-2.304017
4ogj,4ogj_223,9.320,-6.824177,-2.100465
4ogj,4ogj_228,7.050,-6.167504,-1.761572
4ogj,4ogj_229,9.230,-6.989862,-1.683948
4ogj,4ogj_230,8.080,-5.506413,-2.317518
4ogj,4ogj_233,8.050,-5.948842,-1.445071
4ogj,4ogj_243,6.560,-5.564895,-2.072549
4ogj,4ogj_245,5.480,-2.514729,-2.010898
4ogj,4ogj_247,8.850,-6.349838,-1.860133
4ogj,4ogj_250,8.030,-1.639886,-1.395283
4ogj,4ogj_259,7.590,-5.434920,-2.443453
4ogj,4ogj_260,9.380,-6.520401,-1.912272
4ogj,4ogj_263,9.230,-5.359869,-1.792766
4ogj,4ogj_267,7.120,-4.660224,-1.923344
4ogj,4ogj_271,6.600,-3.623840,-1.457773
4ogj,4ogj_279,4.760,-1.919780,-1.574146
4ogj,4ogj_282,7.170,-6.401978,-2.199758
4ogj,4ogj_286,7.930,-1.647874,-1.444574
4ogj,4ogj_291,9.990,-6.299750,-2.613185
4ogj,4ogj_297,4.940,-3.146472,-2.097780
4ogj,4ogj_300,6.730,-3.792337,-1.405240
4ogj,4ogj_40,9.070,-4.870214,-2.113054
4ogj,4ogj_439,6.640,-3.469096,-1.655808
4ogj,4ogj_44,9.120,-5.490928,-2.252029
4ogj,4ogj_447,9.050,-6.517076,-1.871258
4ogj,4ogj_45,9.070,-7.285149,-2.509924
4ogj,4ogj_478,5.890,-4.608102,-1.960217
4ogj,4ogj_503,4.840,-2.050073,-2.092258
4ogj,4ogj_523,4.930,-2.477067,-1.302503
4ogj,4ogj_527,8.410,-4.242643,-1.987074
4ogj,4ogj_565,4.550,-3.866638,-2.106973
4ogj,4ogj_569,5.650,-2.232135,-2.073571
4ogj,4ogj_570,3.600,-1.596386,-1.718829
4ogj,4ogj_575,5.050,-2.715592,-1.755192
4ogj,4ogj_619,6.380,-4.036949,-2.165069
4ogj,4ogj_627,7.040,-4.231415,-1.633984
4ogj,4ogj_637,7.420,-3.820363,-2.189918
4ogj,4ogj_638,5.020,-2.542023,-1.929358
4ogj,4ogj_65,8.610,-4.549823,-1.885464
4ogj,4ogj_658,7.050,-6.476880,-1.911685
4ogj,4ogj_661,5.400,-3.104875,-1.709979
4ogj,4ogj_664,6.600,-2.112977,-1.483581
4ogj,4ogj_670,5.820,-3.104655,-1.779169
4ogj,4ogj_677,4.920,-2.451693,-1.847182
4ogj,4ogj_698,3.760,-2.405691,-1.856523
4ogj,4ogj_7,7.970,-4.992025,-1.774188
4ogj,4ogj_70,8.560,-5.619980,-1.597981
4ogj,4ogj_700,4.930,-2.359320,-1.715645
4ogj,4ogj_701,4.070,-1.038557,-1.332742
4ogj,4ogj_72,8.240,-4.815632,-1.374795
4ogj,4ogj_722,3.780,-0.880812,-1.305166
4ogj,4ogj_723,2.230,-1.033970,-1.599694
4ogj,4ogj_742,3.150,-0.811377,-1.485142
4ogj,4ogj_743,4.000,-0.434317,-1.454872
4ogj,4ogj_744,2.770,-0.600551,-1.471733
4ogj,4ogj_746,6.890,-2.825369,-1.294754
4ogj,4ogj_750,0.860,-0.792113,-1.243613
4ogj,4ogj_753,2.710,-0.901263,-1.313103
4ogj,4ogj_757,0.800,-0.987994,-1.199053
4ogj,4ogj_758,3.620,-0.821491,-1.249115
4ogj,4ogj_762,1.760,-0.875591,-1.040075
4ogj,4ogj_764,1.920,-0.889761,-1.619268
4ogj,4ogj_771,4.050,-2.420062,-1.385161
4ogj,4ogj_778,2.690,-0.994035,-1.642326
4ogj,4ogj_782,1.650,-1.092094,-1.559681
4ogj,4ogj_784,1.310,-1.370403,-1.327541
4ogj,4ogj_785,8.440,-4.214343,-2.017060
4ogj,4ogj_789,2.100,-0.853914,-1.584626
4ogj,4ogj_792,1.660,-0.934748,-1.180144
4ogj,4ogj_795,3.640,-0.881103,-1.410585
4ogj,4ogj_808,5.940,-3.469819,-1.795192
4ogj,4ogj_824,2.360,-0.624771,-1.777647
4ogj,4ogj_852,4.820,-2.527945,-1.638509
4ogj,4ogj_881,2.080,-1.214758,-1.414869
4ogj,4ogj_882,3.200,-0.859455,-1.407270
4ogj,4ogj_89,5.620,-1.624018,-1.455128
4ogj,4ogj_897,2.780,-0.662873,-1.763844
4ogj,4ogj_914,3.950,-1.140056,-1.356637
4ogj,4ogj_935,3.980,-0.828323,-1.425180
4ogj,4ogj_936,2.020,-0.879201,-1.328790
4ogj,4ogj_937,1.610,-0.912109,-1.348333
4ogj,4ogj_957,1.720,-1.041631,-1.403947
4ogj,4ogj_969,2.650,-1.403059,-1.495901
4ogj,4ogj_990,1.330,-1.142497,-1.255921
4ogj,4ogj_993,1.160,-1.003450,-1.263003
4ogj,4ogj_999,1.360,-1.126029,-1.146149
4owm,4owm_109,7.560,-6.573918,-1.906448
4owm,4owm_114,7.670,-6.617178,-2.246560
4owm,4owm_135,2.350,-0.566967,-2.061802
4owm,4owm_148,7.580,-6.585198,-2.309686
4owm,4owm_16,2.000,-0.683490,-2.395695
4owm,4owm_163,2.060,-0.837720,-1.874178
4owm,4owm_215,8.420,-7.502882,-2.392087
4owm,4owm_216,1.900,-1.025307,-1.389744
4owm,4owm_223,2.000,-1.098589,-2.244617
4owm,4owm_228,8.820,-7.415713,-3.244708
4owm,4owm_230,0.750,-0.974690,-1.373489
4owm,4owm_232,0.610,-0.935144,-1.576840
4owm,4owm_243,8.750,-7.416357,-2.973233
4owm,4owm_260,8.460,-7.136627,-2.315933
4owm,4owm_270,8.880,-7.258511,-3.225237
4owm,4owm_272,9.130,-7.502300,-2.751725
4owm,4owm_278,8.780,-7.212249,-1.961479
4owm,4owm_280,8.510,-7.408808,-3.087685
4owm,4owm_287,8.710,-7.588161,-3.402289
4owm,4owm_293,8.810,-7.629436,-3.191341
4owm,4owm_299,8.860,-7.504565,-2.432101
4owm,4owm_305,1.310,-0.527196,-1.697912
4owm,4owm_329,9.460,-8.113338,-3.430528
4owm,4owm_346,9.600,-8.165491,-4.800327
4owm,4owm_362,0.560,-0.333855,-2.018685
4owm,4owm_366,1.410,-0.639519,-1.121839
4owm,4owm_378,0.700,-0.555377,-1.304899
4owm,4owm_389,0.630,-0.442362,-2.058008
4owm,4owm_392,9.300,-8.045904,-4.082293
4owm,4owm_397,9.190,-7.910242,-3.883765
4owm,4owm_407,1.810,-1.018591,-2.376002
4owm,4owm_427,2.000,-0.876981,-2.019941
4owm,4owm_430,1.590,-0.982587,-1.812868
4owm,4owm_437,2.810,-0.797880,-2.046954
4owm,4owm_440,3.730,-1.456574,-2.321946
4owm,4owm_455,1.370,-1.053853,-1.654628
4owm,4owm_461,3.270,-1.538267,-2.337218
4owm,4owm_463,3.650,-2.416595,-1.817244
4owm,4owm_465,6.360,-5.586392,-2.753374
4owm,4owm_475,4.920,-4.697203,-2.554940
4owm,4owm_482,6.000,-5.936498,-2.353262
4owm,4owm_484,5.400,-4.533364,-2.756371
4owm,4owm_493,6.000,-4.916840,-2.410568
4owm,4owm_501,2.790,-1.992633,-2.136554
4owm,4owm_506,3.500,-2.447657,-1.999070
4owm,4owm_509,5.550,-4.837445,-2.061067
4owm,4owm_517,4.760,-3.724535,-2.376107
4owm,4owm_534,1.240,-0.501095,-2.125183
4owm,4owm_542,2.810,-1.306859,-1.891582
4owm,4owm_554,5.880,-3.863262,-3.038223
4owm,4owm_556,6.010,-4.654325,-1.640813
4owm,4owm_561,6.510,-4.288909,-1.992508
4owm,4owm_571,3.840,-2.536957,-2.873754
4owm,4owm_572,3.900,-2.672656,-1.978806
4owm,4owm_574,4.280,-3.510594,-1.624129
4owm,4owm_575,4.650,-3.590183,-3.513010
4owm,4owm_576,5.460,-5.483244,-2.574613
4owm,4owm_579,6.420,-5.490715,-2.058563
4owm,4owm_582,4.710,-3.776187,-2.361590
4owm,4owm_583,4.760,-3.064508,-2.816938
4owm,4owm_584,6.230,-5.678213,-2.919299
4owm,4owm_595,2.680,-2.171717,-2.358331
4owm,4owm_619,4.670,-2.636431,-2.615084
4owm,4owm_626,7.050,-6.904022,-4.310285
4owm,4owm_629,0.830,-1.264696,-1.974453
4owm,4owm_637,2.980,-2.009855,-1.912720
4owm,4owm_639,4.570,-4.635873,-2.005436
4owm,4owm_648,5.340,-3.824509,-2.612076
4owm,4owm_661,6.750,-5.161747,-3.145410
4owm,4owm_663,6.310,-6.091529,-2.154933
4owm,4owm_670,4.830,-4.354443,-2.140568
4owm,4owm_671,2.760,-1.609143,-1.817421
4owm,4owm_674,6.270,-5.255927,-4.741281
4owm,4owm_689,3.620,-2.299771,-2.511329
4owm,4owm_695,2.410,-1.375980,-2.359967
4owm,4owm_742,6.180,-5.346384,-2.474375
4owm,4owm_760,5.160,-4.343665,-2.430204
4owm,4owm_768,5.180,-4.468503,-2.519463
4owm,4owm_774,6.160,-5.225419,-2.573314
4owm,4owm_779,2.680,-1.793629,-2.145656
4owm,4owm_780,3.940,-3.290433,-2.716965
4owm,4owm_849,0.730,-1.301759,-1.791340
4owm,4owm_851,3.350,-2.472686,-3.136805
4owm,4owm_860,4.120,-2.374287,-2.986490
4owm,4owm_872,3.440,-1.435869,-2.174663
4owm,4owm_874,5.130,-5.459079,-2.329122
4pcs,4pcs_141,1.150,-1.494374,-3.025105
4pcs,4pcs_152,0.910,-1.145627,-1.949678
4pcs,4pcs_164,0.540,-1.160951,-2.700922
4pcs,4pcs_165,0.900,-1.147968,-2.232416
4pcs,4pcs_173,0.770,-1.402366,-2.370225
4pcs,4pcs_190,1.580,-2.023947,-2.619186
4pcs,4pcs_196,0.410,-1.079649,-2.204002
4pcs,4pcs_202,1.070,-1.074751,-2.913653
4pcs,4pcs_241,2.950,-2.977996,-1.510821
4pcs,4pcs_257,1.350,-1.606610,-2.587506
4pcs,4pcs_274,3.030,-3.127394,-1.731934
4pcs,4pcs_309,0.460,-1.230267,-2.362569
4pcs,4pcs_401,2.870,-3.311145,-2.761572
4pcs,4pcs_409,2.990,-3.533549,-3.047738
4pcs,4pcs_413,3.290,-3.205400,-2.750620
4pcs,4pcs_416,2.980,-2.940218,-2.933482
4pcs,4pcs_437,4.360,-4.690357,-3.396793
4pcs,4pcs_443,6.650,-4.942343,-2.935944
4pcs,4pcs_444,6.610,-4.996850,-3.131227
4pcs,4pcs_448,2.470,-2.408445,-2.564139
4pcs,4pcs_452,6.400,-4.159474,-1.377999
4pcs,4pcs_476,6.610,-3.722465,-1.880731
4pcs,4pcs_477,6.460,-4.537571,-3.076775
4pcs,4pcs_486,6.490,-4.869215,-1.995040
4pcs,4pcs_491,4.010,-3.621631,-3.818201
4pcs,4pcs_494,6.450,-3.824618,-2.442058
4pcs,4pcs_512,3.070,-3.151394,-3.033484
4pcs,4pcs_518,4.160,-4.882939,-2.064051
4pcs,4pcs_521,5.070,-5.420805,-3.123170
4pcs,4pcs_527,5.860,-6.770811,-3.339571
4pcs,4pcs_533,4.370,-5.528880,-3.291591
4pcs,4pcs_537,5.320,-5.314249,-3.295173
4pcs,4pcs_538,3.880,-5.284387,-3.238811
4pcs,4pcs_545,5.120,-5.752409,-2.606809
4pcs,4pcs_548,3.720,-4.412462,-3.598532
4pcs,4pcs_549,4.420,-5.020739,-3.396283
4pcs,4pcs_552,5.130,-5.839542,-2.782056
4pcs,4pcs_554,3.260,-2.123184,-3.604203
4pcs,4pcs_564,5.690,-6.184886,-3.223938
4pcs,4pcs_572,5.410,-5.498038,-2.676532
4pcs,4pcs_580,6.480,-4.735705,-2.931051
4pcs,4pcs_581,4.240,-4.427835,-4.062005
4pcs,4pcs_588,5.090,-5.416328,-3.689705
4pcs,4pcs_592,5.800,-6.144099,-3.344657
4pcs,4pcs_598,5.450,-6.311331,-3.593704
4pcs,4pcs_600,4.770,-5.023232,-3.039381
4pcs,4pcs_63,0.820,-0.738837,-2.905314
4pcs,4pcs_654,3.170,-4.008766,-3.304591
4pcs,4pcs_663,6.310,-4.041333,-3.123231
4pcs,4pcs_684,2.480,-2.992442,-2.910804
4pcs,4pcs_697,2.150,-1.688861,-2.696136
4pcs,4pcs_719,0.780,-0.695142,-2.464773
4pcs,4pcs_734,1.440,-1.553648,-2.858639
4pcs,4pcs_749,1.020,-0.668902,-3.307911
4pcs,4pcs_765,2.370,-2.614712,-3.482768
4pcs,4pcs_773,3.610,-2.667405,-2.877004
4pcs,4pcs_776,1.780,-1.632016,-1.920492
4pcs,4pcs_777,3.120,-2.845370,-3.547535
4pcs,4pcs_78,1.400,-1.241835,-3.515261
4pcs,4pcs_780,2.940,-2.342882,-3.149068
4pcs,4pcs_785,3.630,-4.523118,-3.595607
4pcs,4pcs_788,1.810,-1.640484,-2.695062
4pcs,4pcs_789,2.600,-2.098142,-3.187208
4pcs,4pcs_790,4.140,-4.823502,-2.917548
4pcs,4pcs_795,6.590,-3.970706,-3.085853
4pcs,4pcs_800,4.620,-5.694227,-4.481214
4pcs,4pcs_812,0.560,-0.699755,-2.438456
4pcs,4pcs_826,1.070,-1.120791,-2.537042
4pcs,4pcs_828,0.730,-0.961146,-2.402767
4pcs,4pcs_883,4.460,-3.893016,-1.859914
4qac,4qac_109,0.500,-0.318826,-1.682259
4qac,4qac_114,0.560,-0.419541,-1.451971
4qac,4qac_115,0.900,-0.553452,-2.061216
4qac,4qac_116,0.920,-0.655868,-1.677344
4qac,4qac_136,1.140,-0.497736,-2.015298
4qac,4qac_144,0.640,-0.456627,-1.832985
4qac,4qac_194,1.080,-0.554563,-1.849225
4qac,4qac_232,0.780,-0.458332,-1.804372
4qac,4qac_353,0.940,-0.559151,-2.042662
4qac,4qac_372,0.700,-0.756042,-1.542484
4qac,4qac_406,3.070,-3.076689,-1.414251
4qac,4qac_410,3.320,-3.545662,-1.631457
4qac,4qac_411,6.690,-1.547703,-1.901050
4qac,4qac_419,2.980,-2.552032,-1.792946
4qac,4qac_424,3.060,-3.491647,-1.995758
4qac,4qac_441,3.190,-3.189952,-1.798253
4qac,4qac_444,3.080,-3.571295,-2.131017
4qac,4qac_447,3.730,-3.847018,-2.053534
4qac,4qac_450,3.070,-3.166142,-1.726260
4qac,4qac_456,1.260,-1.733284,-1.849784
4qac,4qac_466,3.190,-3.354846,-1.824957
4qac,4qac_471,3.340,-3.883006,-1.547925
4qac,4qac_476,2.480,-2.863865,-1.796121
4qac,4qac_481,7.070,-2.768471,-1.538695
4qac,4qac_484,2.470,-3.260160,-1.651001
4qac,4qac_486,1.280,-1.705969,-2.442442
4qac,4qac_489,2.610,-2.947941,-2.055920
4qac,4qac_497,6.910,-2.539725,-1.514440
4qac,4qac_499,2.000,-1.726622,-1.650100
4qac,4qac_50,0.640,-0.642235,-1.525394
4qac,4qac_501,5.890,-5.100949,-1.641467
4qac,4qac_502,4.790,-4.166509,-1.631036
4qac,4qac_507,5.620,-4.623063,-1.582592
4qac,4qac_509,5.070,-3.936908,-1.479137
4qac,4qac_512,7.640,-3.188326,-2.418344
4qac,4qac_513,4.610,-3.501609,-1.500275
4qac,4qac_518,2.410,-2.434014,-1.856374
4qac,4qac_538,7.790,-3.481372,-2.094722
4qac,4qac_539,4.630,-4.274650,-1.959810
4qac,4qac_550,1.810,-1.907280,-1.706064
4qac,4qac_553,4.880,-3.724983,-1.835472
4qac,4qac_557,2.530,-2.424933,-1.856477
4qac,4qac_563,1.530,-1.478190,-2.020939
4qac,4qac_565,9.260,-7.797757,-2.831528
4qac,4qac_567,2.570,-2.584664,-1.478674
4qac,4qac_569,6.670,-6.041002,-1.843312
4qac,4qac_581,2.490,-3.085392,-1.861415
4qac,4qac_588,5.180,-4.725778,-1.308718
4qac,4qac_593,2.280,-2.259847,-2.185924
4qac,4qac_600,6.830,-2.316576,-1.532225
4qac,4qac_634,1.580,-1.336724,-1.590035
4qac,4qac_635,5.380,-4.774632,-1.977911
4qac,4qac_659,4.990,-4.687198,-2.116183
4qac,4qac_673,2.140,-2.035164,-1.453503
4qac,4qac_683,7.200,-3.458910,-2.064497
4qac,4qac_689,6.860,-7.263593,-1.837334
4qac,4qac_692,1.710,-1.344794,-1.781551
4qac,4qac_702,1.450,-0.629623,-1.446410
4qac,4qac_711,7.210,-7.141510,-2.564598
4qac,4qac_718,4.900,-3.799206,-1.817790
4qac,4qac_722,7.100,-5.574665,-2.188927
4qac,4qac_739,4.580,-3.996259,-1.897059
4qac,4qac_745,8.950,-6.550934,-2.095108
4qac,4qac_755,8.340,-7.253039,-1.943253
4qac,4qac_764,9.380,-7.819520,-2.621460
4qac,4qac_769,6.920,-6.059554,-1.835289
4qac,4qac_770,9.140,-7.185236,-1.984199
4qac,4qac_772,9.120,-7.249581,-2.151085
4qac,4qac_773,8.950,-6.391632,-1.822382
4qac,4qac_777,4.830,-4.262084,-1.409920
4qac,4qac_780,5.540,-4.560412,-1.494248
4qac,4qac_781,7.280,-6.466504,-2.201404
4qac,4qac_782,7.810,-5.167535,-1.696918
4qac,4qac_786,7.680,-3.769346,-1.761961
4qac,4qac_787,9.030,-8.102365,-1.877089
4qac,4qac_789,9.830,-8.341324,-1.857150
4qac,4qac_791,4.720,-4.185932,-1.721052
4qac,4qac_793,6.010,-5.626177,-1.637374
4qac,4qac_795,3.070,-3.248240,-2.234667
4qac,4qac_800,5.050,-4.362325,-1.446344
4qac,4qac_813,9.540,-7.518927,-1.933497
4qac,4qac_824,9.570,-7.847082,-2.038251
4qac,4qac_828,6.910,-6.516586,-2.255123
4qac,4qac_849,5.750,-5.623016,-1.438845
4qac,4qac_871,9.530,-7.786951,-1.739027
4qac,4qac_875,7.260,-6.322148,-1.500837
4qac,4qac_883,5.060,-4.739584,-1.457316
4qac,4qac_888,9.090,-7.092918,-1.965235
4qac,4qac_893,4.540,-4.426621,-1.438298
4qac,4qac_945,0.870,-0.580492,-1.774401
4qac,4qac_962,6.390,-5.637101,-1.746160
4qac,4qac_969,6.370,-5.034470,-1.523774
4qac,4qac_975,5.830,-4.587342,-1.623487
4qd6,4qd6_103,8.620,-3.754336,-2.154593
4qd6,4qd6_160,4.560,-2.919686,-2.543567
4qd6,4qd6_167,3.810,-1.136778,-2.238795
4qd6,4qd6_187,10.000,-4.066211,-2.564601
4qd6,4qd6_207,1.250,-1.031664,-2.364535
4qd6,4qd6_219,4.880,-1.328499,-2.487061
4qd6,4qd6_230,9.110,-5.495430,-3.230852
4qd6,4qd6_265,4.880,-3.624252,-2.276474
4qd6,4qd6_268,6.930,-4.867598,-2.590705
4qd6,4qd6_276,9.340,-3.674434,-3.524552
4qd6,4qd6_290,8.880,-5.126565,-3.516619
4qd6,4qd6_294,9.310,-3.642944,-2.749997
4qd6,4qd6_298,8.680,-3.730147,-2.792903
4qd6,4qd6_302,9.060,-6.247606,-2.350863
4qd6,4qd6_312,9.260,-5.097983,-2.495895
4qd6,4qd6_339,4.590,-2.391395,-2.363588
4qd6,4qd6_346,7.260,-2.449481,-2.341910
4qd6,4qd6_347,2.480,-0.960439,-2.118468
4qd6,4qd6_387,7.900,-5.636486,-3.660863
4qd6,4qd6_390,2.180,-0.929155,-2.013569
4qd6,4qd6_397,5.910,-4.760137,-2.742944
4qd6,4qd6_408,8.120,-4.394409,-2.230919
4qd6,4qd6_414,7.890,-5.107829,-2.209089
4qd6,4qd6_428,9.230,-5.768766,-3.278137
4qd6,4qd6_429,5.980,-4.394627,-2.444401
4qd6,4qd6_44,2.620,-1.740456,-1.986117
4qd6,4qd6_448,8.010,-2.999280,-3.106347
4qd6,4qd6_449,8.210,-4.844857,-2.183382
4qd6,4qd6_460,6.930,-4.881361,-3.061894
4qd6,4qd6_465,5.750,-3.569648,-2.505297
4qd6,4qd6_471,7.200,-5.089862,-2.997424
4qd6,4qd6_473,8.290,-5.606928,-2.391529
4qd6,4qd6_475,8.010,-5.577392,-2.546534
4qd6,4qd6_490,7.170,-4.497559,-3.261920
4qd6,4qd6_501,4.370,-2.275845,-2.363516
4qd6,4qd6_507,3.930,-2.434155,-2.484733
4qd6,4qd6_511,6.680,-4.728519,-2.688106
4qd6,4qd6_516,6.310,-5.585982,-2.636768
4qd6,4qd6_518,5.970,-2.483395,-2.187949
4qd6,4qd6_519,3.460,-2.597734,-2.489822
4qd6,4qd6_520,5.800,-3.839936,-2.377447
4qd6,4qd6_528,5.810,-2.653927,-2.267737
4qd6,4qd6_529,6.350,-3.959338,-2.641362
4qd6,4qd6_540,7.660,-4.322773,-2.469979
4qd6,4qd6_547,6.170,-3.516829,-2.368486
4qd6,4qd6_568,4.090,-3.305644,-2.593025
4qd6,4qd6_573,6.230,-2.995184,-2.247168
4qd6,4qd6_574,5.210,-2.914398,-2.443020
4qd6,4qd6_578,9.100,-3.311472,-2.607477
4qd6,4qd6_58,4.480,-2.886575,-2.812300
4qd6,4qd6_588,6.590,-2.815393,-2.426028
4qd6,4qd6_593,7.100,-3.252197,-2.529065
4qd6,4qd6_6,3.930,-2.367254,-2.243613
4qd6,4qd6_612,5.820,-2.683412,-2.890164
4qd6,4qd6_614,6.480,-3.065536,-1.891338
4qd6,4qd6_62,7.490,-3.033775,-2.599494
4qd6,4qd6_621,4.680,-4.221040,-2.579664
4qd6,4qd6_623,9.070,-4.971123,-2.548979
4qd6,4qd6_639,7.780,-4.397045,-2.679441
4qd6,4qd6_642,6.310,-2.265572,-2.376334
4qd6,4qd6_653,3.120,-2.819034,-2.392849
4qd6,4qd6_671,5.870,-2.500995,-2.480894
4qd6,4qd6_673,9.230,-5.215907,-2.610866
4qd6,4qd6_674,3.250,-1.754448,-2.322845
4qd6,4qd6_675,7.040,-4.788675,-3.070812
4qd6,4qd6_678,8.310,-4.544196,-2.881057
4qd6,4qd6_681,4.620,-2.132430,-2.340822
4qd6,4qd6_683,5.030,-3.555079,-2.070400
4qd6,4qd6_687,8.650,-5.210295,-2.466603
4qd6,4qd6_700,3.340,-2.725521,-2.497883
4qd6,4qd6_707,2.120,-1.011541,-2.318036
4qd6,4qd6_708,2.180,-0.751090,-2.839598
4qd6,4qd6_709,2.790,-1.384820,-2.829276
4qd6,4qd6_714,2.000,-1.104073,-2.434000
4qd6,4qd6_737,3.120,-1.678293,-2.682911
4qd6,4qd6_790,0.960,-0.834078,-2.123284
4qd6,4qd6_82,4.980,-2.341161,-3.075359
4qd6,4qd6_825,2.550,-1.226612,-1.963885
4qd6,4qd6_835,2.710,-1.650071,-2.301960
4qd6,4qd6_84,3.990,-2.158342,-2.224561
4qd6,4qd6_847,2.180,-1.668759,-2.827729
4qd6,4qd6_85,3.840,-2.063788,-2.082823
4qd6,4qd6_925,1.290,-0.772835,-2.275198
4qd6,4qd6_934,1.070,-0.597503,-2.300910
4qd6,4qd6_939,1.270,-0.866873,-1.908674
4qd6,4qd6_942,1.460,-0.720552,-2.415894
4qd6,4qd6_948,1.990,-0.960111,-2.231993
4qd6,4qd6_954,1.590,-0.545928,-2.639820
4qd6,4qd6_958,2.890,-0.856016,-2.028001
4qd6,4qd6_960,1.320,-0.993996,-2.581514
4qd6,4qd6_971,1.060,-0.727834,-1.920341
4qd6,4qd6_975,0.790,-0.670119,-2.155707
4qd6,4qd6_978,0.700,-0.614617,-2.123366
4rfm,4rfm_113,1.010,-0.590496,-2.366973
4rfm,4rfm_140,6.490,-2.875050,-2.930027
4rfm,4rfm_185,1.460,-0.697252,-3.014341
4rfm,4rfm_191,1.290,-0.658883,-2.639812
4rfm,4rfm_21,1.070,-0.602876,-2.387763
4rfm,4rfm_223,6.740,-2.756335,-2.831476
4rfm,4rfm_233,3.670,-0.520176,-2.534656
4rfm,4rfm_259,6.660,-3.497958,-2.470344
4rfm,4rfm_26,2.950,-1.754802,-2.720960
4rfm,4rfm_262,9.750,-5.694524,-2.384781
4rfm,4rfm_3,2.180,-1.037956,-2.943260
4rfm,4rfm_31,3.780,-1.115639,-2.582531
4rfm,4rfm_313,9.200,-6.191244,-2.839828
4rfm,4rfm_319,9.420,-7.974712,-3.163019
4rfm,4rfm_321,7.930,-4.467283,-2.154373
4rfm,4rfm_327,0.800,-0.407621,-2.076397
4rfm,4rfm_344,9.500,-6.071379,-3.086089
4rfm,4rfm_350,9.290,-5.701362,-3.090662
4rfm,4rfm_353,3.510,-0.535423,-2.597147
4rfm,4rfm_354,0.710,-0.440314,-2.656012
4rfm,4rfm_37,2.880,-0.466973,-2.562562
4rfm,4rfm_39,6.750,-7.105576,-3.472144
4rfm,4rfm_402,8.160,-4.836061,-2.694576
4rfm,4rfm_404,7.730,-5.017112,-2.507382
4rfm,4rfm_412,7.010,-3.773592,-2.560983
4rfm,4rfm_413,7.650,-4.120338,-3.247507
4rfm,4rfm_43,3.550,-1.746652,-2.466903
4rfm,4rfm_430,4.680,-1.692016,-2.583813
4rfm,4rfm_440,8.200,-3.349246,-2.812606
4rfm,4rfm_453,6.530,-3.204022,-3.418051
4rfm,4rfm_458,3.820,-1.574483,-2.226769
4rfm,4rfm_473,7.170,-2.709065,-2.292061
4rfm,4rfm_480,4.960,-2.141334,-2.608425
4rfm,4rfm_487,7.770,-3.431583,-2.763121
4rfm,4rfm_488,6.570,-3.043150,-3.012065
4rfm,4rfm_497,3.970,-2.415341,-2.997264
4rfm,4rfm_498,7.240,-2.480067,-3.041847
4rfm,4rfm_506,9.330,-7.319952,-3.541279
4rfm,4rfm_508,2.220,-1.423616,-2.471608
4rfm,4rfm_514,8.210,-8.207827,-3.611166
4rfm,4rfm_524,4.310,-1.883469,-2.675120
4rfm,4rfm_529,5.850,-3.551976,-2.868751
4rfm,4rfm_533,2.520,-1.662369,-3.078142
4rfm,4rfm_534,6.060,-4.347398,-3.350804
4rfm,4rfm_536,5.730,-2.960046,-3.055091
4rfm,4rfm_542,5.310,-4.336334,-2.789857
4rfm,4rfm_545,6.430,-3.387712,-3.248773
4rfm,4rfm_553,8.640,-5.136511,-2.916428
4rfm,4rfm_557,6.130,-3.825014,-3.226869
4rfm,4rfm_559,7.850,-7.528115,-2.986976
4rfm,4rfm_560,5.930,-2.952692,-2.933479
4rfm,4rfm_562,8.720,-8.189254,-2.899562
4rfm,4rfm_567,5.980,-3.812713,-3.267359
4rfm,4rfm_569,8.560,-8.249724,-3.392684
4rfm,4rfm_577,4.860,-5.247166,-3.643998
4rfm,4rfm_580,5.150,-3.653644,-3.882692
4rfm,4rfm_588,8.440,-8.224598,-2.547904
4rfm,4rfm_589,9.600,-8.325893,-3.464966
4rfm,4rfm_592,2.570,-1.739136,-2.969599
4rfm,4rfm_593,8.070,-4.949785,-2.676018
4rfm,4rfm_598,9.930,-8.027296,-3.487259
4rfm,4rfm_612,2.730,-1.264029,-2.398593
4rfm,4rfm_627,3.700,-1.570175,-2.982339
4rfm,4rfm_629,5.820,-3.620812,-2.997027
4rfm,4rfm_635,2.100,-2.055278,-2.240895
4rfm,4rfm_637,5.870,-4.026330,-3.554916
4rfm,4rfm_639,8.460,-5.482011,-2.860141
4rfm,4rfm_640,7.000,-3.858884,-2.685263
4rfm,4rfm_641,4.730,-3.278869,-2.766774
4rfm,4rfm_642,4.190,-1.131161,-2.448374
4rfm,4rfm_646,4.940,-3.488884,-3.771928
4rfm,4rfm_650,3.810,-2.206055,-2.685747
4rfm,4rfm_652,3.450,-2.395086,-2.707243
4rfm,4rfm_66,2.980,-0.559821,-2.427489
4rfm,4rfm_665,5.090,-2.978250,-2.714822
4rfm,4rfm_667,5.330,-3.094052,-2.501375
4rfm,4rfm_669,4.980,-3.585705,-2.597491
4rfm,4rfm_670,3.900,-2.391751,-2.895616
4rfm,4rfm_675,4.410,-2.196946,-2.726569
4rfm,4rfm_682,4.940,-2.824621,-2.851799
4rfm,4rfm_689,7.910,-5.721760,-3.145556
4rfm,4rfm_694,7.530,-6.462723,-2.895497
4rfm,4rfm_729,1.430,-0.727647,-2.220837
4rfm,4rfm_732,2.700,-0.759400,-2.925685
4rfm,4rfm_744,9.670,-5.644170,-2.417887
4rfm,4rfm_747,9.740,-6.096005,-2.726786
4rfm,4rfm_748,8.530,-4.603316,-2.943344
4rfm,4rfm_798,0.880,-0.541511,-2.480885
4rfm,4rfm_85,0.430,-0.467924,-2.824168
4rfm,4rfm_863,1.950,-0.682294,-2.436256
4rfm,4rfm_869,1.910,-0.842069,-2.485130
4rfm,4rfm_9,0.370,-0.433628,-2.761639
4rfm,4rfm_936,1.980,-0.758889,-2.537464
4rfm,4rfm_940,1.890,-0.879176,-2.142234
4rfm,4rfm_941,1.680,-0.467732,-2.899291
4tmn,4tmn_129,8.290,-8.279510,-2.867754
4tmn,4tmn_137,9.260,-8.282636,-2.652353
4tmn,4tmn_141,7.640,-7.330723,-2.403978
4tmn,4tmn_146,8.010,-8.036925,-2.488682
4tmn,4tmn_148,7.880,-8.285462,-3.129485
4tmn,4tmn_150,9.720,-8.293106,-2.401531
4tmn,4tmn_16,7.990,-6.645351,-1.871888
4tmn,4tmn_164,7.380,-6.271099,-2.139570
4tmn,4tmn_192,9.250,-8.335276,-2.165099
4tmn,4tmn_196,8.940,-8.288085,-2.291176
4tmn,4tmn_208,0.680,-1.038943,-1.696907
4tmn,4tmn_209,1.030,-0.857980,-1.751025
4tmn,4tmn_214,8.020,-1.988719,-1.934002
4tmn,4tmn_215,0.730,-1.282423,-1.827138
4tmn,4tmn_218,0.630,-0.857609,-1.822108
4tmn,4tmn_224,0.650,-0.968822,-1.931019
4tmn,4tmn_229,0.930,-0.879749,-1.671637
4tmn,4tmn_231,1.180,-1.452659,-1.425698
4tmn,4tmn_238,4.330,-2.450009,-2.039210
4tmn,4tmn_242,4.840,-2.078982,-1.903162
4tmn,4tmn_248,1.090,-0.918481,-1.539126
4tmn,4tmn_258,0.890,-0.890382,-1.715407
4tmn,4tmn_260,1.490,-1.285446,-1.774122
4tmn,4tmn_268,0.960,-0.624886,-1.764051
4tmn,4tmn_274,7.740,-1.336941,-1.705160
4tmn,4tmn_275,0.990,-1.242380,-1.585818
4tmn,4tmn_278,0.920,-1.350089,-1.965830
4tmn,4tmn_283,2.660,-1.315196,-2.165396
4tmn,4tmn_290,5.550,-3.833196,-1.922533
4tmn,4tmn_303,5.580,-4.292836,-1.944168
4tmn,4tmn_315,9.040,-8.225020,-3.296182
4tmn,4tmn_324,0.740,-1.247897,-1.978870
4tmn,4tmn_326,8.800,-8.141410,-2.539502
4tmn,4tmn_333,7.770,-7.410769,-1.975869
4tmn,4tmn_359,6.980,-6.466279,-2.717777
4tmn,4tmn_365,8.030,-7.777520,-2.527687
4tmn,4tmn_391,9.560,-8.291245,-2.502333
4tmn,4tmn_392,5.720,-7.125765,-2.108960
4tmn,4tmn_397,6.840,-6.381240,-2.892602
4tmn,4tmn_407,4.900,-3.029563,-2.821093
4tmn,4tmn_418,4.460,-2.984349,-1.841253
4tmn,4tmn_422,2.410,-3.201087,-2.437698
4tmn,4tmn_423,2.140,-2.271582,-2.377279
4tmn,4tmn_442,5.650,-2.346289,-2.118415
4tmn,4tmn_448,3.180,-3.076820,-2.506646
4tmn,4tmn_50,9.790,-8.341154,-2.549239
4tmn,4tmn_501,6.530,-5.554908,-1.925786
4tmn,4tmn_505,3.690,-3.616045,-1.966886
4tmn,4tmn_509,6.530,-5.898932,-1.990828
4tmn,4tmn_523,9.050,-8.319350,-2.354498
4tmn,4tmn_526,3.070,-2.488871,-2.789959
4tmn,4tmn_53,8.490,-8.225829,-2.084618
4tmn,4tmn_534,6.720,-7.592233,-3.693210
4tmn,4tmn_551,9.320,-8.272886,-3.021636
4tmn,4tmn_554,7.670,-7.815138,-2.741459
4tmn,4tmn_555,3.590,-3.436291,-2.325525
4tmn,4tmn_58,4.990,-5.162280,-2.112375
4tmn,4tmn_60,8.050,-8.075558,-2.307894
4tmn,4tmn_604,5.820,-6.603096,-2.590752
4tmn,4tmn_613,6.660,-5.850630,-2.694941
4tmn,4tmn_653,7.930,-7.957864,-2.849346
4tmn,4tmn_671,5.100,-5.881540,-2.597052
4tmn,4tmn_673,3.670,-2.962818,-2.601833
4tmn,4tmn_692,4.190,-3.901106,-1.906389
4tmn,4tmn_710,1.150,-1.512579,-1.746097
4tmn,4tmn_715,1.550,-1.577218,-1.896026
4tmn,4tmn_718,2.200,-2.452649,-1.670441
4tmn,4tmn_721,1.760,-1.467242,-1.776064
4tmn,4tmn_722,1.940,-2.422079,-1.645705
4tmn,4tmn_731,1.540,-1.226270,-2.158381
4tmn,4tmn_734,7.830,-6.989178,-2.478020
4tmn,4tmn_738,9.140,-6.065575,-2.331750
4tmn,4tmn_743,8.940,-8.095077,-2.025477
4tmn,4tmn_746,2.140,-2.294629,-1.596482
4tmn,4tmn_754,4.430,-3.040964,-2.227969
4tmn,4tmn_756,2.960,-2.824027,-1.741781
4tmn,4tmn_771,5.800,-5.864048,-2.267005
4tmn,4tmn_78,9.860,-8.320067,-2.266345
4tmn,4tmn_790,8.020,-7.624908,-2.230435
4tmn,4tmn_794,6.190,-6.497609,-1.902916
4tmn,4tmn_801,1.280,-0.929273,-1.732583
4tmn,4tmn_810,3.030,-2.212367,-1.389346
4tmn,4tmn_816,2.560,-2.486468,-2.007744
4tmn,4tmn_823,2.990,-3.301433,-1.729649
4tmn,4tmn_824,5.480,-3.106098,-1.891064
4tmn,4tmn_842,4.420,-4.442792,-2.524320
4tmn,4tmn_854,2.770,-2.451118,-1.628719
4tmn,4tmn_867,5.220,-2.584642,-1.548521
4tmn,4tmn_875,5.120,-4.170534,-1.931160
4tmn,4tmn_878,4.790,-2.966179,-2.373743
4tmn,4tmn_889,6.440,-5.704170,-2.538039
4tmn,4tmn_9,6.370,-7.074013,-2.480234
4tmn,4tmn_91,7.000,-2.976750,-1.924300
4tmn,4tmn_936,2.880,-2.477941,-1.415992
4tmn,4tmn_951,3.010,-1.441164,-1.713826
4tmn,4tmn_952,3.900,-0.662016,-1.742794
4tmn,4tmn_962,3.540,-2.547260,-1.925605
4tmn,4tmn_963,3.570,-4.235673,-2.120434
4tmn,4tmn_989,7.380,-4.328357,-2.029146
4tmn,4tmn_991,4.470,-3.480364,-1.574711
4twp,4twp_101,7.140,-0.932003,-2.486870
4twp,4twp_102,2.980,-1.259854,-2.238691
4twp,4twp_106,1.260,-0.728661,-1.976009
4twp,4twp_109,0.720,-0.524434,-1.578569
4twp,4twp_129,2.670,-1.677316,-2.246384
4twp,4twp_164,6.900,-0.854399,-2.221739
4twp,4twp_171,0.870,-0.612356,-1.530226
4twp,4twp_175,7.040,-0.902296,-2.591614
4twp,4twp_203,1.360,-0.759480,-1.835481
4twp,4twp_222,1.060,-0.324605,-1.481293
4twp,4twp_241,1.220,-0.454147,-1.952873
4twp,4twp_277,0.990,-0.225406,-1.603607
4twp,4twp_284,0.910,-0.447479,-1.698819
4twp,4twp_3,7.610,-2.143368,-2.585820
4twp,4twp_323,5.860,-0.736795,-1.994712
4twp,4twp_327,6.620,-0.721752,-2.284886
4twp,4twp_341,6.100,-0.664607,-2.234244
4twp,4twp_352,0.950,-0.448721,-1.921782
4twp,4twp_358,0.800,-0.466765,-1.763769
4twp,4twp_36,4.310,-0.822020,-1.772638
4twp,4twp_378,1.060,-0.755679,-1.439666
4twp,4twp_379,0.760,-0.410357,-1.775621
4twp,4twp_394,2.580,-0.880742,-2.165462
4twp,4twp_397,0.970,-0.821543,-1.533196
4twp,4twp_418,1.710,-0.739263,-1.992132
4twp,4twp_442,5.800,-2.114928,-2.288630
4twp,4twp_443,3.890,-2.837453,-1.901549
4twp,4twp_454,1.920,-0.932160,-2.125010
4twp,4twp_455,3.340,-1.843393,-2.441272
4twp,4twp_460,3.290,-1.781826,-2.477330
4twp,4twp_467,4.740,-1.076343,-1.911617
4twp,4twp_468,5.500,-2.464932,-2.103938
4twp,4twp_470,5.150,-2.460230,-2.571411
4twp,4twp_476,4.880,-1.575342,-2.111589
4twp,4twp_480,2.980,-1.929076,-2.104357
4twp,4twp_485,4.060,-2.114235,-2.343942
4twp,4twp_486,4.350,-1.314037,-1.749064
4twp,4twp_487,3.160,-2.133814,-2.013035
4twp,4twp_493,2.520,-1.142635,-1.923645
4twp,4twp_513,1.860,-1.429614,-2.021401
4twp,4twp_517,1.760,-1.107535,-1.961595
4twp,4twp_518,7.930,-4.372833,-3.099178
4twp,4twp_519,8.810,-3.904887,-3.236974
4twp,4twp_526,6.530,-1.410232,-3.000264
4twp,4twp_53,0.700,-0.349638,-1.853492
4twp,4twp_531,2.140,-1.764694,-2.047038
4twp,4twp_535,8.440,-4.322806,-2.276159
4twp,4twp_538,8.410,-3.455761,-2.595244
4twp,4twp_542,6.230,-1.571587,-2.808460
4twp,4twp_550,8.680,-6.343312,-2.772660
4twp,4twp_555,8.250,-3.280233,-2.241937
4twp,4twp_557,2.860,-0.763984,-1.803032
4twp,4twp_559,8.860,-5.399372,-2.322471
4twp,4twp_564,6.360,-2.947569,-2.213774
4twp,4twp_570,3.310,-2.006018,-2.157639
4twp,4twp_571,6.120,-1.122062,-2.203950
4twp,4twp_577,6.870,-3.523985,-2.255161
4twp,4twp_582,3.310,-1.110966,-1.595557
4twp,4twp_583,4.260,-1.788868,-2.604515
4twp,4twp_585,4.930,-1.738866,-2.493848
4twp,4twp_587,9.540,-8.121770,-2.808671
4twp,4twp_590,7.280,-3.632180,-2.540859
4twp,4twp_591,7.140,-2.428421,-2.696803
4twp,4twp_593,8.830,-4.877592,-3.476438
4twp,4twp_596,7.570,-5.814023,-2.452313
4twp,4twp_597,8.040,-6.899836,-2.667650
4twp,4twp_598,8.260,-3.488274,-2.941890
4twp,4twp_608,2.220,-1.071598,-1.633294
4twp,4twp_614,3.230,-0.887347,-2.149673
4twp,4twp_634,1.720,-1.064531,-2.027956
4twp,4twp_637,3.050,-2.229133,-2.280501
4twp,4twp_641,5.680,-1.168927,-2.345473
4twp,4twp_642,4.210,-1.652861,-2.730306
4twp,4twp_646,5.740,-2.382423,-2.685298
4twp,4twp_648,5.870,-1.644001,-2.155469
4twp,4twp_653,6.640,-1.772725,-2.521242
4twp,4twp_654,7.630,-2.649040,-1.835882
4twp,4twp_656,5.800,-2.562302,-3.429627
4twp,4twp_663,4.820,-1.611726,-2.353364
4twp,4twp_664,7.140,-1.650835,-2.554610
4twp,4twp_669,5.510,-2.299389,-2.034299
4twp,4twp_673,4.510,-1.131661,-2.283381
4twp,4twp_678,7.840,-5.721591,-2.451470
4twp,4twp_683,3.010,-2.395839,-1.943789
4twp,4twp_684,2.460,-1.367197,-2.297769
4twp,4twp_687,2.910,-2.150630,-2.954002
4twp,4twp_692,6.110,-1.896513,-2.055443
4twp,4twp_694,5.490,-1.452142,-1.889162
4twp,4twp_697,8.570,-5.076169,-2.382160
4twp,4twp_699,9.080,-8.042418,-3.231400
4twp,4twp_809,3.020,-0.689159,-1.790309
4twp,4twp_899,0.840,-0.818611,-1.899590
4ty7,4ty7_101,1.270,-1.043110,-6.220375
4ty7,4ty7_106,0.560,-1.054742,-5.830387
4ty7,4ty7_224,0.810,-0.755330,-6.678231
4ty7,4ty7_254,0.790,-0.745615,-6.383761
4ty7,4ty7_26,8.390,-2.552142,-5.744318
4ty7,4ty7_264,0.870,-1.413445,-6.424784
4ty7,4ty7_35,9.010,-4.633184,-6.562377
4ty7,4ty7_381,1.400,-0.616260,-6.679456
4ty7,4ty7_412,8.090,-1.275246,-6.684221
4ty7,4ty7_415,8.200,-1.977768,-5.963640
4ty7,4ty7_439,4.530,-3.350149,-7.047088
4ty7,4ty7_442,2.730,-2.335216,-6.882070
4ty7,4ty7_447,5.260,-2.063246,-6.451943
4ty7,4ty7_451,1.640,-1.817826,-6.474658
4ty7,4ty7_456,6.040,-1.672801,-6.570145
4ty7,4ty7_459,2.470,-2.187638,-6.845703
4ty7,4ty7_474,3.270,-1.999428,-6.540197
4ty7,4ty7_480,3.860,-2.154396,-7.607542
4ty7,4ty7_481,3.920,-2.438019,-6.257281
4ty7,4ty7_483,2.890,-2.150973,-6.725960
4ty7,4ty7_492,8.040,-1.365620,-6.376553
4ty7,4ty7_494,2.860,-1.941835,-7.322248
4ty7,4ty7_496,7.840,-2.748091,-6.635712
4ty7,4ty7_5,8.720,-8.271488,-6.999428
4ty7,4ty7_50,0.610,-0.713156,-6.206090
4ty7,4ty7_506,3.100,-0.764420,-6.379559
4ty7,4ty7_507,1.580,-1.925369,-7.484129
4ty7,4ty7_513,7.960,-2.191457,-6.919089
4ty7,4ty7_515,7.310,-8.305872,-6.981573
4ty7,4ty7_518,6.420,-2.226868,-6.241257
4ty7,4ty7_529,8.910,-8.436998,-5.954020
4ty7,4ty7_539,8.570,-8.164302,-6.320354
4ty7,4ty7_543,5.510,-6.529454,-6.941336
4ty7,4ty7_549,4.950,-5.254579,-6.921284
4ty7,4ty7_553,2.400,-2.733101,-6.995407
4ty7,4ty7_558,8.600,-1.884715,-6.857407
4ty7,4ty7_56,7.030,-6.250760,-5.857732
4ty7,4ty7_561,5.630,-2.689142,-6.477499
4ty7,4ty7_562,5.080,-5.993966,-7.476711
4ty7,4ty7_563,3.360,-1.678622,-6.925416
4ty7,4ty7_566,8.700,-5.470357,-6.525959
4ty7,4ty7_574,9.250,-2.888063,-6.335762
4ty7,4ty7_576,7.670,-4.809992,-6.979197
4ty7,4ty7_586,4.030,-3.380550,-7.133730
4ty7,4ty7_589,9.590,-2.843678,-7.080546
4ty7,4ty7_594,6.920,-1.378556,-6.867547
4ty7,4ty7_595,9.060,-2.977819,-6.937955
4ty7,4ty7_598,4.210,-3.868691,-6.427176
4ty7,4ty7_599,6.570,-7.075530,-6.844424
4ty7,4ty7_606,8.150,-3.474682,-6.197496
4ty7,4ty7_608,3.750,-2.121551,-6.568015
4ty7,4ty7_613,5.620,-1.480700,-6.439114
4ty7,4ty7_62,1.050,-1.099903,-6.349059
4ty7,4ty7_624,5.020,-4.437955,-6.744814
4ty7,4ty7_627,2.380,-1.327095,-6.191624
4ty7,4ty7_631,4.730,-3.093048,-7.909116
4ty7,4ty7_636,4.230,-1.473258,-6.833551
4ty7,4ty7_637,6.150,-4.403418,-6.633468
4ty7,4ty7_646,6.460,-2.694998,-6.454654
4ty7,4ty7_649,3.770,-2.370987,-6.735352
4ty7,4ty7_654,5.870,-3.593507,-6.831653
4ty7,4ty7_655,7.060,-3.493385,-6.668035
4ty7,4ty7_656,1.780,-0.974972,-6.390149
4ty7,4ty7_657,7.960,-2.808167,-6.500229
4ty7,4ty7_658,9.560,-4.753190,-6.836314
4ty7,4ty7_662,4.920,-3.352755,-6.998974
4ty7,4ty7_663,4.090,-2.661225,-7.119953
4ty7,4ty7_668,1.670,-2.448545,-7.150562
4ty7,4ty7_669,5.000,-2.457433,-6.870867
4ty7,4ty7_671,9.240,-5.811277,-7.067037
4ty7,4ty7_673,3.380,-3.384135,-7.452361
4ty7,4ty7_674,3.580,-2.894400,-6.697682
4ty7,4ty7_676,9.050,-3.111271,-6.932686
4ty7,4ty7_678,7.510,-3.456797,-6.870987
4ty7,4ty7_682,5.650,-3.847912,-7.480097
4ty7,4ty7_687,7.720,-3.110814,-7.252512
4ty7,4ty7_694,6.220,-1.376835,-6.539830
4ty7,4ty7_697,2.480,-2.099211,-6.711257
4ty7,4ty7_702,0.690,-0.840338,-5.982378
4ty7,4ty7_734,2.610,-1.453650,-6.451181
4ty7,4ty7_74,6.910,-5.713545,-6.213467
4ty7,4ty7_744,3.070,-1.355125,-6.626936
4ty7,4ty7_763,5.310,-3.219029,-6.116442
4ty7,4ty7_764,6.190,-4.818111,-6.775861
4ty7,4ty7_766,0.380,-0.910030,-6.068610
4ty7,4ty7_775,0.780,-1.261408,-6.821361
4ty7,4ty7_808,0.910,-0.893983,-6.161073
4ty7,4ty7_817,1.210,-1.280408,-6.321320
4ty7,4ty7_834,4.390,-2.727443,-6.668711
4ty7,4ty7_857,5.550,-2.485744,-6.066987
4ty7,4ty7_86,9.210,-3.936694,-6.491484
4ty7,4ty7_861,7.100,-6.184030,-6.820909
4ty7,4ty7_862,2.940,-1.073202,-6.528031
4ty7,4ty7_88,9.410,-8.393664,-6.076326
4ty7,4ty7_895,2.000,-0.912346,-6.805365
4ty7,4ty7_916,1.080,-1.080882,-6.709734
4ty7,4ty7_925,0.950,-0.917987,-6.493908
4ty7,4ty7_951,2.610,-1.415810,-6.691482
4ty7,4ty7_96,9.040,-6.075830,-5.869128
4ty7,4ty7_963,6.250,-3.101218,-6.742305
4u4s,4u4s_120,4.160,-1.327359,-8.256688
4u4s,4u4s_122,3.250,-1.651671,-8.581426
4u4s,4u4s_127,3.020,-1.513091,-7.757421
4u4s,4u4s_128,8.250,-7.163509,-7.902628
4u4s,4u4s_138,2.840,-1.082486,-7.621870
4u4s,4u4s_14,7.860,-7.182647,-7.388598
4u4s,4u4s_143,2.950,-2.146921,-8.327187
4u4s,4u4s_152,7.540,-7.045165,-7.756259
4u4s,4u4s_153,2.820,-0.683911,-7.964743
4u4s,4u4s_173,2.860,-1.974855,-8.391257
4u4s,4u4s_230,0.650,-0.935359,-8.224091
4u4s,4u4s_232,0.520,-0.856870,-8.193278
4u4s,4u4s_251,4.280,-1.968556,-8.170514
4u4s,4u4s_26,8.300,-7.677552,-7.053890
4u4s,4u4s_261,0.580,-0.870310,-7.876100
4u4s,4u4s_271,1.200,-0.920135,-6.279771
4u4s,4u4s_272,3.130,-1.310900,-8.032249
4u4s,4u4s_293,1.160,-2.673095,-7.781082
4u4s,4u4s_36,0.610,-1.419029,-7.203826
4u4s,4u4s_412,0.800,-2.287365,-7.552013
4u4s,4u4s_427,4.050,-1.162819,-7.700195
4u4s,4u4s_428,1.010,-2.771127,-7.826494
4u4s,4u4s_429,1.020,-1.032693,-7.026640
4u4s,4u4s_430,0.900,-0.807538,-7.352357
4u4s,4u4s_435,3.150,-2.435178,-6.984415
4u4s,4u4s_440,0.750,-0.986740,-8.624285
4u4s,4u4s_449,2.030,-2.724861,-7.209381
4u4s,4u4s_456,3.200,-1.439412,-7.550350
4u4s,4u4s_460,1.060,-1.144312,-7.166665
4u4s,4u4s_462,1.500,-1.411852,-7.658141
4u4s,4u4s_464,3.820,-1.837120,-7.791021
4u4s,4u4s_468,3.320,-2.053671,-8.494904
4u4s,4u4s_484,2.910,-1.626970,-8.056172
4u4s,4u4s_485,7.360,-7.323330,-7.681822
4u4s,4u4s_490,1.110,-0.986327,-7.603389
4u4s,4u4s_492,4.070,-1.276732,-8.155936
4u4s,4u4s_497,3.750,-2.764344,-7.970773
4u4s,4u4s_500,5.370,-7.025767,-8.508597
4u4s,4u4s_509,5.550,-6.506171,-8.728922
4u4s,4u4s_523,6.490,-7.141239,-8.172137
4u4s,4u4s_526,5.490,-6.309911,-8.159107
4u4s,4u4s_537,8.360,-7.815578,-8.110575
4u4s,4u4s_540,5.940,-7.540226,-8.282540
4u4s,4u4s_547,4.890,-6.448646,-8.651983
4u4s,4u4s_550,7.150,-7.247282,-8.529249
4u4s,4u4s_551,7.000,-7.888262,-7.699813
4u4s,4u4s_555,1.490,-0.945389,-7.835221
4u4s,4u4s_557,7.770,-7.445782,-7.639175
4u4s,4u4s_586,6.110,-7.642930,-8.029844
4u4s,4u4s_589,6.530,-7.515460,-8.128502
4u4s,4u4s_595,4.030,-1.829965,-7.709801
4u4s,4u4s_597,7.060,-6.748606,-7.609723
4u4s,4u4s_598,5.190,-5.661505,-8.168338
4u4s,4u4s_609,6.710,-6.897121,-8.382101
4u4s,4u4s_613,7.290,-7.528284,-7.397203
4u4s,4u4s_624,5.600,-6.355886,-8.547817
4u4s,4u4s_637,5.550,-5.865427,-8.322017
4u4s,4u4s_638,6.580,-6.568768,-8.457806
4u4s,4u4s_640,4.220,-4.739196,-8.464929
4u4s,4u4s_641,6.730,-6.564794,-8.222643
4u4s,4u4s_642,4.450,-2.505081,-8.061825
4u4s,4u4s_644,5.520,-5.135890,-8.513585
4u4s,4u4s_646,5.110,-4.089435,-8.477298
4u4s,4u4s_647,3.940,-3.606027,-8.563154
4u4s,4u4s_654,2.200,-4.049363,-8.242812
4u4s,4u4s_658,5.800,-7.119741,-8.491958
4u4s,4u4s_659,4.200,-4.353747,-8.899241
4u4s,4u4s_665,3.340,-1.997606,-7.928932
4u4s,4u4s_668,1.910,-1.675398,-8.277376
4u4s,4u4s_670,2.180,-2.032594,-7.738799
4u4s,4u4s_671,4.990,-4.866671,-8.455238
4u4s,4u4s_675,6.040,-5.800216,-8.978109
4u4s,4u4s_682,6.980,-7.331694,-7.969928
4u4s,4u4s_689,6.140,-6.803538,-8.483832
4u4s,4u4s_69,2.970,-1.913024,-8.299651
4u4s,4u4s_71,0.370,-1.274862,-7.562216
4u4s,4u4s_719,9.030,-7.487141,-7.281027
4u4s,4u4s_720,9.340,-8.034263,-7.428540
4u4s,4u4s_726,9.330,-8.025889,-7.077206
4u4s,4u4s_727,9.330,-8.039550,-7.038269
4u4s,4u4s_730,8.240,-6.437773,-7.558607
4u4s,4u4s_764,2.340,-1.280977,-8.001464
4u4s,4u4s_765,9.260,-7.692089,-7.032364
4u4s,4u4s_766,9.100,-7.504157,-7.308250
4u4s,4u4s_767,9.040,-7.656374,-7.292156
4u4s,4u4s_768,8.090,-7.229164,-8.341676
4u4s,4u4s_772,8.950,-7.835875,-7.049079
4u4s,4u4s_776,7.190,-6.106980,-7.660716
4u4s,4u4s_787,0.720,-1.452829,-7.990702
4u4s,4u4s_835,8.380,-7.357601,-7.536442
4u4s,4u4s_842,9.180,-7.921842,-6.594353
4u4s,4u4s_855,8.460,-7.269665,-7.599563
4u4s,4u4s_863,8.800,-7.890107,-7.519217
4u4s,4u4s_927,0.730,-1.746387,-6.484138
4u4s,4u4s_958,9.100,-7.746950,-7.857627
4u4s,4u4s_962,1.020,-1.213930,-8.147303
4u4s,4u4s_965,7.880,-7.165904,-7.793997
4u4s,4u4s_969,8.830,-7.698752,-7.702844
4u4s,4u4s_971,7.860,-6.944552,-7.651567
4w9c,4w9c_172,2.810,-1.269844,-1.473963
4w9c,4w9c_186,0.900,-0.877725,-1.539239
4w9c,4w9c_249,0.980,-0.902420,-1.351048
4w9c,4w9c_326,1.120,-0.408251,-1.351652
4w9c,4w9c_333,2.800,-1.519532,-1.864088
4w9c,4w9c_36,8.020,-0.900765,-1.534907
4w9c,4w9c_363,3.080,-1.734705,-1.165420
4w9c,4w9c_372,0.950,-0.651677,-1.490470
4w9c,4w9c_379,0.530,-0.778068,-1.340329
4w9c,4w9c_381,0.420,-0.539348,-1.268917
4w9c,4w9c_405,5.850,-3.655591,-1.960063
4w9c,4w9c_415,5.790,-3.721602,-2.675146
4w9c,4w9c_420,6.600,-6.597898,-3.335378
4w9c,4w9c_423,5.470,-3.834486,-1.937193
4w9c,4w9c_432,6.700,-6.551457,-2.891964
4w9c,4w9c_446,6.130,-4.718220,-2.185050
4w9c,4w9c_450,5.650,-5.776734,-2.247044
4w9c,4w9c_452,6.430,-6.740267,-1.830213
4w9c,4w9c_456,7.180,-5.659530,-2.454322
4w9c,4w9c_457,6.820,-5.557288,-2.347301
4w9c,4w9c_460,1.970,-1.957069,-1.511703
4w9c,4w9c_462,6.590,-4.492867,-2.347624
4w9c,4w9c_473,6.290,-5.510680,-2.479477
4w9c,4w9c_476,1.950,-1.751852,-1.891170
4w9c,4w9c_477,5.120,-2.632554,-1.781815
4w9c,4w9c_48,7.150,-3.369883,-2.253957
4w9c,4w9c_483,5.610,-6.059369,-2.050928
4w9c,4w9c_486,8.590,-8.219287,-2.315991
4w9c,4w9c_487,2.470,-2.458436,-1.828369
4w9c,4w9c_490,3.080,-2.211234,-1.821082
4w9c,4w9c_494,8.060,-5.309667,-1.460869
4w9c,4w9c_499,7.200,-1.259142,-1.632112
4w9c,4w9c_513,9.250,-7.897598,-2.183685
4w9c,4w9c_516,8.700,-8.336161,-2.112060
4w9c,4w9c_520,5.240,-5.365952,-1.816196
4w9c,4w9c_528,1.840,-1.587429,-1.889714
4w9c,4w9c_533,7.910,-7.067589,-2.162310
4w9c,4w9c_538,7.830,-2.322380,-2.462339
4w9c,4w9c_543,9.150,-8.387234,-2.234200
4w9c,4w9c_545,9.290,-5.857514,-2.587826
4w9c,4w9c_546,9.480,-7.343039,-2.937941
4w9c,4w9c_550,7.830,-7.588749,-2.038061
4w9c,4w9c_556,7.350,-6.176613,-2.171553
4w9c,4w9c_558,9.070,-7.722882,-2.224734
4w9c,4w9c_560,3.560,-1.050750,-1.599124
4w9c,4w9c_561,7.890,-6.777417,-1.800416
4w9c,4w9c_562,9.700,-8.291152,-2.952419
4w9c,4w9c_567,8.010,-6.505396,-1.648886
4w9c,4w9c_569,3.220,-2.299395,-1.231544
4w9c,4w9c_580,7.600,-6.486419,-1.820003
4w9c,4w9c_59,8.740,-7.740708,-3.094046
4w9c,4w9c_594,8.260,-6.476587,-2.008057
4w9c,4w9c_597,3.620,-2.149072,-1.473152
4w9c,4w9c_6,7.000,-2.675350,-2.317393
4w9c,4w9c_603,2.940,-1.838196,-1.745145
4w9c,4w9c_604,9.160,-7.925323,-2.705487
4w9c,4w9c_613,4.710,-2.715399,-2.359281
4w9c,4w9c_623,6.500,-6.552535,-2.133920
4w9c,4w9c_628,3.640,-2.763335,-1.794720
4w9c,4w9c_636,8.410,-6.424633,-2.760933
4w9c,4w9c_637,2.660,-1.464496,-1.769718
4w9c,4w9c_638,2.440,-1.880252,-1.678989
4w9c,4w9c_639,4.270,-1.213428,-1.893340
4w9c,4w9c_642,3.520,-2.314122,-1.945195
4w9c,4w9c_646,5.900,-3.646913,-1.793084
4w9c,4w9c_660,7.580,-7.237317,-2.481667
4w9c,4w9c_661,4.050,-2.939387,-1.695372
4w9c,4w9c_664,2.610,-0.964390,-1.377153
4w9c,4w9c_670,4.240,-1.453877,-1.876170
4w9c,4w9c_677,9.280,-7.914481,-2.137660
4w9c,4w9c_683,3.240,-1.918775,-1.536553
4w9c,4w9c_691,9.280,-7.939318,-2.519973
4w9c,4w9c_695,5.170,-4.048713,-2.040722
4w9c,4w9c_697,2.770,-1.930586,-1.915379
4w9c,4w9c_699,8.750,-8.166056,-1.401454
4w9c,4w9c_7,9.110,-7.200403,-2.015900
4w9c,4w9c_712,1.130,-0.967857,-1.329721
4w9c,4w9c_719,0.920,-0.652493,-1.198005
4w9c,4w9c_720,0.950,-0.802152,-1.628709
4w9c,4w9c_732,0.880,-0.870874,-1.457044
4w9c,4w9c_735,2.830,-3.017101,-2.122413
4w9c,4w9c_739,6.230,-6.296325,-2.415348
4w9c,4w9c_758,1.000,-0.860665,-1.532254
4w9c,4w9c_765,1.980,-2.540090,-1.728260
4w9c,4w9c_768,1.920,-2.063023,-1.469006
4w9c,4w9c_772,3.080,-3.621518,-1.306698
4w9c,4w9c_777,1.810,-1.789870,-1.340011
4w9c,4w9c_778,2.660,-2.879330,-1.483716
4w9c,4w9c_806,3.020,-3.190474,-1.482998
4w9c,4w9c_85,8.610,-6.047511,-2.746532
4w9c,4w9c_854,4.880,-5.047493,-1.077522
4w9c,4w9c_906,0.750,-0.599018,-1.487399
4w9c,4w9c_925,1.150,-0.864333,-1.556473
4w9c,4w9c_955,1.370,-0.666138,-1.623369
4w9c,4w9c_963,4.430,-4.490909,-1.623231
4w9c,4w9c_968,5.380,-5.131493,-1.621177
4w9h,4w9h_100,7.520,-1.201678,-1.071857
4w9h,4w9h_119,1.850,-0.933481,-1.797557
4w9h,4w9h_124,5.680,-4.842308,-1.836487
4w9h,4w9h_135,1.120,-0.698015,-1.345518
4w9h,4w9h_143,0.620,-0.418458,-1.280575
4w9h,4w9h_158,3.270,-1.559368,-1.248093
4w9h,4w9h_166,3.360,-0.932543,-1.387618
4w9h,4w9h_182,6.160,-5.147356,-2.409387
4w9h,4w9h_204,0.810,-0.355748,-1.201229
4w9h,4w9h_210,0.740,-0.670291,-1.181759
4w9h,4w9h_241,0.670,-0.704069,-1.087796
4w9h,4w9h_307,0.380,-0.563693,-0.938654
4w9h,4w9h_326,0.580,-0.530912,-0.892546
4w9h,4w9h_327,9.290,-5.294722,-1.637654
4w9h,4w9h_336,3.300,-1.384879,-1.526857
4w9h,4w9h_365,6.870,-4.528256,-2.182587
4w9h,4w9h_368,0.400,-0.600646,-0.979211
4w9h,4w9h_391,3.290,-0.712613,-1.301584
4w9h,4w9h_392,8.340,-8.112206,-1.676396
4w9h,4w9h_402,7.740,-1.144327,-1.587929
4w9h,4w9h_403,2.780,-2.390525,-2.052453
4w9h,4w9h_404,2.110,-1.065758,-1.387091
4w9h,4w9h_408,2.860,-2.104031,-2.189982
4w9h,4w9h_410,3.050,-2.590313,-1.455585
4w9h,4w9h_413,2.740,-2.601328,-1.581844
4w9h,4w9h_416,2.000,-1.541844,-1.275955
4w9h,4w9h_429,6.320,-3.099763,-1.295704
4w9h,4w9h_434,1.920,-2.089466,-1.954942
4w9h,4w9h_435,7.120,-3.873607,-1.521245
4w9h,4w9h_436,7.760,-7.875102,-1.281615
4w9h,4w9h_446,4.080,-1.782775,-1.716240
4w9h,4w9h_447,6.850,-2.945771,-1.505489
4w9h,4w9h_449,5.130,-5.270400,-1.653532
4w9h,4w9h_456,4.690,-2.902784,-1.146872
4w9h,4w9h_462,7.710,-4.195364,-1.885502
4w9h,4w9h_464,5.440,-2.708342,-1.468732
4w9h,4w9h_469,5.550,-1.855955,-1.767549
4w9h,4w9h_474,4.830,-5.009361,-1.833900
4w9h,4w9h_481,2.220,-1.587060,-1.460392
4w9h,4w9h_484,2.100,-2.278878,-1.583471
4w9h,4w9h_485,3.440,-2.504605,-1.701946
4w9h,4w9h_493,9.040,-7.346785,-2.630187
4w9h,4w9h_495,1.860,-1.454259,-1.400617
4w9h,4w9h_498,1.950,-2.300915,-1.377300
4w9h,4w9h_499,7.610,-2.550099,-1.331015
4w9h,4w9h_504,9.370,-7.631454,-2.389331
4w9h,4w9h_511,8.270,-2.153543,-1.800630
4w9h,4w9h_515,8.310,-6.773047,-2.304779
4w9h,4w9h_516,5.830,-5.922056,-2.582456
4w9h,4w9h_520,4.990,-4.091578,-2.088042
4w9h,4w9h_523,9.200,-5.958833,-2.144912
4w9h,4w9h_527,9.750,-8.126324,-2.562945
4w9h,4w9h_530,6.750,-5.389638,-1.994389
4w9h,4w9h_532,3.620,-2.912277,-1.465691
4w9h,4w9h_537,8.060,-5.734392,-2.081656
4w9h,4w9h_538,2.770,-2.454309,-1.954426
4w9h,4w9h_546,8.790,-5.611928,-2.371912
4w9h,4w9h_548,9.080,-4.029538,-2.120823
4w9h,4w9h_554,2.170,-1.887124,-1.787835
4w9h,4w9h_555,7.600,-5.529108,-2.284068
4w9h,4w9h_561,4.880,-3.748689,-1.521031
4w9h,4w9h_589,8.110,-4.922261,-2.089200
4w9h,4w9h_596,5.120,-4.567040,-1.795096
4w9h,4w9h_597,8.520,-6.192103,-1.475075
4w9h,4w9h_598,9.790,-8.138564,-1.646271
4w9h,4w9h_612,6.300,-3.143026,-2.755185
4w9h,4w9h_616,7.780,-7.651510,-2.272436
4w9h,4w9h_618,5.660,-4.135113,-1.607430
4w9h,4w9h_626,2.920,-2.335787,-1.593141
4w9h,4w9h_637,8.720,-7.734286,-2.061701
4w9h,4w9h_642,3.610,-2.669417,-1.530510
4w9h,4w9h_647,6.730,-3.134486,-1.821128
4w9h,4w9h_655,9.430,-8.193344,-2.476901
4w9h,4w9h_658,6.760,-5.708009,-2.005593
4w9h,4w9h_662,4.140,-2.943222,-1.974321
4w9h,4w9h_663,7.760,-5.528933,-1.412694
4w9h,4w9h_664,9.340,-7.717628,-2.822213
4w9h,4w9h_666,4.330,-1.917955,-1.827476
4w9h,4w9h_667,4.670,-3.199925,-1.791835
4w9h,4w9h_676,5.920,-5.650975,-1.930979
4w9h,4w9h_677,4.010,-3.823062,-1.547714
4w9h,4w9h_679,6.400,-5.735983,-1.980360
4w9h,4w9h_691,7.410,-3.608984,-1.807144
4w9h,4w9h_699,9.680,-7.680074,-2.207850
4w9h,4w9h_709,0.370,-0.393500,-1.164624
4w9h,4w9h_710,0.780,-0.525993,-1.260462
4w9h,4w9h_740,1.120,-0.874849,-1.255757
4w9h,4w9h_765,0.960,-0.954447,-1.180183
4w9h,4w9h_770,3.190,-3.607409,-0.933256
4w9h,4w9h_771,5.680,-5.836619,-1.580256
4w9h,4w9h_773,6.130,-5.790864,-1.715153
4w9h,4w9h_780,3.360,-2.843828,-1.182391
4w9h,4w9h_784,2.260,-1.593455,-1.195475
4w9h,4w9h_787,1.820,-1.541614,-1.221290
4w9h,4w9h_801,1.040,-1.021828,-1.019711
4w9h,4w9h_84,8.830,-6.774806,-1.789767
4w9h,4w9h_90,5.590,-5.200495,-1.718910
4w9h,4w9h_922,8.580,-1.393300,-1.655562
4w9h,4w9h_961,4.940,-5.115734,-1.810801
4w9h,4w9h_976,1.270,-0.539341,-1.173162
4w9i,4w9i_110,0.890,-0.619802,-1.652550
4w9i,4w9i_172,0.710,-0.378815,-1.660965
4w9i,4w9i_197,1.290,-0.387054,-1.648484
4w9i,4w9i_199,0.840,-0.354424,-1.616788
4w9i,4w9i_204,0.420,-0.314962,-1.168686
4w9i,4w9i_221,0.450,-0.375944,-1.237808
4w9i,4w9i_337,8.460,-8.120210,-1.364141
4w9i,4w9i_374,5.320,-4.788068,-1.313471
4w9i,4w9i_388,4.190,-2.044051,-1.286338
4w9i,4w9i_394,2.180,-0.949294,-1.341437
4w9i,4w9i_403,6.010,-5.205234,-1.891884
4w9i,4w9i_417,9.070,-7.241068,-2.562279
4w9i,4w9i_424,6.350,-4.666479,-2.084850
4w9i,4w9i_429,5.960,-4.082836,-2.294054
4w9i,4w9i_430,1.930,-1.534848,-1.848521
4w9i,4w9i_439,6.950,-7.764466,-2.585312
4w9i,4w9i_440,3.820,-2.859989,-2.473364
4w9i,4w9i_447,2.940,-1.832668,-1.973072
4w9i,4w9i_468,5.030,-3.171979,-2.315073
4w9i,4w9i_474,2.910,-1.699282,-1.483659
4w9i,4w9i_476,6.850,-1.405621,-1.538736
4w9i,4w9i_484,3.300,-1.365853,-2.153384
4w9i,4w9i_487,5.270,-4.645335,-1.831884
4w9i,4w9i_489,7.880,-4.997665,-2.349546
4w9i,4w9i_491,9.010,-7.503160,-2.242600
4w9i,4w9i_494,5.400,-3.497147,-1.754709
4w9i,4w9i_496,9.200,-1.852107,-2.013377
4w9i,4w9i_511,8.920,-7.296059,-2.734076
4w9i,4w9i_512,6.580,-2.256216,-2.601144
4w9i,4w9i_515,3.490,-2.833126,-1.708994
4w9i,4w9i_524,3.330,-1.760841,-1.444754
4w9i,4w9i_528,9.210,-7.902333,-2.614466
4w9i,4w9i_534,8.790,-8.357060,-2.620869
4w9i,4w9i_535,4.330,-4.967081,-2.259443
4w9i,4w9i_546,9.350,-8.342709,-3.079542
4w9i,4w9i_550,9.340,-8.282556,-2.183806
4w9i,4w9i_551,7.900,-7.518141,-2.537350
4w9i,4w9i_554,9.290,-7.552323,-3.395604
4w9i,4w9i_56,1.270,-0.723548,-1.116099
4w9i,4w9i_565,4.670,-3.939095,-1.932917
4w9i,4w9i_567,9.430,-7.277158,-2.426398
4w9i,4w9i_570,3.980,-4.361333,-1.594775
4w9i,4w9i_574,8.670,-5.337910,-2.257062
4w9i,4w9i_575,4.020,-3.793535,-2.013430
4w9i,4w9i_583,5.250,-3.273176,-1.801261
4w9i,4w9i_586,6.580,-4.505711,-2.224602
4w9i,4w9i_587,2.920,-2.433136,-1.742209
4w9i,4w9i_589,9.330,-8.332484,-2.444936
4w9i,4w9i_595,7.120,-6.057858,-2.011452
4w9i,4w9i_602,7.640,-5.962275,-1.518390
4w9i,4w9i_611,5.330,-2.989407,-2.556484
4w9i,4w9i_612,2.850,-2.002663,-1.409926
4w9i,4w9i_615,2.100,-2.403739,-1.405683
4w9i,4w9i_622,2.820,-2.831915,-1.506474
4w9i,4w9i_626,4.680,-3.334823,-2.024573
4w9i,4w9i_630,5.680,-6.026486,-3.204309
4w9i,4w9i_649,8.460,-5.981497,-1.977274
4w9i,4w9i_658,9.800,-8.351618,-2.864207
4w9i,4w9i_670,8.410,-6.702122,-2.219545
4w9i,4w9i_672,4.190,-4.356436,-2.945013
4w9i,4w9i_687,8.490,-8.267395,-2.799557
4w9i,4w9i_697,3.830,-2.228438,-1.573752
4w9i,4w9i_698,4.900,-2.791490,-2.142224
4w9i,4w9i_755,3.540,-0.904527,-1.426092
4w9i,4w9i_756,3.000,-2.363616,-1.375686
4w9i,4w9i_759,6.250,-6.235364,-1.597229
4w9i,4w9i_761,6.000,-5.922447,-1.596809
4w9i,4w9i_763,4.350,-0.959566,-1.782134
4w9i,4w9i_764,3.440,-2.850871,-1.530058
4w9i,4w9i_766,8.460,-0.686342,-1.746979
4w9i,4w9i_768,7.460,-1.134566,-1.719719
4w9i,4w9i_771,7.890,-3.136449,-1.758191
4w9i,4w9i_772,4.340,-4.781555,-1.573976
4w9i,4w9i_774,3.960,-1.952525,-1.601186
4w9i,4w9i_776,6.310,-6.793489,-1.677471
4w9i,4w9i_777,8.160,-7.765339,-2.266390
4w9i,4w9i_782,7.810,-7.517013,-2.369996
4w9i,4w9i_787,4.110,-4.067828,-1.761681
4w9i,4w9i_789,7.500,-6.198744,-1.766117
4w9i,4w9i_790,8.060,-2.216111,-1.666394
4w9i,4w9i_791,6.630,-4.593917,-1.175072
4w9i,4w9i_792,7.430,-5.939401,-1.865330
4w9i,4w9i_793,6.120,-4.745259,-2.461245
4w9i,4w9i_794,1.020,-0.868034,-1.692744
4w9i,4w9i_795,0.740,-0.406444,-1.300617
4w9i,4w9i_796,0.990,-0.806013,-1.519713
4w9i,4w9i_801,0.510,-0.393980,-1.172346
4w9i,4w9i_846,7.740,-6.209925,-2.414130
4w9i,4w9i_852,1.280,-0.563956,-1.144510
4w9i,4w9i_873,0.950,-0.602629,-1.051848
4w9i,4w9i_879,2.090,-0.596438,-2.047043
4w9i,4w9i_882,1.990,-0.749983,-1.730018
4w9i,4w9i_885,0.910,-0.583789,-1.569085
4w9i,4w9i_886,2.020,-0.513270,-1.323257
4w9i,4w9i_890,1.920,-1.079463,-1.678212
4w9i,4w9i_893,1.600,-0.750006,-1.872828
4w9i,4w9i_924,3.090,-3.610544,-1.439017
4w9i,4w9i_97,1.420,-1.110325,-1.519995
4w9i,4w9i_989,1.310,-0.421765,-1.242549
4w9l,4w9l_10,5.020,-2.283971,-1.626387
4w9l,4w9l_100,1.940,-0.654928,-1.559807
4w9l,4w9l_12,1.290,-0.576555,-1.039305
4w9l,4w9l_136,6.170,-3.040210,-1.712694
4w9l,4w9l_141,8.380,-5.668254,-2.730643
4w9l,4w9l_143,5.630,-2.102812,-2.035803
4w9l,4w9l_151,4.190,-2.569979,-1.823882
4w9l,4w9l_170,1.170,-0.333675,-1.074285
4w9l,4w9l_177,1.990,-0.598048,-1.462026
4w9l,4w9l_180,2.660,-0.595493,-1.530948
4w9l,4w9l_19,2.090,-0.705702,-1.623432
4w9l,4w9l_192,9.510,-7.445979,-2.057199
4w9l,4w9l_204,0.960,-0.363761,-1.264270
4w9l,4w9l_215,0.710,-0.371959,-0.829130
4w9l,4w9l_250,0.950,-0.387691,-1.166130
4w9l,4w9l_261,4.310,-1.764579,-1.421755
4w9l,4w9l_264,0.880,-0.365863,-1.109668
4w9l,4w9l_27,4.590,-1.480062,-1.590480
4w9l,4w9l_273,7.830,-1.397941,-1.254049
4w9l,4w9l_287,0.920,-0.610683,-1.171901
4w9l,4w9l_309,8.040,-4.156484,-1.568944
4w9l,4w9l_323,3.450,-0.884159,-1.596988
4w9l,4w9l_326,2.140,-0.931541,-1.118880
4w9l,4w9l_341,8.400,-3.995208,-1.574310
4w9l,4w9l_35,0.790,-0.443454,-1.050101
4w9l,4w9l_358,8.620,-6.234885,-1.433890
4w9l,4w9l_368,0.710,-0.375199,-0.924621
4w9l,4w9l_379,4.880,-1.428649,-1.742225
4w9l,4w9l_382,8.570,-4.855472,-2.256608
4w9l,4w9l_393,8.160,-1.312939,-1.199652
4w9l,4w9l_400,6.050,-5.747385,-2.073749
4w9l,4w9l_402,3.700,-2.550567,-1.486251
4w9l,4w9l_403,6.130,-2.982763,-1.858333
4w9l,4w9l_406,2.740,-1.880416,-2.034798
4w9l,4w9l_407,2.850,-1.850702,-1.988469
4w9l,4w9l_410,7.730,-7.802583,-2.271380
4w9l,4w9l_411,2.970,-2.280326,-1.410866
4w9l,4w9l_430,2.710,-2.218831,-2.451559
4w9l,4w9l_437,2.730,-2.467049,-1.789205
4w9l,4w9l_441,5.100,-3.076468,-2.046306
4w9l,4w9l_448,6.090,-6.048001,-2.045364
4w9l,4w9l_450,8.000,-5.910949,-2.053946
4w9l,4w9l_452,6.250,-6.821959,-2.316118
4w9l,4w9l_456,9.260,-6.545372,-2.348682
4w9l,4w9l_457,5.030,-2.353600,-1.662744
4w9l,4w9l_462,6.710,-3.725287,-2.289872
4w9l,4w9l_466,8.750,-5.862824,-1.887457
4w9l,4w9l_475,3.630,-2.068409,-2.183098
4w9l,4w9l_480,4.530,-2.427675,-1.837437
4w9l,4w9l_481,3.040,-1.773102,-1.281242
4w9l,4w9l_482,9.410,-3.220817,-1.694261
4w9l,4w9l_486,5.030,-4.886272,-1.942525
4w9l,4w9l_492,9.240,-8.279860,-2.469343
4w9l,4w9l_493,9.570,-8.295259,-3.077679
4w9l,4w9l_5,7.800,-3.395285,-1.728149
4w9l,4w9l_519,9.970,-7.749426,-2.165377
4w9l,4w9l_522,4.150,-2.118110,-1.393720
4w9l,4w9l_527,6.550,-3.249576,-1.979399
4w9l,4w9l_53,2.680,-0.360760,-1.114715
4w9l,4w9l_545,9.110,-6.158355,-2.390379
4w9l,4w9l_550,6.100,-4.960795,-1.969424
4w9l,4w9l_556,6.340,-4.857093,-2.153892
4w9l,4w9l_557,8.180,-5.720223,-2.591664
4w9l,4w9l_572,7.090,-5.379229,-2.509157
4w9l,4w9l_573,9.590,-5.695084,-1.694066
4w9l,4w9l_577,7.660,-6.342362,-2.465239
4w9l,4w9l_579,3.900,-2.593478,-1.889979
4w9l,4w9l_591,3.910,-2.381549,-1.315819
4w9l,4w9l_594,7.680,-3.129508,-1.465915
4w9l,4w9l_596,9.210,-6.993412,-2.169784
4w9l,4w9l_604,7.860,-7.608366,-1.964550
4w9l,4w9l_612,3.040,-1.633866,-1.882687
4w9l,4w9l_616,8.370,-4.600294,-2.264400
4w9l,4w9l_642,9.920,-6.134030,-2.418444
4w9l,4w9l_655,7.020,-4.843664,-1.947266
4w9l,4w9l_657,4.450,-2.067609,-1.803264
4w9l,4w9l_659,5.780,-2.736064,-1.839411
4w9l,4w9l_675,6.510,-5.703272,-2.439979
4w9l,4w9l_681,5.140,-4.360507,-2.444105
4w9l,4w9l_691,4.210,-2.779849,-1.602979
4w9l,4w9l_696,5.690,-4.656326,-2.241889
4w9l,4w9l_699,7.310,-4.929461,-1.675270
4w9l,4w9l_704,0.840,-0.443445,-1.294080
4w9l,4w9l_708,1.540,-0.426161,-1.304813
4w9l,4w9l_709,0.990,-0.379808,-1.154509
4w9l,4w9l_715,1.410,-0.569010,-1.394065
4w9l,4w9l_719,0.980,-0.590291,-1.363622
4w9l,4w9l_732,4.710,-4.953567,-1.669712
4w9l,4w9l_759,1.450,-0.702232,-1.137054
4w9l,4w9l_762,5.600,-5.996871,-1.901954
4w9l,4w9l_770,4.950,-5.354264,-1.441557
4w9l,4w9l_779,5.030,-5.344736,-1.717673
4w9l,4w9l_787,1.610,-1.114233,-1.108364
4w9l,4w9l_822,3.720,-3.216401,-1.817012
4w9l,4w9l_84,8.360,-5.748119,-2.199059
4w9l,4w9l_871,2.250,-1.605826,-1.245621
4w9l,4w9l_886,3.010,-2.862822,-1.342395
4w9l,4w9l_906,1.940,-0.639614,-1.424138
4w9l,4w9l_93,3.110,-0.840870,-1.778513
4w9l,4w9l_933,1.320,-0.586236,-1.200959
4wiv,4wiv_230,8.200,-7.846982,-5.316151
4wiv,4wiv_270,8.220,-8.040797,-5.479844
4wiv,4wiv_401,7.250,-4.344047,-5.506460
4wiv,4wiv_413,7.070,-4.263539,-5.771920
4wiv,4wiv_414,7.300,-4.853409,-4.677710
4wiv,4wiv_428,7.470,-5.823788,-6.964016
4wiv,4wiv_434,4.190,-3.861325,-4.587332
4wiv,4wiv_435,6.150,-2.604693,-4.431100
4wiv,4wiv_441,5.120,-4.140934,-4.864296
4wiv,4wiv_448,7.130,-2.048964,-5.069826
4wiv,4wiv_461,3.010,-2.798795,-4.447567
4wiv,4wiv_475,4.610,-4.375789,-4.732269
4wiv,4wiv_476,3.950,-3.482888,-5.590565
4wiv,4wiv_481,7.660,-4.635639,-5.796696
4wiv,4wiv_484,4.030,-2.271061,-5.624339
4wiv,4wiv_486,3.840,-4.600492,-5.142678
4wiv,4wiv_487,5.550,-2.488680,-4.388220
4wiv,4wiv_491,5.910,-3.424512,-4.878273
4wiv,4wiv_493,4.140,-3.951996,-5.574814
4wiv,4wiv_509,6.220,-5.151460,-5.532384
4wiv,4wiv_517,4.980,-2.632333,-5.127755
4wiv,4wiv_520,7.030,-3.187584,-4.654184
4wiv,4wiv_528,3.640,-3.232137,-4.597978
4wiv,4wiv_532,4.130,-4.976201,-5.114703
4wiv,4wiv_553,6.390,-5.526094,-5.520376
4wiv,4wiv_557,6.700,-3.115981,-5.152351
4wiv,4wiv_566,6.420,-5.283275,-4.772371
4wiv,4wiv_577,6.020,-6.707721,-4.799011
4wiv,4wiv_583,3.000,-3.015289,-5.257463
4wiv,4wiv_598,4.920,-5.091548,-5.775617
4wiv,4wiv_601,4.530,-2.474594,-5.524464
4wiv,4wiv_615,5.790,-7.797361,-5.551032
4wiv,4wiv_621,2.130,-2.629713,-5.793050
4wiv,4wiv_631,7.090,-4.805202,-5.304760
4wiv,4wiv_651,4.990,-4.140584,-5.203310
4wiv,4wiv_679,3.310,-2.238602,-4.773895
4wiv,4wiv_683,5.440,-5.397424,-5.812114
4wiv,4wiv_697,7.010,-6.947526,-6.611694
4wiv,4wiv_698,3.880,-1.927558,-5.025218
4wiv,4wiv_721,0.720,-2.447120,-6.207987
4wiv,4wiv_727,1.700,-2.624769,-5.208787
4wiv,4wiv_729,0.740,-2.200533,-6.367995
4wiv,4wiv_738,1.310,-1.683627,-5.576567
4wiv,4wiv_739,1.410,-1.106794,-5.273448
4wiv,4wiv_742,3.830,-1.897942,-5.205406
4wiv,4wiv_745,5.740,-3.358858,-5.504244
4wiv,4wiv_746,2.340,-1.407171,-5.259973
4wiv,4wiv_747,6.800,-3.555097,-4.749468
4wiv,4wiv_749,5.860,-4.170052,-4.736686
4wiv,4wiv_753,2.880,-2.009287,-4.727334
4wiv,4wiv_762,6.400,-2.963919,-5.307515
4wiv,4wiv_769,5.420,-3.106088,-5.082666
4wiv,4wiv_771,7.570,-5.904548,-5.795114
4wiv,4wiv_774,6.300,-3.891668,-4.629178
4wiv,4wiv_792,1.040,-2.443132,-6.282230
4wiv,4wiv_820,0.870,-1.900052,-6.290600
4wiv,4wiv_829,0.860,-1.858066,-5.376199
4wiv,4wiv_836,1.950,-3.433791,-5.832919
4wiv,4wiv_838,0.870,-2.125458,-5.622175
4wiv,4wiv_841,2.480,-4.123243,-5.662924
4wiv,4wiv_844,1.620,-1.490545,-5.638228
4wiv,4wiv_846,3.380,-1.586073,-4.132278
4wiv,4wiv_863,1.890,-3.087372,-6.006881
4wiv,4wiv_865,6.000,-1.941473,-4.252659
4wiv,4wiv_866,2.870,-2.296033,-5.376763
4wiv,4wiv_869,3.340,-2.589464,-5.386187
4wiv,4wiv_870,2.890,-1.159907,-5.146359
4wiv,4wiv_888,1.300,-1.257176,-5.369437
4wiv,4wiv_890,4.010,-5.199795,-4.623835
4wiv,4wiv_892,0.800,-2.770983,-6.476869
4wiv,4wiv_913,0.690,-1.236624,-5.053998
4wiv,4wiv_914,0.720,-2.289678,-5.891908
4wiv,4wiv_915,0.880,-2.233928,-5.608099
4wiv,4wiv_935,2.100,-3.163842,-5.658109
4wiv,4wiv_947,2.500,-2.249105,-5.639173
4wiv,4wiv_953,3.630,-4.722246,-6.360375
4wiv,4wiv_960,1.740,-1.283655,-5.295524
4wiv,4wiv_965,2.990,-1.582185,-4.329810
4wiv,4wiv_973,0.540,-1.334603,-5.146698
4wiv,4wiv_977,1.940,-3.455490,-5.411294
4wiv,4wiv_979,5.890,-2.046555,-5.001149
4wiv,4wiv_981,6.010,-1.906641,-5.206246
4x6p,4x6p_106,7.820,-5.177279,-5.292625
4x6p,4x6p_114,8.720,-7.578892,-4.693354
4x6p,4x6p_121,8.480,-6.258378,-4.760201
4x6p,4x6p_125,7.210,-4.917112,-4.845202
4x6p,4x6p_142,0.800,-0.592461,-4.126302
4x6p,4x6p_147,7.050,-5.774685,-5.554113
4x6p,4x6p_170,4.560,-4.148059,-4.853806
4x6p,4x6p_18,9.070,-7.691916,-5.243598
4x6p,4x6p_195,7.880,-5.438416,-4.669375
4x6p,4x6p_197,8.550,-5.795312,-5.903180
4x6p,4x6p_201,0.860,-1.146269,-4.314804
4x6p,4x6p_203,0.930,-0.954882,-4.334222
4x6p,4x6p_204,0.650,-0.679729,-4.694216
4x6p,4x6p_214,1.580,-0.982277,-3.952364
4x6p,4x6p_215,2.470,-1.640121,-4.800996
4x6p,4x6p_221,1.660,-0.903423,-4.373994
4x6p,4x6p_224,3.460,-1.857137,-5.002198
4x6p,4x6p_231,1.380,-0.758502,-4.980195
4x6p,4x6p_25,9.170,-8.052464,-5.079954
4x6p,4x6p_254,0.570,-0.862056,-4.046600
4x6p,4x6p_265,1.540,-0.612237,-4.583208
4x6p,4x6p_277,2.430,-1.201295,-4.317633
4x6p,4x6p_300,2.280,-0.840630,-4.613195
4x6p,4x6p_304,4.110,-2.146026,-4.752710
4x6p,4x6p_312,0.670,-0.618415,-4.104845
4x6p,4x6p_316,9.820,-8.302644,-5.157166
4x6p,4x6p_324,0.630,-0.574892,-4.225773
4x6p,4x6p_33,9.140,-6.086472,-4.235188
4x6p,4x6p_344,2.810,-0.797263,-4.498865
4x6p,4x6p_346,4.680,-2.510432,-5.157180
4x6p,4x6p_380,7.370,-3.898016,-4.850803
4x6p,4x6p_381,0.920,-0.479448,-4.744796
4x6p,4x6p_398,1.590,-0.793886,-4.734217
4x6p,4x6p_401,2.910,-2.249252,-4.841982
4x6p,4x6p_407,1.800,-1.123480,-4.141473
4x6p,4x6p_421,3.310,-1.817494,-5.055740
4x6p,4x6p_426,3.100,-2.047804,-4.042558
4x6p,4x6p_427,5.540,-3.292647,-5.040186
4x6p,4x6p_432,7.040,-3.053695,-5.414394
4x6p,4x6p_438,5.740,-1.946472,-5.124211
4x6p,4x6p_439,5.040,-1.898866,-5.815895
4x6p,4x6p_441,6.160,-2.420053,-5.086469
4x6p,4x6p_448,3.150,-2.001931,-4.920568
4x6p,4x6p_454,5.090,-3.040668,-5.428461
4x6p,4x6p_463,4.060,-3.188092,-4.909104
4x6p,4x6p_481,5.860,-3.329560,-4.578230
4x6p,4x6p_486,2.420,-2.273302,-4.289304
4x6p,4x6p_504,9.290,-8.345493,-4.622836
4x6p,4x6p_513,4.170,-2.341426,-4.729247
4x6p,4x6p_518,5.030,-3.460022,-4.897020
4x6p,4x6p_521,2.830,-1.102327,-4.814273
4x6p,4x6p_528,8.740,-5.080599,-4.897909
4x6p,4x6p_532,9.450,-8.409895,-5.123563
4x6p,4x6p_533,2.980,-2.151745,-4.682752
4x6p,4x6p_544,8.160,-8.229600,-5.080938
4x6p,4x6p_548,4.770,-1.171601,-5.288038
4x6p,4x6p_549,4.570,-3.076759,-5.007027
4x6p,4x6p_550,6.510,-5.721591,-6.250747
4x6p,4x6p_551,7.470,-7.958564,-5.227238
4x6p,4x6p_553,3.810,-2.340556,-5.537162
4x6p,4x6p_555,6.800,-4.927323,-6.047894
4x6p,4x6p_559,3.670,-3.084735,-4.624448
4x6p,4x6p_568,8.440,-7.823636,-5.541673
4x6p,4x6p_570,9.900,-8.371138,-4.685390
4x6p,4x6p_571,8.010,-3.253534,-5.400337
4x6p,4x6p_577,7.280,-7.222644,-5.147915
4x6p,4x6p_579,6.780,-3.464500,-5.041420
4x6p,4x6p_583,9.160,-6.655905,-6.068729
4x6p,4x6p_592,6.830,-2.835346,-5.365117
4x6p,4x6p_596,8.890,-8.290889,-5.406822
4x6p,4x6p_612,8.520,-8.340410,-5.097510
4x6p,4x6p_620,2.310,-1.715049,-4.701497
4x6p,4x6p_621,6.770,-4.862100,-4.990051
4x6p,4x6p_623,3.230,-1.686120,-4.848383
4x6p,4x6p_636,4.200,-1.407868,-4.561864
4x6p,4x6p_637,1.990,-1.482345,-5.341171
4x6p,4x6p_642,6.090,-4.393466,-5.228965
4x6p,4x6p_644,5.940,-2.062334,-5.603750
4x6p,4x6p_646,7.890,-4.725584,-5.372211
4x6p,4x6p_649,2.780,-1.592022,-4.880546
4x6p,4x6p_650,5.190,-4.130656,-5.146981
4x6p,4x6p_653,7.400,-7.347157,-4.645278
4x6p,4x6p_657,6.200,-5.508346,-4.896646
4x6p,4x6p_665,9.470,-8.378897,-5.251294
4x6p,4x6p_666,3.850,-2.410640,-5.017996
4x6p,4x6p_667,4.880,-2.051256,-5.530085
4x6p,4x6p_668,5.820,-3.352481,-5.046375
4x6p,4x6p_674,4.200,-3.325003,-4.712400
4x6p,4x6p_688,3.890,-2.548031,-5.150717
4x6p,4x6p_689,6.920,-5.050107,-6.123621
4x6p,4x6p_693,6.830,-2.945568,-5.843039
4x6p,4x6p_696,3.750,-2.781920,-4.332753
4x6p,4x6p_706,0.910,-0.829823,-4.406104
4x6p,4x6p_820,1.690,-0.872717,-4.132364
4x6p,4x6p_835,2.000,-1.102604,-3.896984
4x6p,4x6p_876,1.710,-1.178128,-4.109480
4x6p,4x6p_889,0.850,-0.751206,-4.526834
4x6p,4x6p_89,9.960,-8.173430,-5.144974
4x6p,4x6p_97,8.210,-5.348060,-4.769508
4x6p,4x6p_98,5.980,-2.738364,-4.796979
5a7b,5a7b_11,9.290,-8.138921,-6.365335
5a7b,5a7b_115,5.810,-6.411742,-6.680894
5a7b,5a7b_136,9.500,-5.718175,-5.537276
5a7b,5a7b_138,5.740,-6.425581,-7.325518
5a7b,5a7b_144,1.530,-0.757255,-6.397857
5a7b,5a7b_170,5.820,-3.066989,-7.005939
5a7b,5a7b_175,8.770,-7.447559,-6.013913
5a7b,5a7b_178,5.860,-3.087290,-6.670385
5a7b,5a7b_190,9.270,-7.137387,-6.033237
5a7b,5a7b_204,1.820,-0.781267,-6.627175
5a7b,5a7b_214,3.340,-1.805890,-6.949599
5a7b,5a7b_215,8.780,-7.395606,-7.062537
5a7b,5a7b_217,2.100,-0.566044,-6.522548
5a7b,5a7b_227,5.340,-5.387107,-7.272901
5a7b,5a7b_233,1.720,-0.524230,-6.941383
5a7b,5a7b_234,4.120,-4.882855,-7.346389
5a7b,5a7b_243,1.600,-0.901191,-6.849897
5a7b,5a7b_244,2.700,-0.827882,-7.306541
5a7b,5a7b_258,3.660,-3.963900,-6.773022
5a7b,5a7b_261,7.000,-6.814768,-7.085695
5a7b,5a7b_264,7.440,-7.614956,-7.018229
5a7b,5a7b_266,1.840,-0.517344,-6.790716
5a7b,5a7b_274,3.680,-1.193252,-6.650293
5a7b,5a7b_276,1.260,-0.891398,-6.560231
5a7b,5a7b_280,3.680,-2.871117,-6.820423
5a7b,5a7b_281,9.140,-7.393594,-6.896780
5a7b,5a7b_284,0.880,-0.393014,-6.332889
5a7b,5a7b_286,0.740,-0.601492,-6.520926
5a7b,5a7b_295,2.010,-1.207507,-6.243487
5a7b,5a7b_302,2.910,-2.238408,-6.985709
5a7b,5a7b_309,6.960,-7.391556,-7.264634
5a7b,5a7b_311,9.270,-7.942960,-5.770621
5a7b,5a7b_349,8.490,-8.266691,-6.766660
5a7b,5a7b_358,0.950,-0.511506,-6.410264
5a7b,5a7b_382,4.890,-6.941060,-6.756071
5a7b,5a7b_402,6.220,-2.224561,-7.430191
5a7b,5a7b_409,7.260,-2.554019,-7.406318
5a7b,5a7b_424,7.000,-6.352708,-7.303281
5a7b,5a7b_426,3.610,-2.492548,-7.460548
5a7b,5a7b_429,7.130,-1.633326,-6.903095
5a7b,5a7b_440,7.060,-3.840412,-7.215406
5a7b,5a7b_447,8.130,-4.006353,-7.495983
5a7b,5a7b_451,7.580,-3.110268,-7.158328
5a7b,5a7b_461,3.830,-1.820187,-7.439357
5a7b,5a7b_485,8.870,-2.842398,-6.978466
5a7b,5a7b_488,7.820,-5.150392,-7.760721
5a7b,5a7b_511,1.720,-0.999004,-6.758623
5a7b,5a7b_514,9.110,-3.204544,-6.829070
5a7b,5a7b_518,2.450,-1.399907,-6.853403
5a7b,5a7b_523,6.120,-5.822655,-6.937787
5a7b,5a7b_531,2.050,-1.850909,-6.948473
5a7b,5a7b_539,4.290,-4.970656,-6.443335
5a7b,5a7b_542,5.920,-5.217435,-6.007200
5a7b,5a7b_546,5.570,-3.027078,-7.798311
5a7b,5a7b_550,6.860,-3.802726,-5.717604
5a7b,5a7b_553,5.420,-3.391937,-6.232933
5a7b,5a7b_566,6.950,-2.040138,-7.580067
5a7b,5a7b_569,8.410,-3.892463,-4.876939
5a7b,5a7b_588,3.380,-1.996238,-7.140381
5a7b,5a7b_591,4.480,-3.522955,-7.658884
5a7b,5a7b_595,3.030,-2.205730,-7.251135
5a7b,5a7b_597,8.880,-3.977039,-6.585992
5a7b,5a7b_601,2.070,-1.239860,-6.850456
5a7b,5a7b_613,7.740,-6.533485,-6.341942
5a7b,5a7b_623,1.710,-1.359169,-6.996275
5a7b,5a7b_628,7.330,-8.272584,-6.446322
5a7b,5a7b_632,4.000,-2.838084,-7.328878
5a7b,5a7b_633,6.260,-8.114940,-6.464938
5a7b,5a7b_636,3.970,-4.866510,-6.906386
5a7b,5a7b_651,5.980,-1.859011,-7.387821
5a7b,5a7b_652,8.050,-2.924961,-6.124056
5a7b,5a7b_655,8.150,-1.878268,-7.388611
5a7b,5a7b_657,6.730,-3.171278,-6.457461
5a7b,5a7b_660,4.680,-2.929521,-6.662882
5a7b,5a7b_672,9.910,-4.701898,-7.573992
5a7b,5a7b_675,8.990,-5.559777,-5.948500
5a7b,5a7b_690,2.480,-2.515706,-7.581814
5a7b,5a7b_691,2.540,-1.189977,-7.125841
5a7b,5a7b_694,7.220,-7.230115,-6.345979
5a7b,5a7b_696,9.670,-2.071242,-7.029038
5a7b,5a7b_697,9.040,-3.638412,-7.545813
5a7b,5a7b_698,4.300,-1.668836,-6.595699
5a7b,5a7b_700,9.680,-4.791104,-6.515728
5a7b,5a7b_726,1.950,-0.980039,-7.210166
5a7b,5a7b_738,1.940,-1.269983,-6.898483
5a7b,5a7b_742,0.820,-0.945779,-7.024875
5a7b,5a7b_780,5.660,-6.278208,-6.942063
5a7b,5a7b_817,2.670,-2.352562,-7.865476
5a7b,5a7b_842,4.770,-2.837656,-6.819933
5a7b,5a7b_843,6.800,-1.992970,-6.470127
5a7b,5a7b_850,4.110,-2.943786,-7.328975
5a7b,5a7b_874,5.000,-1.817496,-6.095811
5a7b,5a7b_878,7.400,-2.182537,-6.640764
5a7b,5a7b_980,4.900,-3.232746,-6.731178
5aba,5aba_220,9.450,-6.789850,-6.886210
5aba,5aba_247,9.560,-7.970212,-6.624032
5aba,5aba_261,9.290,-3.939345,-6.899768
5aba,5aba_263,8.760,-6.046266,-6.206128
5aba,5aba_284,9.600,-6.398536,-7.053355
5aba,5aba_297,8.770,-5.362121,-6.767894
5aba,5aba_36,4.220,-2.270514,-7.356172
5aba,5aba_38,3.310,-1.381378,-5.917174
5aba,5aba_40,8.070,-7.343036,-6.526641
5aba,5aba_408,9.200,-4.402570,-7.165545
5aba,5aba_410,8.010,-2.129307,-7.961554
5aba,5aba_412,8.100,-2.384619,-8.752291
5aba,5aba_455,7.210,-4.899219,-7.320842
5aba,5aba_460,9.710,-4.931335,-7.666659
5aba,5aba_47,6.390,-4.104636,-7.103603
5aba,5aba_470,8.400,-3.960747,-8.441842
5aba,5aba_472,4.450,-2.893627,-7.404721
5aba,5aba_490,8.130,-2.855190,-8.701811
5aba,5aba_492,9.340,-3.899547,-7.607715
5aba,5aba_5,8.810,-7.930549,-7.656876
5aba,5aba_517,4.920,-4.703344,-6.694318
5aba,5aba_525,9.030,-4.121931,-8.565391
5aba,5aba_527,2.770,-0.879818,-7.154211
5aba,5aba_555,5.630,-3.666636,-7.217202
5aba,5aba_558,6.190,-4.291105,-8.198957
5aba,5aba_559,5.230,-5.704285,-6.968846
5aba,5aba_570,3.070,-0.878631,-7.081281
5aba,5aba_575,5.350,-3.648422,-8.583489
5aba,5aba_584,4.210,-2.321552,-8.488313
5aba,5aba_596,2.580,-2.973756,-7.958123
5aba,5aba_598,9.500,-3.439110,-8.198427
5aba,5aba_599,3.340,-2.441327,-7.884521
5aba,5aba_618,6.800,-3.903456,-7.206591
5aba,5aba_620,4.080,-3.487825,-7.064422
5aba,5aba_623,3.980,-1.962436,-7.050338
5aba,5aba_625,2.350,-2.919715,-7.571533
5aba,5aba_628,4.790,-4.329542,-8.272209
5aba,5aba_632,3.590,-5.447052,-6.662915
5aba,5aba_640,2.200,-1.676786,-6.442815
5aba,5aba_641,7.210,-2.577375,-6.253720
5aba,5aba_647,4.740,-5.192969,-7.679006
5aba,5aba_653,8.530,-2.364531,-8.966701
5aba,5aba_654,3.400,-2.048814,-8.045758
5aba,5aba_655,2.800,-1.143368,-7.997151
5aba,5aba_657,2.900,-1.971771,-7.353612
5aba,5aba_661,7.970,-3.824726,-8.196385
5aba,5aba_663,3.900,-3.243211,-7.967996
5aba,5aba_666,5.600,-5.303195,-8.064730
5aba,5aba_668,6.280,-5.593269,-7.836377
5aba,5aba_669,2.630,-1.542926,-8.046058
5aba,5aba_674,7.700,-8.245872,-7.172233
5aba,5aba_676,3.990,-4.197701,-7.904710
5aba,5aba_677,9.370,-6.493192,-9.040229
5aba,5aba_679,5.040,-4.323340,-8.062499
5aba,5aba_680,3.660,-3.477675,-7.696108
5aba,5aba_690,4.070,-3.358721,-7.931441
5aba,5aba_697,7.470,-6.889635,-8.093217
5aba,5aba_698,8.230,-7.384035,-6.602246
5aba,5aba_701,5.200,-5.870504,-7.057047
5aba,5aba_702,2.000,-0.631096,-7.427139
5aba,5aba_703,2.000,-0.546189,-7.512069
5aba,5aba_704,6.890,-7.623405,-6.579482
5aba,5aba_71,7.110,-2.319324,-7.361022
5aba,5aba_712,1.210,-1.142827,-7.185655
5aba,5aba_728,6.930,-2.764212,-6.612009
5aba,5aba_749,5.610,-7.734532,-6.666355
5aba,5aba_751,6.780,-3.968207,-6.737084
5aba,5aba_760,6.990,-5.152696,-6.427275
5aba,5aba_772,1.670,-0.910843,-7.623308
5aba,5aba_78,5.010,-5.234130,-7.960659
5aba,5aba_786,1.790,-1.232000,-6.728458
5aba,5aba_792,2.050,-0.824566,-7.180746
5aba,5aba_799,7.200,-7.959239,-7.225408
5aba,5aba_820,1.960,-2.778436,-6.672290
5aba,5aba_850,4.870,-4.018679,-7.199200
5aba,5aba_858,5.390,-7.986686,-7.021681
5aba,5aba_859,5.110,-5.832359,-7.451773
5aba,5aba_864,6.200,-7.973339,-7.145838
5aba,5aba_865,2.100,-2.164468,-6.436594
5aba,5aba_880,4.100,-4.805403,-7.177324
5aba,5aba_882,3.520,-3.661710,-6.224353
5aba,5aba_898,1.740,-0.587945,-7.381692
5aba,5aba_899,7.320,-3.774235,-6.250529
5aba,5aba_956,7.270,-7.908353,-7.361407
5aba,5aba_96,6.900,-3.031596,-6.911124
5aba,5aba_962,7.280,-2.279694,-5.985738
5aba,5aba_966,2.470,-1.047973,-6.670796
5c28,5c28_113,7.840,-6.219119,-7.080693
5c28,5c28_133,6.940,-6.077684,-7.893714
5c28,5c28_146,3.660,-2.079764,-5.936427
5c28,5c28_2,3.680,-1.409076,-6.767487
5c28,5c28_3,4.170,-2.137030,-6.928742
5c28,5c28_30,0.790,-0.406920,-7.756657
5c28,5c28_324,0.930,-0.536846,-5.293355
5c28,5c28_345,0.800,-0.307108,-6.530055
5c28,5c28_35,0.820,-0.350775,-5.994629
5c28,5c28_382,2.100,-0.428711,-6.906715
5c28,5c28_4,0.820,-0.781357,-5.966027
5c28,5c28_424,0.940,-0.562685,-5.313734
5c28,5c28_451,2.700,-1.533634,-7.922621
5c28,5c28_456,0.960,-0.811987,-5.846532
5c28,5c28_460,2.030,-1.267589,-5.926066
5c28,5c28_469,4.460,-3.928257,-7.246470
5c28,5c28_47,0.560,-0.375368,-5.491758
5c28,5c28_503,6.520,-5.680124,-5.290062
5c28,5c28_508,5.760,-3.901855,-4.766425
5c28,5c28_516,6.020,-4.603797,-6.355196
5c28,5c28_525,2.640,-0.847744,-8.276075
5c28,5c28_528,1.330,-0.928162,-5.273879
5c28,5c28_531,2.520,-1.469780,-8.086042
5c28,5c28_542,7.200,-6.112896,-7.787567
5c28,5c28_543,5.900,-4.441082,-7.343972
5c28,5c28_549,3.850,-3.478647,-7.212847
5c28,5c28_550,7.410,-6.049919,-7.925332
5c28,5c28_563,1.360,-1.030406,-5.280038
5c28,5c28_569,5.110,-4.362133,-7.270349
5c28,5c28_572,4.110,-2.110830,-7.336177
5c28,5c28_588,5.470,-4.557489,-7.200485
5c28,5c28_589,2.610,-1.184596,-5.634736
5c28,5c28_593,7.140,-5.280348,-5.212124
5c28,5c28_600,5.230,-4.093480,-8.011607
5c28,5c28_604,1.030,-0.474806,-5.680559
5c28,5c28_614,5.050,-4.757133,-7.867648
5c28,5c28_624,1.190,-0.547049,-6.684476
5c28,5c28_627,1.220,-0.831979,-6.311667
5c28,5c28_643,3.380,-2.411694,-7.697193
5c28,5c28_664,1.190,-0.903289,-5.992687
5c28,5c28_675,6.050,-5.900053,-8.506439
5c28,5c28_681,4.950,-3.240241,-7.093894
5c28,5c28_693,1.160,-0.391283,-5.822191
5c28,5c28_702,0.620,-0.783204,-5.905847
5c28,5c28_706,2.460,-0.755351,-6.987750
5c28,5c28_709,2.980,-3.072663,-7.599162
5c28,5c28_71,0.510,-0.540372,-6.146683
5c28,5c28_715,1.550,-0.731604,-6.504081
5c28,5c28_723,7.460,-6.625716,-6.392769
5c28,5c28_725,7.520,-6.432448,-6.919458
5c28,5c28_727,4.590,-3.019216,-6.155058
5c28,5c28_729,3.870,-2.895538,-7.402697
5c28,5c28_735,2.150,-1.293165,-6.560168
5c28,5c28_741,3.360,-1.490896,-7.284575
5c28,5c28_743,6.170,-5.081021,-7.624060
5c28,5c28_746,4.120,-1.880297,-7.799157
5c28,5c28_747,3.310,-1.945136,-7.561359
5c28,5c28_755,4.330,-1.946040,-5.534907
5c28,5c28_758,5.300,-3.796965,-8.578904
5c28,5c28_761,5.710,-4.688195,-7.124084
5c28,5c28_762,9.680,-8.273436,-6.940742
5c28,5c28_766,6.120,-4.565281,-8.214214
5c28,5c28_767,4.700,-3.021303,-7.691326
5c28,5c28_770,6.220,-5.356368,-7.024353
5c28,5c28_771,6.480,-6.013741,-7.031052
5c28,5c28_772,9.800,-7.956517,-6.887040
5c28,5c28_773,9.800,-7.861769,-7.038158
5c28,5c28_775,5.920,-4.916761,-8.171172
5c28,5c28_781,8.460,-7.120799,-6.886722
5c28,5c28_782,8.720,-6.873861,-7.560567
5c28,5c28_783,8.710,-7.275068,-7.827111
5c28,5c28_784,9.190,-7.122020,-6.789149
5c28,5c28_785,9.230,-7.311597,-7.543400
5c28,5c28_787,9.480,-6.277884,-6.832105
5c28,5c28_788,8.720,-7.334193,-7.106422
5c28,5c28_789,8.950,-7.445075,-7.821513
5c28,5c28_790,8.790,-7.929898,-7.007271
5c28,5c28_791,9.410,-6.073764,-6.176757
5c28,5c28_792,9.510,-7.735368,-6.569935
5c28,5c28_794,9.140,-7.481421,-6.663791
5c28,5c28_807,3.500,-1.115381,-8.064023
5c28,5c28_829,1.700,-1.661255,-7.635408
5c28,5c28_845,4.030,-3.120525,-7.992212
5c28,5c28_850,3.670,-2.765618,-8.196547
5c28,5c28_858,7.520,-6.682137,-7.235189
5c28,5c28_866,7.550,-6.582562,-7.677844
5c28,5c28_876,6.330,-5.485651,-7.215383
5c28,5c28_877,9.550,-7.777247,-6.662956
5c28,5c28_879,6.440,-4.565594,-6.780025
5c28,5c28_881,5.000,-3.691047,-6.992530
5c28,5c28_882,5.320,-4.196432,-7.078405
5c28,5c28_883,8.170,-6.834088,-6.328160
5c28,5c28_885,8.230,-6.834088,-6.328160
5c28,5c28_928,3.060,-0.931158,-8.149164
5c28,5c28_934,1.110,-0.985784,-7.204312
5c28,5c28_97,2.250,-0.274205,-7.004995
5c2h,5c2h_119,9.090,-7.439539,-5.419921
5c2h,5c2h_160,8.870,-7.998398,-4.646169
5c2h,5c2h_204,0.870,-0.999628,-5.211289
5c2h,5c2h_216,0.960,-0.875283,-5.582049
5c2h,5c2h_240,0.460,-0.814803,-5.823687
5c2h,5c2h_244,0.590,-1.030425,-5.898637
5c2h,5c2h_247,0.940,-0.529263,-5.757374
5c2h,5c2h_251,6.900,-3.998909,-6.746595
5c2h,5c2h_252,1.950,-1.185433,-5.365799
5c2h,5c2h_256,0.790,-0.960779,-5.826006
5c2h,5c2h_259,0.510,-0.643794,-5.588026
5c2h,5c2h_274,1.380,-1.267984,-5.465211
5c2h,5c2h_292,1.020,-1.248630,-5.857335
5c2h,5c2h_295,1.650,-1.397865,-6.147954
5c2h,5c2h_308,8.100,-8.049907,-4.832328
5c2h,5c2h_352,1.910,-1.146313,-5.464032
5c2h,5c2h_394,7.980,-8.082432,-5.339029
5c2h,5c2h_405,2.880,-2.362828,-5.980049
5c2h,5c2h_406,9.660,-8.354235,-6.756253
5c2h,5c2h_421,9.570,-8.257279,-6.099892
5c2h,5c2h_424,3.920,-2.791126,-5.967640
5c2h,5c2h_427,8.120,-3.759544,-6.063489
5c2h,5c2h_431,8.500,-7.027374,-6.240093
5c2h,5c2h_432,5.760,-3.693039,-5.959931
5c2h,5c2h_444,7.910,-7.937612,-5.713762
5c2h,5c2h_457,4.840,-3.597616,-6.695870
5c2h,5c2h_462,5.780,-4.242100,-6.021334
5c2h,5c2h_467,9.170,-8.217922,-6.632157
5c2h,5c2h_471,2.170,-1.612067,-5.664174
5c2h,5c2h_475,9.420,-5.321768,-6.283097
5c2h,5c2h_48,4.700,-4.987769,-6.481770
5c2h,5c2h_481,8.080,-7.793859,-6.611473
5c2h,5c2h_482,2.390,-1.943142,-5.525701
5c2h,5c2h_484,6.860,-6.146936,-6.032064
5c2h,5c2h_486,3.890,-2.024819,-5.744213
5c2h,5c2h_496,7.720,-6.449176,-6.338117
5c2h,5c2h_500,6.770,-6.473823,-5.856035
5c2h,5c2h_507,2.340,-2.245509,-5.745620
5c2h,5c2h_509,5.050,-5.106220,-6.570599
5c2h,5c2h_513,8.700,-2.125443,-4.687687
5c2h,5c2h_516,3.430,-3.290304,-6.353596
5c2h,5c2h_517,4.260,-3.408338,-5.603750
5c2h,5c2h_519,3.600,-1.643968,-6.415280
5c2h,5c2h_520,4.720,-4.850313,-5.806019
5c2h,5c2h_524,1.790,-1.878934,-5.482677
5c2h,5c2h_533,3.100,-2.923531,-5.808226
5c2h,5c2h_536,3.120,-2.521924,-6.414511
5c2h,5c2h_537,2.540,-2.781347,-6.509482
5c2h,5c2h_544,6.420,-3.081218,-5.293916
5c2h,5c2h_545,5.420,-5.329416,-5.991979
5c2h,5c2h_547,9.480,-5.574008,-6.257996
5c2h,5c2h_548,8.940,-5.796896,-6.478232
5c2h,5c2h_553,4.170,-2.578227,-6.338313
5c2h,5c2h_561,5.060,-3.469371,-6.388815
5c2h,5c2h_565,2.620,-1.264012,-6.196621
5c2h,5c2h_566,7.000,-6.144925,-5.566359
5c2h,5c2h_572,7.600,-2.638214,-5.932851
5c2h,5c2h_575,5.090,-5.100424,-6.216634
5c2h,5c2h_576,2.320,-2.388536,-5.778478
5c2h,5c2h_579,4.820,-4.258997,-6.242880
5c2h,5c2h_585,8.840,-4.009127,-6.327151
5c2h,5c2h_597,7.720,-7.708926,-5.799491
5c2h,5c2h_599,9.060,-2.667634,-4.797437
5c2h,5c2h_602,2.000,-1.504601,-5.911338
5c2h,5c2h_608,6.900,-5.494974,-6.872268
5c2h,5c2h_611,4.510,-2.343768,-6.615674
5c2h,5c2h_613,1.990,-1.570284,-5.680779
5c2h,5c2h_624,7.400,-3.632446,-6.316079
5c2h,5c2h_627,7.890,-2.652572,-6.066094
5c2h,5c2h_640,7.720,-3.039175,-6.143467
5c2h,5c2h_641,8.580,-8.347587,-6.142864
5c2h,5c2h_644,4.180,-3.994956,-6.318945
5c2h,5c2h_646,1.690,-2.012244,-5.716318
5c2h,5c2h_649,3.210,-2.859499,-6.932606
5c2h,5c2h_651,1.840,-1.715593,-6.368138
5c2h,5c2h_653,7.750,-4.521283,-6.629484
5c2h,5c2h_657,5.350,-6.434540,-5.727569
5c2h,5c2h_663,6.900,-3.146301,-6.340385
5c2h,5c2h_666,2.280,-1.098431,-5.914641
5c2h,5c2h_682,4.960,-4.349078,-6.150813
5c2h,5c2h_686,6.590,-6.774619,-6.272972
5c2h,5c2h_696,3.900,-2.992139,-6.311690
5c2h,5c2h_697,8.600,-7.384187,-6.115655
5c2h,5c2h_698,4.140,-2.995321,-6.211710
5c2h,5c2h_700,9.080,-7.626726,-5.931793
5c2h,5c2h_756,6.430,-4.851330,-6.323391
5c2h,5c2h_758,7.700,-6.713098,-6.633254
5c2h,5c2h_764,5.760,-4.892874,-6.242040
5c2h,5c2h_775,6.650,-6.235939,-6.300215
5c2h,5c2h_816,5.630,-5.408381,-6.141025
5c2h,5c2h_831,3.470,-2.781946,-6.386152
5c2h,5c2h_848,2.850,-2.284743,-6.439874
5c2h,5c2h_860,9.240,-5.054501,-5.170830
5c2h,5c2h_89,9.800,-8.379383,-4.192798
5c2h,5c2h_910,3.070,-2.986273,-5.880930
5c2h,5c2h_922,2.290,-1.549001,-6.291271
5c2h,5c2h_940,5.980,-4.915646,-6.311376
5dwr,5dwr_144,0.350,-0.887797,-3.157304
5dwr,5dwr_148,1.150,-0.922884,-2.488803
5dwr,5dwr_157,0.820,-1.100203,-3.069808
5dwr,5dwr_162,1.340,-1.133387,-2.694149
5dwr,5dwr_166,0.770,-0.785291,-2.786366
5dwr,5dwr_193,0.940,-1.004162,-2.379127
5dwr,5dwr_200,0.420,-0.922328,-2.590882
5dwr,5dwr_215,0.570,-1.027735,-2.585403
5dwr,5dwr_286,0.740,-0.921140,-2.709105
5dwr,5dwr_289,0.540,-0.454787,-2.846030
5dwr,5dwr_297,1.010,-0.796421,-2.543860
5dwr,5dwr_312,7.440,-4.727207,-3.509708
5dwr,5dwr_382,0.460,-0.487465,-2.763034
5dwr,5dwr_401,4.050,-2.573014,-2.931064
5dwr,5dwr_404,1.370,-1.788744,-2.979413
5dwr,5dwr_411,4.690,-0.752665,-3.357422
5dwr,5dwr_412,4.510,-2.628814,-3.833493
5dwr,5dwr_419,2.960,-2.488337,-3.621991
5dwr,5dwr_425,4.120,-2.524865,-3.961846
5dwr,5dwr_431,2.480,-1.451872,-3.245766
5dwr,5dwr_441,3.870,-2.049648,-2.910837
5dwr,5dwr_442,5.060,-3.095182,-3.534600
5dwr,5dwr_451,1.790,-1.884883,-3.019289
5dwr,5dwr_461,3.930,-2.570141,-3.415728
5dwr,5dwr_466,5.940,-3.814452,-3.590450
5dwr,5dwr_467,5.260,-2.152307,-3.492303
5dwr,5dwr_475,2.580,-2.984976,-3.755399
5dwr,5dwr_480,7.060,-5.041222,-3.925413
5dwr,5dwr_484,3.680,-1.508978,-4.381404
5dwr,5dwr_489,1.810,-1.945442,-3.244107
5dwr,5dwr_490,4.530,-2.125552,-3.567911
5dwr,5dwr_497,4.090,-2.134932,-3.249507
5dwr,5dwr_498,5.690,-1.741688,-3.664379
5dwr,5dwr_504,1.770,-1.818963,-2.424299
5dwr,5dwr_508,4.810,-4.081887,-3.040690
5dwr,5dwr_518,4.850,-4.658247,-2.910111
5dwr,5dwr_521,4.080,-2.097335,-3.614236
5dwr,5dwr_527,5.550,-4.283597,-3.664134
5dwr,5dwr_534,7.120,-5.484556,-4.025224
5dwr,5dwr_542,3.440,-1.577722,-3.140847
5dwr,5dwr_559,6.270,-4.070218,-3.744356
5dwr,5dwr_560,5.170,-3.464869,-3.848461
5dwr,5dwr_568,5.730,-3.186461,-3.269709
5dwr,5dwr_574,6.430,-4.292279,-3.343292
5dwr,5dwr_584,7.230,-5.262712,-3.209067
5dwr,5dwr_588,8.110,-6.619650,-3.239834
5dwr,5dwr_598,8.080,-7.463311,-3.560904
5dwr,5dwr_604,6.550,-5.700228,-3.429077
5dwr,5dwr_610,2.550,-1.453535,-2.470099
5dwr,5dwr_612,1.810,-2.282828,-3.483171
5dwr,5dwr_614,1.900,-2.142438,-3.337205
5dwr,5dwr_626,6.760,-6.312521,-2.443732
5dwr,5dwr_628,6.720,-4.995959,-3.837083
5dwr,5dwr_633,1.780,-1.648137,-3.715062
5dwr,5dwr_635,6.320,-4.784950,-3.530304
5dwr,5dwr_636,7.880,-7.381774,-4.999050
5dwr,5dwr_637,2.920,-2.559691,-3.140602
5dwr,5dwr_638,5.370,-3.933051,-3.009303
5dwr,5dwr_640,4.120,-2.563965,-3.376164
5dwr,5dwr_642,3.360,-2.410148,-3.011674
5dwr,5dwr_649,7.510,-6.939183,-3.705284
5dwr,5dwr_654,3.710,-2.431721,-3.282292
5dwr,5dwr_663,7.600,-6.412140,-2.882362
5dwr,5dwr_666,6.420,-4.544854,-3.742518
5dwr,5dwr_669,3.110,-2.849995,-2.887322
5dwr,5dwr_671,3.950,-2.280408,-2.993007
5dwr,5dwr_675,2.250,-1.596904,-3.019963
5dwr,5dwr_676,8.490,-8.055337,-3.124211
5dwr,5dwr_677,7.740,-5.326047,-2.978564
5dwr,5dwr_680,5.450,-4.853637,-3.314108
5dwr,5dwr_686,6.090,-2.639100,-3.921532
5dwr,5dwr_691,3.240,-2.566635,-4.068732
5dwr,5dwr_693,5.020,-4.012872,-3.246212
5dwr,5dwr_695,2.130,-2.169675,-3.985034
5dwr,5dwr_697,7.480,-5.843592,-3.310005
5dwr,5dwr_699,3.970,-1.622514,-3.160981
5dwr,5dwr_702,2.700,-0.611383,-3.134322
5dwr,5dwr_710,6.350,-2.223191,-3.622284
5dwr,5dwr_711,6.540,-3.519156,-3.257519
5dwr,5dwr_720,8.820,-7.859339,-4.203745
5dwr,5dwr_745,2.190,-1.058913,-3.145523
5dwr,5dwr_76,2.990,-1.410040,-2.772651
5dwr,5dwr_875,7.090,-5.347077,-3.614492
5dwr,5dwr_96,0.840,-1.248252,-2.453535
5tmn,5tmn_117,9.520,-7.442340,-2.754957
5tmn,5tmn_125,9.340,-8.163509,-2.739649
5tmn,5tmn_141,9.210,-8.348526,-2.847120
5tmn,5tmn_142,8.730,-2.879687,-2.779625
5tmn,5tmn_155,7.820,-7.968121,-3.151843
5tmn,5tmn_161,8.330,-7.734045,-2.883397
5tmn,5tmn_162,7.230,-7.819526,-2.940942
5tmn,5tmn_197,6.670,-3.379784,-2.588622
5tmn,5tmn_199,9.070,-8.315246,-3.691016
5tmn,5tmn_203,9.330,-1.882555,-1.847744
5tmn,5tmn_210,3.660,-2.258026,-2.115017
5tmn,5tmn_219,1.890,-2.024902,-1.390572
5tmn,5tmn_22,4.430,-1.387329,-2.256655
5tmn,5tmn_222,6.330,-1.832950,-1.866363
5tmn,5tmn_223,3.000,-2.759793,-2.082661
5tmn,5tmn_226,3.110,-2.672418,-2.147710
5tmn,5tmn_232,4.270,-0.758347,-1.709395
5tmn,5tmn_236,5.210,-2.678021,-2.221863
5tmn,5tmn_254,4.930,-2.724207,-2.170087
5tmn,5tmn_261,9.340,-2.890264,-2.243416
5tmn,5tmn_273,5.550,-1.501076,-2.273928
5tmn,5tmn_284,2.450,-1.395261,-1.499908
5tmn,5tmn_288,3.990,-2.334108,-2.224194
5tmn,5tmn_29,3.580,-1.161959,-1.626749
5tmn,5tmn_297,8.800,-1.130100,-2.687618
5tmn,5tmn_302,8.950,-7.008616,-3.007829
5tmn,5tmn_303,6.380,-7.009846,-1.845602
5tmn,5tmn_326,8.910,-7.444427,-2.605972
5tmn,5tmn_35,7.740,-7.110750,-2.726545
5tmn,5tmn_357,9.710,-8.351583,-2.632758
5tmn,5tmn_362,8.330,-3.815927,-2.447677
5tmn,5tmn_375,4.000,-0.922794,-1.717574
5tmn,5tmn_38,9.240,-7.794129,-3.465055
5tmn,5tmn_452,5.320,-2.834608,-3.392496
5tmn,5tmn_462,7.280,-6.555152,-2.889421
5tmn,5tmn_464,2.910,-2.099081,-2.350075
5tmn,5tmn_465,8.100,-5.293374,-3.357530
5tmn,5tmn_468,4.320,-4.142966,-2.681944
5tmn,5tmn_498,8.100,-7.924420,-2.480375
5tmn,5tmn_513,5.410,-5.046333,-2.658758
5tmn,5tmn_518,6.760,-4.043755,-2.543334
5tmn,5tmn_526,5.530,-6.543311,-2.659820
5tmn,5tmn_535,6.810,-3.702661,-2.803227
5tmn,5tmn_537,4.870,-4.880576,-3.057527
5tmn,5tmn_540,3.880,-4.131862,-3.129786
5tmn,5tmn_541,2.700,-1.528615,-1.823056
5tmn,5tmn_551,7.530,-7.251127,-2.723598
5tmn,5tmn_552,6.690,-3.702294,-2.801503
5tmn,5tmn_553,6.490,-6.952567,-3.428797
5tmn,5tmn_559,3.950,-3.464024,-2.626571
5tmn,5tmn_566,6.840,-2.198760,-2.954520
5tmn,5tmn_582,6.180,-7.333636,-3.529902
5tmn,5tmn_588,4.230,-3.258052,-2.175744
5tmn,5tmn_592,9.800,-8.367534,-3.449861
5tmn,5tmn_596,8.160,-6.804397,-3.439361
5tmn,5tmn_609,2.770,-2.605468,-2.464348
5tmn,5tmn_61,8.160,-7.233845,-2.748715
5tmn,5tmn_624,3.560,-1.727103,-3.057801
5tmn,5tmn_639,5.420,-3.876996,-2.684623
5tmn,5tmn_640,4.140,-3.953148,-2.505223
5tmn,5tmn_643,5.010,-4.271104,-2.453597
5tmn,5tmn_649,6.000,-5.208806,-1.952498
5tmn,5tmn_654,7.900,-3.008791,-2.377442
5tmn,5tmn_659,5.770,-4.518655,-2.586539
5tmn,5tmn_681,5.290,-2.957253,-2.799402
5tmn,5tmn_685,7.280,-6.834821,-3.000661
5tmn,5tmn_695,7.710,-2.497685,-2.649387
5tmn,5tmn_700,4.460,-4.075229,-2.686671
5tmn,5tmn_707,1.730,-0.441578,-1.496200
5tmn,5tmn_717,1.710,-0.730173,-1.700646
5tmn,5tmn_725,1.920,-1.062628,-1.285040
5tmn,5tmn_741,3.730,-1.608786,-1.353763
5tmn,5tmn_742,2.460,-1.066215,-1.538440
5tmn,5tmn_754,1.410,-0.426863,-1.693745
5tmn,5tmn_756,2.480,-1.362199,-1.785803
5tmn,5tmn_758,1.800,-1.115374,-2.141671
5tmn,5tmn_780,4.660,-2.937960,-1.565848
5tmn,5tmn_782,1.890,-1.805923,-1.601620
5tmn,5tmn_783,2.360,-1.037314,-1.906384
5tmn,5tmn_786,9.020,-7.557905,-2.977414
5tmn,5tmn_791,4.660,-4.455570,-2.663585
5tmn,5tmn_792,1.970,-1.002989,-1.737708
5tmn,5tmn_797,6.240,-6.397204,-2.427005
5tmn,5tmn_799,2.300,-0.867763,-1.560236
5tmn,5tmn_858,1.710,-0.339093,-1.643985
5tmn,5tmn_870,7.850,-0.520840,-2.559902
5tmn,5tmn_88,7.800,-7.149494,-2.388358
5tmn,5tmn_892,3.340,-2.055676,-1.500663
5tmn,5tmn_950,0.930,-0.461176,-2.124299
5tmn,5tmn_976,2.680,-1.860439,-1.752108
5tmn,5tmn_996,1.960,-1.121368,-1.575413
