pdbid,pose,rmsd,head,pll
1a30,1a30_128,7.020,-5.379231,nan
1a30,1a30_130,2.090,-1.215189,nan
1a30,1a30_139,3.030,-2.172032,nan
1a30,1a30_140,2.700,-1.656851,nan
1a30,1a30_144,2.910,-1.332933,nan
1a30,1a30_167,5.280,-2.924141,nan
1a30,1a30_170,2.970,-1.925878,nan
1a30,1a30_186,4.120,-3.163528,nan
1a30,1a30_187,5.140,-5.296290,nan
1a30,1a30_22,3.870,-1.127666,nan
1a30,1a30_221,4.590,-1.653533,nan
1a30,1a30_222,4.470,-1.465823,nan
1a30,1a30_267,3.760,-2.917501,nan
1a30,1a30_270,8.260,-8.404513,nan
1a30,1a30_284,3.700,-1.592947,nan
1a30,1a30_296,4.510,-2.752505,nan
1a30,1a30_314,4.030,-3.096604,nan
1a30,1a30_319,5.030,-2.370694,nan
1a30,1a30_336,3.000,-1.483848,nan
1a30,1a30_348,2.090,-1.458223,nan
1a30,1a30_35,3.570,-1.477499,nan
1a30,1a30_353,3.150,-1.564662,nan
1a30,1a30_388,4.550,-3.750543,nan
1a30,1a30_407,6.420,-4.638962,nan
1a30,1a30_418,6.020,-4.277658,nan
1a30,1a30_450,6.070,-4.507114,nan
1a30,1a30_452,2.740,-2.280993,nan
1a30,1a30_490,1.790,-1.386126,nan
1a30,1a30_498,4.520,-3.290428,nan
1a30,1a30_538,4.190,-2.784558,nan
1a30,1a30_559,6.230,-5.061440,nan
1a30,1a30_569,5.070,-3.063355,nan
1a30,1a30_577,6.780,-8.338125,nan
1a30,1a30_6,9.650,-8.540179,nan
1a30,1a30_653,5.800,-4.881904,nan
1a30,1a30_664,5.140,-5.895279,nan
1a30,1a30_667,3.510,-2.031359,nan
1a30,1a30_670,5.530,-3.389506,nan
1a30,1a30_671,2.010,-2.445504,nan
1a30,1a30_704,1.900,-1.361679,nan
1a30,1a30_705,1.790,-1.210078,nan
1a30,1a30_706,1.810,-1.206396,nan
1a30,1a30_709,1.910,-1.365679,nan
1a30,1a30_712,1.930,-1.340183,nan
1a30,1a30_718,1.950,-1.417554,nan
1a30,1a30_731,1.840,-1.485587,nan
1a30,1a30_733,9.150,-8.563958,nan
1a30,1a30_736,9.000,-8.550870,nan
1a30,1a30_743,1.880,-1.541921,nan
1a30,1a30_744,9.050,-8.527517,nan
1a30,1a30_747,8.770,-7.807972,nan
1a30,1a30_75,8.070,-8.223657,nan
1a30,1a30_754,8.760,-8.544647,nan
1a30,1a30_759,4.150,-2.556482,nan
1a30,1a30_797,2.820,-2.472964,nan
1a30,1a30_828,3.530,-2.816099,nan
1a30,1a30_86,2.290,-1.507755,nan
1a30,1a30_868,5.560,-6.090797,nan
1a30,1a30_87,9.320,-8.572294,nan
1a30,1a30_883,5.480,-4.428549,nan
1a30,1a30_899,5.380,-3.810211,nan
1a30,1a30_90,3.870,-1.897883,nan
1a30,1a30_920,8.580,-8.082093,nan
1a30,1a30_935,9.200,-8.499104,nan
1a30,1a30_938,9.210,-8.403514,nan
1a30,1a30_940,4.120,-1.593271,nan
1a30,1a30_942,7.330,-8.176949,nan
1a30,1a30_944,8.690,-8.430261,nan
1a30,1a30_955,9.330,-8.532759,nan
1a30,1a30_972,8.830,-8.457319,nan
1a30,1a30_985,8.630,-8.238263,nan
1a30,1a30_992,3.160,-2.337219,nan
1a30,1a30_997,8.430,-8.227183,nan
1a30,1a30_999,7.880,-7.582586,nan
1bcu,1bcu_11,1.000,-0.624414,nan
1bcu,1bcu_220,1.130,-0.557834,nan
1bcu,1bcu_270,3.320,-1.923269,nan
1bcu,1bcu_309,0.360,-0.375913,nan
1bcu,1bcu_33,1.200,-0.820796,nan
1bcu,1bcu_334,0.630,-0.227544,nan
1bcu,1bcu_362,0.590,-0.731653,nan
1bcu,1bcu_397,0.660,-0.652758,nan
1bcu,1bcu_406,0.870,-0.411817,nan
1bcu,1bcu_424,1.830,-2.314601,nan
1bcu,1bcu_442,1.960,-1.430592,nan
1bcu,1bcu_451,3.560,-2.006298,nan
1bcu,1bcu_454,4.570,-3.781395,nan
1bcu,1bcu_462,2.530,-1.201061,nan
1bcu,1bcu_469,2.570,-2.304668,nan
1bcu,1bcu_473,2.560,-1.520004,nan
1bcu,1bcu_479,1.440,-0.949170,nan
1bcu,1bcu_483,2.150,-1.702407,nan
1bcu,1bcu_495,1.780,-1.914812,nan
1bcu,1bcu_564,6.110,-5.832875,nan
1bcu,1bcu_585,5.890,-6.115115,nan
1bcu,1bcu_591,4.490,-4.651512,nan
1bcu,1bcu_595,3.320,-3.516246,nan
1bcu,1bcu_608,6.860,-6.154142,nan
1bcu,1bcu_617,2.900,-2.360597,nan
1bcu,1bcu_634,2.550,-1.764248,nan
1bcu,1bcu_653,3.250,-2.681167,nan
1bcu,1bcu_661,2.080,-1.157088,nan
1bcu,1bcu_684,0.920,-0.891159,nan
1bcu,1bcu_695,3.450,-2.892540,nan
1bcu,1bcu_701,1.860,-1.126625,nan
1bcu,1bcu_703,0.610,-0.536202,nan
1bcu,1bcu_708,8.320,-7.616666,nan
1bcu,1bcu_712,8.210,-7.482226,nan
1bcu,1bcu_715,6.420,-6.043928,nan
1bcu,1bcu_717,7.050,-6.793185,nan
1bcu,1bcu_718,9.180,-8.376130,nan
1bcu,1bcu_720,4.760,-3.433777,nan
1bcu,1bcu_725,6.310,-6.183247,nan
1bcu,1bcu_729,5.070,-4.888166,nan
1bcu,1bcu_738,6.500,-6.355517,nan
1bcu,1bcu_741,8.390,-8.254799,nan
1bcu,1bcu_742,7.620,-7.507571,nan
1bcu,1bcu_745,7.580,-6.738648,nan
1bcu,1bcu_749,7.820,-7.336955,nan
1bcu,1bcu_752,6.430,-6.294993,nan
1bcu,1bcu_753,9.220,-8.113201,nan
1bcu,1bcu_754,8.100,-7.311913,nan
1bcu,1bcu_756,6.010,-5.018559,nan
1bcu,1bcu_758,8.420,-8.074662,nan
1bcu,1bcu_761,8.500,-7.526776,nan
1bcu,1bcu_764,8.800,-7.628098,nan
1bcu,1bcu_765,9.970,-8.230350,nan
1bcu,1bcu_772,7.130,-7.454925,nan
1bcu,1bcu_773,9.200,-8.331022,nan
1bcu,1bcu_777,9.120,-7.987821,nan
1bcu,1bcu_778,9.890,-8.556675,nan
1bcu,1bcu_782,9.550,-8.220639,nan
1bcu,1bcu_788,9.650,-8.341229,nan
1bcu,1bcu_790,9.390,-8.575673,nan
1bcu,1bcu_803,2.070,-1.075311,nan
1bcu,1bcu_806,0.710,-0.812545,nan
1bcu,1bcu_813,7.670,-7.690842,nan
1bcu,1bcu_825,1.240,-0.989172,nan
1bcu,1bcu_828,3.520,-2.907732,nan
1bcu,1bcu_829,3.820,-3.053059,nan
1bcu,1bcu_843,6.520,-7.401403,nan
1bcu,1bcu_850,7.670,-6.773606,nan
1bcu,1bcu_852,2.220,-1.180419,nan
1bcu,1bcu_855,6.790,-6.842872,nan
1bcu,1bcu_862,9.040,-8.199481,nan
1bcu,1bcu_869,4.130,-2.780813,nan
1bcu,1bcu_878,5.730,-5.944256,nan
1bcu,1bcu_881,7.740,-7.170007,nan
1bcu,1bcu_885,5.100,-5.390678,nan
1bcu,1bcu_886,5.710,-6.111826,nan
1bcu,1bcu_887,4.260,-3.487322,nan
1bcu,1bcu_888,5.260,-4.146465,nan
1bcu,1bcu_890,4.300,-3.583893,nan
1bcu,1bcu_893,8.620,-8.365148,nan
1bcu,1bcu_898,5.450,-3.829138,nan
1bcu,1bcu_903,1.580,-1.194292,nan
1bcu,1bcu_915,7.970,-6.757321,nan
1bcu,1bcu_919,3.860,-2.057374,nan
1bcu,1bcu_920,3.430,-2.321914,nan
1bcu,1bcu_923,0.750,-0.632682,nan
1bcu,1bcu_931,7.490,-7.932647,nan
1bcu,1bcu_933,5.120,-5.099999,nan
1bcu,1bcu_939,4.450,-4.016284,nan
1bcu,1bcu_949,3.250,-2.843491,nan
1bcu,1bcu_967,4.740,-3.827883,nan
1bcu,1bcu_971,8.050,-8.427013,nan
1bcu,1bcu_977,4.690,-4.391854,nan
1bcu,1bcu_980,5.750,-5.811221,nan
1bcu,1bcu_981,2.980,-1.933479,nan
1bcu,1bcu_983,4.690,-4.101902,nan
1bcu,1bcu_984,8.420,-7.902636,nan
1bcu,1bcu_989,5.640,-5.043532,nan
1bcu,1bcu_991,6.660,-6.569558,nan
1bcu,1bcu_996,1.920,-1.404917,nan
1bzc,1bzc_101,5.240,-4.241252,nan
1bzc,1bzc_111,4.980,-4.493474,nan
1bzc,1bzc_142,1.300,-1.160666,nan
1bzc,1bzc_190,0.680,-1.045825,nan
1bzc,1bzc_217,0.750,-1.350120,nan
1bzc,1bzc_223,0.770,-1.484623,nan
1bzc,1bzc_225,1.010,-0.979495,nan
1bzc,1bzc_260,2.010,-1.717677,nan
1bzc,1bzc_265,0.700,-1.598669,nan
1bzc,1bzc_300,0.760,-1.141502,nan
1bzc,1bzc_323,0.740,-0.782937,nan
1bzc,1bzc_375,0.690,-0.959964,nan
1bzc,1bzc_409,8.420,-2.898670,nan
1bzc,1bzc_412,5.630,-4.019172,nan
1bzc,1bzc_414,7.550,-1.141376,nan
1bzc,1bzc_427,5.290,-3.835246,nan
1bzc,1bzc_43,0.830,-0.753047,nan
1bzc,1bzc_439,5.750,-3.734474,nan
1bzc,1bzc_440,4.880,-3.416088,nan
1bzc,1bzc_443,8.240,-4.200048,nan
1bzc,1bzc_449,7.590,-1.957215,nan
1bzc,1bzc_461,2.980,-2.023209,nan
1bzc,1bzc_463,8.030,-3.451177,nan
1bzc,1bzc_464,5.340,-3.163128,nan
1bzc,1bzc_466,1.990,-1.988857,nan
1bzc,1bzc_469,3.030,-1.643349,nan
1bzc,1bzc_473,5.260,-3.495670,nan
1bzc,1bzc_481,3.380,-2.046838,nan
1bzc,1bzc_487,4.600,-2.241794,nan
1bzc,1bzc_502,1.750,-1.468918,nan
1bzc,1bzc_504,1.400,-1.484300,nan
1bzc,1bzc_522,3.160,-2.486382,nan
1bzc,1bzc_524,2.610,-1.786069,nan
1bzc,1bzc_526,1.760,-2.455248,nan
1bzc,1bzc_527,0.960,-1.863978,nan
1bzc,1bzc_530,1.490,-1.428304,nan
1bzc,1bzc_539,1.750,-2.933731,nan
1bzc,1bzc_546,2.880,-1.736584,nan
1bzc,1bzc_549,3.190,-2.841010,nan
1bzc,1bzc_556,1.770,-1.837767,nan
1bzc,1bzc_558,2.770,-2.103566,nan
1bzc,1bzc_566,7.260,-2.119329,nan
1bzc,1bzc_577,2.020,-1.842582,nan
1bzc,1bzc_579,3.130,-2.058337,nan
1bzc,1bzc_588,2.120,-3.637115,nan
1bzc,1bzc_592,2.620,-3.692620,nan
1bzc,1bzc_593,1.710,-2.034086,nan
1bzc,1bzc_597,2.890,-2.953389,nan
1bzc,1bzc_608,9.650,-7.690049,nan
1bzc,1bzc_611,5.640,-3.207170,nan
1bzc,1bzc_614,2.740,-3.738677,nan
1bzc,1bzc_615,6.340,-7.451534,nan
1bzc,1bzc_620,7.190,-8.518733,nan
1bzc,1bzc_622,6.480,-4.678327,nan
1bzc,1bzc_625,3.300,-3.731002,nan
1bzc,1bzc_629,3.240,-3.508399,nan
1bzc,1bzc_633,3.010,-4.651968,nan
1bzc,1bzc_644,6.810,-6.064558,nan
1bzc,1bzc_651,6.250,-3.667770,nan
1bzc,1bzc_652,6.780,-4.169325,nan
1bzc,1bzc_659,9.030,-7.667770,nan
1bzc,1bzc_660,8.500,-7.996035,nan
1bzc,1bzc_664,7.730,-5.272506,nan
1bzc,1bzc_666,7.350,-3.077387,nan
1bzc,1bzc_669,3.390,-3.245578,nan
1bzc,1bzc_670,7.210,-6.475436,nan
1bzc,1bzc_671,6.550,-5.984507,nan
1bzc,1bzc_674,5.750,-3.043801,nan
1bzc,1bzc_677,4.030,-3.899416,nan
1bzc,1bzc_681,5.840,-6.759988,nan
1bzc,1bzc_682,7.890,-7.943399,nan
1bzc,1bzc_686,8.520,-6.847872,nan
1bzc,1bzc_688,8.710,-5.022682,nan
1bzc,1bzc_690,6.480,-5.967213,nan
1bzc,1bzc_694,5.400,-4.963642,nan
1bzc,1bzc_700,7.090,-5.874456,nan
1bzc,1bzc_709,0.680,-1.343074,nan
1bzc,1bzc_778,7.270,-1.351928,nan
1bzc,1bzc_963,3.030,-1.857112,nan
1c5z,1c5z_247,0.610,-0.370392,nan
1c5z,1c5z_258,0.920,-0.589617,nan
1c5z,1c5z_3,0.400,-0.213377,nan
1c5z,1c5z_402,0.870,-0.082391,nan
1c5z,1c5z_415,2.670,-1.801624,nan
1c5z,1c5z_425,1.200,-1.160216,nan
1c5z,1c5z_427,0.920,-0.769316,nan
1c5z,1c5z_431,1.110,-0.210238,nan
1c5z,1c5z_438,2.900,-1.260415,nan
1c5z,1c5z_449,0.720,-0.816892,nan
1c5z,1c5z_452,0.770,-0.320325,nan
1c5z,1c5z_460,1.660,-1.159253,nan
1c5z,1c5z_465,0.970,-0.834976,nan
1c5z,1c5z_482,1.870,-0.992351,nan
1c5z,1c5z_509,6.500,-6.138457,nan
1c5z,1c5z_516,6.770,-5.207530,nan
1c5z,1c5z_519,2.740,-2.146748,nan
1c5z,1c5z_520,4.730,-3.709340,nan
1c5z,1c5z_530,1.330,-0.317724,nan
1c5z,1c5z_536,7.120,-5.856762,nan
1c5z,1c5z_537,2.810,-0.482028,nan
1c5z,1c5z_542,5.430,-3.576774,nan
1c5z,1c5z_544,5.280,-4.759487,nan
1c5z,1c5z_546,3.740,-1.698750,nan
1c5z,1c5z_556,3.940,-2.246018,nan
1c5z,1c5z_558,3.630,-1.732128,nan
1c5z,1c5z_563,3.980,-2.913548,nan
1c5z,1c5z_564,3.160,-0.776765,nan
1c5z,1c5z_577,1.710,-0.729698,nan
1c5z,1c5z_583,6.860,-5.363962,nan
1c5z,1c5z_586,2.110,-1.100168,nan
1c5z,1c5z_590,5.140,-4.018529,nan
1c5z,1c5z_593,3.440,-2.062438,nan
1c5z,1c5z_596,4.780,-2.962163,nan
1c5z,1c5z_607,1.500,-1.103072,nan
1c5z,1c5z_613,2.120,-1.486932,nan
1c5z,1c5z_627,0.960,-0.415708,nan
1c5z,1c5z_642,1.330,-0.479014,nan
1c5z,1c5z_661,2.510,-1.010518,nan
1c5z,1c5z_665,1.460,-1.091053,nan
1c5z,1c5z_698,2.040,-1.174566,nan
1c5z,1c5z_700,1.460,-1.482014,nan
1c5z,1c5z_711,4.440,-2.435656,nan
1c5z,1c5z_715,5.330,-3.609454,nan
1c5z,1c5z_722,6.900,-5.525150,nan
1c5z,1c5z_733,7.080,-6.393691,nan
1c5z,1c5z_734,3.500,-2.544981,nan
1c5z,1c5z_738,6.400,-4.267405,nan
1c5z,1c5z_739,7.050,-6.559432,nan
1c5z,1c5z_741,5.850,-4.051464,nan
1c5z,1c5z_743,7.120,-5.700467,nan
1c5z,1c5z_753,5.800,-4.987419,nan
1c5z,1c5z_754,6.020,-4.582017,nan
1c5z,1c5z_759,4.750,-3.464845,nan
1c5z,1c5z_761,6.740,-5.563993,nan
1c5z,1c5z_763,6.840,-5.538066,nan
1c5z,1c5z_765,7.860,-5.944180,nan
1c5z,1c5z_766,7.590,-6.112356,nan
1c5z,1c5z_776,2.190,-1.387760,nan
1c5z,1c5z_781,5.450,-3.943408,nan
1c5z,1c5z_790,4.780,-2.906498,nan
1c5z,1c5z_8,0.450,-0.311143,nan
1c5z,1c5z_804,4.110,-2.882948,nan
1c5z,1c5z_805,3.170,-1.887438,nan
1c5z,1c5z_811,3.920,-2.570306,nan
1c5z,1c5z_826,5.000,-3.590725,nan
1c5z,1c5z_828,5.040,-3.672863,nan
1c5z,1c5z_829,7.080,-6.037581,nan
1c5z,1c5z_836,7.000,-6.525135,nan
1c5z,1c5z_839,2.990,-2.400319,nan
1c5z,1c5z_840,6.700,-5.186158,nan
1c5z,1c5z_844,4.800,-4.368795,nan
1c5z,1c5z_862,5.830,-4.022558,nan
1c5z,1c5z_892,4.770,-2.779890,nan
1c5z,1c5z_898,5.200,-3.523358,nan
1c5z,1c5z_931,3.860,-2.201197,nan
1c5z,1c5z_937,7.080,-5.787539,nan
1c5z,1c5z_953,7.030,-5.455157,nan
1c5z,1c5z_955,7.210,-6.596442,nan
1c5z,1c5z_959,4.240,-3.756896,nan
1e66,1e66_158,0.560,-0.625176,nan
1e66,1e66_247,0.710,-0.997646,nan
1e66,1e66_402,0.660,-0.789516,nan
1e66,1e66_404,0.970,-0.839880,nan
1e66,1e66_406,0.860,-0.605729,nan
1e66,1e66_412,1.290,-1.203328,nan
1e66,1e66_419,0.970,-1.117090,nan
1e66,1e66_422,1.500,-1.034742,nan
1e66,1e66_429,1.550,-1.728700,nan
1e66,1e66_440,1.570,-1.854253,nan
1e66,1e66_442,3.970,-3.364778,nan
1e66,1e66_466,1.940,-1.852640,nan
1e66,1e66_467,1.610,-1.381564,nan
1e66,1e66_468,2.900,-2.689439,nan
1e66,1e66_477,2.060,-2.243038,nan
1e66,1e66_483,1.570,-1.911901,nan
1e66,1e66_484,1.510,-1.362432,nan
1e66,1e66_489,4.050,-3.963478,nan
1e66,1e66_495,3.270,-3.104803,nan
1e66,1e66_498,4.300,-3.447158,nan
1e66,1e66_504,3.900,-3.552938,nan
1e66,1e66_505,3.570,-3.318415,nan
1e66,1e66_550,4.330,-4.291641,nan
1e66,1e66_551,5.760,-4.341550,nan
1e66,1e66_552,6.230,-6.019267,nan
1e66,1e66_553,6.450,-5.470842,nan
1e66,1e66_573,6.060,-2.735171,nan
1e66,1e66_574,6.100,-4.815988,nan
1e66,1e66_577,5.600,-5.385142,nan
1e66,1e66_587,2.430,-2.787344,nan
1e66,1e66_589,2.270,-1.717657,nan
1e66,1e66_591,6.880,-6.729339,nan
1e66,1e66_617,4.970,-4.017609,nan
1e66,1e66_633,5.580,-4.580284,nan
1e66,1e66_656,2.770,-3.072996,nan
1e66,1e66_661,2.740,-2.468707,nan
1e66,1e66_678,3.020,-2.598573,nan
1e66,1e66_700,3.370,-3.316504,nan
1e66,1e66_702,5.320,-4.262817,nan
1e66,1e66_712,1.760,-1.251855,nan
1e66,1e66_733,6.200,-6.414855,nan
1e66,1e66_744,4.250,-3.680462,nan
1e66,1e66_746,3.800,-3.393782,nan
1e66,1e66_754,5.230,-4.035457,nan
1e66,1e66_755,5.600,-3.347361,nan
1e66,1e66_761,2.360,-2.742897,nan
1e66,1e66_763,6.260,-3.860424,nan
1e66,1e66_767,3.530,-3.041157,nan
1e66,1e66_768,2.890,-2.465958,nan
1e66,1e66_771,6.060,-3.169946,nan
1e66,1e66_772,6.260,-4.454447,nan
1e66,1e66_774,1.090,-1.060105,nan
1e66,1e66_787,0.600,-0.135900,nan
1e66,1e66_806,4.290,-4.217272,nan
1e66,1e66_807,5.030,-4.811846,nan
1e66,1e66_810,4.760,-4.354904,nan
1e66,1e66_823,6.220,-4.761250,nan
1e66,1e66_841,2.840,-2.197688,nan
1e66,1e66_842,4.770,-2.982201,nan
1e66,1e66_859,3.410,-2.891527,nan
1e66,1e66_860,5.850,-2.531819,nan
1e66,1e66_862,3.890,-3.802645,nan
1e66,1e66_863,2.510,-2.074980,nan
1e66,1e66_865,4.570,-3.725068,nan
1e66,1e66_867,4.390,-3.549834,nan
1e66,1e66_870,5.700,-4.940597,nan
1e66,1e66_891,0.780,-0.790487,nan
1e66,1e66_907,0.850,-0.690967,nan
1e66,1e66_909,0.980,-0.906378,nan
1e66,1e66_921,5.460,-3.615805,nan
1eby,1eby_169,9.110,-8.572216,nan
1eby,1eby_211,0.970,-0.675648,nan
1eby,1eby_217,0.990,-1.293007,nan
1eby,1eby_218,2.340,-2.319114,nan
1eby,1eby_223,0.840,-0.751910,nan
1eby,1eby_231,2.090,-1.882829,nan
1eby,1eby_233,1.830,-1.618548,nan
1eby,1eby_237,2.520,-1.810308,nan
1eby,1eby_238,0.950,-1.251921,nan
1eby,1eby_244,1.200,-1.556416,nan
1eby,1eby_245,2.010,-1.928194,nan
1eby,1eby_255,2.530,-2.751610,nan
1eby,1eby_259,2.570,-2.974930,nan
1eby,1eby_262,1.010,-1.157744,nan
1eby,1eby_265,0.780,-0.832035,nan
1eby,1eby_266,2.030,-1.988867,nan
1eby,1eby_269,0.880,-0.922045,nan
1eby,1eby_271,1.780,-1.856936,nan
1eby,1eby_279,1.870,-1.279073,nan
1eby,1eby_294,1.860,-2.021448,nan
1eby,1eby_295,0.870,-1.062190,nan
1eby,1eby_297,3.360,-1.787004,nan
1eby,1eby_299,0.810,-0.694421,nan
1eby,1eby_326,1.900,-1.242615,nan
1eby,1eby_350,9.690,-8.572078,nan
1eby,1eby_361,0.860,-0.541412,nan
1eby,1eby_364,0.950,-0.854035,nan
1eby,1eby_372,9.300,-8.550317,nan
1eby,1eby_414,3.780,-3.590889,nan
1eby,1eby_416,2.570,-2.918226,nan
1eby,1eby_444,3.950,-4.176367,nan
1eby,1eby_447,2.720,-3.098697,nan
1eby,1eby_453,3.340,-2.751325,nan
1eby,1eby_456,4.570,-5.134092,nan
1eby,1eby_464,4.140,-3.914057,nan
1eby,1eby_470,3.630,-3.437814,nan
1eby,1eby_472,3.000,-2.885008,nan
1eby,1eby_473,3.640,-3.222359,nan
1eby,1eby_477,3.190,-3.498775,nan
1eby,1eby_481,4.940,-3.361638,nan
1eby,1eby_488,4.110,-4.343304,nan
1eby,1eby_490,4.070,-6.081597,nan
1eby,1eby_493,5.950,-7.684115,nan
1eby,1eby_499,3.310,-5.339657,nan
1eby,1eby_503,7.810,-8.213993,nan
1eby,1eby_507,8.970,-8.556287,nan
1eby,1eby_514,5.840,-7.472588,nan
1eby,1eby_517,9.230,-8.544849,nan
1eby,1eby_519,6.000,-7.014580,nan
1eby,1eby_531,5.540,-5.372130,nan
1eby,1eby_532,7.620,-8.543228,nan
1eby,1eby_535,6.950,-8.108860,nan
1eby,1eby_538,4.050,-5.282081,nan
1eby,1eby_540,5.140,-5.320031,nan
1eby,1eby_548,5.420,-7.272149,nan
1eby,1eby_556,6.330,-6.739065,nan
1eby,1eby_563,4.310,-6.071645,nan
1eby,1eby_569,9.790,-8.556886,nan
1eby,1eby_571,4.160,-4.010601,nan
1eby,1eby_572,8.960,-8.439202,nan
1eby,1eby_573,9.440,-8.516016,nan
1eby,1eby_575,7.090,-8.210187,nan
1eby,1eby_576,6.470,-8.262131,nan
1eby,1eby_580,9.200,-8.557865,nan
1eby,1eby_582,7.830,-7.699550,nan
1eby,1eby_584,8.020,-8.303554,nan
1eby,1eby_595,8.640,-8.550146,nan
1eby,1eby_597,7.060,-8.438469,nan
1eby,1eby_600,9.680,-8.573718,nan
1eby,1eby_634,6.490,-7.746423,nan
1eby,1eby_641,8.770,-8.558876,nan
1eby,1eby_645,8.970,-8.580431,nan
1eby,1eby_647,8.550,-8.558258,nan
1eby,1eby_649,7.170,-8.294231,nan
1eby,1eby_658,4.630,-4.595547,nan
1eby,1eby_659,7.660,-7.754549,nan
1eby,1eby_667,6.110,-5.594836,nan
1eby,1eby_673,8.490,-8.571018,nan
1eby,1eby_688,6.710,-6.440673,nan
1eby,1eby_689,6.870,-8.535225,nan
1eby,1eby_694,8.410,-8.569556,nan
1eby,1eby_731,3.120,-2.101754,nan
1eby,1eby_741,6.510,-7.039340,nan
1eby,1eby_751,7.570,-8.506938,nan
1eby,1eby_763,4.940,-5.880865,nan
1eby,1eby_767,7.170,-8.191996,nan
1eby,1eby_769,6.100,-7.026232,nan
1eby,1eby_770,5.020,-5.919841,nan
1eby,1eby_771,9.270,-8.544161,nan
1eby,1eby_772,5.360,-6.572330,nan
1eby,1eby_773,8.410,-8.576224,nan
1eby,1eby_774,5.980,-5.752658,nan
1eby,1eby_777,9.300,-8.548044,nan
1eby,1eby_779,7.250,-8.407462,nan
1eby,1eby_791,5.730,-6.965028,nan
1eby,1eby_792,6.300,-7.643189,nan
1eby,1eby_803,1.780,-1.977068,nan
1eby,1eby_813,1.740,-1.164304,nan
1eby,1eby_826,3.010,-2.900958,nan
1eby,1eby_848,1.500,-1.862392,nan
1g2k,1g2k_209,1.050,-1.224288,nan
1g2k,1g2k_225,0.700,-1.176983,nan
1g2k,1g2k_242,1.130,-1.286102,nan
1g2k,1g2k_247,0.640,-0.627952,nan
1g2k,1g2k_248,0.990,-1.193969,nan
1g2k,1g2k_265,0.690,-0.915450,nan
1g2k,1g2k_271,0.510,-0.814045,nan
1g2k,1g2k_283,1.010,-0.950092,nan
1g2k,1g2k_290,1.240,-1.147897,nan
1g2k,1g2k_294,0.960,-1.123949,nan
1g2k,1g2k_295,1.170,-1.246245,nan
1g2k,1g2k_306,2.670,-1.093532,nan
1g2k,1g2k_328,0.540,-0.694632,nan
1g2k,1g2k_403,2.840,-2.805807,nan
1g2k,1g2k_404,4.060,-2.364240,nan
1g2k,1g2k_408,3.690,-2.297307,nan
1g2k,1g2k_417,2.550,-2.860313,nan
1g2k,1g2k_420,3.870,-5.005910,nan
1g2k,1g2k_436,5.040,-2.582852,nan
1g2k,1g2k_454,6.930,-4.283907,nan
1g2k,1g2k_456,4.330,-2.960737,nan
1g2k,1g2k_458,5.040,-6.103830,nan
1g2k,1g2k_460,3.650,-4.628154,nan
1g2k,1g2k_462,4.470,-3.238081,nan
1g2k,1g2k_466,4.190,-5.069546,nan
1g2k,1g2k_467,4.580,-4.711986,nan
1g2k,1g2k_468,3.440,-2.652901,nan
1g2k,1g2k_469,2.570,-2.653495,nan
1g2k,1g2k_473,5.800,-5.578789,nan
1g2k,1g2k_475,2.830,-3.890744,nan
1g2k,1g2k_482,2.960,-2.050941,nan
1g2k,1g2k_487,5.950,-7.956959,nan
1g2k,1g2k_497,3.210,-3.526902,nan
1g2k,1g2k_502,3.760,-2.172866,nan
1g2k,1g2k_504,2.180,-1.840211,nan
1g2k,1g2k_516,6.050,-7.689884,nan
1g2k,1g2k_52,0.750,-1.169654,nan
1g2k,1g2k_520,6.860,-5.450084,nan
1g2k,1g2k_521,9.600,-8.560628,nan
1g2k,1g2k_530,6.580,-8.316173,nan
1g2k,1g2k_543,8.750,-8.517500,nan
1g2k,1g2k_546,7.100,-8.530108,nan
1g2k,1g2k_551,7.240,-6.738831,nan
1g2k,1g2k_556,3.600,-2.678029,nan
1g2k,1g2k_565,7.160,-8.551884,nan
1g2k,1g2k_566,5.770,-6.411124,nan
1g2k,1g2k_568,7.330,-8.569675,nan
1g2k,1g2k_569,7.530,-8.523686,nan
1g2k,1g2k_573,7.260,-6.077887,nan
1g2k,1g2k_582,9.060,-8.551296,nan
1g2k,1g2k_584,7.810,-7.746800,nan
1g2k,1g2k_588,9.100,-8.548028,nan
1g2k,1g2k_589,8.880,-8.557647,nan
1g2k,1g2k_590,6.200,-6.970475,nan
1g2k,1g2k_591,6.830,-6.018003,nan
1g2k,1g2k_592,7.320,-8.063213,nan
1g2k,1g2k_597,8.520,-8.561604,nan
1g2k,1g2k_598,6.380,-6.948474,nan
1g2k,1g2k_600,4.440,-5.075279,nan
1g2k,1g2k_606,9.930,-8.496796,nan
1g2k,1g2k_607,6.670,-7.686399,nan
1g2k,1g2k_610,3.300,-1.846041,nan
1g2k,1g2k_617,5.340,-2.256274,nan
1g2k,1g2k_621,3.890,-2.973769,nan
1g2k,1g2k_624,5.900,-3.904065,nan
1g2k,1g2k_625,6.120,-8.194528,nan
1g2k,1g2k_639,2.340,-2.512537,nan
1g2k,1g2k_640,9.370,-8.534947,nan
1g2k,1g2k_644,4.520,-3.260088,nan
1g2k,1g2k_645,2.990,-2.374221,nan
1g2k,1g2k_646,4.510,-2.518781,nan
1g2k,1g2k_649,6.600,-7.000275,nan
1g2k,1g2k_650,5.060,-6.584678,nan
1g2k,1g2k_652,4.450,-4.850708,nan
1g2k,1g2k_654,9.570,-8.558905,nan
1g2k,1g2k_663,8.370,-8.564391,nan
1g2k,1g2k_668,9.310,-8.462759,nan
1g2k,1g2k_670,9.230,-8.557858,nan
1g2k,1g2k_673,9.150,-8.571205,nan
1g2k,1g2k_675,3.220,-3.498250,nan
1g2k,1g2k_677,5.990,-7.342624,nan
1g2k,1g2k_679,7.560,-8.556740,nan
1g2k,1g2k_683,5.120,-3.197466,nan
1g2k,1g2k_684,8.650,-7.339221,nan
1g2k,1g2k_690,7.530,-8.548009,nan
1g2k,1g2k_705,1.730,-0.953772,nan
1g2k,1g2k_736,1.710,-1.863372,nan
1g2k,1g2k_737,1.610,-1.946777,nan
1g2k,1g2k_74,0.600,-0.873681,nan
1g2k,1g2k_762,1.940,-1.609805,nan
1g2k,1g2k_771,2.010,-1.834223,nan
1g2k,1g2k_874,1.390,-1.685547,nan
1g2k,1g2k_900,0.920,-1.107368,nan
1g2k,1g2k_98,4.890,-2.302517,nan
1gpk,1gpk_159,0.760,-0.649885,nan
1gpk,1gpk_182,0.910,-1.151141,nan
1gpk,1gpk_194,0.620,-0.653659,nan
1gpk,1gpk_231,3.410,-1.809166,nan
1gpk,1gpk_239,0.350,-0.454743,nan
1gpk,1gpk_267,1.900,-0.616367,nan
1gpk,1gpk_280,1.960,-0.250547,nan
1gpk,1gpk_328,0.520,-0.419032,nan
1gpk,1gpk_364,0.260,-0.492754,nan
1gpk,1gpk_404,3.650,-2.211301,nan
1gpk,1gpk_407,0.790,-0.992468,nan
1gpk,1gpk_409,0.900,-1.079565,nan
1gpk,1gpk_415,1.620,-1.050158,nan
1gpk,1gpk_419,1.130,-0.358952,nan
1gpk,1gpk_420,1.960,-0.886647,nan
1gpk,1gpk_427,1.130,-0.805891,nan
1gpk,1gpk_428,3.010,-2.649003,nan
1gpk,1gpk_429,1.770,-0.737129,nan
1gpk,1gpk_437,2.130,-1.203071,nan
1gpk,1gpk_450,2.990,-1.891936,nan
1gpk,1gpk_46,0.480,-0.521535,nan
1gpk,1gpk_460,2.110,-0.499960,nan
1gpk,1gpk_463,1.440,-1.727664,nan
1gpk,1gpk_465,0.960,-0.861032,nan
1gpk,1gpk_473,1.850,-1.242417,nan
1gpk,1gpk_477,4.010,-2.767107,nan
1gpk,1gpk_494,3.880,-3.457755,nan
1gpk,1gpk_496,2.690,-1.829813,nan
1gpk,1gpk_548,4.690,-3.749883,nan
1gpk,1gpk_560,4.340,-3.592293,nan
1gpk,1gpk_569,4.240,-4.577269,nan
1gpk,1gpk_571,1.470,-1.685179,nan
1gpk,1gpk_577,5.030,-5.094378,nan
1gpk,1gpk_578,4.580,-4.398883,nan
1gpk,1gpk_583,2.740,-2.346910,nan
1gpk,1gpk_588,3.040,-2.783693,nan
1gpk,1gpk_590,5.430,-4.998020,nan
1gpk,1gpk_600,3.590,-3.103089,nan
1gpk,1gpk_609,3.710,-2.172863,nan
1gpk,1gpk_612,5.100,-5.865027,nan
1gpk,1gpk_625,6.560,-6.520946,nan
1gpk,1gpk_641,4.450,-3.607633,nan
1gpk,1gpk_660,2.160,-1.766555,nan
1gpk,1gpk_666,3.800,-3.166894,nan
1gpk,1gpk_668,2.630,-1.295334,nan
1gpk,1gpk_67,3.730,-1.762663,nan
1gpk,1gpk_683,5.070,-5.337682,nan
1gpk,1gpk_689,4.170,-3.882825,nan
1gpk,1gpk_697,4.510,-3.983168,nan
1gpk,1gpk_700,5.380,-5.811792,nan
1gpk,1gpk_735,4.180,-3.543339,nan
1gpk,1gpk_764,9.250,-8.542773,nan
1gpk,1gpk_779,9.910,-8.486939,nan
1gpk,1gpk_782,5.340,-5.940092,nan
1gpk,1gpk_783,9.910,-8.588155,nan
1gpk,1gpk_785,5.980,-6.455820,nan
1gpk,1gpk_788,5.020,-4.230690,nan
1gpk,1gpk_793,4.380,-4.553032,nan
1gpk,1gpk_794,2.750,-2.646447,nan
1gpk,1gpk_850,5.150,-5.636236,nan
1gpk,1gpk_874,5.160,-4.761987,nan
1gpk,1gpk_95,2.020,-0.680777,nan
1gpk,1gpk_984,2.200,-2.478157,nan
1gpk,1gpk_988,3.130,-2.500745,nan
1gpn,1gpn_109,1.210,-0.576578,nan
1gpn,1gpn_252,0.370,-0.471419,nan
1gpn,1gpn_299,0.350,-0.254959,nan
1gpn,1gpn_330,0.510,-0.228083,nan
1gpn,1gpn_401,0.980,-0.581562,nan
1gpn,1gpn_404,1.470,-0.637579,nan
1gpn,1gpn_405,0.560,-0.378732,nan
1gpn,1gpn_407,0.580,-0.519107,nan
1gpn,1gpn_422,2.280,-1.311661,nan
1gpn,1gpn_435,1.000,-1.172562,nan
1gpn,1gpn_443,0.920,-0.958982,nan
1gpn,1gpn_446,2.850,-1.985701,nan
1gpn,1gpn_451,1.400,-1.512309,nan
1gpn,1gpn_459,3.820,-2.052145,nan
1gpn,1gpn_466,3.700,-1.785447,nan
1gpn,1gpn_471,1.910,-1.318685,nan
1gpn,1gpn_475,1.160,-1.168916,nan
1gpn,1gpn_477,0.950,-1.475644,nan
1gpn,1gpn_481,4.060,-3.050205,nan
1gpn,1gpn_483,3.440,-3.050533,nan
1gpn,1gpn_490,3.710,-1.724404,nan
1gpn,1gpn_549,2.790,-1.940309,nan
1gpn,1gpn_551,4.480,-4.669900,nan
1gpn,1gpn_553,5.580,-5.504478,nan
1gpn,1gpn_555,2.430,-2.052224,nan
1gpn,1gpn_556,4.070,-3.204249,nan
1gpn,1gpn_578,4.420,-3.297029,nan
1gpn,1gpn_589,2.460,-1.696795,nan
1gpn,1gpn_596,3.840,-2.101237,nan
1gpn,1gpn_600,1.090,-1.399553,nan
1gpn,1gpn_61,0.870,-0.791932,nan
1gpn,1gpn_615,2.570,-2.279143,nan
1gpn,1gpn_617,3.350,-1.129264,nan
1gpn,1gpn_638,1.930,-1.106618,nan
1gpn,1gpn_653,3.150,-2.754677,nan
1gpn,1gpn_657,4.260,-4.055479,nan
1gpn,1gpn_658,2.560,-2.277699,nan
1gpn,1gpn_662,1.330,-1.097930,nan
1gpn,1gpn_675,1.850,-1.050348,nan
1gpn,1gpn_682,4.640,-4.455948,nan
1gpn,1gpn_683,3.040,-3.006748,nan
1gpn,1gpn_684,5.410,-4.723432,nan
1gpn,1gpn_689,1.400,-1.075389,nan
1gpn,1gpn_759,3.140,-3.009764,nan
1gpn,1gpn_768,5.510,-5.273503,nan
1gpn,1gpn_775,2.950,-1.497172,nan
1gpn,1gpn_779,2.880,-2.007614,nan
1gpn,1gpn_781,4.180,-3.540451,nan
1gpn,1gpn_782,2.280,-1.802946,nan
1gpn,1gpn_784,6.020,-6.148579,nan
1gpn,1gpn_785,3.080,-2.631655,nan
1gpn,1gpn_786,6.040,-6.073166,nan
1gpn,1gpn_794,4.770,-4.842211,nan
1gpn,1gpn_796,5.370,-5.785056,nan
1gpn,1gpn_868,4.020,-2.390669,nan
1gpn,1gpn_885,4.460,-3.599549,nan
1h22,1h22_1,7.350,-5.384624,nan
1h22,1h22_12,3.060,-1.490987,nan
1h22,1h22_140,2.930,-0.971045,nan
1h22,1h22_156,1.040,-0.974224,nan
1h22,1h22_186,2.910,-1.282340,nan
1h22,1h22_187,1.330,-1.196686,nan
1h22,1h22_197,1.280,-0.987528,nan
1h22,1h22_212,1.930,-1.183179,nan
1h22,1h22_225,4.970,-0.700276,nan
1h22,1h22_231,4.970,-3.661170,nan
1h22,1h22_238,2.560,-1.317559,nan
1h22,1h22_241,3.990,-1.239541,nan
1h22,1h22_261,3.770,-1.597189,nan
1h22,1h22_267,3.710,-1.023711,nan
1h22,1h22_276,3.550,-2.814692,nan
1h22,1h22_288,5.250,-3.773715,nan
1h22,1h22_291,4.130,-1.680989,nan
1h22,1h22_292,1.790,-1.687746,nan
1h22,1h22_300,3.000,-0.325988,nan
1h22,1h22_311,7.240,-5.103085,nan
1h22,1h22_313,7.610,-5.694562,nan
1h22,1h22_319,3.940,-2.119721,nan
1h22,1h22_346,0.640,-0.964511,nan
1h22,1h22_354,5.100,-2.424217,nan
1h22,1h22_363,0.860,-0.698802,nan
1h22,1h22_384,1.950,-1.923469,nan
1h22,1h22_393,2.010,-1.578191,nan
1h22,1h22_4,2.020,-1.717548,nan
1h22,1h22_403,4.390,-3.001270,nan
1h22,1h22_423,3.760,-2.000459,nan
1h22,1h22_442,5.130,-2.567760,nan
1h22,1h22_448,1.960,-1.880435,nan
1h22,1h22_464,4.150,-2.489470,nan
1h22,1h22_471,4.540,-2.899998,nan
1h22,1h22_477,6.330,-6.753258,nan
1h22,1h22_494,4.000,-3.320563,nan
1h22,1h22_506,3.900,-1.861095,nan
1h22,1h22_512,3.270,-1.857935,nan
1h22,1h22_527,4.150,-3.662702,nan
1h22,1h22_535,5.210,-3.871804,nan
1h22,1h22_540,4.780,-3.617768,nan
1h22,1h22_543,6.710,-7.089275,nan
1h22,1h22_565,7.070,-8.216700,nan
1h22,1h22_569,5.010,-1.746057,nan
1h22,1h22_573,5.110,-4.668114,nan
1h22,1h22_590,6.500,-4.328428,nan
1h22,1h22_595,5.620,-5.285318,nan
1h22,1h22_596,7.900,-8.387904,nan
1h22,1h22_606,5.330,-3.329041,nan
1h22,1h22_651,6.710,-6.011847,nan
1h22,1h22_653,6.860,-4.839344,nan
1h22,1h22_679,6.330,-5.697118,nan
1h22,1h22_685,5.790,-3.198748,nan
1h22,1h22_692,6.130,-5.161712,nan
1h22,1h22_716,2.980,-2.068823,nan
1h22,1h22_722,1.670,-0.784778,nan
1h22,1h22_738,2.590,-1.942149,nan
1h22,1h22_75,6.150,-4.768319,nan
1h22,1h22_772,7.390,-6.264869,nan
1h22,1h22_774,5.170,-5.244835,nan
1h22,1h22_777,7.500,-6.714835,nan
1h22,1h22_783,7.480,-7.055330,nan
1h22,1h22_786,6.130,-5.702598,nan
1h22,1h22_788,7.260,-6.559199,nan
1h22,1h22_812,1.920,-1.274690,nan
1h22,1h22_828,4.470,-3.722126,nan
1h22,1h22_852,1.550,-1.327884,nan
1h22,1h22_864,4.940,-4.119196,nan
1h22,1h22_89,7.320,-5.512747,nan
1h22,1h22_918,2.020,-1.688574,nan
1h22,1h22_95,2.960,-1.405776,nan
1h22,1h22_957,6.180,-5.361537,nan
1h23,1h23_12,1.810,-1.350874,nan
1h23,1h23_138,6.250,-4.327559,nan
1h23,1h23_140,6.190,-1.783764,nan
1h23,1h23_163,2.260,-1.460392,nan
1h23,1h23_185,1.180,-0.805922,nan
1h23,1h23_198,2.850,-1.955843,nan
1h23,1h23_205,3.710,-1.889164,nan
1h23,1h23_209,5.730,-3.618259,nan
1h23,1h23_221,5.120,-0.684811,nan
1h23,1h23_238,2.910,-0.485638,nan
1h23,1h23_24,3.990,-1.170919,nan
1h23,1h23_242,4.680,-3.757385,nan
1h23,1h23_253,3.650,-1.500669,nan
1h23,1h23_262,4.420,-1.979668,nan
1h23,1h23_277,5.720,-4.390743,nan
1h23,1h23_296,4.890,-2.689443,nan
1h23,1h23_304,1.840,-1.043955,nan
1h23,1h23_335,1.860,-0.778646,nan
1h23,1h23_347,0.890,-1.073577,nan
1h23,1h23_370,7.490,-7.014747,nan
1h23,1h23_377,7.400,-7.193276,nan
1h23,1h23_403,5.800,-4.306022,nan
1h23,1h23_425,6.660,-6.198860,nan
1h23,1h23_43,1.380,-1.074244,nan
1h23,1h23_432,3.950,-2.220313,nan
1h23,1h23_438,5.200,-3.407918,nan
1h23,1h23_451,4.110,-2.821769,nan
1h23,1h23_471,2.990,-2.404576,nan
1h23,1h23_476,2.940,-2.544733,nan
1h23,1h23_496,5.950,-3.272927,nan
1h23,1h23_5,2.810,-0.710867,nan
1h23,1h23_549,6.450,-4.224603,nan
1h23,1h23_552,5.920,-5.667388,nan
1h23,1h23_579,4.600,-3.493248,nan
1h23,1h23_584,4.000,-2.998301,nan
1h23,1h23_588,7.010,-5.496868,nan
1h23,1h23_589,6.970,-7.012042,nan
1h23,1h23_590,4.170,-4.059304,nan
1h23,1h23_597,6.230,-5.881672,nan
1h23,1h23_621,4.260,-4.495512,nan
1h23,1h23_640,5.500,-5.301800,nan
1h23,1h23_641,6.120,-2.140086,nan
1h23,1h23_643,9.640,-8.544679,nan
1h23,1h23_648,7.220,-8.494694,nan
1h23,1h23_660,4.340,-3.838331,nan
1h23,1h23_663,5.640,-3.781701,nan
1h23,1h23_667,7.950,-7.233713,nan
1h23,1h23_669,6.290,-3.511883,nan
1h23,1h23_676,7.950,-8.029889,nan
1h23,1h23_678,6.120,-8.081032,nan
1h23,1h23_686,7.520,-7.027912,nan
1h23,1h23_69,4.900,-0.431606,nan
1h23,1h23_699,3.860,-3.278526,nan
1h23,1h23_728,1.770,-0.718603,nan
1h23,1h23_732,1.930,-1.341510,nan
1h23,1h23_77,6.110,-3.419232,nan
1h23,1h23_783,1.220,-0.320834,nan
1h23,1h23_8,3.950,-2.998068,nan
1h23,1h23_81,2.930,-1.319443,nan
1h23,1h23_815,1.150,-0.970602,nan
1h23,1h23_818,2.650,-1.478115,nan
1h23,1h23_82,3.840,-0.780756,nan
1h23,1h23_88,5.140,-2.015773,nan
1h23,1h23_90,1.610,-0.477852,nan
1h23,1h23_913,2.330,-1.064623,nan
1h23,1h23_921,3.960,-1.832746,nan
1h23,1h23_964,4.150,-1.630108,nan
1h23,1h23_98,2.730,-0.376473,nan
1h23,1h23_99,3.970,-1.466617,nan
1k1i,1k1i_108,5.050,-4.097745,nan
1k1i,1k1i_115,1.640,-0.704025,nan
1k1i,1k1i_159,6.060,-2.136578,nan
1k1i,1k1i_167,4.180,-1.938975,nan
1k1i,1k1i_171,1.650,-0.688526,nan
1k1i,1k1i_172,4.900,-2.324902,nan
1k1i,1k1i_201,3.340,-3.204013,nan
1k1i,1k1i_204,1.780,-0.509054,nan
1k1i,1k1i_207,6.130,-6.344997,nan
1k1i,1k1i_214,5.080,-1.194967,nan
1k1i,1k1i_247,5.700,-3.217813,nan
1k1i,1k1i_250,4.900,-2.694586,nan
1k1i,1k1i_252,5.340,-3.829794,nan
1k1i,1k1i_253,3.750,-0.931514,nan
1k1i,1k1i_258,2.340,-1.411729,nan
1k1i,1k1i_260,3.670,-1.317737,nan
1k1i,1k1i_273,4.260,-1.388694,nan
1k1i,1k1i_275,5.200,-1.508493,nan
1k1i,1k1i_282,6.050,-2.501045,nan
1k1i,1k1i_287,4.020,-2.062750,nan
1k1i,1k1i_295,1.290,-1.105537,nan
1k1i,1k1i_306,4.520,-2.337073,nan
1k1i,1k1i_308,3.940,-1.399877,nan
1k1i,1k1i_355,5.150,-1.557773,nan
1k1i,1k1i_357,4.120,-0.766249,nan
1k1i,1k1i_358,4.850,-0.513099,nan
1k1i,1k1i_36,2.300,-1.836890,nan
1k1i,1k1i_37,2.230,-2.105576,nan
1k1i,1k1i_377,5.350,-1.836223,nan
1k1i,1k1i_379,4.520,-2.154883,nan
1k1i,1k1i_384,2.000,-0.958547,nan
1k1i,1k1i_385,7.410,-4.922172,nan
1k1i,1k1i_40,3.300,-0.628230,nan
1k1i,1k1i_401,5.460,-3.160910,nan
1k1i,1k1i_404,5.870,-2.852994,nan
1k1i,1k1i_406,4.790,-2.000926,nan
1k1i,1k1i_430,5.000,-3.842257,nan
1k1i,1k1i_434,5.560,-2.860822,nan
1k1i,1k1i_447,4.220,-4.657435,nan
1k1i,1k1i_45,2.670,-1.910949,nan
1k1i,1k1i_464,7.220,-2.759547,nan
1k1i,1k1i_475,6.210,-4.549073,nan
1k1i,1k1i_495,3.000,-2.763710,nan
1k1i,1k1i_496,6.840,-3.967499,nan
1k1i,1k1i_513,7.090,-7.171884,nan
1k1i,1k1i_521,6.620,-4.567169,nan
1k1i,1k1i_523,6.630,-4.194980,nan
1k1i,1k1i_55,3.810,-2.441378,nan
1k1i,1k1i_550,7.960,-7.893688,nan
1k1i,1k1i_563,4.300,-5.460767,nan
1k1i,1k1i_565,7.470,-6.799825,nan
1k1i,1k1i_567,7.270,-5.509978,nan
1k1i,1k1i_571,6.140,-5.099547,nan
1k1i,1k1i_576,7.780,-8.550616,nan
1k1i,1k1i_581,5.040,-5.309682,nan
1k1i,1k1i_600,8.020,-7.789860,nan
1k1i,1k1i_620,8.370,-4.919506,nan
1k1i,1k1i_650,5.010,-4.103660,nan
1k1i,1k1i_666,7.020,-5.541653,nan
1k1i,1k1i_675,7.920,-7.201497,nan
1k1i,1k1i_68,3.720,-1.091979,nan
1k1i,1k1i_69,2.690,-1.642927,nan
1k1i,1k1i_692,5.640,-5.173984,nan
1k1i,1k1i_693,6.280,-6.526463,nan
1k1i,1k1i_698,7.510,-7.194025,nan
1k1i,1k1i_701,2.680,-1.113967,nan
1k1i,1k1i_702,3.030,-1.200530,nan
1k1i,1k1i_703,1.330,-0.786517,nan
1k1i,1k1i_71,1.970,-0.826986,nan
1k1i,1k1i_723,2.850,-1.323709,nan
1k1i,1k1i_79,1.990,-1.214858,nan
1k1i,1k1i_826,2.980,-1.237929,nan
1k1i,1k1i_871,6.120,-3.315244,nan
1k1i,1k1i_896,1.650,-0.530949,nan
1k1i,1k1i_900,1.500,-0.569825,nan
1k1i,1k1i_919,0.950,-0.736194,nan
1k1i,1k1i_938,1.300,-0.464934,nan
1k1i,1k1i_942,3.880,-1.786970,nan
1k1i,1k1i_97,1.960,-0.777800,nan
1lpg,1lpg_106,4.050,-4.077895,nan
1lpg,1lpg_122,8.160,-7.455086,nan
1lpg,1lpg_149,3.620,-4.055225,nan
1lpg,1lpg_16,5.160,-6.597918,nan
1lpg,1lpg_198,7.530,-5.909573,nan
1lpg,1lpg_212,1.610,-0.811921,nan
1lpg,1lpg_227,0.960,-1.010281,nan
1lpg,1lpg_237,1.010,-0.683023,nan
1lpg,1lpg_239,3.470,-0.931174,nan
1lpg,1lpg_244,0.750,-0.665389,nan
1lpg,1lpg_249,5.160,-2.364577,nan
1lpg,1lpg_253,0.780,-0.682923,nan
1lpg,1lpg_254,0.740,-0.576170,nan
1lpg,1lpg_256,0.980,-0.713390,nan
1lpg,1lpg_262,1.620,-1.541739,nan
1lpg,1lpg_266,1.020,-0.654579,nan
1lpg,1lpg_273,2.750,-1.022215,nan
1lpg,1lpg_282,0.870,-1.027530,nan
1lpg,1lpg_285,0.760,-0.631431,nan
1lpg,1lpg_286,0.660,-0.745750,nan
1lpg,1lpg_290,1.370,-1.175186,nan
1lpg,1lpg_296,2.710,-2.104994,nan
1lpg,1lpg_311,6.160,-4.747386,nan
1lpg,1lpg_319,4.220,-4.384895,nan
1lpg,1lpg_320,5.240,-4.093019,nan
1lpg,1lpg_323,9.520,-8.579176,nan
1lpg,1lpg_327,6.190,-6.191663,nan
1lpg,1lpg_348,8.580,-8.267825,nan
1lpg,1lpg_398,3.270,-2.447730,nan
1lpg,1lpg_403,5.050,-2.734033,nan
1lpg,1lpg_404,4.580,-1.645221,nan
1lpg,1lpg_405,8.500,-3.144725,nan
1lpg,1lpg_407,1.940,-1.876770,nan
1lpg,1lpg_41,9.530,-8.592535,nan
1lpg,1lpg_412,7.140,-2.253021,nan
1lpg,1lpg_420,2.240,-2.773501,nan
1lpg,1lpg_434,1.890,-2.382454,nan
1lpg,1lpg_441,2.170,-1.988114,nan
1lpg,1lpg_444,4.440,-3.346410,nan
1lpg,1lpg_447,4.530,-3.013000,nan
1lpg,1lpg_448,6.730,-3.034989,nan
1lpg,1lpg_451,9.800,-4.737253,nan
1lpg,1lpg_455,4.230,-4.055923,nan
1lpg,1lpg_460,5.750,-2.509221,nan
1lpg,1lpg_462,1.810,-2.363577,nan
1lpg,1lpg_468,9.020,-4.776199,nan
1lpg,1lpg_480,2.560,-3.367831,nan
1lpg,1lpg_488,6.670,-3.062677,nan
1lpg,1lpg_492,4.090,-4.565815,nan
1lpg,1lpg_495,8.560,-7.512775,nan
1lpg,1lpg_497,7.560,-5.453379,nan
1lpg,1lpg_499,9.120,-6.544006,nan
1lpg,1lpg_500,6.770,-2.577492,nan
1lpg,1lpg_514,3.560,-4.151876,nan
1lpg,1lpg_522,7.850,-5.521778,nan
1lpg,1lpg_532,9.410,-8.395349,nan
1lpg,1lpg_538,2.490,-2.008374,nan
1lpg,1lpg_539,7.010,-7.495260,nan
1lpg,1lpg_551,6.490,-7.597315,nan
1lpg,1lpg_552,4.930,-4.829875,nan
1lpg,1lpg_555,8.820,-8.556453,nan
1lpg,1lpg_556,3.390,-4.505605,nan
1lpg,1lpg_559,3.330,-3.365332,nan
1lpg,1lpg_562,9.120,-8.583905,nan
1lpg,1lpg_570,6.030,-6.101379,nan
1lpg,1lpg_575,7.510,-7.109579,nan
1lpg,1lpg_582,7.280,-4.856839,nan
1lpg,1lpg_585,9.300,-7.743998,nan
1lpg,1lpg_589,2.120,-3.153539,nan
1lpg,1lpg_599,9.970,-8.583821,nan
1lpg,1lpg_61,3.540,-3.897053,nan
1lpg,1lpg_619,6.300,-3.522706,nan
1lpg,1lpg_623,5.560,-7.772820,nan
1lpg,1lpg_639,8.180,-4.683323,nan
1lpg,1lpg_642,8.430,-8.454865,nan
1lpg,1lpg_645,6.050,-5.440631,nan
1lpg,1lpg_646,9.140,-8.580843,nan
1lpg,1lpg_656,8.190,-8.553058,nan
1lpg,1lpg_665,8.670,-8.375546,nan
1lpg,1lpg_670,7.840,-7.954802,nan
1lpg,1lpg_678,5.870,-5.603422,nan
1lpg,1lpg_679,7.820,-8.466434,nan
1lpg,1lpg_687,8.390,-8.516112,nan
1lpg,1lpg_695,6.000,-5.687905,nan
1lpg,1lpg_703,0.750,-1.028079,nan
1lpg,1lpg_733,1.290,-1.597412,nan
1lpg,1lpg_734,0.960,-1.445625,nan
1lpg,1lpg_740,4.970,-5.170688,nan
1lpg,1lpg_75,7.460,-7.056638,nan
1lpg,1lpg_750,5.010,-5.110506,nan
1lpg,1lpg_751,6.000,-3.894002,nan
1lpg,1lpg_791,3.000,-3.507070,nan
1lpg,1lpg_86,1.860,-1.116033,nan
1lpg,1lpg_866,6.180,-3.767149,nan
1lpg,1lpg_885,3.860,-3.917682,nan
1lpg,1lpg_925,3.730,-1.462347,nan
1lpg,1lpg_958,4.120,-2.614792,nan
1lpg,1lpg_972,2.850,-2.285772,nan
1lpg,1lpg_98,3.950,-3.943852,nan
1lpg,1lpg_994,2.450,-1.069033,nan
1mq6,1mq6_110,5.980,-4.352440,nan
1mq6,1mq6_126,9.580,-6.890722,nan
1mq6,1mq6_129,0.700,-0.758573,nan
1mq6,1mq6_134,6.780,-5.675763,nan
1mq6,1mq6_140,6.000,-5.112892,nan
1mq6,1mq6_145,7.110,-3.962898,nan
1mq6,1mq6_156,6.090,-3.741341,nan
1mq6,1mq6_174,7.050,-6.100762,nan
1mq6,1mq6_200,6.080,-3.662472,nan
1mq6,1mq6_205,1.000,-0.803667,nan
1mq6,1mq6_226,0.890,-0.710101,nan
1mq6,1mq6_266,2.060,-0.706523,nan
1mq6,1mq6_369,4.960,-3.323074,nan
1mq6,1mq6_381,5.560,-4.063601,nan
1mq6,1mq6_390,7.120,-7.832420,nan
1mq6,1mq6_391,2.160,-1.123983,nan
1mq6,1mq6_394,9.360,-5.958375,nan
1mq6,1mq6_406,1.340,-1.423502,nan
1mq6,1mq6_409,2.010,-1.606024,nan
1mq6,1mq6_411,2.480,-1.165562,nan
1mq6,1mq6_416,1.990,-1.184069,nan
1mq6,1mq6_419,1.710,-1.387730,nan
1mq6,1mq6_431,3.910,-2.576626,nan
1mq6,1mq6_432,7.610,-2.093803,nan
1mq6,1mq6_435,3.100,-1.444802,nan
1mq6,1mq6_441,7.510,-2.885824,nan
1mq6,1mq6_451,4.400,-2.689574,nan
1mq6,1mq6_453,4.450,-2.635605,nan
1mq6,1mq6_46,6.990,-3.288595,nan
1mq6,1mq6_472,8.070,-3.070453,nan
1mq6,1mq6_482,2.870,-2.012616,nan
1mq6,1mq6_486,3.240,-2.187741,nan
1mq6,1mq6_488,6.960,-2.700480,nan
1mq6,1mq6_489,1.650,-1.638281,nan
1mq6,1mq6_509,8.390,-4.356074,nan
1mq6,1mq6_519,5.180,-4.454312,nan
1mq6,1mq6_538,4.740,-2.424575,nan
1mq6,1mq6_541,3.810,-2.913978,nan
1mq6,1mq6_552,5.290,-3.222720,nan
1mq6,1mq6_563,1.600,-1.204261,nan
1mq6,1mq6_578,6.750,-6.258185,nan
1mq6,1mq6_585,8.530,-4.092068,nan
1mq6,1mq6_586,6.930,-2.654537,nan
1mq6,1mq6_596,8.850,-4.989568,nan
1mq6,1mq6_598,6.420,-5.261915,nan
1mq6,1mq6_613,3.570,-3.633476,nan
1mq6,1mq6_630,8.940,-5.126093,nan
1mq6,1mq6_632,7.590,-3.809320,nan
1mq6,1mq6_645,8.280,-3.545784,nan
1mq6,1mq6_662,7.470,-5.437356,nan
1mq6,1mq6_677,9.440,-6.499226,nan
1mq6,1mq6_686,8.570,-1.924286,nan
1mq6,1mq6_690,8.280,-4.076861,nan
1mq6,1mq6_691,9.710,-7.470279,nan
1mq6,1mq6_695,4.700,-2.888052,nan
1mq6,1mq6_722,0.660,-0.989015,nan
1mq6,1mq6_723,0.760,-0.976493,nan
1mq6,1mq6_748,6.240,-4.017105,nan
1mq6,1mq6_750,1.800,-1.255966,nan
1mq6,1mq6_755,8.060,-2.236958,nan
1mq6,1mq6_776,4.270,-3.005391,nan
1mq6,1mq6_777,4.780,-3.260135,nan
1mq6,1mq6_798,0.760,-0.883734,nan
1mq6,1mq6_805,1.470,-0.938639,nan
1mq6,1mq6_848,1.550,-1.001138,nan
1mq6,1mq6_854,5.030,-2.867808,nan
1mq6,1mq6_861,7.630,-3.968036,nan
1mq6,1mq6_882,2.060,-1.013962,nan
1mq6,1mq6_886,0.510,-0.802722,nan
1mq6,1mq6_889,1.860,-1.370795,nan
1mq6,1mq6_891,0.980,-0.878985,nan
1mq6,1mq6_902,1.630,-0.836340,nan
1mq6,1mq6_907,1.000,-0.700141,nan
1mq6,1mq6_909,0.970,-0.660454,nan
1mq6,1mq6_910,2.020,-1.077032,nan
1mq6,1mq6_914,2.770,-1.557484,nan
1mq6,1mq6_920,4.840,-2.599627,nan
1mq6,1mq6_931,4.710,-4.272532,nan
1mq6,1mq6_932,7.150,-1.500937,nan
1mq6,1mq6_933,5.250,-3.093509,nan
1mq6,1mq6_935,3.110,-1.990060,nan
1mq6,1mq6_951,3.720,-2.367045,nan
1mq6,1mq6_956,5.720,-2.472597,nan
1mq6,1mq6_961,4.510,-2.614873,nan
1mq6,1mq6_962,2.320,-1.666980,nan
1mq6,1mq6_967,7.620,-1.439646,nan
1mq6,1mq6_968,5.820,-4.103643,nan
1mq6,1mq6_969,3.690,-2.361710,nan
1mq6,1mq6_970,6.270,-3.513827,nan
1mq6,1mq6_974,3.610,-2.072900,nan
1mq6,1mq6_975,8.190,-2.198937,nan
1mq6,1mq6_976,5.650,-3.540017,nan
1mq6,1mq6_977,2.870,-2.247475,nan
1mq6,1mq6_978,3.250,-1.566227,nan
1nc1,1nc1_103,9.810,-8.581490,nan
1nc1,1nc1_121,9.930,-8.577839,nan
1nc1,1nc1_126,9.630,-8.539217,nan
1nc1,1nc1_13,0.700,-0.474212,nan
1nc1,1nc1_133,9.800,-8.575496,nan
1nc1,1nc1_142,9.910,-8.552001,nan
1nc1,1nc1_144,1.100,-0.933130,nan
1nc1,1nc1_152,9.960,-8.578924,nan
1nc1,1nc1_161,9.920,-8.582189,nan
1nc1,1nc1_172,9.930,-8.578863,nan
1nc1,1nc1_18,0.580,-0.455236,nan
1nc1,1nc1_207,0.790,-0.402197,nan
1nc1,1nc1_275,1.200,-0.699380,nan
1nc1,1nc1_410,2.260,-1.758012,nan
1nc1,1nc1_422,5.320,-1.411959,nan
1nc1,1nc1_427,1.810,-1.196552,nan
1nc1,1nc1_431,1.010,-0.732734,nan
1nc1,1nc1_437,5.130,-2.129553,nan
1nc1,1nc1_441,5.150,-1.586593,nan
1nc1,1nc1_443,1.190,-1.786120,nan
1nc1,1nc1_449,2.190,-2.404645,nan
1nc1,1nc1_473,2.490,-2.013394,nan
1nc1,1nc1_480,4.950,-2.580789,nan
1nc1,1nc1_495,2.840,-2.314458,nan
1nc1,1nc1_498,5.250,-1.550847,nan
1nc1,1nc1_513,6.770,-6.083967,nan
1nc1,1nc1_526,1.850,-1.640013,nan
1nc1,1nc1_527,6.600,-4.253996,nan
1nc1,1nc1_529,2.080,-1.436262,nan
1nc1,1nc1_536,1.140,-1.217119,nan
1nc1,1nc1_538,5.560,-2.421688,nan
1nc1,1nc1_539,5.390,-2.427329,nan
1nc1,1nc1_546,6.740,-6.769089,nan
1nc1,1nc1_550,6.550,-6.183297,nan
1nc1,1nc1_551,4.990,-1.528389,nan
1nc1,1nc1_552,5.790,-5.029816,nan
1nc1,1nc1_558,1.450,-1.495844,nan
1nc1,1nc1_566,2.660,-2.116043,nan
1nc1,1nc1_570,2.190,-1.882805,nan
1nc1,1nc1_573,6.630,-6.359578,nan
1nc1,1nc1_575,1.550,-1.732583,nan
1nc1,1nc1_576,5.000,-1.691656,nan
1nc1,1nc1_585,4.970,-2.000812,nan
1nc1,1nc1_587,6.490,-6.113304,nan
1nc1,1nc1_591,6.090,-5.699703,nan
1nc1,1nc1_596,2.340,-1.989924,nan
1nc1,1nc1_597,6.520,-6.055030,nan
1nc1,1nc1_598,7.600,-7.522963,nan
1nc1,1nc1_6,0.510,-0.575564,nan
1nc1,1nc1_612,5.220,-4.435465,nan
1nc1,1nc1_615,0.950,-1.399531,nan
1nc1,1nc1_62,8.140,-7.759798,nan
1nc1,1nc1_624,7.200,-7.137378,nan
1nc1,1nc1_634,4.950,-3.928937,nan
1nc1,1nc1_643,6.120,-2.996751,nan
1nc1,1nc1_648,6.060,-3.664752,nan
1nc1,1nc1_659,4.980,-1.932969,nan
1nc1,1nc1_661,7.740,-7.489258,nan
1nc1,1nc1_663,7.810,-7.542236,nan
1nc1,1nc1_664,4.910,-3.883508,nan
1nc1,1nc1_665,4.720,-2.574281,nan
1nc1,1nc1_667,5.230,-4.269510,nan
1nc1,1nc1_670,2.110,-2.060775,nan
1nc1,1nc1_685,7.970,-7.750968,nan
1nc1,1nc1_690,4.960,-3.590113,nan
1nc1,1nc1_692,4.180,-2.688102,nan
1nc1,1nc1_695,2.250,-1.790954,nan
1nc1,1nc1_696,5.560,-2.127114,nan
1nc1,1nc1_724,0.330,-0.610480,nan
1nc1,1nc1_739,0.590,-0.491667,nan
1nc1,1nc1_75,1.830,-0.786137,nan
1nc1,1nc1_763,0.930,-0.656304,nan
1nc1,1nc1_853,0.710,-0.303419,nan
1nc1,1nc1_865,0.570,-0.412669,nan
1nc3,1nc3_178,0.510,-0.156736,nan
1nc3,1nc3_408,1.440,-0.968645,nan
1nc3,1nc3_409,0.960,-0.666682,nan
1nc3,1nc3_437,1.560,-1.664523,nan
1nc3,1nc3_442,5.180,-1.694321,nan
1nc3,1nc3_454,0.890,-0.593797,nan
1nc3,1nc3_466,2.250,-1.224370,nan
1nc3,1nc3_471,5.450,-1.489033,nan
1nc3,1nc3_478,2.170,-1.216526,nan
1nc3,1nc3_488,1.730,-1.389656,nan
1nc3,1nc3_490,5.270,-1.382093,nan
1nc3,1nc3_491,2.010,-0.825895,nan
1nc3,1nc3_499,1.890,-1.700413,nan
1nc3,1nc3_501,0.870,-0.621481,nan
1nc3,1nc3_518,1.890,-0.241440,nan
1nc3,1nc3_524,5.730,-5.933644,nan
1nc3,1nc3_525,1.620,-1.609397,nan
1nc3,1nc3_533,0.870,-0.894113,nan
1nc3,1nc3_538,0.970,-0.403001,nan
1nc3,1nc3_551,5.660,-4.311766,nan
1nc3,1nc3_552,2.480,-1.811197,nan
1nc3,1nc3_562,6.240,-4.095158,nan
1nc3,1nc3_563,2.330,-2.150306,nan
1nc3,1nc3_576,1.570,-1.520240,nan
1nc3,1nc3_581,5.880,-3.402194,nan
1nc3,1nc3_583,2.180,-0.742175,nan
1nc3,1nc3_585,4.960,-4.677058,nan
1nc3,1nc3_597,2.030,-0.824296,nan
1nc3,1nc3_598,1.030,-0.883573,nan
1nc3,1nc3_602,3.040,-2.226983,nan
1nc3,1nc3_603,5.080,-4.541998,nan
1nc3,1nc3_614,4.480,-4.595877,nan
1nc3,1nc3_615,5.000,-5.115118,nan
1nc3,1nc3_622,4.760,-4.616425,nan
1nc3,1nc3_625,2.590,-2.273362,nan
1nc3,1nc3_634,3.070,-2.262943,nan
1nc3,1nc3_639,4.850,-2.740951,nan
1nc3,1nc3_646,6.230,-4.745253,nan
1nc3,1nc3_658,7.240,-6.826138,nan
1nc3,1nc3_664,5.440,-4.707524,nan
1nc3,1nc3_665,5.750,-1.851754,nan
1nc3,1nc3_667,1.770,-1.050836,nan
1nc3,1nc3_669,4.510,-4.511826,nan
1nc3,1nc3_681,6.370,-5.105249,nan
1nc3,1nc3_688,3.000,-2.789767,nan
1nc3,1nc3_692,2.370,-1.193346,nan
1nc3,1nc3_695,6.050,-2.684950,nan
1nc3,1nc3_696,5.140,-5.861033,nan
1nc3,1nc3_698,6.150,-4.821802,nan
1nc3,1nc3_699,6.370,-5.027954,nan
1nc3,1nc3_735,1.020,-0.381409,nan
1nc3,1nc3_807,0.800,-0.191650,nan
1nc3,1nc3_814,0.680,-0.174533,nan
1nc3,1nc3_895,0.500,-0.103210,nan
1nc3,1nc3_940,0.680,-0.110028,nan
1nvq,1nvq_402,2.650,-2.244707,nan
1nvq,1nvq_405,0.920,-1.086409,nan
1nvq,1nvq_410,4.940,-2.786340,nan
1nvq,1nvq_412,0.870,-0.920438,nan
1nvq,1nvq_424,3.100,-2.500985,nan
1nvq,1nvq_427,5.010,-2.696703,nan
1nvq,1nvq_431,5.470,-4.251236,nan
1nvq,1nvq_439,5.810,-4.769622,nan
1nvq,1nvq_444,4.850,-2.847066,nan
1nvq,1nvq_446,1.500,-1.387300,nan
1nvq,1nvq_451,4.210,-2.753581,nan
1nvq,1nvq_461,1.900,-1.779641,nan
1nvq,1nvq_464,5.240,-2.864651,nan
1nvq,1nvq_473,2.090,-1.760034,nan
1nvq,1nvq_477,1.350,-1.698476,nan
1nvq,1nvq_481,5.400,-4.517970,nan
1nvq,1nvq_490,4.510,-2.396740,nan
1nvq,1nvq_491,2.120,-1.748538,nan
1nvq,1nvq_498,3.020,-1.573421,nan
1nvq,1nvq_500,3.230,-3.116955,nan
1nvq,1nvq_513,5.760,-4.048540,nan
1nvq,1nvq_522,6.060,-4.746824,nan
1nvq,1nvq_524,1.680,-0.834511,nan
1nvq,1nvq_543,4.530,-1.776300,nan
1nvq,1nvq_548,3.460,-1.728283,nan
1nvq,1nvq_553,2.460,-1.841885,nan
1nvq,1nvq_555,3.450,-2.162363,nan
1nvq,1nvq_559,1.800,-2.127332,nan
1nvq,1nvq_564,6.390,-5.587019,nan
1nvq,1nvq_566,3.020,-3.362097,nan
1nvq,1nvq_573,6.220,-4.595339,nan
1nvq,1nvq_583,4.990,-2.272228,nan
1nvq,1nvq_588,4.220,-4.316337,nan
1nvq,1nvq_600,2.260,-1.728179,nan
1nvq,1nvq_605,2.100,-2.131182,nan
1nvq,1nvq_606,1.660,-2.037062,nan
1nvq,1nvq_632,1.120,-1.163861,nan
1nvq,1nvq_634,2.820,-1.884398,nan
1nvq,1nvq_672,1.230,-1.849293,nan
1nvq,1nvq_674,2.390,-1.841290,nan
1nvq,1nvq_687,3.580,-4.156237,nan
1nvq,1nvq_689,4.660,-2.888841,nan
1nvq,1nvq_692,5.500,-5.590457,nan
1nvq,1nvq_708,0.730,-0.526465,nan
1nvq,1nvq_710,0.210,-0.664185,nan
1nvq,1nvq_723,0.870,-0.855146,nan
1nvq,1nvq_731,1.160,-0.769170,nan
1nvq,1nvq_738,0.460,-1.029368,nan
1nvq,1nvq_740,1.910,-1.783378,nan
1nvq,1nvq_742,4.100,-1.085052,nan
1nvq,1nvq_743,3.930,-0.615876,nan
1nvq,1nvq_745,2.850,-2.983360,nan
1nvq,1nvq_746,4.020,-1.760294,nan
1nvq,1nvq_747,5.850,-3.854198,nan
1nvq,1nvq_752,3.700,-1.185397,nan
1nvq,1nvq_759,6.530,-4.027932,nan
1nvq,1nvq_760,6.540,-4.127993,nan
1nvq,1nvq_761,6.520,-4.027932,nan
1nvq,1nvq_762,6.440,-4.173611,nan
1nvq,1nvq_765,8.840,-8.522973,nan
1nvq,1nvq_766,8.470,-8.375975,nan
1nvq,1nvq_767,5.200,-1.837709,nan
1nvq,1nvq_770,6.930,-5.532896,nan
1nvq,1nvq_771,2.980,-1.428457,nan
1nvq,1nvq_772,9.870,-8.577530,nan
1nvq,1nvq_775,7.560,-7.366477,nan
1nvq,1nvq_776,6.980,-5.666959,nan
1nvq,1nvq_777,5.450,-3.058687,nan
1nvq,1nvq_778,8.660,-8.540370,nan
1nvq,1nvq_783,3.310,-2.965647,nan
1nvq,1nvq_867,0.780,-0.535315,nan
1nvq,1nvq_871,0.850,-0.981421,nan
1nvq,1nvq_885,6.240,-5.263127,nan
1nvq,1nvq_927,0.400,-0.662307,nan
1nvq,1nvq_940,0.240,-0.661348,nan
1o0h,1o0h_105,8.880,-8.431855,nan
1o0h,1o0h_109,9.410,-7.834616,nan
1o0h,1o0h_121,9.340,-7.979032,nan
1o0h,1o0h_122,4.920,-4.872552,nan
1o0h,1o0h_133,6.140,-6.483466,nan
1o0h,1o0h_146,5.080,-5.011864,nan
1o0h,1o0h_150,2.980,-3.612092,nan
1o0h,1o0h_153,5.770,-5.522139,nan
1o0h,1o0h_168,1.860,-1.374309,nan
1o0h,1o0h_172,8.690,-7.215991,nan
1o0h,1o0h_178,7.360,-7.281357,nan
1o0h,1o0h_187,8.390,-7.217663,nan
1o0h,1o0h_194,6.980,-5.539635,nan
1o0h,1o0h_203,6.990,-5.363274,nan
1o0h,1o0h_208,9.900,-8.330113,nan
1o0h,1o0h_209,7.230,-5.362679,nan
1o0h,1o0h_217,8.960,-6.892502,nan
1o0h,1o0h_233,9.590,-8.239145,nan
1o0h,1o0h_251,3.670,-2.413290,nan
1o0h,1o0h_253,1.140,-0.668353,nan
1o0h,1o0h_254,0.730,-0.258818,nan
1o0h,1o0h_263,1.810,-1.677833,nan
1o0h,1o0h_272,0.770,-0.459837,nan
1o0h,1o0h_280,9.650,-8.587587,nan
1o0h,1o0h_281,1.910,-0.785505,nan
1o0h,1o0h_284,0.390,-0.303552,nan
1o0h,1o0h_292,2.280,-1.028299,nan
1o0h,1o0h_313,6.710,-5.503563,nan
1o0h,1o0h_353,0.920,-0.282707,nan
1o0h,1o0h_374,9.030,-7.045846,nan
1o0h,1o0h_40,7.450,-5.901729,nan
1o0h,1o0h_418,9.120,-6.448428,nan
1o0h,1o0h_419,5.810,-4.813715,nan
1o0h,1o0h_431,8.470,-5.283083,nan
1o0h,1o0h_436,6.820,-2.937416,nan
1o0h,1o0h_439,4.280,-2.595945,nan
1o0h,1o0h_450,8.630,-6.364638,nan
1o0h,1o0h_457,8.210,-6.910660,nan
1o0h,1o0h_459,7.050,-5.446100,nan
1o0h,1o0h_463,6.250,-4.621715,nan
1o0h,1o0h_466,8.110,-6.600667,nan
1o0h,1o0h_472,8.120,-6.896807,nan
1o0h,1o0h_474,7.840,-3.448150,nan
1o0h,1o0h_482,7.580,-6.245518,nan
1o0h,1o0h_488,6.840,-5.869304,nan
1o0h,1o0h_502,2.410,-1.248141,nan
1o0h,1o0h_507,4.010,-2.358865,nan
1o0h,1o0h_511,2.030,-1.785300,nan
1o0h,1o0h_514,5.640,-3.416705,nan
1o0h,1o0h_524,2.550,-1.491732,nan
1o0h,1o0h_526,4.590,-3.578514,nan
1o0h,1o0h_530,5.230,-4.475388,nan
1o0h,1o0h_531,3.950,-2.798986,nan
1o0h,1o0h_532,4.350,-3.691033,nan
1o0h,1o0h_536,7.450,-5.224670,nan
1o0h,1o0h_539,3.220,-3.209375,nan
1o0h,1o0h_541,1.920,-0.678140,nan
1o0h,1o0h_549,3.600,-1.621718,nan
1o0h,1o0h_551,8.660,-4.684203,nan
1o0h,1o0h_563,7.560,-7.557621,nan
1o0h,1o0h_564,2.050,-0.896957,nan
1o0h,1o0h_565,6.110,-3.711090,nan
1o0h,1o0h_576,6.290,-5.314206,nan
1o0h,1o0h_586,9.660,-8.217719,nan
1o0h,1o0h_594,7.080,-1.795855,nan
1o0h,1o0h_595,3.200,-2.505921,nan
1o0h,1o0h_599,1.550,-1.830468,nan
1o0h,1o0h_600,1.290,-1.011855,nan
1o0h,1o0h_603,2.490,-1.786173,nan
1o0h,1o0h_606,3.320,-3.107086,nan
1o0h,1o0h_617,4.150,-3.416745,nan
1o0h,1o0h_618,5.620,-4.421159,nan
1o0h,1o0h_624,5.660,-5.573040,nan
1o0h,1o0h_628,4.830,-3.522111,nan
1o0h,1o0h_631,1.870,-0.883181,nan
1o0h,1o0h_637,2.560,-2.541465,nan
1o0h,1o0h_639,9.010,-8.495001,nan
1o0h,1o0h_646,3.800,-1.859608,nan
1o0h,1o0h_647,2.330,-1.860922,nan
1o0h,1o0h_658,6.620,-5.805439,nan
1o0h,1o0h_665,3.280,-3.534600,nan
1o0h,1o0h_670,7.300,-4.899969,nan
1o0h,1o0h_680,4.280,-3.300612,nan
1o0h,1o0h_684,3.560,-3.130650,nan
1o0h,1o0h_690,5.770,-4.934455,nan
1o0h,1o0h_691,3.820,-2.118248,nan
1o0h,1o0h_692,5.750,-3.699835,nan
1o0h,1o0h_78,0.600,-0.233874,nan
1o0h,1o0h_786,5.740,-4.570662,nan
1o0h,1o0h_789,5.000,-4.286670,nan
1o0h,1o0h_794,4.330,-3.395231,nan
1o0h,1o0h_821,0.670,-0.191351,nan
1o0h,1o0h_876,0.580,-0.468621,nan
1o0h,1o0h_879,2.660,-2.737281,nan
1o0h,1o0h_89,9.130,-6.220696,nan
1o0h,1o0h_909,1.600,-1.003237,nan
1o0h,1o0h_915,0.910,-0.356083,nan
1o0h,1o0h_918,0.930,-0.314902,nan
1o0h,1o0h_956,1.140,-0.595164,nan
1o0h,1o0h_968,0.850,-0.353548,nan
1o3f,1o3f_112,9.540,-8.588933,nan
1o3f,1o3f_125,8.830,-8.519883,nan
1o3f,1o3f_126,9.140,-8.280269,nan
1o3f,1o3f_144,9.510,-8.593232,nan
1o3f,1o3f_145,8.710,-8.444173,nan
1o3f,1o3f_148,9.040,-8.512753,nan
1o3f,1o3f_152,8.480,-8.327415,nan
1o3f,1o3f_162,9.550,-8.583042,nan
1o3f,1o3f_163,9.610,-8.579816,nan
1o3f,1o3f_168,8.840,-8.500845,nan
1o3f,1o3f_173,9.460,-8.385053,nan
1o3f,1o3f_175,9.620,-8.554356,nan
1o3f,1o3f_185,9.830,-8.600188,nan
1o3f,1o3f_191,9.050,-8.584492,nan
1o3f,1o3f_242,2.220,-0.998264,nan
1o3f,1o3f_246,1.820,-1.068807,nan
1o3f,1o3f_247,3.800,-3.273324,nan
1o3f,1o3f_257,4.020,-3.043609,nan
1o3f,1o3f_265,1.420,-1.005237,nan
1o3f,1o3f_372,0.490,-0.781597,nan
1o3f,1o3f_407,2.350,-1.751742,nan
1o3f,1o3f_417,1.990,-1.861138,nan
1o3f,1o3f_423,4.970,-1.404159,nan
1o3f,1o3f_445,6.020,-3.352479,nan
1o3f,1o3f_446,2.260,-2.026374,nan
1o3f,1o3f_449,4.960,-1.578289,nan
1o3f,1o3f_458,0.790,-1.024196,nan
1o3f,1o3f_460,2.670,-1.817950,nan
1o3f,1o3f_463,5.230,-1.746370,nan
1o3f,1o3f_464,4.940,-1.442518,nan
1o3f,1o3f_472,5.710,-3.673078,nan
1o3f,1o3f_482,2.400,-2.230679,nan
1o3f,1o3f_485,0.980,-1.417162,nan
1o3f,1o3f_489,3.500,-3.377398,nan
1o3f,1o3f_490,5.180,-2.109971,nan
1o3f,1o3f_494,3.190,-2.677056,nan
1o3f,1o3f_495,2.720,-2.289600,nan
1o3f,1o3f_498,2.120,-1.225513,nan
1o3f,1o3f_501,0.990,-0.707261,nan
1o3f,1o3f_503,0.650,-0.815654,nan
1o3f,1o3f_504,0.940,-0.591406,nan
1o3f,1o3f_506,1.100,-0.975778,nan
1o3f,1o3f_507,3.680,-3.743229,nan
1o3f,1o3f_526,3.230,-3.023536,nan
1o3f,1o3f_530,3.370,-3.015092,nan
1o3f,1o3f_538,0.750,-0.585379,nan
1o3f,1o3f_547,6.470,-5.284962,nan
1o3f,1o3f_558,5.410,-1.922371,nan
1o3f,1o3f_563,5.230,-1.410038,nan
1o3f,1o3f_566,5.180,-2.225935,nan
1o3f,1o3f_572,1.580,-1.419555,nan
1o3f,1o3f_582,5.990,-3.277331,nan
1o3f,1o3f_588,5.410,-3.439819,nan
1o3f,1o3f_591,3.960,-3.630338,nan
1o3f,1o3f_595,5.540,-4.959546,nan
1o3f,1o3f_598,5.780,-3.502846,nan
1o3f,1o3f_624,1.420,-1.252925,nan
1o3f,1o3f_64,2.000,-1.595175,nan
1o3f,1o3f_668,2.000,-1.461257,nan
1o3f,1o3f_669,2.320,-1.790854,nan
1o3f,1o3f_670,1.260,-1.169235,nan
1o3f,1o3f_672,3.410,-3.345243,nan
1o3f,1o3f_690,3.500,-3.286525,nan
1o3f,1o3f_693,6.100,-3.330115,nan
1o3f,1o3f_696,2.280,-2.274661,nan
1o3f,1o3f_700,3.790,-3.646353,nan
1o3f,1o3f_752,0.660,-0.707617,nan
1o3f,1o3f_798,1.570,-0.925553,nan
1o3f,1o3f_910,0.580,-0.646281,nan
1o3f,1o3f_931,0.830,-0.532050,nan
1o3f,1o3f_94,2.020,-1.307628,nan
1o5b,1o5b_19,0.830,-0.859177,nan
1o5b,1o5b_200,3.890,-2.845341,nan
1o5b,1o5b_253,2.110,-1.182070,nan
1o5b,1o5b_256,2.990,-2.020925,nan
1o5b,1o5b_272,0.760,-0.851007,nan
1o5b,1o5b_329,0.600,-0.439529,nan
1o5b,1o5b_396,0.560,-0.353134,nan
1o5b,1o5b_400,0.410,-0.674615,nan
1o5b,1o5b_406,4.780,-2.604232,nan
1o5b,1o5b_413,1.930,-0.808122,nan
1o5b,1o5b_419,1.200,-0.891829,nan
1o5b,1o5b_421,0.750,-0.738448,nan
1o5b,1o5b_423,0.920,-1.168582,nan
1o5b,1o5b_432,1.270,-1.278083,nan
1o5b,1o5b_441,2.210,-1.263602,nan
1o5b,1o5b_445,4.550,-2.773392,nan
1o5b,1o5b_446,2.150,-1.936061,nan
1o5b,1o5b_454,1.250,-1.044344,nan
1o5b,1o5b_461,1.310,-1.527821,nan
1o5b,1o5b_468,0.910,-0.582827,nan
1o5b,1o5b_472,1.060,-1.144963,nan
1o5b,1o5b_474,4.400,-2.107275,nan
1o5b,1o5b_483,0.840,-1.228031,nan
1o5b,1o5b_489,4.940,-0.969735,nan
1o5b,1o5b_490,2.150,-1.721672,nan
1o5b,1o5b_497,4.740,-2.934036,nan
1o5b,1o5b_505,4.810,-4.411889,nan
1o5b,1o5b_508,1.060,-0.747401,nan
1o5b,1o5b_511,5.380,-4.919449,nan
1o5b,1o5b_512,3.930,-1.932390,nan
1o5b,1o5b_529,6.620,-6.045231,nan
1o5b,1o5b_534,4.200,-4.720984,nan
1o5b,1o5b_535,5.140,-3.750966,nan
1o5b,1o5b_539,3.410,-3.033109,nan
1o5b,1o5b_548,5.410,-4.044284,nan
1o5b,1o5b_552,6.920,-7.586018,nan
1o5b,1o5b_554,2.660,-1.669664,nan
1o5b,1o5b_561,5.170,-2.896236,nan
1o5b,1o5b_572,5.260,-6.316482,nan
1o5b,1o5b_579,4.940,-5.106914,nan
1o5b,1o5b_584,3.650,-3.866441,nan
1o5b,1o5b_592,7.140,-7.104070,nan
1o5b,1o5b_595,5.220,-3.809232,nan
1o5b,1o5b_625,1.770,-2.110634,nan
1o5b,1o5b_628,5.140,-1.885139,nan
1o5b,1o5b_638,1.430,-1.435849,nan
1o5b,1o5b_653,2.490,-1.803056,nan
1o5b,1o5b_654,3.400,-2.445236,nan
1o5b,1o5b_663,2.160,-2.255714,nan
1o5b,1o5b_664,1.120,-1.151456,nan
1o5b,1o5b_665,0.910,-1.387452,nan
1o5b,1o5b_681,2.320,-1.565267,nan
1o5b,1o5b_699,4.100,-2.747354,nan
1o5b,1o5b_722,5.790,-6.130151,nan
1o5b,1o5b_723,8.050,-8.047393,nan
1o5b,1o5b_724,3.020,-3.116176,nan
1o5b,1o5b_725,7.380,-8.164959,nan
1o5b,1o5b_726,8.420,-8.545485,nan
1o5b,1o5b_731,7.020,-8.074734,nan
1o5b,1o5b_732,7.000,-8.190720,nan
1o5b,1o5b_739,6.440,-7.601334,nan
1o5b,1o5b_740,8.280,-8.521274,nan
1o5b,1o5b_744,3.000,-2.785405,nan
1o5b,1o5b_747,8.150,-8.441051,nan
1o5b,1o5b_750,8.420,-8.296803,nan
1o5b,1o5b_751,8.770,-8.526286,nan
1o5b,1o5b_755,8.280,-8.255809,nan
1o5b,1o5b_756,6.410,-8.104386,nan
1o5b,1o5b_760,8.310,-8.228311,nan
1o5b,1o5b_762,6.060,-6.188072,nan
1o5b,1o5b_764,7.570,-7.580975,nan
1o5b,1o5b_765,6.240,-6.196389,nan
1o5b,1o5b_79,3.060,-1.901570,nan
1o5b,1o5b_807,6.230,-7.364619,nan
1o5b,1o5b_813,6.650,-6.963683,nan
1o5b,1o5b_827,8.730,-8.538209,nan
1o5b,1o5b_832,6.490,-6.801131,nan
1o5b,1o5b_836,7.400,-8.296805,nan
1o5b,1o5b_844,7.690,-8.128473,nan
1o5b,1o5b_857,7.500,-8.019535,nan
1o5b,1o5b_860,7.550,-8.257266,nan
1o5b,1o5b_865,8.010,-8.405968,nan
1o5b,1o5b_892,3.570,-3.921910,nan
1o5b,1o5b_903,5.480,-6.261925,nan
1o5b,1o5b_911,4.760,-6.156013,nan
1o5b,1o5b_936,5.670,-6.057194,nan
1o5b,1o5b_943,7.670,-7.703217,nan
1o5b,1o5b_957,3.660,-4.305823,nan
1o5b,1o5b_959,7.510,-8.072572,nan
1o5b,1o5b_963,3.830,-4.801128,nan
1owh,1owh_159,2.110,-2.519264,nan
1owh,1owh_174,6.600,-0.869093,nan
1owh,1owh_187,6.570,-0.930918,nan
1owh,1owh_210,0.900,-0.977409,nan
1owh,1owh_213,3.340,-3.409147,nan
1owh,1owh_216,2.070,-2.011989,nan
1owh,1owh_217,2.210,-1.647087,nan
1owh,1owh_225,3.050,-2.686661,nan
1owh,1owh_227,4.090,-2.780488,nan
1owh,1owh_229,6.980,-2.480173,nan
1owh,1owh_232,2.550,-2.549978,nan
1owh,1owh_234,2.000,-2.113770,nan
1owh,1owh_245,2.800,-2.618676,nan
1owh,1owh_253,4.060,-3.012593,nan
1owh,1owh_255,3.610,-3.273305,nan
1owh,1owh_258,6.850,-1.106005,nan
1owh,1owh_260,4.020,-2.639494,nan
1owh,1owh_265,1.380,-1.065137,nan
1owh,1owh_266,4.020,-2.778707,nan
1owh,1owh_269,6.770,-6.816837,nan
1owh,1owh_280,6.840,-2.376156,nan
1owh,1owh_283,3.890,-2.641307,nan
1owh,1owh_285,6.930,-2.374573,nan
1owh,1owh_289,1.600,-1.695754,nan
1owh,1owh_291,1.210,-1.271795,nan
1owh,1owh_3,0.660,-0.774171,nan
1owh,1owh_307,0.530,-0.596741,nan
1owh,1owh_391,0.260,-0.630083,nan
1owh,1owh_431,2.930,-2.332586,nan
1owh,1owh_458,7.930,-2.891557,nan
1owh,1owh_470,7.280,-1.269338,nan
1owh,1owh_492,3.160,-2.370991,nan
1owh,1owh_509,6.260,-5.962276,nan
1owh,1owh_512,7.500,-1.688027,nan
1owh,1owh_514,3.930,-4.305792,nan
1owh,1owh_519,5.530,-4.899339,nan
1owh,1owh_523,5.890,-5.535638,nan
1owh,1owh_528,5.970,-5.458781,nan
1owh,1owh_529,6.330,-6.162908,nan
1owh,1owh_530,8.100,-2.999084,nan
1owh,1owh_532,0.900,-1.112249,nan
1owh,1owh_535,5.320,-5.038718,nan
1owh,1owh_538,3.800,-3.360836,nan
1owh,1owh_540,0.580,-0.698952,nan
1owh,1owh_550,6.280,-6.439364,nan
1owh,1owh_553,8.390,-4.907930,nan
1owh,1owh_562,8.350,-5.823841,nan
1owh,1owh_573,7.630,-2.177573,nan
1owh,1owh_595,8.030,-2.613402,nan
1owh,1owh_607,1.740,-1.425019,nan
1owh,1owh_610,4.310,-3.999025,nan
1owh,1owh_614,1.000,-1.139066,nan
1owh,1owh_629,7.350,-1.896123,nan
1owh,1owh_639,3.510,-3.009622,nan
1owh,1owh_641,1.720,-1.498016,nan
1owh,1owh_648,2.150,-1.741415,nan
1owh,1owh_673,7.320,-1.368145,nan
1owh,1owh_681,7.500,-1.677839,nan
1owh,1owh_701,0.590,-1.007307,nan
1owh,1owh_737,4.080,-3.272515,nan
1owh,1owh_739,3.110,-2.644896,nan
1owh,1owh_745,8.060,-5.795815,nan
1owh,1owh_749,4.930,-5.199352,nan
1owh,1owh_750,4.590,-4.479507,nan
1owh,1owh_756,7.850,-5.518742,nan
1owh,1owh_757,7.790,-4.204258,nan
1owh,1owh_760,8.780,-7.105991,nan
1owh,1owh_762,4.900,-5.130333,nan
1owh,1owh_764,5.000,-5.221180,nan
1owh,1owh_767,8.740,-6.553615,nan
1owh,1owh_771,5.700,-5.457454,nan
1owh,1owh_773,2.010,-1.845839,nan
1owh,1owh_774,5.700,-5.512229,nan
1owh,1owh_778,2.760,-2.576715,nan
1owh,1owh_779,5.800,-5.701472,nan
1owh,1owh_780,5.790,-5.890278,nan
1owh,1owh_782,5.630,-5.364969,nan
1owh,1owh_786,8.410,-6.386556,nan
1owh,1owh_787,2.330,-2.035844,nan
1owh,1owh_788,3.230,-3.013954,nan
1owh,1owh_789,8.160,-2.766461,nan
1owh,1owh_795,8.700,-7.803901,nan
1owh,1owh_797,9.450,-8.569224,nan
1owh,1owh_798,9.810,-8.544420,nan
1owh,1owh_894,1.060,-0.919106,nan
1owh,1owh_917,7.240,-1.021759,nan
1owh,1owh_921,1.360,-0.698917,nan
1owh,1owh_935,0.970,-0.828385,nan
1owh,1owh_938,0.850,-0.921841,nan
1owh,1owh_977,1.460,-1.275128,nan
1owh,1owh_990,1.750,-1.045554,nan
1oyt,1oyt_24,6.380,-6.069668,nan
1oyt,1oyt_401,3.980,-2.843467,nan
1oyt,1oyt_405,2.990,-1.788751,nan
1oyt,1oyt_412,6.920,-6.594851,nan
1oyt,1oyt_414,3.230,-1.836788,nan
1oyt,1oyt_423,6.060,-3.214635,nan
1oyt,1oyt_425,4.810,-1.287780,nan
1oyt,1oyt_437,4.840,-1.913754,nan
1oyt,1oyt_448,2.700,-2.253463,nan
1oyt,1oyt_449,4.120,-2.976328,nan
1oyt,1oyt_451,5.990,-3.138348,nan
1oyt,1oyt_454,3.500,-2.255252,nan
1oyt,1oyt_455,2.280,-1.479731,nan
1oyt,1oyt_463,6.510,-4.598599,nan
1oyt,1oyt_468,6.970,-5.629761,nan
1oyt,1oyt_475,3.640,-2.890612,nan
1oyt,1oyt_477,7.050,-6.581182,nan
1oyt,1oyt_481,0.860,-0.690284,nan
1oyt,1oyt_484,3.600,-2.249229,nan
1oyt,1oyt_493,2.600,-2.168509,nan
1oyt,1oyt_505,0.970,-0.643207,nan
1oyt,1oyt_506,0.990,-1.086179,nan
1oyt,1oyt_507,1.130,-0.722297,nan
1oyt,1oyt_513,0.910,-0.953991,nan
1oyt,1oyt_521,3.130,-1.932694,nan
1oyt,1oyt_524,1.240,-1.035254,nan
1oyt,1oyt_527,7.280,-7.113050,nan
1oyt,1oyt_529,1.260,-1.074530,nan
1oyt,1oyt_530,5.050,-1.314498,nan
1oyt,1oyt_542,4.630,-1.212692,nan
1oyt,1oyt_551,7.040,-6.905605,nan
1oyt,1oyt_553,2.980,-2.582473,nan
1oyt,1oyt_558,1.500,-1.130515,nan
1oyt,1oyt_559,9.360,-8.574589,nan
1oyt,1oyt_561,1.160,-1.061395,nan
1oyt,1oyt_564,5.260,-3.414464,nan
1oyt,1oyt_569,5.070,-1.283606,nan
1oyt,1oyt_572,7.070,-6.966346,nan
1oyt,1oyt_575,2.320,-0.951236,nan
1oyt,1oyt_582,3.090,-3.123337,nan
1oyt,1oyt_586,1.450,-1.585203,nan
1oyt,1oyt_59,0.510,-0.322827,nan
1oyt,1oyt_599,5.760,-0.868709,nan
1oyt,1oyt_603,6.560,-6.733124,nan
1oyt,1oyt_612,7.030,-6.825747,nan
1oyt,1oyt_621,4.090,-3.571949,nan
1oyt,1oyt_623,4.610,-2.648661,nan
1oyt,1oyt_627,1.560,-1.246114,nan
1oyt,1oyt_637,6.320,-6.102399,nan
1oyt,1oyt_639,1.850,-1.475828,nan
1oyt,1oyt_64,0.530,-0.219539,nan
1oyt,1oyt_644,6.000,-5.803545,nan
1oyt,1oyt_647,5.230,-2.059352,nan
1oyt,1oyt_651,6.670,-7.042050,nan
1oyt,1oyt_658,7.080,-6.681966,nan
1oyt,1oyt_663,3.990,-2.124331,nan
1oyt,1oyt_674,6.420,-6.178928,nan
1oyt,1oyt_675,5.950,-4.810857,nan
1oyt,1oyt_679,1.530,-1.296597,nan
1oyt,1oyt_680,2.010,-1.146187,nan
1oyt,1oyt_684,4.470,-3.460280,nan
1oyt,1oyt_690,3.270,-3.002717,nan
1oyt,1oyt_691,7.070,-5.601041,nan
1oyt,1oyt_692,2.420,-1.799774,nan
1oyt,1oyt_696,6.700,-6.524100,nan
1oyt,1oyt_711,0.400,-0.123934,nan
1oyt,1oyt_749,4.540,-4.506403,nan
1oyt,1oyt_789,3.140,-2.590707,nan
1oyt,1oyt_800,1.680,-0.511340,nan
1oyt,1oyt_801,2.100,-1.503736,nan
1oyt,1oyt_806,4.660,-2.499452,nan
1oyt,1oyt_838,4.730,-3.697690,nan
1oyt,1oyt_842,5.230,-4.525335,nan
1oyt,1oyt_843,2.970,-1.537983,nan
1oyt,1oyt_853,5.850,-4.861802,nan
1oyt,1oyt_91,0.810,-0.658814,nan
1oyt,1oyt_915,0.520,-0.202595,nan
1oyt,1oyt_947,0.620,-0.125891,nan
1p1n,1p1n_116,0.630,-0.302541,nan
1p1n,1p1n_216,1.130,-0.686810,nan
1p1n,1p1n_333,0.640,-0.548356,nan
1p1n,1p1n_425,2.800,-0.524429,nan
1p1n,1p1n_433,3.080,-1.970322,nan
1p1n,1p1n_462,2.820,-0.822958,nan
1p1n,1p1n_465,1.700,-0.849793,nan
1p1n,1p1n_482,0.970,-0.446368,nan
1p1n,1p1n_489,3.260,-1.175676,nan
1p1n,1p1n_493,1.680,-0.722320,nan
1p1n,1p1n_500,3.260,-1.385343,nan
1p1n,1p1n_530,1.980,-1.414657,nan
1p1n,1p1n_548,2.960,-1.102061,nan
1p1n,1p1n_550,2.530,-1.870296,nan
1p1n,1p1n_562,2.930,-1.232880,nan
1p1n,1p1n_569,1.680,-0.437688,nan
1p1n,1p1n_574,2.070,-0.982115,nan
1p1n,1p1n_586,2.600,-1.002395,nan
1p1n,1p1n_606,2.090,-0.979382,nan
1p1n,1p1n_646,2.190,-1.920949,nan
1p1n,1p1n_650,3.040,-0.582535,nan
1p1n,1p1n_660,1.690,-1.087639,nan
1p1n,1p1n_668,2.690,-0.903883,nan
1p1n,1p1n_675,3.770,-2.468221,nan
1p1n,1p1n_685,3.130,-0.803318,nan
1p1n,1p1n_687,3.750,-1.760360,nan
1p1n,1p1n_699,1.660,-1.027778,nan
1p1n,1p1n_708,0.440,-0.811329,nan
1p1n,1p1n_712,0.930,-0.343437,nan
1p1n,1p1n_73,0.610,-0.776369,nan
1p1n,1p1n_733,5.570,-4.253845,nan
1p1n,1p1n_757,3.180,-1.060850,nan
1p1n,1p1n_765,4.250,-2.944086,nan
1p1n,1p1n_78,0.990,-0.723493,nan
1p1n,1p1n_780,1.680,-1.111842,nan
1p1n,1p1n_785,4.040,-2.405818,nan
1p1n,1p1n_825,0.770,-1.030816,nan
1p1n,1p1n_883,3.120,-1.878645,nan
1p1n,1p1n_892,3.460,-0.999270,nan
1p1n,1p1n_9,1.030,-0.698217,nan
1p1n,1p1n_917,1.360,-0.900871,nan
1p1n,1p1n_928,0.790,-0.324419,nan
1p1n,1p1n_971,0.880,-0.434717,nan
1p1q,1p1q_121,0.710,-0.230960,nan
1p1q,1p1q_134,2.260,-0.712798,nan
1p1q,1p1q_169,0.750,-0.177853,nan
1p1q,1p1q_202,1.830,-0.230437,nan
1p1q,1p1q_239,0.590,-0.402626,nan
1p1q,1p1q_255,0.710,-0.371787,nan
1p1q,1p1q_317,2.010,-1.108249,nan
1p1q,1p1q_357,0.600,-0.163266,nan
1p1q,1p1q_358,2.370,-1.255549,nan
1p1q,1p1q_394,0.860,-0.416565,nan
1p1q,1p1q_411,1.380,-0.640146,nan
1p1q,1p1q_412,0.890,-0.516604,nan
1p1q,1p1q_544,2.130,-1.493670,nan
1p1q,1p1q_559,1.210,-0.442345,nan
1p1q,1p1q_560,0.980,-0.402759,nan
1p1q,1p1q_570,1.570,-0.824188,nan
1p1q,1p1q_574,4.230,-1.005997,nan
1p1q,1p1q_578,4.410,-1.017806,nan
1p1q,1p1q_596,4.120,-1.487205,nan
1p1q,1p1q_603,2.320,-1.469454,nan
1p1q,1p1q_604,2.280,-1.281316,nan
1p1q,1p1q_614,1.760,-0.749453,nan
1p1q,1p1q_636,1.750,-1.037726,nan
1p1q,1p1q_640,4.120,-1.520871,nan
1p1q,1p1q_644,2.450,-0.971950,nan
1p1q,1p1q_646,1.970,-0.974760,nan
1p1q,1p1q_664,2.660,-0.881908,nan
1p1q,1p1q_677,3.360,-1.853149,nan
1p1q,1p1q_698,4.150,-0.912085,nan
1p1q,1p1q_713,2.000,-2.055693,nan
1p1q,1p1q_729,1.940,-1.378389,nan
1p1q,1p1q_736,3.500,-2.766268,nan
1p1q,1p1q_740,3.020,-2.072277,nan
1p1q,1p1q_746,3.830,-1.405289,nan
1p1q,1p1q_751,3.980,-2.579633,nan
1p1q,1p1q_759,4.320,-1.951776,nan
1p1q,1p1q_773,4.300,-3.285350,nan
1p1q,1p1q_779,3.670,-2.811384,nan
1p1q,1p1q_785,4.200,-3.010653,nan
1p1q,1p1q_789,3.790,-2.952691,nan
1p1q,1p1q_794,3.070,-1.783622,nan
1p1q,1p1q_848,1.220,-0.372056,nan
1p1q,1p1q_85,0.650,-0.336983,nan
1p1q,1p1q_853,0.450,-0.223572,nan
1p1q,1p1q_860,2.660,-2.768525,nan
1p1q,1p1q_872,4.410,-2.248622,nan
1p1q,1p1q_890,4.300,-2.597192,nan
1p1q,1p1q_892,3.600,-1.778679,nan
1p1q,1p1q_897,3.060,-2.760061,nan
1p1q,1p1q_975,2.760,-2.026091,nan
1ps3,1ps3_161,0.280,-0.187085,nan
1ps3,1ps3_251,0.680,-0.325492,nan
1ps3,1ps3_350,0.570,-0.450787,nan
1ps3,1ps3_408,0.910,-1.220526,nan
1ps3,1ps3_414,4.140,-1.956620,nan
1ps3,1ps3_424,1.770,-1.806183,nan
1ps3,1ps3_437,2.980,-2.880406,nan
1ps3,1ps3_438,2.760,-1.056230,nan
1ps3,1ps3_449,1.630,-0.714960,nan
1ps3,1ps3_468,2.880,-1.878182,nan
1ps3,1ps3_474,3.180,-1.655355,nan
1ps3,1ps3_500,1.420,-0.575900,nan
1ps3,1ps3_510,3.630,-1.873429,nan
1ps3,1ps3_518,3.070,-1.152217,nan
1ps3,1ps3_548,0.890,-0.329861,nan
1ps3,1ps3_551,4.370,-1.630180,nan
1ps3,1ps3_596,3.230,-1.528651,nan
1ps3,1ps3_600,4.260,-1.575883,nan
1ps3,1ps3_607,5.980,-4.472372,nan
1ps3,1ps3_612,4.030,-3.282295,nan
1ps3,1ps3_627,4.090,-2.650679,nan
1ps3,1ps3_635,4.850,-3.839590,nan
1ps3,1ps3_641,5.830,-4.822136,nan
1ps3,1ps3_662,4.080,-3.010806,nan
1ps3,1ps3_664,4.360,-3.214754,nan
1ps3,1ps3_684,6.660,-6.002432,nan
1ps3,1ps3_696,4.270,-2.369184,nan
1ps3,1ps3_707,0.980,-0.399361,nan
1ps3,1ps3_730,3.050,-1.515434,nan
1ps3,1ps3_734,0.860,-0.311736,nan
1ps3,1ps3_736,0.850,-1.082965,nan
1ps3,1ps3_739,1.850,-0.847380,nan
1ps3,1ps3_744,3.910,-3.821048,nan
1ps3,1ps3_748,1.970,-1.245366,nan
1ps3,1ps3_753,2.170,-1.439690,nan
1ps3,1ps3_760,2.600,-0.515644,nan
1ps3,1ps3_764,3.750,-0.534474,nan
1ps3,1ps3_767,2.880,-1.101954,nan
1ps3,1ps3_771,3.460,-0.834728,nan
1ps3,1ps3_778,3.100,-1.759152,nan
1ps3,1ps3_782,2.850,-1.487518,nan
1ps3,1ps3_783,1.150,-0.480649,nan
1ps3,1ps3_785,1.540,-0.752664,nan
1ps3,1ps3_786,2.950,-0.826878,nan
1ps3,1ps3_790,4.200,-4.032591,nan
1ps3,1ps3_793,3.110,-1.057657,nan
1ps3,1ps3_854,1.650,-1.192395,nan
1ps3,1ps3_886,2.960,-1.981553,nan
1ps3,1ps3_896,1.480,-0.409535,nan
1ps3,1ps3_943,0.440,-0.754184,nan
1ps3,1ps3_968,0.660,-0.725478,nan
1ps3,1ps3_985,1.090,-0.928914,nan
1ps3,1ps3_994,2.520,-0.504684,nan
1pxn,1pxn_167,0.880,-0.563011,nan
1pxn,1pxn_197,0.770,-0.415025,nan
1pxn,1pxn_211,5.060,-0.756152,nan
1pxn,1pxn_225,1.050,-0.335964,nan
1pxn,1pxn_228,7.250,-3.285304,nan
1pxn,1pxn_236,0.840,-0.743927,nan
1pxn,1pxn_240,1.010,-0.461156,nan
1pxn,1pxn_246,0.750,-0.263591,nan
1pxn,1pxn_256,4.710,-0.733028,nan
1pxn,1pxn_257,0.590,-0.277561,nan
1pxn,1pxn_266,0.440,-0.431397,nan
1pxn,1pxn_269,7.910,-4.774992,nan
1pxn,1pxn_270,0.680,-0.474040,nan
1pxn,1pxn_272,4.970,-0.432859,nan
1pxn,1pxn_285,0.520,-0.461260,nan
1pxn,1pxn_288,1.720,-0.329726,nan
1pxn,1pxn_308,5.160,-5.458066,nan
1pxn,1pxn_402,1.490,-0.839792,nan
1pxn,1pxn_409,3.630,-1.279274,nan
1pxn,1pxn_414,2.120,-1.513796,nan
1pxn,1pxn_416,6.590,-4.680858,nan
1pxn,1pxn_422,1.480,-1.179165,nan
1pxn,1pxn_428,6.440,-1.792868,nan
1pxn,1pxn_437,2.070,-1.006291,nan
1pxn,1pxn_441,1.600,-0.852753,nan
1pxn,1pxn_445,2.440,-1.093321,nan
1pxn,1pxn_458,3.220,-1.678320,nan
1pxn,1pxn_467,1.910,-1.095395,nan
1pxn,1pxn_468,4.010,-1.133735,nan
1pxn,1pxn_471,2.320,-1.508950,nan
1pxn,1pxn_472,2.430,-1.191241,nan
1pxn,1pxn_477,3.590,-2.630200,nan
1pxn,1pxn_483,4.140,-2.042383,nan
1pxn,1pxn_488,8.180,-5.041006,nan
1pxn,1pxn_489,3.870,-0.722167,nan
1pxn,1pxn_490,3.810,-0.666474,nan
1pxn,1pxn_500,5.580,-1.508442,nan
1pxn,1pxn_504,7.580,-5.109164,nan
1pxn,1pxn_507,6.420,-4.846380,nan
1pxn,1pxn_509,8.870,-5.743437,nan
1pxn,1pxn_513,4.580,-2.423650,nan
1pxn,1pxn_514,2.620,-1.376077,nan
1pxn,1pxn_518,7.760,-5.344479,nan
1pxn,1pxn_523,7.980,-3.330069,nan
1pxn,1pxn_532,5.500,-1.456073,nan
1pxn,1pxn_534,3.720,-2.269287,nan
1pxn,1pxn_536,8.470,-4.720173,nan
1pxn,1pxn_539,3.220,-2.360331,nan
1pxn,1pxn_545,6.620,-2.946830,nan
1pxn,1pxn_546,6.020,-3.480912,nan
1pxn,1pxn_550,5.770,-0.857286,nan
1pxn,1pxn_557,5.160,-3.082384,nan
1pxn,1pxn_558,2.950,-1.598038,nan
1pxn,1pxn_560,4.210,-0.756561,nan
1pxn,1pxn_565,7.570,-4.499552,nan
1pxn,1pxn_566,7.670,-3.469340,nan
1pxn,1pxn_572,3.680,-2.494949,nan
1pxn,1pxn_578,4.270,-2.137058,nan
1pxn,1pxn_589,5.180,-1.884267,nan
1pxn,1pxn_593,6.660,-5.675486,nan
1pxn,1pxn_594,8.200,-5.132439,nan
1pxn,1pxn_599,6.140,-4.531502,nan
1pxn,1pxn_600,2.740,-1.570435,nan
1pxn,1pxn_608,3.900,-2.489056,nan
1pxn,1pxn_609,8.250,-5.980159,nan
1pxn,1pxn_626,5.890,-2.575226,nan
1pxn,1pxn_632,6.700,-3.219009,nan
1pxn,1pxn_638,4.460,-1.942496,nan
1pxn,1pxn_645,8.880,-6.835421,nan
1pxn,1pxn_646,6.540,-2.439654,nan
1pxn,1pxn_647,8.700,-7.665151,nan
1pxn,1pxn_649,6.110,-0.903459,nan
1pxn,1pxn_652,5.050,-2.030308,nan
1pxn,1pxn_653,2.760,-1.261255,nan
1pxn,1pxn_662,3.290,-1.647398,nan
1pxn,1pxn_665,7.960,-5.880801,nan
1pxn,1pxn_666,7.060,-3.636471,nan
1pxn,1pxn_668,8.280,-5.690833,nan
1pxn,1pxn_671,2.580,-1.587419,nan
1pxn,1pxn_672,4.650,-2.244757,nan
1pxn,1pxn_678,7.680,-4.016694,nan
1pxn,1pxn_682,8.710,-7.908574,nan
1pxn,1pxn_687,4.440,-3.407945,nan
1pxn,1pxn_690,9.140,-8.276575,nan
1pxn,1pxn_696,5.830,-3.574969,nan
1pxn,1pxn_813,1.660,-0.443825,nan
1pxn,1pxn_82,8.410,-6.931225,nan
1pxn,1pxn_830,1.650,-0.496516,nan
1pxn,1pxn_86,0.830,-0.221320,nan
1pxn,1pxn_945,1.020,-0.466553,nan
1pxn,1pxn_96,0.510,-0.322145,nan
1q8t,1q8t_142,0.720,-0.173922,nan
1q8t,1q8t_151,0.980,-0.274012,nan
1q8t,1q8t_152,0.820,-0.205559,nan
1q8t,1q8t_262,0.870,-0.516440,nan
1q8t,1q8t_281,0.950,-0.704905,nan
1q8t,1q8t_411,1.860,-1.456865,nan
1q8t,1q8t_450,7.820,-1.556986,nan
1q8t,1q8t_459,1.910,-1.175363,nan
1q8t,1q8t_479,7.540,-1.463307,nan
1q8t,1q8t_504,8.520,-4.350328,nan
1q8t,1q8t_505,9.040,-6.555632,nan
1q8t,1q8t_507,3.010,-1.758236,nan
1q8t,1q8t_513,8.130,-3.690678,nan
1q8t,1q8t_514,9.640,-8.564584,nan
1q8t,1q8t_534,9.540,-8.202941,nan
1q8t,1q8t_538,5.190,-5.329576,nan
1q8t,1q8t_539,2.810,-1.331982,nan
1q8t,1q8t_540,7.840,-2.689283,nan
1q8t,1q8t_547,8.600,-5.293013,nan
1q8t,1q8t_548,3.010,-2.088498,nan
1q8t,1q8t_553,9.050,-7.667014,nan
1q8t,1q8t_564,3.990,-3.366003,nan
1q8t,1q8t_567,7.260,-4.498175,nan
1q8t,1q8t_576,8.790,-8.543460,nan
1q8t,1q8t_579,7.850,-2.700204,nan
1q8t,1q8t_582,3.100,-1.669253,nan
1q8t,1q8t_598,2.100,-1.385895,nan
1q8t,1q8t_60,0.920,-0.612692,nan
1q8t,1q8t_601,8.160,-7.937264,nan
1q8t,1q8t_610,4.880,-4.687727,nan
1q8t,1q8t_612,2.030,-1.054996,nan
1q8t,1q8t_633,9.350,-7.976888,nan
1q8t,1q8t_635,4.400,-3.702459,nan
1q8t,1q8t_636,3.940,-3.484990,nan
1q8t,1q8t_638,8.280,-3.019511,nan
1q8t,1q8t_640,2.190,-2.011139,nan
1q8t,1q8t_651,4.300,-3.619436,nan
1q8t,1q8t_653,8.750,-5.695697,nan
1q8t,1q8t_656,9.340,-7.789604,nan
1q8t,1q8t_658,1.990,-1.113928,nan
1q8t,1q8t_661,3.100,-2.253845,nan
1q8t,1q8t_677,6.600,-6.453351,nan
1q8t,1q8t_678,9.940,-7.476466,nan
1q8t,1q8t_686,8.330,-4.220559,nan
1q8t,1q8t_687,2.230,-1.269546,nan
1q8t,1q8t_692,2.600,-1.337165,nan
1q8t,1q8t_70,0.980,-0.390175,nan
1q8t,1q8t_701,1.000,-0.626878,nan
1q8t,1q8t_705,0.880,-0.220734,nan
1q8t,1q8t_706,1.150,-0.197680,nan
1q8t,1q8t_709,2.240,-1.788244,nan
1q8t,1q8t_718,4.110,-4.238642,nan
1q8t,1q8t_727,7.360,-0.809298,nan
1q8t,1q8t_734,7.390,-0.209645,nan
1q8t,1q8t_739,8.190,-2.849749,nan
1q8t,1q8t_741,7.370,-0.666660,nan
1q8t,1q8t_744,6.480,-7.069169,nan
1q8t,1q8t_747,5.650,-4.902004,nan
1q8t,1q8t_749,6.600,-6.675868,nan
1q8t,1q8t_751,6.550,-6.045381,nan
1q8t,1q8t_752,2.340,-1.555245,nan
1q8t,1q8t_753,3.060,-2.189014,nan
1q8t,1q8t_754,4.110,-3.959860,nan
1q8t,1q8t_756,4.140,-3.895428,nan
1q8t,1q8t_761,4.520,-4.628176,nan
1q8t,1q8t_762,4.180,-3.874869,nan
1q8t,1q8t_766,5.730,-6.591080,nan
1q8t,1q8t_767,5.790,-6.881309,nan
1q8t,1q8t_768,4.950,-5.080438,nan
1q8t,1q8t_770,6.020,-7.469255,nan
1q8t,1q8t_774,6.140,-7.261880,nan
1q8t,1q8t_775,5.520,-5.591568,nan
1q8t,1q8t_778,9.960,-8.110682,nan
1q8t,1q8t_798,3.310,-2.340735,nan
1q8t,1q8t_810,3.480,-2.140444,nan
1q8t,1q8t_813,6.940,-1.323842,nan
1q8t,1q8t_816,6.950,-1.457662,nan
1q8t,1q8t_831,3.250,-2.238219,nan
1q8t,1q8t_832,7.000,-1.196961,nan
1q8t,1q8t_844,6.990,-1.367346,nan
1q8t,1q8t_874,4.500,-3.819198,nan
1q8t,1q8t_879,0.790,-0.192192,nan
1q8t,1q8t_887,1.590,-0.760216,nan
1q8t,1q8t_891,1.470,-0.643525,nan
1q8t,1q8t_895,2.030,-1.484458,nan
1q8t,1q8t_897,1.290,-0.232758,nan
1q8t,1q8t_898,1.990,-1.399596,nan
1q8t,1q8t_900,1.370,-0.642450,nan
1q8t,1q8t_902,9.100,-6.105087,nan
1q8t,1q8t_903,1.270,-0.292514,nan
1q8t,1q8t_916,2.020,-0.579705,nan
1q8t,1q8t_927,9.460,-8.033041,nan
1q8t,1q8t_943,7.100,-0.895137,nan
1q8t,1q8t_946,8.620,-5.898115,nan
1q8t,1q8t_962,7.410,-0.370564,nan
1q8u,1q8u_140,2.110,-1.100341,nan
1q8u,1q8u_202,6.250,-4.445415,nan
1q8u,1q8u_203,4.530,-4.512542,nan
1q8u,1q8u_214,1.880,-0.286178,nan
1q8u,1q8u_227,6.110,-4.457311,nan
1q8u,1q8u_23,4.960,-2.242906,nan
1q8u,1q8u_237,5.760,-3.824254,nan
1q8u,1q8u_238,2.490,-1.604268,nan
1q8u,1q8u_24,7.230,-7.505440,nan
1q8u,1q8u_246,7.550,-6.746136,nan
1q8u,1q8u_264,6.990,-6.368848,nan
1q8u,1q8u_268,2.000,-0.311196,nan
1q8u,1q8u_270,6.990,-7.016197,nan
1q8u,1q8u_277,2.180,-0.545339,nan
1q8u,1q8u_34,2.640,-1.078265,nan
1q8u,1q8u_342,2.760,-1.205170,nan
1q8u,1q8u_410,3.470,-3.439758,nan
1q8u,1q8u_454,3.610,-3.339512,nan
1q8u,1q8u_497,3.900,-3.294078,nan
1q8u,1q8u_501,0.910,-0.468828,nan
1q8u,1q8u_504,4.240,-3.607905,nan
1q8u,1q8u_509,7.450,-7.763901,nan
1q8u,1q8u_512,1.270,-1.174458,nan
1q8u,1q8u_514,1.050,-0.861318,nan
1q8u,1q8u_53,2.480,-0.314301,nan
1q8u,1q8u_547,4.120,-2.876932,nan
1q8u,1q8u_553,1.790,-1.231998,nan
1q8u,1q8u_555,3.990,-3.372957,nan
1q8u,1q8u_571,3.430,-2.576432,nan
1q8u,1q8u_581,5.750,-5.310079,nan
1q8u,1q8u_582,4.450,-3.653916,nan
1q8u,1q8u_59,3.020,-2.745530,nan
1q8u,1q8u_592,1.270,-0.854826,nan
1q8u,1q8u_593,7.460,-7.788342,nan
1q8u,1q8u_595,1.460,-0.498437,nan
1q8u,1q8u_599,1.910,-1.388509,nan
1q8u,1q8u_605,3.700,-2.717631,nan
1q8u,1q8u_611,9.050,-7.677301,nan
1q8u,1q8u_617,3.270,-1.757177,nan
1q8u,1q8u_623,3.690,-2.378739,nan
1q8u,1q8u_646,1.990,-1.051211,nan
1q8u,1q8u_652,7.550,-6.713104,nan
1q8u,1q8u_653,5.360,-1.591765,nan
1q8u,1q8u_660,7.250,-7.538114,nan
1q8u,1q8u_664,2.950,-1.481187,nan
1q8u,1q8u_668,7.620,-6.895166,nan
1q8u,1q8u_669,4.920,-2.679599,nan
1q8u,1q8u_672,4.600,-2.802042,nan
1q8u,1q8u_678,8.330,-8.057638,nan
1q8u,1q8u_688,2.130,-1.215909,nan
1q8u,1q8u_693,6.270,-6.412692,nan
1q8u,1q8u_701,0.970,-0.077128,nan
1q8u,1q8u_702,0.970,-0.118344,nan
1q8u,1q8u_704,6.190,-5.234855,nan
1q8u,1q8u_726,5.090,-5.385526,nan
1q8u,1q8u_728,5.760,-1.324510,nan
1q8u,1q8u_732,7.770,-7.523662,nan
1q8u,1q8u_734,4.190,-3.679981,nan
1q8u,1q8u_735,5.050,-3.987536,nan
1q8u,1q8u_739,5.280,-4.037622,nan
1q8u,1q8u_741,7.300,-7.028658,nan
1q8u,1q8u_747,5.700,-5.687682,nan
1q8u,1q8u_748,8.760,-8.442612,nan
1q8u,1q8u_757,2.380,-1.286307,nan
1q8u,1q8u_76,7.680,-7.163505,nan
1q8u,1q8u_777,5.910,-5.194325,nan
1q8u,1q8u_782,4.950,-3.927468,nan
1q8u,1q8u_790,3.160,-2.054482,nan
1q8u,1q8u_796,0.540,0.016068,nan
1q8u,1q8u_8,2.780,-1.798990,nan
1q8u,1q8u_822,4.590,-3.001078,nan
1q8u,1q8u_866,6.970,-6.595646,nan
1q8u,1q8u_875,6.740,-4.547275,nan
1q8u,1q8u_886,8.940,-8.397396,nan
1q8u,1q8u_891,6.600,-5.567905,nan
1q8u,1q8u_901,0.630,-0.163532,nan
1q8u,1q8u_902,0.690,0.015806,nan
1q8u,1q8u_904,0.980,-0.175874,nan
1q8u,1q8u_909,0.700,0.018374,nan
1q8u,1q8u_91,5.020,-1.998769,nan
1q8u,1q8u_913,1.570,-0.368305,nan
1q8u,1q8u_923,6.690,-6.579109,nan
1q8u,1q8u_975,8.190,-8.294821,nan
1qf1,1qf1_10,8.770,-6.155169,nan
1qf1,1qf1_104,9.910,-8.567604,nan
1qf1,1qf1_118,9.610,-8.558088,nan
1qf1,1qf1_127,6.450,-6.089044,nan
1qf1,1qf1_132,5.290,-2.554337,nan
1qf1,1qf1_141,2.670,-1.967395,nan
1qf1,1qf1_144,0.990,-0.850732,nan
1qf1,1qf1_148,7.820,-8.280841,nan
1qf1,1qf1_151,8.490,-8.167036,nan
1qf1,1qf1_161,9.660,-8.558988,nan
1qf1,1qf1_163,7.120,-6.533096,nan
1qf1,1qf1_188,9.250,-8.580801,nan
1qf1,1qf1_189,6.360,-4.718400,nan
1qf1,1qf1_195,7.350,-7.000443,nan
1qf1,1qf1_198,0.990,-0.600520,nan
1qf1,1qf1_200,9.830,-8.557334,nan
1qf1,1qf1_232,1.930,-1.354638,nan
1qf1,1qf1_244,4.960,-1.383539,nan
1qf1,1qf1_27,6.750,-2.232932,nan
1qf1,1qf1_29,1.900,-1.821812,nan
1qf1,1qf1_30,5.220,-1.985504,nan
1qf1,1qf1_301,3.040,-1.822711,nan
1qf1,1qf1_310,8.650,-8.578478,nan
1qf1,1qf1_314,9.270,-8.558888,nan
1qf1,1qf1_322,9.370,-8.555164,nan
1qf1,1qf1_337,8.550,-8.573149,nan
1qf1,1qf1_345,1.090,-1.251818,nan
1qf1,1qf1_351,8.590,-8.566890,nan
1qf1,1qf1_36,6.020,-4.758585,nan
1qf1,1qf1_370,5.400,-1.504994,nan
1qf1,1qf1_375,6.990,-5.583484,nan
1qf1,1qf1_377,7.980,-8.559760,nan
1qf1,1qf1_380,9.730,-8.562819,nan
1qf1,1qf1_382,9.140,-8.509780,nan
1qf1,1qf1_383,1.060,-1.315005,nan
1qf1,1qf1_385,8.700,-8.564613,nan
1qf1,1qf1_386,8.640,-8.559323,nan
1qf1,1qf1_389,1.150,-0.617742,nan
1qf1,1qf1_397,0.950,-1.250481,nan
1qf1,1qf1_399,8.560,-6.976637,nan
1qf1,1qf1_409,5.860,-1.606490,nan
1qf1,1qf1_419,2.460,-1.959176,nan
1qf1,1qf1_421,3.560,-3.416010,nan
1qf1,1qf1_424,4.330,-2.174783,nan
1qf1,1qf1_425,3.800,-3.048093,nan
1qf1,1qf1_434,3.960,-3.731112,nan
1qf1,1qf1_436,2.370,-1.730573,nan
1qf1,1qf1_438,4.570,-2.354042,nan
1qf1,1qf1_441,4.920,-1.572545,nan
1qf1,1qf1_448,3.670,-2.783988,nan
1qf1,1qf1_450,2.520,-2.564814,nan
1qf1,1qf1_466,4.440,-3.777249,nan
1qf1,1qf1_47,7.200,-7.218336,nan
1qf1,1qf1_470,2.720,-3.042509,nan
1qf1,1qf1_482,5.590,-3.205394,nan
1qf1,1qf1_483,4.390,-2.043902,nan
1qf1,1qf1_486,3.070,-2.633740,nan
1qf1,1qf1_488,3.950,-1.658429,nan
1qf1,1qf1_490,2.580,-2.480587,nan
1qf1,1qf1_5,7.580,-6.010220,nan
1qf1,1qf1_500,6.090,-3.469646,nan
1qf1,1qf1_507,8.600,-8.574652,nan
1qf1,1qf1_524,4.570,-2.348883,nan
1qf1,1qf1_536,3.870,-2.348928,nan
1qf1,1qf1_565,2.100,-1.854475,nan
1qf1,1qf1_569,7.290,-4.266756,nan
1qf1,1qf1_583,5.920,-4.511670,nan
1qf1,1qf1_584,3.830,-2.001257,nan
1qf1,1qf1_589,5.880,-6.205673,nan
1qf1,1qf1_591,6.580,-5.927463,nan
1qf1,1qf1_594,6.660,-4.548924,nan
1qf1,1qf1_603,4.420,-2.125832,nan
1qf1,1qf1_610,6.020,-6.475453,nan
1qf1,1qf1_63,6.600,-5.790356,nan
1qf1,1qf1_640,7.950,-5.999075,nan
1qf1,1qf1_648,5.100,-4.639401,nan
1qf1,1qf1_65,9.090,-7.030510,nan
1qf1,1qf1_658,5.160,-4.743998,nan
1qf1,1qf1_668,7.150,-7.694273,nan
1qf1,1qf1_679,8.940,-8.341578,nan
1qf1,1qf1_68,1.480,-1.763586,nan
1qf1,1qf1_683,4.860,-2.268013,nan
1qf1,1qf1_69,2.130,-2.118840,nan
1qf1,1qf1_727,0.560,-0.628370,nan
1qf1,1qf1_728,0.990,-0.703592,nan
1qf1,1qf1_734,1.380,-0.711793,nan
1qf1,1qf1_740,1.510,-0.691491,nan
1qf1,1qf1_741,1.490,-1.049078,nan
1qf1,1qf1_746,0.890,-0.758694,nan
1qf1,1qf1_76,7.700,-4.962046,nan
1qf1,1qf1_761,1.390,-1.048672,nan
1qf1,1qf1_763,4.270,-0.474878,nan
1qf1,1qf1_773,5.870,-1.455444,nan
1qf1,1qf1_791,0.920,-0.829993,nan
1qf1,1qf1_814,0.640,-0.736266,nan
1qf1,1qf1_855,2.470,-0.837888,nan
1qf1,1qf1_862,0.980,-0.957116,nan
1qf1,1qf1_895,0.440,-0.590666,nan
1qf1,1qf1_938,2.810,-0.669076,nan
1qf1,1qf1_943,3.900,-0.421577,nan
1qkt,1qkt_119,0.640,-0.279840,nan
1qkt,1qkt_132,1.200,-0.485316,nan
1qkt,1qkt_144,1.230,-1.042920,nan
1qkt,1qkt_150,0.920,-0.614114,nan
1qkt,1qkt_31,0.780,-0.436510,nan
1qkt,1qkt_404,1.170,-0.633625,nan
1qkt,1qkt_486,1.560,-1.078870,nan
1qkt,1qkt_500,4.560,-1.096022,nan
1qkt,1qkt_549,4.510,-0.993418,nan
1qkt,1qkt_55,0.700,-0.567452,nan
1qkt,1qkt_557,2.220,-1.171837,nan
1qkt,1qkt_594,2.370,-1.852454,nan
1qkt,1qkt_598,4.880,-2.107506,nan
1qkt,1qkt_608,2.180,-1.652033,nan
1qkt,1qkt_636,2.120,-2.142673,nan
1qkt,1qkt_640,1.960,-1.739322,nan
1qkt,1qkt_642,6.280,-5.824529,nan
1qkt,1qkt_647,6.000,-5.312512,nan
1qkt,1qkt_655,5.810,-5.514101,nan
1qkt,1qkt_661,2.420,-2.167710,nan
1qkt,1qkt_666,2.210,-1.458605,nan
1qkt,1qkt_674,2.060,-1.703496,nan
1qkt,1qkt_698,2.190,-1.872898,nan
1qkt,1qkt_714,0.570,-0.060479,nan
1qkt,1qkt_718,0.580,-0.175467,nan
1qkt,1qkt_728,0.780,-0.418104,nan
1qkt,1qkt_734,5.050,-1.852692,nan
1qkt,1qkt_735,3.010,-1.734210,nan
1qkt,1qkt_736,5.120,-1.867316,nan
1qkt,1qkt_737,5.070,-1.861196,nan
1qkt,1qkt_738,3.010,-1.734210,nan
1qkt,1qkt_740,5.110,-1.867316,nan
1qkt,1qkt_742,5.000,-1.538287,nan
1qkt,1qkt_744,3.010,-1.693566,nan
1qkt,1qkt_746,3.300,-2.115893,nan
1qkt,1qkt_750,4.630,-1.509754,nan
1qkt,1qkt_751,3.390,-2.225637,nan
1qkt,1qkt_752,1.510,-0.992867,nan
1qkt,1qkt_758,3.880,-2.453124,nan
1qkt,1qkt_762,3.810,-2.344939,nan
1qkt,1qkt_765,4.510,-0.834208,nan
1qkt,1qkt_766,4.540,-0.746901,nan
1qkt,1qkt_770,1.640,-0.723847,nan
1qkt,1qkt_774,4.090,-2.376570,nan
1qkt,1qkt_775,4.590,-0.718059,nan
1qkt,1qkt_776,2.150,-1.109099,nan
1qkt,1qkt_826,0.810,-0.272395,nan
1qkt,1qkt_834,0.640,-0.149173,nan
1qkt,1qkt_842,1.790,-0.813787,nan
1qkt,1qkt_848,5.140,-1.867316,nan
1qkt,1qkt_851,5.170,-1.808379,nan
1qkt,1qkt_855,3.020,-1.734210,nan
1qkt,1qkt_858,5.050,-1.767849,nan
1qkt,1qkt_86,0.470,-0.114576,nan
1qkt,1qkt_860,3.030,-1.733272,nan
1qkt,1qkt_862,4.530,-1.869532,nan
1qkt,1qkt_866,2.990,-1.702533,nan
1qkt,1qkt_867,5.670,-4.152062,nan
1qkt,1qkt_873,1.530,-0.555797,nan
1qkt,1qkt_875,3.040,-1.709089,nan
1qkt,1qkt_977,1.030,-0.228407,nan
1r5y,1r5y_113,0.440,-0.082009,nan
1r5y,1r5y_118,5.200,-4.338737,nan
1r5y,1r5y_167,0.160,-0.118473,nan
1r5y,1r5y_179,3.010,-1.081039,nan
1r5y,1r5y_180,0.670,-0.414279,nan
1r5y,1r5y_181,0.610,-0.262254,nan
1r5y,1r5y_197,3.340,-0.815322,nan
1r5y,1r5y_270,0.340,-0.567370,nan
1r5y,1r5y_317,1.570,-0.611737,nan
1r5y,1r5y_322,0.760,-0.342425,nan
1r5y,1r5y_324,3.510,-1.474538,nan
1r5y,1r5y_341,0.310,-0.152664,nan
1r5y,1r5y_397,4.270,-3.123286,nan
1r5y,1r5y_402,0.620,-0.654425,nan
1r5y,1r5y_405,1.760,-1.465555,nan
1r5y,1r5y_409,2.710,-2.886846,nan
1r5y,1r5y_412,3.610,-2.214057,nan
1r5y,1r5y_416,1.190,-1.076337,nan
1r5y,1r5y_423,1.080,-0.801130,nan
1r5y,1r5y_425,1.370,-1.008945,nan
1r5y,1r5y_426,2.900,-2.614369,nan
1r5y,1r5y_432,2.880,-2.737058,nan
1r5y,1r5y_434,3.030,-3.006857,nan
1r5y,1r5y_441,3.010,-2.033488,nan
1r5y,1r5y_443,4.220,-3.387521,nan
1r5y,1r5y_445,1.320,-1.180506,nan
1r5y,1r5y_452,1.290,-0.790950,nan
1r5y,1r5y_453,0.910,-0.349666,nan
1r5y,1r5y_464,3.820,-3.252707,nan
1r5y,1r5y_469,2.760,-0.526943,nan
1r5y,1r5y_477,1.400,-1.145684,nan
1r5y,1r5y_480,1.070,-0.698061,nan
1r5y,1r5y_496,1.080,-1.309643,nan
1r5y,1r5y_497,3.320,-2.780172,nan
1r5y,1r5y_498,2.400,-1.466045,nan
1r5y,1r5y_524,7.290,-5.919577,nan
1r5y,1r5y_537,5.710,-3.905126,nan
1r5y,1r5y_538,5.570,-4.479012,nan
1r5y,1r5y_540,2.800,-2.026789,nan
1r5y,1r5y_541,8.050,-6.446771,nan
1r5y,1r5y_542,5.040,-4.339085,nan
1r5y,1r5y_545,3.010,-2.559099,nan
1r5y,1r5y_547,4.070,-2.581283,nan
1r5y,1r5y_553,7.750,-7.003032,nan
1r5y,1r5y_562,7.510,-5.647443,nan
1r5y,1r5y_566,6.420,-4.509995,nan
1r5y,1r5y_568,7.960,-7.638103,nan
1r5y,1r5y_571,8.140,-6.941514,nan
1r5y,1r5y_579,5.400,-4.052852,nan
1r5y,1r5y_583,5.960,-5.436672,nan
1r5y,1r5y_584,6.810,-6.287091,nan
1r5y,1r5y_591,2.870,-1.628031,nan
1r5y,1r5y_592,6.280,-4.615530,nan
1r5y,1r5y_595,5.190,-3.236479,nan
1r5y,1r5y_599,3.160,-2.160734,nan
1r5y,1r5y_616,2.570,-1.244134,nan
1r5y,1r5y_639,4.240,-2.034699,nan
1r5y,1r5y_641,2.920,-2.477943,nan
1r5y,1r5y_686,4.890,-4.812212,nan
1r5y,1r5y_691,4.920,-4.530837,nan
1r5y,1r5y_694,4.360,-3.656442,nan
1r5y,1r5y_727,6.860,-5.367999,nan
1r5y,1r5y_732,8.150,-7.008360,nan
1r5y,1r5y_733,8.170,-7.008360,nan
1r5y,1r5y_735,8.300,-7.279007,nan
1r5y,1r5y_745,8.170,-8.179913,nan
1r5y,1r5y_746,5.630,-4.477933,nan
1r5y,1r5y_751,6.280,-5.495132,nan
1r5y,1r5y_755,5.820,-4.524875,nan
1r5y,1r5y_759,6.570,-5.477818,nan
1r5y,1r5y_762,8.070,-7.476805,nan
1r5y,1r5y_763,7.750,-6.827238,nan
1r5y,1r5y_766,7.850,-6.378219,nan
1r5y,1r5y_767,7.070,-7.182530,nan
1r5y,1r5y_770,7.840,-7.556001,nan
1r5y,1r5y_776,7.360,-7.399498,nan
1r5y,1r5y_777,5.710,-5.395128,nan
1r5y,1r5y_780,8.960,-8.078856,nan
1r5y,1r5y_782,8.590,-8.258495,nan
1r5y,1r5y_783,8.510,-7.963717,nan
1r5y,1r5y_785,9.650,-8.552476,nan
1r5y,1r5y_786,9.160,-8.366402,nan
1r5y,1r5y_787,9.340,-8.366402,nan
1r5y,1r5y_791,4.290,-3.973863,nan
1r5y,1r5y_820,2.280,-1.084605,nan
1r5y,1r5y_853,4.880,-3.989763,nan
1r5y,1r5y_868,7.130,-5.684271,nan
1r5y,1r5y_870,6.200,-5.078232,nan
1r5y,1r5y_883,6.560,-5.299207,nan
1r5y,1r5y_887,6.790,-6.787092,nan
1r5y,1r5y_90,0.480,-0.510710,nan
1r5y,1r5y_928,4.080,-3.525891,nan
1r5y,1r5y_987,6.390,-4.631310,nan
1s38,1s38_117,0.190,-0.093464,nan
1s38,1s38_123,5.360,-3.319290,nan
1s38,1s38_152,0.350,-0.097910,nan
1s38,1s38_305,0.470,-0.157398,nan
1s38,1s38_382,1.530,-1.373882,nan
1s38,1s38_404,0.860,-0.843023,nan
1s38,1s38_405,1.180,-1.303613,nan
1s38,1s38_425,3.260,-1.472297,nan
1s38,1s38_426,1.530,-0.955165,nan
1s38,1s38_430,0.880,-0.690051,nan
1s38,1s38_431,3.750,-1.600809,nan
1s38,1s38_432,0.840,-0.480499,nan
1s38,1s38_433,0.710,-0.518111,nan
1s38,1s38_434,3.680,-1.825440,nan
1s38,1s38_436,4.110,-2.872517,nan
1s38,1s38_447,4.220,-3.673320,nan
1s38,1s38_448,3.300,-2.063715,nan
1s38,1s38_459,2.660,-1.777195,nan
1s38,1s38_460,2.710,-2.260323,nan
1s38,1s38_462,1.910,-2.067222,nan
1s38,1s38_464,1.020,-0.970010,nan
1s38,1s38_474,3.000,-1.623217,nan
1s38,1s38_475,4.670,-1.830406,nan
1s38,1s38_480,3.060,-2.149952,nan
1s38,1s38_485,0.990,-0.888842,nan
1s38,1s38_490,2.580,-1.311247,nan
1s38,1s38_495,3.090,-1.465149,nan
1s38,1s38_496,4.140,-2.616073,nan
1s38,1s38_499,2.210,-1.721298,nan
1s38,1s38_500,2.730,-1.089763,nan
1s38,1s38_510,1.360,-0.823184,nan
1s38,1s38_514,1.460,-1.020550,nan
1s38,1s38_526,1.240,-1.206443,nan
1s38,1s38_527,7.100,-6.591327,nan
1s38,1s38_537,7.100,-7.011860,nan
1s38,1s38_542,2.090,-1.701998,nan
1s38,1s38_545,4.220,-3.753661,nan
1s38,1s38_548,4.860,-4.234387,nan
1s38,1s38_549,6.720,-5.357882,nan
1s38,1s38_550,4.920,-5.581461,nan
1s38,1s38_551,6.270,-5.749950,nan
1s38,1s38_552,6.730,-6.609655,nan
1s38,1s38_553,1.660,-1.558213,nan
1s38,1s38_557,5.210,-5.056561,nan
1s38,1s38_565,6.020,-5.930640,nan
1s38,1s38_568,6.440,-6.776474,nan
1s38,1s38_572,5.960,-5.425478,nan
1s38,1s38_576,6.440,-6.274859,nan
1s38,1s38_583,6.370,-4.985670,nan
1s38,1s38_584,7.710,-7.836835,nan
1s38,1s38_588,6.310,-5.925601,nan
1s38,1s38_590,5.210,-3.939584,nan
1s38,1s38_591,3.290,-1.218946,nan
1s38,1s38_592,7.460,-6.202685,nan
1s38,1s38_593,5.630,-5.198078,nan
1s38,1s38_594,5.140,-4.480964,nan
1s38,1s38_596,6.630,-6.994531,nan
1s38,1s38_598,5.770,-5.448283,nan
1s38,1s38_600,6.450,-6.014910,nan
1s38,1s38_614,4.240,-0.954450,nan
1s38,1s38_628,2.000,-1.877940,nan
1s38,1s38_653,2.400,-1.646880,nan
1s38,1s38_658,4.850,-2.678118,nan
1s38,1s38_659,2.640,-2.384211,nan
1s38,1s38_675,3.240,-2.626932,nan
1s38,1s38_678,2.480,-2.545646,nan
1s38,1s38_688,5.190,-3.897388,nan
1s38,1s38_714,9.140,-8.499395,nan
1s38,1s38_715,9.120,-8.499395,nan
1s38,1s38_725,9.270,-8.256282,nan
1s38,1s38_730,9.350,-8.422479,nan
1s38,1s38_741,8.880,-8.070040,nan
1s38,1s38_75,0.300,-0.084221,nan
1s38,1s38_752,8.340,-7.790547,nan
1s38,1s38_765,7.580,-6.729824,nan
1s38,1s38_774,8.340,-7.820482,nan
1s38,1s38_779,7.780,-6.971343,nan
1s38,1s38_785,7.240,-7.342852,nan
1s38,1s38_787,5.570,-5.951972,nan
1s38,1s38_790,8.370,-6.171370,nan
1s38,1s38_792,3.090,-1.732127,nan
1s38,1s38_793,5.000,-5.431053,nan
1s38,1s38_795,3.600,-1.659895,nan
1s38,1s38_82,0.420,-0.126622,nan
1s38,1s38_822,9.170,-8.499395,nan
1s38,1s38_845,9.200,-8.256282,nan
1s38,1s38_850,8.740,-8.255816,nan
1s38,1s38_853,8.890,-8.081360,nan
1s38,1s38_871,8.150,-8.164604,nan
1s38,1s38_886,5.740,-5.697563,nan
1s38,1s38_888,8.400,-7.811411,nan
1s38,1s38_893,7.770,-7.826800,nan
1s38,1s38_940,9.150,-8.499395,nan
1s38,1s38_942,9.140,-8.499395,nan
1s38,1s38_961,8.720,-8.311442,nan
1s38,1s38_964,9.370,-8.422479,nan
1s38,1s38_969,8.880,-8.311442,nan
1s38,1s38_976,9.280,-8.422479,nan
1s38,1s38_981,7.940,-7.868825,nan
1s38,1s38_985,7.170,-7.135456,nan
1sqa,1sqa_120,1.880,-0.801264,nan
1sqa,1sqa_145,7.300,-2.553430,nan
1sqa,1sqa_177,1.070,-0.553379,nan
1sqa,1sqa_20,2.250,-0.323904,nan
1sqa,1sqa_238,4.200,-2.894750,nan
1sqa,1sqa_258,1.920,-0.429765,nan
1sqa,1sqa_322,0.790,-0.354649,nan
1sqa,1sqa_357,0.620,-0.168211,nan
1sqa,1sqa_366,0.830,-0.450613,nan
1sqa,1sqa_411,3.700,-1.965605,nan
1sqa,1sqa_415,2.940,-0.857848,nan
1sqa,1sqa_418,7.430,-2.859922,nan
1sqa,1sqa_425,2.770,-1.483662,nan
1sqa,1sqa_426,4.020,-2.568462,nan
1sqa,1sqa_427,2.330,-0.985577,nan
1sqa,1sqa_430,7.170,-2.860453,nan
1sqa,1sqa_433,1.250,-0.717291,nan
1sqa,1sqa_436,2.140,-1.582825,nan
1sqa,1sqa_442,8.100,-3.055923,nan
1sqa,1sqa_445,2.110,-1.654603,nan
1sqa,1sqa_448,0.880,-1.008307,nan
1sqa,1sqa_449,4.050,-2.392930,nan
1sqa,1sqa_458,5.560,-1.790081,nan
1sqa,1sqa_473,5.810,-2.607611,nan
1sqa,1sqa_474,6.240,-1.866783,nan
1sqa,1sqa_475,6.780,-1.727617,nan
1sqa,1sqa_476,3.390,-2.361312,nan
1sqa,1sqa_479,3.210,-1.887180,nan
1sqa,1sqa_481,4.580,-3.094000,nan
1sqa,1sqa_486,5.910,-2.757829,nan
1sqa,1sqa_490,7.120,-3.403765,nan
1sqa,1sqa_496,1.770,-1.716540,nan
1sqa,1sqa_499,3.060,-1.980559,nan
1sqa,1sqa_517,4.950,-4.112048,nan
1sqa,1sqa_524,3.100,-1.666666,nan
1sqa,1sqa_526,3.790,-3.034571,nan
1sqa,1sqa_530,6.010,-4.899347,nan
1sqa,1sqa_531,7.310,-5.354764,nan
1sqa,1sqa_532,5.090,-4.196278,nan
1sqa,1sqa_537,1.980,-1.696437,nan
1sqa,1sqa_539,8.340,-3.922843,nan
1sqa,1sqa_543,2.700,-2.438140,nan
1sqa,1sqa_547,5.390,-5.241543,nan
1sqa,1sqa_548,4.800,-5.096003,nan
1sqa,1sqa_549,3.630,-2.454847,nan
1sqa,1sqa_556,5.230,-4.540909,nan
1sqa,1sqa_557,5.130,-4.604526,nan
1sqa,1sqa_560,1.870,-1.076162,nan
1sqa,1sqa_573,5.650,-5.375695,nan
1sqa,1sqa_575,6.220,-6.355869,nan
1sqa,1sqa_581,4.300,-3.709918,nan
1sqa,1sqa_588,4.550,-2.758748,nan
1sqa,1sqa_589,1.490,-1.496486,nan
1sqa,1sqa_597,5.900,-4.716446,nan
1sqa,1sqa_610,1.740,-1.541479,nan
1sqa,1sqa_620,8.060,-3.332613,nan
1sqa,1sqa_635,2.150,-1.250599,nan
1sqa,1sqa_637,8.180,-3.697389,nan
1sqa,1sqa_638,2.810,-2.305067,nan
1sqa,1sqa_643,6.800,-2.416047,nan
1sqa,1sqa_644,6.990,-2.859879,nan
1sqa,1sqa_650,3.720,-3.515773,nan
1sqa,1sqa_654,3.330,-3.054474,nan
1sqa,1sqa_662,8.470,-3.515818,nan
1sqa,1sqa_668,9.160,-4.598584,nan
1sqa,1sqa_669,8.040,-3.114045,nan
1sqa,1sqa_672,6.820,-2.255189,nan
1sqa,1sqa_679,4.610,-4.341955,nan
1sqa,1sqa_682,5.490,-5.049114,nan
1sqa,1sqa_687,6.840,-2.021368,nan
1sqa,1sqa_692,1.350,-1.231048,nan
1sqa,1sqa_693,7.310,-2.827169,nan
1sqa,1sqa_696,7.650,-2.641612,nan
1sqa,1sqa_747,0.720,-0.346635,nan
1sqa,1sqa_761,0.950,-0.577635,nan
1sqa,1sqa_776,0.650,-0.587587,nan
1sqa,1sqa_787,0.640,-0.702650,nan
1sqa,1sqa_788,0.940,-1.168577,nan
1sqa,1sqa_789,0.770,-0.931889,nan
1sqa,1sqa_808,7.590,-2.971951,nan
1sqa,1sqa_819,6.980,-2.438073,nan
1sqa,1sqa_827,2.060,-0.837694,nan
1sqa,1sqa_836,6.030,-6.275450,nan
1sqa,1sqa_839,9.550,-8.565958,nan
1sqa,1sqa_845,8.760,-4.425472,nan
1sqa,1sqa_849,8.000,-7.383977,nan
1sqa,1sqa_854,8.320,-4.374570,nan
1sqa,1sqa_857,4.780,-5.733292,nan
1sqa,1sqa_860,9.010,-5.312504,nan
1sqa,1sqa_867,7.100,-3.151951,nan
1sqa,1sqa_870,8.300,-4.662220,nan
1sqa,1sqa_88,3.640,-2.128421,nan
1syi,1syi_162,0.310,-0.308267,nan
1syi,1syi_234,0.380,-0.490391,nan
1syi,1syi_259,0.630,-0.577805,nan
1syi,1syi_353,0.210,-0.519390,nan
1syi,1syi_402,0.700,-0.577560,nan
1syi,1syi_411,0.890,-0.364473,nan
1syi,1syi_418,2.610,-0.488718,nan
1syi,1syi_423,0.900,-0.737957,nan
1syi,1syi_424,4.490,-2.391426,nan
1syi,1syi_425,3.040,-0.871891,nan
1syi,1syi_426,4.520,-1.911111,nan
1syi,1syi_433,0.910,-0.945857,nan
1syi,1syi_444,1.260,-0.585641,nan
1syi,1syi_448,1.480,-0.776008,nan
1syi,1syi_454,3.660,-2.386107,nan
1syi,1syi_457,0.980,-0.779756,nan
1syi,1syi_465,0.920,-1.236805,nan
1syi,1syi_476,2.810,-1.132368,nan
1syi,1syi_489,3.580,-1.469265,nan
1syi,1syi_495,3.880,-1.332017,nan
1syi,1syi_540,1.930,-0.505636,nan
1syi,1syi_545,4.080,-1.617192,nan
1syi,1syi_554,3.200,-1.365664,nan
1syi,1syi_559,4.090,-2.196664,nan
1syi,1syi_560,2.740,-1.164225,nan
1syi,1syi_562,2.690,-1.243151,nan
1syi,1syi_570,1.710,-0.868510,nan
1syi,1syi_571,3.960,-2.126755,nan
1syi,1syi_573,2.240,-0.684168,nan
1syi,1syi_577,4.050,-2.165574,nan
1syi,1syi_580,1.560,-1.182571,nan
1syi,1syi_598,3.860,-1.549640,nan
1syi,1syi_618,1.950,-1.518680,nan
1syi,1syi_619,3.110,-1.832959,nan
1syi,1syi_637,2.830,-0.799611,nan
1syi,1syi_659,1.900,-0.694110,nan
1syi,1syi_660,2.030,-1.013552,nan
1syi,1syi_667,1.470,-1.796602,nan
1syi,1syi_675,3.150,-0.720426,nan
1syi,1syi_683,2.380,-2.038260,nan
1syi,1syi_685,4.350,-1.533226,nan
1syi,1syi_725,1.510,-0.904495,nan
1syi,1syi_733,3.790,-1.359731,nan
1syi,1syi_736,4.140,-1.776212,nan
1syi,1syi_740,2.890,-2.460069,nan
1syi,1syi_763,4.120,-1.906613,nan
1syi,1syi_777,4.290,-1.804927,nan
1syi,1syi_788,4.090,-1.300757,nan
1syi,1syi_793,2.400,-1.569409,nan
1syi,1syi_795,1.980,-1.263939,nan
1u1b,1u1b_124,8.340,-7.034619,nan
1u1b,1u1b_149,6.530,-5.910546,nan
1u1b,1u1b_150,6.520,-5.643760,nan
1u1b,1u1b_154,8.020,-7.783882,nan
1u1b,1u1b_155,9.860,-7.661411,nan
1u1b,1u1b_157,7.200,-6.260809,nan
1u1b,1u1b_160,9.620,-8.350992,nan
1u1b,1u1b_166,7.930,-4.830115,nan
1u1b,1u1b_171,9.630,-8.275742,nan
1u1b,1u1b_172,5.200,-5.690862,nan
1u1b,1u1b_176,7.710,-5.653834,nan
1u1b,1u1b_18,8.260,-4.348289,nan
1u1b,1u1b_183,8.600,-6.057158,nan
1u1b,1u1b_191,9.580,-8.448789,nan
1u1b,1u1b_195,4.290,-4.098286,nan
1u1b,1u1b_196,6.930,-6.475255,nan
1u1b,1u1b_198,6.300,-5.971670,nan
1u1b,1u1b_2,2.800,-1.049980,nan
1u1b,1u1b_21,9.030,-7.673241,nan
1u1b,1u1b_214,2.420,-1.241079,nan
1u1b,1u1b_220,9.260,-4.766744,nan
1u1b,1u1b_224,7.720,-6.589646,nan
1u1b,1u1b_232,4.240,-3.052482,nan
1u1b,1u1b_237,6.890,-4.089195,nan
1u1b,1u1b_24,5.470,-3.551630,nan
1u1b,1u1b_255,8.890,-3.188978,nan
1u1b,1u1b_256,6.620,-4.994787,nan
1u1b,1u1b_258,2.450,-0.875389,nan
1u1b,1u1b_26,2.850,-1.420028,nan
1u1b,1u1b_260,5.040,-4.892754,nan
1u1b,1u1b_263,9.130,-4.651200,nan
1u1b,1u1b_27,5.980,-5.188906,nan
1u1b,1u1b_275,3.330,-1.501052,nan
1u1b,1u1b_277,7.850,-6.247435,nan
1u1b,1u1b_28,8.790,-5.898641,nan
1u1b,1u1b_295,3.780,-2.781154,nan
1u1b,1u1b_298,3.180,-1.761060,nan
1u1b,1u1b_3,5.810,-5.213091,nan
1u1b,1u1b_30,3.390,-2.035674,nan
1u1b,1u1b_330,9.730,-8.108687,nan
1u1b,1u1b_331,7.860,-7.315675,nan
1u1b,1u1b_340,7.280,-1.086356,nan
1u1b,1u1b_351,6.200,-4.724124,nan
1u1b,1u1b_356,3.810,-2.631328,nan
1u1b,1u1b_385,8.260,-6.916990,nan
1u1b,1u1b_388,6.960,-7.215665,nan
1u1b,1u1b_390,9.790,-8.000392,nan
1u1b,1u1b_40,7.980,-5.162498,nan
1u1b,1u1b_430,4.200,-1.951745,nan
1u1b,1u1b_432,5.690,-3.425774,nan
1u1b,1u1b_435,5.560,-4.551273,nan
1u1b,1u1b_444,3.890,-2.512351,nan
1u1b,1u1b_468,3.360,-3.254331,nan
1u1b,1u1b_491,4.950,-2.256699,nan
1u1b,1u1b_494,5.020,-3.363321,nan
1u1b,1u1b_496,7.110,-4.471207,nan
1u1b,1u1b_50,8.140,-5.824231,nan
1u1b,1u1b_507,4.500,-3.207073,nan
1u1b,1u1b_55,6.190,-6.703374,nan
1u1b,1u1b_553,3.660,-1.748764,nan
1u1b,1u1b_558,2.340,-1.584429,nan
1u1b,1u1b_569,9.020,-6.994597,nan
1u1b,1u1b_571,4.850,-3.755413,nan
1u1b,1u1b_578,5.740,-5.322036,nan
1u1b,1u1b_588,8.210,-7.391077,nan
1u1b,1u1b_644,6.460,-4.834684,nan
1u1b,1u1b_658,7.920,-7.069945,nan
1u1b,1u1b_678,5.600,-3.419319,nan
1u1b,1u1b_694,4.600,-3.225003,nan
1u1b,1u1b_765,1.820,-1.197592,nan
1u1b,1u1b_768,2.200,-1.608787,nan
1u1b,1u1b_769,4.680,-4.051510,nan
1u1b,1u1b_79,2.800,-1.030264,nan
1u1b,1u1b_8,3.690,-0.587733,nan
1u1b,1u1b_826,2.530,-1.361626,nan
1u1b,1u1b_834,2.650,-1.984725,nan
1u1b,1u1b_86,8.210,-4.931352,nan
1u1b,1u1b_919,2.040,-1.123861,nan
1u1b,1u1b_929,1.970,-1.572702,nan
1u1b,1u1b_933,4.940,-4.190767,nan
1u1b,1u1b_95,3.290,-2.669787,nan
1u1b,1u1b_97,4.020,-1.209999,nan
1uto,1uto_10,3.150,-1.958935,nan
1uto,1uto_203,1.760,-0.929892,nan
1uto,1uto_24,1.490,-1.191398,nan
1uto,1uto_290,2.230,-1.216647,nan
1uto,1uto_36,3.570,-1.562342,nan
1uto,1uto_414,4.250,-1.796326,nan
1uto,1uto_428,0.710,-0.468495,nan
1uto,1uto_451,2.060,-1.071764,nan
1uto,1uto_494,3.090,-2.537126,nan
1uto,1uto_495,2.180,-1.443582,nan
1uto,1uto_521,2.910,-0.446098,nan
1uto,1uto_547,2.190,-1.477887,nan
1uto,1uto_549,1.900,-1.326148,nan
1uto,1uto_563,3.210,-1.990066,nan
1uto,1uto_564,3.100,-1.123506,nan
1uto,1uto_569,2.780,-1.159492,nan
1uto,1uto_577,2.560,-1.897627,nan
1uto,1uto_580,2.550,-1.710910,nan
1uto,1uto_593,1.850,-1.184757,nan
1uto,1uto_594,3.070,-1.723831,nan
1uto,1uto_640,1.460,-0.936771,nan
1uto,1uto_686,1.720,-0.761470,nan
1uto,1uto_688,2.640,-1.049978,nan
1uto,1uto_698,3.360,-1.487426,nan
1uto,1uto_738,3.420,-3.293259,nan
1uto,1uto_743,1.480,-0.851149,nan
1uto,1uto_752,5.750,-4.777766,nan
1uto,1uto_757,5.770,-4.851384,nan
1uto,1uto_762,4.380,-2.699004,nan
1uto,1uto_765,5.670,-4.851384,nan
1uto,1uto_768,5.590,-4.938388,nan
1uto,1uto_770,5.480,-5.112751,nan
1uto,1uto_772,5.540,-4.775290,nan
1uto,1uto_774,3.990,-3.087856,nan
1uto,1uto_775,5.470,-4.940505,nan
1uto,1uto_777,4.030,-3.095828,nan
1uto,1uto_783,5.340,-4.321943,nan
1uto,1uto_784,4.490,-3.807082,nan
1uto,1uto_785,5.000,-3.772296,nan
1uto,1uto_786,4.420,-3.501368,nan
1uto,1uto_789,2.460,-1.993496,nan
1uto,1uto_790,5.030,-3.765330,nan
1uto,1uto_791,5.470,-4.846068,nan
1uto,1uto_792,4.240,-1.975000,nan
1uto,1uto_823,4.050,-0.957383,nan
1uto,1uto_826,0.770,-0.539018,nan
1uto,1uto_834,0.670,-0.355412,nan
1uto,1uto_837,0.720,-0.451850,nan
1uto,1uto_841,0.740,-0.406338,nan
1uto,1uto_877,4.720,-4.196276,nan
1uto,1uto_878,1.930,-1.173033,nan
1uto,1uto_885,4.020,-2.693365,nan
1uto,1uto_887,3.430,-1.541380,nan
1uto,1uto_918,1.590,-0.541491,nan
1uto,1uto_962,0.740,-0.436876,nan
1uto,1uto_965,0.680,-0.412480,nan
1uto,1uto_966,0.910,-0.670139,nan
1uto,1uto_971,1.800,-1.199383,nan
1uto,1uto_972,0.700,-0.499162,nan
1uto,1uto_991,0.810,-0.499864,nan
1vso,1vso_115,0.670,-0.143739,nan
1vso,1vso_174,1.070,-0.762571,nan
1vso,1vso_198,0.580,-0.188292,nan
1vso,1vso_214,1.100,-0.974456,nan
1vso,1vso_219,2.880,-2.377074,nan
1vso,1vso_243,0.300,-0.209533,nan
1vso,1vso_254,0.990,-0.873161,nan
1vso,1vso_273,0.960,-0.293338,nan
1vso,1vso_301,0.600,-0.508449,nan
1vso,1vso_310,0.840,-0.552208,nan
1vso,1vso_358,1.650,-1.207876,nan
1vso,1vso_363,1.000,-0.372217,nan
1vso,1vso_378,1.240,-0.673408,nan
1vso,1vso_379,3.500,-1.572772,nan
1vso,1vso_392,1.290,-0.991700,nan
1vso,1vso_401,2.140,-0.864352,nan
1vso,1vso_407,3.530,-1.319506,nan
1vso,1vso_424,1.920,-0.613778,nan
1vso,1vso_433,3.050,-1.365988,nan
1vso,1vso_436,2.930,-1.405180,nan
1vso,1vso_439,2.240,-1.589191,nan
1vso,1vso_444,4.430,-2.622513,nan
1vso,1vso_445,6.190,-4.823889,nan
1vso,1vso_449,2.280,-2.122260,nan
1vso,1vso_461,6.160,-5.710628,nan
1vso,1vso_470,3.040,-0.827102,nan
1vso,1vso_487,2.750,-2.374940,nan
1vso,1vso_493,4.800,-2.454775,nan
1vso,1vso_494,4.180,-2.293136,nan
1vso,1vso_496,6.200,-4.478692,nan
1vso,1vso_497,4.670,-2.048376,nan
1vso,1vso_501,2.340,-1.722382,nan
1vso,1vso_516,3.870,-3.480550,nan
1vso,1vso_522,6.810,-6.156946,nan
1vso,1vso_545,3.940,-3.342301,nan
1vso,1vso_547,6.170,-6.100344,nan
1vso,1vso_549,5.220,-2.244821,nan
1vso,1vso_557,5.300,-3.998904,nan
1vso,1vso_558,5.660,-3.204912,nan
1vso,1vso_571,4.360,-2.227848,nan
1vso,1vso_573,5.830,-5.302515,nan
1vso,1vso_575,2.900,-0.922868,nan
1vso,1vso_577,4.660,-2.609703,nan
1vso,1vso_579,6.500,-6.229746,nan
1vso,1vso_580,7.110,-5.337626,nan
1vso,1vso_581,3.250,-1.207113,nan
1vso,1vso_585,6.290,-4.302984,nan
1vso,1vso_596,3.620,-2.429672,nan
1vso,1vso_597,4.400,-2.337677,nan
1vso,1vso_609,4.410,-2.871230,nan
1vso,1vso_617,5.580,-4.419820,nan
1vso,1vso_618,2.800,-2.554708,nan
1vso,1vso_624,3.390,-2.727631,nan
1vso,1vso_630,5.680,-7.482837,nan
1vso,1vso_631,5.590,-4.731519,nan
1vso,1vso_636,5.060,-3.074647,nan
1vso,1vso_642,7.000,-7.261117,nan
1vso,1vso_644,3.030,-2.669142,nan
1vso,1vso_677,5.880,-4.823010,nan
1vso,1vso_685,6.390,-5.271873,nan
1vso,1vso_732,4.220,-3.397562,nan
1vso,1vso_74,0.670,-0.405681,nan
1vso,1vso_753,6.590,-4.660549,nan
1vso,1vso_838,4.530,-3.888927,nan
1vso,1vso_840,5.200,-4.986741,nan
1vso,1vso_850,1.490,-1.108729,nan
1vso,1vso_910,0.760,-0.428435,nan
1vso,1vso_954,1.570,-0.925606,nan
1vso,1vso_957,2.410,-2.100375,nan
1vso,1vso_963,1.990,-2.065856,nan
1vso,1vso_978,1.350,-0.366350,nan
1w4o,1w4o_101,6.920,-5.378768,nan
1w4o,1w4o_119,3.590,-0.948707,nan
1w4o,1w4o_170,6.590,-4.021918,nan
1w4o,1w4o_178,7.640,-7.720778,nan
1w4o,1w4o_194,3.050,-3.977537,nan
1w4o,1w4o_200,6.980,-6.275714,nan
1w4o,1w4o_246,0.910,-1.035527,nan
1w4o,1w4o_273,0.680,-0.598463,nan
1w4o,1w4o_274,0.820,-0.495621,nan
1w4o,1w4o_3,1.100,-0.842217,nan
1w4o,1w4o_307,7.240,-5.769108,nan
1w4o,1w4o_313,0.810,-1.167523,nan
1w4o,1w4o_330,0.910,-1.764933,nan
1w4o,1w4o_338,7.270,-5.678532,nan
1w4o,1w4o_339,0.760,-1.507451,nan
1w4o,1w4o_353,7.480,-7.185400,nan
1w4o,1w4o_367,0.690,-1.067963,nan
1w4o,1w4o_371,5.610,-7.240027,nan
1w4o,1w4o_376,0.670,-1.508556,nan
1w4o,1w4o_391,0.950,-0.360461,nan
1w4o,1w4o_401,3.120,-0.992808,nan
1w4o,1w4o_405,5.970,-2.472759,nan
1w4o,1w4o_410,3.580,-2.586819,nan
1w4o,1w4o_413,3.390,-3.341952,nan
1w4o,1w4o_415,2.980,-2.105408,nan
1w4o,1w4o_424,4.320,-4.944083,nan
1w4o,1w4o_426,7.280,-7.251937,nan
1w4o,1w4o_435,2.090,-1.396228,nan
1w4o,1w4o_438,3.750,-1.641005,nan
1w4o,1w4o_450,2.340,-2.574465,nan
1w4o,1w4o_456,2.900,-2.180344,nan
1w4o,1w4o_480,3.400,-1.869639,nan
1w4o,1w4o_498,5.730,-1.674892,nan
1w4o,1w4o_509,5.290,-2.123307,nan
1w4o,1w4o_521,1.390,-1.416424,nan
1w4o,1w4o_532,7.270,-3.262809,nan
1w4o,1w4o_541,4.380,-2.618159,nan
1w4o,1w4o_542,2.020,-2.807007,nan
1w4o,1w4o_549,4.920,-3.246360,nan
1w4o,1w4o_550,6.580,-4.193319,nan
1w4o,1w4o_572,7.510,-4.138169,nan
1w4o,1w4o_573,7.310,-3.696822,nan
1w4o,1w4o_585,6.030,-2.487370,nan
1w4o,1w4o_596,5.880,-2.050164,nan
1w4o,1w4o_597,1.640,-1.306666,nan
1w4o,1w4o_602,2.410,-1.060641,nan
1w4o,1w4o_606,1.930,-1.418369,nan
1w4o,1w4o_642,4.050,-1.645824,nan
1w4o,1w4o_655,7.800,-5.022311,nan
1w4o,1w4o_658,7.040,-5.297179,nan
1w4o,1w4o_666,6.170,-4.665792,nan
1w4o,1w4o_675,2.360,-2.369225,nan
1w4o,1w4o_679,5.510,-2.921978,nan
1w4o,1w4o_692,4.750,-3.600215,nan
1w4o,1w4o_704,1.790,-2.005549,nan
1w4o,1w4o_741,6.040,-4.152331,nan
1w4o,1w4o_746,5.780,-6.724266,nan
1w4o,1w4o_747,5.950,-3.383528,nan
1w4o,1w4o_748,4.710,-3.579974,nan
1w4o,1w4o_749,2.050,-2.202762,nan
1w4o,1w4o_751,2.540,-2.325689,nan
1w4o,1w4o_752,4.590,-3.351038,nan
1w4o,1w4o_754,3.920,-3.929831,nan
1w4o,1w4o_757,1.670,-1.585056,nan
1w4o,1w4o_761,1.020,-1.604379,nan
1w4o,1w4o_762,6.500,-3.455324,nan
1w4o,1w4o_788,4.110,-3.883376,nan
1w4o,1w4o_804,2.480,-2.949606,nan
1w4o,1w4o_827,6.030,-3.043694,nan
1w4o,1w4o_829,9.390,-8.565835,nan
1w4o,1w4o_833,1.630,-1.638644,nan
1w4o,1w4o_841,8.230,-8.236470,nan
1w4o,1w4o_844,6.380,-0.706091,nan
1w4o,1w4o_846,8.580,-8.548384,nan
1w4o,1w4o_851,4.230,-2.182963,nan
1w4o,1w4o_854,3.030,-3.038136,nan
1w4o,1w4o_856,5.220,-3.782845,nan
1w4o,1w4o_859,5.370,-3.916831,nan
1w4o,1w4o_870,1.070,-1.223081,nan
1w4o,1w4o_917,1.470,-1.646087,nan
1w4o,1w4o_928,0.600,-0.784409,nan
1w4o,1w4o_940,4.010,-1.805920,nan
1w4o,1w4o_960,3.850,-1.829834,nan
1y6r,1y6r_232,0.460,-0.493216,nan
1y6r,1y6r_288,0.720,-0.572811,nan
1y6r,1y6r_405,5.330,-1.567939,nan
1y6r,1y6r_406,2.640,-1.833989,nan
1y6r,1y6r_413,5.540,-1.660915,nan
1y6r,1y6r_419,5.130,-1.479439,nan
1y6r,1y6r_424,3.000,-1.135708,nan
1y6r,1y6r_429,1.880,-0.500326,nan
1y6r,1y6r_430,3.020,-3.145171,nan
1y6r,1y6r_434,2.080,-1.536623,nan
1y6r,1y6r_438,5.190,-1.598524,nan
1y6r,1y6r_440,1.910,-0.892080,nan
1y6r,1y6r_445,3.100,-1.593377,nan
1y6r,1y6r_450,3.450,-2.970973,nan
1y6r,1y6r_455,2.170,-1.611337,nan
1y6r,1y6r_457,5.400,-2.242242,nan
1y6r,1y6r_463,5.490,-2.073554,nan
1y6r,1y6r_473,1.830,-1.462065,nan
1y6r,1y6r_476,2.320,-1.565971,nan
1y6r,1y6r_480,2.340,-1.246067,nan
1y6r,1y6r_481,1.460,-1.179063,nan
1y6r,1y6r_482,5.130,-2.681559,nan
1y6r,1y6r_484,4.960,-1.946643,nan
1y6r,1y6r_496,2.700,-1.538767,nan
1y6r,1y6r_510,2.130,-2.596058,nan
1y6r,1y6r_535,1.450,-1.504281,nan
1y6r,1y6r_551,6.160,-3.782535,nan
1y6r,1y6r_570,1.340,-1.102132,nan
1y6r,1y6r_572,2.250,-2.454647,nan
1y6r,1y6r_575,4.900,-3.562153,nan
1y6r,1y6r_579,1.320,-1.159859,nan
1y6r,1y6r_595,2.510,-1.876856,nan
1y6r,1y6r_603,4.890,-2.829733,nan
1y6r,1y6r_604,4.860,-2.975327,nan
1y6r,1y6r_613,4.850,-3.795140,nan
1y6r,1y6r_645,1.390,-1.339103,nan
1y6r,1y6r_650,5.240,-2.920405,nan
1y6r,1y6r_652,5.210,-3.634257,nan
1y6r,1y6r_655,1.570,-1.351582,nan
1y6r,1y6r_656,4.560,-3.108583,nan
1y6r,1y6r_657,4.860,-3.270567,nan
1y6r,1y6r_661,5.290,-2.265819,nan
1y6r,1y6r_666,6.030,-3.533529,nan
1y6r,1y6r_678,4.910,-2.350763,nan
1y6r,1y6r_694,4.990,-3.590128,nan
1y6r,1y6r_696,6.330,-6.003081,nan
1y6r,1y6r_698,4.640,-2.979768,nan
1y6r,1y6r_734,1.130,-0.966925,nan
1y6r,1y6r_806,0.600,-0.685147,nan
1y6r,1y6r_808,0.570,-0.566680,nan
1y6r,1y6r_809,0.670,-0.898462,nan
1y6r,1y6r_819,0.370,-0.566708,nan
1y6r,1y6r_858,0.780,-0.599808,nan
1y6r,1y6r_925,0.880,-0.686562,nan
1y6r,1y6r_947,0.540,-0.465142,nan
1y6r,1y6r_968,0.600,-0.572378,nan
1yc1,1yc1_130,1.070,-1.082374,nan
1yc1,1yc1_134,1.080,-0.686079,nan
1yc1,1yc1_14,3.750,-0.979584,nan
1yc1,1yc1_159,0.310,-0.699941,nan
1yc1,1yc1_196,0.840,-1.008280,nan
1yc1,1yc1_199,0.590,-0.642047,nan
1yc1,1yc1_205,0.510,-0.725296,nan
1yc1,1yc1_214,1.240,-1.231567,nan
1yc1,1yc1_220,1.050,-0.916303,nan
1yc1,1yc1_246,0.960,-0.745073,nan
1yc1,1yc1_254,2.560,-1.631106,nan
1yc1,1yc1_281,1.070,-1.540052,nan
1yc1,1yc1_289,0.840,-0.897342,nan
1yc1,1yc1_29,1.000,-0.819904,nan
1yc1,1yc1_293,0.790,-1.016828,nan
1yc1,1yc1_296,2.030,-1.336775,nan
1yc1,1yc1_314,3.130,-2.440993,nan
1yc1,1yc1_352,0.950,-0.429850,nan
1yc1,1yc1_376,4.250,-1.505291,nan
1yc1,1yc1_38,0.590,-0.971599,nan
1yc1,1yc1_401,6.140,-5.422452,nan
1yc1,1yc1_403,3.470,-3.165955,nan
1yc1,1yc1_407,2.670,-1.330703,nan
1yc1,1yc1_412,5.120,-3.638670,nan
1yc1,1yc1_413,4.130,-3.839406,nan
1yc1,1yc1_415,3.400,-1.726616,nan
1yc1,1yc1_421,4.520,-2.735481,nan
1yc1,1yc1_428,3.680,-3.524128,nan
1yc1,1yc1_429,3.080,-2.515641,nan
1yc1,1yc1_431,2.400,-1.872475,nan
1yc1,1yc1_437,4.690,-3.409281,nan
1yc1,1yc1_440,5.660,-3.155957,nan
1yc1,1yc1_441,4.780,-3.362896,nan
1yc1,1yc1_447,2.910,-1.851998,nan
1yc1,1yc1_471,2.940,-1.514366,nan
1yc1,1yc1_480,2.570,-1.583415,nan
1yc1,1yc1_483,2.900,-1.544230,nan
1yc1,1yc1_485,5.820,-3.683847,nan
1yc1,1yc1_486,5.220,-3.422608,nan
1yc1,1yc1_487,1.280,-1.540173,nan
1yc1,1yc1_492,3.810,-2.353629,nan
1yc1,1yc1_496,5.670,-5.429123,nan
1yc1,1yc1_5,1.170,-1.249999,nan
1yc1,1yc1_512,7.140,-6.437092,nan
1yc1,1yc1_516,7.630,-7.498487,nan
1yc1,1yc1_521,6.690,-6.641180,nan
1yc1,1yc1_523,4.680,-3.434727,nan
1yc1,1yc1_528,7.190,-6.885523,nan
1yc1,1yc1_536,6.240,-4.980595,nan
1yc1,1yc1_542,7.040,-5.923987,nan
1yc1,1yc1_546,7.690,-7.035710,nan
1yc1,1yc1_549,6.130,-3.773789,nan
1yc1,1yc1_557,8.290,-7.994499,nan
1yc1,1yc1_564,4.000,-3.019376,nan
1yc1,1yc1_570,4.810,-2.890190,nan
1yc1,1yc1_573,4.510,-1.764673,nan
1yc1,1yc1_581,5.510,-2.674816,nan
1yc1,1yc1_582,7.410,-7.959214,nan
1yc1,1yc1_584,7.530,-6.635656,nan
1yc1,1yc1_610,4.890,-3.725875,nan
1yc1,1yc1_612,5.060,-4.543510,nan
1yc1,1yc1_616,5.500,-4.298804,nan
1yc1,1yc1_622,5.890,-6.453933,nan
1yc1,1yc1_630,1.990,-1.784051,nan
1yc1,1yc1_634,6.130,-4.420312,nan
1yc1,1yc1_635,6.580,-5.425654,nan
1yc1,1yc1_636,7.770,-6.523747,nan
1yc1,1yc1_642,6.250,-6.587580,nan
1yc1,1yc1_644,3.660,-2.151755,nan
1yc1,1yc1_653,4.870,-2.530743,nan
1yc1,1yc1_663,6.100,-6.506728,nan
1yc1,1yc1_680,5.160,-4.132676,nan
1yc1,1yc1_684,1.610,-1.732983,nan
1yc1,1yc1_687,6.410,-5.823066,nan
1yc1,1yc1_688,6.800,-6.113084,nan
1yc1,1yc1_689,3.570,-2.672468,nan
1yc1,1yc1_691,2.200,-1.820587,nan
1yc1,1yc1_700,7.970,-7.618339,nan
1yc1,1yc1_765,1.550,-1.257711,nan
1yc1,1yc1_784,2.980,-1.173319,nan
1ydr,1ydr_100,2.430,-1.655121,nan
1ydr,1ydr_11,8.940,-8.589939,nan
1ydr,1ydr_13,2.540,-2.769074,nan
1ydr,1ydr_132,1.970,-1.523035,nan
1ydr,1ydr_136,3.320,-2.481539,nan
1ydr,1ydr_164,0.830,-0.752398,nan
1ydr,1ydr_18,1.890,-1.387583,nan
1ydr,1ydr_204,2.960,-3.036651,nan
1ydr,1ydr_214,1.580,-0.890199,nan
1ydr,1ydr_240,3.230,-3.093682,nan
1ydr,1ydr_26,0.930,-0.543593,nan
1ydr,1ydr_268,1.490,-0.912788,nan
1ydr,1ydr_291,3.480,-3.613277,nan
1ydr,1ydr_315,2.890,-2.568166,nan
1ydr,1ydr_332,3.030,-2.521039,nan
1ydr,1ydr_348,3.040,-3.591017,nan
1ydr,1ydr_368,6.540,-4.345625,nan
1ydr,1ydr_369,0.950,-0.938873,nan
1ydr,1ydr_4,0.960,-0.997826,nan
1ydr,1ydr_418,2.190,-1.578820,nan
1ydr,1ydr_423,1.300,-1.213896,nan
1ydr,1ydr_430,5.610,-1.657158,nan
1ydr,1ydr_452,1.390,-0.834168,nan
1ydr,1ydr_46,0.880,-0.425056,nan
1ydr,1ydr_464,3.630,-3.109453,nan
1ydr,1ydr_466,2.060,-1.281625,nan
1ydr,1ydr_470,5.740,-3.361584,nan
1ydr,1ydr_482,6.270,-4.734521,nan
1ydr,1ydr_485,4.670,-5.059633,nan
1ydr,1ydr_487,4.740,-4.557876,nan
1ydr,1ydr_490,5.240,-1.503133,nan
1ydr,1ydr_495,6.920,-5.127693,nan
1ydr,1ydr_517,6.580,-7.163040,nan
1ydr,1ydr_518,9.160,-8.321309,nan
1ydr,1ydr_524,7.910,-6.537969,nan
1ydr,1ydr_537,3.400,-4.096731,nan
1ydr,1ydr_541,4.170,-4.972946,nan
1ydr,1ydr_546,7.800,-8.337522,nan
1ydr,1ydr_554,7.030,-8.226907,nan
1ydr,1ydr_557,7.650,-8.181253,nan
1ydr,1ydr_558,8.510,-7.838621,nan
1ydr,1ydr_566,5.960,-6.538163,nan
1ydr,1ydr_570,7.370,-5.299095,nan
1ydr,1ydr_582,8.430,-8.562135,nan
1ydr,1ydr_586,3.270,-2.966474,nan
1ydr,1ydr_587,9.910,-8.574254,nan
1ydr,1ydr_593,9.020,-8.381499,nan
1ydr,1ydr_595,4.930,-1.693869,nan
1ydr,1ydr_599,8.090,-8.215581,nan
1ydr,1ydr_609,9.740,-8.580666,nan
1ydr,1ydr_613,8.510,-8.144040,nan
1ydr,1ydr_614,9.250,-8.492649,nan
1ydr,1ydr_615,4.610,-4.482275,nan
1ydr,1ydr_616,5.040,-5.180606,nan
1ydr,1ydr_622,9.220,-8.382886,nan
1ydr,1ydr_626,6.330,-6.571655,nan
1ydr,1ydr_629,8.570,-7.921216,nan
1ydr,1ydr_63,0.920,-0.782800,nan
1ydr,1ydr_636,9.360,-8.468807,nan
1ydr,1ydr_641,6.810,-7.015558,nan
1ydr,1ydr_646,6.460,-6.948859,nan
1ydr,1ydr_648,9.240,-8.566992,nan
1ydr,1ydr_649,7.970,-7.576672,nan
1ydr,1ydr_651,8.410,-7.663021,nan
1ydr,1ydr_659,9.350,-8.448201,nan
1ydr,1ydr_689,7.320,-7.320659,nan
1ydr,1ydr_69,2.910,-3.238461,nan
1ydr,1ydr_693,1.930,-1.027070,nan
1ydr,1ydr_697,8.230,-7.513628,nan
1ydr,1ydr_701,0.980,-0.216498,nan
1ydr,1ydr_715,7.090,-5.565938,nan
1ydr,1ydr_723,4.660,-4.750714,nan
1ydr,1ydr_726,3.850,-4.449391,nan
1ydr,1ydr_739,4.010,-4.031614,nan
1ydr,1ydr_741,1.800,-1.440431,nan
1ydr,1ydr_746,9.570,-8.438550,nan
1ydr,1ydr_754,2.000,-1.136523,nan
1ydr,1ydr_759,4.460,-4.303297,nan
1ydr,1ydr_761,8.160,-7.384829,nan
1ydr,1ydr_771,4.860,-5.432894,nan
1ydr,1ydr_775,4.720,-3.468865,nan
1ydr,1ydr_779,5.280,-5.030542,nan
1ydr,1ydr_78,3.330,-3.913742,nan
1ydr,1ydr_784,5.780,-2.865595,nan
1ydr,1ydr_785,7.060,-6.209529,nan
1ydr,1ydr_786,6.270,-6.334337,nan
1ydr,1ydr_789,5.560,-2.296577,nan
1ydr,1ydr_791,6.380,-3.614368,nan
1ydr,1ydr_80,0.790,-0.553407,nan
1ydr,1ydr_801,1.000,-0.331859,nan
1ydr,1ydr_804,2.340,-0.573751,nan
1ydr,1ydr_824,2.480,-0.939897,nan
1ydr,1ydr_848,5.840,-3.331472,nan
1ydr,1ydr_856,7.540,-6.690124,nan
1ydr,1ydr_858,8.700,-8.030619,nan
1ydr,1ydr_894,5.260,-5.530272,nan
1ydr,1ydr_902,0.910,-0.442356,nan
1ydr,1ydr_934,6.290,-2.054133,nan
1ydr,1ydr_95,1.540,-0.979004,nan
1ydr,1ydr_984,2.190,-1.641871,nan
1ydt,1ydt_1000,2.510,-1.597053,nan
1ydt,1ydt_121,1.000,-0.466665,nan
1ydt,1ydt_204,0.980,-0.426643,nan
1ydt,1ydt_207,1.020,-0.991913,nan
1ydt,1ydt_214,3.380,-4.352777,nan
1ydt,1ydt_215,1.410,-0.766548,nan
1ydt,1ydt_241,1.800,-1.869851,nan
1ydt,1ydt_246,1.470,-0.822223,nan
1ydt,1ydt_251,0.540,-0.611583,nan
1ydt,1ydt_253,4.810,-4.002056,nan
1ydt,1ydt_254,5.730,-1.505070,nan
1ydt,1ydt_260,3.520,-3.161190,nan
1ydt,1ydt_263,2.970,-4.255000,nan
1ydt,1ydt_267,0.930,-0.616973,nan
1ydt,1ydt_271,6.590,-4.822090,nan
1ydt,1ydt_275,3.520,-2.581313,nan
1ydt,1ydt_277,0.680,-0.453840,nan
1ydt,1ydt_278,3.580,-2.380091,nan
1ydt,1ydt_279,0.880,-0.969728,nan
1ydt,1ydt_281,2.990,-3.292411,nan
1ydt,1ydt_283,0.930,-1.045370,nan
1ydt,1ydt_300,5.650,-6.902303,nan
1ydt,1ydt_309,2.830,-1.879723,nan
1ydt,1ydt_324,0.890,-0.382149,nan
1ydt,1ydt_34,3.050,-3.417273,nan
1ydt,1ydt_386,0.730,-0.235063,nan
1ydt,1ydt_40,4.700,-6.093586,nan
1ydt,1ydt_401,5.830,-0.753375,nan
1ydt,1ydt_404,2.820,-2.521872,nan
1ydt,1ydt_408,1.910,-1.226992,nan
1ydt,1ydt_412,5.370,-2.539926,nan
1ydt,1ydt_417,2.430,-1.303098,nan
1ydt,1ydt_425,4.600,-3.829149,nan
1ydt,1ydt_432,8.520,-8.515334,nan
1ydt,1ydt_446,6.670,-3.436652,nan
1ydt,1ydt_46,3.800,-2.780376,nan
1ydt,1ydt_464,6.300,-2.868997,nan
1ydt,1ydt_47,1.070,-0.294967,nan
1ydt,1ydt_470,7.200,-2.616554,nan
1ydt,1ydt_474,6.100,-1.786098,nan
1ydt,1ydt_483,3.320,-3.529326,nan
1ydt,1ydt_487,3.790,-4.072055,nan
1ydt,1ydt_494,3.080,-3.487694,nan
1ydt,1ydt_495,5.930,-3.338900,nan
1ydt,1ydt_500,7.620,-3.699085,nan
1ydt,1ydt_532,2.440,-3.135519,nan
1ydt,1ydt_538,6.560,-8.464256,nan
1ydt,1ydt_539,7.840,-7.053802,nan
1ydt,1ydt_549,6.400,-3.495319,nan
1ydt,1ydt_556,4.990,-7.449108,nan
1ydt,1ydt_558,4.070,-5.224058,nan
1ydt,1ydt_564,7.150,-4.727267,nan
1ydt,1ydt_576,8.870,-8.565850,nan
1ydt,1ydt_578,4.270,-5.494256,nan
1ydt,1ydt_609,7.050,-4.464152,nan
1ydt,1ydt_625,7.090,-2.736832,nan
1ydt,1ydt_632,5.950,-5.800429,nan
1ydt,1ydt_643,3.200,-3.964298,nan
1ydt,1ydt_644,6.990,-3.955598,nan
1ydt,1ydt_655,8.120,-5.261177,nan
1ydt,1ydt_659,8.540,-8.567827,nan
1ydt,1ydt_677,2.150,-1.619178,nan
1ydt,1ydt_678,5.830,-2.886305,nan
1ydt,1ydt_684,5.530,-6.636928,nan
1ydt,1ydt_694,8.520,-7.256029,nan
1ydt,1ydt_697,8.550,-4.312234,nan
1ydt,1ydt_705,0.850,-0.832127,nan
1ydt,1ydt_709,8.120,-3.970791,nan
1ydt,1ydt_711,1.620,-0.793832,nan
1ydt,1ydt_715,1.750,-0.866682,nan
1ydt,1ydt_730,5.220,-2.639809,nan
1ydt,1ydt_75,4.190,-3.833834,nan
1ydt,1ydt_750,6.770,-4.239215,nan
1ydt,1ydt_766,4.940,-0.898843,nan
1ydt,1ydt_775,7.960,-8.499382,nan
1ydt,1ydt_785,8.020,-8.419751,nan
1ydt,1ydt_787,4.070,-5.086741,nan
1ydt,1ydt_817,1.010,-0.927518,nan
1ydt,1ydt_818,6.500,-7.078949,nan
1ydt,1ydt_832,1.890,-0.348396,nan
1ydt,1ydt_837,6.770,-6.000302,nan
1ydt,1ydt_840,2.470,-1.429263,nan
1ydt,1ydt_882,4.420,-4.870778,nan
1ydt,1ydt_892,8.630,-8.067550,nan
1ydt,1ydt_916,7.760,-7.810869,nan
1ydt,1ydt_918,2.710,-2.523704,nan
1ydt,1ydt_926,5.290,-6.970610,nan
1ydt,1ydt_936,7.710,-8.184053,nan
1ydt,1ydt_953,8.610,-6.213588,nan
1ydt,1ydt_994,7.600,-6.596910,nan
1z6e,1z6e_11,8.990,-8.547501,nan
1z6e,1z6e_117,7.590,-8.233630,nan
1z6e,1z6e_125,9.840,-8.592561,nan
1z6e,1z6e_130,7.630,-7.872725,nan
1z6e,1z6e_136,5.700,-4.910024,nan
1z6e,1z6e_145,0.970,-0.902481,nan
1z6e,1z6e_152,9.970,-8.582268,nan
1z6e,1z6e_159,6.420,-7.163181,nan
1z6e,1z6e_160,0.960,-0.644803,nan
1z6e,1z6e_162,0.950,-0.791330,nan
1z6e,1z6e_184,8.490,-8.382677,nan
1z6e,1z6e_19,9.510,-8.577193,nan
1z6e,1z6e_192,9.060,-8.246036,nan
1z6e,1z6e_200,3.690,-2.748069,nan
1z6e,1z6e_21,2.920,-2.602437,nan
1z6e,1z6e_31,0.840,-0.538959,nan
1z6e,1z6e_310,9.890,-8.597432,nan
1z6e,1z6e_350,0.850,-0.802342,nan
1z6e,1z6e_352,1.610,-1.208589,nan
1z6e,1z6e_354,6.130,-4.446282,nan
1z6e,1z6e_371,0.990,-0.498975,nan
1z6e,1z6e_372,9.040,-8.578646,nan
1z6e,1z6e_384,1.560,-1.785080,nan
1z6e,1z6e_390,9.690,-8.527363,nan
1z6e,1z6e_401,2.460,-1.333009,nan
1z6e,1z6e_403,1.630,-2.048732,nan
1z6e,1z6e_411,1.130,-1.500517,nan
1z6e,1z6e_413,4.610,-2.233394,nan
1z6e,1z6e_423,4.610,-3.473241,nan
1z6e,1z6e_424,2.090,-1.771302,nan
1z6e,1z6e_425,8.380,-4.136388,nan
1z6e,1z6e_427,3.850,-3.636079,nan
1z6e,1z6e_429,2.250,-2.381214,nan
1z6e,1z6e_432,3.250,-2.594877,nan
1z6e,1z6e_441,4.410,-2.444290,nan
1z6e,1z6e_445,8.020,-2.748582,nan
1z6e,1z6e_449,5.990,-3.233108,nan
1z6e,1z6e_455,3.260,-2.722820,nan
1z6e,1z6e_46,9.250,-8.443600,nan
1z6e,1z6e_468,4.740,-1.616355,nan
1z6e,1z6e_470,7.020,-6.281023,nan
1z6e,1z6e_472,3.600,-2.924012,nan
1z6e,1z6e_475,2.730,-3.093131,nan
1z6e,1z6e_480,6.410,-3.929341,nan
1z6e,1z6e_481,4.100,-3.427300,nan
1z6e,1z6e_482,5.950,-3.026956,nan
1z6e,1z6e_486,2.310,-2.231817,nan
1z6e,1z6e_488,3.310,-3.166847,nan
1z6e,1z6e_497,6.880,-5.049709,nan
1z6e,1z6e_522,1.990,-1.813442,nan
1z6e,1z6e_524,6.870,-4.018243,nan
1z6e,1z6e_525,8.810,-7.312689,nan
1z6e,1z6e_527,6.420,-5.474300,nan
1z6e,1z6e_536,5.350,-6.623751,nan
1z6e,1z6e_538,4.270,-2.851150,nan
1z6e,1z6e_55,0.910,-0.714720,nan
1z6e,1z6e_557,3.740,-2.929281,nan
1z6e,1z6e_558,8.130,-7.296415,nan
1z6e,1z6e_564,5.720,-6.146528,nan
1z6e,1z6e_57,7.890,-8.006453,nan
1z6e,1z6e_570,7.100,-4.319694,nan
1z6e,1z6e_572,6.880,-5.753811,nan
1z6e,1z6e_614,4.550,-4.573909,nan
1z6e,1z6e_636,8.290,-5.293315,nan
1z6e,1z6e_64,0.810,-0.727653,nan
1z6e,1z6e_643,3.980,-3.232713,nan
1z6e,1z6e_65,8.630,-8.401136,nan
1z6e,1z6e_663,7.180,-5.123765,nan
1z6e,1z6e_665,7.390,-7.952094,nan
1z6e,1z6e_668,9.690,-8.469615,nan
1z6e,1z6e_680,6.370,-5.782469,nan
1z6e,1z6e_688,5.920,-6.816399,nan
1z6e,1z6e_691,7.630,-6.400056,nan
1z6e,1z6e_694,3.830,-3.301306,nan
1z6e,1z6e_702,0.950,-0.846122,nan
1z6e,1z6e_712,1.220,-0.909843,nan
1z6e,1z6e_722,1.960,-0.737858,nan
1z6e,1z6e_735,4.180,-4.525721,nan
1z6e,1z6e_74,4.860,-4.263406,nan
1z6e,1z6e_748,7.150,-5.294895,nan
1z6e,1z6e_749,5.080,-2.195492,nan
1z6e,1z6e_75,8.680,-8.520606,nan
1z6e,1z6e_754,2.440,-1.469488,nan
1z6e,1z6e_755,7.430,-2.906665,nan
1z6e,1z6e_756,6.350,-3.015490,nan
1z6e,1z6e_757,3.870,-3.053050,nan
1z6e,1z6e_768,8.800,-5.500401,nan
1z6e,1z6e_772,5.350,-4.246144,nan
1z6e,1z6e_773,5.020,-5.220397,nan
1z6e,1z6e_774,4.940,-2.621570,nan
1z6e,1z6e_776,1.860,-2.034687,nan
1z6e,1z6e_779,5.530,-5.129762,nan
1z6e,1z6e_799,1.930,-1.803937,nan
1z6e,1z6e_83,0.960,-0.608362,nan
1z6e,1z6e_843,6.990,-5.009249,nan
1z6e,1z6e_879,2.720,-1.809600,nan
1z6e,1z6e_88,2.370,-1.836969,nan
1z6e,1z6e_97,9.550,-8.466510,nan
1z6e,1z6e_974,2.760,-1.357852,nan
1z6e,1z6e_978,1.100,-1.135083,nan
1z95,1z95_14,0.690,-0.609381,nan
1z95,1z95_169,0.450,-0.578899,nan
1z95,1z95_208,0.620,-0.672538,nan
1z95,1z95_219,2.410,-1.095833,nan
1z95,1z95_223,0.630,-0.506787,nan
1z95,1z95_249,0.960,-0.869470,nan
1z95,1z95_255,4.930,-2.327674,nan
1z95,1z95_266,0.660,-0.720502,nan
1z95,1z95_29,2.080,-0.524749,nan
1z95,1z95_303,0.380,-0.447407,nan
1z95,1z95_312,1.950,-0.820509,nan
1z95,1z95_313,0.570,-0.635747,nan
1z95,1z95_337,0.510,-0.612364,nan
1z95,1z95_407,5.840,-2.601696,nan
1z95,1z95_408,1.920,-1.930752,nan
1z95,1z95_412,4.720,-2.500697,nan
1z95,1z95_415,6.440,-2.371437,nan
1z95,1z95_418,5.330,-2.049968,nan
1z95,1z95_419,1.820,-1.677394,nan
1z95,1z95_427,3.350,-2.118573,nan
1z95,1z95_428,3.150,-2.724032,nan
1z95,1z95_436,6.490,-2.790202,nan
1z95,1z95_437,4.040,-3.590420,nan
1z95,1z95_444,5.790,-2.385701,nan
1z95,1z95_445,6.160,-2.519610,nan
1z95,1z95_449,2.480,-2.758233,nan
1z95,1z95_474,1.500,-1.544447,nan
1z95,1z95_483,4.430,-2.825681,nan
1z95,1z95_484,4.920,-2.252652,nan
1z95,1z95_486,5.010,-2.713603,nan
1z95,1z95_489,1.890,-1.604308,nan
1z95,1z95_490,6.150,-2.622791,nan
1z95,1z95_498,1.900,-2.118042,nan
1z95,1z95_499,2.900,-2.547213,nan
1z95,1z95_514,2.560,-1.738668,nan
1z95,1z95_544,3.900,-2.448220,nan
1z95,1z95_545,5.330,-2.633442,nan
1z95,1z95_547,3.390,-1.929955,nan
1z95,1z95_548,2.790,-1.967184,nan
1z95,1z95_550,3.100,-1.790470,nan
1z95,1z95_555,1.640,-2.247274,nan
1z95,1z95_560,5.860,-2.628368,nan
1z95,1z95_562,5.960,-3.361127,nan
1z95,1z95_565,2.790,-1.182748,nan
1z95,1z95_566,3.600,-3.048189,nan
1z95,1z95_581,2.060,-2.057692,nan
1z95,1z95_587,4.000,-2.745729,nan
1z95,1z95_590,3.500,-4.202940,nan
1z95,1z95_620,4.630,-2.085406,nan
1z95,1z95_626,6.080,-2.738746,nan
1z95,1z95_648,3.180,-2.369838,nan
1z95,1z95_658,6.230,-2.284325,nan
1z95,1z95_663,2.080,-1.900267,nan
1z95,1z95_666,5.190,-3.195478,nan
1z95,1z95_684,2.920,-2.292551,nan
1z95,1z95_686,4.100,-2.671547,nan
1z95,1z95_690,5.930,-3.788794,nan
1z95,1z95_694,4.770,-2.531519,nan
1z95,1z95_700,5.950,-2.115212,nan
1z95,1z95_742,0.890,-0.884866,nan
1z95,1z95_765,3.870,-1.816028,nan
1z95,1z95_774,4.030,-1.293012,nan
1z95,1z95_779,4.330,-2.801176,nan
1z95,1z95_827,1.130,-0.785067,nan
1z95,1z95_872,1.200,-0.951168,nan
1z95,1z95_964,1.730,-1.121760,nan
1z9g,1z9g_159,7.600,-7.802383,nan
1z9g,1z9g_219,2.150,-1.358665,nan
1z9g,1z9g_227,5.790,-5.501807,nan
1z9g,1z9g_229,1.890,-1.012396,nan
1z9g,1z9g_236,4.340,-2.661383,nan
1z9g,1z9g_253,7.260,-6.304111,nan
1z9g,1z9g_269,8.330,-7.770649,nan
1z9g,1z9g_285,6.380,-3.369618,nan
1z9g,1z9g_317,8.370,-8.110722,nan
1z9g,1z9g_406,5.030,-3.966266,nan
1z9g,1z9g_421,6.310,-3.373343,nan
1z9g,1z9g_432,3.400,-3.029197,nan
1z9g,1z9g_442,2.840,-1.204009,nan
1z9g,1z9g_453,2.960,-1.550505,nan
1z9g,1z9g_455,2.950,-1.970768,nan
1z9g,1z9g_465,3.140,-2.485460,nan
1z9g,1z9g_468,3.340,-2.229811,nan
1z9g,1z9g_472,2.100,-2.112333,nan
1z9g,1z9g_481,4.170,-3.111353,nan
1z9g,1z9g_484,4.210,-2.770048,nan
1z9g,1z9g_490,2.800,-1.631342,nan
1z9g,1z9g_527,6.170,-5.771208,nan
1z9g,1z9g_551,4.620,-2.991394,nan
1z9g,1z9g_575,6.090,-4.824639,nan
1z9g,1z9g_581,3.920,-2.392513,nan
1z9g,1z9g_582,4.670,-2.246337,nan
1z9g,1z9g_583,5.160,-1.994339,nan
1z9g,1z9g_585,2.830,-1.455428,nan
1z9g,1z9g_588,8.280,-7.954587,nan
1z9g,1z9g_593,5.010,-3.384063,nan
1z9g,1z9g_595,6.560,-7.286229,nan
1z9g,1z9g_596,6.710,-5.221694,nan
1z9g,1z9g_597,5.760,-2.175763,nan
1z9g,1z9g_598,4.720,-2.393281,nan
1z9g,1z9g_608,6.520,-4.485212,nan
1z9g,1z9g_609,4.040,-2.362073,nan
1z9g,1z9g_613,7.570,-7.880312,nan
1z9g,1z9g_618,8.520,-8.134186,nan
1z9g,1z9g_626,7.240,-5.951480,nan
1z9g,1z9g_634,7.200,-7.451278,nan
1z9g,1z9g_638,8.810,-8.250846,nan
1z9g,1z9g_641,8.100,-7.342222,nan
1z9g,1z9g_647,7.130,-6.362753,nan
1z9g,1z9g_651,5.940,-5.723648,nan
1z9g,1z9g_667,9.090,-7.270648,nan
1z9g,1z9g_678,8.300,-8.005035,nan
1z9g,1z9g_679,3.790,-2.276436,nan
1z9g,1z9g_68,7.030,-5.240206,nan
1z9g,1z9g_680,3.400,-1.834317,nan
1z9g,1z9g_684,8.050,-8.092198,nan
1z9g,1z9g_694,8.100,-8.037716,nan
1z9g,1z9g_699,7.190,-7.036670,nan
1z9g,1z9g_701,1.850,-0.688655,nan
1z9g,1z9g_703,1.490,-0.802286,nan
1z9g,1z9g_707,1.780,-0.883464,nan
1z9g,1z9g_710,1.510,-0.890120,nan
1z9g,1z9g_715,1.410,-0.696891,nan
1z9g,1z9g_720,1.770,-0.740234,nan
1z9g,1z9g_721,1.480,-0.940758,nan
1z9g,1z9g_722,0.570,-0.873780,nan
1z9g,1z9g_723,0.820,-0.741293,nan
1z9g,1z9g_725,1.680,-0.633889,nan
1z9g,1z9g_734,4.550,-3.006342,nan
1z9g,1z9g_738,0.520,-0.623575,nan
1z9g,1z9g_741,1.750,-0.965743,nan
1z9g,1z9g_742,0.760,-1.089088,nan
1z9g,1z9g_747,0.960,-0.917294,nan
1z9g,1z9g_749,3.980,-2.833519,nan
1z9g,1z9g_750,6.930,-6.471220,nan
1z9g,1z9g_753,6.460,-5.407294,nan
1z9g,1z9g_763,5.060,-2.114622,nan
1z9g,1z9g_769,4.720,-3.704814,nan
1z9g,1z9g_784,4.110,-2.025611,nan
1z9g,1z9g_787,8.310,-7.520587,nan
1z9g,1z9g_789,0.750,-0.982685,nan
1z9g,1z9g_790,0.640,-0.860928,nan
1z9g,1z9g_793,0.830,-0.981166,nan
1z9g,1z9g_817,0.820,-0.758389,nan
1z9g,1z9g_845,3.120,-1.613194,nan
1z9g,1z9g_849,0.890,-1.033868,nan
1z9g,1z9g_851,7.100,-6.271879,nan
1z9g,1z9g_852,3.780,-2.131075,nan
1z9g,1z9g_853,5.100,-1.730731,nan
1z9g,1z9g_870,7.240,-5.474405,nan
1z9g,1z9g_873,5.260,-3.106622,nan
1z9g,1z9g_876,2.720,-1.068018,nan
1z9g,1z9g_879,5.550,-4.175111,nan
1z9g,1z9g_880,3.640,-1.726493,nan
1z9g,1z9g_887,2.740,-1.076583,nan
1z9g,1z9g_968,6.440,-4.231960,nan
2al5,2al5_121,0.830,-0.662406,nan
2al5,2al5_243,0.460,-0.475998,nan
2al5,2al5_26,1.980,-0.844083,nan
2al5,2al5_323,0.230,-0.311171,nan
2al5,2al5_339,0.410,-0.246448,nan
2al5,2al5_401,0.880,-0.478270,nan
2al5,2al5_406,1.960,-0.643221,nan
2al5,2al5_412,0.860,-0.727928,nan
2al5,2al5_421,1.090,-0.648036,nan
2al5,2al5_426,2.020,-1.143286,nan
2al5,2al5_432,0.800,-0.815323,nan
2al5,2al5_434,4.540,-1.045085,nan
2al5,2al5_436,0.760,-0.669701,nan
2al5,2al5_444,1.980,-1.758099,nan
2al5,2al5_450,2.190,-0.770998,nan
2al5,2al5_463,0.990,-1.021295,nan
2al5,2al5_469,1.440,-1.214369,nan
2al5,2al5_473,1.720,-0.856341,nan
2al5,2al5_478,4.690,-1.192828,nan
2al5,2al5_495,4.770,-1.898373,nan
2al5,2al5_496,1.460,-1.369751,nan
2al5,2al5_498,0.880,-0.496784,nan
2al5,2al5_500,2.110,-1.358411,nan
2al5,2al5_516,1.460,-1.166342,nan
2al5,2al5_550,4.660,-1.324945,nan
2al5,2al5_573,4.730,-1.925238,nan
2al5,2al5_587,1.360,-1.175176,nan
2al5,2al5_599,2.290,-1.709969,nan
2al5,2al5_624,1.520,-1.553373,nan
2al5,2al5_639,2.310,-1.514331,nan
2al5,2al5_643,4.660,-3.618524,nan
2al5,2al5_667,4.370,-1.249087,nan
2al5,2al5_682,3.720,-3.209334,nan
2al5,2al5_687,2.300,-1.622672,nan
2al5,2al5_699,2.070,-1.648034,nan
2al5,2al5_700,4.410,-2.024935,nan
2al5,2al5_740,5.060,-3.485320,nan
2al5,2al5_747,4.770,-3.631558,nan
2al5,2al5_754,2.220,-1.570206,nan
2al5,2al5_756,3.980,-3.698889,nan
2al5,2al5_759,3.500,-3.083554,nan
2al5,2al5_761,2.640,-2.047562,nan
2al5,2al5_762,5.140,-3.409194,nan
2al5,2al5_763,5.080,-3.909696,nan
2al5,2al5_769,2.930,-2.661300,nan
2al5,2al5_775,5.170,-4.050290,nan
2al5,2al5_777,5.090,-4.074305,nan
2al5,2al5_778,5.120,-3.969801,nan
2al5,2al5_779,5.060,-4.100604,nan
2al5,2al5_781,4.360,-3.240432,nan
2al5,2al5_787,5.030,-4.080912,nan
2al5,2al5_788,5.040,-3.731669,nan
2br1,2br1_118,3.260,-1.381361,nan
2br1,2br1_167,3.160,-1.465617,nan
2br1,2br1_195,3.990,-1.397385,nan
2br1,2br1_208,2.030,-1.053915,nan
2br1,2br1_228,7.070,-6.688005,nan
2br1,2br1_248,6.680,-5.680748,nan
2br1,2br1_257,1.800,-1.055289,nan
2br1,2br1_315,0.700,-0.198824,nan
2br1,2br1_316,0.920,-0.127572,nan
2br1,2br1_349,1.000,-0.180906,nan
2br1,2br1_354,0.830,-0.319595,nan
2br1,2br1_356,0.990,-0.292525,nan
2br1,2br1_375,0.910,-0.249842,nan
2br1,2br1_383,0.570,-0.273829,nan
2br1,2br1_392,0.830,-0.256889,nan
2br1,2br1_413,5.830,-4.759681,nan
2br1,2br1_416,6.310,-5.694232,nan
2br1,2br1_419,6.030,-4.811596,nan
2br1,2br1_430,5.360,-3.928387,nan
2br1,2br1_433,2.880,-1.637751,nan
2br1,2br1_455,6.240,-4.883327,nan
2br1,2br1_47,0.840,-0.362821,nan
2br1,2br1_475,6.120,-5.459292,nan
2br1,2br1_479,6.540,-5.625753,nan
2br1,2br1_502,2.370,-1.253779,nan
2br1,2br1_511,3.170,-2.608188,nan
2br1,2br1_523,4.720,-3.648439,nan
2br1,2br1_524,3.560,-1.994985,nan
2br1,2br1_540,3.470,-1.841945,nan
2br1,2br1_543,1.980,-1.007451,nan
2br1,2br1_549,3.060,-1.773750,nan
2br1,2br1_554,2.690,-1.564485,nan
2br1,2br1_566,5.250,-3.638353,nan
2br1,2br1_572,2.660,-2.053235,nan
2br1,2br1_588,2.030,-1.389131,nan
2br1,2br1_598,5.410,-4.849186,nan
2br1,2br1_606,4.020,-1.816718,nan
2br1,2br1_621,5.230,-3.648600,nan
2br1,2br1_630,3.800,-3.409819,nan
2br1,2br1_649,7.010,-7.236026,nan
2br1,2br1_663,1.750,-1.153418,nan
2br1,2br1_666,2.950,-1.526074,nan
2br1,2br1_673,6.440,-5.453708,nan
2br1,2br1_675,2.140,-0.879028,nan
2br1,2br1_689,2.340,-1.874271,nan
2br1,2br1_694,6.630,-7.086094,nan
2br1,2br1_710,6.460,-6.130017,nan
2br1,2br1_723,4.180,-2.717721,nan
2br1,2br1_744,1.540,-1.049520,nan
2br1,2br1_746,4.180,-1.653469,nan
2br1,2br1_760,5.120,-3.888302,nan
2br1,2br1_762,1.420,-1.066823,nan
2br1,2br1_763,0.930,-0.763197,nan
2br1,2br1_764,5.450,-3.875407,nan
2br1,2br1_767,4.660,-2.463487,nan
2br1,2br1_769,1.240,-0.722849,nan
2br1,2br1_789,3.200,-1.062845,nan
2br1,2br1_790,5.040,-3.105560,nan
2br1,2br1_831,4.160,-2.417520,nan
2br1,2br1_835,3.830,-1.759679,nan
2br1,2br1_850,4.080,-1.811394,nan
2br1,2br1_854,4.410,-2.022615,nan
2br1,2br1_857,2.670,-1.722221,nan
2br1,2br1_866,1.460,-0.829117,nan
2br1,2br1_873,1.630,-0.744164,nan
2br1,2br1_879,1.620,-0.873122,nan
2br1,2br1_897,4.140,-1.193718,nan
2br1,2br1_952,6.000,-2.989769,nan
2br1,2br1_966,5.190,-3.526524,nan
2br1,2br1_976,1.620,-0.762648,nan
2br1,2br1_984,4.410,-2.703046,nan
2br1,2br1_988,6.010,-3.075632,nan
2brb,2brb_128,4.540,-1.965897,nan
2brb,2brb_13,4.140,-1.715730,nan
2brb,2brb_146,4.830,-1.656086,nan
2brb,2brb_183,3.970,-2.050498,nan
2brb,2brb_214,1.070,-0.757377,nan
2brb,2brb_223,0.810,-0.415901,nan
2brb,2brb_246,0.980,-0.789185,nan
2brb,2brb_285,4.320,-1.047320,nan
2brb,2brb_302,0.710,-0.063618,nan
2brb,2brb_318,0.710,-0.082307,nan
2brb,2brb_361,0.540,-0.097867,nan
2brb,2brb_383,0.620,-0.066905,nan
2brb,2brb_405,5.630,-3.172475,nan
2brb,2brb_406,6.540,-4.634548,nan
2brb,2brb_408,6.380,-4.203147,nan
2brb,2brb_425,6.500,-5.036002,nan
2brb,2brb_442,6.550,-4.974727,nan
2brb,2brb_449,5.750,-3.876508,nan
2brb,2brb_452,4.370,-2.166181,nan
2brb,2brb_460,3.390,-1.461547,nan
2brb,2brb_466,6.060,-4.829117,nan
2brb,2brb_469,5.350,-1.646306,nan
2brb,2brb_474,3.650,-1.083485,nan
2brb,2brb_477,4.500,-4.664288,nan
2brb,2brb_490,1.710,-0.578604,nan
2brb,2brb_494,5.040,-5.216644,nan
2brb,2brb_501,2.990,-1.791322,nan
2brb,2brb_502,2.450,-1.542055,nan
2brb,2brb_514,3.020,-1.231420,nan
2brb,2brb_521,2.260,-0.985062,nan
2brb,2brb_522,2.230,-1.053993,nan
2brb,2brb_533,3.990,-0.841901,nan
2brb,2brb_539,5.010,-2.416606,nan
2brb,2brb_550,5.030,-2.164820,nan
2brb,2brb_558,2.270,-1.615377,nan
2brb,2brb_568,2.590,-0.675717,nan
2brb,2brb_582,3.220,-1.611740,nan
2brb,2brb_586,4.470,-0.989797,nan
2brb,2brb_593,3.230,-1.173878,nan
2brb,2brb_594,4.390,-2.293906,nan
2brb,2brb_596,1.620,-0.375007,nan
2brb,2brb_597,2.960,-1.259181,nan
2brb,2brb_601,7.080,-6.583651,nan
2brb,2brb_608,4.270,-3.321202,nan
2brb,2brb_624,3.540,-2.891553,nan
2brb,2brb_643,3.950,-2.361271,nan
2brb,2brb_655,6.580,-5.035118,nan
2brb,2brb_666,4.250,-1.129735,nan
2brb,2brb_671,2.930,-2.125658,nan
2brb,2brb_672,3.950,-0.441935,nan
2brb,2brb_674,5.180,-3.752335,nan
2brb,2brb_675,2.510,-1.569802,nan
2brb,2brb_682,1.090,-0.772081,nan
2brb,2brb_693,2.500,-1.419570,nan
2brb,2brb_696,5.090,-2.364152,nan
2brb,2brb_697,1.880,-1.480078,nan
2brb,2brb_705,0.770,-0.149680,nan
2brb,2brb_713,1.460,-0.966498,nan
2brb,2brb_743,0.710,-0.118457,nan
2brb,2brb_745,1.810,-0.480798,nan
2brb,2brb_751,1.420,-0.195753,nan
2brb,2brb_752,0.930,-0.428670,nan
2brb,2brb_754,5.040,-2.669527,nan
2brb,2brb_759,5.570,-3.972501,nan
2brb,2brb_85,0.930,-0.353421,nan
2brb,2brb_88,1.310,-0.663007,nan
2brb,2brb_94,6.100,-3.893365,nan
2brb,2brb_941,1.600,-0.520589,nan
2c3i,2c3i_16,0.970,-1.036302,nan
2c3i,2c3i_32,5.670,-4.150999,nan
2c3i,2c3i_338,1.570,-0.661574,nan
2c3i,2c3i_382,2.750,-0.904612,nan
2c3i,2c3i_387,0.980,-0.723176,nan
2c3i,2c3i_389,2.260,-0.996470,nan
2c3i,2c3i_403,2.460,-2.284886,nan
2c3i,2c3i_412,4.540,-1.731803,nan
2c3i,2c3i_424,4.000,-3.964198,nan
2c3i,2c3i_435,0.990,-1.221740,nan
2c3i,2c3i_441,6.060,-3.286435,nan
2c3i,2c3i_444,5.610,-2.032297,nan
2c3i,2c3i_45,1.630,-1.031354,nan
2c3i,2c3i_453,2.040,-0.900278,nan
2c3i,2c3i_456,4.300,-2.687635,nan
2c3i,2c3i_482,4.300,-0.845306,nan
2c3i,2c3i_491,1.760,-0.829974,nan
2c3i,2c3i_494,4.260,-1.589263,nan
2c3i,2c3i_503,5.100,-2.518006,nan
2c3i,2c3i_506,4.400,-3.000973,nan
2c3i,2c3i_507,5.080,-2.801373,nan
2c3i,2c3i_521,5.010,-1.358927,nan
2c3i,2c3i_522,3.710,-1.353766,nan
2c3i,2c3i_556,2.880,-1.146892,nan
2c3i,2c3i_559,4.640,-1.568829,nan
2c3i,2c3i_56,4.570,-0.881863,nan
2c3i,2c3i_560,4.540,-2.651395,nan
2c3i,2c3i_571,5.380,-3.678195,nan
2c3i,2c3i_573,3.340,-1.181125,nan
2c3i,2c3i_574,3.710,-1.803175,nan
2c3i,2c3i_580,3.980,-1.540349,nan
2c3i,2c3i_590,3.840,-1.623877,nan
2c3i,2c3i_592,3.720,-1.940487,nan
2c3i,2c3i_603,4.990,-3.184891,nan
2c3i,2c3i_609,2.480,-1.385089,nan
2c3i,2c3i_619,2.960,-1.552190,nan
2c3i,2c3i_62,2.010,-1.297031,nan
2c3i,2c3i_637,4.210,-1.747979,nan
2c3i,2c3i_650,1.800,-1.235036,nan
2c3i,2c3i_658,6.040,-2.544705,nan
2c3i,2c3i_659,2.620,-0.603803,nan
2c3i,2c3i_663,6.350,-4.938133,nan
2c3i,2c3i_675,3.890,-2.067272,nan
2c3i,2c3i_680,1.240,-1.200938,nan
2c3i,2c3i_687,6.100,-5.438657,nan
2c3i,2c3i_690,3.120,-0.764998,nan
2c3i,2c3i_693,2.070,-1.223720,nan
2c3i,2c3i_696,5.300,-2.056523,nan
2c3i,2c3i_699,6.420,-5.772602,nan
2c3i,2c3i_719,5.280,-0.896238,nan
2c3i,2c3i_720,1.180,-1.040854,nan
2c3i,2c3i_729,0.680,-0.749085,nan
2c3i,2c3i_734,0.970,-0.991172,nan
2c3i,2c3i_743,5.060,-3.222849,nan
2c3i,2c3i_746,3.980,-2.048114,nan
2c3i,2c3i_749,5.240,-1.450726,nan
2c3i,2c3i_799,0.900,-0.540258,nan
2c3i,2c3i_818,1.740,-0.422104,nan
2c3i,2c3i_823,0.880,-0.371396,nan
2c3i,2c3i_846,0.690,-0.756376,nan
2c3i,2c3i_857,1.060,-0.803938,nan
2c3i,2c3i_861,0.850,-0.595925,nan
2c3i,2c3i_895,0.730,-0.942690,nan
2c3i,2c3i_917,1.480,-1.271241,nan
2c3i,2c3i_954,1.500,-1.066589,nan
2cbv,2cbv_291,0.470,-0.733251,nan
2cbv,2cbv_312,0.580,-0.478125,nan
2cbv,2cbv_409,0.970,-1.658860,nan
2cbv,2cbv_413,2.020,-1.367787,nan
2cbv,2cbv_422,0.930,-0.942961,nan
2cbv,2cbv_452,0.960,-1.358197,nan
2cbv,2cbv_453,2.150,-1.045571,nan
2cbv,2cbv_470,1.860,-1.716381,nan
2cbv,2cbv_484,3.080,-3.620055,nan
2cbv,2cbv_489,1.860,-1.145763,nan
2cbv,2cbv_499,1.400,-1.475505,nan
2cbv,2cbv_524,4.190,-4.240997,nan
2cbv,2cbv_528,5.700,-6.025353,nan
2cbv,2cbv_541,4.110,-4.088888,nan
2cbv,2cbv_542,3.010,-2.964041,nan
2cbv,2cbv_546,4.510,-5.041683,nan
2cbv,2cbv_547,4.620,-4.897512,nan
2cbv,2cbv_548,5.530,-5.272176,nan
2cbv,2cbv_550,3.030,-2.809909,nan
2cbv,2cbv_551,3.500,-4.163295,nan
2cbv,2cbv_552,4.110,-4.314689,nan
2cbv,2cbv_553,6.490,-6.011385,nan
2cbv,2cbv_556,2.750,-3.136294,nan
2cbv,2cbv_560,5.490,-5.112259,nan
2cbv,2cbv_561,6.120,-5.654830,nan
2cbv,2cbv_562,5.360,-5.064718,nan
2cbv,2cbv_563,6.060,-6.033027,nan
2cbv,2cbv_564,5.080,-4.998838,nan
2cbv,2cbv_566,5.120,-5.312473,nan
2cbv,2cbv_567,4.660,-5.027774,nan
2cbv,2cbv_568,4.380,-4.591790,nan
2cbv,2cbv_571,4.900,-4.974144,nan
2cbv,2cbv_573,4.380,-5.031459,nan
2cbv,2cbv_579,4.820,-4.879031,nan
2cbv,2cbv_583,5.700,-5.371160,nan
2cbv,2cbv_586,6.440,-5.564234,nan
2cbv,2cbv_590,6.730,-6.335628,nan
2cbv,2cbv_591,5.720,-5.436441,nan
2cbv,2cbv_592,6.110,-5.654525,nan
2cbv,2cbv_593,6.810,-6.225816,nan
2cbv,2cbv_595,3.160,-2.948990,nan
2cbv,2cbv_596,5.460,-5.860081,nan
2cbv,2cbv_62,0.420,-0.507865,nan
2cbv,2cbv_658,3.210,-3.148205,nan
2cbv,2cbv_661,2.620,-2.844631,nan
2cbv,2cbv_675,3.400,-2.878133,nan
2cbv,2cbv_685,3.100,-2.670053,nan
2cbv,2cbv_696,3.360,-2.778679,nan
2cbv,2cbv_712,0.580,-0.642318,nan
2cbv,2cbv_719,0.380,-0.277013,nan
2cbv,2cbv_753,1.990,-1.163449,nan
2cbv,2cbv_759,2.130,-1.608650,nan
2cbv,2cbv_770,2.510,-2.387014,nan
2cbv,2cbv_772,2.410,-1.224563,nan
2cbv,2cbv_773,1.710,-1.314591,nan
2cbv,2cbv_781,2.460,-1.424680,nan
2cbv,2cbv_785,1.930,-1.134542,nan
2cbv,2cbv_869,1.860,-0.682598,nan
2cbv,2cbv_871,1.720,-1.843681,nan
2cbv,2cbv_872,3.090,-3.331198,nan
2cbv,2cbv_877,1.300,-0.605896,nan
2cbv,2cbv_881,2.360,-2.178887,nan
2cbv,2cbv_90,0.250,-0.315430,nan
2cbv,2cbv_945,0.990,-0.657602,nan
2cbv,2cbv_984,2.050,-1.515368,nan
2cbv,2cbv_985,2.000,-1.071719,nan
2cet,2cet_108,1.210,-2.008966,nan
2cet,2cet_123,0.940,-1.636638,nan
2cet,2cet_125,2.480,-3.034662,nan
2cet,2cet_188,0.680,-1.505612,nan
2cet,2cet_313,0.850,-1.628950,nan
2cet,2cet_326,0.970,-1.578691,nan
2cet,2cet_359,0.880,-1.439706,nan
2cet,2cet_378,4.070,-5.638423,nan
2cet,2cet_406,2.780,-3.306701,nan
2cet,2cet_418,7.120,-4.473246,nan
2cet,2cet_419,3.110,-4.289518,nan
2cet,2cet_421,6.770,-4.255910,nan
2cet,2cet_430,7.190,-3.793669,nan
2cet,2cet_435,3.530,-4.493539,nan
2cet,2cet_436,2.770,-3.851499,nan
2cet,2cet_452,5.970,-5.105288,nan
2cet,2cet_457,7.650,-5.572475,nan
2cet,2cet_458,3.640,-4.602426,nan
2cet,2cet_466,5.900,-4.082907,nan
2cet,2cet_469,7.250,-4.608790,nan
2cet,2cet_474,7.680,-5.260128,nan
2cet,2cet_478,7.670,-5.604801,nan
2cet,2cet_481,1.700,-1.933268,nan
2cet,2cet_518,6.650,-5.968625,nan
2cet,2cet_522,5.750,-6.138030,nan
2cet,2cet_524,1.440,-1.757199,nan
2cet,2cet_528,6.010,-6.448852,nan
2cet,2cet_529,3.360,-4.223876,nan
2cet,2cet_533,3.860,-3.046728,nan
2cet,2cet_540,8.270,-6.254564,nan
2cet,2cet_548,7.300,-6.728581,nan
2cet,2cet_550,5.330,-7.190145,nan
2cet,2cet_552,6.710,-6.113000,nan
2cet,2cet_554,6.450,-6.908830,nan
2cet,2cet_556,4.400,-4.671464,nan
2cet,2cet_560,2.860,-2.935324,nan
2cet,2cet_561,5.160,-5.224607,nan
2cet,2cet_564,1.260,-2.214838,nan
2cet,2cet_566,5.810,-5.641771,nan
2cet,2cet_567,4.850,-6.032804,nan
2cet,2cet_568,5.550,-6.561605,nan
2cet,2cet_569,6.560,-5.637516,nan
2cet,2cet_570,7.500,-6.284928,nan
2cet,2cet_578,8.370,-5.941329,nan
2cet,2cet_580,2.730,-1.787551,nan
2cet,2cet_581,3.270,-3.857402,nan
2cet,2cet_585,7.410,-6.391112,nan
2cet,2cet_588,4.840,-4.264922,nan
2cet,2cet_589,5.100,-5.737311,nan
2cet,2cet_591,6.210,-5.689037,nan
2cet,2cet_592,2.520,-2.875652,nan
2cet,2cet_593,4.500,-4.419028,nan
2cet,2cet_594,4.410,-5.239463,nan
2cet,2cet_595,6.150,-4.617780,nan
2cet,2cet_599,3.180,-3.674726,nan
2cet,2cet_643,4.450,-3.694558,nan
2cet,2cet_656,8.080,-7.010100,nan
2cet,2cet_662,5.780,-5.369235,nan
2cet,2cet_665,2.230,-2.292426,nan
2cet,2cet_668,4.610,-5.822712,nan
2cet,2cet_669,7.780,-7.162785,nan
2cet,2cet_672,6.780,-6.444313,nan
2cet,2cet_673,6.240,-6.141362,nan
2cet,2cet_676,5.210,-5.752321,nan
2cet,2cet_679,2.620,-3.762335,nan
2cet,2cet_682,4.430,-4.692234,nan
2cet,2cet_689,3.470,-3.662982,nan
2cet,2cet_699,5.000,-4.857074,nan
2cet,2cet_722,1.980,-2.710685,nan
2cet,2cet_725,0.830,-1.401636,nan
2cet,2cet_734,0.980,-1.468233,nan
2cet,2cet_741,0.740,-1.404721,nan
2cet,2cet_742,0.890,-1.437327,nan
2cet,2cet_745,3.230,-4.138828,nan
2cet,2cet_756,0.770,-1.893175,nan
2cet,2cet_761,1.510,-1.525855,nan
2cet,2cet_765,2.930,-4.162218,nan
2cet,2cet_768,2.990,-2.540922,nan
2cet,2cet_776,1.080,-1.605348,nan
2cet,2cet_777,3.440,-2.338303,nan
2cet,2cet_855,1.300,-1.391357,nan
2cet,2cet_857,1.470,-1.577021,nan
2cet,2cet_875,1.790,-2.393332,nan
2fvd,2fvd_10,6.000,-4.186103,nan
2fvd,2fvd_102,0.950,-0.832282,nan
2fvd,2fvd_105,3.340,-0.601261,nan
2fvd,2fvd_107,9.570,-4.577941,nan
2fvd,2fvd_116,3.020,-0.537795,nan
2fvd,2fvd_118,3.820,-1.478656,nan
2fvd,2fvd_121,5.080,-3.577428,nan
2fvd,2fvd_122,2.790,-0.496841,nan
2fvd,2fvd_126,9.840,-4.176376,nan
2fvd,2fvd_136,3.470,-1.174611,nan
2fvd,2fvd_169,6.180,-4.771545,nan
2fvd,2fvd_175,5.930,-4.003286,nan
2fvd,2fvd_188,9.920,-5.057934,nan
2fvd,2fvd_200,5.180,-3.043132,nan
2fvd,2fvd_204,2.440,-0.432740,nan
2fvd,2fvd_210,0.640,-0.625536,nan
2fvd,2fvd_211,0.850,-0.957949,nan
2fvd,2fvd_219,7.940,-4.417659,nan
2fvd,2fvd_220,6.850,-5.982561,nan
2fvd,2fvd_223,0.610,-0.853895,nan
2fvd,2fvd_225,2.070,-0.674985,nan
2fvd,2fvd_235,0.870,-0.693286,nan
2fvd,2fvd_238,7.620,-5.016981,nan
2fvd,2fvd_24,5.830,-4.384792,nan
2fvd,2fvd_243,7.600,-7.333607,nan
2fvd,2fvd_266,9.530,-4.243521,nan
2fvd,2fvd_270,1.020,-0.607337,nan
2fvd,2fvd_275,0.920,-0.580717,nan
2fvd,2fvd_282,8.260,-4.698801,nan
2fvd,2fvd_286,1.080,-1.052763,nan
2fvd,2fvd_288,0.540,-0.461720,nan
2fvd,2fvd_292,1.080,-0.555046,nan
2fvd,2fvd_309,8.260,-1.448634,nan
2fvd,2fvd_312,7.640,-2.785802,nan
2fvd,2fvd_34,0.830,-0.471494,nan
2fvd,2fvd_345,1.410,-1.010443,nan
2fvd,2fvd_348,8.610,-3.907650,nan
2fvd,2fvd_369,2.940,-0.845744,nan
2fvd,2fvd_382,3.140,-1.009195,nan
2fvd,2fvd_388,9.280,-3.870132,nan
2fvd,2fvd_39,0.970,-0.883900,nan
2fvd,2fvd_397,8.800,-3.937972,nan
2fvd,2fvd_40,1.030,-0.910286,nan
2fvd,2fvd_408,7.480,-2.231390,nan
2fvd,2fvd_410,5.080,-2.540195,nan
2fvd,2fvd_42,3.040,-0.773010,nan
2fvd,2fvd_421,2.400,-1.884132,nan
2fvd,2fvd_428,4.020,-2.681452,nan
2fvd,2fvd_434,5.270,-2.950556,nan
2fvd,2fvd_435,8.020,-4.114088,nan
2fvd,2fvd_443,4.510,-2.315961,nan
2fvd,2fvd_467,2.590,-2.168255,nan
2fvd,2fvd_468,6.250,-2.635196,nan
2fvd,2fvd_469,6.870,-2.270885,nan
2fvd,2fvd_475,7.640,-2.658373,nan
2fvd,2fvd_478,4.020,-2.726994,nan
2fvd,2fvd_48,6.580,-4.698266,nan
2fvd,2fvd_484,8.020,-7.876580,nan
2fvd,2fvd_490,3.340,-2.219994,nan
2fvd,2fvd_495,3.170,-2.371231,nan
2fvd,2fvd_50,6.500,-4.122712,nan
2fvd,2fvd_505,3.290,-2.098074,nan
2fvd,2fvd_553,4.860,-4.334340,nan
2fvd,2fvd_555,2.090,-1.388096,nan
2fvd,2fvd_585,6.620,-3.281703,nan
2fvd,2fvd_592,7.910,-3.565595,nan
2fvd,2fvd_599,5.820,-1.911529,nan
2fvd,2fvd_6,2.580,-1.858759,nan
2fvd,2fvd_602,8.570,-5.382323,nan
2fvd,2fvd_603,4.130,-1.659221,nan
2fvd,2fvd_606,4.960,-4.343274,nan
2fvd,2fvd_610,8.030,-4.726863,nan
2fvd,2fvd_62,4.000,-3.607202,nan
2fvd,2fvd_637,5.500,-4.539900,nan
2fvd,2fvd_638,8.130,-5.203297,nan
2fvd,2fvd_639,5.670,-5.583262,nan
2fvd,2fvd_640,4.190,-3.245357,nan
2fvd,2fvd_642,7.900,-4.738692,nan
2fvd,2fvd_645,4.450,-3.635146,nan
2fvd,2fvd_649,9.030,-5.309760,nan
2fvd,2fvd_65,1.350,-0.902593,nan
2fvd,2fvd_673,6.040,-5.479506,nan
2fvd,2fvd_679,5.080,-4.386684,nan
2fvd,2fvd_680,9.330,-6.436243,nan
2fvd,2fvd_695,4.600,-3.858059,nan
2fvd,2fvd_698,6.840,-3.546725,nan
2fvd,2fvd_71,7.200,-2.505351,nan
2fvd,2fvd_72,6.810,-6.044994,nan
2fvd,2fvd_747,1.690,-0.949249,nan
2fvd,2fvd_751,2.130,-0.758815,nan
2fvd,2fvd_76,1.220,-0.765846,nan
2fvd,2fvd_778,9.130,-7.877693,nan
2fvd,2fvd_780,2.130,-0.407447,nan
2fvd,2fvd_783,9.940,-4.420774,nan
2fvd,2fvd_809,2.000,-0.245245,nan
2fvd,2fvd_86,1.320,-0.969511,nan
2fvd,2fvd_872,9.310,-8.610548,nan
2fvd,2fvd_880,8.060,-1.250494,nan
2fvd,2fvd_881,7.680,-4.606547,nan
2fvd,2fvd_889,0.890,-0.566748,nan
2fxs,2fxs_120,5.250,-4.019248,nan
2fxs,2fxs_142,2.450,-1.735368,nan
2fxs,2fxs_153,3.060,-1.503628,nan
2fxs,2fxs_163,4.650,-2.029751,nan
2fxs,2fxs_241,3.830,-1.826052,nan
2fxs,2fxs_251,3.960,-2.143114,nan
2fxs,2fxs_266,4.150,-2.084454,nan
2fxs,2fxs_336,0.760,-0.914425,nan
2fxs,2fxs_345,0.670,-1.322103,nan
2fxs,2fxs_397,6.380,-3.606455,nan
2fxs,2fxs_41,0.600,-1.229929,nan
2fxs,2fxs_453,6.090,-5.710819,nan
2fxs,2fxs_49,0.690,-1.148736,nan
2fxs,2fxs_491,6.220,-4.561990,nan
2fxs,2fxs_507,5.420,-5.045689,nan
2fxs,2fxs_521,1.780,-2.051359,nan
2fxs,2fxs_552,6.070,-7.677713,nan
2fxs,2fxs_559,4.460,-3.376237,nan
2fxs,2fxs_564,5.110,-5.522957,nan
2fxs,2fxs_576,3.870,-4.913309,nan
2fxs,2fxs_584,1.920,-2.113917,nan
2fxs,2fxs_597,5.050,-2.611881,nan
2fxs,2fxs_608,1.550,-1.792603,nan
2fxs,2fxs_632,6.410,-4.001840,nan
2fxs,2fxs_636,1.700,-2.499361,nan
2fxs,2fxs_643,6.050,-7.660207,nan
2fxs,2fxs_67,0.630,-1.502137,nan
2fxs,2fxs_678,5.600,-3.856714,nan
2fxs,2fxs_693,4.160,-5.871838,nan
2fxs,2fxs_697,2.910,-1.458533,nan
2fxs,2fxs_701,5.930,-7.782312,nan
2fxs,2fxs_704,2.370,-1.248096,nan
2fxs,2fxs_706,1.290,-1.763587,nan
2fxs,2fxs_730,4.370,-2.547964,nan
2fxs,2fxs_745,1.580,-0.748205,nan
2fxs,2fxs_747,5.360,-2.932446,nan
2fxs,2fxs_750,1.390,-1.462419,nan
2fxs,2fxs_751,2.730,-1.792176,nan
2fxs,2fxs_753,3.290,-2.747045,nan
2fxs,2fxs_754,4.770,-5.348679,nan
2fxs,2fxs_760,1.890,-1.135695,nan
2fxs,2fxs_763,2.660,-1.583578,nan
2fxs,2fxs_764,2.860,-1.497037,nan
2fxs,2fxs_769,4.370,-2.475216,nan
2fxs,2fxs_770,3.200,-1.946447,nan
2fxs,2fxs_774,3.130,-2.357355,nan
2fxs,2fxs_775,2.060,-1.247485,nan
2fxs,2fxs_777,4.020,-2.350735,nan
2fxs,2fxs_779,3.640,-1.395354,nan
2fxs,2fxs_789,4.770,-2.310538,nan
2fxs,2fxs_815,1.490,-1.622918,nan
2fxs,2fxs_827,0.870,-1.158811,nan
2fxs,2fxs_861,3.630,-1.459931,nan
2fxs,2fxs_864,4.680,-2.441784,nan
2fxs,2fxs_869,3.930,-2.544317,nan
2fxs,2fxs_876,5.180,-3.456026,nan
2fxs,2fxs_879,2.500,-1.718814,nan
2fxs,2fxs_889,2.310,-2.672955,nan
2fxs,2fxs_896,5.160,-3.314644,nan
2fxs,2fxs_905,1.620,-0.889270,nan
2fxs,2fxs_910,5.750,-3.986663,nan
2fxs,2fxs_921,0.950,-1.436597,nan
2fxs,2fxs_927,0.790,-0.861666,nan
2fxs,2fxs_939,2.970,-1.888906,nan
2fxs,2fxs_941,0.650,-1.084136,nan
2fxs,2fxs_953,0.540,-1.689161,nan
2hb1,2hb1_102,1.070,-0.477577,nan
2hb1,2hb1_134,0.790,-0.518759,nan
2hb1,2hb1_148,0.810,-0.472556,nan
2hb1,2hb1_149,1.180,-1.419340,nan
2hb1,2hb1_167,0.530,-0.507929,nan
2hb1,2hb1_175,0.410,-0.358272,nan
2hb1,2hb1_313,0.320,-0.603199,nan
2hb1,2hb1_330,0.980,-0.902266,nan
2hb1,2hb1_376,1.140,-0.942108,nan
2hb1,2hb1_408,2.970,-0.886221,nan
2hb1,2hb1_417,0.900,-0.824721,nan
2hb1,2hb1_424,1.250,-1.479099,nan
2hb1,2hb1_427,2.190,-1.101366,nan
2hb1,2hb1_438,3.880,-1.056634,nan
2hb1,2hb1_440,2.990,-1.614156,nan
2hb1,2hb1_447,3.260,-1.520721,nan
2hb1,2hb1_448,2.230,-1.939883,nan
2hb1,2hb1_457,1.000,-0.642296,nan
2hb1,2hb1_463,3.080,-2.053655,nan
2hb1,2hb1_477,3.390,-1.774754,nan
2hb1,2hb1_480,1.850,-1.469122,nan
2hb1,2hb1_485,1.880,-1.375717,nan
2hb1,2hb1_495,3.340,-1.153695,nan
2hb1,2hb1_504,2.100,-1.908114,nan
2hb1,2hb1_559,3.010,-1.103500,nan
2hb1,2hb1_562,1.900,-1.584398,nan
2hb1,2hb1_573,3.140,-1.541226,nan
2hb1,2hb1_574,3.200,-1.366654,nan
2hb1,2hb1_613,2.720,-1.160244,nan
2hb1,2hb1_640,0.730,-0.763139,nan
2hb1,2hb1_642,1.670,-0.979093,nan
2hb1,2hb1_664,4.260,-4.529727,nan
2hb1,2hb1_666,2.160,-2.061971,nan
2hb1,2hb1_675,3.020,-2.376642,nan
2hb1,2hb1_689,1.850,-1.712645,nan
2hb1,2hb1_690,1.340,-1.174057,nan
2hb1,2hb1_695,2.760,-1.507516,nan
2hb1,2hb1_763,2.200,-1.373295,nan
2hb1,2hb1_772,2.570,-2.112561,nan
2hb1,2hb1_785,3.670,-2.516555,nan
2hb1,2hb1_981,0.790,-0.731952,nan
2iwx,2iwx_101,0.420,-0.412765,nan
2iwx,2iwx_103,0.970,-0.722152,nan
2iwx,2iwx_315,0.670,-0.599651,nan
2iwx,2iwx_351,0.330,-0.476789,nan
2iwx,2iwx_366,0.540,-0.692661,nan
2iwx,2iwx_368,0.870,-0.429986,nan
2iwx,2iwx_394,0.360,-0.589290,nan
2iwx,2iwx_404,2.130,-1.752423,nan
2iwx,2iwx_406,4.950,-2.592725,nan
2iwx,2iwx_407,1.160,-0.825365,nan
2iwx,2iwx_409,2.580,-2.242629,nan
2iwx,2iwx_412,4.330,-2.700010,nan
2iwx,2iwx_432,1.710,-1.511146,nan
2iwx,2iwx_433,5.250,-3.659808,nan
2iwx,2iwx_438,3.610,-2.754710,nan
2iwx,2iwx_440,1.200,-1.620441,nan
2iwx,2iwx_446,2.240,-2.191670,nan
2iwx,2iwx_456,5.180,-2.690323,nan
2iwx,2iwx_463,3.270,-2.650191,nan
2iwx,2iwx_464,2.720,-2.106842,nan
2iwx,2iwx_469,2.790,-2.549324,nan
2iwx,2iwx_470,5.020,-3.885845,nan
2iwx,2iwx_472,1.270,-1.639749,nan
2iwx,2iwx_480,4.830,-3.310249,nan
2iwx,2iwx_484,1.910,-2.421719,nan
2iwx,2iwx_487,4.080,-3.119967,nan
2iwx,2iwx_492,3.790,-2.512585,nan
2iwx,2iwx_498,3.260,-2.480490,nan
2iwx,2iwx_507,1.140,-1.817202,nan
2iwx,2iwx_508,0.980,-1.096809,nan
2iwx,2iwx_519,2.120,-2.798539,nan
2iwx,2iwx_529,1.480,-0.967874,nan
2iwx,2iwx_534,0.970,-0.721448,nan
2iwx,2iwx_547,6.330,-5.516095,nan
2iwx,2iwx_567,8.370,-8.530072,nan
2iwx,2iwx_570,3.590,-2.055440,nan
2iwx,2iwx_572,2.520,-1.729078,nan
2iwx,2iwx_575,6.900,-5.302425,nan
2iwx,2iwx_578,1.840,-1.839482,nan
2iwx,2iwx_583,4.860,-2.371272,nan
2iwx,2iwx_590,5.950,-5.536705,nan
2iwx,2iwx_596,5.210,-2.114099,nan
2iwx,2iwx_598,2.950,-2.624462,nan
2iwx,2iwx_623,3.900,-3.214113,nan
2iwx,2iwx_631,1.830,-1.841295,nan
2iwx,2iwx_633,1.610,-1.744949,nan
2iwx,2iwx_645,4.300,-3.546205,nan
2iwx,2iwx_647,3.690,-2.720189,nan
2iwx,2iwx_657,2.470,-2.644608,nan
2iwx,2iwx_659,2.440,-2.599597,nan
2iwx,2iwx_663,4.560,-3.796363,nan
2iwx,2iwx_664,5.500,-3.876569,nan
2iwx,2iwx_667,6.100,-4.976508,nan
2iwx,2iwx_671,5.990,-5.294890,nan
2iwx,2iwx_672,4.500,-2.687916,nan
2iwx,2iwx_685,5.590,-4.297841,nan
2iwx,2iwx_728,3.310,-1.451037,nan
2iwx,2iwx_731,6.440,-6.940040,nan
2iwx,2iwx_735,5.390,-5.263829,nan
2iwx,2iwx_745,8.970,-8.586544,nan
2iwx,2iwx_752,4.940,-4.071656,nan
2iwx,2iwx_756,4.950,-5.647694,nan
2iwx,2iwx_757,7.140,-7.431004,nan
2iwx,2iwx_758,6.920,-5.992851,nan
2iwx,2iwx_759,6.900,-6.301176,nan
2iwx,2iwx_760,6.630,-6.319956,nan
2iwx,2iwx_762,6.180,-5.651779,nan
2iwx,2iwx_763,6.010,-4.136461,nan
2iwx,2iwx_766,7.170,-6.500798,nan
2iwx,2iwx_776,3.960,-3.180641,nan
2iwx,2iwx_780,3.990,-3.582986,nan
2iwx,2iwx_801,0.840,-0.756875,nan
2iwx,2iwx_843,8.730,-8.572798,nan
2iwx,2iwx_847,8.680,-8.588330,nan
2iwx,2iwx_866,5.180,-5.159840,nan
2iwx,2iwx_874,6.080,-5.917661,nan
2iwx,2iwx_881,7.080,-7.717697,nan
2iwx,2iwx_970,7.580,-7.378250,nan
2j78,2j78_101,4.110,-3.094140,nan
2j78,2j78_115,4.020,-3.220778,nan
2j78,2j78_140,4.130,-3.164503,nan
2j78,2j78_176,4.080,-3.104338,nan
2j78,2j78_22,0.880,-0.532809,nan
2j78,2j78_31,0.740,-0.666301,nan
2j78,2j78_311,0.370,-0.375697,nan
2j78,2j78_317,4.190,-3.294332,nan
2j78,2j78_320,7.160,-6.343448,nan
2j78,2j78_326,0.700,-0.275244,nan
2j78,2j78_332,7.320,-6.935333,nan
2j78,2j78_349,7.130,-6.919837,nan
2j78,2j78_369,6.930,-6.590917,nan
2j78,2j78_382,4.290,-3.004541,nan
2j78,2j78_383,4.410,-4.060072,nan
2j78,2j78_397,4.260,-3.231468,nan
2j78,2j78_406,0.920,-0.545780,nan
2j78,2j78_458,1.140,-0.805977,nan
2j78,2j78_459,1.990,-0.848852,nan
2j78,2j78_460,1.590,-0.950451,nan
2j78,2j78_471,2.490,-0.913557,nan
2j78,2j78_486,1.860,-1.267155,nan
2j78,2j78_507,1.960,-0.819157,nan
2j78,2j78_52,0.870,-0.497398,nan
2j78,2j78_546,3.940,-3.353015,nan
2j78,2j78_575,4.580,-3.730418,nan
2j78,2j78_597,2.380,-0.881056,nan
2j78,2j78_621,2.290,-1.501882,nan
2j78,2j78_626,3.010,-2.022857,nan
2j78,2j78_650,3.010,-1.651696,nan
2j78,2j78_657,4.470,-2.853908,nan
2j78,2j78_684,3.080,-3.192215,nan
2j78,2j78_716,3.270,-1.611514,nan
2j78,2j78_719,2.340,-0.703921,nan
2j78,2j78_744,2.690,-0.998888,nan
2j78,2j78_751,2.650,-1.359549,nan
2j78,2j78_754,1.880,-0.995856,nan
2j78,2j78_755,2.470,-0.903216,nan
2j78,2j78_777,2.100,-1.746348,nan
2j78,2j78_779,3.260,-1.122072,nan
2j78,2j78_787,2.780,-1.104321,nan
2j78,2j78_795,3.460,-2.105628,nan
2j78,2j78_796,1.750,-0.788844,nan
2j78,2j78_808,0.970,-0.830463,nan
2j78,2j78_812,0.790,-0.644368,nan
2j78,2j78_827,3.510,-2.486758,nan
2j78,2j78_835,1.760,-0.803857,nan
2j78,2j78_857,1.760,-0.532730,nan
2j78,2j78_862,1.560,-0.447255,nan
2j78,2j78_881,2.210,-0.730686,nan
2j78,2j78_882,3.050,-1.581049,nan
2j78,2j78_938,3.090,-1.354419,nan
2j78,2j78_941,0.980,-0.747932,nan
2j78,2j78_97,0.470,-0.248444,nan
2j7h,2j7h_18,0.960,-0.234551,nan
2j7h,2j7h_211,0.490,-0.344193,nan
2j7h,2j7h_219,0.880,-0.691905,nan
2j7h,2j7h_227,2.310,-0.135129,nan
2j7h,2j7h_26,0.410,-0.145572,nan
2j7h,2j7h_274,1.030,-0.563615,nan
2j7h,2j7h_33,2.370,-0.499382,nan
2j7h,2j7h_41,0.430,-0.255191,nan
2j7h,2j7h_451,1.580,-0.587094,nan
2j7h,2j7h_458,2.230,-1.580855,nan
2j7h,2j7h_48,0.170,-0.258362,nan
2j7h,2j7h_480,1.850,-1.443941,nan
2j7h,2j7h_522,3.360,-2.921444,nan
2j7h,2j7h_539,4.380,-3.923284,nan
2j7h,2j7h_541,3.170,-2.631249,nan
2j7h,2j7h_549,3.190,-2.969039,nan
2j7h,2j7h_555,4.820,-5.323547,nan
2j7h,2j7h_557,3.230,-3.040227,nan
2j7h,2j7h_558,4.120,-4.047626,nan
2j7h,2j7h_56,0.850,-0.333978,nan
2j7h,2j7h_563,4.060,-4.287175,nan
2j7h,2j7h_567,4.310,-4.043653,nan
2j7h,2j7h_569,4.330,-4.058115,nan
2j7h,2j7h_586,4.010,-4.036817,nan
2j7h,2j7h_597,5.020,-4.663926,nan
2j7h,2j7h_633,3.100,-2.727005,nan
2j7h,2j7h_720,0.450,-0.131370,nan
2j7h,2j7h_721,0.750,-0.327465,nan
2j7h,2j7h_727,1.460,-0.756547,nan
2j7h,2j7h_733,1.710,-0.875949,nan
2j7h,2j7h_736,1.380,-0.595074,nan
2j7h,2j7h_747,1.410,-0.620844,nan
2j7h,2j7h_752,4.110,-3.562536,nan
2j7h,2j7h_761,1.520,-1.001146,nan
2j7h,2j7h_762,1.590,-1.024789,nan
2j7h,2j7h_767,2.250,-1.144773,nan
2j7h,2j7h_771,2.370,-0.993621,nan
2j7h,2j7h_776,4.390,-4.282387,nan
2j7h,2j7h_778,4.180,-3.837291,nan
2j7h,2j7h_780,3.530,-3.642839,nan
2j7h,2j7h_784,1.900,-1.103741,nan
2j7h,2j7h_787,2.690,-2.544720,nan
2j7h,2j7h_793,3.180,-1.812825,nan
2j7h,2j7h_794,3.350,-2.473678,nan
2j7h,2j7h_795,2.470,-2.505948,nan
2j7h,2j7h_796,2.710,-2.758659,nan
2j7h,2j7h_797,2.430,-1.935067,nan
2j7h,2j7h_840,2.270,-0.713566,nan
2j7h,2j7h_861,3.160,-2.221876,nan
2j7h,2j7h_869,3.870,-4.206085,nan
2j7h,2j7h_912,0.480,-0.131370,nan
2p15,2p15_133,1.140,-0.883175,nan
2p15,2p15_155,4.560,-2.162597,nan
2p15,2p15_216,2.200,-0.836509,nan
2p15,2p15_262,0.400,-0.475911,nan
2p15,2p15_290,0.780,-0.093727,nan
2p15,2p15_331,0.270,-0.626376,nan
2p15,2p15_344,0.780,-0.620857,nan
2p15,2p15_402,1.000,-0.824673,nan
2p15,2p15_404,0.870,-0.623979,nan
2p15,2p15_407,0.900,-0.862287,nan
2p15,2p15_414,3.900,-1.745670,nan
2p15,2p15_415,4.100,-1.514239,nan
2p15,2p15_425,1.500,-1.631017,nan
2p15,2p15_427,3.800,-1.545504,nan
2p15,2p15_435,1.510,-1.439458,nan
2p15,2p15_437,1.380,-1.052343,nan
2p15,2p15_446,1.160,-0.857067,nan
2p15,2p15_453,3.410,-1.947381,nan
2p15,2p15_456,2.540,-1.517354,nan
2p15,2p15_460,1.830,-1.698305,nan
2p15,2p15_466,3.860,-2.179688,nan
2p15,2p15_471,1.990,-1.752397,nan
2p15,2p15_478,3.540,-1.884478,nan
2p15,2p15_479,4.000,-1.817340,nan
2p15,2p15_480,2.100,-2.162189,nan
2p15,2p15_481,2.150,-2.195265,nan
2p15,2p15_489,2.150,-1.849116,nan
2p15,2p15_493,4.100,-2.356525,nan
2p15,2p15_496,4.300,-2.173180,nan
2p15,2p15_546,4.760,-2.553101,nan
2p15,2p15_550,3.780,-2.021079,nan
2p15,2p15_557,2.610,-2.147262,nan
2p15,2p15_567,4.940,-3.854442,nan
2p15,2p15_568,4.630,-1.707279,nan
2p15,2p15_569,2.320,-1.304332,nan
2p15,2p15_578,3.900,-2.696422,nan
2p15,2p15_579,1.530,-1.185842,nan
2p15,2p15_582,5.300,-3.263123,nan
2p15,2p15_589,4.030,-3.058734,nan
2p15,2p15_590,5.210,-2.953291,nan
2p15,2p15_591,3.750,-1.926140,nan
2p15,2p15_592,1.980,-1.226203,nan
2p15,2p15_598,2.020,-1.703617,nan
2p15,2p15_600,5.110,-4.585303,nan
2p15,2p15_645,4.160,-1.686995,nan
2p15,2p15_678,4.560,-1.688896,nan
2p15,2p15_687,2.390,-1.656313,nan
2p15,2p15_699,2.460,-1.772405,nan
2p15,2p15_700,1.670,-1.672665,nan
2p15,2p15_765,3.820,-2.921825,nan
2p15,2p15_801,0.600,-0.546191,nan
2p15,2p15_850,0.620,-0.365954,nan
2p15,2p15_87,0.410,-0.389864,nan
2p4y,2p4y_100,1.680,-1.678544,nan
2p4y,2p4y_103,0.810,-0.770741,nan
2p4y,2p4y_127,7.820,-8.481098,nan
2p4y,2p4y_146,1.980,-1.578410,nan
2p4y,2p4y_152,0.790,-0.462879,nan
2p4y,2p4y_169,1.910,-2.142910,nan
2p4y,2p4y_202,0.810,-1.437718,nan
2p4y,2p4y_208,0.820,-0.633906,nan
2p4y,2p4y_223,4.930,-1.586126,nan
2p4y,2p4y_240,0.790,-0.787848,nan
2p4y,2p4y_247,0.790,-0.579235,nan
2p4y,2p4y_25,4.440,-2.034343,nan
2p4y,2p4y_253,0.590,-0.350711,nan
2p4y,2p4y_268,2.070,-1.168820,nan
2p4y,2p4y_275,5.230,-1.798980,nan
2p4y,2p4y_293,1.460,-1.814961,nan
2p4y,2p4y_297,1.020,-1.340336,nan
2p4y,2p4y_305,3.850,-4.093575,nan
2p4y,2p4y_309,9.260,-8.581884,nan
2p4y,2p4y_314,2.870,-3.465621,nan
2p4y,2p4y_350,9.690,-8.567234,nan
2p4y,2p4y_38,0.880,-1.276888,nan
2p4y,2p4y_407,2.760,-3.121641,nan
2p4y,2p4y_409,3.560,-3.161441,nan
2p4y,2p4y_412,5.840,-5.658195,nan
2p4y,2p4y_419,1.760,-1.756189,nan
2p4y,2p4y_423,2.290,-2.614228,nan
2p4y,2p4y_424,2.580,-2.270496,nan
2p4y,2p4y_435,3.010,-2.212117,nan
2p4y,2p4y_445,3.220,-3.559615,nan
2p4y,2p4y_446,2.290,-2.762253,nan
2p4y,2p4y_456,3.770,-3.126947,nan
2p4y,2p4y_461,1.370,-2.056296,nan
2p4y,2p4y_472,3.480,-4.731286,nan
2p4y,2p4y_509,7.250,-7.560984,nan
2p4y,2p4y_53,6.020,-2.518611,nan
2p4y,2p4y_549,7.410,-7.293728,nan
2p4y,2p4y_564,7.770,-8.227180,nan
2p4y,2p4y_570,7.610,-8.462130,nan
2p4y,2p4y_581,7.350,-6.771046,nan
2p4y,2p4y_582,7.060,-7.273560,nan
2p4y,2p4y_587,2.200,-2.801154,nan
2p4y,2p4y_588,7.370,-6.570117,nan
2p4y,2p4y_591,8.410,-8.505446,nan
2p4y,2p4y_595,4.680,-4.986183,nan
2p4y,2p4y_596,8.210,-7.792384,nan
2p4y,2p4y_600,3.360,-3.453161,nan
2p4y,2p4y_618,8.110,-7.238158,nan
2p4y,2p4y_649,9.850,-8.570779,nan
2p4y,2p4y_665,3.860,-2.419748,nan
2p4y,2p4y_669,5.240,-3.449896,nan
2p4y,2p4y_679,8.200,-8.334663,nan
2p4y,2p4y_685,2.120,-1.737386,nan
2p4y,2p4y_700,7.040,-5.952173,nan
2p4y,2p4y_703,1.460,-1.504746,nan
2p4y,2p4y_714,1.490,-2.888231,nan
2p4y,2p4y_718,5.850,-5.317029,nan
2p4y,2p4y_74,0.950,-0.609643,nan
2p4y,2p4y_748,5.110,-2.789903,nan
2p4y,2p4y_749,5.750,-3.709802,nan
2p4y,2p4y_751,6.150,-5.261587,nan
2p4y,2p4y_752,3.850,-2.553401,nan
2p4y,2p4y_757,4.800,-1.479996,nan
2p4y,2p4y_758,6.560,-3.911630,nan
2p4y,2p4y_761,6.050,-5.674081,nan
2p4y,2p4y_762,5.270,-2.333200,nan
2p4y,2p4y_765,2.770,-3.865452,nan
2p4y,2p4y_767,4.270,-2.730489,nan
2p4y,2p4y_77,0.450,-0.595969,nan
2p4y,2p4y_772,6.800,-5.068903,nan
2p4y,2p4y_773,4.570,-3.591273,nan
2p4y,2p4y_775,4.970,-2.906211,nan
2p4y,2p4y_778,7.140,-6.635006,nan
2p4y,2p4y_781,4.270,-2.688076,nan
2p4y,2p4y_782,4.330,-4.601883,nan
2p4y,2p4y_784,1.560,-1.309763,nan
2p4y,2p4y_785,5.770,-3.187700,nan
2p4y,2p4y_842,6.110,-3.314097,nan
2p4y,2p4y_856,4.350,-2.981475,nan
2p4y,2p4y_859,3.110,-3.476892,nan
2p4y,2p4y_899,6.540,-3.466932,nan
2p4y,2p4y_908,5.940,-1.094830,nan
2p4y,2p4y_932,6.920,-6.070546,nan
2p4y,2p4y_938,2.810,-2.088108,nan
2p4y,2p4y_951,6.270,-5.927495,nan
2p4y,2p4y_961,5.380,-5.908294,nan
2p4y,2p4y_979,6.030,-1.061733,nan
2pog,2pog_402,3.050,-1.498103,nan
2pog,2pog_404,1.380,-0.986708,nan
2pog,2pog_405,0.660,-0.260766,nan
2pog,2pog_434,1.220,-0.920813,nan
2pog,2pog_441,0.770,-0.436879,nan
2pog,2pog_457,1.050,-1.424520,nan
2pog,2pog_468,1.350,-1.411078,nan
2pog,2pog_470,3.020,-1.451810,nan
2pog,2pog_473,2.240,-1.231668,nan
2pog,2pog_479,3.200,-1.863944,nan
2pog,2pog_491,3.100,-1.986375,nan
2pog,2pog_522,2.520,-1.299846,nan
2pog,2pog_530,1.290,-1.010279,nan
2pog,2pog_531,1.670,-1.571823,nan
2pog,2pog_540,0.960,-1.174727,nan
2pog,2pog_552,1.520,-1.359922,nan
2pog,2pog_572,4.210,-3.702976,nan
2pog,2pog_592,2.060,-1.921478,nan
2pog,2pog_593,4.260,-3.907296,nan
2pog,2pog_594,2.660,-1.452718,nan
2pog,2pog_619,3.040,-1.699290,nan
2pog,2pog_627,3.110,-2.631368,nan
2pog,2pog_652,2.190,-1.627212,nan
2pog,2pog_661,3.130,-1.727246,nan
2pog,2pog_694,3.040,-1.370321,nan
2pog,2pog_729,0.710,-0.356379,nan
2pog,2pog_731,0.650,-0.524130,nan
2pog,2pog_734,0.870,-0.731647,nan
2pog,2pog_750,1.030,-0.488215,nan
2pog,2pog_752,1.530,-0.833053,nan
2pog,2pog_760,3.990,-3.315012,nan
2pog,2pog_772,2.760,-1.377079,nan
2pog,2pog_777,3.010,-1.865782,nan
2pog,2pog_785,2.660,-0.862243,nan
2pog,2pog_787,2.970,-1.769682,nan
2pog,2pog_788,4.140,-3.866854,nan
2pog,2pog_791,2.600,-1.941037,nan
2pog,2pog_792,2.680,-2.253510,nan
2pog,2pog_853,1.200,-1.314580,nan
2pog,2pog_856,0.650,-0.410026,nan
2pog,2pog_876,0.850,-0.561831,nan
2pog,2pog_967,0.440,-0.595878,nan
2pog,2pog_994,0.710,-0.327372,nan
2qbp,2qbp_100,7.070,-6.211860,nan
2qbp,2qbp_103,6.770,-5.829255,nan
2qbp,2qbp_110,9.850,-8.487572,nan
2qbp,2qbp_118,5.990,-4.545632,nan
2qbp,2qbp_125,7.370,-6.787320,nan
2qbp,2qbp_13,1.400,-0.715369,nan
2qbp,2qbp_152,7.790,-6.740222,nan
2qbp,2qbp_155,8.340,-7.945154,nan
2qbp,2qbp_158,7.170,-5.531255,nan
2qbp,2qbp_160,7.220,-6.015870,nan
2qbp,2qbp_168,9.070,-8.466589,nan
2qbp,2qbp_187,9.020,-8.301462,nan
2qbp,2qbp_19,7.140,-5.810136,nan
2qbp,2qbp_191,7.480,-7.283303,nan
2qbp,2qbp_204,3.070,-1.572373,nan
2qbp,2qbp_207,6.390,-5.406552,nan
2qbp,2qbp_208,4.980,-3.606639,nan
2qbp,2qbp_225,0.990,-0.903418,nan
2qbp,2qbp_23,6.520,-5.313821,nan
2qbp,2qbp_233,8.790,-7.982841,nan
2qbp,2qbp_234,5.850,-4.870814,nan
2qbp,2qbp_239,4.800,-3.481667,nan
2qbp,2qbp_255,5.800,-4.764224,nan
2qbp,2qbp_256,4.470,-2.006639,nan
2qbp,2qbp_259,0.840,-0.708123,nan
2qbp,2qbp_260,1.540,-1.334195,nan
2qbp,2qbp_265,2.090,-1.102208,nan
2qbp,2qbp_268,8.370,-7.873772,nan
2qbp,2qbp_27,9.110,-7.905830,nan
2qbp,2qbp_272,0.590,-0.614980,nan
2qbp,2qbp_276,0.900,-0.406151,nan
2qbp,2qbp_28,1.850,-0.525221,nan
2qbp,2qbp_283,5.870,-5.586704,nan
2qbp,2qbp_286,6.470,-5.366408,nan
2qbp,2qbp_288,0.770,-0.500491,nan
2qbp,2qbp_29,0.900,-0.409177,nan
2qbp,2qbp_292,1.340,-1.048682,nan
2qbp,2qbp_297,5.300,-4.005988,nan
2qbp,2qbp_310,8.870,-8.312619,nan
2qbp,2qbp_35,6.100,-5.503077,nan
2qbp,2qbp_368,7.050,-5.322725,nan
2qbp,2qbp_37,3.260,-1.457323,nan
2qbp,2qbp_371,4.630,-3.720581,nan
2qbp,2qbp_411,1.960,-1.341656,nan
2qbp,2qbp_415,9.050,-1.738463,nan
2qbp,2qbp_463,3.320,-2.446043,nan
2qbp,2qbp_464,8.870,-2.581141,nan
2qbp,2qbp_488,2.270,-1.711784,nan
2qbp,2qbp_489,2.140,-2.126556,nan
2qbp,2qbp_491,9.930,-2.271603,nan
2qbp,2qbp_498,3.690,-1.974659,nan
2qbp,2qbp_50,6.020,-4.499128,nan
2qbp,2qbp_503,3.540,-3.571096,nan
2qbp,2qbp_504,7.640,-6.709427,nan
2qbp,2qbp_528,1.840,-1.924016,nan
2qbp,2qbp_53,2.650,-1.876589,nan
2qbp,2qbp_546,4.870,-3.907392,nan
2qbp,2qbp_549,3.450,-2.742557,nan
2qbp,2qbp_554,4.010,-3.107198,nan
2qbp,2qbp_558,2.480,-2.027522,nan
2qbp,2qbp_559,5.640,-5.363529,nan
2qbp,2qbp_561,3.470,-2.464447,nan
2qbp,2qbp_567,2.240,-0.894536,nan
2qbp,2qbp_572,2.520,-2.249023,nan
2qbp,2qbp_585,4.470,-3.820390,nan
2qbp,2qbp_591,9.880,-3.194184,nan
2qbp,2qbp_593,6.810,-6.763151,nan
2qbp,2qbp_596,7.240,-7.193140,nan
2qbp,2qbp_608,6.160,-4.974068,nan
2qbp,2qbp_615,8.930,-1.595823,nan
2qbp,2qbp_622,4.330,-3.330430,nan
2qbp,2qbp_623,4.350,-3.087727,nan
2qbp,2qbp_630,2.910,-2.500837,nan
2qbp,2qbp_631,9.370,-4.483692,nan
2qbp,2qbp_648,6.380,-4.545793,nan
2qbp,2qbp_650,9.810,-6.636191,nan
2qbp,2qbp_654,1.900,-2.304475,nan
2qbp,2qbp_656,3.390,-3.103363,nan
2qbp,2qbp_665,9.580,-8.548820,nan
2qbp,2qbp_676,5.310,-3.006996,nan
2qbp,2qbp_690,8.320,-5.926311,nan
2qbp,2qbp_693,4.320,-3.097619,nan
2qbp,2qbp_695,8.670,-6.368439,nan
2qbp,2qbp_71,5.190,-3.911402,nan
2qbp,2qbp_74,5.700,-4.708213,nan
2qbp,2qbp_741,3.070,-1.476661,nan
2qbp,2qbp_744,3.810,-1.689999,nan
2qbp,2qbp_78,6.870,-5.282516,nan
2qbp,2qbp_79,2.290,-1.002054,nan
2qbp,2qbp_80,1.610,-1.095336,nan
2qbp,2qbp_84,8.310,-8.036064,nan
2qbp,2qbp_85,8.780,-6.787875,nan
2qbp,2qbp_890,5.790,-4.139315,nan
2qbp,2qbp_92,1.570,-0.719787,nan
2qbp,2qbp_94,1.990,-0.541043,nan
2qbp,2qbp_97,2.160,-0.661544,nan
2qbq,2qbq_121,0.990,-1.081324,nan
2qbq,2qbq_128,8.390,-1.414298,nan
2qbq,2qbq_16,2.100,-1.258824,nan
2qbq,2qbq_184,8.000,-2.778089,nan
2qbq,2qbq_216,1.330,-1.019420,nan
2qbq,2qbq_226,1.120,-1.110814,nan
2qbq,2qbq_227,1.030,-1.157538,nan
2qbq,2qbq_235,0.920,-0.952478,nan
2qbq,2qbq_236,1.070,-0.612638,nan
2qbq,2qbq_248,0.920,-0.833517,nan
2qbq,2qbq_276,0.550,-0.721065,nan
2qbq,2qbq_300,0.700,-0.604159,nan
2qbq,2qbq_309,6.250,-6.403180,nan
2qbq,2qbq_324,6.210,-4.226320,nan
2qbq,2qbq_332,6.520,-6.754925,nan
2qbq,2qbq_364,9.210,-1.161517,nan
2qbq,2qbq_370,8.040,-8.352939,nan
2qbq,2qbq_372,5.110,-5.470290,nan
2qbq,2qbq_388,0.850,-0.685925,nan
2qbq,2qbq_39,7.210,-6.698053,nan
2qbq,2qbq_391,7.220,-8.140693,nan
2qbq,2qbq_402,8.530,-1.817191,nan
2qbq,2qbq_410,7.750,-1.228066,nan
2qbq,2qbq_416,9.350,-2.954766,nan
2qbq,2qbq_433,2.890,-2.025131,nan
2qbq,2qbq_434,9.310,-2.981818,nan
2qbq,2qbq_436,7.970,-2.164310,nan
2qbq,2qbq_448,8.070,-3.031315,nan
2qbq,2qbq_45,1.520,-0.642068,nan
2qbq,2qbq_453,2.220,-2.149343,nan
2qbq,2qbq_458,8.410,-2.643901,nan
2qbq,2qbq_460,3.340,-2.770483,nan
2qbq,2qbq_463,7.760,-1.985420,nan
2qbq,2qbq_466,7.770,-2.096588,nan
2qbq,2qbq_468,3.080,-2.088281,nan
2qbq,2qbq_471,2.640,-2.434023,nan
2qbq,2qbq_473,9.050,-1.997268,nan
2qbq,2qbq_476,1.930,-2.107212,nan
2qbq,2qbq_483,4.430,-3.320028,nan
2qbq,2qbq_484,9.220,-3.012661,nan
2qbq,2qbq_489,9.500,-3.860071,nan
2qbq,2qbq_490,3.070,-2.614109,nan
2qbq,2qbq_496,2.550,-2.094556,nan
2qbq,2qbq_497,2.070,-1.035969,nan
2qbq,2qbq_500,1.760,-1.685756,nan
2qbq,2qbq_503,3.860,-2.553667,nan
2qbq,2qbq_513,6.570,-2.323674,nan
2qbq,2qbq_521,1.970,-1.339296,nan
2qbq,2qbq_532,5.100,-2.573357,nan
2qbq,2qbq_548,4.860,-2.591816,nan
2qbq,2qbq_556,6.390,-2.893989,nan
2qbq,2qbq_562,3.470,-3.149912,nan
2qbq,2qbq_565,3.640,-3.533101,nan
2qbq,2qbq_566,6.050,-3.016053,nan
2qbq,2qbq_576,5.750,-5.710553,nan
2qbq,2qbq_581,5.990,-4.660015,nan
2qbq,2qbq_582,5.050,-6.346637,nan
2qbq,2qbq_589,3.790,-1.763348,nan
2qbq,2qbq_595,5.640,-2.752375,nan
2qbq,2qbq_607,3.280,-2.309902,nan
2qbq,2qbq_61,6.660,-5.019067,nan
2qbq,2qbq_617,3.520,-2.778870,nan
2qbq,2qbq_63,9.100,-6.555980,nan
2qbq,2qbq_633,4.090,-2.369758,nan
2qbq,2qbq_641,2.400,-1.425750,nan
2qbq,2qbq_642,4.160,-4.627852,nan
2qbq,2qbq_65,6.900,-5.894642,nan
2qbq,2qbq_651,4.340,-3.459873,nan
2qbq,2qbq_653,7.160,-5.084550,nan
2qbq,2qbq_663,4.240,-3.313312,nan
2qbq,2qbq_669,4.300,-2.367021,nan
2qbq,2qbq_679,8.130,-2.555198,nan
2qbq,2qbq_681,8.980,-6.480495,nan
2qbq,2qbq_686,2.940,-3.372937,nan
2qbq,2qbq_690,2.770,-2.287562,nan
2qbq,2qbq_693,8.020,-5.519225,nan
2qbq,2qbq_70,2.490,-1.565362,nan
2qbq,2qbq_720,0.830,-1.000992,nan
2qbq,2qbq_726,1.470,-1.735072,nan
2qbq,2qbq_736,6.740,-4.234308,nan
2qbq,2qbq_744,5.560,-3.461691,nan
2qbq,2qbq_752,0.380,-0.737107,nan
2qbq,2qbq_757,4.340,-2.333236,nan
2qbq,2qbq_759,9.050,-7.025896,nan
2qbq,2qbq_775,8.220,-5.052687,nan
2qbq,2qbq_778,9.620,-7.810677,nan
2qbq,2qbq_779,8.080,-6.941874,nan
2qbq,2qbq_784,5.500,-2.995154,nan
2qbq,2qbq_785,6.400,-4.640517,nan
2qbq,2qbq_790,5.850,-5.045669,nan
2qbq,2qbq_8,4.600,-3.237323,nan
2qbq,2qbq_832,3.390,-1.042067,nan
2qbq,2qbq_838,1.150,-1.576890,nan
2qbq,2qbq_843,0.900,-0.309073,nan
2qbq,2qbq_844,5.990,-2.420378,nan
2qbq,2qbq_882,7.020,-4.770289,nan
2qbq,2qbq_906,9.030,-5.683591,nan
2qbq,2qbq_94,7.430,-4.316683,nan
2qbq,2qbq_97,0.910,-0.584496,nan
2qbq,2qbq_970,4.550,-2.315799,nan
2qbr,2qbr_1000,5.430,-4.686952,nan
2qbr,2qbr_121,0.990,-1.342191,nan
2qbr,2qbr_157,7.720,-5.840128,nan
2qbr,2qbr_170,7.340,-6.412744,nan
2qbr,2qbr_197,8.210,-0.884582,nan
2qbr,2qbr_20,0.910,-0.487235,nan
2qbr,2qbr_201,0.650,-1.327448,nan
2qbr,2qbr_259,1.440,-1.148388,nan
2qbr,2qbr_270,1.090,-0.593204,nan
2qbr,2qbr_282,0.910,-0.379004,nan
2qbr,2qbr_293,0.910,-0.693122,nan
2qbr,2qbr_301,1.100,-1.414195,nan
2qbr,2qbr_353,0.860,-0.847474,nan
2qbr,2qbr_375,8.210,-5.595942,nan
2qbr,2qbr_385,0.800,-1.236593,nan
2qbr,2qbr_394,7.460,-7.202765,nan
2qbr,2qbr_402,2.190,-1.364804,nan
2qbr,2qbr_409,7.950,-1.861645,nan
2qbr,2qbr_410,1.560,-1.322649,nan
2qbr,2qbr_424,7.780,-2.067055,nan
2qbr,2qbr_427,4.160,-3.328778,nan
2qbr,2qbr_428,6.890,-5.470327,nan
2qbr,2qbr_429,1.950,-1.279509,nan
2qbr,2qbr_432,8.570,-1.099857,nan
2qbr,2qbr_439,8.160,-3.398185,nan
2qbr,2qbr_445,7.720,-0.513573,nan
2qbr,2qbr_447,7.950,-1.195579,nan
2qbr,2qbr_45,1.600,-0.990586,nan
2qbr,2qbr_450,7.070,-1.458515,nan
2qbr,2qbr_455,3.160,-2.591207,nan
2qbr,2qbr_469,3.030,-2.420544,nan
2qbr,2qbr_473,2.850,-2.397185,nan
2qbr,2qbr_474,8.630,-2.046533,nan
2qbr,2qbr_486,3.160,-1.749563,nan
2qbr,2qbr_487,7.290,-5.283931,nan
2qbr,2qbr_488,8.950,-3.458716,nan
2qbr,2qbr_497,8.120,-8.089884,nan
2qbr,2qbr_514,1.600,-1.601061,nan
2qbr,2qbr_516,6.500,-5.599664,nan
2qbr,2qbr_517,3.470,-2.776544,nan
2qbr,2qbr_522,4.220,-2.844415,nan
2qbr,2qbr_523,3.050,-3.882485,nan
2qbr,2qbr_526,1.740,-1.948502,nan
2qbr,2qbr_527,4.620,-3.781593,nan
2qbr,2qbr_532,4.500,-3.127078,nan
2qbr,2qbr_536,4.400,-5.022846,nan
2qbr,2qbr_555,2.510,-1.929818,nan
2qbr,2qbr_563,2.300,-2.190104,nan
2qbr,2qbr_566,5.040,-3.247434,nan
2qbr,2qbr_573,5.450,-4.614480,nan
2qbr,2qbr_582,2.230,-1.591194,nan
2qbr,2qbr_583,6.560,-5.017082,nan
2qbr,2qbr_590,5.030,-4.627120,nan
2qbr,2qbr_593,3.480,-3.235457,nan
2qbr,2qbr_595,4.340,-2.611769,nan
2qbr,2qbr_61,0.970,-0.678348,nan
2qbr,2qbr_617,2.490,-1.737028,nan
2qbr,2qbr_629,2.450,-1.806121,nan
2qbr,2qbr_633,1.940,-2.113540,nan
2qbr,2qbr_639,6.220,-7.086096,nan
2qbr,2qbr_645,2.860,-2.689589,nan
2qbr,2qbr_647,1.920,-2.019852,nan
2qbr,2qbr_656,8.170,-6.951966,nan
2qbr,2qbr_663,8.590,-1.469515,nan
2qbr,2qbr_667,5.010,-5.883779,nan
2qbr,2qbr_677,3.170,-2.875124,nan
2qbr,2qbr_689,5.770,-5.590917,nan
2qbr,2qbr_690,2.130,-1.759947,nan
2qbr,2qbr_699,3.890,-4.504606,nan
2qbr,2qbr_764,4.330,-2.378201,nan
2qbr,2qbr_765,3.560,-2.119555,nan
2qbr,2qbr_767,6.070,-4.276135,nan
2qbr,2qbr_771,3.850,-3.097479,nan
2qbr,2qbr_777,5.850,-3.959744,nan
2qbr,2qbr_778,0.870,-0.581871,nan
2qbr,2qbr_780,0.960,-0.600920,nan
2qbr,2qbr_782,6.140,-4.328694,nan
2qbr,2qbr_790,4.050,-3.726696,nan
2qbr,2qbr_796,6.160,-5.263843,nan
2qbr,2qbr_797,8.200,-7.082732,nan
2qbr,2qbr_798,7.790,-7.339487,nan
2qbr,2qbr_799,5.870,-4.275975,nan
2qbr,2qbr_802,6.460,-5.315338,nan
2qbr,2qbr_81,2.230,-2.003947,nan
2qbr,2qbr_821,5.640,-4.068573,nan
2qbr,2qbr_856,5.580,-5.462190,nan
2qbr,2qbr_875,6.500,-6.059278,nan
2qbr,2qbr_887,6.020,-5.620144,nan
2qbr,2qbr_895,4.190,-1.705664,nan
2qbr,2qbr_900,4.070,-3.788815,nan
2qe4,2qe4_165,0.640,-0.194546,nan
2qe4,2qe4_249,0.440,-0.438780,nan
2qe4,2qe4_3,0.620,-0.236195,nan
2qe4,2qe4_309,0.490,-0.124056,nan
2qe4,2qe4_422,1.540,-0.998993,nan
2qe4,2qe4_435,3.130,-1.861801,nan
2qe4,2qe4_441,1.620,-1.025437,nan
2qe4,2qe4_446,2.720,-1.759837,nan
2qe4,2qe4_447,2.560,-1.568056,nan
2qe4,2qe4_448,1.370,-0.443595,nan
2qe4,2qe4_499,3.130,-2.118244,nan
2qe4,2qe4_500,3.080,-2.028376,nan
2qe4,2qe4_509,0.970,-0.723919,nan
2qe4,2qe4_551,0.960,-0.622522,nan
2qe4,2qe4_552,1.030,-0.385177,nan
2qe4,2qe4_574,2.020,-1.247148,nan
2qe4,2qe4_597,1.480,-1.383562,nan
2qe4,2qe4_611,3.010,-1.567804,nan
2qe4,2qe4_629,1.550,-1.480760,nan
2qe4,2qe4_689,2.030,-1.875857,nan
2qe4,2qe4_693,1.730,-1.589918,nan
2qe4,2qe4_694,2.310,-2.301043,nan
2qe4,2qe4_698,2.680,-1.796715,nan
2qe4,2qe4_705,0.850,-0.539992,nan
2qe4,2qe4_718,1.970,-0.481084,nan
2qe4,2qe4_741,2.750,-1.300471,nan
2qe4,2qe4_750,4.430,-2.135256,nan
2qe4,2qe4_754,4.500,-2.995712,nan
2qe4,2qe4_757,4.040,-1.661256,nan
2qe4,2qe4_770,4.400,-2.495218,nan
2qe4,2qe4_771,3.820,-2.147208,nan
2qe4,2qe4_777,4.090,-2.322512,nan
2qe4,2qe4_779,4.080,-1.882872,nan
2qe4,2qe4_780,1.670,-1.328425,nan
2qe4,2qe4_784,2.800,-1.590369,nan
2qe4,2qe4_786,4.070,-2.092577,nan
2qe4,2qe4_788,4.420,-4.457067,nan
2qe4,2qe4_789,4.100,-2.397946,nan
2qe4,2qe4_79,2.150,-0.595206,nan
2qe4,2qe4_793,3.950,-2.110507,nan
2qe4,2qe4_796,4.130,-2.113509,nan
2qe4,2qe4_797,3.030,-1.605778,nan
2qe4,2qe4_83,0.540,-0.228809,nan
2qe4,2qe4_832,3.920,-2.121007,nan
2qe4,2qe4_841,0.750,-0.312325,nan
2qe4,2qe4_850,3.760,-2.397911,nan
2qe4,2qe4_875,2.160,-0.717372,nan
2qe4,2qe4_877,3.190,-2.116631,nan
2qe4,2qe4_964,0.810,-0.391386,nan
2qe4,2qe4_977,1.200,-0.783520,nan
2qnq,2qnq_130,1.990,-1.567979,nan
2qnq,2qnq_167,0.790,-1.297599,nan
2qnq,2qnq_207,0.980,-1.169210,nan
2qnq,2qnq_209,0.600,-0.934253,nan
2qnq,2qnq_210,2.730,-1.969987,nan
2qnq,2qnq_215,1.890,-2.163313,nan
2qnq,2qnq_216,3.340,-1.836316,nan
2qnq,2qnq_230,1.030,-1.297715,nan
2qnq,2qnq_231,2.770,-1.359046,nan
2qnq,2qnq_239,2.540,-1.829386,nan
2qnq,2qnq_243,5.060,-1.780684,nan
2qnq,2qnq_245,2.880,-1.507293,nan
2qnq,2qnq_249,3.270,-1.684266,nan
2qnq,2qnq_250,1.000,-1.135470,nan
2qnq,2qnq_267,2.530,-1.292675,nan
2qnq,2qnq_269,2.960,-1.229537,nan
2qnq,2qnq_272,2.560,-1.263279,nan
2qnq,2qnq_274,1.240,-1.645175,nan
2qnq,2qnq_277,2.310,-1.529815,nan
2qnq,2qnq_280,2.160,-1.339020,nan
2qnq,2qnq_287,1.420,-0.945403,nan
2qnq,2qnq_290,5.370,-3.140868,nan
2qnq,2qnq_293,3.240,-1.398664,nan
2qnq,2qnq_308,3.140,-1.294297,nan
2qnq,2qnq_314,0.740,-1.032545,nan
2qnq,2qnq_326,1.640,-1.621903,nan
2qnq,2qnq_34,2.150,-1.390003,nan
2qnq,2qnq_349,4.430,-2.586019,nan
2qnq,2qnq_367,1.840,-1.495967,nan
2qnq,2qnq_368,1.890,-1.485606,nan
2qnq,2qnq_394,3.330,-1.966199,nan
2qnq,2qnq_397,1.790,-1.400037,nan
2qnq,2qnq_413,4.250,-2.319819,nan
2qnq,2qnq_414,4.220,-3.189432,nan
2qnq,2qnq_429,5.040,-2.888944,nan
2qnq,2qnq_43,0.560,-1.161514,nan
2qnq,2qnq_431,5.110,-4.010620,nan
2qnq,2qnq_433,3.080,-2.691350,nan
2qnq,2qnq_445,3.170,-2.415480,nan
2qnq,2qnq_459,3.030,-3.174004,nan
2qnq,2qnq_462,7.300,-6.020211,nan
2qnq,2qnq_463,4.160,-2.882492,nan
2qnq,2qnq_464,3.270,-3.287885,nan
2qnq,2qnq_475,3.590,-2.865045,nan
2qnq,2qnq_478,5.130,-3.554403,nan
2qnq,2qnq_480,6.610,-4.937437,nan
2qnq,2qnq_484,4.370,-2.679996,nan
2qnq,2qnq_487,4.030,-3.739519,nan
2qnq,2qnq_496,4.130,-6.281410,nan
2qnq,2qnq_512,7.030,-8.557126,nan
2qnq,2qnq_520,7.060,-5.847408,nan
2qnq,2qnq_521,6.540,-5.983643,nan
2qnq,2qnq_538,4.330,-2.470352,nan
2qnq,2qnq_542,5.130,-4.473814,nan
2qnq,2qnq_545,6.330,-6.706099,nan
2qnq,2qnq_552,6.340,-6.543586,nan
2qnq,2qnq_554,6.890,-6.084764,nan
2qnq,2qnq_560,8.210,-8.564279,nan
2qnq,2qnq_563,4.010,-5.105068,nan
2qnq,2qnq_575,4.250,-4.335513,nan
2qnq,2qnq_578,8.800,-8.402597,nan
2qnq,2qnq_590,5.690,-7.675057,nan
2qnq,2qnq_64,1.830,-0.946575,nan
2qnq,2qnq_641,6.400,-7.527493,nan
2qnq,2qnq_645,8.390,-8.043162,nan
2qnq,2qnq_648,7.390,-8.579329,nan
2qnq,2qnq_651,8.270,-8.555423,nan
2qnq,2qnq_652,8.060,-6.825411,nan
2qnq,2qnq_654,7.560,-7.681385,nan
2qnq,2qnq_656,8.200,-8.576326,nan
2qnq,2qnq_666,5.960,-8.345645,nan
2qnq,2qnq_667,8.810,-8.560393,nan
2qnq,2qnq_668,6.580,-8.452685,nan
2qnq,2qnq_670,6.230,-5.166958,nan
2qnq,2qnq_671,7.010,-5.407005,nan
2qnq,2qnq_676,9.010,-8.390172,nan
2qnq,2qnq_679,5.070,-7.793993,nan
2qnq,2qnq_702,0.740,-1.629498,nan
2qnq,2qnq_715,0.950,-1.501249,nan
2qnq,2qnq_758,0.730,-1.450762,nan
2qnq,2qnq_788,5.290,-7.023978,nan
2qnq,2qnq_811,0.970,-1.738245,nan
2r9w,2r9w_124,4.530,-3.336639,nan
2r9w,2r9w_145,5.820,-3.976346,nan
2r9w,2r9w_202,5.860,-5.904822,nan
2r9w,2r9w_206,4.000,-1.740679,nan
2r9w,2r9w_246,6.080,-6.036843,nan
2r9w,2r9w_247,3.960,-1.509630,nan
2r9w,2r9w_307,5.340,-4.202821,nan
2r9w,2r9w_393,6.300,-5.565488,nan
2r9w,2r9w_411,3.970,-1.296425,nan
2r9w,2r9w_449,4.070,-0.961213,nan
2r9w,2r9w_460,3.920,-1.024775,nan
2r9w,2r9w_462,4.420,-1.988435,nan
2r9w,2r9w_478,3.570,-1.784986,nan
2r9w,2r9w_49,4.180,-0.325302,nan
2r9w,2r9w_505,6.820,-6.205861,nan
2r9w,2r9w_513,6.220,-3.819955,nan
2r9w,2r9w_517,7.410,-6.193614,nan
2r9w,2r9w_521,6.650,-4.596481,nan
2r9w,2r9w_522,5.310,-1.830999,nan
2r9w,2r9w_531,7.110,-4.927793,nan
2r9w,2r9w_533,2.810,-1.366024,nan
2r9w,2r9w_538,5.640,-5.461180,nan
2r9w,2r9w_541,7.990,-6.813523,nan
2r9w,2r9w_549,7.330,-6.345719,nan
2r9w,2r9w_558,7.690,-6.761582,nan
2r9w,2r9w_559,5.040,-1.940443,nan
2r9w,2r9w_566,4.890,-1.203298,nan
2r9w,2r9w_579,3.950,-2.227217,nan
2r9w,2r9w_580,6.470,-5.357792,nan
2r9w,2r9w_586,7.830,-8.447509,nan
2r9w,2r9w_592,8.020,-7.093815,nan
2r9w,2r9w_593,8.110,-5.760885,nan
2r9w,2r9w_618,3.850,-1.835361,nan
2r9w,2r9w_640,3.600,-2.576842,nan
2r9w,2r9w_651,6.290,-6.148224,nan
2r9w,2r9w_670,3.810,-2.430007,nan
2r9w,2r9w_671,5.140,-2.168083,nan
2r9w,2r9w_679,4.570,-2.960329,nan
2r9w,2r9w_691,8.360,-6.501992,nan
2r9w,2r9w_708,0.520,-1.109985,nan
2r9w,2r9w_710,0.950,-0.833635,nan
2r9w,2r9w_713,0.530,-0.900884,nan
2r9w,2r9w_717,2.870,-1.062858,nan
2r9w,2r9w_718,1.660,-1.824280,nan
2r9w,2r9w_725,2.220,-0.986405,nan
2r9w,2r9w_734,1.280,-0.685485,nan
2r9w,2r9w_740,3.050,-3.060269,nan
2r9w,2r9w_741,1.360,-0.334132,nan
2r9w,2r9w_744,4.290,-2.023309,nan
2r9w,2r9w_749,1.820,-1.250607,nan
2r9w,2r9w_750,2.130,-0.741262,nan
2r9w,2r9w_759,2.990,-3.002281,nan
2r9w,2r9w_766,2.270,-2.309526,nan
2r9w,2r9w_769,1.100,-1.022154,nan
2r9w,2r9w_772,5.030,-5.799823,nan
2r9w,2r9w_774,1.100,-0.624529,nan
2r9w,2r9w_778,2.130,-2.102092,nan
2r9w,2r9w_779,5.760,-4.717299,nan
2r9w,2r9w_787,4.420,-5.080004,nan
2r9w,2r9w_791,1.120,-1.946785,nan
2r9w,2r9w_794,8.580,-6.458786,nan
2r9w,2r9w_795,1.510,-1.332186,nan
2r9w,2r9w_817,0.970,-1.391739,nan
2r9w,2r9w_828,0.960,-1.047895,nan
2r9w,2r9w_831,4.310,-2.802883,nan
2r9w,2r9w_834,6.600,-6.017017,nan
2r9w,2r9w_839,6.290,-4.843429,nan
2r9w,2r9w_860,2.130,-1.556442,nan
2r9w,2r9w_868,1.600,-1.047891,nan
2r9w,2r9w_869,2.570,-1.453166,nan
2r9w,2r9w_872,5.590,-4.120969,nan
2r9w,2r9w_873,4.890,-3.715099,nan
2r9w,2r9w_881,2.900,-1.772023,nan
2r9w,2r9w_886,1.890,-0.718065,nan
2r9w,2r9w_910,0.780,-1.088093,nan
2r9w,2r9w_911,0.660,-0.826205,nan
2r9w,2r9w_927,0.680,-0.925291,nan
2r9w,2r9w_928,0.750,-1.261866,nan
2r9w,2r9w_949,6.160,-1.897371,nan
2r9w,2r9w_950,0.960,-0.621265,nan
2v00,2v00_103,7.940,-5.366499,nan
2v00,2v00_107,8.560,-6.682364,nan
2v00,2v00_120,5.250,-2.645125,nan
2v00,2v00_136,7.600,-6.609099,nan
2v00,2v00_143,8.620,-6.761942,nan
2v00,2v00_145,5.080,-1.618826,nan
2v00,2v00_159,8.950,-6.750736,nan
2v00,2v00_183,7.200,-6.072638,nan
2v00,2v00_193,8.190,-6.745451,nan
2v00,2v00_198,8.520,-5.489833,nan
2v00,2v00_325,6.820,-4.864928,nan
2v00,2v00_395,8.610,-6.202897,nan
2v00,2v00_401,3.140,-3.001141,nan
2v00,2v00_416,4.120,-3.129417,nan
2v00,2v00_422,3.180,-2.846234,nan
2v00,2v00_424,1.700,-1.196758,nan
2v00,2v00_428,0.980,-1.343741,nan
2v00,2v00_432,1.490,-1.097231,nan
2v00,2v00_433,2.300,-1.224311,nan
2v00,2v00_434,2.680,-2.056391,nan
2v00,2v00_444,2.240,-1.389782,nan
2v00,2v00_451,4.780,-4.523982,nan
2v00,2v00_454,2.450,-0.355179,nan
2v00,2v00_461,1.680,-1.651326,nan
2v00,2v00_468,1.960,-1.085546,nan
2v00,2v00_472,6.480,-2.094173,nan
2v00,2v00_473,5.040,-4.298006,nan
2v00,2v00_474,2.120,-1.063388,nan
2v00,2v00_484,5.610,-1.857842,nan
2v00,2v00_488,2.610,-2.283010,nan
2v00,2v00_506,5.470,-5.694429,nan
2v00,2v00_512,6.320,-5.893694,nan
2v00,2v00_513,4.850,-5.216877,nan
2v00,2v00_516,1.580,-0.905069,nan
2v00,2v00_522,6.130,-0.923147,nan
2v00,2v00_523,7.070,-3.934657,nan
2v00,2v00_544,1.870,-0.980335,nan
2v00,2v00_551,6.370,-3.121861,nan
2v00,2v00_556,3.640,-2.879074,nan
2v00,2v00_558,7.030,-6.490327,nan
2v00,2v00_559,8.050,-7.717679,nan
2v00,2v00_564,2.420,-1.308487,nan
2v00,2v00_573,4.820,-4.570988,nan
2v00,2v00_574,3.890,-2.869427,nan
2v00,2v00_576,2.130,-1.618616,nan
2v00,2v00_579,7.560,-6.619131,nan
2v00,2v00_589,5.470,-5.451833,nan
2v00,2v00_592,7.180,-7.131233,nan
2v00,2v00_605,1.160,-0.999906,nan
2v00,2v00_619,1.000,-0.708305,nan
2v00,2v00_635,3.330,-3.070824,nan
2v00,2v00_638,6.700,-3.257384,nan
2v00,2v00_644,4.900,-3.627038,nan
2v00,2v00_653,6.790,-6.236309,nan
2v00,2v00_661,3.030,-2.815547,nan
2v00,2v00_665,6.990,-6.996391,nan
2v00,2v00_670,6.990,-6.397561,nan
2v00,2v00_674,5.050,-0.866200,nan
2v00,2v00_676,4.180,-2.929930,nan
2v00,2v00_684,4.090,-3.784769,nan
2v00,2v00_692,6.170,-4.261419,nan
2v00,2v00_700,4.350,-4.682528,nan
2v00,2v00_736,3.580,-3.206766,nan
2v00,2v00_755,1.750,-1.039890,nan
2v00,2v00_759,7.500,-8.483256,nan
2v00,2v00_760,8.950,-8.552147,nan
2v00,2v00_762,3.160,-1.204865,nan
2v00,2v00_771,3.190,-1.209262,nan
2v00,2v00_774,8.130,-6.685575,nan
2v00,2v00_776,5.420,-3.522765,nan
2v00,2v00_777,5.030,-4.412696,nan
2v00,2v00_778,7.930,-8.152392,nan
2v00,2v00_782,4.900,-2.549649,nan
2v00,2v00_785,2.880,-1.954301,nan
2v00,2v00_786,1.750,-0.483207,nan
2v00,2v00_79,0.740,-0.438331,nan
2v00,2v00_790,4.890,-3.189326,nan
2v00,2v00_791,3.830,-3.086391,nan
2v00,2v00_798,7.100,-5.041706,nan
2v00,2v00_800,5.640,-3.915313,nan
2v00,2v00_856,1.330,-1.235932,nan
2v00,2v00_860,9.290,-8.596784,nan
2v00,2v00_861,2.020,-1.439396,nan
2v00,2v00_903,8.450,-8.563612,nan
2v7a,2v7a_107,9.450,-5.024659,nan
2v7a,2v7a_11,1.890,-1.426429,nan
2v7a,2v7a_130,8.570,-7.376543,nan
2v7a,2v7a_131,6.720,-3.079053,nan
2v7a,2v7a_141,7.600,-2.088291,nan
2v7a,2v7a_142,9.380,-4.585485,nan
2v7a,2v7a_150,4.240,-2.105207,nan
2v7a,2v7a_163,8.660,-5.324257,nan
2v7a,2v7a_173,9.400,-5.574298,nan
2v7a,2v7a_175,9.370,-5.260478,nan
2v7a,2v7a_181,5.130,-3.498260,nan
2v7a,2v7a_278,1.660,-1.160226,nan
2v7a,2v7a_304,0.770,-0.739910,nan
2v7a,2v7a_318,1.040,-0.511513,nan
2v7a,2v7a_321,6.960,-4.939049,nan
2v7a,2v7a_327,7.310,-5.889158,nan
2v7a,2v7a_338,0.600,-1.058125,nan
2v7a,2v7a_355,4.730,-2.187155,nan
2v7a,2v7a_369,9.540,-7.693444,nan
2v7a,2v7a_375,7.000,-2.226941,nan
2v7a,2v7a_379,3.870,-2.023875,nan
2v7a,2v7a_380,0.900,-0.822206,nan
2v7a,2v7a_381,7.530,-4.431155,nan
2v7a,2v7a_388,0.500,-0.557485,nan
2v7a,2v7a_407,2.680,-2.405999,nan
2v7a,2v7a_408,3.160,-1.974489,nan
2v7a,2v7a_416,8.040,-7.023080,nan
2v7a,2v7a_419,8.400,-5.208757,nan
2v7a,2v7a_423,8.530,-5.448825,nan
2v7a,2v7a_424,2.340,-2.167803,nan
2v7a,2v7a_426,6.050,-2.176214,nan
2v7a,2v7a_429,9.530,-7.932359,nan
2v7a,2v7a_431,4.210,-4.392535,nan
2v7a,2v7a_434,2.920,-1.950182,nan
2v7a,2v7a_441,8.280,-5.868179,nan
2v7a,2v7a_444,5.070,-6.200865,nan
2v7a,2v7a_446,7.410,-3.035607,nan
2v7a,2v7a_447,3.440,-3.242796,nan
2v7a,2v7a_448,2.120,-2.212270,nan
2v7a,2v7a_452,6.740,-3.005912,nan
2v7a,2v7a_475,8.560,-6.120522,nan
2v7a,2v7a_478,9.120,-7.165517,nan
2v7a,2v7a_487,5.030,-2.846548,nan
2v7a,2v7a_489,7.220,-5.706545,nan
2v7a,2v7a_494,3.650,-3.925551,nan
2v7a,2v7a_495,8.360,-6.530422,nan
2v7a,2v7a_496,4.250,-3.097829,nan
2v7a,2v7a_498,3.910,-3.016496,nan
2v7a,2v7a_514,5.090,-3.516259,nan
2v7a,2v7a_522,7.030,-2.962216,nan
2v7a,2v7a_523,4.230,-1.939403,nan
2v7a,2v7a_530,4.950,-2.202065,nan
2v7a,2v7a_536,7.820,-8.144625,nan
2v7a,2v7a_548,6.770,-5.248561,nan
2v7a,2v7a_550,8.110,-4.033730,nan
2v7a,2v7a_555,9.120,-7.120157,nan
2v7a,2v7a_557,7.710,-3.617297,nan
2v7a,2v7a_561,9.000,-6.308784,nan
2v7a,2v7a_568,9.140,-7.861094,nan
2v7a,2v7a_572,6.320,-7.132653,nan
2v7a,2v7a_583,7.870,-5.028120,nan
2v7a,2v7a_591,2.940,-2.221446,nan
2v7a,2v7a_592,5.200,-5.962849,nan
2v7a,2v7a_594,5.260,-3.655613,nan
2v7a,2v7a_600,5.570,-2.127357,nan
2v7a,2v7a_606,7.100,-3.901221,nan
2v7a,2v7a_609,2.950,-2.371831,nan
2v7a,2v7a_616,4.370,-2.563703,nan
2v7a,2v7a_621,3.440,-3.019942,nan
2v7a,2v7a_623,3.970,-3.226845,nan
2v7a,2v7a_629,3.920,-3.612027,nan
2v7a,2v7a_632,3.120,-2.781967,nan
2v7a,2v7a_635,6.560,-4.205619,nan
2v7a,2v7a_654,2.920,-2.448862,nan
2v7a,2v7a_663,6.330,-2.150732,nan
2v7a,2v7a_671,5.100,-3.730663,nan
2v7a,2v7a_679,6.400,-3.411827,nan
2v7a,2v7a_684,4.610,-3.264272,nan
2v7a,2v7a_688,3.910,-3.301376,nan
2v7a,2v7a_690,4.820,-3.109488,nan
2v7a,2v7a_693,4.160,-3.893250,nan
2v7a,2v7a_698,5.550,-3.012179,nan
2v7a,2v7a_7,2.140,-1.665887,nan
2v7a,2v7a_733,0.920,-0.645642,nan
2v7a,2v7a_737,1.010,-0.554823,nan
2v7a,2v7a_743,1.770,-0.731087,nan
2v7a,2v7a_744,0.870,-0.679892,nan
2v7a,2v7a_784,1.760,-0.535123,nan
2v7a,2v7a_789,2.120,-1.315101,nan
2v7a,2v7a_820,1.380,-1.114303,nan
2v7a,2v7a_845,0.640,-0.816472,nan
2v7a,2v7a_856,1.090,-0.623333,nan
2v7a,2v7a_859,0.950,-0.577949,nan
2v7a,2v7a_886,2.010,-0.933505,nan
2v7a,2v7a_889,5.350,-2.462675,nan
2v7a,2v7a_973,1.090,-1.021029,nan
2v7a,2v7a_981,0.900,-0.702908,nan
2v7a,2v7a_983,1.290,-0.439657,nan
2v7a,2v7a_985,0.960,-0.643824,nan
2vkm,2vkm_105,8.700,-8.534632,nan
2vkm,2vkm_106,8.100,-5.488015,nan
2vkm,2vkm_152,9.240,-7.581275,nan
2vkm,2vkm_159,4.220,-2.488552,nan
2vkm,2vkm_160,1.890,-1.429488,nan
2vkm,2vkm_192,9.330,-8.511956,nan
2vkm,2vkm_203,5.000,-3.526330,nan
2vkm,2vkm_208,5.770,-3.546228,nan
2vkm,2vkm_215,0.960,-0.719303,nan
2vkm,2vkm_216,4.470,-2.933868,nan
2vkm,2vkm_217,2.000,-2.034730,nan
2vkm,2vkm_226,1.540,-0.459551,nan
2vkm,2vkm_233,8.660,-8.076751,nan
2vkm,2vkm_237,1.460,-0.785777,nan
2vkm,2vkm_241,2.220,-2.006809,nan
2vkm,2vkm_242,2.380,-1.553547,nan
2vkm,2vkm_249,3.620,-0.516166,nan
2vkm,2vkm_257,2.120,-0.761414,nan
2vkm,2vkm_260,5.840,-4.368683,nan
2vkm,2vkm_262,1.260,-0.521108,nan
2vkm,2vkm_263,2.160,-0.878060,nan
2vkm,2vkm_267,4.170,-2.106075,nan
2vkm,2vkm_270,4.360,-2.299631,nan
2vkm,2vkm_273,7.410,-4.516158,nan
2vkm,2vkm_289,2.690,-2.596226,nan
2vkm,2vkm_291,1.890,-1.314718,nan
2vkm,2vkm_292,6.790,-5.145976,nan
2vkm,2vkm_296,1.050,-0.496644,nan
2vkm,2vkm_308,9.110,-8.506291,nan
2vkm,2vkm_314,9.030,-8.526730,nan
2vkm,2vkm_324,3.270,-0.947373,nan
2vkm,2vkm_330,7.260,-5.507725,nan
2vkm,2vkm_338,9.660,-8.508801,nan
2vkm,2vkm_341,6.140,-3.442707,nan
2vkm,2vkm_349,7.190,-7.255729,nan
2vkm,2vkm_363,8.640,-7.306365,nan
2vkm,2vkm_370,8.890,-8.475464,nan
2vkm,2vkm_374,6.560,-1.749034,nan
2vkm,2vkm_381,8.850,-8.479653,nan
2vkm,2vkm_404,2.260,-2.143153,nan
2vkm,2vkm_416,6.110,-4.757452,nan
2vkm,2vkm_424,5.330,-3.402111,nan
2vkm,2vkm_426,8.230,-5.352165,nan
2vkm,2vkm_431,4.880,-2.740616,nan
2vkm,2vkm_433,4.260,-4.345070,nan
2vkm,2vkm_439,3.800,-2.978608,nan
2vkm,2vkm_440,3.600,-3.254748,nan
2vkm,2vkm_441,2.770,-2.820884,nan
2vkm,2vkm_443,6.050,-3.796537,nan
2vkm,2vkm_445,4.500,-3.318655,nan
2vkm,2vkm_453,2.620,-2.984292,nan
2vkm,2vkm_461,4.760,-3.209603,nan
2vkm,2vkm_466,6.800,-5.866560,nan
2vkm,2vkm_471,5.030,-4.113353,nan
2vkm,2vkm_473,3.210,-2.506260,nan
2vkm,2vkm_482,7.560,-7.237158,nan
2vkm,2vkm_485,3.730,-2.213634,nan
2vkm,2vkm_486,5.630,-3.682309,nan
2vkm,2vkm_487,5.590,-3.892756,nan
2vkm,2vkm_494,5.650,-4.138916,nan
2vkm,2vkm_496,7.480,-4.968900,nan
2vkm,2vkm_514,6.290,-4.026878,nan
2vkm,2vkm_517,9.700,-8.554311,nan
2vkm,2vkm_520,4.200,-2.379463,nan
2vkm,2vkm_523,7.200,-6.419323,nan
2vkm,2vkm_530,7.820,-5.870330,nan
2vkm,2vkm_538,7.610,-6.254490,nan
2vkm,2vkm_544,6.780,-5.226944,nan
2vkm,2vkm_554,9.690,-7.285052,nan
2vkm,2vkm_558,8.380,-7.365140,nan
2vkm,2vkm_570,5.790,-3.805413,nan
2vkm,2vkm_573,3.140,-2.892190,nan
2vkm,2vkm_584,6.520,-5.079473,nan
2vkm,2vkm_585,8.790,-7.612838,nan
2vkm,2vkm_589,5.340,-2.738786,nan
2vkm,2vkm_591,3.850,-2.488805,nan
2vkm,2vkm_593,7.960,-6.353609,nan
2vkm,2vkm_594,9.000,-8.162284,nan
2vkm,2vkm_669,9.140,-8.551043,nan
2vkm,2vkm_671,3.230,-3.179342,nan
2vkm,2vkm_672,6.520,-4.132163,nan
2vkm,2vkm_678,5.690,-5.601645,nan
2vkm,2vkm_687,9.230,-8.333068,nan
2vkm,2vkm_691,7.950,-6.931197,nan
2vkm,2vkm_706,0.970,-0.923201,nan
2vkm,2vkm_707,0.950,-0.349252,nan
2vkm,2vkm_710,0.900,-0.405512,nan
2vkm,2vkm_73,9.050,-8.566366,nan
2vkm,2vkm_790,0.780,-0.387509,nan
2vkm,2vkm_806,0.930,-0.329946,nan
2vkm,2vkm_887,3.780,-0.279643,nan
2vkm,2vkm_890,0.710,-0.617327,nan
2vkm,2vkm_920,1.430,-0.955071,nan
2vkm,2vkm_929,2.800,-1.902866,nan
2vkm,2vkm_955,1.470,-0.564481,nan
2vkm,2vkm_963,2.150,-0.359247,nan
2vkm,2vkm_986,2.000,-1.119645,nan
2vvn,2vvn_205,0.610,-0.489337,nan
2vvn,2vvn_391,0.990,-0.499727,nan
2vvn,2vvn_401,1.830,-1.102163,nan
2vvn,2vvn_403,2.430,-1.959970,nan
2vvn,2vvn_405,2.990,-2.681184,nan
2vvn,2vvn_406,1.130,-1.097350,nan
2vvn,2vvn_407,2.070,-1.340525,nan
2vvn,2vvn_409,1.880,-1.223311,nan
2vvn,2vvn_419,2.880,-1.852624,nan
2vvn,2vvn_425,4.050,-2.851220,nan
2vvn,2vvn_426,4.500,-3.024753,nan
2vvn,2vvn_427,4.820,-3.600406,nan
2vvn,2vvn_445,4.310,-2.479322,nan
2vvn,2vvn_449,3.920,-1.915133,nan
2vvn,2vvn_469,5.540,-4.912249,nan
2vvn,2vvn_470,4.100,-2.205705,nan
2vvn,2vvn_720,4.100,-1.437050,nan
2vvn,2vvn_721,0.890,-1.451473,nan
2vvn,2vvn_737,1.260,-0.423287,nan
2vvn,2vvn_744,1.150,-0.749843,nan
2vvn,2vvn_750,2.180,-1.359274,nan
2vvn,2vvn_751,1.850,-1.110555,nan
2vvn,2vvn_757,0.860,-1.079521,nan
2vvn,2vvn_759,3.750,-0.842577,nan
2vvn,2vvn_763,2.210,-1.548882,nan
2vvn,2vvn_765,3.900,-0.825409,nan
2vvn,2vvn_776,3.110,-2.489652,nan
2vvn,2vvn_780,0.830,-0.477174,nan
2vvn,2vvn_782,1.010,-0.567726,nan
2vvn,2vvn_785,3.980,-1.498970,nan
2vvn,2vvn_786,4.020,-1.122625,nan
2vvn,2vvn_787,4.450,-3.818273,nan
2vvn,2vvn_791,4.510,-2.751339,nan
2vvn,2vvn_792,6.010,-5.295409,nan
2vvn,2vvn_793,3.620,-1.279230,nan
2vvn,2vvn_797,4.350,-3.078497,nan
2vvn,2vvn_798,3.930,-1.369395,nan
2vvn,2vvn_799,2.220,-1.018824,nan
2vvn,2vvn_800,2.230,-1.073269,nan
2vvn,2vvn_802,0.440,-0.908006,nan
2vvn,2vvn_829,0.960,-0.333254,nan
2vvn,2vvn_845,1.960,-0.481316,nan
2vvn,2vvn_846,0.870,-0.939052,nan
2vvn,2vvn_854,1.200,-0.611779,nan
2vvn,2vvn_880,3.860,-1.789883,nan
2vvn,2vvn_887,2.020,-1.539367,nan
2vvn,2vvn_900,2.030,-1.340176,nan
2vvn,2vvn_952,0.940,-0.692590,nan
2vvn,2vvn_956,1.580,-1.004062,nan
2vvn,2vvn_967,3.790,-1.333610,nan
2vvn,2vvn_968,5.060,-4.065085,nan
2vvn,2vvn_973,0.910,-0.621547,nan
2vvn,2vvn_977,5.030,-3.554120,nan
2vvn,2vvn_985,3.770,-0.935042,nan
2vvn,2vvn_987,5.160,-3.667236,nan
2vvn,2vvn_992,6.490,-6.409311,nan
2vw5,2vw5_115,0.840,-1.287155,nan
2vw5,2vw5_154,0.370,-0.822930,nan
2vw5,2vw5_160,0.350,-1.237794,nan
2vw5,2vw5_22,0.300,-0.898484,nan
2vw5,2vw5_227,0.600,-1.232483,nan
2vw5,2vw5_249,0.280,-0.897196,nan
2vw5,2vw5_381,0.430,-1.084134,nan
2vw5,2vw5_403,3.240,-3.676854,nan
2vw5,2vw5_407,1.490,-2.083088,nan
2vw5,2vw5_408,5.370,-5.283005,nan
2vw5,2vw5_410,5.140,-5.010626,nan
2vw5,2vw5_411,2.340,-3.383609,nan
2vw5,2vw5_415,2.270,-2.969192,nan
2vw5,2vw5_418,1.500,-1.919924,nan
2vw5,2vw5_420,1.950,-3.112275,nan
2vw5,2vw5_425,1.900,-2.388324,nan
2vw5,2vw5_434,2.440,-2.505430,nan
2vw5,2vw5_441,2.170,-2.940984,nan
2vw5,2vw5_442,4.000,-2.506508,nan
2vw5,2vw5_443,4.210,-5.674477,nan
2vw5,2vw5_467,3.260,-3.369321,nan
2vw5,2vw5_471,3.130,-3.899807,nan
2vw5,2vw5_475,3.400,-4.250852,nan
2vw5,2vw5_477,2.410,-2.982944,nan
2vw5,2vw5_488,4.370,-4.046257,nan
2vw5,2vw5_493,2.670,-3.239733,nan
2vw5,2vw5_516,1.510,-1.739009,nan
2vw5,2vw5_519,1.610,-2.062691,nan
2vw5,2vw5_536,2.050,-2.924624,nan
2vw5,2vw5_537,1.240,-1.772000,nan
2vw5,2vw5_541,5.190,-5.117225,nan
2vw5,2vw5_546,3.950,-3.593153,nan
2vw5,2vw5_552,4.470,-3.283228,nan
2vw5,2vw5_557,3.980,-3.419724,nan
2vw5,2vw5_576,5.030,-3.586870,nan
2vw5,2vw5_585,2.860,-3.160948,nan
2vw5,2vw5_618,4.480,-4.283102,nan
2vw5,2vw5_642,1.930,-2.044473,nan
2vw5,2vw5_645,3.310,-3.313210,nan
2vw5,2vw5_652,4.280,-4.342294,nan
2vw5,2vw5_659,5.230,-5.198118,nan
2vw5,2vw5_661,5.430,-5.662841,nan
2vw5,2vw5_665,5.040,-4.393000,nan
2vw5,2vw5_667,5.010,-5.110590,nan
2vw5,2vw5_670,3.910,-2.865786,nan
2vw5,2vw5_678,1.920,-1.791743,nan
2vw5,2vw5_687,4.810,-6.059432,nan
2vw5,2vw5_688,2.730,-2.914509,nan
2vw5,2vw5_692,2.250,-2.462394,nan
2vw5,2vw5_693,4.740,-2.963997,nan
2vw5,2vw5_695,4.850,-4.601509,nan
2vw5,2vw5_696,5.440,-5.871243,nan
2vw5,2vw5_698,5.080,-3.422753,nan
2vw5,2vw5_736,0.990,-1.151298,nan
2vw5,2vw5_740,0.970,-0.686639,nan
2vw5,2vw5_751,1.100,-0.921382,nan
2vw5,2vw5_762,4.400,-3.113980,nan
2vw5,2vw5_789,3.570,-2.949813,nan
2vw5,2vw5_791,4.560,-3.165829,nan
2vw5,2vw5_900,0.580,-0.770170,nan
2w4x,2w4x_1000,1.770,-1.104868,nan
2w4x,2w4x_156,4.460,-2.929586,nan
2w4x,2w4x_172,3.800,-2.580210,nan
2w4x,2w4x_180,5.280,-5.018408,nan
2w4x,2w4x_190,2.230,-1.165831,nan
2w4x,2w4x_211,0.740,-0.571418,nan
2w4x,2w4x_289,1.030,-0.660792,nan
2w4x,2w4x_296,0.870,-0.152485,nan
2w4x,2w4x_306,1.130,-0.146308,nan
2w4x,2w4x_37,0.680,-0.226913,nan
2w4x,2w4x_405,1.020,-0.185466,nan
2w4x,2w4x_407,0.700,-0.392128,nan
2w4x,2w4x_417,0.860,-0.655472,nan
2w4x,2w4x_420,1.930,-2.014886,nan
2w4x,2w4x_455,2.030,-0.745194,nan
2w4x,2w4x_457,2.460,-1.061179,nan
2w4x,2w4x_459,1.790,-1.398666,nan
2w4x,2w4x_466,3.830,-0.707867,nan
2w4x,2w4x_488,5.210,-2.696629,nan
2w4x,2w4x_519,4.330,-2.806553,nan
2w4x,2w4x_523,3.050,-2.675045,nan
2w4x,2w4x_535,2.240,-1.052292,nan
2w4x,2w4x_541,4.050,-2.697031,nan
2w4x,2w4x_560,2.590,-1.994733,nan
2w4x,2w4x_586,3.090,-1.765271,nan
2w4x,2w4x_595,3.270,-2.705691,nan
2w4x,2w4x_61,0.690,-0.088292,nan
2w4x,2w4x_618,4.910,-2.212371,nan
2w4x,2w4x_668,5.110,-3.749795,nan
2w4x,2w4x_67,0.540,-0.679239,nan
2w4x,2w4x_679,3.980,-1.888632,nan
2w4x,2w4x_690,5.690,-6.508726,nan
2w4x,2w4x_699,5.340,-4.842918,nan
2w4x,2w4x_703,0.620,-0.308604,nan
2w4x,2w4x_705,1.300,-0.904454,nan
2w4x,2w4x_718,0.980,-0.560961,nan
2w4x,2w4x_733,2.550,-0.855139,nan
2w4x,2w4x_741,2.110,-0.864391,nan
2w4x,2w4x_745,3.170,-1.299477,nan
2w4x,2w4x_755,6.140,-5.282464,nan
2w4x,2w4x_756,2.010,-0.353511,nan
2w4x,2w4x_757,7.620,-7.809289,nan
2w4x,2w4x_758,4.550,-0.497461,nan
2w4x,2w4x_765,4.910,-0.876258,nan
2w4x,2w4x_773,6.850,-6.218256,nan
2w4x,2w4x_775,6.240,-6.873674,nan
2w4x,2w4x_780,5.830,-4.690697,nan
2w4x,2w4x_785,4.240,-4.117898,nan
2w4x,2w4x_787,4.350,-3.350792,nan
2w4x,2w4x_788,5.190,-5.255173,nan
2w4x,2w4x_791,6.500,-5.045025,nan
2w4x,2w4x_792,4.890,-2.068897,nan
2w4x,2w4x_794,6.370,-6.479684,nan
2w4x,2w4x_795,6.450,-6.592096,nan
2w4x,2w4x_797,3.750,-2.778928,nan
2w4x,2w4x_816,1.180,-0.427652,nan
2w4x,2w4x_832,5.740,-2.995940,nan
2w4x,2w4x_849,5.390,-3.081929,nan
2w4x,2w4x_862,3.080,-2.226200,nan
2w4x,2w4x_880,5.340,-1.963761,nan
2w4x,2w4x_884,7.650,-7.349016,nan
2w4x,2w4x_890,1.510,-0.556281,nan
2w4x,2w4x_891,2.000,-0.888019,nan
2w4x,2w4x_897,6.040,-5.165315,nan
2w4x,2w4x_898,7.390,-6.870742,nan
2w4x,2w4x_941,0.900,-0.576968,nan
2w4x,2w4x_944,2.500,-2.007956,nan
2w4x,2w4x_954,3.170,-2.420277,nan
2w4x,2w4x_955,6.500,-6.917858,nan
2w4x,2w4x_989,2.400,-1.920143,nan
2w4x,2w4x_991,7.110,-7.482417,nan
2w4x,2w4x_997,4.960,-3.091587,nan
2w66,2w66_1000,4.420,-2.474143,nan
2w66,2w66_173,0.830,-0.458931,nan
2w66,2w66_178,6.110,-5.556679,nan
2w66,2w66_179,0.910,-0.686691,nan
2w66,2w66_186,0.830,-0.545934,nan
2w66,2w66_190,0.530,-0.303433,nan
2w66,2w66_229,0.590,-0.344672,nan
2w66,2w66_314,0.540,-0.288902,nan
2w66,2w66_401,1.680,-1.398792,nan
2w66,2w66_403,1.580,-0.632166,nan
2w66,2w66_413,1.390,-1.637299,nan
2w66,2w66_414,1.770,-1.077493,nan
2w66,2w66_439,2.800,-2.147570,nan
2w66,2w66_449,2.730,-2.444076,nan
2w66,2w66_453,2.280,-1.370586,nan
2w66,2w66_534,3.260,-2.783578,nan
2w66,2w66_546,5.700,-4.843971,nan
2w66,2w66_611,3.590,-1.710173,nan
2w66,2w66_613,5.340,-4.541877,nan
2w66,2w66_690,5.910,-5.475399,nan
2w66,2w66_702,0.360,-0.287506,nan
2w66,2w66_711,3.560,-1.414737,nan
2w66,2w66_714,3.990,-2.471868,nan
2w66,2w66_723,4.940,-4.020457,nan
2w66,2w66_731,2.210,-1.196588,nan
2w66,2w66_732,4.390,-5.196371,nan
2w66,2w66_740,3.670,-1.979044,nan
2w66,2w66_749,4.130,-2.705372,nan
2w66,2w66_758,4.230,-4.030405,nan
2w66,2w66_759,5.770,-4.757263,nan
2w66,2w66_760,3.390,-3.000092,nan
2w66,2w66_761,5.030,-4.249244,nan
2w66,2w66_762,2.340,-1.302918,nan
2w66,2w66_763,2.090,-0.931337,nan
2w66,2w66_765,4.900,-5.434167,nan
2w66,2w66_770,5.680,-3.933451,nan
2w66,2w66_773,3.270,-0.657409,nan
2w66,2w66_775,4.400,-4.383381,nan
2w66,2w66_776,5.080,-3.578736,nan
2w66,2w66_782,3.510,-2.600685,nan
2w66,2w66_783,3.850,-2.825541,nan
2w66,2w66_785,5.990,-6.541034,nan
2w66,2w66_789,1.840,-1.065107,nan
2w66,2w66_796,5.070,-6.077252,nan
2w66,2w66_797,3.030,-3.133284,nan
2w66,2w66_800,4.030,-2.759506,nan
2w66,2w66_809,0.810,-0.295261,nan
2w66,2w66_835,2.830,-2.389764,nan
2w66,2w66_839,2.140,-0.984269,nan
2w66,2w66_855,2.440,-1.653712,nan
2w66,2w66_866,1.730,-0.727240,nan
2w66,2w66_877,4.360,-4.173022,nan
2w66,2w66_931,0.920,-0.421632,nan
2w66,2w66_937,4.690,-3.586229,nan
2w66,2w66_953,1.170,-0.641095,nan
2w66,2w66_956,5.060,-4.161829,nan
2w66,2w66_965,1.960,-1.823551,nan
2w66,2w66_969,2.660,-1.820087,nan
2w66,2w66_972,1.310,-0.819373,nan
2w66,2w66_991,1.620,-0.507806,nan
2w66,2w66_997,0.970,-0.534909,nan
2wbg,2wbg_111,7.330,-6.787546,nan
2wbg,2wbg_117,7.290,-6.980905,nan
2wbg,2wbg_123,5.170,-4.179897,nan
2wbg,2wbg_15,0.770,-0.416570,nan
2wbg,2wbg_153,5.940,-1.515115,nan
2wbg,2wbg_164,4.900,-4.077769,nan
2wbg,2wbg_270,0.740,-0.524727,nan
2wbg,2wbg_309,7.100,-7.798158,nan
2wbg,2wbg_322,6.830,-7.179328,nan
2wbg,2wbg_331,0.930,-0.829776,nan
2wbg,2wbg_336,7.020,-7.163914,nan
2wbg,2wbg_345,6.070,-5.580369,nan
2wbg,2wbg_365,7.090,-6.714020,nan
2wbg,2wbg_367,5.950,-5.693380,nan
2wbg,2wbg_379,5.690,-4.944272,nan
2wbg,2wbg_389,6.130,-5.849339,nan
2wbg,2wbg_4,0.380,-0.980167,nan
2wbg,2wbg_421,2.420,-1.343780,nan
2wbg,2wbg_439,5.480,-2.993935,nan
2wbg,2wbg_467,2.140,-1.539616,nan
2wbg,2wbg_470,3.230,-1.492454,nan
2wbg,2wbg_473,6.160,-3.173795,nan
2wbg,2wbg_492,3.020,-2.925397,nan
2wbg,2wbg_511,5.730,-5.372061,nan
2wbg,2wbg_514,6.120,-4.492720,nan
2wbg,2wbg_521,1.930,-1.091218,nan
2wbg,2wbg_525,1.900,-1.431552,nan
2wbg,2wbg_527,6.270,-5.776872,nan
2wbg,2wbg_533,6.310,-4.758885,nan
2wbg,2wbg_543,3.420,-2.489441,nan
2wbg,2wbg_554,6.140,-4.151066,nan
2wbg,2wbg_559,6.530,-6.238791,nan
2wbg,2wbg_565,4.060,-4.155257,nan
2wbg,2wbg_566,3.150,-2.001696,nan
2wbg,2wbg_588,4.200,-3.201921,nan
2wbg,2wbg_593,3.860,-3.660620,nan
2wbg,2wbg_598,6.150,-6.155439,nan
2wbg,2wbg_625,2.790,-1.568246,nan
2wbg,2wbg_637,2.910,-2.042417,nan
2wbg,2wbg_649,3.050,-2.266710,nan
2wbg,2wbg_650,1.880,-2.143465,nan
2wbg,2wbg_667,4.120,-2.769104,nan
2wbg,2wbg_668,4.130,-4.148163,nan
2wbg,2wbg_688,4.880,-4.581326,nan
2wbg,2wbg_715,0.950,-0.637827,nan
2wbg,2wbg_719,0.680,-1.214688,nan
2wbg,2wbg_721,1.100,-1.549922,nan
2wbg,2wbg_730,2.230,-1.639117,nan
2wbg,2wbg_731,2.350,-1.439226,nan
2wbg,2wbg_734,1.530,-1.190686,nan
2wbg,2wbg_737,1.630,-0.230922,nan
2wbg,2wbg_742,1.070,-1.496862,nan
2wbg,2wbg_747,0.850,-1.444103,nan
2wbg,2wbg_75,0.330,-0.879281,nan
2wbg,2wbg_750,0.900,-1.006236,nan
2wbg,2wbg_754,1.780,-1.749099,nan
2wbg,2wbg_755,0.780,-1.181863,nan
2wbg,2wbg_763,5.020,-1.878401,nan
2wbg,2wbg_767,3.180,-2.109862,nan
2wbg,2wbg_775,2.450,-1.145149,nan
2wbg,2wbg_779,4.520,-1.824284,nan
2wbg,2wbg_781,3.150,-2.332072,nan
2wbg,2wbg_783,5.160,-1.316759,nan
2wbg,2wbg_784,5.650,-2.579422,nan
2wbg,2wbg_786,3.830,-3.539747,nan
2wbg,2wbg_788,1.200,-1.775601,nan
2wbg,2wbg_791,4.060,-3.733364,nan
2wbg,2wbg_792,5.580,-4.294592,nan
2wbg,2wbg_795,4.970,-2.524539,nan
2wbg,2wbg_797,7.140,-5.568182,nan
2wbg,2wbg_880,2.150,-1.708390,nan
2wbg,2wbg_886,4.250,-4.602523,nan
2wbg,2wbg_889,2.980,-3.117663,nan
2wbg,2wbg_897,3.040,-3.429293,nan
2wbg,2wbg_944,2.080,-1.054259,nan
2wbg,2wbg_976,1.960,-1.225411,nan
2wca,2wca_144,1.940,-1.262178,nan
2wca,2wca_161,3.260,-1.272771,nan
2wca,2wca_173,4.150,-1.908657,nan
2wca,2wca_20,2.860,-1.895837,nan
2wca,2wca_201,2.030,-1.304574,nan
2wca,2wca_206,8.140,-7.433329,nan
2wca,2wca_219,8.160,-6.340083,nan
2wca,2wca_225,8.060,-6.769057,nan
2wca,2wca_23,7.920,-3.451467,nan
2wca,2wca_235,1.820,-1.359382,nan
2wca,2wca_241,5.130,-3.721541,nan
2wca,2wca_254,4.410,-1.406111,nan
2wca,2wca_264,8.390,-7.100457,nan
2wca,2wca_267,7.570,-5.900895,nan
2wca,2wca_269,1.990,-1.250271,nan
2wca,2wca_273,8.080,-6.612776,nan
2wca,2wca_281,7.320,-1.419393,nan
2wca,2wca_287,3.860,-1.764846,nan
2wca,2wca_37,3.360,-1.539499,nan
2wca,2wca_414,3.470,-3.469409,nan
2wca,2wca_417,6.080,-2.632827,nan
2wca,2wca_444,2.380,-1.617911,nan
2wca,2wca_478,5.910,-2.722735,nan
2wca,2wca_483,6.760,-2.446949,nan
2wca,2wca_488,5.620,-1.978834,nan
2wca,2wca_496,4.470,-4.612328,nan
2wca,2wca_5,8.640,-7.083681,nan
2wca,2wca_545,2.180,-1.621139,nan
2wca,2wca_550,5.450,-5.330379,nan
2wca,2wca_564,7.010,-4.348724,nan
2wca,2wca_575,3.990,-4.275088,nan
2wca,2wca_585,6.610,-4.495671,nan
2wca,2wca_586,6.760,-3.149926,nan
2wca,2wca_587,8.140,-5.119080,nan
2wca,2wca_592,4.020,-3.595492,nan
2wca,2wca_596,7.520,-4.934073,nan
2wca,2wca_599,4.600,-3.481109,nan
2wca,2wca_600,6.900,-2.977194,nan
2wca,2wca_610,5.980,-3.413089,nan
2wca,2wca_613,4.580,-4.265394,nan
2wca,2wca_616,4.850,-3.521567,nan
2wca,2wca_638,7.220,-3.872530,nan
2wca,2wca_65,8.430,-6.509584,nan
2wca,2wca_653,5.720,-2.234594,nan
2wca,2wca_657,5.580,-3.271745,nan
2wca,2wca_662,6.890,-4.082136,nan
2wca,2wca_674,6.720,-2.099422,nan
2wca,2wca_679,6.560,-3.314435,nan
2wca,2wca_692,6.760,-2.805895,nan
2wca,2wca_700,5.600,-3.112688,nan
2wca,2wca_72,8.550,-6.890748,nan
2wca,2wca_731,1.880,-1.834444,nan
2wca,2wca_745,5.870,-0.449486,nan
2wca,2wca_755,4.320,-2.533749,nan
2wca,2wca_760,3.000,-2.857513,nan
2wca,2wca_773,5.590,-1.315783,nan
2wca,2wca_786,4.410,-3.958208,nan
2wca,2wca_788,7.390,-4.146914,nan
2wca,2wca_791,3.930,-4.486368,nan
2wca,2wca_81,6.200,-2.150136,nan
2wca,2wca_816,1.990,-1.727520,nan
2wca,2wca_82,8.280,-6.708543,nan
2wca,2wca_829,2.050,-2.683633,nan
2wca,2wca_851,3.130,-2.953221,nan
2wca,2wca_853,3.970,-3.570997,nan
2wca,2wca_855,2.740,-3.152420,nan
2wca,2wca_887,2.800,-1.246912,nan
2wca,2wca_90,7.460,-7.009680,nan
2wca,2wca_903,1.810,-0.933627,nan
2wca,2wca_908,4.240,-3.858977,nan
2wca,2wca_92,2.460,-1.963576,nan
2wca,2wca_925,7.050,-4.631744,nan
2wca,2wca_936,2.850,-1.856248,nan
2wca,2wca_951,3.720,-1.403819,nan
2wca,2wca_960,1.990,-1.891703,nan
2wca,2wca_961,3.720,-3.626847,nan
2wca,2wca_965,1.830,-0.981800,nan
2wca,2wca_971,1.690,-1.946517,nan
2wca,2wca_974,7.320,-7.240854,nan
2wca,2wca_983,1.980,-2.560369,nan
2weg,2weg_106,2.660,-0.872292,nan
2weg,2weg_146,0.870,-0.515827,nan
2weg,2weg_177,0.890,-0.755766,nan
2weg,2weg_20,0.890,-0.484784,nan
2weg,2weg_204,0.980,-0.340649,nan
2weg,2weg_21,1.900,-1.015458,nan
2weg,2weg_218,0.840,-0.334524,nan
2weg,2weg_248,1.960,-1.040364,nan
2weg,2weg_301,3.260,-1.381873,nan
2weg,2weg_314,0.790,-0.687555,nan
2weg,2weg_335,1.540,-0.522243,nan
2weg,2weg_343,2.560,-0.591765,nan
2weg,2weg_371,1.000,-0.790240,nan
2weg,2weg_385,0.900,-0.299396,nan
2weg,2weg_387,0.880,-0.403592,nan
2weg,2weg_390,3.090,-0.472343,nan
2weg,2weg_407,1.790,-1.031205,nan
2weg,2weg_415,2.090,-1.594387,nan
2weg,2weg_419,4.380,-2.592149,nan
2weg,2weg_437,3.590,-1.868587,nan
2weg,2weg_443,1.700,-1.208189,nan
2weg,2weg_447,2.140,-0.889714,nan
2weg,2weg_468,3.260,-1.336949,nan
2weg,2weg_472,2.180,-1.247461,nan
2weg,2weg_476,4.670,-3.344855,nan
2weg,2weg_502,2.540,-1.806042,nan
2weg,2weg_515,1.330,-1.005389,nan
2weg,2weg_517,5.200,-4.638633,nan
2weg,2weg_518,4.740,-4.427407,nan
2weg,2weg_52,1.020,-0.588276,nan
2weg,2weg_520,4.350,-4.217873,nan
2weg,2weg_525,3.030,-1.555319,nan
2weg,2weg_530,1.290,-1.637882,nan
2weg,2weg_542,5.220,-4.829169,nan
2weg,2weg_566,3.540,-3.475540,nan
2weg,2weg_579,3.230,-2.143955,nan
2weg,2weg_582,2.110,-1.653070,nan
2weg,2weg_592,2.190,-0.621028,nan
2weg,2weg_598,3.020,-2.456350,nan
2weg,2weg_599,1.840,-0.771443,nan
2weg,2weg_604,2.080,-1.319743,nan
2weg,2weg_614,3.290,-2.201104,nan
2weg,2weg_620,1.210,-1.102480,nan
2weg,2weg_632,6.120,-5.515435,nan
2weg,2weg_643,4.520,-3.363191,nan
2weg,2weg_644,3.020,-2.521100,nan
2weg,2weg_653,6.480,-5.636100,nan
2weg,2weg_666,5.100,-4.010096,nan
2weg,2weg_674,4.110,-3.499784,nan
2weg,2weg_686,5.910,-5.201687,nan
2weg,2weg_699,4.450,-3.822127,nan
2weg,2weg_765,4.430,-2.347099,nan
2weg,2weg_776,4.010,-2.306510,nan
2weg,2weg_784,5.490,-5.099770,nan
2weg,2weg_785,4.500,-3.654147,nan
2weg,2weg_80,2.020,-1.124110,nan
2weg,2weg_838,0.900,-0.447390,nan
2wer,2wer_112,0.780,-0.383356,nan
2wer,2wer_123,1.150,-1.551590,nan
2wer,2wer_170,0.720,-0.427396,nan
2wer,2wer_177,0.490,-0.443310,nan
2wer,2wer_337,1.290,-0.716075,nan
2wer,2wer_345,0.690,-0.661914,nan
2wer,2wer_390,0.410,-0.619545,nan
2wer,2wer_403,3.500,-2.538508,nan
2wer,2wer_404,1.860,-1.325035,nan
2wer,2wer_414,1.490,-1.732784,nan
2wer,2wer_419,2.250,-2.532511,nan
2wer,2wer_422,2.000,-1.868546,nan
2wer,2wer_424,4.350,-2.606784,nan
2wer,2wer_426,3.560,-1.927412,nan
2wer,2wer_437,2.410,-2.076025,nan
2wer,2wer_439,2.850,-2.408806,nan
2wer,2wer_441,2.940,-2.388630,nan
2wer,2wer_442,3.630,-2.843107,nan
2wer,2wer_445,3.340,-3.493316,nan
2wer,2wer_447,5.070,-3.110653,nan
2wer,2wer_459,2.340,-2.076011,nan
2wer,2wer_460,3.190,-2.670402,nan
2wer,2wer_463,4.860,-3.169737,nan
2wer,2wer_473,3.510,-2.863414,nan
2wer,2wer_478,4.990,-3.150559,nan
2wer,2wer_479,3.620,-3.267771,nan
2wer,2wer_485,1.660,-1.416678,nan
2wer,2wer_486,2.870,-2.590601,nan
2wer,2wer_489,4.990,-2.253989,nan
2wer,2wer_557,1.440,-1.531107,nan
2wer,2wer_57,0.780,-1.107228,nan
2wer,2wer_570,2.070,-2.387333,nan
2wer,2wer_580,4.860,-3.228127,nan
2wer,2wer_581,1.490,-1.481055,nan
2wer,2wer_589,5.640,-4.277005,nan
2wer,2wer_596,3.860,-2.222443,nan
2wer,2wer_646,2.200,-2.208975,nan
2wer,2wer_658,7.060,-7.452118,nan
2wer,2wer_663,3.070,-2.780798,nan
2wer,2wer_669,4.280,-1.867110,nan
2wer,2wer_676,4.690,-1.598690,nan
2wer,2wer_678,4.340,-3.068238,nan
2wer,2wer_688,1.410,-1.309051,nan
2wer,2wer_697,2.050,-2.148501,nan
2wer,2wer_719,6.740,-5.628997,nan
2wer,2wer_728,7.280,-5.832013,nan
2wer,2wer_73,0.270,-0.533089,nan
2wer,2wer_737,6.050,-5.397619,nan
2wer,2wer_739,6.560,-8.246175,nan
2wer,2wer_740,7.470,-6.947593,nan
2wer,2wer_743,6.230,-5.670019,nan
2wer,2wer_745,8.280,-7.868220,nan
2wer,2wer_751,5.610,-3.925108,nan
2wer,2wer_752,8.780,-8.321983,nan
2wer,2wer_759,7.260,-6.996478,nan
2wer,2wer_763,7.850,-6.895772,nan
2wer,2wer_764,5.850,-5.092098,nan
2wer,2wer_765,7.330,-6.324567,nan
2wer,2wer_767,8.100,-7.910719,nan
2wer,2wer_768,6.340,-5.907015,nan
2wer,2wer_769,6.890,-5.955834,nan
2wer,2wer_773,7.880,-7.956481,nan
2wer,2wer_774,8.100,-8.488966,nan
2wer,2wer_775,5.450,-3.624139,nan
2wer,2wer_777,7.980,-7.027877,nan
2wer,2wer_779,0.380,-0.816056,nan
2wer,2wer_790,1.550,-1.414153,nan
2wer,2wer_792,2.010,-1.482249,nan
2wer,2wer_810,5.760,-3.773990,nan
2wer,2wer_812,4.740,-4.566695,nan
2wer,2wer_838,5.700,-4.268838,nan
2wer,2wer_853,6.160,-5.026904,nan
2wer,2wer_858,7.110,-6.692203,nan
2wer,2wer_866,6.010,-5.049384,nan
2wer,2wer_88,0.570,-0.464306,nan
2wer,2wer_888,0.720,-0.907978,nan
2wer,2wer_899,3.460,-2.280847,nan
2wer,2wer_920,4.920,-4.243856,nan
2wer,2wer_934,6.010,-4.402387,nan
2wer,2wer_935,6.340,-5.803639,nan
2wer,2wer_941,5.020,-3.078030,nan
2wer,2wer_944,7.150,-6.368654,nan
2wer,2wer_952,5.280,-4.784355,nan
2wer,2wer_957,5.460,-4.230951,nan
2wn9,2wn9_105,2.710,-1.874781,nan
2wn9,2wn9_11,4.210,-3.043176,nan
2wn9,2wn9_118,5.450,-4.738039,nan
2wn9,2wn9_12,5.030,-5.129916,nan
2wn9,2wn9_13,4.410,-4.577940,nan
2wn9,2wn9_134,4.420,-3.996532,nan
2wn9,2wn9_136,0.850,-0.744422,nan
2wn9,2wn9_160,0.730,-0.742126,nan
2wn9,2wn9_172,0.410,-0.695458,nan
2wn9,2wn9_175,5.100,-4.481590,nan
2wn9,2wn9_177,4.900,-3.538697,nan
2wn9,2wn9_194,0.690,-0.850285,nan
2wn9,2wn9_2,2.840,-2.139760,nan
2wn9,2wn9_217,6.250,-6.151557,nan
2wn9,2wn9_232,0.520,-0.499189,nan
2wn9,2wn9_247,5.890,-5.398066,nan
2wn9,2wn9_257,4.900,-3.805885,nan
2wn9,2wn9_261,5.880,-5.842676,nan
2wn9,2wn9_275,6.150,-5.365353,nan
2wn9,2wn9_283,5.870,-4.737889,nan
2wn9,2wn9_289,6.110,-5.597048,nan
2wn9,2wn9_299,5.720,-5.085242,nan
2wn9,2wn9_300,6.030,-6.021960,nan
2wn9,2wn9_329,3.650,-0.949301,nan
2wn9,2wn9_333,0.730,-0.751127,nan
2wn9,2wn9_336,0.680,-0.572611,nan
2wn9,2wn9_34,0.500,-0.882880,nan
2wn9,2wn9_376,0.700,-0.812088,nan
2wn9,2wn9_391,0.320,-0.607887,nan
2wn9,2wn9_410,2.140,-2.468178,nan
2wn9,2wn9_411,3.380,-3.882109,nan
2wn9,2wn9_424,2.760,-3.103881,nan
2wn9,2wn9_445,4.060,-1.982522,nan
2wn9,2wn9_448,2.490,-2.331309,nan
2wn9,2wn9_461,3.210,-2.864159,nan
2wn9,2wn9_471,3.920,-3.473979,nan
2wn9,2wn9_474,3.640,-3.405171,nan
2wn9,2wn9_483,5.720,-6.391697,nan
2wn9,2wn9_51,5.810,-5.914983,nan
2wn9,2wn9_525,4.640,-4.976907,nan
2wn9,2wn9_531,6.060,-6.279482,nan
2wn9,2wn9_565,6.380,-6.521761,nan
2wn9,2wn9_570,4.380,-3.360348,nan
2wn9,2wn9_571,3.690,-3.111069,nan
2wn9,2wn9_575,6.150,-6.587848,nan
2wn9,2wn9_586,3.900,-4.832155,nan
2wn9,2wn9_626,2.910,-2.361346,nan
2wn9,2wn9_643,6.400,-4.779377,nan
2wn9,2wn9_662,6.070,-6.071123,nan
2wn9,2wn9_663,3.530,-2.779153,nan
2wn9,2wn9_667,3.410,-3.772727,nan
2wn9,2wn9_675,4.920,-3.824929,nan
2wn9,2wn9_678,1.110,-1.428375,nan
2wn9,2wn9_689,5.590,-6.273583,nan
2wn9,2wn9_737,7.280,-7.768485,nan
2wn9,2wn9_738,6.040,-5.380433,nan
2wn9,2wn9_740,7.260,-7.373806,nan
2wn9,2wn9_749,7.640,-7.616618,nan
2wn9,2wn9_751,7.820,-8.022192,nan
2wn9,2wn9_752,7.370,-7.631725,nan
2wn9,2wn9_753,7.230,-7.268740,nan
2wn9,2wn9_759,3.900,-1.734726,nan
2wn9,2wn9_762,7.220,-7.837060,nan
2wn9,2wn9_80,4.860,-4.853549,nan
2wnc,2wnc_127,0.550,-0.582297,nan
2wnc,2wnc_168,1.450,-1.572608,nan
2wnc,2wnc_267,0.920,-0.674063,nan
2wnc,2wnc_302,0.700,-0.647634,nan
2wnc,2wnc_35,3.020,-2.323429,nan
2wnc,2wnc_370,0.910,-0.856704,nan
2wnc,2wnc_437,6.710,-5.568320,nan
2wnc,2wnc_458,4.020,-2.130597,nan
2wnc,2wnc_473,3.230,-2.623313,nan
2wnc,2wnc_474,2.300,-1.712240,nan
2wnc,2wnc_48,0.870,-0.889923,nan
2wnc,2wnc_498,4.420,-1.713501,nan
2wnc,2wnc_514,1.650,-1.537815,nan
2wnc,2wnc_519,2.670,-2.038865,nan
2wnc,2wnc_525,5.660,-1.570678,nan
2wnc,2wnc_527,5.270,-6.102417,nan
2wnc,2wnc_532,1.790,-1.688419,nan
2wnc,2wnc_536,2.780,-2.195665,nan
2wnc,2wnc_537,3.080,-1.807143,nan
2wnc,2wnc_538,6.700,-6.009311,nan
2wnc,2wnc_539,6.600,-2.065618,nan
2wnc,2wnc_541,7.760,-5.837657,nan
2wnc,2wnc_542,7.510,-5.311025,nan
2wnc,2wnc_554,4.470,-3.332942,nan
2wnc,2wnc_557,6.270,-2.500446,nan
2wnc,2wnc_558,8.480,-8.373741,nan
2wnc,2wnc_561,5.170,-2.177177,nan
2wnc,2wnc_564,8.970,-8.571286,nan
2wnc,2wnc_575,7.920,-7.827861,nan
2wnc,2wnc_578,4.550,-4.109873,nan
2wnc,2wnc_582,6.260,-6.294372,nan
2wnc,2wnc_585,4.030,-3.647503,nan
2wnc,2wnc_587,3.030,-2.531670,nan
2wnc,2wnc_589,4.730,-4.161262,nan
2wnc,2wnc_594,5.180,-2.901030,nan
2wnc,2wnc_595,3.040,-2.038890,nan
2wnc,2wnc_597,8.350,-6.953808,nan
2wnc,2wnc_599,6.260,-2.210390,nan
2wnc,2wnc_600,4.270,-1.833205,nan
2wnc,2wnc_632,7.120,-1.588075,nan
2wnc,2wnc_636,8.120,-5.929050,nan
2wnc,2wnc_645,5.030,-4.532575,nan
2wnc,2wnc_647,6.380,-2.607860,nan
2wnc,2wnc_661,5.990,-4.045579,nan
2wnc,2wnc_664,2.970,-2.909453,nan
2wnc,2wnc_681,5.620,-3.543977,nan
2wnc,2wnc_689,3.660,-1.683004,nan
2wnc,2wnc_702,0.510,-0.335294,nan
2wnc,2wnc_717,2.480,-1.189682,nan
2wnc,2wnc_722,7.880,-7.279337,nan
2wnc,2wnc_723,2.350,-1.927418,nan
2wnc,2wnc_728,8.430,-5.941702,nan
2wnc,2wnc_732,7.440,-3.590333,nan
2wnc,2wnc_734,8.010,-3.773051,nan
2wnc,2wnc_737,2.010,-1.030399,nan
2wnc,2wnc_741,8.070,-7.752673,nan
2wnc,2wnc_744,3.110,-1.904781,nan
2wnc,2wnc_747,4.620,-2.779800,nan
2wnc,2wnc_752,5.030,-2.948544,nan
2wnc,2wnc_754,9.060,-8.450196,nan
2wnc,2wnc_755,3.320,-2.170199,nan
2wnc,2wnc_757,5.330,-2.861998,nan
2wnc,2wnc_760,6.610,-5.962914,nan
2wnc,2wnc_763,8.890,-5.901696,nan
2wnc,2wnc_766,6.900,-6.955317,nan
2wnc,2wnc_770,5.150,-4.442713,nan
2wnc,2wnc_776,7.670,-5.140567,nan
2wnc,2wnc_779,6.250,-2.716758,nan
2wnc,2wnc_780,3.780,-1.344281,nan
2wnc,2wnc_781,9.780,-8.503276,nan
2wnc,2wnc_796,0.560,-0.342560,nan
2wnc,2wnc_825,1.740,-0.950452,nan
2wnc,2wnc_828,4.670,-3.314568,nan
2wnc,2wnc_848,2.370,-0.639398,nan
2wnc,2wnc_849,1.810,-0.549705,nan
2wnc,2wnc_853,9.030,-4.577577,nan
2wnc,2wnc_856,8.160,-5.045829,nan
2wnc,2wnc_860,2.010,-0.478837,nan
2wnc,2wnc_862,8.670,-6.991394,nan
2wnc,2wnc_868,7.280,-1.752892,nan
2wnc,2wnc_872,4.810,-2.684058,nan
2wnc,2wnc_874,7.600,-2.357791,nan
2wnc,2wnc_879,7.650,-8.172209,nan
2wnc,2wnc_891,0.320,-0.377465,nan
2wnc,2wnc_903,0.550,-0.423902,nan
2wnc,2wnc_915,1.590,-0.852896,nan
2wnc,2wnc_928,1.510,-0.686616,nan
2wnc,2wnc_951,2.860,-2.036774,nan
2wnc,2wnc_952,2.000,-1.318849,nan
2wnc,2wnc_969,1.150,-1.366829,nan
2wnc,2wnc_972,3.720,-1.305743,nan
2wnc,2wnc_981,1.060,-1.055000,nan
2wnc,2wnc_99,0.990,-1.019224,nan
2wtv,2wtv_105,0.540,-0.239973,nan
2wtv,2wtv_108,0.490,-0.590966,nan
2wtv,2wtv_118,0.520,-0.519565,nan
2wtv,2wtv_133,1.280,-0.744906,nan
2wtv,2wtv_143,0.780,-0.109026,nan
2wtv,2wtv_144,1.060,-0.725635,nan
2wtv,2wtv_152,5.780,-3.822785,nan
2wtv,2wtv_157,0.950,-0.751374,nan
2wtv,2wtv_159,6.520,-5.524196,nan
2wtv,2wtv_174,0.530,-0.680275,nan
2wtv,2wtv_196,7.020,-4.009649,nan
2wtv,2wtv_20,9.000,-8.094013,nan
2wtv,2wtv_237,1.040,-0.253275,nan
2wtv,2wtv_24,8.980,-7.707077,nan
2wtv,2wtv_240,0.700,-0.474861,nan
2wtv,2wtv_250,9.030,-7.729516,nan
2wtv,2wtv_255,0.880,-0.438467,nan
2wtv,2wtv_260,9.040,-8.202815,nan
2wtv,2wtv_289,1.220,-1.167023,nan
2wtv,2wtv_296,8.940,-7.576145,nan
2wtv,2wtv_317,6.870,-4.247659,nan
2wtv,2wtv_32,8.900,-7.739556,nan
2wtv,2wtv_320,0.400,-0.162980,nan
2wtv,2wtv_328,2.900,-1.509406,nan
2wtv,2wtv_333,7.330,-5.607329,nan
2wtv,2wtv_357,0.500,-0.387969,nan
2wtv,2wtv_376,1.780,-0.569477,nan
2wtv,2wtv_38,9.230,-8.182095,nan
2wtv,2wtv_39,9.040,-7.908148,nan
2wtv,2wtv_401,6.300,-3.481343,nan
2wtv,2wtv_411,2.980,-2.519417,nan
2wtv,2wtv_415,5.910,-2.577133,nan
2wtv,2wtv_421,5.900,-2.832358,nan
2wtv,2wtv_427,4.230,-4.575274,nan
2wtv,2wtv_432,7.140,-5.333880,nan
2wtv,2wtv_436,6.210,-4.027421,nan
2wtv,2wtv_437,3.560,-3.070312,nan
2wtv,2wtv_455,4.210,-3.571877,nan
2wtv,2wtv_459,5.760,-1.954090,nan
2wtv,2wtv_460,7.430,-5.220889,nan
2wtv,2wtv_470,5.080,-4.918551,nan
2wtv,2wtv_477,6.840,-4.956243,nan
2wtv,2wtv_481,7.610,-6.997346,nan
2wtv,2wtv_483,4.500,-4.984517,nan
2wtv,2wtv_486,5.760,-2.833836,nan
2wtv,2wtv_487,5.910,-2.796176,nan
2wtv,2wtv_489,6.300,-4.685008,nan
2wtv,2wtv_498,5.980,-3.237879,nan
2wtv,2wtv_499,6.000,-2.634493,nan
2wtv,2wtv_502,1.200,-1.326444,nan
2wtv,2wtv_506,2.870,-2.219315,nan
2wtv,2wtv_509,1.790,-1.839572,nan
2wtv,2wtv_533,1.840,-1.627546,nan
2wtv,2wtv_534,3.190,-3.632876,nan
2wtv,2wtv_541,6.050,-2.790928,nan
2wtv,2wtv_544,2.230,-2.793504,nan
2wtv,2wtv_547,7.650,-4.454195,nan
2wtv,2wtv_548,2.570,-2.505694,nan
2wtv,2wtv_55,7.060,-7.570525,nan
2wtv,2wtv_551,4.120,-3.898372,nan
2wtv,2wtv_557,3.770,-2.726291,nan
2wtv,2wtv_558,8.290,-6.638735,nan
2wtv,2wtv_561,3.000,-3.475626,nan
2wtv,2wtv_570,7.520,-5.636049,nan
2wtv,2wtv_575,3.410,-3.517200,nan
2wtv,2wtv_576,8.130,-6.756804,nan
2wtv,2wtv_579,3.250,-3.648869,nan
2wtv,2wtv_581,7.660,-4.651098,nan
2wtv,2wtv_584,2.070,-1.869780,nan
2wtv,2wtv_585,7.130,-3.978608,nan
2wtv,2wtv_590,3.380,-4.209540,nan
2wtv,2wtv_591,2.540,-2.012044,nan
2wtv,2wtv_595,1.830,-2.242479,nan
2wtv,2wtv_596,3.040,-2.817329,nan
2wtv,2wtv_602,3.550,-3.478106,nan
2wtv,2wtv_604,3.030,-3.509099,nan
2wtv,2wtv_608,4.090,-3.725295,nan
2wtv,2wtv_611,4.950,-4.326592,nan
2wtv,2wtv_612,9.170,-8.213636,nan
2wtv,2wtv_615,1.930,-1.395254,nan
2wtv,2wtv_624,3.300,-2.536756,nan
2wtv,2wtv_631,5.950,-2.490826,nan
2wtv,2wtv_637,6.640,-3.574983,nan
2wtv,2wtv_644,4.370,-5.171947,nan
2wtv,2wtv_670,6.240,-3.526087,nan
2wtv,2wtv_674,2.810,-2.185366,nan
2wtv,2wtv_675,8.630,-6.993592,nan
2wtv,2wtv_676,4.290,-4.168848,nan
2wtv,2wtv_689,4.510,-4.459734,nan
2wtv,2wtv_691,2.420,-2.292360,nan
2wtv,2wtv_697,4.010,-3.828279,nan
2wtv,2wtv_737,6.290,-2.631538,nan
2wtv,2wtv_78,9.170,-8.278050,nan
2wtv,2wtv_799,8.540,-8.208971,nan
2wtv,2wtv_801,8.340,-8.246209,nan
2wtv,2wtv_804,8.220,-7.928103,nan
2wtv,2wtv_83,9.110,-7.801913,nan
2wtv,2wtv_84,9.060,-7.871852,nan
2wtv,2wtv_90,9.090,-8.121999,nan
2wtv,2wtv_98,9.140,-8.121862,nan
2wvt,2wvt_217,0.340,-0.464885,nan
2wvt,2wvt_266,0.930,-0.759035,nan
2wvt,2wvt_404,1.280,-1.233287,nan
2wvt,2wvt_415,0.950,-1.369888,nan
2wvt,2wvt_442,0.910,-1.297429,nan
2wvt,2wvt_456,0.750,-0.766070,nan
2wvt,2wvt_464,1.720,-2.555446,nan
2wvt,2wvt_474,1.750,-1.411586,nan
2wvt,2wvt_478,2.120,-2.074063,nan
2wvt,2wvt_492,1.470,-1.572148,nan
2wvt,2wvt_510,3.280,-2.548444,nan
2wvt,2wvt_518,0.950,-0.913871,nan
2wvt,2wvt_526,4.260,-3.883115,nan
2wvt,2wvt_529,2.450,-1.197623,nan
2wvt,2wvt_546,3.810,-2.999378,nan
2wvt,2wvt_548,1.200,-1.012910,nan
2wvt,2wvt_552,2.400,-1.706649,nan
2wvt,2wvt_565,3.160,-2.614133,nan
2wvt,2wvt_574,3.540,-2.335130,nan
2wvt,2wvt_579,3.090,-2.392303,nan
2wvt,2wvt_581,3.210,-2.893705,nan
2wvt,2wvt_593,2.910,-2.165460,nan
2wvt,2wvt_615,2.480,-2.320834,nan
2wvt,2wvt_630,1.760,-1.491262,nan
2wvt,2wvt_675,1.950,-1.417091,nan
2wvt,2wvt_678,2.070,-2.157694,nan
2wvt,2wvt_720,1.160,-0.784972,nan
2wvt,2wvt_731,4.020,-3.455410,nan
2wvt,2wvt_736,0.850,-1.231875,nan
2wvt,2wvt_743,3.840,-3.690409,nan
2wvt,2wvt_758,4.000,-3.135531,nan
2wvt,2wvt_762,2.090,-1.707067,nan
2wvt,2wvt_764,2.040,-1.175711,nan
2wvt,2wvt_767,1.540,-1.319221,nan
2wvt,2wvt_770,4.010,-3.696254,nan
2wvt,2wvt_775,1.950,-1.112814,nan
2wvt,2wvt_777,2.410,-1.492938,nan
2wvt,2wvt_780,3.280,-2.727842,nan
2wvt,2wvt_843,2.770,-1.195833,nan
2wvt,2wvt_848,4.060,-3.241524,nan
2wvt,2wvt_859,0.790,-0.777595,nan
2wvt,2wvt_870,4.100,-3.249625,nan
2wvt,2wvt_875,4.900,-3.851745,nan
2wvt,2wvt_884,4.090,-3.294487,nan
2wvt,2wvt_898,4.670,-3.980581,nan
2wvt,2wvt_920,0.890,-0.416213,nan
2wvt,2wvt_922,0.610,-0.890401,nan
2wvt,2wvt_961,3.710,-2.999620,nan
2wvt,2wvt_962,4.200,-3.524332,nan
2wvt,2wvt_982,4.550,-3.548869,nan
2x00,2x00_123,0.910,-0.740047,nan
2x00,2x00_144,0.880,-0.954113,nan
2x00,2x00_174,0.760,-0.703687,nan
2x00,2x00_234,0.580,-0.585963,nan
2x00,2x00_335,0.560,-0.149791,nan
2x00,2x00_345,0.830,-0.204591,nan
2x00,2x00_410,1.120,-1.188415,nan
2x00,2x00_447,2.290,-2.530644,nan
2x00,2x00_464,1.720,-1.189543,nan
2x00,2x00_470,2.010,-1.919325,nan
2x00,2x00_487,1.820,-1.576374,nan
2x00,2x00_498,3.450,-3.020980,nan
2x00,2x00_499,1.880,-2.507657,nan
2x00,2x00_500,4.080,-2.879894,nan
2x00,2x00_509,6.080,-5.653395,nan
2x00,2x00_528,6.070,-6.421836,nan
2x00,2x00_53,0.600,-0.909296,nan
2x00,2x00_539,7.150,-8.290735,nan
2x00,2x00_551,6.410,-6.308016,nan
2x00,2x00_565,5.650,-5.437824,nan
2x00,2x00_573,5.940,-3.902181,nan
2x00,2x00_576,6.290,-6.287316,nan
2x00,2x00_583,2.370,-1.997607,nan
2x00,2x00_586,4.690,-5.823713,nan
2x00,2x00_587,7.410,-7.709101,nan
2x00,2x00_594,3.480,-3.125256,nan
2x00,2x00_604,3.380,-2.608265,nan
2x00,2x00_609,1.050,-1.207683,nan
2x00,2x00_611,2.590,-2.224769,nan
2x00,2x00_633,3.850,-3.528677,nan
2x00,2x00_634,2.990,-2.093383,nan
2x00,2x00_654,2.890,-2.911338,nan
2x00,2x00_701,0.970,-0.320435,nan
2x00,2x00_705,1.230,-1.007527,nan
2x00,2x00_709,1.440,-0.699974,nan
2x00,2x00_716,2.040,-1.188654,nan
2x00,2x00_721,6.210,-5.132987,nan
2x00,2x00_725,5.670,-5.694681,nan
2x00,2x00_731,5.650,-5.518163,nan
2x00,2x00_732,5.120,-4.187194,nan
2x00,2x00_736,3.840,-3.332897,nan
2x00,2x00_742,4.470,-3.564431,nan
2x00,2x00_748,3.480,-2.216796,nan
2x00,2x00_749,4.390,-3.616578,nan
2x00,2x00_760,6.200,-5.369730,nan
2x00,2x00_761,3.850,-4.036612,nan
2x00,2x00_767,2.590,-1.988603,nan
2x00,2x00_771,4.730,-4.024380,nan
2x00,2x00_778,4.900,-5.069955,nan
2x00,2x00_779,8.000,-7.333833,nan
2x00,2x00_786,3.210,-2.640961,nan
2x00,2x00_789,6.320,-5.541608,nan
2x00,2x00_791,3.760,-3.206084,nan
2x00,2x00_798,0.820,-0.709509,nan
2x00,2x00_817,1.420,-0.589288,nan
2x00,2x00_818,5.620,-5.150619,nan
2x00,2x00_822,5.160,-4.869271,nan
2x00,2x00_835,5.980,-7.052285,nan
2x00,2x00_843,5.050,-4.511799,nan
2x00,2x00_853,4.470,-5.229342,nan
2x00,2x00_874,4.410,-4.084725,nan
2x00,2x00_882,6.230,-6.293233,nan
2x00,2x00_889,5.600,-4.307202,nan
2x00,2x00_891,2.990,-2.622809,nan
2x00,2x00_907,0.860,-0.417415,nan
2x00,2x00_911,1.360,-0.466697,nan
2x00,2x00_929,1.700,-0.766498,nan
2x00,2x00_935,2.810,-1.349206,nan
2x00,2x00_945,7.500,-8.329097,nan
2x00,2x00_963,7.610,-8.103062,nan
2x00,2x00_966,6.430,-6.892717,nan
2x00,2x00_969,7.420,-8.279627,nan
2x00,2x00_971,4.970,-4.898357,nan
2x00,2x00_972,6.160,-7.342031,nan
2x00,2x00_986,3.620,-3.694975,nan
2x00,2x00_992,4.300,-3.896703,nan
2xb8,2xb8_133,0.620,-0.684036,nan
2xb8,2xb8_268,0.240,-0.803974,nan
2xb8,2xb8_28,0.660,-0.563535,nan
2xb8,2xb8_282,0.480,-0.775158,nan
2xb8,2xb8_285,0.460,-0.649312,nan
2xb8,2xb8_35,0.740,-0.625183,nan
2xb8,2xb8_408,5.330,-2.954204,nan
2xb8,2xb8_423,1.500,-1.664279,nan
2xb8,2xb8_428,3.040,-2.116729,nan
2xb8,2xb8_433,4.700,-2.552079,nan
2xb8,2xb8_435,2.020,-2.138305,nan
2xb8,2xb8_436,0.840,-1.095802,nan
2xb8,2xb8_437,5.600,-2.501490,nan
2xb8,2xb8_439,1.560,-2.263810,nan
2xb8,2xb8_451,0.870,-1.549002,nan
2xb8,2xb8_452,3.170,-2.180190,nan
2xb8,2xb8_459,2.950,-2.276457,nan
2xb8,2xb8_462,3.100,-2.388343,nan
2xb8,2xb8_464,1.740,-2.057121,nan
2xb8,2xb8_465,4.450,-2.605306,nan
2xb8,2xb8_473,1.900,-1.774914,nan
2xb8,2xb8_478,2.460,-2.454881,nan
2xb8,2xb8_481,3.110,-1.546708,nan
2xb8,2xb8_483,1.640,-1.632248,nan
2xb8,2xb8_484,1.450,-1.671189,nan
2xb8,2xb8_486,0.820,-1.398094,nan
2xb8,2xb8_487,3.320,-1.777347,nan
2xb8,2xb8_490,1.330,-1.561128,nan
2xb8,2xb8_523,4.180,-3.060327,nan
2xb8,2xb8_525,1.450,-2.144400,nan
2xb8,2xb8_537,1.450,-1.548426,nan
2xb8,2xb8_542,3.030,-2.247987,nan
2xb8,2xb8_546,5.870,-3.952918,nan
2xb8,2xb8_556,4.850,-3.573184,nan
2xb8,2xb8_558,5.180,-2.718274,nan
2xb8,2xb8_560,3.170,-2.114897,nan
2xb8,2xb8_568,4.920,-4.076359,nan
2xb8,2xb8_572,6.920,-5.209039,nan
2xb8,2xb8_573,5.740,-4.741298,nan
2xb8,2xb8_574,4.290,-3.059227,nan
2xb8,2xb8_576,2.890,-1.352312,nan
2xb8,2xb8_585,4.080,-3.117804,nan
2xb8,2xb8_587,2.670,-2.540432,nan
2xb8,2xb8_590,6.120,-5.196920,nan
2xb8,2xb8_597,6.290,-4.006409,nan
2xb8,2xb8_616,2.740,-2.174743,nan
2xb8,2xb8_617,5.200,-2.280645,nan
2xb8,2xb8_620,6.220,-3.918067,nan
2xb8,2xb8_635,3.060,-2.480872,nan
2xb8,2xb8_647,6.380,-4.855409,nan
2xb8,2xb8_650,3.490,-2.388250,nan
2xb8,2xb8_657,5.390,-3.989309,nan
2xb8,2xb8_673,6.140,-3.591149,nan
2xb8,2xb8_675,6.120,-3.883021,nan
2xb8,2xb8_676,2.090,-2.355281,nan
2xb8,2xb8_679,5.940,-3.716312,nan
2xb8,2xb8_682,6.110,-3.408306,nan
2xb8,2xb8_684,5.820,-3.020688,nan
2xb8,2xb8_691,4.880,-2.549562,nan
2xb8,2xb8_695,4.790,-3.005288,nan
2xb8,2xb8_697,3.400,-3.176299,nan
2xb8,2xb8_735,0.640,-0.907988,nan
2xb8,2xb8_760,2.690,-1.318074,nan
2xb8,2xb8_761,2.610,-1.616216,nan
2xb8,2xb8_765,6.280,-4.120974,nan
2xb8,2xb8_767,6.030,-3.633506,nan
2xb8,2xb8_768,1.190,-1.408986,nan
2xb8,2xb8_775,5.460,-2.676583,nan
2xb8,2xb8_776,2.250,-2.250464,nan
2xbv,2xbv_103,6.680,-4.306289,nan
2xbv,2xbv_109,9.160,-8.346427,nan
2xbv,2xbv_114,6.200,-4.019460,nan
2xbv,2xbv_119,5.040,-4.621964,nan
2xbv,2xbv_124,5.670,-4.443783,nan
2xbv,2xbv_136,9.060,-8.460559,nan
2xbv,2xbv_137,6.090,-4.830544,nan
2xbv,2xbv_144,7.930,-7.592696,nan
2xbv,2xbv_154,8.480,-7.269850,nan
2xbv,2xbv_157,8.500,-7.081479,nan
2xbv,2xbv_164,7.940,-5.629727,nan
2xbv,2xbv_167,7.410,-7.532432,nan
2xbv,2xbv_184,0.620,-0.670191,nan
2xbv,2xbv_195,1.810,-1.019063,nan
2xbv,2xbv_198,7.070,-4.406281,nan
2xbv,2xbv_199,0.900,-0.842840,nan
2xbv,2xbv_203,0.940,-0.538780,nan
2xbv,2xbv_226,0.490,-0.658458,nan
2xbv,2xbv_23,0.860,-0.773322,nan
2xbv,2xbv_267,0.740,-0.891123,nan
2xbv,2xbv_277,0.720,-0.580794,nan
2xbv,2xbv_293,1.010,-1.031014,nan
2xbv,2xbv_302,1.500,-0.829755,nan
2xbv,2xbv_304,5.570,-2.019009,nan
2xbv,2xbv_309,6.550,-6.259442,nan
2xbv,2xbv_310,8.540,-3.673486,nan
2xbv,2xbv_316,8.100,-2.107119,nan
2xbv,2xbv_317,0.690,-0.668574,nan
2xbv,2xbv_336,6.220,-4.180763,nan
2xbv,2xbv_340,6.460,-2.439283,nan
2xbv,2xbv_344,2.750,-1.836245,nan
2xbv,2xbv_347,8.680,-4.791678,nan
2xbv,2xbv_353,5.670,-5.099905,nan
2xbv,2xbv_355,5.930,-2.804567,nan
2xbv,2xbv_364,7.710,-7.152416,nan
2xbv,2xbv_378,0.900,-0.488775,nan
2xbv,2xbv_385,7.980,-6.055518,nan
2xbv,2xbv_386,8.520,-7.909982,nan
2xbv,2xbv_389,6.030,-2.984892,nan
2xbv,2xbv_391,8.520,-7.088728,nan
2xbv,2xbv_392,1.220,-0.943354,nan
2xbv,2xbv_397,1.590,-0.982179,nan
2xbv,2xbv_399,7.650,-1.951605,nan
2xbv,2xbv_401,2.170,-1.738903,nan
2xbv,2xbv_434,2.320,-1.732898,nan
2xbv,2xbv_435,5.430,-2.310101,nan
2xbv,2xbv_444,2.200,-1.529916,nan
2xbv,2xbv_463,5.490,-2.774560,nan
2xbv,2xbv_475,2.530,-2.095913,nan
2xbv,2xbv_477,2.090,-1.952471,nan
2xbv,2xbv_52,1.080,-1.080154,nan
2xbv,2xbv_532,2.100,-1.399576,nan
2xbv,2xbv_559,5.520,-2.156147,nan
2xbv,2xbv_565,5.570,-2.224567,nan
2xbv,2xbv_746,2.910,-1.560563,nan
2xbv,2xbv_747,4.270,-3.771978,nan
2xbv,2xbv_752,3.420,-2.353501,nan
2xbv,2xbv_753,3.050,-1.899862,nan
2xbv,2xbv_754,2.950,-1.937394,nan
2xbv,2xbv_756,3.290,-2.106751,nan
2xbv,2xbv_761,7.590,-4.955710,nan
2xbv,2xbv_762,6.510,-3.781841,nan
2xbv,2xbv_766,1.780,-0.728692,nan
2xbv,2xbv_769,6.260,-2.420449,nan
2xbv,2xbv_770,3.580,-2.322655,nan
2xbv,2xbv_771,6.360,-2.803633,nan
2xbv,2xbv_773,8.050,-3.206119,nan
2xbv,2xbv_777,8.350,-4.976453,nan
2xbv,2xbv_779,8.700,-4.192134,nan
2xbv,2xbv_780,7.730,-2.439236,nan
2xbv,2xbv_782,3.530,-2.197037,nan
2xbv,2xbv_784,7.770,-3.024785,nan
2xbv,2xbv_8,0.830,-0.719542,nan
2xbv,2xbv_825,1.290,-1.026744,nan
2xbv,2xbv_855,1.600,-0.681937,nan
2xbv,2xbv_866,1.610,-1.370250,nan
2xbv,2xbv_880,2.460,-1.902518,nan
2xbv,2xbv_883,3.930,-2.659232,nan
2xbv,2xbv_884,4.080,-2.968007,nan
2xbv,2xbv_984,5.430,-5.443933,nan
2xdl,2xdl_176,0.960,-0.731244,nan
2xdl,2xdl_192,1.740,-0.761231,nan
2xdl,2xdl_215,0.980,-0.573615,nan
2xdl,2xdl_265,0.470,-0.596465,nan
2xdl,2xdl_268,0.880,-0.285816,nan
2xdl,2xdl_273,1.170,-0.602954,nan
2xdl,2xdl_3,3.880,-1.663848,nan
2xdl,2xdl_329,0.430,-0.440970,nan
2xdl,2xdl_339,0.670,-0.636261,nan
2xdl,2xdl_348,0.940,-0.502302,nan
2xdl,2xdl_396,0.380,-0.328274,nan
2xdl,2xdl_414,5.500,-3.365021,nan
2xdl,2xdl_417,3.020,-2.520694,nan
2xdl,2xdl_420,3.250,-2.468292,nan
2xdl,2xdl_435,1.690,-1.754825,nan
2xdl,2xdl_446,3.030,-2.480952,nan
2xdl,2xdl_484,1.820,-1.670542,nan
2xdl,2xdl_486,2.280,-2.123743,nan
2xdl,2xdl_489,3.810,-2.499146,nan
2xdl,2xdl_495,5.330,-3.181376,nan
2xdl,2xdl_496,5.120,-2.665006,nan
2xdl,2xdl_5,0.770,-0.445260,nan
2xdl,2xdl_500,2.850,-1.249362,nan
2xdl,2xdl_509,4.610,-1.804026,nan
2xdl,2xdl_522,3.340,-1.986526,nan
2xdl,2xdl_525,1.640,-1.389071,nan
2xdl,2xdl_534,2.100,-1.214679,nan
2xdl,2xdl_537,2.420,-1.711946,nan
2xdl,2xdl_539,3.610,-2.701365,nan
2xdl,2xdl_540,1.870,-1.520156,nan
2xdl,2xdl_547,4.820,-4.674106,nan
2xdl,2xdl_549,5.580,-4.526863,nan
2xdl,2xdl_55,0.930,-0.789712,nan
2xdl,2xdl_559,5.120,-3.865002,nan
2xdl,2xdl_560,2.440,-1.419950,nan
2xdl,2xdl_565,6.050,-4.637990,nan
2xdl,2xdl_570,5.070,-4.156592,nan
2xdl,2xdl_574,2.790,-1.763067,nan
2xdl,2xdl_586,5.410,-4.749861,nan
2xdl,2xdl_593,2.570,-1.923110,nan
2xdl,2xdl_595,1.960,-1.647780,nan
2xdl,2xdl_596,5.160,-2.600749,nan
2xdl,2xdl_611,2.120,-1.199813,nan
2xdl,2xdl_612,5.020,-1.731085,nan
2xdl,2xdl_615,4.840,-1.646969,nan
2xdl,2xdl_623,4.540,-2.336479,nan
2xdl,2xdl_628,1.760,-1.043524,nan
2xdl,2xdl_646,5.760,-5.438607,nan
2xdl,2xdl_650,4.520,-2.413276,nan
2xdl,2xdl_660,3.530,-1.265615,nan
2xdl,2xdl_674,4.110,-2.936751,nan
2xdl,2xdl_685,4.650,-1.384717,nan
2xdl,2xdl_691,4.480,-2.957078,nan
2xdl,2xdl_692,2.170,-1.728272,nan
2xdl,2xdl_693,2.980,-2.492089,nan
2xdl,2xdl_739,1.960,-0.385463,nan
2xdl,2xdl_742,3.810,-1.227958,nan
2xdl,2xdl_746,9.900,-8.500636,nan
2xdl,2xdl_747,9.630,-7.891389,nan
2xdl,2xdl_755,9.330,-7.905764,nan
2xdl,2xdl_763,9.440,-8.072128,nan
2xdl,2xdl_768,9.470,-8.338791,nan
2xdl,2xdl_769,9.480,-8.396303,nan
2xdl,2xdl_775,9.540,-7.760036,nan
2xdl,2xdl_776,3.290,-1.754071,nan
2xdl,2xdl_778,9.520,-7.686628,nan
2xdl,2xdl_779,9.380,-8.357887,nan
2xdl,2xdl_783,4.010,-1.878401,nan
2xdl,2xdl_788,9.370,-7.473324,nan
2xdl,2xdl_790,4.870,-3.028454,nan
2xdl,2xdl_99,1.430,-0.687188,nan
2xii,2xii_108,5.810,-5.931789,nan
2xii,2xii_131,7.060,-7.669115,nan
2xii,2xii_137,4.530,-4.067902,nan
2xii,2xii_146,0.530,-0.345086,nan
2xii,2xii_151,6.100,-5.746764,nan
2xii,2xii_185,1.010,-0.217777,nan
2xii,2xii_199,6.850,-7.204046,nan
2xii,2xii_237,0.530,-0.243619,nan
2xii,2xii_238,0.450,-0.398661,nan
2xii,2xii_252,1.340,-0.592551,nan
2xii,2xii_253,1.250,-0.404295,nan
2xii,2xii_293,0.410,-0.359379,nan
2xii,2xii_355,0.760,-0.313082,nan
2xii,2xii_397,0.580,-0.337257,nan
2xii,2xii_401,0.990,-0.444020,nan
2xii,2xii_402,6.800,-6.894641,nan
2xii,2xii_406,1.720,-1.319753,nan
2xii,2xii_407,1.640,-0.951615,nan
2xii,2xii_409,1.840,-0.645577,nan
2xii,2xii_413,2.710,-2.357674,nan
2xii,2xii_414,5.310,-4.460627,nan
2xii,2xii_415,2.030,-1.530276,nan
2xii,2xii_417,1.800,-1.412288,nan
2xii,2xii_419,3.440,-4.339756,nan
2xii,2xii_426,4.800,-4.296560,nan
2xii,2xii_427,3.650,-3.019155,nan
2xii,2xii_429,2.700,-2.199168,nan
2xii,2xii_435,5.920,-5.408372,nan
2xii,2xii_436,6.190,-5.790585,nan
2xii,2xii_438,7.460,-6.610124,nan
2xii,2xii_445,5.760,-6.241081,nan
2xii,2xii_451,4.360,-4.969585,nan
2xii,2xii_452,5.830,-5.112507,nan
2xii,2xii_456,1.810,-1.881498,nan
2xii,2xii_459,2.920,-2.044119,nan
2xii,2xii_464,2.960,-2.495129,nan
2xii,2xii_467,8.020,-3.988348,nan
2xii,2xii_468,3.250,-3.117112,nan
2xii,2xii_469,7.580,-2.602664,nan
2xii,2xii_470,4.740,-5.216020,nan
2xii,2xii_471,7.600,-2.412952,nan
2xii,2xii_49,6.340,-6.477030,nan
2xii,2xii_492,5.230,-5.149072,nan
2xii,2xii_494,7.670,-4.010414,nan
2xii,2xii_496,2.510,-2.051347,nan
2xii,2xii_497,7.800,-3.925306,nan
2xii,2xii_513,1.590,-1.347416,nan
2xii,2xii_525,3.000,-3.052503,nan
2xii,2xii_528,3.690,-3.237759,nan
2xii,2xii_535,3.970,-3.544806,nan
2xii,2xii_542,3.170,-3.191580,nan
2xii,2xii_547,8.440,-4.179039,nan
2xii,2xii_550,8.340,-7.917527,nan
2xii,2xii_552,8.560,-4.976793,nan
2xii,2xii_554,8.280,-4.958355,nan
2xii,2xii_558,2.710,-2.718755,nan
2xii,2xii_561,2.830,-1.574053,nan
2xii,2xii_564,4.790,-5.336358,nan
2xii,2xii_567,2.920,-2.698131,nan
2xii,2xii_570,7.970,-4.391491,nan
2xii,2xii_576,3.150,-2.446845,nan
2xii,2xii_584,7.250,-3.566820,nan
2xii,2xii_586,9.250,-8.368184,nan
2xii,2xii_593,4.780,-4.469399,nan
2xii,2xii_594,6.170,-5.585257,nan
2xii,2xii_621,3.490,-3.736526,nan
2xii,2xii_637,5.360,-5.561958,nan
2xii,2xii_641,4.510,-4.810994,nan
2xii,2xii_661,7.630,-7.580683,nan
2xii,2xii_665,4.520,-4.206929,nan
2xii,2xii_674,7.400,-4.570693,nan
2xii,2xii_683,3.620,-3.136152,nan
2xii,2xii_688,8.480,-5.724894,nan
2xii,2xii_69,6.200,-6.085289,nan
2xii,2xii_696,5.650,-6.329083,nan
2xii,2xii_705,6.480,-5.776619,nan
2xii,2xii_715,0.960,-0.539941,nan
2xii,2xii_729,1.930,-0.575967,nan
2xii,2xii_757,4.440,-4.292967,nan
2xii,2xii_760,6.710,-6.258579,nan
2xii,2xii_762,4.250,-4.067693,nan
2xii,2xii_763,0.880,-0.536863,nan
2xii,2xii_765,3.620,-3.301254,nan
2xii,2xii_822,5.040,-4.476240,nan
2xii,2xii_84,0.540,-0.139058,nan
2xii,2xii_968,5.780,-5.441991,nan
2xii,2xii_97,6.680,-6.134888,nan
2xj7,2xj7_118,0.520,-0.230846,nan
2xj7,2xj7_131,0.270,-0.085359,nan
2xj7,2xj7_161,0.390,-0.159125,nan
2xj7,2xj7_254,0.670,-0.244678,nan
2xj7,2xj7_401,0.960,-0.326174,nan
2xj7,2xj7_404,1.850,-1.381806,nan
2xj7,2xj7_405,1.290,-0.894318,nan
2xj7,2xj7_406,1.740,-1.036609,nan
2xj7,2xj7_407,1.700,-0.592400,nan
2xj7,2xj7_409,3.030,-1.189793,nan
2xj7,2xj7_415,2.980,-3.086801,nan
2xj7,2xj7_421,1.740,-1.055090,nan
2xj7,2xj7_455,4.270,-2.381712,nan
2xj7,2xj7_58,1.160,-0.713699,nan
2xj7,2xj7_648,4.180,-3.428380,nan
2xj7,2xj7_652,4.060,-3.282793,nan
2xj7,2xj7_658,3.630,-2.180588,nan
2xj7,2xj7_726,3.350,-1.771430,nan
2xj7,2xj7_735,3.500,-1.538990,nan
2xj7,2xj7_736,1.000,-0.104780,nan
2xj7,2xj7_755,3.000,-1.287109,nan
2xj7,2xj7_756,2.970,-1.143777,nan
2xj7,2xj7_758,4.080,-3.136603,nan
2xj7,2xj7_759,2.370,-2.186500,nan
2xj7,2xj7_761,2.390,-1.987318,nan
2xj7,2xj7_763,3.460,-1.870661,nan
2xj7,2xj7_766,3.190,-2.442079,nan
2xj7,2xj7_769,4.310,-4.144516,nan
2xj7,2xj7_773,2.580,-1.176721,nan
2xj7,2xj7_775,3.390,-1.279145,nan
2xj7,2xj7_777,2.610,-1.224458,nan
2xj7,2xj7_778,2.530,-1.136909,nan
2xj7,2xj7_780,3.420,-3.739689,nan
2xj7,2xj7_781,2.970,-1.011408,nan
2xj7,2xj7_782,4.640,-4.593804,nan
2xj7,2xj7_784,3.390,-1.554447,nan
2xj7,2xj7_786,3.850,-2.053359,nan
2xj7,2xj7_796,0.360,-0.089981,nan
2xj7,2xj7_812,0.400,-0.263119,nan
2xj7,2xj7_839,1.180,-0.424195,nan
2xj7,2xj7_871,1.640,-0.581865,nan
2xj7,2xj7_880,1.110,-0.216914,nan
2xj7,2xj7_888,1.420,-0.565577,nan
2xj7,2xj7_914,0.270,-0.088174,nan
2xj7,2xj7_954,0.980,-0.234120,nan
2xnb,2xnb_159,0.940,-0.428723,nan
2xnb,2xnb_253,0.920,-0.484603,nan
2xnb,2xnb_26,0.790,-0.448935,nan
2xnb,2xnb_280,0.900,-0.452658,nan
2xnb,2xnb_291,0.890,-0.481746,nan
2xnb,2xnb_353,7.640,-2.074493,nan
2xnb,2xnb_354,1.160,-0.404851,nan
2xnb,2xnb_400,8.100,-5.003654,nan
2xnb,2xnb_403,3.540,-1.980352,nan
2xnb,2xnb_409,2.140,-1.136078,nan
2xnb,2xnb_428,5.990,-2.103248,nan
2xnb,2xnb_430,2.470,-1.597624,nan
2xnb,2xnb_434,3.950,-1.948700,nan
2xnb,2xnb_437,2.040,-1.311284,nan
2xnb,2xnb_441,2.900,-1.881754,nan
2xnb,2xnb_446,7.630,-1.892010,nan
2xnb,2xnb_454,5.330,-2.341726,nan
2xnb,2xnb_455,2.550,-2.504154,nan
2xnb,2xnb_459,5.700,-1.730566,nan
2xnb,2xnb_46,1.040,-0.654230,nan
2xnb,2xnb_462,3.840,-2.513737,nan
2xnb,2xnb_463,3.580,-1.157386,nan
2xnb,2xnb_476,3.110,-2.903921,nan
2xnb,2xnb_479,7.670,-2.323518,nan
2xnb,2xnb_481,5.010,-2.833926,nan
2xnb,2xnb_483,3.390,-1.211625,nan
2xnb,2xnb_484,6.950,-1.349407,nan
2xnb,2xnb_487,2.790,-1.665695,nan
2xnb,2xnb_488,2.390,-0.927206,nan
2xnb,2xnb_499,4.120,-3.119366,nan
2xnb,2xnb_517,7.320,-2.691913,nan
2xnb,2xnb_538,8.300,-2.688186,nan
2xnb,2xnb_539,5.330,-0.688237,nan
2xnb,2xnb_545,4.870,-2.196476,nan
2xnb,2xnb_558,4.920,-1.785497,nan
2xnb,2xnb_574,8.470,-3.319647,nan
2xnb,2xnb_584,5.290,-1.355244,nan
2xnb,2xnb_586,5.510,-4.038075,nan
2xnb,2xnb_588,8.360,-6.667356,nan
2xnb,2xnb_590,6.210,-2.828903,nan
2xnb,2xnb_592,4.050,-3.106121,nan
2xnb,2xnb_593,2.910,-1.757548,nan
2xnb,2xnb_596,3.580,-1.419060,nan
2xnb,2xnb_610,6.100,-1.871031,nan
2xnb,2xnb_627,6.580,-4.140064,nan
2xnb,2xnb_633,7.380,-3.530027,nan
2xnb,2xnb_653,8.070,-4.808562,nan
2xnb,2xnb_663,5.210,-3.620723,nan
2xnb,2xnb_674,8.440,-4.142236,nan
2xnb,2xnb_675,4.560,-2.882675,nan
2xnb,2xnb_69,1.130,-0.601004,nan
2xnb,2xnb_694,7.030,-3.514818,nan
2xnb,2xnb_707,5.540,-1.192845,nan
2xnb,2xnb_709,2.090,-1.314389,nan
2xnb,2xnb_717,7.780,-2.801281,nan
2xnb,2xnb_718,3.830,-0.347201,nan
2xnb,2xnb_723,6.800,-2.967311,nan
2xnb,2xnb_724,4.970,-3.255792,nan
2xnb,2xnb_726,7.370,-1.660185,nan
2xnb,2xnb_728,5.200,-2.828239,nan
2xnb,2xnb_729,4.520,-0.879519,nan
2xnb,2xnb_73,8.230,-4.535141,nan
2xnb,2xnb_730,6.240,-1.806042,nan
2xnb,2xnb_733,6.390,-3.543660,nan
2xnb,2xnb_734,7.820,-6.565058,nan
2xnb,2xnb_735,8.050,-2.519969,nan
2xnb,2xnb_737,8.500,-5.768290,nan
2xnb,2xnb_738,4.430,-0.931373,nan
2xnb,2xnb_751,0.630,-0.254658,nan
2xnb,2xnb_770,1.550,-0.162574,nan
2xnb,2xnb_782,4.500,-0.995445,nan
2xnb,2xnb_787,6.960,-3.277491,nan
2xnb,2xnb_795,8.070,-4.588907,nan
2xnb,2xnb_812,3.360,-1.311188,nan
2xnb,2xnb_818,7.930,-4.612050,nan
2xnb,2xnb_827,3.470,-0.894590,nan
2xnb,2xnb_833,4.270,-0.942830,nan
2xnb,2xnb_841,1.280,-0.401376,nan
2xnb,2xnb_846,0.960,-0.274894,nan
2xnb,2xnb_855,1.910,-0.726937,nan
2xnb,2xnb_858,0.800,-0.361790,nan
2xnb,2xnb_896,1.950,-0.585739,nan
2xnb,2xnb_911,1.960,-0.588233,nan
2xnb,2xnb_913,1.210,-0.381874,nan
2xnb,2xnb_918,6.130,-2.359401,nan
2xnb,2xnb_923,1.890,-0.337320,nan
2xnb,2xnb_924,2.170,-0.644153,nan
2xnb,2xnb_934,0.910,-0.708843,nan
2xnb,2xnb_937,6.380,-1.376957,nan
2xnb,2xnb_939,0.940,-0.565569,nan
2xys,2xys_114,0.780,-0.644035,nan
2xys,2xys_127,0.460,-0.377447,nan
2xys,2xys_398,0.440,-0.117176,nan
2xys,2xys_410,1.000,-0.805692,nan
2xys,2xys_414,0.950,-0.679609,nan
2xys,2xys_417,0.880,-0.432677,nan
2xys,2xys_420,0.960,-1.059302,nan
2xys,2xys_424,4.000,-1.068852,nan
2xys,2xys_443,2.020,-2.016806,nan
2xys,2xys_491,5.420,-4.046343,nan
2xys,2xys_494,2.840,-1.390983,nan
2xys,2xys_499,1.730,-1.399039,nan
2xys,2xys_533,1.730,-1.659311,nan
2xys,2xys_541,1.580,-1.841345,nan
2xys,2xys_554,5.310,-5.448984,nan
2xys,2xys_567,3.120,-0.812162,nan
2xys,2xys_572,5.040,-5.177924,nan
2xys,2xys_573,3.960,-0.832924,nan
2xys,2xys_577,3.820,-3.242113,nan
2xys,2xys_578,8.420,-7.714788,nan
2xys,2xys_580,4.890,-4.392766,nan
2xys,2xys_581,5.400,-2.851657,nan
2xys,2xys_598,2.930,-2.156996,nan
2xys,2xys_600,5.610,-5.470246,nan
2xys,2xys_610,8.060,-6.725543,nan
2xys,2xys_616,8.200,-7.708655,nan
2xys,2xys_620,1.870,-1.622831,nan
2xys,2xys_622,2.520,-2.844562,nan
2xys,2xys_623,7.900,-7.118848,nan
2xys,2xys_630,4.550,-4.667845,nan
2xys,2xys_659,5.440,-3.328962,nan
2xys,2xys_662,1.570,-2.089110,nan
2xys,2xys_667,2.530,-1.273525,nan
2xys,2xys_675,7.570,-7.234250,nan
2xys,2xys_681,2.350,-2.601674,nan
2xys,2xys_688,5.780,-6.175263,nan
2xys,2xys_690,3.510,-3.521929,nan
2xys,2xys_695,1.830,-0.980329,nan
2xys,2xys_703,1.390,-1.396816,nan
2xys,2xys_707,0.580,-0.271395,nan
2xys,2xys_725,1.610,-0.290750,nan
2xys,2xys_735,4.140,-2.984629,nan
2xys,2xys_737,4.160,-1.014115,nan
2xys,2xys_742,4.310,-3.016903,nan
2xys,2xys_743,4.270,-1.596611,nan
2xys,2xys_747,4.950,-1.649688,nan
2xys,2xys_748,8.670,-7.710245,nan
2xys,2xys_750,5.030,-2.268869,nan
2xys,2xys_759,4.410,-2.325302,nan
2xys,2xys_760,3.850,-2.228277,nan
2xys,2xys_763,4.710,-2.771717,nan
2xys,2xys_782,0.420,-0.466658,nan
2xys,2xys_793,2.010,-1.193209,nan
2xys,2xys_801,1.910,-1.055805,nan
2xys,2xys_826,3.060,-1.690625,nan
2xys,2xys_831,4.200,-1.139219,nan
2xys,2xys_848,3.750,-2.744524,nan
2xys,2xys_855,3.750,-1.408441,nan
2xys,2xys_876,0.530,-0.526344,nan
2xys,2xys_927,3.530,-0.437657,nan
2xys,2xys_937,2.850,-1.403998,nan
2xys,2xys_940,1.990,-1.128262,nan
2xys,2xys_941,2.480,-1.321502,nan
2xys,2xys_953,2.950,-1.497185,nan
2y5h,2y5h_109,9.450,-6.385840,nan
2y5h,2y5h_111,7.820,-2.879197,nan
2y5h,2y5h_112,9.980,-6.675302,nan
2y5h,2y5h_116,7.750,-3.779168,nan
2y5h,2y5h_119,1.430,-0.865474,nan
2y5h,2y5h_125,8.710,-6.497558,nan
2y5h,2y5h_134,5.290,-4.300832,nan
2y5h,2y5h_137,4.760,-4.228095,nan
2y5h,2y5h_144,6.130,-4.924757,nan
2y5h,2y5h_156,6.990,-4.373476,nan
2y5h,2y5h_158,8.050,-7.006010,nan
2y5h,2y5h_162,9.860,-7.692263,nan
2y5h,2y5h_165,6.090,-3.200186,nan
2y5h,2y5h_178,8.020,-6.832100,nan
2y5h,2y5h_195,7.750,-6.704715,nan
2y5h,2y5h_196,5.320,-4.803035,nan
2y5h,2y5h_198,2.720,-0.719250,nan
2y5h,2y5h_284,0.820,-0.531019,nan
2y5h,2y5h_329,8.520,-3.769553,nan
2y5h,2y5h_342,8.940,-6.546912,nan
2y5h,2y5h_345,8.800,-6.514650,nan
2y5h,2y5h_355,8.860,-5.857946,nan
2y5h,2y5h_364,0.820,-0.646249,nan
2y5h,2y5h_387,8.030,-3.272282,nan
2y5h,2y5h_388,7.090,-6.532933,nan
2y5h,2y5h_389,0.440,-0.232455,nan
2y5h,2y5h_391,0.320,-0.349210,nan
2y5h,2y5h_394,2.200,-1.149038,nan
2y5h,2y5h_405,2.190,-2.610250,nan
2y5h,2y5h_406,1.940,-2.714016,nan
2y5h,2y5h_41,0.990,-1.283478,nan
2y5h,2y5h_410,7.790,-7.735616,nan
2y5h,2y5h_413,3.420,-1.276016,nan
2y5h,2y5h_414,2.350,-2.588724,nan
2y5h,2y5h_416,2.390,-2.539724,nan
2y5h,2y5h_420,2.490,-2.023485,nan
2y5h,2y5h_422,1.880,-1.351795,nan
2y5h,2y5h_432,5.990,-2.691126,nan
2y5h,2y5h_436,1.800,-2.141310,nan
2y5h,2y5h_441,2.270,-2.614957,nan
2y5h,2y5h_446,5.930,-4.555000,nan
2y5h,2y5h_449,5.870,-3.578809,nan
2y5h,2y5h_450,3.510,-4.185057,nan
2y5h,2y5h_463,1.510,-1.688536,nan
2y5h,2y5h_468,4.450,-4.531250,nan
2y5h,2y5h_481,1.730,-1.797876,nan
2y5h,2y5h_483,1.910,-1.907106,nan
2y5h,2y5h_487,3.630,-2.272562,nan
2y5h,2y5h_494,5.650,-3.887612,nan
2y5h,2y5h_498,4.820,-7.071060,nan
2y5h,2y5h_50,2.530,-1.083916,nan
2y5h,2y5h_518,3.140,-3.611062,nan
2y5h,2y5h_520,4.380,-5.543373,nan
2y5h,2y5h_521,5.410,-6.484637,nan
2y5h,2y5h_540,6.220,-7.598703,nan
2y5h,2y5h_549,2.330,-3.248380,nan
2y5h,2y5h_554,8.260,-4.216061,nan
2y5h,2y5h_56,1.040,-1.537068,nan
2y5h,2y5h_580,4.480,-5.550547,nan
2y5h,2y5h_599,3.040,-3.318082,nan
2y5h,2y5h_612,4.810,-7.132610,nan
2y5h,2y5h_614,3.800,-3.410879,nan
2y5h,2y5h_616,0.920,-1.198319,nan
2y5h,2y5h_620,5.440,-6.098351,nan
2y5h,2y5h_624,3.300,-2.014143,nan
2y5h,2y5h_630,4.600,-4.828337,nan
2y5h,2y5h_638,4.620,-4.182364,nan
2y5h,2y5h_641,4.550,-5.210006,nan
2y5h,2y5h_644,3.200,-4.860821,nan
2y5h,2y5h_646,4.920,-4.032985,nan
2y5h,2y5h_658,3.840,-2.491698,nan
2y5h,2y5h_679,7.420,-7.655284,nan
2y5h,2y5h_694,9.500,-8.575241,nan
2y5h,2y5h_696,5.060,-3.488173,nan
2y5h,2y5h_703,0.820,-0.469354,nan
2y5h,2y5h_705,1.930,-2.129941,nan
2y5h,2y5h_710,0.730,-0.610434,nan
2y5h,2y5h_751,7.230,-5.651003,nan
2y5h,2y5h_757,6.910,-5.598450,nan
2y5h,2y5h_762,1.480,-1.488053,nan
2y5h,2y5h_765,7.190,-4.514460,nan
2y5h,2y5h_768,6.290,-7.123867,nan
2y5h,2y5h_777,6.050,-6.671669,nan
2y5h,2y5h_795,1.000,-0.762322,nan
2y5h,2y5h_803,2.610,-2.545654,nan
2y5h,2y5h_831,6.800,-2.372121,nan
2y5h,2y5h_85,0.930,-1.318555,nan
2y5h,2y5h_866,3.360,-3.726618,nan
2y5h,2y5h_870,8.260,-3.391611,nan
2y5h,2y5h_885,7.190,-3.311649,nan
2y5h,2y5h_948,6.730,-6.463495,nan
2y5h,2y5h_955,6.440,-1.782261,nan
2y5h,2y5h_958,5.240,-2.952468,nan
2y5h,2y5h_973,7.220,-3.381947,nan
2yfe,2yfe_115,0.800,-0.722835,nan
2yfe,2yfe_123,0.980,-1.210930,nan
2yfe,2yfe_176,0.890,-1.051077,nan
2yfe,2yfe_23,0.760,-0.631932,nan
2yfe,2yfe_232,5.160,-0.926680,nan
2yfe,2yfe_236,1.250,-1.410406,nan
2yfe,2yfe_240,1.030,-1.090001,nan
2yfe,2yfe_257,0.830,-1.035216,nan
2yfe,2yfe_286,0.900,-0.684865,nan
2yfe,2yfe_4,0.780,-0.816454,nan
2yfe,2yfe_414,3.590,-1.856714,nan
2yfe,2yfe_426,3.060,-1.924606,nan
2yfe,2yfe_437,4.550,-4.055576,nan
2yfe,2yfe_450,2.630,-2.009932,nan
2yfe,2yfe_453,6.550,-7.142704,nan
2yfe,2yfe_458,4.720,-3.014488,nan
2yfe,2yfe_461,3.320,-1.868127,nan
2yfe,2yfe_462,3.250,-3.643629,nan
2yfe,2yfe_464,4.560,-3.627470,nan
2yfe,2yfe_466,2.900,-1.927120,nan
2yfe,2yfe_467,2.850,-1.617185,nan
2yfe,2yfe_470,1.580,-1.535044,nan
2yfe,2yfe_473,5.070,-6.103438,nan
2yfe,2yfe_487,5.060,-5.286446,nan
2yfe,2yfe_489,3.010,-4.154809,nan
2yfe,2yfe_490,1.990,-0.929648,nan
2yfe,2yfe_491,6.040,-2.736406,nan
2yfe,2yfe_492,7.850,-8.150060,nan
2yfe,2yfe_493,5.150,-1.604315,nan
2yfe,2yfe_496,2.710,-2.570334,nan
2yfe,2yfe_502,2.580,-1.393549,nan
2yfe,2yfe_504,5.400,-4.468565,nan
2yfe,2yfe_517,2.970,-2.823135,nan
2yfe,2yfe_52,0.910,-1.248416,nan
2yfe,2yfe_523,6.160,-6.092587,nan
2yfe,2yfe_53,0.730,-0.649284,nan
2yfe,2yfe_538,4.130,-2.604060,nan
2yfe,2yfe_545,3.590,-1.923544,nan
2yfe,2yfe_547,8.160,-8.229731,nan
2yfe,2yfe_548,4.890,-2.934803,nan
2yfe,2yfe_552,6.470,-4.556944,nan
2yfe,2yfe_561,4.390,-4.143661,nan
2yfe,2yfe_564,1.730,-1.136181,nan
2yfe,2yfe_565,6.040,-3.255776,nan
2yfe,2yfe_572,3.830,-3.636312,nan
2yfe,2yfe_574,5.130,-3.031508,nan
2yfe,2yfe_591,5.120,-2.033337,nan
2yfe,2yfe_597,2.420,-1.451121,nan
2yfe,2yfe_599,4.700,-2.809382,nan
2yfe,2yfe_601,7.870,-7.987414,nan
2yfe,2yfe_603,6.150,-6.520227,nan
2yfe,2yfe_608,7.510,-8.079303,nan
2yfe,2yfe_618,4.860,-3.783859,nan
2yfe,2yfe_627,8.500,-8.338910,nan
2yfe,2yfe_637,6.800,-6.443911,nan
2yfe,2yfe_641,5.380,-3.525583,nan
2yfe,2yfe_656,7.860,-7.778094,nan
2yfe,2yfe_657,7.420,-5.366097,nan
2yfe,2yfe_659,1.310,-1.062900,nan
2yfe,2yfe_660,4.850,-3.351420,nan
2yfe,2yfe_667,7.650,-6.847810,nan
2yfe,2yfe_680,7.740,-8.030245,nan
2yfe,2yfe_682,6.480,-3.343405,nan
2yfe,2yfe_688,7.020,-3.433657,nan
2yfe,2yfe_694,6.460,-6.231579,nan
2yfe,2yfe_71,1.060,-1.083819,nan
2yfe,2yfe_722,1.890,-1.795494,nan
2yfe,2yfe_724,2.100,-1.943925,nan
2yfe,2yfe_732,2.890,-2.374524,nan
2yfe,2yfe_737,8.300,-8.209332,nan
2yfe,2yfe_745,5.390,-3.483984,nan
2yfe,2yfe_748,6.410,-5.722519,nan
2yfe,2yfe_753,7.110,-7.007933,nan
2yfe,2yfe_774,3.990,-4.034616,nan
2yfe,2yfe_784,1.900,-1.296462,nan
2yfe,2yfe_800,8.010,-8.092238,nan
2yfe,2yfe_809,8.020,-8.337446,nan
2yfe,2yfe_81,0.720,-0.881088,nan
2yfe,2yfe_813,7.990,-8.280938,nan
2yfe,2yfe_815,8.020,-8.249372,nan
2yfe,2yfe_851,3.310,-2.276735,nan
2yfe,2yfe_931,8.070,-8.116264,nan
2yfe,2yfe_943,5.000,-3.617803,nan
2yfe,2yfe_950,8.010,-8.111847,nan
2yfe,2yfe_960,1.270,-0.867398,nan
2yfe,2yfe_965,8.040,-8.146083,nan
2yfe,2yfe_969,8.100,-7.926755,nan
2yfe,2yfe_971,5.510,-2.965029,nan
2yfe,2yfe_973,3.950,-1.910547,nan
2yfe,2yfe_985,2.970,-1.491523,nan
2yge,2yge_198,1.010,-0.675925,nan
2yge,2yge_22,0.570,-0.425335,nan
2yge,2yge_252,3.680,-1.867422,nan
2yge,2yge_267,0.620,-0.707813,nan
2yge,2yge_269,0.890,-0.889397,nan
2yge,2yge_35,0.830,-0.705920,nan
2yge,2yge_402,3.060,-2.643360,nan
2yge,2yge_408,2.390,-2.634445,nan
2yge,2yge_410,2.950,-3.668640,nan
2yge,2yge_425,1.950,-2.329115,nan
2yge,2yge_437,0.890,-0.882847,nan
2yge,2yge_439,1.680,-1.173373,nan
2yge,2yge_447,2.790,-3.445133,nan
2yge,2yge_467,2.240,-3.247642,nan
2yge,2yge_472,2.920,-2.605132,nan
2yge,2yge_476,2.330,-3.067137,nan
2yge,2yge_539,1.430,-2.070978,nan
2yge,2yge_543,4.010,-4.640572,nan
2yge,2yge_559,2.020,-1.800403,nan
2yge,2yge_565,5.120,-4.588697,nan
2yge,2yge_579,2.840,-2.064187,nan
2yge,2yge_580,3.230,-3.039347,nan
2yge,2yge_586,3.790,-1.789066,nan
2yge,2yge_627,6.310,-7.835945,nan
2yge,2yge_629,5.510,-5.988035,nan
2yge,2yge_646,3.920,-3.213540,nan
2yge,2yge_659,5.360,-6.017427,nan
2yge,2yge_664,3.850,-2.861714,nan
2yge,2yge_669,5.690,-6.537308,nan
2yge,2yge_679,5.210,-5.765340,nan
2yge,2yge_686,6.170,-7.940823,nan
2yge,2yge_687,2.830,-3.682277,nan
2yge,2yge_697,5.290,-5.783613,nan
2yge,2yge_705,0.910,-0.570088,nan
2yge,2yge_713,0.850,-0.432478,nan
2yge,2yge_721,1.120,-0.683240,nan
2yge,2yge_730,0.840,-0.526920,nan
2yge,2yge_74,0.680,-0.698100,nan
2yge,2yge_748,3.820,-2.837041,nan
2yge,2yge_753,1.120,-0.916821,nan
2yge,2yge_758,4.360,-1.367677,nan
2yge,2yge_760,1.370,-1.422219,nan
2yge,2yge_761,2.140,-1.952043,nan
2yge,2yge_766,4.790,-4.123783,nan
2yge,2yge_768,5.200,-4.882934,nan
2yge,2yge_769,5.020,-3.438314,nan
2yge,2yge_770,4.290,-3.728484,nan
2yge,2yge_772,3.940,-2.730369,nan
2yge,2yge_773,5.030,-4.436728,nan
2yge,2yge_778,3.240,-3.326414,nan
2yge,2yge_781,4.090,-4.203059,nan
2yge,2yge_784,4.110,-2.104193,nan
2yge,2yge_786,4.160,-3.717108,nan
2yge,2yge_787,4.860,-2.743207,nan
2yge,2yge_792,4.210,-3.851096,nan
2yge,2yge_798,3.640,-4.716953,nan
2yge,2yge_842,1.250,-1.220937,nan
2yge,2yge_882,0.970,-0.681319,nan
2yge,2yge_892,4.660,-4.436707,nan
2yge,2yge_966,1.080,-1.186011,nan
2yge,2yge_985,1.200,-0.498553,nan
2yki,2yki_239,0.640,-1.245368,nan
2yki,2yki_363,0.280,-0.914441,nan
2yki,2yki_401,0.950,-1.034200,nan
2yki,2yki_407,0.780,-0.713666,nan
2yki,2yki_408,2.050,-1.628581,nan
2yki,2yki_441,1.920,-2.117508,nan
2yki,2yki_455,1.200,-1.145181,nan
2yki,2yki_464,4.070,-2.381945,nan
2yki,2yki_476,2.370,-2.216292,nan
2yki,2yki_483,3.420,-2.642854,nan
2yki,2yki_486,2.480,-2.150849,nan
2yki,2yki_496,3.020,-2.478190,nan
2yki,2yki_515,3.060,-2.722624,nan
2yki,2yki_525,5.130,-3.624846,nan
2yki,2yki_529,1.610,-1.498990,nan
2yki,2yki_537,2.300,-2.101348,nan
2yki,2yki_549,3.130,-2.504423,nan
2yki,2yki_569,3.740,-2.076177,nan
2yki,2yki_57,0.810,-1.159616,nan
2yki,2yki_573,3.420,-2.722831,nan
2yki,2yki_577,5.190,-3.104634,nan
2yki,2yki_588,1.530,-1.800327,nan
2yki,2yki_592,2.550,-2.123156,nan
2yki,2yki_594,5.130,-3.552124,nan
2yki,2yki_656,4.090,-2.783918,nan
2yki,2yki_660,6.020,-5.091220,nan
2yki,2yki_676,3.910,-2.878993,nan
2yki,2yki_678,4.060,-2.444824,nan
2yki,2yki_695,5.570,-5.086070,nan
2yki,2yki_701,0.490,-0.494604,nan
2yki,2yki_716,4.350,-2.324874,nan
2yki,2yki_719,3.930,-1.697864,nan
2yki,2yki_723,2.040,-1.795092,nan
2yki,2yki_725,1.990,-0.982646,nan
2yki,2yki_729,8.170,-8.562883,nan
2yki,2yki_734,4.070,-1.869591,nan
2yki,2yki_736,8.210,-8.425367,nan
2yki,2yki_739,8.530,-8.491933,nan
2yki,2yki_742,8.270,-8.573701,nan
2yki,2yki_743,8.430,-8.557077,nan
2yki,2yki_747,5.480,-3.931355,nan
2yki,2yki_748,3.770,-1.540161,nan
2yki,2yki_749,7.590,-8.561212,nan
2yki,2yki_750,8.520,-8.546852,nan
2yki,2yki_751,8.370,-8.566987,nan
2yki,2yki_753,9.650,-8.560199,nan
2yki,2yki_755,7.940,-8.572902,nan
2yki,2yki_756,8.300,-8.508243,nan
2yki,2yki_757,8.250,-8.475546,nan
2yki,2yki_758,6.650,-6.317028,nan
2yki,2yki_759,8.240,-8.541867,nan
2yki,2yki_760,5.060,-2.829127,nan
2yki,2yki_761,9.780,-8.564819,nan
2yki,2yki_762,7.570,-8.145193,nan
2yki,2yki_764,6.930,-8.120157,nan
2yki,2yki_765,1.890,-1.691025,nan
2yki,2yki_766,5.180,-2.698119,nan
2yki,2yki_768,4.300,-1.885395,nan
2yki,2yki_770,5.140,-3.195989,nan
2yki,2yki_771,6.190,-5.709847,nan
2yki,2yki_773,6.480,-7.121435,nan
2yki,2yki_776,6.370,-6.923130,nan
2yki,2yki_777,5.270,-5.068616,nan
2yki,2yki_778,5.730,-5.012428,nan
2yki,2yki_780,2.050,-1.874688,nan
2yki,2yki_783,4.800,-2.500204,nan
2yki,2yki_787,4.950,-3.031457,nan
2yki,2yki_796,2.140,-1.395964,nan
2yki,2yki_814,1.940,-1.517942,nan
2yki,2yki_816,1.130,-0.999740,nan
2yki,2yki_818,0.930,-1.261124,nan
2yki,2yki_828,1.420,-0.941811,nan
2yki,2yki_830,0.980,-1.158702,nan
2yki,2yki_841,1.130,-0.573747,nan
2yki,2yki_864,3.800,-1.541478,nan
2yki,2yki_866,4.010,-2.161223,nan
2yki,2yki_869,7.660,-8.202988,nan
2yki,2yki_877,7.570,-8.544037,nan
2yki,2yki_879,4.170,-1.803790,nan
2yki,2yki_880,6.710,-8.005969,nan
2yki,2yki_886,6.730,-8.000371,nan
2yki,2yki_893,0.940,-0.766281,nan
2yki,2yki_933,0.840,-0.522708,nan
2yki,2yki_982,2.250,-1.393408,nan
2yki,2yki_985,2.080,-1.547429,nan
2ymd,2ymd_229,0.420,-0.181516,nan
2ymd,2ymd_3,0.400,-0.337808,nan
2ymd,2ymd_403,0.780,-0.709450,nan
2ymd,2ymd_405,1.000,-0.763721,nan
2ymd,2ymd_410,0.830,-0.809276,nan
2ymd,2ymd_416,1.220,-1.044649,nan
2ymd,2ymd_426,1.120,-0.945529,nan
2ymd,2ymd_427,1.190,-0.708332,nan
2ymd,2ymd_433,0.890,-0.762849,nan
2ymd,2ymd_434,4.180,-0.982580,nan
2ymd,2ymd_435,2.380,-1.494353,nan
2ymd,2ymd_436,1.530,-0.981868,nan
2ymd,2ymd_439,3.970,-0.670608,nan
2ymd,2ymd_456,4.030,-1.242579,nan
2ymd,2ymd_458,1.090,-0.725650,nan
2ymd,2ymd_484,1.530,-1.193875,nan
2ymd,2ymd_486,2.570,-0.990681,nan
2ymd,2ymd_489,2.720,-1.662589,nan
2ymd,2ymd_492,4.070,-1.395857,nan
2ymd,2ymd_496,4.490,-1.547762,nan
2ymd,2ymd_497,4.000,-1.213839,nan
2ymd,2ymd_510,3.950,-3.429175,nan
2ymd,2ymd_521,2.060,-0.905580,nan
2ymd,2ymd_533,3.900,-0.732404,nan
2ymd,2ymd_539,2.380,-1.688311,nan
2ymd,2ymd_547,4.090,-1.445865,nan
2ymd,2ymd_555,0.920,-0.948637,nan
2ymd,2ymd_557,4.770,-2.071776,nan
2ymd,2ymd_561,1.000,-0.398146,nan
2ymd,2ymd_567,4.200,-2.982486,nan
2ymd,2ymd_585,1.760,-1.451145,nan
2ymd,2ymd_587,1.520,-1.627889,nan
2ymd,2ymd_588,1.290,-1.378299,nan
2ymd,2ymd_591,4.460,-3.932581,nan
2ymd,2ymd_593,3.860,-1.424205,nan
2ymd,2ymd_618,3.990,-1.031542,nan
2ymd,2ymd_623,3.650,-2.515777,nan
2ymd,2ymd_626,2.660,-0.987606,nan
2ymd,2ymd_651,3.350,-2.559664,nan
2ymd,2ymd_665,3.850,-2.243625,nan
2ymd,2ymd_670,2.520,-1.659427,nan
2ymd,2ymd_672,1.480,-0.710470,nan
2ymd,2ymd_674,2.830,-1.150307,nan
2ymd,2ymd_680,2.050,-1.674752,nan
2ymd,2ymd_681,3.600,-1.805521,nan
2ymd,2ymd_687,2.620,-1.781033,nan
2ymd,2ymd_688,5.630,-5.911904,nan
2ymd,2ymd_694,5.110,-4.161878,nan
2ymd,2ymd_695,4.020,-0.954725,nan
2ymd,2ymd_773,4.380,-0.842068,nan
2ymd,2ymd_889,0.820,-0.295591,nan
2ymd,2ymd_89,0.480,-0.348916,nan
2zb1,2zb1_105,0.770,-0.541739,nan
2zb1,2zb1_16,0.600,-0.501406,nan
2zb1,2zb1_203,0.780,-0.828646,nan
2zb1,2zb1_206,0.780,-0.732356,nan
2zb1,2zb1_329,0.430,-0.662687,nan
2zb1,2zb1_423,1.250,-1.209890,nan
2zb1,2zb1_425,1.170,-1.323030,nan
2zb1,2zb1_426,1.000,-1.055369,nan
2zb1,2zb1_461,2.340,-1.636215,nan
2zb1,2zb1_469,7.140,-2.983090,nan
2zb1,2zb1_475,6.870,-2.097832,nan
2zb1,2zb1_476,2.040,-2.004022,nan
2zb1,2zb1_479,2.060,-1.599036,nan
2zb1,2zb1_485,1.690,-1.674205,nan
2zb1,2zb1_487,1.510,-1.198884,nan
2zb1,2zb1_488,1.810,-1.737829,nan
2zb1,2zb1_494,7.110,-2.556126,nan
2zb1,2zb1_510,0.990,-1.232378,nan
2zb1,2zb1_515,2.020,-2.411009,nan
2zb1,2zb1_533,2.790,-2.010731,nan
2zb1,2zb1_541,4.260,-1.496888,nan
2zb1,2zb1_549,7.480,-2.796400,nan
2zb1,2zb1_55,0.410,-0.738578,nan
2zb1,2zb1_565,4.410,-3.777236,nan
2zb1,2zb1_568,3.570,-2.057667,nan
2zb1,2zb1_570,3.750,-1.943628,nan
2zb1,2zb1_573,7.880,-3.590217,nan
2zb1,2zb1_576,8.430,-5.337036,nan
2zb1,2zb1_577,7.360,-2.035729,nan
2zb1,2zb1_578,7.510,-2.423314,nan
2zb1,2zb1_580,8.300,-4.691758,nan
2zb1,2zb1_581,8.050,-4.154534,nan
2zb1,2zb1_582,7.870,-7.115097,nan
2zb1,2zb1_585,6.590,-1.712003,nan
2zb1,2zb1_588,4.430,-2.121103,nan
2zb1,2zb1_590,6.720,-2.617789,nan
2zb1,2zb1_593,8.340,-4.522341,nan
2zb1,2zb1_597,8.450,-5.607740,nan
2zb1,2zb1_599,6.650,-2.535908,nan
2zb1,2zb1_622,6.680,-2.454792,nan
2zb1,2zb1_626,6.490,-1.997976,nan
2zb1,2zb1_636,1.310,-1.219103,nan
2zb1,2zb1_639,3.600,-1.749066,nan
2zb1,2zb1_645,2.730,-2.183334,nan
2zb1,2zb1_651,3.410,-1.183525,nan
2zb1,2zb1_658,6.760,-2.462529,nan
2zb1,2zb1_660,7.820,-3.650132,nan
2zb1,2zb1_663,4.140,-2.305485,nan
2zb1,2zb1_665,8.350,-4.573946,nan
2zb1,2zb1_667,7.910,-3.874339,nan
2zb1,2zb1_669,1.730,-1.235281,nan
2zb1,2zb1_672,1.520,-0.941424,nan
2zb1,2zb1_673,6.580,-1.678656,nan
2zb1,2zb1_678,6.750,-1.621196,nan
2zb1,2zb1_680,2.030,-1.455876,nan
2zb1,2zb1_683,3.070,-1.964451,nan
2zb1,2zb1_686,7.580,-3.509851,nan
2zb1,2zb1_688,2.300,-1.862167,nan
2zb1,2zb1_689,3.350,-1.632523,nan
2zb1,2zb1_699,4.470,-2.101283,nan
2zb1,2zb1_726,0.890,-0.670487,nan
2zb1,2zb1_741,9.240,-6.263985,nan
2zb1,2zb1_742,8.550,-5.305520,nan
2zb1,2zb1_744,9.020,-5.902895,nan
2zb1,2zb1_745,6.870,-1.466995,nan
2zb1,2zb1_760,8.950,-6.421787,nan
2zb1,2zb1_761,8.900,-6.472830,nan
2zb1,2zb1_763,8.280,-4.753137,nan
2zb1,2zb1_821,2.020,-1.781525,nan
2zb1,2zb1_85,1.040,-0.251791,nan
2zb1,2zb1_875,2.110,-1.868639,nan
2zb1,2zb1_963,1.470,-0.617658,nan
2zb1,2zb1_98,0.630,-0.542314,nan
2zcq,2zcq_1,1.800,-0.633388,nan
2zcq,2zcq_10,1.010,-1.092177,nan
2zcq,2zcq_12,2.940,-1.481618,nan
2zcq,2zcq_168,1.980,-1.123209,nan
2zcq,2zcq_213,2.770,-2.772626,nan
2zcq,2zcq_227,0.850,-0.847916,nan
2zcq,2zcq_254,0.840,-0.799630,nan
2zcq,2zcq_259,0.550,-0.676443,nan
2zcq,2zcq_263,2.070,-1.552912,nan
2zcq,2zcq_27,0.940,-1.094420,nan
2zcq,2zcq_274,3.570,-3.127061,nan
2zcq,2zcq_281,0.920,-0.716022,nan
2zcq,2zcq_284,1.270,-0.541448,nan
2zcq,2zcq_311,0.960,-0.698206,nan
2zcq,2zcq_36,0.560,-0.471844,nan
2zcq,2zcq_369,0.970,-0.477811,nan
2zcq,2zcq_423,7.690,-2.769461,nan
2zcq,2zcq_427,8.050,-3.747137,nan
2zcq,2zcq_432,6.880,-4.768469,nan
2zcq,2zcq_440,4.060,-3.641239,nan
2zcq,2zcq_444,7.450,-3.663480,nan
2zcq,2zcq_447,7.270,-4.090283,nan
2zcq,2zcq_451,8.350,-3.296258,nan
2zcq,2zcq_454,2.550,-1.631819,nan
2zcq,2zcq_457,6.200,-6.082302,nan
2zcq,2zcq_458,8.010,-2.333749,nan
2zcq,2zcq_460,8.090,-4.219046,nan
2zcq,2zcq_461,7.620,-2.462111,nan
2zcq,2zcq_462,6.980,-3.648821,nan
2zcq,2zcq_463,1.670,-1.359769,nan
2zcq,2zcq_468,3.960,-3.059129,nan
2zcq,2zcq_470,7.790,-2.529453,nan
2zcq,2zcq_471,8.000,-1.719937,nan
2zcq,2zcq_473,7.620,-4.235090,nan
2zcq,2zcq_474,1.950,-1.533564,nan
2zcq,2zcq_475,4.130,-2.994239,nan
2zcq,2zcq_48,0.930,-0.611871,nan
2zcq,2zcq_482,4.110,-3.409176,nan
2zcq,2zcq_486,8.450,-2.570628,nan
2zcq,2zcq_498,8.340,-2.987375,nan
2zcq,2zcq_499,5.790,-4.709566,nan
2zcq,2zcq_520,3.240,-2.990891,nan
2zcq,2zcq_525,4.410,-3.994144,nan
2zcq,2zcq_528,3.540,-2.884101,nan
2zcq,2zcq_529,2.170,-2.146689,nan
2zcq,2zcq_542,4.110,-2.024739,nan
2zcq,2zcq_554,9.320,-3.945012,nan
2zcq,2zcq_558,4.340,-4.054964,nan
2zcq,2zcq_563,1.970,-1.548021,nan
2zcq,2zcq_578,3.910,-3.679349,nan
2zcq,2zcq_580,5.300,-5.018950,nan
2zcq,2zcq_581,5.010,-6.334125,nan
2zcq,2zcq_583,2.050,-1.844406,nan
2zcq,2zcq_584,5.350,-4.905332,nan
2zcq,2zcq_587,5.710,-3.927111,nan
2zcq,2zcq_593,8.220,-2.399972,nan
2zcq,2zcq_598,5.900,-5.373631,nan
2zcq,2zcq_606,4.120,-4.130294,nan
2zcq,2zcq_612,2.560,-2.288438,nan
2zcq,2zcq_620,2.520,-2.739450,nan
2zcq,2zcq_628,3.880,-3.237929,nan
2zcq,2zcq_636,1.790,-1.624055,nan
2zcq,2zcq_665,3.810,-3.525733,nan
2zcq,2zcq_669,2.560,-2.491629,nan
2zcq,2zcq_671,2.590,-2.651634,nan
2zcq,2zcq_680,3.110,-2.848603,nan
2zcq,2zcq_682,4.050,-4.463948,nan
2zcq,2zcq_687,9.060,-8.577435,nan
2zcq,2zcq_689,8.840,-8.553956,nan
2zcq,2zcq_707,6.040,-8.497972,nan
2zcq,2zcq_716,7.180,-8.549716,nan
2zcq,2zcq_726,5.970,-8.515327,nan
2zcq,2zcq_743,6.190,-8.521872,nan
2zcq,2zcq_745,8.610,-3.717621,nan
2zcq,2zcq_747,5.370,-5.510311,nan
2zcq,2zcq_756,8.740,-4.986714,nan
2zcq,2zcq_76,0.800,-0.731268,nan
2zcq,2zcq_762,6.660,-8.553609,nan
2zcq,2zcq_769,4.500,-5.024605,nan
2zcq,2zcq_784,3.530,-2.357355,nan
2zcq,2zcq_785,6.790,-3.289671,nan
2zcq,2zcq_786,6.260,-3.578472,nan
2zcq,2zcq_787,4.310,-4.880636,nan
2zcq,2zcq_860,7.790,-5.151026,nan
2zcq,2zcq_88,1.900,-1.173989,nan
2zcq,2zcq_888,6.490,-7.502753,nan
2zcq,2zcq_91,1.060,-1.107655,nan
2zcq,2zcq_927,6.420,-8.387112,nan
2zcq,2zcq_942,5.800,-6.773351,nan
2zcq,2zcq_960,9.070,-8.566663,nan
2zcq,2zcq_961,9.040,-8.566590,nan
2zcq,2zcq_969,7.870,-8.464295,nan
2zcq,2zcq_971,5.430,-7.215653,nan
2zcq,2zcq_98,3.060,-2.724252,nan
2zcr,2zcr_187,0.760,-0.383673,nan
2zcr,2zcr_216,2.300,-2.110840,nan
2zcr,2zcr_273,0.600,-0.876555,nan
2zcr,2zcr_28,2.630,-2.316291,nan
2zcr,2zcr_283,0.930,-1.455185,nan
2zcr,2zcr_294,1.020,-0.702124,nan
2zcr,2zcr_296,0.870,-1.133603,nan
2zcr,2zcr_318,0.910,-1.051948,nan
2zcr,2zcr_324,0.850,-0.666032,nan
2zcr,2zcr_33,1.140,-1.392410,nan
2zcr,2zcr_351,0.850,-0.924465,nan
2zcr,2zcr_358,2.060,-1.795279,nan
2zcr,2zcr_37,0.350,-0.852598,nan
2zcr,2zcr_383,1.390,-1.389661,nan
2zcr,2zcr_398,2.270,-1.646329,nan
2zcr,2zcr_407,8.940,-1.975852,nan
2zcr,2zcr_409,2.490,-2.133887,nan
2zcr,2zcr_418,8.350,-2.045806,nan
2zcr,2zcr_422,9.450,-1.776277,nan
2zcr,2zcr_423,8.390,-1.907393,nan
2zcr,2zcr_424,2.400,-2.264057,nan
2zcr,2zcr_429,6.090,-4.724819,nan
2zcr,2zcr_437,8.920,-1.405262,nan
2zcr,2zcr_438,8.170,-1.352212,nan
2zcr,2zcr_440,2.660,-3.091617,nan
2zcr,2zcr_444,3.330,-2.919804,nan
2zcr,2zcr_447,3.020,-3.151018,nan
2zcr,2zcr_452,8.780,-1.699396,nan
2zcr,2zcr_453,9.470,-2.019052,nan
2zcr,2zcr_460,9.020,-1.644229,nan
2zcr,2zcr_464,1.860,-1.655352,nan
2zcr,2zcr_465,5.480,-4.665218,nan
2zcr,2zcr_466,8.300,-1.905686,nan
2zcr,2zcr_468,8.640,-1.776139,nan
2zcr,2zcr_474,9.250,-2.339575,nan
2zcr,2zcr_475,9.270,-1.600455,nan
2zcr,2zcr_495,1.680,-1.614728,nan
2zcr,2zcr_500,8.820,-0.904742,nan
2zcr,2zcr_52,1.110,-0.582103,nan
2zcr,2zcr_543,3.010,-3.699736,nan
2zcr,2zcr_548,2.170,-1.886479,nan
2zcr,2zcr_557,4.580,-3.393298,nan
2zcr,2zcr_578,3.130,-3.255114,nan
2zcr,2zcr_580,4.080,-3.006915,nan
2zcr,2zcr_589,1.290,-1.109519,nan
2zcr,2zcr_591,2.370,-2.342415,nan
2zcr,2zcr_603,3.130,-3.013527,nan
2zcr,2zcr_625,3.080,-3.033678,nan
2zcr,2zcr_634,4.110,-2.970347,nan
2zcr,2zcr_636,2.910,-2.075307,nan
2zcr,2zcr_658,4.270,-3.615767,nan
2zcr,2zcr_664,1.630,-1.640825,nan
2zcr,2zcr_678,1.530,-1.708622,nan
2zcr,2zcr_699,4.520,-4.516069,nan
2zcr,2zcr_709,5.200,-3.978361,nan
2zcr,2zcr_721,5.720,-5.286385,nan
2zcr,2zcr_723,5.620,-4.882962,nan
2zcr,2zcr_730,3.450,-1.760325,nan
2zcr,2zcr_737,4.050,-2.599878,nan
2zcr,2zcr_746,4.410,-2.581982,nan
2zcr,2zcr_75,0.700,-0.834404,nan
2zcr,2zcr_762,6.220,-7.469618,nan
2zcr,2zcr_765,3.880,-3.785671,nan
2zcr,2zcr_767,8.630,-4.581743,nan
2zcr,2zcr_769,7.140,-8.062316,nan
2zcr,2zcr_772,6.190,-8.048259,nan
2zcr,2zcr_776,5.670,-4.572933,nan
2zcr,2zcr_777,5.830,-5.507421,nan
2zcr,2zcr_778,5.860,-5.157500,nan
2zcr,2zcr_780,7.570,-7.192445,nan
2zcr,2zcr_781,9.600,-5.699706,nan
2zcr,2zcr_782,5.440,-3.893311,nan
2zcr,2zcr_783,5.430,-4.306720,nan
2zcr,2zcr_786,6.350,-5.864159,nan
2zcr,2zcr_787,6.880,-6.661626,nan
2zcr,2zcr_788,4.060,-3.219925,nan
2zcr,2zcr_8,1.400,-0.991066,nan
2zcr,2zcr_80,0.900,-1.065603,nan
2zcr,2zcr_834,5.620,-4.845294,nan
2zcr,2zcr_846,3.290,-1.842926,nan
2zcr,2zcr_869,4.290,-3.247828,nan
2zcr,2zcr_877,3.770,-2.657218,nan
2zcr,2zcr_882,6.040,-5.475359,nan
2zcr,2zcr_883,4.540,-3.478292,nan
2zda,2zda_101,6.050,-5.449035,nan
2zda,2zda_108,4.880,-3.408672,nan
2zda,2zda_116,7.680,-7.204865,nan
2zda,2zda_132,5.820,-5.593710,nan
2zda,2zda_142,0.670,-0.450514,nan
2zda,2zda_156,6.220,-3.796912,nan
2zda,2zda_157,5.180,-3.917720,nan
2zda,2zda_167,1.590,-0.242381,nan
2zda,2zda_170,0.930,-0.180960,nan
2zda,2zda_174,6.490,-5.904512,nan
2zda,2zda_182,7.010,-6.929671,nan
2zda,2zda_192,6.580,-4.864564,nan
2zda,2zda_196,6.000,-4.200821,nan
2zda,2zda_2,0.980,-0.099179,nan
2zda,2zda_205,1.960,-1.287795,nan
2zda,2zda_212,3.120,-1.626320,nan
2zda,2zda_218,6.900,-5.992879,nan
2zda,2zda_224,6.660,-6.426770,nan
2zda,2zda_23,0.750,-0.363641,nan
2zda,2zda_232,0.740,-0.306120,nan
2zda,2zda_255,3.960,-2.048650,nan
2zda,2zda_259,2.670,-1.571212,nan
2zda,2zda_262,2.070,-0.941817,nan
2zda,2zda_264,0.760,-0.534971,nan
2zda,2zda_266,2.900,-1.863350,nan
2zda,2zda_27,2.560,-0.371611,nan
2zda,2zda_270,1.480,-1.422625,nan
2zda,2zda_272,1.230,-0.315353,nan
2zda,2zda_274,1.840,-1.536680,nan
2zda,2zda_277,0.430,-0.075931,nan
2zda,2zda_289,8.890,-7.160249,nan
2zda,2zda_29,0.620,-0.142418,nan
2zda,2zda_295,5.880,-5.062432,nan
2zda,2zda_299,0.460,-0.087397,nan
2zda,2zda_302,8.020,-6.271105,nan
2zda,2zda_311,8.140,-7.501825,nan
2zda,2zda_338,4.070,-2.602954,nan
2zda,2zda_345,7.450,-6.834061,nan
2zda,2zda_379,4.820,-2.516829,nan
2zda,2zda_382,7.500,-6.313837,nan
2zda,2zda_391,5.690,-4.830544,nan
2zda,2zda_393,6.270,-4.303519,nan
2zda,2zda_414,6.690,-4.676940,nan
2zda,2zda_429,5.520,-3.924562,nan
2zda,2zda_434,4.910,-4.186387,nan
2zda,2zda_435,2.370,-1.690338,nan
2zda,2zda_442,7.530,-6.732915,nan
2zda,2zda_447,4.680,-2.663769,nan
2zda,2zda_45,3.460,-2.752162,nan
2zda,2zda_470,8.420,-7.720711,nan
2zda,2zda_498,2.030,-1.543589,nan
2zda,2zda_5,1.730,-1.407673,nan
2zda,2zda_500,4.960,-1.633932,nan
2zda,2zda_506,6.910,-5.187054,nan
2zda,2zda_525,1.930,-1.289321,nan
2zda,2zda_533,1.930,-1.158506,nan
2zda,2zda_54,3.710,-1.649749,nan
2zda,2zda_558,5.730,-3.452423,nan
2zda,2zda_561,3.570,-2.106155,nan
2zda,2zda_573,2.800,-1.064032,nan
2zda,2zda_589,7.380,-7.797372,nan
2zda,2zda_615,4.820,-4.969668,nan
2zda,2zda_627,7.100,-6.462255,nan
2zda,2zda_633,2.040,-1.088035,nan
2zda,2zda_643,7.500,-7.695674,nan
2zda,2zda_664,6.670,-5.791120,nan
2zda,2zda_671,7.860,-6.671512,nan
2zda,2zda_677,5.560,-5.135015,nan
2zda,2zda_694,8.420,-7.720711,nan
2zda,2zda_698,3.750,-3.273160,nan
2zda,2zda_739,2.700,-1.917608,nan
2zda,2zda_748,1.170,-0.271454,nan
2zda,2zda_751,4.060,-3.113037,nan
2zda,2zda_753,3.720,-2.530434,nan
2zda,2zda_758,5.420,-2.697758,nan
2zda,2zda_763,3.080,-1.823275,nan
2zda,2zda_766,3.980,-2.189440,nan
2zda,2zda_767,5.270,-1.343307,nan
2zda,2zda_772,4.340,-2.155720,nan
2zda,2zda_773,3.860,-2.401183,nan
2zda,2zda_777,2.950,-1.543096,nan
2zda,2zda_80,4.930,-5.514419,nan
2zda,2zda_835,0.930,-0.457283,nan
2zda,2zda_860,1.040,-0.245265,nan
2zda,2zda_89,7.030,-5.878863,nan
2zy1,2zy1_109,2.070,-2.149198,nan
2zy1,2zy1_113,2.400,-1.274950,nan
2zy1,2zy1_119,1.420,-1.263517,nan
2zy1,2zy1_130,1.920,-2.209265,nan
2zy1,2zy1_160,2.660,-3.489652,nan
2zy1,2zy1_163,2.740,-2.436019,nan
2zy1,2zy1_165,2.590,-2.836434,nan
2zy1,2zy1_166,1.520,-1.532129,nan
2zy1,2zy1_171,2.000,-1.111225,nan
2zy1,2zy1_172,0.950,-1.545362,nan
2zy1,2zy1_173,3.600,-3.867554,nan
2zy1,2zy1_175,1.130,-1.806058,nan
2zy1,2zy1_214,2.000,-2.095053,nan
2zy1,2zy1_216,7.010,-7.234782,nan
2zy1,2zy1_220,5.630,-5.638670,nan
2zy1,2zy1_224,3.710,-1.900885,nan
2zy1,2zy1_225,2.290,-2.452821,nan
2zy1,2zy1_231,9.060,-1.570972,nan
2zy1,2zy1_233,6.030,-5.161119,nan
2zy1,2zy1_234,5.920,-6.262522,nan
2zy1,2zy1_241,7.360,-7.478694,nan
2zy1,2zy1_246,3.490,-2.096817,nan
2zy1,2zy1_251,4.300,-3.098856,nan
2zy1,2zy1_256,3.330,-1.826650,nan
2zy1,2zy1_257,5.330,-5.811668,nan
2zy1,2zy1_264,2.260,-1.037651,nan
2zy1,2zy1_273,4.730,-3.421026,nan
2zy1,2zy1_292,4.500,-3.462746,nan
2zy1,2zy1_306,4.170,-3.059643,nan
2zy1,2zy1_328,6.040,-4.901641,nan
2zy1,2zy1_335,3.480,-4.558102,nan
2zy1,2zy1_35,6.030,-5.744246,nan
2zy1,2zy1_396,1.900,-0.627052,nan
2zy1,2zy1_410,4.040,-5.253972,nan
2zy1,2zy1_411,7.670,-1.544562,nan
2zy1,2zy1_415,6.960,-4.429534,nan
2zy1,2zy1_418,8.500,-2.520103,nan
2zy1,2zy1_421,8.570,-3.517048,nan
2zy1,2zy1_422,3.710,-5.260695,nan
2zy1,2zy1_435,7.220,-3.207668,nan
2zy1,2zy1_451,8.210,-1.687221,nan
2zy1,2zy1_452,4.110,-2.533548,nan
2zy1,2zy1_453,3.860,-2.769528,nan
2zy1,2zy1_457,6.800,-3.816157,nan
2zy1,2zy1_461,9.180,-2.471025,nan
2zy1,2zy1_463,3.950,-2.194619,nan
2zy1,2zy1_464,9.090,-2.286469,nan
2zy1,2zy1_468,2.270,-3.627542,nan
2zy1,2zy1_469,2.180,-1.037789,nan
2zy1,2zy1_473,9.100,-3.752064,nan
2zy1,2zy1_475,5.100,-3.952175,nan
2zy1,2zy1_476,7.970,-2.708324,nan
2zy1,2zy1_482,8.280,-2.733733,nan
2zy1,2zy1_483,8.780,-1.938662,nan
2zy1,2zy1_484,1.820,-2.220993,nan
2zy1,2zy1_490,8.640,-1.848215,nan
2zy1,2zy1_495,9.630,-3.184519,nan
2zy1,2zy1_496,8.010,-2.264925,nan
2zy1,2zy1_50,5.860,-5.482510,nan
2zy1,2zy1_500,9.440,-3.579463,nan
2zy1,2zy1_539,5.310,-4.404190,nan
2zy1,2zy1_542,7.860,-1.405380,nan
2zy1,2zy1_556,8.910,-7.824492,nan
2zy1,2zy1_561,6.410,-8.571445,nan
2zy1,2zy1_575,2.030,-1.635865,nan
2zy1,2zy1_598,8.900,-2.514082,nan
2zy1,2zy1_603,9.850,-8.467489,nan
2zy1,2zy1_606,7.070,-8.450472,nan
2zy1,2zy1_608,6.670,-7.720476,nan
2zy1,2zy1_615,9.590,-8.535198,nan
2zy1,2zy1_622,5.260,-5.235552,nan
2zy1,2zy1_631,8.010,-7.363983,nan
2zy1,2zy1_669,5.930,-5.154401,nan
2zy1,2zy1_670,9.080,-6.918140,nan
2zy1,2zy1_675,6.310,-5.424733,nan
2zy1,2zy1_684,4.040,-2.482493,nan
2zy1,2zy1_739,1.570,-2.109060,nan
2zy1,2zy1_746,7.950,-1.669509,nan
2zy1,2zy1_753,6.840,-3.744770,nan
2zy1,2zy1_756,3.900,-2.687150,nan
2zy1,2zy1_76,6.130,-6.457664,nan
2zy1,2zy1_769,7.330,-3.336472,nan
2zy1,2zy1_771,7.410,-3.746210,nan
2zy1,2zy1_778,4.430,-2.809732,nan
2zy1,2zy1_81,5.770,-5.554264,nan
2zy1,2zy1_845,4.930,-5.353857,nan
2zy1,2zy1_885,5.060,-5.131615,nan
2zy1,2zy1_911,1.700,-0.877143,nan
2zy1,2zy1_916,3.470,-3.716677,nan
2zy1,2zy1_985,9.070,-3.447944,nan
2zy1,2zy1_992,4.340,-3.740674,nan
3acw,3acw_145,1.360,-1.843902,nan
3acw,3acw_281,1.610,-0.990811,nan
3acw,3acw_411,0.850,-0.661409,nan
3acw,3acw_432,1.590,-1.663108,nan
3acw,3acw_435,0.800,-0.646916,nan
3acw,3acw_445,2.200,-2.139060,nan
3acw,3acw_451,6.600,-1.820066,nan
3acw,3acw_455,0.890,-1.505290,nan
3acw,3acw_465,0.940,-1.342250,nan
3acw,3acw_467,6.670,-2.791124,nan
3acw,3acw_480,6.340,-1.720600,nan
3acw,3acw_486,3.240,-2.279452,nan
3acw,3acw_492,6.520,-1.159939,nan
3acw,3acw_500,2.130,-1.282008,nan
3acw,3acw_525,3.570,-3.206049,nan
3acw,3acw_531,3.170,-2.860801,nan
3acw,3acw_537,4.200,-3.643765,nan
3acw,3acw_542,4.120,-4.163443,nan
3acw,3acw_547,4.740,-5.177462,nan
3acw,3acw_552,7.010,-3.595112,nan
3acw,3acw_559,3.380,-3.660455,nan
3acw,3acw_562,3.600,-2.900709,nan
3acw,3acw_566,4.470,-4.462532,nan
3acw,3acw_578,4.370,-3.709867,nan
3acw,3acw_592,6.500,-1.693274,nan
3acw,3acw_608,4.090,-3.598830,nan
3acw,3acw_612,3.690,-3.396923,nan
3acw,3acw_624,1.640,-1.567624,nan
3acw,3acw_625,5.070,-5.052483,nan
3acw,3acw_629,7.060,-2.228173,nan
3acw,3acw_635,5.070,-4.552300,nan
3acw,3acw_636,0.880,-1.276923,nan
3acw,3acw_642,4.930,-5.092396,nan
3acw,3acw_644,1.380,-1.044456,nan
3acw,3acw_645,5.490,-5.917983,nan
3acw,3acw_659,7.850,-5.750891,nan
3acw,3acw_661,4.260,-4.647172,nan
3acw,3acw_664,4.650,-4.278592,nan
3acw,3acw_667,2.130,-2.316650,nan
3acw,3acw_676,3.800,-4.168247,nan
3acw,3acw_678,2.080,-1.678488,nan
3acw,3acw_681,4.100,-3.902196,nan
3acw,3acw_697,2.020,-1.902394,nan
3acw,3acw_700,1.230,-1.375684,nan
3acw,3acw_720,8.500,-6.705280,nan
3acw,3acw_721,2.320,-1.609067,nan
3acw,3acw_722,8.580,-6.716609,nan
3acw,3acw_723,2.460,-2.319620,nan
3acw,3acw_730,8.390,-6.160844,nan
3acw,3acw_732,1.180,-1.240242,nan
3acw,3acw_735,8.460,-6.601181,nan
3acw,3acw_737,9.530,-8.543510,nan
3acw,3acw_738,8.150,-6.389430,nan
3acw,3acw_740,1.680,-2.341166,nan
3acw,3acw_741,8.200,-6.447044,nan
3acw,3acw_743,9.420,-8.503228,nan
3acw,3acw_744,9.350,-8.333957,nan
3acw,3acw_745,9.390,-8.454895,nan
3acw,3acw_746,9.160,-8.419276,nan
3acw,3acw_749,3.750,-3.735045,nan
3acw,3acw_750,2.540,-2.942136,nan
3acw,3acw_757,6.650,-3.366327,nan
3acw,3acw_760,9.510,-8.125949,nan
3acw,3acw_763,6.760,-2.626575,nan
3acw,3acw_776,5.560,-5.233731,nan
3acw,3acw_780,5.550,-5.124789,nan
3acw,3acw_781,6.800,-2.083542,nan
3acw,3acw_791,6.330,-2.057743,nan
3acw,3acw_797,6.350,-2.180391,nan
3acw,3acw_809,0.580,-0.948203,nan
3acw,3acw_860,1.880,-1.046866,nan
3acw,3acw_861,8.220,-6.451223,nan
3acw,3acw_865,9.220,-8.168166,nan
3acw,3acw_866,8.480,-6.742177,nan
3acw,3acw_870,8.140,-6.224875,nan
3acw,3acw_872,9.070,-8.242400,nan
3acw,3acw_877,3.260,-2.854847,nan
3acw,3acw_879,2.160,-1.278256,nan
3acw,3acw_883,9.200,-8.269203,nan
3acw,3acw_888,8.190,-6.527464,nan
3acw,3acw_905,0.730,-0.997270,nan
3acw,3acw_939,0.850,-1.082149,nan
3acw,3acw_951,0.940,-1.557559,nan
3acw,3acw_968,3.040,-3.013769,nan
3acw,3acw_977,2.940,-2.759942,nan
3acw,3acw_99,0.790,-1.547221,nan
3acw,3acw_998,1.660,-1.377561,nan
3ag9,3ag9_1001,1.870,-5.178906,nan
3ag9,3ag9_1002,1.570,-6.186840,nan
3ag9,3ag9_1003,1.940,-4.413360,nan
3ag9,3ag9_1004,1.990,-6.214186,nan
3ag9,3ag9_1005,1.950,-5.387378,nan
3ag9,3ag9_1006,1.920,-5.206945,nan
3ag9,3ag9_1007,1.360,-5.013124,nan
3ag9,3ag9_1008,1.620,-5.337968,nan
3ag9,3ag9_1009,1.750,-5.535409,nan
3ag9,3ag9_1010,2.000,-5.057573,nan
3ag9,3ag9_123,7.460,-6.819993,nan
3ag9,3ag9_14,4.880,-6.584589,nan
3ag9,3ag9_159,5.690,-8.281706,nan
3ag9,3ag9_163,6.840,-8.201941,nan
3ag9,3ag9_184,9.320,-8.565632,nan
3ag9,3ag9_189,8.770,-7.293969,nan
3ag9,3ag9_19,9.360,-8.554462,nan
3ag9,3ag9_203,3.630,-6.761987,nan
3ag9,3ag9_209,6.160,-6.356450,nan
3ag9,3ag9_21,8.250,-8.551510,nan
3ag9,3ag9_210,9.750,-4.707613,nan
3ag9,3ag9_213,7.630,-7.911279,nan
3ag9,3ag9_220,10.000,-8.558365,nan
3ag9,3ag9_234,9.360,-8.504375,nan
3ag9,3ag9_24,9.840,-8.556608,nan
3ag9,3ag9_240,5.600,-5.335630,nan
3ag9,3ag9_251,9.720,-8.573265,nan
3ag9,3ag9_254,7.620,-8.110134,nan
3ag9,3ag9_264,9.260,-8.541668,nan
3ag9,3ag9_270,5.650,-7.254585,nan
3ag9,3ag9_278,5.380,-7.058185,nan
3ag9,3ag9_28,3.100,-6.791777,nan
3ag9,3ag9_283,4.720,-4.298953,nan
3ag9,3ag9_287,7.970,-8.212836,nan
3ag9,3ag9_292,8.130,-8.560702,nan
3ag9,3ag9_3,8.440,-7.029634,nan
3ag9,3ag9_304,4.560,-7.025582,nan
3ag9,3ag9_305,9.970,-8.581874,nan
3ag9,3ag9_306,8.830,-6.395938,nan
3ag9,3ag9_337,5.550,-5.346627,nan
3ag9,3ag9_340,6.210,-7.686908,nan
3ag9,3ag9_352,5.200,-5.828072,nan
3ag9,3ag9_357,8.780,-8.544201,nan
3ag9,3ag9_365,6.010,-6.545071,nan
3ag9,3ag9_378,6.280,-6.776695,nan
3ag9,3ag9_38,6.860,-6.588413,nan
3ag9,3ag9_387,5.760,-5.481060,nan
3ag9,3ag9_392,4.210,-4.557674,nan
3ag9,3ag9_399,3.350,-5.476162,nan
3ag9,3ag9_413,3.990,-4.794622,nan
3ag9,3ag9_489,7.640,-5.976808,nan
3ag9,3ag9_49,4.200,-6.388490,nan
3ag9,3ag9_495,5.590,-5.119567,nan
3ag9,3ag9_498,4.740,-5.381037,nan
3ag9,3ag9_520,8.300,-8.479639,nan
3ag9,3ag9_543,9.750,-8.549459,nan
3ag9,3ag9_569,7.890,-7.882991,nan
3ag9,3ag9_62,6.060,-5.681895,nan
3ag9,3ag9_667,4.850,-5.655619,nan
3ag9,3ag9_679,5.520,-7.603462,nan
3ag9,3ag9_685,6.740,-6.500246,nan
3ag9,3ag9_69,7.770,-8.528690,nan
3ag9,3ag9_712,3.320,-4.567067,nan
3ag9,3ag9_720,3.930,-6.738672,nan
3ag9,3ag9_724,3.740,-7.536067,nan
3ag9,3ag9_734,4.390,-6.219975,nan
3ag9,3ag9_735,3.560,-6.516004,nan
3ag9,3ag9_738,3.070,-5.066018,nan
3ag9,3ag9_741,3.850,-6.605902,nan
3ag9,3ag9_746,7.340,-6.230905,nan
3ag9,3ag9_754,8.200,-6.411694,nan
3ag9,3ag9_762,5.930,-5.099996,nan
3ag9,3ag9_764,6.370,-5.841228,nan
3ag9,3ag9_77,8.980,-7.843725,nan
3ag9,3ag9_772,7.450,-8.192884,nan
3ag9,3ag9_828,8.940,-7.141206,nan
3ag9,3ag9_841,2.790,-6.021629,nan
3ag9,3ag9_850,2.930,-5.109805,nan
3ag9,3ag9_891,2.820,-5.652449,nan
3ag9,3ag9_9,4.920,-7.795074,nan
3ag9,3ag9_934,2.780,-5.352853,nan
3ag9,3ag9_951,6.330,-6.937974,nan
3ag9,3ag9_968,4.430,-4.434309,nan
3ag9,3ag9_97,7.230,-7.180641,nan
3ao4,3ao4_102,2.600,-1.727286,nan
3ao4,3ao4_115,0.500,-0.714001,nan
3ao4,3ao4_117,4.830,-2.941467,nan
3ao4,3ao4_118,8.090,-6.529479,nan
3ao4,3ao4_165,0.610,-0.984478,nan
3ao4,3ao4_174,8.020,-6.260161,nan
3ao4,3ao4_195,0.680,-1.051913,nan
3ao4,3ao4_200,0.550,-0.983833,nan
3ao4,3ao4_281,0.560,-0.473872,nan
3ao4,3ao4_350,0.650,-0.680638,nan
3ao4,3ao4_385,0.780,-0.464996,nan
3ao4,3ao4_420,3.010,-2.691170,nan
3ao4,3ao4_428,3.690,-2.054055,nan
3ao4,3ao4_438,1.480,-1.098083,nan
3ao4,3ao4_440,3.670,-2.276310,nan
3ao4,3ao4_443,3.740,-4.064678,nan
3ao4,3ao4_446,2.260,-1.519034,nan
3ao4,3ao4_451,1.420,-2.118519,nan
3ao4,3ao4_456,0.800,-0.946066,nan
3ao4,3ao4_473,4.460,-2.714583,nan
3ao4,3ao4_476,3.020,-2.132940,nan
3ao4,3ao4_477,2.430,-2.707031,nan
3ao4,3ao4_479,1.630,-1.495023,nan
3ao4,3ao4_481,0.910,-1.042953,nan
3ao4,3ao4_499,1.790,-1.917663,nan
3ao4,3ao4_520,2.620,-2.393298,nan
3ao4,3ao4_572,3.360,-3.687567,nan
3ao4,3ao4_582,3.420,-3.883910,nan
3ao4,3ao4_585,2.260,-2.878922,nan
3ao4,3ao4_593,3.650,-3.096831,nan
3ao4,3ao4_628,2.620,-2.552698,nan
3ao4,3ao4_650,3.620,-2.682810,nan
3ao4,3ao4_655,1.600,-2.387243,nan
3ao4,3ao4_657,2.030,-2.444077,nan
3ao4,3ao4_661,4.660,-4.691679,nan
3ao4,3ao4_691,2.590,-2.987400,nan
3ao4,3ao4_715,5.050,-0.590743,nan
3ao4,3ao4_718,5.660,-5.896178,nan
3ao4,3ao4_730,1.780,-1.599981,nan
3ao4,3ao4_731,5.000,-0.551223,nan
3ao4,3ao4_736,7.300,-7.656932,nan
3ao4,3ao4_744,7.140,-7.470232,nan
3ao4,3ao4_749,5.660,-6.639554,nan
3ao4,3ao4_750,7.840,-8.189193,nan
3ao4,3ao4_752,6.950,-7.112401,nan
3ao4,3ao4_755,8.490,-7.422698,nan
3ao4,3ao4_757,8.210,-7.844613,nan
3ao4,3ao4_758,8.710,-7.793058,nan
3ao4,3ao4_759,7.570,-7.681205,nan
3ao4,3ao4_760,8.130,-7.747456,nan
3ao4,3ao4_762,9.410,-8.364075,nan
3ao4,3ao4_763,7.740,-7.281345,nan
3ao4,3ao4_764,8.290,-7.761604,nan
3ao4,3ao4_765,9.650,-8.556273,nan
3ao4,3ao4_766,9.350,-8.414781,nan
3ao4,3ao4_768,8.500,-7.629911,nan
3ao4,3ao4_769,7.460,-6.526242,nan
3ao4,3ao4_771,7.420,-6.483076,nan
3ao4,3ao4_772,7.330,-7.169271,nan
3ao4,3ao4_773,6.640,-6.898538,nan
3ao4,3ao4_774,7.770,-8.321770,nan
3ao4,3ao4_776,6.200,-5.860617,nan
3ao4,3ao4_779,6.360,-5.642766,nan
3ao4,3ao4_780,2.120,-2.183664,nan
3ao4,3ao4_784,0.790,-0.663814,nan
3ao4,3ao4_787,1.520,-0.802289,nan
3ao4,3ao4_788,1.790,-0.873276,nan
3ao4,3ao4_800,5.000,-1.918179,nan
3ao4,3ao4_803,4.960,-1.122031,nan
3ao4,3ao4_808,5.180,-2.383569,nan
3ao4,3ao4_850,5.830,-4.206252,nan
3ao4,3ao4_862,6.220,-6.464332,nan
3ao4,3ao4_870,4.790,-5.521533,nan
3ao4,3ao4_871,8.730,-7.827198,nan
3ao4,3ao4_878,5.900,-5.479852,nan
3ao4,3ao4_880,6.160,-4.359003,nan
3ao4,3ao4_889,6.400,-5.402120,nan
3ao4,3ao4_909,2.470,-2.582118,nan
3ao4,3ao4_910,4.750,-5.088797,nan
3ao4,3ao4_915,1.130,-1.321939,nan
3ao4,3ao4_925,1.140,-0.769034,nan
3ao4,3ao4_928,5.000,-1.568002,nan
3ao4,3ao4_943,5.650,-5.815578,nan
3ao4,3ao4_953,6.870,-7.263139,nan
3ao4,3ao4_958,3.160,-3.737442,nan
3ao4,3ao4_959,6.830,-6.680691,nan
3ao4,3ao4_962,5.430,-5.550099,nan
3ao4,3ao4_964,4.550,-5.830225,nan
3ao4,3ao4_965,7.360,-6.717175,nan
3ao4,3ao4_966,5.180,-0.903117,nan
3ao4,3ao4_976,6.110,-6.198233,nan
3ao4,3ao4_978,5.170,-1.645896,nan
3arp,3arp_103,4.720,-2.519945,nan
3arp,3arp_17,1.390,-2.704825,nan
3arp,3arp_176,4.020,-3.139575,nan
3arp,3arp_181,3.970,-3.463644,nan
3arp,3arp_190,1.660,-1.660446,nan
3arp,3arp_198,2.360,-1.924955,nan
3arp,3arp_203,1.840,-2.134425,nan
3arp,3arp_211,2.770,-2.844386,nan
3arp,3arp_214,3.110,-2.174823,nan
3arp,3arp_223,3.940,-2.347419,nan
3arp,3arp_227,4.100,-3.283757,nan
3arp,3arp_231,2.520,-1.810967,nan
3arp,3arp_232,3.300,-1.346730,nan
3arp,3arp_235,2.040,-1.976342,nan
3arp,3arp_245,3.120,-1.802308,nan
3arp,3arp_248,1.810,-1.942500,nan
3arp,3arp_252,2.850,-1.708107,nan
3arp,3arp_254,3.030,-1.606755,nan
3arp,3arp_255,2.870,-1.777845,nan
3arp,3arp_258,3.220,-2.780909,nan
3arp,3arp_284,1.830,-2.504502,nan
3arp,3arp_289,4.030,-2.534676,nan
3arp,3arp_290,5.340,-3.160039,nan
3arp,3arp_299,2.630,-1.459807,nan
3arp,3arp_324,1.920,-1.575992,nan
3arp,3arp_330,2.390,-3.405416,nan
3arp,3arp_333,2.250,-1.073006,nan
3arp,3arp_347,1.950,-3.066892,nan
3arp,3arp_353,9.420,-8.567180,nan
3arp,3arp_357,1.410,-2.134897,nan
3arp,3arp_365,3.440,-1.977599,nan
3arp,3arp_367,1.920,-0.812330,nan
3arp,3arp_37,0.970,-1.242134,nan
3arp,3arp_371,8.500,-8.053740,nan
3arp,3arp_380,9.240,-8.540497,nan
3arp,3arp_394,2.820,-2.093045,nan
3arp,3arp_407,8.940,-8.573214,nan
3arp,3arp_419,6.800,-6.961639,nan
3arp,3arp_420,5.530,-4.602277,nan
3arp,3arp_425,9.120,-8.451277,nan
3arp,3arp_431,7.930,-8.351265,nan
3arp,3arp_447,4.470,-2.670767,nan
3arp,3arp_448,7.440,-8.111542,nan
3arp,3arp_449,7.920,-8.361056,nan
3arp,3arp_46,6.030,-5.721908,nan
3arp,3arp_496,9.020,-8.553565,nan
3arp,3arp_505,4.550,-4.104268,nan
3arp,3arp_509,7.240,-6.899399,nan
3arp,3arp_516,4.670,-5.888917,nan
3arp,3arp_517,6.690,-5.201465,nan
3arp,3arp_540,7.090,-7.808413,nan
3arp,3arp_549,6.590,-6.654788,nan
3arp,3arp_551,8.650,-8.563679,nan
3arp,3arp_558,6.900,-6.247932,nan
3arp,3arp_562,5.560,-5.575786,nan
3arp,3arp_570,6.800,-8.175413,nan
3arp,3arp_574,5.780,-7.557934,nan
3arp,3arp_575,5.660,-6.227180,nan
3arp,3arp_585,6.520,-6.695646,nan
3arp,3arp_6,1.630,-1.334679,nan
3arp,3arp_605,8.720,-8.405002,nan
3arp,3arp_607,8.300,-6.919615,nan
3arp,3arp_615,8.340,-7.382272,nan
3arp,3arp_620,8.210,-7.687157,nan
3arp,3arp_623,9.060,-8.416405,nan
3arp,3arp_632,9.090,-7.537034,nan
3arp,3arp_641,5.660,-6.786154,nan
3arp,3arp_650,7.800,-8.272213,nan
3arp,3arp_653,7.240,-6.673331,nan
3arp,3arp_658,9.290,-8.286696,nan
3arp,3arp_67,0.980,-2.288912,nan
3arp,3arp_671,6.410,-6.599810,nan
3arp,3arp_674,9.070,-8.529390,nan
3arp,3arp_679,8.410,-8.222179,nan
3arp,3arp_684,8.420,-7.833801,nan
3arp,3arp_703,7.320,-6.757097,nan
3arp,3arp_73,3.080,-0.537371,nan
3arp,3arp_734,5.520,-3.332773,nan
3arp,3arp_750,4.850,-2.253566,nan
3arp,3arp_752,3.950,-3.041538,nan
3arp,3arp_781,5.930,-4.798550,nan
3arp,3arp_783,4.570,-5.370306,nan
3arp,3arp_784,5.280,-5.565647,nan
3arp,3arp_785,6.960,-7.683226,nan
3arp,3arp_787,7.330,-6.721870,nan
3arp,3arp_790,4.920,-3.768402,nan
3arp,3arp_89,5.590,-3.433177,nan
3arp,3arp_909,6.280,-4.992696,nan
3arp,3arp_951,8.390,-8.303039,nan
3arp,3arp_963,7.110,-7.156114,nan
3arq,3arq_117,6.010,-5.505702,nan
3arq,3arq_197,2.100,-1.396053,nan
3arq,3arq_206,8.180,-6.226107,nan
3arq,3arq_209,1.570,-1.521444,nan
3arq,3arq_221,2.160,-1.688289,nan
3arq,3arq_227,8.570,-6.907956,nan
3arq,3arq_228,3.160,-2.673763,nan
3arq,3arq_231,1.040,-0.886303,nan
3arq,3arq_236,2.530,-2.501493,nan
3arq,3arq_242,4.980,-5.066685,nan
3arq,3arq_245,9.870,-8.578002,nan
3arq,3arq_256,4.770,-5.645566,nan
3arq,3arq_258,6.910,-1.784716,nan
3arq,3arq_265,5.340,-5.084102,nan
3arq,3arq_287,9.050,-4.632852,nan
3arq,3arq_293,2.150,-2.262043,nan
3arq,3arq_314,1.780,-1.336466,nan
3arq,3arq_328,1.500,-1.418937,nan
3arq,3arq_338,1.580,-1.666176,nan
3arq,3arq_339,1.860,-1.711716,nan
3arq,3arq_346,1.570,-1.133652,nan
3arq,3arq_358,0.920,-0.710176,nan
3arq,3arq_392,1.350,-1.199266,nan
3arq,3arq_404,5.520,-5.505624,nan
3arq,3arq_406,7.920,-4.892900,nan
3arq,3arq_422,5.210,-4.387874,nan
3arq,3arq_426,5.510,-5.705044,nan
3arq,3arq_430,4.990,-5.452381,nan
3arq,3arq_432,6.950,-3.760481,nan
3arq,3arq_443,6.000,-6.227232,nan
3arq,3arq_444,4.170,-3.983699,nan
3arq,3arq_445,4.860,-3.393883,nan
3arq,3arq_449,5.440,-4.558525,nan
3arq,3arq_451,7.600,-5.423697,nan
3arq,3arq_464,5.890,-5.951714,nan
3arq,3arq_466,6.980,-3.455966,nan
3arq,3arq_474,4.140,-3.353456,nan
3arq,3arq_478,5.120,-5.557034,nan
3arq,3arq_483,5.920,-6.253684,nan
3arq,3arq_485,7.560,-5.124711,nan
3arq,3arq_508,8.870,-5.291898,nan
3arq,3arq_511,6.300,-1.022191,nan
3arq,3arq_513,4.540,-3.847232,nan
3arq,3arq_515,6.040,-5.197784,nan
3arq,3arq_529,3.010,-0.913081,nan
3arq,3arq_534,7.350,-6.401625,nan
3arq,3arq_535,9.180,-7.131231,nan
3arq,3arq_543,8.580,-8.467921,nan
3arq,3arq_545,7.210,-3.382827,nan
3arq,3arq_550,2.700,-1.404787,nan
3arq,3arq_556,4.450,-3.829044,nan
3arq,3arq_565,8.550,-6.218902,nan
3arq,3arq_566,3.780,-2.843630,nan
3arq,3arq_571,2.220,-1.296461,nan
3arq,3arq_575,3.460,-2.436805,nan
3arq,3arq_577,3.930,-2.680011,nan
3arq,3arq_581,4.630,-4.316663,nan
3arq,3arq_584,8.150,-5.650826,nan
3arq,3arq_587,7.800,-6.558462,nan
3arq,3arq_596,3.040,-3.069096,nan
3arq,3arq_601,6.910,-3.464225,nan
3arq,3arq_606,7.560,-6.885899,nan
3arq,3arq_607,8.980,-8.067639,nan
3arq,3arq_611,9.620,-8.544300,nan
3arq,3arq_620,9.840,-8.541711,nan
3arq,3arq_625,7.390,-6.391527,nan
3arq,3arq_626,9.640,-8.522351,nan
3arq,3arq_639,9.100,-8.313094,nan
3arq,3arq_643,8.720,-8.142299,nan
3arq,3arq_645,9.080,-8.362178,nan
3arq,3arq_647,6.920,-2.768649,nan
3arq,3arq_648,6.740,-5.171714,nan
3arq,3arq_651,8.770,-6.632311,nan
3arq,3arq_654,9.640,-8.472993,nan
3arq,3arq_655,7.800,-6.105880,nan
3arq,3arq_673,5.580,-2.935997,nan
3arq,3arq_680,9.140,-8.496545,nan
3arq,3arq_698,3.710,-2.757699,nan
3arq,3arq_721,3.330,-2.839082,nan
3arq,3arq_742,2.350,-2.332898,nan
3arq,3arq_743,3.420,-3.594996,nan
3arq,3arq_748,1.820,-2.056384,nan
3arq,3arq_755,7.040,-1.749327,nan
3arq,3arq_758,1.740,-1.153152,nan
3arq,3arq_760,2.590,-3.269826,nan
3arq,3arq_762,2.610,-1.990705,nan
3arq,3arq_848,3.060,-2.253416,nan
3arq,3arq_855,8.840,-4.995075,nan
3arq,3arq_868,4.790,-5.459882,nan
3arq,3arq_941,2.970,-2.180000,nan
3arq,3arq_964,6.700,-1.228341,nan
3aru,3aru_10,1.020,-1.602059,nan
3aru,3aru_167,6.130,-1.518911,nan
3aru,3aru_169,4.190,-1.216356,nan
3aru,3aru_174,5.780,-1.895655,nan
3aru,3aru_202,4.890,-2.849521,nan
3aru,3aru_205,1.480,-1.705248,nan
3aru,3aru_222,1.920,-2.366119,nan
3aru,3aru_235,5.100,-2.318294,nan
3aru,3aru_239,5.110,-2.576192,nan
3aru,3aru_240,4.140,-0.783454,nan
3aru,3aru_268,6.260,-5.056655,nan
3aru,3aru_270,7.850,-7.921385,nan
3aru,3aru_272,5.570,-4.402195,nan
3aru,3aru_297,5.400,-5.330076,nan
3aru,3aru_306,0.840,-1.355758,nan
3aru,3aru_311,0.670,-1.868854,nan
3aru,3aru_314,0.790,-1.761606,nan
3aru,3aru_320,5.000,-3.414412,nan
3aru,3aru_336,4.970,-2.039567,nan
3aru,3aru_356,0.980,-0.941574,nan
3aru,3aru_362,0.510,-1.421151,nan
3aru,3aru_38,9.170,-7.179686,nan
3aru,3aru_39,4.790,-2.245418,nan
3aru,3aru_40,8.160,-6.202655,nan
3aru,3aru_449,2.970,-3.018975,nan
3aru,3aru_450,2.240,-3.018532,nan
3aru,3aru_478,1.960,-1.906685,nan
3aru,3aru_48,5.130,-1.737217,nan
3aru,3aru_482,5.080,-6.365701,nan
3aru,3aru_483,5.030,-2.666944,nan
3aru,3aru_502,7.880,-8.374080,nan
3aru,3aru_512,6.970,-7.114045,nan
3aru,3aru_521,7.320,-8.519567,nan
3aru,3aru_530,7.410,-8.370822,nan
3aru,3aru_532,3.890,-4.333229,nan
3aru,3aru_533,4.280,-5.516411,nan
3aru,3aru_544,6.100,-2.390231,nan
3aru,3aru_546,4.920,-4.513337,nan
3aru,3aru_565,7.570,-8.288470,nan
3aru,3aru_566,8.300,-8.487691,nan
3aru,3aru_573,2.650,-3.488700,nan
3aru,3aru_577,7.240,-7.441574,nan
3aru,3aru_58,0.950,-1.926444,nan
3aru,3aru_587,6.530,-8.519110,nan
3aru,3aru_589,7.670,-8.166473,nan
3aru,3aru_592,6.120,-8.378781,nan
3aru,3aru_594,6.690,-7.757851,nan
3aru,3aru_595,5.040,-7.871207,nan
3aru,3aru_60,8.450,-5.536098,nan
3aru,3aru_604,4.160,-4.393939,nan
3aru,3aru_618,7.160,-8.547436,nan
3aru,3aru_62,7.240,-4.439650,nan
3aru,3aru_621,6.430,-7.051933,nan
3aru,3aru_64,0.950,-1.638328,nan
3aru,3aru_654,5.080,-6.088386,nan
3aru,3aru_686,6.020,-4.992647,nan
3aru,3aru_695,3.690,-2.400062,nan
3aru,3aru_698,6.290,-4.667361,nan
3aru,3aru_709,0.810,-1.655538,nan
3aru,3aru_715,1.970,-1.861465,nan
3aru,3aru_716,1.370,-1.905490,nan
3aru,3aru_721,2.640,-1.359087,nan
3aru,3aru_725,1.830,-1.689676,nan
3aru,3aru_728,3.860,-4.168138,nan
3aru,3aru_745,3.800,-3.272193,nan
3aru,3aru_749,2.960,-1.909961,nan
3aru,3aru_776,3.050,-3.466479,nan
3aru,3aru_777,3.090,-1.347241,nan
3aru,3aru_780,4.040,-5.759046,nan
3aru,3aru_789,3.300,-4.430426,nan
3aru,3aru_790,1.700,-3.137971,nan
3aru,3aru_791,2.160,-1.562223,nan
3aru,3aru_817,2.870,-0.723945,nan
3aru,3aru_852,3.200,-0.622878,nan
3aru,3aru_858,3.150,-1.393501,nan
3aru,3aru_88,8.550,-6.520754,nan
3aru,3aru_902,0.610,-1.895025,nan
3aru,3aru_909,2.670,-1.508935,nan
3aru,3aru_925,2.830,-1.024509,nan
3aru,3aru_93,7.980,-5.424992,nan
3aru,3aru_930,1.670,-1.159055,nan
3aru,3aru_949,1.800,-1.685162,nan
3aru,3aru_952,2.410,-1.077473,nan
3aru,3aru_98,0.850,-2.090014,nan
3aru,3aru_99,3.950,-4.159145,nan
3arv,3arv_1,3.890,-2.952563,nan
3arv,3arv_116,4.640,-1.770127,nan
3arv,3arv_122,6.080,-3.978622,nan
3arv,3arv_184,3.320,-1.647737,nan
3arv,3arv_304,1.660,-0.526874,nan
3arv,3arv_324,0.850,-0.519757,nan
3arv,3arv_327,0.950,-0.463795,nan
3arv,3arv_336,2.640,-1.690326,nan
3arv,3arv_337,2.430,-0.757450,nan
3arv,3arv_345,0.700,-0.565809,nan
3arv,3arv_353,1.580,-0.417736,nan
3arv,3arv_355,1.190,-0.602509,nan
3arv,3arv_359,0.910,-1.074335,nan
3arv,3arv_367,1.730,-0.537896,nan
3arv,3arv_372,2.000,-0.877369,nan
3arv,3arv_373,5.030,-1.928985,nan
3arv,3arv_374,1.270,-0.485650,nan
3arv,3arv_386,1.270,-0.446037,nan
3arv,3arv_387,1.990,-0.974364,nan
3arv,3arv_470,2.720,-1.646130,nan
3arv,3arv_51,1.690,-0.345185,nan
3arv,3arv_515,3.270,-0.947496,nan
3arv,3arv_559,3.050,-1.972988,nan
3arv,3arv_56,2.920,-2.185199,nan
3arv,3arv_600,2.870,-2.742961,nan
3arv,3arv_708,5.060,-5.122442,nan
3arv,3arv_715,6.930,-5.042495,nan
3arv,3arv_716,7.930,-5.780732,nan
3arv,3arv_717,7.700,-5.775805,nan
3arv,3arv_719,8.600,-7.618125,nan
3arv,3arv_720,8.010,-5.782356,nan
3arv,3arv_721,7.730,-7.311314,nan
3arv,3arv_723,6.010,-5.772969,nan
3arv,3arv_749,8.430,-7.291265,nan
3arv,3arv_750,9.710,-8.553935,nan
3arv,3arv_752,9.750,-8.574704,nan
3arv,3arv_771,9.170,-8.030933,nan
3arv,3arv_774,9.870,-8.581199,nan
3arv,3arv_801,5.030,-4.091033,nan
3arv,3arv_803,1.090,-0.967262,nan
3arv,3arv_806,2.810,-0.771108,nan
3arv,3arv_807,2.540,-1.007653,nan
3arv,3arv_810,4.020,-4.065228,nan
3arv,3arv_811,2.360,-2.062106,nan
3arv,3arv_812,5.720,-5.860744,nan
3arv,3arv_815,5.510,-4.734821,nan
3arv,3arv_816,4.200,-3.882612,nan
3arv,3arv_817,3.840,-3.372619,nan
3arv,3arv_818,4.430,-4.034167,nan
3arv,3arv_819,6.070,-6.795218,nan
3arv,3arv_820,9.340,-8.516922,nan
3arv,3arv_821,4.420,-4.103786,nan
3arv,3arv_824,5.560,-6.316974,nan
3arv,3arv_828,5.820,-4.204077,nan
3arv,3arv_837,4.500,-2.796688,nan
3arv,3arv_842,8.480,-6.823831,nan
3arv,3arv_843,7.260,-7.734585,nan
3arv,3arv_848,9.470,-6.805843,nan
3arv,3arv_849,6.090,-4.175231,nan
3arv,3arv_850,9.810,-8.578449,nan
3arv,3arv_853,6.690,-6.409160,nan
3arv,3arv_855,7.070,-4.553107,nan
3arv,3arv_856,6.990,-6.485882,nan
3arv,3arv_860,9.900,-8.582994,nan
3arv,3arv_861,6.540,-7.701994,nan
3arv,3arv_868,6.350,-5.373778,nan
3arv,3arv_869,6.870,-4.967284,nan
3arv,3arv_876,9.580,-8.529751,nan
3arv,3arv_877,4.760,-5.090895,nan
3arv,3arv_879,7.570,-7.223250,nan
3arv,3arv_880,2.310,-2.747321,nan
3arv,3arv_881,8.330,-7.894471,nan
3arv,3arv_882,8.820,-7.296574,nan
3arv,3arv_887,8.480,-8.325382,nan
3arv,3arv_888,5.730,-5.329927,nan
3arv,3arv_889,7.900,-7.479938,nan
3arv,3arv_897,7.950,-7.132771,nan
3arv,3arv_898,7.970,-8.159432,nan
3arv,3arv_900,8.510,-7.957612,nan
3arv,3arv_908,3.850,-2.570616,nan
3arv,3arv_910,3.760,-3.430616,nan
3arv,3arv_912,3.560,-1.989876,nan
3arv,3arv_916,3.530,-0.840434,nan
3arv,3arv_924,9.830,-8.567693,nan
3arv,3arv_930,2.120,-2.107278,nan
3arv,3arv_931,8.110,-8.237045,nan
3arv,3arv_943,5.180,-4.323544,nan
3arv,3arv_944,4.230,-1.529345,nan
3arv,3arv_951,8.800,-8.165560,nan
3arv,3arv_963,4.450,-1.382132,nan
3arv,3arv_966,5.390,-4.305696,nan
3arv,3arv_968,7.390,-7.338988,nan
3arv,3arv_982,3.340,-3.022940,nan
3arv,3arv_995,4.750,-4.350115,nan
3ary,3ary_100,1.620,-0.493503,nan
3ary,3ary_147,6.810,-4.127719,nan
3ary,3ary_154,7.380,-3.806399,nan
3ary,3ary_162,9.180,-8.403988,nan
3ary,3ary_187,5.020,-3.019037,nan
3ary,3ary_195,8.710,-8.498735,nan
3ary,3ary_206,7.210,-6.784346,nan
3ary,3ary_208,9.090,-8.103748,nan
3ary,3ary_222,6.000,-6.565310,nan
3ary,3ary_230,9.430,-8.577112,nan
3ary,3ary_237,8.740,-7.833968,nan
3ary,3ary_240,4.720,-5.350528,nan
3ary,3ary_244,9.820,-8.592978,nan
3ary,3ary_252,9.120,-8.475961,nan
3ary,3ary_255,7.790,-7.841009,nan
3ary,3ary_276,8.590,-8.471255,nan
3ary,3ary_286,9.140,-8.524736,nan
3ary,3ary_290,8.900,-8.008498,nan
3ary,3ary_292,9.160,-8.517056,nan
3ary,3ary_298,9.240,-8.471994,nan
3ary,3ary_302,9.850,-8.587679,nan
3ary,3ary_304,4.400,-1.787370,nan
3ary,3ary_311,3.900,-2.067321,nan
3ary,3ary_317,3.970,-1.949723,nan
3ary,3ary_383,5.760,-1.881445,nan
3ary,3ary_418,3.610,-3.530650,nan
3ary,3ary_466,3.330,-2.935162,nan
3ary,3ary_487,2.940,-2.243418,nan
3ary,3ary_499,6.230,-6.740278,nan
3ary,3ary_503,3.110,-2.320625,nan
3ary,3ary_513,4.850,-5.014466,nan
3ary,3ary_515,4.080,-4.516741,nan
3ary,3ary_540,7.650,-7.485750,nan
3ary,3ary_547,4.490,-3.511255,nan
3ary,3ary_548,2.830,-2.077980,nan
3ary,3ary_556,7.020,-6.496295,nan
3ary,3ary_558,7.700,-7.855697,nan
3ary,3ary_561,4.870,-5.178380,nan
3ary,3ary_580,2.390,-1.646268,nan
3ary,3ary_627,2.970,-3.751939,nan
3ary,3ary_648,8.040,-8.181515,nan
3ary,3ary_650,7.220,-7.394421,nan
3ary,3ary_663,4.920,-3.201430,nan
3ary,3ary_687,5.720,-5.663563,nan
3ary,3ary_702,5.410,-1.911134,nan
3ary,3ary_71,1.940,-0.886183,nan
3ary,3ary_723,3.840,-4.087566,nan
3ary,3ary_727,6.870,-2.074181,nan
3ary,3ary_729,1.770,-0.765326,nan
3ary,3ary_730,6.440,-0.853072,nan
3ary,3ary_731,7.050,-4.640682,nan
3ary,3ary_735,9.620,-5.133123,nan
3ary,3ary_736,2.870,-2.211871,nan
3ary,3ary_739,7.630,-2.830157,nan
3ary,3ary_740,5.470,-2.254611,nan
3ary,3ary_744,4.880,-4.787636,nan
3ary,3ary_750,6.630,-3.531532,nan
3ary,3ary_751,1.830,-1.020700,nan
3ary,3ary_754,1.620,-1.095079,nan
3ary,3ary_762,1.400,-0.918005,nan
3ary,3ary_763,5.960,-2.423384,nan
3ary,3ary_765,2.980,-1.998218,nan
3ary,3ary_770,5.880,-2.701995,nan
3ary,3ary_772,8.230,-3.741751,nan
3ary,3ary_773,3.390,-3.331057,nan
3ary,3ary_774,6.420,-5.092657,nan
3ary,3ary_775,8.700,-5.559081,nan
3ary,3ary_778,6.240,-4.408108,nan
3ary,3ary_797,5.980,-3.065443,nan
3ary,3ary_799,2.600,-1.150356,nan
3ary,3ary_801,8.330,-8.177100,nan
3ary,3ary_805,2.180,-0.571373,nan
3ary,3ary_826,4.070,-4.082381,nan
3ary,3ary_828,3.480,-1.104711,nan
3ary,3ary_832,1.530,-0.812632,nan
3ary,3ary_837,4.400,-1.460145,nan
3ary,3ary_844,1.230,-0.798838,nan
3ary,3ary_850,1.880,-1.169351,nan
3ary,3ary_858,6.030,-0.944752,nan
3ary,3ary_861,2.150,-1.350054,nan
3ary,3ary_864,6.190,-5.477014,nan
3ary,3ary_866,3.810,-1.187733,nan
3ary,3ary_880,7.620,-5.662459,nan
3ary,3ary_884,8.040,-8.116005,nan
3ary,3ary_943,2.870,-2.049268,nan
3ary,3ary_953,5.870,-3.069829,nan
3ary,3ary_968,8.120,-3.337887,nan
3ary,3ary_976,3.600,-2.711037,nan
3ary,3ary_979,1.710,-0.910076,nan
3ary,3ary_981,6.140,-5.089616,nan
3b1m,3b1m_100,9.030,-8.558900,nan
3b1m,3b1m_116,0.790,-0.961888,nan
3b1m,3b1m_149,2.070,-1.241096,nan
3b1m,3b1m_15,8.950,-8.534932,nan
3b1m,3b1m_175,1.020,-1.377521,nan
3b1m,3b1m_197,6.520,-5.858822,nan
3b1m,3b1m_206,2.870,-2.734393,nan
3b1m,3b1m_215,1.330,-1.350497,nan
3b1m,3b1m_218,1.000,-1.044191,nan
3b1m,3b1m_221,0.810,-1.074708,nan
3b1m,3b1m_225,6.860,-3.664554,nan
3b1m,3b1m_233,4.640,-4.928701,nan
3b1m,3b1m_238,5.350,-5.872654,nan
3b1m,3b1m_241,7.280,-7.627836,nan
3b1m,3b1m_260,0.590,-0.743465,nan
3b1m,3b1m_273,0.580,-0.961660,nan
3b1m,3b1m_290,3.640,-3.408631,nan
3b1m,3b1m_300,7.100,-3.862470,nan
3b1m,3b1m_31,9.050,-8.547386,nan
3b1m,3b1m_325,1.610,-1.516190,nan
3b1m,3b1m_33,9.530,-8.551492,nan
3b1m,3b1m_335,8.590,-8.544519,nan
3b1m,3b1m_35,9.590,-8.552306,nan
3b1m,3b1m_365,7.760,-7.060942,nan
3b1m,3b1m_373,1.190,-1.742026,nan
3b1m,3b1m_388,7.830,-7.951367,nan
3b1m,3b1m_392,8.160,-8.169931,nan
3b1m,3b1m_4,6.370,-7.583912,nan
3b1m,3b1m_40,5.130,-4.721138,nan
3b1m,3b1m_412,5.380,-2.165562,nan
3b1m,3b1m_415,4.880,-3.253442,nan
3b1m,3b1m_416,1.960,-1.468491,nan
3b1m,3b1m_418,1.900,-2.553892,nan
3b1m,3b1m_419,3.230,-1.683906,nan
3b1m,3b1m_423,2.790,-1.980540,nan
3b1m,3b1m_451,6.090,-3.304010,nan
3b1m,3b1m_462,3.630,-2.093438,nan
3b1m,3b1m_464,3.050,-2.393184,nan
3b1m,3b1m_467,1.970,-1.984485,nan
3b1m,3b1m_469,4.150,-5.129219,nan
3b1m,3b1m_47,8.190,-8.549511,nan
3b1m,3b1m_486,3.920,-4.624469,nan
3b1m,3b1m_496,4.660,-4.919538,nan
3b1m,3b1m_500,5.040,-3.692863,nan
3b1m,3b1m_523,4.660,-4.761086,nan
3b1m,3b1m_526,6.300,-5.749411,nan
3b1m,3b1m_529,4.070,-3.442736,nan
3b1m,3b1m_531,5.160,-4.447669,nan
3b1m,3b1m_540,8.480,-8.560884,nan
3b1m,3b1m_547,3.900,-2.811912,nan
3b1m,3b1m_553,8.040,-8.550614,nan
3b1m,3b1m_565,4.440,-5.256683,nan
3b1m,3b1m_573,5.620,-5.830785,nan
3b1m,3b1m_594,7.060,-6.043014,nan
3b1m,3b1m_596,2.530,-2.989662,nan
3b1m,3b1m_607,4.290,-4.395755,nan
3b1m,3b1m_632,8.720,-8.091817,nan
3b1m,3b1m_636,6.830,-8.156546,nan
3b1m,3b1m_640,5.160,-3.896521,nan
3b1m,3b1m_652,7.070,-5.036684,nan
3b1m,3b1m_657,7.090,-5.301023,nan
3b1m,3b1m_66,9.160,-8.528580,nan
3b1m,3b1m_660,5.800,-6.620234,nan
3b1m,3b1m_670,9.390,-8.391881,nan
3b1m,3b1m_673,8.550,-8.215576,nan
3b1m,3b1m_675,2.290,-2.662879,nan
3b1m,3b1m_682,8.350,-6.274771,nan
3b1m,3b1m_695,7.030,-8.393388,nan
3b1m,3b1m_699,9.850,-8.548518,nan
3b1m,3b1m_7,0.550,-1.142879,nan
3b1m,3b1m_723,6.150,-4.585015,nan
3b1m,3b1m_724,4.170,-4.974802,nan
3b1m,3b1m_736,2.450,-1.965209,nan
3b1m,3b1m_743,6.260,-5.389665,nan
3b1m,3b1m_750,7.520,-8.559286,nan
3b1m,3b1m_755,5.370,-6.017647,nan
3b1m,3b1m_761,5.810,-4.351089,nan
3b1m,3b1m_765,3.040,-2.889387,nan
3b1m,3b1m_770,9.390,-8.558846,nan
3b1m,3b1m_774,3.460,-2.483547,nan
3b1m,3b1m_775,3.820,-4.796018,nan
3b1m,3b1m_777,6.750,-2.165616,nan
3b1m,3b1m_778,2.920,-2.487634,nan
3b1m,3b1m_789,8.750,-8.549673,nan
3b1m,3b1m_790,7.750,-6.411494,nan
3b1m,3b1m_795,6.750,-3.091985,nan
3b1m,3b1m_804,0.720,-1.162266,nan
3b1m,3b1m_820,1.980,-1.913377,nan
3b1m,3b1m_830,4.120,-3.694340,nan
3b1m,3b1m_852,3.210,-2.978127,nan
3b1m,3b1m_873,1.640,-1.207519,nan
3b1m,3b1m_90,9.470,-8.544308,nan
3b1m,3b1m_905,0.620,-0.896544,nan
3b1m,3b1m_913,0.850,-1.187271,nan
3b1m,3b1m_931,2.730,-2.968540,nan
3b1m,3b1m_949,1.940,-1.239820,nan
3b1m,3b1m_953,0.700,-0.964339,nan
3b1m,3b1m_963,2.530,-2.895865,nan
3b1m,3b1m_969,2.070,-1.660543,nan
3b1m,3b1m_98,9.570,-8.500214,nan
3b27,3b27_106,0.640,-0.589670,nan
3b27,3b27_110,6.110,-5.467184,nan
3b27,3b27_119,5.950,-5.262326,nan
3b27,3b27_120,4.420,-2.589556,nan
3b27,3b27_123,6.660,-5.593817,nan
3b27,3b27_130,2.970,-1.324939,nan
3b27,3b27_139,0.450,-0.048974,nan
3b27,3b27_147,4.010,-3.458272,nan
3b27,3b27_164,0.960,-0.393613,nan
3b27,3b27_168,2.880,-0.685523,nan
3b27,3b27_178,0.880,-0.481802,nan
3b27,3b27_19,2.290,-0.726932,nan
3b27,3b27_199,3.020,-0.725153,nan
3b27,3b27_264,1.160,-0.438575,nan
3b27,3b27_307,0.240,-0.158098,nan
3b27,3b27_311,3.980,-0.559575,nan
3b27,3b27_337,2.590,-0.124123,nan
3b27,3b27_340,0.900,-0.454640,nan
3b27,3b27_351,1.530,-0.183469,nan
3b27,3b27_366,0.380,-0.073694,nan
3b27,3b27_414,6.020,-4.708156,nan
3b27,3b27_417,5.440,-2.902123,nan
3b27,3b27_419,6.300,-5.108562,nan
3b27,3b27_423,5.920,-5.087477,nan
3b27,3b27_431,1.970,-0.634331,nan
3b27,3b27_433,5.130,-2.577358,nan
3b27,3b27_436,2.710,-0.647732,nan
3b27,3b27_439,4.080,-2.818007,nan
3b27,3b27_450,3.730,-2.147996,nan
3b27,3b27_457,6.390,-4.765670,nan
3b27,3b27_458,1.940,-0.591783,nan
3b27,3b27_469,3.650,-1.417508,nan
3b27,3b27_474,5.800,-3.839562,nan
3b27,3b27_487,6.180,-4.638474,nan
3b27,3b27_488,5.030,-2.706735,nan
3b27,3b27_500,2.300,-1.111633,nan
3b27,3b27_505,1.540,-0.786988,nan
3b27,3b27_515,1.770,-0.639898,nan
3b27,3b27_520,1.700,-1.286740,nan
3b27,3b27_521,0.680,-0.562763,nan
3b27,3b27_532,3.550,-1.331228,nan
3b27,3b27_537,4.460,-1.131831,nan
3b27,3b27_538,0.710,-0.418285,nan
3b27,3b27_540,5.680,-4.366558,nan
3b27,3b27_560,1.700,-1.279686,nan
3b27,3b27_566,3.190,-2.324824,nan
3b27,3b27_577,5.160,-3.161685,nan
3b27,3b27_581,2.820,-1.737083,nan
3b27,3b27_587,6.540,-5.482573,nan
3b27,3b27_588,2.820,-1.849575,nan
3b27,3b27_590,6.060,-4.368460,nan
3b27,3b27_591,3.420,-1.740311,nan
3b27,3b27_601,2.030,-0.978206,nan
3b27,3b27_618,6.150,-5.057464,nan
3b27,3b27_619,3.320,-1.645002,nan
3b27,3b27_630,6.220,-5.291474,nan
3b27,3b27_634,4.490,-1.336753,nan
3b27,3b27_647,4.420,-0.965522,nan
3b27,3b27_651,4.290,-0.650087,nan
3b27,3b27_658,3.630,-0.649014,nan
3b27,3b27_661,4.390,-1.288522,nan
3b27,3b27_665,1.570,-1.472401,nan
3b27,3b27_690,2.590,-1.836822,nan
3b27,3b27_692,7.180,-5.726773,nan
3b27,3b27_697,1.990,-0.613674,nan
3b27,3b27_741,4.240,-2.667140,nan
3b27,3b27_77,4.080,-2.010582,nan
3b27,3b27_775,5.040,-2.202567,nan
3b27,3b27_782,5.290,-3.474067,nan
3b27,3b27_8,3.120,-1.910106,nan
3b27,3b27_83,0.680,-0.158610,nan
3b5r,3b5r_161,1.940,-0.848695,nan
3b5r,3b5r_217,1.230,-0.501085,nan
3b5r,3b5r_219,0.950,-0.570602,nan
3b5r,3b5r_220,0.760,-0.580427,nan
3b5r,3b5r_228,1.280,-0.829786,nan
3b5r,3b5r_260,0.860,-0.799568,nan
3b5r,3b5r_267,1.340,-1.269002,nan
3b5r,3b5r_283,1.010,-0.737122,nan
3b5r,3b5r_317,0.600,-0.331891,nan
3b5r,3b5r_331,0.590,-0.689071,nan
3b5r,3b5r_354,0.530,-0.477361,nan
3b5r,3b5r_363,0.980,-0.611354,nan
3b5r,3b5r_409,1.330,-1.078415,nan
3b5r,3b5r_413,5.440,-2.044300,nan
3b5r,3b5r_428,1.790,-1.616330,nan
3b5r,3b5r_432,1.460,-1.082896,nan
3b5r,3b5r_443,4.990,-1.822426,nan
3b5r,3b5r_465,2.860,-1.804185,nan
3b5r,3b5r_468,5.290,-2.201913,nan
3b5r,3b5r_470,2.390,-1.857768,nan
3b5r,3b5r_472,2.070,-2.256157,nan
3b5r,3b5r_477,2.320,-1.431002,nan
3b5r,3b5r_486,5.360,-2.226993,nan
3b5r,3b5r_527,2.290,-1.289579,nan
3b5r,3b5r_531,5.380,-1.708339,nan
3b5r,3b5r_537,4.740,-5.490031,nan
3b5r,3b5r_55,0.680,-0.503579,nan
3b5r,3b5r_550,5.750,-2.205369,nan
3b5r,3b5r_557,1.730,-1.888482,nan
3b5r,3b5r_568,4.840,-2.693485,nan
3b5r,3b5r_571,4.970,-2.126251,nan
3b5r,3b5r_574,5.320,-2.167523,nan
3b5r,3b5r_575,5.000,-1.741672,nan
3b5r,3b5r_578,3.640,-1.838128,nan
3b5r,3b5r_581,3.070,-2.220819,nan
3b5r,3b5r_592,5.850,-2.759516,nan
3b5r,3b5r_615,2.990,-3.003142,nan
3b5r,3b5r_620,3.550,-2.256650,nan
3b5r,3b5r_625,6.010,-4.099150,nan
3b5r,3b5r_627,2.440,-1.454269,nan
3b5r,3b5r_646,4.260,-2.126920,nan
3b5r,3b5r_648,5.290,-1.360560,nan
3b5r,3b5r_649,4.030,-2.792628,nan
3b5r,3b5r_652,2.400,-1.742456,nan
3b5r,3b5r_656,2.400,-2.285589,nan
3b5r,3b5r_658,3.730,-2.768918,nan
3b5r,3b5r_659,6.180,-2.443724,nan
3b5r,3b5r_666,6.310,-2.712595,nan
3b5r,3b5r_668,5.170,-2.065386,nan
3b5r,3b5r_669,1.870,-1.578458,nan
3b5r,3b5r_678,3.310,-2.020046,nan
3b5r,3b5r_680,6.010,-2.269710,nan
3b5r,3b5r_683,5.050,-4.136901,nan
3b5r,3b5r_697,3.850,-1.815684,nan
3b5r,3b5r_763,2.260,-0.962212,nan
3b5r,3b5r_770,4.130,-3.385620,nan
3b5r,3b5r_772,3.960,-4.802149,nan
3b5r,3b5r_776,3.750,-3.188034,nan
3b5r,3b5r_781,3.210,-3.274224,nan
3b5r,3b5r_789,4.140,-2.613785,nan
3b5r,3b5r_792,4.220,-3.889772,nan
3b5r,3b5r_796,3.690,-3.855568,nan
3b5r,3b5r_911,1.000,-0.653814,nan
3b5r,3b5r_969,0.590,-0.353822,nan
3b65,3b65_109,0.740,-0.785792,nan
3b65,3b65_218,0.770,-0.442937,nan
3b65,3b65_240,0.650,-0.399732,nan
3b65,3b65_248,0.580,-0.415819,nan
3b65,3b65_267,0.700,-0.455667,nan
3b65,3b65_288,0.620,-0.216074,nan
3b65,3b65_367,0.450,-0.259247,nan
3b65,3b65_424,2.540,-1.520676,nan
3b65,3b65_433,3.320,-2.241849,nan
3b65,3b65_458,1.890,-1.665745,nan
3b65,3b65_469,1.760,-1.493471,nan
3b65,3b65_473,1.960,-2.154416,nan
3b65,3b65_486,3.300,-1.661943,nan
3b65,3b65_488,3.290,-2.119605,nan
3b65,3b65_493,2.060,-0.975896,nan
3b65,3b65_496,5.630,-4.187122,nan
3b65,3b65_508,1.820,-1.599478,nan
3b65,3b65_509,3.100,-1.493029,nan
3b65,3b65_516,1.590,-1.705523,nan
3b65,3b65_531,1.670,-0.854959,nan
3b65,3b65_533,3.170,-1.795329,nan
3b65,3b65_536,3.320,-1.348003,nan
3b65,3b65_538,2.390,-2.156064,nan
3b65,3b65_542,3.380,-1.392189,nan
3b65,3b65_559,2.050,-2.214376,nan
3b65,3b65_572,1.410,-1.390169,nan
3b65,3b65_584,1.180,-1.101173,nan
3b65,3b65_590,1.250,-0.841917,nan
3b65,3b65_596,3.120,-1.267720,nan
3b65,3b65_611,3.360,-2.381339,nan
3b65,3b65_625,2.350,-1.741462,nan
3b65,3b65_630,2.830,-1.627869,nan
3b65,3b65_635,2.990,-1.418349,nan
3b65,3b65_639,3.800,-3.056799,nan
3b65,3b65_665,1.940,-1.044437,nan
3b65,3b65_666,2.870,-1.827024,nan
3b65,3b65_668,2.120,-1.320157,nan
3b65,3b65_686,2.070,-1.570759,nan
3b65,3b65_735,0.840,-0.445920,nan
3b65,3b65_77,0.890,-0.199719,nan
3b65,3b65_96,0.330,-0.326947,nan
3b68,3b68_121,0.710,-0.449751,nan
3b68,3b68_126,1.000,-0.631351,nan
3b68,3b68_192,0.820,-0.718228,nan
3b68,3b68_228,1.510,-1.165390,nan
3b68,3b68_269,1.860,-0.720857,nan
3b68,3b68_291,0.900,-0.570563,nan
3b68,3b68_304,0.870,-0.172250,nan
3b68,3b68_405,1.990,-1.992319,nan
3b68,3b68_410,2.220,-2.557954,nan
3b68,3b68_418,4.500,-2.521184,nan
3b68,3b68_423,2.710,-2.109620,nan
3b68,3b68_430,1.970,-1.938616,nan
3b68,3b68_438,3.020,-2.124171,nan
3b68,3b68_439,4.760,-1.851449,nan
3b68,3b68_441,1.870,-1.784206,nan
3b68,3b68_446,2.120,-1.071317,nan
3b68,3b68_459,4.960,-2.007955,nan
3b68,3b68_467,4.940,-2.256147,nan
3b68,3b68_475,4.890,-2.319082,nan
3b68,3b68_484,2.340,-2.458363,nan
3b68,3b68_549,2.270,-2.455599,nan
3b68,3b68_558,5.040,-3.177851,nan
3b68,3b68_564,5.190,-2.776843,nan
3b68,3b68_573,5.390,-2.514284,nan
3b68,3b68_574,4.880,-1.666602,nan
3b68,3b68_580,5.580,-1.986200,nan
3b68,3b68_591,5.160,-2.035610,nan
3b68,3b68_605,4.840,-1.718744,nan
3b68,3b68_626,5.260,-1.872126,nan
3b68,3b68_627,3.440,-2.019449,nan
3b68,3b68_644,3.190,-1.835602,nan
3b68,3b68_665,3.100,-2.186233,nan
3b68,3b68_678,5.120,-1.588047,nan
3b68,3b68_683,4.860,-1.596143,nan
3b68,3b68_685,5.270,-2.109531,nan
3b68,3b68_686,2.210,-1.277124,nan
3b68,3b68_687,2.390,-2.355711,nan
3b68,3b68_696,3.110,-2.519355,nan
3b68,3b68_714,0.990,-0.592117,nan
3b68,3b68_753,0.980,-0.599569,nan
3b68,3b68_756,1.240,-0.920322,nan
3b68,3b68_763,1.220,-0.779940,nan
3b68,3b68_772,4.390,-4.533570,nan
3b68,3b68_774,4.590,-4.892749,nan
3b68,3b68_776,5.950,-6.057478,nan
3b68,3b68_778,3.790,-2.475814,nan
3b68,3b68_779,6.070,-5.965634,nan
3b68,3b68_780,6.160,-6.270946,nan
3b68,3b68_781,5.600,-4.567395,nan
3b68,3b68_782,6.170,-6.135771,nan
3b68,3b68_783,6.070,-6.483875,nan
3b68,3b68_784,2.840,-2.333796,nan
3b68,3b68_865,1.250,-0.671315,nan
3b68,3b68_884,2.090,-1.019525,nan
3b68,3b68_904,0.930,-1.161151,nan
3b68,3b68_922,1.060,-0.648437,nan
3b68,3b68_947,0.490,-0.827660,nan
3b68,3b68_962,1.510,-1.229745,nan
3b68,3b68_965,2.090,-1.249502,nan
3b68,3b68_99,0.850,-0.877611,nan
3bgz,3bgz_115,3.560,-1.387210,nan
3bgz,3bgz_138,3.730,-1.526843,nan
3bgz,3bgz_166,0.450,-0.123841,nan
3bgz,3bgz_289,0.370,-0.357235,nan
3bgz,3bgz_303,0.830,-0.520809,nan
3bgz,3bgz_37,0.560,-0.393838,nan
3bgz,3bgz_401,3.320,-3.128632,nan
3bgz,3bgz_415,1.520,-1.082492,nan
3bgz,3bgz_418,4.300,-3.389940,nan
3bgz,3bgz_422,4.130,-3.829684,nan
3bgz,3bgz_424,3.680,-2.949266,nan
3bgz,3bgz_434,4.060,-1.754738,nan
3bgz,3bgz_437,2.780,-1.592402,nan
3bgz,3bgz_440,2.790,-2.064708,nan
3bgz,3bgz_446,2.540,-0.859614,nan
3bgz,3bgz_451,2.250,-1.222576,nan
3bgz,3bgz_452,3.080,-1.217254,nan
3bgz,3bgz_456,2.330,-1.507364,nan
3bgz,3bgz_464,3.970,-1.645086,nan
3bgz,3bgz_465,1.000,-0.660085,nan
3bgz,3bgz_472,1.940,-0.657228,nan
3bgz,3bgz_479,4.060,-1.826566,nan
3bgz,3bgz_486,2.940,-1.265044,nan
3bgz,3bgz_501,0.920,-0.467039,nan
3bgz,3bgz_505,1.400,-1.163659,nan
3bgz,3bgz_51,0.740,-0.500161,nan
3bgz,3bgz_533,6.010,-5.544993,nan
3bgz,3bgz_536,4.180,-2.326391,nan
3bgz,3bgz_538,6.320,-5.541551,nan
3bgz,3bgz_540,5.080,-3.380969,nan
3bgz,3bgz_549,6.160,-5.994370,nan
3bgz,3bgz_551,3.760,-1.707843,nan
3bgz,3bgz_571,6.450,-5.931173,nan
3bgz,3bgz_578,5.200,-4.606997,nan
3bgz,3bgz_580,2.300,-0.934722,nan
3bgz,3bgz_586,3.410,-2.904643,nan
3bgz,3bgz_590,6.060,-4.946153,nan
3bgz,3bgz_593,4.740,-3.173217,nan
3bgz,3bgz_596,4.130,-3.203479,nan
3bgz,3bgz_600,4.430,-4.341485,nan
3bgz,3bgz_601,1.530,-1.511659,nan
3bgz,3bgz_606,2.160,-1.950885,nan
3bgz,3bgz_611,5.230,-5.737161,nan
3bgz,3bgz_621,1.050,-1.264601,nan
3bgz,3bgz_626,1.860,-1.181190,nan
3bgz,3bgz_628,3.300,-2.693418,nan
3bgz,3bgz_637,1.850,-1.604863,nan
3bgz,3bgz_643,1.850,-0.528879,nan
3bgz,3bgz_653,1.480,-0.859166,nan
3bgz,3bgz_687,2.100,-1.072838,nan
3bgz,3bgz_689,5.920,-5.094503,nan
3bgz,3bgz_694,4.120,-3.294109,nan
3bgz,3bgz_697,2.740,-1.033724,nan
3bgz,3bgz_740,5.360,-2.791990,nan
3bgz,3bgz_766,5.320,-4.635558,nan
3bgz,3bgz_779,5.180,-3.858371,nan
3bgz,3bgz_784,5.650,-3.220979,nan
3bgz,3bgz_791,5.640,-3.693972,nan
3bgz,3bgz_795,4.500,-2.407182,nan
3bgz,3bgz_796,5.390,-3.973436,nan
3bgz,3bgz_81,0.440,-0.134986,nan
3bgz,3bgz_844,0.590,-0.132298,nan
3bgz,3bgz_90,3.190,-0.938123,nan
3bgz,3bgz_97,0.230,-0.085600,nan
3bgz,3bgz_998,1.880,-0.234388,nan
3bv9,3bv9_118,9.100,-8.571918,nan
3bv9,3bv9_119,7.110,-8.564908,nan
3bv9,3bv9_120,1.900,-8.558061,nan
3bv9,3bv9_124,1.880,-8.555514,nan
3bv9,3bv9_13,3.300,-8.558557,nan
3bv9,3bv9_133,6.700,-8.555869,nan
3bv9,3bv9_134,7.480,-8.559406,nan
3bv9,3bv9_137,1.820,-8.557491,nan
3bv9,3bv9_141,9.180,-8.561432,nan
3bv9,3bv9_148,5.520,-8.564576,nan
3bv9,3bv9_15,7.020,-8.556413,nan
3bv9,3bv9_156,8.010,-8.550610,nan
3bv9,3bv9_166,7.590,-8.557430,nan
3bv9,3bv9_167,6.540,-8.563107,nan
3bv9,3bv9_190,8.510,-8.555435,nan
3bv9,3bv9_195,0.700,-8.556282,nan
3bv9,3bv9_204,2.880,-8.554399,nan
3bv9,3bv9_227,9.950,-8.552661,nan
3bv9,3bv9_231,9.720,-8.539454,nan
3bv9,3bv9_233,5.540,-8.569980,nan
3bv9,3bv9_239,8.980,-8.562422,nan
3bv9,3bv9_240,6.140,-8.553579,nan
3bv9,3bv9_244,6.470,-8.556150,nan
3bv9,3bv9_25,7.530,-8.554440,nan
3bv9,3bv9_264,4.990,-8.552786,nan
3bv9,3bv9_271,5.470,-8.556201,nan
3bv9,3bv9_277,8.060,-8.568457,nan
3bv9,3bv9_279,8.310,-8.553434,nan
3bv9,3bv9_298,2.930,-8.554007,nan
3bv9,3bv9_308,1.350,-8.556821,nan
3bv9,3bv9_317,1.490,-8.557674,nan
3bv9,3bv9_324,9.030,-8.563785,nan
3bv9,3bv9_325,0.880,-8.556320,nan
3bv9,3bv9_326,4.360,-8.561233,nan
3bv9,3bv9_332,2.720,-8.554358,nan
3bv9,3bv9_339,1.860,-8.557139,nan
3bv9,3bv9_345,1.520,-8.553323,nan
3bv9,3bv9_35,2.280,-8.553143,nan
3bv9,3bv9_353,1.940,-8.553364,nan
3bv9,3bv9_370,8.160,-8.557229,nan
3bv9,3bv9_384,9.220,-8.561398,nan
3bv9,3bv9_388,0.940,-8.555622,nan
3bv9,3bv9_392,2.070,-8.559291,nan
3bv9,3bv9_393,5.820,-8.556331,nan
3bv9,3bv9_40,1.920,-8.554973,nan
3bv9,3bv9_441,4.620,-8.549174,nan
3bv9,3bv9_444,2.890,-8.558237,nan
3bv9,3bv9_456,9.090,-8.556465,nan
3bv9,3bv9_460,7.040,-8.347196,nan
3bv9,3bv9_50,2.710,-8.554883,nan
3bv9,3bv9_53,9.160,-8.568610,nan
3bv9,3bv9_533,4.160,-8.559796,nan
3bv9,3bv9_550,8.040,-8.554222,nan
3bv9,3bv9_582,9.220,-8.555971,nan
3bv9,3bv9_589,8.050,-8.548411,nan
3bv9,3bv9_597,7.690,-8.551789,nan
3bv9,3bv9_618,8.000,-8.221205,nan
3bv9,3bv9_667,3.870,-8.555228,nan
3bv9,3bv9_684,9.220,-8.553201,nan
3bv9,3bv9_688,7.950,-8.559442,nan
3bv9,3bv9_693,8.420,-8.549863,nan
3bv9,3bv9_71,0.870,-8.555538,nan
3bv9,3bv9_743,4.020,-8.559634,nan
3bv9,3bv9_751,2.790,-8.556025,nan
3bv9,3bv9_752,3.640,-8.556030,nan
3bv9,3bv9_754,5.730,-8.555551,nan
3bv9,3bv9_756,3.910,-8.560966,nan
3bv9,3bv9_757,4.250,-8.553606,nan
3bv9,3bv9_762,2.120,-8.556232,nan
3bv9,3bv9_767,5.610,-8.555798,nan
3bv9,3bv9_770,3.940,-8.551593,nan
3bv9,3bv9_771,4.440,-8.551890,nan
3bv9,3bv9_779,3.600,-8.555216,nan
3bv9,3bv9_780,5.250,-8.551065,nan
3bv9,3bv9_783,4.470,-8.555700,nan
3bv9,3bv9_784,5.500,-8.560688,nan
3bv9,3bv9_787,7.240,-8.560492,nan
3bv9,3bv9_788,6.980,-8.556422,nan
3bv9,3bv9_804,3.830,-8.553308,nan
3bv9,3bv9_812,3.770,-8.555651,nan
3bv9,3bv9_836,6.100,-8.562786,nan
3bv9,3bv9_851,6.370,-8.573739,nan
3bv9,3bv9_865,3.980,-8.555264,nan
3bv9,3bv9_88,8.130,-8.554875,nan
3bv9,3bv9_888,6.330,-8.563083,nan
3bv9,3bv9_92,1.560,-8.555923,nan
3bv9,3bv9_949,6.240,-8.558964,nan
3bv9,3bv9_951,5.680,-8.561690,nan
3bv9,3bv9_954,4.720,-8.554011,nan
3bv9,3bv9_968,4.330,-8.557712,nan
3bv9,3bv9_971,4.000,-8.556976,nan
3bv9,3bv9_976,6.900,-8.556892,nan
3bv9,3bv9_98,2.880,-8.556395,nan
3bv9,3bv9_987,5.520,-8.558345,nan
3cj4,3cj4_115,0.980,-1.013575,nan
3cj4,3cj4_125,0.950,-0.769746,nan
3cj4,3cj4_128,1.060,-0.909324,nan
3cj4,3cj4_137,4.920,-0.940406,nan
3cj4,3cj4_140,1.310,-0.952639,nan
3cj4,3cj4_157,1.180,-2.132914,nan
3cj4,3cj4_164,0.700,-0.743089,nan
3cj4,3cj4_166,0.500,-1.359443,nan
3cj4,3cj4_168,1.280,-0.769541,nan
3cj4,3cj4_179,0.760,-1.102912,nan
3cj4,3cj4_206,6.980,-4.460693,nan
3cj4,3cj4_233,5.370,-5.175956,nan
3cj4,3cj4_235,2.820,-1.249559,nan
3cj4,3cj4_239,0.570,-0.683037,nan
3cj4,3cj4_273,7.440,-5.617625,nan
3cj4,3cj4_294,2.210,-1.186969,nan
3cj4,3cj4_30,1.650,-0.488142,nan
3cj4,3cj4_324,8.210,-7.043504,nan
3cj4,3cj4_331,5.200,-2.090591,nan
3cj4,3cj4_333,6.520,-6.033752,nan
3cj4,3cj4_338,0.640,-0.759841,nan
3cj4,3cj4_367,5.880,-5.454702,nan
3cj4,3cj4_384,0.820,-0.915909,nan
3cj4,3cj4_391,0.860,-0.716909,nan
3cj4,3cj4_40,6.020,-2.122043,nan
3cj4,3cj4_407,7.980,-6.977719,nan
3cj4,3cj4_41,6.220,-4.893153,nan
3cj4,3cj4_42,1.890,-1.270856,nan
3cj4,3cj4_43,2.200,-1.533944,nan
3cj4,3cj4_449,4.930,-4.136132,nan
3cj4,3cj4_50,4.750,-4.779940,nan
3cj4,3cj4_501,2.770,-2.312410,nan
3cj4,3cj4_509,2.980,-2.413076,nan
3cj4,3cj4_528,8.470,-7.523593,nan
3cj4,3cj4_532,7.110,-6.650562,nan
3cj4,3cj4_536,3.870,-3.233411,nan
3cj4,3cj4_542,3.250,-1.812320,nan
3cj4,3cj4_545,7.590,-7.861296,nan
3cj4,3cj4_549,3.210,-0.818445,nan
3cj4,3cj4_55,7.810,-7.035855,nan
3cj4,3cj4_557,7.760,-7.557401,nan
3cj4,3cj4_558,7.020,-6.324754,nan
3cj4,3cj4_560,3.220,-1.941761,nan
3cj4,3cj4_573,5.090,-5.072177,nan
3cj4,3cj4_574,7.000,-5.397999,nan
3cj4,3cj4_576,7.570,-5.668219,nan
3cj4,3cj4_577,7.240,-5.915519,nan
3cj4,3cj4_58,3.210,-2.725317,nan
3cj4,3cj4_582,4.660,-3.263348,nan
3cj4,3cj4_585,2.740,-2.941261,nan
3cj4,3cj4_587,2.190,-1.597218,nan
3cj4,3cj4_588,4.580,-5.394039,nan
3cj4,3cj4_591,2.680,-2.300882,nan
3cj4,3cj4_597,8.700,-8.503907,nan
3cj4,3cj4_600,4.850,-3.288545,nan
3cj4,3cj4_604,6.260,-5.963381,nan
3cj4,3cj4_610,4.240,-4.205226,nan
3cj4,3cj4_614,3.720,-2.797769,nan
3cj4,3cj4_619,3.790,-3.491073,nan
3cj4,3cj4_622,5.010,-1.454639,nan
3cj4,3cj4_634,7.540,-6.331643,nan
3cj4,3cj4_647,4.520,-4.503764,nan
3cj4,3cj4_672,3.120,-1.867138,nan
3cj4,3cj4_676,3.350,-3.020026,nan
3cj4,3cj4_687,3.690,-3.212454,nan
3cj4,3cj4_742,1.500,-1.332346,nan
3cj4,3cj4_746,2.060,-1.630355,nan
3cj4,3cj4_762,5.000,-1.409673,nan
3cj4,3cj4_768,6.030,-2.891660,nan
3cj4,3cj4_775,5.470,-2.108539,nan
3cj4,3cj4_780,5.480,-2.056990,nan
3cj4,3cj4_781,6.240,-2.987045,nan
3cj4,3cj4_782,5.940,-2.871643,nan
3cj4,3cj4_786,2.670,-2.162012,nan
3cj4,3cj4_788,6.150,-2.804214,nan
3cj4,3cj4_8,4.930,-2.207814,nan
3cj4,3cj4_812,1.950,-1.220720,nan
3cj4,3cj4_84,5.130,-2.625260,nan
3cj4,3cj4_866,0.930,-1.125203,nan
3cj4,3cj4_87,6.670,-5.403088,nan
3cj4,3cj4_878,1.920,-1.133056,nan
3cj4,3cj4_88,8.460,-8.324391,nan
3cj4,3cj4_93,5.110,-5.277618,nan
3cj4,3cj4_987,1.490,-0.722443,nan
3coy,3coy_110,6.640,-6.374567,nan
3coy,3coy_120,8.180,-7.644123,nan
3coy,3coy_156,9.130,-6.941810,nan
3coy,3coy_158,4.120,-5.143215,nan
3coy,3coy_16,0.930,-0.446153,nan
3coy,3coy_163,5.910,-5.336687,nan
3coy,3coy_168,7.990,-8.104733,nan
3coy,3coy_185,7.120,-7.303048,nan
3coy,3coy_189,6.160,-6.265587,nan
3coy,3coy_215,3.370,-4.126202,nan
3coy,3coy_224,0.480,-0.387166,nan
3coy,3coy_235,0.730,-0.643083,nan
3coy,3coy_252,0.930,-0.447562,nan
3coy,3coy_254,0.620,-0.444707,nan
3coy,3coy_258,2.900,-1.087339,nan
3coy,3coy_262,2.760,-2.719341,nan
3coy,3coy_276,9.420,-6.553743,nan
3coy,3coy_280,1.350,-0.878986,nan
3coy,3coy_291,2.650,-1.092632,nan
3coy,3coy_293,5.440,-4.385294,nan
3coy,3coy_305,9.990,-7.939702,nan
3coy,3coy_31,0.500,-0.666733,nan
3coy,3coy_339,6.850,-7.633940,nan
3coy,3coy_347,8.000,-6.282626,nan
3coy,3coy_355,3.290,-2.794141,nan
3coy,3coy_359,6.260,-4.790410,nan
3coy,3coy_373,8.580,-6.811773,nan
3coy,3coy_384,0.260,-0.304284,nan
3coy,3coy_395,0.590,-0.316698,nan
3coy,3coy_4,1.500,-0.587938,nan
3coy,3coy_400,8.240,-7.136597,nan
3coy,3coy_416,1.590,-0.965477,nan
3coy,3coy_417,2.740,-0.832107,nan
3coy,3coy_422,4.700,-3.570353,nan
3coy,3coy_425,3.700,-2.301197,nan
3coy,3coy_44,3.370,-1.646387,nan
3coy,3coy_444,3.780,-2.133021,nan
3coy,3coy_455,3.970,-3.006948,nan
3coy,3coy_458,4.150,-2.629977,nan
3coy,3coy_460,1.870,-0.898572,nan
3coy,3coy_463,1.250,-1.045226,nan
3coy,3coy_464,3.490,-1.934023,nan
3coy,3coy_467,7.980,-2.186005,nan
3coy,3coy_468,1.690,-1.048219,nan
3coy,3coy_472,4.080,-3.490120,nan
3coy,3coy_476,7.190,-2.413199,nan
3coy,3coy_485,7.310,-3.155976,nan
3coy,3coy_498,7.600,-1.218853,nan
3coy,3coy_500,2.190,-1.939976,nan
3coy,3coy_510,3.110,-1.668696,nan
3coy,3coy_513,6.430,-6.503296,nan
3coy,3coy_522,1.720,-1.601932,nan
3coy,3coy_525,1.930,-0.979496,nan
3coy,3coy_528,4.670,-5.246739,nan
3coy,3coy_529,4.060,-2.084687,nan
3coy,3coy_541,4.240,-2.158638,nan
3coy,3coy_544,7.750,-4.920267,nan
3coy,3coy_545,2.500,-1.761040,nan
3coy,3coy_546,5.240,-3.148360,nan
3coy,3coy_547,4.820,-3.271525,nan
3coy,3coy_550,8.060,-2.862678,nan
3coy,3coy_553,6.010,-3.108316,nan
3coy,3coy_559,2.960,-1.898801,nan
3coy,3coy_562,3.550,-2.565407,nan
3coy,3coy_563,5.990,-6.374621,nan
3coy,3coy_566,4.030,-3.889312,nan
3coy,3coy_581,2.970,-1.547780,nan
3coy,3coy_582,7.120,-7.705513,nan
3coy,3coy_588,5.450,-4.035717,nan
3coy,3coy_589,5.950,-2.750224,nan
3coy,3coy_591,5.500,-3.845397,nan
3coy,3coy_593,6.930,-3.745522,nan
3coy,3coy_600,5.450,-5.372108,nan
3coy,3coy_610,6.890,-4.294982,nan
3coy,3coy_611,2.530,-1.471563,nan
3coy,3coy_619,8.920,-3.274465,nan
3coy,3coy_620,5.220,-4.139804,nan
3coy,3coy_623,4.110,-4.243236,nan
3coy,3coy_632,7.290,-4.859375,nan
3coy,3coy_634,8.560,-7.373113,nan
3coy,3coy_640,6.550,-6.799896,nan
3coy,3coy_650,8.200,-1.979809,nan
3coy,3coy_66,1.770,-0.534547,nan
3coy,3coy_667,6.460,-5.434979,nan
3coy,3coy_675,3.960,-1.958762,nan
3coy,3coy_684,8.430,-1.977336,nan
3coy,3coy_685,2.190,-1.569367,nan
3coy,3coy_686,8.950,-5.759206,nan
3coy,3coy_693,5.560,-5.969350,nan
3coy,3coy_695,8.030,-7.013151,nan
3coy,3coy_733,0.930,-0.405238,nan
3coy,3coy_794,1.760,-0.674765,nan
3coy,3coy_834,0.900,-0.580488,nan
3coz,3coz_103,7.320,-6.964834,nan
3coz,3coz_108,9.390,-7.394062,nan
3coz,3coz_112,8.270,-7.829950,nan
3coz,3coz_117,6.930,-6.753671,nan
3coz,3coz_128,9.330,-7.500295,nan
3coz,3coz_136,0.780,-0.535663,nan
3coz,3coz_141,6.680,-5.677800,nan
3coz,3coz_167,8.400,-7.070166,nan
3coz,3coz_17,5.140,-5.574800,nan
3coz,3coz_173,9.240,-7.448380,nan
3coz,3coz_176,9.270,-6.969217,nan
3coz,3coz_20,8.240,-6.744936,nan
3coz,3coz_203,1.030,-0.703022,nan
3coz,3coz_206,0.430,-0.144600,nan
3coz,3coz_212,2.170,-0.936653,nan
3coz,3coz_214,1.910,-0.715720,nan
3coz,3coz_220,2.960,-3.257658,nan
3coz,3coz_221,2.870,-1.349924,nan
3coz,3coz_222,0.410,-0.441270,nan
3coz,3coz_238,0.450,-0.207486,nan
3coz,3coz_24,5.420,-6.045422,nan
3coz,3coz_247,0.620,-0.211086,nan
3coz,3coz_251,0.790,-0.557235,nan
3coz,3coz_256,2.680,-2.088869,nan
3coz,3coz_263,0.830,-0.478007,nan
3coz,3coz_282,4.090,-4.601177,nan
3coz,3coz_285,7.850,-6.510434,nan
3coz,3coz_311,6.210,-3.405887,nan
3coz,3coz_327,3.980,-3.157495,nan
3coz,3coz_332,4.070,-1.878156,nan
3coz,3coz_347,6.340,-3.924673,nan
3coz,3coz_35,9.330,-6.409022,nan
3coz,3coz_359,7.680,-7.156367,nan
3coz,3coz_376,9.120,-8.067291,nan
3coz,3coz_388,0.830,-0.458117,nan
3coz,3coz_393,0.590,-0.671203,nan
3coz,3coz_401,3.190,-1.393601,nan
3coz,3coz_405,1.550,-1.120796,nan
3coz,3coz_407,1.380,-1.298640,nan
3coz,3coz_413,9.020,-6.442226,nan
3coz,3coz_420,1.670,-0.900309,nan
3coz,3coz_421,2.860,-1.297200,nan
3coz,3coz_43,9.050,-6.815256,nan
3coz,3coz_436,3.150,-1.671119,nan
3coz,3coz_440,1.420,-1.361841,nan
3coz,3coz_45,5.920,-5.769654,nan
3coz,3coz_459,4.150,-2.219797,nan
3coz,3coz_464,3.080,-1.930363,nan
3coz,3coz_465,5.280,-3.733602,nan
3coz,3coz_468,1.800,-1.312288,nan
3coz,3coz_481,2.990,-1.822613,nan
3coz,3coz_489,3.720,-1.359295,nan
3coz,3coz_493,2.410,-1.904689,nan
3coz,3coz_515,2.950,-1.858028,nan
3coz,3coz_518,2.130,-1.179470,nan
3coz,3coz_523,1.900,-1.049180,nan
3coz,3coz_536,1.710,-0.712273,nan
3coz,3coz_539,7.140,-5.890743,nan
3coz,3coz_540,6.100,-4.859565,nan
3coz,3coz_543,5.440,-4.780037,nan
3coz,3coz_547,7.940,-3.369267,nan
3coz,3coz_548,5.750,-4.569068,nan
3coz,3coz_55,9.610,-7.030144,nan
3coz,3coz_552,6.920,-3.084171,nan
3coz,3coz_557,4.990,-3.464674,nan
3coz,3coz_558,4.580,-3.945154,nan
3coz,3coz_561,4.610,-5.072217,nan
3coz,3coz_565,5.150,-3.572972,nan
3coz,3coz_567,4.610,-2.226884,nan
3coz,3coz_576,4.820,-2.919162,nan
3coz,3coz_577,7.710,-1.946167,nan
3coz,3coz_580,2.770,-2.110892,nan
3coz,3coz_59,6.110,-6.377313,nan
3coz,3coz_593,5.480,-3.681064,nan
3coz,3coz_594,8.100,-1.745935,nan
3coz,3coz_604,7.820,-2.659976,nan
3coz,3coz_605,4.050,-2.981344,nan
3coz,3coz_619,3.890,-3.845493,nan
3coz,3coz_620,3.850,-3.111787,nan
3coz,3coz_626,6.070,-4.804651,nan
3coz,3coz_628,8.720,-5.445171,nan
3coz,3coz_637,6.820,-3.951837,nan
3coz,3coz_642,7.580,-2.363346,nan
3coz,3coz_654,8.550,-7.534438,nan
3coz,3coz_657,8.220,-2.084350,nan
3coz,3coz_665,5.350,-2.846656,nan
3coz,3coz_668,5.560,-4.398365,nan
3coz,3coz_67,6.550,-6.774010,nan
3coz,3coz_673,3.870,-4.580644,nan
3coz,3coz_680,4.290,-3.434294,nan
3coz,3coz_688,7.090,-3.632077,nan
3coz,3coz_691,8.910,-8.220633,nan
3coz,3coz_694,7.060,-3.813748,nan
3coz,3coz_696,8.090,-3.702031,nan
3coz,3coz_7,3.030,-3.192342,nan
3coz,3coz_726,0.660,-0.599230,nan
3coz,3coz_83,3.400,-3.029063,nan
3coz,3coz_87,8.060,-7.262822,nan
3coz,3coz_894,1.810,-1.684523,nan
3d4z,3d4z_12,0.910,-1.123556,nan
3d4z,3d4z_128,0.780,-0.838221,nan
3d4z,3d4z_132,0.340,-0.616568,nan
3d4z,3d4z_233,0.930,-1.714751,nan
3d4z,3d4z_250,0.630,-0.719326,nan
3d4z,3d4z_331,1.060,-1.011477,nan
3d4z,3d4z_340,0.470,-0.830150,nan
3d4z,3d4z_376,0.310,-0.600358,nan
3d4z,3d4z_403,0.920,-1.000662,nan
3d4z,3d4z_410,2.860,-1.469273,nan
3d4z,3d4z_415,2.180,-0.883252,nan
3d4z,3d4z_434,2.020,-1.065199,nan
3d4z,3d4z_435,1.580,-2.500210,nan
3d4z,3d4z_447,2.790,-1.627548,nan
3d4z,3d4z_486,1.670,-2.279120,nan
3d4z,3d4z_528,1.770,-1.796529,nan
3d4z,3d4z_540,5.730,-5.172498,nan
3d4z,3d4z_559,3.500,-3.316535,nan
3d4z,3d4z_563,3.220,-3.317575,nan
3d4z,3d4z_564,6.050,-5.587065,nan
3d4z,3d4z_580,4.390,-3.308679,nan
3d4z,3d4z_593,3.750,-3.393658,nan
3d4z,3d4z_614,4.570,-3.751028,nan
3d4z,3d4z_618,4.340,-4.040365,nan
3d4z,3d4z_621,6.980,-5.486908,nan
3d4z,3d4z_622,5.810,-5.674469,nan
3d4z,3d4z_623,6.160,-5.183409,nan
3d4z,3d4z_624,5.100,-4.533840,nan
3d4z,3d4z_627,5.950,-5.103115,nan
3d4z,3d4z_633,5.240,-4.722776,nan
3d4z,3d4z_638,5.840,-5.313614,nan
3d4z,3d4z_647,6.060,-5.647551,nan
3d4z,3d4z_652,6.360,-6.081043,nan
3d4z,3d4z_654,4.270,-3.044493,nan
3d4z,3d4z_656,5.380,-5.200802,nan
3d4z,3d4z_658,5.100,-4.247081,nan
3d4z,3d4z_659,5.690,-4.333957,nan
3d4z,3d4z_673,6.630,-5.126754,nan
3d4z,3d4z_675,5.670,-5.333788,nan
3d4z,3d4z_682,6.310,-5.090662,nan
3d4z,3d4z_689,4.220,-4.133048,nan
3d4z,3d4z_694,6.590,-5.761351,nan
3d4z,3d4z_703,0.840,-1.036039,nan
3d4z,3d4z_713,2.840,-2.449049,nan
3d4z,3d4z_729,0.950,-1.609351,nan
3d4z,3d4z_741,3.600,-4.427180,nan
3d4z,3d4z_743,3.350,-2.180212,nan
3d4z,3d4z_745,4.610,-5.052505,nan
3d4z,3d4z_746,1.860,-2.320291,nan
3d4z,3d4z_760,3.240,-1.429679,nan
3d4z,3d4z_761,2.460,-1.711112,nan
3d4z,3d4z_768,4.680,-4.367523,nan
3d4z,3d4z_770,4.190,-5.063975,nan
3d4z,3d4z_780,3.240,-2.278191,nan
3d4z,3d4z_784,4.320,-3.763989,nan
3d4z,3d4z_786,2.790,-3.192050,nan
3d4z,3d4z_787,2.350,-2.066393,nan
3d4z,3d4z_788,2.630,-1.200162,nan
3d4z,3d4z_790,4.320,-3.850796,nan
3d4z,3d4z_791,3.700,-4.246212,nan
3d4z,3d4z_794,2.500,-3.127935,nan
3d4z,3d4z_795,1.110,-1.900806,nan
3d4z,3d4z_797,1.990,-1.002851,nan
3d4z,3d4z_804,1.990,-0.948004,nan
3d4z,3d4z_840,1.750,-1.302473,nan
3d4z,3d4z_889,3.390,-3.011902,nan
3d4z,3d4z_932,3.050,-0.810006,nan
3d4z,3d4z_955,1.590,-0.710771,nan
3d6q,3d6q_117,5.980,-1.607623,nan
3d6q,3d6q_123,4.250,-3.065141,nan
3d6q,3d6q_132,4.390,-2.780796,nan
3d6q,3d6q_140,3.860,-2.797133,nan
3d6q,3d6q_163,2.660,-1.543833,nan
3d6q,3d6q_207,3.860,-1.689702,nan
3d6q,3d6q_23,2.260,-0.954910,nan
3d6q,3d6q_248,5.740,-0.618530,nan
3d6q,3d6q_250,7.400,-5.957283,nan
3d6q,3d6q_259,3.850,-3.136573,nan
3d6q,3d6q_276,2.750,-0.324826,nan
3d6q,3d6q_289,2.860,-1.412472,nan
3d6q,3d6q_299,4.860,-2.325288,nan
3d6q,3d6q_312,1.870,-0.930398,nan
3d6q,3d6q_313,2.040,-0.682548,nan
3d6q,3d6q_320,1.980,-1.019156,nan
3d6q,3d6q_321,1.940,-1.087483,nan
3d6q,3d6q_338,3.150,-0.862326,nan
3d6q,3d6q_357,2.360,-1.607624,nan
3d6q,3d6q_367,2.470,-1.352547,nan
3d6q,3d6q_373,3.090,-2.404033,nan
3d6q,3d6q_404,6.160,-1.888372,nan
3d6q,3d6q_420,6.430,-2.837578,nan
3d6q,3d6q_433,7.260,-2.557157,nan
3d6q,3d6q_451,8.050,-6.518456,nan
3d6q,3d6q_454,7.490,-6.014465,nan
3d6q,3d6q_46,1.970,-1.035534,nan
3d6q,3d6q_491,3.960,-2.199746,nan
3d6q,3d6q_498,8.150,-3.907572,nan
3d6q,3d6q_50,2.460,-0.918314,nan
3d6q,3d6q_500,6.690,-3.848934,nan
3d6q,3d6q_528,4.220,-1.021105,nan
3d6q,3d6q_539,3.780,-2.219993,nan
3d6q,3d6q_546,8.220,-2.637367,nan
3d6q,3d6q_551,3.720,-0.726858,nan
3d6q,3d6q_563,6.030,-4.136209,nan
3d6q,3d6q_574,5.090,-3.098120,nan
3d6q,3d6q_581,5.020,-2.192031,nan
3d6q,3d6q_586,8.210,-2.626884,nan
3d6q,3d6q_592,8.080,-5.996294,nan
3d6q,3d6q_610,7.430,-5.572346,nan
3d6q,3d6q_614,7.830,-5.387197,nan
3d6q,3d6q_624,7.060,-3.932375,nan
3d6q,3d6q_654,4.450,-2.503649,nan
3d6q,3d6q_665,7.080,-4.848293,nan
3d6q,3d6q_671,3.250,-1.295494,nan
3d6q,3d6q_674,2.970,-1.435628,nan
3d6q,3d6q_679,4.360,-2.015796,nan
3d6q,3d6q_691,2.880,-2.226355,nan
3d6q,3d6q_698,6.950,-5.503977,nan
3d6q,3d6q_708,6.440,-1.914365,nan
3d6q,3d6q_710,7.160,-5.569218,nan
3d6q,3d6q_718,8.020,-4.799424,nan
3d6q,3d6q_724,5.320,-2.284475,nan
3d6q,3d6q_726,5.550,-5.129784,nan
3d6q,3d6q_729,8.090,-5.561327,nan
3d6q,3d6q_738,4.840,-3.134335,nan
3d6q,3d6q_750,6.060,-2.991002,nan
3d6q,3d6q_753,5.880,-1.372358,nan
3d6q,3d6q_754,5.840,-1.536486,nan
3d6q,3d6q_755,6.270,-4.567728,nan
3d6q,3d6q_756,4.170,-1.228703,nan
3d6q,3d6q_760,8.040,-7.096658,nan
3d6q,3d6q_776,6.410,-4.574925,nan
3d6q,3d6q_782,5.840,-0.967432,nan
3d6q,3d6q_80,7.440,-2.947827,nan
3d6q,3d6q_809,7.190,-5.180177,nan
3d6q,3d6q_810,4.630,-2.413136,nan
3d6q,3d6q_821,8.120,-3.791753,nan
3d6q,3d6q_822,3.310,-1.421909,nan
3d6q,3d6q_837,5.820,-4.412771,nan
3d6q,3d6q_839,6.480,-4.206371,nan
3d6q,3d6q_915,8.050,-6.954617,nan
3d6q,3d6q_953,4.300,-1.945463,nan
3d6q,3d6q_98,1.830,-1.184276,nan
3dd0,3dd0_156,5.990,-1.838261,nan
3dd0,3dd0_158,0.890,-0.889139,nan
3dd0,3dd0_161,0.970,-0.535656,nan
3dd0,3dd0_162,5.920,-1.712073,nan
3dd0,3dd0_168,0.930,-0.505659,nan
3dd0,3dd0_182,5.960,-2.234767,nan
3dd0,3dd0_197,5.810,-0.938151,nan
3dd0,3dd0_234,2.940,-2.107901,nan
3dd0,3dd0_238,0.960,-0.412214,nan
3dd0,3dd0_263,6.030,-1.587888,nan
3dd0,3dd0_273,2.490,-2.112181,nan
3dd0,3dd0_277,0.910,-0.567665,nan
3dd0,3dd0_283,0.990,-0.316393,nan
3dd0,3dd0_298,0.830,-0.320771,nan
3dd0,3dd0_314,5.850,-0.830287,nan
3dd0,3dd0_316,5.910,-2.103271,nan
3dd0,3dd0_360,5.870,-1.313505,nan
3dd0,3dd0_378,5.830,-1.837399,nan
3dd0,3dd0_402,4.180,-3.125140,nan
3dd0,3dd0_403,2.180,-2.034377,nan
3dd0,3dd0_406,6.220,-1.339145,nan
3dd0,3dd0_411,1.670,-0.912563,nan
3dd0,3dd0_42,5.890,-1.851326,nan
3dd0,3dd0_43,1.030,-0.530190,nan
3dd0,3dd0_432,2.850,-2.687416,nan
3dd0,3dd0_441,1.950,-1.346030,nan
3dd0,3dd0_451,2.310,-1.326528,nan
3dd0,3dd0_455,3.120,-2.156509,nan
3dd0,3dd0_47,1.030,-0.709485,nan
3dd0,3dd0_478,4.290,-2.479511,nan
3dd0,3dd0_479,0.920,-1.033808,nan
3dd0,3dd0_482,4.100,-2.203027,nan
3dd0,3dd0_484,3.880,-2.079332,nan
3dd0,3dd0_495,1.630,-1.053198,nan
3dd0,3dd0_50,1.370,-0.404580,nan
3dd0,3dd0_505,0.920,-0.705504,nan
3dd0,3dd0_506,2.000,-1.148722,nan
3dd0,3dd0_508,1.960,-1.384892,nan
3dd0,3dd0_510,1.580,-1.140530,nan
3dd0,3dd0_553,2.820,-2.684699,nan
3dd0,3dd0_567,2.040,-1.706505,nan
3dd0,3dd0_570,1.320,-1.038158,nan
3dd0,3dd0_572,3.280,-2.608711,nan
3dd0,3dd0_582,2.180,-0.582382,nan
3dd0,3dd0_585,3.260,-2.270821,nan
3dd0,3dd0_595,3.060,-2.417119,nan
3dd0,3dd0_61,3.780,-3.312180,nan
3dd0,3dd0_642,4.040,-3.818940,nan
3dd0,3dd0_645,0.760,-0.746610,nan
3dd0,3dd0_657,2.110,-1.974364,nan
3dd0,3dd0_700,3.250,-1.864242,nan
3dd0,3dd0_71,6.180,-3.030984,nan
3dd0,3dd0_725,6.500,-2.655975,nan
3dd0,3dd0_761,6.760,-3.335209,nan
3dd0,3dd0_769,7.250,-4.437319,nan
3dd0,3dd0_772,7.350,-4.567134,nan
3dd0,3dd0_775,4.520,-4.621962,nan
3dd0,3dd0_777,3.580,-3.437987,nan
3dd0,3dd0_787,3.040,-1.973269,nan
3dd0,3dd0_788,2.740,-1.838848,nan
3dd0,3dd0_796,4.380,-4.548300,nan
3dd0,3dd0_821,6.370,-1.904997,nan
3dd0,3dd0_868,6.630,-3.015487,nan
3dd0,3dd0_869,3.400,-3.294993,nan
3dd0,3dd0_886,7.110,-3.722351,nan
3dd0,3dd0_892,7.090,-3.382324,nan
3dd0,3dd0_895,6.530,-2.512702,nan
3dd0,3dd0_897,7.080,-4.241080,nan
3dd0,3dd0_974,6.310,-0.943452,nan
3dd0,3dd0_98,5.990,-1.752426,nan
3dd0,3dd0_996,6.500,-1.512703,nan
3dx1,3dx1_119,0.300,-0.333409,nan
3dx1,3dx1_20,0.160,-0.250831,nan
3dx1,3dx1_25,0.330,-0.343530,nan
3dx1,3dx1_287,0.690,-0.229622,nan
3dx1,3dx1_29,0.500,-0.138812,nan
3dx1,3dx1_304,0.470,-0.378483,nan
3dx1,3dx1_382,0.790,-0.294095,nan
3dx1,3dx1_39,0.170,-0.250831,nan
3dx1,3dx1_440,3.010,-1.736817,nan
3dx1,3dx1_457,2.000,-1.493373,nan
3dx1,3dx1_464,2.700,-2.152694,nan
3dx1,3dx1_477,1.620,-0.961518,nan
3dx1,3dx1_492,3.270,-2.161240,nan
3dx1,3dx1_497,3.400,-3.026228,nan
3dx1,3dx1_531,1.580,-0.933411,nan
3dx1,3dx1_548,5.830,-5.161334,nan
3dx1,3dx1_554,2.800,-2.192786,nan
3dx1,3dx1_557,5.520,-5.505691,nan
3dx1,3dx1_560,3.110,-3.097267,nan
3dx1,3dx1_566,6.080,-4.916232,nan
3dx1,3dx1_568,5.970,-5.931957,nan
3dx1,3dx1_569,3.620,-2.738611,nan
3dx1,3dx1_570,4.840,-4.536162,nan
3dx1,3dx1_574,4.210,-3.752918,nan
3dx1,3dx1_577,5.890,-4.691028,nan
3dx1,3dx1_579,4.920,-4.384447,nan
3dx1,3dx1_585,5.730,-4.947280,nan
3dx1,3dx1_587,3.510,-2.947416,nan
3dx1,3dx1_588,4.570,-4.459814,nan
3dx1,3dx1_591,6.880,-6.355323,nan
3dx1,3dx1_592,4.510,-3.967999,nan
3dx1,3dx1_594,5.530,-5.024847,nan
3dx1,3dx1_595,6.310,-5.360668,nan
3dx1,3dx1_597,7.450,-6.788306,nan
3dx1,3dx1_603,5.910,-5.828002,nan
3dx1,3dx1_611,2.430,-1.089021,nan
3dx1,3dx1_627,5.780,-5.006047,nan
3dx1,3dx1_634,5.810,-5.613451,nan
3dx1,3dx1_645,6.550,-5.871710,nan
3dx1,3dx1_648,6.480,-5.824366,nan
3dx1,3dx1_651,6.220,-5.845250,nan
3dx1,3dx1_654,6.560,-5.918090,nan
3dx1,3dx1_657,4.860,-4.532977,nan
3dx1,3dx1_665,4.290,-3.742831,nan
3dx1,3dx1_673,6.300,-5.892960,nan
3dx1,3dx1_679,4.860,-5.058096,nan
3dx1,3dx1_683,6.130,-5.765947,nan
3dx1,3dx1_687,6.200,-5.612387,nan
3dx1,3dx1_692,7.190,-5.934408,nan
3dx1,3dx1_693,7.020,-6.527667,nan
3dx1,3dx1_695,7.240,-6.528722,nan
3dx1,3dx1_700,4.620,-4.887001,nan
3dx1,3dx1_735,2.000,-0.432804,nan
3dx1,3dx1_750,3.410,-3.303974,nan
3dx1,3dx1_753,2.100,-0.563048,nan
3dx1,3dx1_756,1.980,-1.522998,nan
3dx1,3dx1_763,2.270,-1.218810,nan
3dx1,3dx1_766,2.120,-1.094196,nan
3dx1,3dx1_775,3.140,-2.072214,nan
3dx1,3dx1_776,4.590,-4.074043,nan
3dx1,3dx1_781,3.560,-2.893050,nan
3dx1,3dx1_784,2.320,-1.902267,nan
3dx1,3dx1_785,3.140,-2.308813,nan
3dx1,3dx1_787,5.380,-5.199940,nan
3dx1,3dx1_791,2.300,-0.676353,nan
3dx1,3dx1_802,0.510,-0.240243,nan
3dx1,3dx1_808,1.870,-0.613062,nan
3dx1,3dx1_840,2.890,-1.422805,nan
3dx1,3dx1_851,2.090,-1.203189,nan
3dx1,3dx1_861,1.900,-0.629378,nan
3dx1,3dx1_961,1.460,-0.148502,nan
3dx1,3dx1_983,1.600,-0.438406,nan
3dx1,3dx1_987,1.410,-0.230166,nan
3dx1,3dx1_989,0.740,-0.316891,nan
3dx2,3dx2_14,0.310,-0.369264,nan
3dx2,3dx2_225,0.400,-0.408542,nan
3dx2,3dx2_253,0.460,-0.339184,nan
3dx2,3dx2_293,0.360,-0.267638,nan
3dx2,3dx2_380,0.410,-0.491818,nan
3dx2,3dx2_39,0.510,-0.550280,nan
3dx2,3dx2_402,0.870,-0.211867,nan
3dx2,3dx2_426,2.770,-1.379239,nan
3dx2,3dx2_443,2.390,-1.987908,nan
3dx2,3dx2_472,3.410,-1.243885,nan
3dx2,3dx2_479,1.910,-1.082500,nan
3dx2,3dx2_482,1.950,-1.253397,nan
3dx2,3dx2_503,1.700,-0.584410,nan
3dx2,3dx2_508,2.940,-1.166392,nan
3dx2,3dx2_514,4.110,-2.881718,nan
3dx2,3dx2_534,4.050,-2.340251,nan
3dx2,3dx2_535,1.990,-0.696120,nan
3dx2,3dx2_549,3.070,-1.749419,nan
3dx2,3dx2_555,3.220,-1.719805,nan
3dx2,3dx2_570,7.030,-6.003898,nan
3dx2,3dx2_573,7.000,-6.198030,nan
3dx2,3dx2_576,3.140,-1.938078,nan
3dx2,3dx2_582,2.800,-2.335964,nan
3dx2,3dx2_583,4.310,-2.069084,nan
3dx2,3dx2_589,5.180,-4.041657,nan
3dx2,3dx2_591,7.260,-5.824678,nan
3dx2,3dx2_599,6.910,-6.054795,nan
3dx2,3dx2_602,1.890,-1.071667,nan
3dx2,3dx2_610,4.150,-2.988767,nan
3dx2,3dx2_628,6.200,-6.032390,nan
3dx2,3dx2_631,2.980,-0.820363,nan
3dx2,3dx2_636,1.630,-1.190144,nan
3dx2,3dx2_646,4.040,-2.833468,nan
3dx2,3dx2_649,4.750,-3.652466,nan
3dx2,3dx2_656,4.530,-3.238806,nan
3dx2,3dx2_659,3.040,-1.409580,nan
3dx2,3dx2_661,4.340,-3.719006,nan
3dx2,3dx2_677,6.160,-5.650659,nan
3dx2,3dx2_687,4.390,-3.797781,nan
3dx2,3dx2_691,3.760,-2.723423,nan
3dx2,3dx2_725,2.510,-0.439098,nan
3dx2,3dx2_736,1.240,-0.691524,nan
3dx2,3dx2_741,1.980,-0.670274,nan
3dx2,3dx2_743,2.220,-0.469530,nan
3dx2,3dx2_750,3.920,-2.386273,nan
3dx2,3dx2_754,2.140,-0.832801,nan
3dx2,3dx2_756,1.100,-0.597010,nan
3dx2,3dx2_761,3.220,-0.642189,nan
3dx2,3dx2_770,3.580,-2.351864,nan
3dx2,3dx2_772,4.060,-2.035828,nan
3dx2,3dx2_773,2.050,-0.750473,nan
3dx2,3dx2_774,2.320,-0.552495,nan
3dx2,3dx2_787,3.440,-1.052987,nan
3dx2,3dx2_820,0.370,-0.510675,nan
3dx2,3dx2_836,0.990,-0.443811,nan
3dx2,3dx2_893,1.530,-0.246712,nan
3dx2,3dx2_990,0.580,-0.429437,nan
3dxg,3dxg_1001,1.940,-2.456595,nan
3dxg,3dxg_1002,1.700,-1.150293,nan
3dxg,3dxg_1003,1.880,-1.637374,nan
3dxg,3dxg_1004,1.900,-2.536450,nan
3dxg,3dxg_1005,1.880,-2.811102,nan
3dxg,3dxg_1006,1.780,-1.975276,nan
3dxg,3dxg_1007,1.570,-1.545398,nan
3dxg,3dxg_117,2.660,-2.540984,nan
3dxg,3dxg_128,2.980,-3.337188,nan
3dxg,3dxg_157,2.540,-2.570876,nan
3dxg,3dxg_159,3.200,-3.543606,nan
3dxg,3dxg_196,4.880,-2.394312,nan
3dxg,3dxg_197,7.510,-5.238679,nan
3dxg,3dxg_211,6.100,-3.189604,nan
3dxg,3dxg_212,4.190,-1.537601,nan
3dxg,3dxg_247,8.020,-6.605548,nan
3dxg,3dxg_310,3.880,-2.061055,nan
3dxg,3dxg_314,6.900,-5.197031,nan
3dxg,3dxg_33,5.810,-4.136142,nan
3dxg,3dxg_338,2.750,-2.131088,nan
3dxg,3dxg_358,4.110,-2.080679,nan
3dxg,3dxg_364,7.150,-4.595493,nan
3dxg,3dxg_408,5.660,-3.038261,nan
3dxg,3dxg_434,3.560,-2.491825,nan
3dxg,3dxg_436,2.720,-2.618549,nan
3dxg,3dxg_445,2.450,-2.502090,nan
3dxg,3dxg_449,4.480,-3.497764,nan
3dxg,3dxg_450,3.060,-1.916439,nan
3dxg,3dxg_458,3.950,-2.500138,nan
3dxg,3dxg_461,6.100,-3.646464,nan
3dxg,3dxg_463,2.990,-2.534643,nan
3dxg,3dxg_464,4.510,-1.720504,nan
3dxg,3dxg_465,4.270,-1.728189,nan
3dxg,3dxg_471,3.130,-2.683641,nan
3dxg,3dxg_474,4.460,-2.901634,nan
3dxg,3dxg_480,3.650,-2.803990,nan
3dxg,3dxg_483,5.100,-1.569126,nan
3dxg,3dxg_484,2.480,-2.603320,nan
3dxg,3dxg_485,3.260,-2.936116,nan
3dxg,3dxg_498,2.950,-2.623582,nan
3dxg,3dxg_521,4.710,-2.440463,nan
3dxg,3dxg_522,5.880,-4.321744,nan
3dxg,3dxg_524,3.480,-2.931367,nan
3dxg,3dxg_529,6.590,-3.035274,nan
3dxg,3dxg_551,5.590,-3.915711,nan
3dxg,3dxg_555,7.300,-5.076736,nan
3dxg,3dxg_566,6.210,-4.253532,nan
3dxg,3dxg_572,6.160,-4.564880,nan
3dxg,3dxg_59,4.550,-2.435384,nan
3dxg,3dxg_600,4.740,-4.114439,nan
3dxg,3dxg_609,8.270,-6.120202,nan
3dxg,3dxg_612,7.200,-4.970288,nan
3dxg,3dxg_635,5.610,-3.015733,nan
3dxg,3dxg_652,5.460,-3.112421,nan
3dxg,3dxg_662,7.860,-4.677573,nan
3dxg,3dxg_673,2.700,-2.947847,nan
3dxg,3dxg_689,7.010,-5.762480,nan
3dxg,3dxg_695,5.920,-3.537877,nan
3dxg,3dxg_70,5.080,-2.086457,nan
3dxg,3dxg_721,7.550,-2.805394,nan
3dxg,3dxg_730,6.430,-4.959274,nan
3dxg,3dxg_761,8.910,-7.513975,nan
3dxg,3dxg_765,6.170,-4.515687,nan
3dxg,3dxg_771,5.390,-4.204422,nan
3dxg,3dxg_778,7.770,-4.755132,nan
3dxg,3dxg_80,3.980,-1.653447,nan
3dxg,3dxg_833,6.970,-4.391759,nan
3dxg,3dxg_858,7.220,-5.042588,nan
3dxg,3dxg_924,8.120,-5.449228,nan
3dxg,3dxg_972,7.580,-6.517171,nan
3dxg,3dxg_973,6.450,-4.985937,nan
3e5a,3e5a_102,4.450,-2.147085,nan
3e5a,3e5a_106,4.970,-2.292249,nan
3e5a,3e5a_116,7.370,-3.902727,nan
3e5a,3e5a_129,0.640,-0.363842,nan
3e5a,3e5a_140,5.140,-3.011039,nan
3e5a,3e5a_143,6.880,-4.360387,nan
3e5a,3e5a_156,6.670,-6.387240,nan
3e5a,3e5a_157,8.510,-7.713505,nan
3e5a,3e5a_175,0.950,-0.591973,nan
3e5a,3e5a_209,1.700,-0.402076,nan
3e5a,3e5a_211,2.630,-0.506618,nan
3e5a,3e5a_217,2.260,-0.401894,nan
3e5a,3e5a_226,6.450,-3.236540,nan
3e5a,3e5a_229,5.830,-1.179628,nan
3e5a,3e5a_231,2.030,-0.338244,nan
3e5a,3e5a_247,3.880,-1.512382,nan
3e5a,3e5a_285,1.500,-0.461232,nan
3e5a,3e5a_286,6.430,-0.696633,nan
3e5a,3e5a_297,5.180,-1.475658,nan
3e5a,3e5a_305,1.330,-0.469413,nan
3e5a,3e5a_313,0.830,-0.297909,nan
3e5a,3e5a_315,6.150,-4.080605,nan
3e5a,3e5a_332,8.040,-4.666153,nan
3e5a,3e5a_333,5.660,-1.166937,nan
3e5a,3e5a_345,1.480,-0.208737,nan
3e5a,3e5a_362,0.750,-0.447152,nan
3e5a,3e5a_372,0.760,-0.501888,nan
3e5a,3e5a_398,1.000,-0.179928,nan
3e5a,3e5a_413,6.400,-2.592651,nan
3e5a,3e5a_414,3.880,-2.135044,nan
3e5a,3e5a_420,7.620,-4.321254,nan
3e5a,3e5a_421,3.180,-1.868649,nan
3e5a,3e5a_431,7.270,-2.446739,nan
3e5a,3e5a_434,5.970,-5.383790,nan
3e5a,3e5a_436,4.620,-2.524474,nan
3e5a,3e5a_442,3.190,-2.091638,nan
3e5a,3e5a_456,2.160,-1.049754,nan
3e5a,3e5a_458,4.880,-1.985875,nan
3e5a,3e5a_467,4.480,-2.716864,nan
3e5a,3e5a_468,1.360,-0.672153,nan
3e5a,3e5a_487,5.480,-3.567747,nan
3e5a,3e5a_488,5.620,-1.563347,nan
3e5a,3e5a_49,0.940,-0.271061,nan
3e5a,3e5a_490,4.880,-2.320980,nan
3e5a,3e5a_491,2.090,-1.294510,nan
3e5a,3e5a_535,3.230,-1.115476,nan
3e5a,3e5a_541,2.150,-1.641385,nan
3e5a,3e5a_555,7.620,-6.208386,nan
3e5a,3e5a_566,4.550,-1.679088,nan
3e5a,3e5a_576,4.830,-1.922334,nan
3e5a,3e5a_577,7.500,-4.095173,nan
3e5a,3e5a_578,5.880,-3.057013,nan
3e5a,3e5a_581,4.990,-1.824913,nan
3e5a,3e5a_602,7.660,-1.702324,nan
3e5a,3e5a_606,8.150,-3.774450,nan
3e5a,3e5a_629,3.310,-1.535157,nan
3e5a,3e5a_652,8.010,-7.541475,nan
3e5a,3e5a_659,9.680,-8.583012,nan
3e5a,3e5a_668,8.100,-8.025730,nan
3e5a,3e5a_671,7.180,-6.426141,nan
3e5a,3e5a_676,8.200,-4.597041,nan
3e5a,3e5a_683,2.980,-0.750641,nan
3e5a,3e5a_688,8.210,-7.883659,nan
3e5a,3e5a_69,0.750,-0.505984,nan
3e5a,3e5a_693,7.520,-5.629591,nan
3e5a,3e5a_696,6.790,-5.456855,nan
3e5a,3e5a_698,3.440,-2.233234,nan
3e5a,3e5a_720,1.670,-0.701837,nan
3e5a,3e5a_726,2.170,-0.624607,nan
3e5a,3e5a_744,1.980,-1.439387,nan
3e5a,3e5a_745,0.830,-0.592104,nan
3e5a,3e5a_749,6.180,-1.196577,nan
3e5a,3e5a_759,1.210,-0.559657,nan
3e5a,3e5a_761,4.820,-3.095499,nan
3e5a,3e5a_762,6.120,-3.061949,nan
3e5a,3e5a_765,7.910,-6.446103,nan
3e5a,3e5a_766,5.930,-3.359016,nan
3e5a,3e5a_787,1.860,-0.582662,nan
3e5a,3e5a_799,1.710,-0.914509,nan
3e5a,3e5a_855,0.930,-0.461128,nan
3e5a,3e5a_857,7.020,-6.249248,nan
3e5a,3e5a_86,5.680,-1.529454,nan
3e5a,3e5a_868,8.210,-8.384879,nan
3e5a,3e5a_90,8.090,-6.548742,nan
3e5a,3e5a_902,2.030,-0.612127,nan
3e5a,3e5a_91,6.560,-2.706947,nan
3e5a,3e5a_910,2.200,-0.728711,nan
3e5a,3e5a_94,8.310,-6.046340,nan
3e92,3e92_106,0.320,-0.122003,nan
3e92,3e92_17,0.590,-0.082163,nan
3e92,3e92_19,0.710,-0.485540,nan
3e92,3e92_332,0.350,-0.121904,nan
3e92,3e92_407,0.930,-0.303849,nan
3e92,3e92_418,1.160,-1.175178,nan
3e92,3e92_423,1.600,-1.294970,nan
3e92,3e92_425,1.690,-0.788958,nan
3e92,3e92_434,5.900,-1.502285,nan
3e92,3e92_435,1.490,-0.497328,nan
3e92,3e92_436,0.940,-0.953926,nan
3e92,3e92_438,2.070,-1.138131,nan
3e92,3e92_446,2.250,-1.820592,nan
3e92,3e92_449,6.140,-1.404420,nan
3e92,3e92_450,1.790,-1.189872,nan
3e92,3e92_453,2.360,-1.020879,nan
3e92,3e92_470,6.210,-1.476323,nan
3e92,3e92_471,2.080,-1.703116,nan
3e92,3e92_475,6.460,-1.367754,nan
3e92,3e92_482,0.910,-0.948808,nan
3e92,3e92_490,1.690,-1.274278,nan
3e92,3e92_493,2.100,-1.291910,nan
3e92,3e92_497,1.710,-1.084625,nan
3e92,3e92_498,5.990,-1.354362,nan
3e92,3e92_500,6.180,-1.518659,nan
3e92,3e92_506,8.620,-4.214722,nan
3e92,3e92_513,4.510,-2.176794,nan
3e92,3e92_518,4.830,-2.958578,nan
3e92,3e92_523,7.730,-3.199484,nan
3e92,3e92_525,3.930,-3.272349,nan
3e92,3e92_526,5.920,-4.219378,nan
3e92,3e92_528,1.870,-1.210144,nan
3e92,3e92_534,5.270,-2.826279,nan
3e92,3e92_538,2.330,-1.607137,nan
3e92,3e92_540,5.940,-4.197255,nan
3e92,3e92_541,7.170,-2.291887,nan
3e92,3e92_542,8.860,-4.012356,nan
3e92,3e92_544,9.460,-5.418859,nan
3e92,3e92_545,4.970,-3.385497,nan
3e92,3e92_546,7.910,-3.227867,nan
3e92,3e92_547,1.850,-1.068053,nan
3e92,3e92_551,5.220,-2.713925,nan
3e92,3e92_552,9.530,-6.741282,nan
3e92,3e92_553,4.820,-2.678812,nan
3e92,3e92_554,9.650,-5.727634,nan
3e92,3e92_555,8.390,-3.261852,nan
3e92,3e92_557,9.030,-4.348503,nan
3e92,3e92_560,5.740,-4.149371,nan
3e92,3e92_562,5.050,-3.329012,nan
3e92,3e92_578,7.780,-3.707801,nan
3e92,3e92_579,4.830,-3.796533,nan
3e92,3e92_581,4.560,-4.109909,nan
3e92,3e92_582,8.290,-3.702023,nan
3e92,3e92_588,6.040,-4.376959,nan
3e92,3e92_589,8.340,-3.528320,nan
3e92,3e92_590,8.790,-5.035749,nan
3e92,3e92_593,8.690,-4.590819,nan
3e92,3e92_594,4.570,-4.032524,nan
3e92,3e92_596,3.930,-3.442027,nan
3e92,3e92_597,4.490,-3.930336,nan
3e92,3e92_598,4.180,-3.293160,nan
3e92,3e92_599,10.000,-7.244316,nan
3e92,3e92_623,6.840,-2.096034,nan
3e92,3e92_625,3.560,-2.743442,nan
3e92,3e92_627,7.640,-2.928684,nan
3e92,3e92_64,0.680,-0.075639,nan
3e92,3e92_656,7.310,-4.368419,nan
3e92,3e92_664,2.630,-1.359790,nan
3e92,3e92_669,2.190,-2.006526,nan
3e92,3e92_670,2.040,-1.599176,nan
3e92,3e92_678,5.460,-3.070098,nan
3e92,3e92_679,6.340,-1.637301,nan
3e92,3e92_685,8.870,-5.586194,nan
3e92,3e92_689,8.650,-4.696637,nan
3e92,3e92_692,7.310,-3.216435,nan
3e92,3e92_693,1.850,-1.420988,nan
3e92,3e92_697,2.440,-1.789974,nan
3e92,3e92_698,6.180,-2.125414,nan
3e92,3e92_732,9.680,-6.088481,nan
3e92,3e92_733,7.400,-4.845515,nan
3e92,3e92_735,9.880,-5.560958,nan
3e92,3e92_745,9.460,-5.957510,nan
3e92,3e92_752,9.610,-6.195524,nan
3e92,3e92_758,7.030,-7.087677,nan
3e92,3e92_760,6.510,-2.699732,nan
3e92,3e92_845,9.500,-5.474221,nan
3e92,3e92_846,7.400,-3.103816,nan
3e92,3e92_847,6.700,-3.101856,nan
3e92,3e92_907,0.390,-0.162824,nan
3e92,3e92_940,0.950,-0.200081,nan
3e93,3e93_108,5.910,-1.883053,nan
3e93,3e93_124,1.010,-0.996818,nan
3e93,3e93_128,6.190,-2.299804,nan
3e93,3e93_130,1.420,-0.953166,nan
3e93,3e93_141,0.460,-0.932891,nan
3e93,3e93_155,0.900,-0.982192,nan
3e93,3e93_168,1.470,-0.920254,nan
3e93,3e93_179,0.740,-1.099361,nan
3e93,3e93_240,0.340,-0.972850,nan
3e93,3e93_301,0.320,-0.839238,nan
3e93,3e93_323,3.110,-3.003958,nan
3e93,3e93_352,0.550,-0.986371,nan
3e93,3e93_36,5.850,-1.812235,nan
3e93,3e93_390,2.730,-2.955174,nan
3e93,3e93_401,1.770,-1.773061,nan
3e93,3e93_407,2.280,-2.255902,nan
3e93,3e93_417,1.880,-2.217834,nan
3e93,3e93_419,6.060,-3.138688,nan
3e93,3e93_421,1.830,-1.982581,nan
3e93,3e93_427,2.290,-1.823570,nan
3e93,3e93_433,3.180,-2.706034,nan
3e93,3e93_435,8.370,-3.765200,nan
3e93,3e93_439,6.010,-1.753299,nan
3e93,3e93_440,1.880,-2.354327,nan
3e93,3e93_445,7.150,-4.453301,nan
3e93,3e93_446,2.230,-2.616058,nan
3e93,3e93_453,5.760,-2.395022,nan
3e93,3e93_454,6.640,-3.251596,nan
3e93,3e93_455,4.480,-4.328678,nan
3e93,3e93_459,8.880,-4.978181,nan
3e93,3e93_461,1.470,-1.789981,nan
3e93,3e93_464,2.480,-2.745865,nan
3e93,3e93_466,5.800,-2.386021,nan
3e93,3e93_467,2.200,-2.474862,nan
3e93,3e93_468,2.090,-2.368881,nan
3e93,3e93_476,4.590,-3.968977,nan
3e93,3e93_477,2.730,-2.651125,nan
3e93,3e93_480,6.520,-2.425701,nan
3e93,3e93_484,2.780,-2.541517,nan
3e93,3e93_485,1.780,-2.877806,nan
3e93,3e93_491,3.010,-2.557199,nan
3e93,3e93_494,1.760,-2.141814,nan
3e93,3e93_500,2.140,-2.359974,nan
3e93,3e93_51,0.340,-1.102568,nan
3e93,3e93_511,3.920,-4.550519,nan
3e93,3e93_518,3.610,-3.615699,nan
3e93,3e93_520,4.050,-4.456019,nan
3e93,3e93_522,4.160,-3.651658,nan
3e93,3e93_523,6.110,-2.047323,nan
3e93,3e93_530,5.090,-5.233637,nan
3e93,3e93_536,4.660,-5.125817,nan
3e93,3e93_543,7.590,-5.213642,nan
3e93,3e93_552,3.720,-3.919630,nan
3e93,3e93_555,7.670,-7.095854,nan
3e93,3e93_560,4.160,-4.969319,nan
3e93,3e93_562,4.110,-5.004187,nan
3e93,3e93_565,7.270,-4.378402,nan
3e93,3e93_566,4.280,-4.342440,nan
3e93,3e93_571,9.220,-6.450463,nan
3e93,3e93_573,5.690,-2.721278,nan
3e93,3e93_575,3.050,-3.226386,nan
3e93,3e93_576,8.200,-8.477954,nan
3e93,3e93_579,7.610,-6.301865,nan
3e93,3e93_581,5.910,-3.285841,nan
3e93,3e93_584,4.970,-5.479076,nan
3e93,3e93_589,3.570,-3.362918,nan
3e93,3e93_607,7.980,-4.941339,nan
3e93,3e93_636,7.420,-5.033388,nan
3e93,3e93_643,9.730,-5.645811,nan
3e93,3e93_646,3.410,-2.981998,nan
3e93,3e93_651,7.400,-4.737707,nan
3e93,3e93_654,6.620,-5.539882,nan
3e93,3e93_657,8.330,-5.213096,nan
3e93,3e93_660,5.880,-5.055132,nan
3e93,3e93_661,4.880,-5.738993,nan
3e93,3e93_664,5.940,-1.232663,nan
3e93,3e93_669,8.610,-6.049989,nan
3e93,3e93_673,5.770,-3.324660,nan
3e93,3e93_678,7.160,-5.018590,nan
3e93,3e93_684,8.180,-6.837479,nan
3e93,3e93_696,7.510,-5.441259,nan
3e93,3e93_698,9.970,-5.929691,nan
3e93,3e93_7,0.680,-1.020143,nan
3e93,3e93_81,3.040,-3.364368,nan
3e93,3e93_813,0.500,-0.780807,nan
3e93,3e93_821,9.950,-5.720600,nan
3e93,3e93_822,9.820,-5.240955,nan
3e93,3e93_823,9.970,-5.398426,nan
3e93,3e93_824,6.030,-2.632010,nan
3e93,3e93_833,6.620,-4.196364,nan
3e93,3e93_835,9.650,-5.202490,nan
3e93,3e93_836,6.080,-2.794358,nan
3e93,3e93_837,9.540,-5.029528,nan
3e93,3e93_840,9.630,-4.934937,nan
3e93,3e93_841,9.560,-4.669332,nan
3e93,3e93_901,0.800,-1.061288,nan
3ebp,3ebp_249,0.690,-1.068505,nan
3ebp,3ebp_251,2.880,-1.492753,nan
3ebp,3ebp_261,1.470,-0.869633,nan
3ebp,3ebp_268,1.520,-1.162756,nan
3ebp,3ebp_340,0.920,-1.121041,nan
3ebp,3ebp_347,1.040,-1.283415,nan
3ebp,3ebp_35,5.350,-1.832078,nan
3ebp,3ebp_363,0.960,-0.748329,nan
3ebp,3ebp_396,0.470,-0.208869,nan
3ebp,3ebp_4,3.280,-1.998848,nan
3ebp,3ebp_411,6.020,-3.838788,nan
3ebp,3ebp_425,5.490,-2.887591,nan
3ebp,3ebp_433,2.240,-1.879245,nan
3ebp,3ebp_447,2.980,-2.528509,nan
3ebp,3ebp_464,5.720,-3.616005,nan
3ebp,3ebp_467,1.900,-1.420888,nan
3ebp,3ebp_473,4.970,-1.726835,nan
3ebp,3ebp_476,3.980,-1.401019,nan
3ebp,3ebp_493,3.090,-2.401939,nan
3ebp,3ebp_495,1.730,-1.200527,nan
3ebp,3ebp_496,2.860,-3.120228,nan
3ebp,3ebp_497,5.440,-2.371900,nan
3ebp,3ebp_509,4.050,-0.356150,nan
3ebp,3ebp_524,4.420,-2.256917,nan
3ebp,3ebp_533,2.210,-1.588315,nan
3ebp,3ebp_538,2.090,-1.009082,nan
3ebp,3ebp_539,6.400,-3.375478,nan
3ebp,3ebp_540,6.170,-2.540307,nan
3ebp,3ebp_548,6.360,-4.523107,nan
3ebp,3ebp_550,5.450,-4.067143,nan
3ebp,3ebp_553,5.640,-2.631876,nan
3ebp,3ebp_577,4.680,-2.423203,nan
3ebp,3ebp_584,4.830,-1.897629,nan
3ebp,3ebp_59,2.450,-1.477559,nan
3ebp,3ebp_597,3.810,-1.071653,nan
3ebp,3ebp_607,5.000,-1.073292,nan
3ebp,3ebp_611,6.090,-1.638809,nan
3ebp,3ebp_627,6.500,-2.062614,nan
3ebp,3ebp_632,5.950,-1.885381,nan
3ebp,3ebp_658,2.210,-1.138950,nan
3ebp,3ebp_676,4.160,-1.390326,nan
3ebp,3ebp_686,3.440,-1.516284,nan
3ebp,3ebp_690,3.910,-1.378775,nan
3ebp,3ebp_691,2.910,-1.420172,nan
3ebp,3ebp_696,3.170,-1.106332,nan
3ebp,3ebp_699,3.610,-1.150729,nan
3ebp,3ebp_7,0.760,-0.226940,nan
3ebp,3ebp_713,0.660,-0.975606,nan
3ebp,3ebp_714,0.730,-0.642057,nan
3ebp,3ebp_715,1.390,-0.308761,nan
3ebp,3ebp_720,5.840,-4.429381,nan
3ebp,3ebp_721,0.600,-0.474870,nan
3ebp,3ebp_730,4.840,-1.542677,nan
3ebp,3ebp_732,0.870,-0.336373,nan
3ebp,3ebp_737,3.160,-1.354871,nan
3ebp,3ebp_740,4.490,-3.750081,nan
3ebp,3ebp_741,1.250,-0.736953,nan
3ebp,3ebp_761,3.890,-2.646553,nan
3ebp,3ebp_768,5.750,-1.641294,nan
3ebp,3ebp_771,6.260,-3.918461,nan
3ebp,3ebp_774,7.100,-4.372375,nan
3ebp,3ebp_777,5.710,-3.450765,nan
3ebp,3ebp_779,6.310,-4.702248,nan
3ebp,3ebp_783,6.230,-3.340983,nan
3ebp,3ebp_784,2.310,-1.219282,nan
3ebp,3ebp_790,1.880,-1.166082,nan
3ebp,3ebp_792,6.230,-3.223937,nan
3ebp,3ebp_800,4.260,-2.799650,nan
3ebp,3ebp_844,0.670,-0.739915,nan
3ebp,3ebp_884,1.550,-0.782666,nan
3ebp,3ebp_90,1.890,-0.836921,nan
3ehy,3ehy_106,1.060,-0.466103,nan
3ehy,3ehy_140,0.710,-0.379761,nan
3ehy,3ehy_141,0.990,-1.257499,nan
3ehy,3ehy_183,0.810,-0.581781,nan
3ehy,3ehy_229,2.010,-1.062471,nan
3ehy,3ehy_232,0.820,-0.678548,nan
3ehy,3ehy_309,1.030,-0.339580,nan
3ehy,3ehy_349,0.900,-0.373314,nan
3ehy,3ehy_376,0.970,-0.653722,nan
3ehy,3ehy_395,0.820,-0.241233,nan
3ehy,3ehy_406,6.130,-2.722076,nan
3ehy,3ehy_407,4.200,-1.859689,nan
3ehy,3ehy_433,3.870,-1.490957,nan
3ehy,3ehy_437,6.890,-4.103877,nan
3ehy,3ehy_443,3.980,-1.625039,nan
3ehy,3ehy_447,3.720,-1.805469,nan
3ehy,3ehy_463,7.200,-4.142610,nan
3ehy,3ehy_471,7.310,-4.712173,nan
3ehy,3ehy_476,4.470,-2.556693,nan
3ehy,3ehy_477,5.800,-1.734393,nan
3ehy,3ehy_481,2.050,-0.765066,nan
3ehy,3ehy_482,5.170,-1.698109,nan
3ehy,3ehy_485,4.900,-1.605221,nan
3ehy,3ehy_486,3.200,-1.553570,nan
3ehy,3ehy_492,1.850,-0.914335,nan
3ehy,3ehy_493,2.260,-0.980561,nan
3ehy,3ehy_495,3.510,-1.390192,nan
3ehy,3ehy_496,1.150,-0.337642,nan
3ehy,3ehy_500,3.030,-0.551297,nan
3ehy,3ehy_502,6.850,-6.810483,nan
3ehy,3ehy_509,2.460,-2.013103,nan
3ehy,3ehy_512,5.060,-4.782407,nan
3ehy,3ehy_521,6.160,-5.008729,nan
3ehy,3ehy_535,5.010,-3.023858,nan
3ehy,3ehy_537,6.260,-5.048552,nan
3ehy,3ehy_54,1.240,-0.703753,nan
3ehy,3ehy_543,2.780,-2.025507,nan
3ehy,3ehy_545,4.390,-2.430881,nan
3ehy,3ehy_551,5.900,-3.186173,nan
3ehy,3ehy_564,5.390,-3.128741,nan
3ehy,3ehy_570,6.380,-6.934609,nan
3ehy,3ehy_576,6.110,-4.167367,nan
3ehy,3ehy_592,6.240,-4.266510,nan
3ehy,3ehy_615,3.740,-3.500306,nan
3ehy,3ehy_619,3.990,-3.525681,nan
3ehy,3ehy_622,4.070,-3.825789,nan
3ehy,3ehy_623,4.950,-5.057422,nan
3ehy,3ehy_632,3.000,-2.660735,nan
3ehy,3ehy_637,1.450,-0.929494,nan
3ehy,3ehy_642,4.120,-4.258827,nan
3ehy,3ehy_646,1.740,-1.260048,nan
3ehy,3ehy_667,1.320,-0.983107,nan
3ehy,3ehy_668,4.130,-3.941441,nan
3ehy,3ehy_671,1.980,-1.903473,nan
3ehy,3ehy_674,5.010,-3.563030,nan
3ehy,3ehy_678,4.370,-4.059514,nan
3ehy,3ehy_685,1.050,-0.529691,nan
3ehy,3ehy_693,3.470,-3.093016,nan
3ehy,3ehy_698,5.640,-5.507692,nan
3ehy,3ehy_706,0.660,-0.362675,nan
3ehy,3ehy_719,2.900,-1.096859,nan
3ehy,3ehy_728,7.230,-3.642079,nan
3ehy,3ehy_731,4.890,-4.301841,nan
3ehy,3ehy_735,7.070,-3.666570,nan
3ehy,3ehy_752,5.040,-2.292299,nan
3ehy,3ehy_753,2.440,-0.629373,nan
3ehy,3ehy_758,7.440,-4.403071,nan
3ehy,3ehy_759,6.860,-7.764731,nan
3ehy,3ehy_764,7.180,-3.394171,nan
3ehy,3ehy_768,5.520,-1.669046,nan
3ehy,3ehy_769,7.020,-8.149287,nan
3ehy,3ehy_777,7.280,-8.163811,nan
3ehy,3ehy_779,7.390,-8.145576,nan
3ehy,3ehy_785,6.750,-2.662108,nan
3ehy,3ehy_789,7.080,-4.313520,nan
3ehy,3ehy_793,2.740,-1.849682,nan
3ehy,3ehy_858,0.830,-0.466650,nan
3ehy,3ehy_919,2.170,-2.219358,nan
3ehy,3ehy_977,0.730,-0.313698,nan
3ehy,3ehy_985,3.540,-3.179317,nan
3ejr,3ejr_10,1.250,-1.019768,nan
3ejr,3ejr_16,0.870,-0.918699,nan
3ejr,3ejr_19,1.210,-1.566567,nan
3ejr,3ejr_213,5.330,-2.351915,nan
3ejr,3ejr_217,0.960,-0.814065,nan
3ejr,3ejr_22,0.580,-0.672310,nan
3ejr,3ejr_222,0.910,-1.367406,nan
3ejr,3ejr_233,2.390,-0.899757,nan
3ejr,3ejr_236,1.340,-0.922689,nan
3ejr,3ejr_277,1.130,-1.294189,nan
3ejr,3ejr_327,0.560,-0.920666,nan
3ejr,3ejr_360,0.410,-1.028544,nan
3ejr,3ejr_401,3.570,-1.277572,nan
3ejr,3ejr_417,5.260,-3.218086,nan
3ejr,3ejr_419,4.020,-1.822279,nan
3ejr,3ejr_428,5.830,-2.353342,nan
3ejr,3ejr_443,4.560,-2.756946,nan
3ejr,3ejr_457,6.420,-3.382710,nan
3ejr,3ejr_459,0.890,-1.392733,nan
3ejr,3ejr_469,6.010,-3.592513,nan
3ejr,3ejr_480,5.110,-1.626813,nan
3ejr,3ejr_492,6.360,-4.211601,nan
3ejr,3ejr_495,4.050,-2.788139,nan
3ejr,3ejr_514,4.130,-2.786863,nan
3ejr,3ejr_531,4.390,-2.671313,nan
3ejr,3ejr_536,2.580,-2.027220,nan
3ejr,3ejr_546,3.850,-3.780493,nan
3ejr,3ejr_55,1.300,-1.200071,nan
3ejr,3ejr_553,6.290,-5.427580,nan
3ejr,3ejr_561,1.400,-1.320148,nan
3ejr,3ejr_573,1.950,-1.778643,nan
3ejr,3ejr_577,2.190,-1.913257,nan
3ejr,3ejr_587,6.360,-4.245567,nan
3ejr,3ejr_588,2.460,-1.545612,nan
3ejr,3ejr_591,4.810,-5.208761,nan
3ejr,3ejr_593,3.400,-2.331982,nan
3ejr,3ejr_595,2.810,-2.370669,nan
3ejr,3ejr_598,3.410,-2.281515,nan
3ejr,3ejr_599,4.490,-3.992901,nan
3ejr,3ejr_630,3.330,-3.632551,nan
3ejr,3ejr_633,5.700,-5.635133,nan
3ejr,3ejr_635,6.370,-3.116795,nan
3ejr,3ejr_644,5.350,-5.025342,nan
3ejr,3ejr_655,4.250,-4.623393,nan
3ejr,3ejr_663,6.150,-6.828687,nan
3ejr,3ejr_673,5.800,-4.804772,nan
3ejr,3ejr_676,6.430,-4.762868,nan
3ejr,3ejr_682,5.390,-4.374177,nan
3ejr,3ejr_683,5.890,-3.887482,nan
3ejr,3ejr_686,6.190,-3.667029,nan
3ejr,3ejr_690,6.030,-5.934760,nan
3ejr,3ejr_749,0.810,-0.918104,nan
3ejr,3ejr_758,4.270,-2.418738,nan
3ejr,3ejr_759,0.550,-0.831948,nan
3ejr,3ejr_770,2.640,-1.863250,nan
3ejr,3ejr_773,2.450,-1.112534,nan
3ejr,3ejr_776,3.910,-2.548496,nan
3ejr,3ejr_778,3.010,-0.650284,nan
3ejr,3ejr_779,1.870,-0.658473,nan
3ejr,3ejr_782,3.040,-0.921594,nan
3ejr,3ejr_784,2.910,-2.189088,nan
3ejr,3ejr_785,2.410,-1.194511,nan
3ejr,3ejr_853,3.050,-2.172679,nan
3ejr,3ejr_87,1.260,-1.281051,nan
3ejr,3ejr_877,4.910,-3.189116,nan
3ejr,3ejr_883,5.150,-3.402902,nan
3ejr,3ejr_94,3.330,-0.595902,nan
3ejr,3ejr_941,1.600,-1.412304,nan
3ejr,3ejr_949,2.060,-1.474650,nan
3ejr,3ejr_964,0.650,-1.166169,nan
3f3a,3f3a_203,0.200,-0.531692,nan
3f3a,3f3a_222,0.270,-0.572414,nan
3f3a,3f3a_262,1.630,-1.199854,nan
3f3a,3f3a_278,0.570,-0.413204,nan
3f3a,3f3a_3,0.600,-1.005646,nan
3f3a,3f3a_309,9.330,-8.403520,nan
3f3a,3f3a_31,0.380,-0.623028,nan
3f3a,3f3a_320,9.880,-8.520042,nan
3f3a,3f3a_321,9.540,-8.475957,nan
3f3a,3f3a_322,9.850,-8.555142,nan
3f3a,3f3a_333,9.060,-8.175159,nan
3f3a,3f3a_339,0.530,-1.007841,nan
3f3a,3f3a_354,4.340,-4.169857,nan
3f3a,3f3a_359,4.990,-5.052001,nan
3f3a,3f3a_367,2.200,-2.133665,nan
3f3a,3f3a_410,1.960,-1.784612,nan
3f3a,3f3a_412,5.180,-2.634826,nan
3f3a,3f3a_417,2.000,-1.970759,nan
3f3a,3f3a_432,4.610,-2.287576,nan
3f3a,3f3a_438,4.850,-1.892087,nan
3f3a,3f3a_439,2.330,-1.850699,nan
3f3a,3f3a_443,5.040,-1.554871,nan
3f3a,3f3a_447,4.440,-1.914624,nan
3f3a,3f3a_488,4.960,-3.758901,nan
3f3a,3f3a_495,5.270,-1.613575,nan
3f3a,3f3a_509,1.950,-1.378466,nan
3f3a,3f3a_514,1.940,-0.588827,nan
3f3a,3f3a_525,2.590,-2.403899,nan
3f3a,3f3a_528,4.140,-3.487938,nan
3f3a,3f3a_552,2.200,-2.166643,nan
3f3a,3f3a_553,5.220,-1.044880,nan
3f3a,3f3a_558,4.800,-2.952718,nan
3f3a,3f3a_57,0.370,-0.500692,nan
3f3a,3f3a_570,3.700,-2.398534,nan
3f3a,3f3a_573,1.740,-1.197422,nan
3f3a,3f3a_581,2.600,-2.210380,nan
3f3a,3f3a_584,5.650,-5.283623,nan
3f3a,3f3a_603,3.020,-2.754956,nan
3f3a,3f3a_612,1.970,-1.518087,nan
3f3a,3f3a_621,4.540,-4.802937,nan
3f3a,3f3a_629,5.290,-5.202486,nan
3f3a,3f3a_630,5.110,-1.788753,nan
3f3a,3f3a_640,5.170,-1.741497,nan
3f3a,3f3a_649,1.330,-0.835926,nan
3f3a,3f3a_65,0.320,-0.593701,nan
3f3a,3f3a_652,3.280,-3.357932,nan
3f3a,3f3a_653,5.320,-3.515623,nan
3f3a,3f3a_674,3.070,-2.902042,nan
3f3a,3f3a_676,2.040,-0.425992,nan
3f3a,3f3a_686,4.460,-4.576750,nan
3f3a,3f3a_688,5.690,-4.353357,nan
3f3a,3f3a_694,1.760,-1.106993,nan
3f3a,3f3a_697,2.710,-2.438476,nan
3f3a,3f3a_71,0.870,-0.500632,nan
3f3a,3f3a_734,2.970,-2.808390,nan
3f3a,3f3a_750,3.990,-2.981058,nan
3f3a,3f3a_752,2.670,-1.995326,nan
3f3a,3f3a_767,1.960,-1.769283,nan
3f3a,3f3a_779,3.900,-4.217111,nan
3f3a,3f3a_781,3.310,-3.644139,nan
3f3a,3f3a_790,2.490,-2.146068,nan
3f3a,3f3a_795,3.590,-2.819800,nan
3f3a,3f3a_798,3.060,-2.389988,nan
3f3a,3f3a_873,3.010,-2.591765,nan
3f3a,3f3a_934,0.820,-1.123855,nan
3f3c,3f3c_223,0.690,-0.811429,nan
3f3c,3f3c_256,0.530,-0.607032,nan
3f3c,3f3c_258,0.540,-0.575544,nan
3f3c,3f3c_29,2.590,-1.859518,nan
3f3c,3f3c_326,0.450,-0.408573,nan
3f3c,3f3c_38,1.450,-1.646692,nan
3f3c,3f3c_401,0.770,-0.334830,nan
3f3c,3f3c_407,0.870,-0.553001,nan
3f3c,3f3c_411,4.660,-1.539210,nan
3f3c,3f3c_413,1.810,-0.807534,nan
3f3c,3f3c_419,0.960,-0.678401,nan
3f3c,3f3c_430,5.260,-1.205020,nan
3f3c,3f3c_442,5.300,-0.941493,nan
3f3c,3f3c_453,4.630,-1.182196,nan
3f3c,3f3c_456,4.990,-1.643133,nan
3f3c,3f3c_458,5.340,-1.862988,nan
3f3c,3f3c_459,5.170,-0.878584,nan
3f3c,3f3c_463,4.780,-1.226955,nan
3f3c,3f3c_466,1.550,-0.758954,nan
3f3c,3f3c_469,5.230,-0.950123,nan
3f3c,3f3c_471,4.780,-1.332860,nan
3f3c,3f3c_472,5.330,-1.431703,nan
3f3c,3f3c_474,1.950,-1.639234,nan
3f3c,3f3c_475,4.630,-2.072024,nan
3f3c,3f3c_480,5.280,-1.158180,nan
3f3c,3f3c_485,5.280,-1.172246,nan
3f3c,3f3c_491,4.760,-1.637970,nan
3f3c,3f3c_496,0.980,-0.889297,nan
3f3c,3f3c_499,5.300,-1.058759,nan
3f3c,3f3c_507,1.150,-0.950410,nan
3f3c,3f3c_508,0.970,-0.940446,nan
3f3c,3f3c_510,4.960,-1.416692,nan
3f3c,3f3c_523,0.920,-0.789846,nan
3f3c,3f3c_542,4.620,-1.803792,nan
3f3c,3f3c_544,2.080,-1.812818,nan
3f3c,3f3c_545,2.020,-1.064848,nan
3f3c,3f3c_555,2.240,-1.431048,nan
3f3c,3f3c_572,4.810,-1.032450,nan
3f3c,3f3c_585,1.750,-1.183496,nan
3f3c,3f3c_586,1.810,-0.440819,nan
3f3c,3f3c_587,1.140,-0.969280,nan
3f3c,3f3c_599,1.740,-0.934823,nan
3f3c,3f3c_628,2.570,-2.402852,nan
3f3c,3f3c_635,2.160,-1.444475,nan
3f3c,3f3c_665,3.100,-2.172760,nan
3f3c,3f3c_686,2.830,-2.965615,nan
3f3c,3f3c_696,1.990,-1.394224,nan
3f3c,3f3c_735,2.450,-1.571607,nan
3f3c,3f3c_775,2.600,-1.923228,nan
3f3c,3f3c_779,2.060,-1.810198,nan
3f3c,3f3c_788,3.410,-3.160278,nan
3f3c,3f3c_789,3.440,-3.068237,nan
3f3c,3f3c_790,3.480,-3.184625,nan
3f3c,3f3c_791,3.430,-3.154312,nan
3f3c,3f3c_792,3.370,-3.114276,nan
3f3c,3f3c_799,5.020,-0.718684,nan
3f3d,3f3d_211,0.700,-0.258985,nan
3f3d,3f3d_251,1.320,-0.645815,nan
3f3d,3f3d_255,0.860,-0.338319,nan
3f3d,3f3d_287,1.550,-0.755937,nan
3f3d,3f3d_295,0.720,-0.269737,nan
3f3d,3f3d_319,0.990,-0.202845,nan
3f3d,3f3d_33,0.970,-0.535043,nan
3f3d,3f3d_363,0.400,-0.156873,nan
3f3d,3f3d_377,1.020,-0.290674,nan
3f3d,3f3d_401,3.890,-1.084036,nan
3f3d,3f3d_424,2.640,-0.714969,nan
3f3d,3f3d_433,3.840,-0.534028,nan
3f3d,3f3d_435,4.090,-0.355386,nan
3f3d,3f3d_444,3.320,-1.142304,nan
3f3d,3f3d_450,3.870,-0.697766,nan
3f3d,3f3d_454,2.060,-0.627720,nan
3f3d,3f3d_457,1.260,-0.364300,nan
3f3d,3f3d_464,4.030,-0.812276,nan
3f3d,3f3d_469,4.030,-0.445228,nan
3f3d,3f3d_477,4.080,-0.141010,nan
3f3d,3f3d_482,4.310,-0.973404,nan
3f3d,3f3d_484,4.260,-1.425356,nan
3f3d,3f3d_500,3.770,-0.410558,nan
3f3d,3f3d_516,1.380,-0.886329,nan
3f3d,3f3d_526,0.970,-0.526401,nan
3f3d,3f3d_529,1.410,-0.860424,nan
3f3d,3f3d_554,4.070,-0.573625,nan
3f3d,3f3d_574,2.940,-2.128867,nan
3f3d,3f3d_588,4.100,-0.611074,nan
3f3d,3f3d_591,3.380,-0.774178,nan
3f3d,3f3d_596,1.270,-0.713365,nan
3f3d,3f3d_601,3.130,-1.229101,nan
3f3d,3f3d_614,2.040,-0.931992,nan
3f3d,3f3d_62,0.960,-0.324284,nan
3f3d,3f3d_629,1.470,-0.674913,nan
3f3d,3f3d_634,2.100,-1.312201,nan
3f3d,3f3d_644,1.590,-0.832863,nan
3f3d,3f3d_653,2.970,-1.859657,nan
3f3d,3f3d_663,2.010,-1.076769,nan
3f3d,3f3d_666,2.020,-0.672293,nan
3f3d,3f3d_682,2.020,-0.833618,nan
3f3d,3f3d_692,0.910,-0.705780,nan
3f3d,3f3d_771,4.210,-2.401400,nan
3f3d,3f3d_774,3.910,-1.141122,nan
3f3d,3f3d_775,4.070,-1.121801,nan
3f3d,3f3d_787,1.490,-0.383841,nan
3f3d,3f3d_791,3.390,-1.953732,nan
3f3d,3f3d_797,3.060,-1.897020,nan
3f3d,3f3d_798,2.190,-1.035470,nan
3f3d,3f3d_99,0.880,-0.332981,nan
3f3e,3f3e_107,0.380,-0.434839,nan
3f3e,3f3e_122,0.740,-0.212219,nan
3f3e,3f3e_173,0.660,-0.346688,nan
3f3e,3f3e_174,0.830,-0.342493,nan
3f3e,3f3e_182,0.870,-0.788776,nan
3f3e,3f3e_197,0.220,-0.137835,nan
3f3e,3f3e_418,1.160,-0.582581,nan
3f3e,3f3e_422,1.700,-0.680984,nan
3f3e,3f3e_427,3.870,-1.247088,nan
3f3e,3f3e_429,1.060,-1.118307,nan
3f3e,3f3e_435,4.030,-2.058333,nan
3f3e,3f3e_441,0.930,-0.834953,nan
3f3e,3f3e_444,2.170,-0.513052,nan
3f3e,3f3e_447,4.190,-2.460311,nan
3f3e,3f3e_451,1.150,-0.931186,nan
3f3e,3f3e_457,0.790,-0.223781,nan
3f3e,3f3e_466,1.290,-1.255014,nan
3f3e,3f3e_473,2.000,-1.165860,nan
3f3e,3f3e_478,3.980,-2.829439,nan
3f3e,3f3e_485,2.060,-1.269774,nan
3f3e,3f3e_508,0.980,-0.301248,nan
3f3e,3f3e_511,1.220,-1.601696,nan
3f3e,3f3e_527,2.050,-0.972978,nan
3f3e,3f3e_565,1.760,-1.332976,nan
3f3e,3f3e_569,3.860,-0.865494,nan
3f3e,3f3e_579,3.360,-2.077302,nan
3f3e,3f3e_582,3.700,-0.695387,nan
3f3e,3f3e_586,1.570,-0.539806,nan
3f3e,3f3e_587,3.840,-0.980363,nan
3f3e,3f3e_591,2.520,-1.793269,nan
3f3e,3f3e_594,4.050,-2.213948,nan
3f3e,3f3e_630,3.050,-1.664520,nan
3f3e,3f3e_634,2.930,-1.510226,nan
3f3e,3f3e_635,2.200,-0.694174,nan
3f3e,3f3e_638,2.020,-0.584288,nan
3f3e,3f3e_662,2.230,-1.869122,nan
3f3e,3f3e_688,4.010,-2.528638,nan
3f3e,3f3e_697,2.560,-1.790793,nan
3f3e,3f3e_700,2.000,-1.210633,nan
3f3e,3f3e_760,3.180,-2.428509,nan
3f3e,3f3e_772,2.590,-1.755143,nan
3f3e,3f3e_773,3.810,-1.175645,nan
3f3e,3f3e_780,4.240,-2.967011,nan
3f3e,3f3e_783,3.890,-1.970663,nan
3f3e,3f3e_784,4.260,-2.967011,nan
3f3e,3f3e_844,0.930,-0.295687,nan
3fcq,3fcq_103,1.040,-0.702440,nan
3fcq,3fcq_107,1.830,-0.849752,nan
3fcq,3fcq_109,6.330,-5.975393,nan
3fcq,3fcq_110,0.870,-0.320457,nan
3fcq,3fcq_112,6.560,-7.493974,nan
3fcq,3fcq_117,4.700,-4.640005,nan
3fcq,3fcq_118,6.950,-6.574760,nan
3fcq,3fcq_127,7.670,-7.578727,nan
3fcq,3fcq_128,6.220,-5.926562,nan
3fcq,3fcq_129,5.650,-5.552081,nan
3fcq,3fcq_135,3.090,-0.735513,nan
3fcq,3fcq_136,1.030,-0.323808,nan
3fcq,3fcq_140,5.290,-5.414974,nan
3fcq,3fcq_166,0.750,-0.260986,nan
3fcq,3fcq_169,3.400,-1.023266,nan
3fcq,3fcq_174,6.070,-6.129780,nan
3fcq,3fcq_175,2.120,-1.257277,nan
3fcq,3fcq_177,7.410,-7.382679,nan
3fcq,3fcq_181,8.730,-7.854642,nan
3fcq,3fcq_184,7.330,-7.165339,nan
3fcq,3fcq_198,8.130,-7.465497,nan
3fcq,3fcq_209,0.950,-0.576206,nan
3fcq,3fcq_237,1.340,-0.207056,nan
3fcq,3fcq_314,1.050,-0.730316,nan
3fcq,3fcq_320,0.570,-0.491495,nan
3fcq,3fcq_352,0.570,-0.380735,nan
3fcq,3fcq_353,6.890,-6.836231,nan
3fcq,3fcq_365,0.790,-0.401336,nan
3fcq,3fcq_372,1.320,-0.576146,nan
3fcq,3fcq_418,3.300,-0.774735,nan
3fcq,3fcq_419,3.130,-1.874227,nan
3fcq,3fcq_428,3.010,-0.856419,nan
3fcq,3fcq_442,2.910,-0.953123,nan
3fcq,3fcq_445,1.450,-0.890683,nan
3fcq,3fcq_450,1.480,-1.433072,nan
3fcq,3fcq_461,2.100,-0.689860,nan
3fcq,3fcq_469,2.840,-1.660067,nan
3fcq,3fcq_479,3.160,-2.189463,nan
3fcq,3fcq_488,1.740,-1.522313,nan
3fcq,3fcq_493,3.310,-1.307760,nan
3fcq,3fcq_496,2.940,-1.172281,nan
3fcq,3fcq_506,4.290,-3.757807,nan
3fcq,3fcq_509,5.330,-5.609903,nan
3fcq,3fcq_513,2.240,-1.198716,nan
3fcq,3fcq_515,4.080,-3.955176,nan
3fcq,3fcq_517,4.230,-3.711803,nan
3fcq,3fcq_53,0.640,-0.321385,nan
3fcq,3fcq_537,5.010,-5.460438,nan
3fcq,3fcq_547,5.150,-4.813389,nan
3fcq,3fcq_550,5.180,-4.862075,nan
3fcq,3fcq_562,3.330,-2.525959,nan
3fcq,3fcq_568,5.450,-5.700149,nan
3fcq,3fcq_578,0.670,-0.415364,nan
3fcq,3fcq_588,6.080,-6.153790,nan
3fcq,3fcq_598,4.200,-3.834683,nan
3fcq,3fcq_629,4.100,-3.062937,nan
3fcq,3fcq_638,2.750,-1.503055,nan
3fcq,3fcq_641,4.220,-4.325931,nan
3fcq,3fcq_671,3.630,-2.276660,nan
3fcq,3fcq_672,6.080,-5.540442,nan
3fcq,3fcq_675,1.970,-1.936732,nan
3fcq,3fcq_681,5.140,-4.498173,nan
3fcq,3fcq_683,2.940,-3.176753,nan
3fcq,3fcq_692,6.370,-6.093205,nan
3fcq,3fcq_694,2.650,-1.741148,nan
3fcq,3fcq_700,5.830,-5.678493,nan
3fcq,3fcq_74,0.650,-0.321384,nan
3fcq,3fcq_775,3.410,-2.066268,nan
3fcq,3fcq_778,4.010,-1.240195,nan
3fcq,3fcq_781,4.350,-4.447865,nan
3fcq,3fcq_794,4.150,-2.459889,nan
3fcq,3fcq_84,0.870,-0.406505,nan
3fcq,3fcq_843,6.360,-5.920703,nan
3fcq,3fcq_844,2.930,-1.272496,nan
3fcq,3fcq_887,5.740,-5.174068,nan
3fur,3fur_110,8.700,-5.748604,nan
3fur,3fur_13,9.280,-8.105923,nan
3fur,3fur_131,7.230,-6.434700,nan
3fur,3fur_138,0.910,-0.128247,nan
3fur,3fur_145,6.580,-5.090243,nan
3fur,3fur_146,1.030,-0.275593,nan
3fur,3fur_153,1.000,-0.354210,nan
3fur,3fur_154,1.690,-1.136345,nan
3fur,3fur_160,1.060,-0.163521,nan
3fur,3fur_165,1.700,-0.649632,nan
3fur,3fur_173,5.470,-4.246588,nan
3fur,3fur_181,9.810,-7.476376,nan
3fur,3fur_194,6.490,-4.748743,nan
3fur,3fur_2,8.800,-7.085368,nan
3fur,3fur_203,2.050,-0.917945,nan
3fur,3fur_215,0.570,-0.119725,nan
3fur,3fur_220,1.250,-0.390205,nan
3fur,3fur_233,4.360,-2.888494,nan
3fur,3fur_234,1.110,-0.063334,nan
3fur,3fur_237,2.220,-1.416555,nan
3fur,3fur_243,0.460,-0.107245,nan
3fur,3fur_254,0.930,-0.109175,nan
3fur,3fur_308,9.980,-8.321741,nan
3fur,3fur_317,8.100,-6.139473,nan
3fur,3fur_318,8.070,-7.112056,nan
3fur,3fur_323,0.530,-0.089451,nan
3fur,3fur_328,8.760,-8.198437,nan
3fur,3fur_33,7.890,-6.938873,nan
3fur,3fur_331,1.320,-0.220263,nan
3fur,3fur_342,0.610,-0.057039,nan
3fur,3fur_364,9.160,-7.073963,nan
3fur,3fur_369,9.120,-8.407569,nan
3fur,3fur_374,0.760,-0.449200,nan
3fur,3fur_395,9.140,-7.940986,nan
3fur,3fur_399,9.020,-8.532924,nan
3fur,3fur_406,3.390,-2.869686,nan
3fur,3fur_413,4.890,-1.522165,nan
3fur,3fur_415,4.040,-2.657525,nan
3fur,3fur_417,3.140,-1.143518,nan
3fur,3fur_427,5.690,-2.659086,nan
3fur,3fur_43,9.130,-7.085228,nan
3fur,3fur_433,4.270,-2.228439,nan
3fur,3fur_437,2.580,-1.666404,nan
3fur,3fur_440,1.540,-1.392111,nan
3fur,3fur_442,2.810,-1.548918,nan
3fur,3fur_444,5.300,-2.718720,nan
3fur,3fur_446,3.370,-1.900966,nan
3fur,3fur_449,5.490,-2.325593,nan
3fur,3fur_454,2.660,-2.099706,nan
3fur,3fur_461,4.300,-3.113811,nan
3fur,3fur_469,3.290,-1.889124,nan
3fur,3fur_483,3.150,-1.844864,nan
3fur,3fur_484,4.970,-1.966205,nan
3fur,3fur_494,2.900,-2.243061,nan
3fur,3fur_513,5.370,-1.780615,nan
3fur,3fur_514,1.990,-1.707592,nan
3fur,3fur_532,6.550,-3.516156,nan
3fur,3fur_535,5.590,-4.159659,nan
3fur,3fur_537,2.670,-1.837577,nan
3fur,3fur_538,3.340,-2.217722,nan
3fur,3fur_539,6.880,-6.410944,nan
3fur,3fur_541,6.070,-2.331917,nan
3fur,3fur_554,7.290,-6.189777,nan
3fur,3fur_557,2.120,-1.698767,nan
3fur,3fur_560,4.680,-3.315201,nan
3fur,3fur_561,6.540,-6.514709,nan
3fur,3fur_568,4.560,-3.164809,nan
3fur,3fur_571,3.940,-2.347701,nan
3fur,3fur_588,2.980,-1.953285,nan
3fur,3fur_59,6.360,-3.774687,nan
3fur,3fur_6,1.000,-0.038249,nan
3fur,3fur_60,9.540,-7.897078,nan
3fur,3fur_600,6.790,-6.722764,nan
3fur,3fur_612,7.240,-6.491612,nan
3fur,3fur_623,7.080,-3.979455,nan
3fur,3fur_630,6.350,-6.548629,nan
3fur,3fur_632,4.930,-4.723873,nan
3fur,3fur_657,8.490,-8.522450,nan
3fur,3fur_659,7.660,-6.752172,nan
3fur,3fur_666,8.870,-8.431189,nan
3fur,3fur_672,5.740,-5.446765,nan
3fur,3fur_673,8.370,-7.303248,nan
3fur,3fur_675,3.270,-2.549120,nan
3fur,3fur_681,8.150,-6.290106,nan
3fur,3fur_683,5.150,-2.218683,nan
3fur,3fur_684,6.300,-5.553786,nan
3fur,3fur_692,7.080,-6.535003,nan
3fur,3fur_696,2.940,-2.719156,nan
3fur,3fur_697,7.410,-7.200951,nan
3fur,3fur_7,7.570,-4.231369,nan
3fur,3fur_729,5.060,-3.611565,nan
3fur,3fur_778,3.670,-1.390249,nan
3fur,3fur_783,1.720,-0.976567,nan
3fur,3fur_787,7.190,-6.064071,nan
3fur,3fur_794,4.320,-1.421660,nan
3fur,3fur_796,3.930,-1.229440,nan
3fur,3fur_797,5.560,-5.708381,nan
3fur,3fur_88,8.010,-7.930097,nan
3fur,3fur_94,9.400,-8.260680,nan
3fur,3fur_960,0.930,-0.102907,nan
3fv1,3fv1_115,0.220,-0.388231,nan
3fv1,3fv1_191,0.160,-0.272537,nan
3fv1,3fv1_262,0.400,-0.670996,nan
3fv1,3fv1_333,0.310,-0.532317,nan
3fv1,3fv1_407,1.520,-2.154372,nan
3fv1,3fv1_415,1.450,-2.098785,nan
3fv1,3fv1_435,3.470,-1.984923,nan
3fv1,3fv1_436,1.510,-1.984024,nan
3fv1,3fv1_442,4.130,-2.559764,nan
3fv1,3fv1_451,3.230,-2.519262,nan
3fv1,3fv1_452,1.820,-1.917852,nan
3fv1,3fv1_456,2.100,-2.213659,nan
3fv1,3fv1_461,3.850,-1.790137,nan
3fv1,3fv1_463,3.430,-2.076710,nan
3fv1,3fv1_467,2.370,-2.115136,nan
3fv1,3fv1_470,0.890,-1.191777,nan
3fv1,3fv1_488,4.230,-3.391390,nan
3fv1,3fv1_491,2.030,-1.590559,nan
3fv1,3fv1_492,2.800,-2.464157,nan
3fv1,3fv1_494,3.700,-3.650955,nan
3fv1,3fv1_503,1.000,-1.226895,nan
3fv1,3fv1_530,2.670,-1.763040,nan
3fv1,3fv1_553,2.000,-1.805739,nan
3fv1,3fv1_557,4.030,-2.958578,nan
3fv1,3fv1_572,2.720,-2.137558,nan
3fv1,3fv1_573,2.120,-1.920295,nan
3fv1,3fv1_575,3.770,-2.025494,nan
3fv1,3fv1_598,3.230,-2.737034,nan
3fv1,3fv1_613,2.850,-2.438894,nan
3fv1,3fv1_623,1.870,-2.270079,nan
3fv1,3fv1_628,2.120,-2.153901,nan
3fv1,3fv1_638,1.960,-1.611980,nan
3fv1,3fv1_645,1.410,-1.667602,nan
3fv1,3fv1_652,4.130,-3.264995,nan
3fv1,3fv1_672,3.630,-3.384564,nan
3fv1,3fv1_676,3.640,-3.389659,nan
3fv1,3fv1_677,1.600,-1.919799,nan
3fv1,3fv1_690,1.480,-1.529863,nan
3fv1,3fv1_695,3.300,-2.312937,nan
3fv1,3fv1_700,2.440,-2.469754,nan
3fv1,3fv1_730,0.340,-0.361252,nan
3fv1,3fv1_742,0.530,-0.489132,nan
3fv1,3fv1_832,0.630,-0.385399,nan
3fv1,3fv1_87,0.450,-0.706187,nan
3fv2,3fv2_172,0.120,-0.491797,nan
3fv2,3fv2_177,0.590,-0.398251,nan
3fv2,3fv2_200,0.680,-0.929939,nan
3fv2,3fv2_298,0.330,-0.524685,nan
3fv2,3fv2_302,0.360,-0.561704,nan
3fv2,3fv2_408,0.920,-1.164049,nan
3fv2,3fv2_409,3.650,-1.662452,nan
3fv2,3fv2_412,4.130,-2.014686,nan
3fv2,3fv2_42,0.660,-0.315075,nan
3fv2,3fv2_424,3.950,-1.833755,nan
3fv2,3fv2_429,4.180,-2.564489,nan
3fv2,3fv2_430,3.820,-2.391672,nan
3fv2,3fv2_459,3.810,-1.952897,nan
3fv2,3fv2_466,2.430,-2.702960,nan
3fv2,3fv2_484,2.350,-1.973835,nan
3fv2,3fv2_485,2.500,-2.145684,nan
3fv2,3fv2_488,4.250,-2.689492,nan
3fv2,3fv2_489,4.400,-2.856396,nan
3fv2,3fv2_500,4.040,-2.417414,nan
3fv2,3fv2_503,0.930,-1.051110,nan
3fv2,3fv2_509,0.980,-1.106448,nan
3fv2,3fv2_510,2.750,-2.315362,nan
3fv2,3fv2_514,0.870,-1.450200,nan
3fv2,3fv2_517,1.010,-1.138745,nan
3fv2,3fv2_520,1.950,-2.145245,nan
3fv2,3fv2_547,1.170,-1.559163,nan
3fv2,3fv2_548,2.160,-2.220463,nan
3fv2,3fv2_556,2.660,-2.421921,nan
3fv2,3fv2_559,2.170,-2.131071,nan
3fv2,3fv2_563,1.780,-1.974455,nan
3fv2,3fv2_566,1.840,-1.771691,nan
3fv2,3fv2_576,4.040,-1.752401,nan
3fv2,3fv2_582,1.570,-1.738515,nan
3fv2,3fv2_588,4.310,-3.102066,nan
3fv2,3fv2_590,3.050,-3.401195,nan
3fv2,3fv2_592,2.380,-2.238379,nan
3fv2,3fv2_613,1.300,-1.638222,nan
3fv2,3fv2_623,3.140,-2.993328,nan
3fv2,3fv2_626,1.490,-1.738763,nan
3fv2,3fv2_642,4.030,-2.887434,nan
3fv2,3fv2_652,1.540,-0.986905,nan
3fv2,3fv2_657,3.480,-2.317194,nan
3fv2,3fv2_658,4.200,-2.185997,nan
3fv2,3fv2_675,3.190,-3.126449,nan
3fv2,3fv2_676,4.140,-1.876538,nan
3fv2,3fv2_681,2.040,-1.948270,nan
3fv2,3fv2_684,3.800,-2.936126,nan
3fv2,3fv2_688,3.370,-2.306115,nan
3fv2,3fv2_699,2.140,-1.653409,nan
3fv2,3fv2_832,1.370,-1.697369,nan
3g0w,3g0w_185,0.540,-0.917381,nan
3g0w,3g0w_195,0.590,-0.722288,nan
3g0w,3g0w_196,0.330,-0.632791,nan
3g0w,3g0w_241,0.260,-0.754261,nan
3g0w,3g0w_27,0.450,-0.821060,nan
3g0w,3g0w_281,0.210,-0.913720,nan
3g0w,3g0w_401,0.940,-0.948976,nan
3g0w,3g0w_409,0.820,-0.945936,nan
3g0w,3g0w_410,1.820,-1.628140,nan
3g0w,3g0w_413,0.930,-1.034915,nan
3g0w,3g0w_417,6.410,-2.600570,nan
3g0w,3g0w_441,1.690,-1.561267,nan
3g0w,3g0w_458,6.720,-1.602734,nan
3g0w,3g0w_475,2.440,-1.638759,nan
3g0w,3g0w_488,2.120,-2.159468,nan
3g0w,3g0w_493,2.390,-1.973055,nan
3g0w,3g0w_494,2.690,-2.384734,nan
3g0w,3g0w_499,2.290,-1.970040,nan
3g0w,3g0w_516,3.070,-1.900470,nan
3g0w,3g0w_523,6.130,-2.456050,nan
3g0w,3g0w_545,3.360,-1.640491,nan
3g0w,3g0w_552,1.130,-1.187749,nan
3g0w,3g0w_562,1.070,-1.049980,nan
3g0w,3g0w_573,1.090,-1.849088,nan
3g0w,3g0w_574,2.790,-1.723607,nan
3g0w,3g0w_609,1.740,-1.631375,nan
3g0w,3g0w_613,2.360,-1.988534,nan
3g0w,3g0w_639,6.570,-2.063456,nan
3g0w,3g0w_658,1.210,-1.679438,nan
3g0w,3g0w_690,1.960,-0.954764,nan
3g0w,3g0w_696,2.010,-1.845900,nan
3g0w,3g0w_697,3.030,-2.561217,nan
3g0w,3g0w_703,6.600,-1.385901,nan
3g0w,3g0w_753,7.060,-1.825475,nan
3g0w,3g0w_754,4.390,-3.301764,nan
3g0w,3g0w_755,3.410,-2.116663,nan
3g0w,3g0w_756,6.090,-5.294153,nan
3g0w,3g0w_757,3.280,-2.413381,nan
3g0w,3g0w_758,4.550,-4.328077,nan
3g0w,3g0w_759,4.500,-4.183298,nan
3g0w,3g0w_761,3.780,-3.576297,nan
3g0w,3g0w_764,4.520,-4.540797,nan
3g0w,3g0w_765,4.660,-4.827572,nan
3g0w,3g0w_766,4.080,-3.062831,nan
3g0w,3g0w_767,4.100,-3.062831,nan
3g0w,3g0w_768,4.100,-3.113966,nan
3g0w,3g0w_769,5.500,-4.720821,nan
3g0w,3g0w_771,5.920,-4.910367,nan
3g0w,3g0w_772,4.150,-3.533842,nan
3g0w,3g0w_773,3.620,-2.258728,nan
3g0w,3g0w_774,6.980,-2.139357,nan
3g0w,3g0w_775,5.190,-5.215603,nan
3g0w,3g0w_778,8.140,-8.105283,nan
3g0w,3g0w_779,4.350,-3.706883,nan
3g0w,3g0w_780,3.710,-3.614651,nan
3g0w,3g0w_782,3.720,-2.807412,nan
3g0w,3g0w_783,3.830,-3.632464,nan
3g0w,3g0w_786,7.440,-3.352525,nan
3g0w,3g0w_787,6.590,-3.824164,nan
3g0w,3g0w_788,5.350,-5.168419,nan
3g0w,3g0w_789,6.480,-4.393845,nan
3g0w,3g0w_790,6.340,-4.162962,nan
3g0w,3g0w_791,0.430,-0.854604,nan
3g0w,3g0w_800,2.310,-0.548037,nan
3g0w,3g0w_832,2.100,-0.937978,nan
3g0w,3g0w_874,1.830,-0.943959,nan
3g0w,3g0w_889,1.650,-1.016718,nan
3g2n,3g2n_117,0.780,-0.105972,nan
3g2n,3g2n_197,0.650,-0.466287,nan
3g2n,3g2n_244,3.210,-1.483730,nan
3g2n,3g2n_35,0.790,-0.183970,nan
3g2n,3g2n_355,0.900,-0.141433,nan
3g2n,3g2n_40,2.010,-1.009559,nan
3g2n,3g2n_401,1.960,-0.921428,nan
3g2n,3g2n_405,1.260,-0.415886,nan
3g2n,3g2n_423,0.680,-0.471093,nan
3g2n,3g2n_427,1.930,-1.445995,nan
3g2n,3g2n_442,6.800,-1.535394,nan
3g2n,3g2n_450,6.600,-1.664567,nan
3g2n,3g2n_455,6.670,-1.106210,nan
3g2n,3g2n_461,6.630,-0.405268,nan
3g2n,3g2n_462,6.550,-1.673002,nan
3g2n,3g2n_475,2.210,-1.084209,nan
3g2n,3g2n_479,6.690,-2.219578,nan
3g2n,3g2n_481,2.340,-1.153092,nan
3g2n,3g2n_489,6.690,-1.594234,nan
3g2n,3g2n_49,0.480,-0.199098,nan
3g2n,3g2n_491,1.600,-0.701028,nan
3g2n,3g2n_495,2.070,-1.335296,nan
3g2n,3g2n_499,6.620,-0.629028,nan
3g2n,3g2n_506,1.930,-1.975074,nan
3g2n,3g2n_515,2.750,-0.756478,nan
3g2n,3g2n_524,3.600,-2.046353,nan
3g2n,3g2n_546,2.930,-2.194589,nan
3g2n,3g2n_547,3.100,-1.433759,nan
3g2n,3g2n_55,0.780,-0.098299,nan
3g2n,3g2n_556,1.970,-0.718800,nan
3g2n,3g2n_563,3.040,-1.653714,nan
3g2n,3g2n_574,2.320,-0.649915,nan
3g2n,3g2n_576,3.090,-2.847282,nan
3g2n,3g2n_582,4.340,-3.188485,nan
3g2n,3g2n_588,3.020,-3.038683,nan
3g2n,3g2n_599,7.110,-3.315011,nan
3g2n,3g2n_630,4.350,-3.650954,nan
3g2n,3g2n_640,3.950,-3.322294,nan
3g2n,3g2n_642,9.150,-7.305764,nan
3g2n,3g2n_645,7.120,-3.192398,nan
3g2n,3g2n_647,4.170,-2.965292,nan
3g2n,3g2n_656,2.410,-1.004859,nan
3g2n,3g2n_658,3.050,-2.875782,nan
3g2n,3g2n_666,6.540,-3.846415,nan
3g2n,3g2n_674,4.750,-3.477705,nan
3g2n,3g2n_675,8.160,-5.700278,nan
3g2n,3g2n_676,7.380,-3.573862,nan
3g2n,3g2n_677,2.850,-2.046248,nan
3g2n,3g2n_678,1.800,-1.017250,nan
3g2n,3g2n_681,3.680,-2.121938,nan
3g2n,3g2n_682,3.230,-2.837739,nan
3g2n,3g2n_695,6.730,-6.236473,nan
3g2n,3g2n_77,1.880,-0.581997,nan
3g2n,3g2n_772,7.300,-5.838784,nan
3g2n,3g2n_773,7.280,-5.672064,nan
3g2n,3g2n_774,7.270,-5.672064,nan
3g2n,3g2n_775,7.280,-5.395126,nan
3g2n,3g2n_81,1.750,-0.997741,nan
3g2n,3g2n_870,1.760,-0.800842,nan
3g2n,3g2n_922,0.960,-0.220144,nan
3g2n,3g2n_93,2.300,-0.781365,nan
3g2n,3g2n_967,0.520,-0.217897,nan
3g2n,3g2n_97,0.380,-0.312239,nan
3g2z,3g2z_1001,1.710,-0.345006,nan
3g2z,3g2z_1002,1.880,-0.522929,nan
3g2z,3g2z_1003,1.700,-0.332825,nan
3g2z,3g2z_1004,1.180,-0.412084,nan
3g2z,3g2z_1005,1.010,-0.505003,nan
3g2z,3g2z_1006,1.550,-0.406520,nan
3g2z,3g2z_1007,1.650,-0.312105,nan
3g2z,3g2z_1008,1.260,-0.564332,nan
3g2z,3g2z_1009,1.960,-0.337312,nan
3g2z,3g2z_1010,1.980,-0.253182,nan
3g2z,3g2z_1011,0.970,-0.735194,nan
3g2z,3g2z_1012,0.930,-0.666817,nan
3g2z,3g2z_132,2.470,-0.490358,nan
3g2z,3g2z_152,3.670,-2.128997,nan
3g2z,3g2z_166,2.930,-0.466499,nan
3g2z,3g2z_189,5.160,-3.423707,nan
3g2z,3g2z_194,4.010,-3.153130,nan
3g2z,3g2z_332,5.730,-3.725437,nan
3g2z,3g2z_42,5.010,-3.907272,nan
3g2z,3g2z_443,3.780,-0.886812,nan
3g2z,3g2z_490,4.490,-0.624576,nan
3g2z,3g2z_506,3.870,-1.771253,nan
3g2z,3g2z_517,4.100,-3.782277,nan
3g2z,3g2z_525,2.990,-0.652791,nan
3g2z,3g2z_526,3.820,-3.710714,nan
3g2z,3g2z_528,4.220,-1.429443,nan
3g2z,3g2z_534,4.530,-3.802444,nan
3g2z,3g2z_535,4.280,-1.128286,nan
3g2z,3g2z_559,2.610,-2.444765,nan
3g2z,3g2z_568,3.790,-2.460887,nan
3g2z,3g2z_569,3.920,-0.717985,nan
3g2z,3g2z_578,3.920,-3.861250,nan
3g2z,3g2z_587,2.660,-2.567829,nan
3g2z,3g2z_588,4.950,-1.818432,nan
3g2z,3g2z_603,2.780,-0.293565,nan
3g2z,3g2z_610,5.270,-0.919595,nan
3g2z,3g2z_616,5.200,-3.732314,nan
3g2z,3g2z_626,4.310,-1.397079,nan
3g2z,3g2z_631,3.160,-1.325408,nan
3g2z,3g2z_632,3.920,-1.623047,nan
3g2z,3g2z_656,4.350,-1.153438,nan
3g2z,3g2z_663,2.450,-2.328262,nan
3g2z,3g2z_668,3.370,-3.377648,nan
3g2z,3g2z_683,4.110,-1.921150,nan
3g2z,3g2z_687,2.660,-0.825642,nan
3g2z,3g2z_706,5.450,-3.276962,nan
3g2z,3g2z_745,7.150,-6.132842,nan
3g2z,3g2z_748,5.820,-4.960611,nan
3g2z,3g2z_755,5.180,-5.360400,nan
3g2z,3g2z_763,2.650,-2.439036,nan
3g2z,3g2z_776,5.760,-3.863218,nan
3g2z,3g2z_779,5.620,-4.108578,nan
3g2z,3g2z_790,2.450,-2.867423,nan
3g2z,3g2z_792,6.010,-4.581994,nan
3g2z,3g2z_818,6.610,-6.208417,nan
3g2z,3g2z_909,6.770,-7.554283,nan
3g2z,3g2z_915,7.030,-7.336720,nan
3g2z,3g2z_933,6.620,-6.142947,nan
3g2z,3g2z_940,7.810,-7.342838,nan
3g2z,3g2z_975,6.930,-6.124039,nan
3g31,3g31_107,1.430,-1.355765,nan
3g31,3g31_109,0.920,-1.990825,nan
3g31,3g31_136,2.890,-1.306460,nan
3g31,3g31_210,3.400,-0.745936,nan
3g31,3g31_218,4.070,-0.949471,nan
3g31,3g31_246,3.600,-1.334370,nan
3g31,3g31_288,4.120,-1.556321,nan
3g31,3g31_339,2.480,-0.725244,nan
3g31,3g31_36,1.780,-1.332547,nan
3g31,3g31_362,0.980,-1.345123,nan
3g31,3g31_392,1.840,-0.679900,nan
3g31,3g31_402,2.260,-1.610484,nan
3g31,3g31_405,2.070,-1.941752,nan
3g31,3g31_413,6.180,-2.652905,nan
3g31,3g31_416,6.050,-3.751889,nan
3g31,3g31_437,6.380,-3.754479,nan
3g31,3g31_442,3.060,-3.500343,nan
3g31,3g31_447,3.190,-2.448370,nan
3g31,3g31_448,2.210,-1.717798,nan
3g31,3g31_457,5.850,-3.121549,nan
3g31,3g31_461,6.910,-3.863010,nan
3g31,3g31_469,6.380,-3.622571,nan
3g31,3g31_472,4.650,-1.384371,nan
3g31,3g31_473,7.020,-3.508763,nan
3g31,3g31_474,4.490,-2.333804,nan
3g31,3g31_475,5.690,-2.602398,nan
3g31,3g31_478,5.570,-2.360774,nan
3g31,3g31_488,5.460,-2.059150,nan
3g31,3g31_496,4.560,-2.556744,nan
3g31,3g31_498,5.810,-3.976042,nan
3g31,3g31_499,2.330,-2.723945,nan
3g31,3g31_512,1.700,-2.571130,nan
3g31,3g31_526,6.330,-7.062634,nan
3g31,3g31_531,1.870,-2.419321,nan
3g31,3g31_532,8.020,-5.974388,nan
3g31,3g31_534,1.910,-2.391863,nan
3g31,3g31_535,4.110,-5.296648,nan
3g31,3g31_537,4.700,-3.467768,nan
3g31,3g31_556,1.940,-2.049751,nan
3g31,3g31_571,6.420,-7.449219,nan
3g31,3g31_580,6.410,-6.483097,nan
3g31,3g31_581,3.920,-1.191090,nan
3g31,3g31_582,3.750,-2.539397,nan
3g31,3g31_584,6.380,-7.003342,nan
3g31,3g31_585,8.040,-7.541294,nan
3g31,3g31_588,8.500,-5.469943,nan
3g31,3g31_596,1.960,-2.138859,nan
3g31,3g31_644,4.890,-6.008838,nan
3g31,3g31_648,2.920,-2.449225,nan
3g31,3g31_652,5.760,-6.424427,nan
3g31,3g31_653,3.870,-2.431903,nan
3g31,3g31_659,5.390,-1.541288,nan
3g31,3g31_663,5.210,-6.227845,nan
3g31,3g31_670,3.460,-4.069622,nan
3g31,3g31_673,3.000,-3.231894,nan
3g31,3g31_687,7.520,-8.375978,nan
3g31,3g31_692,2.810,-3.568795,nan
3g31,3g31_693,3.570,-1.966976,nan
3g31,3g31_697,4.830,-1.919698,nan
3g31,3g31_699,5.870,-6.840120,nan
3g31,3g31_700,6.950,-7.180906,nan
3g31,3g31_740,3.340,-1.434496,nan
3g31,3g31_781,2.030,-1.416936,nan
3g31,3g31_785,5.330,-6.408241,nan
3g31,3g31_786,2.000,-1.585592,nan
3g31,3g31_791,1.400,-1.059230,nan
3g31,3g31_802,4.610,-1.616498,nan
3gbb,3gbb_213,0.410,-0.399299,nan
3gbb,3gbb_278,0.550,-0.394111,nan
3gbb,3gbb_304,0.700,-0.274974,nan
3gbb,3gbb_317,0.430,-0.294736,nan
3gbb,3gbb_405,0.780,-1.058771,nan
3gbb,3gbb_407,0.840,-0.281255,nan
3gbb,3gbb_418,3.970,-1.196527,nan
3gbb,3gbb_421,4.130,-1.641015,nan
3gbb,3gbb_427,0.860,-0.604860,nan
3gbb,3gbb_445,1.170,-0.990054,nan
3gbb,3gbb_449,0.990,-1.130682,nan
3gbb,3gbb_458,2.120,-1.611617,nan
3gbb,3gbb_460,1.650,-1.643863,nan
3gbb,3gbb_468,1.530,-1.416354,nan
3gbb,3gbb_473,0.930,-1.352071,nan
3gbb,3gbb_482,2.360,-1.473884,nan
3gbb,3gbb_483,1.710,-1.390273,nan
3gbb,3gbb_489,4.020,-1.364997,nan
3gbb,3gbb_498,3.050,-2.026369,nan
3gbb,3gbb_503,1.270,-1.363959,nan
3gbb,3gbb_509,2.770,-1.767022,nan
3gbb,3gbb_510,2.290,-1.873933,nan
3gbb,3gbb_512,3.120,-2.280394,nan
3gbb,3gbb_523,1.140,-1.105053,nan
3gbb,3gbb_559,2.960,-1.536883,nan
3gbb,3gbb_564,1.980,-1.595751,nan
3gbb,3gbb_596,1.500,-1.474882,nan
3gbb,3gbb_616,4.300,-2.568178,nan
3gbb,3gbb_619,2.570,-2.522696,nan
3gbb,3gbb_621,3.910,-2.515609,nan
3gbb,3gbb_625,3.940,-2.182519,nan
3gbb,3gbb_627,2.400,-1.993160,nan
3gbb,3gbb_646,3.730,-1.868842,nan
3gbb,3gbb_648,3.980,-2.195482,nan
3gbb,3gbb_650,2.450,-1.492652,nan
3gbb,3gbb_655,2.180,-2.407704,nan
3gbb,3gbb_666,3.960,-2.349029,nan
3gbb,3gbb_673,4.020,-2.097172,nan
3gbb,3gbb_678,5.520,-3.960215,nan
3gbb,3gbb_683,1.870,-2.474817,nan
3gbb,3gbb_693,4.020,-2.024870,nan
3gbb,3gbb_697,3.100,-1.600509,nan
3gbb,3gbb_715,1.410,-1.497510,nan
3gbb,3gbb_717,2.710,-1.721409,nan
3gbb,3gbb_728,4.010,-1.781163,nan
3gbb,3gbb_781,3.080,-2.087562,nan
3gbb,3gbb_783,4.110,-2.737865,nan
3gbb,3gbb_796,4.040,-3.926392,nan
3gbb,3gbb_814,0.820,-0.653185,nan
3gbb,3gbb_845,4.250,-2.169014,nan
3gbb,3gbb_893,4.370,-2.656238,nan
3gc5,3gc5_402,0.720,-1.367837,nan
3gc5,3gc5_403,0.760,-0.467922,nan
3gc5,3gc5_406,0.970,-1.219698,nan
3gc5,3gc5_408,2.060,-1.159946,nan
3gc5,3gc5_426,0.970,-1.713970,nan
3gc5,3gc5_427,3.350,-1.630678,nan
3gc5,3gc5_428,5.140,-2.391965,nan
3gc5,3gc5_436,1.410,-1.154591,nan
3gc5,3gc5_446,3.630,-1.882302,nan
3gc5,3gc5_451,3.280,-0.732385,nan
3gc5,3gc5_457,2.230,-2.180705,nan
3gc5,3gc5_460,3.440,-1.532174,nan
3gc5,3gc5_461,4.200,-1.698803,nan
3gc5,3gc5_463,2.420,-1.322261,nan
3gc5,3gc5_464,0.920,-1.336999,nan
3gc5,3gc5_467,2.010,-2.036906,nan
3gc5,3gc5_471,3.670,-1.346766,nan
3gc5,3gc5_475,3.020,-1.913730,nan
3gc5,3gc5_492,3.330,-1.511382,nan
3gc5,3gc5_495,5.070,-2.164110,nan
3gc5,3gc5_500,5.230,-3.242198,nan
3gc5,3gc5_507,4.500,-4.204284,nan
3gc5,3gc5_516,4.260,-1.784263,nan
3gc5,3gc5_518,6.180,-5.631273,nan
3gc5,3gc5_524,0.910,-1.192952,nan
3gc5,3gc5_532,5.520,-4.811744,nan
3gc5,3gc5_536,4.640,-4.145580,nan
3gc5,3gc5_551,5.700,-4.667610,nan
3gc5,3gc5_556,3.770,-2.555500,nan
3gc5,3gc5_559,1.830,-1.257473,nan
3gc5,3gc5_563,6.850,-7.084857,nan
3gc5,3gc5_565,5.730,-5.098680,nan
3gc5,3gc5_566,4.830,-3.237607,nan
3gc5,3gc5_567,1.390,-1.812469,nan
3gc5,3gc5_574,4.520,-1.626092,nan
3gc5,3gc5_577,1.190,-1.817123,nan
3gc5,3gc5_580,3.640,-1.790495,nan
3gc5,3gc5_582,6.600,-6.693139,nan
3gc5,3gc5_585,6.530,-6.214004,nan
3gc5,3gc5_589,5.670,-4.428585,nan
3gc5,3gc5_603,0.770,-1.165608,nan
3gc5,3gc5_604,1.460,-1.955068,nan
3gc5,3gc5_605,1.050,-1.466003,nan
3gc5,3gc5_606,0.800,-0.857388,nan
3gc5,3gc5_607,1.970,-1.884612,nan
3gc5,3gc5_617,1.990,-1.501474,nan
3gc5,3gc5_627,4.490,-1.839684,nan
3gc5,3gc5_631,1.920,-0.608064,nan
3gc5,3gc5_632,2.760,-1.932347,nan
3gc5,3gc5_636,2.990,-2.382473,nan
3gc5,3gc5_638,4.290,-1.467126,nan
3gc5,3gc5_646,4.710,-2.852270,nan
3gc5,3gc5_647,0.880,-1.291710,nan
3gc5,3gc5_657,4.870,-3.318081,nan
3gc5,3gc5_662,2.640,-1.402188,nan
3gc5,3gc5_663,2.590,-1.795749,nan
3gc5,3gc5_679,5.170,-4.099558,nan
3gc5,3gc5_682,5.270,-3.973903,nan
3gc5,3gc5_691,1.610,-1.037058,nan
3gc5,3gc5_696,5.640,-3.957970,nan
3gc5,3gc5_715,0.930,-0.878485,nan
3gc5,3gc5_733,6.800,-5.007679,nan
3gc5,3gc5_739,7.140,-6.664433,nan
3gc5,3gc5_749,7.540,-8.139272,nan
3gc5,3gc5_752,7.490,-8.132256,nan
3gc5,3gc5_755,3.000,-1.354846,nan
3gc5,3gc5_757,6.530,-5.479173,nan
3gc5,3gc5_758,6.580,-5.538624,nan
3gc5,3gc5_759,7.520,-7.312825,nan
3gc5,3gc5_764,7.460,-7.508729,nan
3gc5,3gc5_770,8.010,-7.249665,nan
3gc5,3gc5_772,8.100,-6.894487,nan
3gc5,3gc5_773,7.310,-8.049411,nan
3gc5,3gc5_775,7.000,-7.399603,nan
3gc5,3gc5_776,7.030,-7.552470,nan
3gc5,3gc5_777,7.830,-8.278291,nan
3gc5,3gc5_778,7.750,-8.199191,nan
3gc5,3gc5_779,7.700,-7.969200,nan
3gc5,3gc5_780,8.020,-8.211990,nan
3gc5,3gc5_783,6.910,-6.827928,nan
3gc5,3gc5_784,6.780,-7.173841,nan
3gc5,3gc5_822,2.100,-1.753553,nan
3gc5,3gc5_878,9.210,-8.548868,nan
3gc5,3gc5_879,9.230,-8.555948,nan
3gc5,3gc5_973,3.070,-2.771159,nan
3ge7,3ge7_11,4.830,-3.582152,nan
3ge7,3ge7_140,0.610,-0.968398,nan
3ge7,3ge7_191,0.680,-1.101460,nan
3ge7,3ge7_24,0.780,-0.577909,nan
3ge7,3ge7_262,0.890,-1.134996,nan
3ge7,3ge7_324,3.030,-4.536511,nan
3ge7,3ge7_404,5.810,-2.376150,nan
3ge7,3ge7_411,5.360,-2.212177,nan
3ge7,3ge7_415,1.890,-2.388580,nan
3ge7,3ge7_424,5.970,-3.030605,nan
3ge7,3ge7_426,2.840,-1.797022,nan
3ge7,3ge7_431,1.390,-2.237065,nan
3ge7,3ge7_443,1.690,-1.950983,nan
3ge7,3ge7_448,6.620,-2.148395,nan
3ge7,3ge7_451,5.530,-2.500912,nan
3ge7,3ge7_456,2.240,-1.867675,nan
3ge7,3ge7_460,3.990,-2.302855,nan
3ge7,3ge7_465,2.340,-2.231040,nan
3ge7,3ge7_469,3.570,-2.720241,nan
3ge7,3ge7_470,2.550,-2.599313,nan
3ge7,3ge7_480,3.480,-2.103839,nan
3ge7,3ge7_485,1.650,-2.947267,nan
3ge7,3ge7_488,1.700,-2.244692,nan
3ge7,3ge7_490,5.840,-2.509643,nan
3ge7,3ge7_491,1.560,-2.050872,nan
3ge7,3ge7_498,6.310,-3.047563,nan
3ge7,3ge7_523,4.940,-4.111311,nan
3ge7,3ge7_533,3.980,-3.331056,nan
3ge7,3ge7_536,4.030,-2.653144,nan
3ge7,3ge7_547,4.410,-3.258885,nan
3ge7,3ge7_552,4.380,-6.229287,nan
3ge7,3ge7_556,6.480,-5.738389,nan
3ge7,3ge7_561,4.010,-3.648775,nan
3ge7,3ge7_562,6.520,-3.959260,nan
3ge7,3ge7_567,2.820,-4.023329,nan
3ge7,3ge7_571,7.370,-7.801727,nan
3ge7,3ge7_572,3.600,-3.856422,nan
3ge7,3ge7_573,6.740,-6.475591,nan
3ge7,3ge7_574,4.190,-4.948201,nan
3ge7,3ge7_579,1.790,-2.367643,nan
3ge7,3ge7_582,6.030,-5.745322,nan
3ge7,3ge7_583,5.480,-3.873323,nan
3ge7,3ge7_587,3.050,-4.400565,nan
3ge7,3ge7_589,6.360,-6.596427,nan
3ge7,3ge7_590,6.780,-5.801897,nan
3ge7,3ge7_594,7.070,-4.639601,nan
3ge7,3ge7_598,5.910,-4.850704,nan
3ge7,3ge7_599,5.770,-5.409485,nan
3ge7,3ge7_600,7.650,-5.768440,nan
3ge7,3ge7_637,4.500,-3.707216,nan
3ge7,3ge7_638,4.210,-2.852407,nan
3ge7,3ge7_641,2.760,-2.524407,nan
3ge7,3ge7_644,1.720,-2.336147,nan
3ge7,3ge7_651,2.060,-1.867770,nan
3ge7,3ge7_655,5.680,-4.208044,nan
3ge7,3ge7_658,4.500,-2.766893,nan
3ge7,3ge7_659,3.340,-3.408092,nan
3ge7,3ge7_666,3.670,-2.813188,nan
3ge7,3ge7_667,6.630,-2.584491,nan
3ge7,3ge7_674,7.000,-2.035172,nan
3ge7,3ge7_676,2.840,-3.558337,nan
3ge7,3ge7_683,2.740,-2.775881,nan
3ge7,3ge7_684,2.270,-1.504281,nan
3ge7,3ge7_685,5.980,-1.558027,nan
3ge7,3ge7_688,2.860,-2.409213,nan
3ge7,3ge7_717,0.780,-0.735171,nan
3ge7,3ge7_718,1.000,-0.735397,nan
3ge7,3ge7_791,1.300,-1.800520,nan
3ge7,3ge7_794,1.030,-1.016171,nan
3ge7,3ge7_795,0.990,-1.023458,nan
3ge7,3ge7_824,0.330,-0.656175,nan
3ge7,3ge7_895,0.910,-1.193851,nan
3ge7,3ge7_898,0.690,-1.024486,nan
3gnw,3gnw_134,3.550,-3.292000,nan
3gnw,3gnw_136,4.150,-4.257392,nan
3gnw,3gnw_155,5.150,-2.411691,nan
3gnw,3gnw_179,6.010,-4.252542,nan
3gnw,3gnw_201,4.900,-2.393424,nan
3gnw,3gnw_205,7.080,-7.344553,nan
3gnw,3gnw_216,5.350,-3.111108,nan
3gnw,3gnw_218,5.750,-4.124188,nan
3gnw,3gnw_219,9.690,-8.573105,nan
3gnw,3gnw_220,7.900,-8.310625,nan
3gnw,3gnw_225,9.160,-8.562831,nan
3gnw,3gnw_226,9.990,-8.563667,nan
3gnw,3gnw_236,4.990,-4.130590,nan
3gnw,3gnw_241,7.390,-7.134496,nan
3gnw,3gnw_254,1.250,-1.516410,nan
3gnw,3gnw_259,5.400,-4.200295,nan
3gnw,3gnw_261,6.370,-6.163556,nan
3gnw,3gnw_266,8.060,-8.370374,nan
3gnw,3gnw_271,5.250,-4.657884,nan
3gnw,3gnw_273,9.070,-8.568719,nan
3gnw,3gnw_276,4.830,-2.014725,nan
3gnw,3gnw_277,8.850,-8.507926,nan
3gnw,3gnw_278,5.320,-3.331348,nan
3gnw,3gnw_279,9.430,-8.569592,nan
3gnw,3gnw_284,9.650,-8.563923,nan
3gnw,3gnw_294,0.710,-1.059163,nan
3gnw,3gnw_299,8.110,-8.404860,nan
3gnw,3gnw_302,2.350,-2.503814,nan
3gnw,3gnw_310,9.620,-8.570547,nan
3gnw,3gnw_315,2.190,-2.032139,nan
3gnw,3gnw_316,7.210,-6.775397,nan
3gnw,3gnw_322,6.740,-6.483200,nan
3gnw,3gnw_323,6.030,-5.189598,nan
3gnw,3gnw_325,5.330,-5.055117,nan
3gnw,3gnw_335,8.130,-8.421462,nan
3gnw,3gnw_337,6.900,-6.295785,nan
3gnw,3gnw_343,8.190,-8.234375,nan
3gnw,3gnw_381,6.490,-5.369874,nan
3gnw,3gnw_387,6.600,-6.043750,nan
3gnw,3gnw_402,3.650,-3.551955,nan
3gnw,3gnw_41,4.940,-2.017328,nan
3gnw,3gnw_411,3.970,-2.805312,nan
3gnw,3gnw_417,4.550,-4.967875,nan
3gnw,3gnw_423,4.080,-3.950349,nan
3gnw,3gnw_440,3.940,-2.026994,nan
3gnw,3gnw_448,2.940,-2.910493,nan
3gnw,3gnw_463,4.710,-2.903069,nan
3gnw,3gnw_49,6.210,-4.882899,nan
3gnw,3gnw_493,2.980,-2.310427,nan
3gnw,3gnw_498,5.170,-3.909842,nan
3gnw,3gnw_516,2.930,-2.946100,nan
3gnw,3gnw_527,4.890,-4.411744,nan
3gnw,3gnw_535,8.130,-8.073994,nan
3gnw,3gnw_545,7.970,-6.334217,nan
3gnw,3gnw_549,8.450,-8.410259,nan
3gnw,3gnw_552,7.720,-7.018767,nan
3gnw,3gnw_555,3.870,-2.568553,nan
3gnw,3gnw_569,9.680,-8.489827,nan
3gnw,3gnw_580,6.280,-6.844918,nan
3gnw,3gnw_581,9.790,-8.574715,nan
3gnw,3gnw_586,8.260,-7.539462,nan
3gnw,3gnw_587,3.680,-3.948127,nan
3gnw,3gnw_597,8.430,-7.491263,nan
3gnw,3gnw_634,3.510,-3.582501,nan
3gnw,3gnw_636,7.320,-7.071313,nan
3gnw,3gnw_639,8.530,-8.187972,nan
3gnw,3gnw_649,5.700,-5.541222,nan
3gnw,3gnw_659,9.970,-8.040092,nan
3gnw,3gnw_662,5.690,-4.735245,nan
3gnw,3gnw_667,7.240,-6.753224,nan
3gnw,3gnw_668,6.040,-5.066601,nan
3gnw,3gnw_694,7.650,-8.474579,nan
3gnw,3gnw_700,7.800,-8.015980,nan
3gnw,3gnw_708,0.710,-0.955458,nan
3gnw,3gnw_712,0.630,-1.304054,nan
3gnw,3gnw_714,0.910,-1.358066,nan
3gnw,3gnw_718,0.960,-1.379555,nan
3gnw,3gnw_722,1.530,-1.729592,nan
3gnw,3gnw_729,2.210,-2.382593,nan
3gnw,3gnw_745,2.750,-2.332743,nan
3gnw,3gnw_779,2.450,-3.114675,nan
3gnw,3gnw_802,0.700,-1.069034,nan
3gnw,3gnw_842,1.280,-1.391998,nan
3gnw,3gnw_847,1.840,-1.833911,nan
3gnw,3gnw_848,1.260,-1.260394,nan
3gnw,3gnw_857,1.380,-1.011779,nan
3gnw,3gnw_867,1.190,-1.092499,nan
3gnw,3gnw_868,3.520,-3.177048,nan
3gnw,3gnw_87,1.440,-1.577686,nan
3gnw,3gnw_873,3.170,-2.429570,nan
3gnw,3gnw_876,2.860,-2.380525,nan
3gnw,3gnw_877,1.720,-1.493952,nan
3gnw,3gnw_939,1.430,-1.170323,nan
3gnw,3gnw_94,3.960,-3.951877,nan
3gnw,3gnw_95,4.310,-2.995566,nan
3gnw,3gnw_950,0.790,-1.179700,nan
3gnw,3gnw_959,2.540,-2.394973,nan
3gnw,3gnw_961,0.810,-1.194463,nan
3gnw,3gnw_965,0.710,-0.962595,nan
3gnw,3gnw_982,0.850,-1.118372,nan
3gr2,3gr2_102,8.600,-6.626894,nan
3gr2,3gr2_118,8.070,-7.234802,nan
3gr2,3gr2_12,4.920,-2.006639,nan
3gr2,3gr2_122,5.420,-3.571898,nan
3gr2,3gr2_132,7.320,-6.464943,nan
3gr2,3gr2_151,7.870,-6.726304,nan
3gr2,3gr2_186,8.050,-7.361637,nan
3gr2,3gr2_187,8.310,-7.080222,nan
3gr2,3gr2_205,3.990,-3.810961,nan
3gr2,3gr2_220,4.350,-4.173851,nan
3gr2,3gr2_226,8.260,-6.247933,nan
3gr2,3gr2_239,5.730,-3.787854,nan
3gr2,3gr2_254,6.940,-6.031849,nan
3gr2,3gr2_262,2.400,-0.783019,nan
3gr2,3gr2_277,5.210,-3.723957,nan
3gr2,3gr2_279,7.040,-5.799621,nan
3gr2,3gr2_337,1.940,-0.290028,nan
3gr2,3gr2_409,1.940,-0.970614,nan
3gr2,3gr2_410,1.300,-0.215602,nan
3gr2,3gr2_415,5.580,-4.546430,nan
3gr2,3gr2_421,6.670,-5.137230,nan
3gr2,3gr2_424,1.680,-0.716258,nan
3gr2,3gr2_446,2.420,-1.293615,nan
3gr2,3gr2_449,2.700,-1.332312,nan
3gr2,3gr2_451,2.280,-0.413620,nan
3gr2,3gr2_458,1.840,-1.059090,nan
3gr2,3gr2_460,2.940,-2.050950,nan
3gr2,3gr2_466,3.550,-3.208865,nan
3gr2,3gr2_474,1.220,-1.160556,nan
3gr2,3gr2_476,1.570,-1.072905,nan
3gr2,3gr2_493,2.750,-1.091741,nan
3gr2,3gr2_526,7.220,-5.041863,nan
3gr2,3gr2_540,6.590,-4.896796,nan
3gr2,3gr2_541,6.190,-5.383706,nan
3gr2,3gr2_545,2.140,-0.735368,nan
3gr2,3gr2_560,5.130,-4.846395,nan
3gr2,3gr2_568,7.090,-6.836204,nan
3gr2,3gr2_580,4.140,-3.131012,nan
3gr2,3gr2_581,6.400,-4.506481,nan
3gr2,3gr2_585,5.020,-2.351217,nan
3gr2,3gr2_592,4.580,-2.115523,nan
3gr2,3gr2_624,7.140,-4.490278,nan
3gr2,3gr2_663,6.660,-5.305363,nan
3gr2,3gr2_665,7.350,-5.188049,nan
3gr2,3gr2_669,6.540,-4.456311,nan
3gr2,3gr2_684,4.060,-2.590709,nan
3gr2,3gr2_686,6.560,-5.082625,nan
3gr2,3gr2_701,1.320,-1.022353,nan
3gr2,3gr2_717,4.000,-2.530151,nan
3gr2,3gr2_722,5.860,-4.443427,nan
3gr2,3gr2_732,3.930,-2.810723,nan
3gr2,3gr2_735,4.070,-2.575778,nan
3gr2,3gr2_737,4.150,-1.926630,nan
3gr2,3gr2_738,3.970,-1.998197,nan
3gr2,3gr2_742,8.670,-7.720270,nan
3gr2,3gr2_743,8.510,-7.790592,nan
3gr2,3gr2_745,3.520,-2.960516,nan
3gr2,3gr2_747,6.700,-5.475644,nan
3gr2,3gr2_756,4.590,-2.911669,nan
3gr2,3gr2_758,7.430,-6.517468,nan
3gr2,3gr2_761,3.700,-3.388633,nan
3gr2,3gr2_762,8.090,-7.295029,nan
3gr2,3gr2_764,2.950,-2.457273,nan
3gr2,3gr2_765,3.990,-2.775569,nan
3gr2,3gr2_766,5.660,-3.872067,nan
3gr2,3gr2_771,5.680,-4.091169,nan
3gr2,3gr2_776,4.020,-3.693612,nan
3gr2,3gr2_779,7.660,-6.635385,nan
3gr2,3gr2_783,8.440,-7.037098,nan
3gr2,3gr2_786,7.320,-6.853240,nan
3gr2,3gr2_820,2.590,-1.597755,nan
3gr2,3gr2_835,1.920,-0.355193,nan
3gr2,3gr2_841,6.290,-5.501010,nan
3gr2,3gr2_853,4.000,-3.663814,nan
3gr2,3gr2_858,4.680,-4.100057,nan
3gr2,3gr2_867,3.790,-2.234411,nan
3gr2,3gr2_872,2.260,-1.530191,nan
3gr2,3gr2_879,5.030,-4.772418,nan
3gr2,3gr2_973,1.500,-0.650951,nan
3gr2,3gr2_978,8.560,-8.116940,nan
3gv9,3gv9_102,4.010,-2.048614,nan
3gv9,3gv9_124,1.210,-0.836996,nan
3gv9,3gv9_227,9.320,-8.263763,nan
3gv9,3gv9_24,6.580,-6.087923,nan
3gv9,3gv9_242,9.020,-6.621515,nan
3gv9,3gv9_247,8.640,-6.290951,nan
3gv9,3gv9_256,9.140,-6.875354,nan
3gv9,3gv9_258,2.990,-1.095371,nan
3gv9,3gv9_259,9.340,-8.218850,nan
3gv9,3gv9_263,9.630,-8.259556,nan
3gv9,3gv9_266,9.190,-6.806283,nan
3gv9,3gv9_277,8.220,-8.009330,nan
3gv9,3gv9_281,9.380,-7.706793,nan
3gv9,3gv9_285,9.750,-8.082899,nan
3gv9,3gv9_293,9.070,-6.779275,nan
3gv9,3gv9_298,9.630,-8.176311,nan
3gv9,3gv9_30,0.640,-0.771461,nan
3gv9,3gv9_300,8.680,-6.538363,nan
3gv9,3gv9_304,3.840,-2.476304,nan
3gv9,3gv9_305,8.300,-8.369987,nan
3gv9,3gv9_306,7.290,-7.483423,nan
3gv9,3gv9_307,8.560,-8.101397,nan
3gv9,3gv9_312,7.480,-7.475773,nan
3gv9,3gv9_315,8.710,-8.146490,nan
3gv9,3gv9_318,8.470,-8.449054,nan
3gv9,3gv9_324,2.340,-1.960003,nan
3gv9,3gv9_328,7.560,-7.604417,nan
3gv9,3gv9_335,7.970,-8.225232,nan
3gv9,3gv9_340,7.490,-7.418111,nan
3gv9,3gv9_350,3.310,-1.788616,nan
3gv9,3gv9_355,7.660,-7.516648,nan
3gv9,3gv9_370,0.840,-0.569033,nan
3gv9,3gv9_379,8.980,-8.309995,nan
3gv9,3gv9_385,8.470,-8.451868,nan
3gv9,3gv9_397,7.690,-8.139057,nan
3gv9,3gv9_398,8.320,-8.367047,nan
3gv9,3gv9_399,7.500,-7.438196,nan
3gv9,3gv9_407,2.490,-0.992727,nan
3gv9,3gv9_432,3.200,-3.312585,nan
3gv9,3gv9_453,6.040,-5.859045,nan
3gv9,3gv9_462,0.920,-0.639060,nan
3gv9,3gv9_467,6.390,-6.354527,nan
3gv9,3gv9_47,0.750,-0.764700,nan
3gv9,3gv9_479,6.310,-7.146648,nan
3gv9,3gv9_480,3.930,-1.804291,nan
3gv9,3gv9_489,2.970,-2.481987,nan
3gv9,3gv9_491,0.920,-0.470275,nan
3gv9,3gv9_505,5.170,-4.553775,nan
3gv9,3gv9_509,2.470,-2.349372,nan
3gv9,3gv9_537,2.040,-2.290440,nan
3gv9,3gv9_540,3.640,-0.780033,nan
3gv9,3gv9_545,4.830,-4.503695,nan
3gv9,3gv9_556,5.900,-6.295766,nan
3gv9,3gv9_559,4.170,-2.032422,nan
3gv9,3gv9_561,5.700,-5.189079,nan
3gv9,3gv9_563,4.600,-3.238885,nan
3gv9,3gv9_564,6.620,-6.040172,nan
3gv9,3gv9_565,4.820,-3.841464,nan
3gv9,3gv9_579,1.800,-1.456801,nan
3gv9,3gv9_59,0.590,-0.912933,nan
3gv9,3gv9_592,6.210,-6.301551,nan
3gv9,3gv9_6,0.600,-0.343573,nan
3gv9,3gv9_604,5.680,-3.375362,nan
3gv9,3gv9_605,5.200,-3.619985,nan
3gv9,3gv9_62,2.460,-2.017344,nan
3gv9,3gv9_623,5.070,-2.871306,nan
3gv9,3gv9_626,1.980,-1.209832,nan
3gv9,3gv9_630,4.460,-3.214013,nan
3gv9,3gv9_639,1.330,-0.836605,nan
3gv9,3gv9_642,4.600,-1.914501,nan
3gv9,3gv9_658,3.240,-2.861814,nan
3gv9,3gv9_660,2.010,-0.754887,nan
3gv9,3gv9_661,3.940,-2.652584,nan
3gv9,3gv9_670,3.920,-2.900019,nan
3gv9,3gv9_674,4.380,-2.431431,nan
3gv9,3gv9_685,5.150,-3.651775,nan
3gv9,3gv9_688,5.900,-3.998364,nan
3gv9,3gv9_697,1.170,-0.458727,nan
3gv9,3gv9_7,0.590,-0.564392,nan
3gv9,3gv9_700,4.610,-4.444385,nan
3gv9,3gv9_756,2.870,-1.346823,nan
3gv9,3gv9_759,5.050,-3.275403,nan
3gv9,3gv9_76,1.260,-0.822859,nan
3gv9,3gv9_760,2.360,-0.960841,nan
3gv9,3gv9_761,1.230,-0.720090,nan
3gv9,3gv9_765,6.800,-6.516558,nan
3gv9,3gv9_767,7.390,-7.092284,nan
3gv9,3gv9_786,3.280,-2.373747,nan
3gv9,3gv9_810,6.140,-6.595845,nan
3gv9,3gv9_826,1.760,-0.647313,nan
3gv9,3gv9_83,1.020,-0.852142,nan
3gv9,3gv9_835,1.860,-1.682371,nan
3gv9,3gv9_84,0.860,-0.813614,nan
3gv9,3gv9_85,0.700,-0.646433,nan
3gv9,3gv9_858,4.470,-2.621066,nan
3gv9,3gv9_875,5.970,-5.640903,nan
3gv9,3gv9_96,3.810,-2.138995,nan
3gv9,3gv9_98,6.650,-7.120323,nan
3gv9,3gv9_990,6.010,-5.640903,nan
3gy4,3gy4_121,2.800,-1.155671,nan
3gy4,3gy4_14,0.640,-0.323168,nan
3gy4,3gy4_184,0.340,-0.452762,nan
3gy4,3gy4_236,0.630,-0.484092,nan
3gy4,3gy4_251,1.050,-0.629181,nan
3gy4,3gy4_259,2.450,-0.561175,nan
3gy4,3gy4_269,0.620,-0.334697,nan
3gy4,3gy4_284,0.900,-0.576155,nan
3gy4,3gy4_39,0.500,-0.491043,nan
3gy4,3gy4_413,2.580,-0.711287,nan
3gy4,3gy4_415,2.670,-1.161738,nan
3gy4,3gy4_423,3.030,-1.725978,nan
3gy4,3gy4_424,0.810,-0.704382,nan
3gy4,3gy4_430,0.950,-0.306804,nan
3gy4,3gy4_437,1.300,-1.211679,nan
3gy4,3gy4_452,1.580,-1.095559,nan
3gy4,3gy4_460,0.900,-0.435345,nan
3gy4,3gy4_466,2.650,-1.011534,nan
3gy4,3gy4_483,3.070,-1.961927,nan
3gy4,3gy4_496,1.880,-0.680855,nan
3gy4,3gy4_497,1.380,-0.986413,nan
3gy4,3gy4_517,3.160,-1.840372,nan
3gy4,3gy4_525,1.020,-1.109414,nan
3gy4,3gy4_528,4.000,-3.114412,nan
3gy4,3gy4_531,4.050,-3.531195,nan
3gy4,3gy4_54,0.680,-0.423137,nan
3gy4,3gy4_550,4.170,-3.573624,nan
3gy4,3gy4_557,2.770,-1.534679,nan
3gy4,3gy4_561,3.650,-3.076158,nan
3gy4,3gy4_565,1.620,-1.333685,nan
3gy4,3gy4_570,4.140,-3.625283,nan
3gy4,3gy4_573,4.730,-3.946960,nan
3gy4,3gy4_590,3.220,-2.509747,nan
3gy4,3gy4_591,3.460,-2.185189,nan
3gy4,3gy4_593,4.110,-3.578380,nan
3gy4,3gy4_596,2.810,-1.850418,nan
3gy4,3gy4_598,3.090,-1.467202,nan
3gy4,3gy4_599,3.100,-1.493693,nan
3gy4,3gy4_633,2.330,-2.373929,nan
3gy4,3gy4_638,2.560,-2.563295,nan
3gy4,3gy4_643,2.470,-1.362313,nan
3gy4,3gy4_648,1.550,-1.925785,nan
3gy4,3gy4_669,1.320,-1.048865,nan
3gy4,3gy4_685,1.940,-2.167004,nan
3gy4,3gy4_686,3.100,-3.036915,nan
3ivg,3ivg_10,1.580,-0.351133,nan
3ivg,3ivg_107,6.360,-6.290516,nan
3ivg,3ivg_108,5.410,-4.067534,nan
3ivg,3ivg_14,1.660,-0.858337,nan
3ivg,3ivg_150,6.210,-6.561244,nan
3ivg,3ivg_161,6.610,-6.723235,nan
3ivg,3ivg_209,0.970,-0.575619,nan
3ivg,3ivg_218,0.910,-0.709046,nan
3ivg,3ivg_236,2.090,-1.061495,nan
3ivg,3ivg_250,0.820,-0.881644,nan
3ivg,3ivg_252,0.800,-0.623282,nan
3ivg,3ivg_253,1.010,-0.531538,nan
3ivg,3ivg_255,0.830,-0.590747,nan
3ivg,3ivg_262,1.830,-0.900254,nan
3ivg,3ivg_275,0.930,-0.857224,nan
3ivg,3ivg_276,1.050,-0.703721,nan
3ivg,3ivg_291,7.380,-8.359438,nan
3ivg,3ivg_313,4.040,-1.337742,nan
3ivg,3ivg_330,3.900,-1.129400,nan
3ivg,3ivg_40,7.250,-7.493675,nan
3ivg,3ivg_410,3.390,-1.762131,nan
3ivg,3ivg_438,2.240,-1.855319,nan
3ivg,3ivg_44,6.120,-3.748815,nan
3ivg,3ivg_440,2.660,-1.974348,nan
3ivg,3ivg_45,6.900,-7.241246,nan
3ivg,3ivg_471,2.730,-2.058718,nan
3ivg,3ivg_479,3.440,-2.788166,nan
3ivg,3ivg_48,6.210,-6.311014,nan
3ivg,3ivg_483,1.980,-1.866227,nan
3ivg,3ivg_494,5.930,-2.774437,nan
3ivg,3ivg_497,2.000,-2.372304,nan
3ivg,3ivg_518,4.790,-3.859410,nan
3ivg,3ivg_531,5.080,-1.772730,nan
3ivg,3ivg_542,7.020,-7.290957,nan
3ivg,3ivg_545,2.890,-1.340536,nan
3ivg,3ivg_548,3.420,-1.898329,nan
3ivg,3ivg_55,7.590,-7.805793,nan
3ivg,3ivg_550,4.400,-2.695222,nan
3ivg,3ivg_573,5.950,-5.105712,nan
3ivg,3ivg_590,3.120,-1.217334,nan
3ivg,3ivg_60,5.290,-4.364518,nan
3ivg,3ivg_608,4.810,-2.135324,nan
3ivg,3ivg_624,7.380,-7.712402,nan
3ivg,3ivg_635,7.290,-5.908978,nan
3ivg,3ivg_640,6.660,-5.746894,nan
3ivg,3ivg_659,3.670,-2.283711,nan
3ivg,3ivg_699,5.060,-4.566346,nan
3ivg,3ivg_701,3.750,-1.899691,nan
3ivg,3ivg_703,3.700,-1.176875,nan
3ivg,3ivg_705,0.960,-0.694347,nan
3ivg,3ivg_706,0.670,-1.013240,nan
3ivg,3ivg_710,7.520,-7.462697,nan
3ivg,3ivg_713,0.710,-0.816929,nan
3ivg,3ivg_731,2.950,-0.834499,nan
3ivg,3ivg_733,2.260,-1.452028,nan
3ivg,3ivg_753,4.740,-1.737824,nan
3ivg,3ivg_761,2.150,-0.730225,nan
3ivg,3ivg_769,4.780,-3.605601,nan
3ivg,3ivg_770,2.590,-1.648716,nan
3ivg,3ivg_776,7.940,-8.006948,nan
3ivg,3ivg_779,3.350,-2.021248,nan
3ivg,3ivg_788,8.660,-8.530167,nan
3ivg,3ivg_793,6.110,-4.371947,nan
3ivg,3ivg_794,7.310,-6.564764,nan
3ivg,3ivg_80,1.820,-1.055209,nan
3ivg,3ivg_837,2.780,-2.408716,nan
3ivg,3ivg_849,6.530,-6.366253,nan
3ivg,3ivg_860,3.930,-3.752164,nan
3ivg,3ivg_862,4.790,-3.424445,nan
3ivg,3ivg_866,4.830,-2.356642,nan
3ivg,3ivg_899,8.900,-8.556184,nan
3ivg,3ivg_9,1.320,-1.204237,nan
3ivg,3ivg_91,4.300,-1.534818,nan
3ivg,3ivg_915,9.920,-8.570629,nan
3ivg,3ivg_924,6.350,-6.373119,nan
3ivg,3ivg_926,5.050,-2.076880,nan
3ivg,3ivg_940,7.310,-6.833141,nan
3ivg,3ivg_946,5.860,-4.077222,nan
3ivg,3ivg_952,8.850,-8.464471,nan
3ivg,3ivg_954,5.150,-2.648334,nan
3ivg,3ivg_961,8.910,-8.390488,nan
3ivg,3ivg_98,5.900,-5.304787,nan
3ivg,3ivg_983,9.270,-8.551946,nan
3ivg,3ivg_989,4.600,-1.267256,nan
3ivg,3ivg_993,1.160,-0.752640,nan
3jvr,3jvr_137,8.980,-1.832047,nan
3jvr,3jvr_154,9.120,-2.429979,nan
3jvr,3jvr_162,9.090,-2.203768,nan
3jvr,3jvr_168,9.430,-2.244215,nan
3jvr,3jvr_171,9.570,-5.587572,nan
3jvr,3jvr_187,7.350,-3.046087,nan
3jvr,3jvr_195,8.650,-3.552955,nan
3jvr,3jvr_210,7.290,-4.076540,nan
3jvr,3jvr_225,8.480,-4.298873,nan
3jvr,3jvr_229,6.000,-3.570758,nan
3jvr,3jvr_246,7.040,-2.999849,nan
3jvr,3jvr_275,8.970,-2.969857,nan
3jvr,3jvr_290,8.610,-2.528919,nan
3jvr,3jvr_297,8.500,-3.658769,nan
3jvr,3jvr_329,9.540,-4.618485,nan
3jvr,3jvr_330,9.120,-2.193925,nan
3jvr,3jvr_332,9.450,-3.405564,nan
3jvr,3jvr_34,9.180,-2.173584,nan
3jvr,3jvr_349,5.670,-2.920148,nan
3jvr,3jvr_355,6.440,-2.960252,nan
3jvr,3jvr_394,6.850,-2.276374,nan
3jvr,3jvr_404,5.860,-2.265291,nan
3jvr,3jvr_435,6.560,-3.705947,nan
3jvr,3jvr_441,2.620,-1.843481,nan
3jvr,3jvr_444,1.990,-1.821043,nan
3jvr,3jvr_446,2.090,-2.938793,nan
3jvr,3jvr_451,3.780,-2.475467,nan
3jvr,3jvr_452,4.610,-3.480768,nan
3jvr,3jvr_457,7.720,-2.485912,nan
3jvr,3jvr_459,4.230,-2.173229,nan
3jvr,3jvr_464,5.660,-3.791141,nan
3jvr,3jvr_468,5.480,-2.974645,nan
3jvr,3jvr_470,4.090,-6.135742,nan
3jvr,3jvr_471,5.370,-2.105297,nan
3jvr,3jvr_478,1.440,-0.993408,nan
3jvr,3jvr_484,4.510,-5.543429,nan
3jvr,3jvr_486,1.780,-1.481488,nan
3jvr,3jvr_500,4.890,-4.050151,nan
3jvr,3jvr_505,2.290,-2.694326,nan
3jvr,3jvr_509,1.740,-2.997712,nan
3jvr,3jvr_515,2.150,-2.299344,nan
3jvr,3jvr_523,5.120,-8.322262,nan
3jvr,3jvr_550,8.990,-8.560801,nan
3jvr,3jvr_554,5.840,-7.324485,nan
3jvr,3jvr_562,4.650,-6.062222,nan
3jvr,3jvr_567,3.180,-3.091989,nan
3jvr,3jvr_579,5.060,-3.208397,nan
3jvr,3jvr_580,2.060,-2.447545,nan
3jvr,3jvr_589,6.500,-6.995956,nan
3jvr,3jvr_590,4.430,-5.766765,nan
3jvr,3jvr_592,7.650,-8.412064,nan
3jvr,3jvr_596,2.160,-2.524946,nan
3jvr,3jvr_600,6.790,-8.528237,nan
3jvr,3jvr_603,1.310,-2.147737,nan
3jvr,3jvr_604,4.520,-2.708647,nan
3jvr,3jvr_610,6.850,-2.255788,nan
3jvr,3jvr_623,9.580,-2.071927,nan
3jvr,3jvr_627,3.910,-2.226194,nan
3jvr,3jvr_647,2.250,-1.345564,nan
3jvr,3jvr_650,7.430,-1.563850,nan
3jvr,3jvr_662,6.910,-2.090048,nan
3jvr,3jvr_673,1.680,-1.706649,nan
3jvr,3jvr_688,1.760,-2.725465,nan
3jvr,3jvr_689,4.400,-6.898319,nan
3jvr,3jvr_697,7.410,-2.128429,nan
3jvr,3jvr_699,2.070,-2.165548,nan
3jvr,3jvr_703,0.430,-0.942097,nan
3jvr,3jvr_716,0.990,-1.470985,nan
3jvr,3jvr_726,0.850,-1.497063,nan
3jvr,3jvr_732,0.910,-0.904873,nan
3jvr,3jvr_739,2.630,-1.404718,nan
3jvr,3jvr_740,3.650,-1.411744,nan
3jvr,3jvr_742,2.400,-1.264001,nan
3jvr,3jvr_750,6.830,-1.525214,nan
3jvr,3jvr_752,6.850,-1.844640,nan
3jvr,3jvr_755,0.470,-0.846239,nan
3jvr,3jvr_782,1.260,-1.518045,nan
3jvr,3jvr_79,9.180,-4.118772,nan
3jvr,3jvr_8,8.590,-3.451328,nan
3jvr,3jvr_814,1.690,-1.566550,nan
3jvr,3jvr_819,1.510,-1.162452,nan
3jvr,3jvr_82,8.340,-2.874180,nan
3jvr,3jvr_822,4.680,-1.563175,nan
3jvr,3jvr_826,7.070,-2.191720,nan
3jvr,3jvr_827,6.170,-7.391978,nan
3jvr,3jvr_828,7.300,-5.443407,nan
3jvr,3jvr_831,7.760,-3.018366,nan
3jvr,3jvr_836,3.650,-1.411744,nan
3jvr,3jvr_870,0.600,-0.928545,nan
3jvr,3jvr_884,0.880,-1.049018,nan
3jvr,3jvr_890,0.740,-1.024128,nan
3jvr,3jvr_893,0.680,-0.976262,nan
3jvr,3jvr_923,0.710,-0.992892,nan
3jvr,3jvr_932,5.270,-1.440946,nan
3jvr,3jvr_99,8.030,-3.091733,nan
3jvs,3jvs_206,2.850,-2.421736,nan
3jvs,3jvs_226,3.100,-1.246230,nan
3jvs,3jvs_229,3.000,-0.967683,nan
3jvs,3jvs_234,7.000,-1.075827,nan
3jvs,3jvs_235,3.060,-1.185122,nan
3jvs,3jvs_246,3.380,-2.074662,nan
3jvs,3jvs_253,2.630,-1.134309,nan
3jvs,3jvs_269,7.060,-0.922316,nan
3jvs,3jvs_275,4.670,-1.404795,nan
3jvs,3jvs_299,7.560,-0.644690,nan
3jvs,3jvs_377,9.000,-2.702773,nan
3jvs,3jvs_405,1.690,-1.667751,nan
3jvs,3jvs_411,1.960,-2.466164,nan
3jvs,3jvs_419,3.100,-1.219516,nan
3jvs,3jvs_424,2.600,-1.566717,nan
3jvs,3jvs_426,4.540,-1.081575,nan
3jvs,3jvs_435,2.380,-1.436433,nan
3jvs,3jvs_441,3.250,-2.086550,nan
3jvs,3jvs_443,7.630,-1.661987,nan
3jvs,3jvs_449,1.870,-1.874738,nan
3jvs,3jvs_454,4.280,-2.970750,nan
3jvs,3jvs_467,4.560,-1.415353,nan
3jvs,3jvs_469,7.460,-2.937267,nan
3jvs,3jvs_483,2.170,-2.038853,nan
3jvs,3jvs_489,6.840,-3.722886,nan
3jvs,3jvs_490,7.800,-2.324907,nan
3jvs,3jvs_492,5.320,-2.228360,nan
3jvs,3jvs_502,1.750,-1.742669,nan
3jvs,3jvs_513,1.550,-1.340719,nan
3jvs,3jvs_524,2.360,-1.376222,nan
3jvs,3jvs_546,6.200,-7.425807,nan
3jvs,3jvs_555,3.120,-1.550166,nan
3jvs,3jvs_56,8.410,-8.473001,nan
3jvs,3jvs_583,4.190,-0.602391,nan
3jvs,3jvs_587,4.620,-2.334050,nan
3jvs,3jvs_593,6.580,-7.167064,nan
3jvs,3jvs_613,8.090,-2.691523,nan
3jvs,3jvs_614,1.610,-2.307718,nan
3jvs,3jvs_616,1.980,-2.027277,nan
3jvs,3jvs_617,4.690,-1.340108,nan
3jvs,3jvs_623,5.610,-5.040305,nan
3jvs,3jvs_626,5.200,-2.655357,nan
3jvs,3jvs_640,6.860,-1.379235,nan
3jvs,3jvs_642,5.580,-5.743519,nan
3jvs,3jvs_651,5.920,-7.116571,nan
3jvs,3jvs_658,8.670,-8.545549,nan
3jvs,3jvs_666,7.060,-8.493249,nan
3jvs,3jvs_680,6.660,-5.060312,nan
3jvs,3jvs_688,7.410,-8.568235,nan
3jvs,3jvs_694,3.540,-2.116162,nan
3jvs,3jvs_698,8.620,-2.587497,nan
3jvs,3jvs_703,1.450,-1.992411,nan
3jvs,3jvs_707,2.870,-2.564713,nan
3jvs,3jvs_740,9.130,-2.197251,nan
3jvs,3jvs_742,9.320,-3.068487,nan
3jvs,3jvs_758,8.870,-2.305481,nan
3jvs,3jvs_762,8.840,-3.224396,nan
3jvs,3jvs_769,9.810,-6.581752,nan
3jvs,3jvs_785,3.400,-1.233607,nan
3jvs,3jvs_800,6.990,-2.532645,nan
3jvs,3jvs_804,5.100,-1.945680,nan
3jvs,3jvs_806,3.060,-1.498734,nan
3jvs,3jvs_812,7.050,-1.831792,nan
3jvs,3jvs_815,4.960,-1.030831,nan
3jvs,3jvs_817,9.830,-3.389761,nan
3jvs,3jvs_82,7.280,-3.645715,nan
3jvs,3jvs_822,5.110,-1.522805,nan
3jvs,3jvs_824,9.610,-2.714644,nan
3jvs,3jvs_830,6.510,-3.239411,nan
3jvs,3jvs_831,9.960,-3.323517,nan
3jvs,3jvs_832,4.170,-1.945707,nan
3jvs,3jvs_838,8.630,-1.672327,nan
3jvs,3jvs_840,7.140,-1.785936,nan
3jvs,3jvs_846,9.050,-2.006496,nan
3jvs,3jvs_847,9.920,-3.233645,nan
3jvs,3jvs_856,4.800,-2.020275,nan
3jvs,3jvs_860,9.090,-0.807751,nan
3jvs,3jvs_867,8.950,-0.971995,nan
3jvs,3jvs_868,9.990,-2.403720,nan
3jvs,3jvs_869,8.630,-1.218036,nan
3jvs,3jvs_884,0.980,-1.494709,nan
3jvs,3jvs_895,1.840,-0.871127,nan
3jvs,3jvs_897,0.840,-0.633763,nan
3jvs,3jvs_9,6.890,-0.699502,nan
3jvs,3jvs_904,1.300,-1.063560,nan
3jvs,3jvs_916,2.120,-0.991971,nan
3jvs,3jvs_957,2.470,-1.509417,nan
3jvs,3jvs_963,6.820,-1.140251,nan
3jvs,3jvs_973,3.240,-0.925130,nan
3jya,3jya_125,0.990,-0.917840,nan
3jya,3jya_179,0.940,-0.238189,nan
3jya,3jya_20,1.000,-0.391046,nan
3jya,3jya_238,0.600,-0.480999,nan
3jya,3jya_285,0.980,-0.488286,nan
3jya,3jya_315,0.830,-0.261088,nan
3jya,3jya_324,1.220,-0.507267,nan
3jya,3jya_402,3.780,-2.524773,nan
3jya,3jya_403,4.250,-1.058563,nan
3jya,3jya_405,2.100,-1.178439,nan
3jya,3jya_408,2.270,-0.910089,nan
3jya,3jya_413,1.380,-0.327787,nan
3jya,3jya_418,3.110,-1.500811,nan
3jya,3jya_420,1.000,-0.801461,nan
3jya,3jya_425,2.990,-1.008187,nan
3jya,3jya_428,2.020,-1.064004,nan
3jya,3jya_435,4.120,-0.409949,nan
3jya,3jya_440,1.440,-0.625914,nan
3jya,3jya_449,0.990,-0.677737,nan
3jya,3jya_455,3.670,-1.012969,nan
3jya,3jya_457,1.580,-1.347084,nan
3jya,3jya_459,1.420,-0.428191,nan
3jya,3jya_469,2.770,-0.484361,nan
3jya,3jya_470,3.860,-0.386223,nan
3jya,3jya_471,1.040,-0.207216,nan
3jya,3jya_472,2.090,-1.057644,nan
3jya,3jya_475,3.120,-1.238587,nan
3jya,3jya_481,2.440,-0.684293,nan
3jya,3jya_490,0.850,-0.407230,nan
3jya,3jya_494,3.850,-0.482053,nan
3jya,3jya_506,4.350,-0.680116,nan
3jya,3jya_508,1.190,-0.955825,nan
3jya,3jya_518,4.200,-0.667287,nan
3jya,3jya_531,4.670,-1.076064,nan
3jya,3jya_538,2.070,-0.939623,nan
3jya,3jya_544,0.570,-0.395377,nan
3jya,3jya_553,1.800,-0.527848,nan
3jya,3jya_570,5.030,-1.192291,nan
3jya,3jya_572,3.680,-0.887415,nan
3jya,3jya_584,3.390,-2.127057,nan
3jya,3jya_594,3.840,-1.610712,nan
3jya,3jya_647,5.130,-2.769650,nan
3jya,3jya_649,2.690,-1.209313,nan
3jya,3jya_690,2.000,-0.671442,nan
3jya,3jya_700,4.350,-0.841627,nan
3jya,3jya_712,7.250,-5.781336,nan
3jya,3jya_730,7.400,-6.079932,nan
3jya,3jya_734,4.240,-3.865964,nan
3jya,3jya_735,6.310,-5.324878,nan
3jya,3jya_736,4.380,-2.041627,nan
3jya,3jya_741,6.400,-5.652090,nan
3jya,3jya_742,5.070,-3.743022,nan
3jya,3jya_744,5.110,-4.172829,nan
3jya,3jya_748,5.890,-3.599833,nan
3jya,3jya_750,6.100,-4.993181,nan
3jya,3jya_752,5.790,-4.242899,nan
3jya,3jya_755,5.740,-4.953217,nan
3jya,3jya_756,8.690,-7.801218,nan
3jya,3jya_758,6.790,-5.442924,nan
3jya,3jya_761,4.790,-3.598660,nan
3jya,3jya_764,8.090,-5.867467,nan
3jya,3jya_765,7.480,-6.115013,nan
3jya,3jya_766,7.340,-5.351734,nan
3jya,3jya_767,7.930,-5.940156,nan
3jya,3jya_771,7.840,-6.371609,nan
3jya,3jya_772,8.160,-6.809153,nan
3jya,3jya_774,8.710,-7.611884,nan
3jya,3jya_775,9.660,-8.174310,nan
3jya,3jya_776,5.130,-4.074568,nan
3jya,3jya_780,7.880,-6.204897,nan
3jya,3jya_782,7.110,-5.544649,nan
3jya,3jya_783,6.460,-6.390020,nan
3jya,3jya_786,5.160,-3.662846,nan
3jya,3jya_787,3.810,-3.343396,nan
3jya,3jya_788,4.970,-4.851396,nan
3jya,3jya_791,7.510,-6.404921,nan
3jya,3jya_793,6.330,-6.129034,nan
3jya,3jya_795,2.970,-2.209399,nan
3jya,3jya_796,6.410,-5.795341,nan
3jya,3jya_797,7.230,-7.165316,nan
3jya,3jya_798,5.330,-4.972187,nan
3jya,3jya_799,6.960,-6.549456,nan
3jya,3jya_865,1.950,-0.563897,nan
3jya,3jya_890,6.130,-4.460629,nan
3jya,3jya_898,6.280,-3.814498,nan
3k5v,3k5v_101,5.220,-5.745283,nan
3k5v,3k5v_117,2.650,-2.241488,nan
3k5v,3k5v_123,1.640,-1.539109,nan
3k5v,3k5v_152,8.280,-1.830335,nan
3k5v,3k5v_153,3.090,-1.526756,nan
3k5v,3k5v_171,2.720,-1.476508,nan
3k5v,3k5v_174,2.550,-2.878885,nan
3k5v,3k5v_189,0.920,-0.435062,nan
3k5v,3k5v_199,3.400,-1.799357,nan
3k5v,3k5v_206,8.420,-1.322761,nan
3k5v,3k5v_211,3.410,-1.944139,nan
3k5v,3k5v_218,1.170,-0.631919,nan
3k5v,3k5v_236,1.570,-0.667554,nan
3k5v,3k5v_274,2.880,-0.983735,nan
3k5v,3k5v_275,4.820,-5.332243,nan
3k5v,3k5v_296,3.220,-1.374389,nan
3k5v,3k5v_301,2.600,-2.052037,nan
3k5v,3k5v_321,0.910,-0.627415,nan
3k5v,3k5v_324,1.060,-1.588705,nan
3k5v,3k5v_330,1.910,-1.162666,nan
3k5v,3k5v_333,2.610,-1.398251,nan
3k5v,3k5v_334,8.800,-6.272520,nan
3k5v,3k5v_335,2.700,-1.378302,nan
3k5v,3k5v_337,0.980,-0.560293,nan
3k5v,3k5v_367,0.820,-0.853874,nan
3k5v,3k5v_382,8.690,-5.526597,nan
3k5v,3k5v_383,1.910,-2.782201,nan
3k5v,3k5v_385,0.630,-1.056005,nan
3k5v,3k5v_386,0.640,-0.503186,nan
3k5v,3k5v_391,7.060,-2.959470,nan
3k5v,3k5v_393,0.650,-1.034885,nan
3k5v,3k5v_400,0.930,-1.657084,nan
3k5v,3k5v_429,8.420,-2.693973,nan
3k5v,3k5v_431,7.930,-2.348640,nan
3k5v,3k5v_433,8.090,-2.285095,nan
3k5v,3k5v_442,3.450,-1.559979,nan
3k5v,3k5v_456,2.560,-2.354179,nan
3k5v,3k5v_468,4.070,-3.279554,nan
3k5v,3k5v_484,4.010,-2.033577,nan
3k5v,3k5v_490,7.540,-1.965341,nan
3k5v,3k5v_493,2.000,-1.919901,nan
3k5v,3k5v_498,7.930,-2.020257,nan
3k5v,3k5v_499,3.060,-1.800827,nan
3k5v,3k5v_541,6.870,-4.174896,nan
3k5v,3k5v_543,4.700,-5.249472,nan
3k5v,3k5v_548,3.750,-3.057798,nan
3k5v,3k5v_558,1.610,-1.644937,nan
3k5v,3k5v_561,5.100,-5.106732,nan
3k5v,3k5v_563,7.560,-8.015330,nan
3k5v,3k5v_588,5.080,-5.822088,nan
3k5v,3k5v_592,5.130,-6.369208,nan
3k5v,3k5v_593,2.560,-1.893165,nan
3k5v,3k5v_601,5.240,-4.236103,nan
3k5v,3k5v_626,6.680,-3.619653,nan
3k5v,3k5v_630,4.310,-4.196278,nan
3k5v,3k5v_640,7.730,-4.173209,nan
3k5v,3k5v_658,4.660,-3.882062,nan
3k5v,3k5v_664,1.010,-1.076420,nan
3k5v,3k5v_666,3.580,-2.977278,nan
3k5v,3k5v_686,6.720,-7.108086,nan
3k5v,3k5v_710,1.540,-1.346354,nan
3k5v,3k5v_713,4.430,-5.119813,nan
3k5v,3k5v_727,8.730,-8.262176,nan
3k5v,3k5v_729,7.410,-8.077953,nan
3k5v,3k5v_732,5.990,-8.147099,nan
3k5v,3k5v_738,9.990,-6.165011,nan
3k5v,3k5v_740,7.690,-2.043555,nan
3k5v,3k5v_742,9.670,-8.510680,nan
3k5v,3k5v_757,9.450,-5.121985,nan
3k5v,3k5v_759,5.040,-5.943935,nan
3k5v,3k5v_762,8.480,-8.334329,nan
3k5v,3k5v_769,6.310,-7.887969,nan
3k5v,3k5v_772,8.700,-7.200497,nan
3k5v,3k5v_774,7.950,-8.584088,nan
3k5v,3k5v_775,8.440,-8.444961,nan
3k5v,3k5v_776,9.100,-4.761911,nan
3k5v,3k5v_810,3.090,-1.895620,nan
3k5v,3k5v_842,2.290,-1.563636,nan
3k5v,3k5v_843,3.780,-4.607437,nan
3k5v,3k5v_851,7.530,-8.570542,nan
3k5v,3k5v_852,5.300,-8.022352,nan
3k5v,3k5v_866,4.110,-3.012331,nan
3k5v,3k5v_886,4.060,-5.747363,nan
3k5v,3k5v_891,5.400,-4.667986,nan
3k5v,3k5v_928,4.120,-3.488887,nan
3k5v,3k5v_953,0.990,-1.173916,nan
3k5v,3k5v_960,5.300,-4.624664,nan
3k5v,3k5v_981,0.930,-1.194884,nan
3kgp,3kgp_20,0.990,-0.561416,nan
3kgp,3kgp_31,1.000,-0.216540,nan
3kgp,3kgp_408,4.440,-1.092663,nan
3kgp,3kgp_420,4.700,-1.011307,nan
3kgp,3kgp_431,1.680,-1.185903,nan
3kgp,3kgp_434,2.810,-0.856984,nan
3kgp,3kgp_457,2.350,-1.640770,nan
3kgp,3kgp_465,2.540,-1.638025,nan
3kgp,3kgp_475,3.090,-1.437006,nan
3kgp,3kgp_477,2.240,-1.960754,nan
3kgp,3kgp_483,5.150,-2.061639,nan
3kgp,3kgp_491,5.070,-1.620887,nan
3kgp,3kgp_492,1.010,-1.117890,nan
3kgp,3kgp_493,1.760,-1.590215,nan
3kgp,3kgp_496,1.930,-1.417309,nan
3kgp,3kgp_5,1.000,-0.539391,nan
3kgp,3kgp_504,4.020,-1.559794,nan
3kgp,3kgp_507,3.970,-1.708525,nan
3kgp,3kgp_511,3.580,-4.385346,nan
3kgp,3kgp_523,4.360,-0.466198,nan
3kgp,3kgp_524,5.270,-3.731835,nan
3kgp,3kgp_528,3.470,-3.587116,nan
3kgp,3kgp_532,3.130,-3.123326,nan
3kgp,3kgp_533,3.530,-4.127856,nan
3kgp,3kgp_541,1.910,-0.613313,nan
3kgp,3kgp_547,5.480,-3.173398,nan
3kgp,3kgp_551,5.250,-1.959193,nan
3kgp,3kgp_568,3.980,-1.826431,nan
3kgp,3kgp_573,5.010,-2.526541,nan
3kgp,3kgp_574,2.530,-2.855954,nan
3kgp,3kgp_591,3.440,-3.501904,nan
3kgp,3kgp_596,3.180,-3.738222,nan
3kgp,3kgp_600,5.590,-2.759986,nan
3kgp,3kgp_610,3.240,-1.369416,nan
3kgp,3kgp_657,1.860,-2.120172,nan
3kgp,3kgp_661,0.950,-1.501302,nan
3kgp,3kgp_687,4.430,-2.881569,nan
3kgp,3kgp_693,5.400,-3.957435,nan
3kgp,3kgp_696,2.030,-1.342666,nan
3kgp,3kgp_700,2.620,-1.354674,nan
3kgp,3kgp_715,1.600,-0.589700,nan
3kgp,3kgp_745,1.370,-1.161949,nan
3kgp,3kgp_750,1.760,-0.681454,nan
3kgp,3kgp_757,1.030,-0.838012,nan
3kgp,3kgp_763,4.670,-1.046523,nan
3kgp,3kgp_768,4.320,-0.891854,nan
3kgp,3kgp_771,7.200,-6.459229,nan
3kgp,3kgp_776,6.170,-5.614587,nan
3kgp,3kgp_777,2.210,-1.378505,nan
3kgp,3kgp_778,6.220,-5.708488,nan
3kgp,3kgp_780,2.490,-2.190131,nan
3kgp,3kgp_782,6.870,-6.028219,nan
3kgp,3kgp_783,4.510,-0.922920,nan
3kgp,3kgp_784,6.090,-4.690972,nan
3kgp,3kgp_785,6.040,-4.690794,nan
3kgp,3kgp_786,6.070,-4.282217,nan
3kgp,3kgp_787,4.580,-1.222981,nan
3kgp,3kgp_788,6.110,-4.796830,nan
3kgp,3kgp_789,6.070,-4.668706,nan
3kgp,3kgp_790,4.150,-3.621933,nan
3kgp,3kgp_791,6.080,-4.617201,nan
3kgp,3kgp_792,6.070,-4.350592,nan
3kgp,3kgp_796,5.360,-4.099590,nan
3kgp,3kgp_798,5.890,-4.263597,nan
3kgp,3kgp_799,2.570,-1.040969,nan
3kr8,3kr8_419,1.030,-0.630835,nan
3kr8,3kr8_422,0.920,-0.419448,nan
3kr8,3kr8_428,0.900,-0.219102,nan
3kr8,3kr8_441,0.950,-1.012703,nan
3kr8,3kr8_442,2.000,-0.682448,nan
3kr8,3kr8_453,1.000,-1.256659,nan
3kr8,3kr8_459,1.740,-0.895230,nan
3kr8,3kr8_460,2.480,-1.683163,nan
3kr8,3kr8_470,2.340,-1.547457,nan
3kr8,3kr8_475,2.550,-1.919688,nan
3kr8,3kr8_479,6.760,-1.136489,nan
3kr8,3kr8_489,2.070,-0.665587,nan
3kr8,3kr8_492,1.080,-1.108000,nan
3kr8,3kr8_498,1.420,-0.565726,nan
3kr8,3kr8_499,0.950,-0.727660,nan
3kr8,3kr8_505,0.930,-0.888921,nan
3kr8,3kr8_558,1.410,-1.196987,nan
3kr8,3kr8_568,2.080,-1.760134,nan
3kr8,3kr8_579,8.200,-5.203324,nan
3kr8,3kr8_582,3.420,-2.306161,nan
3kr8,3kr8_584,4.030,-4.235266,nan
3kr8,3kr8_585,2.110,-1.897765,nan
3kr8,3kr8_595,8.060,-3.438654,nan
3kr8,3kr8_598,8.880,-6.247643,nan
3kr8,3kr8_609,2.140,-0.878250,nan
3kr8,3kr8_617,2.240,-0.796024,nan
3kr8,3kr8_619,6.850,-1.398704,nan
3kr8,3kr8_640,1.630,-1.693648,nan
3kr8,3kr8_646,2.690,-1.155704,nan
3kr8,3kr8_650,8.020,-6.479004,nan
3kr8,3kr8_653,1.430,-1.264660,nan
3kr8,3kr8_656,7.010,-4.666992,nan
3kr8,3kr8_658,4.090,-2.502598,nan
3kr8,3kr8_661,3.500,-2.273313,nan
3kr8,3kr8_664,1.410,-1.084424,nan
3kr8,3kr8_674,4.020,-2.753849,nan
3kr8,3kr8_683,6.780,-6.032371,nan
3kr8,3kr8_690,4.040,-3.740284,nan
3kr8,3kr8_695,4.280,-3.993593,nan
3kr8,3kr8_696,3.580,-2.575895,nan
3kr8,3kr8_699,6.680,-3.547789,nan
3kr8,3kr8_702,2.030,-1.115739,nan
3kr8,3kr8_728,9.270,-8.583777,nan
3kr8,3kr8_731,7.790,-2.820669,nan
3kr8,3kr8_745,7.090,-5.720995,nan
3kr8,3kr8_747,9.380,-8.573148,nan
3kr8,3kr8_756,8.710,-8.588266,nan
3kr8,3kr8_757,9.990,-7.713730,nan
3kr8,3kr8_759,9.830,-8.577525,nan
3kr8,3kr8_761,3.690,-3.178205,nan
3kr8,3kr8_763,3.880,-3.091244,nan
3kr8,3kr8_765,9.020,-8.596520,nan
3kr8,3kr8_767,6.170,-5.497991,nan
3kr8,3kr8_768,9.620,-8.596463,nan
3kr8,3kr8_771,7.820,-7.535268,nan
3kr8,3kr8_772,9.200,-8.589202,nan
3kr8,3kr8_776,6.200,-4.929368,nan
3kr8,3kr8_779,9.440,-8.585968,nan
3kr8,3kr8_780,8.460,-8.191795,nan
3kr8,3kr8_781,7.120,-3.584160,nan
3kr8,3kr8_783,4.280,-3.525796,nan
3kr8,3kr8_785,0.680,-0.497814,nan
3kr8,3kr8_787,1.170,-0.425565,nan
3kr8,3kr8_807,7.870,-7.384385,nan
3kr8,3kr8_819,8.540,-6.377953,nan
3kr8,3kr8_826,7.350,-8.519524,nan
3kr8,3kr8_852,7.990,-3.344796,nan
3kr8,3kr8_856,8.580,-8.568063,nan
3kr8,3kr8_870,8.060,-3.310025,nan
3kr8,3kr8_876,8.040,-3.295696,nan
3kr8,3kr8_882,9.150,-8.565626,nan
3kr8,3kr8_884,0.560,-0.559514,nan
3kr8,3kr8_894,0.620,-0.862937,nan
3kr8,3kr8_896,0.930,-0.405713,nan
3kr8,3kr8_910,6.980,-1.977750,nan
3kr8,3kr8_922,9.520,-8.571134,nan
3kr8,3kr8_958,6.610,-0.628877,nan
3kr8,3kr8_965,7.480,-7.268344,nan
3kr8,3kr8_969,7.020,-1.536206,nan
3kr8,3kr8_971,6.800,-1.196307,nan
3kr8,3kr8_980,6.590,-0.817852,nan
3kwa,3kwa_128,1.970,-1.975185,nan
3kwa,3kwa_130,1.760,-0.642885,nan
3kwa,3kwa_160,1.910,-1.379363,nan
3kwa,3kwa_185,1.710,-0.585355,nan
3kwa,3kwa_296,4.280,-2.062145,nan
3kwa,3kwa_328,1.920,-1.458633,nan
3kwa,3kwa_413,2.710,-3.376790,nan
3kwa,3kwa_449,2.530,-2.261803,nan
3kwa,3kwa_469,4.060,-3.495242,nan
3kwa,3kwa_49,3.760,-5.728344,nan
3kwa,3kwa_499,1.790,-1.328549,nan
3kwa,3kwa_525,5.630,-6.059203,nan
3kwa,3kwa_541,1.910,-0.974709,nan
3kwa,3kwa_570,5.480,-7.568244,nan
3kwa,3kwa_573,5.990,-5.933646,nan
3kwa,3kwa_576,3.640,-4.971083,nan
3kwa,3kwa_600,5.170,-5.321268,nan
3kwa,3kwa_620,5.880,-6.230834,nan
3kwa,3kwa_624,4.110,-3.613554,nan
3kwa,3kwa_635,6.180,-5.685846,nan
3kwa,3kwa_661,5.530,-5.819535,nan
3kwa,3kwa_686,5.290,-6.353725,nan
3kwa,3kwa_694,3.520,-3.950327,nan
3kwa,3kwa_713,3.770,-3.058887,nan
3kwa,3kwa_725,2.950,-1.209079,nan
3kwa,3kwa_727,5.110,-4.340704,nan
3kwa,3kwa_748,4.220,-2.737087,nan
3kwa,3kwa_749,4.150,-3.553798,nan
3kwa,3kwa_750,2.650,-2.246356,nan
3kwa,3kwa_758,2.380,-2.749050,nan
3kwa,3kwa_766,6.090,-3.977246,nan
3kwa,3kwa_773,1.940,-0.674988,nan
3kwa,3kwa_775,3.670,-3.358020,nan
3kwa,3kwa_780,4.380,-3.513248,nan
3kwa,3kwa_782,4.920,-3.307830,nan
3kwa,3kwa_792,4.530,-4.989777,nan
3kwa,3kwa_794,5.040,-3.581896,nan
3kwa,3kwa_799,3.460,-3.494341,nan
3kwa,3kwa_801,2.380,-3.130533,nan
3kwa,3kwa_804,3.090,-2.172654,nan
3kwa,3kwa_810,3.440,-0.761699,nan
3kwa,3kwa_817,2.820,-4.475349,nan
3kwa,3kwa_823,4.350,-1.795038,nan
3kwa,3kwa_833,2.710,-3.245339,nan
3kwa,3kwa_852,2.920,-0.970929,nan
3kwa,3kwa_872,1.960,-1.626085,nan
3kwa,3kwa_876,3.500,-1.282457,nan
3kwa,3kwa_883,5.570,-3.283055,nan
3kwa,3kwa_936,2.790,-2.889338,nan
3kwa,3kwa_942,4.620,-4.822509,nan
3kwa,3kwa_960,3.920,-2.246054,nan
3l7b,3l7b_163,0.690,-0.408475,nan
3l7b,3l7b_203,6.070,-3.129202,nan
3l7b,3l7b_207,0.910,-0.210401,nan
3l7b,3l7b_217,6.050,-2.935879,nan
3l7b,3l7b_22,5.670,-1.633201,nan
3l7b,3l7b_256,1.310,-0.442188,nan
3l7b,3l7b_30,0.510,-0.606808,nan
3l7b,3l7b_38,0.420,-0.648445,nan
3l7b,3l7b_402,4.140,-1.785144,nan
3l7b,3l7b_416,1.840,-0.575395,nan
3l7b,3l7b_426,1.980,-1.471573,nan
3l7b,3l7b_439,1.910,-1.992897,nan
3l7b,3l7b_446,2.220,-2.065938,nan
3l7b,3l7b_447,1.290,-1.312837,nan
3l7b,3l7b_450,3.970,-1.983981,nan
3l7b,3l7b_458,1.880,-2.218083,nan
3l7b,3l7b_462,4.450,-2.848372,nan
3l7b,3l7b_463,2.740,-2.312366,nan
3l7b,3l7b_468,3.830,-2.037599,nan
3l7b,3l7b_47,0.770,-0.571959,nan
3l7b,3l7b_485,2.130,-1.554996,nan
3l7b,3l7b_491,1.570,-1.348181,nan
3l7b,3l7b_500,3.030,-2.060419,nan
3l7b,3l7b_509,6.940,-5.532789,nan
3l7b,3l7b_521,5.980,-3.371682,nan
3l7b,3l7b_523,2.740,-3.332069,nan
3l7b,3l7b_526,7.540,-6.610543,nan
3l7b,3l7b_527,2.480,-2.167289,nan
3l7b,3l7b_531,5.490,-1.083708,nan
3l7b,3l7b_542,3.440,-3.067069,nan
3l7b,3l7b_545,2.280,-1.879670,nan
3l7b,3l7b_550,5.150,-1.645268,nan
3l7b,3l7b_554,6.850,-6.447963,nan
3l7b,3l7b_557,7.970,-7.248957,nan
3l7b,3l7b_560,5.430,-1.580548,nan
3l7b,3l7b_561,1.870,-1.663076,nan
3l7b,3l7b_566,3.100,-2.657928,nan
3l7b,3l7b_568,7.100,-7.905313,nan
3l7b,3l7b_576,1.770,-2.031785,nan
3l7b,3l7b_578,5.500,-2.506706,nan
3l7b,3l7b_579,6.990,-6.080739,nan
3l7b,3l7b_582,2.430,-1.029052,nan
3l7b,3l7b_584,3.190,-1.828337,nan
3l7b,3l7b_586,5.630,-2.845332,nan
3l7b,3l7b_588,6.120,-3.994603,nan
3l7b,3l7b_592,4.980,-2.608266,nan
3l7b,3l7b_604,4.890,-1.479755,nan
3l7b,3l7b_612,2.990,-2.482035,nan
3l7b,3l7b_616,4.980,-2.503745,nan
3l7b,3l7b_621,6.140,-6.868364,nan
3l7b,3l7b_627,4.300,-4.113213,nan
3l7b,3l7b_628,3.840,-4.324757,nan
3l7b,3l7b_631,3.600,-2.046160,nan
3l7b,3l7b_633,7.850,-8.235050,nan
3l7b,3l7b_638,6.020,-6.483433,nan
3l7b,3l7b_643,4.670,-1.322234,nan
3l7b,3l7b_656,4.980,-1.713583,nan
3l7b,3l7b_657,5.300,-2.413195,nan
3l7b,3l7b_658,6.040,-3.580125,nan
3l7b,3l7b_659,3.150,-3.432927,nan
3l7b,3l7b_66,0.820,-0.711400,nan
3l7b,3l7b_660,5.890,-3.854783,nan
3l7b,3l7b_665,1.660,-0.801765,nan
3l7b,3l7b_683,7.680,-6.973516,nan
3l7b,3l7b_685,9.140,-8.470009,nan
3l7b,3l7b_686,6.160,-6.331655,nan
3l7b,3l7b_687,2.600,-2.991201,nan
3l7b,3l7b_690,2.900,-1.697275,nan
3l7b,3l7b_694,5.150,-1.252309,nan
3l7b,3l7b_696,7.100,-7.905313,nan
3l7b,3l7b_719,4.150,-2.834832,nan
3l7b,3l7b_72,0.890,-0.776483,nan
3l7b,3l7b_730,3.980,-2.685863,nan
3l7b,3l7b_750,4.230,-2.962915,nan
3l7b,3l7b_844,0.750,-1.045061,nan
3l7b,3l7b_9,0.400,-0.695513,nan
3l7b,3l7b_93,0.900,-0.765701,nan
3lka,3lka_161,1.560,-0.148204,nan
3lka,3lka_24,5.360,-2.124890,nan
3lka,3lka_258,2.320,-0.550719,nan
3lka,3lka_319,4.870,-1.300604,nan
3lka,3lka_373,1.670,-0.290470,nan
3lka,3lka_404,1.320,-0.815987,nan
3lka,3lka_431,0.940,-0.192022,nan
3lka,3lka_435,6.100,-3.059865,nan
3lka,3lka_438,2.090,-1.040727,nan
3lka,3lka_439,6.850,-5.114746,nan
3lka,3lka_443,2.050,-1.183222,nan
3lka,3lka_444,2.900,-1.589787,nan
3lka,3lka_456,2.000,-1.064820,nan
3lka,3lka_457,0.910,-0.422988,nan
3lka,3lka_459,2.280,-1.818264,nan
3lka,3lka_468,2.580,-1.407036,nan
3lka,3lka_472,3.850,-2.692711,nan
3lka,3lka_477,3.440,-2.160643,nan
3lka,3lka_485,2.200,-1.316040,nan
3lka,3lka_486,0.870,-0.414572,nan
3lka,3lka_490,3.120,-1.563208,nan
3lka,3lka_491,3.740,-2.400783,nan
3lka,3lka_495,1.550,-0.675867,nan
3lka,3lka_498,4.670,-1.581924,nan
3lka,3lka_501,5.120,-4.238349,nan
3lka,3lka_505,6.050,-4.920982,nan
3lka,3lka_510,1.660,-0.693025,nan
3lka,3lka_515,4.680,-3.686337,nan
3lka,3lka_518,5.090,-4.534027,nan
3lka,3lka_521,6.020,-5.373685,nan
3lka,3lka_536,3.990,-3.713262,nan
3lka,3lka_541,0.910,-0.422988,nan
3lka,3lka_544,1.800,-0.828968,nan
3lka,3lka_554,5.680,-4.540995,nan
3lka,3lka_556,0.940,-0.192022,nan
3lka,3lka_558,4.800,-4.500206,nan
3lka,3lka_559,6.100,-5.374605,nan
3lka,3lka_562,0.730,-0.555890,nan
3lka,3lka_565,5.730,-4.590755,nan
3lka,3lka_568,4.270,-3.112843,nan
3lka,3lka_582,4.490,-4.219515,nan
3lka,3lka_588,1.330,-0.357999,nan
3lka,3lka_593,1.010,-0.914696,nan
3lka,3lka_613,4.310,-4.117959,nan
3lka,3lka_627,5.630,-4.839743,nan
3lka,3lka_644,5.020,-4.302330,nan
3lka,3lka_652,2.820,-2.319904,nan
3lka,3lka_653,2.090,-0.454363,nan
3lka,3lka_660,4.510,-3.772613,nan
3lka,3lka_665,0.870,-0.414572,nan
3lka,3lka_668,0.910,-0.422988,nan
3lka,3lka_685,1.700,-0.212934,nan
3lka,3lka_735,7.290,-5.990132,nan
3lka,3lka_745,3.320,-1.947311,nan
3lka,3lka_749,7.370,-6.895200,nan
3lka,3lka_752,7.070,-5.584882,nan
3lka,3lka_756,7.570,-6.875472,nan
3lka,3lka_760,7.120,-6.341279,nan
3lka,3lka_764,2.800,-2.001134,nan
3lka,3lka_771,4.980,-1.851128,nan
3lka,3lka_772,5.230,-1.756147,nan
3lka,3lka_774,3.710,-2.611870,nan
3lka,3lka_775,3.950,-2.892399,nan
3lka,3lka_777,6.110,-4.240140,nan
3lka,3lka_780,6.220,-5.478771,nan
3lka,3lka_787,6.540,-4.661230,nan
3lka,3lka_791,5.630,-3.701518,nan
3lka,3lka_792,6.830,-6.291362,nan
3lka,3lka_794,6.950,-5.892974,nan
3lka,3lka_868,7.240,-5.990132,nan
3lka,3lka_870,7.290,-5.990132,nan
3lka,3lka_871,8.970,-8.175908,nan
3lka,3lka_882,3.380,-2.172885,nan
3lka,3lka_884,8.960,-8.089179,nan
3lka,3lka_888,7.280,-5.865448,nan
3lka,3lka_889,8.950,-8.300228,nan
3lka,3lka_893,7.240,-7.461127,nan
3lka,3lka_932,4.570,-4.304296,nan
3lka,3lka_94,5.440,-2.074452,nan
3mss,3mss_101,1.940,-0.401705,nan
3mss,3mss_141,2.120,-0.550080,nan
3mss,3mss_18,1.980,-0.464273,nan
3mss,3mss_197,1.990,-0.797933,nan
3mss,3mss_214,9.780,-5.662873,nan
3mss,3mss_23,1.970,-0.866277,nan
3mss,3mss_239,9.150,-5.237529,nan
3mss,3mss_244,7.790,-3.888884,nan
3mss,3mss_264,8.810,-3.731709,nan
3mss,3mss_3,9.600,-3.696699,nan
3mss,3mss_311,2.710,-0.334464,nan
3mss,3mss_386,9.790,-2.639926,nan
3mss,3mss_401,4.740,-1.861759,nan
3mss,3mss_412,4.060,-1.648759,nan
3mss,3mss_424,8.450,-4.497481,nan
3mss,3mss_433,4.970,-2.813785,nan
3mss,3mss_434,8.340,-4.148622,nan
3mss,3mss_443,4.310,-1.991889,nan
3mss,3mss_445,4.450,-2.293832,nan
3mss,3mss_448,3.920,-1.414722,nan
3mss,3mss_451,2.580,-1.510579,nan
3mss,3mss_458,3.020,-0.890197,nan
3mss,3mss_459,2.870,-1.774449,nan
3mss,3mss_465,3.730,-3.070598,nan
3mss,3mss_466,2.520,-1.696046,nan
3mss,3mss_467,6.570,-2.449163,nan
3mss,3mss_475,3.210,-2.291165,nan
3mss,3mss_476,3.610,-1.587438,nan
3mss,3mss_487,5.080,-3.903990,nan
3mss,3mss_499,7.500,-2.030308,nan
3mss,3mss_507,6.800,-1.236191,nan
3mss,3mss_518,7.090,-2.428654,nan
3mss,3mss_522,7.720,-2.504686,nan
3mss,3mss_534,5.170,-3.857581,nan
3mss,3mss_546,2.570,-0.768937,nan
3mss,3mss_548,2.930,-1.393547,nan
3mss,3mss_555,6.640,-1.160521,nan
3mss,3mss_561,6.850,-2.411088,nan
3mss,3mss_568,7.380,-1.578488,nan
3mss,3mss_571,3.060,-1.655769,nan
3mss,3mss_574,6.850,-3.435378,nan
3mss,3mss_576,7.400,-2.911934,nan
3mss,3mss_591,4.320,-3.430492,nan
3mss,3mss_621,8.140,-5.393727,nan
3mss,3mss_628,3.010,-1.311764,nan
3mss,3mss_64,1.800,-0.325900,nan
3mss,3mss_653,6.720,-2.718854,nan
3mss,3mss_665,7.130,-2.397941,nan
3mss,3mss_668,4.840,-3.493677,nan
3mss,3mss_669,5.200,-4.278358,nan
3mss,3mss_678,8.600,-3.535036,nan
3mss,3mss_680,3.120,-1.445826,nan
3mss,3mss_681,4.060,-3.517470,nan
3mss,3mss_682,3.560,-2.688462,nan
3mss,3mss_684,6.730,-3.015452,nan
3mss,3mss_689,4.280,-2.003587,nan
3mss,3mss_697,6.810,-2.086959,nan
3mss,3mss_730,1.810,-0.564391,nan
3mss,3mss_737,8.710,-5.502988,nan
3mss,3mss_74,2.000,-0.469452,nan
3mss,3mss_747,9.340,-5.387843,nan
3mss,3mss_757,9.210,-5.835871,nan
3mss,3mss_758,7.440,-0.888915,nan
3mss,3mss_765,9.980,-5.765482,nan
3mss,3mss_79,1.990,-0.292284,nan
3mss,3mss_792,8.130,-3.158076,nan
3mss,3mss_800,7.960,-2.815894,nan
3mss,3mss_812,8.730,-3.470070,nan
3mss,3mss_82,9.520,-2.457346,nan
3mss,3mss_827,6.480,-3.536897,nan
3mss,3mss_836,3.050,-2.087568,nan
3mss,3mss_840,7.950,-2.979154,nan
3mss,3mss_856,1.970,-0.299950,nan
3mss,3mss_869,4.060,-1.015517,nan
3mss,3mss_873,2.890,-1.890246,nan
3mss,3mss_9,2.610,-0.915882,nan
3mss,3mss_94,9.210,-5.017984,nan
3mss,3mss_946,8.170,-2.164493,nan
3mss,3mss_948,2.580,-0.657992,nan
3mss,3mss_952,7.000,-1.063306,nan
3mss,3mss_96,2.000,-0.312261,nan
3mss,3mss_971,8.810,-5.553344,nan
3mss,3mss_974,9.290,-6.328427,nan
3myg,3myg_104,8.320,-2.068944,nan
3myg,3myg_110,9.280,-3.896512,nan
3myg,3myg_115,4.640,-1.171596,nan
3myg,3myg_140,0.810,-0.334948,nan
3myg,3myg_159,9.360,-8.005305,nan
3myg,3myg_162,9.040,-6.383038,nan
3myg,3myg_181,9.390,-6.344459,nan
3myg,3myg_198,9.170,-4.830245,nan
3myg,3myg_225,1.290,-0.536127,nan
3myg,3myg_31,8.850,-5.184199,nan
3myg,3myg_333,0.910,-0.213377,nan
3myg,3myg_370,7.270,-4.281611,nan
3myg,3myg_407,7.540,-1.441236,nan
3myg,3myg_410,6.910,-1.730738,nan
3myg,3myg_422,6.880,-2.107756,nan
3myg,3myg_427,6.800,-2.068320,nan
3myg,3myg_435,5.160,-1.822605,nan
3myg,3myg_438,5.940,-2.776622,nan
3myg,3myg_447,6.730,-2.490434,nan
3myg,3myg_456,7.430,-3.600081,nan
3myg,3myg_459,5.660,-2.215329,nan
3myg,3myg_462,6.330,-2.247657,nan
3myg,3myg_463,6.850,-2.425293,nan
3myg,3myg_470,5.310,-2.351118,nan
3myg,3myg_472,7.960,-2.864007,nan
3myg,3myg_475,2.540,-1.815651,nan
3myg,3myg_476,7.540,-1.598653,nan
3myg,3myg_480,4.430,-2.072012,nan
3myg,3myg_483,5.300,-2.453475,nan
3myg,3myg_498,5.680,-3.750539,nan
3myg,3myg_500,3.040,-0.767495,nan
3myg,3myg_504,5.060,-2.974049,nan
3myg,3myg_526,4.190,-1.816528,nan
3myg,3myg_542,2.900,-0.936227,nan
3myg,3myg_548,1.360,-1.007720,nan
3myg,3myg_550,4.170,-3.864301,nan
3myg,3myg_551,4.790,-4.247848,nan
3myg,3myg_561,6.510,-2.177261,nan
3myg,3myg_574,6.300,-3.730516,nan
3myg,3myg_577,5.610,-4.808424,nan
3myg,3myg_582,7.510,-2.874107,nan
3myg,3myg_588,4.120,-3.184266,nan
3myg,3myg_589,4.160,-2.926600,nan
3myg,3myg_591,3.470,-2.740948,nan
3myg,3myg_600,6.320,-3.262016,nan
3myg,3myg_613,4.740,-1.426176,nan
3myg,3myg_644,2.550,-1.108099,nan
3myg,3myg_665,7.860,-1.572355,nan
3myg,3myg_667,5.040,-2.535777,nan
3myg,3myg_684,6.180,-1.979615,nan
3myg,3myg_693,1.590,-0.613088,nan
3myg,3myg_695,7.220,-2.890656,nan
3myg,3myg_699,3.640,-1.070619,nan
3myg,3myg_703,2.100,-1.504101,nan
3myg,3myg_714,0.680,-0.474754,nan
3myg,3myg_725,0.690,-0.559328,nan
3myg,3myg_729,0.920,-0.546086,nan
3myg,3myg_733,0.980,-0.489961,nan
3myg,3myg_737,0.900,-0.664268,nan
3myg,3myg_741,2.950,-1.899179,nan
3myg,3myg_743,1.700,-0.781006,nan
3myg,3myg_745,4.290,-1.384937,nan
3myg,3myg_756,4.870,-1.404808,nan
3myg,3myg_761,2.290,-0.560305,nan
3myg,3myg_762,3.850,-2.026965,nan
3myg,3myg_764,8.910,-8.586923,nan
3myg,3myg_767,3.030,-1.615834,nan
3myg,3myg_768,7.590,-3.099184,nan
3myg,3myg_769,5.980,-5.586048,nan
3myg,3myg_780,3.950,-1.049855,nan
3myg,3myg_782,8.770,-4.732707,nan
3myg,3myg_783,9.880,-8.531752,nan
3myg,3myg_784,9.070,-3.477065,nan
3myg,3myg_788,9.170,-4.778798,nan
3myg,3myg_792,9.370,-6.335676,nan
3myg,3myg_794,8.450,-1.737175,nan
3myg,3myg_803,2.080,-0.622692,nan
3myg,3myg_840,1.280,-0.354006,nan
3myg,3myg_841,8.450,-3.077068,nan
3myg,3myg_846,2.600,-1.764544,nan
3myg,3myg_850,2.200,-1.158391,nan
3myg,3myg_867,8.000,-4.314023,nan
3myg,3myg_875,3.510,-2.284273,nan
3myg,3myg_882,8.610,-4.986817,nan
3myg,3myg_884,9.830,-6.645323,nan
3myg,3myg_886,8.140,-1.955014,nan
3myg,3myg_887,8.710,-4.131179,nan
3myg,3myg_890,3.350,-1.210589,nan
3myg,3myg_894,3.210,-1.610917,nan
3myg,3myg_900,1.660,-0.592505,nan
3myg,3myg_902,0.880,-0.705535,nan
3myg,3myg_905,0.820,-0.421908,nan
3myg,3myg_913,0.890,-0.628004,nan
3myg,3myg_923,1.140,-0.609823,nan
3myg,3myg_925,1.930,-0.769243,nan
3myg,3myg_947,1.120,-0.704019,nan
3myg,3myg_965,2.040,-0.602381,nan
3myg,3myg_974,8.540,-2.274995,nan
3myg,3myg_980,1.840,-0.898515,nan
3myg,3myg_994,3.340,-0.495095,nan
3n76,3n76_219,0.990,-0.972299,nan
3n76,3n76_261,0.730,-1.023172,nan
3n76,3n76_279,0.770,-0.966117,nan
3n76,3n76_403,7.090,-3.277142,nan
3n76,3n76_406,6.590,-1.829764,nan
3n76,3n76_407,0.890,-1.157672,nan
3n76,3n76_419,2.860,-1.781149,nan
3n76,3n76_429,6.950,-2.814468,nan
3n76,3n76_432,6.750,-2.502163,nan
3n76,3n76_440,6.850,-2.946000,nan
3n76,3n76_441,2.830,-1.587953,nan
3n76,3n76_455,7.030,-2.729131,nan
3n76,3n76_459,7.150,-2.443062,nan
3n76,3n76_463,6.950,-2.166151,nan
3n76,3n76_466,0.790,-0.941619,nan
3n76,3n76_470,7.460,-1.763269,nan
3n76,3n76_476,2.110,-2.194976,nan
3n76,3n76_480,6.790,-1.782710,nan
3n76,3n76_483,6.800,-2.247981,nan
3n76,3n76_484,7.060,-2.436229,nan
3n76,3n76_486,2.210,-1.956382,nan
3n76,3n76_488,7.410,-2.068553,nan
3n76,3n76_491,6.790,-2.294245,nan
3n76,3n76_494,6.920,-1.588503,nan
3n76,3n76_526,1.700,-2.453290,nan
3n76,3n76_527,1.190,-1.381134,nan
3n76,3n76_539,1.250,-1.609645,nan
3n76,3n76_552,3.310,-2.392317,nan
3n76,3n76_558,2.880,-2.115828,nan
3n76,3n76_574,1.380,-1.539487,nan
3n76,3n76_577,2.880,-2.320820,nan
3n76,3n76_578,1.340,-1.775205,nan
3n76,3n76_580,1.960,-1.486268,nan
3n76,3n76_585,3.090,-1.802408,nan
3n76,3n76_586,2.150,-2.898981,nan
3n76,3n76_587,3.020,-1.491005,nan
3n76,3n76_594,1.860,-1.547562,nan
3n76,3n76_606,2.600,-1.634786,nan
3n76,3n76_620,3.450,-3.792843,nan
3n76,3n76_630,3.090,-2.350080,nan
3n76,3n76_632,7.480,-2.767118,nan
3n76,3n76_633,7.100,-3.842240,nan
3n76,3n76_641,5.870,-2.007821,nan
3n76,3n76_642,3.050,-2.653888,nan
3n76,3n76_662,3.070,-1.603480,nan
3n76,3n76_665,3.130,-2.439702,nan
3n76,3n76_676,3.060,-2.040275,nan
3n76,3n76_689,7.230,-3.277968,nan
3n76,3n76_692,6.840,-2.831805,nan
3n76,3n76_693,3.190,-2.199308,nan
3n76,3n76_695,7.130,-2.973746,nan
3n76,3n76_700,2.350,-1.493890,nan
3n76,3n76_728,1.300,-1.812970,nan
3n76,3n76_737,1.010,-0.701738,nan
3n76,3n76_749,0.540,-0.598523,nan
3n76,3n76_758,1.260,-1.726717,nan
3n76,3n76_760,0.780,-0.816365,nan
3n76,3n76_782,2.090,-2.694014,nan
3n76,3n76_878,0.880,-0.449411,nan
3n76,3n76_884,0.840,-1.226345,nan
3n76,3n76_885,0.860,-0.924910,nan
3n7a,3n7a_36,0.490,-0.374043,nan
3n7a,3n7a_402,0.970,-1.164848,nan
3n7a,3n7a_405,0.630,-0.567054,nan
3n7a,3n7a_418,2.680,-1.582961,nan
3n7a,3n7a_423,1.290,-1.318113,nan
3n7a,3n7a_428,0.710,-0.826622,nan
3n7a,3n7a_437,2.310,-2.002851,nan
3n7a,3n7a_446,3.430,-1.337910,nan
3n7a,3n7a_459,1.740,-1.729570,nan
3n7a,3n7a_488,0.960,-0.961045,nan
3n7a,3n7a_494,3.040,-1.195759,nan
3n7a,3n7a_495,1.110,-1.500425,nan
3n7a,3n7a_547,4.120,-3.861434,nan
3n7a,3n7a_548,3.310,-2.648030,nan
3n7a,3n7a_552,1.060,-0.991920,nan
3n7a,3n7a_569,5.570,-5.837878,nan
3n7a,3n7a_574,2.960,-1.893093,nan
3n7a,3n7a_579,4.320,-3.854846,nan
3n7a,3n7a_582,4.420,-3.835710,nan
3n7a,3n7a_583,1.970,-1.150146,nan
3n7a,3n7a_584,4.350,-4.192772,nan
3n7a,3n7a_637,2.080,-1.804652,nan
3n7a,3n7a_638,3.430,-1.478875,nan
3n7a,3n7a_670,3.390,-1.574118,nan
3n7a,3n7a_7,0.340,-0.507724,nan
3n7a,3n7a_734,3.140,-1.998820,nan
3n7a,3n7a_736,4.040,-3.600679,nan
3n7a,3n7a_738,4.060,-3.643682,nan
3n7a,3n7a_740,4.050,-3.538284,nan
3n7a,3n7a_745,2.010,-0.875035,nan
3n7a,3n7a_747,3.940,-2.896372,nan
3n7a,3n7a_752,4.210,-3.475962,nan
3n7a,3n7a_760,1.910,-0.458140,nan
3n7a,3n7a_767,1.710,-1.590900,nan
3n7a,3n7a_768,4.040,-3.400360,nan
3n7a,3n7a_771,1.860,-0.796195,nan
3n7a,3n7a_774,2.110,-1.368991,nan
3n7a,3n7a_775,2.140,-1.156540,nan
3n7a,3n7a_776,2.290,-2.617248,nan
3n7a,3n7a_779,3.200,-0.785906,nan
3n7a,3n7a_781,1.820,-0.499692,nan
3n7a,3n7a_788,3.240,-2.736857,nan
3n7a,3n7a_794,3.000,-2.854817,nan
3n7a,3n7a_795,2.740,-3.241669,nan
3n7a,3n7a_797,4.210,-3.772130,nan
3n7a,3n7a_798,3.310,-2.630098,nan
3n7a,3n7a_831,0.470,-0.523653,nan
3n7a,3n7a_840,0.520,-0.468946,nan
3n7a,3n7a_897,0.750,-0.537179,nan
3n7a,3n7a_955,0.210,-0.322226,nan
3n7a,3n7a_993,1.360,-0.866589,nan
3n86,3n86_265,0.320,-0.434250,nan
3n86,3n86_404,7.720,-1.032005,nan
3n86,3n86_405,0.900,-0.883737,nan
3n86,3n86_412,8.080,-1.015373,nan
3n86,3n86_419,7.710,-0.790827,nan
3n86,3n86_420,8.070,-1.356865,nan
3n86,3n86_424,8.320,-1.438029,nan
3n86,3n86_430,1.480,-1.146149,nan
3n86,3n86_432,7.970,-0.702370,nan
3n86,3n86_433,8.100,-1.098024,nan
3n86,3n86_436,8.160,-0.938054,nan
3n86,3n86_438,1.620,-1.444316,nan
3n86,3n86_443,1.750,-1.594038,nan
3n86,3n86_451,2.600,-0.983901,nan
3n86,3n86_460,7.940,-1.029194,nan
3n86,3n86_462,1.960,-1.389832,nan
3n86,3n86_465,8.040,-1.481921,nan
3n86,3n86_467,1.360,-1.179865,nan
3n86,3n86_468,0.980,-1.088522,nan
3n86,3n86_472,2.270,-1.669536,nan
3n86,3n86_475,7.810,-1.241181,nan
3n86,3n86_477,2.840,-1.624968,nan
3n86,3n86_480,1.620,-1.460074,nan
3n86,3n86_483,8.320,-1.154646,nan
3n86,3n86_485,2.110,-1.412181,nan
3n86,3n86_486,7.560,-2.300887,nan
3n86,3n86_487,7.790,-1.339705,nan
3n86,3n86_491,7.080,-1.640071,nan
3n86,3n86_500,7.670,-0.833132,nan
3n86,3n86_509,1.480,-1.195827,nan
3n86,3n86_531,1.450,-0.868859,nan
3n86,3n86_532,2.240,-1.399109,nan
3n86,3n86_54,0.250,-0.430576,nan
3n86,3n86_557,2.460,-0.783901,nan
3n86,3n86_563,1.940,-1.562126,nan
3n86,3n86_574,3.520,-2.465825,nan
3n86,3n86_586,2.840,-1.581749,nan
3n86,3n86_595,3.630,-2.222869,nan
3n86,3n86_596,1.700,-1.308113,nan
3n86,3n86_610,3.050,-0.969584,nan
3n86,3n86_639,8.070,-1.356865,nan
3n86,3n86_657,3.240,-2.438484,nan
3n86,3n86_662,7.990,-1.685955,nan
3n86,3n86_664,3.630,-2.222869,nan
3n86,3n86_665,2.940,-2.190507,nan
3n86,3n86_666,2.720,-1.587077,nan
3n86,3n86_674,2.480,-1.546806,nan
3n86,3n86_676,8.160,-0.938054,nan
3n86,3n86_680,8.040,-1.481921,nan
3n86,3n86_690,3.040,-1.528294,nan
3n86,3n86_768,0.860,-0.677331,nan
3n86,3n86_859,0.310,-0.310017,nan
3n86,3n86_861,0.900,-0.750874,nan
3n86,3n86_870,0.870,-0.265476,nan
3n86,3n86_878,0.810,-0.638301,nan
3n86,3n86_99,0.220,-0.296239,nan
3nq9,3nq9_103,6.060,-5.137262,nan
3nq9,3nq9_112,4.000,-3.153947,nan
3nq9,3nq9_117,6.520,-6.162629,nan
3nq9,3nq9_134,4.840,-3.705557,nan
3nq9,3nq9_140,4.220,-3.045272,nan
3nq9,3nq9_148,7.230,-6.169704,nan
3nq9,3nq9_158,6.900,-5.838642,nan
3nq9,3nq9_176,5.520,-4.540339,nan
3nq9,3nq9_180,3.780,-2.908691,nan
3nq9,3nq9_221,6.100,-5.154293,nan
3nq9,3nq9_235,5.940,-5.410416,nan
3nq9,3nq9_236,8.540,-6.346765,nan
3nq9,3nq9_246,8.610,-6.556318,nan
3nq9,3nq9_25,7.660,-4.387023,nan
3nq9,3nq9_259,9.460,-6.664361,nan
3nq9,3nq9_270,9.410,-7.292222,nan
3nq9,3nq9_273,6.120,-5.984963,nan
3nq9,3nq9_282,9.430,-7.292222,nan
3nq9,3nq9_298,9.480,-6.739599,nan
3nq9,3nq9_310,7.630,-7.969270,nan
3nq9,3nq9_311,7.750,-8.290346,nan
3nq9,3nq9_330,7.790,-6.878443,nan
3nq9,3nq9_338,7.410,-7.651857,nan
3nq9,3nq9_35,1.540,-0.586663,nan
3nq9,3nq9_352,5.460,-6.180633,nan
3nq9,3nq9_358,6.070,-6.622496,nan
3nq9,3nq9_36,9.150,-5.861816,nan
3nq9,3nq9_382,5.980,-6.873796,nan
3nq9,3nq9_386,6.190,-7.301311,nan
3nq9,3nq9_389,6.020,-6.870432,nan
3nq9,3nq9_401,7.040,-4.070301,nan
3nq9,3nq9_410,5.750,-4.572359,nan
3nq9,3nq9_412,7.140,-4.283499,nan
3nq9,3nq9_413,6.850,-3.794581,nan
3nq9,3nq9_415,5.060,-3.127118,nan
3nq9,3nq9_420,6.490,-2.979826,nan
3nq9,3nq9_470,1.370,-0.231829,nan
3nq9,3nq9_472,2.600,-1.331018,nan
3nq9,3nq9_473,1.470,-0.273970,nan
3nq9,3nq9_474,2.210,-0.606547,nan
3nq9,3nq9_492,1.580,-1.138754,nan
3nq9,3nq9_507,1.490,-0.887358,nan
3nq9,3nq9_513,4.450,-0.576473,nan
3nq9,3nq9_526,1.530,-0.503266,nan
3nq9,3nq9_528,3.740,-1.205685,nan
3nq9,3nq9_550,4.620,-5.519081,nan
3nq9,3nq9_553,3.950,-2.993742,nan
3nq9,3nq9_556,3.730,-2.026586,nan
3nq9,3nq9_560,1.260,-0.719542,nan
3nq9,3nq9_568,4.610,-2.934010,nan
3nq9,3nq9_574,4.010,-2.815566,nan
3nq9,3nq9_605,1.350,-0.621064,nan
3nq9,3nq9_610,2.350,-1.073459,nan
3nq9,3nq9_620,2.160,-2.549505,nan
3nq9,3nq9_626,4.740,-1.321709,nan
3nq9,3nq9_639,3.020,-2.601332,nan
3nq9,3nq9_64,8.630,-6.592971,nan
3nq9,3nq9_651,5.320,-3.528726,nan
3nq9,3nq9_662,2.100,-1.385850,nan
3nq9,3nq9_664,5.630,-6.385713,nan
3nq9,3nq9_671,1.810,-1.085255,nan
3nq9,3nq9_685,1.560,-1.141289,nan
3nq9,3nq9_696,5.020,-3.826480,nan
3nq9,3nq9_700,2.590,-2.996771,nan
3nq9,3nq9_703,8.510,-7.136895,nan
3nq9,3nq9_706,7.190,-4.530498,nan
3nq9,3nq9_726,2.780,-1.268002,nan
3nq9,3nq9_770,3.980,-3.807747,nan
3nq9,3nq9_781,2.600,-1.252870,nan
3nq9,3nq9_784,2.330,-1.167049,nan
3nq9,3nq9_785,4.720,-5.125322,nan
3nq9,3nq9_801,8.550,-6.051147,nan
3nq9,3nq9_805,8.500,-6.486003,nan
3nq9,3nq9_83,4.610,-3.242609,nan
3nq9,3nq9_837,3.140,-1.829226,nan
3nq9,3nq9_869,3.750,-1.270613,nan
3nq9,3nq9_894,3.410,-2.978448,nan
3nq9,3nq9_899,8.480,-6.268401,nan
3nq9,3nq9_905,8.420,-6.665131,nan
3nq9,3nq9_916,7.220,-5.061596,nan
3nq9,3nq9_92,8.340,-5.489610,nan
3nq9,3nq9_948,5.050,-0.521964,nan
3nq9,3nq9_96,9.140,-6.681396,nan
3nq9,3nq9_97,2.060,-1.443668,nan
3nq9,3nq9_977,8.530,-6.481136,nan
3nq9,3nq9_981,4.260,-2.431446,nan
3nw9,3nw9_105,5.370,-4.643402,nan
3nw9,3nw9_123,5.800,-6.165412,nan
3nw9,3nw9_124,8.610,-4.745574,nan
3nw9,3nw9_134,7.930,-6.068636,nan
3nw9,3nw9_140,8.470,-4.139786,nan
3nw9,3nw9_142,8.240,-8.565413,nan
3nw9,3nw9_149,6.220,-6.242733,nan
3nw9,3nw9_151,9.540,-4.731635,nan
3nw9,3nw9_153,1.250,-0.957576,nan
3nw9,3nw9_159,6.820,-7.764524,nan
3nw9,3nw9_162,9.400,-3.951605,nan
3nw9,3nw9_163,8.980,-7.361189,nan
3nw9,3nw9_166,4.190,-4.925014,nan
3nw9,3nw9_172,0.930,-0.581242,nan
3nw9,3nw9_176,8.440,-4.622372,nan
3nw9,3nw9_183,7.290,-8.432622,nan
3nw9,3nw9_190,9.490,-7.545537,nan
3nw9,3nw9_20,7.860,-7.382263,nan
3nw9,3nw9_204,4.850,-3.009114,nan
3nw9,3nw9_210,0.810,-0.721855,nan
3nw9,3nw9_212,0.630,-0.464092,nan
3nw9,3nw9_239,2.880,-1.776988,nan
3nw9,3nw9_240,0.500,-0.609477,nan
3nw9,3nw9_26,3.800,-3.717462,nan
3nw9,3nw9_263,0.930,-1.417845,nan
3nw9,3nw9_264,0.440,-0.584277,nan
3nw9,3nw9_315,6.280,-6.107711,nan
3nw9,3nw9_329,1.110,-0.754157,nan
3nw9,3nw9_348,5.570,-6.723016,nan
3nw9,3nw9_355,9.550,-7.675985,nan
3nw9,3nw9_398,6.430,-6.345541,nan
3nw9,3nw9_399,9.100,-5.073717,nan
3nw9,3nw9_401,3.850,-2.511650,nan
3nw9,3nw9_406,9.070,-2.236043,nan
3nw9,3nw9_409,3.350,-2.730838,nan
3nw9,3nw9_414,4.370,-2.731280,nan
3nw9,3nw9_423,8.560,-1.836614,nan
3nw9,3nw9_427,2.410,-3.356922,nan
3nw9,3nw9_433,2.370,-2.644681,nan
3nw9,3nw9_435,1.970,-2.088026,nan
3nw9,3nw9_437,1.760,-1.868807,nan
3nw9,3nw9_438,1.670,-2.171736,nan
3nw9,3nw9_441,7.890,-2.638267,nan
3nw9,3nw9_444,4.460,-3.702485,nan
3nw9,3nw9_446,5.050,-3.142663,nan
3nw9,3nw9_455,4.750,-4.081228,nan
3nw9,3nw9_466,2.390,-2.321443,nan
3nw9,3nw9_471,3.830,-2.827181,nan
3nw9,3nw9_473,4.140,-2.229886,nan
3nw9,3nw9_479,3.460,-1.797300,nan
3nw9,3nw9_491,3.700,-3.210007,nan
3nw9,3nw9_497,3.080,-2.142345,nan
3nw9,3nw9_506,2.840,-2.684276,nan
3nw9,3nw9_511,7.970,-6.896169,nan
3nw9,3nw9_518,9.190,-4.459784,nan
3nw9,3nw9_534,9.310,-8.574141,nan
3nw9,3nw9_538,5.710,-6.673756,nan
3nw9,3nw9_541,5.750,-4.799687,nan
3nw9,3nw9_545,5.080,-5.751194,nan
3nw9,3nw9_551,8.790,-2.295221,nan
3nw9,3nw9_583,4.820,-4.569274,nan
3nw9,3nw9_593,8.460,-8.569747,nan
3nw9,3nw9_594,3.510,-2.878627,nan
3nw9,3nw9_596,2.900,-2.480772,nan
3nw9,3nw9_598,7.900,-8.547589,nan
3nw9,3nw9_599,7.380,-8.451294,nan
3nw9,3nw9_607,7.930,-4.162098,nan
3nw9,3nw9_609,7.360,-7.226261,nan
3nw9,3nw9_613,9.550,-5.654029,nan
3nw9,3nw9_614,1.830,-2.067460,nan
3nw9,3nw9_621,6.240,-5.550705,nan
3nw9,3nw9_629,6.650,-7.583117,nan
3nw9,3nw9_640,5.520,-4.714789,nan
3nw9,3nw9_641,6.160,-5.587532,nan
3nw9,3nw9_651,6.900,-7.589538,nan
3nw9,3nw9_653,8.720,-6.438328,nan
3nw9,3nw9_656,9.030,-6.012360,nan
3nw9,3nw9_657,8.290,-6.452977,nan
3nw9,3nw9_671,2.830,-2.879841,nan
3nw9,3nw9_685,6.950,-7.696800,nan
3nw9,3nw9_688,4.450,-3.379989,nan
3nw9,3nw9_70,0.540,-0.408577,nan
3nw9,3nw9_700,7.470,-8.578627,nan
3nw9,3nw9_710,5.400,-5.288397,nan
3nw9,3nw9_715,2.260,-0.804763,nan
3nw9,3nw9_734,5.410,-5.094692,nan
3nw9,3nw9_739,2.920,-2.257189,nan
3nw9,3nw9_749,1.950,-1.451411,nan
3nw9,3nw9_755,4.340,-3.528964,nan
3nw9,3nw9_757,3.860,-2.352791,nan
3nw9,3nw9_76,6.050,-5.885110,nan
3nw9,3nw9_766,2.340,-1.052531,nan
3nw9,3nw9_785,4.250,-5.370728,nan
3nw9,3nw9_786,3.050,-2.858570,nan
3nw9,3nw9_833,0.740,-0.858380,nan
3nw9,3nw9_945,0.530,-1.035097,nan
3nw9,3nw9_951,0.650,-0.577503,nan
3nw9,3nw9_964,1.060,-0.968313,nan
3nw9,3nw9_975,1.010,-1.072655,nan
3nw9,3nw9_988,1.900,-1.040007,nan
3nx7,3nx7_139,1.810,-0.699788,nan
3nx7,3nx7_148,1.510,-0.503905,nan
3nx7,3nx7_15,0.970,-0.563863,nan
3nx7,3nx7_234,3.210,-0.921966,nan
3nx7,3nx7_239,0.700,-0.529626,nan
3nx7,3nx7_245,1.600,-0.745754,nan
3nx7,3nx7_262,2.660,-0.737529,nan
3nx7,3nx7_280,2.440,-1.044681,nan
3nx7,3nx7_283,2.520,-1.106352,nan
3nx7,3nx7_287,0.860,-0.905856,nan
3nx7,3nx7_299,0.960,-0.751902,nan
3nx7,3nx7_320,2.490,-0.536273,nan
3nx7,3nx7_359,2.720,-0.774129,nan
3nx7,3nx7_36,0.730,-0.201862,nan
3nx7,3nx7_383,0.710,-0.157616,nan
3nx7,3nx7_388,1.670,-0.344531,nan
3nx7,3nx7_39,0.930,-0.326562,nan
3nx7,3nx7_404,5.890,-3.079295,nan
3nx7,3nx7_405,6.840,-4.564425,nan
3nx7,3nx7_416,7.480,-4.908776,nan
3nx7,3nx7_42,1.220,-0.624921,nan
3nx7,3nx7_424,5.390,-2.466861,nan
3nx7,3nx7_426,5.780,-2.538091,nan
3nx7,3nx7_427,6.790,-4.377409,nan
3nx7,3nx7_440,1.940,-1.117558,nan
3nx7,3nx7_451,6.710,-3.924447,nan
3nx7,3nx7_459,5.390,-2.674897,nan
3nx7,3nx7_46,1.110,-0.537214,nan
3nx7,3nx7_479,4.270,-2.634103,nan
3nx7,3nx7_480,3.500,-1.561783,nan
3nx7,3nx7_489,6.080,-3.334179,nan
3nx7,3nx7_495,6.080,-3.167081,nan
3nx7,3nx7_496,3.060,-1.605833,nan
3nx7,3nx7_511,3.930,-3.453531,nan
3nx7,3nx7_52,1.070,-0.292730,nan
3nx7,3nx7_524,4.390,-3.606910,nan
3nx7,3nx7_535,2.080,-1.072863,nan
3nx7,3nx7_544,3.630,-2.127576,nan
3nx7,3nx7_555,3.980,-3.549693,nan
3nx7,3nx7_567,3.990,-2.204295,nan
3nx7,3nx7_582,5.230,-5.502796,nan
3nx7,3nx7_583,5.100,-1.802996,nan
3nx7,3nx7_591,5.190,-4.990839,nan
3nx7,3nx7_605,6.380,-3.818212,nan
3nx7,3nx7_607,7.180,-4.279569,nan
3nx7,3nx7_614,4.030,-2.217903,nan
3nx7,3nx7_619,6.590,-3.905283,nan
3nx7,3nx7_622,2.310,-1.765628,nan
3nx7,3nx7_623,3.210,-2.041086,nan
3nx7,3nx7_625,3.910,-1.927904,nan
3nx7,3nx7_630,4.650,-1.147453,nan
3nx7,3nx7_651,4.460,-2.897174,nan
3nx7,3nx7_652,5.510,-2.140816,nan
3nx7,3nx7_654,4.440,-3.192925,nan
3nx7,3nx7_660,2.380,-0.847250,nan
3nx7,3nx7_667,7.110,-4.445486,nan
3nx7,3nx7_668,2.160,-1.194252,nan
3nx7,3nx7_670,6.770,-4.125437,nan
3nx7,3nx7_676,5.870,-3.808284,nan
3nx7,3nx7_688,7.770,-5.132428,nan
3nx7,3nx7_74,0.600,-0.274301,nan
3nx7,3nx7_756,4.460,-2.543088,nan
3nx7,3nx7_762,3.760,-2.070967,nan
3nx7,3nx7_778,0.990,-1.050935,nan
3nx7,3nx7_787,4.400,-0.754354,nan
3nx7,3nx7_792,5.310,-5.754111,nan
3nx7,3nx7_795,4.800,-3.908290,nan
3nx7,3nx7_796,4.480,-4.826495,nan
3nx7,3nx7_854,1.920,-1.041154,nan
3nx7,3nx7_885,2.250,-1.113252,nan
3nx7,3nx7_889,1.780,-0.904098,nan
3nx7,3nx7_969,0.980,-0.611401,nan
3o9i,3o9i_12,0.910,-0.630925,nan
3o9i,3o9i_130,6.290,-2.198857,nan
3o9i,3o9i_135,4.070,-1.894625,nan
3o9i,3o9i_141,5.390,-2.458910,nan
3o9i,3o9i_164,1.000,-0.707718,nan
3o9i,3o9i_178,9.850,-7.623234,nan
3o9i,3o9i_201,3.480,-1.228588,nan
3o9i,3o9i_213,0.960,-0.789964,nan
3o9i,3o9i_215,6.400,-1.456666,nan
3o9i,3o9i_219,4.220,-1.369306,nan
3o9i,3o9i_222,0.930,-0.912863,nan
3o9i,3o9i_227,0.790,-0.675628,nan
3o9i,3o9i_228,5.730,-1.936465,nan
3o9i,3o9i_229,4.790,-1.481929,nan
3o9i,3o9i_234,3.730,-1.495424,nan
3o9i,3o9i_243,5.350,-3.918306,nan
3o9i,3o9i_246,3.990,-1.965334,nan
3o9i,3o9i_249,1.380,-1.062774,nan
3o9i,3o9i_253,3.810,-1.373881,nan
3o9i,3o9i_255,1.920,-1.890687,nan
3o9i,3o9i_256,0.580,-0.733043,nan
3o9i,3o9i_257,2.110,-1.358881,nan
3o9i,3o9i_26,9.110,-8.572286,nan
3o9i,3o9i_260,5.620,-1.917918,nan
3o9i,3o9i_270,6.020,-2.095049,nan
3o9i,3o9i_274,2.020,-1.112796,nan
3o9i,3o9i_275,1.350,-0.786819,nan
3o9i,3o9i_276,1.840,-1.383936,nan
3o9i,3o9i_28,8.780,-7.630784,nan
3o9i,3o9i_283,4.800,-3.382739,nan
3o9i,3o9i_284,3.730,-1.701602,nan
3o9i,3o9i_286,2.070,-1.444637,nan
3o9i,3o9i_288,5.220,-1.429248,nan
3o9i,3o9i_29,1.720,-0.685483,nan
3o9i,3o9i_292,4.660,-1.881242,nan
3o9i,3o9i_294,2.040,-1.259170,nan
3o9i,3o9i_295,6.610,-0.996134,nan
3o9i,3o9i_298,6.140,-1.662149,nan
3o9i,3o9i_30,0.920,-0.862864,nan
3o9i,3o9i_303,0.590,-0.756979,nan
3o9i,3o9i_314,7.810,-4.819008,nan
3o9i,3o9i_318,6.350,-4.168528,nan
3o9i,3o9i_340,6.710,-2.466023,nan
3o9i,3o9i_358,9.920,-8.274551,nan
3o9i,3o9i_359,0.880,-0.780532,nan
3o9i,3o9i_38,0.680,-0.714803,nan
3o9i,3o9i_402,1.950,-2.432186,nan
3o9i,3o9i_403,1.990,-2.700084,nan
3o9i,3o9i_407,1.820,-1.807308,nan
3o9i,3o9i_408,2.150,-2.673829,nan
3o9i,3o9i_409,2.860,-2.782933,nan
3o9i,3o9i_415,4.960,-3.737938,nan
3o9i,3o9i_417,5.110,-3.557070,nan
3o9i,3o9i_42,9.120,-8.148965,nan
3o9i,3o9i_424,6.540,-3.519628,nan
3o9i,3o9i_435,2.800,-2.475731,nan
3o9i,3o9i_452,5.500,-3.961668,nan
3o9i,3o9i_454,7.720,-5.428997,nan
3o9i,3o9i_459,4.630,-3.353120,nan
3o9i,3o9i_461,4.440,-2.865159,nan
3o9i,3o9i_466,4.370,-3.127548,nan
3o9i,3o9i_467,2.260,-2.249270,nan
3o9i,3o9i_469,2.210,-2.745477,nan
3o9i,3o9i_479,3.990,-2.897475,nan
3o9i,3o9i_487,2.810,-3.383605,nan
3o9i,3o9i_495,4.820,-3.267410,nan
3o9i,3o9i_496,3.420,-2.854897,nan
3o9i,3o9i_500,7.050,-2.950728,nan
3o9i,3o9i_505,8.640,-8.352672,nan
3o9i,3o9i_509,8.950,-8.577891,nan
3o9i,3o9i_525,8.720,-8.491104,nan
3o9i,3o9i_535,7.770,-4.749715,nan
3o9i,3o9i_539,8.620,-8.379173,nan
3o9i,3o9i_546,3.580,-3.307935,nan
3o9i,3o9i_557,7.470,-8.564160,nan
3o9i,3o9i_569,3.040,-3.186349,nan
3o9i,3o9i_574,6.590,-6.471893,nan
3o9i,3o9i_585,7.950,-6.869431,nan
3o9i,3o9i_59,9.690,-8.546023,nan
3o9i,3o9i_600,7.430,-4.426163,nan
3o9i,3o9i_607,7.710,-5.008890,nan
3o9i,3o9i_617,9.630,-8.132864,nan
3o9i,3o9i_624,9.330,-6.705615,nan
3o9i,3o9i_661,8.070,-4.200844,nan
3o9i,3o9i_674,7.400,-5.944085,nan
3o9i,3o9i_675,3.170,-2.797989,nan
3o9i,3o9i_678,9.010,-8.406688,nan
3o9i,3o9i_687,9.180,-6.923917,nan
3o9i,3o9i_692,8.290,-7.698894,nan
3o9i,3o9i_714,5.240,-1.917164,nan
3o9i,3o9i_766,5.030,-1.312780,nan
3o9i,3o9i_788,6.210,-2.767606,nan
3o9i,3o9i_795,5.170,-2.430897,nan
3o9i,3o9i_859,8.260,-8.549358,nan
3o9i,3o9i_860,1.670,-1.558923,nan
3o9i,3o9i_861,7.910,-8.350066,nan
3o9i,3o9i_893,8.490,-8.558023,nan
3o9i,3o9i_9,8.030,-8.581531,nan
3o9i,3o9i_907,1.360,-1.454812,nan
3o9i,3o9i_96,9.200,-8.552644,nan
3oe4,3oe4_1,6.890,-6.127288,nan
3oe4,3oe4_105,7.390,-7.867946,nan
3oe4,3oe4_109,6.070,-7.122678,nan
3oe4,3oe4_113,8.030,-8.460835,nan
3oe4,3oe4_114,0.720,-0.903096,nan
3oe4,3oe4_118,9.970,-8.486142,nan
3oe4,3oe4_119,7.420,-8.573297,nan
3oe4,3oe4_12,4.450,-5.363607,nan
3oe4,3oe4_120,8.960,-8.551019,nan
3oe4,3oe4_131,9.530,-8.409966,nan
3oe4,3oe4_136,8.970,-8.539795,nan
3oe4,3oe4_137,1.040,-0.675552,nan
3oe4,3oe4_158,6.910,-6.486527,nan
3oe4,3oe4_161,5.230,-3.761539,nan
3oe4,3oe4_17,6.230,-6.372538,nan
3oe4,3oe4_180,8.490,-8.556286,nan
3oe4,3oe4_189,6.180,-6.807645,nan
3oe4,3oe4_20,1.330,-0.325039,nan
3oe4,3oe4_203,0.470,-0.390656,nan
3oe4,3oe4_224,5.810,-4.905226,nan
3oe4,3oe4_237,0.830,-0.681088,nan
3oe4,3oe4_279,7.620,-7.416190,nan
3oe4,3oe4_283,6.780,-3.570934,nan
3oe4,3oe4_285,1.000,-0.412054,nan
3oe4,3oe4_288,6.780,-6.280488,nan
3oe4,3oe4_29,4.610,-5.375758,nan
3oe4,3oe4_291,3.820,-2.914283,nan
3oe4,3oe4_292,0.340,-0.350781,nan
3oe4,3oe4_305,8.290,-7.952536,nan
3oe4,3oe4_312,0.470,-0.519823,nan
3oe4,3oe4_314,0.920,-0.692452,nan
3oe4,3oe4_324,8.210,-4.960947,nan
3oe4,3oe4_328,0.420,-0.810079,nan
3oe4,3oe4_34,2.340,-1.493908,nan
3oe4,3oe4_340,7.580,-6.767553,nan
3oe4,3oe4_374,9.080,-8.380166,nan
3oe4,3oe4_38,7.020,-5.533236,nan
3oe4,3oe4_404,7.010,-2.033842,nan
3oe4,3oe4_409,3.550,-2.088850,nan
3oe4,3oe4_410,4.550,-2.547883,nan
3oe4,3oe4_413,6.540,-1.930671,nan
3oe4,3oe4_431,2.190,-2.389287,nan
3oe4,3oe4_438,6.310,-3.573141,nan
3oe4,3oe4_446,5.490,-2.616174,nan
3oe4,3oe4_453,5.150,-3.458896,nan
3oe4,3oe4_457,1.740,-1.348897,nan
3oe4,3oe4_458,1.940,-2.044007,nan
3oe4,3oe4_468,4.780,-3.260311,nan
3oe4,3oe4_470,2.240,-2.043409,nan
3oe4,3oe4_478,1.950,-2.770695,nan
3oe4,3oe4_486,1.900,-2.373448,nan
3oe4,3oe4_500,2.130,-1.371522,nan
3oe4,3oe4_506,2.000,-1.728059,nan
3oe4,3oe4_509,3.140,-2.705712,nan
3oe4,3oe4_518,3.760,-3.210734,nan
3oe4,3oe4_522,1.960,-1.522034,nan
3oe4,3oe4_525,3.300,-2.044477,nan
3oe4,3oe4_528,7.190,-8.294419,nan
3oe4,3oe4_531,3.420,-2.989264,nan
3oe4,3oe4_544,6.420,-5.960383,nan
3oe4,3oe4_546,3.320,-1.661638,nan
3oe4,3oe4_551,3.310,-2.226921,nan
3oe4,3oe4_557,5.200,-4.875845,nan
3oe4,3oe4_558,4.280,-2.843877,nan
3oe4,3oe4_561,8.010,-7.961230,nan
3oe4,3oe4_562,2.520,-1.489814,nan
3oe4,3oe4_57,8.550,-8.406898,nan
3oe4,3oe4_573,3.360,-3.546620,nan
3oe4,3oe4_574,2.780,-2.265022,nan
3oe4,3oe4_578,7.650,-3.482989,nan
3oe4,3oe4_597,5.140,-4.881697,nan
3oe4,3oe4_61,5.180,-6.100538,nan
3oe4,3oe4_611,9.940,-6.617688,nan
3oe4,3oe4_615,1.370,-1.797750,nan
3oe4,3oe4_66,4.970,-3.285943,nan
3oe4,3oe4_665,5.710,-6.068855,nan
3oe4,3oe4_667,2.880,-1.485105,nan
3oe4,3oe4_670,4.970,-3.032158,nan
3oe4,3oe4_690,8.200,-4.713641,nan
3oe4,3oe4_70,0.870,-0.421744,nan
3oe4,3oe4_74,0.840,-0.416881,nan
3oe4,3oe4_745,2.670,-1.496077,nan
3oe4,3oe4_767,5.230,-3.770644,nan
3oe4,3oe4_780,7.790,-4.741389,nan
3oe4,3oe4_781,9.360,-8.391121,nan
3oe4,3oe4_793,9.220,-8.520496,nan
3oe4,3oe4_795,9.220,-8.518580,nan
3oe4,3oe4_796,8.930,-8.458661,nan
3oe4,3oe4_797,9.050,-8.479082,nan
3oe4,3oe4_82,1.090,-0.561400,nan
3oe4,3oe4_820,4.450,-2.993149,nan
3oe4,3oe4_831,3.910,-3.811361,nan
3oe4,3oe4_85,5.630,-5.875196,nan
3oe4,3oe4_89,7.870,-8.337046,nan
3oe4,3oe4_924,4.470,-4.133883,nan
3oe4,3oe4_972,2.950,-2.532831,nan
3oe4,3oe4_992,2.210,-0.553655,nan
3oe4,3oe4_996,4.880,-4.530381,nan
3oe5,3oe5_104,0.660,-0.411687,nan
3oe5,3oe5_106,7.500,-8.435926,nan
3oe5,3oe5_11,8.680,-6.950344,nan
3oe5,3oe5_121,5.520,-6.535094,nan
3oe5,3oe5_124,6.250,-7.025426,nan
3oe5,3oe5_132,1.320,-0.793711,nan
3oe5,3oe5_134,9.290,-7.480649,nan
3oe5,3oe5_145,6.730,-7.570147,nan
3oe5,3oe5_148,4.260,-4.687237,nan
3oe5,3oe5_15,1.430,-1.402368,nan
3oe5,3oe5_156,8.180,-8.290062,nan
3oe5,3oe5_161,7.280,-5.895786,nan
3oe5,3oe5_162,9.210,-8.513222,nan
3oe5,3oe5_164,5.960,-5.976610,nan
3oe5,3oe5_197,7.530,-7.190605,nan
3oe5,3oe5_198,7.310,-7.639706,nan
3oe5,3oe5_199,3.840,-2.194252,nan
3oe5,3oe5_2,9.150,-8.473820,nan
3oe5,3oe5_203,0.700,-0.706021,nan
3oe5,3oe5_214,2.730,-1.011577,nan
3oe5,3oe5_217,1.710,-0.983394,nan
3oe5,3oe5_227,1.280,-1.562102,nan
3oe5,3oe5_236,0.420,-0.687597,nan
3oe5,3oe5_243,4.790,-4.131680,nan
3oe5,3oe5_245,7.310,-4.297384,nan
3oe5,3oe5_248,4.620,-3.119211,nan
3oe5,3oe5_250,0.930,-0.884072,nan
3oe5,3oe5_26,9.070,-8.022258,nan
3oe5,3oe5_261,0.700,-0.922491,nan
3oe5,3oe5_263,6.990,-3.467506,nan
3oe5,3oe5_266,0.670,-1.191071,nan
3oe5,3oe5_274,5.190,-4.166511,nan
3oe5,3oe5_286,5.210,-5.174152,nan
3oe5,3oe5_289,2.030,-0.762760,nan
3oe5,3oe5_29,8.960,-8.404641,nan
3oe5,3oe5_290,4.890,-4.782343,nan
3oe5,3oe5_30,0.570,-0.956200,nan
3oe5,3oe5_301,5.560,-6.136966,nan
3oe5,3oe5_325,8.460,-8.557938,nan
3oe5,3oe5_329,0.850,-1.021233,nan
3oe5,3oe5_332,7.290,-5.368106,nan
3oe5,3oe5_342,8.200,-7.587461,nan
3oe5,3oe5_352,0.820,-0.483783,nan
3oe5,3oe5_356,0.510,-0.638353,nan
3oe5,3oe5_370,7.720,-8.226157,nan
3oe5,3oe5_380,9.400,-8.367860,nan
3oe5,3oe5_401,2.900,-2.242550,nan
3oe5,3oe5_402,7.020,-4.307493,nan
3oe5,3oe5_403,6.420,-2.210055,nan
3oe5,3oe5_412,2.890,-2.772461,nan
3oe5,3oe5_421,6.730,-4.278860,nan
3oe5,3oe5_422,1.420,-1.958749,nan
3oe5,3oe5_423,1.640,-2.422463,nan
3oe5,3oe5_430,3.470,-2.011942,nan
3oe5,3oe5_437,1.870,-1.518814,nan
3oe5,3oe5_439,1.460,-2.009710,nan
3oe5,3oe5_441,1.770,-3.042995,nan
3oe5,3oe5_442,6.110,-4.807810,nan
3oe5,3oe5_446,7.980,-2.680439,nan
3oe5,3oe5_45,9.090,-7.999615,nan
3oe5,3oe5_455,4.120,-2.674429,nan
3oe5,3oe5_462,3.020,-2.739075,nan
3oe5,3oe5_467,2.350,-2.212141,nan
3oe5,3oe5_472,8.360,-3.415921,nan
3oe5,3oe5_477,3.500,-2.924887,nan
3oe5,3oe5_480,1.780,-1.525825,nan
3oe5,3oe5_483,5.640,-2.261042,nan
3oe5,3oe5_484,8.070,-5.980150,nan
3oe5,3oe5_493,3.300,-2.390754,nan
3oe5,3oe5_497,9.150,-7.748525,nan
3oe5,3oe5_499,2.110,-2.296313,nan
3oe5,3oe5_529,3.090,-1.679560,nan
3oe5,3oe5_546,9.350,-8.171846,nan
3oe5,3oe5_552,6.890,-2.199296,nan
3oe5,3oe5_561,3.810,-2.915049,nan
3oe5,3oe5_563,5.390,-6.189640,nan
3oe5,3oe5_57,7.000,-5.332070,nan
3oe5,3oe5_581,5.690,-5.714062,nan
3oe5,3oe5_586,4.970,-4.258340,nan
3oe5,3oe5_599,6.940,-5.256725,nan
3oe5,3oe5_620,2.270,-1.932798,nan
3oe5,3oe5_623,5.180,-3.909801,nan
3oe5,3oe5_624,3.240,-3.506512,nan
3oe5,3oe5_669,2.270,-2.260840,nan
3oe5,3oe5_673,5.960,-3.548662,nan
3oe5,3oe5_676,4.420,-2.578010,nan
3oe5,3oe5_680,8.550,-7.568368,nan
3oe5,3oe5_684,3.090,-2.184748,nan
3oe5,3oe5_697,9.430,-7.893133,nan
3oe5,3oe5_700,4.740,-4.205552,nan
3oe5,3oe5_758,3.150,-2.841719,nan
3oe5,3oe5_76,9.080,-8.208784,nan
3oe5,3oe5_762,4.690,-5.158839,nan
3oe5,3oe5_77,8.090,-6.119824,nan
3oe5,3oe5_788,6.240,-6.517447,nan
3oe5,3oe5_857,2.120,-1.778468,nan
3oe5,3oe5_893,4.380,-4.973431,nan
3oe5,3oe5_94,8.770,-7.645457,nan
3oe5,3oe5_955,2.030,-1.398975,nan
3oe5,3oe5_97,7.980,-5.322379,nan
3ozs,3ozs_10,7.260,-7.757000,nan
3ozs,3ozs_103,5.770,-8.074710,nan
3ozs,3ozs_107,6.730,-7.912848,nan
3ozs,3ozs_11,1.120,-0.903113,nan
3ozs,3ozs_110,7.220,-8.557233,nan
3ozs,3ozs_113,9.790,-8.562962,nan
3ozs,3ozs_120,6.990,-8.576608,nan
3ozs,3ozs_123,6.780,-8.531568,nan
3ozs,3ozs_130,8.240,-8.565564,nan
3ozs,3ozs_136,7.470,-8.547991,nan
3ozs,3ozs_14,5.710,-7.448786,nan
3ozs,3ozs_149,9.090,-8.555400,nan
3ozs,3ozs_162,6.390,-8.580141,nan
3ozs,3ozs_201,0.790,-1.349980,nan
3ozs,3ozs_221,1.100,-1.636623,nan
3ozs,3ozs_224,1.240,-1.843096,nan
3ozs,3ozs_24,3.640,-3.739734,nan
3ozs,3ozs_251,0.390,-0.885636,nan
3ozs,3ozs_255,0.690,-0.993206,nan
3ozs,3ozs_269,0.540,-1.437766,nan
3ozs,3ozs_273,3.990,-2.977751,nan
3ozs,3ozs_275,4.080,-3.062494,nan
3ozs,3ozs_28,4.490,-5.169746,nan
3ozs,3ozs_307,0.550,-1.439463,nan
3ozs,3ozs_318,6.050,-8.077750,nan
3ozs,3ozs_339,7.370,-7.736299,nan
3ozs,3ozs_345,0.910,-2.009435,nan
3ozs,3ozs_346,1.840,-1.611545,nan
3ozs,3ozs_353,9.330,-6.621512,nan
3ozs,3ozs_373,0.870,-1.108678,nan
3ozs,3ozs_379,7.330,-8.558509,nan
3ozs,3ozs_389,1.580,-1.484108,nan
3ozs,3ozs_406,2.320,-1.540821,nan
3ozs,3ozs_413,1.780,-2.126687,nan
3ozs,3ozs_417,2.480,-2.165930,nan
3ozs,3ozs_430,4.680,-2.587438,nan
3ozs,3ozs_431,2.530,-2.276164,nan
3ozs,3ozs_432,1.940,-2.279615,nan
3ozs,3ozs_439,1.610,-1.872491,nan
3ozs,3ozs_44,0.750,-1.778409,nan
3ozs,3ozs_442,7.260,-4.830966,nan
3ozs,3ozs_443,3.270,-3.150770,nan
3ozs,3ozs_446,4.080,-2.823317,nan
3ozs,3ozs_451,2.200,-2.363549,nan
3ozs,3ozs_46,6.630,-7.346678,nan
3ozs,3ozs_465,9.860,-2.421558,nan
3ozs,3ozs_478,1.470,-2.136349,nan
3ozs,3ozs_479,3.050,-2.553516,nan
3ozs,3ozs_48,8.100,-6.465526,nan
3ozs,3ozs_480,8.250,-3.600266,nan
3ozs,3ozs_484,6.990,-6.427483,nan
3ozs,3ozs_487,3.490,-4.577719,nan
3ozs,3ozs_494,2.930,-1.532852,nan
3ozs,3ozs_496,5.890,-3.828813,nan
3ozs,3ozs_505,4.710,-6.588756,nan
3ozs,3ozs_517,2.050,-2.703280,nan
3ozs,3ozs_529,2.040,-2.289241,nan
3ozs,3ozs_531,7.240,-7.239155,nan
3ozs,3ozs_536,3.220,-3.599394,nan
3ozs,3ozs_537,9.180,-7.578536,nan
3ozs,3ozs_542,5.250,-6.272024,nan
3ozs,3ozs_546,8.950,-7.588067,nan
3ozs,3ozs_550,5.440,-7.417261,nan
3ozs,3ozs_554,8.730,-7.651289,nan
3ozs,3ozs_558,9.320,-8.469956,nan
3ozs,3ozs_559,9.960,-5.646882,nan
3ozs,3ozs_560,8.960,-7.157116,nan
3ozs,3ozs_567,7.970,-7.610246,nan
3ozs,3ozs_574,8.170,-8.565956,nan
3ozs,3ozs_575,5.150,-6.548139,nan
3ozs,3ozs_585,3.870,-4.244071,nan
3ozs,3ozs_586,9.900,-8.556036,nan
3ozs,3ozs_593,5.460,-7.269656,nan
3ozs,3ozs_596,4.230,-5.625119,nan
3ozs,3ozs_6,0.950,-1.079567,nan
3ozs,3ozs_60,4.470,-6.118954,nan
3ozs,3ozs_611,5.660,-7.512594,nan
3ozs,3ozs_63,7.330,-7.805855,nan
3ozs,3ozs_646,5.710,-7.407641,nan
3ozs,3ozs_649,6.420,-7.940198,nan
3ozs,3ozs_656,9.110,-2.725677,nan
3ozs,3ozs_659,6.290,-7.068135,nan
3ozs,3ozs_664,2.290,-2.742902,nan
3ozs,3ozs_666,3.030,-3.731182,nan
3ozs,3ozs_682,4.090,-4.811191,nan
3ozs,3ozs_72,2.350,-1.455609,nan
3ozs,3ozs_756,4.840,-6.781250,nan
3ozs,3ozs_758,2.200,-2.264624,nan
3ozs,3ozs_761,4.440,-6.741987,nan
3ozs,3ozs_764,3.680,-4.116897,nan
3ozs,3ozs_768,6.270,-8.168547,nan
3ozs,3ozs_778,5.870,-8.299041,nan
3ozs,3ozs_821,8.640,-8.554393,nan
3ozs,3ozs_83,0.960,-1.668190,nan
3ozs,3ozs_842,7.020,-7.984234,nan
3ozs,3ozs_854,3.470,-2.799906,nan
3ozs,3ozs_870,8.850,-8.557710,nan
3ozs,3ozs_882,9.690,-7.620100,nan
3ozs,3ozs_899,1.430,-1.963472,nan
3ozs,3ozs_91,8.170,-7.657688,nan
3ozt,3ozt_102,4.450,-3.075267,nan
3ozt,3ozt_105,0.820,-0.986772,nan
3ozt,3ozt_112,7.310,-7.415779,nan
3ozt,3ozt_113,5.680,-6.411944,nan
3ozt,3ozt_116,3.610,-3.624158,nan
3ozt,3ozt_141,6.740,-5.572710,nan
3ozt,3ozt_143,5.380,-6.358044,nan
3ozt,3ozt_15,8.350,-5.840194,nan
3ozt,3ozt_151,8.470,-8.421333,nan
3ozt,3ozt_171,0.760,-0.781101,nan
3ozt,3ozt_192,6.790,-4.339655,nan
3ozt,3ozt_193,6.870,-7.934907,nan
3ozt,3ozt_2,1.280,-0.662297,nan
3ozt,3ozt_20,9.470,-5.783854,nan
3ozt,3ozt_200,6.280,-6.521371,nan
3ozt,3ozt_202,0.520,-0.777407,nan
3ozt,3ozt_206,2.680,-1.812852,nan
3ozt,3ozt_207,8.630,-3.629242,nan
3ozt,3ozt_212,7.750,-8.535750,nan
3ozt,3ozt_251,4.660,-3.234611,nan
3ozt,3ozt_257,4.600,-3.439520,nan
3ozt,3ozt_267,0.960,-0.974122,nan
3ozt,3ozt_271,7.630,-6.896821,nan
3ozt,3ozt_283,4.530,-5.112593,nan
3ozt,3ozt_286,0.520,-0.943716,nan
3ozt,3ozt_320,6.600,-7.297530,nan
3ozt,3ozt_332,9.280,-8.395701,nan
3ozt,3ozt_339,5.530,-6.512531,nan
3ozt,3ozt_372,0.780,-0.465099,nan
3ozt,3ozt_387,0.620,-0.828880,nan
3ozt,3ozt_405,8.180,-1.743401,nan
3ozt,3ozt_407,9.020,-2.632734,nan
3ozt,3ozt_413,1.370,-1.606324,nan
3ozt,3ozt_415,2.690,-1.324966,nan
3ozt,3ozt_421,4.030,-2.305212,nan
3ozt,3ozt_423,1.890,-2.501163,nan
3ozt,3ozt_427,3.600,-2.123477,nan
3ozt,3ozt_442,3.450,-2.587906,nan
3ozt,3ozt_444,1.850,-2.058591,nan
3ozt,3ozt_448,1.660,-2.090183,nan
3ozt,3ozt_457,6.340,-3.957407,nan
3ozt,3ozt_460,2.560,-2.057162,nan
3ozt,3ozt_462,2.990,-2.581622,nan
3ozt,3ozt_469,3.390,-2.294732,nan
3ozt,3ozt_471,3.080,-2.556738,nan
3ozt,3ozt_476,3.200,-2.000235,nan
3ozt,3ozt_483,2.750,-2.665067,nan
3ozt,3ozt_487,1.680,-1.617159,nan
3ozt,3ozt_492,9.280,-3.498879,nan
3ozt,3ozt_496,8.610,-1.931095,nan
3ozt,3ozt_497,5.360,-3.153769,nan
3ozt,3ozt_499,7.930,-2.815198,nan
3ozt,3ozt_503,2.860,-2.466091,nan
3ozt,3ozt_507,3.800,-3.320220,nan
3ozt,3ozt_509,1.460,-1.840291,nan
3ozt,3ozt_520,4.060,-4.407910,nan
3ozt,3ozt_526,5.820,-6.454633,nan
3ozt,3ozt_528,8.300,-4.005072,nan
3ozt,3ozt_534,4.010,-2.603777,nan
3ozt,3ozt_539,2.750,-1.941230,nan
3ozt,3ozt_541,6.330,-5.543103,nan
3ozt,3ozt_543,7.850,-3.761508,nan
3ozt,3ozt_544,2.110,-2.552523,nan
3ozt,3ozt_550,1.780,-1.879038,nan
3ozt,3ozt_562,8.680,-4.054360,nan
3ozt,3ozt_564,6.000,-5.060706,nan
3ozt,3ozt_566,5.930,-6.651161,nan
3ozt,3ozt_574,5.760,-4.935518,nan
3ozt,3ozt_577,3.540,-1.909027,nan
3ozt,3ozt_585,5.200,-4.983580,nan
3ozt,3ozt_586,4.290,-3.379902,nan
3ozt,3ozt_588,4.320,-4.610229,nan
3ozt,3ozt_599,8.910,-4.425180,nan
3ozt,3ozt_603,9.030,-7.587131,nan
3ozt,3ozt_606,6.180,-5.355324,nan
3ozt,3ozt_609,4.580,-4.874941,nan
3ozt,3ozt_628,7.010,-4.746439,nan
3ozt,3ozt_641,9.020,-5.829023,nan
3ozt,3ozt_655,7.270,-3.115928,nan
3ozt,3ozt_673,6.380,-6.479781,nan
3ozt,3ozt_675,2.610,-1.625001,nan
3ozt,3ozt_682,3.320,-3.123248,nan
3ozt,3ozt_685,9.250,-7.720706,nan
3ozt,3ozt_689,9.620,-3.254538,nan
3ozt,3ozt_692,2.820,-2.416995,nan
3ozt,3ozt_693,6.260,-6.830890,nan
3ozt,3ozt_698,8.190,-7.585429,nan
3ozt,3ozt_699,7.250,-6.795470,nan
3ozt,3ozt_7,8.930,-8.005507,nan
3ozt,3ozt_70,0.260,-0.444905,nan
3ozt,3ozt_700,5.550,-5.512209,nan
3ozt,3ozt_702,0.780,-0.744829,nan
3ozt,3ozt_71,9.390,-8.355645,nan
3ozt,3ozt_758,1.970,-1.571057,nan
3ozt,3ozt_787,4.000,-2.976661,nan
3ozt,3ozt_82,7.530,-7.943339,nan
3ozt,3ozt_85,9.530,-7.722492,nan
3ozt,3ozt_915,0.910,-0.518188,nan
3ozt,3ozt_98,1.120,-1.015845,nan
3ozt,3ozt_99,7.800,-8.226986,nan
3p5o,3p5o_104,1.040,-0.701332,nan
3p5o,3p5o_108,0.920,-0.305153,nan
3p5o,3p5o_114,0.990,-0.645279,nan
3p5o,3p5o_126,1.030,-0.229901,nan
3p5o,3p5o_141,5.140,-1.726174,nan
3p5o,3p5o_165,4.080,-0.565628,nan
3p5o,3p5o_236,4.620,-2.561582,nan
3p5o,3p5o_238,0.690,-0.387649,nan
3p5o,3p5o_267,0.510,-0.381003,nan
3p5o,3p5o_287,0.800,-0.644459,nan
3p5o,3p5o_413,5.010,-3.516431,nan
3p5o,3p5o_414,6.470,-3.866134,nan
3p5o,3p5o_424,6.880,-4.545291,nan
3p5o,3p5o_427,6.380,-3.779334,nan
3p5o,3p5o_429,5.840,-2.575276,nan
3p5o,3p5o_439,6.180,-3.375815,nan
3p5o,3p5o_440,2.640,-2.228305,nan
3p5o,3p5o_442,3.460,-2.852896,nan
3p5o,3p5o_443,6.490,-4.402233,nan
3p5o,3p5o_452,3.250,-2.803498,nan
3p5o,3p5o_456,4.980,-3.329528,nan
3p5o,3p5o_457,2.260,-2.272387,nan
3p5o,3p5o_462,5.460,-5.259225,nan
3p5o,3p5o_467,6.280,-3.606997,nan
3p5o,3p5o_471,5.050,-4.378954,nan
3p5o,3p5o_510,2.040,-0.922294,nan
3p5o,3p5o_513,0.820,-0.892243,nan
3p5o,3p5o_517,2.460,-2.815358,nan
3p5o,3p5o_518,1.330,-1.430947,nan
3p5o,3p5o_521,1.040,-1.395495,nan
3p5o,3p5o_531,1.420,-1.205411,nan
3p5o,3p5o_538,5.540,-1.870129,nan
3p5o,3p5o_540,2.720,-2.358539,nan
3p5o,3p5o_543,5.640,-1.934707,nan
3p5o,3p5o_551,4.810,-2.585675,nan
3p5o,3p5o_566,8.830,-7.704887,nan
3p5o,3p5o_567,4.240,-3.683526,nan
3p5o,3p5o_568,1.800,-1.800014,nan
3p5o,3p5o_569,6.100,-2.351450,nan
3p5o,3p5o_570,6.030,-4.276089,nan
3p5o,3p5o_576,5.970,-4.926408,nan
3p5o,3p5o_581,6.110,-2.796745,nan
3p5o,3p5o_588,4.130,-3.766808,nan
3p5o,3p5o_594,5.040,-2.565762,nan
3p5o,3p5o_595,3.860,-1.111200,nan
3p5o,3p5o_596,3.200,-2.447499,nan
3p5o,3p5o_597,2.940,-2.383672,nan
3p5o,3p5o_632,3.600,-2.881976,nan
3p5o,3p5o_650,4.430,-3.135337,nan
3p5o,3p5o_652,7.480,-5.299957,nan
3p5o,3p5o_658,2.120,-1.950996,nan
3p5o,3p5o_679,5.540,-3.413727,nan
3p5o,3p5o_680,2.790,-1.857128,nan
3p5o,3p5o_686,4.500,-2.586514,nan
3p5o,3p5o_689,4.000,-1.741633,nan
3p5o,3p5o_690,3.860,-2.698403,nan
3p5o,3p5o_692,3.900,-2.142883,nan
3p5o,3p5o_694,4.710,-2.568141,nan
3p5o,3p5o_695,3.290,-2.855283,nan
3p5o,3p5o_700,2.130,-1.749017,nan
3p5o,3p5o_724,4.910,-2.058120,nan
3p5o,3p5o_737,1.480,-1.534097,nan
3p5o,3p5o_752,6.230,-4.757171,nan
3p5o,3p5o_759,0.690,-0.902027,nan
3p5o,3p5o_818,0.830,-0.349740,nan
3p5o,3p5o_835,1.340,-0.904651,nan
3p5o,3p5o_840,0.990,-0.716821,nan
3p5o,3p5o_853,1.690,-1.430861,nan
3p5o,3p5o_926,1.550,-1.179203,nan
3p5o,3p5o_93,0.920,-0.741230,nan
3prs,3prs_111,9.930,-8.567182,nan
3prs,3prs_141,3.890,-6.291188,nan
3prs,3prs_143,9.550,-7.725451,nan
3prs,3prs_156,8.050,-8.564501,nan
3prs,3prs_170,8.600,-8.566553,nan
3prs,3prs_202,2.820,-7.191196,nan
3prs,3prs_204,8.480,-8.555538,nan
3prs,3prs_205,6.580,-8.196115,nan
3prs,3prs_213,2.450,-7.415213,nan
3prs,3prs_216,3.340,-6.605839,nan
3prs,3prs_232,4.500,-8.256958,nan
3prs,3prs_236,2.230,-8.040471,nan
3prs,3prs_239,6.000,-6.688177,nan
3prs,3prs_246,3.870,-7.606796,nan
3prs,3prs_252,2.110,-7.464527,nan
3prs,3prs_259,3.510,-7.574740,nan
3prs,3prs_266,3.290,-7.209345,nan
3prs,3prs_270,8.510,-8.564079,nan
3prs,3prs_271,4.550,-7.385776,nan
3prs,3prs_273,2.650,-7.852728,nan
3prs,3prs_274,6.240,-7.927773,nan
3prs,3prs_281,2.690,-8.070313,nan
3prs,3prs_292,6.580,-8.548620,nan
3prs,3prs_31,9.840,-8.565548,nan
3prs,3prs_314,4.300,-8.042259,nan
3prs,3prs_315,8.160,-8.553408,nan
3prs,3prs_328,9.970,-8.562194,nan
3prs,3prs_362,9.210,-8.415617,nan
3prs,3prs_38,8.750,-7.668140,nan
3prs,3prs_404,2.780,-8.128428,nan
3prs,3prs_410,4.680,-7.790115,nan
3prs,3prs_414,5.380,-7.674617,nan
3prs,3prs_415,5.290,-7.638653,nan
3prs,3prs_419,4.690,-7.666544,nan
3prs,3prs_424,4.300,-8.529515,nan
3prs,3prs_427,5.710,-8.518646,nan
3prs,3prs_430,4.590,-7.842376,nan
3prs,3prs_438,6.940,-8.571179,nan
3prs,3prs_440,5.180,-8.555501,nan
3prs,3prs_448,5.300,-7.144180,nan
3prs,3prs_454,3.530,-8.373197,nan
3prs,3prs_456,3.750,-7.962265,nan
3prs,3prs_477,7.370,-8.562225,nan
3prs,3prs_488,6.060,-8.409975,nan
3prs,3prs_490,6.340,-8.444533,nan
3prs,3prs_493,3.810,-8.258435,nan
3prs,3prs_496,6.790,-8.560474,nan
3prs,3prs_498,5.110,-8.376493,nan
3prs,3prs_505,2.660,-8.189816,nan
3prs,3prs_506,7.570,-8.422812,nan
3prs,3prs_507,9.550,-8.554870,nan
3prs,3prs_556,7.680,-8.558111,nan
3prs,3prs_571,5.420,-8.552814,nan
3prs,3prs_578,9.270,-8.568224,nan
3prs,3prs_605,7.110,-8.556108,nan
3prs,3prs_607,7.130,-8.484822,nan
3prs,3prs_609,4.670,-8.483384,nan
3prs,3prs_617,7.540,-8.318360,nan
3prs,3prs_619,3.560,-8.445984,nan
3prs,3prs_623,8.850,-8.569652,nan
3prs,3prs_627,7.570,-8.542533,nan
3prs,3prs_630,6.410,-7.325744,nan
3prs,3prs_640,3.940,-7.889490,nan
3prs,3prs_641,8.910,-8.542905,nan
3prs,3prs_642,7.140,-7.991198,nan
3prs,3prs_643,4.670,-7.873137,nan
3prs,3prs_651,8.050,-8.559753,nan
3prs,3prs_656,5.910,-7.949543,nan
3prs,3prs_658,4.890,-8.567871,nan
3prs,3prs_671,9.320,-8.566911,nan
3prs,3prs_674,9.290,-8.558911,nan
3prs,3prs_684,7.550,-8.347030,nan
3prs,3prs_690,6.550,-8.576826,nan
3prs,3prs_695,9.480,-8.564309,nan
3prs,3prs_701,1.220,-6.979403,nan
3prs,3prs_706,1.740,-7.691501,nan
3prs,3prs_711,1.080,-7.983117,nan
3prs,3prs_731,1.870,-8.221102,nan
3prs,3prs_764,2.570,-8.531917,nan
3prs,3prs_774,2.090,-8.057711,nan
3prs,3prs_781,1.940,-7.556270,nan
3prs,3prs_788,1.930,-8.334101,nan
3prs,3prs_797,8.020,-8.576011,nan
3prs,3prs_851,5.790,-8.204117,nan
3prs,3prs_881,7.410,-8.288443,nan
3prs,3prs_944,6.140,-6.596207,nan
3pww,3pww_152,4.820,-8.557872,nan
3pww,3pww_200,2.160,-8.553473,nan
3pww,3pww_236,1.720,-8.557650,nan
3pww,3pww_256,0.880,-8.554657,nan
3pww,3pww_269,2.270,-8.556870,nan
3pww,3pww_280,1.710,-8.556140,nan
3pww,3pww_312,9.420,-8.562359,nan
3pww,3pww_320,6.390,-8.566502,nan
3pww,3pww_322,7.250,-8.573226,nan
3pww,3pww_324,2.540,-8.550161,nan
3pww,3pww_342,8.900,-8.566875,nan
3pww,3pww_343,7.710,-8.562288,nan
3pww,3pww_364,3.090,-8.560555,nan
3pww,3pww_394,1.130,-8.557416,nan
3pww,3pww_401,5.090,-8.568760,nan
3pww,3pww_404,7.520,-8.546490,nan
3pww,3pww_405,5.000,-8.547142,nan
3pww,3pww_410,8.670,-8.556643,nan
3pww,3pww_411,5.800,-8.565390,nan
3pww,3pww_416,5.520,-8.562543,nan
3pww,3pww_417,5.880,-8.560783,nan
3pww,3pww_420,7.580,-8.561864,nan
3pww,3pww_421,6.280,-8.568369,nan
3pww,3pww_425,5.080,-8.560425,nan
3pww,3pww_439,8.700,-8.554943,nan
3pww,3pww_440,4.670,-8.556306,nan
3pww,3pww_449,4.780,-8.552922,nan
3pww,3pww_452,5.640,-8.574998,nan
3pww,3pww_461,5.160,-8.545155,nan
3pww,3pww_463,4.030,-8.572136,nan
3pww,3pww_466,7.610,-8.564839,nan
3pww,3pww_468,6.010,-8.549576,nan
3pww,3pww_478,4.280,-8.558180,nan
3pww,3pww_482,5.760,-8.567799,nan
3pww,3pww_484,6.030,-8.555538,nan
3pww,3pww_487,3.500,-8.559766,nan
3pww,3pww_489,7.880,-8.546515,nan
3pww,3pww_494,4.470,-8.561961,nan
3pww,3pww_501,6.390,-8.570363,nan
3pww,3pww_516,6.340,-8.565488,nan
3pww,3pww_541,4.480,-8.552188,nan
3pww,3pww_545,8.760,-8.565504,nan
3pww,3pww_549,9.380,-8.574556,nan
3pww,3pww_552,9.540,-8.543133,nan
3pww,3pww_560,8.670,-8.574482,nan
3pww,3pww_561,6.410,-8.561717,nan
3pww,3pww_565,7.250,-8.562408,nan
3pww,3pww_570,8.370,-8.552814,nan
3pww,3pww_571,8.550,-8.562246,nan
3pww,3pww_574,4.370,-8.558638,nan
3pww,3pww_575,9.230,-8.560043,nan
3pww,3pww_581,9.440,-8.563851,nan
3pww,3pww_584,9.190,-8.565014,nan
3pww,3pww_605,6.790,-8.571929,nan
3pww,3pww_631,7.870,-8.568079,nan
3pww,3pww_635,9.680,-8.569471,nan
3pww,3pww_654,7.550,-8.574622,nan
3pww,3pww_658,9.760,-8.558573,nan
3pww,3pww_667,8.910,-8.566428,nan
3pww,3pww_671,8.390,-8.561154,nan
3pww,3pww_678,9.000,-8.571670,nan
3pww,3pww_685,6.130,-8.565193,nan
3pww,3pww_708,3.320,-8.553055,nan
3pww,3pww_730,1.890,-8.553301,nan
3pww,3pww_742,2.010,-8.553971,nan
3pww,3pww_747,1.770,-8.559099,nan
3pww,3pww_749,9.080,-8.561790,nan
3pww,3pww_753,1.760,-8.560364,nan
3pww,3pww_757,2.370,-8.559576,nan
3pww,3pww_762,4.360,-8.565425,nan
3pww,3pww_765,7.360,-8.567791,nan
3pww,3pww_767,2.640,-8.559547,nan
3pww,3pww_772,3.540,-8.568130,nan
3pww,3pww_779,5.310,-8.572028,nan
3pww,3pww_780,3.810,-8.570892,nan
3pww,3pww_783,2.930,-8.557171,nan
3pww,3pww_793,6.050,-8.550913,nan
3pww,3pww_816,1.650,-8.554158,nan
3pww,3pww_822,1.970,-8.557497,nan
3pww,3pww_846,3.520,-8.553238,nan
3pww,3pww_854,3.880,-8.554852,nan
3pww,3pww_859,2.460,-8.556317,nan
3pww,3pww_862,3.440,-8.553100,nan
3pww,3pww_867,2.520,-8.557219,nan
3pww,3pww_874,5.580,-8.551147,nan
3pww,3pww_885,2.040,-8.554148,nan
3pww,3pww_888,1.500,-8.551810,nan
3pww,3pww_889,1.500,-8.554183,nan
3pww,3pww_90,9.700,-8.568816,nan
3pww,3pww_958,3.680,-8.557121,nan
3pww,3pww_982,3.290,-8.550907,nan
3pxf,3pxf_100,7.030,-7.277742,nan
3pxf,3pxf_117,8.570,-8.221699,nan
3pxf,3pxf_13,9.700,-8.485957,nan
3pxf,3pxf_136,8.130,-7.880358,nan
3pxf,3pxf_152,8.480,-7.965101,nan
3pxf,3pxf_184,8.680,-8.338460,nan
3pxf,3pxf_2,9.390,-8.500006,nan
3pxf,3pxf_22,9.030,-8.376814,nan
3pxf,3pxf_263,9.000,-8.409467,nan
3pxf,3pxf_305,9.220,-8.231172,nan
3pxf,3pxf_314,7.170,-7.435868,nan
3pxf,3pxf_321,9.380,-8.480289,nan
3pxf,3pxf_323,8.530,-7.857330,nan
3pxf,3pxf_332,9.540,-8.485738,nan
3pxf,3pxf_339,9.710,-8.548380,nan
3pxf,3pxf_368,9.430,-8.554479,nan
3pxf,3pxf_373,6.980,-6.638288,nan
3pxf,3pxf_406,5.470,-4.098493,nan
3pxf,3pxf_423,7.570,-7.197555,nan
3pxf,3pxf_434,5.860,-5.806757,nan
3pxf,3pxf_438,8.280,-7.561638,nan
3pxf,3pxf_443,3.940,-2.974845,nan
3pxf,3pxf_452,6.690,-5.717016,nan
3pxf,3pxf_456,5.730,-5.392615,nan
3pxf,3pxf_463,6.090,-5.952991,nan
3pxf,3pxf_473,7.100,-6.150106,nan
3pxf,3pxf_478,6.780,-6.003700,nan
3pxf,3pxf_48,8.860,-8.298231,nan
3pxf,3pxf_480,4.760,-4.828017,nan
3pxf,3pxf_482,6.280,-5.967306,nan
3pxf,3pxf_510,4.520,-3.251285,nan
3pxf,3pxf_513,3.980,-3.039198,nan
3pxf,3pxf_537,5.840,-4.962607,nan
3pxf,3pxf_539,1.980,-1.532800,nan
3pxf,3pxf_542,5.100,-4.478806,nan
3pxf,3pxf_558,2.970,-3.464833,nan
3pxf,3pxf_560,2.880,-3.178185,nan
3pxf,3pxf_569,3.830,-3.850498,nan
3pxf,3pxf_571,3.070,-2.082169,nan
3pxf,3pxf_576,4.520,-3.319416,nan
3pxf,3pxf_582,2.980,-1.711403,nan
3pxf,3pxf_608,2.900,-2.317747,nan
3pxf,3pxf_612,6.200,-5.774771,nan
3pxf,3pxf_621,7.840,-7.918714,nan
3pxf,3pxf_628,4.040,-4.016634,nan
3pxf,3pxf_631,1.930,-1.701800,nan
3pxf,3pxf_647,5.430,-5.628861,nan
3pxf,3pxf_648,4.090,-2.468443,nan
3pxf,3pxf_655,7.160,-6.359193,nan
3pxf,3pxf_658,7.540,-7.862146,nan
3pxf,3pxf_659,7.350,-6.108351,nan
3pxf,3pxf_661,6.720,-6.194939,nan
3pxf,3pxf_663,2.560,-2.530492,nan
3pxf,3pxf_680,3.130,-3.333859,nan
3pxf,3pxf_685,1.240,-1.802964,nan
3pxf,3pxf_686,4.740,-5.095389,nan
3pxf,3pxf_689,5.540,-4.691914,nan
3pxf,3pxf_694,8.530,-8.012790,nan
3pxf,3pxf_7,9.840,-8.576925,nan
3pxf,3pxf_724,2.890,-1.304562,nan
3pxf,3pxf_736,1.620,-0.896739,nan
3pxf,3pxf_74,8.700,-7.661708,nan
3pxf,3pxf_743,1.390,-1.769810,nan
3pxf,3pxf_761,1.370,-1.412301,nan
3pxf,3pxf_766,3.820,-1.599196,nan
3pxf,3pxf_767,2.010,-1.374367,nan
3pxf,3pxf_768,2.530,-2.242583,nan
3pxf,3pxf_774,5.630,-7.383685,nan
3pxf,3pxf_775,1.610,-1.702678,nan
3pxf,3pxf_776,1.790,-1.812271,nan
3pxf,3pxf_779,4.160,-2.924706,nan
3pxf,3pxf_78,9.280,-8.564882,nan
3pxf,3pxf_780,6.750,-7.127033,nan
3pxf,3pxf_781,3.380,-3.501201,nan
3pxf,3pxf_782,2.150,-1.204820,nan
3pxf,3pxf_783,4.010,-4.016638,nan
3pxf,3pxf_788,6.640,-6.998622,nan
3pxf,3pxf_794,6.050,-4.820949,nan
3pxf,3pxf_795,5.860,-5.781903,nan
3pxf,3pxf_796,5.990,-4.857400,nan
3pxf,3pxf_798,4.830,-6.370692,nan
3pxf,3pxf_810,7.340,-7.318863,nan
3pxf,3pxf_817,1.670,-2.025860,nan
3pxf,3pxf_842,4.380,-4.466667,nan
3pxf,3pxf_848,1.890,-1.907376,nan
3pxf,3pxf_922,7.310,-6.548069,nan
3pxf,3pxf_948,3.550,-2.123029,nan
3pxf,3pxf_951,2.860,-2.811237,nan
3pxf,3pxf_972,3.340,-1.909413,nan
3pxf,3pxf_973,3.490,-2.237189,nan
3pyy,3pyy_13,6.350,-6.442657,nan
3pyy,3pyy_209,0.330,-1.628345,nan
3pyy,3pyy_219,6.060,-4.714718,nan
3pyy,3pyy_224,0.580,-1.812593,nan
3pyy,3pyy_230,4.910,-2.349907,nan
3pyy,3pyy_232,4.970,-1.983518,nan
3pyy,3pyy_245,0.560,-1.592571,nan
3pyy,3pyy_247,2.800,-1.414227,nan
3pyy,3pyy_248,0.570,-1.533665,nan
3pyy,3pyy_263,0.450,-1.459422,nan
3pyy,3pyy_277,3.580,-2.616678,nan
3pyy,3pyy_280,6.630,-5.385004,nan
3pyy,3pyy_283,5.000,-0.803107,nan
3pyy,3pyy_284,7.130,-6.785899,nan
3pyy,3pyy_287,6.130,-4.781086,nan
3pyy,3pyy_290,0.670,-1.660388,nan
3pyy,3pyy_296,0.310,-1.398103,nan
3pyy,3pyy_297,5.980,-4.537882,nan
3pyy,3pyy_363,0.880,-2.129502,nan
3pyy,3pyy_377,0.830,-1.839700,nan
3pyy,3pyy_407,1.170,-1.731473,nan
3pyy,3pyy_410,4.970,-4.449590,nan
3pyy,3pyy_411,1.500,-1.964595,nan
3pyy,3pyy_422,1.600,-1.903949,nan
3pyy,3pyy_444,1.280,-2.167185,nan
3pyy,3pyy_449,2.420,-2.487357,nan
3pyy,3pyy_453,4.950,-1.733136,nan
3pyy,3pyy_454,4.200,-1.604768,nan
3pyy,3pyy_455,5.050,-5.044640,nan
3pyy,3pyy_466,2.990,-2.298469,nan
3pyy,3pyy_489,3.140,-2.020555,nan
3pyy,3pyy_498,4.910,-2.376271,nan
3pyy,3pyy_500,5.130,-2.338260,nan
3pyy,3pyy_518,1.520,-3.261636,nan
3pyy,3pyy_529,5.750,-5.091565,nan
3pyy,3pyy_535,1.730,-2.137492,nan
3pyy,3pyy_547,2.530,-3.272765,nan
3pyy,3pyy_554,5.230,-2.420711,nan
3pyy,3pyy_600,3.060,-1.686088,nan
3pyy,3pyy_604,5.690,-6.072551,nan
3pyy,3pyy_630,1.980,-2.290972,nan
3pyy,3pyy_633,1.960,-3.078389,nan
3pyy,3pyy_636,3.180,-2.478894,nan
3pyy,3pyy_640,3.000,-1.585232,nan
3pyy,3pyy_641,3.600,-3.366769,nan
3pyy,3pyy_650,4.440,-2.807961,nan
3pyy,3pyy_667,2.540,-3.086116,nan
3pyy,3pyy_689,2.030,-4.130527,nan
3pyy,3pyy_694,3.560,-3.644905,nan
3pyy,3pyy_699,2.130,-2.383099,nan
3pyy,3pyy_709,3.820,-2.327676,nan
3pyy,3pyy_711,3.910,-2.815446,nan
3pyy,3pyy_719,7.350,-7.967223,nan
3pyy,3pyy_738,6.380,-6.529834,nan
3pyy,3pyy_742,7.910,-7.577896,nan
3pyy,3pyy_745,8.150,-7.941090,nan
3pyy,3pyy_746,8.120,-7.921899,nan
3pyy,3pyy_751,8.210,-8.258193,nan
3pyy,3pyy_757,5.860,-7.473531,nan
3pyy,3pyy_760,7.410,-7.296297,nan
3pyy,3pyy_763,8.280,-8.388554,nan
3pyy,3pyy_766,6.090,-6.295174,nan
3pyy,3pyy_778,7.070,-7.847463,nan
3pyy,3pyy_780,7.110,-7.263988,nan
3pyy,3pyy_781,8.090,-8.130511,nan
3pyy,3pyy_782,5.160,-5.582705,nan
3pyy,3pyy_784,7.230,-7.741119,nan
3pyy,3pyy_785,6.750,-7.233139,nan
3pyy,3pyy_787,8.280,-8.078180,nan
3pyy,3pyy_792,6.920,-6.451531,nan
3pyy,3pyy_793,6.790,-6.849420,nan
3pyy,3pyy_796,7.330,-7.507679,nan
3pyy,3pyy_812,1.630,-1.488183,nan
3pyy,3pyy_817,2.090,-2.267686,nan
3pyy,3pyy_822,1.590,-1.786478,nan
3pyy,3pyy_832,2.380,-2.885245,nan
3pyy,3pyy_839,4.980,-5.676581,nan
3pyy,3pyy_850,6.740,-6.959344,nan
3pyy,3pyy_86,3.140,-2.423945,nan
3pyy,3pyy_875,3.620,-3.673941,nan
3pyy,3pyy_88,7.070,-6.792743,nan
3pyy,3pyy_896,7.090,-7.839307,nan
3pyy,3pyy_899,5.880,-6.536932,nan
3pyy,3pyy_92,0.440,-1.829769,nan
3pyy,3pyy_933,4.980,-1.079300,nan
3pyy,3pyy_954,5.120,-3.442712,nan
3pyy,3pyy_967,8.560,-8.565389,nan
3pyy,3pyy_981,8.410,-8.571508,nan
3qgy,3qgy_127,0.810,-0.541242,nan
3qgy,3qgy_133,0.830,-0.482642,nan
3qgy,3qgy_20,1.130,-0.529732,nan
3qgy,3qgy_208,0.730,-0.314765,nan
3qgy,3qgy_209,7.200,-4.856323,nan
3qgy,3qgy_211,0.730,-0.588026,nan
3qgy,3qgy_233,0.820,-0.726124,nan
3qgy,3qgy_237,6.840,-4.684487,nan
3qgy,3qgy_255,7.670,-4.569712,nan
3qgy,3qgy_265,0.810,-0.713446,nan
3qgy,3qgy_273,1.020,-1.434100,nan
3qgy,3qgy_297,0.680,-1.010210,nan
3qgy,3qgy_306,1.030,-0.494753,nan
3qgy,3qgy_318,0.900,-0.875405,nan
3qgy,3qgy_339,5.170,-3.491623,nan
3qgy,3qgy_358,2.940,-0.763936,nan
3qgy,3qgy_372,0.510,-0.470446,nan
3qgy,3qgy_374,1.120,-0.990096,nan
3qgy,3qgy_404,3.430,-3.003088,nan
3qgy,3qgy_407,4.040,-2.099301,nan
3qgy,3qgy_413,2.100,-1.800322,nan
3qgy,3qgy_427,2.410,-1.308181,nan
3qgy,3qgy_429,3.450,-2.066381,nan
3qgy,3qgy_443,1.560,-1.468569,nan
3qgy,3qgy_447,4.420,-2.747684,nan
3qgy,3qgy_457,5.440,-2.858874,nan
3qgy,3qgy_462,3.090,-2.383535,nan
3qgy,3qgy_464,4.950,-2.625280,nan
3qgy,3qgy_465,3.340,-1.922130,nan
3qgy,3qgy_467,3.850,-0.726505,nan
3qgy,3qgy_477,6.280,-4.303296,nan
3qgy,3qgy_481,6.090,-2.493725,nan
3qgy,3qgy_483,7.140,-4.575885,nan
3qgy,3qgy_500,7.030,-4.574788,nan
3qgy,3qgy_501,3.970,-1.583586,nan
3qgy,3qgy_511,5.030,-2.644638,nan
3qgy,3qgy_516,1.670,-1.725942,nan
3qgy,3qgy_518,2.630,-2.037967,nan
3qgy,3qgy_52,1.340,-0.708913,nan
3qgy,3qgy_526,4.130,-1.490513,nan
3qgy,3qgy_542,2.830,-1.103494,nan
3qgy,3qgy_555,6.050,-3.384549,nan
3qgy,3qgy_564,4.710,-3.164357,nan
3qgy,3qgy_569,2.200,-2.358295,nan
3qgy,3qgy_572,5.000,-2.279466,nan
3qgy,3qgy_576,5.750,-2.753415,nan
3qgy,3qgy_581,5.510,-4.362802,nan
3qgy,3qgy_588,6.230,-2.607841,nan
3qgy,3qgy_594,6.080,-6.283851,nan
3qgy,3qgy_596,4.300,-3.652944,nan
3qgy,3qgy_607,5.300,-3.783087,nan
3qgy,3qgy_610,6.280,-6.472721,nan
3qgy,3qgy_627,6.620,-4.001728,nan
3qgy,3qgy_628,2.630,-2.219675,nan
3qgy,3qgy_630,5.130,-3.029679,nan
3qgy,3qgy_631,5.580,-1.891684,nan
3qgy,3qgy_633,1.060,-1.633992,nan
3qgy,3qgy_646,2.060,-1.460895,nan
3qgy,3qgy_658,6.020,-2.464137,nan
3qgy,3qgy_659,2.460,-1.142729,nan
3qgy,3qgy_662,4.820,-1.917057,nan
3qgy,3qgy_664,3.420,-2.139014,nan
3qgy,3qgy_666,3.850,-2.986206,nan
3qgy,3qgy_677,7.140,-4.888055,nan
3qgy,3qgy_678,4.260,-3.511451,nan
3qgy,3qgy_681,3.690,-1.071847,nan
3qgy,3qgy_683,5.340,-2.985995,nan
3qgy,3qgy_685,5.660,-2.727132,nan
3qgy,3qgy_687,7.030,-4.574788,nan
3qgy,3qgy_688,7.250,-5.910422,nan
3qgy,3qgy_691,1.970,-1.870335,nan
3qgy,3qgy_694,6.270,-3.859277,nan
3qgy,3qgy_695,3.620,-1.610803,nan
3qgy,3qgy_697,7.930,-4.603958,nan
3qgy,3qgy_699,4.960,-3.843169,nan
3qgy,3qgy_855,2.770,-1.464331,nan
3qgy,3qgy_9,0.890,-0.222622,nan
3qgy,3qgy_939,1.160,-0.822872,nan
3qqs,3qqs_100,0.480,-0.546626,nan
3qqs,3qqs_102,3.670,-2.438688,nan
3qqs,3qqs_103,4.530,-4.452428,nan
3qqs,3qqs_105,0.810,-0.502720,nan
3qqs,3qqs_114,3.960,-3.055811,nan
3qqs,3qqs_157,2.920,-2.034028,nan
3qqs,3qqs_158,0.870,-0.459412,nan
3qqs,3qqs_18,0.950,-0.239389,nan
3qqs,3qqs_324,0.880,-0.484202,nan
3qqs,3qqs_35,0.610,-0.220829,nan
3qqs,3qqs_375,7.090,-7.000234,nan
3qqs,3qqs_386,1.140,-0.485154,nan
3qqs,3qqs_396,0.510,-0.261339,nan
3qqs,3qqs_404,3.800,-2.532418,nan
3qqs,3qqs_435,0.800,-0.267421,nan
3qqs,3qqs_447,3.250,-2.368035,nan
3qqs,3qqs_449,5.050,-2.699980,nan
3qqs,3qqs_465,3.320,-1.010156,nan
3qqs,3qqs_473,1.550,-0.643569,nan
3qqs,3qqs_485,2.360,-1.632907,nan
3qqs,3qqs_497,1.020,-0.762309,nan
3qqs,3qqs_498,3.830,-1.693009,nan
3qqs,3qqs_500,5.330,-3.188758,nan
3qqs,3qqs_505,5.540,-4.930507,nan
3qqs,3qqs_511,1.320,-0.911740,nan
3qqs,3qqs_533,5.270,-5.200713,nan
3qqs,3qqs_534,2.420,-0.695490,nan
3qqs,3qqs_538,3.810,-3.628677,nan
3qqs,3qqs_542,6.170,-5.752203,nan
3qqs,3qqs_545,5.050,-4.811930,nan
3qqs,3qqs_546,2.120,-0.922465,nan
3qqs,3qqs_555,1.190,-1.429202,nan
3qqs,3qqs_574,2.760,-1.319441,nan
3qqs,3qqs_585,3.340,-1.328949,nan
3qqs,3qqs_608,5.130,-4.512807,nan
3qqs,3qqs_612,1.350,-1.253747,nan
3qqs,3qqs_625,3.960,-2.713622,nan
3qqs,3qqs_629,3.900,-2.630921,nan
3qqs,3qqs_632,1.440,-0.508250,nan
3qqs,3qqs_635,1.760,-0.894343,nan
3qqs,3qqs_636,4.770,-4.453716,nan
3qqs,3qqs_638,6.300,-5.155955,nan
3qqs,3qqs_639,2.290,-1.791134,nan
3qqs,3qqs_641,5.500,-4.594108,nan
3qqs,3qqs_646,5.160,-3.595726,nan
3qqs,3qqs_648,5.190,-4.698872,nan
3qqs,3qqs_653,4.980,-4.028093,nan
3qqs,3qqs_654,2.170,-2.166430,nan
3qqs,3qqs_657,4.230,-3.571254,nan
3qqs,3qqs_660,4.750,-2.984817,nan
3qqs,3qqs_670,1.850,-0.975971,nan
3qqs,3qqs_679,4.190,-2.915344,nan
3qqs,3qqs_682,4.960,-5.278966,nan
3qqs,3qqs_695,2.170,-2.102588,nan
3qqs,3qqs_696,4.890,-3.352865,nan
3qqs,3qqs_700,5.470,-5.187182,nan
3qqs,3qqs_715,0.760,-0.907640,nan
3qqs,3qqs_72,4.950,-3.252240,nan
3qqs,3qqs_732,2.700,-1.237517,nan
3qqs,3qqs_739,2.720,-1.672325,nan
3qqs,3qqs_751,4.900,-3.133594,nan
3qqs,3qqs_806,1.810,-0.924576,nan
3qqs,3qqs_86,0.600,-0.490752,nan
3r88,3r88_131,0.480,-0.348584,nan
3r88,3r88_201,9.520,-8.122186,nan
3r88,3r88_213,0.590,-0.210671,nan
3r88,3r88_220,9.310,-8.181648,nan
3r88,3r88_229,7.830,-5.421706,nan
3r88,3r88_234,9.510,-8.167513,nan
3r88,3r88_241,9.260,-8.358436,nan
3r88,3r88_254,1.020,-0.512779,nan
3r88,3r88_255,0.580,-0.660348,nan
3r88,3r88_263,4.840,-2.261774,nan
3r88,3r88_270,9.100,-6.986919,nan
3r88,3r88_278,9.240,-8.171103,nan
3r88,3r88_279,8.030,-5.429509,nan
3r88,3r88_291,0.760,-0.241365,nan
3r88,3r88_300,9.150,-7.519508,nan
3r88,3r88_371,0.570,-0.427081,nan
3r88,3r88_377,1.000,-0.770801,nan
3r88,3r88_405,4.930,-2.136453,nan
3r88,3r88_434,2.650,-0.853506,nan
3r88,3r88_439,2.350,-0.517816,nan
3r88,3r88_440,2.520,-1.253510,nan
3r88,3r88_452,6.060,-3.501369,nan
3r88,3r88_454,5.070,-2.191171,nan
3r88,3r88_463,4.550,-1.807235,nan
3r88,3r88_468,5.080,-2.531174,nan
3r88,3r88_470,5.120,-3.265588,nan
3r88,3r88_471,5.600,-2.796541,nan
3r88,3r88_495,2.840,-1.412947,nan
3r88,3r88_500,4.780,-2.811144,nan
3r88,3r88_507,3.290,-2.461894,nan
3r88,3r88_510,2.580,-1.033196,nan
3r88,3r88_513,1.140,-0.766170,nan
3r88,3r88_517,7.690,-5.117438,nan
3r88,3r88_524,4.660,-3.752828,nan
3r88,3r88_527,6.080,-4.715703,nan
3r88,3r88_533,0.980,-0.843840,nan
3r88,3r88_537,1.300,-1.277341,nan
3r88,3r88_545,7.550,-5.004837,nan
3r88,3r88_551,1.420,-1.213419,nan
3r88,3r88_553,0.830,-0.859678,nan
3r88,3r88_555,7.210,-5.043590,nan
3r88,3r88_561,4.520,-1.857549,nan
3r88,3r88_566,2.330,-1.580527,nan
3r88,3r88_571,3.940,-3.421709,nan
3r88,3r88_577,2.380,-1.394833,nan
3r88,3r88_582,5.570,-3.904646,nan
3r88,3r88_589,1.920,-1.258659,nan
3r88,3r88_591,2.440,-2.003045,nan
3r88,3r88_594,5.230,-4.165040,nan
3r88,3r88_596,4.090,-0.518420,nan
3r88,3r88_599,3.950,-0.511115,nan
3r88,3r88_613,1.700,-1.363582,nan
3r88,3r88_617,2.920,-1.813797,nan
3r88,3r88_628,4.180,-0.887572,nan
3r88,3r88_632,1.170,-0.247431,nan
3r88,3r88_634,5.830,-3.337014,nan
3r88,3r88_638,1.260,-1.204136,nan
3r88,3r88_656,3.980,-1.501087,nan
3r88,3r88_657,6.870,-4.642896,nan
3r88,3r88_672,3.760,-1.360686,nan
3r88,3r88_695,1.550,-1.327381,nan
3r88,3r88_696,3.990,-3.457836,nan
3r88,3r88_699,6.880,-5.578663,nan
3r88,3r88_713,7.940,-7.056214,nan
3r88,3r88_718,6.660,-3.876635,nan
3r88,3r88_725,7.410,-4.673722,nan
3r88,3r88_736,4.580,-4.601642,nan
3r88,3r88_741,6.010,-4.038154,nan
3r88,3r88_753,7.070,-5.259686,nan
3r88,3r88_763,3.800,-3.202371,nan
3r88,3r88_769,7.220,-6.874605,nan
3r88,3r88_773,6.390,-6.505469,nan
3r88,3r88_780,5.530,-4.724935,nan
3r88,3r88_784,7.110,-5.649983,nan
3r88,3r88_787,6.610,-4.916667,nan
3r88,3r88_792,4.020,-3.710421,nan
3r88,3r88_795,6.430,-7.059386,nan
3r88,3r88_798,3.330,-2.605474,nan
3r88,3r88_799,5.400,-6.430377,nan
3r88,3r88_802,0.930,-0.744718,nan
3r88,3r88_833,3.380,-1.332866,nan
3r88,3r88_861,1.370,-0.970635,nan
3r88,3r88_880,6.970,-5.007574,nan
3r88,3r88_883,7.430,-5.516204,nan
3r88,3r88_924,0.890,-0.674299,nan
3r88,3r88_931,2.070,-0.240584,nan
3r88,3r88_986,8.030,-7.823757,nan
3r88,3r88_994,3.170,-1.940728,nan
3r88,3r88_995,5.620,-4.917784,nan
3rlr,3rlr_100,2.910,-0.611017,nan
3rlr,3rlr_112,0.670,-0.493270,nan
3rlr,3rlr_12,0.930,-0.709554,nan
3rlr,3rlr_148,4.380,-2.544956,nan
3rlr,3rlr_167,0.490,-0.500303,nan
3rlr,3rlr_192,0.430,-0.361182,nan
3rlr,3rlr_197,0.430,-0.568158,nan
3rlr,3rlr_281,1.050,-0.980055,nan
3rlr,3rlr_335,3.290,-1.834401,nan
3rlr,3rlr_341,0.420,-0.448325,nan
3rlr,3rlr_347,0.420,-0.457546,nan
3rlr,3rlr_365,0.540,-0.259365,nan
3rlr,3rlr_397,1.070,-0.614508,nan
3rlr,3rlr_398,0.420,-0.195993,nan
3rlr,3rlr_410,3.330,-2.360911,nan
3rlr,3rlr_415,1.360,-1.303363,nan
3rlr,3rlr_418,4.900,-1.967218,nan
3rlr,3rlr_423,1.000,-0.948344,nan
3rlr,3rlr_428,3.650,-1.640118,nan
3rlr,3rlr_432,5.170,-2.472469,nan
3rlr,3rlr_439,2.420,-1.490446,nan
3rlr,3rlr_440,1.850,-1.087484,nan
3rlr,3rlr_444,2.120,-1.846541,nan
3rlr,3rlr_456,4.520,-1.621472,nan
3rlr,3rlr_457,3.880,-2.206905,nan
3rlr,3rlr_47,2.680,-0.158890,nan
3rlr,3rlr_477,3.050,-0.947375,nan
3rlr,3rlr_480,4.860,-1.113158,nan
3rlr,3rlr_482,4.570,-3.774897,nan
3rlr,3rlr_483,2.930,-1.007264,nan
3rlr,3rlr_488,4.700,-1.216892,nan
3rlr,3rlr_490,1.140,-0.635806,nan
3rlr,3rlr_498,2.890,-1.715519,nan
3rlr,3rlr_506,1.700,-1.594000,nan
3rlr,3rlr_524,1.240,-0.895476,nan
3rlr,3rlr_537,2.220,-0.835289,nan
3rlr,3rlr_539,4.350,-1.224116,nan
3rlr,3rlr_557,3.050,-1.750887,nan
3rlr,3rlr_560,5.070,-3.458200,nan
3rlr,3rlr_583,4.550,-1.595203,nan
3rlr,3rlr_586,3.730,-1.342325,nan
3rlr,3rlr_591,3.000,-2.181067,nan
3rlr,3rlr_595,7.010,-6.033006,nan
3rlr,3rlr_596,3.330,-1.584491,nan
3rlr,3rlr_598,5.030,-3.197982,nan
3rlr,3rlr_6,4.600,-1.523619,nan
3rlr,3rlr_617,1.650,-1.366791,nan
3rlr,3rlr_628,8.120,-6.546086,nan
3rlr,3rlr_632,6.210,-4.526264,nan
3rlr,3rlr_633,3.390,-2.639933,nan
3rlr,3rlr_634,5.220,-3.634838,nan
3rlr,3rlr_638,5.390,-4.680365,nan
3rlr,3rlr_640,6.900,-6.091428,nan
3rlr,3rlr_642,2.440,-2.190192,nan
3rlr,3rlr_650,6.420,-6.012286,nan
3rlr,3rlr_653,2.960,-1.558262,nan
3rlr,3rlr_655,5.060,-1.713959,nan
3rlr,3rlr_658,3.600,-2.112056,nan
3rlr,3rlr_660,6.010,-3.566895,nan
3rlr,3rlr_663,4.930,-2.605911,nan
3rlr,3rlr_667,1.460,-1.564085,nan
3rlr,3rlr_675,7.420,-5.448730,nan
3rlr,3rlr_68,5.850,-2.913203,nan
3rlr,3rlr_682,5.060,-3.937006,nan
3rlr,3rlr_685,6.320,-5.814314,nan
3rlr,3rlr_686,7.340,-5.576272,nan
3rlr,3rlr_762,8.130,-7.728214,nan
3rlr,3rlr_772,5.090,-2.206524,nan
3rlr,3rlr_778,5.810,-4.231314,nan
3rlr,3rlr_780,6.430,-4.604424,nan
3rlr,3rlr_904,2.000,-0.553069,nan
3rr4,3rr4_13,1.040,-0.160787,nan
3rr4,3rr4_2,2.100,-1.059005,nan
3rr4,3rr4_315,1.980,-0.443204,nan
3rr4,3rr4_369,0.220,-0.145638,nan
3rr4,3rr4_401,0.810,-0.788805,nan
3rr4,3rr4_418,3.930,-2.710019,nan
3rr4,3rr4_426,4.440,-2.656059,nan
3rr4,3rr4_431,4.150,-2.198838,nan
3rr4,3rr4_436,2.550,-0.617996,nan
3rr4,3rr4_437,1.070,-0.797633,nan
3rr4,3rr4_449,3.390,-2.795114,nan
3rr4,3rr4_454,4.610,-2.419025,nan
3rr4,3rr4_458,3.130,-2.758340,nan
3rr4,3rr4_466,5.150,-3.867520,nan
3rr4,3rr4_476,4.860,-4.778847,nan
3rr4,3rr4_479,0.910,-0.404309,nan
3rr4,3rr4_492,2.450,-1.784477,nan
3rr4,3rr4_500,1.380,-0.349630,nan
3rr4,3rr4_523,1.420,-1.482920,nan
3rr4,3rr4_529,0.890,-0.821475,nan
3rr4,3rr4_575,0.990,-0.864256,nan
3rr4,3rr4_578,5.220,-4.077994,nan
3rr4,3rr4_582,2.580,-2.623108,nan
3rr4,3rr4_591,2.520,-0.880954,nan
3rr4,3rr4_592,5.890,-5.405594,nan
3rr4,3rr4_596,4.290,-2.515706,nan
3rr4,3rr4_62,0.950,-0.220328,nan
3rr4,3rr4_641,4.020,-2.033848,nan
3rr4,3rr4_648,2.610,-1.433137,nan
3rr4,3rr4_663,3.810,-1.772508,nan
3rr4,3rr4_664,3.680,-1.674428,nan
3rr4,3rr4_669,1.660,-1.239073,nan
3rr4,3rr4_680,1.580,-1.609951,nan
3rr4,3rr4_694,2.740,-1.173456,nan
3rr4,3rr4_701,0.440,-0.497498,nan
3rr4,3rr4_703,0.870,-0.425570,nan
3rr4,3rr4_708,3.290,-1.888543,nan
3rr4,3rr4_715,9.670,-8.587647,nan
3rr4,3rr4_716,5.760,-4.861378,nan
3rr4,3rr4_718,6.740,-5.505428,nan
3rr4,3rr4_722,9.170,-8.572988,nan
3rr4,3rr4_724,9.470,-8.583611,nan
3rr4,3rr4_729,8.490,-8.551631,nan
3rr4,3rr4_73,1.120,-0.316836,nan
3rr4,3rr4_730,3.690,-2.606888,nan
3rr4,3rr4_731,4.760,-3.680630,nan
3rr4,3rr4_735,5.530,-5.459485,nan
3rr4,3rr4_739,7.130,-6.307653,nan
3rr4,3rr4_746,8.570,-8.217875,nan
3rr4,3rr4_747,7.110,-6.816862,nan
3rr4,3rr4_749,6.930,-6.249012,nan
3rr4,3rr4_752,9.150,-8.485509,nan
3rr4,3rr4_758,8.890,-8.318264,nan
3rr4,3rr4_760,7.430,-6.747495,nan
3rr4,3rr4_761,9.000,-8.265817,nan
3rr4,3rr4_763,8.750,-8.335064,nan
3rr4,3rr4_764,9.200,-8.543689,nan
3rr4,3rr4_765,8.850,-8.291794,nan
3rr4,3rr4_766,6.600,-6.437194,nan
3rr4,3rr4_767,8.410,-7.262213,nan
3rr4,3rr4_768,4.880,-4.315297,nan
3rr4,3rr4_769,7.800,-6.888194,nan
3rr4,3rr4_771,3.680,-3.753453,nan
3rr4,3rr4_773,7.680,-7.104428,nan
3rr4,3rr4_774,6.510,-5.896044,nan
3rr4,3rr4_784,2.440,-0.997516,nan
3rr4,3rr4_786,1.220,-1.091534,nan
3rr4,3rr4_790,2.730,-1.801519,nan
3rr4,3rr4_791,6.690,-6.091966,nan
3rr4,3rr4_795,5.770,-4.259442,nan
3rr4,3rr4_806,4.110,-3.130458,nan
3rr4,3rr4_814,7.900,-7.527662,nan
3rr4,3rr4_831,9.430,-8.559088,nan
3rr4,3rr4_837,8.970,-8.275073,nan
3rr4,3rr4_839,8.170,-7.469659,nan
3rr4,3rr4_849,7.230,-6.832648,nan
3rr4,3rr4_85,0.270,-0.211621,nan
3rr4,3rr4_851,7.030,-5.703266,nan
3rr4,3rr4_853,6.860,-5.964697,nan
3rr4,3rr4_863,7.660,-7.913440,nan
3rr4,3rr4_869,7.160,-6.322291,nan
3rr4,3rr4_875,9.660,-8.595843,nan
3rr4,3rr4_884,4.840,-3.106833,nan
3rr4,3rr4_89,0.540,-0.139004,nan
3rr4,3rr4_891,8.370,-8.364562,nan
3rr4,3rr4_898,2.990,-1.467020,nan
3rr4,3rr4_913,3.220,-2.256564,nan
3rr4,3rr4_922,6.230,-5.746919,nan
3rr4,3rr4_938,6.460,-5.216891,nan
3rr4,3rr4_949,5.500,-3.656639,nan
3rr4,3rr4_95,1.160,-0.239404,nan
3rr4,3rr4_950,6.060,-4.987137,nan
3rr4,3rr4_955,6.280,-6.099891,nan
3rr4,3rr4_964,5.110,-3.208802,nan
3rr4,3rr4_972,5.610,-5.291475,nan
3rr4,3rr4_975,5.440,-3.642650,nan
3rr4,3rr4_99,3.440,-1.783784,nan
3rsx,3rsx_121,3.240,-2.943658,nan
3rsx,3rsx_131,0.410,-0.809741,nan
3rsx,3rsx_132,4.750,-4.889852,nan
3rsx,3rsx_172,3.360,-3.063553,nan
3rsx,3rsx_173,2.940,-2.756258,nan
3rsx,3rsx_218,5.750,-2.967858,nan
3rsx,3rsx_230,2.330,-1.775844,nan
3rsx,3rsx_243,0.550,-0.422314,nan
3rsx,3rsx_249,0.760,-0.491297,nan
3rsx,3rsx_266,0.770,-0.443276,nan
3rsx,3rsx_375,0.910,-0.742910,nan
3rsx,3rsx_388,0.910,-0.714378,nan
3rsx,3rsx_408,5.590,-0.338004,nan
3rsx,3rsx_423,1.530,-0.369314,nan
3rsx,3rsx_434,1.980,-1.494579,nan
3rsx,3rsx_450,4.300,-3.134634,nan
3rsx,3rsx_464,2.250,-1.301839,nan
3rsx,3rsx_470,1.610,-1.266755,nan
3rsx,3rsx_474,2.340,-0.669573,nan
3rsx,3rsx_487,1.580,-0.756000,nan
3rsx,3rsx_494,4.500,-3.977736,nan
3rsx,3rsx_497,2.010,-1.037045,nan
3rsx,3rsx_505,1.560,-0.460034,nan
3rsx,3rsx_506,1.540,-0.372705,nan
3rsx,3rsx_515,0.790,-0.500039,nan
3rsx,3rsx_518,3.350,-2.846301,nan
3rsx,3rsx_528,0.990,-1.131621,nan
3rsx,3rsx_534,4.800,-3.210649,nan
3rsx,3rsx_535,3.960,-3.157071,nan
3rsx,3rsx_537,6.150,-4.675513,nan
3rsx,3rsx_549,5.160,-2.292226,nan
3rsx,3rsx_553,2.160,-1.640525,nan
3rsx,3rsx_554,1.210,-0.989024,nan
3rsx,3rsx_556,2.860,-2.467335,nan
3rsx,3rsx_569,5.370,-5.053499,nan
3rsx,3rsx_574,4.700,-3.811854,nan
3rsx,3rsx_579,6.020,-3.133897,nan
3rsx,3rsx_586,3.570,-2.883821,nan
3rsx,3rsx_589,5.980,-5.032568,nan
3rsx,3rsx_590,6.350,-3.995093,nan
3rsx,3rsx_591,3.190,-2.775734,nan
3rsx,3rsx_593,4.090,-2.906924,nan
3rsx,3rsx_594,1.750,-1.130569,nan
3rsx,3rsx_596,3.440,-3.004208,nan
3rsx,3rsx_604,3.200,-3.062067,nan
3rsx,3rsx_605,2.070,-1.428568,nan
3rsx,3rsx_607,2.130,-1.846497,nan
3rsx,3rsx_621,5.100,-5.311237,nan
3rsx,3rsx_629,5.630,-3.296041,nan
3rsx,3rsx_630,0.920,-0.497540,nan
3rsx,3rsx_651,1.740,-1.556671,nan
3rsx,3rsx_677,1.290,-0.314167,nan
3rsx,3rsx_684,0.880,-0.391940,nan
3rsx,3rsx_689,2.480,-1.514663,nan
3rsx,3rsx_697,5.520,-3.961068,nan
3rsx,3rsx_708,5.630,-6.007263,nan
3rsx,3rsx_740,6.540,-5.037113,nan
3rsx,3rsx_742,3.640,-3.747335,nan
3rsx,3rsx_744,7.260,-7.626716,nan
3rsx,3rsx_750,4.130,-3.934205,nan
3rsx,3rsx_754,6.070,-2.012196,nan
3rsx,3rsx_756,7.800,-7.595748,nan
3rsx,3rsx_761,4.540,-2.990098,nan
3rsx,3rsx_762,6.900,-7.066340,nan
3rsx,3rsx_772,4.420,-3.643244,nan
3rsx,3rsx_773,6.810,-6.782239,nan
3rsx,3rsx_774,6.220,-2.940044,nan
3rsx,3rsx_778,3.160,-2.268663,nan
3rsx,3rsx_797,7.350,-6.925702,nan
3rsx,3rsx_828,6.020,-4.816078,nan
3rsx,3rsx_868,5.700,-2.439604,nan
3rsx,3rsx_912,7.360,-7.073386,nan
3rsx,3rsx_918,7.280,-7.246101,nan
3rsx,3rsx_934,6.270,-6.180128,nan
3rsx,3rsx_936,4.760,-2.831126,nan
3ryj,3ryj_125,2.060,-1.360133,nan
3ryj,3ryj_154,1.760,-0.931618,nan
3ryj,3ryj_157,2.460,-0.837279,nan
3ryj,3ryj_221,3.440,-2.404244,nan
3ryj,3ryj_229,0.400,-0.578523,nan
3ryj,3ryj_245,2.960,-1.475364,nan
3ryj,3ryj_272,3.150,-1.728238,nan
3ryj,3ryj_281,3.290,-1.876003,nan
3ryj,3ryj_296,0.520,-0.605663,nan
3ryj,3ryj_332,0.940,-1.132261,nan
3ryj,3ryj_344,3.200,-1.833166,nan
3ryj,3ryj_358,0.900,-0.284463,nan
3ryj,3ryj_387,0.810,-0.473253,nan
3ryj,3ryj_395,0.740,-0.487287,nan
3ryj,3ryj_397,0.540,-1.100840,nan
3ryj,3ryj_407,3.500,-3.055407,nan
3ryj,3ryj_422,2.660,-1.793427,nan
3ryj,3ryj_441,3.120,-2.268781,nan
3ryj,3ryj_449,4.030,-2.179566,nan
3ryj,3ryj_453,3.510,-1.690331,nan
3ryj,3ryj_468,0.990,-1.153902,nan
3ryj,3ryj_470,1.820,-1.400429,nan
3ryj,3ryj_471,3.610,-2.092166,nan
3ryj,3ryj_477,1.080,-1.429486,nan
3ryj,3ryj_483,1.840,-1.219535,nan
3ryj,3ryj_536,1.660,-1.450483,nan
3ryj,3ryj_538,1.640,-1.322026,nan
3ryj,3ryj_540,1.560,-0.994867,nan
3ryj,3ryj_545,2.160,-2.243543,nan
3ryj,3ryj_548,4.180,-3.036933,nan
3ryj,3ryj_579,4.120,-2.604553,nan
3ryj,3ryj_588,2.020,-1.835372,nan
3ryj,3ryj_589,3.800,-2.727849,nan
3ryj,3ryj_594,1.950,-1.102825,nan
3ryj,3ryj_600,4.220,-2.809679,nan
3ryj,3ryj_611,1.650,-0.587756,nan
3ryj,3ryj_622,2.070,-0.720437,nan
3ryj,3ryj_634,4.150,-2.957583,nan
3ryj,3ryj_647,2.160,-1.303607,nan
3ryj,3ryj_662,3.280,-1.729469,nan
3ryj,3ryj_681,4.240,-2.787106,nan
3ryj,3ryj_707,4.110,-2.896591,nan
3ryj,3ryj_750,2.990,-2.132951,nan
3ryj,3ryj_767,2.690,-1.248926,nan
3ryj,3ryj_778,4.180,-3.608501,nan
3ryj,3ryj_796,6.300,-2.368643,nan
3ryj,3ryj_798,6.660,-2.936080,nan
3ryj,3ryj_826,0.830,-0.631047,nan
3ryj,3ryj_840,0.970,-0.714393,nan
3ryj,3ryj_848,1.740,-1.104587,nan
3ryj,3ryj_863,4.070,-2.780170,nan
3ryj,3ryj_887,4.210,-3.371500,nan
3syr,3syr_105,0.640,-0.836577,nan
3syr,3syr_225,1.300,-0.336311,nan
3syr,3syr_251,1.680,-0.901897,nan
3syr,3syr_330,1.390,-1.082602,nan
3syr,3syr_408,0.850,-0.926334,nan
3syr,3syr_412,0.970,-1.075480,nan
3syr,3syr_413,0.950,-1.115185,nan
3syr,3syr_416,1.500,-1.761200,nan
3syr,3syr_448,0.870,-1.495828,nan
3syr,3syr_452,1.380,-2.088394,nan
3syr,3syr_46,0.710,-0.589028,nan
3syr,3syr_462,1.560,-1.342926,nan
3syr,3syr_47,0.360,-0.787431,nan
3syr,3syr_477,1.350,-1.349327,nan
3syr,3syr_484,2.380,-1.425829,nan
3syr,3syr_499,2.530,-2.112439,nan
3syr,3syr_500,1.960,-1.492873,nan
3syr,3syr_523,3.040,-2.137382,nan
3syr,3syr_533,2.060,-1.890728,nan
3syr,3syr_539,3.920,-3.972453,nan
3syr,3syr_545,2.070,-1.576853,nan
3syr,3syr_550,6.050,-2.045228,nan
3syr,3syr_552,6.150,-2.347682,nan
3syr,3syr_557,5.540,-2.174078,nan
3syr,3syr_563,5.640,-2.501587,nan
3syr,3syr_564,2.030,-1.719464,nan
3syr,3syr_577,7.540,-5.603387,nan
3syr,3syr_582,6.430,-4.036937,nan
3syr,3syr_593,5.450,-1.822562,nan
3syr,3syr_594,3.470,-2.870086,nan
3syr,3syr_596,5.800,-2.044166,nan
3syr,3syr_599,6.600,-4.604369,nan
3syr,3syr_600,6.020,-2.321292,nan
3syr,3syr_609,2.800,-1.311639,nan
3syr,3syr_614,7.570,-5.747481,nan
3syr,3syr_617,2.310,-2.023746,nan
3syr,3syr_618,2.070,-2.025712,nan
3syr,3syr_621,2.770,-2.004309,nan
3syr,3syr_622,3.230,-3.259362,nan
3syr,3syr_627,4.140,-3.452159,nan
3syr,3syr_629,1.740,-1.303843,nan
3syr,3syr_631,3.250,-3.405309,nan
3syr,3syr_633,7.020,-5.798540,nan
3syr,3syr_636,2.160,-1.425826,nan
3syr,3syr_647,3.240,-2.936097,nan
3syr,3syr_648,3.990,-3.562776,nan
3syr,3syr_658,3.700,-2.935652,nan
3syr,3syr_659,6.680,-4.186148,nan
3syr,3syr_679,8.120,-6.109313,nan
3syr,3syr_692,5.810,-3.437291,nan
3syr,3syr_695,4.800,-4.383467,nan
3syr,3syr_697,4.370,-4.514265,nan
3syr,3syr_699,4.190,-3.639347,nan
3syr,3syr_746,3.300,-2.832880,nan
3syr,3syr_748,3.190,-2.432293,nan
3syr,3syr_752,5.130,-2.778672,nan
3syr,3syr_759,5.300,-1.902215,nan
3syr,3syr_762,5.190,-3.825027,nan
3syr,3syr_772,5.230,-1.777805,nan
3syr,3syr_823,1.530,-1.325463,nan
3syr,3syr_862,0.780,-0.735806,nan
3syr,3syr_88,5.480,-1.223808,nan
3syr,3syr_93,0.490,-0.750701,nan
3syr,3syr_969,0.820,-1.074591,nan
3tsk,3tsk_134,4.100,-2.038598,nan
3tsk,3tsk_176,2.870,-1.768903,nan
3tsk,3tsk_259,4.800,-2.426800,nan
3tsk,3tsk_263,3.980,-2.247645,nan
3tsk,3tsk_273,5.120,-2.131160,nan
3tsk,3tsk_285,5.280,-2.141678,nan
3tsk,3tsk_29,8.420,-8.570546,nan
3tsk,3tsk_294,5.020,-2.387073,nan
3tsk,3tsk_31,7.010,-6.065339,nan
3tsk,3tsk_337,4.220,-1.962915,nan
3tsk,3tsk_344,2.040,-1.789753,nan
3tsk,3tsk_358,1.750,-1.737348,nan
3tsk,3tsk_380,6.350,-5.261556,nan
3tsk,3tsk_381,2.080,-1.063810,nan
3tsk,3tsk_382,4.180,-1.738961,nan
3tsk,3tsk_40,9.960,-8.494510,nan
3tsk,3tsk_400,5.760,-4.737292,nan
3tsk,3tsk_402,6.380,-5.173915,nan
3tsk,3tsk_405,2.720,-3.134965,nan
3tsk,3tsk_422,2.770,-3.139437,nan
3tsk,3tsk_423,3.840,-1.685756,nan
3tsk,3tsk_426,3.700,-2.247254,nan
3tsk,3tsk_430,5.140,-4.196227,nan
3tsk,3tsk_433,2.930,-2.374673,nan
3tsk,3tsk_441,4.500,-4.597107,nan
3tsk,3tsk_443,4.360,-4.262596,nan
3tsk,3tsk_444,3.470,-3.203596,nan
3tsk,3tsk_455,3.520,-3.838415,nan
3tsk,3tsk_456,8.580,-5.393536,nan
3tsk,3tsk_458,2.690,-3.032786,nan
3tsk,3tsk_460,5.070,-7.500679,nan
3tsk,3tsk_461,9.360,-6.499643,nan
3tsk,3tsk_464,3.490,-4.408619,nan
3tsk,3tsk_465,7.570,-3.879555,nan
3tsk,3tsk_468,2.830,-2.671953,nan
3tsk,3tsk_475,8.100,-3.775956,nan
3tsk,3tsk_479,3.360,-4.529468,nan
3tsk,3tsk_487,5.400,-3.866958,nan
3tsk,3tsk_491,6.250,-7.203224,nan
3tsk,3tsk_495,9.310,-3.888706,nan
3tsk,3tsk_499,6.600,-3.429506,nan
3tsk,3tsk_500,2.950,-3.025226,nan
3tsk,3tsk_509,6.290,-6.503895,nan
3tsk,3tsk_512,6.190,-7.251606,nan
3tsk,3tsk_522,9.010,-8.559714,nan
3tsk,3tsk_527,6.980,-3.406066,nan
3tsk,3tsk_532,3.250,-3.236919,nan
3tsk,3tsk_541,5.040,-4.383499,nan
3tsk,3tsk_547,9.040,-7.718985,nan
3tsk,3tsk_552,9.320,-8.384862,nan
3tsk,3tsk_557,7.990,-8.458121,nan
3tsk,3tsk_561,6.870,-5.601630,nan
3tsk,3tsk_576,5.080,-4.620150,nan
3tsk,3tsk_580,7.590,-4.412228,nan
3tsk,3tsk_589,8.940,-8.568104,nan
3tsk,3tsk_594,4.590,-5.648041,nan
3tsk,3tsk_596,7.920,-8.551682,nan
3tsk,3tsk_598,4.540,-3.192638,nan
3tsk,3tsk_646,7.980,-8.507509,nan
3tsk,3tsk_655,9.330,-8.576194,nan
3tsk,3tsk_656,8.900,-8.197361,nan
3tsk,3tsk_668,8.440,-8.519523,nan
3tsk,3tsk_669,7.260,-7.165218,nan
3tsk,3tsk_674,7.750,-7.843532,nan
3tsk,3tsk_679,5.310,-4.514514,nan
3tsk,3tsk_696,7.510,-6.449258,nan
3tsk,3tsk_700,9.290,-8.564825,nan
3tsk,3tsk_702,8.290,-7.933569,nan
3tsk,3tsk_713,3.960,-1.994263,nan
3tsk,3tsk_721,7.660,-7.565076,nan
3tsk,3tsk_733,9.420,-8.564018,nan
3tsk,3tsk_767,4.750,-4.616438,nan
3tsk,3tsk_78,8.370,-8.017855,nan
3tsk,3tsk_784,9.000,-8.563062,nan
3tsk,3tsk_803,8.610,-8.561669,nan
3tsk,3tsk_847,9.050,-8.577820,nan
3tsk,3tsk_870,4.360,-2.441769,nan
3tsk,3tsk_93,6.680,-4.938805,nan
3tsk,3tsk_979,6.970,-6.978976,nan
3tsk,3tsk_980,3.450,-4.964161,nan
3twp,3twp_105,7.540,-6.509034,nan
3twp,3twp_108,7.310,-6.126390,nan
3twp,3twp_121,7.160,-6.361640,nan
3twp,3twp_126,7.160,-6.052442,nan
3twp,3twp_14,5.700,-4.238782,nan
3twp,3twp_147,7.560,-6.725233,nan
3twp,3twp_152,7.220,-6.358562,nan
3twp,3twp_157,7.390,-6.502251,nan
3twp,3twp_160,7.260,-6.296750,nan
3twp,3twp_18,6.030,-5.247069,nan
3twp,3twp_198,2.600,-0.333942,nan
3twp,3twp_22,4.380,-2.191456,nan
3twp,3twp_226,3.090,-1.565830,nan
3twp,3twp_321,2.560,-0.324851,nan
3twp,3twp_362,2.420,-0.720800,nan
3twp,3twp_381,2.790,-0.291003,nan
3twp,3twp_413,6.500,-6.641845,nan
3twp,3twp_419,4.870,-4.732096,nan
3twp,3twp_422,2.300,-1.237790,nan
3twp,3twp_440,5.480,-5.933065,nan
3twp,3twp_445,6.120,-5.389904,nan
3twp,3twp_454,6.170,-5.639851,nan
3twp,3twp_467,1.800,-0.796883,nan
3twp,3twp_481,4.770,-3.907415,nan
3twp,3twp_487,6.500,-5.673460,nan
3twp,3twp_490,1.480,-1.077886,nan
3twp,3twp_497,1.890,-1.289307,nan
3twp,3twp_501,0.980,-0.422698,nan
3twp,3twp_510,0.460,-0.789335,nan
3twp,3twp_511,1.050,-0.297493,nan
3twp,3twp_532,2.820,-1.864850,nan
3twp,3twp_533,3.930,-3.750520,nan
3twp,3twp_536,1.850,-1.227911,nan
3twp,3twp_540,5.280,-4.522170,nan
3twp,3twp_547,3.530,-1.711250,nan
3twp,3twp_560,3.170,-1.243568,nan
3twp,3twp_567,3.130,-0.493439,nan
3twp,3twp_569,3.870,-2.799895,nan
3twp,3twp_57,5.430,-4.177456,nan
3twp,3twp_574,2.220,-0.473683,nan
3twp,3twp_575,1.720,-0.408881,nan
3twp,3twp_576,4.770,-4.880880,nan
3twp,3twp_578,4.050,-3.975841,nan
3twp,3twp_596,6.300,-5.462246,nan
3twp,3twp_599,3.570,-2.384795,nan
3twp,3twp_600,5.110,-5.459154,nan
3twp,3twp_605,5.230,-4.251740,nan
3twp,3twp_608,1.940,-1.208764,nan
3twp,3twp_613,0.890,-0.627369,nan
3twp,3twp_619,6.520,-6.398162,nan
3twp,3twp_627,2.640,-1.202588,nan
3twp,3twp_633,5.520,-4.483847,nan
3twp,3twp_643,1.960,-0.880531,nan
3twp,3twp_645,1.970,-0.749496,nan
3twp,3twp_646,4.390,-3.727564,nan
3twp,3twp_665,6.620,-5.031585,nan
3twp,3twp_676,2.710,-2.613179,nan
3twp,3twp_686,1.710,-0.542569,nan
3twp,3twp_692,3.170,-0.846099,nan
3twp,3twp_741,4.820,-3.311515,nan
3twp,3twp_742,7.280,-5.967090,nan
3twp,3twp_745,3.900,-3.766480,nan
3twp,3twp_749,5.330,-4.606514,nan
3twp,3twp_754,4.010,-3.139150,nan
3twp,3twp_763,6.380,-5.449716,nan
3twp,3twp_769,5.930,-4.359785,nan
3twp,3twp_778,7.480,-6.531425,nan
3twp,3twp_779,5.410,-4.421364,nan
3twp,3twp_785,4.460,-3.237007,nan
3twp,3twp_8,4.780,-4.069461,nan
3twp,3twp_827,6.010,-5.315162,nan
3twp,3twp_912,2.830,-2.197997,nan
3twp,3twp_92,3.720,-2.799891,nan
3u5j,3u5j_124,4.550,-2.271473,nan
3u5j,3u5j_143,1.030,-0.670538,nan
3u5j,3u5j_147,2.440,-1.459608,nan
3u5j,3u5j_174,1.010,-1.391358,nan
3u5j,3u5j_195,1.880,-0.830487,nan
3u5j,3u5j_20,1.440,-0.830551,nan
3u5j,3u5j_203,2.490,-0.723349,nan
3u5j,3u5j_213,0.700,-0.552087,nan
3u5j,3u5j_233,0.560,-1.012718,nan
3u5j,3u5j_24,1.020,-0.181205,nan
3u5j,3u5j_251,0.790,-0.840433,nan
3u5j,3u5j_257,0.630,-0.494667,nan
3u5j,3u5j_268,5.140,-3.025626,nan
3u5j,3u5j_290,5.340,-2.846229,nan
3u5j,3u5j_294,0.650,-1.144036,nan
3u5j,3u5j_419,6.060,-5.067057,nan
3u5j,3u5j_421,3.640,-2.251115,nan
3u5j,3u5j_434,5.570,-3.549038,nan
3u5j,3u5j_439,6.180,-5.458213,nan
3u5j,3u5j_458,5.220,-5.004721,nan
3u5j,3u5j_47,0.720,-0.401981,nan
3u5j,3u5j_475,1.570,-0.903031,nan
3u5j,3u5j_481,2.380,-1.374921,nan
3u5j,3u5j_482,3.940,-2.973694,nan
3u5j,3u5j_491,4.950,-5.332836,nan
3u5j,3u5j_493,6.050,-4.649549,nan
3u5j,3u5j_497,3.900,-3.214157,nan
3u5j,3u5j_498,3.760,-2.076136,nan
3u5j,3u5j_505,0.730,-1.181355,nan
3u5j,3u5j_526,3.060,-2.015257,nan
3u5j,3u5j_536,6.020,-4.476683,nan
3u5j,3u5j_54,0.630,-0.722381,nan
3u5j,3u5j_557,2.500,-1.665206,nan
3u5j,3u5j_561,4.680,-0.923678,nan
3u5j,3u5j_563,3.980,-1.563633,nan
3u5j,3u5j_566,4.390,-2.117936,nan
3u5j,3u5j_574,4.670,-2.352048,nan
3u5j,3u5j_576,2.600,-1.971835,nan
3u5j,3u5j_578,4.850,-2.022599,nan
3u5j,3u5j_580,6.890,-6.460529,nan
3u5j,3u5j_584,7.810,-8.150550,nan
3u5j,3u5j_589,3.250,-1.448631,nan
3u5j,3u5j_591,2.810,-0.868576,nan
3u5j,3u5j_593,3.840,-2.021207,nan
3u5j,3u5j_603,4.200,-3.359245,nan
3u5j,3u5j_62,0.570,-0.934111,nan
3u5j,3u5j_620,1.340,-0.292243,nan
3u5j,3u5j_639,1.080,-0.764533,nan
3u5j,3u5j_65,0.410,-0.316653,nan
3u5j,3u5j_690,3.120,-2.566446,nan
3u5j,3u5j_710,1.990,-1.246851,nan
3u5j,3u5j_723,4.270,-4.560095,nan
3u5j,3u5j_728,6.060,-2.562293,nan
3u5j,3u5j_731,4.530,-3.970978,nan
3u5j,3u5j_733,6.230,-4.605563,nan
3u5j,3u5j_736,5.820,-6.021469,nan
3u5j,3u5j_746,5.670,-5.727252,nan
3u5j,3u5j_756,5.860,-4.992576,nan
3u5j,3u5j_757,6.490,-3.434314,nan
3u5j,3u5j_759,5.780,-4.891125,nan
3u5j,3u5j_764,6.490,-6.085791,nan
3u5j,3u5j_773,6.080,-4.797795,nan
3u5j,3u5j_803,1.530,-1.330983,nan
3u5j,3u5j_830,2.890,-1.576959,nan
3u5j,3u5j_845,4.000,-4.264540,nan
3u5j,3u5j_858,4.370,-3.980113,nan
3u5j,3u5j_894,2.390,-0.849330,nan
3u5j,3u5j_928,2.930,-0.503477,nan
3u5j,3u5j_968,5.510,-4.024103,nan
3u5j,3u5j_972,5.860,-4.295317,nan
3u5j,3u5j_974,2.300,-1.954578,nan
3u8k,3u8k_110,2.970,-1.736545,nan
3u8k,3u8k_147,0.450,-0.482105,nan
3u8k,3u8k_224,0.660,-0.598961,nan
3u8k,3u8k_362,0.520,-0.645171,nan
3u8k,3u8k_408,1.080,-0.526598,nan
3u8k,3u8k_412,2.670,-1.491622,nan
3u8k,3u8k_420,1.020,-1.348272,nan
3u8k,3u8k_422,0.830,-1.389436,nan
3u8k,3u8k_424,1.180,-1.465923,nan
3u8k,3u8k_426,2.850,-1.779127,nan
3u8k,3u8k_444,4.190,-1.335665,nan
3u8k,3u8k_448,0.910,-1.645225,nan
3u8k,3u8k_456,1.730,-1.140266,nan
3u8k,3u8k_463,4.100,-1.621298,nan
3u8k,3u8k_475,3.020,-1.455036,nan
3u8k,3u8k_479,0.770,-1.040045,nan
3u8k,3u8k_481,3.030,-2.045006,nan
3u8k,3u8k_494,3.050,-1.952181,nan
3u8k,3u8k_499,3.040,-1.760368,nan
3u8k,3u8k_512,1.940,-1.750635,nan
3u8k,3u8k_524,6.370,-5.936028,nan
3u8k,3u8k_529,5.300,-3.530681,nan
3u8k,3u8k_532,6.530,-6.349725,nan
3u8k,3u8k_537,1.660,-1.983796,nan
3u8k,3u8k_544,5.270,-4.383049,nan
3u8k,3u8k_549,6.340,-5.195219,nan
3u8k,3u8k_550,4.780,-3.357303,nan
3u8k,3u8k_551,1.960,-1.799438,nan
3u8k,3u8k_556,4.940,-3.939082,nan
3u8k,3u8k_557,5.050,-3.731028,nan
3u8k,3u8k_561,6.530,-5.930597,nan
3u8k,3u8k_563,2.350,-2.578317,nan
3u8k,3u8k_564,4.380,-3.197312,nan
3u8k,3u8k_568,5.170,-4.620570,nan
3u8k,3u8k_569,2.530,-0.431787,nan
3u8k,3u8k_573,5.720,-5.346024,nan
3u8k,3u8k_575,6.170,-4.778572,nan
3u8k,3u8k_579,5.640,-4.767900,nan
3u8k,3u8k_584,4.590,-1.861861,nan
3u8k,3u8k_587,3.450,-2.207463,nan
3u8k,3u8k_588,5.190,-4.956467,nan
3u8k,3u8k_589,2.120,-2.264016,nan
3u8k,3u8k_593,5.380,-4.042900,nan
3u8k,3u8k_594,2.230,-1.653579,nan
3u8k,3u8k_607,1.810,-1.629102,nan
3u8k,3u8k_612,0.970,-1.270124,nan
3u8k,3u8k_619,3.770,-1.143360,nan
3u8k,3u8k_631,5.920,-4.390400,nan
3u8k,3u8k_650,3.820,-1.232145,nan
3u8k,3u8k_680,4.220,-0.968198,nan
3u8k,3u8k_682,1.030,-1.009863,nan
3u8k,3u8k_683,3.430,-2.901432,nan
3u8k,3u8k_689,6.290,-5.684195,nan
3u8k,3u8k_717,0.600,-1.038579,nan
3u8k,3u8k_723,0.800,-1.043074,nan
3u8k,3u8k_748,6.110,-5.187903,nan
3u8k,3u8k_756,6.660,-6.094553,nan
3u8k,3u8k_765,6.840,-5.784960,nan
3u8k,3u8k_771,3.790,-1.844850,nan
3u8k,3u8k_773,7.540,-7.975542,nan
3u8k,3u8k_775,4.060,-2.692013,nan
3u8k,3u8k_776,1.700,-1.539396,nan
3u8k,3u8k_777,6.000,-5.018749,nan
3u8k,3u8k_780,7.800,-7.969937,nan
3u8k,3u8k_782,4.490,-3.736297,nan
3u8k,3u8k_784,3.560,-2.450436,nan
3u8k,3u8k_787,6.560,-6.039482,nan
3u8k,3u8k_796,2.100,-1.400212,nan
3u8k,3u8k_797,2.250,-1.515045,nan
3u8k,3u8k_799,2.820,-1.871967,nan
3u8k,3u8k_800,4.100,-3.830540,nan
3u8k,3u8k_830,0.520,-0.766446,nan
3u8n,3u8n_441,1.020,-0.745440,nan
3u8n,3u8n_443,3.050,-1.271690,nan
3u8n,3u8n_464,2.120,-2.120877,nan
3u8n,3u8n_468,0.940,-0.852913,nan
3u8n,3u8n_471,4.340,-1.907489,nan
3u8n,3u8n_477,2.010,-1.031112,nan
3u8n,3u8n_482,3.230,-1.599881,nan
3u8n,3u8n_498,2.990,-1.534711,nan
3u8n,3u8n_509,0.930,-0.945945,nan
3u8n,3u8n_516,0.860,-0.907669,nan
3u8n,3u8n_529,5.430,-6.701530,nan
3u8n,3u8n_531,1.170,-0.747075,nan
3u8n,3u8n_542,3.320,-2.206064,nan
3u8n,3u8n_557,5.040,-3.801547,nan
3u8n,3u8n_576,5.570,-4.214352,nan
3u8n,3u8n_581,0.780,-1.127399,nan
3u8n,3u8n_622,3.550,-2.621343,nan
3u8n,3u8n_648,1.270,-1.486373,nan
3u8n,3u8n_662,3.080,-1.402382,nan
3u8n,3u8n_675,3.010,-1.647524,nan
3u8n,3u8n_691,4.240,-1.494781,nan
3u8n,3u8n_693,1.320,-1.418084,nan
3u8n,3u8n_704,3.200,-1.918313,nan
3u8n,3u8n_713,0.720,-0.637885,nan
3u8n,3u8n_718,3.230,-1.906309,nan
3u8n,3u8n_724,4.940,-5.022159,nan
3u8n,3u8n_733,5.070,-5.241224,nan
3u8n,3u8n_735,5.620,-5.778931,nan
3u8n,3u8n_763,4.300,-0.735822,nan
3u8n,3u8n_764,4.950,-3.788366,nan
3u8n,3u8n_773,4.730,-1.919995,nan
3u8n,3u8n_774,5.590,-6.723947,nan
3u8n,3u8n_778,2.760,-1.995012,nan
3u8n,3u8n_779,5.360,-3.141104,nan
3u8n,3u8n_780,4.780,-2.083750,nan
3u8n,3u8n_784,4.620,-1.583270,nan
3u8n,3u8n_785,2.580,-1.456708,nan
3u8n,3u8n_787,1.860,-1.563792,nan
3u8n,3u8n_788,4.960,-4.946060,nan
3u8n,3u8n_789,5.070,-1.942834,nan
3u8n,3u8n_790,3.840,-3.402288,nan
3u8n,3u8n_791,6.300,-5.713893,nan
3u8n,3u8n_792,2.730,-2.070966,nan
3u8n,3u8n_794,4.600,-2.039113,nan
3u8n,3u8n_798,5.250,-5.912649,nan
3u8n,3u8n_816,0.420,-0.509146,nan
3u8n,3u8n_822,0.750,-0.559682,nan
3u8n,3u8n_850,1.250,-0.970804,nan
3u8n,3u8n_869,2.660,-0.395213,nan
3u8n,3u8n_874,2.850,-1.262133,nan
3u8n,3u8n_893,5.280,-4.851898,nan
3u8n,3u8n_894,1.230,-0.976144,nan
3u8n,3u8n_915,0.860,-0.501083,nan
3u8n,3u8n_928,0.840,-0.264948,nan
3u8n,3u8n_929,1.030,-0.678977,nan
3u8n,3u8n_963,0.880,-0.710295,nan
3u8n,3u8n_971,3.330,-2.136616,nan
3u8n,3u8n_974,2.520,-0.853417,nan
3u8n,3u8n_981,1.320,-0.877137,nan
3u8n,3u8n_991,1.970,-1.694446,nan
3u8n,3u8n_998,2.120,-1.717427,nan
3u9q,3u9q_133,0.930,-0.068257,nan
3u9q,3u9q_158,0.700,-0.294920,nan
3u9q,3u9q_22,5.570,-1.101498,nan
3u9q,3u9q_234,0.970,-0.216009,nan
3u9q,3u9q_238,0.910,-0.250558,nan
3u9q,3u9q_252,1.270,-0.949332,nan
3u9q,3u9q_268,0.570,-0.212203,nan
3u9q,3u9q_273,1.250,-0.634868,nan
3u9q,3u9q_278,0.780,-0.058624,nan
3u9q,3u9q_282,0.910,-0.957627,nan
3u9q,3u9q_286,1.340,-0.311712,nan
3u9q,3u9q_291,0.890,-0.494306,nan
3u9q,3u9q_355,5.570,-0.545978,nan
3u9q,3u9q_363,4.040,-3.974040,nan
3u9q,3u9q_386,1.390,-0.345014,nan
3u9q,3u9q_407,2.020,-0.804188,nan
3u9q,3u9q_416,0.880,-0.757763,nan
3u9q,3u9q_421,1.320,-1.421396,nan
3u9q,3u9q_426,1.270,-0.831668,nan
3u9q,3u9q_451,1.140,-0.929280,nan
3u9q,3u9q_458,6.120,-3.863703,nan
3u9q,3u9q_476,6.160,-4.565838,nan
3u9q,3u9q_477,6.380,-3.157195,nan
3u9q,3u9q_480,4.980,-4.835686,nan
3u9q,3u9q_509,3.880,-3.423310,nan
3u9q,3u9q_53,5.700,-6.140043,nan
3u9q,3u9q_539,2.600,-2.063459,nan
3u9q,3u9q_540,3.010,-2.695267,nan
3u9q,3u9q_546,5.090,-6.131895,nan
3u9q,3u9q_559,2.030,-1.801168,nan
3u9q,3u9q_562,4.810,-5.368592,nan
3u9q,3u9q_576,3.910,-3.417219,nan
3u9q,3u9q_602,4.730,-4.682803,nan
3u9q,3u9q_606,4.880,-4.373319,nan
3u9q,3u9q_619,3.600,-4.278111,nan
3u9q,3u9q_621,1.910,-1.294876,nan
3u9q,3u9q_623,4.130,-3.932151,nan
3u9q,3u9q_629,4.510,-4.305959,nan
3u9q,3u9q_630,3.090,-3.066887,nan
3u9q,3u9q_633,2.070,-1.414622,nan
3u9q,3u9q_639,4.270,-4.667132,nan
3u9q,3u9q_640,2.420,-1.465479,nan
3u9q,3u9q_645,2.020,-1.623006,nan
3u9q,3u9q_656,3.920,-3.741780,nan
3u9q,3u9q_658,5.780,-5.980022,nan
3u9q,3u9q_663,4.850,-5.618262,nan
3u9q,3u9q_669,4.220,-3.886084,nan
3u9q,3u9q_680,5.980,-6.383216,nan
3u9q,3u9q_682,5.680,-2.630782,nan
3u9q,3u9q_696,3.510,-3.277754,nan
3u9q,3u9q_750,6.070,-1.358637,nan
3u9q,3u9q_753,2.900,-2.116321,nan
3u9q,3u9q_756,5.460,-1.436045,nan
3u9q,3u9q_760,6.230,-6.093895,nan
3u9q,3u9q_773,6.010,-1.333025,nan
3u9q,3u9q_778,6.090,-4.133685,nan
3u9q,3u9q_783,6.100,-4.193930,nan
3u9q,3u9q_784,3.670,-3.606288,nan
3u9q,3u9q_788,6.140,-2.913539,nan
3u9q,3u9q_793,5.050,-4.743287,nan
3u9q,3u9q_794,5.730,-5.143913,nan
3u9q,3u9q_810,1.550,-0.784297,nan
3u9q,3u9q_860,2.350,-1.657743,nan
3u9q,3u9q_867,1.930,-1.066057,nan
3u9q,3u9q_877,6.010,-1.010556,nan
3u9q,3u9q_883,2.850,-1.789702,nan
3u9q,3u9q_890,4.000,-4.891724,nan
3u9q,3u9q_91,0.910,-0.227900,nan
3u9q,3u9q_938,3.510,-2.685416,nan
3u9q,3u9q_971,2.480,-1.547698,nan
3udh,3udh_118,1.990,-1.629038,nan
3udh,3udh_121,0.510,-0.120048,nan
3udh,3udh_130,0.860,-0.154760,nan
3udh,3udh_234,0.420,-0.168238,nan
3udh,3udh_30,0.500,-0.339744,nan
3udh,3udh_318,6.600,-6.759416,nan
3udh,3udh_347,0.320,-0.180046,nan
3udh,3udh_359,0.140,-0.081487,nan
3udh,3udh_392,0.650,-0.095363,nan
3udh,3udh_405,3.830,-0.746374,nan
3udh,3udh_411,1.690,-0.836976,nan
3udh,3udh_413,1.540,-0.576769,nan
3udh,3udh_418,1.200,-0.712638,nan
3udh,3udh_420,0.960,-0.504492,nan
3udh,3udh_444,1.070,-0.662229,nan
3udh,3udh_453,1.210,-0.218005,nan
3udh,3udh_459,1.490,-0.456264,nan
3udh,3udh_460,3.350,-2.225557,nan
3udh,3udh_462,4.430,-1.207849,nan
3udh,3udh_464,4.240,-1.589604,nan
3udh,3udh_477,1.400,-0.831258,nan
3udh,3udh_481,2.730,-1.469145,nan
3udh,3udh_491,4.060,-3.270999,nan
3udh,3udh_499,4.200,-3.098187,nan
3udh,3udh_50,0.500,-0.674073,nan
3udh,3udh_500,2.050,-1.125001,nan
3udh,3udh_519,1.610,-1.046273,nan
3udh,3udh_523,2.020,-1.670691,nan
3udh,3udh_527,5.040,-3.210415,nan
3udh,3udh_528,3.500,-2.315268,nan
3udh,3udh_543,3.970,-3.260312,nan
3udh,3udh_549,2.730,-1.708917,nan
3udh,3udh_566,3.100,-2.005789,nan
3udh,3udh_570,3.750,-2.326375,nan
3udh,3udh_579,2.690,-1.734959,nan
3udh,3udh_581,4.040,-3.266380,nan
3udh,3udh_588,3.850,-3.923469,nan
3udh,3udh_596,2.720,-1.752808,nan
3udh,3udh_634,5.360,-5.332792,nan
3udh,3udh_638,3.180,-1.805975,nan
3udh,3udh_651,3.050,-1.665385,nan
3udh,3udh_670,1.910,-0.488671,nan
3udh,3udh_672,3.530,-2.657067,nan
3udh,3udh_679,2.280,-1.250460,nan
3udh,3udh_685,2.090,-0.868378,nan
3udh,3udh_686,4.840,-3.506964,nan
3udh,3udh_694,4.680,-3.668734,nan
3udh,3udh_712,6.320,-6.113214,nan
3udh,3udh_72,0.430,-0.679910,nan
3udh,3udh_725,7.020,-5.815133,nan
3udh,3udh_735,7.040,-5.596467,nan
3udh,3udh_738,6.310,-6.868685,nan
3udh,3udh_743,5.950,-5.683168,nan
3udh,3udh_746,7.320,-6.586186,nan
3udh,3udh_752,6.810,-5.334187,nan
3udh,3udh_759,7.090,-6.963161,nan
3udh,3udh_768,5.080,-3.152367,nan
3udh,3udh_780,5.730,-4.366221,nan
3udh,3udh_783,6.680,-5.387472,nan
3udh,3udh_785,6.070,-5.820663,nan
3udh,3udh_797,6.060,-4.609088,nan
3udh,3udh_799,5.150,-3.603686,nan
3udh,3udh_800,6.450,-5.330747,nan
3udh,3udh_823,2.720,-1.055189,nan
3udh,3udh_825,7.570,-8.143208,nan
3udh,3udh_829,7.250,-8.005899,nan
3udh,3udh_832,4.970,-4.293681,nan
3udh,3udh_834,7.520,-8.117594,nan
3udh,3udh_835,5.010,-3.955258,nan
3udh,3udh_837,4.910,-3.538340,nan
3udh,3udh_843,5.720,-4.882077,nan
3udh,3udh_861,5.310,-5.145768,nan
3udh,3udh_885,5.180,-3.057267,nan
3udh,3udh_895,7.170,-6.730389,nan
3udh,3udh_899,7.190,-6.652234,nan
3udh,3udh_926,6.270,-5.557994,nan
3udh,3udh_930,4.770,-2.177367,nan
3udh,3udh_957,2.500,-2.205267,nan
3udh,3udh_997,6.110,-6.280664,nan
3ueu,3ueu_1000,3.190,-1.849655,nan
3ueu,3ueu_120,2.100,-1.129086,nan
3ueu,3ueu_147,1.790,-0.380320,nan
3ueu,3ueu_173,2.400,-1.327162,nan
3ueu,3ueu_202,1.770,-0.998667,nan
3ueu,3ueu_213,4.750,-2.625153,nan
3ueu,3ueu_22,1.880,-1.104032,nan
3ueu,3ueu_224,7.090,-1.722401,nan
3ueu,3ueu_230,5.950,-3.897481,nan
3ueu,3ueu_235,7.100,-2.809803,nan
3ueu,3ueu_24,1.510,-0.384375,nan
3ueu,3ueu_241,6.720,-1.001376,nan
3ueu,3ueu_244,2.010,-1.541066,nan
3ueu,3ueu_247,6.910,-0.764952,nan
3ueu,3ueu_268,6.980,-3.042560,nan
3ueu,3ueu_271,6.890,-2.618798,nan
3ueu,3ueu_280,5.030,-3.162905,nan
3ueu,3ueu_286,7.280,-2.464244,nan
3ueu,3ueu_287,6.740,-3.211614,nan
3ueu,3ueu_291,7.010,-1.248182,nan
3ueu,3ueu_31,1.710,-0.561085,nan
3ueu,3ueu_315,1.000,-0.552399,nan
3ueu,3ueu_328,0.950,-0.565576,nan
3ueu,3ueu_36,0.930,-0.255373,nan
3ueu,3ueu_37,0.860,-0.198241,nan
3ueu,3ueu_392,0.880,-0.292909,nan
3ueu,3ueu_425,1.510,-1.317227,nan
3ueu,3ueu_434,4.370,-2.710141,nan
3ueu,3ueu_435,4.850,-1.520847,nan
3ueu,3ueu_437,2.010,-1.405949,nan
3ueu,3ueu_438,1.140,-0.984552,nan
3ueu,3ueu_441,3.960,-2.331119,nan
3ueu,3ueu_447,3.200,-2.239651,nan
3ueu,3ueu_450,2.440,-0.987136,nan
3ueu,3ueu_451,4.530,-2.853854,nan
3ueu,3ueu_454,5.970,-0.528360,nan
3ueu,3ueu_463,4.620,-2.944096,nan
3ueu,3ueu_465,3.960,-2.219212,nan
3ueu,3ueu_487,4.030,-2.000500,nan
3ueu,3ueu_489,4.470,-2.189784,nan
3ueu,3ueu_490,6.350,-1.342589,nan
3ueu,3ueu_497,1.270,-1.295053,nan
3ueu,3ueu_514,5.910,-0.871155,nan
3ueu,3ueu_52,0.870,-0.178875,nan
3ueu,3ueu_527,2.480,-1.786356,nan
3ueu,3ueu_535,5.960,-1.797065,nan
3ueu,3ueu_549,2.160,-1.397963,nan
3ueu,3ueu_550,3.530,-2.092297,nan
3ueu,3ueu_551,5.880,-1.015057,nan
3ueu,3ueu_564,3.180,-2.000358,nan
3ueu,3ueu_565,2.460,-1.438521,nan
3ueu,3ueu_570,6.070,-0.645557,nan
3ueu,3ueu_574,2.210,-1.377548,nan
3ueu,3ueu_577,7.930,-8.440520,nan
3ueu,3ueu_578,6.200,-3.239963,nan
3ueu,3ueu_58,1.170,-0.419387,nan
3ueu,3ueu_587,4.940,-5.456279,nan
3ueu,3ueu_592,6.490,-0.959271,nan
3ueu,3ueu_604,4.600,-2.403377,nan
3ueu,3ueu_619,3.800,-1.746481,nan
3ueu,3ueu_620,7.270,-7.035919,nan
3ueu,3ueu_621,7.520,-2.891652,nan
3ueu,3ueu_652,5.020,-4.718212,nan
3ueu,3ueu_655,5.330,-5.383485,nan
3ueu,3ueu_666,2.920,-1.759201,nan
3ueu,3ueu_667,5.960,-6.499105,nan
3ueu,3ueu_67,0.950,-0.579992,nan
3ueu,3ueu_670,5.540,-1.595938,nan
3ueu,3ueu_678,3.960,-2.450190,nan
3ueu,3ueu_694,7.120,-3.004231,nan
3ueu,3ueu_8,1.170,-0.463581,nan
3ueu,3ueu_830,3.370,-1.979968,nan
3ueu,3ueu_836,7.070,-2.805508,nan
3ueu,3ueu_84,0.920,-0.435758,nan
3ueu,3ueu_91,0.930,-0.309931,nan
3ueu,3ueu_937,6.650,-3.470618,nan
3ueu,3ueu_962,4.150,-2.647508,nan
3ueu,3ueu_972,7.440,-2.206759,nan
3ueu,3ueu_996,3.020,-1.263858,nan
3uev,3uev_117,2.310,-0.607403,nan
3uev,3uev_178,1.730,-0.437835,nan
3uev,3uev_194,1.980,-0.297411,nan
3uev,3uev_233,6.980,-0.448390,nan
3uev,3uev_236,1.300,-0.428272,nan
3uev,3uev_249,2.630,-1.391793,nan
3uev,3uev_266,6.950,-0.475901,nan
3uev,3uev_272,6.900,-1.711729,nan
3uev,3uev_277,7.020,-0.303863,nan
3uev,3uev_290,1.470,-0.685760,nan
3uev,3uev_36,3.230,-1.876326,nan
3uev,3uev_37,3.130,-2.069555,nan
3uev,3uev_420,8.130,-1.846019,nan
3uev,3uev_444,3.270,-1.383852,nan
3uev,3uev_451,7.050,-3.229885,nan
3uev,3uev_452,6.570,-2.195479,nan
3uev,3uev_455,7.110,-2.521851,nan
3uev,3uev_456,3.720,-2.164516,nan
3uev,3uev_464,5.050,-3.838544,nan
3uev,3uev_465,4.090,-3.279737,nan
3uev,3uev_467,4.010,-1.885305,nan
3uev,3uev_474,7.220,-2.446709,nan
3uev,3uev_475,7.710,-1.339983,nan
3uev,3uev_483,4.100,-3.564490,nan
3uev,3uev_488,4.040,-3.808261,nan
3uev,3uev_509,6.240,-2.631778,nan
3uev,3uev_544,3.090,-2.952589,nan
3uev,3uev_561,4.100,-3.585766,nan
3uev,3uev_566,4.440,-4.669900,nan
3uev,3uev_569,4.020,-3.934305,nan
3uev,3uev_573,4.390,-4.305787,nan
3uev,3uev_575,6.630,-5.169780,nan
3uev,3uev_580,5.780,-0.972947,nan
3uev,3uev_583,7.980,-6.982295,nan
3uev,3uev_585,1.810,-1.799890,nan
3uev,3uev_590,6.490,-4.634784,nan
3uev,3uev_591,5.350,-5.514807,nan
3uev,3uev_592,4.470,-3.275195,nan
3uev,3uev_598,6.400,-2.910309,nan
3uev,3uev_603,1.940,-1.909540,nan
3uev,3uev_611,2.020,-1.232734,nan
3uev,3uev_619,3.060,-2.885640,nan
3uev,3uev_62,2.820,-1.909144,nan
3uev,3uev_621,1.840,-0.943302,nan
3uev,3uev_645,5.550,-5.961177,nan
3uev,3uev_655,4.500,-7.205197,nan
3uev,3uev_659,2.410,-2.276384,nan
3uev,3uev_661,2.710,-2.247047,nan
3uev,3uev_666,3.200,-2.907529,nan
3uev,3uev_673,5.980,-6.956555,nan
3uev,3uev_675,2.080,-2.121609,nan
3uev,3uev_684,6.200,-8.556864,nan
3uev,3uev_695,6.480,-7.928652,nan
3uev,3uev_700,1.000,-0.783686,nan
3uev,3uev_72,1.310,-0.383596,nan
3uev,3uev_731,7.140,-0.403237,nan
3uev,3uev_749,2.370,-0.542136,nan
3uev,3uev_766,3.830,-2.824969,nan
3uev,3uev_778,2.140,-1.241129,nan
3uev,3uev_793,7.190,-2.260180,nan
3uev,3uev_794,1.480,-0.690214,nan
3uev,3uev_80,3.160,-2.061765,nan
3uev,3uev_800,7.190,-1.858131,nan
3uev,3uev_830,2.530,-1.117191,nan
3uev,3uev_937,7.080,-1.157780,nan
3uev,3uev_957,1.540,-0.816363,nan
3uev,3uev_975,3.070,-1.771394,nan
3uew,3uew_161,2.040,-0.658927,nan
3uew,3uew_211,7.990,-1.502378,nan
3uew,3uew_224,8.520,-1.008541,nan
3uew,3uew_229,9.010,-1.171709,nan
3uew,3uew_243,2.650,-0.263300,nan
3uew,3uew_249,7.620,-0.774764,nan
3uew,3uew_255,1.340,-0.419285,nan
3uew,3uew_281,8.200,-1.008514,nan
3uew,3uew_282,1.090,-0.358633,nan
3uew,3uew_290,1.640,-1.095541,nan
3uew,3uew_352,1.560,-0.287498,nan
3uew,3uew_404,2.970,-2.019322,nan
3uew,3uew_409,3.550,-2.464263,nan
3uew,3uew_415,7.090,-5.081672,nan
3uew,3uew_423,7.410,-4.880337,nan
3uew,3uew_431,4.630,-3.702501,nan
3uew,3uew_433,5.410,-2.208593,nan
3uew,3uew_436,1.840,-1.730327,nan
3uew,3uew_439,3.780,-2.677620,nan
3uew,3uew_444,5.520,-4.163841,nan
3uew,3uew_446,4.700,-3.266700,nan
3uew,3uew_450,5.470,-3.923448,nan
3uew,3uew_451,2.270,-0.621522,nan
3uew,3uew_454,4.020,-3.162503,nan
3uew,3uew_456,5.470,-4.812175,nan
3uew,3uew_458,9.150,-7.817872,nan
3uew,3uew_467,3.870,-2.942733,nan
3uew,3uew_471,3.080,-2.424099,nan
3uew,3uew_474,5.550,-5.309562,nan
3uew,3uew_475,4.360,-2.154681,nan
3uew,3uew_477,9.260,-3.626154,nan
3uew,3uew_481,5.160,-2.896759,nan
3uew,3uew_482,9.940,-3.559910,nan
3uew,3uew_484,8.510,-4.137736,nan
3uew,3uew_487,3.350,-2.370863,nan
3uew,3uew_488,4.780,-3.435755,nan
3uew,3uew_489,6.990,-2.220109,nan
3uew,3uew_493,7.770,-5.047441,nan
3uew,3uew_495,5.320,-3.573132,nan
3uew,3uew_508,5.170,-2.430111,nan
3uew,3uew_515,8.530,-3.143580,nan
3uew,3uew_520,6.150,-3.315773,nan
3uew,3uew_533,6.910,-4.025674,nan
3uew,3uew_537,4.040,-5.185238,nan
3uew,3uew_545,8.880,-3.166307,nan
3uew,3uew_555,6.780,-2.348844,nan
3uew,3uew_558,4.090,-1.853005,nan
3uew,3uew_564,5.730,-2.773675,nan
3uew,3uew_566,5.150,-2.790724,nan
3uew,3uew_575,6.710,-3.336171,nan
3uew,3uew_582,7.000,-2.200488,nan
3uew,3uew_583,7.180,-4.267844,nan
3uew,3uew_587,7.130,-4.448813,nan
3uew,3uew_588,6.830,-1.040205,nan
3uew,3uew_595,7.920,-3.058560,nan
3uew,3uew_603,2.270,-2.070184,nan
3uew,3uew_612,9.730,-4.177556,nan
3uew,3uew_613,1.760,-1.093947,nan
3uew,3uew_624,1.570,-1.742357,nan
3uew,3uew_644,8.060,-5.414135,nan
3uew,3uew_649,3.120,-1.653641,nan
3uew,3uew_65,1.640,-0.378368,nan
3uew,3uew_663,3.860,-5.030528,nan
3uew,3uew_664,7.970,-4.288445,nan
3uew,3uew_666,2.110,-1.111930,nan
3uew,3uew_670,7.260,-1.276506,nan
3uew,3uew_672,2.440,-1.235491,nan
3uew,3uew_675,8.980,-3.556126,nan
3uew,3uew_681,6.130,-1.640011,nan
3uew,3uew_686,4.860,-2.150335,nan
3uew,3uew_697,6.040,-4.438498,nan
3uew,3uew_7,3.570,-0.756985,nan
3uew,3uew_700,9.840,-3.535002,nan
3uew,3uew_735,4.100,-2.614775,nan
3uew,3uew_740,4.070,-3.220401,nan
3uew,3uew_751,3.130,-0.818850,nan
3uew,3uew_757,8.120,-2.900699,nan
3uew,3uew_759,1.490,-1.181102,nan
3uew,3uew_780,3.150,-1.785600,nan
3uew,3uew_787,8.270,-3.281565,nan
3uew,3uew_790,2.410,-1.777920,nan
3uew,3uew_803,2.060,-1.094102,nan
3uew,3uew_844,1.970,-1.272242,nan
3uew,3uew_880,2.550,-1.407874,nan
3uew,3uew_919,8.160,-4.701976,nan
3uex,3uex_1000,4.080,-2.945652,nan
3uex,3uex_102,1.870,-0.502897,nan
3uex,3uex_12,0.960,-0.602857,nan
3uex,3uex_187,2.310,-1.132038,nan
3uex,3uex_203,6.830,-2.901365,nan
3uex,3uex_212,1.280,-0.823645,nan
3uex,3uex_224,1.690,-1.112575,nan
3uex,3uex_227,0.730,-0.696382,nan
3uex,3uex_244,7.330,-4.590094,nan
3uex,3uex_247,0.930,-0.714179,nan
3uex,3uex_25,3.550,-3.348323,nan
3uex,3uex_254,7.590,-0.906049,nan
3uex,3uex_255,4.270,-4.189002,nan
3uex,3uex_267,0.950,-0.426091,nan
3uex,3uex_276,0.640,-0.372227,nan
3uex,3uex_292,0.700,-0.735574,nan
3uex,3uex_299,1.520,-0.640026,nan
3uex,3uex_401,6.990,-3.154774,nan
3uex,3uex_409,3.350,-2.346370,nan
3uex,3uex_411,8.710,-3.041812,nan
3uex,3uex_413,3.650,-3.229841,nan
3uex,3uex_419,8.430,-2.482156,nan
3uex,3uex_420,5.880,-2.109473,nan
3uex,3uex_424,6.620,-2.002089,nan
3uex,3uex_425,5.430,-3.075648,nan
3uex,3uex_444,7.890,-3.684761,nan
3uex,3uex_447,8.540,-3.516464,nan
3uex,3uex_452,8.210,-1.167341,nan
3uex,3uex_458,6.490,-3.549878,nan
3uex,3uex_476,7.170,-2.410076,nan
3uex,3uex_482,8.060,-3.815099,nan
3uex,3uex_483,8.360,-2.899904,nan
3uex,3uex_485,4.180,-3.261232,nan
3uex,3uex_491,6.770,-2.312044,nan
3uex,3uex_493,4.280,-4.623877,nan
3uex,3uex_498,7.580,-3.625742,nan
3uex,3uex_499,8.180,-3.638284,nan
3uex,3uex_508,2.080,-1.574920,nan
3uex,3uex_517,7.120,-4.239166,nan
3uex,3uex_521,7.350,-3.478898,nan
3uex,3uex_522,7.500,-2.193954,nan
3uex,3uex_542,3.050,-2.844104,nan
3uex,3uex_56,0.940,-0.412409,nan
3uex,3uex_562,4.150,-3.835917,nan
3uex,3uex_566,3.410,-4.389608,nan
3uex,3uex_576,2.700,-2.374804,nan
3uex,3uex_581,3.720,-3.105000,nan
3uex,3uex_585,1.660,-2.080788,nan
3uex,3uex_588,6.750,-8.541418,nan
3uex,3uex_627,5.280,-7.143257,nan
3uex,3uex_63,0.960,-0.811027,nan
3uex,3uex_630,2.820,-3.432530,nan
3uex,3uex_640,4.720,-6.019641,nan
3uex,3uex_648,2.550,-1.607411,nan
3uex,3uex_652,6.950,-4.349369,nan
3uex,3uex_657,4.860,-2.750185,nan
3uex,3uex_660,2.670,-2.681814,nan
3uex,3uex_667,5.440,-6.944438,nan
3uex,3uex_668,6.630,-8.379191,nan
3uex,3uex_678,3.620,-2.878813,nan
3uex,3uex_688,4.030,-2.461132,nan
3uex,3uex_690,7.920,-3.936184,nan
3uex,3uex_693,2.380,-2.569871,nan
3uex,3uex_696,1.970,-2.357683,nan
3uex,3uex_697,6.760,-2.347559,nan
3uex,3uex_733,1.900,-1.554722,nan
3uex,3uex_743,4.160,-2.543535,nan
3uex,3uex_748,7.410,-2.849653,nan
3uex,3uex_76,1.000,-0.931922,nan
3uex,3uex_764,3.690,-2.276131,nan
3uex,3uex_772,3.040,-1.409969,nan
3uex,3uex_775,2.570,-1.427519,nan
3uex,3uex_778,6.940,-6.089808,nan
3uex,3uex_782,3.200,-1.315579,nan
3uex,3uex_794,2.690,-2.015576,nan
3uex,3uex_815,2.560,-1.630235,nan
3uex,3uex_836,1.980,-1.476045,nan
3uex,3uex_859,4.650,-2.413778,nan
3uex,3uex_90,1.270,-0.394441,nan
3uex,3uex_94,1.360,-0.798622,nan
3uex,3uex_98,0.990,-0.937645,nan
3ui7,3ui7_133,0.500,-0.807490,nan
3ui7,3ui7_138,1.260,-1.134503,nan
3ui7,3ui7_151,2.900,-1.107676,nan
3ui7,3ui7_16,0.630,-0.947499,nan
3ui7,3ui7_208,0.630,-0.530758,nan
3ui7,3ui7_227,0.530,-0.328182,nan
3ui7,3ui7_240,5.410,-3.996171,nan
3ui7,3ui7_282,0.500,-0.568104,nan
3ui7,3ui7_287,1.010,-1.093404,nan
3ui7,3ui7_333,0.450,-0.475469,nan
3ui7,3ui7_335,0.900,-0.978642,nan
3ui7,3ui7_408,2.960,-1.271407,nan
3ui7,3ui7_424,2.280,-1.139931,nan
3ui7,3ui7_445,1.210,-1.478203,nan
3ui7,3ui7_459,1.310,-1.390337,nan
3ui7,3ui7_47,3.280,-0.628227,nan
3ui7,3ui7_471,5.380,-6.061208,nan
3ui7,3ui7_494,3.820,-1.631363,nan
3ui7,3ui7_533,5.440,-3.999075,nan
3ui7,3ui7_545,1.390,-1.168802,nan
3ui7,3ui7_552,7.070,-6.418922,nan
3ui7,3ui7_562,8.020,-8.430437,nan
3ui7,3ui7_565,7.150,-5.626954,nan
3ui7,3ui7_577,8.050,-8.292686,nan
3ui7,3ui7_578,7.620,-8.346277,nan
3ui7,3ui7_586,7.680,-8.081684,nan
3ui7,3ui7_606,8.410,-8.559490,nan
3ui7,3ui7_625,8.060,-8.552823,nan
3ui7,3ui7_630,7.020,-8.010205,nan
3ui7,3ui7_635,6.050,-5.825936,nan
3ui7,3ui7_638,8.130,-8.465897,nan
3ui7,3ui7_648,2.680,-1.421969,nan
3ui7,3ui7_651,2.930,-1.994299,nan
3ui7,3ui7_655,8.620,-8.582170,nan
3ui7,3ui7_659,8.530,-8.523476,nan
3ui7,3ui7_664,7.490,-7.749005,nan
3ui7,3ui7_673,6.440,-6.739048,nan
3ui7,3ui7_675,2.080,-0.932968,nan
3ui7,3ui7_683,1.560,-0.870318,nan
3ui7,3ui7_690,9.100,-8.587772,nan
3ui7,3ui7_696,1.660,-0.970796,nan
3ui7,3ui7_697,7.370,-7.251105,nan
3ui7,3ui7_703,3.300,-3.282517,nan
3ui7,3ui7_714,4.050,-2.321017,nan
3ui7,3ui7_718,3.440,-1.813144,nan
3ui7,3ui7_719,5.000,-4.118128,nan
3ui7,3ui7_721,5.460,-3.970206,nan
3ui7,3ui7_730,3.790,-1.192402,nan
3ui7,3ui7_732,6.180,-5.418909,nan
3ui7,3ui7_735,5.920,-4.698909,nan
3ui7,3ui7_753,6.260,-6.528352,nan
3ui7,3ui7_759,8.010,-8.191620,nan
3ui7,3ui7_760,4.670,-3.815121,nan
3ui7,3ui7_762,6.740,-7.227520,nan
3ui7,3ui7_767,4.320,-2.824136,nan
3ui7,3ui7_772,7.820,-6.827147,nan
3ui7,3ui7_774,4.310,-2.007655,nan
3ui7,3ui7_776,6.360,-6.685355,nan
3ui7,3ui7_782,5.350,-3.609302,nan
3ui7,3ui7_784,5.140,-3.030784,nan
3ui7,3ui7_786,5.640,-4.779981,nan
3ui7,3ui7_790,6.630,-7.486416,nan
3ui7,3ui7_795,6.220,-5.405389,nan
3ui7,3ui7_797,4.110,-1.588992,nan
3ui7,3ui7_818,3.350,-2.553819,nan
3ui7,3ui7_826,4.450,-2.007884,nan
3ui7,3ui7_840,5.910,-5.714649,nan
3ui7,3ui7_843,4.060,-1.907019,nan
3ui7,3ui7_859,3.970,-1.530670,nan
3ui7,3ui7_860,7.450,-7.173596,nan
3ui7,3ui7_861,3.740,-2.052908,nan
3ui7,3ui7_864,4.140,-1.717735,nan
3ui7,3ui7_877,6.700,-5.315192,nan
3ui7,3ui7_878,2.710,-2.353546,nan
3ui7,3ui7_883,4.340,-4.628795,nan
3ui7,3ui7_898,7.040,-6.772151,nan
3ui7,3ui7_90,3.110,-1.757036,nan
3ui7,3ui7_900,1.000,-1.014799,nan
3ui7,3ui7_907,0.960,-0.915516,nan
3ui7,3ui7_911,1.010,-0.993819,nan
3ui7,3ui7_922,1.650,-1.740707,nan
3ui7,3ui7_932,2.320,-2.277956,nan
3ui7,3ui7_933,1.710,-1.065566,nan
3ui7,3ui7_934,2.920,-0.697130,nan
3ui7,3ui7_942,3.050,-0.729621,nan
3ui7,3ui7_956,0.600,-0.540066,nan
3ui7,3ui7_970,6.890,-7.758562,nan
3ui7,3ui7_993,2.890,-1.282013,nan
3ui7,3ui7_995,5.360,-3.085622,nan
3uo4,3uo4_137,3.780,-0.998524,nan
3uo4,3uo4_203,2.070,-1.108601,nan
3uo4,3uo4_239,5.260,-1.072076,nan
3uo4,3uo4_25,0.930,-0.403719,nan
3uo4,3uo4_260,1.060,-0.243705,nan
3uo4,3uo4_273,0.670,-0.901145,nan
3uo4,3uo4_274,0.860,-0.399400,nan
3uo4,3uo4_282,0.710,-0.309811,nan
3uo4,3uo4_289,0.560,-0.868986,nan
3uo4,3uo4_293,5.460,-1.735772,nan
3uo4,3uo4_329,0.430,-0.340003,nan
3uo4,3uo4_33,1.690,-0.379737,nan
3uo4,3uo4_343,0.540,-0.499282,nan
3uo4,3uo4_346,6.370,-4.731240,nan
3uo4,3uo4_357,1.400,-0.258479,nan
3uo4,3uo4_360,6.860,-5.932425,nan
3uo4,3uo4_374,0.270,-0.374299,nan
3uo4,3uo4_381,3.110,-1.989973,nan
3uo4,3uo4_383,7.060,-6.890856,nan
3uo4,3uo4_386,3.330,-1.759608,nan
3uo4,3uo4_388,0.960,-0.215765,nan
3uo4,3uo4_422,5.780,-3.303721,nan
3uo4,3uo4_430,3.850,-1.784475,nan
3uo4,3uo4_435,6.070,-5.819030,nan
3uo4,3uo4_446,1.830,-0.718547,nan
3uo4,3uo4_451,7.060,-6.518524,nan
3uo4,3uo4_453,6.360,-3.472713,nan
3uo4,3uo4_462,7.660,-5.963706,nan
3uo4,3uo4_476,7.180,-5.959501,nan
3uo4,3uo4_477,5.270,-3.557327,nan
3uo4,3uo4_485,7.120,-6.462993,nan
3uo4,3uo4_488,5.510,-2.199034,nan
3uo4,3uo4_511,1.750,-1.429127,nan
3uo4,3uo4_517,2.000,-1.028278,nan
3uo4,3uo4_518,1.740,-0.888586,nan
3uo4,3uo4_521,2.170,-1.872875,nan
3uo4,3uo4_531,2.020,-1.463539,nan
3uo4,3uo4_533,1.570,-1.437202,nan
3uo4,3uo4_555,5.010,-4.810936,nan
3uo4,3uo4_562,6.540,-4.902599,nan
3uo4,3uo4_565,6.050,-2.905588,nan
3uo4,3uo4_566,5.690,-1.930748,nan
3uo4,3uo4_567,5.000,-1.487080,nan
3uo4,3uo4_568,2.950,-1.890639,nan
3uo4,3uo4_569,6.980,-4.512696,nan
3uo4,3uo4_571,3.480,-2.105375,nan
3uo4,3uo4_583,5.380,-1.080433,nan
3uo4,3uo4_584,4.600,-0.779215,nan
3uo4,3uo4_59,4.310,-1.336425,nan
3uo4,3uo4_595,3.240,-2.764130,nan
3uo4,3uo4_596,4.680,-3.207855,nan
3uo4,3uo4_605,3.490,-2.423355,nan
3uo4,3uo4_609,1.540,-1.562669,nan
3uo4,3uo4_646,1.420,-1.413791,nan
3uo4,3uo4_647,3.750,-2.853505,nan
3uo4,3uo4_658,3.210,-2.606585,nan
3uo4,3uo4_660,2.950,-2.473439,nan
3uo4,3uo4_669,2.180,-1.777622,nan
3uo4,3uo4_677,2.720,-2.645260,nan
3uo4,3uo4_678,4.380,-4.338489,nan
3uo4,3uo4_679,4.730,-3.168211,nan
3uo4,3uo4_688,3.020,-1.114994,nan
3uo4,3uo4_690,2.870,-2.700210,nan
3uo4,3uo4_691,2.290,-1.509345,nan
3uo4,3uo4_695,4.080,-3.837542,nan
3uo4,3uo4_696,2.770,-2.545282,nan
3uo4,3uo4_698,6.060,-3.276093,nan
3uo4,3uo4_710,0.520,-0.797745,nan
3uo4,3uo4_737,8.010,-7.231498,nan
3uo4,3uo4_747,7.800,-7.432181,nan
3uo4,3uo4_749,6.140,-4.941441,nan
3uo4,3uo4_750,7.240,-5.462754,nan
3uo4,3uo4_754,7.280,-5.408535,nan
3uo4,3uo4_8,4.970,-1.393412,nan
3uo4,3uo4_820,4.300,-2.918824,nan
3uo4,3uo4_822,9.000,-8.318956,nan
3uo4,3uo4_825,6.030,-6.479484,nan
3uo4,3uo4_831,8.010,-7.231498,nan
3uo4,3uo4_837,7.080,-8.128607,nan
3uo4,3uo4_844,5.810,-5.951601,nan
3uo4,3uo4_845,7.270,-6.167510,nan
3uo4,3uo4_848,8.070,-7.139234,nan
3uo4,3uo4_89,5.660,-2.749384,nan
3uo4,3uo4_942,4.620,-2.662774,nan
3uo4,3uo4_950,9.000,-8.318956,nan
3up2,3up2_100,1.980,-0.754757,nan
3up2,3up2_106,1.290,-0.191140,nan
3up2,3up2_112,6.080,-1.935929,nan
3up2,3up2_113,5.550,-2.553881,nan
3up2,3up2_156,6.720,-1.900598,nan
3up2,3up2_160,5.630,-1.579806,nan
3up2,3up2_167,6.950,-1.366758,nan
3up2,3up2_168,5.030,-1.276387,nan
3up2,3up2_189,1.020,-0.284827,nan
3up2,3up2_194,7.820,-5.566417,nan
3up2,3up2_198,2.370,-0.491099,nan
3up2,3up2_206,7.050,-1.488712,nan
3up2,3up2_220,0.500,-0.387413,nan
3up2,3up2_231,0.820,-0.118836,nan
3up2,3up2_238,0.570,-0.089153,nan
3up2,3up2_247,6.930,-0.997111,nan
3up2,3up2_276,1.090,-0.135194,nan
3up2,3up2_29,0.800,-0.102656,nan
3up2,3up2_291,3.380,-1.021991,nan
3up2,3up2_302,0.700,-0.183937,nan
3up2,3up2_310,7.230,-4.865516,nan
3up2,3up2_334,0.540,-0.160242,nan
3up2,3up2_340,4.890,-3.147269,nan
3up2,3up2_345,0.940,-0.185955,nan
3up2,3up2_349,4.980,-1.824368,nan
3up2,3up2_358,4.710,-3.006042,nan
3up2,3up2_363,3.700,-1.430395,nan
3up2,3up2_385,6.920,-3.838506,nan
3up2,3up2_4,0.670,-0.482796,nan
3up2,3up2_40,0.300,-0.177684,nan
3up2,3up2_400,2.370,-0.696493,nan
3up2,3up2_401,5.990,-1.214094,nan
3up2,3up2_413,3.060,-1.200312,nan
3up2,3up2_421,2.730,-1.096389,nan
3up2,3up2_430,6.270,-1.501869,nan
3up2,3up2_434,7.070,-3.163211,nan
3up2,3up2_435,5.840,-2.472759,nan
3up2,3up2_440,4.800,-1.889795,nan
3up2,3up2_446,5.710,-2.252224,nan
3up2,3up2_463,4.990,-1.196417,nan
3up2,3up2_464,1.910,-0.861597,nan
3up2,3up2_499,3.720,-2.322319,nan
3up2,3up2_510,1.660,-1.796919,nan
3up2,3up2_515,4.160,-1.930645,nan
3up2,3up2_518,3.490,-1.684200,nan
3up2,3up2_520,2.600,-1.066622,nan
3up2,3up2_530,6.920,-1.856100,nan
3up2,3up2_532,2.920,-2.133133,nan
3up2,3up2_533,2.710,-1.523419,nan
3up2,3up2_536,6.080,-2.827382,nan
3up2,3up2_539,1.670,-1.056640,nan
3up2,3up2_543,7.590,-4.961974,nan
3up2,3up2_551,4.560,-3.514616,nan
3up2,3up2_555,3.570,-2.005429,nan
3up2,3up2_565,5.760,-0.733672,nan
3up2,3up2_569,5.020,-2.935085,nan
3up2,3up2_570,5.730,-1.344607,nan
3up2,3up2_579,7.120,-4.595791,nan
3up2,3up2_58,0.480,-0.199044,nan
3up2,3up2_581,4.940,-1.735931,nan
3up2,3up2_584,5.840,-3.186631,nan
3up2,3up2_585,3.700,-2.384994,nan
3up2,3up2_593,7.050,-1.832169,nan
3up2,3up2_594,7.550,-2.414746,nan
3up2,3up2_596,4.850,-3.027495,nan
3up2,3up2_60,1.150,-0.309395,nan
3up2,3up2_605,1.490,-1.611609,nan
3up2,3up2_613,1.400,-1.354094,nan
3up2,3up2_617,4.310,-3.100129,nan
3up2,3up2_624,3.100,-1.615834,nan
3up2,3up2_631,2.880,-1.308383,nan
3up2,3up2_633,6.580,-1.719067,nan
3up2,3up2_639,2.080,-0.913484,nan
3up2,3up2_641,2.780,-0.890817,nan
3up2,3up2_649,2.940,-2.174490,nan
3up2,3up2_665,7.150,-2.133195,nan
3up2,3up2_673,7.520,-2.800654,nan
3up2,3up2_676,8.760,-5.563217,nan
3up2,3up2_682,3.700,-2.806321,nan
3up2,3up2_696,3.910,-1.509376,nan
3up2,3up2_859,6.360,-2.994639,nan
3uri,3uri_177,7.050,-8.562936,nan
3uri,3uri_183,6.030,-8.553871,nan
3uri,3uri_186,8.250,-8.571611,nan
3uri,3uri_197,3.260,-8.563010,nan
3uri,3uri_203,4.690,-8.568915,nan
3uri,3uri_204,8.410,-8.558067,nan
3uri,3uri_209,4.360,-8.569230,nan
3uri,3uri_210,5.980,-8.565683,nan
3uri,3uri_211,5.370,-8.568470,nan
3uri,3uri_213,5.160,-8.564770,nan
3uri,3uri_221,3.240,-8.564573,nan
3uri,3uri_223,9.190,-8.558311,nan
3uri,3uri_228,9.380,-8.558786,nan
3uri,3uri_23,6.840,-8.573131,nan
3uri,3uri_230,5.320,-8.564211,nan
3uri,3uri_232,6.610,-8.569654,nan
3uri,3uri_240,8.310,-8.568784,nan
3uri,3uri_245,4.740,-8.570639,nan
3uri,3uri_246,6.350,-8.558497,nan
3uri,3uri_247,4.730,-8.567590,nan
3uri,3uri_248,7.750,-8.575437,nan
3uri,3uri_253,3.630,-8.565730,nan
3uri,3uri_254,3.760,-8.563265,nan
3uri,3uri_255,4.710,-8.567677,nan
3uri,3uri_256,6.030,-8.568060,nan
3uri,3uri_258,5.990,-8.560391,nan
3uri,3uri_265,6.400,-8.567002,nan
3uri,3uri_267,5.790,-8.576003,nan
3uri,3uri_268,4.940,-8.564554,nan
3uri,3uri_270,8.100,-8.566918,nan
3uri,3uri_271,7.150,-8.568620,nan
3uri,3uri_275,7.700,-8.564271,nan
3uri,3uri_285,4.310,-8.573721,nan
3uri,3uri_289,7.230,-8.568621,nan
3uri,3uri_292,3.380,-8.565445,nan
3uri,3uri_294,6.590,-8.561906,nan
3uri,3uri_296,3.840,-8.559386,nan
3uri,3uri_319,5.610,-8.568483,nan
3uri,3uri_353,9.580,-8.572466,nan
3uri,3uri_365,9.590,-8.567097,nan
3uri,3uri_367,9.320,-8.573025,nan
3uri,3uri_371,5.840,-8.558096,nan
3uri,3uri_372,3.510,-8.566455,nan
3uri,3uri_376,9.030,-8.565261,nan
3uri,3uri_385,8.400,-8.557306,nan
3uri,3uri_394,8.440,-8.575954,nan
3uri,3uri_417,4.960,-8.570131,nan
3uri,3uri_439,5.760,-8.563540,nan
3uri,3uri_442,7.700,-8.568119,nan
3uri,3uri_448,7.840,-8.569848,nan
3uri,3uri_46,8.840,-8.573472,nan
3uri,3uri_476,9.240,-8.547197,nan
3uri,3uri_487,4.810,-8.557878,nan
3uri,3uri_528,6.720,-8.574922,nan
3uri,3uri_574,7.860,-8.554734,nan
3uri,3uri_597,9.460,-8.572825,nan
3uri,3uri_633,9.600,-8.562323,nan
3uri,3uri_657,9.250,-8.579801,nan
3uri,3uri_668,8.760,-8.572865,nan
3uri,3uri_683,8.910,-8.559878,nan
3uri,3uri_701,6.230,-8.563080,nan
3uri,3uri_722,3.950,-8.563334,nan
3uri,3uri_725,2.760,-8.569293,nan
3uri,3uri_797,6.440,-8.562231,nan
3uri,3uri_806,7.020,-8.572136,nan
3uri,3uri_833,8.360,-8.560806,nan
3uri,3uri_847,3.500,-8.568641,nan
3uri,3uri_859,4.610,-8.565576,nan
3uri,3uri_866,5.080,-8.559930,nan
3uri,3uri_880,2.760,-8.569293,nan
3uri,3uri_882,3.970,-8.566674,nan
3uri,3uri_90,7.970,-8.568212,nan
3utu,3utu_102,6.300,-6.509726,nan
3utu,3utu_109,8.950,-5.244352,nan
3utu,3utu_129,8.110,-5.925063,nan
3utu,3utu_132,6.540,-6.571886,nan
3utu,3utu_148,8.120,-7.828848,nan
3utu,3utu_154,7.140,-5.978663,nan
3utu,3utu_162,4.190,-5.415136,nan
3utu,3utu_164,7.500,-6.436936,nan
3utu,3utu_166,7.080,-6.743379,nan
3utu,3utu_170,7.690,-5.864179,nan
3utu,3utu_180,1.510,-1.212391,nan
3utu,3utu_183,8.150,-8.517935,nan
3utu,3utu_185,6.620,-5.905425,nan
3utu,3utu_192,6.300,-4.502612,nan
3utu,3utu_2,6.870,-5.210008,nan
3utu,3utu_200,7.930,-8.535644,nan
3utu,3utu_202,2.460,-1.372340,nan
3utu,3utu_203,3.040,-2.894494,nan
3utu,3utu_209,1.710,-0.732227,nan
3utu,3utu_211,0.980,-1.105677,nan
3utu,3utu_213,6.060,-3.378967,nan
3utu,3utu_220,2.940,-2.784612,nan
3utu,3utu_221,1.550,-0.963177,nan
3utu,3utu_233,5.730,-4.746381,nan
3utu,3utu_237,0.900,-0.790910,nan
3utu,3utu_241,1.070,-0.813249,nan
3utu,3utu_243,7.760,-8.473426,nan
3utu,3utu_249,8.070,-6.527889,nan
3utu,3utu_250,0.960,-0.565996,nan
3utu,3utu_253,3.070,-1.407947,nan
3utu,3utu_255,1.750,-2.024462,nan
3utu,3utu_271,2.280,-2.590392,nan
3utu,3utu_283,0.920,-0.931042,nan
3utu,3utu_300,0.980,-0.600197,nan
3utu,3utu_321,5.480,-4.729683,nan
3utu,3utu_33,9.120,-7.641209,nan
3utu,3utu_340,8.600,-8.467155,nan
3utu,3utu_349,6.770,-7.020080,nan
3utu,3utu_36,5.600,-5.562368,nan
3utu,3utu_374,0.450,-0.619333,nan
3utu,3utu_409,4.740,-3.893229,nan
3utu,3utu_422,4.850,-2.795994,nan
3utu,3utu_433,4.360,-2.769172,nan
3utu,3utu_436,6.540,-3.481790,nan
3utu,3utu_473,9.130,-8.511564,nan
3utu,3utu_474,3.920,-2.138814,nan
3utu,3utu_475,2.700,-2.517051,nan
3utu,3utu_491,8.010,-7.759800,nan
3utu,3utu_50,6.650,-5.688724,nan
3utu,3utu_532,9.710,-8.531543,nan
3utu,3utu_537,9.390,-8.558091,nan
3utu,3utu_570,3.620,-4.392367,nan
3utu,3utu_578,8.480,-8.351567,nan
3utu,3utu_58,9.830,-8.569188,nan
3utu,3utu_593,4.980,-4.320548,nan
3utu,3utu_599,9.830,-8.579526,nan
3utu,3utu_6,9.380,-8.023470,nan
3utu,3utu_606,5.740,-4.971620,nan
3utu,3utu_61,9.060,-4.610908,nan
3utu,3utu_620,9.440,-8.536923,nan
3utu,3utu_640,4.730,-5.231237,nan
3utu,3utu_683,6.180,-7.080482,nan
3utu,3utu_687,7.380,-4.294833,nan
3utu,3utu_691,9.630,-8.582200,nan
3utu,3utu_701,1.310,-0.780540,nan
3utu,3utu_705,2.870,-2.457189,nan
3utu,3utu_712,3.930,-3.046483,nan
3utu,3utu_713,1.970,-1.873900,nan
3utu,3utu_722,2.590,-1.004325,nan
3utu,3utu_725,1.880,-1.700361,nan
3utu,3utu_730,1.710,-1.422874,nan
3utu,3utu_741,2.730,-1.792554,nan
3utu,3utu_747,5.240,-6.413895,nan
3utu,3utu_75,8.600,-7.404919,nan
3utu,3utu_751,2.260,-2.134838,nan
3utu,3utu_759,2.780,-0.877621,nan
3utu,3utu_767,1.930,-1.013155,nan
3utu,3utu_775,3.040,-1.239797,nan
3utu,3utu_777,3.490,-1.263871,nan
3utu,3utu_778,3.330,-0.842354,nan
3utu,3utu_78,8.380,-6.081885,nan
3utu,3utu_781,3.340,-1.375732,nan
3utu,3utu_785,4.040,-2.131135,nan
3utu,3utu_797,5.090,-1.260275,nan
3utu,3utu_805,4.930,-1.229799,nan
3utu,3utu_84,5.600,-5.012607,nan
3utu,3utu_840,7.170,-4.163993,nan
3utu,3utu_843,4.460,-1.809597,nan
3utu,3utu_844,2.500,-0.810262,nan
3utu,3utu_86,7.220,-5.855047,nan
3utu,3utu_94,7.440,-6.258903,nan
3utu,3utu_963,3.260,-3.880065,nan
3utu,3utu_978,4.560,-2.598216,nan
3utu,3utu_985,5.760,-5.317595,nan
3utu,3utu_994,5.760,-2.505216,nan
3utu,3utu_995,5.230,-3.248460,nan
3uuo,3uuo_14,1.100,-1.159524,nan
3uuo,3uuo_181,0.980,-1.320082,nan
3uuo,3uuo_187,0.770,-1.213270,nan
3uuo,3uuo_212,0.710,-1.255272,nan
3uuo,3uuo_247,0.640,-1.724530,nan
3uuo,3uuo_249,9.110,-8.580943,nan
3uuo,3uuo_267,1.310,-1.210199,nan
3uuo,3uuo_269,7.310,-7.867651,nan
3uuo,3uuo_274,1.030,-1.277978,nan
3uuo,3uuo_420,0.940,-2.454977,nan
3uuo,3uuo_430,6.050,-4.982926,nan
3uuo,3uuo_440,4.050,-1.778702,nan
3uuo,3uuo_447,2.630,-1.728246,nan
3uuo,3uuo_456,3.790,-3.533991,nan
3uuo,3uuo_471,5.310,-3.352751,nan
3uuo,3uuo_497,4.960,-3.237440,nan
3uuo,3uuo_503,7.160,-7.483598,nan
3uuo,3uuo_522,7.320,-8.010109,nan
3uuo,3uuo_523,7.420,-8.548289,nan
3uuo,3uuo_525,5.310,-3.717893,nan
3uuo,3uuo_526,6.020,-6.122746,nan
3uuo,3uuo_528,7.000,-7.500022,nan
3uuo,3uuo_543,5.950,-5.014995,nan
3uuo,3uuo_546,6.610,-6.684549,nan
3uuo,3uuo_550,5.320,-4.050669,nan
3uuo,3uuo_556,7.270,-8.265428,nan
3uuo,3uuo_567,5.870,-5.752461,nan
3uuo,3uuo_568,6.080,-5.862027,nan
3uuo,3uuo_571,1.490,-2.743856,nan
3uuo,3uuo_582,7.940,-8.357756,nan
3uuo,3uuo_588,6.170,-4.480109,nan
3uuo,3uuo_590,1.480,-2.886126,nan
3uuo,3uuo_593,1.500,-2.244548,nan
3uuo,3uuo_607,5.700,-5.227979,nan
3uuo,3uuo_609,4.400,-1.094837,nan
3uuo,3uuo_614,8.390,-8.532594,nan
3uuo,3uuo_619,4.560,-2.397429,nan
3uuo,3uuo_625,5.930,-6.448296,nan
3uuo,3uuo_628,7.910,-8.576614,nan
3uuo,3uuo_635,7.120,-7.850210,nan
3uuo,3uuo_636,2.130,-2.561182,nan
3uuo,3uuo_645,1.680,-2.517052,nan
3uuo,3uuo_668,3.640,-2.051500,nan
3uuo,3uuo_669,2.340,-2.003797,nan
3uuo,3uuo_674,7.910,-8.424012,nan
3uuo,3uuo_677,2.680,-2.309142,nan
3uuo,3uuo_695,4.720,-3.503856,nan
3uuo,3uuo_7,0.740,-1.138379,nan
3uuo,3uuo_709,0.600,-1.408123,nan
3uuo,3uuo_711,0.550,-1.491530,nan
3uuo,3uuo_712,0.600,-1.690143,nan
3uuo,3uuo_721,2.920,-1.197535,nan
3uuo,3uuo_724,1.300,-2.068793,nan
3uuo,3uuo_726,3.010,-0.902212,nan
3uuo,3uuo_734,5.860,-4.779251,nan
3uuo,3uuo_739,4.310,-3.330696,nan
3uuo,3uuo_744,3.720,-1.152192,nan
3uuo,3uuo_752,2.970,-2.784604,nan
3uuo,3uuo_757,4.770,-1.275205,nan
3uuo,3uuo_759,4.920,-6.740351,nan
3uuo,3uuo_772,2.520,-1.817326,nan
3uuo,3uuo_777,3.640,-1.741411,nan
3uuo,3uuo_781,3.680,-3.427635,nan
3uuo,3uuo_783,5.890,-5.884622,nan
3uuo,3uuo_799,6.710,-7.894534,nan
3uuo,3uuo_815,1.650,-1.813181,nan
3uuo,3uuo_842,3.780,-2.827979,nan
3uuo,3uuo_843,2.440,-2.919967,nan
3uuo,3uuo_849,7.310,-8.542346,nan
3uuo,3uuo_850,6.470,-6.427763,nan
3uuo,3uuo_865,6.810,-7.992243,nan
3uuo,3uuo_871,3.830,-3.182806,nan
3uuo,3uuo_881,3.770,-2.746451,nan
3uuo,3uuo_888,5.200,-4.048388,nan
3uuo,3uuo_889,2.940,-4.192425,nan
3uuo,3uuo_890,3.380,-3.882396,nan
3uuo,3uuo_892,6.860,-7.919143,nan
3uuo,3uuo_943,0.690,-1.933224,nan
3uuo,3uuo_952,2.930,-0.835707,nan
3uuo,3uuo_968,4.240,-3.240599,nan
3uuo,3uuo_981,1.660,-3.148621,nan
3uuo,3uuo_982,4.040,-2.365250,nan
3wtj,3wtj_134,1.050,-0.718546,nan
3wtj,3wtj_157,0.600,-0.594675,nan
3wtj,3wtj_184,0.940,-0.455961,nan
3wtj,3wtj_222,1.050,-0.610971,nan
3wtj,3wtj_240,1.640,-1.357604,nan
3wtj,3wtj_258,0.930,-0.630449,nan
3wtj,3wtj_307,0.380,-0.577239,nan
3wtj,3wtj_328,0.310,-0.534158,nan
3wtj,3wtj_4,6.270,-2.157844,nan
3wtj,3wtj_404,0.740,-0.872672,nan
3wtj,3wtj_454,2.330,-2.079551,nan
3wtj,3wtj_467,2.690,-1.993500,nan
3wtj,3wtj_485,3.050,-2.085653,nan
3wtj,3wtj_500,5.660,-1.834888,nan
3wtj,3wtj_507,6.130,-1.360085,nan
3wtj,3wtj_542,5.860,-1.334620,nan
3wtj,3wtj_544,1.190,-1.379196,nan
3wtj,3wtj_547,6.340,-1.855757,nan
3wtj,3wtj_566,1.000,-1.050853,nan
3wtj,3wtj_572,6.800,-4.270756,nan
3wtj,3wtj_615,0.840,-0.887384,nan
3wtj,3wtj_628,2.710,-1.603309,nan
3wtj,3wtj_633,6.050,-1.962170,nan
3wtj,3wtj_640,6.070,-2.023950,nan
3wtj,3wtj_643,2.080,-1.858953,nan
3wtj,3wtj_648,1.130,-1.127743,nan
3wtj,3wtj_653,3.060,-2.437995,nan
3wtj,3wtj_659,6.120,-1.816520,nan
3wtj,3wtj_660,1.730,-1.539408,nan
3wtj,3wtj_663,5.620,-0.968289,nan
3wtj,3wtj_674,2.950,-2.360573,nan
3wtj,3wtj_678,3.030,-2.162867,nan
3wtj,3wtj_682,5.200,-1.529606,nan
3wtj,3wtj_683,2.190,-1.753138,nan
3wtj,3wtj_686,5.670,-2.036785,nan
3wtj,3wtj_688,5.980,-2.022456,nan
3wtj,3wtj_689,6.370,-2.104008,nan
3wtj,3wtj_696,2.750,-1.581564,nan
3wtj,3wtj_698,5.950,-1.812971,nan
3wtj,3wtj_740,2.100,-1.432369,nan
3wtj,3wtj_746,1.920,-1.506411,nan
3wtj,3wtj_755,3.430,-1.352000,nan
3wtj,3wtj_756,3.440,-1.357264,nan
3wtj,3wtj_759,3.120,-1.531676,nan
3wtj,3wtj_762,1.540,-1.323042,nan
3wtj,3wtj_764,2.790,-2.291282,nan
3wtj,3wtj_766,3.590,-1.151640,nan
3wtj,3wtj_767,3.020,-1.026280,nan
3wtj,3wtj_768,2.240,-1.993498,nan
3wtj,3wtj_770,6.700,-4.285798,nan
3wtj,3wtj_771,3.020,-1.001053,nan
3wtj,3wtj_774,5.200,-1.920064,nan
3wtj,3wtj_779,1.710,-1.788842,nan
3wtj,3wtj_780,6.600,-3.201054,nan
3wtj,3wtj_781,3.100,-1.378615,nan
3wtj,3wtj_783,5.440,-2.153362,nan
3wtj,3wtj_785,5.180,-3.927036,nan
3wtj,3wtj_962,1.020,-0.674429,nan
3wtj,3wtj_976,0.530,-0.415072,nan
3wtj,3wtj_979,0.560,-0.645273,nan
3wz8,3wz8_109,1.660,-1.109678,nan
3wz8,3wz8_124,1.800,-1.137817,nan
3wz8,3wz8_136,2.140,-0.647150,nan
3wz8,3wz8_145,2.950,-1.445610,nan
3wz8,3wz8_154,2.730,-1.071611,nan
3wz8,3wz8_243,1.320,-1.233919,nan
3wz8,3wz8_296,2.670,-1.632891,nan
3wz8,3wz8_313,3.890,-2.419062,nan
3wz8,3wz8_316,7.030,-6.178678,nan
3wz8,3wz8_318,2.230,-1.031559,nan
3wz8,3wz8_323,7.380,-6.476860,nan
3wz8,3wz8_326,8.120,-7.906167,nan
3wz8,3wz8_338,1.110,-1.153448,nan
3wz8,3wz8_364,2.740,-1.284424,nan
3wz8,3wz8_371,0.830,-0.552198,nan
3wz8,3wz8_376,0.840,-0.519304,nan
3wz8,3wz8_380,1.120,-0.652185,nan
3wz8,3wz8_391,0.960,-0.454165,nan
3wz8,3wz8_4,8.050,-8.436317,nan
3wz8,3wz8_413,4.530,-2.156369,nan
3wz8,3wz8_418,4.250,-2.201015,nan
3wz8,3wz8_455,3.700,-2.480589,nan
3wz8,3wz8_462,5.080,-3.706376,nan
3wz8,3wz8_474,4.300,-3.004824,nan
3wz8,3wz8_479,4.920,-2.172505,nan
3wz8,3wz8_484,4.240,-2.610456,nan
3wz8,3wz8_492,4.100,-2.474681,nan
3wz8,3wz8_505,9.210,-8.571760,nan
3wz8,3wz8_507,4.340,-1.751091,nan
3wz8,3wz8_510,3.970,-2.055670,nan
3wz8,3wz8_513,7.010,-3.519806,nan
3wz8,3wz8_514,6.220,-5.963592,nan
3wz8,3wz8_524,7.340,-6.781215,nan
3wz8,3wz8_527,8.230,-5.524913,nan
3wz8,3wz8_529,6.310,-5.813229,nan
3wz8,3wz8_534,6.650,-3.448536,nan
3wz8,3wz8_542,6.930,-5.971248,nan
3wz8,3wz8_544,8.740,-8.477651,nan
3wz8,3wz8_546,3.940,-2.382194,nan
3wz8,3wz8_549,9.330,-8.565784,nan
3wz8,3wz8_554,5.050,-1.881325,nan
3wz8,3wz8_557,5.390,-2.299748,nan
3wz8,3wz8_558,8.600,-7.029349,nan
3wz8,3wz8_559,9.420,-8.527677,nan
3wz8,3wz8_566,3.580,-2.114177,nan
3wz8,3wz8_568,8.910,-8.407979,nan
3wz8,3wz8_569,8.070,-4.979342,nan
3wz8,3wz8_570,8.630,-7.123237,nan
3wz8,3wz8_572,7.120,-6.109294,nan
3wz8,3wz8_573,3.420,-2.792641,nan
3wz8,3wz8_582,7.770,-4.825488,nan
3wz8,3wz8_588,6.970,-6.388371,nan
3wz8,3wz8_596,8.630,-8.541199,nan
3wz8,3wz8_600,5.260,-2.768948,nan
3wz8,3wz8_604,2.950,-3.035856,nan
3wz8,3wz8_614,5.610,-2.258978,nan
3wz8,3wz8_617,6.140,-4.785993,nan
3wz8,3wz8_623,7.330,-6.074170,nan
3wz8,3wz8_627,6.350,-3.463668,nan
3wz8,3wz8_631,5.010,-3.146786,nan
3wz8,3wz8_633,7.090,-6.561351,nan
3wz8,3wz8_641,2.810,-3.242054,nan
3wz8,3wz8_642,5.890,-4.469468,nan
3wz8,3wz8_645,5.630,-4.519276,nan
3wz8,3wz8_651,6.420,-5.711130,nan
3wz8,3wz8_657,7.570,-5.305781,nan
3wz8,3wz8_659,4.870,-1.778966,nan
3wz8,3wz8_667,4.120,-2.730888,nan
3wz8,3wz8_670,5.110,-3.349738,nan
3wz8,3wz8_671,6.740,-5.360666,nan
3wz8,3wz8_680,4.680,-3.869236,nan
3wz8,3wz8_684,5.030,-3.237015,nan
3wz8,3wz8_686,8.730,-8.167114,nan
3wz8,3wz8_688,3.730,-2.912678,nan
3wz8,3wz8_695,6.530,-4.026563,nan
3wz8,3wz8_700,3.740,-1.375742,nan
3wz8,3wz8_705,1.120,-0.848169,nan
3wz8,3wz8_713,1.750,-1.125053,nan
3wz8,3wz8_721,2.520,-2.202051,nan
3wz8,3wz8_782,7.800,-7.412031,nan
3wz8,3wz8_86,2.100,-1.186086,nan
3wz8,3wz8_946,3.670,-1.768975,nan
3wz8,3wz8_965,3.670,-1.992347,nan
3zdg,3zdg_100,0.850,-0.326079,nan
3zdg,3zdg_141,2.050,-0.979147,nan
3zdg,3zdg_232,2.090,-1.214506,nan
3zdg,3zdg_237,1.730,-0.797900,nan
3zdg,3zdg_266,1.480,-0.969061,nan
3zdg,3zdg_286,2.010,-1.049339,nan
3zdg,3zdg_300,1.850,-1.032819,nan
3zdg,3zdg_32,0.880,-0.384196,nan
3zdg,3zdg_425,3.760,-0.945439,nan
3zdg,3zdg_43,0.660,-0.141795,nan
3zdg,3zdg_466,4.040,-1.973660,nan
3zdg,3zdg_499,3.690,-1.907605,nan
3zdg,3zdg_509,5.870,-5.686459,nan
3zdg,3zdg_52,0.560,-0.233321,nan
3zdg,3zdg_532,3.490,-1.705736,nan
3zdg,3zdg_538,5.190,-3.660563,nan
3zdg,3zdg_542,5.490,-5.118124,nan
3zdg,3zdg_556,6.030,-5.331689,nan
3zdg,3zdg_574,5.630,-5.681108,nan
3zdg,3zdg_600,4.160,-3.964405,nan
3zdg,3zdg_653,4.040,-0.813254,nan
3zdg,3zdg_660,4.120,-1.770704,nan
3zdg,3zdg_705,0.380,-0.320704,nan
3zdg,3zdg_738,2.040,-1.351595,nan
3zdg,3zdg_753,2.200,-0.670924,nan
3zdg,3zdg_758,2.330,-1.013977,nan
3zdg,3zdg_764,4.040,-1.906519,nan
3zdg,3zdg_765,3.660,-0.674791,nan
3zdg,3zdg_767,2.250,-1.188294,nan
3zdg,3zdg_774,4.460,-2.815345,nan
3zdg,3zdg_778,3.800,-0.938751,nan
3zdg,3zdg_780,4.020,-1.611044,nan
3zdg,3zdg_787,3.600,-2.402577,nan
3zdg,3zdg_788,3.890,-1.157289,nan
3zdg,3zdg_790,1.850,-0.991251,nan
3zdg,3zdg_792,1.530,-0.806278,nan
3zdg,3zdg_793,4.010,-1.932215,nan
3zdg,3zdg_797,1.800,-0.909521,nan
3zdg,3zdg_798,3.950,-3.522639,nan
3zdg,3zdg_799,1.440,-0.445248,nan
3zdg,3zdg_803,2.030,-0.711279,nan
3zdg,3zdg_804,1.490,-0.675455,nan
3zdg,3zdg_811,0.590,-0.207312,nan
3zdg,3zdg_842,0.860,-0.732846,nan
3zdg,3zdg_862,2.410,-0.903386,nan
3zdg,3zdg_868,3.560,-2.213032,nan
3zdg,3zdg_883,5.090,-5.061824,nan
3zdg,3zdg_890,1.760,-0.879334,nan
3zdg,3zdg_896,1.660,-0.210851,nan
3zdg,3zdg_9,0.710,-0.125387,nan
3zdg,3zdg_903,0.510,-0.429410,nan
3zdg,3zdg_911,5.270,-4.909784,nan
3zdg,3zdg_929,1.000,-0.260150,nan
3zdg,3zdg_961,2.230,-0.676209,nan
3zdg,3zdg_994,3.810,-1.102095,nan
3zso,3zso_124,7.080,-5.422892,nan
3zso,3zso_139,4.840,-3.538240,nan
3zso,3zso_140,6.810,-5.706037,nan
3zso,3zso_148,5.330,-2.856111,nan
3zso,3zso_201,5.440,-2.019959,nan
3zso,3zso_217,6.290,-1.876919,nan
3zso,3zso_221,3.480,-1.403499,nan
3zso,3zso_224,4.240,-1.627220,nan
3zso,3zso_23,8.700,-8.534819,nan
3zso,3zso_233,7.440,-2.057856,nan
3zso,3zso_240,7.290,-2.834268,nan
3zso,3zso_241,5.570,-2.213896,nan
3zso,3zso_250,7.670,-4.255417,nan
3zso,3zso_251,4.950,-1.514205,nan
3zso,3zso_255,5.310,-1.107090,nan
3zso,3zso_263,6.430,-3.395266,nan
3zso,3zso_266,3.290,-2.433092,nan
3zso,3zso_269,4.260,-1.717011,nan
3zso,3zso_275,4.280,-0.698384,nan
3zso,3zso_282,9.060,-2.602515,nan
3zso,3zso_285,8.460,-4.366834,nan
3zso,3zso_287,8.720,-4.124127,nan
3zso,3zso_288,5.260,-1.330355,nan
3zso,3zso_293,4.750,-1.316818,nan
3zso,3zso_295,5.300,-1.565051,nan
3zso,3zso_325,8.390,-7.694502,nan
3zso,3zso_33,8.520,-8.535708,nan
3zso,3zso_350,7.680,-2.929302,nan
3zso,3zso_351,6.920,-2.769510,nan
3zso,3zso_353,4.860,-2.910645,nan
3zso,3zso_387,6.480,-2.945306,nan
3zso,3zso_394,5.380,-1.454157,nan
3zso,3zso_397,6.270,-3.193187,nan
3zso,3zso_410,2.120,-2.494819,nan
3zso,3zso_423,3.930,-2.018553,nan
3zso,3zso_46,6.430,-2.105645,nan
3zso,3zso_499,8.120,-6.616238,nan
3zso,3zso_532,3.840,-3.369121,nan
3zso,3zso_545,7.260,-6.106723,nan
3zso,3zso_573,8.210,-7.476930,nan
3zso,3zso_584,8.510,-6.608540,nan
3zso,3zso_585,7.270,-6.207409,nan
3zso,3zso_587,8.820,-8.566422,nan
3zso,3zso_595,7.030,-6.670742,nan
3zso,3zso_6,2.780,-1.511190,nan
3zso,3zso_608,5.050,-4.573884,nan
3zso,3zso_648,6.310,-6.134852,nan
3zso,3zso_652,6.940,-7.580406,nan
3zso,3zso_653,6.910,-8.236270,nan
3zso,3zso_662,3.680,-2.873127,nan
3zso,3zso_676,5.420,-2.582582,nan
3zso,3zso_686,2.620,-3.457054,nan
3zso,3zso_738,5.270,-2.714121,nan
3zso,3zso_799,1.590,-1.874808,nan
3zso,3zso_810,1.740,-2.133844,nan
3zso,3zso_818,2.150,-2.253375,nan
3zso,3zso_84,7.570,-3.127789,nan
3zso,3zso_847,3.060,-2.207561,nan
3zso,3zso_866,3.710,-2.354920,nan
3zso,3zso_87,7.280,-7.875921,nan
3zso,3zso_871,3.610,-1.273580,nan
3zso,3zso_894,4.580,-3.367442,nan
3zso,3zso_898,2.080,-1.804479,nan
3zso,3zso_899,1.990,-2.134886,nan
3zso,3zso_902,1.590,-1.874808,nan
3zso,3zso_910,2.050,-1.097424,nan
3zso,3zso_920,1.740,-2.133844,nan
3zso,3zso_923,2.490,-1.972012,nan
3zso,3zso_925,2.950,-0.694888,nan
3zso,3zso_93,4.400,-2.363772,nan
3zso,3zso_933,2.030,-1.899855,nan
3zso,3zso_94,8.760,-2.681752,nan
3zso,3zso_959,2.910,-1.090991,nan
3zso,3zso_980,3.670,-1.584895,nan
3zso,3zso_988,3.550,-3.175599,nan
3zso,3zso_994,4.790,-1.195021,nan
3zsx,3zsx_113,8.160,-8.310818,nan
3zsx,3zsx_136,8.480,-8.465044,nan
3zsx,3zsx_138,5.010,-4.158615,nan
3zsx,3zsx_175,8.790,-7.000906,nan
3zsx,3zsx_20,7.410,-5.027233,nan
3zsx,3zsx_201,5.280,-4.746315,nan
3zsx,3zsx_21,8.810,-6.693278,nan
3zsx,3zsx_210,3.970,-3.566672,nan
3zsx,3zsx_213,3.610,-1.121635,nan
3zsx,3zsx_217,3.310,-2.915797,nan
3zsx,3zsx_226,7.410,-4.662811,nan
3zsx,3zsx_229,3.970,-1.612436,nan
3zsx,3zsx_230,1.770,-1.935783,nan
3zsx,3zsx_231,4.550,-2.376306,nan
3zsx,3zsx_235,3.840,-4.276051,nan
3zsx,3zsx_237,5.240,-3.002096,nan
3zsx,3zsx_240,4.520,-1.977350,nan
3zsx,3zsx_247,3.230,-1.188208,nan
3zsx,3zsx_253,5.120,-1.473878,nan
3zsx,3zsx_254,1.500,-1.457005,nan
3zsx,3zsx_26,7.610,-5.598449,nan
3zsx,3zsx_262,4.370,-1.559403,nan
3zsx,3zsx_274,4.100,-1.334457,nan
3zsx,3zsx_282,2.380,-1.062219,nan
3zsx,3zsx_293,1.230,-2.131806,nan
3zsx,3zsx_3,9.560,-6.743330,nan
3zsx,3zsx_318,9.850,-7.983236,nan
3zsx,3zsx_32,9.630,-6.964773,nan
3zsx,3zsx_326,9.730,-8.161635,nan
3zsx,3zsx_329,3.510,-0.323463,nan
3zsx,3zsx_337,4.350,-3.651358,nan
3zsx,3zsx_345,4.810,-3.169489,nan
3zsx,3zsx_359,8.580,-7.431739,nan
3zsx,3zsx_374,8.510,-8.575910,nan
3zsx,3zsx_379,3.950,-1.847833,nan
3zsx,3zsx_395,9.510,-7.764061,nan
3zsx,3zsx_4,7.930,-5.019841,nan
3zsx,3zsx_40,8.760,-8.082423,nan
3zsx,3zsx_408,6.210,-3.188611,nan
3zsx,3zsx_419,7.930,-2.666053,nan
3zsx,3zsx_436,6.600,-3.151996,nan
3zsx,3zsx_456,6.130,-2.078447,nan
3zsx,3zsx_46,4.940,-4.724403,nan
3zsx,3zsx_487,7.300,-3.080537,nan
3zsx,3zsx_495,5.660,-2.677576,nan
3zsx,3zsx_51,8.550,-7.197021,nan
3zsx,3zsx_52,9.740,-7.446753,nan
3zsx,3zsx_524,6.830,-7.772445,nan
3zsx,3zsx_537,2.770,-2.339302,nan
3zsx,3zsx_545,7.040,-3.512382,nan
3zsx,3zsx_556,5.680,-3.679958,nan
3zsx,3zsx_568,6.690,-8.324388,nan
3zsx,3zsx_569,7.980,-8.541191,nan
3zsx,3zsx_576,5.010,-3.451375,nan
3zsx,3zsx_582,4.110,-5.705656,nan
3zsx,3zsx_585,5.070,-3.499753,nan
3zsx,3zsx_586,7.400,-7.802809,nan
3zsx,3zsx_599,7.730,-5.872746,nan
3zsx,3zsx_608,2.750,-2.760844,nan
3zsx,3zsx_628,5.070,-6.157225,nan
3zsx,3zsx_636,6.070,-6.347249,nan
3zsx,3zsx_637,6.100,-6.766391,nan
3zsx,3zsx_667,2.910,-2.576129,nan
3zsx,3zsx_674,6.170,-5.813482,nan
3zsx,3zsx_677,9.510,-6.706056,nan
3zsx,3zsx_684,5.650,-7.451712,nan
3zsx,3zsx_713,2.750,-1.424756,nan
3zsx,3zsx_714,1.130,-0.580920,nan
3zsx,3zsx_74,8.700,-8.517230,nan
3zsx,3zsx_741,1.640,-1.948107,nan
3zsx,3zsx_749,3.260,-3.409897,nan
3zsx,3zsx_75,9.390,-8.023973,nan
3zsx,3zsx_759,2.200,-2.492785,nan
3zsx,3zsx_76,6.170,-2.225301,nan
3zsx,3zsx_773,2.650,-1.933499,nan
3zsx,3zsx_774,2.890,-2.631541,nan
3zsx,3zsx_776,3.720,-3.385337,nan
3zsx,3zsx_780,2.240,-2.351535,nan
3zsx,3zsx_79,6.540,-2.924972,nan
3zsx,3zsx_791,4.560,-6.880385,nan
3zsx,3zsx_80,9.760,-8.548852,nan
3zsx,3zsx_859,1.540,-3.044431,nan
3zsx,3zsx_90,8.710,-4.915343,nan
3zsx,3zsx_908,1.960,-1.158291,nan
3zsx,3zsx_91,9.480,-6.615506,nan
3zsx,3zsx_933,2.400,-1.346715,nan
3zsx,3zsx_955,1.910,-0.986307,nan
3zsx,3zsx_961,1.780,-1.029724,nan
3zsx,3zsx_965,1.870,-0.788719,nan
3zsx,3zsx_978,4.030,-1.428961,nan
3zt2,3zt2_116,0.960,-0.459206,nan
3zt2,3zt2_119,1.150,-1.361809,nan
3zt2,3zt2_122,1.310,-0.633946,nan
3zt2,3zt2_136,1.020,-1.449790,nan
3zt2,3zt2_173,0.320,-0.598259,nan
3zt2,3zt2_182,1.410,-0.686166,nan
3zt2,3zt2_195,0.680,-0.738171,nan
3zt2,3zt2_233,0.640,-0.516566,nan
3zt2,3zt2_250,0.350,-0.328106,nan
3zt2,3zt2_323,0.820,-0.824632,nan
3zt2,3zt2_410,1.110,-0.814117,nan
3zt2,3zt2_433,0.970,-0.856846,nan
3zt2,3zt2_444,1.220,-0.597047,nan
3zt2,3zt2_463,2.910,-2.242244,nan
3zt2,3zt2_472,2.110,-1.345899,nan
3zt2,3zt2_473,2.130,-1.513582,nan
3zt2,3zt2_474,1.230,-0.901426,nan
3zt2,3zt2_491,1.740,-1.346850,nan
3zt2,3zt2_5,0.390,-0.907382,nan
3zt2,3zt2_529,1.260,-1.784258,nan
3zt2,3zt2_541,0.960,-1.450342,nan
3zt2,3zt2_561,3.810,-1.655622,nan
3zt2,3zt2_566,4.930,-3.482728,nan
3zt2,3zt2_568,4.200,-2.210506,nan
3zt2,3zt2_571,3.900,-1.391309,nan
3zt2,3zt2_578,4.060,-2.373033,nan
3zt2,3zt2_585,2.160,-1.572698,nan
3zt2,3zt2_589,1.480,-1.684917,nan
3zt2,3zt2_592,5.950,-2.941543,nan
3zt2,3zt2_600,5.010,-2.867853,nan
3zt2,3zt2_649,2.300,-2.583915,nan
3zt2,3zt2_650,2.080,-2.649725,nan
3zt2,3zt2_656,4.120,-2.739753,nan
3zt2,3zt2_670,3.390,-4.637219,nan
3zt2,3zt2_680,3.840,-1.627472,nan
3zt2,3zt2_684,2.360,-1.951860,nan
3zt2,3zt2_685,3.810,-2.654655,nan
3zt2,3zt2_687,4.420,-4.741715,nan
3zt2,3zt2_694,4.440,-0.974196,nan
3zt2,3zt2_696,3.090,-1.970052,nan
3zt2,3zt2_697,6.350,-4.674003,nan
3zt2,3zt2_707,4.020,-1.383066,nan
3zt2,3zt2_728,5.410,-4.785350,nan
3zt2,3zt2_732,2.980,-2.646856,nan
3zt2,3zt2_741,3.010,-2.750439,nan
3zt2,3zt2_753,4.630,-3.688119,nan
3zt2,3zt2_758,5.110,-5.190123,nan
3zt2,3zt2_760,4.430,-4.114580,nan
3zt2,3zt2_761,5.200,-3.590741,nan
3zt2,3zt2_774,5.850,-5.409623,nan
3zt2,3zt2_781,6.110,-5.921078,nan
3zt2,3zt2_782,5.950,-4.858068,nan
3zt2,3zt2_784,6.490,-6.498645,nan
3zt2,3zt2_789,3.630,-1.825126,nan
3zt2,3zt2_793,5.650,-5.005641,nan
3zt2,3zt2_8,0.490,-0.861081,nan
3zt2,3zt2_80,3.630,-0.437256,nan
3zt2,3zt2_804,2.630,-3.448765,nan
3zt2,3zt2_818,2.340,-2.592467,nan
3zt2,3zt2_838,4.020,-3.017151,nan
3zt2,3zt2_844,3.630,-3.752030,nan
3zt2,3zt2_869,5.590,-5.137760,nan
3zt2,3zt2_873,5.800,-5.780645,nan
4abg,4abg_149,0.930,-0.530230,nan
4abg,4abg_236,3.030,-1.779720,nan
4abg,4abg_263,0.970,-0.479245,nan
4abg,4abg_408,3.670,-2.213498,nan
4abg,4abg_414,1.890,-2.326938,nan
4abg,4abg_429,3.820,-2.117183,nan
4abg,4abg_430,0.970,-0.538100,nan
4abg,4abg_450,0.970,-0.955257,nan
4abg,4abg_465,4.270,-1.258317,nan
4abg,4abg_475,3.120,-2.051972,nan
4abg,4abg_479,2.110,-2.201645,nan
4abg,4abg_537,5.300,-3.578451,nan
4abg,4abg_552,4.600,-3.815558,nan
4abg,4abg_572,5.210,-3.119845,nan
4abg,4abg_573,4.120,-1.467900,nan
4abg,4abg_580,5.290,-2.649779,nan
4abg,4abg_587,2.660,-1.936274,nan
4abg,4abg_593,5.360,-3.485782,nan
4abg,4abg_597,5.430,-3.018911,nan
4abg,4abg_710,0.720,-0.366963,nan
4abg,4abg_718,1.010,-1.218876,nan
4abg,4abg_719,4.180,-4.885176,nan
4abg,4abg_741,4.770,-4.348216,nan
4abg,4abg_750,1.900,-2.422550,nan
4abg,4abg_751,2.760,-2.088034,nan
4abg,4abg_757,3.140,-2.931531,nan
4abg,4abg_761,2.870,-1.835061,nan
4abg,4abg_769,4.880,-3.201200,nan
4abg,4abg_770,3.090,-1.590078,nan
4abg,4abg_778,4.430,-2.791936,nan
4abg,4abg_780,3.610,-3.677220,nan
4abg,4abg_781,3.640,-3.385267,nan
4abg,4abg_782,2.290,-1.758219,nan
4abg,4abg_784,5.370,-4.569069,nan
4abg,4abg_786,4.520,-4.253666,nan
4abg,4abg_787,4.600,-2.862652,nan
4abg,4abg_788,3.980,-2.988310,nan
4abg,4abg_792,5.470,-4.712431,nan
4abg,4abg_793,5.890,-5.300545,nan
4abg,4abg_800,0.550,-0.499908,nan
4abg,4abg_808,1.010,-0.834652,nan
4abg,4abg_814,1.000,-0.534978,nan
4abg,4abg_824,0.960,-0.706540,nan
4abg,4abg_826,1.470,-1.794971,nan
4abg,4abg_835,0.910,-0.702645,nan
4abg,4abg_839,1.510,-0.799121,nan
4abg,4abg_840,1.180,-1.257531,nan
4abg,4abg_845,0.990,-0.948093,nan
4abg,4abg_848,1.840,-2.429762,nan
4abg,4abg_857,2.770,-1.160016,nan
4abg,4abg_860,3.210,-1.587137,nan
4abg,4abg_864,6.300,-6.141950,nan
4abg,4abg_865,2.580,-3.057163,nan
4abg,4abg_875,4.430,-2.706536,nan
4abg,4abg_885,9.040,-7.856970,nan
4abg,4abg_888,6.930,-6.307676,nan
4abg,4abg_955,2.300,-1.258510,nan
4abg,4abg_956,1.280,-1.197772,nan
4abg,4abg_973,2.330,-1.443627,nan
4abg,4abg_980,1.020,-0.984133,nan
4abg,4abg_983,2.720,-1.208800,nan
4agn,4agn_109,4.490,-2.232964,nan
4agn,4agn_125,8.260,-1.720880,nan
4agn,4agn_204,1.950,-1.611224,nan
4agn,4agn_205,2.100,-2.492847,nan
4agn,4agn_226,9.280,-1.680719,nan
4agn,4agn_228,1.070,-0.839444,nan
4agn,4agn_251,0.990,-0.769111,nan
4agn,4agn_257,0.840,-0.998314,nan
4agn,4agn_266,3.640,-1.042907,nan
4agn,4agn_267,3.860,-2.125615,nan
4agn,4agn_272,4.370,-2.732127,nan
4agn,4agn_280,0.890,-1.071149,nan
4agn,4agn_290,1.280,-0.788591,nan
4agn,4agn_299,2.060,-1.675269,nan
4agn,4agn_318,6.810,-3.288705,nan
4agn,4agn_380,6.510,-1.166949,nan
4agn,4agn_4,7.430,-3.177081,nan
4agn,4agn_402,8.120,-1.800920,nan
4agn,4agn_405,8.300,-2.207834,nan
4agn,4agn_411,9.500,-4.355281,nan
4agn,4agn_415,9.080,-2.730649,nan
4agn,4agn_425,9.150,-3.082856,nan
4agn,4agn_43,5.190,-4.379937,nan
4agn,4agn_446,7.780,-1.786872,nan
4agn,4agn_447,7.140,-2.040535,nan
4agn,4agn_456,8.580,-4.291894,nan
4agn,4agn_463,8.300,-2.951515,nan
4agn,4agn_477,5.410,-1.699117,nan
4agn,4agn_494,6.820,-1.399935,nan
4agn,4agn_498,3.670,-2.499809,nan
4agn,4agn_502,8.900,-2.482443,nan
4agn,4agn_505,9.020,-2.889434,nan
4agn,4agn_506,1.490,-2.625347,nan
4agn,4agn_511,8.350,-2.338073,nan
4agn,4agn_516,8.690,-1.859197,nan
4agn,4agn_517,1.510,-1.818581,nan
4agn,4agn_519,1.930,-1.270958,nan
4agn,4agn_524,5.630,-3.780876,nan
4agn,4agn_526,3.610,-2.208833,nan
4agn,4agn_535,2.700,-2.439554,nan
4agn,4agn_536,7.960,-1.528430,nan
4agn,4agn_538,7.350,-1.021776,nan
4agn,4agn_539,9.340,-2.641282,nan
4agn,4agn_540,6.710,-8.512264,nan
4agn,4agn_542,7.830,-7.703863,nan
4agn,4agn_554,2.600,-2.082189,nan
4agn,4agn_555,4.090,-5.430862,nan
4agn,4agn_557,8.620,-2.132610,nan
4agn,4agn_561,3.550,-1.775100,nan
4agn,4agn_566,7.070,-8.188448,nan
4agn,4agn_567,5.610,-7.795067,nan
4agn,4agn_568,4.940,-2.306907,nan
4agn,4agn_579,5.480,-7.862913,nan
4agn,4agn_582,6.920,-3.573440,nan
4agn,4agn_591,6.700,-3.956914,nan
4agn,4agn_593,3.370,-3.914154,nan
4agn,4agn_595,3.420,-2.680802,nan
4agn,4agn_596,7.200,-8.584970,nan
4agn,4agn_597,2.210,-2.005490,nan
4agn,4agn_603,1.710,-1.530128,nan
4agn,4agn_608,9.180,-1.923052,nan
4agn,4agn_629,1.700,-2.272008,nan
4agn,4agn_633,9.790,-3.617107,nan
4agn,4agn_643,1.870,-1.915897,nan
4agn,4agn_644,4.870,-3.259990,nan
4agn,4agn_657,3.060,-3.814163,nan
4agn,4agn_659,3.770,-2.938381,nan
4agn,4agn_660,3.410,-3.318240,nan
4agn,4agn_664,9.030,-2.114558,nan
4agn,4agn_665,2.540,-1.528432,nan
4agn,4agn_669,2.160,-1.340794,nan
4agn,4agn_670,4.210,-3.409179,nan
4agn,4agn_677,7.080,-3.373963,nan
4agn,4agn_678,4.970,-8.154010,nan
4agn,4agn_681,9.020,-2.362866,nan
4agn,4agn_682,2.990,-2.483824,nan
4agn,4agn_687,5.390,-1.368408,nan
4agn,4agn_690,6.010,-1.680423,nan
4agn,4agn_691,5.490,-6.002004,nan
4agn,4agn_712,4.280,-6.399921,nan
4agn,4agn_715,0.770,-1.858651,nan
4agn,4agn_727,7.150,-6.741292,nan
4agn,4agn_754,5.360,-6.521523,nan
4agn,4agn_76,6.740,-5.579967,nan
4agn,4agn_765,6.390,-8.164651,nan
4agn,4agn_768,4.510,-4.444698,nan
4agn,4agn_772,5.750,-6.497805,nan
4agn,4agn_78,6.500,-6.469029,nan
4agn,4agn_785,4.010,-2.861660,nan
4agn,4agn_833,8.370,-8.083387,nan
4agn,4agn_844,2.110,-1.072710,nan
4agn,4agn_855,5.110,-8.447059,nan
4agn,4agn_931,0.990,-2.025753,nan
4agn,4agn_979,1.980,-0.520649,nan
4agn,4agn_984,2.870,-4.244588,nan
4agn,4agn_987,0.800,-2.073328,nan
4agp,4agp_134,5.590,-1.909883,nan
4agp,4agp_202,2.960,-2.182107,nan
4agp,4agp_208,1.770,-1.173831,nan
4agp,4agp_223,2.890,-2.448439,nan
4agp,4agp_23,8.780,-8.085591,nan
4agp,4agp_251,1.080,-0.974048,nan
4agp,4agp_253,1.910,-1.252338,nan
4agp,4agp_260,2.480,-1.024472,nan
4agp,4agp_261,1.370,-2.355475,nan
4agp,4agp_266,3.280,-2.119799,nan
4agp,4agp_268,6.980,-3.333401,nan
4agp,4agp_271,2.150,-2.021911,nan
4agp,4agp_283,2.460,-1.061245,nan
4agp,4agp_285,3.560,-1.738019,nan
4agp,4agp_288,2.090,-2.261919,nan
4agp,4agp_294,3.550,-2.457736,nan
4agp,4agp_3,8.490,-6.956547,nan
4agp,4agp_300,1.990,-1.161522,nan
4agp,4agp_301,6.640,-6.352447,nan
4agp,4agp_313,1.240,-1.981347,nan
4agp,4agp_324,9.030,-8.477648,nan
4agp,4agp_328,1.560,-0.695327,nan
4agp,4agp_33,8.630,-7.635427,nan
4agp,4agp_330,7.100,-6.863306,nan
4agp,4agp_35,9.820,-8.553974,nan
4agp,4agp_350,0.970,-1.735633,nan
4agp,4agp_389,7.710,-8.412340,nan
4agp,4agp_390,5.290,-4.177408,nan
4agp,4agp_391,6.920,-2.568231,nan
4agp,4agp_405,7.730,-2.584236,nan
4agp,4agp_406,9.080,-2.617950,nan
4agp,4agp_421,6.320,-2.407566,nan
4agp,4agp_423,8.200,-3.605433,nan
4agp,4agp_446,3.400,-2.629246,nan
4agp,4agp_461,7.480,-3.378602,nan
4agp,4agp_463,10.000,-1.874057,nan
4agp,4agp_465,5.930,-1.915268,nan
4agp,4agp_469,7.890,-5.445868,nan
4agp,4agp_47,1.550,-0.834269,nan
4agp,4agp_472,4.390,-1.326121,nan
4agp,4agp_474,2.880,-2.323400,nan
4agp,4agp_482,3.840,-1.552488,nan
4agp,4agp_489,4.210,-2.067529,nan
4agp,4agp_495,7.610,-4.700467,nan
4agp,4agp_496,6.190,-2.808580,nan
4agp,4agp_499,2.790,-2.258237,nan
4agp,4agp_517,3.010,-2.313487,nan
4agp,4agp_523,1.900,-1.891229,nan
4agp,4agp_527,5.950,-4.267276,nan
4agp,4agp_532,4.560,-4.537321,nan
4agp,4agp_533,6.490,-6.929143,nan
4agp,4agp_546,8.830,-2.322173,nan
4agp,4agp_561,7.780,-7.672485,nan
4agp,4agp_562,6.030,-4.569966,nan
4agp,4agp_563,3.900,-2.768763,nan
4agp,4agp_578,3.970,-3.732202,nan
4agp,4agp_596,8.260,-2.016032,nan
4agp,4agp_612,2.140,-2.414957,nan
4agp,4agp_629,3.610,-3.925554,nan
4agp,4agp_643,7.820,-8.578545,nan
4agp,4agp_646,4.260,-3.880114,nan
4agp,4agp_651,3.010,-2.452185,nan
4agp,4agp_656,1.920,-1.273492,nan
4agp,4agp_657,4.230,-3.079081,nan
4agp,4agp_659,4.020,-2.238786,nan
4agp,4agp_662,9.010,-2.119946,nan
4agp,4agp_681,5.950,-6.557508,nan
4agp,4agp_685,4.340,-4.645825,nan
4agp,4agp_686,5.090,-2.419238,nan
4agp,4agp_692,4.290,-4.639276,nan
4agp,4agp_703,6.230,-7.443855,nan
4agp,4agp_709,0.940,-2.675558,nan
4agp,4agp_710,0.970,-2.790174,nan
4agp,4agp_716,0.700,-2.238510,nan
4agp,4agp_718,9.050,-8.573521,nan
4agp,4agp_724,6.390,-6.326129,nan
4agp,4agp_726,5.860,-7.305951,nan
4agp,4agp_727,7.860,-3.406408,nan
4agp,4agp_766,8.560,-8.562144,nan
4agp,4agp_769,1.000,-2.060944,nan
4agp,4agp_775,0.690,-1.219927,nan
4agp,4agp_797,5.560,-8.369437,nan
4agp,4agp_817,4.970,-6.473194,nan
4agp,4agp_82,7.290,-2.332479,nan
4agp,4agp_822,8.380,-8.371893,nan
4agp,4agp_837,8.770,-3.111570,nan
4agp,4agp_84,9.480,-8.290560,nan
4agp,4agp_847,5.510,-4.405602,nan
4agp,4agp_848,5.990,-4.979091,nan
4agp,4agp_849,2.970,-5.228527,nan
4agp,4agp_857,4.290,-4.629085,nan
4agp,4agp_86,8.640,-8.061016,nan
4agp,4agp_87,9.940,-7.358055,nan
4agp,4agp_924,9.030,-8.534007,nan
4agp,4agp_94,9.290,-8.561149,nan
4agp,4agp_98,6.340,-5.792703,nan
4agq,4agq_114,2.500,-0.815907,nan
4agq,4agq_121,4.050,-1.551714,nan
4agq,4agq_151,1.960,-1.294503,nan
4agq,4agq_158,6.770,-1.986348,nan
4agq,4agq_204,4.150,-1.816383,nan
4agq,4agq_205,1.390,-2.381708,nan
4agq,4agq_217,7.790,-5.949438,nan
4agq,4agq_219,7.590,-5.048160,nan
4agq,4agq_221,2.110,-1.238946,nan
4agq,4agq_228,1.930,-0.938396,nan
4agq,4agq_234,1.940,-0.522983,nan
4agq,4agq_236,1.730,-0.246788,nan
4agq,4agq_25,9.400,-7.993070,nan
4agq,4agq_254,2.720,-1.310714,nan
4agq,4agq_268,3.960,-2.252666,nan
4agq,4agq_27,6.090,-5.435961,nan
4agq,4agq_272,2.010,-1.060001,nan
4agq,4agq_326,8.330,-4.641572,nan
4agq,4agq_339,0.950,-1.166970,nan
4agq,4agq_35,8.890,-7.940339,nan
4agq,4agq_350,1.790,-0.619530,nan
4agq,4agq_356,9.240,-8.558703,nan
4agq,4agq_369,7.060,-6.883441,nan
4agq,4agq_378,6.750,-8.415534,nan
4agq,4agq_382,8.980,-7.239010,nan
4agq,4agq_394,6.990,-5.351663,nan
4agq,4agq_409,7.860,-2.734222,nan
4agq,4agq_41,9.240,-8.549803,nan
4agq,4agq_413,8.310,-5.817740,nan
4agq,4agq_418,3.410,-1.819810,nan
4agq,4agq_419,9.020,-3.299920,nan
4agq,4agq_421,9.620,-2.476229,nan
4agq,4agq_433,7.550,-3.933974,nan
4agq,4agq_442,3.080,-1.715588,nan
4agq,4agq_446,2.980,-1.575925,nan
4agq,4agq_450,5.270,-3.030418,nan
4agq,4agq_452,6.510,-1.981711,nan
4agq,4agq_461,7.820,-2.407103,nan
4agq,4agq_463,2.620,-0.952739,nan
4agq,4agq_470,3.730,-2.575216,nan
4agq,4agq_474,5.810,-2.087140,nan
4agq,4agq_475,8.280,-3.767932,nan
4agq,4agq_478,8.870,-1.442603,nan
4agq,4agq_490,4.700,-2.383090,nan
4agq,4agq_503,9.750,-3.287631,nan
4agq,4agq_504,7.160,-8.567082,nan
4agq,4agq_505,2.940,-3.187578,nan
4agq,4agq_526,4.870,-1.701375,nan
4agq,4agq_529,1.950,-0.615560,nan
4agq,4agq_534,8.730,-8.252576,nan
4agq,4agq_535,3.370,-2.001819,nan
4agq,4agq_548,2.600,-1.980469,nan
4agq,4agq_556,9.200,-8.264928,nan
4agq,4agq_557,3.350,-2.155862,nan
4agq,4agq_572,4.060,-4.368043,nan
4agq,4agq_573,5.580,-3.682959,nan
4agq,4agq_576,9.120,-2.251212,nan
4agq,4agq_580,7.610,-2.856310,nan
4agq,4agq_587,6.220,-5.453049,nan
4agq,4agq_592,2.020,-0.773126,nan
4agq,4agq_598,4.130,-2.919240,nan
4agq,4agq_604,4.380,-4.454094,nan
4agq,4agq_609,1.830,-1.600604,nan
4agq,4agq_62,8.630,-8.496841,nan
4agq,4agq_631,5.240,-6.436275,nan
4agq,4agq_635,3.690,-1.570718,nan
4agq,4agq_641,4.080,-1.844247,nan
4agq,4agq_642,7.790,-3.362320,nan
4agq,4agq_649,6.840,-2.867093,nan
4agq,4agq_653,5.420,-4.282718,nan
4agq,4agq_664,5.540,-2.632234,nan
4agq,4agq_665,5.550,-5.016061,nan
4agq,4agq_666,3.970,-2.598945,nan
4agq,4agq_672,3.580,-3.030254,nan
4agq,4agq_676,8.270,-6.978391,nan
4agq,4agq_680,5.370,-2.648035,nan
4agq,4agq_681,2.160,-1.240929,nan
4agq,4agq_684,6.130,-2.557499,nan
4agq,4agq_687,5.240,-2.908588,nan
4agq,4agq_691,9.760,-1.726232,nan
4agq,4agq_700,3.610,-3.071352,nan
4agq,4agq_702,1.830,-0.972238,nan
4agq,4agq_718,5.660,-3.234970,nan
4agq,4agq_744,1.930,-1.002526,nan
4agq,4agq_771,9.510,-7.204614,nan
4agq,4agq_775,6.590,-4.754608,nan
4agq,4agq_778,4.550,-4.138464,nan
4agq,4agq_788,8.660,-8.577717,nan
4agq,4agq_84,7.070,-7.266376,nan
4agq,4agq_850,6.600,-7.623209,nan
4agq,4agq_866,0.980,-2.075792,nan
4agq,4agq_872,0.990,-1.426242,nan
4agq,4agq_894,4.410,-3.946242,nan
4agq,4agq_999,0.860,-0.664219,nan
4bkt,4bkt_11,1.000,-0.441589,nan
4bkt,4bkt_140,0.390,-1.011264,nan
4bkt,4bkt_161,0.950,-0.337374,nan
4bkt,4bkt_17,0.990,-0.577629,nan
4bkt,4bkt_178,1.000,-0.474203,nan
4bkt,4bkt_283,0.560,-1.179015,nan
4bkt,4bkt_32,0.950,-0.520938,nan
4bkt,4bkt_369,1.000,-0.340306,nan
4bkt,4bkt_405,1.750,-0.532668,nan
4bkt,4bkt_439,5.270,-1.586721,nan
4bkt,4bkt_442,5.010,-3.037312,nan
4bkt,4bkt_478,2.870,-1.647510,nan
4bkt,4bkt_484,2.340,-2.253763,nan
4bkt,4bkt_486,1.410,-1.380558,nan
4bkt,4bkt_507,4.470,-3.651477,nan
4bkt,4bkt_523,7.210,-5.512924,nan
4bkt,4bkt_537,8.350,-7.767239,nan
4bkt,4bkt_538,7.400,-5.768591,nan
4bkt,4bkt_539,7.340,-5.258188,nan
4bkt,4bkt_540,6.260,-2.890691,nan
4bkt,4bkt_541,1.900,-1.733600,nan
4bkt,4bkt_542,2.730,-1.221195,nan
4bkt,4bkt_560,7.410,-6.659740,nan
4bkt,4bkt_568,7.660,-6.178837,nan
4bkt,4bkt_581,6.180,-5.046874,nan
4bkt,4bkt_586,7.020,-5.817390,nan
4bkt,4bkt_614,4.790,-4.166771,nan
4bkt,4bkt_62,0.570,-0.731919,nan
4bkt,4bkt_664,2.280,-1.507291,nan
4bkt,4bkt_695,3.780,-0.634221,nan
4bkt,4bkt_710,1.760,-1.111803,nan
4bkt,4bkt_713,0.650,-0.788655,nan
4bkt,4bkt_716,1.430,-1.347301,nan
4bkt,4bkt_735,5.320,-5.397625,nan
4bkt,4bkt_737,1.400,-0.996962,nan
4bkt,4bkt_741,3.650,-2.361515,nan
4bkt,4bkt_743,4.830,-4.432866,nan
4bkt,4bkt_744,6.110,-5.121680,nan
4bkt,4bkt_746,4.900,-2.430865,nan
4bkt,4bkt_750,5.080,-2.793880,nan
4bkt,4bkt_751,3.550,-3.340627,nan
4bkt,4bkt_752,4.790,-1.231861,nan
4bkt,4bkt_753,5.220,-3.528475,nan
4bkt,4bkt_759,6.370,-5.744688,nan
4bkt,4bkt_760,4.210,-2.998344,nan
4bkt,4bkt_761,9.510,-8.426063,nan
4bkt,4bkt_766,8.210,-6.794464,nan
4bkt,4bkt_767,5.240,-3.539518,nan
4bkt,4bkt_768,6.340,-5.341372,nan
4bkt,4bkt_769,4.460,-3.924723,nan
4bkt,4bkt_773,7.760,-7.241367,nan
4bkt,4bkt_774,2.580,-2.711969,nan
4bkt,4bkt_775,4.900,-3.626811,nan
4bkt,4bkt_778,7.590,-5.975987,nan
4bkt,4bkt_779,8.570,-7.214344,nan
4bkt,4bkt_782,8.680,-7.311502,nan
4bkt,4bkt_784,7.700,-5.778021,nan
4bkt,4bkt_791,6.240,-5.080472,nan
4bkt,4bkt_797,7.890,-6.113055,nan
4bkt,4bkt_800,6.290,-5.673516,nan
4bkt,4bkt_826,1.510,-0.955195,nan
4bkt,4bkt_838,3.990,-3.125370,nan
4bkt,4bkt_849,3.980,-2.368935,nan
4bkt,4bkt_853,1.960,-1.550890,nan
4bkt,4bkt_862,6.480,-5.745613,nan
4bkt,4bkt_863,6.280,-4.721230,nan
4bkt,4bkt_865,5.340,-4.526777,nan
4bkt,4bkt_869,5.710,-6.127338,nan
4bkt,4bkt_871,3.990,-2.418747,nan
4bkt,4bkt_874,3.000,-1.159135,nan
4bkt,4bkt_876,5.900,-4.806918,nan
4bkt,4bkt_877,2.630,-1.074770,nan
4bkt,4bkt_880,3.970,-3.226929,nan
4bkt,4bkt_883,6.890,-5.342043,nan
4bkt,4bkt_885,3.200,-1.565416,nan
4bkt,4bkt_890,4.480,-2.532012,nan
4bkt,4bkt_891,5.330,-4.860179,nan
4bkt,4bkt_893,3.690,-2.345720,nan
4bkt,4bkt_898,4.870,-3.528842,nan
4bkt,4bkt_931,2.890,-2.274690,nan
4bkt,4bkt_932,1.570,-0.572623,nan
4bkt,4bkt_953,1.070,-1.307371,nan
4bkt,4bkt_969,2.060,-1.361907,nan
4bkt,4bkt_983,2.980,-2.160503,nan
4bkt,4bkt_984,3.320,-2.150012,nan
4cig,4cig_106,9.640,-8.539150,nan
4cig,4cig_114,7.120,-8.290019,nan
4cig,4cig_122,6.100,-4.693835,nan
4cig,4cig_129,8.180,-8.557879,nan
4cig,4cig_13,7.200,-8.403098,nan
4cig,4cig_131,4.960,-2.861615,nan
4cig,4cig_167,7.200,-8.548045,nan
4cig,4cig_169,6.180,-4.720193,nan
4cig,4cig_18,6.210,-6.808460,nan
4cig,4cig_203,4.570,-1.985272,nan
4cig,4cig_219,4.940,-1.836764,nan
4cig,4cig_22,8.310,-8.553479,nan
4cig,4cig_241,5.330,-2.080158,nan
4cig,4cig_253,4.660,-2.925310,nan
4cig,4cig_265,4.260,-2.361513,nan
4cig,4cig_267,5.760,-3.867905,nan
4cig,4cig_285,5.280,-2.606501,nan
4cig,4cig_290,5.510,-1.356727,nan
4cig,4cig_298,3.840,-1.854367,nan
4cig,4cig_329,9.100,-8.537372,nan
4cig,4cig_342,6.270,-4.925120,nan
4cig,4cig_351,7.940,-8.536430,nan
4cig,4cig_369,9.800,-8.550658,nan
4cig,4cig_372,6.210,-6.276809,nan
4cig,4cig_386,7.110,-8.442611,nan
4cig,4cig_44,6.050,-5.139242,nan
4cig,4cig_454,6.060,-4.296813,nan
4cig,4cig_480,3.950,-3.845215,nan
4cig,4cig_510,6.250,-5.256257,nan
4cig,4cig_524,2.800,-3.641529,nan
4cig,4cig_540,7.660,-7.893368,nan
4cig,4cig_545,6.420,-3.614349,nan
4cig,4cig_553,5.110,-6.096216,nan
4cig,4cig_56,8.070,-8.556607,nan
4cig,4cig_570,8.170,-8.561723,nan
4cig,4cig_575,7.040,-7.999768,nan
4cig,4cig_589,7.240,-7.818188,nan
4cig,4cig_600,1.750,-2.276407,nan
4cig,4cig_601,7.720,-2.635446,nan
4cig,4cig_639,7.800,-7.933313,nan
4cig,4cig_641,5.430,-3.125982,nan
4cig,4cig_645,3.800,-5.148372,nan
4cig,4cig_656,4.740,-3.068679,nan
4cig,4cig_669,2.540,-2.797843,nan
4cig,4cig_702,1.760,-1.744003,nan
4cig,4cig_707,1.830,-2.252152,nan
4cig,4cig_710,1.940,-2.051478,nan
4cig,4cig_716,2.070,-2.217001,nan
4cig,4cig_719,2.160,-2.421129,nan
4cig,4cig_738,3.640,-3.507901,nan
4cig,4cig_739,5.210,-4.418850,nan
4cig,4cig_750,3.970,-2.113254,nan
4cig,4cig_759,3.970,-2.992584,nan
4cig,4cig_762,5.050,-7.033601,nan
4cig,4cig_763,2.710,-2.533497,nan
4cig,4cig_766,4.320,-4.899345,nan
4cig,4cig_769,5.210,-5.331404,nan
4cig,4cig_770,4.790,-3.179236,nan
4cig,4cig_774,4.630,-6.351617,nan
4cig,4cig_780,5.240,-6.824579,nan
4cig,4cig_784,2.570,-1.289437,nan
4cig,4cig_786,1.910,-3.025979,nan
4cig,4cig_787,1.790,-3.015804,nan
4cig,4cig_788,3.280,-3.977926,nan
4cig,4cig_809,1.140,-2.024554,nan
4cig,4cig_83,9.580,-8.542769,nan
4cig,4cig_848,2.400,-1.722065,nan
4cig,4cig_851,3.990,-4.088665,nan
4cig,4cig_852,4.140,-2.718674,nan
4cig,4cig_860,6.170,-6.510738,nan
4cig,4cig_929,3.000,-3.956396,nan
4cig,4cig_947,2.170,-1.738970,nan
4cig,4cig_950,2.830,-1.134516,nan
4cig,4cig_956,3.290,-2.159206,nan
4cig,4cig_957,3.850,-5.192035,nan
4cig,4cig_98,8.500,-8.558271,nan
4ciw,4ciw_267,0.460,-0.656720,nan
4ciw,4ciw_270,0.640,-0.648488,nan
4ciw,4ciw_280,0.620,-0.562072,nan
4ciw,4ciw_401,0.940,-0.838503,nan
4ciw,4ciw_415,2.890,-1.136491,nan
4ciw,4ciw_420,2.970,-1.157236,nan
4ciw,4ciw_439,2.770,-1.560563,nan
4ciw,4ciw_440,1.960,-1.802835,nan
4ciw,4ciw_449,3.530,-2.287546,nan
4ciw,4ciw_451,0.780,-0.781235,nan
4ciw,4ciw_461,1.670,-1.852762,nan
4ciw,4ciw_462,1.960,-1.266887,nan
4ciw,4ciw_468,0.930,-0.815196,nan
4ciw,4ciw_48,0.400,-0.603247,nan
4ciw,4ciw_482,1.120,-1.202875,nan
4ciw,4ciw_487,1.260,-1.335264,nan
4ciw,4ciw_496,1.210,-1.266010,nan
4ciw,4ciw_499,3.870,-2.551350,nan
4ciw,4ciw_507,0.990,-0.848204,nan
4ciw,4ciw_537,7.170,-6.694551,nan
4ciw,4ciw_550,0.970,-0.870247,nan
4ciw,4ciw_568,3.300,-1.756034,nan
4ciw,4ciw_573,1.240,-1.573844,nan
4ciw,4ciw_584,2.140,-1.595297,nan
4ciw,4ciw_585,7.140,-6.603530,nan
4ciw,4ciw_592,2.040,-1.890991,nan
4ciw,4ciw_597,2.590,-1.575246,nan
4ciw,4ciw_598,0.880,-0.784537,nan
4ciw,4ciw_608,3.110,-1.460183,nan
4ciw,4ciw_609,2.940,-1.168930,nan
4ciw,4ciw_610,3.200,-2.087935,nan
4ciw,4ciw_617,3.200,-1.188591,nan
4ciw,4ciw_620,3.040,-1.528802,nan
4ciw,4ciw_629,3.130,-1.360310,nan
4ciw,4ciw_638,6.290,-6.043334,nan
4ciw,4ciw_639,3.360,-1.239997,nan
4ciw,4ciw_672,3.270,-2.799792,nan
4ciw,4ciw_673,2.710,-2.306612,nan
4ciw,4ciw_676,2.810,-0.939289,nan
4ciw,4ciw_689,2.870,-0.705010,nan
4ciw,4ciw_690,6.440,-6.378256,nan
4ciw,4ciw_700,1.460,-1.057180,nan
4ciw,4ciw_725,1.100,-0.870257,nan
4ciw,4ciw_947,1.110,-0.831418,nan
4cr9,4cr9_217,1.970,-0.562503,nan
4cr9,4cr9_232,3.130,-1.298360,nan
4cr9,4cr9_254,3.390,-1.479555,nan
4cr9,4cr9_264,2.160,-0.383908,nan
4cr9,4cr9_271,2.970,-0.856821,nan
4cr9,4cr9_280,3.480,-2.042498,nan
4cr9,4cr9_286,1.980,-1.392166,nan
4cr9,4cr9_307,2.290,-0.257860,nan
4cr9,4cr9_358,0.950,-0.405560,nan
4cr9,4cr9_359,1.570,-0.855958,nan
4cr9,4cr9_408,2.350,-1.185276,nan
4cr9,4cr9_411,1.770,-1.410285,nan
4cr9,4cr9_423,1.850,-1.307120,nan
4cr9,4cr9_424,1.630,-0.913470,nan
4cr9,4cr9_431,2.190,-0.286767,nan
4cr9,4cr9_434,2.730,-2.339145,nan
4cr9,4cr9_435,1.490,-0.536064,nan
4cr9,4cr9_438,4.200,-2.956801,nan
4cr9,4cr9_480,2.610,-0.705378,nan
4cr9,4cr9_492,3.190,-1.490065,nan
4cr9,4cr9_503,4.820,-3.864861,nan
4cr9,4cr9_534,4.010,-2.684190,nan
4cr9,4cr9_551,3.680,-1.375883,nan
4cr9,4cr9_559,3.190,-1.231699,nan
4cr9,4cr9_565,3.690,-2.247343,nan
4cr9,4cr9_575,4.040,-2.135676,nan
4cr9,4cr9_577,5.200,-4.559470,nan
4cr9,4cr9_580,4.040,-2.111960,nan
4cr9,4cr9_587,2.030,-1.484951,nan
4cr9,4cr9_589,4.500,-2.839100,nan
4cr9,4cr9_595,2.740,-2.118334,nan
4cr9,4cr9_630,2.580,-1.508906,nan
4cr9,4cr9_662,5.930,-4.427957,nan
4cr9,4cr9_666,3.090,-0.959125,nan
4cr9,4cr9_689,4.380,-3.178324,nan
4cr9,4cr9_690,1.660,-1.372642,nan
4cr9,4cr9_708,7.040,-5.325911,nan
4cr9,4cr9_710,4.960,-4.206011,nan
4cr9,4cr9_715,9.540,-7.286054,nan
4cr9,4cr9_717,9.170,-7.434473,nan
4cr9,4cr9_726,3.500,-1.805283,nan
4cr9,4cr9_730,8.510,-6.653271,nan
4cr9,4cr9_734,5.850,-4.071177,nan
4cr9,4cr9_741,6.260,-5.772351,nan
4cr9,4cr9_743,8.350,-6.266670,nan
4cr9,4cr9_746,7.330,-6.456624,nan
4cr9,4cr9_748,3.950,-2.000569,nan
4cr9,4cr9_750,6.730,-5.428486,nan
4cr9,4cr9_752,9.310,-6.849751,nan
4cr9,4cr9_754,9.300,-6.849727,nan
4cr9,4cr9_755,4.250,-3.401407,nan
4cr9,4cr9_758,5.770,-4.602281,nan
4cr9,4cr9_759,4.400,-3.430753,nan
4cr9,4cr9_762,7.670,-5.979746,nan
4cr9,4cr9_763,9.160,-7.469838,nan
4cr9,4cr9_766,5.900,-4.660313,nan
4cr9,4cr9_769,5.770,-4.626860,nan
4cr9,4cr9_779,6.600,-5.747464,nan
4cr9,4cr9_782,5.100,-5.009834,nan
4cr9,4cr9_783,9.160,-7.195388,nan
4cr9,4cr9_789,6.320,-5.237305,nan
4cr9,4cr9_790,6.390,-4.757478,nan
4cr9,4cr9_791,5.920,-3.836724,nan
4cr9,4cr9_792,9.720,-8.065999,nan
4cr9,4cr9_794,6.950,-5.888212,nan
4cr9,4cr9_795,7.620,-6.295530,nan
4cr9,4cr9_796,6.200,-4.536028,nan
4cr9,4cr9_797,7.230,-5.149460,nan
4cr9,4cr9_798,8.040,-6.224730,nan
4cr9,4cr9_799,9.860,-7.817777,nan
4cr9,4cr9_821,9.770,-7.558868,nan
4cr9,4cr9_822,5.210,-4.916142,nan
4cr9,4cr9_843,7.330,-5.808520,nan
4cr9,4cr9_849,1.770,-0.874032,nan
4cr9,4cr9_855,8.520,-6.746694,nan
4cr9,4cr9_861,9.270,-7.605241,nan
4cr9,4cr9_864,6.620,-6.072774,nan
4cr9,4cr9_869,8.540,-6.468850,nan
4cr9,4cr9_874,7.440,-6.420788,nan
4cr9,4cr9_876,7.550,-5.618536,nan
4cr9,4cr9_881,8.210,-6.144022,nan
4cr9,4cr9_884,8.950,-7.287519,nan
4cr9,4cr9_885,8.990,-7.575397,nan
4cr9,4cr9_887,8.100,-6.383452,nan
4cr9,4cr9_891,5.250,-4.063706,nan
4cr9,4cr9_894,6.010,-4.957246,nan
4cr9,4cr9_897,8.220,-6.707067,nan
4cr9,4cr9_920,1.410,-0.557253,nan
4cr9,4cr9_933,6.840,-5.237187,nan
4cr9,4cr9_970,7.220,-6.791332,nan
4cr9,4cr9_984,7.380,-5.877979,nan
4cra,4cra_102,4.690,-1.532061,nan
4cra,4cra_113,1.790,-0.767487,nan
4cra,4cra_119,2.360,-2.681415,nan
4cra,4cra_124,5.920,-3.087026,nan
4cra,4cra_126,1.030,-0.963338,nan
4cra,4cra_130,1.840,-0.924747,nan
4cra,4cra_151,5.470,-6.431292,nan
4cra,4cra_155,0.530,-0.432362,nan
4cra,4cra_175,1.130,-1.140450,nan
4cra,4cra_201,7.130,-2.742661,nan
4cra,4cra_204,1.580,-0.504990,nan
4cra,4cra_214,6.860,-1.546219,nan
4cra,4cra_219,7.070,-1.959382,nan
4cra,4cra_224,0.710,-1.024968,nan
4cra,4cra_230,0.940,-0.962062,nan
4cra,4cra_24,8.110,-4.989339,nan
4cra,4cra_240,7.110,-1.486045,nan
4cra,4cra_250,4.860,-2.345484,nan
4cra,4cra_258,0.870,-0.842329,nan
4cra,4cra_270,1.800,-0.676345,nan
4cra,4cra_276,2.120,-1.639572,nan
4cra,4cra_281,0.710,-0.849047,nan
4cra,4cra_283,0.600,-0.972978,nan
4cra,4cra_292,1.870,-1.423719,nan
4cra,4cra_296,6.970,-0.833139,nan
4cra,4cra_302,3.970,-1.796080,nan
4cra,4cra_307,6.750,-2.732876,nan
4cra,4cra_318,0.470,-0.704138,nan
4cra,4cra_354,1.270,-1.129640,nan
4cra,4cra_358,6.760,-1.408174,nan
4cra,4cra_364,0.450,-0.795344,nan
4cra,4cra_375,5.310,-1.815368,nan
4cra,4cra_378,1.710,-0.650498,nan
4cra,4cra_383,3.050,-1.395728,nan
4cra,4cra_4,0.690,-0.887488,nan
4cra,4cra_413,3.960,-2.804059,nan
4cra,4cra_422,8.140,-2.943487,nan
4cra,4cra_439,5.780,-2.915029,nan
4cra,4cra_441,3.100,-2.589532,nan
4cra,4cra_444,6.690,-3.054071,nan
4cra,4cra_448,9.210,-6.144363,nan
4cra,4cra_456,4.910,-2.254956,nan
4cra,4cra_470,2.690,-2.218866,nan
4cra,4cra_472,4.720,-2.148107,nan
4cra,4cra_477,7.100,-4.464059,nan
4cra,4cra_479,8.360,-2.871374,nan
4cra,4cra_496,9.120,-8.147596,nan
4cra,4cra_504,2.110,-2.424529,nan
4cra,4cra_523,5.900,-5.011943,nan
4cra,4cra_525,3.800,-1.199412,nan
4cra,4cra_533,7.710,-8.571114,nan
4cra,4cra_538,3.630,-3.634308,nan
4cra,4cra_540,7.590,-2.908358,nan
4cra,4cra_541,3.100,-1.431995,nan
4cra,4cra_547,1.890,-1.733702,nan
4cra,4cra_548,5.140,-1.778755,nan
4cra,4cra_549,2.660,-2.887649,nan
4cra,4cra_564,8.420,-5.309268,nan
4cra,4cra_566,4.250,-3.299152,nan
4cra,4cra_569,6.660,-3.700414,nan
4cra,4cra_572,6.920,-4.419842,nan
4cra,4cra_576,5.690,-2.641867,nan
4cra,4cra_578,5.470,-5.054920,nan
4cra,4cra_579,2.210,-2.111665,nan
4cra,4cra_580,3.090,-3.940970,nan
4cra,4cra_584,4.470,-4.712906,nan
4cra,4cra_589,4.810,-4.106081,nan
4cra,4cra_590,2.860,-2.212988,nan
4cra,4cra_591,6.170,-2.801470,nan
4cra,4cra_595,6.340,-8.237191,nan
4cra,4cra_596,2.930,-3.723479,nan
4cra,4cra_604,8.130,-2.874398,nan
4cra,4cra_61,6.050,-3.529418,nan
4cra,4cra_610,8.180,-6.293208,nan
4cra,4cra_624,5.740,-1.569588,nan
4cra,4cra_636,5.490,-4.629898,nan
4cra,4cra_644,7.540,-5.809412,nan
4cra,4cra_656,4.580,-2.837972,nan
4cra,4cra_658,7.240,-4.744355,nan
4cra,4cra_680,7.420,-4.440347,nan
4cra,4cra_689,4.330,-5.130519,nan
4cra,4cra_695,3.310,-3.815639,nan
4cra,4cra_716,3.820,-3.719291,nan
4cra,4cra_719,0.990,-1.347135,nan
4cra,4cra_720,2.930,-1.992381,nan
4cra,4cra_748,4.530,-3.972166,nan
4cra,4cra_795,9.770,-7.789169,nan
4cra,4cra_81,8.960,-6.189506,nan
4cra,4cra_827,9.140,-7.545096,nan
4cra,4cra_828,9.370,-7.512550,nan
4cra,4cra_830,2.250,-0.677083,nan
4cra,4cra_855,8.270,-5.865304,nan
4cra,4cra_861,7.130,-6.195609,nan
4cra,4cra_893,9.490,-8.379519,nan
4cra,4cra_905,8.860,-7.646840,nan
4cra,4cra_918,9.630,-8.322196,nan
4cra,4cra_941,9.760,-8.467057,nan
4cra,4cra_953,9.210,-7.398589,nan
4cra,4cra_967,9.880,-8.460264,nan
4cra,4cra_972,8.980,-7.970455,nan
4crc,4crc_100,7.420,-6.684872,nan
4crc,4crc_106,8.290,-6.845348,nan
4crc,4crc_120,8.360,-6.831554,nan
4crc,4crc_126,9.570,-8.552437,nan
4crc,4crc_131,0.880,-0.864896,nan
4crc,4crc_132,2.680,-2.598208,nan
4crc,4crc_138,1.850,-1.958389,nan
4crc,4crc_140,2.500,-2.219543,nan
4crc,4crc_149,1.820,-1.075333,nan
4crc,4crc_164,0.990,-0.664493,nan
4crc,4crc_168,0.960,-0.882781,nan
4crc,4crc_175,8.000,-7.507637,nan
4crc,4crc_185,0.820,-0.653278,nan
4crc,4crc_192,1.090,-0.935657,nan
4crc,4crc_212,0.940,-0.956167,nan
4crc,4crc_215,0.790,-0.945517,nan
4crc,4crc_217,0.880,-0.707469,nan
4crc,4crc_263,1.980,-0.791379,nan
4crc,4crc_291,0.850,-0.608221,nan
4crc,4crc_314,0.910,-0.900861,nan
4crc,4crc_323,4.700,-4.121819,nan
4crc,4crc_368,0.730,-0.688156,nan
4crc,4crc_391,3.440,-2.511528,nan
4crc,4crc_401,1.640,-1.514543,nan
4crc,4crc_411,5.720,-2.983555,nan
4crc,4crc_412,1.630,-2.237249,nan
4crc,4crc_417,7.660,-5.215513,nan
4crc,4crc_423,2.850,-3.077367,nan
4crc,4crc_426,2.550,-2.379392,nan
4crc,4crc_443,2.870,-2.597239,nan
4crc,4crc_447,3.300,-2.263417,nan
4crc,4crc_464,5.870,-2.622023,nan
4crc,4crc_475,5.460,-1.891281,nan
4crc,4crc_480,2.610,-3.039730,nan
4crc,4crc_481,3.860,-2.451511,nan
4crc,4crc_485,6.420,-3.295829,nan
4crc,4crc_486,3.890,-1.684482,nan
4crc,4crc_493,4.890,-2.658213,nan
4crc,4crc_505,1.880,-2.380364,nan
4crc,4crc_509,3.250,-2.715191,nan
4crc,4crc_511,3.430,-3.335581,nan
4crc,4crc_517,4.880,-1.086767,nan
4crc,4crc_528,4.820,-2.476662,nan
4crc,4crc_533,2.510,-3.024154,nan
4crc,4crc_537,3.570,-3.068838,nan
4crc,4crc_538,5.430,-5.290158,nan
4crc,4crc_542,5.040,-4.714503,nan
4crc,4crc_544,3.950,-3.571877,nan
4crc,4crc_549,5.520,-3.953015,nan
4crc,4crc_557,6.470,-3.448339,nan
4crc,4crc_560,5.400,-2.641908,nan
4crc,4crc_561,7.290,-3.275293,nan
4crc,4crc_564,2.840,-2.336886,nan
4crc,4crc_569,7.110,-5.906241,nan
4crc,4crc_571,4.980,-2.924338,nan
4crc,4crc_574,6.060,-5.696579,nan
4crc,4crc_575,4.890,-4.056563,nan
4crc,4crc_586,2.420,-2.240059,nan
4crc,4crc_588,4.910,-4.476508,nan
4crc,4crc_590,9.220,-7.459181,nan
4crc,4crc_591,5.600,-5.549680,nan
4crc,4crc_592,9.050,-7.957033,nan
4crc,4crc_597,7.510,-5.045795,nan
4crc,4crc_618,6.860,-7.566040,nan
4crc,4crc_620,5.440,-1.973966,nan
4crc,4crc_626,3.300,-2.825106,nan
4crc,4crc_627,6.400,-4.698575,nan
4crc,4crc_633,3.340,-2.738235,nan
4crc,4crc_636,2.420,-2.462575,nan
4crc,4crc_644,7.210,-5.767732,nan
4crc,4crc_646,9.980,-8.580842,nan
4crc,4crc_648,7.210,-3.098961,nan
4crc,4crc_649,5.860,-3.010112,nan
4crc,4crc_656,6.420,-5.078495,nan
4crc,4crc_661,7.000,-2.253372,nan
4crc,4crc_665,7.530,-8.511498,nan
4crc,4crc_673,4.300,-2.167279,nan
4crc,4crc_680,4.840,-1.448689,nan
4crc,4crc_682,6.330,-4.220384,nan
4crc,4crc_685,7.320,-4.277740,nan
4crc,4crc_694,6.720,-4.216978,nan
4crc,4crc_716,8.740,-7.916309,nan
4crc,4crc_717,1.830,-1.081943,nan
4crc,4crc_724,8.780,-7.558012,nan
4crc,4crc_734,9.200,-8.212365,nan
4crc,4crc_743,8.380,-7.488349,nan
4crc,4crc_758,8.050,-6.570419,nan
4crc,4crc_770,8.060,-6.401928,nan
4crc,4crc_821,6.470,-5.690355,nan
4crc,4crc_840,4.750,-1.768676,nan
4crc,4crc_968,1.570,-0.641234,nan
4crc,4crc_99,1.040,-0.447822,nan
4ddh,4ddh_1,0.450,-0.422352,nan
4ddh,4ddh_13,0.860,-0.077708,nan
4ddh,4ddh_130,1.560,-0.762129,nan
4ddh,4ddh_181,5.910,-5.930036,nan
4ddh,4ddh_27,1.970,-0.736880,nan
4ddh,4ddh_270,1.940,-0.743006,nan
4ddh,4ddh_294,0.690,-0.106804,nan
4ddh,4ddh_296,2.030,-0.422840,nan
4ddh,4ddh_343,5.940,-5.700627,nan
4ddh,4ddh_349,6.620,-6.693616,nan
4ddh,4ddh_401,4.430,-1.056198,nan
4ddh,4ddh_416,0.990,-0.012400,nan
4ddh,4ddh_421,5.820,-4.474740,nan
4ddh,4ddh_422,3.230,-2.126906,nan
4ddh,4ddh_427,1.250,-0.569966,nan
4ddh,4ddh_432,0.970,-0.763038,nan
4ddh,4ddh_439,2.120,-0.960700,nan
4ddh,4ddh_448,5.060,-3.812971,nan
4ddh,4ddh_455,4.970,-3.439077,nan
4ddh,4ddh_459,4.710,-1.139331,nan
4ddh,4ddh_462,3.710,-3.160049,nan
4ddh,4ddh_465,2.680,-1.240522,nan
4ddh,4ddh_466,2.010,-1.070356,nan
4ddh,4ddh_471,4.500,-4.446833,nan
4ddh,4ddh_489,4.140,-1.183275,nan
4ddh,4ddh_490,2.530,-1.540981,nan
4ddh,4ddh_500,3.000,-2.941541,nan
4ddh,4ddh_507,4.350,-0.687503,nan
4ddh,4ddh_514,0.970,-0.658442,nan
4ddh,4ddh_519,0.570,-0.769469,nan
4ddh,4ddh_530,2.920,-2.442000,nan
4ddh,4ddh_542,3.220,-2.637067,nan
4ddh,4ddh_543,2.000,-0.907560,nan
4ddh,4ddh_545,3.670,-3.575874,nan
4ddh,4ddh_547,2.780,-1.991267,nan
4ddh,4ddh_548,1.630,-0.767293,nan
4ddh,4ddh_555,4.940,-4.922285,nan
4ddh,4ddh_559,3.670,-3.352872,nan
4ddh,4ddh_564,5.020,-5.061979,nan
4ddh,4ddh_574,1.990,-1.107111,nan
4ddh,4ddh_589,1.850,-1.610173,nan
4ddh,4ddh_591,4.790,-4.231540,nan
4ddh,4ddh_592,5.970,-5.583948,nan
4ddh,4ddh_593,5.420,-4.418192,nan
4ddh,4ddh_620,3.700,-3.301256,nan
4ddh,4ddh_632,6.870,-6.392773,nan
4ddh,4ddh_641,1.800,-0.710777,nan
4ddh,4ddh_649,5.320,-4.322096,nan
4ddh,4ddh_651,2.420,-0.768115,nan
4ddh,4ddh_659,6.870,-6.047843,nan
4ddh,4ddh_671,5.370,-5.280616,nan
4ddh,4ddh_684,7.260,-7.942911,nan
4ddh,4ddh_688,1.560,-1.007863,nan
4ddh,4ddh_734,0.950,-1.180803,nan
4ddh,4ddh_754,5.620,-5.371415,nan
4ddh,4ddh_762,7.710,-8.323291,nan
4ddh,4ddh_763,7.700,-8.301221,nan
4ddh,4ddh_764,7.680,-7.971446,nan
4ddh,4ddh_770,6.210,-6.485864,nan
4ddh,4ddh_771,3.590,-3.467694,nan
4ddh,4ddh_773,6.710,-7.113332,nan
4ddh,4ddh_774,6.690,-7.213515,nan
4ddh,4ddh_781,7.820,-7.534931,nan
4ddh,4ddh_782,2.180,-1.586896,nan
4ddh,4ddh_783,6.840,-5.557850,nan
4ddh,4ddh_784,4.550,-2.897479,nan
4ddh,4ddh_79,0.800,-0.236344,nan
4ddh,4ddh_794,6.940,-6.276461,nan
4ddh,4ddh_795,7.100,-6.313628,nan
4ddh,4ddh_796,8.100,-7.499461,nan
4ddh,4ddh_80,3.290,-2.278537,nan
4ddh,4ddh_843,3.040,-2.735712,nan
4ddh,4ddh_868,6.500,-7.453191,nan
4ddh,4ddh_882,3.960,-3.219925,nan
4ddh,4ddh_885,6.380,-4.724249,nan
4ddh,4ddh_911,0.300,-0.782057,nan
4ddh,4ddh_971,4.780,-3.806762,nan
4ddk,4ddk_11,2.910,-1.372145,nan
4ddk,4ddk_113,6.260,-4.885953,nan
4ddk,4ddk_170,7.390,-6.071784,nan
4ddk,4ddk_184,2.780,-1.125401,nan
4ddk,4ddk_296,3.850,-2.590099,nan
4ddk,4ddk_303,0.260,-0.352839,nan
4ddk,4ddk_327,0.310,-0.323391,nan
4ddk,4ddk_34,2.830,-1.585858,nan
4ddk,4ddk_345,0.460,-0.223397,nan
4ddk,4ddk_359,0.820,-0.292853,nan
4ddk,4ddk_361,0.570,-0.619637,nan
4ddk,4ddk_391,0.420,-0.337747,nan
4ddk,4ddk_402,2.870,-1.664888,nan
4ddk,4ddk_406,0.600,-0.614688,nan
4ddk,4ddk_41,3.030,-2.058825,nan
4ddk,4ddk_410,0.910,-0.632557,nan
4ddk,4ddk_413,3.300,-2.216712,nan
4ddk,4ddk_419,2.350,-1.157681,nan
4ddk,4ddk_431,1.740,-0.910400,nan
4ddk,4ddk_432,1.340,-0.750832,nan
4ddk,4ddk_438,1.950,-0.977947,nan
4ddk,4ddk_443,1.010,-0.791998,nan
4ddk,4ddk_444,1.570,-0.787984,nan
4ddk,4ddk_445,4.350,-0.899274,nan
4ddk,4ddk_450,1.300,-0.532709,nan
4ddk,4ddk_451,4.340,-3.434250,nan
4ddk,4ddk_457,4.790,-4.148214,nan
4ddk,4ddk_460,2.470,-1.195831,nan
4ddk,4ddk_464,2.100,-0.883108,nan
4ddk,4ddk_466,5.690,-3.864757,nan
4ddk,4ddk_467,4.280,-1.257696,nan
4ddk,4ddk_470,1.560,-0.782789,nan
4ddk,4ddk_476,3.300,-1.677467,nan
4ddk,4ddk_479,5.870,-2.448309,nan
4ddk,4ddk_485,6.210,-3.851591,nan
4ddk,4ddk_487,2.960,-1.613730,nan
4ddk,4ddk_488,5.670,-4.461334,nan
4ddk,4ddk_496,4.330,-3.943660,nan
4ddk,4ddk_515,5.600,-3.151064,nan
4ddk,4ddk_525,4.640,-3.570358,nan
4ddk,4ddk_528,4.580,-3.721958,nan
4ddk,4ddk_53,9.620,-8.013242,nan
4ddk,4ddk_535,4.880,-3.859994,nan
4ddk,4ddk_536,7.070,-5.588064,nan
4ddk,4ddk_538,4.510,-2.618351,nan
4ddk,4ddk_541,2.070,-0.781534,nan
4ddk,4ddk_542,5.130,-4.422050,nan
4ddk,4ddk_543,5.890,-4.046205,nan
4ddk,4ddk_546,0.980,-0.209999,nan
4ddk,4ddk_550,6.970,-5.748075,nan
4ddk,4ddk_568,3.450,-2.331221,nan
4ddk,4ddk_580,7.320,-6.393761,nan
4ddk,4ddk_583,1.700,-0.543037,nan
4ddk,4ddk_59,8.610,-7.124176,nan
4ddk,4ddk_596,6.670,-5.360628,nan
4ddk,4ddk_606,6.890,-4.991286,nan
4ddk,4ddk_621,4.230,-2.611996,nan
4ddk,4ddk_628,5.560,-4.222778,nan
4ddk,4ddk_632,3.880,-2.783846,nan
4ddk,4ddk_642,1.260,-0.513205,nan
4ddk,4ddk_644,7.550,-6.710188,nan
4ddk,4ddk_650,3.840,-2.631111,nan
4ddk,4ddk_651,7.800,-5.985506,nan
4ddk,4ddk_652,3.200,-1.838268,nan
4ddk,4ddk_660,6.330,-5.432393,nan
4ddk,4ddk_664,2.950,-1.037176,nan
4ddk,4ddk_672,1.290,-0.970208,nan
4ddk,4ddk_680,5.960,-5.316803,nan
4ddk,4ddk_684,6.520,-5.517638,nan
4ddk,4ddk_689,7.660,-5.674139,nan
4ddk,4ddk_696,6.160,-4.058675,nan
4ddk,4ddk_709,7.450,-5.186669,nan
4ddk,4ddk_726,8.690,-7.252711,nan
4ddk,4ddk_751,3.740,-2.900152,nan
4ddk,4ddk_755,7.360,-6.815973,nan
4ddk,4ddk_767,8.200,-7.112644,nan
4ddk,4ddk_771,8.090,-7.087280,nan
4ddk,4ddk_773,8.400,-7.255777,nan
4ddk,4ddk_776,6.530,-6.313644,nan
4ddk,4ddk_78,3.490,-2.245385,nan
4ddk,4ddk_782,7.930,-7.000606,nan
4ddk,4ddk_811,9.800,-8.057153,nan
4ddk,4ddk_812,9.730,-8.429847,nan
4ddk,4ddk_813,9.990,-7.905021,nan
4ddk,4ddk_815,9.990,-8.208528,nan
4ddk,4ddk_820,7.090,-4.610463,nan
4ddk,4ddk_836,8.060,-7.351643,nan
4ddk,4ddk_872,8.360,-7.130797,nan
4ddk,4ddk_878,8.770,-7.684414,nan
4ddk,4ddk_881,8.350,-7.307317,nan
4ddk,4ddk_882,8.070,-6.101205,nan
4ddk,4ddk_89,5.520,-4.382082,nan
4ddk,4ddk_925,9.750,-8.392053,nan
4ddk,4ddk_939,0.870,-0.819071,nan
4ddk,4ddk_951,9.860,-8.254581,nan
4ddk,4ddk_953,9.860,-8.238136,nan
4ddk,4ddk_959,9.850,-8.238136,nan
4ddk,4ddk_962,5.660,-4.810390,nan
4ddk,4ddk_970,6.330,-3.596409,nan
4de1,4de1_105,9.300,-5.086380,nan
4de1,4de1_110,4.240,-1.844671,nan
4de1,4de1_127,6.240,-3.226366,nan
4de1,4de1_14,9.150,-6.294193,nan
4de1,4de1_142,9.090,-5.128031,nan
4de1,4de1_150,9.680,-5.952030,nan
4de1,4de1_176,9.340,-5.808161,nan
4de1,4de1_190,0.240,-0.772597,nan
4de1,4de1_191,7.920,-4.184728,nan
4de1,4de1_195,0.770,-0.393057,nan
4de1,4de1_196,7.380,-5.182112,nan
4de1,4de1_199,5.960,-2.962842,nan
4de1,4de1_203,7.120,-2.550341,nan
4de1,4de1_215,0.470,-0.606606,nan
4de1,4de1_237,0.770,-0.534994,nan
4de1,4de1_25,7.850,-5.638215,nan
4de1,4de1_275,0.890,-1.087069,nan
4de1,4de1_277,0.830,-0.140187,nan
4de1,4de1_289,0.460,-0.731527,nan
4de1,4de1_292,0.590,-0.642571,nan
4de1,4de1_309,4.480,-2.981164,nan
4de1,4de1_317,4.240,-2.527086,nan
4de1,4de1_340,6.480,-2.230657,nan
4de1,4de1_366,0.560,-0.323312,nan
4de1,4de1_370,9.070,-4.824388,nan
4de1,4de1_405,7.050,-1.129646,nan
4de1,4de1_407,5.210,-1.944651,nan
4de1,4de1_408,4.550,-0.447645,nan
4de1,4de1_412,6.920,-1.299557,nan
4de1,4de1_424,1.080,-1.129886,nan
4de1,4de1_425,5.340,-1.168414,nan
4de1,4de1_426,1.280,-1.380038,nan
4de1,4de1_431,8.320,-2.406625,nan
4de1,4de1_432,0.980,-1.814350,nan
4de1,4de1_433,1.460,-0.767612,nan
4de1,4de1_436,7.320,-1.958044,nan
4de1,4de1_438,1.330,-1.420232,nan
4de1,4de1_440,8.220,-3.138420,nan
4de1,4de1_458,6.220,-2.539446,nan
4de1,4de1_460,7.960,-1.486863,nan
4de1,4de1_466,3.830,-1.469684,nan
4de1,4de1_474,7.060,-2.152555,nan
4de1,4de1_482,3.990,-1.648789,nan
4de1,4de1_484,1.740,-0.848993,nan
4de1,4de1_487,4.180,-1.988779,nan
4de1,4de1_491,6.240,-1.805764,nan
4de1,4de1_509,2.380,-2.404705,nan
4de1,4de1_514,2.910,-2.979220,nan
4de1,4de1_519,3.030,-2.493455,nan
4de1,4de1_521,2.750,-2.487409,nan
4de1,4de1_531,7.500,-2.652424,nan
4de1,4de1_538,3.400,-3.225406,nan
4de1,4de1_541,3.650,-1.637043,nan
4de1,4de1_545,5.860,-1.896318,nan
4de1,4de1_550,4.380,-4.555406,nan
4de1,4de1_552,4.280,-1.399508,nan
4de1,4de1_553,1.820,-1.638345,nan
4de1,4de1_558,6.170,-2.112200,nan
4de1,4de1_564,2.280,-1.433252,nan
4de1,4de1_567,1.780,-1.043766,nan
4de1,4de1_575,3.860,-3.590493,nan
4de1,4de1_579,5.290,-4.483810,nan
4de1,4de1_581,1.560,-0.699318,nan
4de1,4de1_582,3.010,-3.277544,nan
4de1,4de1_586,4.790,-3.395218,nan
4de1,4de1_590,4.650,-5.096706,nan
4de1,4de1_593,5.530,-2.036130,nan
4de1,4de1_596,5.150,-2.105321,nan
4de1,4de1_598,3.180,-1.447816,nan
4de1,4de1_620,3.440,-4.392636,nan
4de1,4de1_633,1.720,-0.632178,nan
4de1,4de1_636,6.180,-1.302572,nan
4de1,4de1_659,5.280,-3.790820,nan
4de1,4de1_661,1.850,-1.538809,nan
4de1,4de1_664,6.460,-6.557551,nan
4de1,4de1_667,2.660,-1.166620,nan
4de1,4de1_674,2.120,-1.011281,nan
4de1,4de1_675,2.820,-1.032977,nan
4de1,4de1_676,2.030,-1.408933,nan
4de1,4de1_682,4.820,-1.740740,nan
4de1,4de1_697,6.570,-6.307173,nan
4de1,4de1_699,2.550,-1.226105,nan
4de1,4de1_711,6.740,-2.839421,nan
4de1,4de1_715,5.740,-5.629279,nan
4de1,4de1_728,9.270,-6.266999,nan
4de1,4de1_733,9.170,-6.282291,nan
4de1,4de1_738,5.530,-5.188021,nan
4de1,4de1_742,8.970,-6.499889,nan
4de1,4de1_744,9.110,-6.438064,nan
4de1,4de1_745,8.910,-6.055810,nan
4de1,4de1_748,9.120,-6.502185,nan
4de1,4de1_749,8.990,-6.367348,nan
4de1,4de1_750,8.980,-6.345422,nan
4de1,4de1_753,8.910,-6.295192,nan
4de1,4de1_755,8.940,-6.416521,nan
4de1,4de1_759,8.800,-6.366685,nan
4de1,4de1_761,8.740,-6.166152,nan
4de1,4de1_811,7.480,-4.810587,nan
4de1,4de1_84,3.270,-2.621880,nan
4de1,4de1_88,2.540,-2.131945,nan
4de2,4de2_108,0.720,-0.819218,nan
4de2,4de2_129,9.680,-5.736821,nan
4de2,4de2_137,1.010,-0.698009,nan
4de2,4de2_138,3.010,-1.476372,nan
4de2,4de2_148,1.500,-1.761647,nan
4de2,4de2_158,9.650,-5.608411,nan
4de2,4de2_166,7.300,-1.756974,nan
4de2,4de2_175,9.680,-6.094234,nan
4de2,4de2_2,3.420,-2.703425,nan
4de2,4de2_214,0.730,-0.593789,nan
4de2,4de2_224,7.620,-0.571850,nan
4de2,4de2_236,7.180,-4.425883,nan
4de2,4de2_246,7.000,-4.851655,nan
4de2,4de2_268,7.680,-1.760346,nan
4de2,4de2_287,8.090,-7.647945,nan
4de2,4de2_290,0.740,-1.033144,nan
4de2,4de2_291,0.900,-0.629512,nan
4de2,4de2_292,0.580,-0.932764,nan
4de2,4de2_305,0.710,-0.515537,nan
4de2,4de2_333,0.430,-0.885802,nan
4de2,4de2_338,1.110,-0.729829,nan
4de2,4de2_371,0.850,-1.216007,nan
4de2,4de2_381,2.890,-1.172581,nan
4de2,4de2_385,0.740,-0.900511,nan
4de2,4de2_401,8.140,-1.009287,nan
4de2,4de2_410,8.480,-1.685665,nan
4de2,4de2_427,9.180,-1.375647,nan
4de2,4de2_441,1.670,-1.434922,nan
4de2,4de2_450,8.870,-0.697024,nan
4de2,4de2_451,2.010,-0.721938,nan
4de2,4de2_459,3.860,-1.961789,nan
4de2,4de2_468,6.860,-1.954131,nan
4de2,4de2_469,3.200,-1.886170,nan
4de2,4de2_483,2.020,-2.115690,nan
4de2,4de2_490,4.430,-1.709472,nan
4de2,4de2_501,4.970,-3.560851,nan
4de2,4de2_506,4.570,-3.459517,nan
4de2,4de2_512,2.420,-2.436848,nan
4de2,4de2_513,3.710,-3.456724,nan
4de2,4de2_514,5.480,-4.690186,nan
4de2,4de2_521,4.360,-3.957609,nan
4de2,4de2_522,5.770,-4.906952,nan
4de2,4de2_523,1.950,-1.412763,nan
4de2,4de2_526,7.370,-5.672169,nan
4de2,4de2_542,4.600,-3.786371,nan
4de2,4de2_544,8.150,-1.494038,nan
4de2,4de2_546,8.350,-1.551758,nan
4de2,4de2_557,3.900,-2.021344,nan
4de2,4de2_560,2.520,-3.780494,nan
4de2,4de2_561,5.510,-4.212860,nan
4de2,4de2_562,5.220,-6.228748,nan
4de2,4de2_567,2.060,-2.486244,nan
4de2,4de2_571,5.180,-2.567063,nan
4de2,4de2_572,2.970,-2.281877,nan
4de2,4de2_575,1.820,-3.621443,nan
4de2,4de2_577,1.140,-1.621854,nan
4de2,4de2_58,2.380,-2.435122,nan
4de2,4de2_580,2.550,-2.688600,nan
4de2,4de2_583,6.230,-5.682289,nan
4de2,4de2_584,3.190,-1.451848,nan
4de2,4de2_590,4.470,-1.081562,nan
4de2,4de2_595,6.490,-6.804471,nan
4de2,4de2_596,6.000,-1.669131,nan
4de2,4de2_600,8.340,-1.822957,nan
4de2,4de2_607,5.460,-4.932025,nan
4de2,4de2_612,3.980,-3.237213,nan
4de2,4de2_622,7.570,-7.138982,nan
4de2,4de2_623,4.720,-3.499625,nan
4de2,4de2_641,8.560,-1.747764,nan
4de2,4de2_653,6.290,-5.491543,nan
4de2,4de2_670,6.870,-5.905540,nan
4de2,4de2_673,5.710,-5.458543,nan
4de2,4de2_676,5.300,-4.017572,nan
4de2,4de2_694,8.290,-1.237335,nan
4de2,4de2_715,6.960,-2.434882,nan
4de2,4de2_724,1.200,-0.705484,nan
4de2,4de2_737,6.210,-2.635298,nan
4de2,4de2_738,3.540,-3.298063,nan
4de2,4de2_749,0.920,-0.426673,nan
4de2,4de2_76,2.600,-2.168072,nan
4de2,4de2_762,7.620,-4.058387,nan
4de2,4de2_769,5.350,-1.669765,nan
4de2,4de2_773,8.600,-2.304451,nan
4de2,4de2_778,9.880,-3.501813,nan
4de2,4de2_781,7.550,-4.699446,nan
4de2,4de2_782,7.110,-2.325341,nan
4de2,4de2_788,4.180,-4.759951,nan
4de2,4de2_790,6.780,-4.237886,nan
4de2,4de2_795,6.940,-2.713026,nan
4de2,4de2_821,4.720,-5.677164,nan
4de2,4de2_826,1.940,-0.513238,nan
4de2,4de2_866,4.850,-4.349512,nan
4de2,4de2_881,1.580,-0.878087,nan
4de2,4de2_942,9.280,-5.192104,nan
4de2,4de2_943,7.440,-8.226614,nan
4de2,4de2_952,3.930,-4.064185,nan
4de2,4de2_974,9.980,-5.253046,nan
4de3,4de3_112,6.260,-2.468833,nan
4de3,4de3_209,7.050,-1.151892,nan
4de3,4de3_211,0.970,-0.979609,nan
4de3,4de3_217,6.870,-2.133659,nan
4de3,4de3_232,1.850,-0.728200,nan
4de3,4de3_234,6.970,-0.849881,nan
4de3,4de3_245,0.860,-0.679727,nan
4de3,4de3_249,5.400,-1.963979,nan
4de3,4de3_252,7.100,-5.664240,nan
4de3,4de3_254,0.620,-0.194172,nan
4de3,4de3_260,0.980,-0.705637,nan
4de3,4de3_270,1.050,-0.719153,nan
4de3,4de3_275,0.980,-0.948086,nan
4de3,4de3_282,6.920,-2.553637,nan
4de3,4de3_283,1.420,-1.228353,nan
4de3,4de3_288,1.230,-0.825969,nan
4de3,4de3_293,4.020,-4.494985,nan
4de3,4de3_322,0.540,-0.253385,nan
4de3,4de3_350,0.970,-0.943361,nan
4de3,4de3_358,0.530,-0.511081,nan
4de3,4de3_361,5.030,-5.690168,nan
4de3,4de3_371,0.560,-0.368002,nan
4de3,4de3_375,0.400,-0.517658,nan
4de3,4de3_419,1.240,-1.786644,nan
4de3,4de3_429,3.440,-1.253926,nan
4de3,4de3_461,7.150,-1.771059,nan
4de3,4de3_467,1.630,-1.641163,nan
4de3,4de3_474,1.820,-0.863138,nan
4de3,4de3_477,2.510,-2.971501,nan
4de3,4de3_481,6.660,-1.513768,nan
4de3,4de3_483,5.200,-2.888325,nan
4de3,4de3_495,1.940,-1.611809,nan
4de3,4de3_499,2.110,-1.286766,nan
4de3,4de3_510,4.820,-4.144467,nan
4de3,4de3_513,3.090,-2.998339,nan
4de3,4de3_519,3.110,-3.007994,nan
4de3,4de3_533,7.250,-3.567044,nan
4de3,4de3_539,2.420,-2.550052,nan
4de3,4de3_545,7.980,-3.220350,nan
4de3,4de3_555,3.770,-2.485140,nan
4de3,4de3_556,4.320,-3.750661,nan
4de3,4de3_557,2.820,-2.363115,nan
4de3,4de3_560,6.950,-7.296183,nan
4de3,4de3_563,3.010,-2.600681,nan
4de3,4de3_564,3.960,-1.180147,nan
4de3,4de3_569,4.320,-4.137806,nan
4de3,4de3_572,7.080,-8.082170,nan
4de3,4de3_576,2.510,-1.980726,nan
4de3,4de3_583,5.040,-4.929527,nan
4de3,4de3_591,2.660,-1.946512,nan
4de3,4de3_593,1.750,-1.755696,nan
4de3,4de3_594,1.890,-1.430239,nan
4de3,4de3_599,3.770,-3.510594,nan
4de3,4de3_631,5.320,-5.410091,nan
4de3,4de3_634,2.370,-1.708243,nan
4de3,4de3_655,4.790,-5.664911,nan
4de3,4de3_660,4.880,-2.105231,nan
4de3,4de3_661,5.580,-4.327843,nan
4de3,4de3_666,4.860,-1.593789,nan
4de3,4de3_669,6.220,-4.529150,nan
4de3,4de3_673,6.160,-1.208832,nan
4de3,4de3_681,8.570,-4.302445,nan
4de3,4de3_688,3.430,-4.168153,nan
4de3,4de3_691,2.040,-2.627072,nan
4de3,4de3_694,3.330,-1.840380,nan
4de3,4de3_695,2.030,-1.963944,nan
4de3,4de3_717,9.630,-4.391620,nan
4de3,4de3_740,5.490,-2.480595,nan
4de3,4de3_746,3.490,-3.407955,nan
4de3,4de3_748,4.970,-1.570262,nan
4de3,4de3_756,8.360,-3.936901,nan
4de3,4de3_757,9.120,-4.406955,nan
4de3,4de3_760,8.680,-4.007141,nan
4de3,4de3_762,6.850,-6.730707,nan
4de3,4de3_764,8.700,-2.786544,nan
4de3,4de3_767,9.040,-4.588822,nan
4de3,4de3_769,9.350,-3.841606,nan
4de3,4de3_771,4.280,-2.869097,nan
4de3,4de3_780,9.650,-8.529785,nan
4de3,4de3_782,4.310,-3.640578,nan
4de3,4de3_783,8.170,-3.406181,nan
4de3,4de3_786,8.770,-5.774448,nan
4de3,4de3_788,9.230,-4.147882,nan
4de3,4de3_816,7.450,-3.687107,nan
4de3,4de3_853,7.410,-2.664779,nan
4de3,4de3_859,9.340,-4.957822,nan
4de3,4de3_860,7.010,-7.829937,nan
4de3,4de3_863,9.250,-4.436984,nan
4de3,4de3_873,6.890,-8.136044,nan
4de3,4de3_879,5.740,-2.689018,nan
4de3,4de3_891,8.270,-4.935308,nan
4de3,4de3_892,8.290,-4.998147,nan
4de3,4de3_919,7.710,-3.943538,nan
4de3,4de3_928,8.670,-4.185391,nan
4de3,4de3_94,2.550,-2.755467,nan
4de3,4de3_945,5.810,-0.973876,nan
4de3,4de3_946,8.580,-3.131374,nan
4de3,4de3_951,9.350,-4.116481,nan
4de3,4de3_959,9.120,-4.541194,nan
4de3,4de3_960,5.990,-2.358295,nan
4djv,4djv_105,1.840,-0.921985,nan
4djv,4djv_136,5.510,-4.272803,nan
4djv,4djv_159,5.170,-2.541448,nan
4djv,4djv_164,0.490,-0.312226,nan
4djv,4djv_17,5.880,-4.554217,nan
4djv,4djv_175,1.740,-0.673646,nan
4djv,4djv_2,6.300,-5.060212,nan
4djv,4djv_21,4.680,-3.155591,nan
4djv,4djv_212,0.430,-0.092532,nan
4djv,4djv_29,5.190,-3.325824,nan
4djv,4djv_314,1.090,-0.333580,nan
4djv,4djv_33,6.450,-5.670872,nan
4djv,4djv_335,0.610,-0.048949,nan
4djv,4djv_336,0.640,-0.044117,nan
4djv,4djv_349,0.400,-0.041119,nan
4djv,4djv_380,0.460,-0.044735,nan
4djv,4djv_388,0.560,-0.420099,nan
4djv,4djv_399,0.640,-0.153088,nan
4djv,4djv_401,1.360,-1.374941,nan
4djv,4djv_402,3.700,-1.007570,nan
4djv,4djv_406,3.340,-1.489755,nan
4djv,4djv_412,3.710,-1.710365,nan
4djv,4djv_416,4.710,-2.206431,nan
4djv,4djv_421,2.570,-1.900913,nan
4djv,4djv_422,2.770,-2.215239,nan
4djv,4djv_427,1.990,-1.376196,nan
4djv,4djv_431,3.520,-2.909467,nan
4djv,4djv_433,4.240,-1.136665,nan
4djv,4djv_434,3.170,-2.649235,nan
4djv,4djv_436,5.210,-3.345240,nan
4djv,4djv_438,3.610,-2.860546,nan
4djv,4djv_446,1.590,-1.462749,nan
4djv,4djv_447,2.690,-1.510093,nan
4djv,4djv_452,1.990,-1.834478,nan
4djv,4djv_457,4.640,-1.530412,nan
4djv,4djv_467,3.900,-2.934624,nan
4djv,4djv_476,2.980,-1.276551,nan
4djv,4djv_483,2.910,-2.678612,nan
4djv,4djv_491,2.560,-2.434044,nan
4djv,4djv_492,1.760,-1.728160,nan
4djv,4djv_496,1.930,-1.592412,nan
4djv,4djv_497,2.300,-2.289710,nan
4djv,4djv_521,7.510,-7.964056,nan
4djv,4djv_533,6.490,-5.240569,nan
4djv,4djv_544,4.980,-3.390208,nan
4djv,4djv_546,3.910,-3.041194,nan
4djv,4djv_551,4.760,-3.954487,nan
4djv,4djv_557,1.560,-1.647022,nan
4djv,4djv_561,5.450,-3.498633,nan
4djv,4djv_563,3.920,-2.798571,nan
4djv,4djv_570,6.120,-4.053667,nan
4djv,4djv_58,6.030,-5.313923,nan
4djv,4djv_584,8.090,-7.954200,nan
4djv,4djv_590,3.710,-1.832675,nan
4djv,4djv_592,6.130,-6.024382,nan
4djv,4djv_607,4.730,-3.769507,nan
4djv,4djv_612,7.170,-5.875535,nan
4djv,4djv_615,7.460,-6.831551,nan
4djv,4djv_617,5.480,-3.345989,nan
4djv,4djv_637,4.040,-3.006865,nan
4djv,4djv_640,5.530,-3.638937,nan
4djv,4djv_650,2.770,-2.393069,nan
4djv,4djv_659,4.590,-2.967678,nan
4djv,4djv_661,7.450,-7.408266,nan
4djv,4djv_666,6.270,-5.465107,nan
4djv,4djv_672,2.560,-2.171210,nan
4djv,4djv_675,5.630,-3.543851,nan
4djv,4djv_676,4.590,-2.624628,nan
4djv,4djv_677,6.420,-4.582322,nan
4djv,4djv_687,2.230,-1.843860,nan
4djv,4djv_694,7.490,-7.618490,nan
4djv,4djv_696,5.650,-5.503216,nan
4djv,4djv_7,0.880,-0.222181,nan
4djv,4djv_701,0.420,-0.159892,nan
4djv,4djv_823,7.130,-6.060910,nan
4djv,4djv_830,7.090,-6.151631,nan
4djv,4djv_900,7.290,-6.786960,nan
4djv,4djv_913,6.450,-5.924753,nan
4djv,4djv_923,7.150,-6.791531,nan
4djv,4djv_957,7.010,-6.381164,nan
4djv,4djv_97,6.360,-5.034046,nan
4dld,4dld_109,7.010,-5.126266,nan
4dld,4dld_178,0.880,-0.822076,nan
4dld,4dld_198,6.700,-4.827232,nan
4dld,4dld_199,6.340,-4.876542,nan
4dld,4dld_207,0.530,-0.460849,nan
4dld,4dld_208,0.510,-0.578531,nan
4dld,4dld_211,0.340,-0.449384,nan
4dld,4dld_249,1.940,-0.680551,nan
4dld,4dld_252,2.240,-2.119083,nan
4dld,4dld_260,1.850,-1.443227,nan
4dld,4dld_261,1.020,-0.609880,nan
4dld,4dld_262,1.000,-0.789291,nan
4dld,4dld_282,1.340,-1.296341,nan
4dld,4dld_285,0.870,-0.693223,nan
4dld,4dld_293,0.850,-0.728526,nan
4dld,4dld_300,0.960,-0.661659,nan
4dld,4dld_313,6.300,-4.400028,nan
4dld,4dld_314,5.600,-2.078688,nan
4dld,4dld_369,5.280,-4.211545,nan
4dld,4dld_408,4.230,-1.034823,nan
4dld,4dld_410,0.800,-0.739137,nan
4dld,4dld_422,3.030,-2.018934,nan
4dld,4dld_425,4.890,-1.380849,nan
4dld,4dld_427,5.230,-1.146130,nan
4dld,4dld_428,1.930,-1.348884,nan
4dld,4dld_438,2.770,-1.864106,nan
4dld,4dld_441,3.790,-1.578958,nan
4dld,4dld_455,2.650,-1.682643,nan
4dld,4dld_457,3.480,-1.878557,nan
4dld,4dld_464,5.210,-1.998371,nan
4dld,4dld_466,2.280,-1.128912,nan
4dld,4dld_473,4.440,-3.184832,nan
4dld,4dld_474,4.550,-1.903961,nan
4dld,4dld_478,5.290,-1.692989,nan
4dld,4dld_490,4.610,-3.374926,nan
4dld,4dld_497,2.640,-1.312809,nan
4dld,4dld_499,3.670,-2.665422,nan
4dld,4dld_500,2.470,-2.442493,nan
4dld,4dld_501,3.710,-3.713622,nan
4dld,4dld_506,6.150,-4.110800,nan
4dld,4dld_517,2.430,-1.744409,nan
4dld,4dld_535,6.610,-4.656713,nan
4dld,4dld_539,6.470,-7.252776,nan
4dld,4dld_540,5.840,-4.053968,nan
4dld,4dld_545,6.350,-4.326350,nan
4dld,4dld_548,4.050,-2.977557,nan
4dld,4dld_557,5.280,-2.751493,nan
4dld,4dld_567,3.930,-3.588720,nan
4dld,4dld_568,7.200,-5.277193,nan
4dld,4dld_573,4.540,-4.527652,nan
4dld,4dld_576,4.340,-3.708018,nan
4dld,4dld_577,4.820,-4.831959,nan
4dld,4dld_581,5.230,-4.517817,nan
4dld,4dld_583,2.890,-1.883751,nan
4dld,4dld_598,6.790,-5.782828,nan
4dld,4dld_631,5.300,-3.706981,nan
4dld,4dld_636,3.950,-2.835841,nan
4dld,4dld_649,6.150,-4.219101,nan
4dld,4dld_653,3.750,-2.961801,nan
4dld,4dld_659,6.240,-4.195784,nan
4dld,4dld_677,5.730,-3.944063,nan
4dld,4dld_709,1.020,-0.904700,nan
4dld,4dld_728,1.080,-1.145321,nan
4dld,4dld_740,3.530,-2.567394,nan
4dld,4dld_747,3.000,-2.403984,nan
4dld,4dld_752,3.010,-2.318079,nan
4dld,4dld_79,4.500,-2.090877,nan
4dld,4dld_811,2.050,-1.993666,nan
4dld,4dld_826,1.360,-1.416919,nan
4dld,4dld_873,1.130,-1.004152,nan
4dld,4dld_900,0.930,-0.581354,nan
4dld,4dld_947,1.200,-1.042583,nan
4dli,4dli_136,0.780,-0.768641,nan
4dli,4dli_154,0.560,-0.536000,nan
4dli,4dli_409,4.190,-0.942379,nan
4dli,4dli_414,0.890,-0.492836,nan
4dli,4dli_42,0.410,-0.257490,nan
4dli,4dli_422,2.640,-1.181460,nan
4dli,4dli_426,1.000,-0.898325,nan
4dli,4dli_431,2.820,-1.347154,nan
4dli,4dli_447,4.300,-1.784922,nan
4dli,4dli_455,2.440,-1.216880,nan
4dli,4dli_465,1.660,-1.955844,nan
4dli,4dli_481,4.530,-2.198429,nan
4dli,4dli_486,2.340,-1.387619,nan
4dli,4dli_489,2.370,-2.162915,nan
4dli,4dli_498,4.310,-1.612171,nan
4dli,4dli_501,1.060,-0.850126,nan
4dli,4dli_502,1.670,-1.009221,nan
4dli,4dli_504,0.900,-0.853132,nan
4dli,4dli_505,4.190,-1.116445,nan
4dli,4dli_521,1.380,-1.391429,nan
4dli,4dli_524,1.150,-1.480227,nan
4dli,4dli_530,1.730,-1.220103,nan
4dli,4dli_546,6.690,-3.776052,nan
4dli,4dli_547,3.990,-1.378321,nan
4dli,4dli_550,2.740,-1.043611,nan
4dli,4dli_567,3.050,-1.558296,nan
4dli,4dli_57,0.530,-0.513811,nan
4dli,4dli_571,4.230,-1.223333,nan
4dli,4dli_573,7.420,-4.427892,nan
4dli,4dli_575,1.590,-1.266570,nan
4dli,4dli_580,6.930,-4.374873,nan
4dli,4dli_587,7.360,-4.714631,nan
4dli,4dli_591,7.510,-5.026868,nan
4dli,4dli_594,7.350,-4.182864,nan
4dli,4dli_595,6.130,-3.199320,nan
4dli,4dli_637,4.510,-1.478675,nan
4dli,4dli_641,4.700,-2.996323,nan
4dli,4dli_659,3.360,-1.797747,nan
4dli,4dli_660,1.060,-0.884803,nan
4dli,4dli_664,2.130,-1.474630,nan
4dli,4dli_666,4.910,-1.875944,nan
4dli,4dli_679,3.960,-2.649928,nan
4dli,4dli_684,3.900,-0.561561,nan
4dli,4dli_693,1.420,-1.664856,nan
4dli,4dli_710,3.290,-0.646107,nan
4dli,4dli_734,2.240,-0.855917,nan
4dli,4dli_738,3.960,-0.508920,nan
4dli,4dli_750,2.560,-0.510087,nan
4dli,4dli_756,5.050,-4.018025,nan
4dli,4dli_759,4.570,-1.721070,nan
4dli,4dli_769,0.950,-0.792915,nan
4dli,4dli_770,7.200,-4.188383,nan
4dli,4dli_772,5.620,-4.411726,nan
4dli,4dli_776,5.100,-2.020104,nan
4dli,4dli_777,5.060,-4.057704,nan
4dli,4dli_778,6.400,-5.738413,nan
4dli,4dli_781,6.430,-5.663309,nan
4dli,4dli_783,6.670,-3.564620,nan
4dli,4dli_784,2.220,-0.899240,nan
4dli,4dli_786,8.500,-6.149291,nan
4dli,4dli_787,5.490,-3.506440,nan
4dli,4dli_788,6.110,-3.858249,nan
4dli,4dli_789,0.990,-1.095666,nan
4dli,4dli_792,6.330,-4.517001,nan
4dli,4dli_793,3.820,-1.562252,nan
4dli,4dli_868,3.320,-1.725965,nan
4dli,4dli_895,3.240,-1.551390,nan
4dli,4dli_948,1.190,-0.515514,nan
4dli,4dli_96,0.440,-0.234269,nan
4e5w,4e5w_109,9.410,-8.333547,nan
4e5w,4e5w_121,0.150,-0.477681,nan
4e5w,4e5w_13,7.180,-7.793661,nan
4e5w,4e5w_141,1.920,-0.600534,nan
4e5w,4e5w_151,6.390,-7.217759,nan
4e5w,4e5w_17,7.560,-7.516132,nan
4e5w,4e5w_174,0.490,-0.821874,nan
4e5w,4e5w_202,0.330,-0.522947,nan
4e5w,4e5w_24,5.140,-3.971646,nan
4e5w,4e5w_247,0.230,-0.591282,nan
4e5w,4e5w_286,0.400,-0.950976,nan
4e5w,4e5w_3,2.180,-1.283514,nan
4e5w,4e5w_310,0.750,-1.249811,nan
4e5w,4e5w_320,1.160,-1.869023,nan
4e5w,4e5w_336,7.640,-8.268312,nan
4e5w,4e5w_344,0.630,-1.127702,nan
4e5w,4e5w_360,3.400,-3.411681,nan
4e5w,4e5w_367,2.020,-2.151670,nan
4e5w,4e5w_384,2.000,-2.001568,nan
4e5w,4e5w_4,5.200,-5.143224,nan
4e5w,4e5w_406,5.980,-7.237504,nan
4e5w,4e5w_416,4.880,-5.410041,nan
4e5w,4e5w_436,5.240,-6.081851,nan
4e5w,4e5w_441,3.520,-2.728725,nan
4e5w,4e5w_442,4.140,-4.164185,nan
4e5w,4e5w_444,6.840,-2.028920,nan
4e5w,4e5w_445,1.780,-1.435955,nan
4e5w,4e5w_447,9.280,-7.214957,nan
4e5w,4e5w_448,6.300,-7.408748,nan
4e5w,4e5w_451,2.960,-2.647799,nan
4e5w,4e5w_452,8.820,-8.382893,nan
4e5w,4e5w_453,2.780,-1.846366,nan
4e5w,4e5w_457,4.750,-6.018193,nan
4e5w,4e5w_464,8.440,-6.765718,nan
4e5w,4e5w_469,3.060,-3.007398,nan
4e5w,4e5w_47,6.380,-6.408139,nan
4e5w,4e5w_476,2.510,-1.225684,nan
4e5w,4e5w_479,6.110,-7.023865,nan
4e5w,4e5w_483,5.040,-6.162823,nan
4e5w,4e5w_484,10.000,-8.528242,nan
4e5w,4e5w_486,4.980,-6.013772,nan
4e5w,4e5w_489,5.570,-7.425394,nan
4e5w,4e5w_508,3.160,-3.407916,nan
4e5w,4e5w_518,7.200,-3.441481,nan
4e5w,4e5w_52,4.010,-4.237130,nan
4e5w,4e5w_526,2.980,-2.215331,nan
4e5w,4e5w_528,2.360,-2.112405,nan
4e5w,4e5w_531,7.670,-2.134068,nan
4e5w,4e5w_536,6.100,-7.630852,nan
4e5w,4e5w_542,3.230,-2.116623,nan
4e5w,4e5w_543,9.770,-8.307637,nan
4e5w,4e5w_549,8.940,-8.555735,nan
4e5w,4e5w_552,3.750,-3.940614,nan
4e5w,4e5w_553,6.990,-4.413848,nan
4e5w,4e5w_560,6.450,-3.595418,nan
4e5w,4e5w_563,7.740,-8.281164,nan
4e5w,4e5w_575,9.800,-8.518563,nan
4e5w,4e5w_577,5.440,-6.830013,nan
4e5w,4e5w_579,7.460,-8.554281,nan
4e5w,4e5w_58,4.890,-4.262615,nan
4e5w,4e5w_583,8.560,-8.346573,nan
4e5w,4e5w_585,9.070,-8.393790,nan
4e5w,4e5w_586,5.170,-3.900690,nan
4e5w,4e5w_590,9.980,-8.573639,nan
4e5w,4e5w_592,5.960,-4.675474,nan
4e5w,4e5w_593,8.870,-8.450210,nan
4e5w,4e5w_597,7.780,-4.813709,nan
4e5w,4e5w_599,9.560,-8.554785,nan
4e5w,4e5w_606,7.730,-3.145195,nan
4e5w,4e5w_617,3.070,-2.112574,nan
4e5w,4e5w_631,4.130,-4.225873,nan
4e5w,4e5w_639,8.570,-7.655735,nan
4e5w,4e5w_641,7.700,-7.036176,nan
4e5w,4e5w_647,1.560,-1.757838,nan
4e5w,4e5w_652,1.980,-1.831058,nan
4e5w,4e5w_658,4.620,-4.130531,nan
4e5w,4e5w_659,5.800,-6.250487,nan
4e5w,4e5w_663,9.540,-8.453631,nan
4e5w,4e5w_664,3.670,-2.822476,nan
4e5w,4e5w_668,8.040,-7.399838,nan
4e5w,4e5w_673,3.270,-2.289445,nan
4e5w,4e5w_675,3.670,-3.127941,nan
4e5w,4e5w_676,4.990,-5.064274,nan
4e5w,4e5w_679,6.030,-7.202759,nan
4e5w,4e5w_682,8.370,-7.359947,nan
4e5w,4e5w_684,8.430,-8.153666,nan
4e5w,4e5w_694,1.560,-1.285532,nan
4e5w,4e5w_698,4.230,-5.080588,nan
4e5w,4e5w_699,8.280,-5.240743,nan
4e5w,4e5w_7,2.320,-1.006721,nan
4e5w,4e5w_76,9.880,-8.538869,nan
4e5w,4e5w_779,0.860,-0.810299,nan
4e5w,4e5w_789,2.320,-1.719565,nan
4e5w,4e5w_803,1.970,-1.467029,nan
4e5w,4e5w_808,1.860,-1.559076,nan
4e5w,4e5w_821,2.200,-1.584077,nan
4e5w,4e5w_883,0.390,-0.563263,nan
4e5w,4e5w_905,1.240,-0.886023,nan
4e5w,4e5w_91,6.740,-7.161455,nan
4e5w,4e5w_96,0.710,-1.068801,nan
4e6q,4e6q_12,2.230,-0.454683,nan
4e6q,4e6q_120,0.390,-0.036279,nan
4e6q,4e6q_132,0.960,-0.626733,nan
4e6q,4e6q_143,1.020,-0.579024,nan
4e6q,4e6q_226,2.060,-0.437485,nan
4e6q,4e6q_249,0.650,-0.324397,nan
4e6q,4e6q_265,0.570,-0.261678,nan
4e6q,4e6q_301,0.870,-0.155833,nan
4e6q,4e6q_402,1.020,-0.608401,nan
4e6q,4e6q_406,1.750,-0.999577,nan
4e6q,4e6q_409,0.820,-0.440871,nan
4e6q,4e6q_420,5.220,-0.925619,nan
4e6q,4e6q_422,1.110,-0.972843,nan
4e6q,4e6q_423,1.220,-0.375272,nan
4e6q,4e6q_426,3.100,-1.969348,nan
4e6q,4e6q_430,2.120,-1.375038,nan
4e6q,4e6q_435,2.510,-1.576595,nan
4e6q,4e6q_449,1.680,-1.440047,nan
4e6q,4e6q_459,6.880,-4.728880,nan
4e6q,4e6q_468,3.160,-2.068326,nan
4e6q,4e6q_477,5.540,-1.587380,nan
4e6q,4e6q_483,4.920,-1.662116,nan
4e6q,4e6q_487,5.900,-2.711254,nan
4e6q,4e6q_491,1.920,-0.922870,nan
4e6q,4e6q_496,1.860,-1.561253,nan
4e6q,4e6q_499,1.740,-0.935689,nan
4e6q,4e6q_536,4.120,-3.472686,nan
4e6q,4e6q_540,3.450,-2.634246,nan
4e6q,4e6q_545,3.220,-1.634390,nan
4e6q,4e6q_547,1.430,-1.335091,nan
4e6q,4e6q_558,5.650,-4.563572,nan
4e6q,4e6q_561,5.090,-1.869037,nan
4e6q,4e6q_563,6.760,-6.330908,nan
4e6q,4e6q_568,4.070,-1.825304,nan
4e6q,4e6q_573,6.250,-2.739088,nan
4e6q,4e6q_577,4.700,-2.410171,nan
4e6q,4e6q_578,5.660,-4.642150,nan
4e6q,4e6q_580,6.180,-4.759983,nan
4e6q,4e6q_586,6.480,-5.291949,nan
4e6q,4e6q_587,7.640,-7.491910,nan
4e6q,4e6q_635,2.220,-0.885260,nan
4e6q,4e6q_643,3.330,-2.367691,nan
4e6q,4e6q_645,3.110,-2.499384,nan
4e6q,4e6q_646,3.100,-1.774144,nan
4e6q,4e6q_666,7.240,-5.487658,nan
4e6q,4e6q_673,2.210,-1.775254,nan
4e6q,4e6q_680,7.040,-3.937539,nan
4e6q,4e6q_689,4.910,-1.915751,nan
4e6q,4e6q_697,4.980,-1.956736,nan
4e6q,4e6q_699,2.110,-0.845495,nan
4e6q,4e6q_730,5.460,-3.694052,nan
4e6q,4e6q_734,6.910,-5.222483,nan
4e6q,4e6q_739,3.500,-2.392730,nan
4e6q,4e6q_742,6.330,-2.779090,nan
4e6q,4e6q_743,7.330,-7.079119,nan
4e6q,4e6q_746,6.390,-2.272404,nan
4e6q,4e6q_747,9.320,-8.582960,nan
4e6q,4e6q_748,7.230,-7.217918,nan
4e6q,4e6q_749,2.440,-0.777255,nan
4e6q,4e6q_752,6.410,-6.398612,nan
4e6q,4e6q_756,2.650,-1.830246,nan
4e6q,4e6q_757,8.360,-8.579742,nan
4e6q,4e6q_759,3.450,-1.183435,nan
4e6q,4e6q_760,2.890,-1.851238,nan
4e6q,4e6q_763,4.060,-2.231087,nan
4e6q,4e6q_764,5.120,-2.618606,nan
4e6q,4e6q_771,4.440,-2.439593,nan
4e6q,4e6q_776,3.830,-3.168380,nan
4e6q,4e6q_780,8.320,-8.060705,nan
4e6q,4e6q_785,7.190,-7.012562,nan
4e6q,4e6q_786,7.580,-7.842450,nan
4e6q,4e6q_788,4.440,-3.964730,nan
4e6q,4e6q_791,4.980,-4.924130,nan
4e6q,4e6q_798,5.440,-2.300842,nan
4e6q,4e6q_847,0.890,-0.231163,nan
4e6q,4e6q_85,0.490,-0.137192,nan
4e6q,4e6q_873,0.990,-0.604501,nan
4e6q,4e6q_884,5.390,-2.101898,nan
4e6q,4e6q_891,8.530,-8.575897,nan
4e6q,4e6q_895,6.510,-6.341340,nan
4e6q,4e6q_936,0.960,-0.184434,nan
4ea2,4ea2_216,7.960,-8.531126,nan
4ea2,4ea2_226,1.250,-1.590996,nan
4ea2,4ea2_232,7.550,-8.182567,nan
4ea2,4ea2_238,2.710,-1.725187,nan
4ea2,4ea2_25,1.810,-0.950823,nan
4ea2,4ea2_270,6.900,-8.402256,nan
4ea2,4ea2_364,1.700,-1.224169,nan
4ea2,4ea2_407,1.770,-2.415479,nan
4ea2,4ea2_408,5.530,-2.895436,nan
4ea2,4ea2_411,1.710,-2.009740,nan
4ea2,4ea2_442,2.550,-3.380871,nan
4ea2,4ea2_444,2.790,-2.785342,nan
4ea2,4ea2_456,1.880,-2.696985,nan
4ea2,4ea2_485,3.970,-2.745663,nan
4ea2,4ea2_499,1.940,-2.137292,nan
4ea2,4ea2_526,6.770,-8.543874,nan
4ea2,4ea2_53,5.100,-6.072800,nan
4ea2,4ea2_530,7.040,-8.571486,nan
4ea2,4ea2_531,3.720,-3.099144,nan
4ea2,4ea2_534,5.490,-1.966432,nan
4ea2,4ea2_539,4.530,-2.722735,nan
4ea2,4ea2_555,4.170,-3.901987,nan
4ea2,4ea2_565,4.950,-6.813136,nan
4ea2,4ea2_568,4.490,-3.238859,nan
4ea2,4ea2_576,5.390,-4.184826,nan
4ea2,4ea2_58,7.460,-8.502431,nan
4ea2,4ea2_59,7.470,-8.528004,nan
4ea2,4ea2_592,5.800,-8.079718,nan
4ea2,4ea2_598,4.600,-5.907399,nan
4ea2,4ea2_603,6.140,-7.606422,nan
4ea2,4ea2_607,4.110,-4.939998,nan
4ea2,4ea2_615,6.690,-8.560045,nan
4ea2,4ea2_617,6.750,-8.562268,nan
4ea2,4ea2_619,5.800,-8.158309,nan
4ea2,4ea2_621,2.460,-3.171525,nan
4ea2,4ea2_625,3.990,-3.727111,nan
4ea2,4ea2_639,2.220,-2.921614,nan
4ea2,4ea2_640,3.160,-3.776082,nan
4ea2,4ea2_645,6.330,-8.555988,nan
4ea2,4ea2_653,7.110,-8.572752,nan
4ea2,4ea2_661,6.760,-8.537367,nan
4ea2,4ea2_662,8.130,-8.566575,nan
4ea2,4ea2_663,7.100,-8.565158,nan
4ea2,4ea2_666,2.040,-2.301172,nan
4ea2,4ea2_671,6.090,-8.025679,nan
4ea2,4ea2_673,4.710,-5.954428,nan
4ea2,4ea2_678,5.070,-6.793688,nan
4ea2,4ea2_684,7.090,-8.561893,nan
4ea2,4ea2_688,4.620,-6.182277,nan
4ea2,4ea2_692,5.190,-7.242054,nan
4ea2,4ea2_696,7.300,-8.554392,nan
4ea2,4ea2_698,2.220,-2.635392,nan
4ea2,4ea2_72,6.570,-8.529342,nan
4ea2,4ea2_722,1.990,-1.040669,nan
4ea2,4ea2_737,4.130,-2.552279,nan
4ea2,4ea2_748,3.440,-3.188586,nan
4ea2,4ea2_749,5.020,-3.623854,nan
4ea2,4ea2_77,6.130,-7.814255,nan
4ea2,4ea2_775,3.520,-4.445210,nan
4ea2,4ea2_785,3.480,-3.638580,nan
4ea2,4ea2_787,3.350,-2.324070,nan
4ea2,4ea2_793,5.430,-7.316474,nan
4ea2,4ea2_794,4.820,-5.929893,nan
4ea2,4ea2_798,3.640,-3.321256,nan
4ea2,4ea2_809,1.060,-1.259661,nan
4ea2,4ea2_819,2.380,-1.195288,nan
4ea2,4ea2_867,2.960,-2.419638,nan
4ea2,4ea2_895,1.550,-1.475935,nan
4ea2,4ea2_96,7.250,-8.391924,nan
4ea2,4ea2_961,2.540,-1.734999,nan
4ea2,4ea2_998,3.090,-1.773212,nan
4eky,4eky_274,3.900,-3.813124,nan
4eky,4eky_287,4.050,-4.032780,nan
4eky,4eky_32,0.890,-0.247081,nan
4eky,4eky_38,0.630,-0.374781,nan
4eky,4eky_407,1.570,-0.956467,nan
4eky,4eky_416,6.230,-4.822145,nan
4eky,4eky_419,1.380,-1.148513,nan
4eky,4eky_424,6.260,-3.434717,nan
4eky,4eky_425,1.530,-1.486780,nan
4eky,4eky_430,0.860,-1.227800,nan
4eky,4eky_433,1.660,-1.520499,nan
4eky,4eky_438,5.340,-2.437494,nan
4eky,4eky_443,5.210,-1.675378,nan
4eky,4eky_448,5.440,-2.312062,nan
4eky,4eky_461,5.270,-1.382944,nan
4eky,4eky_475,3.100,-1.550722,nan
4eky,4eky_478,5.980,-4.476853,nan
4eky,4eky_485,3.880,-2.689358,nan
4eky,4eky_495,1.370,-1.351889,nan
4eky,4eky_496,2.910,-2.511476,nan
4eky,4eky_534,5.120,-3.827462,nan
4eky,4eky_538,3.760,-2.766806,nan
4eky,4eky_546,4.140,-2.793738,nan
4eky,4eky_565,2.110,-1.667605,nan
4eky,4eky_568,8.200,-6.226429,nan
4eky,4eky_582,2.300,-2.463077,nan
4eky,4eky_599,6.260,-4.376088,nan
4eky,4eky_609,6.110,-3.487722,nan
4eky,4eky_619,6.130,-5.781427,nan
4eky,4eky_636,7.710,-7.495925,nan
4eky,4eky_638,7.130,-4.346737,nan
4eky,4eky_639,3.420,-2.040924,nan
4eky,4eky_640,7.330,-4.981333,nan
4eky,4eky_641,4.790,-4.861854,nan
4eky,4eky_647,6.320,-3.736212,nan
4eky,4eky_649,6.590,-3.621486,nan
4eky,4eky_651,6.250,-3.774143,nan
4eky,4eky_659,7.280,-5.120203,nan
4eky,4eky_668,4.290,-2.597700,nan
4eky,4eky_673,5.870,-3.290781,nan
4eky,4eky_678,5.580,-2.665138,nan
4eky,4eky_680,4.490,-3.955930,nan
4eky,4eky_693,7.700,-5.461950,nan
4eky,4eky_699,7.780,-6.640316,nan
4eky,4eky_700,1.560,-1.138614,nan
4eky,4eky_720,2.980,-2.142947,nan
4eky,4eky_725,0.960,-0.450920,nan
4eky,4eky_727,4.340,-2.230340,nan
4eky,4eky_730,2.060,-0.996587,nan
4eky,4eky_741,3.850,-2.087291,nan
4eky,4eky_742,2.700,-1.637400,nan
4eky,4eky_755,1.000,-0.131271,nan
4eky,4eky_759,3.630,-2.252391,nan
4eky,4eky_763,1.750,-1.263714,nan
4eky,4eky_767,2.210,-0.861366,nan
4eky,4eky_768,4.310,-2.923947,nan
4eky,4eky_770,5.270,-2.177574,nan
4eky,4eky_771,3.910,-2.968522,nan
4eky,4eky_772,6.350,-5.895676,nan
4eky,4eky_773,4.280,-3.795099,nan
4eky,4eky_774,4.070,-3.319631,nan
4eky,4eky_776,6.200,-4.608776,nan
4eky,4eky_777,2.950,-1.836986,nan
4eky,4eky_778,5.160,-6.037097,nan
4eky,4eky_779,4.650,-4.446478,nan
4eky,4eky_830,3.170,-2.025355,nan
4eky,4eky_842,2.170,-0.682583,nan
4eky,4eky_848,3.080,-1.479443,nan
4eky,4eky_856,1.920,-0.565999,nan
4eky,4eky_875,2.970,-1.389737,nan
4eky,4eky_876,1.970,-0.762740,nan
4eky,4eky_883,0.760,-0.367750,nan
4eky,4eky_899,0.670,-0.231865,nan
4eky,4eky_908,0.720,-0.334732,nan
4eky,4eky_941,0.810,-0.678369,nan
4eky,4eky_969,0.850,-0.742672,nan
4eky,4eky_972,1.020,-0.464332,nan
4eo8,4eo8_12,0.390,-0.919109,nan
4eo8,4eo8_14,1.020,-0.825569,nan
4eo8,4eo8_148,0.730,-0.661571,nan
4eo8,4eo8_15,1.160,-1.623576,nan
4eo8,4eo8_206,0.550,-0.767630,nan
4eo8,4eo8_283,0.690,-0.652093,nan
4eo8,4eo8_30,0.500,-0.799841,nan
4eo8,4eo8_318,0.540,-0.705204,nan
4eo8,4eo8_319,6.250,-7.282650,nan
4eo8,4eo8_40,0.450,-0.728952,nan
4eo8,4eo8_403,3.060,-2.425753,nan
4eo8,4eo8_404,2.500,-2.237325,nan
4eo8,4eo8_409,3.220,-2.584579,nan
4eo8,4eo8_414,3.310,-2.819046,nan
4eo8,4eo8_425,1.130,-1.569784,nan
4eo8,4eo8_429,1.540,-2.564416,nan
4eo8,4eo8_438,3.170,-2.883470,nan
4eo8,4eo8_441,5.390,-5.187371,nan
4eo8,4eo8_450,6.870,-7.293642,nan
4eo8,4eo8_454,1.800,-2.598213,nan
4eo8,4eo8_457,4.950,-1.909950,nan
4eo8,4eo8_462,2.740,-3.058258,nan
4eo8,4eo8_467,1.650,-2.128330,nan
4eo8,4eo8_47,2.940,-2.880106,nan
4eo8,4eo8_473,2.830,-2.932610,nan
4eo8,4eo8_480,7.480,-7.733347,nan
4eo8,4eo8_483,3.010,-3.448847,nan
4eo8,4eo8_486,4.190,-2.488909,nan
4eo8,4eo8_488,5.750,-4.635859,nan
4eo8,4eo8_515,2.550,-2.949290,nan
4eo8,4eo8_518,6.800,-6.282233,nan
4eo8,4eo8_523,3.940,-1.725753,nan
4eo8,4eo8_524,3.770,-4.169526,nan
4eo8,4eo8_533,4.590,-4.049647,nan
4eo8,4eo8_536,5.780,-4.255199,nan
4eo8,4eo8_552,2.940,-2.158685,nan
4eo8,4eo8_557,5.230,-2.686286,nan
4eo8,4eo8_564,7.060,-7.346741,nan
4eo8,4eo8_567,2.910,-3.016196,nan
4eo8,4eo8_569,1.360,-1.543776,nan
4eo8,4eo8_572,6.680,-6.435147,nan
4eo8,4eo8_578,4.020,-1.912339,nan
4eo8,4eo8_579,5.690,-5.092232,nan
4eo8,4eo8_580,2.530,-2.395640,nan
4eo8,4eo8_584,4.850,-2.421267,nan
4eo8,4eo8_592,2.310,-2.822165,nan
4eo8,4eo8_595,3.930,-2.308089,nan
4eo8,4eo8_597,7.090,-5.896773,nan
4eo8,4eo8_598,1.830,-1.921850,nan
4eo8,4eo8_602,6.190,-6.143840,nan
4eo8,4eo8_611,7.370,-6.981044,nan
4eo8,4eo8_619,6.030,-3.863193,nan
4eo8,4eo8_622,7.150,-6.156802,nan
4eo8,4eo8_63,0.570,-1.134610,nan
4eo8,4eo8_638,4.720,-3.653468,nan
4eo8,4eo8_642,5.570,-4.944492,nan
4eo8,4eo8_654,5.640,-3.653266,nan
4eo8,4eo8_670,7.620,-6.456645,nan
4eo8,4eo8_673,6.980,-7.695852,nan
4eo8,4eo8_690,5.180,-4.721526,nan
4eo8,4eo8_692,6.450,-4.331919,nan
4eo8,4eo8_695,7.090,-6.494035,nan
4eo8,4eo8_698,4.170,-4.686094,nan
4eo8,4eo8_7,4.570,-4.537499,nan
4eo8,4eo8_744,1.140,-1.025871,nan
4eo8,4eo8_748,0.970,-1.198684,nan
4eo8,4eo8_753,5.090,-5.855294,nan
4eo8,4eo8_756,7.350,-8.356694,nan
4eo8,4eo8_762,7.480,-8.418465,nan
4eo8,4eo8_766,4.060,-1.530046,nan
4eo8,4eo8_773,6.330,-7.323942,nan
4eo8,4eo8_781,5.010,-4.625103,nan
4eo8,4eo8_782,3.990,-1.797888,nan
4eo8,4eo8_783,7.260,-8.252024,nan
4eo8,4eo8_864,1.150,-0.814900,nan
4eo8,4eo8_880,2.940,-2.005329,nan
4eo8,4eo8_883,3.800,-3.649619,nan
4eo8,4eo8_886,4.210,-4.061345,nan
4eo8,4eo8_9,6.530,-7.612195,nan
4eo8,4eo8_91,0.760,-1.309626,nan
4eor,4eor_121,0.520,-0.878663,nan
4eor,4eor_145,4.920,-1.011261,nan
4eor,4eor_155,4.560,-2.162142,nan
4eor,4eor_257,0.790,-0.525932,nan
4eor,4eor_267,5.780,-2.375677,nan
4eor,4eor_309,5.710,-2.940412,nan
4eor,4eor_31,1.120,-1.083035,nan
4eor,4eor_346,2.370,-1.519704,nan
4eor,4eor_361,0.740,-1.196744,nan
4eor,4eor_403,3.490,-2.580277,nan
4eor,4eor_408,2.600,-1.742786,nan
4eor,4eor_414,2.100,-1.469992,nan
4eor,4eor_424,4.620,-2.329414,nan
4eor,4eor_425,4.740,-1.606626,nan
4eor,4eor_427,3.680,-1.940091,nan
4eor,4eor_430,5.930,-3.006895,nan
4eor,4eor_431,3.600,-1.796876,nan
4eor,4eor_446,2.670,-2.239361,nan
4eor,4eor_448,3.330,-2.781831,nan
4eor,4eor_450,3.120,-2.188474,nan
4eor,4eor_455,1.900,-1.709192,nan
4eor,4eor_465,7.670,-6.689384,nan
4eor,4eor_474,3.120,-1.834114,nan
4eor,4eor_479,8.310,-6.934310,nan
4eor,4eor_480,4.650,-2.238138,nan
4eor,4eor_483,1.700,-1.668150,nan
4eor,4eor_485,5.550,-2.822863,nan
4eor,4eor_494,5.220,-2.257711,nan
4eor,4eor_501,0.810,-0.540525,nan
4eor,4eor_506,1.200,-0.752775,nan
4eor,4eor_511,1.620,-1.589583,nan
4eor,4eor_513,6.220,-4.556398,nan
4eor,4eor_519,3.330,-3.114087,nan
4eor,4eor_523,6.990,-3.593635,nan
4eor,4eor_524,9.060,-7.720179,nan
4eor,4eor_530,2.440,-2.177076,nan
4eor,4eor_536,4.490,-5.270499,nan
4eor,4eor_539,6.700,-1.615368,nan
4eor,4eor_541,6.250,-2.975173,nan
4eor,4eor_544,3.700,-3.310366,nan
4eor,4eor_548,8.140,-2.383559,nan
4eor,4eor_552,6.400,-3.203221,nan
4eor,4eor_557,2.180,-1.377912,nan
4eor,4eor_558,6.270,-2.096198,nan
4eor,4eor_559,2.370,-2.128803,nan
4eor,4eor_562,7.940,-4.589878,nan
4eor,4eor_565,2.040,-1.840685,nan
4eor,4eor_568,2.480,-2.344019,nan
4eor,4eor_577,5.670,-1.484527,nan
4eor,4eor_584,2.610,-2.266520,nan
4eor,4eor_585,7.920,-1.696201,nan
4eor,4eor_588,4.910,-1.937803,nan
4eor,4eor_592,5.890,-1.646244,nan
4eor,4eor_595,7.030,-3.322540,nan
4eor,4eor_604,1.730,-1.857822,nan
4eor,4eor_612,4.700,-1.787333,nan
4eor,4eor_620,8.290,-3.705732,nan
4eor,4eor_643,7.930,-6.931614,nan
4eor,4eor_649,3.870,-1.799798,nan
4eor,4eor_650,8.050,-2.252220,nan
4eor,4eor_652,6.380,-2.736036,nan
4eor,4eor_659,4.800,-2.002222,nan
4eor,4eor_666,5.440,-1.438058,nan
4eor,4eor_672,8.710,-7.730389,nan
4eor,4eor_674,7.910,-2.928894,nan
4eor,4eor_677,8.450,-7.336372,nan
4eor,4eor_682,5.710,-4.537928,nan
4eor,4eor_687,3.680,-3.030937,nan
4eor,4eor_69,1.920,-1.495707,nan
4eor,4eor_690,7.440,-6.967729,nan
4eor,4eor_697,7.240,-2.497727,nan
4eor,4eor_701,0.530,-0.754977,nan
4eor,4eor_712,1.040,-1.036169,nan
4eor,4eor_718,0.740,-0.889738,nan
4eor,4eor_72,4.720,-1.212192,nan
4eor,4eor_736,1.120,-0.782874,nan
4eor,4eor_744,1.370,-0.883273,nan
4eor,4eor_745,5.780,-0.753283,nan
4eor,4eor_746,6.370,-2.420166,nan
4eor,4eor_749,7.620,-1.659700,nan
4eor,4eor_757,8.270,-4.893148,nan
4eor,4eor_760,7.780,-2.089082,nan
4eor,4eor_763,8.200,-4.210383,nan
4eor,4eor_764,8.090,-2.563160,nan
4eor,4eor_769,6.250,-1.822614,nan
4eor,4eor_773,6.670,-3.427857,nan
4eor,4eor_790,0.970,-0.885694,nan
4eor,4eor_850,0.620,-0.700448,nan
4eor,4eor_860,0.970,-1.041966,nan
4eor,4eor_911,0.880,-0.625582,nan
4f09,4f09_182,0.720,-0.502486,nan
4f09,4f09_270,0.270,-0.192696,nan
4f09,4f09_407,0.790,-0.561664,nan
4f09,4f09_408,1.160,-0.543392,nan
4f09,4f09_421,0.910,-0.293854,nan
4f09,4f09_424,1.470,-1.028712,nan
4f09,4f09_439,4.460,-1.089621,nan
4f09,4f09_450,1.120,-1.272562,nan
4f09,4f09_456,3.950,-1.104752,nan
4f09,4f09_457,3.040,-1.590030,nan
4f09,4f09_472,6.880,-5.628108,nan
4f09,4f09_489,2.750,-1.230606,nan
4f09,4f09_522,8.120,-7.665413,nan
4f09,4f09_529,7.260,-6.447677,nan
4f09,4f09_534,7.810,-6.960990,nan
4f09,4f09_538,6.360,-5.472636,nan
4f09,4f09_539,7.370,-6.174061,nan
4f09,4f09_546,8.470,-7.914114,nan
4f09,4f09_550,8.170,-6.761988,nan
4f09,4f09_551,7.270,-6.180317,nan
4f09,4f09_552,8.460,-7.455649,nan
4f09,4f09_557,5.720,-3.694108,nan
4f09,4f09_564,1.450,-1.027642,nan
4f09,4f09_572,4.170,-2.278603,nan
4f09,4f09_576,8.170,-6.764920,nan
4f09,4f09_584,7.980,-7.522192,nan
4f09,4f09_586,3.240,-1.907374,nan
4f09,4f09_595,2.330,-1.466038,nan
4f09,4f09_597,7.760,-6.449833,nan
4f09,4f09_600,7.870,-6.974184,nan
4f09,4f09_605,1.900,-1.942072,nan
4f09,4f09_611,8.020,-7.608885,nan
4f09,4f09_621,1.350,-1.042491,nan
4f09,4f09_623,1.570,-1.201270,nan
4f09,4f09_631,2.000,-1.553289,nan
4f09,4f09_633,5.030,-1.815190,nan
4f09,4f09_654,3.310,-1.077246,nan
4f09,4f09_655,3.260,-0.915426,nan
4f09,4f09_671,6.770,-5.090277,nan
4f09,4f09_683,2.520,-0.958270,nan
4f09,4f09_690,4.640,-1.753301,nan
4f09,4f09_704,0.610,-0.435954,nan
4f09,4f09_707,0.710,-0.522466,nan
4f09,4f09_709,1.530,-0.547535,nan
4f09,4f09_711,4.010,-1.753217,nan
4f09,4f09_717,2.630,-0.463899,nan
4f09,4f09_718,2.640,-0.790694,nan
4f09,4f09_721,4.030,-0.798241,nan
4f09,4f09_723,3.570,-0.850932,nan
4f09,4f09_730,4.110,-1.711255,nan
4f09,4f09_734,5.860,-3.215787,nan
4f09,4f09_743,5.700,-3.257682,nan
4f09,4f09_745,7.190,-5.862185,nan
4f09,4f09_746,2.970,-0.927772,nan
4f09,4f09_753,6.180,-4.949695,nan
4f09,4f09_754,6.680,-5.246981,nan
4f09,4f09_755,5.020,-1.043289,nan
4f09,4f09_756,6.840,-5.165214,nan
4f09,4f09_757,4.620,-4.520494,nan
4f09,4f09_760,6.730,-4.206560,nan
4f09,4f09_762,4.720,-1.630414,nan
4f09,4f09_763,6.230,-4.526129,nan
4f09,4f09_767,5.960,-4.630283,nan
4f09,4f09_769,6.920,-5.653108,nan
4f09,4f09_771,9.910,-8.397012,nan
4f09,4f09_773,4.740,-4.074070,nan
4f09,4f09_774,5.350,-3.572602,nan
4f09,4f09_812,3.930,-1.682698,nan
4f09,4f09_832,5.360,-6.413726,nan
4f09,4f09_844,4.760,-2.561410,nan
4f09,4f09_846,7.150,-6.217391,nan
4f09,4f09_848,7.740,-6.086028,nan
4f09,4f09_863,5.060,-3.071208,nan
4f09,4f09_866,5.810,-6.210729,nan
4f09,4f09_871,6.240,-6.011253,nan
4f09,4f09_874,2.250,-1.132606,nan
4f09,4f09_875,3.780,-1.542965,nan
4f09,4f09_893,0.300,-0.244274,nan
4f09,4f09_899,1.020,-0.744200,nan
4f09,4f09_903,0.510,-0.366595,nan
4f09,4f09_91,0.670,-0.158508,nan
4f09,4f09_919,0.620,-0.546915,nan
4f09,4f09_944,2.690,-1.008262,nan
4f09,4f09_954,3.720,-1.060220,nan
4f09,4f09_965,2.620,-1.268365,nan
4f09,4f09_967,2.580,-0.233561,nan
4f09,4f09_975,3.140,-0.527431,nan
4f2w,4f2w_101,5.400,-4.547744,nan
4f2w,4f2w_105,0.600,-0.298347,nan
4f2w,4f2w_121,8.400,-7.738678,nan
4f2w,4f2w_122,5.040,-4.468812,nan
4f2w,4f2w_124,2.320,-1.569114,nan
4f2w,4f2w_136,8.900,-8.042399,nan
4f2w,4f2w_142,0.570,-0.353975,nan
4f2w,4f2w_144,5.530,-4.142217,nan
4f2w,4f2w_147,8.520,-8.103281,nan
4f2w,4f2w_151,8.690,-8.019854,nan
4f2w,4f2w_154,8.530,-7.563033,nan
4f2w,4f2w_155,7.720,-5.740565,nan
4f2w,4f2w_163,8.640,-7.787983,nan
4f2w,4f2w_187,8.610,-7.895555,nan
4f2w,4f2w_198,8.980,-7.749328,nan
4f2w,4f2w_264,0.600,-0.302429,nan
4f2w,4f2w_360,1.030,-0.304663,nan
4f2w,4f2w_407,6.040,-2.040284,nan
4f2w,4f2w_420,1.880,-1.602626,nan
4f2w,4f2w_428,5.900,-2.258799,nan
4f2w,4f2w_431,2.250,-2.201907,nan
4f2w,4f2w_435,5.920,-1.462201,nan
4f2w,4f2w_436,2.290,-1.928024,nan
4f2w,4f2w_437,6.200,-2.119835,nan
4f2w,4f2w_439,5.910,-2.124191,nan
4f2w,4f2w_442,1.240,-0.814180,nan
4f2w,4f2w_45,8.530,-7.896942,nan
4f2w,4f2w_454,1.850,-0.706153,nan
4f2w,4f2w_465,6.080,-2.189725,nan
4f2w,4f2w_467,5.690,-1.365723,nan
4f2w,4f2w_468,2.010,-1.469094,nan
4f2w,4f2w_473,2.620,-1.730873,nan
4f2w,4f2w_474,5.170,-2.088628,nan
4f2w,4f2w_476,1.470,-1.396455,nan
4f2w,4f2w_480,2.480,-1.633461,nan
4f2w,4f2w_482,7.200,-5.531384,nan
4f2w,4f2w_484,1.660,-1.404761,nan
4f2w,4f2w_486,5.740,-1.992361,nan
4f2w,4f2w_519,6.770,-4.173958,nan
4f2w,4f2w_521,7.350,-5.854858,nan
4f2w,4f2w_523,4.850,-3.768095,nan
4f2w,4f2w_542,3.750,-2.514944,nan
4f2w,4f2w_543,6.850,-4.687864,nan
4f2w,4f2w_552,7.060,-6.670568,nan
4f2w,4f2w_559,4.590,-2.947256,nan
4f2w,4f2w_562,6.430,-3.545192,nan
4f2w,4f2w_567,7.030,-5.855939,nan
4f2w,4f2w_571,6.290,-4.822520,nan
4f2w,4f2w_581,7.130,-5.487769,nan
4f2w,4f2w_582,6.620,-4.705049,nan
4f2w,4f2w_585,7.200,-5.910423,nan
4f2w,4f2w_586,3.170,-2.265474,nan
4f2w,4f2w_589,1.950,-1.742161,nan
4f2w,4f2w_597,3.900,-3.157019,nan
4f2w,4f2w_608,6.410,-4.147344,nan
4f2w,4f2w_620,2.400,-1.240061,nan
4f2w,4f2w_631,2.180,-1.029951,nan
4f2w,4f2w_638,7.030,-4.274230,nan
4f2w,4f2w_657,6.060,-2.785425,nan
4f2w,4f2w_658,5.610,-3.033106,nan
4f2w,4f2w_66,8.630,-8.197252,nan
4f2w,4f2w_664,2.860,-1.246522,nan
4f2w,4f2w_665,7.730,-6.831815,nan
4f2w,4f2w_671,2.390,-1.469347,nan
4f2w,4f2w_687,7.340,-6.530135,nan
4f2w,4f2w_725,1.000,-0.492963,nan
4f2w,4f2w_749,1.520,-0.669039,nan
4f2w,4f2w_770,1.820,-0.962880,nan
4f2w,4f2w_796,0.540,-0.279926,nan
4f2w,4f2w_825,0.900,-0.677369,nan
4f2w,4f2w_901,0.590,-0.384141,nan
4f2w,4f2w_907,0.440,-0.459544,nan
4f2w,4f2w_917,0.410,-0.263494,nan
4f2w,4f2w_922,1.040,-1.107074,nan
4f2w,4f2w_979,0.630,-0.423913,nan
4f3c,4f3c_101,9.380,-8.571085,nan
4f3c,4f3c_104,9.500,-8.530456,nan
4f3c,4f3c_140,8.060,-6.548424,nan
4f3c,4f3c_150,9.830,-8.508683,nan
4f3c,4f3c_178,8.070,-7.066809,nan
4f3c,4f3c_190,9.400,-8.530150,nan
4f3c,4f3c_21,2.490,-2.164531,nan
4f3c,4f3c_251,0.780,-1.309831,nan
4f3c,4f3c_28,5.900,-6.512631,nan
4f3c,4f3c_301,9.240,-8.391700,nan
4f3c,4f3c_308,9.420,-8.205798,nan
4f3c,4f3c_323,1.960,-1.747861,nan
4f3c,4f3c_362,0.530,-0.952922,nan
4f3c,4f3c_363,1.300,-1.980886,nan
4f3c,4f3c_382,0.600,-1.578788,nan
4f3c,4f3c_390,8.770,-8.373802,nan
4f3c,4f3c_394,9.180,-8.543787,nan
4f3c,4f3c_400,9.550,-8.466571,nan
4f3c,4f3c_403,1.160,-1.336093,nan
4f3c,4f3c_404,1.780,-1.212583,nan
4f3c,4f3c_409,1.810,-2.367105,nan
4f3c,4f3c_420,6.670,-2.730943,nan
4f3c,4f3c_429,6.600,-2.368417,nan
4f3c,4f3c_430,7.320,-3.103480,nan
4f3c,4f3c_434,2.740,-1.459264,nan
4f3c,4f3c_445,3.310,-1.555005,nan
4f3c,4f3c_447,1.820,-2.795463,nan
4f3c,4f3c_450,5.900,-3.171880,nan
4f3c,4f3c_451,1.520,-1.997797,nan
4f3c,4f3c_452,2.170,-2.515907,nan
4f3c,4f3c_458,1.600,-1.908578,nan
4f3c,4f3c_463,2.640,-2.051185,nan
4f3c,4f3c_465,7.090,-6.653584,nan
4f3c,4f3c_470,6.790,-2.898453,nan
4f3c,4f3c_472,2.320,-2.030026,nan
4f3c,4f3c_474,2.180,-2.051788,nan
4f3c,4f3c_479,2.490,-1.629179,nan
4f3c,4f3c_480,3.260,-2.007453,nan
4f3c,4f3c_481,1.920,-1.785418,nan
4f3c,4f3c_490,6.200,-2.677284,nan
4f3c,4f3c_496,6.320,-1.627939,nan
4f3c,4f3c_497,7.200,-3.050907,nan
4f3c,4f3c_507,4.760,-4.363921,nan
4f3c,4f3c_513,5.890,-5.805873,nan
4f3c,4f3c_514,8.850,-8.581746,nan
4f3c,4f3c_516,6.390,-7.442386,nan
4f3c,4f3c_523,7.550,-4.011035,nan
4f3c,4f3c_524,5.060,-4.270469,nan
4f3c,4f3c_525,5.000,-4.926552,nan
4f3c,4f3c_530,9.320,-8.531799,nan
4f3c,4f3c_538,7.820,-8.468246,nan
4f3c,4f3c_54,6.130,-7.572345,nan
4f3c,4f3c_542,6.280,-7.026081,nan
4f3c,4f3c_544,6.180,-6.788743,nan
4f3c,4f3c_545,8.340,-6.727869,nan
4f3c,4f3c_553,7.800,-6.725165,nan
4f3c,4f3c_556,6.100,-5.925983,nan
4f3c,4f3c_558,5.300,-5.032432,nan
4f3c,4f3c_559,5.490,-5.136328,nan
4f3c,4f3c_561,4.460,-3.573771,nan
4f3c,4f3c_563,8.140,-7.013559,nan
4f3c,4f3c_568,4.780,-4.112558,nan
4f3c,4f3c_569,7.930,-8.453674,nan
4f3c,4f3c_57,5.670,-6.228574,nan
4f3c,4f3c_573,5.930,-5.916380,nan
4f3c,4f3c_577,8.370,-8.526703,nan
4f3c,4f3c_585,7.190,-7.917775,nan
4f3c,4f3c_587,5.940,-6.271872,nan
4f3c,4f3c_592,4.910,-4.857141,nan
4f3c,4f3c_595,4.580,-4.574580,nan
4f3c,4f3c_6,8.250,-7.668091,nan
4f3c,4f3c_600,5.020,-5.536561,nan
4f3c,4f3c_61,0.440,-1.580882,nan
4f3c,4f3c_612,2.110,-2.081211,nan
4f3c,4f3c_642,8.270,-8.245539,nan
4f3c,4f3c_643,4.900,-5.657605,nan
4f3c,4f3c_646,2.630,-1.786207,nan
4f3c,4f3c_667,7.850,-5.736462,nan
4f3c,4f3c_680,4.860,-4.237851,nan
4f3c,4f3c_682,4.010,-3.549831,nan
4f3c,4f3c_685,8.140,-6.483347,nan
4f3c,4f3c_687,3.910,-3.748684,nan
4f3c,4f3c_688,4.030,-3.855996,nan
4f3c,4f3c_689,9.270,-8.435759,nan
4f3c,4f3c_693,2.770,-2.731829,nan
4f3c,4f3c_696,3.430,-3.192370,nan
4f3c,4f3c_72,7.890,-7.027279,nan
4f3c,4f3c_744,0.730,-1.443111,nan
4f3c,4f3c_755,0.320,-1.295413,nan
4f3c,4f3c_773,0.780,-1.477415,nan
4f3c,4f3c_833,0.640,-1.250349,nan
4f3c,4f3c_871,1.050,-0.966459,nan
4f3c,4f3c_885,1.000,-1.315651,nan
4f3c,4f3c_926,1.000,-1.309174,nan
4f9w,4f9w_10,0.540,-0.671635,nan
4f9w,4f9w_113,0.600,-0.626250,nan
4f9w,4f9w_169,1.080,-1.150115,nan
4f9w,4f9w_194,0.350,-0.481794,nan
4f9w,4f9w_25,0.530,-0.374869,nan
4f9w,4f9w_283,0.550,-0.686793,nan
4f9w,4f9w_36,0.300,-0.640646,nan
4f9w,4f9w_366,1.510,-0.791674,nan
4f9w,4f9w_396,2.020,-1.098322,nan
4f9w,4f9w_401,1.790,-2.217709,nan
4f9w,4f9w_405,1.960,-1.330819,nan
4f9w,4f9w_406,1.510,-1.169845,nan
4f9w,4f9w_407,0.870,-0.492775,nan
4f9w,4f9w_408,1.190,-0.572209,nan
4f9w,4f9w_419,2.680,-1.763006,nan
4f9w,4f9w_421,5.180,-1.985132,nan
4f9w,4f9w_435,0.930,-1.090744,nan
4f9w,4f9w_442,3.270,-2.248415,nan
4f9w,4f9w_445,1.980,-2.609205,nan
4f9w,4f9w_452,2.250,-3.254436,nan
4f9w,4f9w_456,1.520,-1.859012,nan
4f9w,4f9w_463,2.280,-1.856573,nan
4f9w,4f9w_466,3.100,-1.604693,nan
4f9w,4f9w_469,2.570,-1.624508,nan
4f9w,4f9w_476,4.890,-1.500266,nan
4f9w,4f9w_479,4.720,-1.967039,nan
4f9w,4f9w_480,5.640,-3.795584,nan
4f9w,4f9w_485,1.330,-2.019120,nan
4f9w,4f9w_487,2.700,-1.895938,nan
4f9w,4f9w_489,4.750,-5.326590,nan
4f9w,4f9w_505,3.180,-2.032327,nan
4f9w,4f9w_518,4.670,-4.917244,nan
4f9w,4f9w_523,4.930,-1.138143,nan
4f9w,4f9w_524,6.320,-3.421655,nan
4f9w,4f9w_526,5.290,-5.582734,nan
4f9w,4f9w_527,6.340,-5.283734,nan
4f9w,4f9w_529,5.870,-3.225288,nan
4f9w,4f9w_530,2.150,-2.492932,nan
4f9w,4f9w_565,3.540,-1.614166,nan
4f9w,4f9w_571,5.190,-3.870983,nan
4f9w,4f9w_572,6.230,-7.236346,nan
4f9w,4f9w_573,5.340,-5.263573,nan
4f9w,4f9w_580,5.750,-6.905042,nan
4f9w,4f9w_581,7.410,-4.770913,nan
4f9w,4f9w_583,8.110,-6.892385,nan
4f9w,4f9w_588,4.410,-3.653240,nan
4f9w,4f9w_592,5.300,-5.410357,nan
4f9w,4f9w_599,7.480,-4.624058,nan
4f9w,4f9w_609,1.860,-2.237551,nan
4f9w,4f9w_621,3.500,-3.877959,nan
4f9w,4f9w_630,2.790,-2.242578,nan
4f9w,4f9w_637,4.810,-3.426046,nan
4f9w,4f9w_653,4.710,-3.741403,nan
4f9w,4f9w_661,3.040,-3.417668,nan
4f9w,4f9w_664,2.110,-2.461502,nan
4f9w,4f9w_671,6.090,-2.896513,nan
4f9w,4f9w_673,3.400,-3.583465,nan
4f9w,4f9w_674,6.990,-7.910258,nan
4f9w,4f9w_684,7.330,-5.768712,nan
4f9w,4f9w_685,7.100,-5.668578,nan
4f9w,4f9w_687,3.000,-2.043716,nan
4f9w,4f9w_695,3.150,-2.162610,nan
4f9w,4f9w_732,3.100,-1.197670,nan
4f9w,4f9w_737,6.030,-5.422102,nan
4f9w,4f9w_782,5.630,-5.354698,nan
4f9w,4f9w_783,6.280,-5.769682,nan
4f9w,4f9w_784,6.560,-5.169236,nan
4f9w,4f9w_787,5.760,-2.454497,nan
4f9w,4f9w_788,6.330,-5.190123,nan
4f9w,4f9w_798,6.160,-5.663867,nan
4f9w,4f9w_86,0.490,-0.604449,nan
4f9w,4f9w_899,4.730,-4.871065,nan
4f9w,4f9w_92,4.800,-5.565264,nan
4f9w,4f9w_96,0.530,-0.955245,nan
4f9w,4f9w_996,3.250,-3.416022,nan
4gfm,4gfm_183,6.020,-0.792046,nan
4gfm,4gfm_214,0.460,-0.386393,nan
4gfm,4gfm_219,1.970,-0.523049,nan
4gfm,4gfm_225,0.430,-0.430832,nan
4gfm,4gfm_249,0.270,-0.438656,nan
4gfm,4gfm_251,0.340,-0.405512,nan
4gfm,4gfm_271,5.130,-1.744301,nan
4gfm,4gfm_286,0.490,-0.596622,nan
4gfm,4gfm_291,0.700,-0.294992,nan
4gfm,4gfm_373,6.060,-1.057372,nan
4gfm,4gfm_408,1.900,-0.443092,nan
4gfm,4gfm_415,1.260,-0.546784,nan
4gfm,4gfm_425,2.220,-0.251117,nan
4gfm,4gfm_428,2.310,-0.932890,nan
4gfm,4gfm_433,1.010,-0.864013,nan
4gfm,4gfm_450,6.040,-1.854936,nan
4gfm,4gfm_456,1.870,-1.698238,nan
4gfm,4gfm_466,1.130,-0.888564,nan
4gfm,4gfm_467,6.270,-2.216779,nan
4gfm,4gfm_469,2.290,-1.275829,nan
4gfm,4gfm_477,1.860,-1.310690,nan
4gfm,4gfm_487,6.010,-2.428029,nan
4gfm,4gfm_488,4.020,-2.196563,nan
4gfm,4gfm_49,2.600,-1.355213,nan
4gfm,4gfm_496,1.610,-2.126538,nan
4gfm,4gfm_506,4.770,-4.001941,nan
4gfm,4gfm_508,5.110,-4.352281,nan
4gfm,4gfm_528,0.740,-0.516047,nan
4gfm,4gfm_553,3.860,-1.965058,nan
4gfm,4gfm_558,8.990,-8.446344,nan
4gfm,4gfm_565,6.300,-3.532808,nan
4gfm,4gfm_568,7.160,-4.447578,nan
4gfm,4gfm_576,3.060,-2.068766,nan
4gfm,4gfm_578,3.090,-2.326258,nan
4gfm,4gfm_585,2.580,-1.866056,nan
4gfm,4gfm_595,7.420,-3.928294,nan
4gfm,4gfm_600,4.710,-1.071230,nan
4gfm,4gfm_604,0.830,-0.823291,nan
4gfm,4gfm_61,2.200,-0.853509,nan
4gfm,4gfm_614,2.360,-1.071539,nan
4gfm,4gfm_623,6.270,-3.948010,nan
4gfm,4gfm_624,4.890,-0.954899,nan
4gfm,4gfm_649,3.930,-1.614169,nan
4gfm,4gfm_654,5.950,-1.698635,nan
4gfm,4gfm_665,5.930,-1.549913,nan
4gfm,4gfm_668,4.590,-1.172241,nan
4gfm,4gfm_681,3.860,-3.566617,nan
4gfm,4gfm_685,3.780,-3.162401,nan
4gfm,4gfm_719,1.200,-0.768344,nan
4gfm,4gfm_729,3.480,-2.321643,nan
4gfm,4gfm_734,4.960,-2.073406,nan
4gfm,4gfm_735,2.120,-1.438669,nan
4gfm,4gfm_744,7.270,-7.678571,nan
4gfm,4gfm_745,7.250,-7.698683,nan
4gfm,4gfm_749,8.010,-5.503850,nan
4gfm,4gfm_751,7.510,-6.413579,nan
4gfm,4gfm_755,6.590,-8.428054,nan
4gfm,4gfm_763,3.940,-4.833708,nan
4gfm,4gfm_768,2.960,-2.775675,nan
4gfm,4gfm_769,7.560,-5.664044,nan
4gfm,4gfm_774,5.980,-7.642842,nan
4gfm,4gfm_779,4.100,-4.976661,nan
4gfm,4gfm_780,4.610,-6.603418,nan
4gfm,4gfm_782,4.790,-5.018987,nan
4gfm,4gfm_785,5.340,-5.268503,nan
4gfm,4gfm_788,5.110,-7.800858,nan
4gfm,4gfm_789,3.810,-4.714756,nan
4gfm,4gfm_793,5.300,-3.722610,nan
4gfm,4gfm_824,4.670,-1.473291,nan
4gfm,4gfm_827,2.080,-0.572574,nan
4gfm,4gfm_832,5.720,-0.383329,nan
4gfm,4gfm_836,8.630,-8.103850,nan
4gfm,4gfm_842,5.510,-0.976839,nan
4gfm,4gfm_857,6.330,-2.201285,nan
4gfm,4gfm_859,8.870,-8.425070,nan
4gfm,4gfm_875,7.640,-8.523950,nan
4gfm,4gfm_876,7.680,-8.523950,nan
4gfm,4gfm_879,7.680,-8.566346,nan
4gfm,4gfm_890,6.910,-4.729351,nan
4gfm,4gfm_913,0.440,-0.806832,nan
4gfm,4gfm_926,0.900,-0.751760,nan
4gfm,4gfm_992,1.290,-0.812183,nan
4gfm,4gfm_994,3.710,-2.547951,nan
4gid,4gid_132,9.120,-8.556707,nan
4gid,4gid_134,6.310,-4.563232,nan
4gid,4gid_197,0.770,-0.674671,nan
4gid,4gid_201,0.380,-0.493848,nan
4gid,4gid_204,1.190,-1.401456,nan
4gid,4gid_205,0.930,-1.026161,nan
4gid,4gid_217,5.900,-3.919812,nan
4gid,4gid_229,7.640,-5.136940,nan
4gid,4gid_230,1.140,-1.146146,nan
4gid,4gid_232,7.450,-3.174337,nan
4gid,4gid_235,7.370,-2.288192,nan
4gid,4gid_237,6.250,-5.225671,nan
4gid,4gid_242,6.870,-4.470698,nan
4gid,4gid_245,1.090,-0.613702,nan
4gid,4gid_246,1.570,-0.775948,nan
4gid,4gid_257,0.990,-0.682945,nan
4gid,4gid_259,1.140,-0.665165,nan
4gid,4gid_269,0.940,-0.646763,nan
4gid,4gid_270,6.940,-2.764215,nan
4gid,4gid_276,4.170,-2.626858,nan
4gid,4gid_277,7.200,-2.633074,nan
4gid,4gid_282,1.790,-1.270798,nan
4gid,4gid_285,0.990,-0.900983,nan
4gid,4gid_290,5.360,-2.395940,nan
4gid,4gid_291,0.810,-0.829258,nan
4gid,4gid_298,0.910,-1.026001,nan
4gid,4gid_301,9.820,-8.545128,nan
4gid,4gid_311,8.250,-8.497211,nan
4gid,4gid_315,9.380,-8.435310,nan
4gid,4gid_324,7.660,-7.723956,nan
4gid,4gid_336,0.970,-0.737490,nan
4gid,4gid_368,9.270,-8.270267,nan
4gid,4gid_372,9.640,-8.561493,nan
4gid,4gid_39,8.290,-4.900508,nan
4gid,4gid_393,9.410,-8.559148,nan
4gid,4gid_402,3.020,-3.134818,nan
4gid,4gid_405,3.840,-3.348315,nan
4gid,4gid_408,2.320,-2.662591,nan
4gid,4gid_412,2.410,-2.701452,nan
4gid,4gid_416,5.760,-3.987157,nan
4gid,4gid_421,4.190,-3.182529,nan
4gid,4gid_428,4.040,-2.896061,nan
4gid,4gid_429,5.290,-4.309885,nan
4gid,4gid_433,2.990,-3.830894,nan
4gid,4gid_435,6.920,-3.358958,nan
4gid,4gid_449,2.660,-1.743975,nan
4gid,4gid_453,4.530,-3.233330,nan
4gid,4gid_462,4.060,-3.291980,nan
4gid,4gid_475,3.920,-3.536015,nan
4gid,4gid_479,2.670,-2.735320,nan
4gid,4gid_481,8.180,-5.095705,nan
4gid,4gid_482,4.150,-3.675581,nan
4gid,4gid_483,2.620,-3.194497,nan
4gid,4gid_486,3.110,-3.841796,nan
4gid,4gid_506,8.520,-5.989969,nan
4gid,4gid_507,8.480,-5.244117,nan
4gid,4gid_509,7.580,-4.705390,nan
4gid,4gid_54,8.220,-8.553960,nan
4gid,4gid_577,8.250,-7.119750,nan
4gid,4gid_580,6.320,-4.117451,nan
4gid,4gid_596,7.660,-6.463448,nan
4gid,4gid_625,9.850,-8.492185,nan
4gid,4gid_629,8.950,-7.790716,nan
4gid,4gid_630,9.260,-8.120585,nan
4gid,4gid_666,5.390,-4.124649,nan
4gid,4gid_699,6.620,-4.608911,nan
4gid,4gid_700,9.400,-8.271060,nan
4gid,4gid_713,4.360,-2.064119,nan
4gid,4gid_718,5.300,-1.890169,nan
4gid,4gid_725,4.600,-1.869351,nan
4gid,4gid_732,5.500,-3.202076,nan
4gid,4gid_735,4.530,-2.277476,nan
4gid,4gid_739,7.020,-6.541430,nan
4gid,4gid_744,6.430,-1.674663,nan
4gid,4gid_752,8.100,-8.188419,nan
4gid,4gid_766,3.400,-1.896240,nan
4gid,4gid_770,5.980,-3.820266,nan
4gid,4gid_78,9.450,-8.556741,nan
4gid,4gid_789,0.990,-0.973403,nan
4gid,4gid_791,1.290,-0.794652,nan
4gid,4gid_792,1.550,-1.140990,nan
4gid,4gid_796,2.140,-2.445877,nan
4gid,4gid_804,1.930,-2.208846,nan
4gid,4gid_809,2.630,-1.753383,nan
4gid,4gid_811,3.600,-0.697837,nan
4gid,4gid_815,3.450,-2.471447,nan
4gid,4gid_833,1.760,-1.166628,nan
4gid,4gid_860,2.930,-2.158291,nan
4gid,4gid_861,5.710,-4.542956,nan
4gid,4gid_874,3.490,-2.023265,nan
4gid,4gid_880,3.010,-2.429407,nan
4gid,4gid_897,2.010,-1.282638,nan
4gid,4gid_937,6.830,-2.903703,nan
4gid,4gid_941,3.850,-2.434128,nan
4gid,4gid_943,5.720,-4.473725,nan
4gid,4gid_944,7.320,-6.561714,nan
4gid,4gid_946,7.880,-4.632627,nan
4gid,4gid_948,8.110,-7.928725,nan
4gid,4gid_951,4.490,-2.672481,nan
4gid,4gid_959,6.220,-4.339971,nan
4gkm,4gkm_111,0.460,-0.357540,nan
4gkm,4gkm_123,1.200,-0.596500,nan
4gkm,4gkm_133,3.970,-2.206807,nan
4gkm,4gkm_137,4.380,-1.986620,nan
4gkm,4gkm_158,1.340,-0.476797,nan
4gkm,4gkm_166,0.920,-0.377494,nan
4gkm,4gkm_180,0.500,-0.306553,nan
4gkm,4gkm_189,0.940,-0.330382,nan
4gkm,4gkm_2,0.840,-0.441222,nan
4gkm,4gkm_220,3.320,-1.599923,nan
4gkm,4gkm_25,6.110,-2.658556,nan
4gkm,4gkm_265,4.170,-2.116182,nan
4gkm,4gkm_280,5.010,-2.567043,nan
4gkm,4gkm_301,2.320,-0.894734,nan
4gkm,4gkm_302,5.400,-3.735656,nan
4gkm,4gkm_338,3.950,-2.505158,nan
4gkm,4gkm_346,7.100,-5.503499,nan
4gkm,4gkm_348,0.680,-0.221938,nan
4gkm,4gkm_349,8.220,-6.170852,nan
4gkm,4gkm_358,1.140,-0.942968,nan
4gkm,4gkm_363,3.010,-4.055818,nan
4gkm,4gkm_374,2.580,-3.581281,nan
4gkm,4gkm_375,0.560,-0.318371,nan
4gkm,4gkm_425,4.910,-1.901933,nan
4gkm,4gkm_438,6.530,-2.904063,nan
4gkm,4gkm_45,0.730,-0.542974,nan
4gkm,4gkm_472,6.380,-3.247241,nan
4gkm,4gkm_480,2.500,-1.581759,nan
4gkm,4gkm_510,1.410,-1.009478,nan
4gkm,4gkm_515,3.690,-1.956414,nan
4gkm,4gkm_526,4.710,-3.013615,nan
4gkm,4gkm_528,2.690,-1.100657,nan
4gkm,4gkm_551,1.650,-2.172304,nan
4gkm,4gkm_564,3.100,-2.863134,nan
4gkm,4gkm_566,2.430,-2.181065,nan
4gkm,4gkm_569,5.880,-5.918244,nan
4gkm,4gkm_574,6.130,-3.638099,nan
4gkm,4gkm_579,1.570,-0.987746,nan
4gkm,4gkm_584,2.770,-2.838578,nan
4gkm,4gkm_585,1.860,-1.589226,nan
4gkm,4gkm_611,3.290,-2.835370,nan
4gkm,4gkm_614,6.100,-4.344635,nan
4gkm,4gkm_618,2.650,-0.837511,nan
4gkm,4gkm_625,3.930,-1.830784,nan
4gkm,4gkm_626,4.080,-5.479990,nan
4gkm,4gkm_628,2.680,-1.590915,nan
4gkm,4gkm_629,1.980,-1.473376,nan
4gkm,4gkm_657,2.720,-2.092040,nan
4gkm,4gkm_658,5.000,-1.783497,nan
4gkm,4gkm_665,5.300,-3.476541,nan
4gkm,4gkm_668,4.500,-2.736173,nan
4gkm,4gkm_671,3.120,-1.544790,nan
4gkm,4gkm_675,6.640,-4.853387,nan
4gkm,4gkm_676,4.500,-3.784124,nan
4gkm,4gkm_678,5.870,-3.160467,nan
4gkm,4gkm_68,5.840,-3.016518,nan
4gkm,4gkm_688,1.640,-0.938979,nan
4gkm,4gkm_69,6.010,-3.837704,nan
4gkm,4gkm_692,5.780,-4.070024,nan
4gkm,4gkm_694,5.490,-5.731069,nan
4gkm,4gkm_696,4.950,-5.400249,nan
4gkm,4gkm_698,5.340,-2.915755,nan
4gkm,4gkm_731,4.420,-4.978764,nan
4gkm,4gkm_769,3.180,-2.296218,nan
4gkm,4gkm_77,6.090,-2.223846,nan
4gkm,4gkm_770,6.540,-4.972158,nan
4gkm,4gkm_778,7.170,-4.625657,nan
4gkm,4gkm_779,7.020,-5.370683,nan
4gkm,4gkm_795,0.740,-0.324869,nan
4gkm,4gkm_798,6.080,-3.563380,nan
4gkm,4gkm_80,2.910,-0.442394,nan
4gkm,4gkm_813,1.620,-1.448917,nan
4gkm,4gkm_87,0.960,-0.542779,nan
4gkm,4gkm_90,5.960,-2.585285,nan
4gr0,4gr0_107,2.170,-2.855594,nan
4gr0,4gr0_113,4.640,-2.045366,nan
4gr0,4gr0_119,8.830,-8.557011,nan
4gr0,4gr0_120,3.550,-2.523006,nan
4gr0,4gr0_13,3.040,-1.587692,nan
4gr0,4gr0_133,8.770,-8.565949,nan
4gr0,4gr0_15,5.640,-3.976773,nan
4gr0,4gr0_159,2.260,-2.534077,nan
4gr0,4gr0_162,7.970,-8.452744,nan
4gr0,4gr0_206,0.970,-2.003917,nan
4gr0,4gr0_217,1.080,-1.355879,nan
4gr0,4gr0_218,2.090,-3.301866,nan
4gr0,4gr0_226,2.740,-0.678662,nan
4gr0,4gr0_228,6.510,-2.822728,nan
4gr0,4gr0_236,3.040,-1.488460,nan
4gr0,4gr0_237,0.850,-1.794217,nan
4gr0,4gr0_240,1.270,-1.955817,nan
4gr0,4gr0_242,5.820,-1.257093,nan
4gr0,4gr0_250,0.820,-1.671185,nan
4gr0,4gr0_268,0.980,-2.091745,nan
4gr0,4gr0_272,1.450,-2.367615,nan
4gr0,4gr0_279,0.950,-1.713167,nan
4gr0,4gr0_281,0.940,-1.584282,nan
4gr0,4gr0_286,0.690,-2.234250,nan
4gr0,4gr0_287,0.810,-1.921560,nan
4gr0,4gr0_300,5.670,-1.204837,nan
4gr0,4gr0_305,3.560,-0.928868,nan
4gr0,4gr0_306,9.150,-8.569065,nan
4gr0,4gr0_314,9.090,-8.558002,nan
4gr0,4gr0_324,8.510,-8.367456,nan
4gr0,4gr0_326,0.910,-1.576196,nan
4gr0,4gr0_33,8.940,-8.573838,nan
4gr0,4gr0_341,1.100,-2.370324,nan
4gr0,4gr0_375,4.110,-1.916853,nan
4gr0,4gr0_381,7.610,-8.560241,nan
4gr0,4gr0_402,7.530,-5.295692,nan
4gr0,4gr0_405,2.300,-2.322509,nan
4gr0,4gr0_408,4.620,-1.700293,nan
4gr0,4gr0_410,1.990,-2.662765,nan
4gr0,4gr0_411,6.150,-4.209692,nan
4gr0,4gr0_412,3.570,-4.152855,nan
4gr0,4gr0_416,6.250,-2.648113,nan
4gr0,4gr0_417,5.750,-4.909282,nan
4gr0,4gr0_419,4.050,-3.286275,nan
4gr0,4gr0_420,8.270,-5.119114,nan
4gr0,4gr0_421,6.010,-3.655507,nan
4gr0,4gr0_422,3.320,-3.267765,nan
4gr0,4gr0_428,5.440,-2.574575,nan
4gr0,4gr0_429,4.010,-5.148060,nan
4gr0,4gr0_433,3.160,-1.733920,nan
4gr0,4gr0_438,6.770,-5.337781,nan
4gr0,4gr0_439,3.330,-3.348145,nan
4gr0,4gr0_440,6.500,-2.519023,nan
4gr0,4gr0_452,2.610,-2.675969,nan
4gr0,4gr0_456,7.460,-4.614599,nan
4gr0,4gr0_457,7.590,-4.229140,nan
4gr0,4gr0_459,4.110,-4.459033,nan
4gr0,4gr0_465,2.250,-4.622581,nan
4gr0,4gr0_467,9.920,-4.115860,nan
4gr0,4gr0_468,2.710,-2.501665,nan
4gr0,4gr0_471,3.950,-2.715687,nan
4gr0,4gr0_472,9.140,-5.480587,nan
4gr0,4gr0_473,4.160,-4.204610,nan
4gr0,4gr0_474,4.470,-3.666091,nan
4gr0,4gr0_476,6.280,-4.954146,nan
4gr0,4gr0_486,3.930,-2.495742,nan
4gr0,4gr0_491,6.760,-4.989424,nan
4gr0,4gr0_492,5.350,-3.529569,nan
4gr0,4gr0_497,4.620,-3.167362,nan
4gr0,4gr0_499,5.350,-3.418179,nan
4gr0,4gr0_518,7.710,-4.589350,nan
4gr0,4gr0_529,7.130,-4.494625,nan
4gr0,4gr0_53,1.420,-2.288998,nan
4gr0,4gr0_541,8.590,-6.054725,nan
4gr0,4gr0_545,9.770,-8.565615,nan
4gr0,4gr0_546,8.950,-7.216972,nan
4gr0,4gr0_55,5.680,-1.069157,nan
4gr0,4gr0_550,9.810,-8.556303,nan
4gr0,4gr0_558,6.960,-7.471934,nan
4gr0,4gr0_56,9.620,-8.555017,nan
4gr0,4gr0_565,7.540,-8.200173,nan
4gr0,4gr0_566,7.540,-8.346800,nan
4gr0,4gr0_573,8.190,-8.535923,nan
4gr0,4gr0_575,8.710,-8.561226,nan
4gr0,4gr0_583,9.800,-8.564746,nan
4gr0,4gr0_584,1.940,-2.897775,nan
4gr0,4gr0_591,4.280,-4.634658,nan
4gr0,4gr0_594,8.400,-6.406566,nan
4gr0,4gr0_605,6.780,-4.954083,nan
4gr0,4gr0_630,9.860,-8.467344,nan
4gr0,4gr0_644,9.490,-8.546689,nan
4gr0,4gr0_650,7.430,-6.694290,nan
4gr0,4gr0_674,5.380,-5.819461,nan
4gr0,4gr0_709,0.890,-2.780389,nan
4gr0,4gr0_715,2.580,-1.782248,nan
4gr0,4gr0_761,1.900,-1.793625,nan
4gr0,4gr0_768,2.010,-1.391538,nan
4gr0,4gr0_791,5.860,-2.217906,nan
4gr0,4gr0_905,1.730,-1.172200,nan
4gr0,4gr0_91,1.730,-2.823064,nan
4hge,4hge_202,1.610,-1.467465,nan
4hge,4hge_203,0.940,-0.722295,nan
4hge,4hge_231,0.390,-0.322303,nan
4hge,4hge_310,0.410,-0.206307,nan
4hge,4hge_311,5.050,-3.572919,nan
4hge,4hge_356,0.900,-0.459004,nan
4hge,4hge_407,0.770,-0.345605,nan
4hge,4hge_414,4.730,-0.941961,nan
4hge,4hge_416,0.870,-0.492286,nan
4hge,4hge_422,5.050,-1.912421,nan
4hge,4hge_423,1.350,-1.096670,nan
4hge,4hge_424,4.980,-1.953196,nan
4hge,4hge_433,4.030,-1.158820,nan
4hge,4hge_437,1.820,-1.144028,nan
4hge,4hge_438,0.970,-0.723206,nan
4hge,4hge_446,4.360,-1.735885,nan
4hge,4hge_452,1.440,-1.187132,nan
4hge,4hge_456,2.500,-1.661450,nan
4hge,4hge_458,3.890,-1.090615,nan
4hge,4hge_46,0.580,-0.383718,nan
4hge,4hge_462,3.000,-0.683608,nan
4hge,4hge_464,3.770,-0.917840,nan
4hge,4hge_468,1.760,-1.188840,nan
4hge,4hge_471,1.720,-1.015743,nan
4hge,4hge_473,1.470,-0.605262,nan
4hge,4hge_477,1.220,-1.139882,nan
4hge,4hge_478,1.850,-1.137377,nan
4hge,4hge_498,2.130,-1.219175,nan
4hge,4hge_503,0.470,-0.148466,nan
4hge,4hge_530,5.640,-5.261475,nan
4hge,4hge_534,6.060,-5.124269,nan
4hge,4hge_543,3.580,-1.878750,nan
4hge,4hge_548,2.480,-2.061893,nan
4hge,4hge_549,3.210,-3.036234,nan
4hge,4hge_55,0.700,-0.287192,nan
4hge,4hge_555,4.750,-3.077321,nan
4hge,4hge_558,4.000,-1.746376,nan
4hge,4hge_559,5.340,-3.237522,nan
4hge,4hge_572,4.700,-2.105051,nan
4hge,4hge_573,5.480,-4.082163,nan
4hge,4hge_574,5.930,-3.708095,nan
4hge,4hge_581,5.750,-3.218719,nan
4hge,4hge_583,5.050,-2.128822,nan
4hge,4hge_602,3.950,-1.969641,nan
4hge,4hge_605,4.190,-2.350215,nan
4hge,4hge_612,2.470,-1.158822,nan
4hge,4hge_617,4.130,-1.451144,nan
4hge,4hge_621,2.260,-1.145547,nan
4hge,4hge_638,3.320,-2.969157,nan
4hge,4hge_643,3.980,-1.326062,nan
4hge,4hge_646,3.860,-2.129867,nan
4hge,4hge_654,3.750,-1.155088,nan
4hge,4hge_655,5.400,-2.465809,nan
4hge,4hge_659,5.270,-2.613247,nan
4hge,4hge_662,2.300,-1.482096,nan
4hge,4hge_666,6.840,-6.142684,nan
4hge,4hge_667,4.070,-2.643406,nan
4hge,4hge_671,6.300,-4.118240,nan
4hge,4hge_689,2.040,-1.653786,nan
4hge,4hge_692,6.570,-5.694983,nan
4hge,4hge_695,6.140,-5.230521,nan
4hge,4hge_699,4.400,-2.770121,nan
4hge,4hge_700,6.100,-4.120320,nan
4hge,4hge_737,6.200,-3.165295,nan
4hge,4hge_742,2.450,-0.900190,nan
4hge,4hge_749,6.320,-3.653221,nan
4hge,4hge_797,2.550,-0.654464,nan
4hge,4hge_828,6.200,-3.165295,nan
4hge,4hge_848,6.320,-3.653221,nan
4hge,4hge_943,1.850,-0.463409,nan
4ih5,4ih5_140,2.970,-1.561629,nan
4ih5,4ih5_148,3.050,-3.017697,nan
4ih5,4ih5_159,2.570,-2.157238,nan
4ih5,4ih5_161,2.430,-1.414010,nan
4ih5,4ih5_168,2.920,-1.620232,nan
4ih5,4ih5_169,1.810,-0.431744,nan
4ih5,4ih5_192,3.090,-1.713188,nan
4ih5,4ih5_202,4.070,-1.922506,nan
4ih5,4ih5_219,3.920,-1.363926,nan
4ih5,4ih5_227,3.850,-0.846805,nan
4ih5,4ih5_281,5.630,-5.340445,nan
4ih5,4ih5_302,0.700,-1.016559,nan
4ih5,4ih5_306,0.780,-1.018601,nan
4ih5,4ih5_327,2.200,-0.627732,nan
4ih5,4ih5_341,0.980,-1.220953,nan
4ih5,4ih5_367,0.590,-0.863397,nan
4ih5,4ih5_374,5.420,-5.135177,nan
4ih5,4ih5_381,0.980,-1.139307,nan
4ih5,4ih5_384,1.020,-0.950972,nan
4ih5,4ih5_390,4.550,-3.614504,nan
4ih5,4ih5_397,0.780,-1.109016,nan
4ih5,4ih5_400,0.810,-1.170458,nan
4ih5,4ih5_417,2.570,-1.079826,nan
4ih5,4ih5_421,7.220,-7.614781,nan
4ih5,4ih5_427,7.330,-7.481032,nan
4ih5,4ih5_428,3.570,-2.510923,nan
4ih5,4ih5_432,3.860,-2.751619,nan
4ih5,4ih5_433,5.350,-4.999377,nan
4ih5,4ih5_448,4.350,-3.708658,nan
4ih5,4ih5_451,6.810,-6.663537,nan
4ih5,4ih5_454,6.550,-6.881692,nan
4ih5,4ih5_459,6.690,-6.810650,nan
4ih5,4ih5_463,1.870,-1.420539,nan
4ih5,4ih5_465,2.550,-1.994237,nan
4ih5,4ih5_467,3.650,-2.586647,nan
4ih5,4ih5_482,2.260,-2.088517,nan
4ih5,4ih5_492,5.850,-5.353962,nan
4ih5,4ih5_5,4.060,-1.699494,nan
4ih5,4ih5_502,5.560,-4.707733,nan
4ih5,4ih5_508,4.630,-3.401417,nan
4ih5,4ih5_516,4.080,-3.690539,nan
4ih5,4ih5_543,6.430,-5.776696,nan
4ih5,4ih5_546,2.850,-2.307315,nan
4ih5,4ih5_560,6.340,-6.090789,nan
4ih5,4ih5_562,5.110,-3.862502,nan
4ih5,4ih5_566,1.750,-1.546495,nan
4ih5,4ih5_57,0.900,-0.693797,nan
4ih5,4ih5_581,6.240,-5.487737,nan
4ih5,4ih5_587,0.950,-1.792356,nan
4ih5,4ih5_612,2.680,-2.422104,nan
4ih5,4ih5_638,3.490,-3.869229,nan
4ih5,4ih5_651,5.250,-3.579470,nan
4ih5,4ih5_674,5.090,-3.990050,nan
4ih5,4ih5_681,6.140,-5.551951,nan
4ih5,4ih5_689,4.200,-3.653936,nan
4ih5,4ih5_690,4.410,-4.226976,nan
4ih5,4ih5_708,1.890,-1.747563,nan
4ih5,4ih5_715,4.650,-4.390260,nan
4ih5,4ih5_720,4.900,-3.893292,nan
4ih5,4ih5_729,3.740,-2.590598,nan
4ih5,4ih5_762,6.500,-4.923586,nan
4ih5,4ih5_764,1.690,-0.946018,nan
4ih5,4ih5_765,3.950,-3.022969,nan
4ih5,4ih5_779,1.340,-0.704805,nan
4ih5,4ih5_782,1.950,-1.741159,nan
4ih5,4ih5_789,5.350,-4.792969,nan
4ih5,4ih5_793,6.120,-5.780870,nan
4ih5,4ih5_794,6.610,-5.936014,nan
4ih5,4ih5_867,1.960,-0.452496,nan
4ih5,4ih5_892,5.290,-5.194876,nan
4ih5,4ih5_966,0.960,-1.043559,nan
4ih5,4ih5_983,1.530,-1.562801,nan
4ih7,4ih7_12,0.690,-0.150717,nan
4ih7,4ih7_129,2.090,-1.192871,nan
4ih7,4ih7_133,1.660,-0.688112,nan
4ih7,4ih7_159,1.890,-0.918604,nan
4ih7,4ih7_212,0.400,-0.419761,nan
4ih7,4ih7_219,0.540,-0.213983,nan
4ih7,4ih7_241,0.440,-0.076895,nan
4ih7,4ih7_302,0.600,-0.185627,nan
4ih7,4ih7_307,0.920,-0.639112,nan
4ih7,4ih7_341,0.680,-0.115604,nan
4ih7,4ih7_351,1.100,-0.647657,nan
4ih7,4ih7_378,0.940,-0.648406,nan
4ih7,4ih7_405,1.780,-0.440109,nan
4ih7,4ih7_412,1.330,-0.851711,nan
4ih7,4ih7_414,2.270,-1.725747,nan
4ih7,4ih7_415,5.010,-3.777760,nan
4ih7,4ih7_438,1.860,-0.718262,nan
4ih7,4ih7_459,1.650,-1.397760,nan
4ih7,4ih7_461,2.230,-1.225575,nan
4ih7,4ih7_477,2.920,-0.838441,nan
4ih7,4ih7_481,4.590,-3.744984,nan
4ih7,4ih7_483,2.490,-0.625272,nan
4ih7,4ih7_501,0.940,-0.789625,nan
4ih7,4ih7_504,1.320,-0.202592,nan
4ih7,4ih7_519,5.750,-1.972479,nan
4ih7,4ih7_522,2.860,-2.282371,nan
4ih7,4ih7_523,2.540,-1.296673,nan
4ih7,4ih7_527,7.280,-6.291082,nan
4ih7,4ih7_529,2.060,-1.032910,nan
4ih7,4ih7_539,3.420,-2.462909,nan
4ih7,4ih7_548,7.410,-4.682134,nan
4ih7,4ih7_552,3.720,-2.897715,nan
4ih7,4ih7_555,3.360,-1.436329,nan
4ih7,4ih7_560,4.840,-3.321774,nan
4ih7,4ih7_561,6.410,-4.918026,nan
4ih7,4ih7_563,6.800,-6.520537,nan
4ih7,4ih7_564,7.360,-5.508369,nan
4ih7,4ih7_565,6.670,-4.486514,nan
4ih7,4ih7_567,6.060,-2.767471,nan
4ih7,4ih7_570,7.220,-5.074567,nan
4ih7,4ih7_572,7.130,-5.663732,nan
4ih7,4ih7_577,2.200,-1.495174,nan
4ih7,4ih7_583,5.320,-4.437671,nan
4ih7,4ih7_591,7.330,-6.114516,nan
4ih7,4ih7_596,5.530,-5.147266,nan
4ih7,4ih7_597,6.130,-3.190863,nan
4ih7,4ih7_598,4.180,-3.536264,nan
4ih7,4ih7_600,6.410,-4.072647,nan
4ih7,4ih7_632,3.700,-3.173225,nan
4ih7,4ih7_645,7.040,-6.558507,nan
4ih7,4ih7_650,4.740,-3.627265,nan
4ih7,4ih7_661,3.870,-2.466126,nan
4ih7,4ih7_671,1.940,-1.095035,nan
4ih7,4ih7_704,4.680,-1.950813,nan
4ih7,4ih7_72,0.680,-0.693241,nan
4ih7,4ih7_729,3.030,-1.969830,nan
4ih7,4ih7_734,5.480,-4.118544,nan
4ih7,4ih7_739,3.480,-2.390660,nan
4ih7,4ih7_742,5.970,-3.286622,nan
4ih7,4ih7_743,3.950,-3.011796,nan
4ih7,4ih7_748,4.830,-3.994353,nan
4ih7,4ih7_749,5.400,-0.421648,nan
4ih7,4ih7_755,4.830,-2.495517,nan
4ih7,4ih7_760,4.800,-0.530299,nan
4ih7,4ih7_777,4.880,-3.519485,nan
4ih7,4ih7_788,5.910,-2.931081,nan
4ih7,4ih7_789,3.500,-2.077143,nan
4ih7,4ih7_794,4.430,-3.333695,nan
4ih7,4ih7_796,2.720,-1.913306,nan
4ih7,4ih7_822,6.190,-5.604953,nan
4ih7,4ih7_829,3.170,-1.451244,nan
4ih7,4ih7_877,1.810,-0.261383,nan
4ih7,4ih7_880,6.020,-3.651619,nan
4ih7,4ih7_885,5.110,-2.868794,nan
4ih7,4ih7_937,6.160,-2.851646,nan
4ih7,4ih7_940,6.180,-2.767385,nan
4ih7,4ih7_980,5.120,-2.484445,nan
4ivb,4ivb_142,0.450,-0.363499,nan
4ivb,4ivb_253,0.220,-0.405553,nan
4ivb,4ivb_423,1.500,-0.893104,nan
4ivb,4ivb_425,0.980,-0.804196,nan
4ivb,4ivb_428,3.450,-1.322625,nan
4ivb,4ivb_429,1.120,-1.179051,nan
4ivb,4ivb_436,2.270,-1.384258,nan
4ivb,4ivb_439,0.900,-0.400834,nan
4ivb,4ivb_441,1.310,-1.298841,nan
4ivb,4ivb_442,1.540,-1.132660,nan
4ivb,4ivb_460,1.340,-0.388791,nan
4ivb,4ivb_468,1.040,-0.676379,nan
4ivb,4ivb_477,2.150,-1.550668,nan
4ivb,4ivb_479,4.140,-1.523745,nan
4ivb,4ivb_511,8.110,-5.751111,nan
4ivb,4ivb_525,7.560,-3.978537,nan
4ivb,4ivb_527,4.230,-1.825817,nan
4ivb,4ivb_539,6.130,-2.199779,nan
4ivb,4ivb_547,7.450,-5.356960,nan
4ivb,4ivb_552,1.350,-0.961956,nan
4ivb,4ivb_561,8.080,-5.482858,nan
4ivb,4ivb_563,3.760,-0.648631,nan
4ivb,4ivb_565,6.410,-2.535932,nan
4ivb,4ivb_566,6.470,-2.212965,nan
4ivb,4ivb_577,2.200,-1.865614,nan
4ivb,4ivb_585,4.620,-1.381205,nan
4ivb,4ivb_586,4.860,-1.002020,nan
4ivb,4ivb_587,2.080,-1.296546,nan
4ivb,4ivb_590,7.070,-3.444081,nan
4ivb,4ivb_594,2.530,-1.437982,nan
4ivb,4ivb_598,5.180,-1.163213,nan
4ivb,4ivb_61,0.720,-0.631877,nan
4ivb,4ivb_615,1.620,-1.205681,nan
4ivb,4ivb_620,5.950,-3.594145,nan
4ivb,4ivb_625,5.630,-1.008043,nan
4ivb,4ivb_637,2.150,-1.591875,nan
4ivb,4ivb_649,4.090,-0.800355,nan
4ivb,4ivb_661,2.940,-1.199853,nan
4ivb,4ivb_664,6.480,-1.857060,nan
4ivb,4ivb_666,2.460,-1.930906,nan
4ivb,4ivb_671,3.050,-1.877661,nan
4ivb,4ivb_674,3.470,-0.768958,nan
4ivb,4ivb_734,1.240,-0.388234,nan
4ivb,4ivb_741,3.970,-0.935805,nan
4ivb,4ivb_747,3.990,-1.976195,nan
4ivb,4ivb_748,6.370,-1.815921,nan
4ivb,4ivb_750,4.270,-2.492789,nan
4ivb,4ivb_752,3.650,-1.117792,nan
4ivb,4ivb_761,1.690,-0.815288,nan
4ivb,4ivb_764,5.710,-3.075640,nan
4ivb,4ivb_768,4.460,-0.997481,nan
4ivb,4ivb_769,4.310,-2.870582,nan
4ivb,4ivb_771,4.270,-1.636844,nan
4ivb,4ivb_772,6.010,-2.151327,nan
4ivb,4ivb_773,3.390,-0.412684,nan
4ivb,4ivb_776,5.980,-2.143578,nan
4ivb,4ivb_779,5.720,-3.466340,nan
4ivb,4ivb_781,8.710,-7.042958,nan
4ivb,4ivb_783,5.070,-4.687197,nan
4ivb,4ivb_784,3.570,-1.230031,nan
4ivb,4ivb_785,3.810,-1.302388,nan
4ivb,4ivb_787,5.610,-3.099043,nan
4ivb,4ivb_788,5.740,-2.267077,nan
4ivb,4ivb_791,5.850,-2.657108,nan
4ivb,4ivb_794,6.370,-2.464194,nan
4ivb,4ivb_795,6.850,-3.399067,nan
4ivb,4ivb_797,6.640,-3.897603,nan
4ivb,4ivb_845,0.780,-0.352115,nan
4ivb,4ivb_85,0.230,-0.382659,nan
4ivb,4ivb_875,0.840,-0.412380,nan
4ivb,4ivb_884,2.140,-1.019794,nan
4ivb,4ivb_887,2.580,-1.180052,nan
4ivb,4ivb_896,4.010,-1.087356,nan
4ivb,4ivb_897,6.450,-2.292319,nan
4ivb,4ivb_947,0.620,-0.547849,nan
4ivb,4ivb_962,0.780,-0.451715,nan
4ivc,4ivc_20,0.210,-0.251888,nan
4ivc,4ivc_232,0.280,-0.399071,nan
4ivc,4ivc_32,0.780,-0.593008,nan
4ivc,4ivc_33,1.300,-0.806676,nan
4ivc,4ivc_409,1.710,-1.947107,nan
4ivc,4ivc_411,1.560,-1.172785,nan
4ivc,4ivc_428,1.260,-1.441038,nan
4ivc,4ivc_442,4.100,-1.178781,nan
4ivc,4ivc_458,1.640,-1.496241,nan
4ivc,4ivc_466,3.730,-1.671550,nan
4ivc,4ivc_470,4.090,-1.372574,nan
4ivc,4ivc_472,3.540,-1.399253,nan
4ivc,4ivc_476,2.020,-0.916151,nan
4ivc,4ivc_478,2.470,-2.190238,nan
4ivc,4ivc_483,6.510,-1.837035,nan
4ivc,4ivc_489,1.970,-1.818655,nan
4ivc,4ivc_492,2.110,-0.815039,nan
4ivc,4ivc_498,2.720,-2.187367,nan
4ivc,4ivc_515,4.870,-2.386689,nan
4ivc,4ivc_518,6.190,-1.946266,nan
4ivc,4ivc_528,6.260,-1.930501,nan
4ivc,4ivc_534,4.660,-1.409052,nan
4ivc,4ivc_537,3.890,-0.934158,nan
4ivc,4ivc_543,5.570,-1.658636,nan
4ivc,4ivc_544,5.710,-2.177898,nan
4ivc,4ivc_545,2.040,-1.191322,nan
4ivc,4ivc_552,5.910,-1.353799,nan
4ivc,4ivc_553,5.000,-2.929290,nan
4ivc,4ivc_554,5.990,-1.460371,nan
4ivc,4ivc_555,6.360,-1.976005,nan
4ivc,4ivc_560,6.070,-1.729987,nan
4ivc,4ivc_561,5.070,-1.358602,nan
4ivc,4ivc_563,5.170,-1.115602,nan
4ivc,4ivc_564,4.810,-1.489106,nan
4ivc,4ivc_571,5.420,-1.783992,nan
4ivc,4ivc_575,6.230,-1.323092,nan
4ivc,4ivc_581,3.030,-1.082502,nan
4ivc,4ivc_582,6.500,-1.772615,nan
4ivc,4ivc_583,3.340,-1.915085,nan
4ivc,4ivc_584,6.480,-2.516720,nan
4ivc,4ivc_593,2.110,-0.862498,nan
4ivc,4ivc_596,5.370,-1.826642,nan
4ivc,4ivc_600,5.040,-2.336533,nan
4ivc,4ivc_610,4.170,-1.803652,nan
4ivc,4ivc_612,2.150,-1.114922,nan
4ivc,4ivc_614,7.070,-2.893583,nan
4ivc,4ivc_64,1.270,-0.543095,nan
4ivc,4ivc_658,2.720,-1.237586,nan
4ivc,4ivc_679,2.330,-1.502396,nan
4ivc,4ivc_685,2.360,-1.429050,nan
4ivc,4ivc_687,6.060,-1.267094,nan
4ivc,4ivc_690,3.450,-2.055941,nan
4ivc,4ivc_695,3.740,-1.398942,nan
4ivc,4ivc_699,4.490,-1.028123,nan
4ivc,4ivc_700,5.080,-2.214128,nan
4ivc,4ivc_723,0.910,-0.465195,nan
4ivc,4ivc_740,0.760,-0.484283,nan
4ivc,4ivc_743,4.000,-0.608694,nan
4ivc,4ivc_757,4.050,-1.450199,nan
4ivc,4ivc_758,3.490,-0.539116,nan
4ivc,4ivc_759,4.120,-0.607986,nan
4ivc,4ivc_760,6.330,-1.356487,nan
4ivc,4ivc_764,3.600,-0.827898,nan
4ivc,4ivc_82,0.510,-0.345784,nan
4ivc,4ivc_831,1.330,-0.529825,nan
4ivc,4ivc_841,0.900,-0.898453,nan
4ivc,4ivc_860,1.310,-0.684058,nan
4ivc,4ivc_862,0.970,-0.769967,nan
4ivc,4ivc_864,1.360,-0.642123,nan
4ivc,4ivc_944,0.720,-0.377725,nan
4ivc,4ivc_961,0.990,-0.625616,nan
4ivd,4ivd_12,0.900,-0.516689,nan
4ivd,4ivd_231,0.770,-0.744555,nan
4ivd,4ivd_243,0.310,-0.611475,nan
4ivd,4ivd_260,0.770,-0.669047,nan
4ivd,4ivd_404,1.690,-0.470992,nan
4ivd,4ivd_405,2.090,-1.838056,nan
4ivd,4ivd_406,1.220,-0.960320,nan
4ivd,4ivd_426,2.060,-1.172029,nan
4ivd,4ivd_442,1.910,-1.760463,nan
4ivd,4ivd_445,2.090,-0.641040,nan
4ivd,4ivd_449,3.780,-1.059225,nan
4ivd,4ivd_451,4.320,-1.828102,nan
4ivd,4ivd_467,2.080,-0.918137,nan
4ivd,4ivd_468,3.330,-1.243142,nan
4ivd,4ivd_473,2.020,-1.058289,nan
4ivd,4ivd_480,3.200,-2.463410,nan
4ivd,4ivd_490,6.760,-1.967733,nan
4ivd,4ivd_492,3.680,-2.492260,nan
4ivd,4ivd_495,2.220,-0.974534,nan
4ivd,4ivd_497,2.930,-3.186434,nan
4ivd,4ivd_518,6.570,-1.425445,nan
4ivd,4ivd_52,0.610,-0.497265,nan
4ivd,4ivd_522,6.060,-1.506149,nan
4ivd,4ivd_533,4.150,-2.719110,nan
4ivd,4ivd_537,3.300,-3.104362,nan
4ivd,4ivd_541,6.610,-1.828986,nan
4ivd,4ivd_542,5.720,-1.994101,nan
4ivd,4ivd_546,6.510,-2.776533,nan
4ivd,4ivd_549,1.750,-1.727488,nan
4ivd,4ivd_550,3.010,-1.844930,nan
4ivd,4ivd_561,5.030,-0.752445,nan
4ivd,4ivd_562,4.200,-2.428701,nan
4ivd,4ivd_565,6.140,-0.845539,nan
4ivd,4ivd_567,4.010,-1.418591,nan
4ivd,4ivd_571,4.220,-2.030815,nan
4ivd,4ivd_572,5.490,-3.876965,nan
4ivd,4ivd_58,0.530,-0.165261,nan
4ivd,4ivd_588,3.290,-1.122694,nan
4ivd,4ivd_589,5.130,-4.147895,nan
4ivd,4ivd_595,3.810,-1.514950,nan
4ivd,4ivd_597,5.990,-1.272975,nan
4ivd,4ivd_598,2.650,-2.447376,nan
4ivd,4ivd_599,6.410,-1.575832,nan
4ivd,4ivd_605,6.110,-1.831632,nan
4ivd,4ivd_629,6.710,-2.186677,nan
4ivd,4ivd_641,5.530,-1.501759,nan
4ivd,4ivd_645,4.380,-1.905602,nan
4ivd,4ivd_648,4.250,-1.573279,nan
4ivd,4ivd_653,6.070,-1.363301,nan
4ivd,4ivd_658,7.890,-5.179367,nan
4ivd,4ivd_659,5.800,-5.328985,nan
4ivd,4ivd_660,3.890,-1.526173,nan
4ivd,4ivd_664,4.270,-1.834891,nan
4ivd,4ivd_667,3.590,-1.475682,nan
4ivd,4ivd_671,7.560,-4.639598,nan
4ivd,4ivd_672,4.490,-2.976702,nan
4ivd,4ivd_674,5.600,-1.257413,nan
4ivd,4ivd_680,4.970,-0.982921,nan
4ivd,4ivd_688,5.320,-6.275554,nan
4ivd,4ivd_692,2.610,-1.907151,nan
4ivd,4ivd_694,5.010,-2.535480,nan
4ivd,4ivd_752,0.750,-0.535481,nan
4ivd,4ivd_771,0.830,-0.814171,nan
4ivd,4ivd_781,0.820,-0.812367,nan
4ivd,4ivd_785,1.080,-0.725775,nan
4ivd,4ivd_786,1.320,-0.881016,nan
4ivd,4ivd_787,1.200,-1.186087,nan
4ivd,4ivd_823,0.370,-0.635637,nan
4ivd,4ivd_843,2.170,-0.408439,nan
4ivd,4ivd_866,1.790,-1.083203,nan
4ivd,4ivd_886,1.570,-0.407036,nan
4ivd,4ivd_962,1.030,-0.630327,nan
4j21,4j21_119,1.350,-1.050329,nan
4j21,4j21_18,0.910,-0.510290,nan
4j21,4j21_190,0.950,-0.879443,nan
4j21,4j21_270,0.570,-1.256132,nan
4j21,4j21_30,0.280,-0.590669,nan
4j21,4j21_352,0.280,-0.398149,nan
4j21,4j21_37,0.970,-1.018871,nan
4j21,4j21_375,5.880,-0.680794,nan
4j21,4j21_393,0.510,-0.392099,nan
4j21,4j21_428,5.930,-0.920922,nan
4j21,4j21_430,0.880,-0.771910,nan
4j21,4j21_438,2.720,-1.782641,nan
4j21,4j21_442,3.090,-1.931918,nan
4j21,4j21_444,2.710,-1.351416,nan
4j21,4j21_447,1.210,-0.686842,nan
4j21,4j21_453,2.290,-0.554971,nan
4j21,4j21_456,3.350,-1.527535,nan
4j21,4j21_462,1.880,-0.497665,nan
4j21,4j21_463,1.730,-0.840141,nan
4j21,4j21_471,2.090,-0.959903,nan
4j21,4j21_475,3.240,-1.434735,nan
4j21,4j21_478,1.940,-1.367499,nan
4j21,4j21_479,3.240,-1.176447,nan
4j21,4j21_483,3.180,-1.705019,nan
4j21,4j21_485,6.030,-1.101487,nan
4j21,4j21_489,6.110,-1.852273,nan
4j21,4j21_490,1.870,-0.842640,nan
4j21,4j21_493,5.980,-1.515560,nan
4j21,4j21_499,6.010,-1.162164,nan
4j21,4j21_50,0.340,-0.401092,nan
4j21,4j21_514,0.820,-0.591771,nan
4j21,4j21_524,1.800,-1.469313,nan
4j21,4j21_535,5.790,-1.122870,nan
4j21,4j21_540,5.760,-0.686311,nan
4j21,4j21_553,5.790,-1.457291,nan
4j21,4j21_559,1.250,-1.570459,nan
4j21,4j21_569,8.780,-7.751869,nan
4j21,4j21_572,2.070,-1.412962,nan
4j21,4j21_574,5.890,-1.940588,nan
4j21,4j21_575,1.810,-0.810181,nan
4j21,4j21_577,1.070,-0.752088,nan
4j21,4j21_582,5.630,-1.632629,nan
4j21,4j21_594,9.100,-8.094441,nan
4j21,4j21_597,2.370,-1.525608,nan
4j21,4j21_620,7.100,-5.873715,nan
4j21,4j21_625,3.120,-2.167406,nan
4j21,4j21_627,6.840,-6.007929,nan
4j21,4j21_645,2.500,-1.684945,nan
4j21,4j21_678,3.330,-2.234598,nan
4j21,4j21_680,3.210,-2.142081,nan
4j21,4j21_686,3.290,-1.627237,nan
4j21,4j21_688,7.330,-6.851083,nan
4j21,4j21_730,2.350,-0.922437,nan
4j21,4j21_731,6.320,-1.519535,nan
4j21,4j21_734,7.070,-4.158216,nan
4j21,4j21_735,8.750,-8.413641,nan
4j21,4j21_736,8.950,-8.366323,nan
4j21,4j21_740,6.120,-7.985673,nan
4j21,4j21_741,5.510,-7.187869,nan
4j21,4j21_751,8.730,-8.330809,nan
4j21,4j21_752,4.910,-5.304238,nan
4j21,4j21_753,8.120,-6.507487,nan
4j21,4j21_754,4.910,-5.735559,nan
4j21,4j21_755,4.690,-5.484001,nan
4j21,4j21_756,4.620,-6.183525,nan
4j21,4j21_757,4.780,-5.638025,nan
4j21,4j21_761,4.800,-5.735571,nan
4j21,4j21_762,6.430,-8.092619,nan
4j21,4j21_763,4.700,-5.184532,nan
4j21,4j21_765,9.520,-8.441770,nan
4j21,4j21_767,4.370,-5.375708,nan
4j21,4j21_768,4.400,-5.059317,nan
4j21,4j21_770,4.380,-4.997399,nan
4j21,4j21_771,9.510,-8.450191,nan
4j21,4j21_774,5.020,-5.268347,nan
4j21,4j21_775,6.740,-3.290816,nan
4j21,4j21_780,7.840,-5.708967,nan
4j21,4j21_804,2.060,-1.938710,nan
4j21,4j21_827,7.140,-4.409719,nan
4j21,4j21_830,7.260,-5.254480,nan
4j21,4j21_839,8.160,-8.133508,nan
4j21,4j21_842,8.140,-7.902445,nan
4j21,4j21_846,7.090,-3.660298,nan
4j21,4j21_848,8.190,-7.902445,nan
4j21,4j21_849,8.710,-8.355329,nan
4j21,4j21_856,7.540,-8.514298,nan
4j21,4j21_86,2.160,-1.140720,nan
4j21,4j21_869,7.850,-5.829052,nan
4j21,4j21_876,7.830,-5.518713,nan
4j21,4j21_952,6.190,-2.654320,nan
4j21,4j21_955,3.360,-1.887461,nan
4j21,4j21_967,6.990,-4.165981,nan
4j28,4j28_110,0.900,-1.837342,nan
4j28,4j28_123,0.210,-1.459996,nan
4j28,4j28_154,0.980,-1.475039,nan
4j28,4j28_173,0.960,-1.584780,nan
4j28,4j28_183,0.930,-1.302810,nan
4j28,4j28_196,0.870,-1.726203,nan
4j28,4j28_208,1.670,-2.334513,nan
4j28,4j28_215,6.130,-2.757376,nan
4j28,4j28_227,6.090,-2.763288,nan
4j28,4j28_265,6.180,-2.937232,nan
4j28,4j28_300,6.200,-2.966621,nan
4j28,4j28_303,1.000,-1.204443,nan
4j28,4j28_313,1.000,-1.888305,nan
4j28,4j28_406,2.760,-4.228446,nan
4j28,4j28_410,3.140,-3.430150,nan
4j28,4j28_42,0.860,-0.752723,nan
4j28,4j28_425,1.990,-2.163412,nan
4j28,4j28_429,2.190,-2.950107,nan
4j28,4j28_437,2.560,-3.086857,nan
4j28,4j28_439,1.910,-1.583422,nan
4j28,4j28_451,1.980,-2.220731,nan
4j28,4j28_457,3.640,-4.886450,nan
4j28,4j28_458,1.920,-2.643474,nan
4j28,4j28_494,5.890,-3.509848,nan
4j28,4j28_534,2.780,-2.814046,nan
4j28,4j28_536,5.060,-5.887956,nan
4j28,4j28_543,3.170,-3.285439,nan
4j28,4j28_555,5.900,-6.302358,nan
4j28,4j28_562,4.010,-5.720142,nan
4j28,4j28_566,5.000,-5.989358,nan
4j28,4j28_574,5.870,-3.147279,nan
4j28,4j28_579,4.630,-5.085076,nan
4j28,4j28_580,4.470,-4.647802,nan
4j28,4j28_583,4.830,-5.563676,nan
4j28,4j28_587,5.980,-3.735034,nan
4j28,4j28_593,3.750,-5.071410,nan
4j28,4j28_600,4.640,-5.336663,nan
4j28,4j28_646,4.140,-5.332460,nan
4j28,4j28_657,3.230,-3.808099,nan
4j28,4j28_661,2.180,-2.224591,nan
4j28,4j28_691,1.690,-1.213439,nan
4j28,4j28_692,2.560,-2.399280,nan
4j28,4j28_732,6.060,-3.380845,nan
4j28,4j28_737,2.080,-3.255975,nan
4j28,4j28_743,3.260,-4.312675,nan
4j28,4j28_744,3.350,-3.746590,nan
4j28,4j28_753,3.840,-5.246212,nan
4j28,4j28_758,6.030,-3.168684,nan
4j28,4j28_772,6.420,-3.454512,nan
4j28,4j28_775,5.940,-2.582258,nan
4j28,4j28_785,3.000,-4.108083,nan
4j28,4j28_790,6.430,-3.403293,nan
4j28,4j28_792,2.830,-3.260266,nan
4j28,4j28_794,0.340,-1.881158,nan
4j28,4j28_828,2.260,-3.318460,nan
4j28,4j28_829,3.370,-4.034898,nan
4j28,4j28_846,5.990,-2.751967,nan
4j28,4j28_852,1.130,-1.538502,nan
4j28,4j28_858,5.990,-2.359943,nan
4j28,4j28_863,4.220,-5.103382,nan
4j28,4j28_864,5.460,-4.526249,nan
4j28,4j28_866,6.010,-2.359943,nan
4j28,4j28_867,6.100,-2.963376,nan
4j28,4j28_877,4.210,-5.216929,nan
4j28,4j28_899,1.140,-1.703062,nan
4j28,4j28_912,1.940,-2.773344,nan
4j28,4j28_944,5.890,-2.476972,nan
4j28,4j28_961,1.660,-2.181265,nan
4j28,4j28_981,3.120,-3.792506,nan
4j28,4j28_988,4.170,-4.851252,nan
4j3l,4j3l_115,2.170,-0.397068,nan
4j3l,4j3l_140,1.940,-0.580067,nan
4j3l,4j3l_202,2.070,-1.067615,nan
4j3l,4j3l_286,2.340,-0.734002,nan
4j3l,4j3l_348,1.670,-0.656013,nan
4j3l,4j3l_352,1.230,-0.580754,nan
4j3l,4j3l_404,2.690,-1.288662,nan
4j3l,4j3l_413,5.920,-1.755243,nan
4j3l,4j3l_422,2.450,-1.527355,nan
4j3l,4j3l_433,5.980,-1.589758,nan
4j3l,4j3l_435,6.270,-1.607414,nan
4j3l,4j3l_440,1.790,-1.723038,nan
4j3l,4j3l_446,3.130,-1.120656,nan
4j3l,4j3l_449,1.510,-1.544581,nan
4j3l,4j3l_455,3.120,-1.384598,nan
4j3l,4j3l_468,1.760,-1.652540,nan
4j3l,4j3l_473,4.060,-2.873286,nan
4j3l,4j3l_475,3.200,-2.672466,nan
4j3l,4j3l_479,2.400,-2.233983,nan
4j3l,4j3l_485,2.620,-2.217023,nan
4j3l,4j3l_489,1.840,-1.357755,nan
4j3l,4j3l_490,2.130,-1.510240,nan
4j3l,4j3l_523,3.090,-1.490917,nan
4j3l,4j3l_536,2.510,-1.323396,nan
4j3l,4j3l_547,6.120,-1.761551,nan
4j3l,4j3l_561,2.000,-1.690887,nan
4j3l,4j3l_574,7.560,-3.738982,nan
4j3l,4j3l_585,3.050,-1.995875,nan
4j3l,4j3l_597,6.580,-3.384554,nan
4j3l,4j3l_620,5.940,-2.014387,nan
4j3l,4j3l_632,6.390,-3.002357,nan
4j3l,4j3l_635,6.130,-2.036673,nan
4j3l,4j3l_636,3.430,-0.624118,nan
4j3l,4j3l_647,3.060,-2.406614,nan
4j3l,4j3l_650,6.250,-1.317352,nan
4j3l,4j3l_656,3.230,-3.053218,nan
4j3l,4j3l_662,3.300,-1.945539,nan
4j3l,4j3l_673,2.230,-1.891826,nan
4j3l,4j3l_677,6.250,-2.117737,nan
4j3l,4j3l_684,6.220,-3.464260,nan
4j3l,4j3l_696,6.670,-2.593579,nan
4j3l,4j3l_699,3.070,-2.222715,nan
4j3l,4j3l_700,6.320,-1.403615,nan
4j3l,4j3l_732,0.840,-1.323242,nan
4j3l,4j3l_733,0.630,-1.041914,nan
4j3l,4j3l_739,0.930,-1.095841,nan
4j3l,4j3l_746,1.300,-0.750030,nan
4j3l,4j3l_749,1.000,-1.084804,nan
4j3l,4j3l_755,0.950,-1.072544,nan
4j3l,4j3l_761,0.600,-1.254984,nan
4j3l,4j3l_774,5.740,-1.243241,nan
4j3l,4j3l_775,5.750,-1.581786,nan
4j3l,4j3l_776,5.710,-1.670174,nan
4j3l,4j3l_777,5.640,-1.405182,nan
4j3l,4j3l_782,6.000,-1.005352,nan
4j3l,4j3l_784,5.980,-1.405832,nan
4j3l,4j3l_786,5.930,-1.070151,nan
4j3l,4j3l_793,1.930,-0.600596,nan
4j3l,4j3l_858,0.900,-1.449758,nan
4j3l,4j3l_871,0.910,-1.069151,nan
4j3l,4j3l_888,0.850,-1.379088,nan
4j3l,4j3l_991,0.880,-1.407485,nan
4jfs,4jfs_10,0.840,-0.432833,nan
4jfs,4jfs_139,0.690,-0.663645,nan
4jfs,4jfs_177,1.040,-0.904887,nan
4jfs,4jfs_191,0.770,-1.240803,nan
4jfs,4jfs_266,1.300,-1.233558,nan
4jfs,4jfs_274,1.410,-1.173539,nan
4jfs,4jfs_362,0.660,-0.848923,nan
4jfs,4jfs_385,0.890,-0.479457,nan
4jfs,4jfs_411,2.080,-0.775111,nan
4jfs,4jfs_413,2.360,-1.368057,nan
4jfs,4jfs_414,2.050,-1.540046,nan
4jfs,4jfs_469,4.210,-2.892599,nan
4jfs,4jfs_508,1.800,-1.585677,nan
4jfs,4jfs_51,1.090,-0.509244,nan
4jfs,4jfs_527,4.080,-4.294551,nan
4jfs,4jfs_529,2.250,-1.974981,nan
4jfs,4jfs_574,2.750,-2.263998,nan
4jfs,4jfs_579,3.150,-3.617411,nan
4jfs,4jfs_615,1.460,-1.735543,nan
4jfs,4jfs_669,3.350,-2.379395,nan
4jfs,4jfs_681,4.480,-1.844475,nan
4jfs,4jfs_709,2.840,-3.719507,nan
4jfs,4jfs_714,2.580,-2.560278,nan
4jfs,4jfs_739,3.740,-1.643135,nan
4jfs,4jfs_740,4.360,-5.007271,nan
4jfs,4jfs_749,3.850,-3.818444,nan
4jfs,4jfs_750,4.140,-2.471652,nan
4jfs,4jfs_764,3.780,-2.059758,nan
4jfs,4jfs_769,3.900,-3.053632,nan
4jfs,4jfs_778,4.180,-3.485259,nan
4jfs,4jfs_783,1.770,-2.487452,nan
4jfs,4jfs_784,3.570,-3.315229,nan
4jfs,4jfs_787,5.050,-4.571582,nan
4jfs,4jfs_788,4.320,-4.631935,nan
4jfs,4jfs_789,1.830,-1.364643,nan
4jfs,4jfs_792,2.440,-3.229744,nan
4jfs,4jfs_793,2.650,-3.342831,nan
4jfs,4jfs_797,4.090,-2.735744,nan
4jfs,4jfs_818,0.920,-0.940104,nan
4jfs,4jfs_849,3.570,-3.506800,nan
4jfs,4jfs_855,3.200,-3.905564,nan
4jfs,4jfs_857,4.350,-5.003664,nan
4jfs,4jfs_867,4.230,-4.635777,nan
4jfs,4jfs_877,3.930,-4.489000,nan
4jfs,4jfs_899,0.850,-0.705559,nan
4jfs,4jfs_920,0.720,-0.833797,nan
4jfs,4jfs_958,2.100,-1.871535,nan
4jfs,4jfs_970,0.660,-0.866054,nan
4jfs,4jfs_974,1.870,-0.804099,nan
4jfs,4jfs_981,1.150,-1.375310,nan
4jfs,4jfs_982,0.820,-1.000266,nan
4jia,4jia_11,1.900,-1.832210,nan
4jia,4jia_111,5.160,-2.646048,nan
4jia,4jia_162,9.110,-7.590609,nan
4jia,4jia_202,2.620,-2.286345,nan
4jia,4jia_205,4.750,-3.226234,nan
4jia,4jia_210,1.380,-1.753242,nan
4jia,4jia_214,6.310,-2.797066,nan
4jia,4jia_223,5.810,-3.191989,nan
4jia,4jia_227,4.290,-2.986688,nan
4jia,4jia_230,7.920,-6.110276,nan
4jia,4jia_232,7.030,-3.339690,nan
4jia,4jia_249,1.580,-1.100706,nan
4jia,4jia_257,2.000,-1.531520,nan
4jia,4jia_261,6.560,-3.574497,nan
4jia,4jia_275,0.860,-0.731308,nan
4jia,4jia_282,4.110,-2.573539,nan
4jia,4jia_285,8.280,-7.563602,nan
4jia,4jia_287,0.710,-0.980036,nan
4jia,4jia_291,6.070,-2.225758,nan
4jia,4jia_293,4.870,-2.382812,nan
4jia,4jia_295,7.180,-3.600172,nan
4jia,4jia_316,8.310,-4.276431,nan
4jia,4jia_335,2.120,-0.963741,nan
4jia,4jia_337,2.960,-1.724041,nan
4jia,4jia_362,0.960,-0.656878,nan
4jia,4jia_415,4.400,-3.547693,nan
4jia,4jia_418,5.950,-4.139660,nan
4jia,4jia_419,8.050,-6.637000,nan
4jia,4jia_427,6.130,-5.206960,nan
4jia,4jia_439,5.200,-3.675817,nan
4jia,4jia_443,8.070,-5.791214,nan
4jia,4jia_460,1.640,-1.652765,nan
4jia,4jia_479,6.980,-4.931437,nan
4jia,4jia_485,7.320,-4.154169,nan
4jia,4jia_532,3.170,-2.615842,nan
4jia,4jia_539,2.240,-1.768098,nan
4jia,4jia_551,4.460,-3.894250,nan
4jia,4jia_552,3.770,-3.167289,nan
4jia,4jia_555,2.770,-2.751693,nan
4jia,4jia_569,4.350,-3.254347,nan
4jia,4jia_587,3.320,-3.081819,nan
4jia,4jia_60,0.650,-0.488843,nan
4jia,4jia_609,8.470,-5.301670,nan
4jia,4jia_61,2.460,-2.221360,nan
4jia,4jia_66,0.820,-0.925578,nan
4jia,4jia_661,2.720,-2.446443,nan
4jia,4jia_665,6.990,-6.104129,nan
4jia,4jia_679,9.350,-7.735393,nan
4jia,4jia_707,2.540,-2.585876,nan
4jia,4jia_710,3.950,-3.413652,nan
4jia,4jia_711,3.450,-3.423707,nan
4jia,4jia_712,5.140,-4.608499,nan
4jia,4jia_719,4.600,-3.958980,nan
4jia,4jia_723,3.200,-3.970496,nan
4jia,4jia_724,2.870,-1.497994,nan
4jia,4jia_725,7.030,-4.677585,nan
4jia,4jia_727,7.040,-2.835348,nan
4jia,4jia_729,9.180,-6.156021,nan
4jia,4jia_733,3.940,-3.638776,nan
4jia,4jia_734,3.430,-1.175281,nan
4jia,4jia_737,3.420,-3.260747,nan
4jia,4jia_740,6.670,-7.113625,nan
4jia,4jia_743,5.440,-7.472530,nan
4jia,4jia_747,9.020,-5.191013,nan
4jia,4jia_749,8.060,-6.854088,nan
4jia,4jia_752,9.270,-8.564339,nan
4jia,4jia_754,5.990,-3.451031,nan
4jia,4jia_758,7.390,-4.693845,nan
4jia,4jia_763,9.090,-5.044459,nan
4jia,4jia_765,9.610,-8.290791,nan
4jia,4jia_766,7.150,-4.481842,nan
4jia,4jia_767,6.130,-5.704380,nan
4jia,4jia_769,4.680,-5.554757,nan
4jia,4jia_770,9.530,-4.545627,nan
4jia,4jia_773,9.450,-5.818837,nan
4jia,4jia_774,5.320,-3.639307,nan
4jia,4jia_777,8.600,-7.896502,nan
4jia,4jia_783,8.430,-3.030127,nan
4jia,4jia_789,7.640,-8.524102,nan
4jia,4jia_793,9.340,-5.704373,nan
4jia,4jia_796,7.670,-7.974295,nan
4jia,4jia_807,1.090,-0.966616,nan
4jia,4jia_812,1.270,-0.841002,nan
4jia,4jia_844,4.610,-2.589782,nan
4jia,4jia_85,0.800,-0.247243,nan
4jia,4jia_851,5.960,-3.849533,nan
4jia,4jia_868,6.200,-4.016194,nan
4jia,4jia_876,2.770,-1.629633,nan
4jia,4jia_88,0.880,-0.662875,nan
4jia,4jia_885,5.560,-3.867328,nan
4jia,4jia_889,3.110,-2.456273,nan
4jia,4jia_891,6.850,-2.086843,nan
4jia,4jia_907,8.650,-5.540135,nan
4jia,4jia_91,0.820,-0.814672,nan
4jia,4jia_917,1.410,-1.021927,nan
4jia,4jia_923,0.850,-0.895374,nan
4jia,4jia_957,0.810,-0.998395,nan
4jia,4jia_959,8.560,-5.324443,nan
4jia,4jia_984,1.010,-0.966088,nan
4jia,4jia_994,1.380,-0.782020,nan
4jsz,4jsz_1,9.970,-6.107939,nan
4jsz,4jsz_100,2.350,-2.086638,nan
4jsz,4jsz_113,9.980,-5.626076,nan
4jsz,4jsz_138,9.970,-5.768083,nan
4jsz,4jsz_150,4.420,-3.295858,nan
4jsz,4jsz_156,3.240,-2.642764,nan
4jsz,4jsz_160,9.860,-5.691355,nan
4jsz,4jsz_215,1.730,-2.008688,nan
4jsz,4jsz_218,3.240,-5.088028,nan
4jsz,4jsz_24,6.030,-5.438002,nan
4jsz,4jsz_26,6.140,-5.131536,nan
4jsz,4jsz_262,2.330,-0.481770,nan
4jsz,4jsz_269,2.350,-2.621612,nan
4jsz,4jsz_306,3.320,-2.517912,nan
4jsz,4jsz_31,6.050,-5.440094,nan
4jsz,4jsz_321,9.860,-6.077461,nan
4jsz,4jsz_323,10.000,-6.077461,nan
4jsz,4jsz_359,5.990,-5.227849,nan
4jsz,4jsz_38,6.100,-5.131536,nan
4jsz,4jsz_390,9.950,-6.077461,nan
4jsz,4jsz_466,4.100,-1.797845,nan
4jsz,4jsz_47,6.070,-5.227849,nan
4jsz,4jsz_476,4.180,-2.109903,nan
4jsz,4jsz_48,6.090,-5.386285,nan
4jsz,4jsz_491,2.640,-2.361971,nan
4jsz,4jsz_494,4.370,-2.412006,nan
4jsz,4jsz_498,3.240,-2.140872,nan
4jsz,4jsz_506,3.360,-1.699421,nan
4jsz,4jsz_509,3.800,-2.681045,nan
4jsz,4jsz_511,2.090,-1.351823,nan
4jsz,4jsz_512,1.960,-0.871150,nan
4jsz,4jsz_545,2.900,-2.129885,nan
4jsz,4jsz_549,4.550,-3.680455,nan
4jsz,4jsz_554,4.440,-5.515184,nan
4jsz,4jsz_559,3.830,-3.447289,nan
4jsz,4jsz_560,2.370,-2.152846,nan
4jsz,4jsz_561,1.880,-2.838533,nan
4jsz,4jsz_571,1.660,-2.916276,nan
4jsz,4jsz_574,3.120,-4.561072,nan
4jsz,4jsz_581,4.610,-5.182947,nan
4jsz,4jsz_585,2.450,-1.290611,nan
4jsz,4jsz_59,5.980,-5.470176,nan
4jsz,4jsz_593,1.450,-1.612921,nan
4jsz,4jsz_60,3.540,-2.469002,nan
4jsz,4jsz_600,4.280,-2.223452,nan
4jsz,4jsz_625,1.990,-2.084473,nan
4jsz,4jsz_63,6.020,-5.164687,nan
4jsz,4jsz_645,6.190,-6.112047,nan
4jsz,4jsz_65,5.750,-5.172995,nan
4jsz,4jsz_662,2.820,-4.538324,nan
4jsz,4jsz_672,2.000,-1.889548,nan
4jsz,4jsz_677,4.040,-1.580635,nan
4jsz,4jsz_698,3.290,-3.403875,nan
4jsz,4jsz_71,2.740,-2.210693,nan
4jsz,4jsz_710,4.160,-2.453023,nan
4jsz,4jsz_74,1.830,-4.626869,nan
4jsz,4jsz_742,1.710,-3.743783,nan
4jsz,4jsz_756,5.440,-3.536395,nan
4jsz,4jsz_762,5.150,-4.981149,nan
4jsz,4jsz_771,5.360,-6.446075,nan
4jsz,4jsz_772,5.970,-5.832030,nan
4jsz,4jsz_774,5.160,-5.986610,nan
4jsz,4jsz_775,5.010,-4.982655,nan
4jsz,4jsz_815,1.730,-2.644610,nan
4jsz,4jsz_83,6.180,-5.554111,nan
4jsz,4jsz_85,5.900,-5.458179,nan
4jsz,4jsz_93,6.170,-5.621889,nan
4jxs,4jxs_129,1.100,-1.109507,nan
4jxs,4jxs_147,0.770,-0.655112,nan
4jxs,4jxs_153,0.470,-0.425209,nan
4jxs,4jxs_196,0.570,-0.714304,nan
4jxs,4jxs_2,1.950,-0.832064,nan
4jxs,4jxs_203,2.490,-1.334939,nan
4jxs,4jxs_205,9.490,-8.572419,nan
4jxs,4jxs_218,0.970,-1.070528,nan
4jxs,4jxs_223,9.560,-8.569839,nan
4jxs,4jxs_227,7.320,-5.923342,nan
4jxs,4jxs_232,8.590,-7.732836,nan
4jxs,4jxs_236,2.480,-1.258518,nan
4jxs,4jxs_238,9.360,-8.584717,nan
4jxs,4jxs_243,8.190,-7.444039,nan
4jxs,4jxs_244,7.370,-8.271357,nan
4jxs,4jxs_246,8.570,-8.584452,nan
4jxs,4jxs_257,8.510,-7.598319,nan
4jxs,4jxs_258,0.790,-0.897843,nan
4jxs,4jxs_260,0.650,-0.626338,nan
4jxs,4jxs_262,8.670,-7.909947,nan
4jxs,4jxs_264,8.230,-7.182600,nan
4jxs,4jxs_275,6.760,-4.705901,nan
4jxs,4jxs_278,9.490,-8.578056,nan
4jxs,4jxs_295,8.080,-7.741780,nan
4jxs,4jxs_296,7.290,-6.169265,nan
4jxs,4jxs_306,0.810,-0.938180,nan
4jxs,4jxs_31,1.830,-0.855964,nan
4jxs,4jxs_311,7.030,-2.534905,nan
4jxs,4jxs_322,2.490,-2.107529,nan
4jxs,4jxs_334,1.000,-0.650935,nan
4jxs,4jxs_348,1.920,-0.676712,nan
4jxs,4jxs_352,0.810,-0.865737,nan
4jxs,4jxs_356,6.640,-1.837917,nan
4jxs,4jxs_401,3.400,-2.523917,nan
4jxs,4jxs_407,3.250,-1.809578,nan
4jxs,4jxs_410,4.430,-4.174606,nan
4jxs,4jxs_411,6.650,-6.622800,nan
4jxs,4jxs_414,4.890,-1.511739,nan
4jxs,4jxs_427,2.830,-1.864033,nan
4jxs,4jxs_434,4.230,-3.423040,nan
4jxs,4jxs_444,6.030,-3.493672,nan
4jxs,4jxs_452,7.310,-8.389120,nan
4jxs,4jxs_455,4.820,-3.271538,nan
4jxs,4jxs_464,5.400,-2.146095,nan
4jxs,4jxs_466,3.710,-3.927576,nan
4jxs,4jxs_47,2.000,-0.305415,nan
4jxs,4jxs_485,2.000,-1.024579,nan
4jxs,4jxs_490,1.750,-0.680391,nan
4jxs,4jxs_503,7.030,-3.958372,nan
4jxs,4jxs_509,5.010,-4.407838,nan
4jxs,4jxs_513,7.810,-7.114383,nan
4jxs,4jxs_517,2.010,-2.188629,nan
4jxs,4jxs_520,6.920,-6.592827,nan
4jxs,4jxs_523,1.660,-0.615455,nan
4jxs,4jxs_543,8.710,-8.386849,nan
4jxs,4jxs_546,4.740,-2.112838,nan
4jxs,4jxs_55,2.430,-0.963774,nan
4jxs,4jxs_556,3.180,-3.315603,nan
4jxs,4jxs_56,1.760,-1.491987,nan
4jxs,4jxs_563,7.020,-6.268153,nan
4jxs,4jxs_573,8.050,-4.280322,nan
4jxs,4jxs_578,2.910,-0.910424,nan
4jxs,4jxs_579,3.140,-1.834080,nan
4jxs,4jxs_580,5.560,-3.734173,nan
4jxs,4jxs_581,7.220,-6.553613,nan
4jxs,4jxs_585,5.910,-5.053825,nan
4jxs,4jxs_588,4.300,-4.349725,nan
4jxs,4jxs_595,4.690,-4.474388,nan
4jxs,4jxs_598,5.550,-6.421954,nan
4jxs,4jxs_599,2.670,-2.645970,nan
4jxs,4jxs_628,5.550,-5.625175,nan
4jxs,4jxs_648,5.240,-4.970068,nan
4jxs,4jxs_654,4.850,-2.487326,nan
4jxs,4jxs_664,5.810,-2.720068,nan
4jxs,4jxs_669,3.370,-1.589885,nan
4jxs,4jxs_672,6.580,-4.777009,nan
4jxs,4jxs_679,4.250,-4.332165,nan
4jxs,4jxs_684,4.000,-3.986858,nan
4jxs,4jxs_688,5.170,-1.630837,nan
4jxs,4jxs_696,4.600,-4.527853,nan
4jxs,4jxs_698,3.510,-2.591102,nan
4jxs,4jxs_701,9.380,-8.366048,nan
4jxs,4jxs_702,1.540,-0.646921,nan
4jxs,4jxs_707,6.500,-6.060086,nan
4jxs,4jxs_712,9.330,-8.448709,nan
4jxs,4jxs_713,9.280,-8.196352,nan
4jxs,4jxs_714,8.920,-8.325040,nan
4jxs,4jxs_719,9.280,-8.172956,nan
4jxs,4jxs_72,5.870,-3.024950,nan
4jxs,4jxs_725,9.910,-8.575852,nan
4jxs,4jxs_750,3.110,-2.875505,nan
4jxs,4jxs_76,6.540,-5.690434,nan
4jxs,4jxs_764,6.010,-1.608981,nan
4jxs,4jxs_766,3.390,-2.475490,nan
4jxs,4jxs_768,9.420,-8.066137,nan
4jxs,4jxs_770,7.150,-6.548514,nan
4jxs,4jxs_78,6.670,-1.756858,nan
4jxs,4jxs_85,2.360,-1.247958,nan
4jxs,4jxs_9,2.090,-0.708245,nan
4jxs,4jxs_979,0.790,-0.668255,nan
4k18,4k18_100,1.680,-1.815473,nan
4k18,4k18_105,2.930,-0.783476,nan
4k18,4k18_107,1.160,-0.869544,nan
4k18,4k18_118,5.890,-1.436324,nan
4k18,4k18_122,6.470,-0.837622,nan
4k18,4k18_144,3.200,-0.762840,nan
4k18,4k18_151,1.760,-0.913651,nan
4k18,4k18_161,2.870,-1.043590,nan
4k18,4k18_174,1.320,-0.996669,nan
4k18,4k18_200,3.160,-0.785482,nan
4k18,4k18_201,0.700,-0.657508,nan
4k18,4k18_203,2.390,-1.562444,nan
4k18,4k18_215,6.250,-2.410865,nan
4k18,4k18_223,2.490,-1.599666,nan
4k18,4k18_225,0.310,-0.404897,nan
4k18,4k18_23,0.870,-0.447892,nan
4k18,4k18_233,2.280,-1.577378,nan
4k18,4k18_249,0.850,-0.874882,nan
4k18,4k18_254,0.360,-0.545426,nan
4k18,4k18_267,1.160,-0.654175,nan
4k18,4k18_282,1.030,-0.534205,nan
4k18,4k18_285,0.640,-0.683308,nan
4k18,4k18_287,4.530,-1.877275,nan
4k18,4k18_365,3.980,-1.045211,nan
4k18,4k18_38,1.020,-0.294600,nan
4k18,4k18_408,3.910,-2.239515,nan
4k18,4k18_415,3.990,-3.321549,nan
4k18,4k18_430,5.340,-2.801344,nan
4k18,4k18_437,4.220,-2.474364,nan
4k18,4k18_438,4.420,-3.107361,nan
4k18,4k18_441,4.930,-1.289097,nan
4k18,4k18_454,5.130,-1.898885,nan
4k18,4k18_458,5.240,-2.733024,nan
4k18,4k18_467,4.900,-2.413912,nan
4k18,4k18_471,3.960,-1.304459,nan
4k18,4k18_477,6.490,-2.465849,nan
4k18,4k18_478,4.050,-1.977369,nan
4k18,4k18_480,2.880,-1.192934,nan
4k18,4k18_490,4.000,-2.680345,nan
4k18,4k18_494,6.000,-4.147933,nan
4k18,4k18_495,5.010,-3.591198,nan
4k18,4k18_515,7.010,-3.899756,nan
4k18,4k18_531,7.060,-3.937084,nan
4k18,4k18_538,5.650,-1.515805,nan
4k18,4k18_541,4.460,-1.269735,nan
4k18,4k18_542,7.390,-3.621275,nan
4k18,4k18_545,7.530,-3.810798,nan
4k18,4k18_547,5.570,-1.929493,nan
4k18,4k18_552,4.480,-1.677120,nan
4k18,4k18_557,7.240,-2.399536,nan
4k18,4k18_560,6.780,-2.779214,nan
4k18,4k18_563,3.280,-1.389713,nan
4k18,4k18_565,7.330,-2.474573,nan
4k18,4k18_570,6.500,-1.799869,nan
4k18,4k18_574,7.510,-3.953916,nan
4k18,4k18_583,7.090,-2.780474,nan
4k18,4k18_586,5.500,-3.083480,nan
4k18,4k18_587,6.130,-3.417037,nan
4k18,4k18_592,6.530,-1.996445,nan
4k18,4k18_599,7.050,-3.849176,nan
4k18,4k18_60,1.160,-0.697098,nan
4k18,4k18_635,6.540,-3.165615,nan
4k18,4k18_646,2.160,-1.044259,nan
4k18,4k18_651,7.210,-4.343286,nan
4k18,4k18_668,3.880,-2.050153,nan
4k18,4k18_671,6.110,-2.342425,nan
4k18,4k18_672,5.920,-2.434641,nan
4k18,4k18_683,4.760,-2.642525,nan
4k18,4k18_688,6.210,-3.630332,nan
4k18,4k18_690,2.920,-1.721373,nan
4k18,4k18_693,1.660,-1.738735,nan
4k18,4k18_700,2.620,-1.441008,nan
4k18,4k18_744,2.960,-0.929042,nan
4k18,4k18_748,1.730,-0.592178,nan
4k18,4k18_749,4.600,-2.178810,nan
4k18,4k18_825,0.840,-0.589898,nan
4k18,4k18_829,0.520,-0.363508,nan
4k18,4k18_85,0.530,-0.307352,nan
4k18,4k18_859,3.120,-1.242471,nan
4k18,4k18_93,0.680,-0.540681,nan
4k77,4k77_149,1.030,-0.610548,nan
4k77,4k77_167,0.220,-0.077789,nan
4k77,4k77_173,0.900,-0.520326,nan
4k77,4k77_190,2.170,-0.234238,nan
4k77,4k77_207,1.060,-0.466458,nan
4k77,4k77_229,0.800,-0.320643,nan
4k77,4k77_237,0.360,-0.164429,nan
4k77,4k77_257,0.540,-0.242265,nan
4k77,4k77_290,0.740,-0.463231,nan
4k77,4k77_325,3.060,-1.291080,nan
4k77,4k77_328,0.370,-0.064560,nan
4k77,4k77_331,0.880,-0.440580,nan
4k77,4k77_403,2.350,-1.461300,nan
4k77,4k77_409,1.860,-0.766705,nan
4k77,4k77_412,1.890,-1.774306,nan
4k77,4k77_416,3.620,-3.096922,nan
4k77,4k77_420,3.130,-1.193488,nan
4k77,4k77_428,2.430,-1.483923,nan
4k77,4k77_437,2.310,-0.837728,nan
4k77,4k77_440,1.690,-1.226615,nan
4k77,4k77_443,6.410,-3.368833,nan
4k77,4k77_444,4.420,-4.962207,nan
4k77,4k77_462,7.880,-6.161248,nan
4k77,4k77_478,6.520,-2.417199,nan
4k77,4k77_479,4.600,-4.488762,nan
4k77,4k77_482,6.110,-1.928527,nan
4k77,4k77_491,3.590,-2.997195,nan
4k77,4k77_516,6.140,-6.879723,nan
4k77,4k77_520,4.980,-2.562879,nan
4k77,4k77_521,6.050,-6.660836,nan
4k77,4k77_529,6.750,-2.817083,nan
4k77,4k77_546,7.280,-3.863875,nan
4k77,4k77_548,1.850,-1.864727,nan
4k77,4k77_557,2.750,-1.028583,nan
4k77,4k77_560,1.410,-1.178082,nan
4k77,4k77_562,7.060,-3.643215,nan
4k77,4k77_571,2.120,-2.143234,nan
4k77,4k77_572,4.700,-4.203320,nan
4k77,4k77_573,7.230,-4.781377,nan
4k77,4k77_576,3.940,-3.089961,nan
4k77,4k77_577,8.010,-6.302580,nan
4k77,4k77_585,6.600,-3.875177,nan
4k77,4k77_586,5.160,-5.411390,nan
4k77,4k77_592,4.010,-2.739561,nan
4k77,4k77_596,4.230,-1.590534,nan
4k77,4k77_597,5.680,-2.564848,nan
4k77,4k77_598,5.660,-2.726139,nan
4k77,4k77_601,5.920,-1.132778,nan
4k77,4k77_606,3.810,-1.609706,nan
4k77,4k77_608,2.430,-1.155010,nan
4k77,4k77_611,5.450,-2.268308,nan
4k77,4k77_625,3.820,-2.584576,nan
4k77,4k77_633,3.390,-2.105798,nan
4k77,4k77_634,7.280,-5.857057,nan
4k77,4k77_635,4.790,-2.416047,nan
4k77,4k77_642,2.770,-1.316436,nan
4k77,4k77_645,3.560,-3.851932,nan
4k77,4k77_661,2.980,-2.396410,nan
4k77,4k77_666,6.440,-2.808590,nan
4k77,4k77_681,5.290,-2.172784,nan
4k77,4k77_684,1.540,-1.313136,nan
4k77,4k77_688,4.090,-2.604362,nan
4k77,4k77_690,7.040,-3.120465,nan
4k77,4k77_693,1.330,-1.412515,nan
4k77,4k77_696,7.270,-8.329966,nan
4k77,4k77_699,3.100,-1.149819,nan
4k77,4k77_743,2.830,-1.813012,nan
4k77,4k77_748,8.120,-5.294428,nan
4k77,4k77_750,4.120,-3.213407,nan
4k77,4k77_757,6.000,-3.259025,nan
4k77,4k77_775,6.140,-2.897214,nan
4k77,4k77_782,5.290,-4.603200,nan
4k77,4k77_784,7.720,-5.568010,nan
4k77,4k77_789,4.240,-3.386847,nan
4k77,4k77_794,5.870,-4.424277,nan
4k77,4k77_869,7.420,-4.720699,nan
4k77,4k77_900,5.650,-1.903459,nan
4k77,4k77_932,0.610,-0.263559,nan
4k77,4k77_951,0.870,-0.289909,nan
4k77,4k77_959,7.230,-7.230110,nan
4k77,4k77_982,6.930,-4.733823,nan
4k77,4k77_990,1.530,-1.073815,nan
4kz6,4kz6_110,1.080,-0.106324,nan
4kz6,4kz6_112,0.880,-0.074667,nan
4kz6,4kz6_143,0.710,-0.207687,nan
4kz6,4kz6_160,0.690,-0.129353,nan
4kz6,4kz6_20,6.100,-4.154598,nan
4kz6,4kz6_267,3.100,-1.807638,nan
4kz6,4kz6_308,0.280,-0.289027,nan
4kz6,4kz6_315,0.540,-0.265826,nan
4kz6,4kz6_350,0.510,-0.472779,nan
4kz6,4kz6_365,0.660,-0.086436,nan
4kz6,4kz6_373,0.910,-0.283310,nan
4kz6,4kz6_389,0.560,-0.368004,nan
4kz6,4kz6_403,5.570,-5.895123,nan
4kz6,4kz6_408,5.290,-5.465483,nan
4kz6,4kz6_419,5.220,-5.218001,nan
4kz6,4kz6_490,5.410,-5.657825,nan
4kz6,4kz6_511,2.760,-1.820111,nan
4kz6,4kz6_527,2.400,-1.590624,nan
4kz6,4kz6_529,4.850,-4.921175,nan
4kz6,4kz6_534,7.130,-6.478687,nan
4kz6,4kz6_548,1.230,-0.944832,nan
4kz6,4kz6_549,2.660,-2.061712,nan
4kz6,4kz6_553,5.070,-5.087925,nan
4kz6,4kz6_588,3.350,-2.654586,nan
4kz6,4kz6_593,7.190,-5.130762,nan
4kz6,4kz6_658,5.010,-5.592155,nan
4kz6,4kz6_665,1.630,-0.851526,nan
4kz6,4kz6_666,3.000,-1.927399,nan
4kz6,4kz6_679,0.890,-0.648229,nan
4kz6,4kz6_681,1.740,-0.379583,nan
4kz6,4kz6_694,1.990,-0.744811,nan
4kz6,4kz6_701,2.780,-2.292192,nan
4kz6,4kz6_723,1.760,-0.587103,nan
4kz6,4kz6_726,7.070,-7.339413,nan
4kz6,4kz6_731,2.740,-2.818418,nan
4kz6,4kz6_745,4.090,-3.345782,nan
4kz6,4kz6_746,7.220,-7.605339,nan
4kz6,4kz6_748,3.530,-2.178744,nan
4kz6,4kz6_754,7.100,-7.573474,nan
4kz6,4kz6_755,7.700,-6.708604,nan
4kz6,4kz6_761,6.650,-4.587551,nan
4kz6,4kz6_764,3.870,-1.977101,nan
4kz6,4kz6_766,3.870,-3.234533,nan
4kz6,4kz6_768,4.200,-3.176941,nan
4kz6,4kz6_772,6.220,-4.544811,nan
4kz6,4kz6_773,7.210,-7.836276,nan
4kz6,4kz6_775,4.150,-3.909007,nan
4kz6,4kz6_776,6.200,-4.426117,nan
4kz6,4kz6_778,5.420,-5.713977,nan
4kz6,4kz6_785,3.550,-2.647976,nan
4kz6,4kz6_787,6.410,-5.459773,nan
4kz6,4kz6_790,3.460,-3.333045,nan
4kz6,4kz6_796,3.930,-3.240732,nan
4kz6,4kz6_798,4.590,-4.056860,nan
4kz6,4kz6_815,2.660,-0.900052,nan
4kz6,4kz6_819,2.570,-1.352142,nan
4kz6,4kz6_839,7.100,-6.285237,nan
4kz6,4kz6_840,7.480,-6.025859,nan
4kz6,4kz6_853,5.010,-3.721192,nan
4kz6,4kz6_854,4.610,-3.026804,nan
4kz6,4kz6_858,3.900,-2.865885,nan
4kz6,4kz6_873,7.720,-7.180747,nan
4kz6,4kz6_874,4.370,-2.800991,nan
4kz6,4kz6_875,6.900,-7.030903,nan
4kz6,4kz6_878,5.010,-4.550390,nan
4kz6,4kz6_879,1.210,-0.650372,nan
4kz6,4kz6_888,2.200,-0.769483,nan
4kz6,4kz6_892,1.500,-0.532462,nan
4kz6,4kz6_895,5.460,-3.691767,nan
4kz6,4kz6_897,4.890,-4.805131,nan
4kz6,4kz6_900,3.610,-3.130104,nan
4kz6,4kz6_925,1.870,-1.655557,nan
4kz6,4kz6_955,2.990,-1.274426,nan
4kz6,4kz6_958,4.640,-3.113411,nan
4kz6,4kz6_960,1.110,-0.383859,nan
4kz6,4kz6_974,4.110,-3.422635,nan
4kzq,4kzq_133,0.740,-0.194612,nan
4kzq,4kzq_14,0.450,-0.539913,nan
4kzq,4kzq_163,0.500,-0.511950,nan
4kzq,4kzq_311,0.530,-0.400018,nan
4kzq,4kzq_409,0.700,-0.360373,nan
4kzq,4kzq_425,2.120,-1.297995,nan
4kzq,4kzq_427,2.840,-1.059904,nan
4kzq,4kzq_428,0.920,-0.667517,nan
4kzq,4kzq_432,2.870,-1.447785,nan
4kzq,4kzq_434,1.090,-0.469126,nan
4kzq,4kzq_436,2.490,-1.340147,nan
4kzq,4kzq_446,0.830,-0.671716,nan
4kzq,4kzq_447,1.390,-1.040935,nan
4kzq,4kzq_455,2.330,-1.635498,nan
4kzq,4kzq_458,3.260,-1.205911,nan
4kzq,4kzq_467,3.010,-1.288644,nan
4kzq,4kzq_469,3.070,-1.113539,nan
4kzq,4kzq_472,1.170,-0.898756,nan
4kzq,4kzq_475,1.280,-1.411020,nan
4kzq,4kzq_485,3.100,-1.264285,nan
4kzq,4kzq_494,1.420,-1.257926,nan
4kzq,4kzq_495,2.910,-1.194607,nan
4kzq,4kzq_496,3.080,-0.757410,nan
4kzq,4kzq_5,0.660,-0.120227,nan
4kzq,4kzq_500,2.480,-1.523965,nan
4kzq,4kzq_507,5.190,-2.730849,nan
4kzq,4kzq_511,4.790,-2.320062,nan
4kzq,4kzq_515,1.040,-0.137310,nan
4kzq,4kzq_523,6.210,-4.802922,nan
4kzq,4kzq_539,3.570,-1.368829,nan
4kzq,4kzq_543,4.540,-3.254611,nan
4kzq,4kzq_550,4.190,-1.935361,nan
4kzq,4kzq_557,1.580,-1.682378,nan
4kzq,4kzq_560,4.850,-2.985866,nan
4kzq,4kzq_566,5.980,-4.811203,nan
4kzq,4kzq_569,3.540,-2.971137,nan
4kzq,4kzq_576,6.670,-5.678521,nan
4kzq,4kzq_584,5.010,-2.811195,nan
4kzq,4kzq_590,6.590,-4.041740,nan
4kzq,4kzq_593,4.090,-1.607226,nan
4kzq,4kzq_600,5.140,-3.078433,nan
4kzq,4kzq_607,6.180,-6.236968,nan
4kzq,4kzq_609,3.640,-1.123805,nan
4kzq,4kzq_612,1.840,-0.716555,nan
4kzq,4kzq_615,4.330,-4.675820,nan
4kzq,4kzq_62,0.820,-0.540635,nan
4kzq,4kzq_624,5.820,-6.051029,nan
4kzq,4kzq_632,6.940,-6.715573,nan
4kzq,4kzq_635,2.520,-1.119250,nan
4kzq,4kzq_641,6.890,-6.297024,nan
4kzq,4kzq_651,3.140,-1.576323,nan
4kzq,4kzq_667,2.340,-1.762493,nan
4kzq,4kzq_682,2.300,-1.122355,nan
4kzq,4kzq_692,1.110,-0.504024,nan
4kzq,4kzq_697,3.840,-1.987474,nan
4kzq,4kzq_72,0.840,-0.680635,nan
4kzq,4kzq_740,4.310,-2.286007,nan
4kzq,4kzq_745,6.530,-6.456920,nan
4kzq,4kzq_748,4.240,-2.978803,nan
4kzq,4kzq_749,9.020,-8.565376,nan
4kzq,4kzq_755,7.160,-6.270254,nan
4kzq,4kzq_758,9.030,-8.552049,nan
4kzq,4kzq_764,8.310,-6.724452,nan
4kzq,4kzq_766,8.270,-6.983687,nan
4kzq,4kzq_769,8.210,-6.682671,nan
4kzq,4kzq_776,7.930,-7.128454,nan
4kzq,4kzq_778,7.150,-7.114951,nan
4kzq,4kzq_781,9.490,-8.544273,nan
4kzq,4kzq_782,9.610,-8.558403,nan
4kzq,4kzq_783,9.750,-8.531384,nan
4kzq,4kzq_784,9.780,-8.510945,nan
4kzq,4kzq_794,5.090,-3.810905,nan
4kzq,4kzq_837,7.310,-5.041234,nan
4kzq,4kzq_838,7.920,-8.484081,nan
4kzq,4kzq_845,7.830,-5.756384,nan
4kzq,4kzq_847,8.190,-8.334025,nan
4kzq,4kzq_856,7.880,-5.683263,nan
4kzq,4kzq_861,7.990,-5.883725,nan
4kzq,4kzq_865,5.840,-7.234884,nan
4kzq,4kzq_866,8.390,-8.544119,nan
4kzq,4kzq_868,5.370,-3.553243,nan
4kzq,4kzq_874,6.500,-4.338026,nan
4kzq,4kzq_875,7.200,-5.432682,nan
4kzq,4kzq_876,4.140,-3.166937,nan
4kzq,4kzq_877,8.470,-7.611738,nan
4kzq,4kzq_878,7.550,-5.322736,nan
4kzq,4kzq_880,8.380,-8.526675,nan
4kzq,4kzq_883,6.390,-4.245456,nan
4kzq,4kzq_884,8.480,-7.695164,nan
4kzq,4kzq_888,5.820,-5.347628,nan
4kzq,4kzq_890,4.010,-3.037273,nan
4kzq,4kzq_891,8.060,-7.471931,nan
4kzq,4kzq_892,8.720,-6.003314,nan
4kzq,4kzq_893,6.740,-5.092605,nan
4kzq,4kzq_974,1.580,-1.118565,nan
4kzq,4kzq_990,5.580,-4.595373,nan
4kzu,4kzu_112,0.500,-0.440590,nan
4kzu,4kzu_206,0.450,-0.668296,nan
4kzu,4kzu_256,0.530,-0.916702,nan
4kzu,4kzu_286,0.640,-0.755720,nan
4kzu,4kzu_411,0.890,-0.963760,nan
4kzu,4kzu_422,1.500,-1.309029,nan
4kzu,4kzu_424,0.710,-0.726098,nan
4kzu,4kzu_426,3.280,-2.104105,nan
4kzu,4kzu_429,1.500,-1.940399,nan
4kzu,4kzu_432,1.220,-1.060752,nan
4kzu,4kzu_439,2.060,-1.011526,nan
4kzu,4kzu_455,2.310,-1.171099,nan
4kzu,4kzu_468,1.810,-1.405793,nan
4kzu,4kzu_472,3.230,-1.732853,nan
4kzu,4kzu_474,2.220,-0.770606,nan
4kzu,4kzu_481,1.160,-1.435987,nan
4kzu,4kzu_483,2.420,-1.344030,nan
4kzu,4kzu_491,3.470,-1.866323,nan
4kzu,4kzu_492,1.660,-1.188325,nan
4kzu,4kzu_497,3.850,-1.886679,nan
4kzu,4kzu_499,2.200,-1.918803,nan
4kzu,4kzu_5,0.880,-1.190648,nan
4kzu,4kzu_504,0.940,-0.894978,nan
4kzu,4kzu_524,1.120,-1.493067,nan
4kzu,4kzu_537,7.320,-4.886554,nan
4kzu,4kzu_548,2.000,-1.003118,nan
4kzu,4kzu_549,3.870,-3.319875,nan
4kzu,4kzu_552,4.560,-1.541900,nan
4kzu,4kzu_553,6.650,-4.046608,nan
4kzu,4kzu_559,6.560,-4.370280,nan
4kzu,4kzu_565,4.070,-1.288742,nan
4kzu,4kzu_569,5.240,-6.393998,nan
4kzu,4kzu_570,3.850,-1.599345,nan
4kzu,4kzu_571,2.890,-2.197393,nan
4kzu,4kzu_574,6.190,-3.560897,nan
4kzu,4kzu_575,1.590,-1.450692,nan
4kzu,4kzu_577,5.010,-2.163513,nan
4kzu,4kzu_578,3.760,-3.379953,nan
4kzu,4kzu_582,4.350,-1.767441,nan
4kzu,4kzu_592,4.400,-3.394909,nan
4kzu,4kzu_593,4.910,-1.799657,nan
4kzu,4kzu_594,3.570,-2.713053,nan
4kzu,4kzu_599,6.160,-6.927958,nan
4kzu,4kzu_601,0.830,-1.105862,nan
4kzu,4kzu_610,0.790,-0.828357,nan
4kzu,4kzu_618,2.170,-0.995317,nan
4kzu,4kzu_619,4.150,-1.286940,nan
4kzu,4kzu_641,3.840,-1.786511,nan
4kzu,4kzu_660,3.910,-1.095313,nan
4kzu,4kzu_661,1.630,-2.215832,nan
4kzu,4kzu_662,5.380,-3.882442,nan
4kzu,4kzu_663,5.120,-5.841647,nan
4kzu,4kzu_668,5.160,-1.892847,nan
4kzu,4kzu_669,4.560,-4.351633,nan
4kzu,4kzu_675,2.840,-2.524063,nan
4kzu,4kzu_678,6.980,-4.758321,nan
4kzu,4kzu_680,4.130,-3.407214,nan
4kzu,4kzu_682,4.790,-3.768146,nan
4kzu,4kzu_690,2.630,-1.437294,nan
4kzu,4kzu_696,4.210,-3.384731,nan
4kzu,4kzu_700,5.360,-4.310628,nan
4kzu,4kzu_708,5.490,-2.758423,nan
4kzu,4kzu_709,5.990,-5.300763,nan
4kzu,4kzu_710,6.980,-3.655923,nan
4kzu,4kzu_712,7.320,-4.530612,nan
4kzu,4kzu_735,9.120,-6.042446,nan
4kzu,4kzu_738,7.740,-5.418973,nan
4kzu,4kzu_740,8.090,-5.225855,nan
4kzu,4kzu_741,8.940,-6.188024,nan
4kzu,4kzu_747,7.930,-7.848207,nan
4kzu,4kzu_752,9.540,-8.118971,nan
4kzu,4kzu_753,7.660,-7.551034,nan
4kzu,4kzu_755,7.390,-7.254086,nan
4kzu,4kzu_757,8.130,-4.902686,nan
4kzu,4kzu_761,9.400,-7.742641,nan
4kzu,4kzu_762,7.520,-7.593054,nan
4kzu,4kzu_775,9.740,-8.363493,nan
4kzu,4kzu_776,6.380,-4.692219,nan
4kzu,4kzu_777,8.290,-5.154581,nan
4kzu,4kzu_786,9.770,-7.432928,nan
4kzu,4kzu_789,9.000,-6.164872,nan
4kzu,4kzu_800,6.800,-3.948845,nan
4kzu,4kzu_847,8.780,-8.036776,nan
4kzu,4kzu_856,5.360,-6.003505,nan
4kzu,4kzu_857,8.800,-7.752504,nan
4kzu,4kzu_861,9.120,-5.695451,nan
4kzu,4kzu_863,8.990,-5.918528,nan
4kzu,4kzu_865,8.820,-7.616657,nan
4kzu,4kzu_867,7.090,-4.543160,nan
4kzu,4kzu_872,6.590,-3.612772,nan
4kzu,4kzu_877,6.770,-3.953723,nan
4kzu,4kzu_878,9.180,-7.949569,nan
4kzu,4kzu_883,9.970,-7.451968,nan
4kzu,4kzu_889,9.270,-8.438830,nan
4kzu,4kzu_907,2.730,-2.572373,nan
4kzu,4kzu_909,5.310,-6.178099,nan
4kzu,4kzu_924,7.080,-4.177036,nan
4kzu,4kzu_932,9.760,-7.944248,nan
4kzu,4kzu_956,7.310,-4.123634,nan
4kzu,4kzu_961,8.690,-8.262691,nan
4llx,4llx_208,1.530,-0.505055,nan
4llx,4llx_213,0.450,-0.149586,nan
4llx,4llx_236,0.430,-0.381416,nan
4llx,4llx_243,9.960,-7.512760,nan
4llx,4llx_247,9.950,-6.678657,nan
4llx,4llx_276,0.960,-0.316367,nan
4llx,4llx_293,0.630,-0.372600,nan
4llx,4llx_302,0.270,-0.197933,nan
4llx,4llx_386,0.330,-0.488208,nan
4llx,4llx_402,0.780,-0.359760,nan
4llx,4llx_403,0.670,-0.177256,nan
4llx,4llx_408,3.030,-1.083289,nan
4llx,4llx_414,3.610,-1.971772,nan
4llx,4llx_418,3.650,-2.445058,nan
4llx,4llx_419,3.620,-2.306953,nan
4llx,4llx_421,0.990,-0.783752,nan
4llx,4llx_422,2.950,-2.574545,nan
4llx,4llx_442,2.570,-0.328517,nan
4llx,4llx_443,2.110,-0.857885,nan
4llx,4llx_447,1.800,-1.583537,nan
4llx,4llx_451,3.910,-3.296443,nan
4llx,4llx_465,2.850,-1.322086,nan
4llx,4llx_471,4.940,-3.913465,nan
4llx,4llx_472,5.300,-3.846817,nan
4llx,4llx_475,3.180,-2.851076,nan
4llx,4llx_478,2.110,-1.520126,nan
4llx,4llx_485,1.590,-1.428761,nan
4llx,4llx_498,1.410,-0.668779,nan
4llx,4llx_500,4.300,-3.519486,nan
4llx,4llx_512,4.660,-3.287027,nan
4llx,4llx_519,1.250,-0.750973,nan
4llx,4llx_525,4.990,-4.260304,nan
4llx,4llx_545,1.360,-0.945181,nan
4llx,4llx_553,5.690,-4.151024,nan
4llx,4llx_554,6.280,-4.885227,nan
4llx,4llx_558,6.860,-5.016023,nan
4llx,4llx_560,7.060,-5.083401,nan
4llx,4llx_579,5.260,-3.708793,nan
4llx,4llx_589,6.270,-5.212150,nan
4llx,4llx_609,1.330,-1.562804,nan
4llx,4llx_613,2.920,-2.062455,nan
4llx,4llx_621,1.180,-1.212089,nan
4llx,4llx_624,3.390,-1.766489,nan
4llx,4llx_635,2.950,-1.729810,nan
4llx,4llx_636,4.650,-4.306578,nan
4llx,4llx_641,2.380,-1.059893,nan
4llx,4llx_650,3.510,-2.227118,nan
4llx,4llx_666,3.770,-3.666934,nan
4llx,4llx_677,4.400,-3.625967,nan
4llx,4llx_684,2.860,-1.754575,nan
4llx,4llx_686,4.110,-3.701500,nan
4llx,4llx_689,4.040,-3.488357,nan
4llx,4llx_695,4.630,-3.491437,nan
4llx,4llx_716,1.890,-1.619752,nan
4llx,4llx_723,1.900,-1.186035,nan
4llx,4llx_727,5.170,-3.951078,nan
4llx,4llx_745,4.220,-3.119637,nan
4llx,4llx_746,6.210,-5.088966,nan
4llx,4llx_750,6.940,-5.533682,nan
4llx,4llx_751,8.470,-6.718891,nan
4llx,4llx_757,7.530,-5.298378,nan
4llx,4llx_759,5.790,-4.514703,nan
4llx,4llx_769,5.030,-3.556845,nan
4llx,4llx_774,7.280,-6.112189,nan
4llx,4llx_779,5.500,-4.603898,nan
4llx,4llx_781,6.000,-5.078732,nan
4llx,4llx_784,8.230,-6.979341,nan
4llx,4llx_785,6.300,-5.525486,nan
4llx,4llx_786,6.950,-5.941824,nan
4llx,4llx_787,6.230,-5.785766,nan
4llx,4llx_788,8.300,-7.220966,nan
4llx,4llx_789,7.570,-6.945104,nan
4llx,4llx_790,7.630,-5.886924,nan
4llx,4llx_793,7.090,-5.872597,nan
4llx,4llx_795,6.830,-5.413309,nan
4llx,4llx_798,7.430,-5.794174,nan
4llx,4llx_799,8.180,-6.201069,nan
4llx,4llx_845,3.780,-2.359192,nan
4llx,4llx_859,7.590,-6.301644,nan
4llx,4llx_862,5.160,-4.449299,nan
4llx,4llx_871,7.550,-5.005970,nan
4llx,4llx_875,7.390,-5.599308,nan
4llx,4llx_877,8.720,-7.685475,nan
4llx,4llx_882,6.500,-4.680658,nan
4llx,4llx_943,0.980,-0.761428,nan
4llx,4llx_967,2.940,-2.163959,nan
4llx,4llx_977,5.550,-4.625893,nan
4lzs,4lzs_1,0.750,-0.802127,nan
4lzs,4lzs_154,0.370,-0.235068,nan
4lzs,4lzs_203,3.380,-3.160684,nan
4lzs,4lzs_224,4.140,-4.100861,nan
4lzs,4lzs_38,0.480,-0.417185,nan
4lzs,4lzs_391,0.460,-0.510736,nan
4lzs,4lzs_415,1.880,-0.303739,nan
4lzs,4lzs_430,0.690,-0.192798,nan
4lzs,4lzs_442,4.010,-2.906596,nan
4lzs,4lzs_446,4.910,-4.062976,nan
4lzs,4lzs_454,2.560,-1.038429,nan
4lzs,4lzs_456,4.390,-3.909263,nan
4lzs,4lzs_465,4.500,-4.409480,nan
4lzs,4lzs_529,4.670,-3.590392,nan
4lzs,4lzs_533,1.820,-0.807110,nan
4lzs,4lzs_550,1.870,-0.601735,nan
4lzs,4lzs_560,2.350,-0.782148,nan
4lzs,4lzs_572,1.930,-1.520957,nan
4lzs,4lzs_586,2.000,-1.275225,nan
4lzs,4lzs_61,0.870,-0.678125,nan
4lzs,4lzs_617,1.260,-1.016869,nan
4lzs,4lzs_653,3.170,-2.425774,nan
4lzs,4lzs_693,3.130,-1.144109,nan
4lzs,4lzs_70,0.690,-0.639802,nan
4lzs,4lzs_702,0.380,-0.369361,nan
4lzs,4lzs_725,2.200,-1.670495,nan
4lzs,4lzs_746,2.160,-1.075217,nan
4lzs,4lzs_749,5.080,-4.491894,nan
4lzs,4lzs_750,5.180,-4.119726,nan
4lzs,4lzs_752,3.380,-2.178255,nan
4lzs,4lzs_753,6.000,-5.306077,nan
4lzs,4lzs_755,5.070,-4.225957,nan
4lzs,4lzs_756,5.060,-3.939463,nan
4lzs,4lzs_760,5.210,-4.273441,nan
4lzs,4lzs_765,5.030,-4.312091,nan
4lzs,4lzs_767,6.080,-5.088920,nan
4lzs,4lzs_768,5.860,-5.049630,nan
4lzs,4lzs_773,7.340,-6.482522,nan
4lzs,4lzs_778,1.970,-0.912727,nan
4lzs,4lzs_779,2.060,-1.284425,nan
4lzs,4lzs_784,3.370,-1.734006,nan
4lzs,4lzs_788,4.340,-2.871849,nan
4lzs,4lzs_789,4.420,-3.260189,nan
4lzs,4lzs_793,4.630,-3.438283,nan
4lzs,4lzs_795,3.800,-2.224091,nan
4lzs,4lzs_819,1.860,-0.870931,nan
4lzs,4lzs_838,2.040,-1.080962,nan
4lzs,4lzs_841,1.970,-0.909392,nan
4lzs,4lzs_845,3.810,-3.257328,nan
4lzs,4lzs_849,2.330,-0.499016,nan
4lzs,4lzs_850,3.190,-2.990909,nan
4lzs,4lzs_852,2.960,-1.584505,nan
4lzs,4lzs_88,0.850,-0.558138,nan
4lzs,4lzs_880,3.690,-2.899275,nan
4lzs,4lzs_881,5.500,-4.398957,nan
4lzs,4lzs_884,3.510,-1.912564,nan
4lzs,4lzs_885,4.330,-2.603086,nan
4lzs,4lzs_890,5.450,-4.636999,nan
4lzs,4lzs_905,0.990,-0.625000,nan
4lzs,4lzs_951,2.640,-2.026746,nan
4lzs,4lzs_968,1.350,-0.362862,nan
4lzs,4lzs_980,2.580,-1.518866,nan
4m0y,4m0y_214,0.610,-0.575571,nan
4m0y,4m0y_224,7.020,-1.472492,nan
4m0y,4m0y_232,0.470,-0.370363,nan
4m0y,4m0y_252,7.200,-1.890989,nan
4m0y,4m0y_336,4.580,-1.359576,nan
4m0y,4m0y_407,5.150,-1.510857,nan
4m0y,4m0y_410,4.260,-1.879634,nan
4m0y,4m0y_416,3.990,-1.290410,nan
4m0y,4m0y_426,6.720,-1.521192,nan
4m0y,4m0y_448,5.810,-2.067886,nan
4m0y,4m0y_461,4.370,-2.010262,nan
4m0y,4m0y_467,7.440,-4.049237,nan
4m0y,4m0y_476,7.440,-3.511232,nan
4m0y,4m0y_485,6.940,-4.515856,nan
4m0y,4m0y_488,6.510,-1.375358,nan
4m0y,4m0y_493,7.210,-3.784736,nan
4m0y,4m0y_509,7.460,-6.558130,nan
4m0y,4m0y_512,3.550,-0.599274,nan
4m0y,4m0y_513,5.010,-0.983899,nan
4m0y,4m0y_514,4.000,-3.623045,nan
4m0y,4m0y_524,7.590,-6.424961,nan
4m0y,4m0y_525,5.410,-1.905235,nan
4m0y,4m0y_532,6.100,-0.759574,nan
4m0y,4m0y_534,6.040,-2.928911,nan
4m0y,4m0y_537,6.000,-1.197474,nan
4m0y,4m0y_544,2.730,-0.692174,nan
4m0y,4m0y_545,7.170,-4.635265,nan
4m0y,4m0y_546,5.810,-4.079144,nan
4m0y,4m0y_547,6.250,-4.288667,nan
4m0y,4m0y_549,6.640,-3.969384,nan
4m0y,4m0y_558,6.610,-5.514955,nan
4m0y,4m0y_561,1.300,-0.992602,nan
4m0y,4m0y_567,4.860,-3.285224,nan
4m0y,4m0y_570,5.990,-4.334677,nan
4m0y,4m0y_574,3.250,-1.822473,nan
4m0y,4m0y_586,7.490,-5.961628,nan
4m0y,4m0y_589,7.360,-5.811128,nan
4m0y,4m0y_591,2.620,-0.811431,nan
4m0y,4m0y_592,2.930,-1.301246,nan
4m0y,4m0y_598,1.800,-0.581705,nan
4m0y,4m0y_601,5.140,-2.433130,nan
4m0y,4m0y_610,4.990,-1.446647,nan
4m0y,4m0y_619,3.390,-1.038099,nan
4m0y,4m0y_631,4.800,-1.033890,nan
4m0y,4m0y_646,4.630,-1.305158,nan
4m0y,4m0y_655,4.640,-1.382875,nan
4m0y,4m0y_659,3.320,-1.467696,nan
4m0y,4m0y_662,6.080,-2.457886,nan
4m0y,4m0y_669,2.400,-0.913166,nan
4m0y,4m0y_682,4.580,-1.657986,nan
4m0y,4m0y_684,5.200,-2.299613,nan
4m0y,4m0y_686,1.640,-0.759042,nan
4m0y,4m0y_697,5.330,-1.633532,nan
4m0y,4m0y_739,3.150,-1.085841,nan
4m0y,4m0y_740,2.410,-0.382689,nan
4m0y,4m0y_743,6.140,-4.634185,nan
4m0y,4m0y_748,3.890,-1.555734,nan
4m0y,4m0y_750,3.670,-1.456694,nan
4m0y,4m0y_752,4.740,-3.923220,nan
4m0y,4m0y_753,2.950,-0.653932,nan
4m0y,4m0y_756,0.930,-0.713255,nan
4m0y,4m0y_757,0.380,-0.734297,nan
4m0y,4m0y_758,0.330,-0.720955,nan
4m0y,4m0y_759,0.360,-0.671427,nan
4m0y,4m0y_767,0.970,-1.203147,nan
4m0y,4m0y_814,1.810,-0.575553,nan
4m0y,4m0y_822,1.950,-0.511178,nan
4m0y,4m0y_827,2.080,-1.067943,nan
4m0y,4m0y_839,1.070,-1.018577,nan
4m0y,4m0y_846,2.470,-0.543138,nan
4m0y,4m0y_856,0.320,-0.661698,nan
4m0y,4m0y_863,0.350,-0.649332,nan
4m0y,4m0y_873,0.430,-0.520104,nan
4m0y,4m0y_883,1.330,-1.051276,nan
4m0y,4m0y_907,1.850,-0.646096,nan
4m0y,4m0y_920,1.740,-0.905455,nan
4m0y,4m0y_922,2.950,-1.566113,nan
4m0y,4m0y_923,3.020,-1.444146,nan
4m0y,4m0y_951,2.560,-1.642141,nan
4m0y,4m0y_952,1.650,-1.016923,nan
4m0z,4m0z_402,6.420,-1.485159,nan
4m0z,4m0z_41,0.680,-0.463206,nan
4m0z,4m0z_415,1.720,-1.166215,nan
4m0z,4m0z_436,0.710,-0.614737,nan
4m0z,4m0z_439,6.470,-1.281695,nan
4m0z,4m0z_443,5.480,-2.247829,nan
4m0z,4m0z_444,5.420,-1.892594,nan
4m0z,4m0z_450,2.010,-0.858340,nan
4m0z,4m0z_455,5.050,-1.325417,nan
4m0z,4m0z_456,0.840,-0.539865,nan
4m0z,4m0z_457,3.390,-1.257997,nan
4m0z,4m0z_462,1.820,-0.897808,nan
4m0z,4m0z_473,6.400,-1.081185,nan
4m0z,4m0z_477,3.120,-1.548481,nan
4m0z,4m0z_487,6.040,-1.150372,nan
4m0z,4m0z_492,6.180,-1.764102,nan
4m0z,4m0z_494,3.350,-2.096434,nan
4m0z,4m0z_501,0.550,-0.741943,nan
4m0z,4m0z_505,0.540,-0.816900,nan
4m0z,4m0z_508,0.720,-0.854113,nan
4m0z,4m0z_516,0.590,-0.647849,nan
4m0z,4m0z_517,3.220,-1.765475,nan
4m0z,4m0z_526,5.170,-1.625063,nan
4m0z,4m0z_529,1.090,-0.813742,nan
4m0z,4m0z_532,5.120,-1.340105,nan
4m0z,4m0z_539,0.940,-0.836338,nan
4m0z,4m0z_552,5.340,-1.609454,nan
4m0z,4m0z_558,5.460,-1.794583,nan
4m0z,4m0z_560,4.720,-1.696955,nan
4m0z,4m0z_568,4.590,-1.472819,nan
4m0z,4m0z_571,3.730,-1.801636,nan
4m0z,4m0z_574,4.940,-1.728127,nan
4m0z,4m0z_575,2.050,-1.313131,nan
4m0z,4m0z_580,4.800,-1.109555,nan
4m0z,4m0z_581,5.790,-2.404438,nan
4m0z,4m0z_584,4.910,-1.160622,nan
4m0z,4m0z_600,3.360,-2.001155,nan
4m0z,4m0z_601,6.410,-1.676392,nan
4m0z,4m0z_603,0.790,-0.491553,nan
4m0z,4m0z_614,2.740,-0.920475,nan
4m0z,4m0z_615,0.980,-0.944633,nan
4m0z,4m0z_626,1.300,-0.413064,nan
4m0z,4m0z_633,2.480,-0.455340,nan
4m0z,4m0z_634,3.040,-1.231143,nan
4m0z,4m0z_640,3.610,-1.663481,nan
4m0z,4m0z_641,2.900,-2.067062,nan
4m0z,4m0z_646,1.110,-0.879065,nan
4m0z,4m0z_648,6.520,-0.724393,nan
4m0z,4m0z_650,1.820,-1.283576,nan
4m0z,4m0z_662,3.150,-2.062731,nan
4m0z,4m0z_666,2.670,-1.701357,nan
4m0z,4m0z_669,6.230,-1.116971,nan
4m0z,4m0z_678,2.020,-1.667114,nan
4m0z,4m0z_680,2.390,-1.410523,nan
4m0z,4m0z_683,4.550,-1.407662,nan
4m0z,4m0z_684,4.580,-1.333441,nan
4m0z,4m0z_685,2.520,-0.484995,nan
4m0z,4m0z_686,1.310,-1.022749,nan
4m0z,4m0z_690,5.660,-1.613429,nan
4m0z,4m0z_695,6.150,-1.276098,nan
4m0z,4m0z_696,1.320,-1.327561,nan
4m0z,4m0z_697,1.860,-0.989922,nan
4m0z,4m0z_699,6.470,-1.563691,nan
4m0z,4m0z_700,1.680,-0.846421,nan
4m0z,4m0z_779,3.110,-1.522593,nan
4m0z,4m0z_869,2.560,-1.755370,nan
4m0z,4m0z_878,5.770,-1.901265,nan
4m0z,4m0z_880,4.900,-3.720318,nan
4m0z,4m0z_882,4.790,-3.229262,nan
4m0z,4m0z_883,4.170,-2.195592,nan
4mgd,4mgd_1000,1.310,-1.050531,nan
4mgd,4mgd_132,0.930,-0.656531,nan
4mgd,4mgd_223,1.010,-1.131585,nan
4mgd,4mgd_24,0.430,-0.179065,nan
4mgd,4mgd_272,0.370,-0.290172,nan
4mgd,4mgd_283,0.860,-0.626214,nan
4mgd,4mgd_425,0.980,-1.065913,nan
4mgd,4mgd_427,0.800,-0.579200,nan
4mgd,4mgd_428,0.620,-0.689207,nan
4mgd,4mgd_455,1.250,-0.957878,nan
4mgd,4mgd_467,1.500,-0.772545,nan
4mgd,4mgd_469,2.150,-1.922390,nan
4mgd,4mgd_520,1.890,-1.817557,nan
4mgd,4mgd_568,1.610,-1.766309,nan
4mgd,4mgd_571,2.040,-1.834540,nan
4mgd,4mgd_579,3.830,-1.723700,nan
4mgd,4mgd_586,2.190,-1.939952,nan
4mgd,4mgd_609,1.280,-1.475227,nan
4mgd,4mgd_660,2.160,-1.854249,nan
4mgd,4mgd_669,2.040,-1.882457,nan
4mgd,4mgd_683,2.300,-1.808872,nan
4mgd,4mgd_690,2.060,-1.123220,nan
4mgd,4mgd_732,0.980,-0.229124,nan
4mgd,4mgd_753,4.020,-1.649071,nan
4mgd,4mgd_761,3.910,-1.371963,nan
4mgd,4mgd_763,4.000,-1.702566,nan
4mgd,4mgd_768,3.940,-1.484333,nan
4mgd,4mgd_772,2.120,-1.712484,nan
4mgd,4mgd_779,3.690,-1.320179,nan
4mgd,4mgd_781,1.340,-1.131226,nan
4mgd,4mgd_782,4.030,-2.092257,nan
4mgd,4mgd_783,3.790,-1.487805,nan
4mgd,4mgd_784,4.060,-1.830215,nan
4mgd,4mgd_790,3.410,-2.066618,nan
4mgd,4mgd_791,4.120,-2.685627,nan
4mgd,4mgd_792,2.970,-2.448744,nan
4mgd,4mgd_793,3.830,-1.880984,nan
4mgd,4mgd_795,2.580,-2.348006,nan
4mgd,4mgd_799,3.380,-1.700776,nan
4mgd,4mgd_800,4.550,-2.959280,nan
4mgd,4mgd_820,1.410,-0.525926,nan
4mgd,4mgd_829,0.980,-0.752719,nan
4mgd,4mgd_894,3.700,-1.145265,nan
4mgd,4mgd_95,1.010,-0.523134,nan
4mgd,4mgd_96,0.520,-0.114470,nan
4mme,4mme_133,0.650,-0.336928,nan
4mme,4mme_16,0.590,-0.380231,nan
4mme,4mme_324,0.600,-0.407054,nan
4mme,4mme_403,1.040,-0.736116,nan
4mme,4mme_406,0.830,-0.848345,nan
4mme,4mme_407,3.120,-0.975140,nan
4mme,4mme_409,1.000,-0.720459,nan
4mme,4mme_413,1.100,-0.524657,nan
4mme,4mme_425,1.560,-1.524502,nan
4mme,4mme_426,2.910,-1.512391,nan
4mme,4mme_434,0.450,-0.411186,nan
4mme,4mme_440,2.780,-1.500531,nan
4mme,4mme_441,2.110,-1.808032,nan
4mme,4mme_442,3.270,-2.813564,nan
4mme,4mme_455,1.710,-0.774464,nan
4mme,4mme_456,4.370,-2.956672,nan
4mme,4mme_466,0.870,-0.827065,nan
4mme,4mme_468,1.920,-1.322830,nan
4mme,4mme_469,3.860,-1.651037,nan
4mme,4mme_472,3.870,-1.903257,nan
4mme,4mme_475,2.760,-1.902936,nan
4mme,4mme_482,3.100,-1.769374,nan
4mme,4mme_486,3.830,-2.727635,nan
4mme,4mme_489,6.110,-5.848634,nan
4mme,4mme_492,3.250,-2.144995,nan
4mme,4mme_498,1.830,-1.529665,nan
4mme,4mme_511,6.380,-6.118407,nan
4mme,4mme_520,7.310,-7.460388,nan
4mme,4mme_521,6.690,-6.474555,nan
4mme,4mme_522,0.920,-1.368319,nan
4mme,4mme_524,6.600,-6.825984,nan
4mme,4mme_534,5.880,-6.078668,nan
4mme,4mme_539,5.500,-4.520445,nan
4mme,4mme_552,1.230,-1.114823,nan
4mme,4mme_555,5.640,-5.934030,nan
4mme,4mme_559,4.680,-3.522609,nan
4mme,4mme_565,5.530,-4.646698,nan
4mme,4mme_566,2.370,-1.513247,nan
4mme,4mme_567,6.680,-6.650966,nan
4mme,4mme_568,6.110,-6.591358,nan
4mme,4mme_575,4.800,-4.070783,nan
4mme,4mme_577,5.510,-5.000869,nan
4mme,4mme_580,1.120,-0.967230,nan
4mme,4mme_584,5.010,-3.774563,nan
4mme,4mme_593,6.920,-7.217774,nan
4mme,4mme_600,4.760,-3.768340,nan
4mme,4mme_611,2.700,-1.546125,nan
4mme,4mme_622,1.060,-1.413253,nan
4mme,4mme_635,2.880,-1.471402,nan
4mme,4mme_644,6.620,-5.673000,nan
4mme,4mme_646,2.870,-1.953873,nan
4mme,4mme_651,4.220,-3.508064,nan
4mme,4mme_656,4.040,-2.874444,nan
4mme,4mme_657,5.830,-5.537364,nan
4mme,4mme_667,7.230,-7.043584,nan
4mme,4mme_670,7.230,-7.248946,nan
4mme,4mme_674,6.540,-6.260488,nan
4mme,4mme_676,3.000,-1.587089,nan
4mme,4mme_685,5.500,-6.776973,nan
4mme,4mme_687,7.050,-6.480402,nan
4mme,4mme_695,4.300,-2.027408,nan
4mme,4mme_71,0.550,-0.321076,nan
4mme,4mme_723,1.250,-0.731131,nan
4mme,4mme_754,3.940,-1.660168,nan
4mme,4mme_757,4.180,-1.428150,nan
4mme,4mme_766,2.990,-1.291126,nan
4mme,4mme_768,3.240,-1.570697,nan
4mme,4mme_769,4.600,-1.883706,nan
4mme,4mme_834,5.730,-4.392068,nan
4mme,4mme_835,4.910,-4.093174,nan
4mme,4mme_839,6.890,-6.603850,nan
4mme,4mme_845,3.390,-1.186509,nan
4mme,4mme_86,0.570,-0.388554,nan
4mme,4mme_943,5.130,-3.153749,nan
4ogj,4ogj_128,8.080,-5.387558,nan
4ogj,4ogj_138,6.850,-2.453521,nan
4ogj,4ogj_177,6.000,-2.888587,nan
4ogj,4ogj_202,6.120,-4.077078,nan
4ogj,4ogj_209,9.020,-6.734087,nan
4ogj,4ogj_221,6.740,-3.574283,nan
4ogj,4ogj_222,7.220,-5.259691,nan
4ogj,4ogj_223,9.320,-7.210971,nan
4ogj,4ogj_228,7.050,-6.179409,nan
4ogj,4ogj_229,9.230,-7.249557,nan
4ogj,4ogj_230,8.080,-6.212668,nan
4ogj,4ogj_233,8.050,-5.860865,nan
4ogj,4ogj_243,6.560,-5.673113,nan
4ogj,4ogj_245,5.480,-2.510237,nan
4ogj,4ogj_247,8.850,-6.414836,nan
4ogj,4ogj_250,8.030,-2.008678,nan
4ogj,4ogj_259,7.590,-4.874340,nan
4ogj,4ogj_260,9.380,-7.971832,nan
4ogj,4ogj_263,9.230,-5.727657,nan
4ogj,4ogj_267,7.120,-3.886260,nan
4ogj,4ogj_271,6.600,-4.482903,nan
4ogj,4ogj_279,4.760,-2.081855,nan
4ogj,4ogj_282,7.170,-6.397475,nan
4ogj,4ogj_286,7.930,-1.631094,nan
4ogj,4ogj_291,9.990,-6.179648,nan
4ogj,4ogj_297,4.940,-2.951816,nan
4ogj,4ogj_300,6.730,-3.072406,nan
4ogj,4ogj_40,9.070,-3.664655,nan
4ogj,4ogj_439,6.640,-4.054914,nan
4ogj,4ogj_44,9.120,-5.083219,nan
4ogj,4ogj_447,9.050,-6.464148,nan
4ogj,4ogj_45,9.070,-7.117792,nan
4ogj,4ogj_478,5.890,-4.755611,nan
4ogj,4ogj_503,4.840,-2.434648,nan
4ogj,4ogj_523,4.930,-3.276279,nan
4ogj,4ogj_527,8.410,-3.877309,nan
4ogj,4ogj_565,4.550,-5.179778,nan
4ogj,4ogj_569,5.650,-2.954352,nan
4ogj,4ogj_570,3.600,-1.309362,nan
4ogj,4ogj_575,5.050,-3.610872,nan
4ogj,4ogj_619,6.380,-3.680028,nan
4ogj,4ogj_627,7.040,-4.658841,nan
4ogj,4ogj_637,7.420,-5.884735,nan
4ogj,4ogj_638,5.020,-2.897416,nan
4ogj,4ogj_65,8.610,-4.128143,nan
4ogj,4ogj_658,7.050,-6.531309,nan
4ogj,4ogj_661,5.400,-3.144767,nan
4ogj,4ogj_664,6.600,-2.455777,nan
4ogj,4ogj_670,5.820,-3.483545,nan
4ogj,4ogj_677,4.920,-2.668011,nan
4ogj,4ogj_698,3.760,-3.097773,nan
4ogj,4ogj_7,7.970,-4.139000,nan
4ogj,4ogj_70,8.560,-7.967315,nan
4ogj,4ogj_700,4.930,-2.457970,nan
4ogj,4ogj_701,4.070,-0.458296,nan
4ogj,4ogj_72,8.240,-4.981023,nan
4ogj,4ogj_722,3.780,-0.780995,nan
4ogj,4ogj_723,2.230,-1.901894,nan
4ogj,4ogj_742,3.150,-1.116641,nan
4ogj,4ogj_743,4.000,-0.174961,nan
4ogj,4ogj_744,2.770,-1.486341,nan
4ogj,4ogj_746,6.890,-3.422794,nan
4ogj,4ogj_750,0.860,-0.997543,nan
4ogj,4ogj_753,2.710,-1.259083,nan
4ogj,4ogj_757,0.800,-0.951619,nan
4ogj,4ogj_758,3.620,-0.393554,nan
4ogj,4ogj_762,1.760,-0.908800,nan
4ogj,4ogj_764,1.920,-1.586145,nan
4ogj,4ogj_771,4.050,-2.488190,nan
4ogj,4ogj_778,2.690,-1.671370,nan
4ogj,4ogj_782,1.650,-1.210933,nan
4ogj,4ogj_784,1.310,-1.409442,nan
4ogj,4ogj_785,8.440,-4.652284,nan
4ogj,4ogj_789,2.100,-0.873740,nan
4ogj,4ogj_792,1.660,-0.990777,nan
4ogj,4ogj_795,3.640,-1.279374,nan
4ogj,4ogj_808,5.940,-2.871835,nan
4ogj,4ogj_824,2.360,-1.586333,nan
4ogj,4ogj_852,4.820,-2.461297,nan
4ogj,4ogj_881,2.080,-1.332583,nan
4ogj,4ogj_882,3.200,-1.527414,nan
4ogj,4ogj_89,5.620,-2.211532,nan
4ogj,4ogj_897,2.780,-1.086129,nan
4ogj,4ogj_914,3.950,-0.765047,nan
4ogj,4ogj_935,3.980,-0.529307,nan
4ogj,4ogj_936,2.020,-0.988916,nan
4ogj,4ogj_937,1.610,-1.241212,nan
4ogj,4ogj_957,1.720,-1.101095,nan
4ogj,4ogj_969,2.650,-1.264538,nan
4ogj,4ogj_990,1.330,-0.879915,nan
4ogj,4ogj_993,1.160,-0.835843,nan
4ogj,4ogj_999,1.360,-1.398111,nan
4owm,4owm_109,7.560,-6.286765,nan
4owm,4owm_114,7.670,-6.311603,nan
4owm,4owm_135,2.350,-0.194715,nan
4owm,4owm_148,7.580,-6.184334,nan
4owm,4owm_16,2.000,-0.434860,nan
4owm,4owm_163,2.060,-0.227808,nan
4owm,4owm_215,8.420,-7.334823,nan
4owm,4owm_216,1.900,-0.423185,nan
4owm,4owm_223,2.000,-0.716004,nan
4owm,4owm_228,8.820,-7.445289,nan
4owm,4owm_230,0.750,-0.340870,nan
4owm,4owm_232,0.610,-0.493597,nan
4owm,4owm_243,8.750,-6.968170,nan
4owm,4owm_260,8.460,-6.845125,nan
4owm,4owm_270,8.880,-7.151282,nan
4owm,4owm_272,9.130,-7.037915,nan
4owm,4owm_278,8.780,-7.019323,nan
4owm,4owm_280,8.510,-7.240175,nan
4owm,4owm_287,8.710,-7.327585,nan
4owm,4owm_293,8.810,-7.073102,nan
4owm,4owm_299,8.860,-7.162361,nan
4owm,4owm_305,1.310,-0.279613,nan
4owm,4owm_329,9.460,-8.132997,nan
4owm,4owm_346,9.600,-8.197847,nan
4owm,4owm_362,0.560,-0.176110,nan
4owm,4owm_366,1.410,-0.147447,nan
4owm,4owm_378,0.700,-0.276757,nan
4owm,4owm_389,0.630,-0.265081,nan
4owm,4owm_392,9.300,-7.943142,nan
4owm,4owm_397,9.190,-7.540103,nan
4owm,4owm_407,1.810,-0.517896,nan
4owm,4owm_427,2.000,-0.935437,nan
4owm,4owm_430,1.590,-0.941626,nan
4owm,4owm_437,2.810,-0.323475,nan
4owm,4owm_440,3.730,-0.976231,nan
4owm,4owm_455,1.370,-0.476935,nan
4owm,4owm_461,3.270,-1.349880,nan
4owm,4owm_463,3.650,-2.224714,nan
4owm,4owm_465,6.360,-5.736449,nan
4owm,4owm_475,4.920,-4.856301,nan
4owm,4owm_482,6.000,-5.655229,nan
4owm,4owm_484,5.400,-4.592346,nan
4owm,4owm_493,6.000,-4.062809,nan
4owm,4owm_501,2.790,-1.883515,nan
4owm,4owm_506,3.500,-2.371919,nan
4owm,4owm_509,5.550,-4.872680,nan
4owm,4owm_517,4.760,-3.605997,nan
4owm,4owm_534,1.240,-0.575009,nan
4owm,4owm_542,2.810,-1.209037,nan
4owm,4owm_554,5.880,-3.398458,nan
4owm,4owm_556,6.010,-4.312579,nan
4owm,4owm_561,6.510,-3.764237,nan
4owm,4owm_571,3.840,-1.875935,nan
4owm,4owm_572,3.900,-2.524444,nan
4owm,4owm_574,4.280,-3.410892,nan
4owm,4owm_575,4.650,-2.746248,nan
4owm,4owm_576,5.460,-5.430821,nan
4owm,4owm_579,6.420,-5.236687,nan
4owm,4owm_582,4.710,-3.695027,nan
4owm,4owm_583,4.760,-2.968155,nan
4owm,4owm_584,6.230,-5.559348,nan
4owm,4owm_595,2.680,-1.841028,nan
4owm,4owm_619,4.670,-2.160640,nan
4owm,4owm_626,7.050,-6.440515,nan
4owm,4owm_629,0.830,-0.883636,nan
4owm,4owm_637,2.980,-2.026682,nan
4owm,4owm_639,4.570,-3.924887,nan
4owm,4owm_648,5.340,-3.448531,nan
4owm,4owm_661,6.750,-4.876384,nan
4owm,4owm_663,6.310,-5.177302,nan
4owm,4owm_670,4.830,-4.460473,nan
4owm,4owm_671,2.760,-1.026207,nan
4owm,4owm_674,6.270,-5.162718,nan
4owm,4owm_689,3.620,-2.013476,nan
4owm,4owm_695,2.410,-1.501561,nan
4owm,4owm_742,6.180,-5.139457,nan
4owm,4owm_760,5.160,-4.031535,nan
4owm,4owm_768,5.180,-4.028171,nan
4owm,4owm_774,6.160,-5.073444,nan
4owm,4owm_779,2.680,-1.885985,nan
4owm,4owm_780,3.940,-2.814344,nan
4owm,4owm_849,0.730,-0.628325,nan
4owm,4owm_851,3.350,-2.275017,nan
4owm,4owm_860,4.120,-1.902084,nan
4owm,4owm_872,3.440,-1.169660,nan
4owm,4owm_874,5.130,-5.280384,nan
4pcs,4pcs_141,1.150,-2.094443,nan
4pcs,4pcs_152,0.910,-1.788020,nan
4pcs,4pcs_164,0.540,-1.608396,nan
4pcs,4pcs_165,0.900,-1.853068,nan
4pcs,4pcs_173,0.770,-2.141354,nan
4pcs,4pcs_190,1.580,-1.590535,nan
4pcs,4pcs_196,0.410,-1.583208,nan
4pcs,4pcs_202,1.070,-1.150794,nan
4pcs,4pcs_241,2.950,-2.606981,nan
4pcs,4pcs_257,1.350,-1.574980,nan
4pcs,4pcs_274,3.030,-2.661945,nan
4pcs,4pcs_309,0.460,-1.865827,nan
4pcs,4pcs_401,2.870,-2.843981,nan
4pcs,4pcs_409,2.990,-2.313166,nan
4pcs,4pcs_413,3.290,-3.114405,nan
4pcs,4pcs_416,2.980,-3.463867,nan
4pcs,4pcs_437,4.360,-4.178832,nan
4pcs,4pcs_443,6.650,-3.647910,nan
4pcs,4pcs_444,6.610,-4.096128,nan
4pcs,4pcs_448,2.470,-2.876150,nan
4pcs,4pcs_452,6.400,-3.457388,nan
4pcs,4pcs_476,6.610,-3.246878,nan
4pcs,4pcs_477,6.460,-4.227328,nan
4pcs,4pcs_486,6.490,-3.868416,nan
4pcs,4pcs_491,4.010,-3.454754,nan
4pcs,4pcs_494,6.450,-3.237437,nan
4pcs,4pcs_512,3.070,-2.613442,nan
4pcs,4pcs_518,4.160,-3.616391,nan
4pcs,4pcs_521,5.070,-6.079933,nan
4pcs,4pcs_527,5.860,-6.907458,nan
4pcs,4pcs_533,4.370,-4.738017,nan
4pcs,4pcs_537,5.320,-6.200496,nan
4pcs,4pcs_538,3.880,-5.192487,nan
4pcs,4pcs_545,5.120,-6.138436,nan
4pcs,4pcs_548,3.720,-4.690282,nan
4pcs,4pcs_549,4.420,-5.322406,nan
4pcs,4pcs_552,5.130,-6.322091,nan
4pcs,4pcs_554,3.260,-2.762620,nan
4pcs,4pcs_564,5.690,-6.676903,nan
4pcs,4pcs_572,5.410,-5.558167,nan
4pcs,4pcs_580,6.480,-2.905406,nan
4pcs,4pcs_581,4.240,-5.466685,nan
4pcs,4pcs_588,5.090,-5.477388,nan
4pcs,4pcs_592,5.800,-6.366328,nan
4pcs,4pcs_598,5.450,-6.782434,nan
4pcs,4pcs_600,4.770,-4.906630,nan
4pcs,4pcs_63,0.820,-0.849998,nan
4pcs,4pcs_654,3.170,-3.862691,nan
4pcs,4pcs_663,6.310,-3.978468,nan
4pcs,4pcs_684,2.480,-3.130265,nan
4pcs,4pcs_697,2.150,-2.009764,nan
4pcs,4pcs_719,0.780,-1.076476,nan
4pcs,4pcs_734,1.440,-2.340085,nan
4pcs,4pcs_749,1.020,-1.263800,nan
4pcs,4pcs_765,2.370,-3.082702,nan
4pcs,4pcs_773,3.610,-3.725303,nan
4pcs,4pcs_776,1.780,-2.299141,nan
4pcs,4pcs_777,3.120,-3.187389,nan
4pcs,4pcs_78,1.400,-1.053172,nan
4pcs,4pcs_780,2.940,-2.657309,nan
4pcs,4pcs_785,3.630,-3.696153,nan
4pcs,4pcs_788,1.810,-1.273459,nan
4pcs,4pcs_789,2.600,-1.669550,nan
4pcs,4pcs_790,4.140,-5.061492,nan
4pcs,4pcs_795,6.590,-3.373765,nan
4pcs,4pcs_800,4.620,-5.863059,nan
4pcs,4pcs_812,0.560,-0.955589,nan
4pcs,4pcs_826,1.070,-1.804176,nan
4pcs,4pcs_828,0.730,-1.381268,nan
4pcs,4pcs_883,4.460,-4.745667,nan
4qac,4qac_109,0.500,-0.235212,nan
4qac,4qac_114,0.560,-0.288844,nan
4qac,4qac_115,0.900,-0.270101,nan
4qac,4qac_116,0.920,-0.656956,nan
4qac,4qac_136,1.140,-0.359741,nan
4qac,4qac_144,0.640,-0.261629,nan
4qac,4qac_194,1.080,-0.320023,nan
4qac,4qac_232,0.780,-0.366354,nan
4qac,4qac_353,0.940,-0.293863,nan
4qac,4qac_372,0.700,-0.488798,nan
4qac,4qac_406,3.070,-2.594046,nan
4qac,4qac_410,3.320,-3.159435,nan
4qac,4qac_411,6.690,-1.632141,nan
4qac,4qac_419,2.980,-2.590884,nan
4qac,4qac_424,3.060,-2.935456,nan
4qac,4qac_441,3.190,-2.991562,nan
4qac,4qac_444,3.080,-3.033435,nan
4qac,4qac_447,3.730,-3.444496,nan
4qac,4qac_450,3.070,-3.044997,nan
4qac,4qac_456,1.260,-1.572365,nan
4qac,4qac_466,3.190,-3.007604,nan
4qac,4qac_471,3.340,-3.387306,nan
4qac,4qac_476,2.480,-2.356141,nan
4qac,4qac_481,7.070,-2.342723,nan
4qac,4qac_484,2.470,-2.840386,nan
4qac,4qac_486,1.280,-1.698627,nan
4qac,4qac_489,2.610,-2.734822,nan
4qac,4qac_497,6.910,-2.285889,nan
4qac,4qac_499,2.000,-1.862932,nan
4qac,4qac_50,0.640,-0.452369,nan
4qac,4qac_501,5.890,-4.375945,nan
4qac,4qac_502,4.790,-3.870384,nan
4qac,4qac_507,5.620,-4.008333,nan
4qac,4qac_509,5.070,-3.576792,nan
4qac,4qac_512,7.640,-3.520548,nan
4qac,4qac_513,4.610,-3.021448,nan
4qac,4qac_518,2.410,-2.363061,nan
4qac,4qac_538,7.790,-3.604809,nan
4qac,4qac_539,4.630,-3.828671,nan
4qac,4qac_550,1.810,-1.699497,nan
4qac,4qac_553,4.880,-3.417310,nan
4qac,4qac_557,2.530,-2.166885,nan
4qac,4qac_563,1.530,-1.622575,nan
4qac,4qac_565,9.260,-8.242585,nan
4qac,4qac_567,2.570,-2.363941,nan
4qac,4qac_569,6.670,-6.232769,nan
4qac,4qac_581,2.490,-2.716541,nan
4qac,4qac_588,5.180,-4.285195,nan
4qac,4qac_593,2.280,-1.863406,nan
4qac,4qac_600,6.830,-2.377403,nan
4qac,4qac_634,1.580,-1.827974,nan
4qac,4qac_635,5.380,-4.845152,nan
4qac,4qac_659,4.990,-4.416461,nan
4qac,4qac_673,2.140,-1.952368,nan
4qac,4qac_683,7.200,-3.036762,nan
4qac,4qac_689,6.860,-7.056949,nan
4qac,4qac_692,1.710,-1.644649,nan
4qac,4qac_702,1.450,-0.678923,nan
4qac,4qac_711,7.210,-7.025101,nan
4qac,4qac_718,4.900,-3.341430,nan
4qac,4qac_722,7.100,-5.330746,nan
4qac,4qac_739,4.580,-4.004193,nan
4qac,4qac_745,8.950,-7.026598,nan
4qac,4qac_755,8.340,-7.467161,nan
4qac,4qac_764,9.380,-8.312781,nan
4qac,4qac_769,6.920,-5.932797,nan
4qac,4qac_770,9.140,-7.752124,nan
4qac,4qac_772,9.120,-7.649570,nan
4qac,4qac_773,8.950,-6.850073,nan
4qac,4qac_777,4.830,-3.410748,nan
4qac,4qac_780,5.540,-4.245677,nan
4qac,4qac_781,7.280,-6.497926,nan
4qac,4qac_782,7.810,-5.545236,nan
4qac,4qac_786,7.680,-3.283527,nan
4qac,4qac_787,9.030,-8.120160,nan
4qac,4qac_789,9.830,-8.513458,nan
4qac,4qac_791,4.720,-4.490611,nan
4qac,4qac_793,6.010,-5.821400,nan
4qac,4qac_795,3.070,-3.050770,nan
4qac,4qac_800,5.050,-4.484050,nan
4qac,4qac_813,9.540,-7.843409,nan
4qac,4qac_824,9.570,-8.204940,nan
4qac,4qac_828,6.910,-6.297742,nan
4qac,4qac_849,5.750,-5.508521,nan
4qac,4qac_871,9.530,-8.400956,nan
4qac,4qac_875,7.260,-6.109858,nan
4qac,4qac_883,5.060,-4.262083,nan
4qac,4qac_888,9.090,-7.164289,nan
4qac,4qac_893,4.540,-4.408586,nan
4qac,4qac_945,0.870,-0.508882,nan
4qac,4qac_962,6.390,-4.855135,nan
4qac,4qac_969,6.370,-5.106669,nan
4qac,4qac_975,5.830,-4.354246,nan
4qd6,4qd6_103,8.620,-5.150126,nan
4qd6,4qd6_160,4.560,-2.400519,nan
4qd6,4qd6_167,3.810,-1.071712,nan
4qd6,4qd6_187,10.000,-5.311990,nan
4qd6,4qd6_207,1.250,-0.892201,nan
4qd6,4qd6_219,4.880,-1.321183,nan
4qd6,4qd6_230,9.110,-6.037693,nan
4qd6,4qd6_265,4.880,-3.130368,nan
4qd6,4qd6_268,6.930,-5.435005,nan
4qd6,4qd6_276,9.340,-5.052208,nan
4qd6,4qd6_290,8.880,-5.515031,nan
4qd6,4qd6_294,9.310,-4.520180,nan
4qd6,4qd6_298,8.680,-5.061950,nan
4qd6,4qd6_302,9.060,-6.363234,nan
4qd6,4qd6_312,9.260,-5.847859,nan
4qd6,4qd6_339,4.590,-2.532579,nan
4qd6,4qd6_346,7.260,-3.947530,nan
4qd6,4qd6_347,2.480,-0.900669,nan
4qd6,4qd6_387,7.900,-6.378514,nan
4qd6,4qd6_390,2.180,-1.212185,nan
4qd6,4qd6_397,5.910,-5.988620,nan
4qd6,4qd6_408,8.120,-4.519660,nan
4qd6,4qd6_414,7.890,-5.105762,nan
4qd6,4qd6_428,9.230,-6.009598,nan
4qd6,4qd6_429,5.980,-4.352593,nan
4qd6,4qd6_44,2.620,-2.138609,nan
4qd6,4qd6_448,8.010,-3.021542,nan
4qd6,4qd6_449,8.210,-4.854779,nan
4qd6,4qd6_460,6.930,-4.780682,nan
4qd6,4qd6_465,5.750,-3.099042,nan
4qd6,4qd6_471,7.200,-4.801909,nan
4qd6,4qd6_473,8.290,-5.525408,nan
4qd6,4qd6_475,8.010,-5.912784,nan
4qd6,4qd6_490,7.170,-5.114260,nan
4qd6,4qd6_501,4.370,-2.237092,nan
4qd6,4qd6_507,3.930,-2.073832,nan
4qd6,4qd6_511,6.680,-4.833818,nan
4qd6,4qd6_516,6.310,-5.208320,nan
4qd6,4qd6_518,5.970,-2.539416,nan
4qd6,4qd6_519,3.460,-2.802504,nan
4qd6,4qd6_520,5.800,-4.345034,nan
4qd6,4qd6_528,5.810,-2.705030,nan
4qd6,4qd6_529,6.350,-4.255275,nan
4qd6,4qd6_540,7.660,-4.639169,nan
4qd6,4qd6_547,6.170,-3.450108,nan
4qd6,4qd6_568,4.090,-4.356018,nan
4qd6,4qd6_573,6.230,-3.187902,nan
4qd6,4qd6_574,5.210,-2.816582,nan
4qd6,4qd6_578,9.100,-4.494156,nan
4qd6,4qd6_58,4.480,-3.552571,nan
4qd6,4qd6_588,6.590,-3.210913,nan
4qd6,4qd6_593,7.100,-4.374484,nan
4qd6,4qd6_6,3.930,-3.472219,nan
4qd6,4qd6_612,5.820,-3.111507,nan
4qd6,4qd6_614,6.480,-2.601628,nan
4qd6,4qd6_62,7.490,-4.039318,nan
4qd6,4qd6_621,4.680,-4.218573,nan
4qd6,4qd6_623,9.070,-5.358830,nan
4qd6,4qd6_639,7.780,-4.437963,nan
4qd6,4qd6_642,6.310,-2.235222,nan
4qd6,4qd6_653,3.120,-2.625156,nan
4qd6,4qd6_671,5.870,-2.558589,nan
4qd6,4qd6_673,9.230,-5.438040,nan
4qd6,4qd6_674,3.250,-1.513687,nan
4qd6,4qd6_675,7.040,-5.386563,nan
4qd6,4qd6_678,8.310,-5.629435,nan
4qd6,4qd6_681,4.620,-2.183281,nan
4qd6,4qd6_683,5.030,-3.092156,nan
4qd6,4qd6_687,8.650,-5.267035,nan
4qd6,4qd6_700,3.340,-2.655883,nan
4qd6,4qd6_707,2.120,-1.406642,nan
4qd6,4qd6_708,2.180,-1.119399,nan
4qd6,4qd6_709,2.790,-1.285105,nan
4qd6,4qd6_714,2.000,-1.385244,nan
4qd6,4qd6_737,3.120,-1.900442,nan
4qd6,4qd6_790,0.960,-1.209500,nan
4qd6,4qd6_82,4.980,-2.797218,nan
4qd6,4qd6_825,2.550,-1.255667,nan
4qd6,4qd6_835,2.710,-1.142967,nan
4qd6,4qd6_84,3.990,-2.447504,nan
4qd6,4qd6_847,2.180,-1.915295,nan
4qd6,4qd6_85,3.840,-2.215290,nan
4qd6,4qd6_925,1.290,-1.075288,nan
4qd6,4qd6_934,1.070,-0.760804,nan
4qd6,4qd6_939,1.270,-0.763075,nan
4qd6,4qd6_942,1.460,-0.687704,nan
4qd6,4qd6_948,1.990,-1.180283,nan
4qd6,4qd6_954,1.590,-0.880328,nan
4qd6,4qd6_958,2.890,-0.721161,nan
4qd6,4qd6_960,1.320,-1.336432,nan
4qd6,4qd6_971,1.060,-1.009205,nan
4qd6,4qd6_975,0.790,-0.748689,nan
4qd6,4qd6_978,0.700,-0.873455,nan
4rfm,4rfm_113,1.010,-0.599809,nan
4rfm,4rfm_140,6.490,-3.164410,nan
4rfm,4rfm_185,1.460,-0.549109,nan
4rfm,4rfm_191,1.290,-0.680462,nan
4rfm,4rfm_21,1.070,-0.442787,nan
4rfm,4rfm_223,6.740,-2.911448,nan
4rfm,4rfm_233,3.670,-0.814040,nan
4rfm,4rfm_259,6.660,-3.339683,nan
4rfm,4rfm_26,2.950,-1.670007,nan
4rfm,4rfm_262,9.750,-5.527621,nan
4rfm,4rfm_3,2.180,-1.271370,nan
4rfm,4rfm_31,3.780,-1.164145,nan
4rfm,4rfm_313,9.200,-7.730142,nan
4rfm,4rfm_319,9.420,-8.433546,nan
4rfm,4rfm_321,7.930,-6.328098,nan
4rfm,4rfm_327,0.800,-0.498124,nan
4rfm,4rfm_344,9.500,-7.655020,nan
4rfm,4rfm_350,9.290,-7.587626,nan
4rfm,4rfm_353,3.510,-0.514044,nan
4rfm,4rfm_354,0.710,-0.682174,nan
4rfm,4rfm_37,2.880,-0.321369,nan
4rfm,4rfm_39,6.750,-7.233573,nan
4rfm,4rfm_402,8.160,-5.101945,nan
4rfm,4rfm_404,7.730,-5.508605,nan
4rfm,4rfm_412,7.010,-4.033651,nan
4rfm,4rfm_413,7.650,-4.053839,nan
4rfm,4rfm_43,3.550,-1.990134,nan
4rfm,4rfm_430,4.680,-2.165879,nan
4rfm,4rfm_440,8.200,-3.103712,nan
4rfm,4rfm_453,6.530,-3.566694,nan
4rfm,4rfm_458,3.820,-2.122283,nan
4rfm,4rfm_473,7.170,-2.908907,nan
4rfm,4rfm_480,4.960,-2.416362,nan
4rfm,4rfm_487,7.770,-3.607165,nan
4rfm,4rfm_488,6.570,-3.055768,nan
4rfm,4rfm_497,3.970,-2.394688,nan
4rfm,4rfm_498,7.240,-2.734253,nan
4rfm,4rfm_506,9.330,-7.765052,nan
4rfm,4rfm_508,2.220,-1.376604,nan
4rfm,4rfm_514,8.210,-8.569644,nan
4rfm,4rfm_524,4.310,-3.027105,nan
4rfm,4rfm_529,5.850,-4.226413,nan
4rfm,4rfm_533,2.520,-1.684589,nan
4rfm,4rfm_534,6.060,-4.630488,nan
4rfm,4rfm_536,5.730,-3.957708,nan
4rfm,4rfm_542,5.310,-4.648454,nan
4rfm,4rfm_545,6.430,-3.949292,nan
4rfm,4rfm_553,8.640,-7.265566,nan
4rfm,4rfm_557,6.130,-4.344017,nan
4rfm,4rfm_559,7.850,-7.907719,nan
4rfm,4rfm_560,5.930,-3.508860,nan
4rfm,4rfm_562,8.720,-8.425335,nan
4rfm,4rfm_567,5.980,-4.336848,nan
4rfm,4rfm_569,8.560,-8.579340,nan
4rfm,4rfm_577,4.860,-5.062202,nan
4rfm,4rfm_580,5.150,-5.593286,nan
4rfm,4rfm_588,8.440,-8.555939,nan
4rfm,4rfm_589,9.600,-8.571339,nan
4rfm,4rfm_592,2.570,-1.695904,nan
4rfm,4rfm_593,8.070,-6.124177,nan
4rfm,4rfm_598,9.930,-8.536170,nan
4rfm,4rfm_612,2.730,-1.092184,nan
4rfm,4rfm_627,3.700,-1.886150,nan
4rfm,4rfm_629,5.820,-4.841040,nan
4rfm,4rfm_635,2.100,-2.053126,nan
4rfm,4rfm_637,5.870,-4.120227,nan
4rfm,4rfm_639,8.460,-6.893684,nan
4rfm,4rfm_640,7.000,-4.543211,nan
4rfm,4rfm_641,4.730,-3.580862,nan
4rfm,4rfm_642,4.190,-1.020692,nan
4rfm,4rfm_646,4.940,-4.879478,nan
4rfm,4rfm_650,3.810,-2.512710,nan
4rfm,4rfm_652,3.450,-2.578862,nan
4rfm,4rfm_66,2.980,-0.675672,nan
4rfm,4rfm_665,5.090,-3.504740,nan
4rfm,4rfm_667,5.330,-3.285122,nan
4rfm,4rfm_669,4.980,-3.339530,nan
4rfm,4rfm_670,3.900,-2.231744,nan
4rfm,4rfm_675,4.410,-2.816191,nan
4rfm,4rfm_682,4.940,-2.999965,nan
4rfm,4rfm_689,7.910,-5.725547,nan
4rfm,4rfm_694,7.530,-7.086957,nan
4rfm,4rfm_729,1.430,-0.836947,nan
4rfm,4rfm_732,2.700,-1.026800,nan
4rfm,4rfm_744,9.670,-5.584304,nan
4rfm,4rfm_747,9.740,-6.370927,nan
4rfm,4rfm_748,8.530,-5.244282,nan
4rfm,4rfm_798,0.880,-0.373573,nan
4rfm,4rfm_85,0.430,-0.303978,nan
4rfm,4rfm_863,1.950,-0.932433,nan
4rfm,4rfm_869,1.910,-0.667283,nan
4rfm,4rfm_9,0.370,-0.530231,nan
4rfm,4rfm_936,1.980,-0.822575,nan
4rfm,4rfm_940,1.890,-0.665769,nan
4rfm,4rfm_941,1.680,-0.741525,nan
4tmn,4tmn_129,8.290,-8.450936,nan
4tmn,4tmn_137,9.260,-8.526354,nan
4tmn,4tmn_141,7.640,-7.039057,nan
4tmn,4tmn_146,8.010,-8.177445,nan
4tmn,4tmn_148,7.880,-8.515233,nan
4tmn,4tmn_150,9.720,-8.587451,nan
4tmn,4tmn_16,7.990,-6.730239,nan
4tmn,4tmn_164,7.380,-6.846493,nan
4tmn,4tmn_192,9.250,-8.562960,nan
4tmn,4tmn_196,8.940,-8.574151,nan
4tmn,4tmn_208,0.680,-1.006546,nan
4tmn,4tmn_209,1.030,-1.079665,nan
4tmn,4tmn_214,8.020,-2.715913,nan
4tmn,4tmn_215,0.730,-1.136357,nan
4tmn,4tmn_218,0.630,-0.764664,nan
4tmn,4tmn_224,0.650,-1.096959,nan
4tmn,4tmn_229,0.930,-1.404890,nan
4tmn,4tmn_231,1.180,-2.054809,nan
4tmn,4tmn_238,4.330,-2.392783,nan
4tmn,4tmn_242,4.840,-2.837342,nan
4tmn,4tmn_248,1.090,-1.300713,nan
4tmn,4tmn_258,0.890,-1.303885,nan
4tmn,4tmn_260,1.490,-1.676383,nan
4tmn,4tmn_268,0.960,-0.894547,nan
4tmn,4tmn_274,7.740,-1.364969,nan
4tmn,4tmn_275,0.990,-1.578055,nan
4tmn,4tmn_278,0.920,-1.523043,nan
4tmn,4tmn_283,2.660,-1.573099,nan
4tmn,4tmn_290,5.550,-3.838428,nan
4tmn,4tmn_303,5.580,-4.000808,nan
4tmn,4tmn_315,9.040,-8.569714,nan
4tmn,4tmn_324,0.740,-1.366420,nan
4tmn,4tmn_326,8.800,-8.556985,nan
4tmn,4tmn_333,7.770,-7.206481,nan
4tmn,4tmn_359,6.980,-4.824486,nan
4tmn,4tmn_365,8.030,-7.686851,nan
4tmn,4tmn_391,9.560,-8.562744,nan
4tmn,4tmn_392,5.720,-6.431974,nan
4tmn,4tmn_397,6.840,-5.655002,nan
4tmn,4tmn_407,4.900,-3.200838,nan
4tmn,4tmn_418,4.460,-3.100761,nan
4tmn,4tmn_422,2.410,-3.172064,nan
4tmn,4tmn_423,2.140,-2.210604,nan
4tmn,4tmn_442,5.650,-2.545161,nan
4tmn,4tmn_448,3.180,-2.956852,nan
4tmn,4tmn_50,9.790,-8.560932,nan
4tmn,4tmn_501,6.530,-5.472586,nan
4tmn,4tmn_505,3.690,-4.157424,nan
4tmn,4tmn_509,6.530,-5.618551,nan
4tmn,4tmn_523,9.050,-8.535871,nan
4tmn,4tmn_526,3.070,-2.480366,nan
4tmn,4tmn_53,8.490,-8.454062,nan
4tmn,4tmn_534,6.720,-8.313354,nan
4tmn,4tmn_551,9.320,-8.579428,nan
4tmn,4tmn_554,7.670,-8.168099,nan
4tmn,4tmn_555,3.590,-3.059453,nan
4tmn,4tmn_58,4.990,-4.821911,nan
4tmn,4tmn_60,8.050,-8.260599,nan
4tmn,4tmn_604,5.820,-7.028605,nan
4tmn,4tmn_613,6.660,-5.668688,nan
4tmn,4tmn_653,7.930,-7.764690,nan
4tmn,4tmn_671,5.100,-6.184504,nan
4tmn,4tmn_673,3.670,-2.610673,nan
4tmn,4tmn_692,4.190,-3.712735,nan
4tmn,4tmn_710,1.150,-1.774122,nan
4tmn,4tmn_715,1.550,-1.591423,nan
4tmn,4tmn_718,2.200,-2.597379,nan
4tmn,4tmn_721,1.760,-1.536003,nan
4tmn,4tmn_722,1.940,-2.406909,nan
4tmn,4tmn_731,1.540,-1.140492,nan
4tmn,4tmn_734,7.830,-7.570480,nan
4tmn,4tmn_738,9.140,-7.080296,nan
4tmn,4tmn_743,8.940,-8.501397,nan
4tmn,4tmn_746,2.140,-2.706412,nan
4tmn,4tmn_754,4.430,-3.559088,nan
4tmn,4tmn_756,2.960,-3.061962,nan
4tmn,4tmn_771,5.800,-6.620047,nan
4tmn,4tmn_78,9.860,-8.560852,nan
4tmn,4tmn_790,8.020,-8.260295,nan
4tmn,4tmn_794,6.190,-7.235215,nan
4tmn,4tmn_801,1.280,-1.300399,nan
4tmn,4tmn_810,3.030,-3.013242,nan
4tmn,4tmn_816,2.560,-2.353676,nan
4tmn,4tmn_823,2.990,-3.403063,nan
4tmn,4tmn_824,5.480,-3.486064,nan
4tmn,4tmn_842,4.420,-5.283109,nan
4tmn,4tmn_854,2.770,-2.539543,nan
4tmn,4tmn_867,5.220,-3.048135,nan
4tmn,4tmn_875,5.120,-4.302454,nan
4tmn,4tmn_878,4.790,-3.008832,nan
4tmn,4tmn_889,6.440,-5.602456,nan
4tmn,4tmn_9,6.370,-6.824446,nan
4tmn,4tmn_91,7.000,-3.237186,nan
4tmn,4tmn_936,2.880,-2.826480,nan
4tmn,4tmn_951,3.010,-1.852528,nan
4tmn,4tmn_952,3.900,-1.056817,nan
4tmn,4tmn_962,3.540,-2.978951,nan
4tmn,4tmn_963,3.570,-3.973369,nan
4tmn,4tmn_989,7.380,-4.919505,nan
4tmn,4tmn_991,4.470,-3.732112,nan
4twp,4twp_101,7.140,-0.896979,nan
4twp,4twp_102,2.980,-1.297585,nan
4twp,4twp_106,1.260,-0.613931,nan
4twp,4twp_109,0.720,-0.481398,nan
4twp,4twp_129,2.670,-1.786980,nan
4twp,4twp_164,6.900,-0.888722,nan
4twp,4twp_171,0.870,-0.741600,nan
4twp,4twp_175,7.040,-1.123613,nan
4twp,4twp_203,1.360,-0.625318,nan
4twp,4twp_222,1.060,-0.478395,nan
4twp,4twp_241,1.220,-0.622074,nan
4twp,4twp_277,0.990,-0.477598,nan
4twp,4twp_284,0.910,-0.334638,nan
4twp,4twp_3,7.610,-2.401700,nan
4twp,4twp_323,5.860,-0.948056,nan
4twp,4twp_327,6.620,-0.848632,nan
4twp,4twp_341,6.100,-0.934030,nan
4twp,4twp_352,0.950,-0.483941,nan
4twp,4twp_358,0.800,-0.632304,nan
4twp,4twp_36,4.310,-1.082353,nan
4twp,4twp_378,1.060,-0.514890,nan
4twp,4twp_379,0.760,-0.577408,nan
4twp,4twp_394,2.580,-1.492936,nan
4twp,4twp_397,0.970,-0.742282,nan
4twp,4twp_418,1.710,-1.259794,nan
4twp,4twp_442,5.800,-2.799628,nan
4twp,4twp_443,3.890,-2.621394,nan
4twp,4twp_454,1.920,-0.750610,nan
4twp,4twp_455,3.340,-1.662831,nan
4twp,4twp_460,3.290,-1.949916,nan
4twp,4twp_467,4.740,-1.575685,nan
4twp,4twp_468,5.500,-2.685402,nan
4twp,4twp_470,5.150,-2.419553,nan
4twp,4twp_476,4.880,-1.920114,nan
4twp,4twp_480,2.980,-1.877723,nan
4twp,4twp_485,4.060,-2.067888,nan
4twp,4twp_486,4.350,-2.039409,nan
4twp,4twp_487,3.160,-1.913396,nan
4twp,4twp_493,2.520,-1.593947,nan
4twp,4twp_513,1.860,-1.327391,nan
4twp,4twp_517,1.760,-0.989548,nan
4twp,4twp_518,7.930,-6.206451,nan
4twp,4twp_519,8.810,-7.417169,nan
4twp,4twp_526,6.530,-1.361301,nan
4twp,4twp_53,0.700,-0.392759,nan
4twp,4twp_531,2.140,-1.642971,nan
4twp,4twp_535,8.440,-6.662040,nan
4twp,4twp_538,8.410,-4.984957,nan
4twp,4twp_542,6.230,-1.406726,nan
4twp,4twp_550,8.680,-8.379490,nan
4twp,4twp_555,8.250,-6.003721,nan
4twp,4twp_557,2.860,-1.163943,nan
4twp,4twp_559,8.860,-7.396580,nan
4twp,4twp_564,6.360,-3.709314,nan
4twp,4twp_570,3.310,-2.299769,nan
4twp,4twp_571,6.120,-1.607208,nan
4twp,4twp_577,6.870,-5.628721,nan
4twp,4twp_582,3.310,-1.279573,nan
4twp,4twp_583,4.260,-1.729434,nan
4twp,4twp_585,4.930,-2.831044,nan
4twp,4twp_587,9.540,-8.591243,nan
4twp,4twp_590,7.280,-5.464496,nan
4twp,4twp_591,7.140,-3.821392,nan
4twp,4twp_593,8.830,-8.155204,nan
4twp,4twp_596,7.570,-7.192200,nan
4twp,4twp_597,8.040,-7.719055,nan
4twp,4twp_598,8.260,-5.810393,nan
4twp,4twp_608,2.220,-1.094144,nan
4twp,4twp_614,3.230,-1.244137,nan
4twp,4twp_634,1.720,-0.884516,nan
4twp,4twp_637,3.050,-2.404109,nan
4twp,4twp_641,5.680,-1.122902,nan
4twp,4twp_642,4.210,-1.628025,nan
4twp,4twp_646,5.740,-3.121399,nan
4twp,4twp_648,5.870,-2.335351,nan
4twp,4twp_653,6.640,-2.899062,nan
4twp,4twp_654,7.630,-3.222380,nan
4twp,4twp_656,5.800,-3.006278,nan
4twp,4twp_663,4.820,-1.958343,nan
4twp,4twp_664,7.140,-1.660184,nan
4twp,4twp_669,5.510,-3.091749,nan
4twp,4twp_673,4.510,-1.839694,nan
4twp,4twp_678,7.840,-7.647454,nan
4twp,4twp_683,3.010,-2.236435,nan
4twp,4twp_684,2.460,-1.867336,nan
4twp,4twp_687,2.910,-2.177505,nan
4twp,4twp_692,6.110,-2.261046,nan
4twp,4twp_694,5.490,-2.871337,nan
4twp,4twp_697,8.570,-7.505757,nan
4twp,4twp_699,9.080,-8.366696,nan
4twp,4twp_809,3.020,-1.007895,nan
4twp,4twp_899,0.840,-0.866390,nan
4ty7,4ty7_101,1.270,-0.891834,nan
4ty7,4ty7_106,0.560,-1.121557,nan
4ty7,4ty7_224,0.810,-0.838670,nan
4ty7,4ty7_254,0.790,-0.787743,nan
4ty7,4ty7_26,8.390,-1.751745,nan
4ty7,4ty7_264,0.870,-1.606170,nan
4ty7,4ty7_35,9.010,-5.492567,nan
4ty7,4ty7_381,1.400,-0.576524,nan
4ty7,4ty7_412,8.090,-1.443303,nan
4ty7,4ty7_415,8.200,-1.748250,nan
4ty7,4ty7_439,4.530,-2.856539,nan
4ty7,4ty7_442,2.730,-2.768866,nan
4ty7,4ty7_447,5.260,-2.270822,nan
4ty7,4ty7_451,1.640,-2.367890,nan
4ty7,4ty7_456,6.040,-0.709199,nan
4ty7,4ty7_459,2.470,-1.778246,nan
4ty7,4ty7_474,3.270,-2.420297,nan
4ty7,4ty7_480,3.860,-1.898581,nan
4ty7,4ty7_481,3.920,-2.697376,nan
4ty7,4ty7_483,2.890,-2.126369,nan
4ty7,4ty7_492,8.040,-1.297297,nan
4ty7,4ty7_494,2.860,-1.815714,nan
4ty7,4ty7_496,7.840,-2.882444,nan
4ty7,4ty7_5,8.720,-8.431190,nan
4ty7,4ty7_50,0.610,-1.066219,nan
4ty7,4ty7_506,3.100,-0.676219,nan
4ty7,4ty7_507,1.580,-2.729275,nan
4ty7,4ty7_513,7.960,-2.576358,nan
4ty7,4ty7_515,7.310,-8.558352,nan
4ty7,4ty7_518,6.420,-2.216413,nan
4ty7,4ty7_529,8.910,-8.563075,nan
4ty7,4ty7_539,8.570,-8.565578,nan
4ty7,4ty7_543,5.510,-7.675664,nan
4ty7,4ty7_549,4.950,-5.942231,nan
4ty7,4ty7_553,2.400,-3.413670,nan
4ty7,4ty7_558,8.600,-1.509071,nan
4ty7,4ty7_56,7.030,-5.743635,nan
4ty7,4ty7_561,5.630,-3.377425,nan
4ty7,4ty7_562,5.080,-7.096258,nan
4ty7,4ty7_563,3.360,-1.140772,nan
4ty7,4ty7_566,8.700,-7.470229,nan
4ty7,4ty7_574,9.250,-3.008735,nan
4ty7,4ty7_576,7.670,-5.423009,nan
4ty7,4ty7_586,4.030,-4.137526,nan
4ty7,4ty7_589,9.590,-2.235056,nan
4ty7,4ty7_594,6.920,-1.962012,nan
4ty7,4ty7_595,9.060,-2.877393,nan
4ty7,4ty7_598,4.210,-4.259501,nan
4ty7,4ty7_599,6.570,-8.340446,nan
4ty7,4ty7_606,8.150,-2.997009,nan
4ty7,4ty7_608,3.750,-1.913682,nan
4ty7,4ty7_613,5.620,-1.108217,nan
4ty7,4ty7_62,1.050,-1.338068,nan
4ty7,4ty7_624,5.020,-4.812568,nan
4ty7,4ty7_627,2.380,-1.301749,nan
4ty7,4ty7_631,4.730,-2.357183,nan
4ty7,4ty7_636,4.230,-1.578741,nan
4ty7,4ty7_637,6.150,-5.096768,nan
4ty7,4ty7_646,6.460,-3.033560,nan
4ty7,4ty7_649,3.770,-2.682309,nan
4ty7,4ty7_654,5.870,-3.817274,nan
4ty7,4ty7_655,7.060,-3.884548,nan
4ty7,4ty7_656,1.780,-1.212204,nan
4ty7,4ty7_657,7.960,-2.401128,nan
4ty7,4ty7_658,9.560,-4.307232,nan
4ty7,4ty7_662,4.920,-2.847198,nan
4ty7,4ty7_663,4.090,-2.162575,nan
4ty7,4ty7_668,1.670,-2.688108,nan
4ty7,4ty7_669,5.000,-3.005262,nan
4ty7,4ty7_671,9.240,-5.960998,nan
4ty7,4ty7_673,3.380,-4.188734,nan
4ty7,4ty7_674,3.580,-3.518009,nan
4ty7,4ty7_676,9.050,-2.453603,nan
4ty7,4ty7_678,7.510,-3.867656,nan
4ty7,4ty7_682,5.650,-4.474946,nan
4ty7,4ty7_687,7.720,-3.427278,nan
4ty7,4ty7_694,6.220,-1.445069,nan
4ty7,4ty7_697,2.480,-2.285383,nan
4ty7,4ty7_702,0.690,-1.129093,nan
4ty7,4ty7_734,2.610,-1.703948,nan
4ty7,4ty7_74,6.910,-5.479471,nan
4ty7,4ty7_744,3.070,-1.341159,nan
4ty7,4ty7_763,5.310,-1.490450,nan
4ty7,4ty7_764,6.190,-5.809163,nan
4ty7,4ty7_766,0.380,-1.251693,nan
4ty7,4ty7_775,0.780,-1.220966,nan
4ty7,4ty7_808,0.910,-0.915992,nan
4ty7,4ty7_817,1.210,-0.742036,nan
4ty7,4ty7_834,4.390,-2.479700,nan
4ty7,4ty7_857,5.550,-2.036113,nan
4ty7,4ty7_86,9.210,-4.491539,nan
4ty7,4ty7_861,7.100,-6.750525,nan
4ty7,4ty7_862,2.940,-0.894497,nan
4ty7,4ty7_88,9.410,-8.584516,nan
4ty7,4ty7_895,2.000,-1.040897,nan
4ty7,4ty7_916,1.080,-1.180880,nan
4ty7,4ty7_925,0.950,-1.122774,nan
4ty7,4ty7_951,2.610,-1.517112,nan
4ty7,4ty7_96,9.040,-6.792812,nan
4ty7,4ty7_963,6.250,-3.066182,nan
4u4s,4u4s_120,4.160,-1.250439,nan
4u4s,4u4s_122,3.250,-0.832471,nan
4u4s,4u4s_127,3.020,-1.302017,nan
4u4s,4u4s_128,8.250,-6.912555,nan
4u4s,4u4s_138,2.840,-0.414707,nan
4u4s,4u4s_14,7.860,-6.742262,nan
4u4s,4u4s_143,2.950,-1.954953,nan
4u4s,4u4s_152,7.540,-6.386727,nan
4u4s,4u4s_153,2.820,-0.842988,nan
4u4s,4u4s_173,2.860,-1.010223,nan
4u4s,4u4s_230,0.650,-0.883718,nan
4u4s,4u4s_232,0.520,-0.641638,nan
4u4s,4u4s_251,4.280,-2.249238,nan
4u4s,4u4s_26,8.300,-7.336921,nan
4u4s,4u4s_261,0.580,-0.622643,nan
4u4s,4u4s_271,1.200,-0.639451,nan
4u4s,4u4s_272,3.130,-1.203758,nan
4u4s,4u4s_293,1.160,-1.710513,nan
4u4s,4u4s_36,0.610,-0.756202,nan
4u4s,4u4s_412,0.800,-1.362341,nan
4u4s,4u4s_427,4.050,-1.251582,nan
4u4s,4u4s_428,1.010,-1.876453,nan
4u4s,4u4s_429,1.020,-0.708225,nan
4u4s,4u4s_430,0.900,-0.641034,nan
4u4s,4u4s_435,3.150,-1.691736,nan
4u4s,4u4s_440,0.750,-1.413507,nan
4u4s,4u4s_449,2.030,-1.829177,nan
4u4s,4u4s_456,3.200,-1.093572,nan
4u4s,4u4s_460,1.060,-0.957901,nan
4u4s,4u4s_462,1.500,-1.369095,nan
4u4s,4u4s_464,3.820,-1.116886,nan
4u4s,4u4s_468,3.320,-1.509552,nan
4u4s,4u4s_484,2.910,-1.010953,nan
4u4s,4u4s_485,7.360,-7.314320,nan
4u4s,4u4s_490,1.110,-0.619476,nan
4u4s,4u4s_492,4.070,-1.031387,nan
4u4s,4u4s_497,3.750,-2.245169,nan
4u4s,4u4s_500,5.370,-6.373507,nan
4u4s,4u4s_509,5.550,-6.020193,nan
4u4s,4u4s_523,6.490,-6.705458,nan
4u4s,4u4s_526,5.490,-6.010773,nan
4u4s,4u4s_537,8.360,-7.655463,nan
4u4s,4u4s_540,5.940,-6.832639,nan
4u4s,4u4s_547,4.890,-6.258442,nan
4u4s,4u4s_550,7.150,-6.934430,nan
4u4s,4u4s_551,7.000,-7.873270,nan
4u4s,4u4s_555,1.490,-0.756070,nan
4u4s,4u4s_557,7.770,-7.473637,nan
4u4s,4u4s_586,6.110,-7.057810,nan
4u4s,4u4s_589,6.530,-7.494079,nan
4u4s,4u4s_595,4.030,-0.997487,nan
4u4s,4u4s_597,7.060,-7.069821,nan
4u4s,4u4s_598,5.190,-5.116595,nan
4u4s,4u4s_609,6.710,-7.002178,nan
4u4s,4u4s_613,7.290,-7.843625,nan
4u4s,4u4s_624,5.600,-6.349900,nan
4u4s,4u4s_637,5.550,-5.526266,nan
4u4s,4u4s_638,6.580,-6.509409,nan
4u4s,4u4s_640,4.220,-3.797377,nan
4u4s,4u4s_641,6.730,-6.782337,nan
4u4s,4u4s_642,4.450,-2.335412,nan
4u4s,4u4s_644,5.520,-5.193959,nan
4u4s,4u4s_646,5.110,-3.880928,nan
4u4s,4u4s_647,3.940,-3.230103,nan
4u4s,4u4s_654,2.200,-3.482778,nan
4u4s,4u4s_658,5.800,-6.402039,nan
4u4s,4u4s_659,4.200,-4.015795,nan
4u4s,4u4s_665,3.340,-1.685740,nan
4u4s,4u4s_668,1.910,-1.239430,nan
4u4s,4u4s_670,2.180,-2.041755,nan
4u4s,4u4s_671,4.990,-4.575814,nan
4u4s,4u4s_675,6.040,-6.075057,nan
4u4s,4u4s_682,6.980,-6.876525,nan
4u4s,4u4s_689,6.140,-6.321020,nan
4u4s,4u4s_69,2.970,-1.583507,nan
4u4s,4u4s_71,0.370,-0.790116,nan
4u4s,4u4s_719,9.030,-7.031520,nan
4u4s,4u4s_720,9.340,-7.862243,nan
4u4s,4u4s_726,9.330,-7.942103,nan
4u4s,4u4s_727,9.330,-8.001616,nan
4u4s,4u4s_730,8.240,-6.090290,nan
4u4s,4u4s_764,2.340,-1.037440,nan
4u4s,4u4s_765,9.260,-6.985508,nan
4u4s,4u4s_766,9.100,-6.806860,nan
4u4s,4u4s_767,9.040,-6.910307,nan
4u4s,4u4s_768,8.090,-6.736986,nan
4u4s,4u4s_772,8.950,-7.591766,nan
4u4s,4u4s_776,7.190,-6.472386,nan
4u4s,4u4s_787,0.720,-1.063776,nan
4u4s,4u4s_835,8.380,-6.823033,nan
4u4s,4u4s_842,9.180,-8.003398,nan
4u4s,4u4s_855,8.460,-6.644483,nan
4u4s,4u4s_863,8.800,-7.738150,nan
4u4s,4u4s_927,0.730,-1.010465,nan
4u4s,4u4s_958,9.100,-7.780392,nan
4u4s,4u4s_962,1.020,-1.423258,nan
4u4s,4u4s_965,7.880,-6.686088,nan
4u4s,4u4s_969,8.830,-7.719149,nan
4u4s,4u4s_971,7.860,-6.626433,nan
4w9c,4w9c_172,2.810,-2.063196,nan
4w9c,4w9c_186,0.900,-0.918568,nan
4w9c,4w9c_249,0.980,-0.941767,nan
4w9c,4w9c_326,1.120,-1.053237,nan
4w9c,4w9c_333,2.800,-1.301866,nan
4w9c,4w9c_36,8.020,-0.999142,nan
4w9c,4w9c_363,3.080,-1.682657,nan
4w9c,4w9c_372,0.950,-0.998962,nan
4w9c,4w9c_379,0.530,-1.070855,nan
4w9c,4w9c_381,0.420,-0.831083,nan
4w9c,4w9c_405,5.850,-4.612942,nan
4w9c,4w9c_415,5.790,-4.485234,nan
4w9c,4w9c_420,6.600,-7.601199,nan
4w9c,4w9c_423,5.470,-4.894910,nan
4w9c,4w9c_432,6.700,-7.162970,nan
4w9c,4w9c_446,6.130,-5.778283,nan
4w9c,4w9c_450,5.650,-5.991999,nan
4w9c,4w9c_452,6.430,-7.570370,nan
4w9c,4w9c_456,7.180,-6.609729,nan
4w9c,4w9c_457,6.820,-6.361250,nan
4w9c,4w9c_460,1.970,-2.286325,nan
4w9c,4w9c_462,6.590,-5.538739,nan
4w9c,4w9c_473,6.290,-6.543614,nan
4w9c,4w9c_476,1.950,-1.805772,nan
4w9c,4w9c_477,5.120,-3.512418,nan
4w9c,4w9c_48,7.150,-3.699185,nan
4w9c,4w9c_483,5.610,-6.390862,nan
4w9c,4w9c_486,8.590,-8.558610,nan
4w9c,4w9c_487,2.470,-2.793560,nan
4w9c,4w9c_490,3.080,-2.175814,nan
4w9c,4w9c_494,8.060,-5.984370,nan
4w9c,4w9c_499,7.200,-1.398890,nan
4w9c,4w9c_513,9.250,-8.297610,nan
4w9c,4w9c_516,8.700,-8.563204,nan
4w9c,4w9c_520,5.240,-5.850318,nan
4w9c,4w9c_528,1.840,-2.015620,nan
4w9c,4w9c_533,7.910,-8.482100,nan
4w9c,4w9c_538,7.830,-2.826486,nan
4w9c,4w9c_543,9.150,-8.567438,nan
4w9c,4w9c_545,9.290,-7.820826,nan
4w9c,4w9c_546,9.480,-8.329374,nan
4w9c,4w9c_550,7.830,-8.557625,nan
4w9c,4w9c_556,7.350,-6.822597,nan
4w9c,4w9c_558,9.070,-8.431044,nan
4w9c,4w9c_560,3.560,-1.432232,nan
4w9c,4w9c_561,7.890,-7.278620,nan
4w9c,4w9c_562,9.700,-8.575207,nan
4w9c,4w9c_567,8.010,-7.315441,nan
4w9c,4w9c_569,3.220,-1.977782,nan
4w9c,4w9c_580,7.600,-6.574017,nan
4w9c,4w9c_59,8.740,-8.588471,nan
4w9c,4w9c_594,8.260,-6.973830,nan
4w9c,4w9c_597,3.620,-3.020031,nan
4w9c,4w9c_6,7.000,-2.622780,nan
4w9c,4w9c_603,2.940,-1.802036,nan
4w9c,4w9c_604,9.160,-8.583776,nan
4w9c,4w9c_613,4.710,-3.427629,nan
4w9c,4w9c_623,6.500,-7.802054,nan
4w9c,4w9c_628,3.640,-3.255173,nan
4w9c,4w9c_636,8.410,-8.562354,nan
4w9c,4w9c_637,2.660,-2.055716,nan
4w9c,4w9c_638,2.440,-2.085738,nan
4w9c,4w9c_639,4.270,-2.681185,nan
4w9c,4w9c_642,3.520,-2.493449,nan
4w9c,4w9c_646,5.900,-5.669909,nan
4w9c,4w9c_660,7.580,-8.460277,nan
4w9c,4w9c_661,4.050,-3.923602,nan
4w9c,4w9c_664,2.610,-1.806991,nan
4w9c,4w9c_670,4.240,-2.962973,nan
4w9c,4w9c_677,9.280,-8.595618,nan
4w9c,4w9c_683,3.240,-2.216671,nan
4w9c,4w9c_691,9.280,-8.558179,nan
4w9c,4w9c_695,5.170,-5.116968,nan
4w9c,4w9c_697,2.770,-2.550880,nan
4w9c,4w9c_699,8.750,-8.543141,nan
4w9c,4w9c_7,9.110,-8.587784,nan
4w9c,4w9c_712,1.130,-1.177530,nan
4w9c,4w9c_719,0.920,-0.642870,nan
4w9c,4w9c_720,0.950,-0.913195,nan
4w9c,4w9c_732,0.880,-1.261083,nan
4w9c,4w9c_735,2.830,-3.959600,nan
4w9c,4w9c_739,6.230,-7.165850,nan
4w9c,4w9c_758,1.000,-1.565084,nan
4w9c,4w9c_765,1.980,-3.188179,nan
4w9c,4w9c_768,1.920,-2.781516,nan
4w9c,4w9c_772,3.080,-3.951571,nan
4w9c,4w9c_777,1.810,-2.453846,nan
4w9c,4w9c_778,2.660,-3.661259,nan
4w9c,4w9c_806,3.020,-3.943854,nan
4w9c,4w9c_85,8.610,-8.430801,nan
4w9c,4w9c_854,4.880,-6.113137,nan
4w9c,4w9c_906,0.750,-0.561205,nan
4w9c,4w9c_925,1.150,-1.134593,nan
4w9c,4w9c_955,1.370,-0.377087,nan
4w9c,4w9c_963,4.430,-5.675597,nan
4w9c,4w9c_968,5.380,-6.462003,nan
4w9h,4w9h_100,7.520,-2.482784,nan
4w9h,4w9h_119,1.850,-1.093524,nan
4w9h,4w9h_124,5.680,-5.022082,nan
4w9h,4w9h_135,1.120,-0.791350,nan
4w9h,4w9h_143,0.620,-0.566120,nan
4w9h,4w9h_158,3.270,-1.954940,nan
4w9h,4w9h_166,3.360,-1.218784,nan
4w9h,4w9h_182,6.160,-5.499320,nan
4w9h,4w9h_204,0.810,-0.458152,nan
4w9h,4w9h_210,0.740,-0.654462,nan
4w9h,4w9h_241,0.670,-0.351778,nan
4w9h,4w9h_307,0.380,-0.557527,nan
4w9h,4w9h_326,0.580,-0.297044,nan
4w9h,4w9h_327,9.290,-6.390097,nan
4w9h,4w9h_336,3.300,-1.761642,nan
4w9h,4w9h_365,6.870,-5.514347,nan
4w9h,4w9h_368,0.400,-0.451146,nan
4w9h,4w9h_391,3.290,-1.507081,nan
4w9h,4w9h_392,8.340,-8.403565,nan
4w9h,4w9h_402,7.740,-1.717464,nan
4w9h,4w9h_403,2.780,-2.384701,nan
4w9h,4w9h_404,2.110,-1.250283,nan
4w9h,4w9h_408,2.860,-2.500549,nan
4w9h,4w9h_410,3.050,-3.095597,nan
4w9h,4w9h_413,2.740,-3.084996,nan
4w9h,4w9h_416,2.000,-1.686372,nan
4w9h,4w9h_429,6.320,-3.711587,nan
4w9h,4w9h_434,1.920,-2.063987,nan
4w9h,4w9h_435,7.120,-4.848569,nan
4w9h,4w9h_436,7.760,-8.181603,nan
4w9h,4w9h_446,4.080,-2.099551,nan
4w9h,4w9h_447,6.850,-3.549443,nan
4w9h,4w9h_449,5.130,-5.451047,nan
4w9h,4w9h_456,4.690,-2.931804,nan
4w9h,4w9h_462,7.710,-4.462734,nan
4w9h,4w9h_464,5.440,-3.804984,nan
4w9h,4w9h_469,5.550,-2.520305,nan
4w9h,4w9h_474,4.830,-5.472749,nan
4w9h,4w9h_481,2.220,-1.813017,nan
4w9h,4w9h_484,2.100,-2.147442,nan
4w9h,4w9h_485,3.440,-2.725607,nan
4w9h,4w9h_493,9.040,-8.011975,nan
4w9h,4w9h_495,1.860,-1.696245,nan
4w9h,4w9h_498,1.950,-2.465324,nan
4w9h,4w9h_499,7.610,-2.816403,nan
4w9h,4w9h_504,9.370,-8.573078,nan
4w9h,4w9h_511,8.270,-2.437299,nan
4w9h,4w9h_515,8.310,-8.496180,nan
4w9h,4w9h_516,5.830,-6.425159,nan
4w9h,4w9h_520,4.990,-4.619075,nan
4w9h,4w9h_523,9.200,-7.717062,nan
4w9h,4w9h_527,9.750,-8.585882,nan
4w9h,4w9h_530,6.750,-6.491222,nan
4w9h,4w9h_532,3.620,-3.745716,nan
4w9h,4w9h_537,8.060,-6.790523,nan
4w9h,4w9h_538,2.770,-3.154945,nan
4w9h,4w9h_546,8.790,-7.342345,nan
4w9h,4w9h_548,9.080,-5.520390,nan
4w9h,4w9h_554,2.170,-2.097704,nan
4w9h,4w9h_555,7.600,-7.040540,nan
4w9h,4w9h_561,4.880,-3.919006,nan
4w9h,4w9h_589,8.110,-5.847003,nan
4w9h,4w9h_596,5.120,-5.505374,nan
4w9h,4w9h_597,8.520,-7.076072,nan
4w9h,4w9h_598,9.790,-8.510424,nan
4w9h,4w9h_612,6.300,-3.957814,nan
4w9h,4w9h_616,7.780,-7.460809,nan
4w9h,4w9h_618,5.660,-4.291640,nan
4w9h,4w9h_626,2.920,-2.661882,nan
4w9h,4w9h_637,8.720,-8.560243,nan
4w9h,4w9h_642,3.610,-3.098657,nan
4w9h,4w9h_647,6.730,-4.050356,nan
4w9h,4w9h_655,9.430,-8.576699,nan
4w9h,4w9h_658,6.760,-6.751409,nan
4w9h,4w9h_662,4.140,-2.986619,nan
4w9h,4w9h_663,7.760,-6.752558,nan
4w9h,4w9h_664,9.340,-8.592935,nan
4w9h,4w9h_666,4.330,-2.749524,nan
4w9h,4w9h_667,4.670,-3.269290,nan
4w9h,4w9h_676,5.920,-6.415586,nan
4w9h,4w9h_677,4.010,-3.862130,nan
4w9h,4w9h_679,6.400,-6.306751,nan
4w9h,4w9h_691,7.410,-4.213130,nan
4w9h,4w9h_699,9.680,-8.569702,nan
4w9h,4w9h_709,0.370,-0.462636,nan
4w9h,4w9h_710,0.780,-0.677133,nan
4w9h,4w9h_740,1.120,-0.729291,nan
4w9h,4w9h_765,0.960,-0.740686,nan
4w9h,4w9h_770,3.190,-3.987649,nan
4w9h,4w9h_771,5.680,-6.607544,nan
4w9h,4w9h_773,6.130,-6.479520,nan
4w9h,4w9h_780,3.360,-3.437290,nan
4w9h,4w9h_784,2.260,-1.725207,nan
4w9h,4w9h_787,1.820,-1.241196,nan
4w9h,4w9h_801,1.040,-0.744868,nan
4w9h,4w9h_84,8.830,-8.268299,nan
4w9h,4w9h_90,5.590,-5.962935,nan
4w9h,4w9h_922,8.580,-1.982648,nan
4w9h,4w9h_961,4.940,-4.936747,nan
4w9h,4w9h_976,1.270,-0.429024,nan
4w9i,4w9i_110,0.890,-1.148297,nan
4w9i,4w9i_172,0.710,-0.368105,nan
4w9i,4w9i_197,1.290,-0.989854,nan
4w9i,4w9i_199,0.840,-0.387076,nan
4w9i,4w9i_204,0.420,-0.723102,nan
4w9i,4w9i_221,0.450,-0.657713,nan
4w9i,4w9i_337,8.460,-8.300642,nan
4w9i,4w9i_374,5.320,-5.318463,nan
4w9i,4w9i_388,4.190,-2.947971,nan
4w9i,4w9i_394,2.180,-0.848378,nan
4w9i,4w9i_403,6.010,-5.780276,nan
4w9i,4w9i_417,9.070,-7.942051,nan
4w9i,4w9i_424,6.350,-5.461637,nan
4w9i,4w9i_429,5.960,-5.084977,nan
4w9i,4w9i_430,1.930,-1.511244,nan
4w9i,4w9i_439,6.950,-7.816329,nan
4w9i,4w9i_440,3.820,-3.198042,nan
4w9i,4w9i_447,2.940,-2.295141,nan
4w9i,4w9i_468,5.030,-3.921948,nan
4w9i,4w9i_474,2.910,-1.716477,nan
4w9i,4w9i_476,6.850,-1.658730,nan
4w9i,4w9i_484,3.300,-2.516346,nan
4w9i,4w9i_487,5.270,-4.628181,nan
4w9i,4w9i_489,7.880,-6.206758,nan
4w9i,4w9i_491,9.010,-8.444563,nan
4w9i,4w9i_494,5.400,-4.213120,nan
4w9i,4w9i_496,9.200,-1.889730,nan
4w9i,4w9i_511,8.920,-8.302732,nan
4w9i,4w9i_512,6.580,-2.454015,nan
4w9i,4w9i_515,3.490,-3.114738,nan
4w9i,4w9i_524,3.330,-2.758403,nan
4w9i,4w9i_528,9.210,-8.563190,nan
4w9i,4w9i_534,8.790,-8.581115,nan
4w9i,4w9i_535,4.330,-4.814067,nan
4w9i,4w9i_546,9.350,-8.564835,nan
4w9i,4w9i_550,9.340,-8.577481,nan
4w9i,4w9i_551,7.900,-8.510431,nan
4w9i,4w9i_554,9.290,-8.565752,nan
4w9i,4w9i_56,1.270,-1.010200,nan
4w9i,4w9i_565,4.670,-4.522802,nan
4w9i,4w9i_567,9.430,-8.585460,nan
4w9i,4w9i_570,3.980,-4.265010,nan
4w9i,4w9i_574,8.670,-7.331642,nan
4w9i,4w9i_575,4.020,-3.604532,nan
4w9i,4w9i_583,5.250,-4.464869,nan
4w9i,4w9i_586,6.580,-4.534978,nan
4w9i,4w9i_587,2.920,-3.090139,nan
4w9i,4w9i_589,9.330,-8.569202,nan
4w9i,4w9i_595,7.120,-6.657936,nan
4w9i,4w9i_602,7.640,-6.096807,nan
4w9i,4w9i_611,5.330,-4.395997,nan
4w9i,4w9i_612,2.850,-2.509434,nan
4w9i,4w9i_615,2.100,-2.092695,nan
4w9i,4w9i_622,2.820,-3.242152,nan
4w9i,4w9i_626,4.680,-3.805549,nan
4w9i,4w9i_630,5.680,-6.173164,nan
4w9i,4w9i_649,8.460,-6.285649,nan
4w9i,4w9i_658,9.800,-8.565693,nan
4w9i,4w9i_670,8.410,-7.498792,nan
4w9i,4w9i_672,4.190,-4.520145,nan
4w9i,4w9i_687,8.490,-8.583732,nan
4w9i,4w9i_697,3.830,-3.199960,nan
4w9i,4w9i_698,4.900,-3.562158,nan
4w9i,4w9i_755,3.540,-0.886037,nan
4w9i,4w9i_756,3.000,-2.879786,nan
4w9i,4w9i_759,6.250,-6.599468,nan
4w9i,4w9i_761,6.000,-6.281661,nan
4w9i,4w9i_763,4.350,-1.664666,nan
4w9i,4w9i_764,3.440,-3.242850,nan
4w9i,4w9i_766,8.460,-1.148494,nan
4w9i,4w9i_768,7.460,-1.677068,nan
4w9i,4w9i_771,7.890,-3.469488,nan
4w9i,4w9i_772,4.340,-4.829515,nan
4w9i,4w9i_774,3.960,-2.454744,nan
4w9i,4w9i_776,6.310,-6.967658,nan
4w9i,4w9i_777,8.160,-8.244216,nan
4w9i,4w9i_782,7.810,-7.442316,nan
4w9i,4w9i_787,4.110,-4.345150,nan
4w9i,4w9i_789,7.500,-6.515302,nan
4w9i,4w9i_790,8.060,-2.928195,nan
4w9i,4w9i_791,6.630,-5.885022,nan
4w9i,4w9i_792,7.430,-8.008533,nan
4w9i,4w9i_793,6.120,-5.376293,nan
4w9i,4w9i_794,1.020,-0.997911,nan
4w9i,4w9i_795,0.740,-0.477511,nan
4w9i,4w9i_796,0.990,-1.029432,nan
4w9i,4w9i_801,0.510,-0.576586,nan
4w9i,4w9i_846,7.740,-5.551194,nan
4w9i,4w9i_852,1.280,-1.264764,nan
4w9i,4w9i_873,0.950,-1.092348,nan
4w9i,4w9i_879,2.090,-1.125718,nan
4w9i,4w9i_882,1.990,-1.253390,nan
4w9i,4w9i_885,0.910,-0.686844,nan
4w9i,4w9i_886,2.020,-0.928329,nan
4w9i,4w9i_890,1.920,-1.599216,nan
4w9i,4w9i_893,1.600,-0.881459,nan
4w9i,4w9i_924,3.090,-4.079064,nan
4w9i,4w9i_97,1.420,-1.361861,nan
4w9i,4w9i_989,1.310,-0.742799,nan
4w9l,4w9l_10,5.020,-3.117306,nan
4w9l,4w9l_100,1.940,-1.031563,nan
4w9l,4w9l_12,1.290,-0.747849,nan
4w9l,4w9l_136,6.170,-3.808248,nan
4w9l,4w9l_141,8.380,-6.072634,nan
4w9l,4w9l_143,5.630,-3.308095,nan
4w9l,4w9l_151,4.190,-2.664590,nan
4w9l,4w9l_170,1.170,-0.472181,nan
4w9l,4w9l_177,1.990,-0.757327,nan
4w9l,4w9l_180,2.660,-0.913999,nan
4w9l,4w9l_19,2.090,-0.871267,nan
4w9l,4w9l_192,9.510,-7.928850,nan
4w9l,4w9l_204,0.960,-0.282430,nan
4w9l,4w9l_215,0.710,-0.345355,nan
4w9l,4w9l_250,0.950,-0.482457,nan
4w9l,4w9l_261,4.310,-1.833545,nan
4w9l,4w9l_264,0.880,-0.368661,nan
4w9l,4w9l_27,4.590,-1.940446,nan
4w9l,4w9l_273,7.830,-1.733830,nan
4w9l,4w9l_287,0.920,-0.723127,nan
4w9l,4w9l_309,8.040,-4.445953,nan
4w9l,4w9l_323,3.450,-1.826715,nan
4w9l,4w9l_326,2.140,-0.939908,nan
4w9l,4w9l_341,8.400,-5.120195,nan
4w9l,4w9l_35,0.790,-0.516456,nan
4w9l,4w9l_358,8.620,-6.385147,nan
4w9l,4w9l_368,0.710,-0.411119,nan
4w9l,4w9l_379,4.880,-1.753634,nan
4w9l,4w9l_382,8.570,-5.567686,nan
4w9l,4w9l_393,8.160,-2.194506,nan
4w9l,4w9l_400,6.050,-6.363398,nan
4w9l,4w9l_402,3.700,-2.365891,nan
4w9l,4w9l_403,6.130,-3.474259,nan
4w9l,4w9l_406,2.740,-1.891476,nan
4w9l,4w9l_407,2.850,-2.057698,nan
4w9l,4w9l_410,7.730,-8.245410,nan
4w9l,4w9l_411,2.970,-2.344714,nan
4w9l,4w9l_430,2.710,-2.068924,nan
4w9l,4w9l_437,2.730,-2.961053,nan
4w9l,4w9l_441,5.100,-3.375895,nan
4w9l,4w9l_448,6.090,-6.589761,nan
4w9l,4w9l_450,8.000,-6.670602,nan
4w9l,4w9l_452,6.250,-7.465037,nan
4w9l,4w9l_456,9.260,-8.110365,nan
4w9l,4w9l_457,5.030,-2.720428,nan
4w9l,4w9l_462,6.710,-5.236945,nan
4w9l,4w9l_466,8.750,-7.850932,nan
4w9l,4w9l_475,3.630,-1.834664,nan
4w9l,4w9l_480,4.530,-2.794591,nan
4w9l,4w9l_481,3.040,-2.466182,nan
4w9l,4w9l_482,9.410,-3.849266,nan
4w9l,4w9l_486,5.030,-5.483346,nan
4w9l,4w9l_492,9.240,-8.567960,nan
4w9l,4w9l_493,9.570,-8.562014,nan
4w9l,4w9l_5,7.800,-3.589457,nan
4w9l,4w9l_519,9.970,-8.557810,nan
4w9l,4w9l_522,4.150,-2.389687,nan
4w9l,4w9l_527,6.550,-3.890939,nan
4w9l,4w9l_53,2.680,-0.809336,nan
4w9l,4w9l_545,9.110,-7.282627,nan
4w9l,4w9l_550,6.100,-5.986496,nan
4w9l,4w9l_556,6.340,-5.560126,nan
4w9l,4w9l_557,8.180,-6.821236,nan
4w9l,4w9l_572,7.090,-5.797849,nan
4w9l,4w9l_573,9.590,-5.996348,nan
4w9l,4w9l_577,7.660,-7.440013,nan
4w9l,4w9l_579,3.900,-2.968941,nan
4w9l,4w9l_591,3.910,-2.637078,nan
4w9l,4w9l_594,7.680,-3.503870,nan
4w9l,4w9l_596,9.210,-8.238945,nan
4w9l,4w9l_604,7.860,-8.318884,nan
4w9l,4w9l_612,3.040,-1.974372,nan
4w9l,4w9l_616,8.370,-5.873290,nan
4w9l,4w9l_642,9.920,-7.083453,nan
4w9l,4w9l_655,7.020,-5.272923,nan
4w9l,4w9l_657,4.450,-2.860422,nan
4w9l,4w9l_659,5.780,-3.041795,nan
4w9l,4w9l_675,6.510,-5.940000,nan
4w9l,4w9l_681,5.140,-4.581487,nan
4w9l,4w9l_691,4.210,-3.136644,nan
4w9l,4w9l_696,5.690,-4.987936,nan
4w9l,4w9l_699,7.310,-5.641463,nan
4w9l,4w9l_704,0.840,-0.870577,nan
4w9l,4w9l_708,1.540,-0.611994,nan
4w9l,4w9l_709,0.990,-0.658033,nan
4w9l,4w9l_715,1.410,-0.669638,nan
4w9l,4w9l_719,0.980,-0.530456,nan
4w9l,4w9l_732,4.710,-5.583656,nan
4w9l,4w9l_759,1.450,-1.124121,nan
4w9l,4w9l_762,5.600,-6.477565,nan
4w9l,4w9l_770,4.950,-5.651650,nan
4w9l,4w9l_779,5.030,-5.417295,nan
4w9l,4w9l_787,1.610,-1.434882,nan
4w9l,4w9l_822,3.720,-3.542024,nan
4w9l,4w9l_84,8.360,-6.432703,nan
4w9l,4w9l_871,2.250,-2.360749,nan
4w9l,4w9l_886,3.010,-3.413835,nan
4w9l,4w9l_906,1.940,-0.733377,nan
4w9l,4w9l_93,3.110,-1.191811,nan
4w9l,4w9l_933,1.320,-0.402339,nan
4wiv,4wiv_230,8.200,-8.207264,nan
4wiv,4wiv_270,8.220,-8.286586,nan
4wiv,4wiv_401,7.250,-3.715477,nan
4wiv,4wiv_413,7.070,-3.903213,nan
4wiv,4wiv_414,7.300,-4.358386,nan
4wiv,4wiv_428,7.470,-5.099402,nan
4wiv,4wiv_434,4.190,-2.846868,nan
4wiv,4wiv_435,6.150,-2.256657,nan
4wiv,4wiv_441,5.120,-3.334373,nan
4wiv,4wiv_448,7.130,-2.092504,nan
4wiv,4wiv_461,3.010,-2.391944,nan
4wiv,4wiv_475,4.610,-3.335649,nan
4wiv,4wiv_476,3.950,-3.045680,nan
4wiv,4wiv_481,7.660,-4.034081,nan
4wiv,4wiv_484,4.030,-1.925835,nan
4wiv,4wiv_486,3.840,-3.801096,nan
4wiv,4wiv_487,5.550,-2.145885,nan
4wiv,4wiv_491,5.910,-3.110296,nan
4wiv,4wiv_493,4.140,-3.708823,nan
4wiv,4wiv_509,6.220,-3.933703,nan
4wiv,4wiv_517,4.980,-1.897715,nan
4wiv,4wiv_520,7.030,-4.095682,nan
4wiv,4wiv_528,3.640,-2.932250,nan
4wiv,4wiv_532,4.130,-4.606682,nan
4wiv,4wiv_553,6.390,-5.491223,nan
4wiv,4wiv_557,6.700,-3.171397,nan
4wiv,4wiv_566,6.420,-5.811437,nan
4wiv,4wiv_577,6.020,-5.969229,nan
4wiv,4wiv_583,3.000,-2.657993,nan
4wiv,4wiv_598,4.920,-4.619091,nan
4wiv,4wiv_601,4.530,-2.302305,nan
4wiv,4wiv_615,5.790,-6.614226,nan
4wiv,4wiv_621,2.130,-2.380810,nan
4wiv,4wiv_631,7.090,-5.815331,nan
4wiv,4wiv_651,4.990,-4.566434,nan
4wiv,4wiv_679,3.310,-1.705116,nan
4wiv,4wiv_683,5.440,-5.680628,nan
4wiv,4wiv_697,7.010,-7.417115,nan
4wiv,4wiv_698,3.880,-1.585444,nan
4wiv,4wiv_721,0.720,-1.987021,nan
4wiv,4wiv_727,1.700,-2.192615,nan
4wiv,4wiv_729,0.740,-1.803294,nan
4wiv,4wiv_738,1.310,-1.767577,nan
4wiv,4wiv_739,1.410,-1.254873,nan
4wiv,4wiv_742,3.830,-1.405812,nan
4wiv,4wiv_745,5.740,-4.174221,nan
4wiv,4wiv_746,2.340,-1.102661,nan
4wiv,4wiv_747,6.800,-3.999069,nan
4wiv,4wiv_749,5.860,-4.111452,nan
4wiv,4wiv_753,2.880,-1.490803,nan
4wiv,4wiv_762,6.400,-2.823683,nan
4wiv,4wiv_769,5.420,-3.937532,nan
4wiv,4wiv_771,7.570,-7.220170,nan
4wiv,4wiv_774,6.300,-3.954041,nan
4wiv,4wiv_792,1.040,-2.701584,nan
4wiv,4wiv_820,0.870,-1.788010,nan
4wiv,4wiv_829,0.860,-1.907630,nan
4wiv,4wiv_836,1.950,-3.097677,nan
4wiv,4wiv_838,0.870,-2.095586,nan
4wiv,4wiv_841,2.480,-3.113998,nan
4wiv,4wiv_844,1.620,-1.520675,nan
4wiv,4wiv_846,3.380,-1.562963,nan
4wiv,4wiv_863,1.890,-2.740294,nan
4wiv,4wiv_865,6.000,-1.719001,nan
4wiv,4wiv_866,2.870,-1.665717,nan
4wiv,4wiv_869,3.340,-2.201513,nan
4wiv,4wiv_870,2.890,-1.359592,nan
4wiv,4wiv_888,1.300,-1.029354,nan
4wiv,4wiv_890,4.010,-4.575235,nan
4wiv,4wiv_892,0.800,-2.469400,nan
4wiv,4wiv_913,0.690,-1.282890,nan
4wiv,4wiv_914,0.720,-1.728969,nan
4wiv,4wiv_915,0.880,-2.128327,nan
4wiv,4wiv_935,2.100,-2.606106,nan
4wiv,4wiv_947,2.500,-1.761835,nan
4wiv,4wiv_953,3.630,-4.209019,nan
4wiv,4wiv_960,1.740,-1.588760,nan
4wiv,4wiv_965,2.990,-1.184718,nan
4wiv,4wiv_973,0.540,-1.601410,nan
4wiv,4wiv_977,1.940,-2.967384,nan
4wiv,4wiv_979,5.890,-1.759270,nan
4wiv,4wiv_981,6.010,-1.715047,nan
4x6p,4x6p_106,7.820,-4.834292,nan
4x6p,4x6p_114,8.720,-8.104984,nan
4x6p,4x6p_121,8.480,-7.702054,nan
4x6p,4x6p_125,7.210,-5.262893,nan
4x6p,4x6p_142,0.800,-0.440648,nan
4x6p,4x6p_147,7.050,-5.405410,nan
4x6p,4x6p_170,4.560,-4.602386,nan
4x6p,4x6p_18,9.070,-8.055481,nan
4x6p,4x6p_195,7.880,-7.421359,nan
4x6p,4x6p_197,8.550,-6.028454,nan
4x6p,4x6p_201,0.860,-1.265890,nan
4x6p,4x6p_203,0.930,-1.134905,nan
4x6p,4x6p_204,0.650,-0.726479,nan
4x6p,4x6p_214,1.580,-1.266405,nan
4x6p,4x6p_215,2.470,-1.703059,nan
4x6p,4x6p_221,1.660,-1.034195,nan
4x6p,4x6p_224,3.460,-2.776526,nan
4x6p,4x6p_231,1.380,-0.942619,nan
4x6p,4x6p_25,9.170,-7.850897,nan
4x6p,4x6p_254,0.570,-0.999548,nan
4x6p,4x6p_265,1.540,-0.995957,nan
4x6p,4x6p_277,2.430,-0.975764,nan
4x6p,4x6p_300,2.280,-1.422346,nan
4x6p,4x6p_304,4.110,-3.223826,nan
4x6p,4x6p_312,0.670,-0.843716,nan
4x6p,4x6p_316,9.820,-8.583468,nan
4x6p,4x6p_324,0.630,-0.580501,nan
4x6p,4x6p_33,9.140,-6.927640,nan
4x6p,4x6p_344,2.810,-0.956496,nan
4x6p,4x6p_346,4.680,-2.712684,nan
4x6p,4x6p_380,7.370,-6.308696,nan
4x6p,4x6p_381,0.920,-0.836085,nan
4x6p,4x6p_398,1.590,-0.927091,nan
4x6p,4x6p_401,2.910,-2.624191,nan
4x6p,4x6p_407,1.800,-1.424573,nan
4x6p,4x6p_421,3.310,-1.995036,nan
4x6p,4x6p_426,3.100,-1.831938,nan
4x6p,4x6p_427,5.540,-3.634772,nan
4x6p,4x6p_432,7.040,-2.886727,nan
4x6p,4x6p_438,5.740,-1.918955,nan
4x6p,4x6p_439,5.040,-2.233964,nan
4x6p,4x6p_441,6.160,-3.540670,nan
4x6p,4x6p_448,3.150,-2.627337,nan
4x6p,4x6p_454,5.090,-2.857051,nan
4x6p,4x6p_463,4.060,-3.033600,nan
4x6p,4x6p_481,5.860,-3.718057,nan
4x6p,4x6p_486,2.420,-2.135594,nan
4x6p,4x6p_504,9.290,-8.569415,nan
4x6p,4x6p_513,4.170,-3.611528,nan
4x6p,4x6p_518,5.030,-4.067300,nan
4x6p,4x6p_521,2.830,-1.662082,nan
4x6p,4x6p_528,8.740,-5.836594,nan
4x6p,4x6p_532,9.450,-8.562790,nan
4x6p,4x6p_533,2.980,-2.265484,nan
4x6p,4x6p_544,8.160,-8.527574,nan
4x6p,4x6p_548,4.770,-2.358820,nan
4x6p,4x6p_549,4.570,-4.244067,nan
4x6p,4x6p_550,6.510,-6.363091,nan
4x6p,4x6p_551,7.470,-8.207213,nan
4x6p,4x6p_553,3.810,-2.506780,nan
4x6p,4x6p_555,6.800,-5.735745,nan
4x6p,4x6p_559,3.670,-3.321979,nan
4x6p,4x6p_568,8.440,-8.526087,nan
4x6p,4x6p_570,9.900,-8.556973,nan
4x6p,4x6p_571,8.010,-3.540532,nan
4x6p,4x6p_577,7.280,-7.615033,nan
4x6p,4x6p_579,6.780,-3.222470,nan
4x6p,4x6p_583,9.160,-8.190325,nan
4x6p,4x6p_592,6.830,-2.808725,nan
4x6p,4x6p_596,8.890,-8.557608,nan
4x6p,4x6p_612,8.520,-8.558894,nan
4x6p,4x6p_620,2.310,-2.472430,nan
4x6p,4x6p_621,6.770,-6.315938,nan
4x6p,4x6p_623,3.230,-2.133392,nan
4x6p,4x6p_636,4.200,-2.005930,nan
4x6p,4x6p_637,1.990,-1.226654,nan
4x6p,4x6p_642,6.090,-5.187583,nan
4x6p,4x6p_644,5.940,-2.412592,nan
4x6p,4x6p_646,7.890,-4.805815,nan
4x6p,4x6p_649,2.780,-2.312574,nan
4x6p,4x6p_650,5.190,-5.131914,nan
4x6p,4x6p_653,7.400,-8.061955,nan
4x6p,4x6p_657,6.200,-6.680638,nan
4x6p,4x6p_665,9.470,-8.561028,nan
4x6p,4x6p_666,3.850,-2.987920,nan
4x6p,4x6p_667,4.880,-2.342514,nan
4x6p,4x6p_668,5.820,-4.356017,nan
4x6p,4x6p_674,4.200,-4.055376,nan
4x6p,4x6p_688,3.890,-3.207195,nan
4x6p,4x6p_689,6.920,-5.276376,nan
4x6p,4x6p_693,6.830,-3.400155,nan
4x6p,4x6p_696,3.750,-3.323762,nan
4x6p,4x6p_706,0.910,-0.854882,nan
4x6p,4x6p_820,1.690,-0.954832,nan
4x6p,4x6p_835,2.000,-1.076009,nan
4x6p,4x6p_876,1.710,-1.332406,nan
4x6p,4x6p_889,0.850,-1.163975,nan
4x6p,4x6p_89,9.960,-8.524597,nan
4x6p,4x6p_97,8.210,-6.373515,nan
4x6p,4x6p_98,5.980,-2.748959,nan
5a7b,5a7b_11,9.290,-8.557508,nan
5a7b,5a7b_115,5.810,-6.922549,nan
5a7b,5a7b_136,9.500,-6.730597,nan
5a7b,5a7b_138,5.740,-6.743197,nan
5a7b,5a7b_144,1.530,-1.706445,nan
5a7b,5a7b_170,5.820,-1.869701,nan
5a7b,5a7b_175,8.770,-8.270677,nan
5a7b,5a7b_178,5.860,-4.753719,nan
5a7b,5a7b_190,9.270,-7.547034,nan
5a7b,5a7b_204,1.820,-0.793913,nan
5a7b,5a7b_214,3.340,-3.617872,nan
5a7b,5a7b_215,8.780,-7.155531,nan
5a7b,5a7b_217,2.100,-2.208893,nan
5a7b,5a7b_227,5.340,-5.390481,nan
5a7b,5a7b_233,1.720,-1.501312,nan
5a7b,5a7b_234,4.120,-5.625974,nan
5a7b,5a7b_243,1.600,-1.358362,nan
5a7b,5a7b_244,2.700,-1.283426,nan
5a7b,5a7b_258,3.660,-3.945494,nan
5a7b,5a7b_261,7.000,-7.350860,nan
5a7b,5a7b_264,7.440,-7.204920,nan
5a7b,5a7b_266,1.840,-1.476209,nan
5a7b,5a7b_274,3.680,-1.742394,nan
5a7b,5a7b_276,1.260,-1.569962,nan
5a7b,5a7b_280,3.680,-2.878259,nan
5a7b,5a7b_281,9.140,-6.946349,nan
5a7b,5a7b_284,0.880,-0.434645,nan
5a7b,5a7b_286,0.740,-1.850449,nan
5a7b,5a7b_295,2.010,-2.139628,nan
5a7b,5a7b_302,2.910,-3.083742,nan
5a7b,5a7b_309,6.960,-7.506012,nan
5a7b,5a7b_311,9.270,-8.171798,nan
5a7b,5a7b_349,8.490,-8.293175,nan
5a7b,5a7b_358,0.950,-0.920938,nan
5a7b,5a7b_382,4.890,-7.121697,nan
5a7b,5a7b_402,6.220,-2.246235,nan
5a7b,5a7b_409,7.260,-2.555203,nan
5a7b,5a7b_424,7.000,-6.003521,nan
5a7b,5a7b_426,3.610,-1.918261,nan
5a7b,5a7b_429,7.130,-2.309591,nan
5a7b,5a7b_440,7.060,-3.710202,nan
5a7b,5a7b_447,8.130,-4.063318,nan
5a7b,5a7b_451,7.580,-4.157310,nan
5a7b,5a7b_461,3.830,-2.368496,nan
5a7b,5a7b_485,8.870,-2.963998,nan
5a7b,5a7b_488,7.820,-4.730263,nan
5a7b,5a7b_511,1.720,-1.693295,nan
5a7b,5a7b_514,9.110,-5.136986,nan
5a7b,5a7b_518,2.450,-2.345072,nan
5a7b,5a7b_523,6.120,-5.742486,nan
5a7b,5a7b_531,2.050,-2.159115,nan
5a7b,5a7b_539,4.290,-5.528951,nan
5a7b,5a7b_542,5.920,-6.565341,nan
5a7b,5a7b_546,5.570,-4.869865,nan
5a7b,5a7b_550,6.860,-6.428002,nan
5a7b,5a7b_553,5.420,-3.531749,nan
5a7b,5a7b_566,6.950,-3.986021,nan
5a7b,5a7b_569,8.410,-7.493664,nan
5a7b,5a7b_588,3.380,-2.283191,nan
5a7b,5a7b_591,4.480,-5.105910,nan
5a7b,5a7b_595,3.030,-2.514775,nan
5a7b,5a7b_597,8.880,-3.375542,nan
5a7b,5a7b_601,2.070,-1.095476,nan
5a7b,5a7b_613,7.740,-6.990320,nan
5a7b,5a7b_623,1.710,-1.803996,nan
5a7b,5a7b_628,7.330,-8.559358,nan
5a7b,5a7b_632,4.000,-2.528459,nan
5a7b,5a7b_633,6.260,-8.341020,nan
5a7b,5a7b_636,3.970,-5.427998,nan
5a7b,5a7b_651,5.980,-2.479783,nan
5a7b,5a7b_652,8.050,-5.529191,nan
5a7b,5a7b_655,8.150,-2.682736,nan
5a7b,5a7b_657,6.730,-6.077216,nan
5a7b,5a7b_660,4.680,-4.055105,nan
5a7b,5a7b_672,9.910,-3.809315,nan
5a7b,5a7b_675,8.990,-5.400881,nan
5a7b,5a7b_690,2.480,-4.022896,nan
5a7b,5a7b_691,2.540,-2.854904,nan
5a7b,5a7b_694,7.220,-7.634738,nan
5a7b,5a7b_696,9.670,-2.069005,nan
5a7b,5a7b_697,9.040,-4.138105,nan
5a7b,5a7b_698,4.300,-2.728673,nan
5a7b,5a7b_700,9.680,-7.488421,nan
5a7b,5a7b_726,1.950,-1.110835,nan
5a7b,5a7b_738,1.940,-1.498611,nan
5a7b,5a7b_742,0.820,-1.402358,nan
5a7b,5a7b_780,5.660,-7.427593,nan
5a7b,5a7b_817,2.670,-3.711200,nan
5a7b,5a7b_842,4.770,-5.086376,nan
5a7b,5a7b_843,6.800,-2.279881,nan
5a7b,5a7b_850,4.110,-2.780800,nan
5a7b,5a7b_874,5.000,-4.405591,nan
5a7b,5a7b_878,7.400,-3.045279,nan
5a7b,5a7b_980,4.900,-3.567052,nan
5aba,5aba_220,9.450,-6.832857,nan
5aba,5aba_247,9.560,-7.440969,nan
5aba,5aba_261,9.290,-4.444973,nan
5aba,5aba_263,8.760,-5.954491,nan
5aba,5aba_284,9.600,-5.646072,nan
5aba,5aba_297,8.770,-5.111987,nan
5aba,5aba_36,4.220,-3.934880,nan
5aba,5aba_38,3.310,-0.667515,nan
5aba,5aba_40,8.070,-8.416597,nan
5aba,5aba_408,9.200,-4.348360,nan
5aba,5aba_410,8.010,-1.857459,nan
5aba,5aba_412,8.100,-2.502087,nan
5aba,5aba_455,7.210,-4.608585,nan
5aba,5aba_460,9.710,-5.072843,nan
5aba,5aba_47,6.390,-3.832125,nan
5aba,5aba_470,8.400,-3.586733,nan
5aba,5aba_472,4.450,-2.456149,nan
5aba,5aba_490,8.130,-1.928705,nan
5aba,5aba_492,9.340,-3.198607,nan
5aba,5aba_5,8.810,-8.081607,nan
5aba,5aba_517,4.920,-4.171722,nan
5aba,5aba_525,9.030,-3.383888,nan
5aba,5aba_527,2.770,-1.010991,nan
5aba,5aba_555,5.630,-2.845983,nan
5aba,5aba_558,6.190,-3.710220,nan
5aba,5aba_559,5.230,-3.979971,nan
5aba,5aba_570,3.070,-0.796645,nan
5aba,5aba_575,5.350,-3.318728,nan
5aba,5aba_584,4.210,-2.176170,nan
5aba,5aba_596,2.580,-3.726279,nan
5aba,5aba_598,9.500,-3.517443,nan
5aba,5aba_599,3.340,-2.918813,nan
5aba,5aba_618,6.800,-3.614314,nan
5aba,5aba_620,4.080,-3.071130,nan
5aba,5aba_623,3.980,-3.551050,nan
5aba,5aba_625,2.350,-3.508120,nan
5aba,5aba_628,4.790,-4.052917,nan
5aba,5aba_632,3.590,-7.142027,nan
5aba,5aba_640,2.200,-1.254469,nan
5aba,5aba_641,7.210,-3.637373,nan
5aba,5aba_647,4.740,-4.430857,nan
5aba,5aba_653,8.530,-2.280761,nan
5aba,5aba_654,3.400,-2.026576,nan
5aba,5aba_655,2.800,-0.722608,nan
5aba,5aba_657,2.900,-2.265004,nan
5aba,5aba_661,7.970,-3.905198,nan
5aba,5aba_663,3.900,-1.655707,nan
5aba,5aba_666,5.600,-4.091110,nan
5aba,5aba_668,6.280,-4.976314,nan
5aba,5aba_669,2.630,-1.383728,nan
5aba,5aba_674,7.700,-8.560081,nan
5aba,5aba_676,3.990,-2.761303,nan
5aba,5aba_677,9.370,-5.660721,nan
5aba,5aba_679,5.040,-3.405326,nan
5aba,5aba_680,3.660,-4.070375,nan
5aba,5aba_690,4.070,-2.240386,nan
5aba,5aba_697,7.470,-6.427012,nan
5aba,5aba_698,8.230,-8.575796,nan
5aba,5aba_701,5.200,-8.475138,nan
5aba,5aba_702,2.000,-0.702769,nan
5aba,5aba_703,2.000,-0.815757,nan
5aba,5aba_704,6.890,-8.312821,nan
5aba,5aba_71,7.110,-4.486959,nan
5aba,5aba_712,1.210,-1.546492,nan
5aba,5aba_728,6.930,-4.009879,nan
5aba,5aba_749,5.610,-8.024104,nan
5aba,5aba_751,6.780,-4.246897,nan
5aba,5aba_760,6.990,-6.469138,nan
5aba,5aba_772,1.670,-0.808000,nan
5aba,5aba_78,5.010,-5.232660,nan
5aba,5aba_786,1.790,-3.394037,nan
5aba,5aba_792,2.050,-0.883028,nan
5aba,5aba_799,7.200,-8.551208,nan
5aba,5aba_820,1.960,-5.151103,nan
5aba,5aba_850,4.870,-5.361865,nan
5aba,5aba_858,5.390,-8.545743,nan
5aba,5aba_859,5.110,-7.098517,nan
5aba,5aba_864,6.200,-8.237460,nan
5aba,5aba_865,2.100,-5.394958,nan
5aba,5aba_880,4.100,-8.092221,nan
5aba,5aba_882,3.520,-7.758905,nan
5aba,5aba_898,1.740,-0.562734,nan
5aba,5aba_899,7.320,-5.719454,nan
5aba,5aba_956,7.270,-8.547317,nan
5aba,5aba_96,6.900,-4.360698,nan
5aba,5aba_962,7.280,-3.128824,nan
5aba,5aba_966,2.470,-2.593624,nan
5c28,5c28_113,7.840,-7.147924,nan
5c28,5c28_133,6.940,-7.154754,nan
5c28,5c28_146,3.660,-2.163191,nan
5c28,5c28_2,3.680,-1.559559,nan
5c28,5c28_3,4.170,-2.241766,nan
5c28,5c28_30,0.790,-0.395088,nan
5c28,5c28_324,0.930,-0.348867,nan
5c28,5c28_345,0.800,-0.244348,nan
5c28,5c28_35,0.820,-0.258126,nan
5c28,5c28_382,2.100,-0.235578,nan
5c28,5c28_4,0.820,-0.561202,nan
5c28,5c28_424,0.940,-0.456698,nan
5c28,5c28_451,2.700,-1.547387,nan
5c28,5c28_456,0.960,-0.637803,nan
5c28,5c28_460,2.030,-1.692060,nan
5c28,5c28_469,4.460,-3.929975,nan
5c28,5c28_47,0.560,-0.140985,nan
5c28,5c28_503,6.520,-5.895736,nan
5c28,5c28_508,5.760,-3.997232,nan
5c28,5c28_516,6.020,-4.432571,nan
5c28,5c28_525,2.640,-0.590729,nan
5c28,5c28_528,1.330,-0.634832,nan
5c28,5c28_531,2.520,-1.016032,nan
5c28,5c28_542,7.200,-5.997933,nan
5c28,5c28_543,5.900,-5.034877,nan
5c28,5c28_549,3.850,-3.862174,nan
5c28,5c28_550,7.410,-5.856676,nan
5c28,5c28_563,1.360,-0.805688,nan
5c28,5c28_569,5.110,-4.293400,nan
5c28,5c28_572,4.110,-2.314218,nan
5c28,5c28_588,5.470,-4.780944,nan
5c28,5c28_589,2.610,-1.717363,nan
5c28,5c28_593,7.140,-5.357657,nan
5c28,5c28_600,5.230,-3.967281,nan
5c28,5c28_604,1.030,-0.536761,nan
5c28,5c28_614,5.050,-4.388457,nan
5c28,5c28_624,1.190,-0.869368,nan
5c28,5c28_627,1.220,-0.791259,nan
5c28,5c28_643,3.380,-1.865502,nan
5c28,5c28_664,1.190,-0.796588,nan
5c28,5c28_675,6.050,-5.499826,nan
5c28,5c28_681,4.950,-3.345743,nan
5c28,5c28_693,1.160,-0.407979,nan
5c28,5c28_702,0.620,-0.498344,nan
5c28,5c28_706,2.460,-0.709518,nan
5c28,5c28_709,2.980,-2.661619,nan
5c28,5c28_71,0.510,-0.573337,nan
5c28,5c28_715,1.550,-0.437807,nan
5c28,5c28_723,7.460,-6.110290,nan
5c28,5c28_725,7.520,-5.991435,nan
5c28,5c28_727,4.590,-2.823791,nan
5c28,5c28_729,3.870,-2.918933,nan
5c28,5c28_735,2.150,-1.133585,nan
5c28,5c28_741,3.360,-1.323498,nan
5c28,5c28_743,6.170,-4.829363,nan
5c28,5c28_746,4.120,-2.032243,nan
5c28,5c28_747,3.310,-1.975330,nan
5c28,5c28_755,4.330,-1.973017,nan
5c28,5c28_758,5.300,-3.988987,nan
5c28,5c28_761,5.710,-4.358795,nan
5c28,5c28_762,9.680,-8.270966,nan
5c28,5c28_766,6.120,-4.658242,nan
5c28,5c28_767,4.700,-2.905011,nan
5c28,5c28_770,6.220,-5.124402,nan
5c28,5c28_771,6.480,-5.364666,nan
5c28,5c28_772,9.800,-7.957088,nan
5c28,5c28_773,9.800,-7.932385,nan
5c28,5c28_775,5.920,-4.746596,nan
5c28,5c28_781,8.460,-6.769125,nan
5c28,5c28_782,8.720,-7.299007,nan
5c28,5c28_783,8.710,-6.691738,nan
5c28,5c28_784,9.190,-6.853886,nan
5c28,5c28_785,9.230,-7.110475,nan
5c28,5c28_787,9.480,-6.691576,nan
5c28,5c28_788,8.720,-6.743605,nan
5c28,5c28_789,8.950,-6.999884,nan
5c28,5c28_790,8.790,-7.230343,nan
5c28,5c28_791,9.410,-6.843263,nan
5c28,5c28_792,9.510,-7.553115,nan
5c28,5c28_794,9.140,-7.225711,nan
5c28,5c28_807,3.500,-0.676393,nan
5c28,5c28_829,1.700,-1.280239,nan
5c28,5c28_845,4.030,-3.019176,nan
5c28,5c28_850,3.670,-2.201573,nan
5c28,5c28_858,7.520,-6.137091,nan
5c28,5c28_866,7.550,-6.207887,nan
5c28,5c28_876,6.330,-5.053432,nan
5c28,5c28_877,9.550,-8.174410,nan
5c28,5c28_879,6.440,-4.647033,nan
5c28,5c28_881,5.000,-3.548451,nan
5c28,5c28_882,5.320,-4.600414,nan
5c28,5c28_883,8.170,-6.297302,nan
5c28,5c28_885,8.230,-6.297302,nan
5c28,5c28_928,3.060,-0.585326,nan
5c28,5c28_934,1.110,-0.762144,nan
5c28,5c28_97,2.250,-0.139509,nan
5c2h,5c2h_119,9.090,-8.138729,nan
5c2h,5c2h_160,8.870,-7.938136,nan
5c2h,5c2h_204,0.870,-0.895551,nan
5c2h,5c2h_216,0.960,-0.831442,nan
5c2h,5c2h_240,0.460,-0.337274,nan
5c2h,5c2h_244,0.590,-0.947053,nan
5c2h,5c2h_247,0.940,-0.847094,nan
5c2h,5c2h_251,6.900,-4.100775,nan
5c2h,5c2h_252,1.950,-1.410764,nan
5c2h,5c2h_256,0.790,-0.867647,nan
5c2h,5c2h_259,0.510,-0.554810,nan
5c2h,5c2h_274,1.380,-1.623030,nan
5c2h,5c2h_292,1.020,-0.976818,nan
5c2h,5c2h_295,1.650,-1.157156,nan
5c2h,5c2h_308,8.100,-8.297848,nan
5c2h,5c2h_352,1.910,-0.972112,nan
5c2h,5c2h_394,7.980,-8.455199,nan
5c2h,5c2h_405,2.880,-2.713727,nan
5c2h,5c2h_406,9.660,-8.560482,nan
5c2h,5c2h_421,9.570,-8.555847,nan
5c2h,5c2h_424,3.920,-2.768509,nan
5c2h,5c2h_427,8.120,-3.565936,nan
5c2h,5c2h_431,8.500,-6.980865,nan
5c2h,5c2h_432,5.760,-4.721415,nan
5c2h,5c2h_444,7.910,-8.129861,nan
5c2h,5c2h_457,4.840,-4.193277,nan
5c2h,5c2h_462,5.780,-4.613978,nan
5c2h,5c2h_467,9.170,-8.508323,nan
5c2h,5c2h_471,2.170,-1.742507,nan
5c2h,5c2h_475,9.420,-5.814799,nan
5c2h,5c2h_48,4.700,-5.930240,nan
5c2h,5c2h_481,8.080,-8.271963,nan
5c2h,5c2h_482,2.390,-2.026155,nan
5c2h,5c2h_484,6.860,-7.565868,nan
5c2h,5c2h_486,3.890,-2.310181,nan
5c2h,5c2h_496,7.720,-6.925419,nan
5c2h,5c2h_500,6.770,-7.540273,nan
5c2h,5c2h_507,2.340,-2.721462,nan
5c2h,5c2h_509,5.050,-6.012376,nan
5c2h,5c2h_513,8.700,-3.470951,nan
5c2h,5c2h_516,3.430,-3.276947,nan
5c2h,5c2h_517,4.260,-4.151354,nan
5c2h,5c2h_519,3.600,-1.544468,nan
5c2h,5c2h_520,4.720,-5.278656,nan
5c2h,5c2h_524,1.790,-1.942206,nan
5c2h,5c2h_533,3.100,-3.229068,nan
5c2h,5c2h_536,3.120,-2.524671,nan
5c2h,5c2h_537,2.540,-2.724187,nan
5c2h,5c2h_544,6.420,-3.432947,nan
5c2h,5c2h_545,5.420,-6.274426,nan
5c2h,5c2h_547,9.480,-5.267700,nan
5c2h,5c2h_548,8.940,-7.101578,nan
5c2h,5c2h_553,4.170,-2.464617,nan
5c2h,5c2h_561,5.060,-3.574805,nan
5c2h,5c2h_565,2.620,-1.654549,nan
5c2h,5c2h_566,7.000,-7.353282,nan
5c2h,5c2h_572,7.600,-2.173513,nan
5c2h,5c2h_575,5.090,-6.507292,nan
5c2h,5c2h_576,2.320,-2.371419,nan
5c2h,5c2h_579,4.820,-5.778194,nan
5c2h,5c2h_585,8.840,-4.585391,nan
5c2h,5c2h_597,7.720,-8.515718,nan
5c2h,5c2h_599,9.060,-3.607513,nan
5c2h,5c2h_602,2.000,-1.787763,nan
5c2h,5c2h_608,6.900,-7.120456,nan
5c2h,5c2h_611,4.510,-2.146337,nan
5c2h,5c2h_613,1.990,-1.560279,nan
5c2h,5c2h_624,7.400,-4.201227,nan
5c2h,5c2h_627,7.890,-3.112389,nan
5c2h,5c2h_640,7.720,-3.371307,nan
5c2h,5c2h_641,8.580,-8.547473,nan
5c2h,5c2h_644,4.180,-4.895898,nan
5c2h,5c2h_646,1.690,-1.987131,nan
5c2h,5c2h_649,3.210,-2.631933,nan
5c2h,5c2h_651,1.840,-1.995255,nan
5c2h,5c2h_653,7.750,-4.370761,nan
5c2h,5c2h_657,5.350,-7.457644,nan
5c2h,5c2h_663,6.900,-3.271904,nan
5c2h,5c2h_666,2.280,-1.124551,nan
5c2h,5c2h_682,4.960,-4.920938,nan
5c2h,5c2h_686,6.590,-6.889036,nan
5c2h,5c2h_696,3.900,-3.359742,nan
5c2h,5c2h_697,8.600,-7.004225,nan
5c2h,5c2h_698,4.140,-3.259914,nan
5c2h,5c2h_700,9.080,-7.701264,nan
5c2h,5c2h_756,6.430,-4.981323,nan
5c2h,5c2h_758,7.700,-7.203300,nan
5c2h,5c2h_764,5.760,-5.412661,nan
5c2h,5c2h_775,6.650,-6.496828,nan
5c2h,5c2h_816,5.630,-6.171436,nan
5c2h,5c2h_831,3.470,-2.519875,nan
5c2h,5c2h_848,2.850,-2.337943,nan
5c2h,5c2h_860,9.240,-5.445724,nan
5c2h,5c2h_89,9.800,-8.578410,nan
5c2h,5c2h_910,3.070,-3.558969,nan
5c2h,5c2h_922,2.290,-1.815393,nan
5c2h,5c2h_940,5.980,-5.287057,nan
5dwr,5dwr_144,0.350,-0.680029,nan
5dwr,5dwr_148,1.150,-0.922230,nan
5dwr,5dwr_157,0.820,-0.693674,nan
5dwr,5dwr_162,1.340,-0.864653,nan
5dwr,5dwr_166,0.770,-0.454085,nan
5dwr,5dwr_193,0.940,-0.831670,nan
5dwr,5dwr_200,0.420,-0.805124,nan
5dwr,5dwr_215,0.570,-0.755324,nan
5dwr,5dwr_286,0.740,-0.798024,nan
5dwr,5dwr_289,0.540,-0.249039,nan
5dwr,5dwr_297,1.010,-0.786873,nan
5dwr,5dwr_312,7.440,-4.464448,nan
5dwr,5dwr_382,0.460,-0.241312,nan
5dwr,5dwr_401,4.050,-2.376925,nan
5dwr,5dwr_404,1.370,-1.667530,nan
5dwr,5dwr_411,4.690,-1.016985,nan
5dwr,5dwr_412,4.510,-2.227371,nan
5dwr,5dwr_419,2.960,-2.258282,nan
5dwr,5dwr_425,4.120,-2.589225,nan
5dwr,5dwr_431,2.480,-1.471079,nan
5dwr,5dwr_441,3.870,-2.008610,nan
5dwr,5dwr_442,5.060,-3.068894,nan
5dwr,5dwr_451,1.790,-1.765431,nan
5dwr,5dwr_461,3.930,-2.362422,nan
5dwr,5dwr_466,5.940,-3.724349,nan
5dwr,5dwr_467,5.260,-1.852482,nan
5dwr,5dwr_475,2.580,-2.891656,nan
5dwr,5dwr_480,7.060,-5.007335,nan
5dwr,5dwr_484,3.680,-1.546338,nan
5dwr,5dwr_489,1.810,-2.242856,nan
5dwr,5dwr_490,4.530,-1.953534,nan
5dwr,5dwr_497,4.090,-1.993108,nan
5dwr,5dwr_498,5.690,-1.950424,nan
5dwr,5dwr_504,1.770,-1.564002,nan
5dwr,5dwr_508,4.810,-4.473654,nan
5dwr,5dwr_518,4.850,-4.451982,nan
5dwr,5dwr_521,4.080,-1.693675,nan
5dwr,5dwr_527,5.550,-3.935381,nan
5dwr,5dwr_534,7.120,-5.464036,nan
5dwr,5dwr_542,3.440,-1.232863,nan
5dwr,5dwr_559,6.270,-3.713650,nan
5dwr,5dwr_560,5.170,-3.501913,nan
5dwr,5dwr_568,5.730,-2.675095,nan
5dwr,5dwr_574,6.430,-4.430649,nan
5dwr,5dwr_584,7.230,-5.609528,nan
5dwr,5dwr_588,8.110,-6.692638,nan
5dwr,5dwr_598,8.080,-7.788730,nan
5dwr,5dwr_604,6.550,-6.889430,nan
5dwr,5dwr_610,2.550,-1.643788,nan
5dwr,5dwr_612,1.810,-2.091153,nan
5dwr,5dwr_614,1.900,-1.639827,nan
5dwr,5dwr_626,6.760,-6.855493,nan
5dwr,5dwr_628,6.720,-5.093225,nan
5dwr,5dwr_633,1.780,-1.598155,nan
5dwr,5dwr_635,6.320,-4.728285,nan
5dwr,5dwr_636,7.880,-7.983109,nan
5dwr,5dwr_637,2.920,-2.329839,nan
5dwr,5dwr_638,5.370,-4.193294,nan
5dwr,5dwr_640,4.120,-2.606161,nan
5dwr,5dwr_642,3.360,-2.144788,nan
5dwr,5dwr_649,7.510,-7.311451,nan
5dwr,5dwr_654,3.710,-2.262551,nan
5dwr,5dwr_663,7.600,-6.464775,nan
5dwr,5dwr_666,6.420,-4.456648,nan
5dwr,5dwr_669,3.110,-3.116648,nan
5dwr,5dwr_671,3.950,-2.060360,nan
5dwr,5dwr_675,2.250,-1.537971,nan
5dwr,5dwr_676,8.490,-8.134252,nan
5dwr,5dwr_677,7.740,-5.230814,nan
5dwr,5dwr_680,5.450,-4.457956,nan
5dwr,5dwr_686,6.090,-2.580113,nan
5dwr,5dwr_691,3.240,-2.860252,nan
5dwr,5dwr_693,5.020,-3.415916,nan
5dwr,5dwr_695,2.130,-2.204575,nan
5dwr,5dwr_697,7.480,-5.575324,nan
5dwr,5dwr_699,3.970,-2.158880,nan
5dwr,5dwr_702,2.700,-1.185094,nan
5dwr,5dwr_710,6.350,-1.926633,nan
5dwr,5dwr_711,6.540,-2.554634,nan
5dwr,5dwr_720,8.820,-8.096071,nan
5dwr,5dwr_745,2.190,-1.190328,nan
5dwr,5dwr_76,2.990,-1.180049,nan
5dwr,5dwr_875,7.090,-4.638419,nan
5dwr,5dwr_96,0.840,-0.955363,nan
5tmn,5tmn_117,9.520,-7.658999,nan
5tmn,5tmn_125,9.340,-8.098511,nan
5tmn,5tmn_141,9.210,-8.474535,nan
5tmn,5tmn_142,8.730,-3.689975,nan
5tmn,5tmn_155,7.820,-7.664951,nan
5tmn,5tmn_161,8.330,-7.840127,nan
5tmn,5tmn_162,7.230,-8.231131,nan
5tmn,5tmn_197,6.670,-3.603762,nan
5tmn,5tmn_199,9.070,-8.130692,nan
5tmn,5tmn_203,9.330,-2.589558,nan
5tmn,5tmn_210,3.660,-2.564621,nan
5tmn,5tmn_219,1.890,-1.807987,nan
5tmn,5tmn_22,4.430,-1.493862,nan
5tmn,5tmn_222,6.330,-2.256251,nan
5tmn,5tmn_223,3.000,-2.796883,nan
5tmn,5tmn_226,3.110,-2.964118,nan
5tmn,5tmn_232,4.270,-1.222807,nan
5tmn,5tmn_236,5.210,-2.938689,nan
5tmn,5tmn_254,4.930,-2.903263,nan
5tmn,5tmn_261,9.340,-3.230363,nan
5tmn,5tmn_273,5.550,-1.889238,nan
5tmn,5tmn_284,2.450,-1.512337,nan
5tmn,5tmn_288,3.990,-2.530361,nan
5tmn,5tmn_29,3.580,-1.511441,nan
5tmn,5tmn_297,8.800,-1.318309,nan
5tmn,5tmn_302,8.950,-6.307097,nan
5tmn,5tmn_303,6.380,-6.628834,nan
5tmn,5tmn_326,8.910,-7.436775,nan
5tmn,5tmn_35,7.740,-7.101975,nan
5tmn,5tmn_357,9.710,-8.262129,nan
5tmn,5tmn_362,8.330,-4.386627,nan
5tmn,5tmn_375,4.000,-1.164805,nan
5tmn,5tmn_38,9.240,-7.670405,nan
5tmn,5tmn_452,5.320,-2.986754,nan
5tmn,5tmn_462,7.280,-6.875345,nan
5tmn,5tmn_464,2.910,-2.172559,nan
5tmn,5tmn_465,8.100,-5.043815,nan
5tmn,5tmn_468,4.320,-3.796651,nan
5tmn,5tmn_498,8.100,-7.157042,nan
5tmn,5tmn_513,5.410,-6.721168,nan
5tmn,5tmn_518,6.760,-4.253945,nan
5tmn,5tmn_526,5.530,-6.468532,nan
5tmn,5tmn_535,6.810,-4.167270,nan
5tmn,5tmn_537,4.870,-5.103559,nan
5tmn,5tmn_540,3.880,-4.206328,nan
5tmn,5tmn_541,2.700,-2.114815,nan
5tmn,5tmn_551,7.530,-8.490845,nan
5tmn,5tmn_552,6.690,-3.630986,nan
5tmn,5tmn_553,6.490,-6.264839,nan
5tmn,5tmn_559,3.950,-4.391084,nan
5tmn,5tmn_566,6.840,-2.299090,nan
5tmn,5tmn_582,6.180,-7.321363,nan
5tmn,5tmn_588,4.230,-3.459975,nan
5tmn,5tmn_592,9.800,-8.555115,nan
5tmn,5tmn_596,8.160,-6.711802,nan
5tmn,5tmn_609,2.770,-2.363810,nan
5tmn,5tmn_61,8.160,-7.005931,nan
5tmn,5tmn_624,3.560,-2.198249,nan
5tmn,5tmn_639,5.420,-4.310201,nan
5tmn,5tmn_640,4.140,-3.685410,nan
5tmn,5tmn_643,5.010,-4.368416,nan
5tmn,5tmn_649,6.000,-4.304734,nan
5tmn,5tmn_654,7.900,-3.582220,nan
5tmn,5tmn_659,5.770,-4.354226,nan
5tmn,5tmn_681,5.290,-3.649555,nan
5tmn,5tmn_685,7.280,-7.380733,nan
5tmn,5tmn_695,7.710,-2.788480,nan
5tmn,5tmn_700,4.460,-4.748774,nan
5tmn,5tmn_707,1.730,-0.449421,nan
5tmn,5tmn_717,1.710,-1.032163,nan
5tmn,5tmn_725,1.920,-1.574022,nan
5tmn,5tmn_741,3.730,-3.131726,nan
5tmn,5tmn_742,2.460,-1.994992,nan
5tmn,5tmn_754,1.410,-1.184308,nan
5tmn,5tmn_756,2.480,-1.933294,nan
5tmn,5tmn_758,1.800,-1.726128,nan
5tmn,5tmn_780,4.660,-4.055371,nan
5tmn,5tmn_782,1.890,-1.976693,nan
5tmn,5tmn_783,2.360,-1.535546,nan
5tmn,5tmn_786,9.020,-8.431463,nan
5tmn,5tmn_791,4.660,-4.980080,nan
5tmn,5tmn_792,1.970,-1.149590,nan
5tmn,5tmn_797,6.240,-6.546632,nan
5tmn,5tmn_799,2.300,-0.991222,nan
5tmn,5tmn_858,1.710,-0.983565,nan
5tmn,5tmn_870,7.850,-1.086904,nan
5tmn,5tmn_88,7.800,-7.494558,nan
5tmn,5tmn_892,3.340,-2.273539,nan
5tmn,5tmn_950,0.930,-0.887257,nan
5tmn,5tmn_976,2.680,-2.095502,nan
5tmn,5tmn_996,1.960,-1.068353,nan
