pdbid,pose,rmsd,head,pll
1a30,1a30_128,7.020,-7.317484,nan
1a30,1a30_130,2.090,-0.414069,nan
1a30,1a30_139,3.030,-1.335755,nan
1a30,1a30_140,2.700,-1.710013,nan
1a30,1a30_144,2.910,-1.084312,nan
1a30,1a30_167,5.280,-3.648486,nan
1a30,1a30_170,2.970,-1.112221,nan
1a30,1a30_186,4.120,-1.882587,nan
1a30,1a30_187,5.140,-2.783238,nan
1a30,1a30_22,3.870,-1.119764,nan
1a30,1a30_221,4.590,-1.899450,nan
1a30,1a30_222,4.470,-2.519966,nan
1a30,1a30_267,3.760,-1.938155,nan
1a30,1a30_270,8.260,-8.595285,nan
1a30,1a30_284,3.700,-2.284307,nan
1a30,1a30_296,4.510,-3.173542,nan
1a30,1a30_314,4.030,-2.787760,nan
1a30,1a30_319,5.030,-2.758848,nan
1a30,1a30_336,3.000,-1.286918,nan
1a30,1a30_348,2.090,-1.500682,nan
1a30,1a30_35,3.570,-1.770795,nan
1a30,1a30_353,3.150,-1.798392,nan
1a30,1a30_388,4.550,-2.547313,nan
1a30,1a30_407,6.420,-5.545532,nan
1a30,1a30_418,6.020,-5.219807,nan
1a30,1a30_450,6.070,-5.177246,nan
1a30,1a30_452,2.740,-2.581075,nan
1a30,1a30_490,1.790,-1.232588,nan
1a30,1a30_498,4.520,-3.526216,nan
1a30,1a30_538,4.190,-3.246727,nan
1a30,1a30_559,6.230,-6.338157,nan
1a30,1a30_569,5.070,-3.475910,nan
1a30,1a30_577,6.780,-7.225772,nan
1a30,1a30_6,9.650,-8.582732,nan
1a30,1a30_653,5.800,-6.204458,nan
1a30,1a30_664,5.140,-5.410163,nan
1a30,1a30_667,3.510,-2.183082,nan
1a30,1a30_670,5.530,-4.094165,nan
1a30,1a30_671,2.010,-2.256015,nan
1a30,1a30_704,1.900,-0.934990,nan
1a30,1a30_705,1.790,-0.911667,nan
1a30,1a30_706,1.810,-0.775716,nan
1a30,1a30_709,1.910,-0.850942,nan
1a30,1a30_712,1.930,-0.829768,nan
1a30,1a30_718,1.950,-1.138016,nan
1a30,1a30_731,1.840,-1.048367,nan
1a30,1a30_733,9.150,-8.589958,nan
1a30,1a30_736,9.000,-8.592815,nan
1a30,1a30_743,1.880,-1.139919,nan
1a30,1a30_744,9.050,-8.590324,nan
1a30,1a30_747,8.770,-8.522405,nan
1a30,1a30_75,8.070,-8.531934,nan
1a30,1a30_754,8.760,-8.601570,nan
1a30,1a30_759,4.150,-1.652606,nan
1a30,1a30_797,2.820,-1.870150,nan
1a30,1a30_828,3.530,-1.424744,nan
1a30,1a30_86,2.290,-1.459700,nan
1a30,1a30_868,5.560,-4.999456,nan
1a30,1a30_87,9.320,-8.598607,nan
1a30,1a30_883,5.480,-5.597836,nan
1a30,1a30_899,5.380,-4.812073,nan
1a30,1a30_90,3.870,-2.464899,nan
1a30,1a30_920,8.580,-8.586233,nan
1a30,1a30_935,9.200,-8.594343,nan
1a30,1a30_938,9.210,-8.587915,nan
1a30,1a30_940,4.120,-1.946226,nan
1a30,1a30_942,7.330,-8.566116,nan
1a30,1a30_944,8.690,-8.596152,nan
1a30,1a30_955,9.330,-8.596058,nan
1a30,1a30_972,8.830,-8.590919,nan
1a30,1a30_985,8.630,-8.605046,nan
1a30,1a30_992,3.160,-1.244961,nan
1a30,1a30_997,8.430,-8.600915,nan
1a30,1a30_999,7.880,-8.584859,nan
1bcu,1bcu_11,1.000,-0.772282,nan
1bcu,1bcu_220,1.130,-0.610003,nan
1bcu,1bcu_270,3.320,-1.887807,nan
1bcu,1bcu_309,0.360,-0.384757,nan
1bcu,1bcu_33,1.200,-0.815136,nan
1bcu,1bcu_334,0.630,-0.253088,nan
1bcu,1bcu_362,0.590,-0.796583,nan
1bcu,1bcu_397,0.660,-0.520549,nan
1bcu,1bcu_406,0.870,-0.554878,nan
1bcu,1bcu_424,1.830,-2.294075,nan
1bcu,1bcu_442,1.960,-1.053941,nan
1bcu,1bcu_451,3.560,-1.858019,nan
1bcu,1bcu_454,4.570,-3.590083,nan
1bcu,1bcu_462,2.530,-0.874067,nan
1bcu,1bcu_469,2.570,-2.320946,nan
1bcu,1bcu_473,2.560,-2.041261,nan
1bcu,1bcu_479,1.440,-0.452605,nan
1bcu,1bcu_483,2.150,-1.305032,nan
1bcu,1bcu_495,1.780,-1.807783,nan
1bcu,1bcu_564,6.110,-5.522826,nan
1bcu,1bcu_585,5.890,-5.077682,nan
1bcu,1bcu_591,4.490,-4.177067,nan
1bcu,1bcu_595,3.320,-2.603411,nan
1bcu,1bcu_608,6.860,-6.133730,nan
1bcu,1bcu_617,2.900,-2.013095,nan
1bcu,1bcu_634,2.550,-1.656969,nan
1bcu,1bcu_653,3.250,-2.636885,nan
1bcu,1bcu_661,2.080,-1.135720,nan
1bcu,1bcu_684,0.920,-0.789331,nan
1bcu,1bcu_695,3.450,-2.362465,nan
1bcu,1bcu_701,1.860,-0.698425,nan
1bcu,1bcu_703,0.610,-0.703788,nan
1bcu,1bcu_708,8.320,-6.309831,nan
1bcu,1bcu_712,8.210,-7.002663,nan
1bcu,1bcu_715,6.420,-4.570795,nan
1bcu,1bcu_717,7.050,-5.881811,nan
1bcu,1bcu_718,9.180,-7.755690,nan
1bcu,1bcu_720,4.760,-2.431231,nan
1bcu,1bcu_725,6.310,-4.286052,nan
1bcu,1bcu_729,5.070,-3.785037,nan
1bcu,1bcu_738,6.500,-5.089700,nan
1bcu,1bcu_741,8.390,-7.608961,nan
1bcu,1bcu_742,7.620,-6.895972,nan
1bcu,1bcu_745,7.580,-5.858925,nan
1bcu,1bcu_749,7.820,-6.380330,nan
1bcu,1bcu_752,6.430,-5.493318,nan
1bcu,1bcu_753,9.220,-7.911571,nan
1bcu,1bcu_754,8.100,-6.325567,nan
1bcu,1bcu_756,6.010,-3.474329,nan
1bcu,1bcu_758,8.420,-7.694655,nan
1bcu,1bcu_761,8.500,-6.538849,nan
1bcu,1bcu_764,8.800,-6.720307,nan
1bcu,1bcu_765,9.970,-8.119637,nan
1bcu,1bcu_772,7.130,-6.413286,nan
1bcu,1bcu_773,9.200,-7.816106,nan
1bcu,1bcu_777,9.120,-7.364470,nan
1bcu,1bcu_778,9.890,-8.460360,nan
1bcu,1bcu_782,9.550,-7.981837,nan
1bcu,1bcu_788,9.650,-7.804862,nan
1bcu,1bcu_790,9.390,-8.324610,nan
1bcu,1bcu_803,2.070,-0.924314,nan
1bcu,1bcu_806,0.710,-0.456432,nan
1bcu,1bcu_813,7.670,-6.351310,nan
1bcu,1bcu_825,1.240,-0.867996,nan
1bcu,1bcu_828,3.520,-1.889949,nan
1bcu,1bcu_829,3.820,-2.787620,nan
1bcu,1bcu_843,6.520,-6.698823,nan
1bcu,1bcu_850,7.670,-5.477099,nan
1bcu,1bcu_852,2.220,-1.055375,nan
1bcu,1bcu_855,6.790,-5.706492,nan
1bcu,1bcu_862,9.040,-7.400652,nan
1bcu,1bcu_869,4.130,-2.447743,nan
1bcu,1bcu_878,5.730,-4.758147,nan
1bcu,1bcu_881,7.740,-6.232767,nan
1bcu,1bcu_885,5.100,-4.160010,nan
1bcu,1bcu_886,5.710,-5.097152,nan
1bcu,1bcu_887,4.260,-3.300304,nan
1bcu,1bcu_888,5.260,-3.304862,nan
1bcu,1bcu_890,4.300,-2.869690,nan
1bcu,1bcu_893,8.620,-8.390910,nan
1bcu,1bcu_898,5.450,-3.259420,nan
1bcu,1bcu_903,1.580,-1.103244,nan
1bcu,1bcu_915,7.970,-5.927225,nan
1bcu,1bcu_919,3.860,-1.468531,nan
1bcu,1bcu_920,3.430,-2.239430,nan
1bcu,1bcu_923,0.750,-0.700016,nan
1bcu,1bcu_931,7.490,-7.496928,nan
1bcu,1bcu_933,5.120,-4.894791,nan
1bcu,1bcu_939,4.450,-3.536573,nan
1bcu,1bcu_949,3.250,-2.890304,nan
1bcu,1bcu_967,4.740,-2.741318,nan
1bcu,1bcu_971,8.050,-8.308866,nan
1bcu,1bcu_977,4.690,-3.755549,nan
1bcu,1bcu_980,5.750,-4.526998,nan
1bcu,1bcu_981,2.980,-1.634120,nan
1bcu,1bcu_983,4.690,-3.063689,nan
1bcu,1bcu_984,8.420,-7.525988,nan
1bcu,1bcu_989,5.640,-4.223512,nan
1bcu,1bcu_991,6.660,-5.545969,nan
1bcu,1bcu_996,1.920,-0.846557,nan
1bzc,1bzc_101,5.240,-1.725055,nan
1bzc,1bzc_111,4.980,-1.894167,nan
1bzc,1bzc_142,1.300,-0.546258,nan
1bzc,1bzc_190,0.680,-0.681964,nan
1bzc,1bzc_217,0.750,-0.802581,nan
1bzc,1bzc_223,0.770,-0.923124,nan
1bzc,1bzc_225,1.010,-0.664872,nan
1bzc,1bzc_260,2.010,-1.052399,nan
1bzc,1bzc_265,0.700,-1.209155,nan
1bzc,1bzc_300,0.760,-0.588905,nan
1bzc,1bzc_323,0.740,-0.645080,nan
1bzc,1bzc_375,0.690,-0.561584,nan
1bzc,1bzc_409,8.420,-1.671712,nan
1bzc,1bzc_412,5.630,-3.634498,nan
1bzc,1bzc_414,7.550,-1.194488,nan
1bzc,1bzc_427,5.290,-3.066348,nan
1bzc,1bzc_43,0.830,-0.474788,nan
1bzc,1bzc_439,5.750,-2.724743,nan
1bzc,1bzc_440,4.880,-2.410002,nan
1bzc,1bzc_443,8.240,-4.200617,nan
1bzc,1bzc_449,7.590,-1.765630,nan
1bzc,1bzc_461,2.980,-1.028762,nan
1bzc,1bzc_463,8.030,-2.747655,nan
1bzc,1bzc_464,5.340,-2.741372,nan
1bzc,1bzc_466,1.990,-1.596715,nan
1bzc,1bzc_469,3.030,-1.036436,nan
1bzc,1bzc_473,5.260,-2.238431,nan
1bzc,1bzc_481,3.380,-1.938196,nan
1bzc,1bzc_487,4.600,-1.900832,nan
1bzc,1bzc_502,1.750,-1.374812,nan
1bzc,1bzc_504,1.400,-1.345703,nan
1bzc,1bzc_522,3.160,-0.916279,nan
1bzc,1bzc_524,2.610,-1.129142,nan
1bzc,1bzc_526,1.760,-1.474996,nan
1bzc,1bzc_527,0.960,-1.128116,nan
1bzc,1bzc_530,1.490,-0.787748,nan
1bzc,1bzc_539,1.750,-2.322455,nan
1bzc,1bzc_546,2.880,-0.863736,nan
1bzc,1bzc_549,3.190,-1.692524,nan
1bzc,1bzc_556,1.770,-1.664976,nan
1bzc,1bzc_558,2.770,-1.667142,nan
1bzc,1bzc_566,7.260,-1.090167,nan
1bzc,1bzc_577,2.020,-1.351285,nan
1bzc,1bzc_579,3.130,-1.966629,nan
1bzc,1bzc_588,2.120,-2.229854,nan
1bzc,1bzc_592,2.620,-2.677943,nan
1bzc,1bzc_593,1.710,-1.195678,nan
1bzc,1bzc_597,2.890,-1.761260,nan
1bzc,1bzc_608,9.650,-6.087031,nan
1bzc,1bzc_611,5.640,-2.316141,nan
1bzc,1bzc_614,2.740,-3.194511,nan
1bzc,1bzc_615,6.340,-7.227096,nan
1bzc,1bzc_620,7.190,-8.435955,nan
1bzc,1bzc_622,6.480,-3.356547,nan
1bzc,1bzc_625,3.300,-3.112535,nan
1bzc,1bzc_629,3.240,-2.958614,nan
1bzc,1bzc_633,3.010,-3.448255,nan
1bzc,1bzc_644,6.810,-5.060279,nan
1bzc,1bzc_651,6.250,-2.647073,nan
1bzc,1bzc_652,6.780,-3.763675,nan
1bzc,1bzc_659,9.030,-6.081588,nan
1bzc,1bzc_660,8.500,-7.964404,nan
1bzc,1bzc_664,7.730,-4.948826,nan
1bzc,1bzc_666,7.350,-1.481141,nan
1bzc,1bzc_669,3.390,-1.332456,nan
1bzc,1bzc_670,7.210,-5.188915,nan
1bzc,1bzc_671,6.550,-4.614050,nan
1bzc,1bzc_674,5.750,-1.954324,nan
1bzc,1bzc_677,4.030,-1.882794,nan
1bzc,1bzc_681,5.840,-6.442523,nan
1bzc,1bzc_682,7.890,-7.379951,nan
1bzc,1bzc_686,8.520,-5.383352,nan
1bzc,1bzc_688,8.710,-3.871249,nan
1bzc,1bzc_690,6.480,-4.979515,nan
1bzc,1bzc_694,5.400,-3.456810,nan
1bzc,1bzc_700,7.090,-4.372166,nan
1bzc,1bzc_709,0.680,-0.893669,nan
1bzc,1bzc_778,7.270,-0.399059,nan
1bzc,1bzc_963,3.030,-0.569737,nan
1c5z,1c5z_247,0.610,-0.660928,nan
1c5z,1c5z_258,0.920,-0.873557,nan
1c5z,1c5z_3,0.400,-0.704111,nan
1c5z,1c5z_402,0.870,-0.667362,nan
1c5z,1c5z_415,2.670,-1.905024,nan
1c5z,1c5z_425,1.200,-1.536659,nan
1c5z,1c5z_427,0.920,-1.380998,nan
1c5z,1c5z_431,1.110,-0.724718,nan
1c5z,1c5z_438,2.900,-1.414118,nan
1c5z,1c5z_449,0.720,-1.057702,nan
1c5z,1c5z_452,0.770,-0.535597,nan
1c5z,1c5z_460,1.660,-1.333111,nan
1c5z,1c5z_465,0.970,-1.402549,nan
1c5z,1c5z_482,1.870,-1.535943,nan
1c5z,1c5z_509,6.500,-5.544048,nan
1c5z,1c5z_516,6.770,-4.332843,nan
1c5z,1c5z_519,2.740,-1.987463,nan
1c5z,1c5z_520,4.730,-4.055558,nan
1c5z,1c5z_530,1.330,-0.834600,nan
1c5z,1c5z_536,7.120,-5.017672,nan
1c5z,1c5z_537,2.810,-0.737518,nan
1c5z,1c5z_542,5.430,-3.493404,nan
1c5z,1c5z_544,5.280,-4.355496,nan
1c5z,1c5z_546,3.740,-1.837834,nan
1c5z,1c5z_556,3.940,-2.284599,nan
1c5z,1c5z_558,3.630,-1.645549,nan
1c5z,1c5z_563,3.980,-3.053831,nan
1c5z,1c5z_564,3.160,-1.381911,nan
1c5z,1c5z_577,1.710,-1.008530,nan
1c5z,1c5z_583,6.860,-4.461309,nan
1c5z,1c5z_586,2.110,-1.067522,nan
1c5z,1c5z_590,5.140,-3.838430,nan
1c5z,1c5z_593,3.440,-1.924794,nan
1c5z,1c5z_596,4.780,-3.557638,nan
1c5z,1c5z_607,1.500,-1.433592,nan
1c5z,1c5z_613,2.120,-1.847295,nan
1c5z,1c5z_627,0.960,-0.835180,nan
1c5z,1c5z_642,1.330,-0.856342,nan
1c5z,1c5z_661,2.510,-1.135324,nan
1c5z,1c5z_665,1.460,-1.561180,nan
1c5z,1c5z_698,2.040,-1.349643,nan
1c5z,1c5z_700,1.460,-1.509693,nan
1c5z,1c5z_711,4.440,-2.427701,nan
1c5z,1c5z_715,5.330,-3.010779,nan
1c5z,1c5z_722,6.900,-5.272306,nan
1c5z,1c5z_733,7.080,-5.518250,nan
1c5z,1c5z_734,3.500,-2.344604,nan
1c5z,1c5z_738,6.400,-4.067150,nan
1c5z,1c5z_739,7.050,-5.795333,nan
1c5z,1c5z_741,5.850,-4.051254,nan
1c5z,1c5z_743,7.120,-5.637754,nan
1c5z,1c5z_753,5.800,-4.666635,nan
1c5z,1c5z_754,6.020,-4.141499,nan
1c5z,1c5z_759,4.750,-3.424749,nan
1c5z,1c5z_761,6.740,-5.536655,nan
1c5z,1c5z_763,6.840,-5.343616,nan
1c5z,1c5z_765,7.860,-5.830597,nan
1c5z,1c5z_766,7.590,-5.751254,nan
1c5z,1c5z_776,2.190,-1.843370,nan
1c5z,1c5z_781,5.450,-3.588344,nan
1c5z,1c5z_790,4.780,-2.330906,nan
1c5z,1c5z_8,0.450,-0.743973,nan
1c5z,1c5z_804,4.110,-2.996413,nan
1c5z,1c5z_805,3.170,-2.141257,nan
1c5z,1c5z_811,3.920,-2.585684,nan
1c5z,1c5z_826,5.000,-3.796468,nan
1c5z,1c5z_828,5.040,-3.644956,nan
1c5z,1c5z_829,7.080,-5.887310,nan
1c5z,1c5z_836,7.000,-5.657956,nan
1c5z,1c5z_839,2.990,-2.413205,nan
1c5z,1c5z_840,6.700,-5.233929,nan
1c5z,1c5z_844,4.800,-3.674538,nan
1c5z,1c5z_862,5.830,-4.279332,nan
1c5z,1c5z_892,4.770,-2.682896,nan
1c5z,1c5z_898,5.200,-2.955907,nan
1c5z,1c5z_931,3.860,-1.911531,nan
1c5z,1c5z_937,7.080,-5.445789,nan
1c5z,1c5z_953,7.030,-5.786962,nan
1c5z,1c5z_955,7.210,-5.686361,nan
1c5z,1c5z_959,4.240,-3.513287,nan
1e66,1e66_158,0.560,-0.250256,nan
1e66,1e66_247,0.710,-0.477802,nan
1e66,1e66_402,0.660,-0.810106,nan
1e66,1e66_404,0.970,-0.300503,nan
1e66,1e66_406,0.860,-1.133322,nan
1e66,1e66_412,1.290,-1.470906,nan
1e66,1e66_419,0.970,-0.899962,nan
1e66,1e66_422,1.500,-0.987314,nan
1e66,1e66_429,1.550,-1.736489,nan
1e66,1e66_440,1.570,-1.742267,nan
1e66,1e66_442,3.970,-3.865736,nan
1e66,1e66_466,1.940,-1.889670,nan
1e66,1e66_467,1.610,-1.699081,nan
1e66,1e66_468,2.900,-2.522005,nan
1e66,1e66_477,2.060,-2.147568,nan
1e66,1e66_483,1.570,-1.926210,nan
1e66,1e66_484,1.510,-1.438229,nan
1e66,1e66_489,4.050,-4.496652,nan
1e66,1e66_495,3.270,-3.221621,nan
1e66,1e66_498,4.300,-4.123708,nan
1e66,1e66_504,3.900,-4.067181,nan
1e66,1e66_505,3.570,-3.589987,nan
1e66,1e66_550,4.330,-4.538682,nan
1e66,1e66_551,5.760,-4.889984,nan
1e66,1e66_552,6.230,-6.960443,nan
1e66,1e66_553,6.450,-6.155749,nan
1e66,1e66_573,6.060,-2.469685,nan
1e66,1e66_574,6.100,-5.301826,nan
1e66,1e66_577,5.600,-6.323051,nan
1e66,1e66_587,2.430,-2.737630,nan
1e66,1e66_589,2.270,-2.170491,nan
1e66,1e66_591,6.880,-7.046557,nan
1e66,1e66_617,4.970,-4.207410,nan
1e66,1e66_633,5.580,-4.692692,nan
1e66,1e66_656,2.770,-4.312089,nan
1e66,1e66_661,2.740,-2.762146,nan
1e66,1e66_678,3.020,-3.423797,nan
1e66,1e66_700,3.370,-3.871299,nan
1e66,1e66_702,5.320,-4.214752,nan
1e66,1e66_712,1.760,-1.225166,nan
1e66,1e66_733,6.200,-6.627270,nan
1e66,1e66_744,4.250,-4.316150,nan
1e66,1e66_746,3.800,-3.768961,nan
1e66,1e66_754,5.230,-3.836315,nan
1e66,1e66_755,5.600,-2.971628,nan
1e66,1e66_761,2.360,-3.212711,nan
1e66,1e66_763,6.260,-3.879040,nan
1e66,1e66_767,3.530,-3.376280,nan
1e66,1e66_768,2.890,-2.294532,nan
1e66,1e66_771,6.060,-3.036058,nan
1e66,1e66_772,6.260,-4.441365,nan
1e66,1e66_774,1.090,-0.533536,nan
1e66,1e66_787,0.600,-0.330840,nan
1e66,1e66_806,4.290,-4.463079,nan
1e66,1e66_807,5.030,-5.541132,nan
1e66,1e66_810,4.760,-5.182644,nan
1e66,1e66_823,6.220,-4.809893,nan
1e66,1e66_841,2.840,-2.976959,nan
1e66,1e66_842,4.770,-3.659280,nan
1e66,1e66_859,3.410,-3.200521,nan
1e66,1e66_860,5.850,-2.472260,nan
1e66,1e66_862,3.890,-4.250475,nan
1e66,1e66_863,2.510,-2.607565,nan
1e66,1e66_865,4.570,-4.225132,nan
1e66,1e66_867,4.390,-4.080482,nan
1e66,1e66_870,5.700,-5.145654,nan
1e66,1e66_891,0.780,-0.334278,nan
1e66,1e66_907,0.850,-1.270286,nan
1e66,1e66_909,0.980,-0.339218,nan
1e66,1e66_921,5.460,-3.838211,nan
1eby,1eby_169,9.110,-8.603381,nan
1eby,1eby_211,0.970,-0.305483,nan
1eby,1eby_217,0.990,-0.899050,nan
1eby,1eby_218,2.340,-1.276421,nan
1eby,1eby_223,0.840,-0.718150,nan
1eby,1eby_231,2.090,-1.340799,nan
1eby,1eby_233,1.830,-0.713763,nan
1eby,1eby_237,2.520,-1.606401,nan
1eby,1eby_238,0.950,-0.742506,nan
1eby,1eby_244,1.200,-0.849019,nan
1eby,1eby_245,2.010,-1.207009,nan
1eby,1eby_255,2.530,-2.124822,nan
1eby,1eby_259,2.570,-2.449798,nan
1eby,1eby_262,1.010,-0.739973,nan
1eby,1eby_265,0.780,-0.632335,nan
1eby,1eby_266,2.030,-1.373151,nan
1eby,1eby_269,0.880,-0.602387,nan
1eby,1eby_271,1.780,-1.232582,nan
1eby,1eby_279,1.870,-0.824864,nan
1eby,1eby_294,1.860,-1.890367,nan
1eby,1eby_295,0.870,-0.914442,nan
1eby,1eby_297,3.360,-1.227921,nan
1eby,1eby_299,0.810,-0.534588,nan
1eby,1eby_326,1.900,-0.918305,nan
1eby,1eby_350,9.690,-8.578225,nan
1eby,1eby_361,0.860,-0.343390,nan
1eby,1eby_364,0.950,-0.581864,nan
1eby,1eby_372,9.300,-8.557012,nan
1eby,1eby_414,3.780,-4.370393,nan
1eby,1eby_416,2.570,-2.749706,nan
1eby,1eby_444,3.950,-4.466348,nan
1eby,1eby_447,2.720,-2.633734,nan
1eby,1eby_453,3.340,-2.838698,nan
1eby,1eby_456,4.570,-5.514122,nan
1eby,1eby_464,4.140,-3.139918,nan
1eby,1eby_470,3.630,-3.838585,nan
1eby,1eby_472,3.000,-2.280589,nan
1eby,1eby_473,3.640,-2.958378,nan
1eby,1eby_477,3.190,-2.910796,nan
1eby,1eby_481,4.940,-2.972831,nan
1eby,1eby_488,4.110,-4.641714,nan
1eby,1eby_490,4.070,-6.514717,nan
1eby,1eby_493,5.950,-6.968606,nan
1eby,1eby_499,3.310,-5.053768,nan
1eby,1eby_503,7.810,-8.490388,nan
1eby,1eby_507,8.970,-8.608802,nan
1eby,1eby_514,5.840,-7.010671,nan
1eby,1eby_517,9.230,-8.512649,nan
1eby,1eby_519,6.000,-6.639222,nan
1eby,1eby_531,5.540,-5.074910,nan
1eby,1eby_532,7.620,-8.569085,nan
1eby,1eby_535,6.950,-7.250292,nan
1eby,1eby_538,4.050,-4.649398,nan
1eby,1eby_540,5.140,-4.388544,nan
1eby,1eby_548,5.420,-6.794048,nan
1eby,1eby_556,6.330,-6.611289,nan
1eby,1eby_563,4.310,-6.025678,nan
1eby,1eby_569,9.790,-8.567109,nan
1eby,1eby_571,4.160,-3.520662,nan
1eby,1eby_572,8.960,-8.178849,nan
1eby,1eby_573,9.440,-8.376754,nan
1eby,1eby_575,7.090,-8.347629,nan
1eby,1eby_576,6.470,-8.303345,nan
1eby,1eby_580,9.200,-8.543621,nan
1eby,1eby_582,7.830,-7.996561,nan
1eby,1eby_584,8.020,-8.570990,nan
1eby,1eby_595,8.640,-8.569380,nan
1eby,1eby_597,7.060,-7.771126,nan
1eby,1eby_600,9.680,-8.602361,nan
1eby,1eby_634,6.490,-7.950590,nan
1eby,1eby_641,8.770,-8.621354,nan
1eby,1eby_645,8.970,-8.592242,nan
1eby,1eby_647,8.550,-8.479969,nan
1eby,1eby_649,7.170,-8.203829,nan
1eby,1eby_658,4.630,-5.308102,nan
1eby,1eby_659,7.660,-7.296343,nan
1eby,1eby_667,6.110,-5.644847,nan
1eby,1eby_673,8.490,-8.593178,nan
1eby,1eby_688,6.710,-6.160639,nan
1eby,1eby_689,6.870,-7.701992,nan
1eby,1eby_694,8.410,-8.566713,nan
1eby,1eby_731,3.120,-1.529140,nan
1eby,1eby_741,6.510,-7.133951,nan
1eby,1eby_751,7.570,-8.392484,nan
1eby,1eby_763,4.940,-4.589527,nan
1eby,1eby_767,7.170,-7.774594,nan
1eby,1eby_769,6.100,-6.978132,nan
1eby,1eby_770,5.020,-3.888442,nan
1eby,1eby_771,9.270,-8.559526,nan
1eby,1eby_772,5.360,-3.263964,nan
1eby,1eby_773,8.410,-8.582508,nan
1eby,1eby_774,5.980,-5.053967,nan
1eby,1eby_777,9.300,-8.571877,nan
1eby,1eby_779,7.250,-8.348183,nan
1eby,1eby_791,5.730,-5.906409,nan
1eby,1eby_792,6.300,-6.879996,nan
1eby,1eby_803,1.780,-1.525137,nan
1eby,1eby_813,1.740,-1.113503,nan
1eby,1eby_826,3.010,-1.594834,nan
1eby,1eby_848,1.500,-1.376979,nan
1g2k,1g2k_209,1.050,-1.129918,nan
1g2k,1g2k_225,0.700,-1.193389,nan
1g2k,1g2k_242,1.130,-1.252680,nan
1g2k,1g2k_247,0.640,-0.537937,nan
1g2k,1g2k_248,0.990,-1.114190,nan
1g2k,1g2k_265,0.690,-0.902431,nan
1g2k,1g2k_271,0.510,-0.837379,nan
1g2k,1g2k_283,1.010,-0.793999,nan
1g2k,1g2k_290,1.240,-1.059050,nan
1g2k,1g2k_294,0.960,-1.029539,nan
1g2k,1g2k_295,1.170,-1.415426,nan
1g2k,1g2k_306,2.670,-0.784257,nan
1g2k,1g2k_328,0.540,-0.825135,nan
1g2k,1g2k_403,2.840,-2.645516,nan
1g2k,1g2k_404,4.060,-2.031171,nan
1g2k,1g2k_408,3.690,-2.142126,nan
1g2k,1g2k_417,2.550,-2.892121,nan
1g2k,1g2k_420,3.870,-5.358234,nan
1g2k,1g2k_436,5.040,-2.083603,nan
1g2k,1g2k_454,6.930,-4.489944,nan
1g2k,1g2k_456,4.330,-2.841611,nan
1g2k,1g2k_458,5.040,-6.893264,nan
1g2k,1g2k_460,3.650,-4.664381,nan
1g2k,1g2k_462,4.470,-3.500277,nan
1g2k,1g2k_466,4.190,-6.182553,nan
1g2k,1g2k_467,4.580,-5.400654,nan
1g2k,1g2k_468,3.440,-2.708806,nan
1g2k,1g2k_469,2.570,-3.109491,nan
1g2k,1g2k_473,5.800,-6.436088,nan
1g2k,1g2k_475,2.830,-3.801286,nan
1g2k,1g2k_482,2.960,-2.123870,nan
1g2k,1g2k_487,5.950,-7.819797,nan
1g2k,1g2k_497,3.210,-4.158557,nan
1g2k,1g2k_502,3.760,-2.338514,nan
1g2k,1g2k_504,2.180,-1.897794,nan
1g2k,1g2k_516,6.050,-7.529028,nan
1g2k,1g2k_52,0.750,-1.178337,nan
1g2k,1g2k_520,6.860,-6.153521,nan
1g2k,1g2k_521,9.600,-8.597062,nan
1g2k,1g2k_530,6.580,-8.141025,nan
1g2k,1g2k_543,8.750,-8.613890,nan
1g2k,1g2k_546,7.100,-8.099914,nan
1g2k,1g2k_551,7.240,-6.815109,nan
1g2k,1g2k_556,3.600,-2.929965,nan
1g2k,1g2k_565,7.160,-8.544470,nan
1g2k,1g2k_566,5.770,-7.676252,nan
1g2k,1g2k_568,7.330,-8.569815,nan
1g2k,1g2k_569,7.530,-8.459204,nan
1g2k,1g2k_573,7.260,-6.246363,nan
1g2k,1g2k_582,9.060,-8.508995,nan
1g2k,1g2k_584,7.810,-8.443839,nan
1g2k,1g2k_588,9.100,-8.517418,nan
1g2k,1g2k_589,8.880,-8.553331,nan
1g2k,1g2k_590,6.200,-7.545533,nan
1g2k,1g2k_591,6.830,-6.923533,nan
1g2k,1g2k_592,7.320,-8.347808,nan
1g2k,1g2k_597,8.520,-8.567489,nan
1g2k,1g2k_598,6.380,-7.008811,nan
1g2k,1g2k_600,4.440,-5.078694,nan
1g2k,1g2k_606,9.930,-8.534037,nan
1g2k,1g2k_607,6.670,-7.149446,nan
1g2k,1g2k_610,3.300,-2.250996,nan
1g2k,1g2k_617,5.340,-2.530516,nan
1g2k,1g2k_621,3.890,-2.512892,nan
1g2k,1g2k_624,5.900,-4.670818,nan
1g2k,1g2k_625,6.120,-8.349766,nan
1g2k,1g2k_639,2.340,-2.911099,nan
1g2k,1g2k_640,9.370,-8.602951,nan
1g2k,1g2k_644,4.520,-3.837069,nan
1g2k,1g2k_645,2.990,-2.542856,nan
1g2k,1g2k_646,4.510,-2.747799,nan
1g2k,1g2k_649,6.600,-7.458451,nan
1g2k,1g2k_650,5.060,-6.206143,nan
1g2k,1g2k_652,4.450,-5.762396,nan
1g2k,1g2k_654,9.570,-8.546737,nan
1g2k,1g2k_663,8.370,-8.571188,nan
1g2k,1g2k_668,9.310,-8.441259,nan
1g2k,1g2k_670,9.230,-8.529133,nan
1g2k,1g2k_673,9.150,-8.566337,nan
1g2k,1g2k_675,3.220,-3.093146,nan
1g2k,1g2k_677,5.990,-7.372588,nan
1g2k,1g2k_679,7.560,-8.570157,nan
1g2k,1g2k_683,5.120,-2.908477,nan
1g2k,1g2k_684,8.650,-7.726365,nan
1g2k,1g2k_690,7.530,-8.560715,nan
1g2k,1g2k_705,1.730,-0.598437,nan
1g2k,1g2k_736,1.710,-1.519895,nan
1g2k,1g2k_737,1.610,-1.907702,nan
1g2k,1g2k_74,0.600,-0.809926,nan
1g2k,1g2k_762,1.940,-1.651251,nan
1g2k,1g2k_771,2.010,-1.602971,nan
1g2k,1g2k_874,1.390,-1.603545,nan
1g2k,1g2k_900,0.920,-0.958137,nan
1g2k,1g2k_98,4.890,-2.295070,nan
1gpk,1gpk_159,0.760,-0.395449,nan
1gpk,1gpk_182,0.910,-0.864708,nan
1gpk,1gpk_194,0.620,-0.674946,nan
1gpk,1gpk_231,3.410,-1.611587,nan
1gpk,1gpk_239,0.350,-0.452311,nan
1gpk,1gpk_267,1.900,-0.624417,nan
1gpk,1gpk_280,1.960,-0.326285,nan
1gpk,1gpk_328,0.520,-0.155453,nan
1gpk,1gpk_364,0.260,-0.394273,nan
1gpk,1gpk_404,3.650,-1.604845,nan
1gpk,1gpk_407,0.790,-0.532006,nan
1gpk,1gpk_409,0.900,-0.875683,nan
1gpk,1gpk_415,1.620,-0.738689,nan
1gpk,1gpk_419,1.130,-0.351585,nan
1gpk,1gpk_420,1.960,-0.415586,nan
1gpk,1gpk_427,1.130,-0.533074,nan
1gpk,1gpk_428,3.010,-2.415668,nan
1gpk,1gpk_429,1.770,-0.724865,nan
1gpk,1gpk_437,2.130,-0.862513,nan
1gpk,1gpk_450,2.990,-1.748198,nan
1gpk,1gpk_46,0.480,-0.435861,nan
1gpk,1gpk_460,2.110,-0.776868,nan
1gpk,1gpk_463,1.440,-1.569985,nan
1gpk,1gpk_465,0.960,-0.692937,nan
1gpk,1gpk_473,1.850,-1.149568,nan
1gpk,1gpk_477,4.010,-2.189543,nan
1gpk,1gpk_494,3.880,-3.338561,nan
1gpk,1gpk_496,2.690,-1.131523,nan
1gpk,1gpk_548,4.690,-3.744915,nan
1gpk,1gpk_560,4.340,-3.456878,nan
1gpk,1gpk_569,4.240,-4.656909,nan
1gpk,1gpk_571,1.470,-1.482533,nan
1gpk,1gpk_577,5.030,-5.122902,nan
1gpk,1gpk_578,4.580,-4.183459,nan
1gpk,1gpk_583,2.740,-2.143288,nan
1gpk,1gpk_588,3.040,-2.675462,nan
1gpk,1gpk_590,5.430,-5.432388,nan
1gpk,1gpk_600,3.590,-3.486524,nan
1gpk,1gpk_609,3.710,-2.125568,nan
1gpk,1gpk_612,5.100,-5.888638,nan
1gpk,1gpk_625,6.560,-6.925577,nan
1gpk,1gpk_641,4.450,-3.744482,nan
1gpk,1gpk_660,2.160,-1.750291,nan
1gpk,1gpk_666,3.800,-2.394248,nan
1gpk,1gpk_668,2.630,-1.489369,nan
1gpk,1gpk_67,3.730,-1.414147,nan
1gpk,1gpk_683,5.070,-5.683998,nan
1gpk,1gpk_689,4.170,-3.511012,nan
1gpk,1gpk_697,4.510,-3.803690,nan
1gpk,1gpk_700,5.380,-5.813694,nan
1gpk,1gpk_735,4.180,-3.140311,nan
1gpk,1gpk_764,9.250,-8.504972,nan
1gpk,1gpk_779,9.910,-8.557330,nan
1gpk,1gpk_782,5.340,-5.319050,nan
1gpk,1gpk_783,9.910,-8.573540,nan
1gpk,1gpk_785,5.980,-6.035438,nan
1gpk,1gpk_788,5.020,-4.859526,nan
1gpk,1gpk_793,4.380,-4.000923,nan
1gpk,1gpk_794,2.750,-3.011811,nan
1gpk,1gpk_850,5.150,-5.462718,nan
1gpk,1gpk_874,5.160,-4.829694,nan
1gpk,1gpk_95,2.020,-0.571639,nan
1gpk,1gpk_984,2.200,-2.174387,nan
1gpk,1gpk_988,3.130,-2.870151,nan
1gpn,1gpn_109,1.210,-0.590851,nan
1gpn,1gpn_252,0.370,-0.328651,nan
1gpn,1gpn_299,0.350,-0.336060,nan
1gpn,1gpn_330,0.510,-0.354588,nan
1gpn,1gpn_401,0.980,-0.599902,nan
1gpn,1gpn_404,1.470,-0.926902,nan
1gpn,1gpn_405,0.560,-0.358314,nan
1gpn,1gpn_407,0.580,-0.480295,nan
1gpn,1gpn_422,2.280,-1.299441,nan
1gpn,1gpn_435,1.000,-1.246858,nan
1gpn,1gpn_443,0.920,-1.170619,nan
1gpn,1gpn_446,2.850,-2.393810,nan
1gpn,1gpn_451,1.400,-1.774268,nan
1gpn,1gpn_459,3.820,-1.616614,nan
1gpn,1gpn_466,3.700,-1.863953,nan
1gpn,1gpn_471,1.910,-1.355087,nan
1gpn,1gpn_475,1.160,-1.335118,nan
1gpn,1gpn_477,0.950,-1.379711,nan
1gpn,1gpn_481,4.060,-3.263546,nan
1gpn,1gpn_483,3.440,-3.069345,nan
1gpn,1gpn_490,3.710,-2.059638,nan
1gpn,1gpn_549,2.790,-1.837723,nan
1gpn,1gpn_551,4.480,-4.821815,nan
1gpn,1gpn_553,5.580,-5.716488,nan
1gpn,1gpn_555,2.430,-2.732884,nan
1gpn,1gpn_556,4.070,-3.316806,nan
1gpn,1gpn_578,4.420,-4.372280,nan
1gpn,1gpn_589,2.460,-2.147211,nan
1gpn,1gpn_596,3.840,-2.194426,nan
1gpn,1gpn_600,1.090,-1.278758,nan
1gpn,1gpn_61,0.870,-0.835127,nan
1gpn,1gpn_615,2.570,-2.362157,nan
1gpn,1gpn_617,3.350,-1.148397,nan
1gpn,1gpn_638,1.930,-1.758855,nan
1gpn,1gpn_653,3.150,-2.900792,nan
1gpn,1gpn_657,4.260,-4.703895,nan
1gpn,1gpn_658,2.560,-2.458156,nan
1gpn,1gpn_662,1.330,-1.296069,nan
1gpn,1gpn_675,1.850,-1.408654,nan
1gpn,1gpn_682,4.640,-4.093038,nan
1gpn,1gpn_683,3.040,-3.557090,nan
1gpn,1gpn_684,5.410,-5.340667,nan
1gpn,1gpn_689,1.400,-1.705793,nan
1gpn,1gpn_759,3.140,-3.208093,nan
1gpn,1gpn_768,5.510,-5.336975,nan
1gpn,1gpn_775,2.950,-2.237592,nan
1gpn,1gpn_779,2.880,-2.138499,nan
1gpn,1gpn_781,4.180,-3.815825,nan
1gpn,1gpn_782,2.280,-1.716993,nan
1gpn,1gpn_784,6.020,-6.102413,nan
1gpn,1gpn_785,3.080,-2.674895,nan
1gpn,1gpn_786,6.040,-6.099520,nan
1gpn,1gpn_794,4.770,-4.587820,nan
1gpn,1gpn_796,5.370,-5.517043,nan
1gpn,1gpn_868,4.020,-2.807688,nan
1gpn,1gpn_885,4.460,-3.221673,nan
1h22,1h22_1,7.350,-5.727844,nan
1h22,1h22_12,3.060,-1.486415,nan
1h22,1h22_140,2.930,-0.401939,nan
1h22,1h22_156,1.040,-0.776910,nan
1h22,1h22_186,2.910,-0.494944,nan
1h22,1h22_187,1.330,-0.355577,nan
1h22,1h22_197,1.280,-0.454030,nan
1h22,1h22_212,1.930,-0.449627,nan
1h22,1h22_225,4.970,-0.302044,nan
1h22,1h22_231,4.970,-2.334239,nan
1h22,1h22_238,2.560,-0.712559,nan
1h22,1h22_241,3.990,-0.279653,nan
1h22,1h22_261,3.770,-1.244559,nan
1h22,1h22_267,3.710,-0.180081,nan
1h22,1h22_276,3.550,-1.746616,nan
1h22,1h22_288,5.250,-2.605989,nan
1h22,1h22_291,4.130,-0.883339,nan
1h22,1h22_292,1.790,-0.754261,nan
1h22,1h22_300,3.000,-0.253540,nan
1h22,1h22_311,7.240,-4.127316,nan
1h22,1h22_313,7.610,-5.809660,nan
1h22,1h22_319,3.940,-1.727321,nan
1h22,1h22_346,0.640,-0.519983,nan
1h22,1h22_354,5.100,-2.327496,nan
1h22,1h22_363,0.860,-0.299415,nan
1h22,1h22_384,1.950,-1.294531,nan
1h22,1h22_393,2.010,-0.822829,nan
1h22,1h22_4,2.020,-1.071487,nan
1h22,1h22_403,4.390,-2.752201,nan
1h22,1h22_423,3.760,-2.161824,nan
1h22,1h22_442,5.130,-3.219139,nan
1h22,1h22_448,1.960,-2.055783,nan
1h22,1h22_464,4.150,-2.350577,nan
1h22,1h22_471,4.540,-2.475678,nan
1h22,1h22_477,6.330,-6.770864,nan
1h22,1h22_494,4.000,-4.156852,nan
1h22,1h22_506,3.900,-1.669098,nan
1h22,1h22_512,3.270,-1.364204,nan
1h22,1h22_527,4.150,-3.282874,nan
1h22,1h22_535,5.210,-2.450211,nan
1h22,1h22_540,4.780,-2.557840,nan
1h22,1h22_543,6.710,-5.937027,nan
1h22,1h22_565,7.070,-5.750755,nan
1h22,1h22_569,5.010,-1.985423,nan
1h22,1h22_573,5.110,-4.408370,nan
1h22,1h22_590,6.500,-3.697011,nan
1h22,1h22_595,5.620,-4.062314,nan
1h22,1h22_596,7.900,-7.961376,nan
1h22,1h22_606,5.330,-3.433997,nan
1h22,1h22_651,6.710,-5.161853,nan
1h22,1h22_653,6.860,-4.326307,nan
1h22,1h22_679,6.330,-4.624407,nan
1h22,1h22_685,5.790,-3.070288,nan
1h22,1h22_692,6.130,-4.925620,nan
1h22,1h22_716,2.980,-1.064140,nan
1h22,1h22_722,1.670,-0.288238,nan
1h22,1h22_738,2.590,-1.060160,nan
1h22,1h22_75,6.150,-4.118225,nan
1h22,1h22_772,7.390,-6.086662,nan
1h22,1h22_774,5.170,-4.976538,nan
1h22,1h22_777,7.500,-6.239699,nan
1h22,1h22_783,7.480,-7.443177,nan
1h22,1h22_786,6.130,-5.878861,nan
1h22,1h22_788,7.260,-6.712581,nan
1h22,1h22_812,1.920,-0.589998,nan
1h22,1h22_828,4.470,-3.060407,nan
1h22,1h22_852,1.550,-0.842697,nan
1h22,1h22_864,4.940,-3.088100,nan
1h22,1h22_89,7.320,-5.916283,nan
1h22,1h22_918,2.020,-1.225403,nan
1h22,1h22_95,2.960,-1.460737,nan
1h22,1h22_957,6.180,-5.506667,nan
1h23,1h23_12,1.810,-0.801494,nan
1h23,1h23_138,6.250,-4.565023,nan
1h23,1h23_140,6.190,-2.981491,nan
1h23,1h23_163,2.260,-1.598502,nan
1h23,1h23_185,1.180,-1.042581,nan
1h23,1h23_198,2.850,-1.125586,nan
1h23,1h23_205,3.710,-1.336086,nan
1h23,1h23_209,5.730,-2.617645,nan
1h23,1h23_221,5.120,-0.608068,nan
1h23,1h23_238,2.910,-0.183967,nan
1h23,1h23_24,3.990,-0.894042,nan
1h23,1h23_242,4.680,-2.973294,nan
1h23,1h23_253,3.650,-1.107198,nan
1h23,1h23_262,4.420,-2.013226,nan
1h23,1h23_277,5.720,-3.678003,nan
1h23,1h23_296,4.890,-1.551130,nan
1h23,1h23_304,1.840,-0.985832,nan
1h23,1h23_335,1.860,-0.244528,nan
1h23,1h23_347,0.890,-0.636347,nan
1h23,1h23_370,7.490,-7.265284,nan
1h23,1h23_377,7.400,-6.981923,nan
1h23,1h23_403,5.800,-4.654719,nan
1h23,1h23_425,6.660,-6.536073,nan
1h23,1h23_43,1.380,-0.626465,nan
1h23,1h23_432,3.950,-2.026767,nan
1h23,1h23_438,5.200,-3.291662,nan
1h23,1h23_451,4.110,-2.144273,nan
1h23,1h23_471,2.990,-1.515801,nan
1h23,1h23_476,2.940,-2.398586,nan
1h23,1h23_496,5.950,-3.593420,nan
1h23,1h23_5,2.810,-0.485373,nan
1h23,1h23_549,6.450,-4.484415,nan
1h23,1h23_552,5.920,-6.137407,nan
1h23,1h23_579,4.600,-2.594236,nan
1h23,1h23_584,4.000,-3.170057,nan
1h23,1h23_588,7.010,-5.520399,nan
1h23,1h23_589,6.970,-5.681790,nan
1h23,1h23_590,4.170,-3.980973,nan
1h23,1h23_597,6.230,-5.389387,nan
1h23,1h23_621,4.260,-4.314885,nan
1h23,1h23_640,5.500,-5.493293,nan
1h23,1h23_641,6.120,-1.636943,nan
1h23,1h23_643,9.640,-8.544028,nan
1h23,1h23_648,7.220,-8.260202,nan
1h23,1h23_660,4.340,-4.171043,nan
1h23,1h23_663,5.640,-4.043896,nan
1h23,1h23_667,7.950,-8.180729,nan
1h23,1h23_669,6.290,-3.064934,nan
1h23,1h23_676,7.950,-8.269459,nan
1h23,1h23_678,6.120,-7.737299,nan
1h23,1h23_686,7.520,-5.969819,nan
1h23,1h23_69,4.900,-0.263915,nan
1h23,1h23_699,3.860,-2.801507,nan
1h23,1h23_728,1.770,-0.676905,nan
1h23,1h23_732,1.930,-0.873309,nan
1h23,1h23_77,6.110,-2.073465,nan
1h23,1h23_783,1.220,-0.423984,nan
1h23,1h23_8,3.950,-2.233069,nan
1h23,1h23_81,2.930,-1.117125,nan
1h23,1h23_815,1.150,-0.355290,nan
1h23,1h23_818,2.650,-1.017540,nan
1h23,1h23_82,3.840,-0.358205,nan
1h23,1h23_88,5.140,-1.417242,nan
1h23,1h23_90,1.610,-0.227848,nan
1h23,1h23_913,2.330,-0.901403,nan
1h23,1h23_921,3.960,-2.223314,nan
1h23,1h23_964,4.150,-2.121550,nan
1h23,1h23_98,2.730,-0.396439,nan
1h23,1h23_99,3.970,-0.869491,nan
1k1i,1k1i_108,5.050,-2.489931,nan
1k1i,1k1i_115,1.640,-0.705297,nan
1k1i,1k1i_159,6.060,-2.062529,nan
1k1i,1k1i_167,4.180,-1.506293,nan
1k1i,1k1i_171,1.650,-0.712822,nan
1k1i,1k1i_172,4.900,-1.834806,nan
1k1i,1k1i_201,3.340,-2.901104,nan
1k1i,1k1i_204,1.780,-0.692137,nan
1k1i,1k1i_207,6.130,-6.151287,nan
1k1i,1k1i_214,5.080,-0.897453,nan
1k1i,1k1i_247,5.700,-3.089507,nan
1k1i,1k1i_250,4.900,-2.934412,nan
1k1i,1k1i_252,5.340,-3.649726,nan
1k1i,1k1i_253,3.750,-1.018285,nan
1k1i,1k1i_258,2.340,-1.592651,nan
1k1i,1k1i_260,3.670,-1.332331,nan
1k1i,1k1i_273,4.260,-2.029450,nan
1k1i,1k1i_275,5.200,-1.291987,nan
1k1i,1k1i_282,6.050,-1.764193,nan
1k1i,1k1i_287,4.020,-1.771842,nan
1k1i,1k1i_295,1.290,-1.387283,nan
1k1i,1k1i_306,4.520,-1.869694,nan
1k1i,1k1i_308,3.940,-0.869400,nan
1k1i,1k1i_355,5.150,-1.800539,nan
1k1i,1k1i_357,4.120,-0.674564,nan
1k1i,1k1i_358,4.850,-0.337823,nan
1k1i,1k1i_36,2.300,-1.460381,nan
1k1i,1k1i_37,2.230,-1.568097,nan
1k1i,1k1i_377,5.350,-1.282241,nan
1k1i,1k1i_379,4.520,-2.026156,nan
1k1i,1k1i_384,2.000,-0.641906,nan
1k1i,1k1i_385,7.410,-3.783997,nan
1k1i,1k1i_40,3.300,-1.025471,nan
1k1i,1k1i_401,5.460,-3.130849,nan
1k1i,1k1i_404,5.870,-3.468793,nan
1k1i,1k1i_406,4.790,-1.987208,nan
1k1i,1k1i_430,5.000,-4.269457,nan
1k1i,1k1i_434,5.560,-2.464164,nan
1k1i,1k1i_447,4.220,-4.286204,nan
1k1i,1k1i_45,2.670,-0.921537,nan
1k1i,1k1i_464,7.220,-2.358021,nan
1k1i,1k1i_475,6.210,-4.512841,nan
1k1i,1k1i_495,3.000,-3.257682,nan
1k1i,1k1i_496,6.840,-3.633214,nan
1k1i,1k1i_513,7.090,-6.616739,nan
1k1i,1k1i_521,6.620,-4.692947,nan
1k1i,1k1i_523,6.630,-4.694583,nan
1k1i,1k1i_55,3.810,-2.454667,nan
1k1i,1k1i_550,7.960,-7.946440,nan
1k1i,1k1i_563,4.300,-4.111046,nan
1k1i,1k1i_565,7.470,-6.393094,nan
1k1i,1k1i_567,7.270,-5.090304,nan
1k1i,1k1i_571,6.140,-4.574898,nan
1k1i,1k1i_576,7.780,-8.527670,nan
1k1i,1k1i_581,5.040,-4.976556,nan
1k1i,1k1i_600,8.020,-8.127564,nan
1k1i,1k1i_620,8.370,-5.023703,nan
1k1i,1k1i_650,5.010,-3.551012,nan
1k1i,1k1i_666,7.020,-4.868859,nan
1k1i,1k1i_675,7.920,-6.925745,nan
1k1i,1k1i_68,3.720,-0.345700,nan
1k1i,1k1i_69,2.690,-0.944889,nan
1k1i,1k1i_692,5.640,-5.503930,nan
1k1i,1k1i_693,6.280,-5.205482,nan
1k1i,1k1i_698,7.510,-6.036168,nan
1k1i,1k1i_701,2.680,-1.267067,nan
1k1i,1k1i_702,3.030,-0.946713,nan
1k1i,1k1i_703,1.330,-1.094933,nan
1k1i,1k1i_71,1.970,-0.988106,nan
1k1i,1k1i_723,2.850,-1.279226,nan
1k1i,1k1i_79,1.990,-0.646178,nan
1k1i,1k1i_826,2.980,-0.979568,nan
1k1i,1k1i_871,6.120,-3.540132,nan
1k1i,1k1i_896,1.650,-0.838520,nan
1k1i,1k1i_900,1.500,-0.644164,nan
1k1i,1k1i_919,0.950,-0.841270,nan
1k1i,1k1i_938,1.300,-0.750844,nan
1k1i,1k1i_942,3.880,-1.685689,nan
1k1i,1k1i_97,1.960,-0.513502,nan
1lpg,1lpg_106,4.050,-3.104358,nan
1lpg,1lpg_122,8.160,-6.223470,nan
1lpg,1lpg_149,3.620,-2.989582,nan
1lpg,1lpg_16,5.160,-6.038745,nan
1lpg,1lpg_198,7.530,-5.009937,nan
1lpg,1lpg_212,1.610,-0.668840,nan
1lpg,1lpg_227,0.960,-0.584836,nan
1lpg,1lpg_237,1.010,-0.870304,nan
1lpg,1lpg_239,3.470,-1.332643,nan
1lpg,1lpg_244,0.750,-0.497500,nan
1lpg,1lpg_249,5.160,-2.674923,nan
1lpg,1lpg_253,0.780,-0.962471,nan
1lpg,1lpg_254,0.740,-0.711141,nan
1lpg,1lpg_256,0.980,-0.744660,nan
1lpg,1lpg_262,1.620,-0.763585,nan
1lpg,1lpg_266,1.020,-0.853424,nan
1lpg,1lpg_273,2.750,-1.306386,nan
1lpg,1lpg_282,0.870,-0.988015,nan
1lpg,1lpg_285,0.760,-0.567453,nan
1lpg,1lpg_286,0.660,-0.789329,nan
1lpg,1lpg_290,1.370,-0.932300,nan
1lpg,1lpg_296,2.710,-1.601772,nan
1lpg,1lpg_311,6.160,-3.434700,nan
1lpg,1lpg_319,4.220,-2.641310,nan
1lpg,1lpg_320,5.240,-3.127191,nan
1lpg,1lpg_323,9.520,-8.511555,nan
1lpg,1lpg_327,6.190,-4.781549,nan
1lpg,1lpg_348,8.580,-8.277001,nan
1lpg,1lpg_398,3.270,-1.528867,nan
1lpg,1lpg_403,5.050,-2.504931,nan
1lpg,1lpg_404,4.580,-1.587634,nan
1lpg,1lpg_405,8.500,-2.383965,nan
1lpg,1lpg_407,1.940,-2.198840,nan
1lpg,1lpg_41,9.530,-8.488375,nan
1lpg,1lpg_412,7.140,-1.613464,nan
1lpg,1lpg_420,2.240,-2.155427,nan
1lpg,1lpg_434,1.890,-2.130971,nan
1lpg,1lpg_441,2.170,-2.415849,nan
1lpg,1lpg_444,4.440,-3.534997,nan
1lpg,1lpg_447,4.530,-2.350158,nan
1lpg,1lpg_448,6.730,-3.637847,nan
1lpg,1lpg_451,9.800,-3.383035,nan
1lpg,1lpg_455,4.230,-3.344562,nan
1lpg,1lpg_460,5.750,-2.562280,nan
1lpg,1lpg_462,1.810,-2.402129,nan
1lpg,1lpg_468,9.020,-3.408937,nan
1lpg,1lpg_480,2.560,-3.425072,nan
1lpg,1lpg_488,6.670,-2.302876,nan
1lpg,1lpg_492,4.090,-3.276205,nan
1lpg,1lpg_495,8.560,-5.354160,nan
1lpg,1lpg_497,7.560,-3.682018,nan
1lpg,1lpg_499,9.120,-6.923032,nan
1lpg,1lpg_500,6.770,-2.651932,nan
1lpg,1lpg_514,3.560,-3.934730,nan
1lpg,1lpg_522,7.850,-4.343403,nan
1lpg,1lpg_532,9.410,-7.994123,nan
1lpg,1lpg_538,2.490,-1.699964,nan
1lpg,1lpg_539,7.010,-6.851140,nan
1lpg,1lpg_551,6.490,-7.391259,nan
1lpg,1lpg_552,4.930,-4.416595,nan
1lpg,1lpg_555,8.820,-8.540736,nan
1lpg,1lpg_556,3.390,-4.234329,nan
1lpg,1lpg_559,3.330,-2.768442,nan
1lpg,1lpg_562,9.120,-8.568584,nan
1lpg,1lpg_570,6.030,-5.873356,nan
1lpg,1lpg_575,7.510,-5.159048,nan
1lpg,1lpg_582,7.280,-4.272280,nan
1lpg,1lpg_585,9.300,-6.544763,nan
1lpg,1lpg_589,2.120,-3.066207,nan
1lpg,1lpg_599,9.970,-8.557837,nan
1lpg,1lpg_61,3.540,-2.392157,nan
1lpg,1lpg_619,6.300,-3.389455,nan
1lpg,1lpg_623,5.560,-7.088791,nan
1lpg,1lpg_639,8.180,-3.967601,nan
1lpg,1lpg_642,8.430,-7.692198,nan
1lpg,1lpg_645,6.050,-5.272306,nan
1lpg,1lpg_646,9.140,-8.541018,nan
1lpg,1lpg_656,8.190,-8.153713,nan
1lpg,1lpg_665,8.670,-8.267723,nan
1lpg,1lpg_670,7.840,-7.512201,nan
1lpg,1lpg_678,5.870,-5.218328,nan
1lpg,1lpg_679,7.820,-8.244168,nan
1lpg,1lpg_687,8.390,-8.451276,nan
1lpg,1lpg_695,6.000,-5.300460,nan
1lpg,1lpg_703,0.750,-0.651391,nan
1lpg,1lpg_733,1.290,-1.172245,nan
1lpg,1lpg_734,0.960,-1.452351,nan
1lpg,1lpg_740,4.970,-6.463184,nan
1lpg,1lpg_75,7.460,-6.143674,nan
1lpg,1lpg_750,5.010,-6.332719,nan
1lpg,1lpg_751,6.000,-5.720676,nan
1lpg,1lpg_791,3.000,-3.829890,nan
1lpg,1lpg_86,1.860,-0.934400,nan
1lpg,1lpg_866,6.180,-3.195567,nan
1lpg,1lpg_885,3.860,-5.241822,nan
1lpg,1lpg_925,3.730,-0.870214,nan
1lpg,1lpg_958,4.120,-3.093027,nan
1lpg,1lpg_972,2.850,-1.975473,nan
1lpg,1lpg_98,3.950,-2.894181,nan
1lpg,1lpg_994,2.450,-1.015951,nan
1mq6,1mq6_110,5.980,-3.090547,nan
1mq6,1mq6_126,9.580,-7.440834,nan
1mq6,1mq6_129,0.700,-0.372267,nan
1mq6,1mq6_134,6.780,-5.691562,nan
1mq6,1mq6_140,6.000,-5.495357,nan
1mq6,1mq6_145,7.110,-3.443515,nan
1mq6,1mq6_156,6.090,-3.602424,nan
1mq6,1mq6_174,7.050,-6.560282,nan
1mq6,1mq6_200,6.080,-3.290888,nan
1mq6,1mq6_205,1.000,-0.670205,nan
1mq6,1mq6_226,0.890,-0.373225,nan
1mq6,1mq6_266,2.060,-0.423065,nan
1mq6,1mq6_369,4.960,-4.073846,nan
1mq6,1mq6_381,5.560,-3.349295,nan
1mq6,1mq6_390,7.120,-8.446978,nan
1mq6,1mq6_391,2.160,-0.791580,nan
1mq6,1mq6_394,9.360,-6.382949,nan
1mq6,1mq6_406,1.340,-1.189283,nan
1mq6,1mq6_409,2.010,-1.879344,nan
1mq6,1mq6_411,2.480,-0.825389,nan
1mq6,1mq6_416,1.990,-1.015741,nan
1mq6,1mq6_419,1.710,-1.747549,nan
1mq6,1mq6_431,3.910,-2.662160,nan
1mq6,1mq6_432,7.610,-2.449896,nan
1mq6,1mq6_435,3.100,-1.416466,nan
1mq6,1mq6_441,7.510,-3.912348,nan
1mq6,1mq6_451,4.400,-3.123957,nan
1mq6,1mq6_453,4.450,-2.793839,nan
1mq6,1mq6_46,6.990,-4.176456,nan
1mq6,1mq6_472,8.070,-3.119475,nan
1mq6,1mq6_482,2.870,-2.247876,nan
1mq6,1mq6_486,3.240,-2.715517,nan
1mq6,1mq6_488,6.960,-2.836468,nan
1mq6,1mq6_489,1.650,-1.794609,nan
1mq6,1mq6_509,8.390,-4.583636,nan
1mq6,1mq6_519,5.180,-4.921092,nan
1mq6,1mq6_538,4.740,-2.649197,nan
1mq6,1mq6_541,3.810,-3.096820,nan
1mq6,1mq6_552,5.290,-2.962393,nan
1mq6,1mq6_563,1.600,-1.474039,nan
1mq6,1mq6_578,6.750,-7.169667,nan
1mq6,1mq6_585,8.530,-3.959120,nan
1mq6,1mq6_586,6.930,-2.684563,nan
1mq6,1mq6_596,8.850,-5.109222,nan
1mq6,1mq6_598,6.420,-5.609896,nan
1mq6,1mq6_613,3.570,-3.006871,nan
1mq6,1mq6_630,8.940,-4.676842,nan
1mq6,1mq6_632,7.590,-3.582716,nan
1mq6,1mq6_645,8.280,-3.703166,nan
1mq6,1mq6_662,7.470,-5.489264,nan
1mq6,1mq6_677,9.440,-6.464947,nan
1mq6,1mq6_686,8.570,-2.299464,nan
1mq6,1mq6_690,8.280,-4.279115,nan
1mq6,1mq6_691,9.710,-7.010621,nan
1mq6,1mq6_695,4.700,-3.738155,nan
1mq6,1mq6_722,0.660,-0.504754,nan
1mq6,1mq6_723,0.760,-0.559045,nan
1mq6,1mq6_748,6.240,-4.109465,nan
1mq6,1mq6_750,1.800,-1.119327,nan
1mq6,1mq6_755,8.060,-2.150529,nan
1mq6,1mq6_776,4.270,-3.244973,nan
1mq6,1mq6_777,4.780,-4.119701,nan
1mq6,1mq6_798,0.760,-0.481629,nan
1mq6,1mq6_805,1.470,-0.653883,nan
1mq6,1mq6_848,1.550,-1.271551,nan
1mq6,1mq6_854,5.030,-2.497072,nan
1mq6,1mq6_861,7.630,-4.003812,nan
1mq6,1mq6_882,2.060,-0.507308,nan
1mq6,1mq6_886,0.510,-0.397238,nan
1mq6,1mq6_889,1.860,-0.589544,nan
1mq6,1mq6_891,0.980,-0.467052,nan
1mq6,1mq6_902,1.630,-0.452955,nan
1mq6,1mq6_907,1.000,-0.535776,nan
1mq6,1mq6_909,0.970,-0.578918,nan
1mq6,1mq6_910,2.020,-0.491684,nan
1mq6,1mq6_914,2.770,-1.275193,nan
1mq6,1mq6_920,4.840,-2.444232,nan
1mq6,1mq6_931,4.710,-4.772676,nan
1mq6,1mq6_932,7.150,-1.126798,nan
1mq6,1mq6_933,5.250,-3.197921,nan
1mq6,1mq6_935,3.110,-1.029118,nan
1mq6,1mq6_951,3.720,-2.143747,nan
1mq6,1mq6_956,5.720,-2.791221,nan
1mq6,1mq6_961,4.510,-3.564115,nan
1mq6,1mq6_962,2.320,-1.698739,nan
1mq6,1mq6_967,7.620,-1.655431,nan
1mq6,1mq6_968,5.820,-5.561639,nan
1mq6,1mq6_969,3.690,-3.609319,nan
1mq6,1mq6_970,6.270,-4.555623,nan
1mq6,1mq6_974,3.610,-1.775811,nan
1mq6,1mq6_975,8.190,-2.329742,nan
1mq6,1mq6_976,5.650,-4.358859,nan
1mq6,1mq6_977,2.870,-2.208658,nan
1mq6,1mq6_978,3.250,-1.942735,nan
1nc1,1nc1_103,9.810,-8.570749,nan
1nc1,1nc1_121,9.930,-8.560065,nan
1nc1,1nc1_126,9.630,-8.510805,nan
1nc1,1nc1_13,0.700,-0.463750,nan
1nc1,1nc1_133,9.800,-8.550806,nan
1nc1,1nc1_142,9.910,-8.527549,nan
1nc1,1nc1_144,1.100,-1.003702,nan
1nc1,1nc1_152,9.960,-8.569243,nan
1nc1,1nc1_161,9.920,-8.571819,nan
1nc1,1nc1_172,9.930,-8.568929,nan
1nc1,1nc1_18,0.580,-0.530917,nan
1nc1,1nc1_207,0.790,-0.358560,nan
1nc1,1nc1_275,1.200,-0.684848,nan
1nc1,1nc1_410,2.260,-1.886643,nan
1nc1,1nc1_422,5.320,-1.516571,nan
1nc1,1nc1_427,1.810,-1.134376,nan
1nc1,1nc1_431,1.010,-0.529595,nan
1nc1,1nc1_437,5.130,-2.112792,nan
1nc1,1nc1_441,5.150,-1.700569,nan
1nc1,1nc1_443,1.190,-1.865727,nan
1nc1,1nc1_449,2.190,-2.080676,nan
1nc1,1nc1_473,2.490,-1.981095,nan
1nc1,1nc1_480,4.950,-2.549736,nan
1nc1,1nc1_495,2.840,-2.045119,nan
1nc1,1nc1_498,5.250,-1.447113,nan
1nc1,1nc1_513,6.770,-6.448279,nan
1nc1,1nc1_526,1.850,-1.904903,nan
1nc1,1nc1_527,6.600,-4.399452,nan
1nc1,1nc1_529,2.080,-1.250032,nan
1nc1,1nc1_536,1.140,-1.458312,nan
1nc1,1nc1_538,5.560,-2.434394,nan
1nc1,1nc1_539,5.390,-2.265623,nan
1nc1,1nc1_546,6.740,-7.151870,nan
1nc1,1nc1_550,6.550,-6.198648,nan
1nc1,1nc1_551,4.990,-1.642510,nan
1nc1,1nc1_552,5.790,-5.299564,nan
1nc1,1nc1_558,1.450,-1.418334,nan
1nc1,1nc1_566,2.660,-2.194241,nan
1nc1,1nc1_570,2.190,-1.717681,nan
1nc1,1nc1_573,6.630,-6.791862,nan
1nc1,1nc1_575,1.550,-1.548821,nan
1nc1,1nc1_576,5.000,-1.800706,nan
1nc1,1nc1_585,4.970,-1.987807,nan
1nc1,1nc1_587,6.490,-5.883173,nan
1nc1,1nc1_591,6.090,-5.711607,nan
1nc1,1nc1_596,2.340,-2.294262,nan
1nc1,1nc1_597,6.520,-6.276723,nan
1nc1,1nc1_598,7.600,-7.899276,nan
1nc1,1nc1_6,0.510,-0.642403,nan
1nc1,1nc1_612,5.220,-4.175272,nan
1nc1,1nc1_615,0.950,-1.492552,nan
1nc1,1nc1_62,8.140,-7.966196,nan
1nc1,1nc1_624,7.200,-7.256753,nan
1nc1,1nc1_634,4.950,-3.915878,nan
1nc1,1nc1_643,6.120,-3.486166,nan
1nc1,1nc1_648,6.060,-3.727303,nan
1nc1,1nc1_659,4.980,-1.832874,nan
1nc1,1nc1_661,7.740,-7.554416,nan
1nc1,1nc1_663,7.810,-7.705526,nan
1nc1,1nc1_664,4.910,-4.024806,nan
1nc1,1nc1_665,4.720,-2.290817,nan
1nc1,1nc1_667,5.230,-4.419315,nan
1nc1,1nc1_670,2.110,-1.932339,nan
1nc1,1nc1_685,7.970,-8.073548,nan
1nc1,1nc1_690,4.960,-3.630309,nan
1nc1,1nc1_692,4.180,-2.359803,nan
1nc1,1nc1_695,2.250,-1.213011,nan
1nc1,1nc1_696,5.560,-2.238699,nan
1nc1,1nc1_724,0.330,-0.727486,nan
1nc1,1nc1_739,0.590,-0.613588,nan
1nc1,1nc1_75,1.830,-0.733957,nan
1nc1,1nc1_763,0.930,-0.706761,nan
1nc1,1nc1_853,0.710,-0.409940,nan
1nc1,1nc1_865,0.570,-0.597996,nan
1nc3,1nc3_178,0.510,-0.168721,nan
1nc3,1nc3_408,1.440,-0.965961,nan
1nc3,1nc3_409,0.960,-0.658999,nan
1nc3,1nc3_437,1.560,-2.179122,nan
1nc3,1nc3_442,5.180,-1.804576,nan
1nc3,1nc3_454,0.890,-0.833055,nan
1nc3,1nc3_466,2.250,-1.002063,nan
1nc3,1nc3_471,5.450,-1.552499,nan
1nc3,1nc3_478,2.170,-1.022400,nan
1nc3,1nc3_488,1.730,-1.593918,nan
1nc3,1nc3_490,5.270,-1.155368,nan
1nc3,1nc3_491,2.010,-1.191384,nan
1nc3,1nc3_499,1.890,-1.879799,nan
1nc3,1nc3_501,0.870,-0.808040,nan
1nc3,1nc3_518,1.890,-0.436094,nan
1nc3,1nc3_524,5.730,-5.454459,nan
1nc3,1nc3_525,1.620,-1.631533,nan
1nc3,1nc3_533,0.870,-1.098451,nan
1nc3,1nc3_538,0.970,-0.380246,nan
1nc3,1nc3_551,5.660,-4.281692,nan
1nc3,1nc3_552,2.480,-1.744598,nan
1nc3,1nc3_562,6.240,-3.806772,nan
1nc3,1nc3_563,2.330,-2.131473,nan
1nc3,1nc3_576,1.570,-1.984564,nan
1nc3,1nc3_581,5.880,-2.875889,nan
1nc3,1nc3_583,2.180,-0.637866,nan
1nc3,1nc3_585,4.960,-3.985067,nan
1nc3,1nc3_597,2.030,-1.066030,nan
1nc3,1nc3_598,1.030,-0.886204,nan
1nc3,1nc3_602,3.040,-2.235175,nan
1nc3,1nc3_603,5.080,-4.417974,nan
1nc3,1nc3_614,4.480,-4.731511,nan
1nc3,1nc3_615,5.000,-4.582862,nan
1nc3,1nc3_622,4.760,-4.212365,nan
1nc3,1nc3_625,2.590,-2.450367,nan
1nc3,1nc3_634,3.070,-2.232633,nan
1nc3,1nc3_639,4.850,-2.203328,nan
1nc3,1nc3_646,6.230,-4.342568,nan
1nc3,1nc3_658,7.240,-7.056128,nan
1nc3,1nc3_664,5.440,-4.251027,nan
1nc3,1nc3_665,5.750,-1.845428,nan
1nc3,1nc3_667,1.770,-1.112969,nan
1nc3,1nc3_669,4.510,-4.231335,nan
1nc3,1nc3_681,6.370,-4.507947,nan
1nc3,1nc3_688,3.000,-2.972867,nan
1nc3,1nc3_692,2.370,-0.988604,nan
1nc3,1nc3_695,6.050,-2.692616,nan
1nc3,1nc3_696,5.140,-5.615998,nan
1nc3,1nc3_698,6.150,-4.342534,nan
1nc3,1nc3_699,6.370,-4.774316,nan
1nc3,1nc3_735,1.020,-0.691877,nan
1nc3,1nc3_807,0.800,-0.340467,nan
1nc3,1nc3_814,0.680,-0.316559,nan
1nc3,1nc3_895,0.500,-0.154725,nan
1nc3,1nc3_940,0.680,-0.169205,nan
1nvq,1nvq_402,2.650,-2.679516,nan
1nvq,1nvq_405,0.920,-1.238967,nan
1nvq,1nvq_410,4.940,-3.133200,nan
1nvq,1nvq_412,0.870,-1.083265,nan
1nvq,1nvq_424,3.100,-3.113756,nan
1nvq,1nvq_427,5.010,-2.901765,nan
1nvq,1nvq_431,5.470,-5.042655,nan
1nvq,1nvq_439,5.810,-4.854058,nan
1nvq,1nvq_444,4.850,-3.554957,nan
1nvq,1nvq_446,1.500,-1.392373,nan
1nvq,1nvq_451,4.210,-2.747397,nan
1nvq,1nvq_461,1.900,-1.911710,nan
1nvq,1nvq_464,5.240,-3.364394,nan
1nvq,1nvq_473,2.090,-2.036141,nan
1nvq,1nvq_477,1.350,-1.760295,nan
1nvq,1nvq_481,5.400,-4.215059,nan
1nvq,1nvq_490,4.510,-2.561344,nan
1nvq,1nvq_491,2.120,-2.261904,nan
1nvq,1nvq_498,3.020,-1.939053,nan
1nvq,1nvq_500,3.230,-2.922981,nan
1nvq,1nvq_513,5.760,-3.942850,nan
1nvq,1nvq_522,6.060,-4.282424,nan
1nvq,1nvq_524,1.680,-0.705406,nan
1nvq,1nvq_543,4.530,-1.663123,nan
1nvq,1nvq_548,3.460,-1.991436,nan
1nvq,1nvq_553,2.460,-1.321142,nan
1nvq,1nvq_555,3.450,-2.274433,nan
1nvq,1nvq_559,1.800,-1.935344,nan
1nvq,1nvq_564,6.390,-4.606705,nan
1nvq,1nvq_566,3.020,-3.565146,nan
1nvq,1nvq_573,6.220,-4.144228,nan
1nvq,1nvq_583,4.990,-2.512728,nan
1nvq,1nvq_588,4.220,-4.401570,nan
1nvq,1nvq_600,2.260,-1.692956,nan
1nvq,1nvq_605,2.100,-1.704061,nan
1nvq,1nvq_606,1.660,-1.977335,nan
1nvq,1nvq_632,1.120,-1.771291,nan
1nvq,1nvq_634,2.820,-1.901717,nan
1nvq,1nvq_672,1.230,-1.796424,nan
1nvq,1nvq_674,2.390,-2.062485,nan
1nvq,1nvq_687,3.580,-4.229691,nan
1nvq,1nvq_689,4.660,-3.106512,nan
1nvq,1nvq_692,5.500,-5.662113,nan
1nvq,1nvq_708,0.730,-0.621888,nan
1nvq,1nvq_710,0.210,-0.720743,nan
1nvq,1nvq_723,0.870,-0.917019,nan
1nvq,1nvq_731,1.160,-0.663854,nan
1nvq,1nvq_738,0.460,-0.983072,nan
1nvq,1nvq_740,1.910,-1.318349,nan
1nvq,1nvq_742,4.100,-1.232054,nan
1nvq,1nvq_743,3.930,-0.921549,nan
1nvq,1nvq_745,2.850,-2.917886,nan
1nvq,1nvq_746,4.020,-2.059925,nan
1nvq,1nvq_747,5.850,-2.990056,nan
1nvq,1nvq_752,3.700,-0.999087,nan
1nvq,1nvq_759,6.530,-3.617918,nan
1nvq,1nvq_760,6.540,-3.650498,nan
1nvq,1nvq_761,6.520,-3.617918,nan
1nvq,1nvq_762,6.440,-3.639454,nan
1nvq,1nvq_765,8.840,-7.735255,nan
1nvq,1nvq_766,8.470,-7.423860,nan
1nvq,1nvq_767,5.200,-2.041389,nan
1nvq,1nvq_770,6.930,-5.188047,nan
1nvq,1nvq_771,2.980,-1.084931,nan
1nvq,1nvq_772,9.870,-8.225248,nan
1nvq,1nvq_775,7.560,-6.790055,nan
1nvq,1nvq_776,6.980,-5.311566,nan
1nvq,1nvq_777,5.450,-3.252935,nan
1nvq,1nvq_778,8.660,-8.188971,nan
1nvq,1nvq_783,3.310,-3.057691,nan
1nvq,1nvq_867,0.780,-0.620769,nan
1nvq,1nvq_871,0.850,-0.927108,nan
1nvq,1nvq_885,6.240,-4.411780,nan
1nvq,1nvq_927,0.400,-0.590048,nan
1nvq,1nvq_940,0.240,-0.582292,nan
1o0h,1o0h_105,8.880,-8.456956,nan
1o0h,1o0h_109,9.410,-8.286242,nan
1o0h,1o0h_121,9.340,-8.020856,nan
1o0h,1o0h_122,4.920,-4.758162,nan
1o0h,1o0h_133,6.140,-6.624276,nan
1o0h,1o0h_146,5.080,-5.152939,nan
1o0h,1o0h_150,2.980,-3.596086,nan
1o0h,1o0h_153,5.770,-5.931551,nan
1o0h,1o0h_168,1.860,-1.534133,nan
1o0h,1o0h_172,8.690,-7.509471,nan
1o0h,1o0h_178,7.360,-8.106453,nan
1o0h,1o0h_187,8.390,-7.133354,nan
1o0h,1o0h_194,6.980,-5.420617,nan
1o0h,1o0h_203,6.990,-4.682579,nan
1o0h,1o0h_208,9.900,-8.497615,nan
1o0h,1o0h_209,7.230,-4.895538,nan
1o0h,1o0h_217,8.960,-7.659362,nan
1o0h,1o0h_233,9.590,-8.433221,nan
1o0h,1o0h_251,3.670,-2.076468,nan
1o0h,1o0h_253,1.140,-0.844975,nan
1o0h,1o0h_254,0.730,-0.944800,nan
1o0h,1o0h_263,1.810,-1.749333,nan
1o0h,1o0h_272,0.770,-0.711353,nan
1o0h,1o0h_280,9.650,-8.569599,nan
1o0h,1o0h_281,1.910,-0.821793,nan
1o0h,1o0h_284,0.390,-0.684909,nan
1o0h,1o0h_292,2.280,-0.800564,nan
1o0h,1o0h_313,6.710,-5.341374,nan
1o0h,1o0h_353,0.920,-0.605975,nan
1o0h,1o0h_374,9.030,-7.585654,nan
1o0h,1o0h_40,7.450,-6.209337,nan
1o0h,1o0h_418,9.120,-5.836366,nan
1o0h,1o0h_419,5.810,-4.582234,nan
1o0h,1o0h_431,8.470,-4.671377,nan
1o0h,1o0h_436,6.820,-2.229744,nan
1o0h,1o0h_439,4.280,-2.272854,nan
1o0h,1o0h_450,8.630,-5.976968,nan
1o0h,1o0h_457,8.210,-7.338058,nan
1o0h,1o0h_459,7.050,-4.978397,nan
1o0h,1o0h_463,6.250,-4.164999,nan
1o0h,1o0h_466,8.110,-6.431660,nan
1o0h,1o0h_472,8.120,-6.517033,nan
1o0h,1o0h_474,7.840,-3.145924,nan
1o0h,1o0h_482,7.580,-6.900320,nan
1o0h,1o0h_488,6.840,-5.691271,nan
1o0h,1o0h_502,2.410,-1.187452,nan
1o0h,1o0h_507,4.010,-2.293718,nan
1o0h,1o0h_511,2.030,-1.967358,nan
1o0h,1o0h_514,5.640,-2.970320,nan
1o0h,1o0h_524,2.550,-1.412542,nan
1o0h,1o0h_526,4.590,-3.062003,nan
1o0h,1o0h_530,5.230,-3.977477,nan
1o0h,1o0h_531,3.950,-2.428766,nan
1o0h,1o0h_532,4.350,-3.591305,nan
1o0h,1o0h_536,7.450,-5.079186,nan
1o0h,1o0h_539,3.220,-3.023846,nan
1o0h,1o0h_541,1.920,-0.912840,nan
1o0h,1o0h_549,3.600,-1.565498,nan
1o0h,1o0h_551,8.660,-4.462807,nan
1o0h,1o0h_563,7.560,-7.817509,nan
1o0h,1o0h_564,2.050,-1.352647,nan
1o0h,1o0h_565,6.110,-3.467054,nan
1o0h,1o0h_576,6.290,-5.069594,nan
1o0h,1o0h_586,9.660,-8.314461,nan
1o0h,1o0h_594,7.080,-1.272244,nan
1o0h,1o0h_595,3.200,-2.578802,nan
1o0h,1o0h_599,1.550,-1.739477,nan
1o0h,1o0h_600,1.290,-1.388253,nan
1o0h,1o0h_603,2.490,-1.082902,nan
1o0h,1o0h_606,3.320,-2.889983,nan
1o0h,1o0h_617,4.150,-3.558200,nan
1o0h,1o0h_618,5.620,-3.750680,nan
1o0h,1o0h_624,5.660,-6.312044,nan
1o0h,1o0h_628,4.830,-3.140215,nan
1o0h,1o0h_631,1.870,-1.666263,nan
1o0h,1o0h_637,2.560,-2.467794,nan
1o0h,1o0h_639,9.010,-8.582126,nan
1o0h,1o0h_646,3.800,-1.630543,nan
1o0h,1o0h_647,2.330,-1.650692,nan
1o0h,1o0h_658,6.620,-6.256903,nan
1o0h,1o0h_665,3.280,-2.732554,nan
1o0h,1o0h_670,7.300,-4.860347,nan
1o0h,1o0h_680,4.280,-2.813443,nan
1o0h,1o0h_684,3.560,-3.308751,nan
1o0h,1o0h_690,5.770,-4.690298,nan
1o0h,1o0h_691,3.820,-1.545809,nan
1o0h,1o0h_692,5.750,-2.881474,nan
1o0h,1o0h_78,0.600,-0.493167,nan
1o0h,1o0h_786,5.740,-3.623979,nan
1o0h,1o0h_789,5.000,-4.243676,nan
1o0h,1o0h_794,4.330,-3.084974,nan
1o0h,1o0h_821,0.670,-0.458494,nan
1o0h,1o0h_876,0.580,-0.688719,nan
1o0h,1o0h_879,2.660,-2.226730,nan
1o0h,1o0h_89,9.130,-6.085918,nan
1o0h,1o0h_909,1.600,-0.862578,nan
1o0h,1o0h_915,0.910,-0.616129,nan
1o0h,1o0h_918,0.930,-0.521202,nan
1o0h,1o0h_956,1.140,-0.671620,nan
1o0h,1o0h_968,0.850,-0.611007,nan
1o3f,1o3f_112,9.540,-8.559931,nan
1o3f,1o3f_125,8.830,-8.284296,nan
1o3f,1o3f_126,9.140,-8.190787,nan
1o3f,1o3f_144,9.510,-8.571251,nan
1o3f,1o3f_145,8.710,-8.172302,nan
1o3f,1o3f_148,9.040,-8.218166,nan
1o3f,1o3f_152,8.480,-8.044578,nan
1o3f,1o3f_162,9.550,-8.503685,nan
1o3f,1o3f_163,9.610,-8.521397,nan
1o3f,1o3f_168,8.840,-8.204609,nan
1o3f,1o3f_173,9.460,-8.262739,nan
1o3f,1o3f_175,9.620,-8.540306,nan
1o3f,1o3f_185,9.830,-8.566819,nan
1o3f,1o3f_191,9.050,-8.383709,nan
1o3f,1o3f_242,2.220,-0.831200,nan
1o3f,1o3f_246,1.820,-0.889760,nan
1o3f,1o3f_247,3.800,-2.179019,nan
1o3f,1o3f_257,4.020,-1.697878,nan
1o3f,1o3f_265,1.420,-0.854730,nan
1o3f,1o3f_372,0.490,-0.432920,nan
1o3f,1o3f_407,2.350,-1.567211,nan
1o3f,1o3f_417,1.990,-1.760048,nan
1o3f,1o3f_423,4.970,-1.271324,nan
1o3f,1o3f_445,6.020,-2.359438,nan
1o3f,1o3f_446,2.260,-2.310285,nan
1o3f,1o3f_449,4.960,-2.164906,nan
1o3f,1o3f_458,0.790,-1.045757,nan
1o3f,1o3f_460,2.670,-2.030893,nan
1o3f,1o3f_463,5.230,-1.662486,nan
1o3f,1o3f_464,4.940,-1.974498,nan
1o3f,1o3f_472,5.710,-2.943069,nan
1o3f,1o3f_482,2.400,-2.489908,nan
1o3f,1o3f_485,0.980,-1.660248,nan
1o3f,1o3f_489,3.500,-2.877922,nan
1o3f,1o3f_490,5.180,-2.158183,nan
1o3f,1o3f_494,3.190,-2.508912,nan
1o3f,1o3f_495,2.720,-1.670717,nan
1o3f,1o3f_498,2.120,-1.405401,nan
1o3f,1o3f_501,0.990,-1.102857,nan
1o3f,1o3f_503,0.650,-0.952327,nan
1o3f,1o3f_504,0.940,-0.568250,nan
1o3f,1o3f_506,1.100,-0.900471,nan
1o3f,1o3f_507,3.680,-3.348479,nan
1o3f,1o3f_526,3.230,-2.502860,nan
1o3f,1o3f_530,3.370,-1.850253,nan
1o3f,1o3f_538,0.750,-1.130176,nan
1o3f,1o3f_547,6.470,-5.051361,nan
1o3f,1o3f_558,5.410,-2.044218,nan
1o3f,1o3f_563,5.230,-1.524134,nan
1o3f,1o3f_566,5.180,-2.528510,nan
1o3f,1o3f_572,1.580,-1.566147,nan
1o3f,1o3f_582,5.990,-3.130384,nan
1o3f,1o3f_588,5.410,-3.163415,nan
1o3f,1o3f_591,3.960,-2.905593,nan
1o3f,1o3f_595,5.540,-4.450368,nan
1o3f,1o3f_598,5.780,-2.931016,nan
1o3f,1o3f_624,1.420,-1.253359,nan
1o3f,1o3f_64,2.000,-1.428063,nan
1o3f,1o3f_668,2.000,-1.416189,nan
1o3f,1o3f_669,2.320,-1.740980,nan
1o3f,1o3f_670,1.260,-1.336708,nan
1o3f,1o3f_672,3.410,-2.752020,nan
1o3f,1o3f_690,3.500,-2.879441,nan
1o3f,1o3f_693,6.100,-3.212840,nan
1o3f,1o3f_696,2.280,-2.419118,nan
1o3f,1o3f_700,3.790,-3.472349,nan
1o3f,1o3f_752,0.660,-0.639493,nan
1o3f,1o3f_798,1.570,-0.895344,nan
1o3f,1o3f_910,0.580,-0.567995,nan
1o3f,1o3f_931,0.830,-0.663383,nan
1o3f,1o3f_94,2.020,-1.357440,nan
1o5b,1o5b_19,0.830,-1.043625,nan
1o5b,1o5b_200,3.890,-2.698611,nan
1o5b,1o5b_253,2.110,-1.195932,nan
1o5b,1o5b_256,2.990,-2.243992,nan
1o5b,1o5b_272,0.760,-1.055139,nan
1o5b,1o5b_329,0.600,-0.424074,nan
1o5b,1o5b_396,0.560,-0.355114,nan
1o5b,1o5b_400,0.410,-0.652091,nan
1o5b,1o5b_406,4.780,-2.248713,nan
1o5b,1o5b_413,1.930,-1.243356,nan
1o5b,1o5b_419,1.200,-1.173975,nan
1o5b,1o5b_421,0.750,-0.936618,nan
1o5b,1o5b_423,0.920,-1.220467,nan
1o5b,1o5b_432,1.270,-1.179349,nan
1o5b,1o5b_441,2.210,-1.331043,nan
1o5b,1o5b_445,4.550,-2.240828,nan
1o5b,1o5b_446,2.150,-2.593344,nan
1o5b,1o5b_454,1.250,-0.921810,nan
1o5b,1o5b_461,1.310,-1.442476,nan
1o5b,1o5b_468,0.910,-0.525804,nan
1o5b,1o5b_472,1.060,-1.171226,nan
1o5b,1o5b_474,4.400,-2.228793,nan
1o5b,1o5b_483,0.840,-1.349530,nan
1o5b,1o5b_489,4.940,-0.839326,nan
1o5b,1o5b_490,2.150,-2.054910,nan
1o5b,1o5b_497,4.740,-2.238143,nan
1o5b,1o5b_505,4.810,-3.239648,nan
1o5b,1o5b_508,1.060,-0.997201,nan
1o5b,1o5b_511,5.380,-3.829258,nan
1o5b,1o5b_512,3.930,-1.867720,nan
1o5b,1o5b_529,6.620,-4.571188,nan
1o5b,1o5b_534,4.200,-3.865882,nan
1o5b,1o5b_535,5.140,-2.968445,nan
1o5b,1o5b_539,3.410,-2.079509,nan
1o5b,1o5b_548,5.410,-3.791599,nan
1o5b,1o5b_552,6.920,-5.951615,nan
1o5b,1o5b_554,2.660,-1.673529,nan
1o5b,1o5b_561,5.170,-2.650039,nan
1o5b,1o5b_572,5.260,-4.891461,nan
1o5b,1o5b_579,4.940,-4.070427,nan
1o5b,1o5b_584,3.650,-2.941528,nan
1o5b,1o5b_592,7.140,-6.109551,nan
1o5b,1o5b_595,5.220,-3.593363,nan
1o5b,1o5b_625,1.770,-2.387057,nan
1o5b,1o5b_628,5.140,-2.044208,nan
1o5b,1o5b_638,1.430,-1.044856,nan
1o5b,1o5b_653,2.490,-1.687398,nan
1o5b,1o5b_654,3.400,-2.799304,nan
1o5b,1o5b_663,2.160,-2.070508,nan
1o5b,1o5b_664,1.120,-1.234106,nan
1o5b,1o5b_665,0.910,-1.380566,nan
1o5b,1o5b_681,2.320,-1.801583,nan
1o5b,1o5b_699,4.100,-2.228210,nan
1o5b,1o5b_722,5.790,-4.985321,nan
1o5b,1o5b_723,8.050,-6.593313,nan
1o5b,1o5b_724,3.020,-2.504891,nan
1o5b,1o5b_725,7.380,-6.456860,nan
1o5b,1o5b_726,8.420,-8.302898,nan
1o5b,1o5b_731,7.020,-6.734977,nan
1o5b,1o5b_732,7.000,-6.820342,nan
1o5b,1o5b_739,6.440,-6.366168,nan
1o5b,1o5b_740,8.280,-8.141693,nan
1o5b,1o5b_744,3.000,-2.205286,nan
1o5b,1o5b_747,8.150,-7.276987,nan
1o5b,1o5b_750,8.420,-7.396923,nan
1o5b,1o5b_751,8.770,-8.482688,nan
1o5b,1o5b_755,8.280,-7.767525,nan
1o5b,1o5b_756,6.410,-6.768939,nan
1o5b,1o5b_760,8.310,-8.174080,nan
1o5b,1o5b_762,6.060,-4.942403,nan
1o5b,1o5b_764,7.570,-7.269485,nan
1o5b,1o5b_765,6.240,-5.345314,nan
1o5b,1o5b_79,3.060,-1.752892,nan
1o5b,1o5b_807,6.230,-6.362521,nan
1o5b,1o5b_813,6.650,-6.104874,nan
1o5b,1o5b_827,8.730,-8.420194,nan
1o5b,1o5b_832,6.490,-5.446982,nan
1o5b,1o5b_836,7.400,-8.136250,nan
1o5b,1o5b_844,7.690,-6.615000,nan
1o5b,1o5b_857,7.500,-7.181851,nan
1o5b,1o5b_860,7.550,-7.382432,nan
1o5b,1o5b_865,8.010,-7.074100,nan
1o5b,1o5b_892,3.570,-3.162785,nan
1o5b,1o5b_903,5.480,-5.161021,nan
1o5b,1o5b_911,4.760,-5.229885,nan
1o5b,1o5b_936,5.670,-5.042900,nan
1o5b,1o5b_943,7.670,-5.923336,nan
1o5b,1o5b_957,3.660,-3.496327,nan
1o5b,1o5b_959,7.510,-6.639365,nan
1o5b,1o5b_963,3.830,-3.317588,nan
1owh,1owh_159,2.110,-2.723705,nan
1owh,1owh_174,6.600,-0.278505,nan
1owh,1owh_187,6.570,-0.539226,nan
1owh,1owh_210,0.900,-0.529654,nan
1owh,1owh_213,3.340,-2.865759,nan
1owh,1owh_216,2.070,-1.867330,nan
1owh,1owh_217,2.210,-0.995957,nan
1owh,1owh_225,3.050,-2.199038,nan
1owh,1owh_227,4.090,-2.545552,nan
1owh,1owh_229,6.980,-2.323602,nan
1owh,1owh_232,2.550,-1.873302,nan
1owh,1owh_234,2.000,-1.667368,nan
1owh,1owh_245,2.800,-1.552088,nan
1owh,1owh_253,4.060,-2.845940,nan
1owh,1owh_255,3.610,-2.795500,nan
1owh,1owh_258,6.850,-0.777875,nan
1owh,1owh_260,4.020,-2.389897,nan
1owh,1owh_265,1.380,-0.909971,nan
1owh,1owh_266,4.020,-2.464687,nan
1owh,1owh_269,6.770,-6.935760,nan
1owh,1owh_280,6.840,-1.740384,nan
1owh,1owh_283,3.890,-2.248273,nan
1owh,1owh_285,6.930,-1.385088,nan
1owh,1owh_289,1.600,-1.456278,nan
1owh,1owh_291,1.210,-0.877083,nan
1owh,1owh_3,0.660,-0.494708,nan
1owh,1owh_307,0.530,-0.166130,nan
1owh,1owh_391,0.260,-0.176224,nan
1owh,1owh_431,2.930,-1.221713,nan
1owh,1owh_458,7.930,-1.910351,nan
1owh,1owh_470,7.280,-1.344475,nan
1owh,1owh_492,3.160,-2.107158,nan
1owh,1owh_509,6.260,-5.154203,nan
1owh,1owh_512,7.500,-0.769379,nan
1owh,1owh_514,3.930,-3.445705,nan
1owh,1owh_519,5.530,-4.513393,nan
1owh,1owh_523,5.890,-5.047138,nan
1owh,1owh_528,5.970,-4.993613,nan
1owh,1owh_529,6.330,-5.510962,nan
1owh,1owh_530,8.100,-2.281746,nan
1owh,1owh_532,0.900,-0.789643,nan
1owh,1owh_535,5.320,-4.487822,nan
1owh,1owh_538,3.800,-2.622293,nan
1owh,1owh_540,0.580,-0.630669,nan
1owh,1owh_550,6.280,-5.814252,nan
1owh,1owh_553,8.390,-4.646204,nan
1owh,1owh_562,8.350,-5.114940,nan
1owh,1owh_573,7.630,-1.332163,nan
1owh,1owh_595,8.030,-2.092409,nan
1owh,1owh_607,1.740,-0.536194,nan
1owh,1owh_610,4.310,-3.627390,nan
1owh,1owh_614,1.000,-0.791811,nan
1owh,1owh_629,7.350,-2.324041,nan
1owh,1owh_639,3.510,-1.877784,nan
1owh,1owh_641,1.720,-1.053323,nan
1owh,1owh_648,2.150,-0.942061,nan
1owh,1owh_673,7.320,-1.040938,nan
1owh,1owh_681,7.500,-0.941507,nan
1owh,1owh_701,0.590,-0.442555,nan
1owh,1owh_737,4.080,-3.367646,nan
1owh,1owh_739,3.110,-2.079787,nan
1owh,1owh_745,8.060,-5.337452,nan
1owh,1owh_749,4.930,-4.786537,nan
1owh,1owh_750,4.590,-4.217126,nan
1owh,1owh_756,7.850,-5.179557,nan
1owh,1owh_757,7.790,-3.128965,nan
1owh,1owh_760,8.780,-5.258088,nan
1owh,1owh_762,4.900,-4.789382,nan
1owh,1owh_764,5.000,-4.832730,nan
1owh,1owh_767,8.740,-4.886114,nan
1owh,1owh_771,5.700,-4.750489,nan
1owh,1owh_773,2.010,-1.632505,nan
1owh,1owh_774,5.700,-4.662316,nan
1owh,1owh_778,2.760,-1.646857,nan
1owh,1owh_779,5.800,-4.819767,nan
1owh,1owh_780,5.790,-4.748976,nan
1owh,1owh_782,5.630,-4.340930,nan
1owh,1owh_786,8.410,-5.715197,nan
1owh,1owh_787,2.330,-1.026544,nan
1owh,1owh_788,3.230,-2.062540,nan
1owh,1owh_789,8.160,-1.666908,nan
1owh,1owh_795,8.700,-7.802731,nan
1owh,1owh_797,9.450,-8.379754,nan
1owh,1owh_798,9.810,-8.337708,nan
1owh,1owh_894,1.060,-0.462123,nan
1owh,1owh_917,7.240,-1.303256,nan
1owh,1owh_921,1.360,-0.491647,nan
1owh,1owh_935,0.970,-0.312795,nan
1owh,1owh_938,0.850,-0.611513,nan
1owh,1owh_977,1.460,-0.596117,nan
1owh,1owh_990,1.750,-0.640590,nan
1oyt,1oyt_24,6.380,-6.561817,nan
1oyt,1oyt_401,3.980,-3.199486,nan
1oyt,1oyt_405,2.990,-1.990264,nan
1oyt,1oyt_412,6.920,-6.948483,nan
1oyt,1oyt_414,3.230,-2.278944,nan
1oyt,1oyt_423,6.060,-3.350645,nan
1oyt,1oyt_425,4.810,-1.320650,nan
1oyt,1oyt_437,4.840,-1.803916,nan
1oyt,1oyt_448,2.700,-2.251019,nan
1oyt,1oyt_449,4.120,-3.245916,nan
1oyt,1oyt_451,5.990,-3.319632,nan
1oyt,1oyt_454,3.500,-2.512909,nan
1oyt,1oyt_455,2.280,-1.530121,nan
1oyt,1oyt_463,6.510,-5.197063,nan
1oyt,1oyt_468,6.970,-5.994079,nan
1oyt,1oyt_475,3.640,-3.648430,nan
1oyt,1oyt_477,7.050,-6.970809,nan
1oyt,1oyt_481,0.860,-0.359382,nan
1oyt,1oyt_484,3.600,-2.647785,nan
1oyt,1oyt_493,2.600,-2.618369,nan
1oyt,1oyt_505,0.970,-0.671708,nan
1oyt,1oyt_506,0.990,-1.160281,nan
1oyt,1oyt_507,1.130,-0.770238,nan
1oyt,1oyt_513,0.910,-0.364515,nan
1oyt,1oyt_521,3.130,-2.171047,nan
1oyt,1oyt_524,1.240,-1.372826,nan
1oyt,1oyt_527,7.280,-7.519427,nan
1oyt,1oyt_529,1.260,-1.454163,nan
1oyt,1oyt_530,5.050,-1.299420,nan
1oyt,1oyt_542,4.630,-1.055854,nan
1oyt,1oyt_551,7.040,-7.212495,nan
1oyt,1oyt_553,2.980,-2.368667,nan
1oyt,1oyt_558,1.500,-1.187464,nan
1oyt,1oyt_559,9.360,-8.606618,nan
1oyt,1oyt_561,1.160,-1.064823,nan
1oyt,1oyt_564,5.260,-3.197970,nan
1oyt,1oyt_569,5.070,-1.560922,nan
1oyt,1oyt_572,7.070,-7.458831,nan
1oyt,1oyt_575,2.320,-0.907669,nan
1oyt,1oyt_582,3.090,-3.020899,nan
1oyt,1oyt_586,1.450,-1.530426,nan
1oyt,1oyt_59,0.510,-0.208379,nan
1oyt,1oyt_599,5.760,-1.595765,nan
1oyt,1oyt_603,6.560,-7.089056,nan
1oyt,1oyt_612,7.030,-7.072463,nan
1oyt,1oyt_621,4.090,-4.132568,nan
1oyt,1oyt_623,4.610,-3.801202,nan
1oyt,1oyt_627,1.560,-0.841187,nan
1oyt,1oyt_637,6.320,-6.307450,nan
1oyt,1oyt_639,1.850,-1.463787,nan
1oyt,1oyt_64,0.530,-0.146759,nan
1oyt,1oyt_644,6.000,-6.264080,nan
1oyt,1oyt_647,5.230,-2.128216,nan
1oyt,1oyt_651,6.670,-6.704319,nan
1oyt,1oyt_658,7.080,-6.869606,nan
1oyt,1oyt_663,3.990,-2.570514,nan
1oyt,1oyt_674,6.420,-6.548479,nan
1oyt,1oyt_675,5.950,-4.922029,nan
1oyt,1oyt_679,1.530,-1.600630,nan
1oyt,1oyt_680,2.010,-1.683403,nan
1oyt,1oyt_684,4.470,-4.259684,nan
1oyt,1oyt_690,3.270,-3.001699,nan
1oyt,1oyt_691,7.070,-5.824903,nan
1oyt,1oyt_692,2.420,-2.151717,nan
1oyt,1oyt_696,6.700,-6.544476,nan
1oyt,1oyt_711,0.400,-0.133135,nan
1oyt,1oyt_749,4.540,-4.595763,nan
1oyt,1oyt_789,3.140,-2.833806,nan
1oyt,1oyt_800,1.680,-0.324648,nan
1oyt,1oyt_801,2.100,-1.635174,nan
1oyt,1oyt_806,4.660,-3.331771,nan
1oyt,1oyt_838,4.730,-3.816484,nan
1oyt,1oyt_842,5.230,-5.397033,nan
1oyt,1oyt_843,2.970,-1.557571,nan
1oyt,1oyt_853,5.850,-4.776916,nan
1oyt,1oyt_91,0.810,-0.449050,nan
1oyt,1oyt_915,0.520,-0.346430,nan
1oyt,1oyt_947,0.620,-0.155300,nan
1p1n,1p1n_116,0.630,-0.344131,nan
1p1n,1p1n_216,1.130,-0.339883,nan
1p1n,1p1n_333,0.640,-0.249093,nan
1p1n,1p1n_425,2.800,-0.649364,nan
1p1n,1p1n_433,3.080,-2.202603,nan
1p1n,1p1n_462,2.820,-0.380297,nan
1p1n,1p1n_465,1.700,-0.512204,nan
1p1n,1p1n_482,0.970,-0.461723,nan
1p1n,1p1n_489,3.260,-1.405053,nan
1p1n,1p1n_493,1.680,-0.965860,nan
1p1n,1p1n_500,3.260,-1.655996,nan
1p1n,1p1n_530,1.980,-1.163089,nan
1p1n,1p1n_548,2.960,-1.461408,nan
1p1n,1p1n_550,2.530,-2.165893,nan
1p1n,1p1n_562,2.930,-1.427865,nan
1p1n,1p1n_569,1.680,-0.725750,nan
1p1n,1p1n_574,2.070,-1.258967,nan
1p1n,1p1n_586,2.600,-1.087377,nan
1p1n,1p1n_606,2.090,-0.676096,nan
1p1n,1p1n_646,2.190,-1.976481,nan
1p1n,1p1n_650,3.040,-0.897201,nan
1p1n,1p1n_660,1.690,-1.229319,nan
1p1n,1p1n_668,2.690,-0.643746,nan
1p1n,1p1n_675,3.770,-3.575175,nan
1p1n,1p1n_685,3.130,-1.216425,nan
1p1n,1p1n_687,3.750,-2.774940,nan
1p1n,1p1n_699,1.660,-1.483505,nan
1p1n,1p1n_708,0.440,-0.311487,nan
1p1n,1p1n_712,0.930,-0.470683,nan
1p1n,1p1n_73,0.610,-0.173891,nan
1p1n,1p1n_733,5.570,-4.894356,nan
1p1n,1p1n_757,3.180,-1.581560,nan
1p1n,1p1n_765,4.250,-4.244557,nan
1p1n,1p1n_78,0.990,-0.180005,nan
1p1n,1p1n_780,1.680,-0.970593,nan
1p1n,1p1n_785,4.040,-3.415806,nan
1p1n,1p1n_825,0.770,-0.389833,nan
1p1n,1p1n_883,3.120,-1.588322,nan
1p1n,1p1n_892,3.460,-1.420235,nan
1p1n,1p1n_9,1.030,-0.148703,nan
1p1n,1p1n_917,1.360,-1.064435,nan
1p1n,1p1n_928,0.790,-0.210793,nan
1p1n,1p1n_971,0.880,-0.386178,nan
1p1q,1p1q_121,0.710,-0.689981,nan
1p1q,1p1q_134,2.260,-0.839796,nan
1p1q,1p1q_169,0.750,-0.345562,nan
1p1q,1p1q_202,1.830,-0.511368,nan
1p1q,1p1q_239,0.590,-1.363900,nan
1p1q,1p1q_255,0.710,-1.238065,nan
1p1q,1p1q_317,2.010,-0.952894,nan
1p1q,1p1q_357,0.600,-0.263037,nan
1p1q,1p1q_358,2.370,-1.194334,nan
1p1q,1p1q_394,0.860,-0.878764,nan
1p1q,1p1q_411,1.380,-1.016029,nan
1p1q,1p1q_412,0.890,-0.758741,nan
1p1q,1p1q_544,2.130,-1.726296,nan
1p1q,1p1q_559,1.210,-1.127512,nan
1p1q,1p1q_560,0.980,-1.013041,nan
1p1q,1p1q_570,1.570,-1.472880,nan
1p1q,1p1q_574,4.230,-1.400908,nan
1p1q,1p1q_578,4.410,-1.004286,nan
1p1q,1p1q_596,4.120,-1.721213,nan
1p1q,1p1q_603,2.320,-1.579877,nan
1p1q,1p1q_604,2.280,-2.270754,nan
1p1q,1p1q_614,1.760,-0.834892,nan
1p1q,1p1q_636,1.750,-1.059939,nan
1p1q,1p1q_640,4.120,-1.796763,nan
1p1q,1p1q_644,2.450,-1.666363,nan
1p1q,1p1q_646,1.970,-1.101246,nan
1p1q,1p1q_664,2.660,-1.363087,nan
1p1q,1p1q_677,3.360,-2.257790,nan
1p1q,1p1q_698,4.150,-1.039022,nan
1p1q,1p1q_713,2.000,-2.181768,nan
1p1q,1p1q_729,1.940,-2.233627,nan
1p1q,1p1q_736,3.500,-2.833197,nan
1p1q,1p1q_740,3.020,-2.525578,nan
1p1q,1p1q_746,3.830,-1.511099,nan
1p1q,1p1q_751,3.980,-2.523603,nan
1p1q,1p1q_759,4.320,-2.319543,nan
1p1q,1p1q_773,4.300,-3.449352,nan
1p1q,1p1q_779,3.670,-3.743445,nan
1p1q,1p1q_785,4.200,-3.461751,nan
1p1q,1p1q_789,3.790,-3.258452,nan
1p1q,1p1q_794,3.070,-1.932196,nan
1p1q,1p1q_848,1.220,-1.028540,nan
1p1q,1p1q_85,0.650,-1.201633,nan
1p1q,1p1q_853,0.450,-0.838617,nan
1p1q,1p1q_860,2.660,-3.140587,nan
1p1q,1p1q_872,4.410,-2.655233,nan
1p1q,1p1q_890,4.300,-3.115176,nan
1p1q,1p1q_892,3.600,-1.896544,nan
1p1q,1p1q_897,3.060,-3.335744,nan
1p1q,1p1q_975,2.760,-2.104558,nan
1ps3,1ps3_161,0.280,-0.190913,nan
1ps3,1ps3_251,0.680,-0.373872,nan
1ps3,1ps3_350,0.570,-0.386042,nan
1ps3,1ps3_408,0.910,-0.729169,nan
1ps3,1ps3_414,4.140,-2.076699,nan
1ps3,1ps3_424,1.770,-1.047346,nan
1ps3,1ps3_437,2.980,-2.189637,nan
1ps3,1ps3_438,2.760,-1.136539,nan
1ps3,1ps3_449,1.630,-0.463309,nan
1ps3,1ps3_468,2.880,-1.816118,nan
1ps3,1ps3_474,3.180,-1.313565,nan
1ps3,1ps3_500,1.420,-0.647573,nan
1ps3,1ps3_510,3.630,-0.913532,nan
1ps3,1ps3_518,3.070,-0.747922,nan
1ps3,1ps3_548,0.890,-0.578427,nan
1ps3,1ps3_551,4.370,-1.218285,nan
1ps3,1ps3_596,3.230,-1.304353,nan
1ps3,1ps3_600,4.260,-1.168274,nan
1ps3,1ps3_607,5.980,-4.090049,nan
1ps3,1ps3_612,4.030,-2.867105,nan
1ps3,1ps3_627,4.090,-2.715225,nan
1ps3,1ps3_635,4.850,-3.736082,nan
1ps3,1ps3_641,5.830,-4.407850,nan
1ps3,1ps3_662,4.080,-2.604537,nan
1ps3,1ps3_664,4.360,-2.942322,nan
1ps3,1ps3_684,6.660,-5.498525,nan
1ps3,1ps3_696,4.270,-2.144132,nan
1ps3,1ps3_707,0.980,-0.441693,nan
1ps3,1ps3_730,3.050,-1.108141,nan
1ps3,1ps3_734,0.860,-0.316649,nan
1ps3,1ps3_736,0.850,-0.652041,nan
1ps3,1ps3_739,1.850,-0.963455,nan
1ps3,1ps3_744,3.910,-3.637811,nan
1ps3,1ps3_748,1.970,-0.634652,nan
1ps3,1ps3_753,2.170,-0.891649,nan
1ps3,1ps3_760,2.600,-0.338057,nan
1ps3,1ps3_764,3.750,-0.332619,nan
1ps3,1ps3_767,2.880,-0.462159,nan
1ps3,1ps3_771,3.460,-1.222896,nan
1ps3,1ps3_778,3.100,-1.646805,nan
1ps3,1ps3_782,2.850,-1.289873,nan
1ps3,1ps3_783,1.150,-0.325763,nan
1ps3,1ps3_785,1.540,-0.569316,nan
1ps3,1ps3_786,2.950,-1.083806,nan
1ps3,1ps3_790,4.200,-3.824969,nan
1ps3,1ps3_793,3.110,-1.054833,nan
1ps3,1ps3_854,1.650,-0.604103,nan
1ps3,1ps3_886,2.960,-1.667569,nan
1ps3,1ps3_896,1.480,-0.328639,nan
1ps3,1ps3_943,0.440,-0.249302,nan
1ps3,1ps3_968,0.660,-0.287407,nan
1ps3,1ps3_985,1.090,-0.587278,nan
1ps3,1ps3_994,2.520,-0.624857,nan
1pxn,1pxn_167,0.880,-0.599239,nan
1pxn,1pxn_197,0.770,-0.397815,nan
1pxn,1pxn_211,5.060,-1.117373,nan
1pxn,1pxn_225,1.050,-0.413603,nan
1pxn,1pxn_228,7.250,-3.999336,nan
1pxn,1pxn_236,0.840,-0.711994,nan
1pxn,1pxn_240,1.010,-0.426936,nan
1pxn,1pxn_246,0.750,-0.377187,nan
1pxn,1pxn_256,4.710,-1.201833,nan
1pxn,1pxn_257,0.590,-0.401294,nan
1pxn,1pxn_266,0.440,-0.485414,nan
1pxn,1pxn_269,7.910,-4.760930,nan
1pxn,1pxn_270,0.680,-0.635488,nan
1pxn,1pxn_272,4.970,-0.782729,nan
1pxn,1pxn_285,0.520,-0.495264,nan
1pxn,1pxn_288,1.720,-0.421334,nan
1pxn,1pxn_308,5.160,-6.551836,nan
1pxn,1pxn_402,1.490,-0.533639,nan
1pxn,1pxn_409,3.630,-1.257308,nan
1pxn,1pxn_414,2.120,-1.527217,nan
1pxn,1pxn_416,6.590,-4.501002,nan
1pxn,1pxn_422,1.480,-1.268371,nan
1pxn,1pxn_428,6.440,-1.886316,nan
1pxn,1pxn_437,2.070,-0.530830,nan
1pxn,1pxn_441,1.600,-0.440109,nan
1pxn,1pxn_445,2.440,-0.925934,nan
1pxn,1pxn_458,3.220,-1.940614,nan
1pxn,1pxn_467,1.910,-1.204606,nan
1pxn,1pxn_468,4.010,-1.337715,nan
1pxn,1pxn_471,2.320,-1.560521,nan
1pxn,1pxn_472,2.430,-1.914003,nan
1pxn,1pxn_477,3.590,-2.596249,nan
1pxn,1pxn_483,4.140,-1.560029,nan
1pxn,1pxn_488,8.180,-4.431100,nan
1pxn,1pxn_489,3.870,-1.414263,nan
1pxn,1pxn_490,3.810,-0.647809,nan
1pxn,1pxn_500,5.580,-1.954443,nan
1pxn,1pxn_504,7.580,-4.747613,nan
1pxn,1pxn_507,6.420,-5.677855,nan
1pxn,1pxn_509,8.870,-6.960109,nan
1pxn,1pxn_513,4.580,-2.195277,nan
1pxn,1pxn_514,2.620,-1.312523,nan
1pxn,1pxn_518,7.760,-5.957098,nan
1pxn,1pxn_523,7.980,-3.639736,nan
1pxn,1pxn_532,5.500,-1.153243,nan
1pxn,1pxn_534,3.720,-1.997361,nan
1pxn,1pxn_536,8.470,-4.594232,nan
1pxn,1pxn_539,3.220,-1.878327,nan
1pxn,1pxn_545,6.620,-2.822399,nan
1pxn,1pxn_546,6.020,-3.399978,nan
1pxn,1pxn_550,5.770,-0.891348,nan
1pxn,1pxn_557,5.160,-2.214950,nan
1pxn,1pxn_558,2.950,-1.575153,nan
1pxn,1pxn_560,4.210,-1.218692,nan
1pxn,1pxn_565,7.570,-4.140777,nan
1pxn,1pxn_566,7.670,-3.587246,nan
1pxn,1pxn_572,3.680,-2.142609,nan
1pxn,1pxn_578,4.270,-2.114861,nan
1pxn,1pxn_589,5.180,-2.038123,nan
1pxn,1pxn_593,6.660,-5.959939,nan
1pxn,1pxn_594,8.200,-4.514765,nan
1pxn,1pxn_599,6.140,-4.824115,nan
1pxn,1pxn_600,2.740,-1.413494,nan
1pxn,1pxn_608,3.900,-1.894418,nan
1pxn,1pxn_609,8.250,-5.557871,nan
1pxn,1pxn_626,5.890,-2.889681,nan
1pxn,1pxn_632,6.700,-3.376498,nan
1pxn,1pxn_638,4.460,-2.386085,nan
1pxn,1pxn_645,8.880,-8.485491,nan
1pxn,1pxn_646,6.540,-2.921343,nan
1pxn,1pxn_647,8.700,-8.137231,nan
1pxn,1pxn_649,6.110,-0.997558,nan
1pxn,1pxn_652,5.050,-2.413349,nan
1pxn,1pxn_653,2.760,-1.108037,nan
1pxn,1pxn_662,3.290,-1.366032,nan
1pxn,1pxn_665,7.960,-6.824129,nan
1pxn,1pxn_666,7.060,-4.202583,nan
1pxn,1pxn_668,8.280,-6.101543,nan
1pxn,1pxn_671,2.580,-1.569607,nan
1pxn,1pxn_672,4.650,-1.950204,nan
1pxn,1pxn_678,7.680,-4.635183,nan
1pxn,1pxn_682,8.710,-8.466364,nan
1pxn,1pxn_687,4.440,-2.839723,nan
1pxn,1pxn_690,9.140,-8.332766,nan
1pxn,1pxn_696,5.830,-3.155981,nan
1pxn,1pxn_813,1.660,-0.437470,nan
1pxn,1pxn_82,8.410,-7.158436,nan
1pxn,1pxn_830,1.650,-0.712980,nan
1pxn,1pxn_86,0.830,-0.302775,nan
1pxn,1pxn_945,1.020,-0.502805,nan
1pxn,1pxn_96,0.510,-0.453764,nan
1q8t,1q8t_142,0.720,-0.257590,nan
1q8t,1q8t_151,0.980,-0.290361,nan
1q8t,1q8t_152,0.820,-0.383789,nan
1q8t,1q8t_262,0.870,-0.815426,nan
1q8t,1q8t_281,0.950,-0.980789,nan
1q8t,1q8t_411,1.860,-1.370639,nan
1q8t,1q8t_450,7.820,-1.531204,nan
1q8t,1q8t_459,1.910,-1.139678,nan
1q8t,1q8t_479,7.540,-1.645456,nan
1q8t,1q8t_504,8.520,-3.647787,nan
1q8t,1q8t_505,9.040,-4.794435,nan
1q8t,1q8t_507,3.010,-1.554772,nan
1q8t,1q8t_513,8.130,-3.406986,nan
1q8t,1q8t_514,9.640,-8.549812,nan
1q8t,1q8t_534,9.540,-8.091185,nan
1q8t,1q8t_538,5.190,-3.995047,nan
1q8t,1q8t_539,2.810,-1.084036,nan
1q8t,1q8t_540,7.840,-1.870744,nan
1q8t,1q8t_547,8.600,-4.175730,nan
1q8t,1q8t_548,3.010,-1.390497,nan
1q8t,1q8t_553,9.050,-8.012130,nan
1q8t,1q8t_564,3.990,-2.711167,nan
1q8t,1q8t_567,7.260,-3.782347,nan
1q8t,1q8t_576,8.790,-8.502823,nan
1q8t,1q8t_579,7.850,-2.460146,nan
1q8t,1q8t_582,3.100,-1.732165,nan
1q8t,1q8t_598,2.100,-1.499479,nan
1q8t,1q8t_60,0.920,-0.789934,nan
1q8t,1q8t_601,8.160,-7.563482,nan
1q8t,1q8t_610,4.880,-3.864557,nan
1q8t,1q8t_612,2.030,-0.783325,nan
1q8t,1q8t_633,9.350,-8.413201,nan
1q8t,1q8t_635,4.400,-3.257114,nan
1q8t,1q8t_636,3.940,-2.848439,nan
1q8t,1q8t_638,8.280,-3.092842,nan
1q8t,1q8t_640,2.190,-1.843292,nan
1q8t,1q8t_651,4.300,-2.649159,nan
1q8t,1q8t_653,8.750,-5.085882,nan
1q8t,1q8t_656,9.340,-8.328553,nan
1q8t,1q8t_658,1.990,-1.268573,nan
1q8t,1q8t_661,3.100,-2.143706,nan
1q8t,1q8t_677,6.600,-5.753253,nan
1q8t,1q8t_678,9.940,-6.290290,nan
1q8t,1q8t_686,8.330,-3.525108,nan
1q8t,1q8t_687,2.230,-1.317423,nan
1q8t,1q8t_692,2.600,-1.190248,nan
1q8t,1q8t_70,0.980,-0.722109,nan
1q8t,1q8t_701,1.000,-0.740517,nan
1q8t,1q8t_705,0.880,-0.427802,nan
1q8t,1q8t_706,1.150,-0.391815,nan
1q8t,1q8t_709,2.240,-1.779118,nan
1q8t,1q8t_718,4.110,-3.564512,nan
1q8t,1q8t_727,7.360,-0.354342,nan
1q8t,1q8t_734,7.390,-0.198597,nan
1q8t,1q8t_739,8.190,-2.624545,nan
1q8t,1q8t_741,7.370,-0.285416,nan
1q8t,1q8t_744,6.480,-7.432384,nan
1q8t,1q8t_747,5.650,-5.354148,nan
1q8t,1q8t_749,6.600,-6.506441,nan
1q8t,1q8t_751,6.550,-6.007918,nan
1q8t,1q8t_752,2.340,-1.472451,nan
1q8t,1q8t_753,3.060,-2.559391,nan
1q8t,1q8t_754,4.110,-4.183245,nan
1q8t,1q8t_756,4.140,-4.662226,nan
1q8t,1q8t_761,4.520,-5.339441,nan
1q8t,1q8t_762,4.180,-4.340955,nan
1q8t,1q8t_766,5.730,-7.852962,nan
1q8t,1q8t_767,5.790,-7.915770,nan
1q8t,1q8t_768,4.950,-6.499852,nan
1q8t,1q8t_770,6.020,-8.375448,nan
1q8t,1q8t_774,6.140,-8.329005,nan
1q8t,1q8t_775,5.520,-7.210250,nan
1q8t,1q8t_778,9.960,-8.491742,nan
1q8t,1q8t_798,3.310,-1.741799,nan
1q8t,1q8t_810,3.480,-1.833858,nan
1q8t,1q8t_813,6.940,-1.712703,nan
1q8t,1q8t_816,6.950,-1.506624,nan
1q8t,1q8t_831,3.250,-1.801360,nan
1q8t,1q8t_832,7.000,-1.649250,nan
1q8t,1q8t_844,6.990,-1.720644,nan
1q8t,1q8t_874,4.500,-3.537366,nan
1q8t,1q8t_879,0.790,-0.303851,nan
1q8t,1q8t_887,1.590,-0.573115,nan
1q8t,1q8t_891,1.470,-0.760660,nan
1q8t,1q8t_895,2.030,-1.034264,nan
1q8t,1q8t_897,1.290,-0.571101,nan
1q8t,1q8t_898,1.990,-1.219087,nan
1q8t,1q8t_900,1.370,-0.726510,nan
1q8t,1q8t_902,9.100,-5.386361,nan
1q8t,1q8t_903,1.270,-0.133916,nan
1q8t,1q8t_916,2.020,-0.665947,nan
1q8t,1q8t_927,9.460,-8.402654,nan
1q8t,1q8t_943,7.100,-1.212980,nan
1q8t,1q8t_946,8.620,-4.791556,nan
1q8t,1q8t_962,7.410,-0.151567,nan
1q8u,1q8u_140,2.110,-1.023028,nan
1q8u,1q8u_202,6.250,-3.918181,nan
1q8u,1q8u_203,4.530,-4.254196,nan
1q8u,1q8u_214,1.880,-0.982811,nan
1q8u,1q8u_227,6.110,-4.300043,nan
1q8u,1q8u_23,4.960,-2.418830,nan
1q8u,1q8u_237,5.760,-3.837191,nan
1q8u,1q8u_238,2.490,-1.476526,nan
1q8u,1q8u_24,7.230,-8.482841,nan
1q8u,1q8u_246,7.550,-7.438164,nan
1q8u,1q8u_264,6.990,-7.109089,nan
1q8u,1q8u_268,2.000,-0.783945,nan
1q8u,1q8u_270,6.990,-8.289422,nan
1q8u,1q8u_277,2.180,-0.939249,nan
1q8u,1q8u_34,2.640,-1.089715,nan
1q8u,1q8u_342,2.760,-1.258498,nan
1q8u,1q8u_410,3.470,-4.012432,nan
1q8u,1q8u_454,3.610,-3.213710,nan
1q8u,1q8u_497,3.900,-3.261967,nan
1q8u,1q8u_501,0.910,-0.820161,nan
1q8u,1q8u_504,4.240,-3.864223,nan
1q8u,1q8u_509,7.450,-7.739276,nan
1q8u,1q8u_512,1.270,-1.244919,nan
1q8u,1q8u_514,1.050,-1.029048,nan
1q8u,1q8u_53,2.480,-0.649669,nan
1q8u,1q8u_547,4.120,-3.457401,nan
1q8u,1q8u_553,1.790,-0.981026,nan
1q8u,1q8u_555,3.990,-3.655663,nan
1q8u,1q8u_571,3.430,-2.356623,nan
1q8u,1q8u_581,5.750,-5.660754,nan
1q8u,1q8u_582,4.450,-3.870120,nan
1q8u,1q8u_59,3.020,-2.470435,nan
1q8u,1q8u_592,1.270,-1.111138,nan
1q8u,1q8u_593,7.460,-7.592004,nan
1q8u,1q8u_595,1.460,-0.686786,nan
1q8u,1q8u_599,1.910,-1.770852,nan
1q8u,1q8u_605,3.700,-2.632874,nan
1q8u,1q8u_611,9.050,-8.463146,nan
1q8u,1q8u_617,3.270,-2.047100,nan
1q8u,1q8u_623,3.690,-2.716310,nan
1q8u,1q8u_646,1.990,-1.474885,nan
1q8u,1q8u_652,7.550,-7.898767,nan
1q8u,1q8u_653,5.360,-1.853767,nan
1q8u,1q8u_660,7.250,-7.848567,nan
1q8u,1q8u_664,2.950,-1.396551,nan
1q8u,1q8u_668,7.620,-7.820408,nan
1q8u,1q8u_669,4.920,-2.569199,nan
1q8u,1q8u_672,4.600,-3.443099,nan
1q8u,1q8u_678,8.330,-8.369436,nan
1q8u,1q8u_688,2.130,-1.459549,nan
1q8u,1q8u_693,6.270,-6.290450,nan
1q8u,1q8u_701,0.970,-0.467170,nan
1q8u,1q8u_702,0.970,-0.453955,nan
1q8u,1q8u_704,6.190,-5.055777,nan
1q8u,1q8u_726,5.090,-4.593544,nan
1q8u,1q8u_728,5.760,-1.168433,nan
1q8u,1q8u_732,7.770,-7.231718,nan
1q8u,1q8u_734,4.190,-3.896446,nan
1q8u,1q8u_735,5.050,-4.309929,nan
1q8u,1q8u_739,5.280,-4.376451,nan
1q8u,1q8u_741,7.300,-5.887147,nan
1q8u,1q8u_747,5.700,-5.479804,nan
1q8u,1q8u_748,8.760,-8.591591,nan
1q8u,1q8u_757,2.380,-1.783754,nan
1q8u,1q8u_76,7.680,-7.977704,nan
1q8u,1q8u_777,5.910,-4.996037,nan
1q8u,1q8u_782,4.950,-4.226356,nan
1q8u,1q8u_790,3.160,-2.060425,nan
1q8u,1q8u_796,0.540,-0.239513,nan
1q8u,1q8u_8,2.780,-1.966279,nan
1q8u,1q8u_822,4.590,-3.472052,nan
1q8u,1q8u_866,6.970,-5.887440,nan
1q8u,1q8u_875,6.740,-3.681306,nan
1q8u,1q8u_886,8.940,-8.596304,nan
1q8u,1q8u_891,6.600,-4.543120,nan
1q8u,1q8u_901,0.630,-0.429067,nan
1q8u,1q8u_902,0.690,-0.252014,nan
1q8u,1q8u_904,0.980,-0.478189,nan
1q8u,1q8u_909,0.700,-0.225639,nan
1q8u,1q8u_91,5.020,-2.238767,nan
1q8u,1q8u_913,1.570,-0.500730,nan
1q8u,1q8u_923,6.690,-7.166232,nan
1q8u,1q8u_975,8.190,-8.556705,nan
1qf1,1qf1_10,8.770,-5.794590,nan
1qf1,1qf1_104,9.910,-8.476592,nan
1qf1,1qf1_118,9.610,-8.555065,nan
1qf1,1qf1_127,6.450,-5.947906,nan
1qf1,1qf1_132,5.290,-1.380406,nan
1qf1,1qf1_141,2.670,-1.643041,nan
1qf1,1qf1_144,0.990,-0.516429,nan
1qf1,1qf1_148,7.820,-8.140938,nan
1qf1,1qf1_151,8.490,-7.892858,nan
1qf1,1qf1_161,9.660,-8.568307,nan
1qf1,1qf1_163,7.120,-6.093981,nan
1qf1,1qf1_188,9.250,-8.458313,nan
1qf1,1qf1_189,6.360,-3.852471,nan
1qf1,1qf1_195,7.350,-5.809742,nan
1qf1,1qf1_198,0.990,-0.415569,nan
1qf1,1qf1_200,9.830,-8.565478,nan
1qf1,1qf1_232,1.930,-0.697325,nan
1qf1,1qf1_244,4.960,-1.030388,nan
1qf1,1qf1_27,6.750,-1.450235,nan
1qf1,1qf1_29,1.900,-1.071725,nan
1qf1,1qf1_30,5.220,-1.944468,nan
1qf1,1qf1_301,3.040,-1.553444,nan
1qf1,1qf1_310,8.650,-8.224697,nan
1qf1,1qf1_314,9.270,-8.552502,nan
1qf1,1qf1_322,9.370,-8.549335,nan
1qf1,1qf1_337,8.550,-8.518375,nan
1qf1,1qf1_345,1.090,-0.869931,nan
1qf1,1qf1_351,8.590,-8.457187,nan
1qf1,1qf1_36,6.020,-4.348825,nan
1qf1,1qf1_370,5.400,-1.191724,nan
1qf1,1qf1_375,6.990,-4.897783,nan
1qf1,1qf1_377,7.980,-8.267236,nan
1qf1,1qf1_380,9.730,-8.552924,nan
1qf1,1qf1_382,9.140,-8.457546,nan
1qf1,1qf1_383,1.060,-0.573894,nan
1qf1,1qf1_385,8.700,-8.491869,nan
1qf1,1qf1_386,8.640,-8.075953,nan
1qf1,1qf1_389,1.150,-0.546238,nan
1qf1,1qf1_397,0.950,-0.990521,nan
1qf1,1qf1_399,8.560,-5.720560,nan
1qf1,1qf1_409,5.860,-1.431879,nan
1qf1,1qf1_419,2.460,-1.859949,nan
1qf1,1qf1_421,3.560,-3.140089,nan
1qf1,1qf1_424,4.330,-1.682629,nan
1qf1,1qf1_425,3.800,-3.324084,nan
1qf1,1qf1_434,3.960,-3.810095,nan
1qf1,1qf1_436,2.370,-1.773454,nan
1qf1,1qf1_438,4.570,-1.926669,nan
1qf1,1qf1_441,4.920,-1.167097,nan
1qf1,1qf1_448,3.670,-2.160235,nan
1qf1,1qf1_450,2.520,-2.520010,nan
1qf1,1qf1_466,4.440,-3.721808,nan
1qf1,1qf1_47,7.200,-6.193453,nan
1qf1,1qf1_470,2.720,-2.860272,nan
1qf1,1qf1_482,5.590,-2.368631,nan
1qf1,1qf1_483,4.390,-1.540269,nan
1qf1,1qf1_486,3.070,-2.097520,nan
1qf1,1qf1_488,3.950,-1.641854,nan
1qf1,1qf1_490,2.580,-2.347842,nan
1qf1,1qf1_5,7.580,-4.475769,nan
1qf1,1qf1_500,6.090,-3.713656,nan
1qf1,1qf1_507,8.600,-8.540886,nan
1qf1,1qf1_524,4.570,-1.687301,nan
1qf1,1qf1_536,3.870,-2.256269,nan
1qf1,1qf1_565,2.100,-2.142359,nan
1qf1,1qf1_569,7.290,-4.025895,nan
1qf1,1qf1_583,5.920,-4.601981,nan
1qf1,1qf1_584,3.830,-2.065468,nan
1qf1,1qf1_589,5.880,-5.043039,nan
1qf1,1qf1_591,6.580,-6.503150,nan
1qf1,1qf1_594,6.660,-3.578769,nan
1qf1,1qf1_603,4.420,-2.332966,nan
1qf1,1qf1_610,6.020,-5.244412,nan
1qf1,1qf1_63,6.600,-4.526758,nan
1qf1,1qf1_640,7.950,-5.499969,nan
1qf1,1qf1_648,5.100,-3.999233,nan
1qf1,1qf1_65,9.090,-6.637635,nan
1qf1,1qf1_658,5.160,-4.129879,nan
1qf1,1qf1_668,7.150,-6.059295,nan
1qf1,1qf1_679,8.940,-8.279555,nan
1qf1,1qf1_68,1.480,-1.276351,nan
1qf1,1qf1_683,4.860,-1.810344,nan
1qf1,1qf1_69,2.130,-1.969209,nan
1qf1,1qf1_727,0.560,-0.530054,nan
1qf1,1qf1_728,0.990,-0.496765,nan
1qf1,1qf1_734,1.380,-0.564428,nan
1qf1,1qf1_740,1.510,-0.664723,nan
1qf1,1qf1_741,1.490,-0.763586,nan
1qf1,1qf1_746,0.890,-0.609256,nan
1qf1,1qf1_76,7.700,-4.472335,nan
1qf1,1qf1_761,1.390,-0.705710,nan
1qf1,1qf1_763,4.270,-0.225769,nan
1qf1,1qf1_773,5.870,-1.403426,nan
1qf1,1qf1_791,0.920,-0.756605,nan
1qf1,1qf1_814,0.640,-0.634337,nan
1qf1,1qf1_855,2.470,-0.896591,nan
1qf1,1qf1_862,0.980,-0.769566,nan
1qf1,1qf1_895,0.440,-0.355267,nan
1qf1,1qf1_938,2.810,-0.588309,nan
1qf1,1qf1_943,3.900,-0.387536,nan
1qkt,1qkt_119,0.640,-0.208018,nan
1qkt,1qkt_132,1.200,-0.536990,nan
1qkt,1qkt_144,1.230,-0.631694,nan
1qkt,1qkt_150,0.920,-0.521898,nan
1qkt,1qkt_31,0.780,-0.192971,nan
1qkt,1qkt_404,1.170,-0.682035,nan
1qkt,1qkt_486,1.560,-0.954197,nan
1qkt,1qkt_500,4.560,-1.076371,nan
1qkt,1qkt_549,4.510,-0.739599,nan
1qkt,1qkt_55,0.700,-0.095979,nan
1qkt,1qkt_557,2.220,-1.450633,nan
1qkt,1qkt_594,2.370,-2.479114,nan
1qkt,1qkt_598,4.880,-1.933902,nan
1qkt,1qkt_608,2.180,-1.299835,nan
1qkt,1qkt_636,2.120,-2.037443,nan
1qkt,1qkt_640,1.960,-1.539533,nan
1qkt,1qkt_642,6.280,-4.900154,nan
1qkt,1qkt_647,6.000,-4.317877,nan
1qkt,1qkt_655,5.810,-4.752122,nan
1qkt,1qkt_661,2.420,-2.149386,nan
1qkt,1qkt_666,2.210,-1.313922,nan
1qkt,1qkt_674,2.060,-2.115883,nan
1qkt,1qkt_698,2.190,-1.982344,nan
1qkt,1qkt_714,0.570,-0.101352,nan
1qkt,1qkt_718,0.580,-0.045727,nan
1qkt,1qkt_728,0.780,-0.435183,nan
1qkt,1qkt_734,5.050,-1.732083,nan
1qkt,1qkt_735,3.010,-2.304273,nan
1qkt,1qkt_736,5.120,-1.904366,nan
1qkt,1qkt_737,5.070,-1.797474,nan
1qkt,1qkt_738,3.010,-2.304273,nan
1qkt,1qkt_740,5.110,-1.904366,nan
1qkt,1qkt_742,5.000,-2.020979,nan
1qkt,1qkt_744,3.010,-2.239542,nan
1qkt,1qkt_746,3.300,-2.309312,nan
1qkt,1qkt_750,4.630,-1.736380,nan
1qkt,1qkt_751,3.390,-2.499147,nan
1qkt,1qkt_752,1.510,-0.785470,nan
1qkt,1qkt_758,3.880,-2.661952,nan
1qkt,1qkt_762,3.810,-2.729408,nan
1qkt,1qkt_765,4.510,-0.648949,nan
1qkt,1qkt_766,4.540,-0.538915,nan
1qkt,1qkt_770,1.640,-0.689707,nan
1qkt,1qkt_774,4.090,-2.611153,nan
1qkt,1qkt_775,4.590,-0.786858,nan
1qkt,1qkt_776,2.150,-1.430513,nan
1qkt,1qkt_826,0.810,-0.277411,nan
1qkt,1qkt_834,0.640,-0.137739,nan
1qkt,1qkt_842,1.790,-0.984252,nan
1qkt,1qkt_848,5.140,-1.904366,nan
1qkt,1qkt_851,5.170,-1.617615,nan
1qkt,1qkt_855,3.020,-2.304273,nan
1qkt,1qkt_858,5.050,-1.681047,nan
1qkt,1qkt_86,0.470,-0.227000,nan
1qkt,1qkt_860,3.030,-2.325978,nan
1qkt,1qkt_862,4.530,-2.168860,nan
1qkt,1qkt_866,2.990,-2.229481,nan
1qkt,1qkt_867,5.670,-3.520286,nan
1qkt,1qkt_873,1.530,-0.801554,nan
1qkt,1qkt_875,3.040,-2.369759,nan
1qkt,1qkt_977,1.030,-0.678158,nan
1r5y,1r5y_113,0.440,-0.219921,nan
1r5y,1r5y_118,5.200,-4.705637,nan
1r5y,1r5y_167,0.160,-0.129288,nan
1r5y,1r5y_179,3.010,-1.481464,nan
1r5y,1r5y_180,0.670,-0.388131,nan
1r5y,1r5y_181,0.610,-0.484163,nan
1r5y,1r5y_197,3.340,-0.546912,nan
1r5y,1r5y_270,0.340,-0.262645,nan
1r5y,1r5y_317,1.570,-0.495999,nan
1r5y,1r5y_322,0.760,-0.240141,nan
1r5y,1r5y_324,3.510,-0.872368,nan
1r5y,1r5y_341,0.310,-0.259044,nan
1r5y,1r5y_397,4.270,-3.167221,nan
1r5y,1r5y_402,0.620,-0.503536,nan
1r5y,1r5y_405,1.760,-1.410167,nan
1r5y,1r5y_409,2.710,-2.498088,nan
1r5y,1r5y_412,3.610,-2.220918,nan
1r5y,1r5y_416,1.190,-1.047543,nan
1r5y,1r5y_423,1.080,-1.092067,nan
1r5y,1r5y_425,1.370,-1.157440,nan
1r5y,1r5y_426,2.900,-3.005883,nan
1r5y,1r5y_432,2.880,-2.475339,nan
1r5y,1r5y_434,3.030,-2.908313,nan
1r5y,1r5y_441,3.010,-2.028596,nan
1r5y,1r5y_443,4.220,-3.380970,nan
1r5y,1r5y_445,1.320,-1.219325,nan
1r5y,1r5y_452,1.290,-1.112534,nan
1r5y,1r5y_453,0.910,-0.552636,nan
1r5y,1r5y_464,3.820,-3.352948,nan
1r5y,1r5y_469,2.760,-0.452585,nan
1r5y,1r5y_477,1.400,-1.179098,nan
1r5y,1r5y_480,1.070,-0.577801,nan
1r5y,1r5y_496,1.080,-1.355870,nan
1r5y,1r5y_497,3.320,-2.962656,nan
1r5y,1r5y_498,2.400,-1.542690,nan
1r5y,1r5y_524,7.290,-5.966409,nan
1r5y,1r5y_537,5.710,-4.002278,nan
1r5y,1r5y_538,5.570,-4.940107,nan
1r5y,1r5y_540,2.800,-1.890311,nan
1r5y,1r5y_541,8.050,-6.841013,nan
1r5y,1r5y_542,5.040,-4.716951,nan
1r5y,1r5y_545,3.010,-2.509328,nan
1r5y,1r5y_547,4.070,-3.066318,nan
1r5y,1r5y_553,7.750,-7.911671,nan
1r5y,1r5y_562,7.510,-5.783664,nan
1r5y,1r5y_566,6.420,-4.420067,nan
1r5y,1r5y_568,7.960,-7.243658,nan
1r5y,1r5y_571,8.140,-6.980887,nan
1r5y,1r5y_579,5.400,-3.906472,nan
1r5y,1r5y_583,5.960,-5.261361,nan
1r5y,1r5y_584,6.810,-6.352052,nan
1r5y,1r5y_591,2.870,-1.852915,nan
1r5y,1r5y_592,6.280,-4.809920,nan
1r5y,1r5y_595,5.190,-3.185052,nan
1r5y,1r5y_599,3.160,-2.424870,nan
1r5y,1r5y_616,2.570,-1.390194,nan
1r5y,1r5y_639,4.240,-2.031932,nan
1r5y,1r5y_641,2.920,-2.904613,nan
1r5y,1r5y_686,4.890,-5.053316,nan
1r5y,1r5y_691,4.920,-4.570840,nan
1r5y,1r5y_694,4.360,-3.865699,nan
1r5y,1r5y_727,6.860,-6.090481,nan
1r5y,1r5y_732,8.150,-7.312430,nan
1r5y,1r5y_733,8.170,-7.312430,nan
1r5y,1r5y_735,8.300,-7.663605,nan
1r5y,1r5y_745,8.170,-8.165045,nan
1r5y,1r5y_746,5.630,-5.069673,nan
1r5y,1r5y_751,6.280,-6.054948,nan
1r5y,1r5y_755,5.820,-4.734281,nan
1r5y,1r5y_759,6.570,-5.927588,nan
1r5y,1r5y_762,8.070,-8.065523,nan
1r5y,1r5y_763,7.750,-7.552530,nan
1r5y,1r5y_766,7.850,-6.966956,nan
1r5y,1r5y_767,7.070,-8.381863,nan
1r5y,1r5y_770,7.840,-8.269458,nan
1r5y,1r5y_776,7.360,-7.480325,nan
1r5y,1r5y_777,5.710,-5.285977,nan
1r5y,1r5y_780,8.960,-8.276223,nan
1r5y,1r5y_782,8.590,-8.195459,nan
1r5y,1r5y_783,8.510,-8.041652,nan
1r5y,1r5y_785,9.650,-8.573749,nan
1r5y,1r5y_786,9.160,-8.557476,nan
1r5y,1r5y_787,9.340,-8.557476,nan
1r5y,1r5y_791,4.290,-3.700514,nan
1r5y,1r5y_820,2.280,-1.075292,nan
1r5y,1r5y_853,4.880,-4.324775,nan
1r5y,1r5y_868,7.130,-5.644394,nan
1r5y,1r5y_870,6.200,-5.903422,nan
1r5y,1r5y_883,6.560,-5.857706,nan
1r5y,1r5y_887,6.790,-7.014154,nan
1r5y,1r5y_90,0.480,-0.337591,nan
1r5y,1r5y_928,4.080,-3.899325,nan
1r5y,1r5y_987,6.390,-4.586939,nan
1s38,1s38_117,0.190,-0.252158,nan
1s38,1s38_123,5.360,-3.143276,nan
1s38,1s38_152,0.350,-0.331402,nan
1s38,1s38_305,0.470,-0.430216,nan
1s38,1s38_382,1.530,-1.713352,nan
1s38,1s38_404,0.860,-0.526222,nan
1s38,1s38_405,1.180,-1.104809,nan
1s38,1s38_425,3.260,-1.507450,nan
1s38,1s38_426,1.530,-0.968755,nan
1s38,1s38_430,0.880,-0.407872,nan
1s38,1s38_431,3.750,-1.648088,nan
1s38,1s38_432,0.840,-0.713635,nan
1s38,1s38_433,0.710,-0.554844,nan
1s38,1s38_434,3.680,-1.952093,nan
1s38,1s38_436,4.110,-2.783418,nan
1s38,1s38_447,4.220,-3.327657,nan
1s38,1s38_448,3.300,-2.121478,nan
1s38,1s38_459,2.660,-1.549358,nan
1s38,1s38_460,2.710,-2.049605,nan
1s38,1s38_462,1.910,-1.829025,nan
1s38,1s38_464,1.020,-1.355099,nan
1s38,1s38_474,3.000,-1.570111,nan
1s38,1s38_475,4.670,-1.724162,nan
1s38,1s38_480,3.060,-2.156763,nan
1s38,1s38_485,0.990,-0.950684,nan
1s38,1s38_490,2.580,-1.269988,nan
1s38,1s38_495,3.090,-1.636649,nan
1s38,1s38_496,4.140,-2.523869,nan
1s38,1s38_499,2.210,-1.900039,nan
1s38,1s38_500,2.730,-1.032662,nan
1s38,1s38_510,1.360,-0.637360,nan
1s38,1s38_514,1.460,-1.299761,nan
1s38,1s38_526,1.240,-1.245100,nan
1s38,1s38_527,7.100,-6.512882,nan
1s38,1s38_537,7.100,-6.585340,nan
1s38,1s38_542,2.090,-1.610421,nan
1s38,1s38_545,4.220,-3.272591,nan
1s38,1s38_548,4.860,-3.568347,nan
1s38,1s38_549,6.720,-4.342946,nan
1s38,1s38_550,4.920,-4.907982,nan
1s38,1s38_551,6.270,-5.107345,nan
1s38,1s38_552,6.730,-6.546119,nan
1s38,1s38_553,1.660,-1.525767,nan
1s38,1s38_557,5.210,-4.436264,nan
1s38,1s38_565,6.020,-5.197599,nan
1s38,1s38_568,6.440,-6.145826,nan
1s38,1s38_572,5.960,-4.681423,nan
1s38,1s38_576,6.440,-6.110068,nan
1s38,1s38_583,6.370,-4.156255,nan
1s38,1s38_584,7.710,-7.932767,nan
1s38,1s38_588,6.310,-5.650824,nan
1s38,1s38_590,5.210,-3.944863,nan
1s38,1s38_591,3.290,-1.163630,nan
1s38,1s38_592,7.460,-5.895704,nan
1s38,1s38_593,5.630,-4.764347,nan
1s38,1s38_594,5.140,-4.128969,nan
1s38,1s38_596,6.630,-6.917128,nan
1s38,1s38_598,5.770,-5.217587,nan
1s38,1s38_600,6.450,-5.232567,nan
1s38,1s38_614,4.240,-0.832508,nan
1s38,1s38_628,2.000,-1.491494,nan
1s38,1s38_653,2.400,-1.703575,nan
1s38,1s38_658,4.850,-2.527809,nan
1s38,1s38_659,2.640,-2.115646,nan
1s38,1s38_675,3.240,-2.676387,nan
1s38,1s38_678,2.480,-2.211044,nan
1s38,1s38_688,5.190,-3.516995,nan
1s38,1s38_714,9.140,-8.497923,nan
1s38,1s38_715,9.120,-8.497923,nan
1s38,1s38_725,9.270,-8.401284,nan
1s38,1s38_730,9.350,-8.521818,nan
1s38,1s38_741,8.880,-8.304755,nan
1s38,1s38_75,0.300,-0.328287,nan
1s38,1s38_752,8.340,-7.738807,nan
1s38,1s38_765,7.580,-7.129222,nan
1s38,1s38_774,8.340,-8.085887,nan
1s38,1s38_779,7.780,-6.521148,nan
1s38,1s38_785,7.240,-6.901558,nan
1s38,1s38_787,5.570,-5.442791,nan
1s38,1s38_790,8.370,-6.791563,nan
1s38,1s38_792,3.090,-1.721455,nan
1s38,1s38_793,5.000,-4.958688,nan
1s38,1s38_795,3.600,-1.555579,nan
1s38,1s38_82,0.420,-0.254936,nan
1s38,1s38_822,9.170,-8.497923,nan
1s38,1s38_845,9.200,-8.401284,nan
1s38,1s38_850,8.740,-8.337156,nan
1s38,1s38_853,8.890,-8.263783,nan
1s38,1s38_871,8.150,-8.367749,nan
1s38,1s38_886,5.740,-5.447092,nan
1s38,1s38_888,8.400,-7.748813,nan
1s38,1s38_893,7.770,-7.900668,nan
1s38,1s38_940,9.150,-8.497923,nan
1s38,1s38_942,9.140,-8.497923,nan
1s38,1s38_961,8.720,-8.402790,nan
1s38,1s38_964,9.370,-8.521818,nan
1s38,1s38_969,8.880,-8.402790,nan
1s38,1s38_976,9.280,-8.521818,nan
1s38,1s38_981,7.940,-8.103509,nan
1s38,1s38_985,7.170,-7.150533,nan
1sqa,1sqa_120,1.880,-1.058065,nan
1sqa,1sqa_145,7.300,-2.356936,nan
1sqa,1sqa_177,1.070,-0.323639,nan
1sqa,1sqa_20,2.250,-0.400513,nan
1sqa,1sqa_238,4.200,-2.936400,nan
1sqa,1sqa_258,1.920,-0.709183,nan
1sqa,1sqa_322,0.790,-0.564002,nan
1sqa,1sqa_357,0.620,-0.369022,nan
1sqa,1sqa_366,0.830,-0.827209,nan
1sqa,1sqa_411,3.700,-2.149167,nan
1sqa,1sqa_415,2.940,-0.840718,nan
1sqa,1sqa_418,7.430,-2.186614,nan
1sqa,1sqa_425,2.770,-1.411790,nan
1sqa,1sqa_426,4.020,-2.711844,nan
1sqa,1sqa_427,2.330,-1.079318,nan
1sqa,1sqa_430,7.170,-3.290757,nan
1sqa,1sqa_433,1.250,-0.685625,nan
1sqa,1sqa_436,2.140,-1.586608,nan
1sqa,1sqa_442,8.100,-1.975571,nan
1sqa,1sqa_445,2.110,-1.621290,nan
1sqa,1sqa_448,0.880,-0.979882,nan
1sqa,1sqa_449,4.050,-2.843904,nan
1sqa,1sqa_458,5.560,-2.213996,nan
1sqa,1sqa_473,5.810,-3.338890,nan
1sqa,1sqa_474,6.240,-1.804393,nan
1sqa,1sqa_475,6.780,-1.622764,nan
1sqa,1sqa_476,3.390,-3.134076,nan
1sqa,1sqa_479,3.210,-2.317518,nan
1sqa,1sqa_481,4.580,-3.411152,nan
1sqa,1sqa_486,5.910,-3.811675,nan
1sqa,1sqa_490,7.120,-3.403132,nan
1sqa,1sqa_496,1.770,-1.794086,nan
1sqa,1sqa_499,3.060,-1.946145,nan
1sqa,1sqa_517,4.950,-4.683983,nan
1sqa,1sqa_524,3.100,-1.655215,nan
1sqa,1sqa_526,3.790,-3.205804,nan
1sqa,1sqa_530,6.010,-5.183748,nan
1sqa,1sqa_531,7.310,-5.303174,nan
1sqa,1sqa_532,5.090,-5.125542,nan
1sqa,1sqa_537,1.980,-1.659764,nan
1sqa,1sqa_539,8.340,-3.307383,nan
1sqa,1sqa_543,2.700,-2.821864,nan
1sqa,1sqa_547,5.390,-5.787022,nan
1sqa,1sqa_548,4.800,-5.119856,nan
1sqa,1sqa_549,3.630,-2.406100,nan
1sqa,1sqa_556,5.230,-4.093146,nan
1sqa,1sqa_557,5.130,-4.881898,nan
1sqa,1sqa_560,1.870,-1.315039,nan
1sqa,1sqa_573,5.650,-5.661741,nan
1sqa,1sqa_575,6.220,-6.919147,nan
1sqa,1sqa_581,4.300,-3.850917,nan
1sqa,1sqa_588,4.550,-3.435886,nan
1sqa,1sqa_589,1.490,-1.163218,nan
1sqa,1sqa_597,5.900,-4.723986,nan
1sqa,1sqa_610,1.740,-1.454021,nan
1sqa,1sqa_620,8.060,-2.616075,nan
1sqa,1sqa_635,2.150,-1.971705,nan
1sqa,1sqa_637,8.180,-3.216822,nan
1sqa,1sqa_638,2.810,-2.394899,nan
1sqa,1sqa_643,6.800,-2.400084,nan
1sqa,1sqa_644,6.990,-2.618861,nan
1sqa,1sqa_650,3.720,-4.109005,nan
1sqa,1sqa_654,3.330,-3.506504,nan
1sqa,1sqa_662,8.470,-3.048622,nan
1sqa,1sqa_668,9.160,-5.195529,nan
1sqa,1sqa_669,8.040,-2.702830,nan
1sqa,1sqa_672,6.820,-2.156397,nan
1sqa,1sqa_679,4.610,-4.817766,nan
1sqa,1sqa_682,5.490,-5.006041,nan
1sqa,1sqa_687,6.840,-2.092782,nan
1sqa,1sqa_692,1.350,-1.410093,nan
1sqa,1sqa_693,7.310,-2.807837,nan
1sqa,1sqa_696,7.650,-2.370517,nan
1sqa,1sqa_747,0.720,-0.650007,nan
1sqa,1sqa_761,0.950,-0.539840,nan
1sqa,1sqa_776,0.650,-0.795855,nan
1sqa,1sqa_787,0.640,-0.335534,nan
1sqa,1sqa_788,0.940,-1.023760,nan
1sqa,1sqa_789,0.770,-0.703010,nan
1sqa,1sqa_808,7.590,-2.722343,nan
1sqa,1sqa_819,6.980,-2.277609,nan
1sqa,1sqa_827,2.060,-0.693605,nan
1sqa,1sqa_836,6.030,-6.477297,nan
1sqa,1sqa_839,9.550,-8.565821,nan
1sqa,1sqa_845,8.760,-4.243389,nan
1sqa,1sqa_849,8.000,-7.113559,nan
1sqa,1sqa_854,8.320,-3.974589,nan
1sqa,1sqa_857,4.780,-5.791781,nan
1sqa,1sqa_860,9.010,-4.327507,nan
1sqa,1sqa_867,7.100,-3.061953,nan
1sqa,1sqa_870,8.300,-4.438720,nan
1sqa,1sqa_88,3.640,-1.780805,nan
1syi,1syi_162,0.310,-0.225329,nan
1syi,1syi_234,0.380,-0.375561,nan
1syi,1syi_259,0.630,-0.375280,nan
1syi,1syi_353,0.210,-0.330480,nan
1syi,1syi_402,0.700,-0.909043,nan
1syi,1syi_411,0.890,-0.505632,nan
1syi,1syi_418,2.610,-0.807908,nan
1syi,1syi_423,0.900,-0.907102,nan
1syi,1syi_424,4.490,-2.725942,nan
1syi,1syi_425,3.040,-1.295431,nan
1syi,1syi_426,4.520,-2.263834,nan
1syi,1syi_433,0.910,-0.645662,nan
1syi,1syi_444,1.260,-0.843198,nan
1syi,1syi_448,1.480,-1.084115,nan
1syi,1syi_454,3.660,-3.894113,nan
1syi,1syi_457,0.980,-0.868551,nan
1syi,1syi_465,0.920,-1.001659,nan
1syi,1syi_476,2.810,-1.441085,nan
1syi,1syi_489,3.580,-2.016547,nan
1syi,1syi_495,3.880,-1.716839,nan
1syi,1syi_540,1.930,-0.746469,nan
1syi,1syi_545,4.080,-1.765339,nan
1syi,1syi_554,3.200,-2.000463,nan
1syi,1syi_559,4.090,-2.521061,nan
1syi,1syi_560,2.740,-1.533742,nan
1syi,1syi_562,2.690,-1.398291,nan
1syi,1syi_570,1.710,-1.185918,nan
1syi,1syi_571,3.960,-2.261264,nan
1syi,1syi_573,2.240,-0.988974,nan
1syi,1syi_577,4.050,-2.695495,nan
1syi,1syi_580,1.560,-1.120907,nan
1syi,1syi_598,3.860,-1.997258,nan
1syi,1syi_618,1.950,-1.784409,nan
1syi,1syi_619,3.110,-2.413850,nan
1syi,1syi_637,2.830,-1.272776,nan
1syi,1syi_659,1.900,-1.163057,nan
1syi,1syi_660,2.030,-1.616798,nan
1syi,1syi_667,1.470,-1.796672,nan
1syi,1syi_675,3.150,-0.879357,nan
1syi,1syi_683,2.380,-2.187520,nan
1syi,1syi_685,4.350,-1.765892,nan
1syi,1syi_725,1.510,-1.082096,nan
1syi,1syi_733,3.790,-1.847091,nan
1syi,1syi_736,4.140,-2.306533,nan
1syi,1syi_740,2.890,-2.798096,nan
1syi,1syi_763,4.120,-2.420398,nan
1syi,1syi_777,4.290,-2.378625,nan
1syi,1syi_788,4.090,-1.560401,nan
1syi,1syi_793,2.400,-2.045462,nan
1syi,1syi_795,1.980,-1.760794,nan
1u1b,1u1b_124,8.340,-6.445760,nan
1u1b,1u1b_149,6.530,-5.580253,nan
1u1b,1u1b_150,6.520,-5.844620,nan
1u1b,1u1b_154,8.020,-7.875895,nan
1u1b,1u1b_155,9.860,-7.409383,nan
1u1b,1u1b_157,7.200,-5.778103,nan
1u1b,1u1b_160,9.620,-8.294065,nan
1u1b,1u1b_166,7.930,-4.350247,nan
1u1b,1u1b_171,9.630,-8.007307,nan
1u1b,1u1b_172,5.200,-4.666203,nan
1u1b,1u1b_176,7.710,-5.811215,nan
1u1b,1u1b_18,8.260,-3.505630,nan
1u1b,1u1b_183,8.600,-5.384078,nan
1u1b,1u1b_191,9.580,-8.314108,nan
1u1b,1u1b_195,4.290,-3.724288,nan
1u1b,1u1b_196,6.930,-6.245240,nan
1u1b,1u1b_198,6.300,-5.434475,nan
1u1b,1u1b_2,2.800,-0.544766,nan
1u1b,1u1b_21,9.030,-8.051220,nan
1u1b,1u1b_214,2.420,-0.452884,nan
1u1b,1u1b_220,9.260,-4.365468,nan
1u1b,1u1b_224,7.720,-6.541458,nan
1u1b,1u1b_232,4.240,-2.816089,nan
1u1b,1u1b_237,6.890,-3.205390,nan
1u1b,1u1b_24,5.470,-3.245546,nan
1u1b,1u1b_255,8.890,-3.018270,nan
1u1b,1u1b_256,6.620,-4.885594,nan
1u1b,1u1b_258,2.450,-0.992159,nan
1u1b,1u1b_26,2.850,-1.018905,nan
1u1b,1u1b_260,5.040,-3.801813,nan
1u1b,1u1b_263,9.130,-4.188533,nan
1u1b,1u1b_27,5.980,-4.525112,nan
1u1b,1u1b_275,3.330,-0.793982,nan
1u1b,1u1b_277,7.850,-6.460710,nan
1u1b,1u1b_28,8.790,-6.113353,nan
1u1b,1u1b_295,3.780,-1.841531,nan
1u1b,1u1b_298,3.180,-0.642459,nan
1u1b,1u1b_3,5.810,-4.241738,nan
1u1b,1u1b_30,3.390,-1.386694,nan
1u1b,1u1b_330,9.730,-8.168188,nan
1u1b,1u1b_331,7.860,-7.331237,nan
1u1b,1u1b_340,7.280,-0.569664,nan
1u1b,1u1b_351,6.200,-4.300637,nan
1u1b,1u1b_356,3.810,-1.190536,nan
1u1b,1u1b_385,8.260,-6.788442,nan
1u1b,1u1b_388,6.960,-6.479899,nan
1u1b,1u1b_390,9.790,-8.177591,nan
1u1b,1u1b_40,7.980,-4.542645,nan
1u1b,1u1b_430,4.200,-1.667153,nan
1u1b,1u1b_432,5.690,-2.697092,nan
1u1b,1u1b_435,5.560,-4.250606,nan
1u1b,1u1b_444,3.890,-2.327503,nan
1u1b,1u1b_468,3.360,-2.879437,nan
1u1b,1u1b_491,4.950,-2.494278,nan
1u1b,1u1b_494,5.020,-2.641349,nan
1u1b,1u1b_496,7.110,-3.882517,nan
1u1b,1u1b_50,8.140,-5.948782,nan
1u1b,1u1b_507,4.500,-2.348742,nan
1u1b,1u1b_55,6.190,-5.460062,nan
1u1b,1u1b_553,3.660,-1.336517,nan
1u1b,1u1b_558,2.340,-1.308100,nan
1u1b,1u1b_569,9.020,-6.588868,nan
1u1b,1u1b_571,4.850,-3.387697,nan
1u1b,1u1b_578,5.740,-4.621808,nan
1u1b,1u1b_588,8.210,-7.596304,nan
1u1b,1u1b_644,6.460,-3.967502,nan
1u1b,1u1b_658,7.920,-7.467827,nan
1u1b,1u1b_678,5.600,-3.267956,nan
1u1b,1u1b_694,4.600,-2.556372,nan
1u1b,1u1b_765,1.820,-0.293563,nan
1u1b,1u1b_768,2.200,-0.458216,nan
1u1b,1u1b_769,4.680,-3.199376,nan
1u1b,1u1b_79,2.800,-0.421147,nan
1u1b,1u1b_8,3.690,-0.310138,nan
1u1b,1u1b_826,2.530,-0.695842,nan
1u1b,1u1b_834,2.650,-1.008945,nan
1u1b,1u1b_86,8.210,-6.278958,nan
1u1b,1u1b_919,2.040,-0.474798,nan
1u1b,1u1b_929,1.970,-0.407463,nan
1u1b,1u1b_933,4.940,-2.956767,nan
1u1b,1u1b_95,3.290,-2.217576,nan
1u1b,1u1b_97,4.020,-1.097227,nan
1uto,1uto_10,3.150,-2.541579,nan
1uto,1uto_203,1.760,-0.969099,nan
1uto,1uto_24,1.490,-1.156222,nan
1uto,1uto_290,2.230,-1.329015,nan
1uto,1uto_36,3.570,-1.487942,nan
1uto,1uto_414,4.250,-1.827223,nan
1uto,1uto_428,0.710,-0.844392,nan
1uto,1uto_451,2.060,-1.357984,nan
1uto,1uto_494,3.090,-2.871964,nan
1uto,1uto_495,2.180,-1.622618,nan
1uto,1uto_521,2.910,-0.735018,nan
1uto,1uto_547,2.190,-1.315107,nan
1uto,1uto_549,1.900,-1.118474,nan
1uto,1uto_563,3.210,-1.527133,nan
1uto,1uto_564,3.100,-0.812881,nan
1uto,1uto_569,2.780,-0.958649,nan
1uto,1uto_577,2.560,-1.519482,nan
1uto,1uto_580,2.550,-1.589691,nan
1uto,1uto_593,1.850,-1.081781,nan
1uto,1uto_594,3.070,-1.635971,nan
1uto,1uto_640,1.460,-0.978233,nan
1uto,1uto_686,1.720,-1.245672,nan
1uto,1uto_688,2.640,-1.163702,nan
1uto,1uto_698,3.360,-1.171222,nan
1uto,1uto_738,3.420,-2.828288,nan
1uto,1uto_743,1.480,-0.650131,nan
1uto,1uto_752,5.750,-4.661421,nan
1uto,1uto_757,5.770,-4.725529,nan
1uto,1uto_762,4.380,-2.223560,nan
1uto,1uto_765,5.670,-4.725529,nan
1uto,1uto_768,5.590,-4.898290,nan
1uto,1uto_770,5.480,-4.914530,nan
1uto,1uto_772,5.540,-4.764798,nan
1uto,1uto_774,3.990,-2.141059,nan
1uto,1uto_775,5.470,-4.787134,nan
1uto,1uto_777,4.030,-1.993629,nan
1uto,1uto_783,5.340,-4.371721,nan
1uto,1uto_784,4.490,-3.605551,nan
1uto,1uto_785,5.000,-3.701956,nan
1uto,1uto_786,4.420,-2.670608,nan
1uto,1uto_789,2.460,-2.136931,nan
1uto,1uto_790,5.030,-3.753334,nan
1uto,1uto_791,5.470,-4.729589,nan
1uto,1uto_792,4.240,-1.243627,nan
1uto,1uto_823,4.050,-1.057725,nan
1uto,1uto_826,0.770,-0.516444,nan
1uto,1uto_834,0.670,-0.433916,nan
1uto,1uto_837,0.720,-0.473141,nan
1uto,1uto_841,0.740,-0.306594,nan
1uto,1uto_877,4.720,-4.089151,nan
1uto,1uto_878,1.930,-1.672774,nan
1uto,1uto_885,4.020,-1.595446,nan
1uto,1uto_887,3.430,-1.152030,nan
1uto,1uto_918,1.590,-0.300987,nan
1uto,1uto_962,0.740,-0.638162,nan
1uto,1uto_965,0.680,-0.309551,nan
1uto,1uto_966,0.910,-0.936315,nan
1uto,1uto_971,1.800,-0.984817,nan
1uto,1uto_972,0.700,-0.503810,nan
1uto,1uto_991,0.810,-0.853110,nan
1vso,1vso_115,0.670,-0.754338,nan
1vso,1vso_174,1.070,-1.530692,nan
1vso,1vso_198,0.580,-1.146119,nan
1vso,1vso_214,1.100,-1.450865,nan
1vso,1vso_219,2.880,-3.035310,nan
1vso,1vso_243,0.300,-1.139174,nan
1vso,1vso_254,0.990,-1.404868,nan
1vso,1vso_273,0.960,-1.360090,nan
1vso,1vso_301,0.600,-1.012249,nan
1vso,1vso_310,0.840,-1.191061,nan
1vso,1vso_358,1.650,-1.992419,nan
1vso,1vso_363,1.000,-1.214565,nan
1vso,1vso_378,1.240,-1.625179,nan
1vso,1vso_379,3.500,-2.342535,nan
1vso,1vso_392,1.290,-1.537785,nan
1vso,1vso_401,2.140,-1.990020,nan
1vso,1vso_407,3.530,-1.826163,nan
1vso,1vso_424,1.920,-1.388819,nan
1vso,1vso_433,3.050,-1.559590,nan
1vso,1vso_436,2.930,-1.811713,nan
1vso,1vso_439,2.240,-2.164432,nan
1vso,1vso_444,4.430,-3.359557,nan
1vso,1vso_445,6.190,-6.403774,nan
1vso,1vso_449,2.280,-2.870251,nan
1vso,1vso_461,6.160,-7.270550,nan
1vso,1vso_470,3.040,-1.956465,nan
1vso,1vso_487,2.750,-3.664858,nan
1vso,1vso_493,4.800,-3.012866,nan
1vso,1vso_494,4.180,-3.169918,nan
1vso,1vso_496,6.200,-6.006330,nan
1vso,1vso_497,4.670,-3.344661,nan
1vso,1vso_501,2.340,-2.552574,nan
1vso,1vso_516,3.870,-3.170741,nan
1vso,1vso_522,6.810,-6.321758,nan
1vso,1vso_545,3.940,-3.462547,nan
1vso,1vso_547,6.170,-5.641271,nan
1vso,1vso_549,5.220,-2.618741,nan
1vso,1vso_557,5.300,-4.357734,nan
1vso,1vso_558,5.660,-4.252763,nan
1vso,1vso_571,4.360,-2.184737,nan
1vso,1vso_573,5.830,-6.282862,nan
1vso,1vso_575,2.900,-1.059767,nan
1vso,1vso_577,4.660,-3.342320,nan
1vso,1vso_579,6.500,-7.488450,nan
1vso,1vso_580,7.110,-5.444754,nan
1vso,1vso_581,3.250,-2.161587,nan
1vso,1vso_585,6.290,-5.198907,nan
1vso,1vso_596,3.620,-4.224805,nan
1vso,1vso_597,4.400,-2.551894,nan
1vso,1vso_609,4.410,-3.857791,nan
1vso,1vso_617,5.580,-4.772559,nan
1vso,1vso_618,2.800,-2.426388,nan
1vso,1vso_624,3.390,-2.043264,nan
1vso,1vso_630,5.680,-7.983275,nan
1vso,1vso_631,5.590,-4.124481,nan
1vso,1vso_636,5.060,-4.215471,nan
1vso,1vso_642,7.000,-7.360867,nan
1vso,1vso_644,3.030,-3.281216,nan
1vso,1vso_677,5.880,-5.178878,nan
1vso,1vso_685,6.390,-4.708040,nan
1vso,1vso_732,4.220,-3.381436,nan
1vso,1vso_74,0.670,-1.103318,nan
1vso,1vso_753,6.590,-4.911004,nan
1vso,1vso_838,4.530,-4.451004,nan
1vso,1vso_840,5.200,-4.735321,nan
1vso,1vso_850,1.490,-1.808480,nan
1vso,1vso_910,0.760,-1.083962,nan
1vso,1vso_954,1.570,-2.214850,nan
1vso,1vso_957,2.410,-3.571782,nan
1vso,1vso_963,1.990,-2.756801,nan
1vso,1vso_978,1.350,-0.979752,nan
1w4o,1w4o_101,6.920,-2.984803,nan
1w4o,1w4o_119,3.590,-0.536740,nan
1w4o,1w4o_170,6.590,-2.742777,nan
1w4o,1w4o_178,7.640,-6.783887,nan
1w4o,1w4o_194,3.050,-2.700213,nan
1w4o,1w4o_200,6.980,-4.817521,nan
1w4o,1w4o_246,0.910,-0.647195,nan
1w4o,1w4o_273,0.680,-0.334958,nan
1w4o,1w4o_274,0.820,-0.334989,nan
1w4o,1w4o_3,1.100,-0.426929,nan
1w4o,1w4o_307,7.240,-3.267801,nan
1w4o,1w4o_313,0.810,-0.269522,nan
1w4o,1w4o_330,0.910,-0.355842,nan
1w4o,1w4o_338,7.270,-3.222028,nan
1w4o,1w4o_339,0.760,-0.419452,nan
1w4o,1w4o_353,7.480,-3.712018,nan
1w4o,1w4o_367,0.690,-0.357084,nan
1w4o,1w4o_371,5.610,-5.656536,nan
1w4o,1w4o_376,0.670,-0.324318,nan
1w4o,1w4o_391,0.950,-0.266581,nan
1w4o,1w4o_401,3.120,-0.885441,nan
1w4o,1w4o_405,5.970,-1.850740,nan
1w4o,1w4o_410,3.580,-1.776494,nan
1w4o,1w4o_413,3.390,-2.194270,nan
1w4o,1w4o_415,2.980,-0.584738,nan
1w4o,1w4o_424,4.320,-3.387267,nan
1w4o,1w4o_426,7.280,-5.204493,nan
1w4o,1w4o_435,2.090,-1.325560,nan
1w4o,1w4o_438,3.750,-1.610983,nan
1w4o,1w4o_450,2.340,-1.667071,nan
1w4o,1w4o_456,2.900,-2.009081,nan
1w4o,1w4o_480,3.400,-1.732167,nan
1w4o,1w4o_498,5.730,-1.362069,nan
1w4o,1w4o_509,5.290,-1.818624,nan
1w4o,1w4o_521,1.390,-0.952151,nan
1w4o,1w4o_532,7.270,-2.783648,nan
1w4o,1w4o_541,4.380,-2.789420,nan
1w4o,1w4o_542,2.020,-2.121111,nan
1w4o,1w4o_549,4.920,-1.978895,nan
1w4o,1w4o_550,6.580,-4.414301,nan
1w4o,1w4o_572,7.510,-3.429935,nan
1w4o,1w4o_573,7.310,-3.278372,nan
1w4o,1w4o_585,6.030,-1.560537,nan
1w4o,1w4o_596,5.880,-1.250929,nan
1w4o,1w4o_597,1.640,-1.302810,nan
1w4o,1w4o_602,2.410,-0.480903,nan
1w4o,1w4o_606,1.930,-0.995228,nan
1w4o,1w4o_642,4.050,-1.702090,nan
1w4o,1w4o_655,7.800,-4.051407,nan
1w4o,1w4o_658,7.040,-4.657006,nan
1w4o,1w4o_666,6.170,-3.838975,nan
1w4o,1w4o_675,2.360,-1.375644,nan
1w4o,1w4o_679,5.510,-2.891774,nan
1w4o,1w4o_692,4.750,-2.836210,nan
1w4o,1w4o_704,1.790,-1.003440,nan
1w4o,1w4o_741,6.040,-3.016262,nan
1w4o,1w4o_746,5.780,-5.306491,nan
1w4o,1w4o_747,5.950,-1.897906,nan
1w4o,1w4o_748,4.710,-2.118265,nan
1w4o,1w4o_749,2.050,-1.206108,nan
1w4o,1w4o_751,2.540,-1.224115,nan
1w4o,1w4o_752,4.590,-2.697226,nan
1w4o,1w4o_754,3.920,-3.104076,nan
1w4o,1w4o_757,1.670,-0.559715,nan
1w4o,1w4o_761,1.020,-0.834662,nan
1w4o,1w4o_762,6.500,-1.592560,nan
1w4o,1w4o_788,4.110,-2.741270,nan
1w4o,1w4o_804,2.480,-1.521470,nan
1w4o,1w4o_827,6.030,-2.005875,nan
1w4o,1w4o_829,9.390,-8.469852,nan
1w4o,1w4o_833,1.630,-0.802031,nan
1w4o,1w4o_841,8.230,-5.973725,nan
1w4o,1w4o_844,6.380,-0.822592,nan
1w4o,1w4o_846,8.580,-8.528481,nan
1w4o,1w4o_851,4.230,-1.067333,nan
1w4o,1w4o_854,3.030,-1.445325,nan
1w4o,1w4o_856,5.220,-2.588666,nan
1w4o,1w4o_859,5.370,-3.189782,nan
1w4o,1w4o_870,1.070,-0.342100,nan
1w4o,1w4o_917,1.470,-0.498738,nan
1w4o,1w4o_928,0.600,-0.237705,nan
1w4o,1w4o_940,4.010,-0.940777,nan
1w4o,1w4o_960,3.850,-0.746065,nan
1y6r,1y6r_232,0.460,-0.222581,nan
1y6r,1y6r_288,0.720,-0.301266,nan
1y6r,1y6r_405,5.330,-1.434749,nan
1y6r,1y6r_406,2.640,-2.097258,nan
1y6r,1y6r_413,5.540,-1.734733,nan
1y6r,1y6r_419,5.130,-1.955055,nan
1y6r,1y6r_424,3.000,-1.493976,nan
1y6r,1y6r_429,1.880,-0.636908,nan
1y6r,1y6r_430,3.020,-2.900407,nan
1y6r,1y6r_434,2.080,-1.429228,nan
1y6r,1y6r_438,5.190,-1.123730,nan
1y6r,1y6r_440,1.910,-1.346505,nan
1y6r,1y6r_445,3.100,-1.814258,nan
1y6r,1y6r_450,3.450,-3.109809,nan
1y6r,1y6r_455,2.170,-1.929549,nan
1y6r,1y6r_457,5.400,-1.806891,nan
1y6r,1y6r_463,5.490,-1.684981,nan
1y6r,1y6r_473,1.830,-1.817891,nan
1y6r,1y6r_476,2.320,-1.786994,nan
1y6r,1y6r_480,2.340,-1.341227,nan
1y6r,1y6r_481,1.460,-1.153989,nan
1y6r,1y6r_482,5.130,-2.373205,nan
1y6r,1y6r_484,4.960,-1.896496,nan
1y6r,1y6r_496,2.700,-1.659871,nan
1y6r,1y6r_510,2.130,-2.322120,nan
1y6r,1y6r_535,1.450,-1.628407,nan
1y6r,1y6r_551,6.160,-4.122562,nan
1y6r,1y6r_570,1.340,-1.477702,nan
1y6r,1y6r_572,2.250,-2.503776,nan
1y6r,1y6r_575,4.900,-3.504817,nan
1y6r,1y6r_579,1.320,-1.392926,nan
1y6r,1y6r_595,2.510,-2.106853,nan
1y6r,1y6r_603,4.890,-3.241518,nan
1y6r,1y6r_604,4.860,-3.202525,nan
1y6r,1y6r_613,4.850,-3.815721,nan
1y6r,1y6r_645,1.390,-1.123165,nan
1y6r,1y6r_650,5.240,-3.294444,nan
1y6r,1y6r_652,5.210,-4.211235,nan
1y6r,1y6r_655,1.570,-1.539971,nan
1y6r,1y6r_656,4.560,-3.738189,nan
1y6r,1y6r_657,4.860,-3.391271,nan
1y6r,1y6r_661,5.290,-2.551240,nan
1y6r,1y6r_666,6.030,-3.657849,nan
1y6r,1y6r_678,4.910,-2.582033,nan
1y6r,1y6r_694,4.990,-3.989352,nan
1y6r,1y6r_696,6.330,-6.391824,nan
1y6r,1y6r_698,4.640,-3.733504,nan
1y6r,1y6r_734,1.130,-0.457480,nan
1y6r,1y6r_806,0.600,-0.238776,nan
1y6r,1y6r_808,0.570,-0.185314,nan
1y6r,1y6r_809,0.670,-0.371469,nan
1y6r,1y6r_819,0.370,-0.237769,nan
1y6r,1y6r_858,0.780,-0.241705,nan
1y6r,1y6r_925,0.880,-0.307749,nan
1y6r,1y6r_947,0.540,-0.172507,nan
1y6r,1y6r_968,0.600,-0.379357,nan
1yc1,1yc1_130,1.070,-1.515429,nan
1yc1,1yc1_134,1.080,-0.835628,nan
1yc1,1yc1_14,3.750,-1.148860,nan
1yc1,1yc1_159,0.310,-0.992795,nan
1yc1,1yc1_196,0.840,-0.914203,nan
1yc1,1yc1_199,0.590,-1.049265,nan
1yc1,1yc1_205,0.510,-0.617711,nan
1yc1,1yc1_214,1.240,-1.070885,nan
1yc1,1yc1_220,1.050,-0.688667,nan
1yc1,1yc1_246,0.960,-0.749423,nan
1yc1,1yc1_254,2.560,-1.335024,nan
1yc1,1yc1_281,1.070,-1.173423,nan
1yc1,1yc1_289,0.840,-0.534535,nan
1yc1,1yc1_29,1.000,-0.839599,nan
1yc1,1yc1_293,0.790,-1.072426,nan
1yc1,1yc1_296,2.030,-1.012686,nan
1yc1,1yc1_314,3.130,-2.375399,nan
1yc1,1yc1_352,0.950,-0.617837,nan
1yc1,1yc1_376,4.250,-1.506979,nan
1yc1,1yc1_38,0.590,-0.633193,nan
1yc1,1yc1_401,6.140,-6.119450,nan
1yc1,1yc1_403,3.470,-3.000483,nan
1yc1,1yc1_407,2.670,-1.324365,nan
1yc1,1yc1_412,5.120,-4.172081,nan
1yc1,1yc1_413,4.130,-4.097248,nan
1yc1,1yc1_415,3.400,-1.653554,nan
1yc1,1yc1_421,4.520,-3.253110,nan
1yc1,1yc1_428,3.680,-3.307174,nan
1yc1,1yc1_429,3.080,-2.413240,nan
1yc1,1yc1_431,2.400,-1.901059,nan
1yc1,1yc1_437,4.690,-3.529948,nan
1yc1,1yc1_440,5.660,-3.466710,nan
1yc1,1yc1_441,4.780,-3.600722,nan
1yc1,1yc1_447,2.910,-2.074540,nan
1yc1,1yc1_471,2.940,-1.678946,nan
1yc1,1yc1_480,2.570,-1.796042,nan
1yc1,1yc1_483,2.900,-1.553098,nan
1yc1,1yc1_485,5.820,-4.680246,nan
1yc1,1yc1_486,5.220,-4.407724,nan
1yc1,1yc1_487,1.280,-1.961307,nan
1yc1,1yc1_492,3.810,-2.177729,nan
1yc1,1yc1_496,5.670,-5.999091,nan
1yc1,1yc1_5,1.170,-1.201504,nan
1yc1,1yc1_512,7.140,-6.667268,nan
1yc1,1yc1_516,7.630,-7.995035,nan
1yc1,1yc1_521,6.690,-7.286961,nan
1yc1,1yc1_523,4.680,-3.331055,nan
1yc1,1yc1_528,7.190,-7.271732,nan
1yc1,1yc1_536,6.240,-5.526160,nan
1yc1,1yc1_542,7.040,-6.563022,nan
1yc1,1yc1_546,7.690,-7.175878,nan
1yc1,1yc1_549,6.130,-3.955014,nan
1yc1,1yc1_557,8.290,-8.409998,nan
1yc1,1yc1_564,4.000,-2.646951,nan
1yc1,1yc1_570,4.810,-3.190118,nan
1yc1,1yc1_573,4.510,-1.772926,nan
1yc1,1yc1_581,5.510,-2.701260,nan
1yc1,1yc1_582,7.410,-8.416658,nan
1yc1,1yc1_584,7.530,-7.292676,nan
1yc1,1yc1_610,4.890,-4.239133,nan
1yc1,1yc1_612,5.060,-5.000465,nan
1yc1,1yc1_616,5.500,-4.319399,nan
1yc1,1yc1_622,5.890,-6.731367,nan
1yc1,1yc1_630,1.990,-1.835164,nan
1yc1,1yc1_634,6.130,-4.058876,nan
1yc1,1yc1_635,6.580,-5.643265,nan
1yc1,1yc1_636,7.770,-6.699191,nan
1yc1,1yc1_642,6.250,-7.513586,nan
1yc1,1yc1_644,3.660,-2.554787,nan
1yc1,1yc1_653,4.870,-2.561729,nan
1yc1,1yc1_663,6.100,-6.210360,nan
1yc1,1yc1_680,5.160,-4.483812,nan
1yc1,1yc1_684,1.610,-2.174773,nan
1yc1,1yc1_687,6.410,-7.389240,nan
1yc1,1yc1_688,6.800,-5.945111,nan
1yc1,1yc1_689,3.570,-2.962234,nan
1yc1,1yc1_691,2.200,-2.080658,nan
1yc1,1yc1_700,7.970,-8.179686,nan
1yc1,1yc1_765,1.550,-1.364223,nan
1yc1,1yc1_784,2.980,-1.542133,nan
1ydr,1ydr_100,2.430,-1.958611,nan
1ydr,1ydr_11,8.940,-8.587944,nan
1ydr,1ydr_13,2.540,-2.692099,nan
1ydr,1ydr_132,1.970,-1.373237,nan
1ydr,1ydr_136,3.320,-2.775688,nan
1ydr,1ydr_164,0.830,-1.314929,nan
1ydr,1ydr_18,1.890,-1.476563,nan
1ydr,1ydr_204,2.960,-3.398403,nan
1ydr,1ydr_214,1.580,-1.758028,nan
1ydr,1ydr_240,3.230,-3.536384,nan
1ydr,1ydr_26,0.930,-1.037349,nan
1ydr,1ydr_268,1.490,-1.651873,nan
1ydr,1ydr_291,3.480,-3.000036,nan
1ydr,1ydr_315,2.890,-2.696520,nan
1ydr,1ydr_332,3.030,-2.538276,nan
1ydr,1ydr_348,3.040,-3.195113,nan
1ydr,1ydr_368,6.540,-3.794261,nan
1ydr,1ydr_369,0.950,-1.439835,nan
1ydr,1ydr_4,0.960,-1.346054,nan
1ydr,1ydr_418,2.190,-1.544822,nan
1ydr,1ydr_423,1.300,-1.443096,nan
1ydr,1ydr_430,5.610,-1.657720,nan
1ydr,1ydr_452,1.390,-0.910586,nan
1ydr,1ydr_46,0.880,-0.803346,nan
1ydr,1ydr_464,3.630,-3.243399,nan
1ydr,1ydr_466,2.060,-1.770616,nan
1ydr,1ydr_470,5.740,-3.622449,nan
1ydr,1ydr_482,6.270,-4.016062,nan
1ydr,1ydr_485,4.670,-4.269762,nan
1ydr,1ydr_487,4.740,-4.523676,nan
1ydr,1ydr_490,5.240,-1.725480,nan
1ydr,1ydr_495,6.920,-4.504187,nan
1ydr,1ydr_517,6.580,-7.421041,nan
1ydr,1ydr_518,9.160,-8.420472,nan
1ydr,1ydr_524,7.910,-6.648687,nan
1ydr,1ydr_537,3.400,-3.294292,nan
1ydr,1ydr_541,4.170,-5.095827,nan
1ydr,1ydr_546,7.800,-8.407122,nan
1ydr,1ydr_554,7.030,-7.319798,nan
1ydr,1ydr_557,7.650,-8.375887,nan
1ydr,1ydr_558,8.510,-8.105347,nan
1ydr,1ydr_566,5.960,-6.408688,nan
1ydr,1ydr_570,7.370,-5.055249,nan
1ydr,1ydr_582,8.430,-8.535158,nan
1ydr,1ydr_586,3.270,-2.874114,nan
1ydr,1ydr_587,9.910,-8.496202,nan
1ydr,1ydr_593,9.020,-8.552340,nan
1ydr,1ydr_595,4.930,-2.293575,nan
1ydr,1ydr_599,8.090,-8.271507,nan
1ydr,1ydr_609,9.740,-8.581023,nan
1ydr,1ydr_613,8.510,-8.219953,nan
1ydr,1ydr_614,9.250,-8.524519,nan
1ydr,1ydr_615,4.610,-4.531351,nan
1ydr,1ydr_616,5.040,-5.458646,nan
1ydr,1ydr_622,9.220,-8.522655,nan
1ydr,1ydr_626,6.330,-6.755181,nan
1ydr,1ydr_629,8.570,-7.928177,nan
1ydr,1ydr_63,0.920,-1.178221,nan
1ydr,1ydr_636,9.360,-8.529569,nan
1ydr,1ydr_641,6.810,-7.390845,nan
1ydr,1ydr_646,6.460,-6.832762,nan
1ydr,1ydr_648,9.240,-8.579854,nan
1ydr,1ydr_649,7.970,-7.371802,nan
1ydr,1ydr_651,8.410,-7.497673,nan
1ydr,1ydr_659,9.350,-8.299672,nan
1ydr,1ydr_689,7.320,-7.560856,nan
1ydr,1ydr_69,2.910,-3.216769,nan
1ydr,1ydr_693,1.930,-1.209039,nan
1ydr,1ydr_697,8.230,-6.475885,nan
1ydr,1ydr_701,0.980,-0.573539,nan
1ydr,1ydr_715,7.090,-5.598773,nan
1ydr,1ydr_723,4.660,-5.216001,nan
1ydr,1ydr_726,3.850,-4.325831,nan
1ydr,1ydr_739,4.010,-3.796327,nan
1ydr,1ydr_741,1.800,-1.940065,nan
1ydr,1ydr_746,9.570,-8.432370,nan
1ydr,1ydr_754,2.000,-1.743399,nan
1ydr,1ydr_759,4.460,-4.313917,nan
1ydr,1ydr_761,8.160,-7.849155,nan
1ydr,1ydr_771,4.860,-5.262359,nan
1ydr,1ydr_775,4.720,-4.292798,nan
1ydr,1ydr_779,5.280,-5.259374,nan
1ydr,1ydr_78,3.330,-3.452217,nan
1ydr,1ydr_784,5.780,-2.182528,nan
1ydr,1ydr_785,7.060,-5.713085,nan
1ydr,1ydr_786,6.270,-6.230525,nan
1ydr,1ydr_789,5.560,-2.249255,nan
1ydr,1ydr_791,6.380,-3.448505,nan
1ydr,1ydr_80,0.790,-1.086774,nan
1ydr,1ydr_801,1.000,-0.578537,nan
1ydr,1ydr_804,2.340,-0.549773,nan
1ydr,1ydr_824,2.480,-1.029393,nan
1ydr,1ydr_848,5.840,-2.937947,nan
1ydr,1ydr_856,7.540,-6.967995,nan
1ydr,1ydr_858,8.700,-7.984334,nan
1ydr,1ydr_894,5.260,-5.961850,nan
1ydr,1ydr_902,0.910,-0.827795,nan
1ydr,1ydr_934,6.290,-2.339976,nan
1ydr,1ydr_95,1.540,-1.425956,nan
1ydr,1ydr_984,2.190,-2.180161,nan
1ydt,1ydt_1000,2.510,-1.711014,nan
1ydt,1ydt_121,1.000,-0.470767,nan
1ydt,1ydt_204,0.980,-0.474050,nan
1ydt,1ydt_207,1.020,-1.180328,nan
1ydt,1ydt_214,3.380,-3.970816,nan
1ydt,1ydt_215,1.410,-0.940645,nan
1ydt,1ydt_241,1.800,-1.925683,nan
1ydt,1ydt_246,1.470,-0.418258,nan
1ydt,1ydt_251,0.540,-0.984907,nan
1ydt,1ydt_253,4.810,-3.290392,nan
1ydt,1ydt_254,5.730,-1.443459,nan
1ydt,1ydt_260,3.520,-2.408408,nan
1ydt,1ydt_263,2.970,-3.600700,nan
1ydt,1ydt_267,0.930,-0.362087,nan
1ydt,1ydt_271,6.590,-4.432467,nan
1ydt,1ydt_275,3.520,-2.611574,nan
1ydt,1ydt_277,0.680,-0.773380,nan
1ydt,1ydt_278,3.580,-2.002232,nan
1ydt,1ydt_279,0.880,-1.244287,nan
1ydt,1ydt_281,2.990,-2.287108,nan
1ydt,1ydt_283,0.930,-0.905324,nan
1ydt,1ydt_300,5.650,-4.667546,nan
1ydt,1ydt_309,2.830,-1.902819,nan
1ydt,1ydt_324,0.890,-0.248127,nan
1ydt,1ydt_34,3.050,-2.497647,nan
1ydt,1ydt_386,0.730,-0.287854,nan
1ydt,1ydt_40,4.700,-5.332240,nan
1ydt,1ydt_401,5.830,-0.408160,nan
1ydt,1ydt_404,2.820,-2.178855,nan
1ydt,1ydt_408,1.910,-1.169851,nan
1ydt,1ydt_412,5.370,-2.507578,nan
1ydt,1ydt_417,2.430,-1.328797,nan
1ydt,1ydt_425,4.600,-3.147668,nan
1ydt,1ydt_432,8.520,-8.457065,nan
1ydt,1ydt_446,6.670,-2.059369,nan
1ydt,1ydt_46,3.800,-1.756315,nan
1ydt,1ydt_464,6.300,-2.959247,nan
1ydt,1ydt_47,1.070,-0.297915,nan
1ydt,1ydt_470,7.200,-2.478150,nan
1ydt,1ydt_474,6.100,-1.558534,nan
1ydt,1ydt_483,3.320,-3.264210,nan
1ydt,1ydt_487,3.790,-3.893057,nan
1ydt,1ydt_494,3.080,-3.203852,nan
1ydt,1ydt_495,5.930,-2.571886,nan
1ydt,1ydt_500,7.620,-3.096599,nan
1ydt,1ydt_532,2.440,-3.094093,nan
1ydt,1ydt_538,6.560,-8.274178,nan
1ydt,1ydt_539,7.840,-7.859603,nan
1ydt,1ydt_549,6.400,-3.105907,nan
1ydt,1ydt_556,4.990,-6.456737,nan
1ydt,1ydt_558,4.070,-4.872603,nan
1ydt,1ydt_564,7.150,-4.706807,nan
1ydt,1ydt_576,8.870,-8.568890,nan
1ydt,1ydt_578,4.270,-4.990989,nan
1ydt,1ydt_609,7.050,-4.576931,nan
1ydt,1ydt_625,7.090,-2.156196,nan
1ydt,1ydt_632,5.950,-5.903342,nan
1ydt,1ydt_643,3.200,-3.942759,nan
1ydt,1ydt_644,6.990,-3.548810,nan
1ydt,1ydt_655,8.120,-5.072781,nan
1ydt,1ydt_659,8.540,-8.555634,nan
1ydt,1ydt_677,2.150,-1.873024,nan
1ydt,1ydt_678,5.830,-2.971491,nan
1ydt,1ydt_684,5.530,-6.192133,nan
1ydt,1ydt_694,8.520,-7.128570,nan
1ydt,1ydt_697,8.550,-3.612803,nan
1ydt,1ydt_705,0.850,-1.000214,nan
1ydt,1ydt_709,8.120,-4.116018,nan
1ydt,1ydt_711,1.620,-0.779709,nan
1ydt,1ydt_715,1.750,-1.064268,nan
1ydt,1ydt_730,5.220,-2.958008,nan
1ydt,1ydt_75,4.190,-2.548430,nan
1ydt,1ydt_750,6.770,-4.013248,nan
1ydt,1ydt_766,4.940,-1.218704,nan
1ydt,1ydt_775,7.960,-8.380630,nan
1ydt,1ydt_785,8.020,-8.268099,nan
1ydt,1ydt_787,4.070,-4.573723,nan
1ydt,1ydt_817,1.010,-0.774462,nan
1ydt,1ydt_818,6.500,-6.952216,nan
1ydt,1ydt_832,1.890,-0.563736,nan
1ydt,1ydt_837,6.770,-6.378109,nan
1ydt,1ydt_840,2.470,-1.412608,nan
1ydt,1ydt_882,4.420,-4.305747,nan
1ydt,1ydt_892,8.630,-8.469968,nan
1ydt,1ydt_916,7.760,-7.724638,nan
1ydt,1ydt_918,2.710,-1.973786,nan
1ydt,1ydt_926,5.290,-5.655074,nan
1ydt,1ydt_936,7.710,-7.885805,nan
1ydt,1ydt_953,8.610,-5.545666,nan
1ydt,1ydt_994,7.600,-7.214586,nan
1z6e,1z6e_11,8.990,-8.415625,nan
1z6e,1z6e_117,7.590,-6.543720,nan
1z6e,1z6e_125,9.840,-8.506143,nan
1z6e,1z6e_130,7.630,-7.798038,nan
1z6e,1z6e_136,5.700,-3.016543,nan
1z6e,1z6e_145,0.970,-0.883741,nan
1z6e,1z6e_152,9.970,-8.547131,nan
1z6e,1z6e_159,6.420,-5.978862,nan
1z6e,1z6e_160,0.960,-0.962282,nan
1z6e,1z6e_162,0.950,-0.704207,nan
1z6e,1z6e_184,8.490,-8.112972,nan
1z6e,1z6e_19,9.510,-8.544141,nan
1z6e,1z6e_192,9.060,-7.879127,nan
1z6e,1z6e_200,3.690,-2.091733,nan
1z6e,1z6e_21,2.920,-1.425297,nan
1z6e,1z6e_31,0.840,-0.859487,nan
1z6e,1z6e_310,9.890,-8.501884,nan
1z6e,1z6e_350,0.850,-0.789218,nan
1z6e,1z6e_352,1.610,-1.154965,nan
1z6e,1z6e_354,6.130,-3.759156,nan
1z6e,1z6e_371,0.990,-0.543394,nan
1z6e,1z6e_372,9.040,-8.469902,nan
1z6e,1z6e_384,1.560,-1.763554,nan
1z6e,1z6e_390,9.690,-8.262538,nan
1z6e,1z6e_401,2.460,-1.849964,nan
1z6e,1z6e_403,1.630,-2.269032,nan
1z6e,1z6e_411,1.130,-1.609475,nan
1z6e,1z6e_413,4.610,-1.558561,nan
1z6e,1z6e_423,4.610,-2.808791,nan
1z6e,1z6e_424,2.090,-2.431356,nan
1z6e,1z6e_425,8.380,-3.892319,nan
1z6e,1z6e_427,3.850,-3.458922,nan
1z6e,1z6e_429,2.250,-2.117592,nan
1z6e,1z6e_432,3.250,-2.064967,nan
1z6e,1z6e_441,4.410,-2.003434,nan
1z6e,1z6e_445,8.020,-2.763121,nan
1z6e,1z6e_449,5.990,-3.279963,nan
1z6e,1z6e_455,3.260,-2.555113,nan
1z6e,1z6e_46,9.250,-8.025982,nan
1z6e,1z6e_468,4.740,-1.237658,nan
1z6e,1z6e_470,7.020,-6.911317,nan
1z6e,1z6e_472,3.600,-1.878040,nan
1z6e,1z6e_475,2.730,-2.536190,nan
1z6e,1z6e_480,6.410,-3.647832,nan
1z6e,1z6e_481,4.100,-3.184314,nan
1z6e,1z6e_482,5.950,-2.849217,nan
1z6e,1z6e_486,2.310,-2.567947,nan
1z6e,1z6e_488,3.310,-2.713884,nan
1z6e,1z6e_497,6.880,-5.042778,nan
1z6e,1z6e_522,1.990,-1.733040,nan
1z6e,1z6e_524,6.870,-3.444905,nan
1z6e,1z6e_525,8.810,-7.606042,nan
1z6e,1z6e_527,6.420,-5.580830,nan
1z6e,1z6e_536,5.350,-6.254442,nan
1z6e,1z6e_538,4.270,-2.388767,nan
1z6e,1z6e_55,0.910,-0.770233,nan
1z6e,1z6e_557,3.740,-2.607660,nan
1z6e,1z6e_558,8.130,-5.655774,nan
1z6e,1z6e_564,5.720,-4.832792,nan
1z6e,1z6e_57,7.890,-6.188665,nan
1z6e,1z6e_570,7.100,-3.567303,nan
1z6e,1z6e_572,6.880,-5.218356,nan
1z6e,1z6e_614,4.550,-3.786882,nan
1z6e,1z6e_636,8.290,-5.774864,nan
1z6e,1z6e_64,0.810,-0.436574,nan
1z6e,1z6e_643,3.980,-2.234594,nan
1z6e,1z6e_65,8.630,-7.248446,nan
1z6e,1z6e_663,7.180,-3.059949,nan
1z6e,1z6e_665,7.390,-7.394845,nan
1z6e,1z6e_668,9.690,-7.574324,nan
1z6e,1z6e_680,6.370,-5.041405,nan
1z6e,1z6e_688,5.920,-6.781096,nan
1z6e,1z6e_691,7.630,-5.348811,nan
1z6e,1z6e_694,3.830,-3.080785,nan
1z6e,1z6e_702,0.950,-0.577849,nan
1z6e,1z6e_712,1.220,-0.453856,nan
1z6e,1z6e_722,1.960,-1.180990,nan
1z6e,1z6e_735,4.180,-3.878218,nan
1z6e,1z6e_74,4.860,-2.460175,nan
1z6e,1z6e_748,7.150,-4.487307,nan
1z6e,1z6e_749,5.080,-1.007373,nan
1z6e,1z6e_75,8.680,-7.986825,nan
1z6e,1z6e_754,2.440,-1.400419,nan
1z6e,1z6e_755,7.430,-2.749927,nan
1z6e,1z6e_756,6.350,-1.728712,nan
1z6e,1z6e_757,3.870,-2.292203,nan
1z6e,1z6e_768,8.800,-4.775084,nan
1z6e,1z6e_772,5.350,-3.643598,nan
1z6e,1z6e_773,5.020,-3.370884,nan
1z6e,1z6e_774,4.940,-1.989454,nan
1z6e,1z6e_776,1.860,-2.300401,nan
1z6e,1z6e_779,5.530,-4.155638,nan
1z6e,1z6e_799,1.930,-1.697215,nan
1z6e,1z6e_83,0.960,-0.855882,nan
1z6e,1z6e_843,6.990,-3.237872,nan
1z6e,1z6e_879,2.720,-1.919510,nan
1z6e,1z6e_88,2.370,-1.565270,nan
1z6e,1z6e_97,9.550,-7.980877,nan
1z6e,1z6e_974,2.760,-1.188413,nan
1z6e,1z6e_978,1.100,-1.144670,nan
1z95,1z95_14,0.690,-0.189439,nan
1z95,1z95_169,0.450,-0.417791,nan
1z95,1z95_208,0.620,-0.129466,nan
1z95,1z95_219,2.410,-0.831152,nan
1z95,1z95_223,0.630,-0.301964,nan
1z95,1z95_249,0.960,-0.440832,nan
1z95,1z95_255,4.930,-2.543696,nan
1z95,1z95_266,0.660,-0.501930,nan
1z95,1z95_29,2.080,-0.447093,nan
1z95,1z95_303,0.380,-0.489441,nan
1z95,1z95_312,1.950,-0.700181,nan
1z95,1z95_313,0.570,-0.528281,nan
1z95,1z95_337,0.510,-0.627483,nan
1z95,1z95_407,5.840,-2.421469,nan
1z95,1z95_408,1.920,-1.939879,nan
1z95,1z95_412,4.720,-2.357244,nan
1z95,1z95_415,6.440,-2.556114,nan
1z95,1z95_418,5.330,-2.037362,nan
1z95,1z95_419,1.820,-1.770240,nan
1z95,1z95_427,3.350,-2.118911,nan
1z95,1z95_428,3.150,-2.556236,nan
1z95,1z95_436,6.490,-3.082151,nan
1z95,1z95_437,4.040,-3.564055,nan
1z95,1z95_444,5.790,-2.176051,nan
1z95,1z95_445,6.160,-2.634479,nan
1z95,1z95_449,2.480,-2.926234,nan
1z95,1z95_474,1.500,-1.459247,nan
1z95,1z95_483,4.430,-3.719851,nan
1z95,1z95_484,4.920,-2.387563,nan
1z95,1z95_486,5.010,-3.096694,nan
1z95,1z95_489,1.890,-1.414515,nan
1z95,1z95_490,6.150,-3.078654,nan
1z95,1z95_498,1.900,-2.111034,nan
1z95,1z95_499,2.900,-2.930178,nan
1z95,1z95_514,2.560,-1.686633,nan
1z95,1z95_544,3.900,-2.623924,nan
1z95,1z95_545,5.330,-2.560411,nan
1z95,1z95_547,3.390,-1.802603,nan
1z95,1z95_548,2.790,-2.130707,nan
1z95,1z95_550,3.100,-2.193515,nan
1z95,1z95_555,1.640,-1.998409,nan
1z95,1z95_560,5.860,-2.233799,nan
1z95,1z95_562,5.960,-3.620171,nan
1z95,1z95_565,2.790,-1.160931,nan
1z95,1z95_566,3.600,-3.173425,nan
1z95,1z95_581,2.060,-2.221630,nan
1z95,1z95_587,4.000,-3.071833,nan
1z95,1z95_590,3.500,-4.333545,nan
1z95,1z95_620,4.630,-2.143816,nan
1z95,1z95_626,6.080,-2.582672,nan
1z95,1z95_648,3.180,-2.494853,nan
1z95,1z95_658,6.230,-2.569824,nan
1z95,1z95_663,2.080,-1.583171,nan
1z95,1z95_666,5.190,-3.159640,nan
1z95,1z95_684,2.920,-2.058681,nan
1z95,1z95_686,4.100,-2.522760,nan
1z95,1z95_690,5.930,-4.123166,nan
1z95,1z95_694,4.770,-2.327442,nan
1z95,1z95_700,5.950,-2.351966,nan
1z95,1z95_742,0.890,-0.721363,nan
1z95,1z95_765,3.870,-1.909735,nan
1z95,1z95_774,4.030,-1.731474,nan
1z95,1z95_779,4.330,-3.408696,nan
1z95,1z95_827,1.130,-0.536949,nan
1z95,1z95_872,1.200,-0.513115,nan
1z95,1z95_964,1.730,-0.654681,nan
1z9g,1z9g_159,7.600,-7.790396,nan
1z9g,1z9g_219,2.150,-1.093476,nan
1z9g,1z9g_227,5.790,-5.879934,nan
1z9g,1z9g_229,1.890,-1.144055,nan
1z9g,1z9g_236,4.340,-2.907763,nan
1z9g,1z9g_253,7.260,-5.922068,nan
1z9g,1z9g_269,8.330,-8.260764,nan
1z9g,1z9g_285,6.380,-3.150971,nan
1z9g,1z9g_317,8.370,-7.943024,nan
1z9g,1z9g_406,5.030,-3.764242,nan
1z9g,1z9g_421,6.310,-3.365402,nan
1z9g,1z9g_432,3.400,-2.674837,nan
1z9g,1z9g_442,2.840,-1.729120,nan
1z9g,1z9g_453,2.960,-1.485130,nan
1z9g,1z9g_455,2.950,-1.809841,nan
1z9g,1z9g_465,3.140,-2.197343,nan
1z9g,1z9g_468,3.340,-2.536354,nan
1z9g,1z9g_472,2.100,-2.186070,nan
1z9g,1z9g_481,4.170,-3.061048,nan
1z9g,1z9g_484,4.210,-2.584537,nan
1z9g,1z9g_490,2.800,-1.689517,nan
1z9g,1z9g_527,6.170,-5.843410,nan
1z9g,1z9g_551,4.620,-2.253046,nan
1z9g,1z9g_575,6.090,-5.207815,nan
1z9g,1z9g_581,3.920,-2.339031,nan
1z9g,1z9g_582,4.670,-2.045259,nan
1z9g,1z9g_583,5.160,-1.919948,nan
1z9g,1z9g_585,2.830,-1.436953,nan
1z9g,1z9g_588,8.280,-7.308121,nan
1z9g,1z9g_593,5.010,-3.044863,nan
1z9g,1z9g_595,6.560,-7.060836,nan
1z9g,1z9g_596,6.710,-4.614495,nan
1z9g,1z9g_597,5.760,-2.365757,nan
1z9g,1z9g_598,4.720,-2.348495,nan
1z9g,1z9g_608,6.520,-4.526435,nan
1z9g,1z9g_609,4.040,-1.865358,nan
1z9g,1z9g_613,7.570,-7.620331,nan
1z9g,1z9g_618,8.520,-7.768443,nan
1z9g,1z9g_626,7.240,-5.748549,nan
1z9g,1z9g_634,7.200,-6.855136,nan
1z9g,1z9g_638,8.810,-8.236399,nan
1z9g,1z9g_641,8.100,-7.221171,nan
1z9g,1z9g_647,7.130,-6.081548,nan
1z9g,1z9g_651,5.940,-5.587873,nan
1z9g,1z9g_667,9.090,-6.715693,nan
1z9g,1z9g_678,8.300,-8.123158,nan
1z9g,1z9g_679,3.790,-2.370741,nan
1z9g,1z9g_68,7.030,-5.479645,nan
1z9g,1z9g_680,3.400,-1.973473,nan
1z9g,1z9g_684,8.050,-7.946504,nan
1z9g,1z9g_694,8.100,-8.280335,nan
1z9g,1z9g_699,7.190,-6.450120,nan
1z9g,1z9g_701,1.850,-1.047609,nan
1z9g,1z9g_703,1.490,-0.813944,nan
1z9g,1z9g_707,1.780,-1.096721,nan
1z9g,1z9g_710,1.510,-0.856441,nan
1z9g,1z9g_715,1.410,-0.716161,nan
1z9g,1z9g_720,1.770,-1.002216,nan
1z9g,1z9g_721,1.480,-0.954837,nan
1z9g,1z9g_722,0.570,-0.852362,nan
1z9g,1z9g_723,0.820,-0.886333,nan
1z9g,1z9g_725,1.680,-0.889892,nan
1z9g,1z9g_734,4.550,-3.076486,nan
1z9g,1z9g_738,0.520,-0.588307,nan
1z9g,1z9g_741,1.750,-0.704805,nan
1z9g,1z9g_742,0.760,-1.116201,nan
1z9g,1z9g_747,0.960,-0.755319,nan
1z9g,1z9g_749,3.980,-2.518175,nan
1z9g,1z9g_750,6.930,-6.751939,nan
1z9g,1z9g_753,6.460,-4.387980,nan
1z9g,1z9g_763,5.060,-1.840273,nan
1z9g,1z9g_769,4.720,-3.568176,nan
1z9g,1z9g_784,4.110,-1.861092,nan
1z9g,1z9g_787,8.310,-7.971035,nan
1z9g,1z9g_789,0.750,-0.989628,nan
1z9g,1z9g_790,0.640,-0.820457,nan
1z9g,1z9g_793,0.830,-0.932926,nan
1z9g,1z9g_817,0.820,-1.070129,nan
1z9g,1z9g_845,3.120,-1.730873,nan
1z9g,1z9g_849,0.890,-0.972452,nan
1z9g,1z9g_851,7.100,-6.186525,nan
1z9g,1z9g_852,3.780,-1.988637,nan
1z9g,1z9g_853,5.100,-1.379065,nan
1z9g,1z9g_870,7.240,-4.648418,nan
1z9g,1z9g_873,5.260,-2.705416,nan
1z9g,1z9g_876,2.720,-0.949820,nan
1z9g,1z9g_879,5.550,-3.661597,nan
1z9g,1z9g_880,3.640,-1.980059,nan
1z9g,1z9g_887,2.740,-1.024503,nan
1z9g,1z9g_968,6.440,-3.866534,nan
2al5,2al5_121,0.830,-0.750985,nan
2al5,2al5_243,0.460,-0.442860,nan
2al5,2al5_26,1.980,-0.743230,nan
2al5,2al5_323,0.230,-0.244449,nan
2al5,2al5_339,0.410,-0.218951,nan
2al5,2al5_401,0.880,-0.465471,nan
2al5,2al5_406,1.960,-0.728720,nan
2al5,2al5_412,0.860,-0.812662,nan
2al5,2al5_421,1.090,-0.731305,nan
2al5,2al5_426,2.020,-0.969959,nan
2al5,2al5_432,0.800,-0.879635,nan
2al5,2al5_434,4.540,-1.148217,nan
2al5,2al5_436,0.760,-0.344228,nan
2al5,2al5_444,1.980,-1.834464,nan
2al5,2al5_450,2.190,-0.444312,nan
2al5,2al5_463,0.990,-1.014094,nan
2al5,2al5_469,1.440,-0.854389,nan
2al5,2al5_473,1.720,-0.900984,nan
2al5,2al5_478,4.690,-1.317509,nan
2al5,2al5_495,4.770,-2.123118,nan
2al5,2al5_496,1.460,-0.989848,nan
2al5,2al5_498,0.880,-0.429797,nan
2al5,2al5_500,2.110,-1.473292,nan
2al5,2al5_516,1.460,-1.217437,nan
2al5,2al5_550,4.660,-1.180061,nan
2al5,2al5_573,4.730,-2.342727,nan
2al5,2al5_587,1.360,-0.706164,nan
2al5,2al5_599,2.290,-1.998270,nan
2al5,2al5_624,1.520,-1.699109,nan
2al5,2al5_639,2.310,-1.548499,nan
2al5,2al5_643,4.660,-4.040283,nan
2al5,2al5_667,4.370,-1.341808,nan
2al5,2al5_682,3.720,-3.500002,nan
2al5,2al5_687,2.300,-1.814446,nan
2al5,2al5_699,2.070,-1.644335,nan
2al5,2al5_700,4.410,-2.676080,nan
2al5,2al5_740,5.060,-3.658717,nan
2al5,2al5_747,4.770,-3.877573,nan
2al5,2al5_754,2.220,-1.938140,nan
2al5,2al5_756,3.980,-4.121350,nan
2al5,2al5_759,3.500,-3.398623,nan
2al5,2al5_761,2.640,-2.435421,nan
2al5,2al5_762,5.140,-3.611972,nan
2al5,2al5_763,5.080,-4.292925,nan
2al5,2al5_769,2.930,-3.172738,nan
2al5,2al5_775,5.170,-4.280692,nan
2al5,2al5_777,5.090,-4.301454,nan
2al5,2al5_778,5.120,-4.249776,nan
2al5,2al5_779,5.060,-4.251028,nan
2al5,2al5_781,4.360,-3.881145,nan
2al5,2al5_787,5.030,-4.259990,nan
2al5,2al5_788,5.040,-4.377299,nan
2br1,2br1_118,3.260,-0.737048,nan
2br1,2br1_167,3.160,-1.122461,nan
2br1,2br1_195,3.990,-1.115823,nan
2br1,2br1_208,2.030,-1.007213,nan
2br1,2br1_228,7.070,-6.886534,nan
2br1,2br1_248,6.680,-6.182247,nan
2br1,2br1_257,1.800,-0.990399,nan
2br1,2br1_315,0.700,-0.187179,nan
2br1,2br1_316,0.920,-0.216771,nan
2br1,2br1_349,1.000,-0.187104,nan
2br1,2br1_354,0.830,-0.281821,nan
2br1,2br1_356,0.990,-0.572242,nan
2br1,2br1_375,0.910,-0.224307,nan
2br1,2br1_383,0.570,-0.232536,nan
2br1,2br1_392,0.830,-0.250858,nan
2br1,2br1_413,5.830,-4.914174,nan
2br1,2br1_416,6.310,-6.462162,nan
2br1,2br1_419,6.030,-4.590589,nan
2br1,2br1_430,5.360,-3.262612,nan
2br1,2br1_433,2.880,-1.485798,nan
2br1,2br1_455,6.240,-4.657713,nan
2br1,2br1_47,0.840,-0.309160,nan
2br1,2br1_475,6.120,-5.702708,nan
2br1,2br1_479,6.540,-4.767901,nan
2br1,2br1_502,2.370,-0.673156,nan
2br1,2br1_511,3.170,-2.086885,nan
2br1,2br1_523,4.720,-3.141554,nan
2br1,2br1_524,3.560,-1.930128,nan
2br1,2br1_540,3.470,-1.433263,nan
2br1,2br1_543,1.980,-1.061818,nan
2br1,2br1_549,3.060,-2.512318,nan
2br1,2br1_554,2.690,-1.214136,nan
2br1,2br1_566,5.250,-3.801276,nan
2br1,2br1_572,2.660,-1.852900,nan
2br1,2br1_588,2.030,-1.163837,nan
2br1,2br1_598,5.410,-4.146005,nan
2br1,2br1_606,4.020,-1.558918,nan
2br1,2br1_621,5.230,-3.465132,nan
2br1,2br1_630,3.800,-2.833357,nan
2br1,2br1_649,7.010,-7.364624,nan
2br1,2br1_663,1.750,-0.511394,nan
2br1,2br1_666,2.950,-1.571729,nan
2br1,2br1_673,6.440,-5.556501,nan
2br1,2br1_675,2.140,-0.704064,nan
2br1,2br1_689,2.340,-1.799008,nan
2br1,2br1_694,6.630,-7.610179,nan
2br1,2br1_710,6.460,-5.197769,nan
2br1,2br1_723,4.180,-2.213189,nan
2br1,2br1_744,1.540,-0.798645,nan
2br1,2br1_746,4.180,-1.412885,nan
2br1,2br1_760,5.120,-4.167330,nan
2br1,2br1_762,1.420,-0.616413,nan
2br1,2br1_763,0.930,-0.635367,nan
2br1,2br1_764,5.450,-3.932976,nan
2br1,2br1_767,4.660,-1.968007,nan
2br1,2br1_769,1.240,-0.366153,nan
2br1,2br1_789,3.200,-0.686939,nan
2br1,2br1_790,5.040,-2.142006,nan
2br1,2br1_831,4.160,-2.171273,nan
2br1,2br1_835,3.830,-1.389488,nan
2br1,2br1_850,4.080,-1.258608,nan
2br1,2br1_854,4.410,-1.444055,nan
2br1,2br1_857,2.670,-1.293788,nan
2br1,2br1_866,1.460,-0.707256,nan
2br1,2br1_873,1.630,-0.861894,nan
2br1,2br1_879,1.620,-0.770889,nan
2br1,2br1_897,4.140,-0.828023,nan
2br1,2br1_952,6.000,-2.427680,nan
2br1,2br1_966,5.190,-2.777478,nan
2br1,2br1_976,1.620,-0.541764,nan
2br1,2br1_984,4.410,-1.893901,nan
2br1,2br1_988,6.010,-2.402606,nan
2brb,2brb_128,4.540,-1.704501,nan
2brb,2brb_13,4.140,-1.902436,nan
2brb,2brb_146,4.830,-1.407317,nan
2brb,2brb_183,3.970,-1.869695,nan
2brb,2brb_214,1.070,-0.770713,nan
2brb,2brb_223,0.810,-0.526392,nan
2brb,2brb_246,0.980,-0.694727,nan
2brb,2brb_285,4.320,-1.207157,nan
2brb,2brb_302,0.710,-0.222200,nan
2brb,2brb_318,0.710,-0.351365,nan
2brb,2brb_361,0.540,-0.171406,nan
2brb,2brb_383,0.620,-0.197327,nan
2brb,2brb_405,5.630,-3.228974,nan
2brb,2brb_406,6.540,-4.643589,nan
2brb,2brb_408,6.380,-4.198435,nan
2brb,2brb_425,6.500,-5.548920,nan
2brb,2brb_442,6.550,-4.909216,nan
2brb,2brb_449,5.750,-4.288963,nan
2brb,2brb_452,4.370,-1.851121,nan
2brb,2brb_460,3.390,-1.126769,nan
2brb,2brb_466,6.060,-4.864164,nan
2brb,2brb_469,5.350,-2.369460,nan
2brb,2brb_474,3.650,-1.130107,nan
2brb,2brb_477,4.500,-5.328180,nan
2brb,2brb_490,1.710,-1.221022,nan
2brb,2brb_494,5.040,-5.434110,nan
2brb,2brb_501,2.990,-2.196025,nan
2brb,2brb_502,2.450,-1.838702,nan
2brb,2brb_514,3.020,-1.602646,nan
2brb,2brb_521,2.260,-1.691977,nan
2brb,2brb_522,2.230,-1.286169,nan
2brb,2brb_533,3.990,-1.246260,nan
2brb,2brb_539,5.010,-2.575369,nan
2brb,2brb_550,5.030,-2.811395,nan
2brb,2brb_558,2.270,-1.926867,nan
2brb,2brb_568,2.590,-1.803504,nan
2brb,2brb_582,3.220,-1.793511,nan
2brb,2brb_586,4.470,-1.309652,nan
2brb,2brb_593,3.230,-1.413900,nan
2brb,2brb_594,4.390,-2.179338,nan
2brb,2brb_596,1.620,-0.764960,nan
2brb,2brb_597,2.960,-0.964911,nan
2brb,2brb_601,7.080,-6.783032,nan
2brb,2brb_608,4.270,-3.879749,nan
2brb,2brb_624,3.540,-3.204771,nan
2brb,2brb_643,3.950,-2.559508,nan
2brb,2brb_655,6.580,-5.810032,nan
2brb,2brb_666,4.250,-1.277797,nan
2brb,2brb_671,2.930,-2.771578,nan
2brb,2brb_672,3.950,-0.813250,nan
2brb,2brb_674,5.180,-4.835193,nan
2brb,2brb_675,2.510,-1.685292,nan
2brb,2brb_682,1.090,-0.612233,nan
2brb,2brb_693,2.500,-1.858615,nan
2brb,2brb_696,5.090,-2.783207,nan
2brb,2brb_697,1.880,-1.479879,nan
2brb,2brb_705,0.770,-0.297693,nan
2brb,2brb_713,1.460,-1.623495,nan
2brb,2brb_743,0.710,-0.308218,nan
2brb,2brb_745,1.810,-0.575663,nan
2brb,2brb_751,1.420,-0.348377,nan
2brb,2brb_752,0.930,-0.695702,nan
2brb,2brb_754,5.040,-2.623834,nan
2brb,2brb_759,5.570,-4.189220,nan
2brb,2brb_85,0.930,-0.723204,nan
2brb,2brb_88,1.310,-0.408120,nan
2brb,2brb_94,6.100,-4.109209,nan
2brb,2brb_941,1.600,-0.596860,nan
2c3i,2c3i_16,0.970,-0.796474,nan
2c3i,2c3i_32,5.670,-5.373733,nan
2c3i,2c3i_338,1.570,-0.495435,nan
2c3i,2c3i_382,2.750,-0.704817,nan
2c3i,2c3i_387,0.980,-0.764616,nan
2c3i,2c3i_389,2.260,-0.802525,nan
2c3i,2c3i_403,2.460,-2.931750,nan
2c3i,2c3i_412,4.540,-2.064986,nan
2c3i,2c3i_424,4.000,-4.636700,nan
2c3i,2c3i_435,0.990,-0.993454,nan
2c3i,2c3i_441,6.060,-3.335286,nan
2c3i,2c3i_444,5.610,-2.661060,nan
2c3i,2c3i_45,1.630,-0.617378,nan
2c3i,2c3i_453,2.040,-1.168345,nan
2c3i,2c3i_456,4.300,-3.075485,nan
2c3i,2c3i_482,4.300,-0.859851,nan
2c3i,2c3i_491,1.760,-0.925953,nan
2c3i,2c3i_494,4.260,-1.555976,nan
2c3i,2c3i_503,5.100,-2.277387,nan
2c3i,2c3i_506,4.400,-2.799947,nan
2c3i,2c3i_507,5.080,-3.349863,nan
2c3i,2c3i_521,5.010,-1.838280,nan
2c3i,2c3i_522,3.710,-1.418868,nan
2c3i,2c3i_556,2.880,-1.407267,nan
2c3i,2c3i_559,4.640,-2.182823,nan
2c3i,2c3i_56,4.570,-0.984975,nan
2c3i,2c3i_560,4.540,-2.492776,nan
2c3i,2c3i_571,5.380,-3.787026,nan
2c3i,2c3i_573,3.340,-1.180363,nan
2c3i,2c3i_574,3.710,-2.030483,nan
2c3i,2c3i_580,3.980,-1.519930,nan
2c3i,2c3i_590,3.840,-1.262486,nan
2c3i,2c3i_592,3.720,-2.388206,nan
2c3i,2c3i_603,4.990,-4.030627,nan
2c3i,2c3i_609,2.480,-1.934256,nan
2c3i,2c3i_619,2.960,-1.643353,nan
2c3i,2c3i_62,2.010,-0.870700,nan
2c3i,2c3i_637,4.210,-1.901277,nan
2c3i,2c3i_650,1.800,-0.961711,nan
2c3i,2c3i_658,6.040,-2.405524,nan
2c3i,2c3i_659,2.620,-0.545021,nan
2c3i,2c3i_663,6.350,-5.838919,nan
2c3i,2c3i_675,3.890,-1.880230,nan
2c3i,2c3i_680,1.240,-1.376954,nan
2c3i,2c3i_687,6.100,-6.666852,nan
2c3i,2c3i_690,3.120,-0.936927,nan
2c3i,2c3i_693,2.070,-1.228586,nan
2c3i,2c3i_696,5.300,-1.751470,nan
2c3i,2c3i_699,6.420,-7.367865,nan
2c3i,2c3i_719,5.280,-1.060006,nan
2c3i,2c3i_720,1.180,-0.794668,nan
2c3i,2c3i_729,0.680,-0.441695,nan
2c3i,2c3i_734,0.970,-0.747542,nan
2c3i,2c3i_743,5.060,-3.158699,nan
2c3i,2c3i_746,3.980,-1.960162,nan
2c3i,2c3i_749,5.240,-1.661379,nan
2c3i,2c3i_799,0.900,-0.497195,nan
2c3i,2c3i_818,1.740,-0.699893,nan
2c3i,2c3i_823,0.880,-0.571531,nan
2c3i,2c3i_846,0.690,-0.942296,nan
2c3i,2c3i_857,1.060,-0.560775,nan
2c3i,2c3i_861,0.850,-0.627957,nan
2c3i,2c3i_895,0.730,-0.953681,nan
2c3i,2c3i_917,1.480,-1.169591,nan
2c3i,2c3i_954,1.500,-1.317106,nan
2cbv,2cbv_291,0.470,-0.806795,nan
2cbv,2cbv_312,0.580,-0.288762,nan
2cbv,2cbv_409,0.970,-1.111387,nan
2cbv,2cbv_413,2.020,-0.913410,nan
2cbv,2cbv_422,0.930,-0.537964,nan
2cbv,2cbv_452,0.960,-1.040493,nan
2cbv,2cbv_453,2.150,-0.868495,nan
2cbv,2cbv_470,1.860,-1.694581,nan
2cbv,2cbv_484,3.080,-3.579244,nan
2cbv,2cbv_489,1.860,-1.689810,nan
2cbv,2cbv_499,1.400,-1.542478,nan
2cbv,2cbv_524,4.190,-4.273776,nan
2cbv,2cbv_528,5.700,-5.515460,nan
2cbv,2cbv_541,4.110,-3.594980,nan
2cbv,2cbv_542,3.010,-2.868923,nan
2cbv,2cbv_546,4.510,-4.675398,nan
2cbv,2cbv_547,4.620,-4.599251,nan
2cbv,2cbv_548,5.530,-5.260374,nan
2cbv,2cbv_550,3.030,-1.936704,nan
2cbv,2cbv_551,3.500,-4.003146,nan
2cbv,2cbv_552,4.110,-3.650624,nan
2cbv,2cbv_553,6.490,-6.018625,nan
2cbv,2cbv_556,2.750,-2.790641,nan
2cbv,2cbv_560,5.490,-5.077474,nan
2cbv,2cbv_561,6.120,-5.453076,nan
2cbv,2cbv_562,5.360,-4.763728,nan
2cbv,2cbv_563,6.060,-5.484285,nan
2cbv,2cbv_564,5.080,-4.835327,nan
2cbv,2cbv_566,5.120,-4.915369,nan
2cbv,2cbv_567,4.660,-4.578414,nan
2cbv,2cbv_568,4.380,-4.201834,nan
2cbv,2cbv_571,4.900,-4.760567,nan
2cbv,2cbv_573,4.380,-4.674623,nan
2cbv,2cbv_579,4.820,-4.091266,nan
2cbv,2cbv_583,5.700,-5.159837,nan
2cbv,2cbv_586,6.440,-5.061347,nan
2cbv,2cbv_590,6.730,-6.110206,nan
2cbv,2cbv_591,5.720,-5.176390,nan
2cbv,2cbv_592,6.110,-5.743251,nan
2cbv,2cbv_593,6.810,-6.117012,nan
2cbv,2cbv_595,3.160,-2.762524,nan
2cbv,2cbv_596,5.460,-5.160140,nan
2cbv,2cbv_62,0.420,-0.274074,nan
2cbv,2cbv_658,3.210,-3.108419,nan
2cbv,2cbv_661,2.620,-2.574761,nan
2cbv,2cbv_675,3.400,-2.584131,nan
2cbv,2cbv_685,3.100,-2.125207,nan
2cbv,2cbv_696,3.360,-2.938280,nan
2cbv,2cbv_712,0.580,-0.586889,nan
2cbv,2cbv_719,0.380,-0.211581,nan
2cbv,2cbv_753,1.990,-0.998192,nan
2cbv,2cbv_759,2.130,-1.005171,nan
2cbv,2cbv_770,2.510,-2.149796,nan
2cbv,2cbv_772,2.410,-0.981091,nan
2cbv,2cbv_773,1.710,-0.740605,nan
2cbv,2cbv_781,2.460,-1.085981,nan
2cbv,2cbv_785,1.930,-0.982436,nan
2cbv,2cbv_869,1.860,-0.452675,nan
2cbv,2cbv_871,1.720,-1.470557,nan
2cbv,2cbv_872,3.090,-2.501340,nan
2cbv,2cbv_877,1.300,-0.600397,nan
2cbv,2cbv_881,2.360,-1.496482,nan
2cbv,2cbv_90,0.250,-0.267325,nan
2cbv,2cbv_945,0.990,-0.991691,nan
2cbv,2cbv_984,2.050,-1.300205,nan
2cbv,2cbv_985,2.000,-0.993876,nan
2cet,2cet_108,1.210,-1.217036,nan
2cet,2cet_123,0.940,-0.967754,nan
2cet,2cet_125,2.480,-2.908144,nan
2cet,2cet_188,0.680,-0.724017,nan
2cet,2cet_313,0.850,-0.840609,nan
2cet,2cet_326,0.970,-1.019742,nan
2cet,2cet_359,0.880,-0.919406,nan
2cet,2cet_378,4.070,-5.704698,nan
2cet,2cet_406,2.780,-3.779574,nan
2cet,2cet_418,7.120,-4.061051,nan
2cet,2cet_419,3.110,-4.459786,nan
2cet,2cet_421,6.770,-3.980006,nan
2cet,2cet_430,7.190,-2.752332,nan
2cet,2cet_435,3.530,-4.501606,nan
2cet,2cet_436,2.770,-4.063400,nan
2cet,2cet_452,5.970,-4.853981,nan
2cet,2cet_457,7.650,-5.447422,nan
2cet,2cet_458,3.640,-5.414823,nan
2cet,2cet_466,5.900,-3.854318,nan
2cet,2cet_469,7.250,-4.191609,nan
2cet,2cet_474,7.680,-4.631823,nan
2cet,2cet_478,7.670,-5.535627,nan
2cet,2cet_481,1.700,-1.387563,nan
2cet,2cet_518,6.650,-5.825203,nan
2cet,2cet_522,5.750,-5.981830,nan
2cet,2cet_524,1.440,-1.453602,nan
2cet,2cet_528,6.010,-6.048197,nan
2cet,2cet_529,3.360,-4.311821,nan
2cet,2cet_533,3.860,-2.425094,nan
2cet,2cet_540,8.270,-6.269021,nan
2cet,2cet_548,7.300,-6.530269,nan
2cet,2cet_550,5.330,-7.472190,nan
2cet,2cet_552,6.710,-6.040854,nan
2cet,2cet_554,6.450,-6.661122,nan
2cet,2cet_556,4.400,-5.364149,nan
2cet,2cet_560,2.860,-2.750132,nan
2cet,2cet_561,5.160,-4.667906,nan
2cet,2cet_564,1.260,-1.652831,nan
2cet,2cet_566,5.810,-5.446174,nan
2cet,2cet_567,4.850,-5.833728,nan
2cet,2cet_568,5.550,-6.126827,nan
2cet,2cet_569,6.560,-5.389853,nan
2cet,2cet_570,7.500,-5.856313,nan
2cet,2cet_578,8.370,-5.755233,nan
2cet,2cet_580,2.730,-2.107314,nan
2cet,2cet_581,3.270,-3.655654,nan
2cet,2cet_585,7.410,-6.482441,nan
2cet,2cet_588,4.840,-3.437184,nan
2cet,2cet_589,5.100,-5.526769,nan
2cet,2cet_591,6.210,-5.365785,nan
2cet,2cet_592,2.520,-2.690676,nan
2cet,2cet_593,4.500,-4.034195,nan
2cet,2cet_594,4.410,-5.119911,nan
2cet,2cet_595,6.150,-2.754789,nan
2cet,2cet_599,3.180,-2.936318,nan
2cet,2cet_643,4.450,-2.497576,nan
2cet,2cet_656,8.080,-7.680677,nan
2cet,2cet_662,5.780,-5.589797,nan
2cet,2cet_665,2.230,-2.323697,nan
2cet,2cet_668,4.610,-7.201790,nan
2cet,2cet_669,7.780,-6.841281,nan
2cet,2cet_672,6.780,-6.325437,nan
2cet,2cet_673,6.240,-6.333047,nan
2cet,2cet_676,5.210,-6.086268,nan
2cet,2cet_679,2.620,-3.148650,nan
2cet,2cet_682,4.430,-4.325926,nan
2cet,2cet_689,3.470,-3.422165,nan
2cet,2cet_699,5.000,-4.476064,nan
2cet,2cet_722,1.980,-2.695370,nan
2cet,2cet_725,0.830,-1.104372,nan
2cet,2cet_734,0.980,-1.019568,nan
2cet,2cet_741,0.740,-1.134010,nan
2cet,2cet_742,0.890,-1.188956,nan
2cet,2cet_745,3.230,-4.175966,nan
2cet,2cet_756,0.770,-1.476737,nan
2cet,2cet_761,1.510,-0.936889,nan
2cet,2cet_765,2.930,-4.285538,nan
2cet,2cet_768,2.990,-2.148938,nan
2cet,2cet_776,1.080,-1.418971,nan
2cet,2cet_777,3.440,-2.169185,nan
2cet,2cet_855,1.300,-0.986003,nan
2cet,2cet_857,1.470,-1.334604,nan
2cet,2cet_875,1.790,-2.042802,nan
2fvd,2fvd_10,6.000,-4.000099,nan
2fvd,2fvd_102,0.950,-1.011694,nan
2fvd,2fvd_105,3.340,-1.340304,nan
2fvd,2fvd_107,9.570,-4.341764,nan
2fvd,2fvd_116,3.020,-1.408856,nan
2fvd,2fvd_118,3.820,-2.158017,nan
2fvd,2fvd_121,5.080,-3.224988,nan
2fvd,2fvd_122,2.790,-1.397716,nan
2fvd,2fvd_126,9.840,-3.352561,nan
2fvd,2fvd_136,3.470,-1.112507,nan
2fvd,2fvd_169,6.180,-4.176217,nan
2fvd,2fvd_175,5.930,-2.854880,nan
2fvd,2fvd_188,9.920,-3.781560,nan
2fvd,2fvd_200,5.180,-2.308236,nan
2fvd,2fvd_204,2.440,-1.181769,nan
2fvd,2fvd_210,0.640,-0.732669,nan
2fvd,2fvd_211,0.850,-1.183143,nan
2fvd,2fvd_219,7.940,-4.039992,nan
2fvd,2fvd_220,6.850,-5.937409,nan
2fvd,2fvd_223,0.610,-0.991868,nan
2fvd,2fvd_225,2.070,-0.848787,nan
2fvd,2fvd_235,0.870,-0.582891,nan
2fvd,2fvd_238,7.620,-5.167288,nan
2fvd,2fvd_24,5.830,-3.763202,nan
2fvd,2fvd_243,7.600,-7.180163,nan
2fvd,2fvd_266,9.530,-5.031824,nan
2fvd,2fvd_270,1.020,-0.719781,nan
2fvd,2fvd_275,0.920,-0.735588,nan
2fvd,2fvd_282,8.260,-4.366642,nan
2fvd,2fvd_286,1.080,-1.579828,nan
2fvd,2fvd_288,0.540,-0.679634,nan
2fvd,2fvd_292,1.080,-0.575332,nan
2fvd,2fvd_309,8.260,-1.277890,nan
2fvd,2fvd_312,7.640,-3.474912,nan
2fvd,2fvd_34,0.830,-0.604068,nan
2fvd,2fvd_345,1.410,-0.985624,nan
2fvd,2fvd_348,8.610,-3.176395,nan
2fvd,2fvd_369,2.940,-1.124329,nan
2fvd,2fvd_382,3.140,-0.903821,nan
2fvd,2fvd_388,9.280,-2.751369,nan
2fvd,2fvd_39,0.970,-0.907567,nan
2fvd,2fvd_397,8.800,-3.431778,nan
2fvd,2fvd_40,1.030,-1.102331,nan
2fvd,2fvd_408,7.480,-2.226624,nan
2fvd,2fvd_410,5.080,-3.016353,nan
2fvd,2fvd_42,3.040,-1.584859,nan
2fvd,2fvd_421,2.400,-2.238750,nan
2fvd,2fvd_428,4.020,-3.123521,nan
2fvd,2fvd_434,5.270,-3.968763,nan
2fvd,2fvd_435,8.020,-3.604607,nan
2fvd,2fvd_443,4.510,-2.246547,nan
2fvd,2fvd_467,2.590,-2.237168,nan
2fvd,2fvd_468,6.250,-2.985066,nan
2fvd,2fvd_469,6.870,-2.480712,nan
2fvd,2fvd_475,7.640,-2.523364,nan
2fvd,2fvd_478,4.020,-3.053613,nan
2fvd,2fvd_48,6.580,-4.526227,nan
2fvd,2fvd_484,8.020,-7.341452,nan
2fvd,2fvd_490,3.340,-2.343410,nan
2fvd,2fvd_495,3.170,-2.419201,nan
2fvd,2fvd_50,6.500,-3.623076,nan
2fvd,2fvd_505,3.290,-2.597032,nan
2fvd,2fvd_553,4.860,-4.533428,nan
2fvd,2fvd_555,2.090,-1.741708,nan
2fvd,2fvd_585,6.620,-4.138944,nan
2fvd,2fvd_592,7.910,-3.516261,nan
2fvd,2fvd_599,5.820,-1.798525,nan
2fvd,2fvd_6,2.580,-2.389794,nan
2fvd,2fvd_602,8.570,-5.588496,nan
2fvd,2fvd_603,4.130,-2.694769,nan
2fvd,2fvd_606,4.960,-4.513041,nan
2fvd,2fvd_610,8.030,-4.485079,nan
2fvd,2fvd_62,4.000,-3.505726,nan
2fvd,2fvd_637,5.500,-4.262532,nan
2fvd,2fvd_638,8.130,-5.143070,nan
2fvd,2fvd_639,5.670,-5.044130,nan
2fvd,2fvd_640,4.190,-3.937382,nan
2fvd,2fvd_642,7.900,-4.598170,nan
2fvd,2fvd_645,4.450,-3.564056,nan
2fvd,2fvd_649,9.030,-5.679596,nan
2fvd,2fvd_65,1.350,-1.173140,nan
2fvd,2fvd_673,6.040,-5.297256,nan
2fvd,2fvd_679,5.080,-4.320428,nan
2fvd,2fvd_680,9.330,-6.842998,nan
2fvd,2fvd_695,4.600,-3.969419,nan
2fvd,2fvd_698,6.840,-3.409970,nan
2fvd,2fvd_71,7.200,-2.688771,nan
2fvd,2fvd_72,6.810,-5.305581,nan
2fvd,2fvd_747,1.690,-1.448097,nan
2fvd,2fvd_751,2.130,-1.132284,nan
2fvd,2fvd_76,1.220,-1.093006,nan
2fvd,2fvd_778,9.130,-8.173517,nan
2fvd,2fvd_780,2.130,-0.578930,nan
2fvd,2fvd_783,9.940,-3.696992,nan
2fvd,2fvd_809,2.000,-0.752537,nan
2fvd,2fvd_86,1.320,-1.075343,nan
2fvd,2fvd_872,9.310,-8.599580,nan
2fvd,2fvd_880,8.060,-1.374714,nan
2fvd,2fvd_881,7.680,-3.861306,nan
2fvd,2fvd_889,0.890,-0.745952,nan
2fxs,2fxs_120,5.250,-4.424018,nan
2fxs,2fxs_142,2.450,-1.750352,nan
2fxs,2fxs_153,3.060,-1.511903,nan
2fxs,2fxs_163,4.650,-2.166918,nan
2fxs,2fxs_241,3.830,-1.820358,nan
2fxs,2fxs_251,3.960,-2.152243,nan
2fxs,2fxs_266,4.150,-1.243675,nan
2fxs,2fxs_336,0.760,-1.072581,nan
2fxs,2fxs_345,0.670,-0.842515,nan
2fxs,2fxs_397,6.380,-3.982428,nan
2fxs,2fxs_41,0.600,-1.127335,nan
2fxs,2fxs_453,6.090,-7.129707,nan
2fxs,2fxs_49,0.690,-1.189904,nan
2fxs,2fxs_491,6.220,-5.469649,nan
2fxs,2fxs_507,5.420,-5.345827,nan
2fxs,2fxs_521,1.780,-1.896622,nan
2fxs,2fxs_552,6.070,-7.766454,nan
2fxs,2fxs_559,4.460,-3.220520,nan
2fxs,2fxs_564,5.110,-4.985894,nan
2fxs,2fxs_576,3.870,-4.929309,nan
2fxs,2fxs_584,1.920,-1.297945,nan
2fxs,2fxs_597,5.050,-2.738504,nan
2fxs,2fxs_608,1.550,-1.706652,nan
2fxs,2fxs_632,6.410,-3.999023,nan
2fxs,2fxs_636,1.700,-2.547391,nan
2fxs,2fxs_643,6.050,-7.995624,nan
2fxs,2fxs_67,0.630,-0.936763,nan
2fxs,2fxs_678,5.600,-3.745188,nan
2fxs,2fxs_693,4.160,-5.296932,nan
2fxs,2fxs_697,2.910,-1.069171,nan
2fxs,2fxs_701,5.930,-7.631331,nan
2fxs,2fxs_704,2.370,-0.972872,nan
2fxs,2fxs_706,1.290,-1.143701,nan
2fxs,2fxs_730,4.370,-2.819924,nan
2fxs,2fxs_745,1.580,-1.097349,nan
2fxs,2fxs_747,5.360,-3.206167,nan
2fxs,2fxs_750,1.390,-1.506433,nan
2fxs,2fxs_751,2.730,-1.309047,nan
2fxs,2fxs_753,3.290,-1.744041,nan
2fxs,2fxs_754,4.770,-4.320765,nan
2fxs,2fxs_760,1.890,-1.369500,nan
2fxs,2fxs_763,2.660,-1.597881,nan
2fxs,2fxs_764,2.860,-2.154164,nan
2fxs,2fxs_769,4.370,-2.628373,nan
2fxs,2fxs_770,3.200,-1.411670,nan
2fxs,2fxs_774,3.130,-2.564442,nan
2fxs,2fxs_775,2.060,-1.504235,nan
2fxs,2fxs_777,4.020,-2.518884,nan
2fxs,2fxs_779,3.640,-1.931154,nan
2fxs,2fxs_789,4.770,-2.200864,nan
2fxs,2fxs_815,1.490,-0.746082,nan
2fxs,2fxs_827,0.870,-0.736160,nan
2fxs,2fxs_861,3.630,-0.855687,nan
2fxs,2fxs_864,4.680,-2.367836,nan
2fxs,2fxs_869,3.930,-2.276752,nan
2fxs,2fxs_876,5.180,-3.449300,nan
2fxs,2fxs_879,2.500,-1.908403,nan
2fxs,2fxs_889,2.310,-1.731924,nan
2fxs,2fxs_896,5.160,-3.272644,nan
2fxs,2fxs_905,1.620,-1.167792,nan
2fxs,2fxs_910,5.750,-3.488565,nan
2fxs,2fxs_921,0.950,-0.901530,nan
2fxs,2fxs_927,0.790,-0.714422,nan
2fxs,2fxs_939,2.970,-1.528505,nan
2fxs,2fxs_941,0.650,-0.876604,nan
2fxs,2fxs_953,0.540,-0.949963,nan
2hb1,2hb1_102,1.070,-0.592995,nan
2hb1,2hb1_134,0.790,-0.517978,nan
2hb1,2hb1_148,0.810,-0.997753,nan
2hb1,2hb1_149,1.180,-1.475775,nan
2hb1,2hb1_167,0.530,-0.559072,nan
2hb1,2hb1_175,0.410,-0.522324,nan
2hb1,2hb1_313,0.320,-0.642166,nan
2hb1,2hb1_330,0.980,-1.069934,nan
2hb1,2hb1_376,1.140,-0.958024,nan
2hb1,2hb1_408,2.970,-0.927324,nan
2hb1,2hb1_417,0.900,-0.888391,nan
2hb1,2hb1_424,1.250,-1.813837,nan
2hb1,2hb1_427,2.190,-1.701265,nan
2hb1,2hb1_438,3.880,-1.470870,nan
2hb1,2hb1_440,2.990,-2.074818,nan
2hb1,2hb1_447,3.260,-1.859692,nan
2hb1,2hb1_448,2.230,-2.009046,nan
2hb1,2hb1_457,1.000,-0.861213,nan
2hb1,2hb1_463,3.080,-2.113703,nan
2hb1,2hb1_477,3.390,-2.014515,nan
2hb1,2hb1_480,1.850,-1.741730,nan
2hb1,2hb1_485,1.880,-1.526508,nan
2hb1,2hb1_495,3.340,-1.107682,nan
2hb1,2hb1_504,2.100,-2.721095,nan
2hb1,2hb1_559,3.010,-1.597142,nan
2hb1,2hb1_562,1.900,-1.972345,nan
2hb1,2hb1_573,3.140,-1.985021,nan
2hb1,2hb1_574,3.200,-2.123553,nan
2hb1,2hb1_613,2.720,-1.066676,nan
2hb1,2hb1_640,0.730,-0.720949,nan
2hb1,2hb1_642,1.670,-1.481054,nan
2hb1,2hb1_664,4.260,-4.907085,nan
2hb1,2hb1_666,2.160,-1.912161,nan
2hb1,2hb1_675,3.020,-2.589686,nan
2hb1,2hb1_689,1.850,-1.873528,nan
2hb1,2hb1_690,1.340,-1.139532,nan
2hb1,2hb1_695,2.760,-1.602577,nan
2hb1,2hb1_763,2.200,-1.587881,nan
2hb1,2hb1_772,2.570,-2.603312,nan
2hb1,2hb1_785,3.670,-2.592579,nan
2hb1,2hb1_981,0.790,-0.532683,nan
2iwx,2iwx_101,0.420,-0.491233,nan
2iwx,2iwx_103,0.970,-0.539777,nan
2iwx,2iwx_315,0.670,-0.895541,nan
2iwx,2iwx_351,0.330,-0.234141,nan
2iwx,2iwx_366,0.540,-0.271060,nan
2iwx,2iwx_368,0.870,-0.861946,nan
2iwx,2iwx_394,0.360,-0.336570,nan
2iwx,2iwx_404,2.130,-2.443868,nan
2iwx,2iwx_406,4.950,-2.258203,nan
2iwx,2iwx_407,1.160,-1.152346,nan
2iwx,2iwx_409,2.580,-2.204651,nan
2iwx,2iwx_412,4.330,-3.257019,nan
2iwx,2iwx_432,1.710,-1.821653,nan
2iwx,2iwx_433,5.250,-4.142836,nan
2iwx,2iwx_438,3.610,-3.031683,nan
2iwx,2iwx_440,1.200,-1.369089,nan
2iwx,2iwx_446,2.240,-2.039910,nan
2iwx,2iwx_456,5.180,-2.934402,nan
2iwx,2iwx_463,3.270,-2.517830,nan
2iwx,2iwx_464,2.720,-2.080925,nan
2iwx,2iwx_469,2.790,-2.962217,nan
2iwx,2iwx_470,5.020,-3.653890,nan
2iwx,2iwx_472,1.270,-0.935173,nan
2iwx,2iwx_480,4.830,-3.121686,nan
2iwx,2iwx_484,1.910,-2.395427,nan
2iwx,2iwx_487,4.080,-3.836156,nan
2iwx,2iwx_492,3.790,-2.646461,nan
2iwx,2iwx_498,3.260,-2.954123,nan
2iwx,2iwx_507,1.140,-1.597040,nan
2iwx,2iwx_508,0.980,-1.107797,nan
2iwx,2iwx_519,2.120,-2.543309,nan
2iwx,2iwx_529,1.480,-1.098832,nan
2iwx,2iwx_534,0.970,-0.352467,nan
2iwx,2iwx_547,6.330,-6.015893,nan
2iwx,2iwx_567,8.370,-8.526020,nan
2iwx,2iwx_570,3.590,-2.323252,nan
2iwx,2iwx_572,2.520,-2.078896,nan
2iwx,2iwx_575,6.900,-5.963586,nan
2iwx,2iwx_578,1.840,-1.954106,nan
2iwx,2iwx_583,4.860,-2.197730,nan
2iwx,2iwx_590,5.950,-6.156228,nan
2iwx,2iwx_596,5.210,-2.090802,nan
2iwx,2iwx_598,2.950,-2.396820,nan
2iwx,2iwx_623,3.900,-3.150320,nan
2iwx,2iwx_631,1.830,-1.346333,nan
2iwx,2iwx_633,1.610,-1.189864,nan
2iwx,2iwx_645,4.300,-3.275095,nan
2iwx,2iwx_647,3.690,-2.697938,nan
2iwx,2iwx_657,2.470,-2.409676,nan
2iwx,2iwx_659,2.440,-1.806859,nan
2iwx,2iwx_663,4.560,-3.677113,nan
2iwx,2iwx_664,5.500,-4.097064,nan
2iwx,2iwx_667,6.100,-5.291393,nan
2iwx,2iwx_671,5.990,-5.270185,nan
2iwx,2iwx_672,4.500,-2.853946,nan
2iwx,2iwx_685,5.590,-4.594839,nan
2iwx,2iwx_728,3.310,-1.393193,nan
2iwx,2iwx_731,6.440,-6.586953,nan
2iwx,2iwx_735,5.390,-5.249887,nan
2iwx,2iwx_745,8.970,-8.378085,nan
2iwx,2iwx_752,4.940,-3.506284,nan
2iwx,2iwx_756,4.950,-5.573785,nan
2iwx,2iwx_757,7.140,-6.548141,nan
2iwx,2iwx_758,6.920,-6.170109,nan
2iwx,2iwx_759,6.900,-6.396688,nan
2iwx,2iwx_760,6.630,-6.655480,nan
2iwx,2iwx_762,6.180,-5.709537,nan
2iwx,2iwx_763,6.010,-3.883418,nan
2iwx,2iwx_766,7.170,-6.186001,nan
2iwx,2iwx_776,3.960,-2.653352,nan
2iwx,2iwx_780,3.990,-3.841843,nan
2iwx,2iwx_801,0.840,-0.427312,nan
2iwx,2iwx_843,8.730,-8.204315,nan
2iwx,2iwx_847,8.680,-8.338999,nan
2iwx,2iwx_866,5.180,-4.353787,nan
2iwx,2iwx_874,6.080,-4.796090,nan
2iwx,2iwx_881,7.080,-7.062549,nan
2iwx,2iwx_970,7.580,-7.920159,nan
2j78,2j78_101,4.110,-2.816389,nan
2j78,2j78_115,4.020,-3.058890,nan
2j78,2j78_140,4.130,-3.047848,nan
2j78,2j78_176,4.080,-2.639053,nan
2j78,2j78_22,0.880,-0.547637,nan
2j78,2j78_31,0.740,-0.592159,nan
2j78,2j78_311,0.370,-0.429407,nan
2j78,2j78_317,4.190,-2.887264,nan
2j78,2j78_320,7.160,-6.122420,nan
2j78,2j78_326,0.700,-0.286937,nan
2j78,2j78_332,7.320,-6.698365,nan
2j78,2j78_349,7.130,-6.556555,nan
2j78,2j78_369,6.930,-6.560831,nan
2j78,2j78_382,4.290,-2.642717,nan
2j78,2j78_383,4.410,-3.768615,nan
2j78,2j78_397,4.260,-2.809698,nan
2j78,2j78_406,0.920,-0.695860,nan
2j78,2j78_458,1.140,-0.604489,nan
2j78,2j78_459,1.990,-0.925292,nan
2j78,2j78_460,1.590,-0.987838,nan
2j78,2j78_471,2.490,-0.836261,nan
2j78,2j78_486,1.860,-1.322513,nan
2j78,2j78_507,1.960,-0.642921,nan
2j78,2j78_52,0.870,-0.420688,nan
2j78,2j78_546,3.940,-3.335457,nan
2j78,2j78_575,4.580,-2.780291,nan
2j78,2j78_597,2.380,-0.665137,nan
2j78,2j78_621,2.290,-1.088589,nan
2j78,2j78_626,3.010,-2.006662,nan
2j78,2j78_650,3.010,-1.444925,nan
2j78,2j78_657,4.470,-2.358332,nan
2j78,2j78_684,3.080,-2.903034,nan
2j78,2j78_716,3.270,-1.209678,nan
2j78,2j78_719,2.340,-0.693604,nan
2j78,2j78_744,2.690,-0.921541,nan
2j78,2j78_751,2.650,-1.143085,nan
2j78,2j78_754,1.880,-0.877114,nan
2j78,2j78_755,2.470,-0.718665,nan
2j78,2j78_777,2.100,-1.157153,nan
2j78,2j78_779,3.260,-0.990653,nan
2j78,2j78_787,2.780,-1.290796,nan
2j78,2j78_795,3.460,-1.856820,nan
2j78,2j78_796,1.750,-0.848095,nan
2j78,2j78_808,0.970,-0.738557,nan
2j78,2j78_812,0.790,-0.633905,nan
2j78,2j78_827,3.510,-2.048478,nan
2j78,2j78_835,1.760,-0.694977,nan
2j78,2j78_857,1.760,-0.398787,nan
2j78,2j78_862,1.560,-0.184949,nan
2j78,2j78_881,2.210,-0.308083,nan
2j78,2j78_882,3.050,-1.498637,nan
2j78,2j78_938,3.090,-1.180716,nan
2j78,2j78_941,0.980,-0.342684,nan
2j78,2j78_97,0.470,-0.256670,nan
2j7h,2j7h_18,0.960,-0.197114,nan
2j7h,2j7h_211,0.490,-0.198873,nan
2j7h,2j7h_219,0.880,-0.550103,nan
2j7h,2j7h_227,2.310,-0.230588,nan
2j7h,2j7h_26,0.410,-0.261128,nan
2j7h,2j7h_274,1.030,-0.625654,nan
2j7h,2j7h_33,2.370,-0.473039,nan
2j7h,2j7h_41,0.430,-0.145364,nan
2j7h,2j7h_451,1.580,-0.474171,nan
2j7h,2j7h_458,2.230,-1.570499,nan
2j7h,2j7h_48,0.170,-0.217774,nan
2j7h,2j7h_480,1.850,-1.649003,nan
2j7h,2j7h_522,3.360,-2.593892,nan
2j7h,2j7h_539,4.380,-3.636343,nan
2j7h,2j7h_541,3.170,-2.811759,nan
2j7h,2j7h_549,3.190,-2.695808,nan
2j7h,2j7h_555,4.820,-4.518906,nan
2j7h,2j7h_557,3.230,-1.902970,nan
2j7h,2j7h_558,4.120,-3.395890,nan
2j7h,2j7h_56,0.850,-0.182369,nan
2j7h,2j7h_563,4.060,-3.688880,nan
2j7h,2j7h_567,4.310,-3.652497,nan
2j7h,2j7h_569,4.330,-4.032551,nan
2j7h,2j7h_586,4.010,-3.008506,nan
2j7h,2j7h_597,5.020,-4.471203,nan
2j7h,2j7h_633,3.100,-2.312165,nan
2j7h,2j7h_720,0.450,-0.208724,nan
2j7h,2j7h_721,0.750,-0.278373,nan
2j7h,2j7h_727,1.460,-0.549191,nan
2j7h,2j7h_733,1.710,-0.704759,nan
2j7h,2j7h_736,1.380,-0.619713,nan
2j7h,2j7h_747,1.410,-0.835813,nan
2j7h,2j7h_752,4.110,-3.512137,nan
2j7h,2j7h_761,1.520,-0.694433,nan
2j7h,2j7h_762,1.590,-0.535285,nan
2j7h,2j7h_767,2.250,-1.145261,nan
2j7h,2j7h_771,2.370,-1.185861,nan
2j7h,2j7h_776,4.390,-3.779438,nan
2j7h,2j7h_778,4.180,-3.983389,nan
2j7h,2j7h_780,3.530,-2.914655,nan
2j7h,2j7h_784,1.900,-0.720675,nan
2j7h,2j7h_787,2.690,-2.073962,nan
2j7h,2j7h_793,3.180,-2.063407,nan
2j7h,2j7h_794,3.350,-2.459871,nan
2j7h,2j7h_795,2.470,-1.740439,nan
2j7h,2j7h_796,2.710,-1.862531,nan
2j7h,2j7h_797,2.430,-1.542748,nan
2j7h,2j7h_840,2.270,-0.608191,nan
2j7h,2j7h_861,3.160,-2.314003,nan
2j7h,2j7h_869,3.870,-3.506324,nan
2j7h,2j7h_912,0.480,-0.208724,nan
2p15,2p15_133,1.140,-0.667279,nan
2p15,2p15_155,4.560,-2.130842,nan
2p15,2p15_216,2.200,-0.913513,nan
2p15,2p15_262,0.400,-0.370081,nan
2p15,2p15_290,0.780,-0.138491,nan
2p15,2p15_331,0.270,-0.230793,nan
2p15,2p15_344,0.780,-0.442947,nan
2p15,2p15_402,1.000,-0.303437,nan
2p15,2p15_404,0.870,-0.812869,nan
2p15,2p15_407,0.900,-0.517893,nan
2p15,2p15_414,3.900,-2.075628,nan
2p15,2p15_415,4.100,-1.949359,nan
2p15,2p15_425,1.500,-2.017001,nan
2p15,2p15_427,3.800,-1.719549,nan
2p15,2p15_435,1.510,-1.124120,nan
2p15,2p15_437,1.380,-1.316912,nan
2p15,2p15_446,1.160,-0.256599,nan
2p15,2p15_453,3.410,-1.694003,nan
2p15,2p15_456,2.540,-1.331642,nan
2p15,2p15_460,1.830,-1.631614,nan
2p15,2p15_466,3.860,-1.829798,nan
2p15,2p15_471,1.990,-1.852305,nan
2p15,2p15_478,3.540,-1.712292,nan
2p15,2p15_479,4.000,-2.010876,nan
2p15,2p15_480,2.100,-2.270353,nan
2p15,2p15_481,2.150,-2.329116,nan
2p15,2p15_489,2.150,-2.277063,nan
2p15,2p15_493,4.100,-1.913548,nan
2p15,2p15_496,4.300,-1.998857,nan
2p15,2p15_546,4.760,-2.822950,nan
2p15,2p15_550,3.780,-1.919218,nan
2p15,2p15_557,2.610,-2.476088,nan
2p15,2p15_567,4.940,-3.594358,nan
2p15,2p15_568,4.630,-2.094036,nan
2p15,2p15_569,2.320,-1.150651,nan
2p15,2p15_578,3.900,-2.575422,nan
2p15,2p15_579,1.530,-1.585579,nan
2p15,2p15_582,5.300,-3.921239,nan
2p15,2p15_589,4.030,-3.608741,nan
2p15,2p15_590,5.210,-3.740883,nan
2p15,2p15_591,3.750,-1.574661,nan
2p15,2p15_592,1.980,-1.437442,nan
2p15,2p15_598,2.020,-1.688312,nan
2p15,2p15_600,5.110,-4.256526,nan
2p15,2p15_645,4.160,-2.104097,nan
2p15,2p15_678,4.560,-1.913859,nan
2p15,2p15_687,2.390,-1.731259,nan
2p15,2p15_699,2.460,-1.482803,nan
2p15,2p15_700,1.670,-1.885945,nan
2p15,2p15_765,3.820,-3.582980,nan
2p15,2p15_801,0.600,-0.537127,nan
2p15,2p15_850,0.620,-0.175170,nan
2p15,2p15_87,0.410,-0.307393,nan
2p4y,2p4y_100,1.680,-1.169729,nan
2p4y,2p4y_103,0.810,-0.391510,nan
2p4y,2p4y_127,7.820,-8.492126,nan
2p4y,2p4y_146,1.980,-1.360316,nan
2p4y,2p4y_152,0.790,-0.413042,nan
2p4y,2p4y_169,1.910,-1.628738,nan
2p4y,2p4y_202,0.810,-0.656197,nan
2p4y,2p4y_208,0.820,-0.719726,nan
2p4y,2p4y_223,4.930,-1.849409,nan
2p4y,2p4y_240,0.790,-0.577401,nan
2p4y,2p4y_247,0.790,-0.418466,nan
2p4y,2p4y_25,4.440,-1.665636,nan
2p4y,2p4y_253,0.590,-0.503347,nan
2p4y,2p4y_268,2.070,-0.863315,nan
2p4y,2p4y_275,5.230,-1.552970,nan
2p4y,2p4y_293,1.460,-1.645781,nan
2p4y,2p4y_297,1.020,-0.869111,nan
2p4y,2p4y_305,3.850,-4.370592,nan
2p4y,2p4y_309,9.260,-8.593834,nan
2p4y,2p4y_314,2.870,-3.765736,nan
2p4y,2p4y_350,9.690,-8.583361,nan
2p4y,2p4y_38,0.880,-0.970701,nan
2p4y,2p4y_407,2.760,-3.329850,nan
2p4y,2p4y_409,3.560,-3.070800,nan
2p4y,2p4y_412,5.840,-5.257943,nan
2p4y,2p4y_419,1.760,-1.258919,nan
2p4y,2p4y_423,2.290,-2.595753,nan
2p4y,2p4y_424,2.580,-2.084248,nan
2p4y,2p4y_435,3.010,-2.191449,nan
2p4y,2p4y_445,3.220,-3.886995,nan
2p4y,2p4y_446,2.290,-2.085916,nan
2p4y,2p4y_456,3.770,-3.328774,nan
2p4y,2p4y_461,1.370,-1.391178,nan
2p4y,2p4y_472,3.480,-4.113165,nan
2p4y,2p4y_509,7.250,-6.998044,nan
2p4y,2p4y_53,6.020,-3.028935,nan
2p4y,2p4y_549,7.410,-6.182801,nan
2p4y,2p4y_564,7.770,-7.968522,nan
2p4y,2p4y_570,7.610,-8.432475,nan
2p4y,2p4y_581,7.350,-6.716984,nan
2p4y,2p4y_582,7.060,-7.613549,nan
2p4y,2p4y_587,2.200,-2.757957,nan
2p4y,2p4y_588,7.370,-5.985193,nan
2p4y,2p4y_591,8.410,-8.581530,nan
2p4y,2p4y_595,4.680,-4.944431,nan
2p4y,2p4y_596,8.210,-7.916783,nan
2p4y,2p4y_600,3.360,-2.557967,nan
2p4y,2p4y_618,8.110,-6.649217,nan
2p4y,2p4y_649,9.850,-8.500240,nan
2p4y,2p4y_665,3.860,-2.187895,nan
2p4y,2p4y_669,5.240,-3.365717,nan
2p4y,2p4y_679,8.200,-7.620803,nan
2p4y,2p4y_685,2.120,-1.399253,nan
2p4y,2p4y_700,7.040,-6.087142,nan
2p4y,2p4y_703,1.460,-0.747609,nan
2p4y,2p4y_714,1.490,-2.019876,nan
2p4y,2p4y_718,5.850,-5.401653,nan
2p4y,2p4y_74,0.950,-0.687529,nan
2p4y,2p4y_748,5.110,-2.872272,nan
2p4y,2p4y_749,5.750,-3.701931,nan
2p4y,2p4y_751,6.150,-5.421630,nan
2p4y,2p4y_752,3.850,-1.956650,nan
2p4y,2p4y_757,4.800,-1.068407,nan
2p4y,2p4y_758,6.560,-4.277972,nan
2p4y,2p4y_761,6.050,-4.938859,nan
2p4y,2p4y_762,5.270,-2.243562,nan
2p4y,2p4y_765,2.770,-3.526200,nan
2p4y,2p4y_767,4.270,-2.341010,nan
2p4y,2p4y_77,0.450,-0.319816,nan
2p4y,2p4y_772,6.800,-4.680289,nan
2p4y,2p4y_773,4.570,-3.924282,nan
2p4y,2p4y_775,4.970,-3.163985,nan
2p4y,2p4y_778,7.140,-5.735473,nan
2p4y,2p4y_781,4.270,-2.634510,nan
2p4y,2p4y_782,4.330,-4.466277,nan
2p4y,2p4y_784,1.560,-1.192165,nan
2p4y,2p4y_785,5.770,-3.409928,nan
2p4y,2p4y_842,6.110,-3.558690,nan
2p4y,2p4y_856,4.350,-3.071016,nan
2p4y,2p4y_859,3.110,-3.116875,nan
2p4y,2p4y_899,6.540,-3.340796,nan
2p4y,2p4y_908,5.940,-0.905330,nan
2p4y,2p4y_932,6.920,-5.919675,nan
2p4y,2p4y_938,2.810,-2.236297,nan
2p4y,2p4y_951,6.270,-5.710980,nan
2p4y,2p4y_961,5.380,-4.836031,nan
2p4y,2p4y_979,6.030,-0.811503,nan
2pog,2pog_402,3.050,-1.664835,nan
2pog,2pog_404,1.380,-1.026810,nan
2pog,2pog_405,0.660,-0.305112,nan
2pog,2pog_434,1.220,-0.758471,nan
2pog,2pog_441,0.770,-0.832277,nan
2pog,2pog_457,1.050,-1.816540,nan
2pog,2pog_468,1.350,-1.305137,nan
2pog,2pog_470,3.020,-1.444016,nan
2pog,2pog_473,2.240,-1.107849,nan
2pog,2pog_479,3.200,-1.986108,nan
2pog,2pog_491,3.100,-1.896408,nan
2pog,2pog_522,2.520,-1.607530,nan
2pog,2pog_530,1.290,-1.027488,nan
2pog,2pog_531,1.670,-1.520177,nan
2pog,2pog_540,0.960,-0.878674,nan
2pog,2pog_552,1.520,-1.326923,nan
2pog,2pog_572,4.210,-2.421043,nan
2pog,2pog_592,2.060,-2.036988,nan
2pog,2pog_593,4.260,-3.242080,nan
2pog,2pog_594,2.660,-1.823493,nan
2pog,2pog_619,3.040,-1.547217,nan
2pog,2pog_627,3.110,-2.820176,nan
2pog,2pog_652,2.190,-1.605468,nan
2pog,2pog_661,3.130,-1.701564,nan
2pog,2pog_694,3.040,-1.048754,nan
2pog,2pog_729,0.710,-0.175611,nan
2pog,2pog_731,0.650,-0.519287,nan
2pog,2pog_734,0.870,-0.817284,nan
2pog,2pog_750,1.030,-0.479844,nan
2pog,2pog_752,1.530,-0.633877,nan
2pog,2pog_760,3.990,-3.574534,nan
2pog,2pog_772,2.760,-1.378310,nan
2pog,2pog_777,3.010,-1.838948,nan
2pog,2pog_785,2.660,-0.945652,nan
2pog,2pog_787,2.970,-1.990079,nan
2pog,2pog_788,4.140,-4.188884,nan
2pog,2pog_791,2.600,-1.788964,nan
2pog,2pog_792,2.680,-2.296926,nan
2pog,2pog_853,1.200,-0.963097,nan
2pog,2pog_856,0.650,-0.589591,nan
2pog,2pog_876,0.850,-0.411874,nan
2pog,2pog_967,0.440,-0.569589,nan
2pog,2pog_994,0.710,-0.358633,nan
2qbp,2qbp_100,7.070,-7.387359,nan
2qbp,2qbp_103,6.770,-6.451881,nan
2qbp,2qbp_110,9.850,-8.577752,nan
2qbp,2qbp_118,5.990,-5.111143,nan
2qbp,2qbp_125,7.370,-7.764895,nan
2qbp,2qbp_13,1.400,-0.744515,nan
2qbp,2qbp_152,7.790,-7.201454,nan
2qbp,2qbp_155,8.340,-8.250463,nan
2qbp,2qbp_158,7.170,-6.148116,nan
2qbp,2qbp_160,7.220,-7.079706,nan
2qbp,2qbp_168,9.070,-8.471496,nan
2qbp,2qbp_187,9.020,-8.259240,nan
2qbp,2qbp_19,7.140,-6.616404,nan
2qbp,2qbp_191,7.480,-7.734157,nan
2qbp,2qbp_204,3.070,-2.066682,nan
2qbp,2qbp_207,6.390,-6.148508,nan
2qbp,2qbp_208,4.980,-4.128325,nan
2qbp,2qbp_225,0.990,-0.873642,nan
2qbp,2qbp_23,6.520,-6.171843,nan
2qbp,2qbp_233,8.790,-7.605498,nan
2qbp,2qbp_234,5.850,-5.170807,nan
2qbp,2qbp_239,4.800,-4.230156,nan
2qbp,2qbp_255,5.800,-5.349727,nan
2qbp,2qbp_256,4.470,-2.832160,nan
2qbp,2qbp_259,0.840,-0.446071,nan
2qbp,2qbp_260,1.540,-1.093157,nan
2qbp,2qbp_265,2.090,-0.969930,nan
2qbp,2qbp_268,8.370,-8.076329,nan
2qbp,2qbp_27,9.110,-8.384012,nan
2qbp,2qbp_272,0.590,-0.405043,nan
2qbp,2qbp_276,0.900,-0.503241,nan
2qbp,2qbp_28,1.850,-1.149922,nan
2qbp,2qbp_283,5.870,-6.453124,nan
2qbp,2qbp_286,6.470,-6.143500,nan
2qbp,2qbp_288,0.770,-0.491417,nan
2qbp,2qbp_29,0.900,-0.520976,nan
2qbp,2qbp_292,1.340,-1.114632,nan
2qbp,2qbp_297,5.300,-4.375351,nan
2qbp,2qbp_310,8.870,-8.296317,nan
2qbp,2qbp_35,6.100,-6.102377,nan
2qbp,2qbp_368,7.050,-6.140443,nan
2qbp,2qbp_37,3.260,-1.992377,nan
2qbp,2qbp_371,4.630,-4.090986,nan
2qbp,2qbp_411,1.960,-0.773342,nan
2qbp,2qbp_415,9.050,-1.684818,nan
2qbp,2qbp_463,3.320,-2.104303,nan
2qbp,2qbp_464,8.870,-2.869143,nan
2qbp,2qbp_488,2.270,-1.289307,nan
2qbp,2qbp_489,2.140,-2.306830,nan
2qbp,2qbp_491,9.930,-2.760028,nan
2qbp,2qbp_498,3.690,-2.267926,nan
2qbp,2qbp_50,6.020,-5.266793,nan
2qbp,2qbp_503,3.540,-3.554264,nan
2qbp,2qbp_504,7.640,-6.728054,nan
2qbp,2qbp_528,1.840,-2.298114,nan
2qbp,2qbp_53,2.650,-1.821977,nan
2qbp,2qbp_546,4.870,-3.495379,nan
2qbp,2qbp_549,3.450,-2.010791,nan
2qbp,2qbp_554,4.010,-3.535221,nan
2qbp,2qbp_558,2.480,-2.078333,nan
2qbp,2qbp_559,5.640,-5.657129,nan
2qbp,2qbp_561,3.470,-2.664317,nan
2qbp,2qbp_567,2.240,-0.614040,nan
2qbp,2qbp_572,2.520,-2.556245,nan
2qbp,2qbp_585,4.470,-3.559632,nan
2qbp,2qbp_591,9.880,-3.088580,nan
2qbp,2qbp_593,6.810,-7.048410,nan
2qbp,2qbp_596,7.240,-7.579071,nan
2qbp,2qbp_608,6.160,-5.502136,nan
2qbp,2qbp_615,8.930,-1.592222,nan
2qbp,2qbp_622,4.330,-3.913927,nan
2qbp,2qbp_623,4.350,-3.038158,nan
2qbp,2qbp_630,2.910,-2.867032,nan
2qbp,2qbp_631,9.370,-4.039926,nan
2qbp,2qbp_648,6.380,-4.727870,nan
2qbp,2qbp_650,9.810,-6.548631,nan
2qbp,2qbp_654,1.900,-2.300531,nan
2qbp,2qbp_656,3.390,-2.946691,nan
2qbp,2qbp_665,9.580,-8.510579,nan
2qbp,2qbp_676,5.310,-3.037742,nan
2qbp,2qbp_690,8.320,-6.860244,nan
2qbp,2qbp_693,4.320,-3.555542,nan
2qbp,2qbp_695,8.670,-6.266350,nan
2qbp,2qbp_71,5.190,-4.730039,nan
2qbp,2qbp_74,5.700,-5.395613,nan
2qbp,2qbp_741,3.070,-1.361780,nan
2qbp,2qbp_744,3.810,-2.675841,nan
2qbp,2qbp_78,6.870,-6.336393,nan
2qbp,2qbp_79,2.290,-1.367743,nan
2qbp,2qbp_80,1.610,-0.897869,nan
2qbp,2qbp_84,8.310,-8.082280,nan
2qbp,2qbp_85,8.780,-6.490199,nan
2qbp,2qbp_890,5.790,-4.791646,nan
2qbp,2qbp_92,1.570,-0.514377,nan
2qbp,2qbp_94,1.990,-0.646267,nan
2qbp,2qbp_97,2.160,-0.714665,nan
2qbq,2qbq_121,0.990,-1.052871,nan
2qbq,2qbq_128,8.390,-2.297881,nan
2qbq,2qbq_16,2.100,-1.016114,nan
2qbq,2qbq_184,8.000,-3.865557,nan
2qbq,2qbq_216,1.330,-0.927276,nan
2qbq,2qbq_226,1.120,-1.351477,nan
2qbq,2qbq_227,1.030,-1.265424,nan
2qbq,2qbq_235,0.920,-1.041508,nan
2qbq,2qbq_236,1.070,-0.626003,nan
2qbq,2qbq_248,0.920,-0.683208,nan
2qbq,2qbq_276,0.550,-0.897015,nan
2qbq,2qbq_300,0.700,-0.743854,nan
2qbq,2qbq_309,6.250,-6.456587,nan
2qbq,2qbq_324,6.210,-5.009477,nan
2qbq,2qbq_332,6.520,-5.872226,nan
2qbq,2qbq_364,9.210,-1.375244,nan
2qbq,2qbq_370,8.040,-7.937938,nan
2qbq,2qbq_372,5.110,-4.837140,nan
2qbq,2qbq_388,0.850,-0.636216,nan
2qbq,2qbq_39,7.210,-5.505946,nan
2qbq,2qbq_391,7.220,-7.346879,nan
2qbq,2qbq_402,8.530,-2.061934,nan
2qbq,2qbq_410,7.750,-1.354457,nan
2qbq,2qbq_416,9.350,-3.316371,nan
2qbq,2qbq_433,2.890,-2.715173,nan
2qbq,2qbq_434,9.310,-2.983815,nan
2qbq,2qbq_436,7.970,-2.268399,nan
2qbq,2qbq_448,8.070,-4.254972,nan
2qbq,2qbq_45,1.520,-0.455298,nan
2qbq,2qbq_453,2.220,-2.398407,nan
2qbq,2qbq_458,8.410,-3.016783,nan
2qbq,2qbq_460,3.340,-3.381761,nan
2qbq,2qbq_463,7.760,-2.402265,nan
2qbq,2qbq_466,7.770,-1.954105,nan
2qbq,2qbq_468,3.080,-2.945403,nan
2qbq,2qbq_471,2.640,-2.572063,nan
2qbq,2qbq_473,9.050,-2.276546,nan
2qbq,2qbq_476,1.930,-1.737912,nan
2qbq,2qbq_483,4.430,-2.941173,nan
2qbq,2qbq_484,9.220,-2.704828,nan
2qbq,2qbq_489,9.500,-3.412131,nan
2qbq,2qbq_490,3.070,-2.469308,nan
2qbq,2qbq_496,2.550,-2.180900,nan
2qbq,2qbq_497,2.070,-1.827612,nan
2qbq,2qbq_500,1.760,-1.825937,nan
2qbq,2qbq_503,3.860,-2.232833,nan
2qbq,2qbq_513,6.570,-2.908157,nan
2qbq,2qbq_521,1.970,-1.378604,nan
2qbq,2qbq_532,5.100,-2.054767,nan
2qbq,2qbq_548,4.860,-3.065540,nan
2qbq,2qbq_556,6.390,-2.930914,nan
2qbq,2qbq_562,3.470,-3.414127,nan
2qbq,2qbq_565,3.640,-3.505111,nan
2qbq,2qbq_566,6.050,-3.499853,nan
2qbq,2qbq_576,5.750,-5.785422,nan
2qbq,2qbq_581,5.990,-4.462842,nan
2qbq,2qbq_582,5.050,-6.126605,nan
2qbq,2qbq_589,3.790,-1.851661,nan
2qbq,2qbq_595,5.640,-2.833657,nan
2qbq,2qbq_607,3.280,-2.179889,nan
2qbq,2qbq_61,6.660,-5.289158,nan
2qbq,2qbq_617,3.520,-2.683695,nan
2qbq,2qbq_63,9.100,-6.799093,nan
2qbq,2qbq_633,4.090,-2.275608,nan
2qbq,2qbq_641,2.400,-1.731728,nan
2qbq,2qbq_642,4.160,-4.552766,nan
2qbq,2qbq_65,6.900,-5.892656,nan
2qbq,2qbq_651,4.340,-3.797568,nan
2qbq,2qbq_653,7.160,-5.294261,nan
2qbq,2qbq_663,4.240,-2.984460,nan
2qbq,2qbq_669,4.300,-2.912877,nan
2qbq,2qbq_679,8.130,-2.628219,nan
2qbq,2qbq_681,8.980,-7.012844,nan
2qbq,2qbq_686,2.940,-3.263888,nan
2qbq,2qbq_690,2.770,-1.880869,nan
2qbq,2qbq_693,8.020,-6.285404,nan
2qbq,2qbq_70,2.490,-2.030882,nan
2qbq,2qbq_720,0.830,-1.174377,nan
2qbq,2qbq_726,1.470,-1.718739,nan
2qbq,2qbq_736,6.740,-4.905533,nan
2qbq,2qbq_744,5.560,-3.880901,nan
2qbq,2qbq_752,0.380,-0.828083,nan
2qbq,2qbq_757,4.340,-2.090576,nan
2qbq,2qbq_759,9.050,-7.989632,nan
2qbq,2qbq_775,8.220,-5.049734,nan
2qbq,2qbq_778,9.620,-8.185253,nan
2qbq,2qbq_779,8.080,-7.221356,nan
2qbq,2qbq_784,5.500,-2.936897,nan
2qbq,2qbq_785,6.400,-4.932611,nan
2qbq,2qbq_790,5.850,-5.029898,nan
2qbq,2qbq_8,4.600,-3.292443,nan
2qbq,2qbq_832,3.390,-1.423839,nan
2qbq,2qbq_838,1.150,-1.736722,nan
2qbq,2qbq_843,0.900,-0.272782,nan
2qbq,2qbq_844,5.990,-3.030899,nan
2qbq,2qbq_882,7.020,-6.035622,nan
2qbq,2qbq_906,9.030,-6.754276,nan
2qbq,2qbq_94,7.430,-6.181345,nan
2qbq,2qbq_97,0.910,-0.539660,nan
2qbq,2qbq_970,4.550,-2.101839,nan
2qbr,2qbr_1000,5.430,-5.440291,nan
2qbr,2qbr_121,0.990,-1.094564,nan
2qbr,2qbr_157,7.720,-4.605972,nan
2qbr,2qbr_170,7.340,-5.151348,nan
2qbr,2qbr_197,8.210,-1.689307,nan
2qbr,2qbr_20,0.910,-0.509520,nan
2qbr,2qbr_201,0.650,-1.267267,nan
2qbr,2qbr_259,1.440,-1.651700,nan
2qbr,2qbr_270,1.090,-0.553878,nan
2qbr,2qbr_282,0.910,-0.253780,nan
2qbr,2qbr_293,0.910,-0.675753,nan
2qbr,2qbr_301,1.100,-1.078079,nan
2qbr,2qbr_353,0.860,-0.760675,nan
2qbr,2qbr_375,8.210,-3.632263,nan
2qbr,2qbr_385,0.800,-1.111258,nan
2qbr,2qbr_394,7.460,-5.871109,nan
2qbr,2qbr_402,2.190,-1.834268,nan
2qbr,2qbr_409,7.950,-2.127303,nan
2qbr,2qbr_410,1.560,-1.142219,nan
2qbr,2qbr_424,7.780,-1.528891,nan
2qbr,2qbr_427,4.160,-3.703770,nan
2qbr,2qbr_428,6.890,-6.645008,nan
2qbr,2qbr_429,1.950,-2.138995,nan
2qbr,2qbr_432,8.570,-1.165162,nan
2qbr,2qbr_439,8.160,-2.385732,nan
2qbr,2qbr_445,7.720,-0.825523,nan
2qbr,2qbr_447,7.950,-1.049412,nan
2qbr,2qbr_45,1.600,-0.945684,nan
2qbr,2qbr_450,7.070,-1.840279,nan
2qbr,2qbr_455,3.160,-2.793465,nan
2qbr,2qbr_469,3.030,-2.633394,nan
2qbr,2qbr_473,2.850,-2.645052,nan
2qbr,2qbr_474,8.630,-2.263245,nan
2qbr,2qbr_486,3.160,-2.627255,nan
2qbr,2qbr_487,7.290,-6.312146,nan
2qbr,2qbr_488,8.950,-3.539990,nan
2qbr,2qbr_497,8.120,-8.262283,nan
2qbr,2qbr_514,1.600,-1.796744,nan
2qbr,2qbr_516,6.500,-5.665072,nan
2qbr,2qbr_517,3.470,-1.814950,nan
2qbr,2qbr_522,4.220,-2.420267,nan
2qbr,2qbr_523,3.050,-3.044848,nan
2qbr,2qbr_526,1.740,-2.040401,nan
2qbr,2qbr_527,4.620,-3.795759,nan
2qbr,2qbr_532,4.500,-3.100691,nan
2qbr,2qbr_536,4.400,-5.445573,nan
2qbr,2qbr_555,2.510,-1.604775,nan
2qbr,2qbr_563,2.300,-2.042287,nan
2qbr,2qbr_566,5.040,-3.150735,nan
2qbr,2qbr_573,5.450,-4.102748,nan
2qbr,2qbr_582,2.230,-1.755747,nan
2qbr,2qbr_583,6.560,-4.782870,nan
2qbr,2qbr_590,5.030,-5.187638,nan
2qbr,2qbr_593,3.480,-2.891241,nan
2qbr,2qbr_595,4.340,-2.417184,nan
2qbr,2qbr_61,0.970,-0.620872,nan
2qbr,2qbr_617,2.490,-1.799846,nan
2qbr,2qbr_629,2.450,-2.168310,nan
2qbr,2qbr_633,1.940,-2.071065,nan
2qbr,2qbr_639,6.220,-6.888933,nan
2qbr,2qbr_645,2.860,-2.805709,nan
2qbr,2qbr_647,1.920,-2.381705,nan
2qbr,2qbr_656,8.170,-7.183649,nan
2qbr,2qbr_663,8.590,-2.123288,nan
2qbr,2qbr_667,5.010,-5.219735,nan
2qbr,2qbr_677,3.170,-2.407030,nan
2qbr,2qbr_689,5.770,-6.247274,nan
2qbr,2qbr_690,2.130,-1.874637,nan
2qbr,2qbr_699,3.890,-4.038650,nan
2qbr,2qbr_764,4.330,-2.472369,nan
2qbr,2qbr_765,3.560,-2.377591,nan
2qbr,2qbr_767,6.070,-4.150196,nan
2qbr,2qbr_771,3.850,-2.954439,nan
2qbr,2qbr_777,5.850,-3.078655,nan
2qbr,2qbr_778,0.870,-0.683548,nan
2qbr,2qbr_780,0.960,-0.600477,nan
2qbr,2qbr_782,6.140,-3.585813,nan
2qbr,2qbr_790,4.050,-3.841628,nan
2qbr,2qbr_796,6.160,-6.176593,nan
2qbr,2qbr_797,8.200,-7.789060,nan
2qbr,2qbr_798,7.790,-7.679975,nan
2qbr,2qbr_799,5.870,-4.098770,nan
2qbr,2qbr_802,6.460,-5.244624,nan
2qbr,2qbr_81,2.230,-1.764829,nan
2qbr,2qbr_821,5.640,-3.931417,nan
2qbr,2qbr_856,5.580,-6.386406,nan
2qbr,2qbr_875,6.500,-7.341224,nan
2qbr,2qbr_887,6.020,-6.967403,nan
2qbr,2qbr_895,4.190,-1.709991,nan
2qbr,2qbr_900,4.070,-3.702754,nan
2qe4,2qe4_165,0.640,-0.393767,nan
2qe4,2qe4_249,0.440,-0.428702,nan
2qe4,2qe4_3,0.620,-0.274131,nan
2qe4,2qe4_309,0.490,-0.337458,nan
2qe4,2qe4_422,1.540,-1.300916,nan
2qe4,2qe4_435,3.130,-2.097812,nan
2qe4,2qe4_441,1.620,-1.200654,nan
2qe4,2qe4_446,2.720,-1.845993,nan
2qe4,2qe4_447,2.560,-1.776218,nan
2qe4,2qe4_448,1.370,-0.517336,nan
2qe4,2qe4_499,3.130,-2.232998,nan
2qe4,2qe4_500,3.080,-1.865251,nan
2qe4,2qe4_509,0.970,-0.848586,nan
2qe4,2qe4_551,0.960,-0.996329,nan
2qe4,2qe4_552,1.030,-0.723302,nan
2qe4,2qe4_574,2.020,-1.225025,nan
2qe4,2qe4_597,1.480,-1.994822,nan
2qe4,2qe4_611,3.010,-1.616322,nan
2qe4,2qe4_629,1.550,-1.426639,nan
2qe4,2qe4_689,2.030,-1.755177,nan
2qe4,2qe4_693,1.730,-1.535057,nan
2qe4,2qe4_694,2.310,-2.558392,nan
2qe4,2qe4_698,2.680,-1.981842,nan
2qe4,2qe4_705,0.850,-1.007313,nan
2qe4,2qe4_718,1.970,-0.390797,nan
2qe4,2qe4_741,2.750,-1.428579,nan
2qe4,2qe4_750,4.430,-1.793294,nan
2qe4,2qe4_754,4.500,-2.550988,nan
2qe4,2qe4_757,4.040,-1.789643,nan
2qe4,2qe4_770,4.400,-2.360734,nan
2qe4,2qe4_771,3.820,-1.497107,nan
2qe4,2qe4_777,4.090,-2.465809,nan
2qe4,2qe4_779,4.080,-2.139634,nan
2qe4,2qe4_780,1.670,-1.393730,nan
2qe4,2qe4_784,2.800,-1.396181,nan
2qe4,2qe4_786,4.070,-2.319822,nan
2qe4,2qe4_788,4.420,-4.502037,nan
2qe4,2qe4_789,4.100,-2.339325,nan
2qe4,2qe4_79,2.150,-0.414022,nan
2qe4,2qe4_793,3.950,-2.005355,nan
2qe4,2qe4_796,4.130,-2.191646,nan
2qe4,2qe4_797,3.030,-1.664235,nan
2qe4,2qe4_83,0.540,-0.187806,nan
2qe4,2qe4_832,3.920,-1.511894,nan
2qe4,2qe4_841,0.750,-0.421225,nan
2qe4,2qe4_850,3.760,-1.971359,nan
2qe4,2qe4_875,2.160,-0.812757,nan
2qe4,2qe4_877,3.190,-1.929701,nan
2qe4,2qe4_964,0.810,-0.601963,nan
2qe4,2qe4_977,1.200,-0.785987,nan
2qnq,2qnq_130,1.990,-1.417543,nan
2qnq,2qnq_167,0.790,-1.115188,nan
2qnq,2qnq_207,0.980,-0.826838,nan
2qnq,2qnq_209,0.600,-0.643230,nan
2qnq,2qnq_210,2.730,-1.299993,nan
2qnq,2qnq_215,1.890,-1.845095,nan
2qnq,2qnq_216,3.340,-2.014203,nan
2qnq,2qnq_230,1.030,-1.408162,nan
2qnq,2qnq_231,2.770,-1.255337,nan
2qnq,2qnq_239,2.540,-1.421518,nan
2qnq,2qnq_243,5.060,-1.822423,nan
2qnq,2qnq_245,2.880,-1.445348,nan
2qnq,2qnq_249,3.270,-1.754207,nan
2qnq,2qnq_250,1.000,-0.775861,nan
2qnq,2qnq_267,2.530,-1.279418,nan
2qnq,2qnq_269,2.960,-0.642098,nan
2qnq,2qnq_272,2.560,-0.938802,nan
2qnq,2qnq_274,1.240,-1.343561,nan
2qnq,2qnq_277,2.310,-1.292442,nan
2qnq,2qnq_280,2.160,-0.986077,nan
2qnq,2qnq_287,1.420,-0.643143,nan
2qnq,2qnq_290,5.370,-3.147797,nan
2qnq,2qnq_293,3.240,-0.906060,nan
2qnq,2qnq_308,3.140,-1.170462,nan
2qnq,2qnq_314,0.740,-0.827897,nan
2qnq,2qnq_326,1.640,-1.056200,nan
2qnq,2qnq_34,2.150,-1.547821,nan
2qnq,2qnq_349,4.430,-2.289719,nan
2qnq,2qnq_367,1.840,-1.183786,nan
2qnq,2qnq_368,1.890,-1.164654,nan
2qnq,2qnq_394,3.330,-2.071820,nan
2qnq,2qnq_397,1.790,-1.806501,nan
2qnq,2qnq_413,4.250,-2.290015,nan
2qnq,2qnq_414,4.220,-3.264824,nan
2qnq,2qnq_429,5.040,-3.330464,nan
2qnq,2qnq_43,0.560,-1.165061,nan
2qnq,2qnq_431,5.110,-4.509314,nan
2qnq,2qnq_433,3.080,-2.567152,nan
2qnq,2qnq_445,3.170,-2.308882,nan
2qnq,2qnq_459,3.030,-3.339138,nan
2qnq,2qnq_462,7.300,-6.359851,nan
2qnq,2qnq_463,4.160,-2.922431,nan
2qnq,2qnq_464,3.270,-2.937440,nan
2qnq,2qnq_475,3.590,-3.803347,nan
2qnq,2qnq_478,5.130,-3.667696,nan
2qnq,2qnq_480,6.610,-5.152104,nan
2qnq,2qnq_484,4.370,-2.674829,nan
2qnq,2qnq_487,4.030,-3.279486,nan
2qnq,2qnq_496,4.130,-7.003219,nan
2qnq,2qnq_512,7.030,-8.516079,nan
2qnq,2qnq_520,7.060,-6.405783,nan
2qnq,2qnq_521,6.540,-5.750172,nan
2qnq,2qnq_538,4.330,-2.878905,nan
2qnq,2qnq_542,5.130,-4.210058,nan
2qnq,2qnq_545,6.330,-5.596480,nan
2qnq,2qnq_552,6.340,-4.847570,nan
2qnq,2qnq_554,6.890,-6.419460,nan
2qnq,2qnq_560,8.210,-8.575038,nan
2qnq,2qnq_563,4.010,-4.552747,nan
2qnq,2qnq_575,4.250,-4.020346,nan
2qnq,2qnq_578,8.800,-8.556085,nan
2qnq,2qnq_590,5.690,-7.384131,nan
2qnq,2qnq_64,1.830,-0.896314,nan
2qnq,2qnq_641,6.400,-7.674456,nan
2qnq,2qnq_645,8.390,-8.075488,nan
2qnq,2qnq_648,7.390,-8.563155,nan
2qnq,2qnq_651,8.270,-8.545140,nan
2qnq,2qnq_652,8.060,-6.456011,nan
2qnq,2qnq_654,7.560,-7.787788,nan
2qnq,2qnq_656,8.200,-8.539619,nan
2qnq,2qnq_666,5.960,-7.624719,nan
2qnq,2qnq_667,8.810,-8.629782,nan
2qnq,2qnq_668,6.580,-8.494181,nan
2qnq,2qnq_670,6.230,-5.064126,nan
2qnq,2qnq_671,7.010,-6.372682,nan
2qnq,2qnq_676,9.010,-8.387155,nan
2qnq,2qnq_679,5.070,-7.342919,nan
2qnq,2qnq_702,0.740,-1.694065,nan
2qnq,2qnq_715,0.950,-1.269674,nan
2qnq,2qnq_758,0.730,-0.765746,nan
2qnq,2qnq_788,5.290,-7.171085,nan
2qnq,2qnq_811,0.970,-1.334609,nan
2r9w,2r9w_124,4.530,-2.782578,nan
2r9w,2r9w_145,5.820,-3.989875,nan
2r9w,2r9w_202,5.860,-6.755167,nan
2r9w,2r9w_206,4.000,-1.661944,nan
2r9w,2r9w_246,6.080,-7.062634,nan
2r9w,2r9w_247,3.960,-1.110794,nan
2r9w,2r9w_307,5.340,-4.178558,nan
2r9w,2r9w_393,6.300,-5.575383,nan
2r9w,2r9w_411,3.970,-1.258871,nan
2r9w,2r9w_449,4.070,-0.961152,nan
2r9w,2r9w_460,3.920,-0.558287,nan
2r9w,2r9w_462,4.420,-1.624684,nan
2r9w,2r9w_478,3.570,-1.923495,nan
2r9w,2r9w_49,4.180,-0.453377,nan
2r9w,2r9w_505,6.820,-5.683940,nan
2r9w,2r9w_513,6.220,-4.111949,nan
2r9w,2r9w_517,7.410,-5.302334,nan
2r9w,2r9w_521,6.650,-4.040071,nan
2r9w,2r9w_522,5.310,-1.559217,nan
2r9w,2r9w_531,7.110,-4.416468,nan
2r9w,2r9w_533,2.810,-1.055491,nan
2r9w,2r9w_538,5.640,-5.905765,nan
2r9w,2r9w_541,7.990,-7.989153,nan
2r9w,2r9w_549,7.330,-7.308014,nan
2r9w,2r9w_558,7.690,-7.527421,nan
2r9w,2r9w_559,5.040,-1.140013,nan
2r9w,2r9w_566,4.890,-0.957209,nan
2r9w,2r9w_579,3.950,-1.801991,nan
2r9w,2r9w_580,6.470,-5.952537,nan
2r9w,2r9w_586,7.830,-8.461029,nan
2r9w,2r9w_592,8.020,-7.191620,nan
2r9w,2r9w_593,8.110,-4.729949,nan
2r9w,2r9w_618,3.850,-1.955794,nan
2r9w,2r9w_640,3.600,-2.254872,nan
2r9w,2r9w_651,6.290,-5.453372,nan
2r9w,2r9w_670,3.810,-1.723938,nan
2r9w,2r9w_671,5.140,-2.075136,nan
2r9w,2r9w_679,4.570,-2.837652,nan
2r9w,2r9w_691,8.360,-6.305330,nan
2r9w,2r9w_708,0.520,-0.644704,nan
2r9w,2r9w_710,0.950,-0.746177,nan
2r9w,2r9w_713,0.530,-0.697333,nan
2r9w,2r9w_717,2.870,-0.653682,nan
2r9w,2r9w_718,1.660,-1.022156,nan
2r9w,2r9w_725,2.220,-0.608335,nan
2r9w,2r9w_734,1.280,-0.170084,nan
2r9w,2r9w_740,3.050,-2.144169,nan
2r9w,2r9w_741,1.360,-0.173397,nan
2r9w,2r9w_744,4.290,-1.692268,nan
2r9w,2r9w_749,1.820,-0.550572,nan
2r9w,2r9w_750,2.130,-0.562124,nan
2r9w,2r9w_759,2.990,-2.457009,nan
2r9w,2r9w_766,2.270,-1.394179,nan
2r9w,2r9w_769,1.100,-0.414663,nan
2r9w,2r9w_772,5.030,-6.657153,nan
2r9w,2r9w_774,1.100,-0.279167,nan
2r9w,2r9w_778,2.130,-1.722711,nan
2r9w,2r9w_779,5.760,-4.940239,nan
2r9w,2r9w_787,4.420,-4.934168,nan
2r9w,2r9w_791,1.120,-1.488952,nan
2r9w,2r9w_794,8.580,-6.929912,nan
2r9w,2r9w_795,1.510,-1.181360,nan
2r9w,2r9w_817,0.970,-0.620623,nan
2r9w,2r9w_828,0.960,-0.623546,nan
2r9w,2r9w_831,4.310,-3.000817,nan
2r9w,2r9w_834,6.600,-6.207930,nan
2r9w,2r9w_839,6.290,-4.540807,nan
2r9w,2r9w_860,2.130,-0.958524,nan
2r9w,2r9w_868,1.600,-0.597432,nan
2r9w,2r9w_869,2.570,-1.047460,nan
2r9w,2r9w_872,5.590,-3.964538,nan
2r9w,2r9w_873,4.890,-4.063208,nan
2r9w,2r9w_881,2.900,-1.244258,nan
2r9w,2r9w_886,1.890,-0.428634,nan
2r9w,2r9w_910,0.780,-0.274764,nan
2r9w,2r9w_911,0.660,-0.256429,nan
2r9w,2r9w_927,0.680,-0.388705,nan
2r9w,2r9w_928,0.750,-0.301289,nan
2r9w,2r9w_949,6.160,-1.367386,nan
2r9w,2r9w_950,0.960,-0.584644,nan
2v00,2v00_103,7.940,-5.346404,nan
2v00,2v00_107,8.560,-6.752549,nan
2v00,2v00_120,5.250,-2.136337,nan
2v00,2v00_136,7.600,-5.626216,nan
2v00,2v00_143,8.620,-6.394198,nan
2v00,2v00_145,5.080,-1.513573,nan
2v00,2v00_159,8.950,-7.097826,nan
2v00,2v00_183,7.200,-5.878752,nan
2v00,2v00_193,8.190,-6.412302,nan
2v00,2v00_198,8.520,-5.157893,nan
2v00,2v00_325,6.820,-4.479457,nan
2v00,2v00_395,8.610,-6.292623,nan
2v00,2v00_401,3.140,-3.674319,nan
2v00,2v00_416,4.120,-3.276966,nan
2v00,2v00_422,3.180,-2.738164,nan
2v00,2v00_424,1.700,-1.005533,nan
2v00,2v00_428,0.980,-1.369277,nan
2v00,2v00_432,1.490,-1.290867,nan
2v00,2v00_433,2.300,-0.766929,nan
2v00,2v00_434,2.680,-1.985106,nan
2v00,2v00_444,2.240,-0.852675,nan
2v00,2v00_451,4.780,-3.394525,nan
2v00,2v00_454,2.450,-0.220085,nan
2v00,2v00_461,1.680,-1.571129,nan
2v00,2v00_468,1.960,-1.295761,nan
2v00,2v00_472,6.480,-1.904734,nan
2v00,2v00_473,5.040,-3.841078,nan
2v00,2v00_474,2.120,-1.590595,nan
2v00,2v00_484,5.610,-1.691496,nan
2v00,2v00_488,2.610,-2.378685,nan
2v00,2v00_506,5.470,-5.894552,nan
2v00,2v00_512,6.320,-6.214357,nan
2v00,2v00_513,4.850,-5.290667,nan
2v00,2v00_516,1.580,-0.575539,nan
2v00,2v00_522,6.130,-0.420650,nan
2v00,2v00_523,7.070,-3.738411,nan
2v00,2v00_544,1.870,-0.587876,nan
2v00,2v00_551,6.370,-3.192317,nan
2v00,2v00_556,3.640,-2.444349,nan
2v00,2v00_558,7.030,-6.800814,nan
2v00,2v00_559,8.050,-7.151810,nan
2v00,2v00_564,2.420,-1.682457,nan
2v00,2v00_573,4.820,-4.839059,nan
2v00,2v00_574,3.890,-2.549053,nan
2v00,2v00_576,2.130,-1.574756,nan
2v00,2v00_579,7.560,-6.920189,nan
2v00,2v00_589,5.470,-5.560552,nan
2v00,2v00_592,7.180,-6.594676,nan
2v00,2v00_605,1.160,-1.198128,nan
2v00,2v00_619,1.000,-0.868052,nan
2v00,2v00_635,3.330,-3.427709,nan
2v00,2v00_638,6.700,-1.966076,nan
2v00,2v00_644,4.900,-3.866851,nan
2v00,2v00_653,6.790,-6.616269,nan
2v00,2v00_661,3.030,-3.403695,nan
2v00,2v00_665,6.990,-6.723272,nan
2v00,2v00_670,6.990,-6.740264,nan
2v00,2v00_674,5.050,-0.459182,nan
2v00,2v00_676,4.180,-2.519567,nan
2v00,2v00_684,4.090,-3.440823,nan
2v00,2v00_692,6.170,-4.021518,nan
2v00,2v00_700,4.350,-4.968143,nan
2v00,2v00_736,3.580,-3.395539,nan
2v00,2v00_755,1.750,-1.006079,nan
2v00,2v00_759,7.500,-8.185477,nan
2v00,2v00_760,8.950,-8.107331,nan
2v00,2v00_762,3.160,-0.851291,nan
2v00,2v00_771,3.190,-0.844179,nan
2v00,2v00_774,8.130,-6.079570,nan
2v00,2v00_776,5.420,-3.298092,nan
2v00,2v00_777,5.030,-3.760510,nan
2v00,2v00_778,7.930,-7.892882,nan
2v00,2v00_782,4.900,-2.314692,nan
2v00,2v00_785,2.880,-1.573153,nan
2v00,2v00_786,1.750,-0.565444,nan
2v00,2v00_79,0.740,-0.598523,nan
2v00,2v00_790,4.890,-3.059158,nan
2v00,2v00_791,3.830,-2.791729,nan
2v00,2v00_798,7.100,-5.105515,nan
2v00,2v00_800,5.640,-3.836015,nan
2v00,2v00_856,1.330,-1.272642,nan
2v00,2v00_860,9.290,-8.599340,nan
2v00,2v00_861,2.020,-1.068244,nan
2v00,2v00_903,8.450,-8.525926,nan
2v7a,2v7a_107,9.450,-3.543441,nan
2v7a,2v7a_11,1.890,-0.899640,nan
2v7a,2v7a_130,8.570,-3.899721,nan
2v7a,2v7a_131,6.720,-2.662341,nan
2v7a,2v7a_141,7.600,-1.828126,nan
2v7a,2v7a_142,9.380,-3.645602,nan
2v7a,2v7a_150,4.240,-2.211872,nan
2v7a,2v7a_163,8.660,-2.529202,nan
2v7a,2v7a_173,9.400,-3.363584,nan
2v7a,2v7a_175,9.370,-4.306606,nan
2v7a,2v7a_181,5.130,-2.784189,nan
2v7a,2v7a_278,1.660,-1.134190,nan
2v7a,2v7a_304,0.770,-0.577839,nan
2v7a,2v7a_318,1.040,-0.382947,nan
2v7a,2v7a_321,6.960,-5.760175,nan
2v7a,2v7a_327,7.310,-6.516903,nan
2v7a,2v7a_338,0.600,-0.665597,nan
2v7a,2v7a_355,4.730,-1.546734,nan
2v7a,2v7a_369,9.540,-6.386198,nan
2v7a,2v7a_375,7.000,-1.765990,nan
2v7a,2v7a_379,3.870,-0.950289,nan
2v7a,2v7a_380,0.900,-0.556657,nan
2v7a,2v7a_381,7.530,-3.376072,nan
2v7a,2v7a_388,0.500,-0.686029,nan
2v7a,2v7a_407,2.680,-2.466317,nan
2v7a,2v7a_408,3.160,-1.846396,nan
2v7a,2v7a_416,8.040,-5.741076,nan
2v7a,2v7a_419,8.400,-4.252194,nan
2v7a,2v7a_423,8.530,-4.641069,nan
2v7a,2v7a_424,2.340,-1.966696,nan
2v7a,2v7a_426,6.050,-2.363126,nan
2v7a,2v7a_429,9.530,-7.175621,nan
2v7a,2v7a_431,4.210,-4.193382,nan
2v7a,2v7a_434,2.920,-1.986493,nan
2v7a,2v7a_441,8.280,-4.313268,nan
2v7a,2v7a_444,5.070,-6.103053,nan
2v7a,2v7a_446,7.410,-2.821138,nan
2v7a,2v7a_447,3.440,-4.059259,nan
2v7a,2v7a_448,2.120,-1.603828,nan
2v7a,2v7a_452,6.740,-2.692513,nan
2v7a,2v7a_475,8.560,-3.708129,nan
2v7a,2v7a_478,9.120,-6.151556,nan
2v7a,2v7a_487,5.030,-2.545411,nan
2v7a,2v7a_489,7.220,-6.703940,nan
2v7a,2v7a_494,3.650,-3.562575,nan
2v7a,2v7a_495,8.360,-5.232850,nan
2v7a,2v7a_496,4.250,-2.633066,nan
2v7a,2v7a_498,3.910,-2.645175,nan
2v7a,2v7a_514,5.090,-2.920063,nan
2v7a,2v7a_522,7.030,-3.176127,nan
2v7a,2v7a_523,4.230,-2.297802,nan
2v7a,2v7a_530,4.950,-1.929496,nan
2v7a,2v7a_536,7.820,-7.581788,nan
2v7a,2v7a_548,6.770,-4.969630,nan
2v7a,2v7a_550,8.110,-3.561799,nan
2v7a,2v7a_555,9.120,-3.731740,nan
2v7a,2v7a_557,7.710,-2.416155,nan
2v7a,2v7a_561,9.000,-4.217364,nan
2v7a,2v7a_568,9.140,-6.499892,nan
2v7a,2v7a_572,6.320,-5.711690,nan
2v7a,2v7a_583,7.870,-3.596461,nan
2v7a,2v7a_591,2.940,-1.605136,nan
2v7a,2v7a_592,5.200,-4.748607,nan
2v7a,2v7a_594,5.260,-3.263870,nan
2v7a,2v7a_600,5.570,-1.880830,nan
2v7a,2v7a_606,7.100,-2.943927,nan
2v7a,2v7a_609,2.950,-1.641631,nan
2v7a,2v7a_616,4.370,-2.793803,nan
2v7a,2v7a_621,3.440,-2.919005,nan
2v7a,2v7a_623,3.970,-3.119816,nan
2v7a,2v7a_629,3.920,-3.870688,nan
2v7a,2v7a_632,3.120,-2.183512,nan
2v7a,2v7a_635,6.560,-3.373201,nan
2v7a,2v7a_654,2.920,-1.998514,nan
2v7a,2v7a_663,6.330,-2.223384,nan
2v7a,2v7a_671,5.100,-2.634830,nan
2v7a,2v7a_679,6.400,-3.278660,nan
2v7a,2v7a_684,4.610,-3.209588,nan
2v7a,2v7a_688,3.910,-3.053452,nan
2v7a,2v7a_690,4.820,-2.931312,nan
2v7a,2v7a_693,4.160,-3.154215,nan
2v7a,2v7a_698,5.550,-2.637114,nan
2v7a,2v7a_7,2.140,-1.110950,nan
2v7a,2v7a_733,0.920,-0.640597,nan
2v7a,2v7a_737,1.010,-0.697731,nan
2v7a,2v7a_743,1.770,-0.530444,nan
2v7a,2v7a_744,0.870,-0.548127,nan
2v7a,2v7a_784,1.760,-0.649688,nan
2v7a,2v7a_789,2.120,-1.152825,nan
2v7a,2v7a_820,1.380,-0.795198,nan
2v7a,2v7a_845,0.640,-0.749777,nan
2v7a,2v7a_856,1.090,-0.467027,nan
2v7a,2v7a_859,0.950,-0.403849,nan
2v7a,2v7a_886,2.010,-0.657681,nan
2v7a,2v7a_889,5.350,-1.769874,nan
2v7a,2v7a_973,1.090,-1.045917,nan
2v7a,2v7a_981,0.900,-0.606833,nan
2v7a,2v7a_983,1.290,-0.273024,nan
2v7a,2v7a_985,0.960,-0.534037,nan
2vkm,2vkm_105,8.700,-8.444324,nan
2vkm,2vkm_106,8.100,-5.126275,nan
2vkm,2vkm_152,9.240,-5.499284,nan
2vkm,2vkm_159,4.220,-2.172874,nan
2vkm,2vkm_160,1.890,-1.142004,nan
2vkm,2vkm_192,9.330,-8.165274,nan
2vkm,2vkm_203,5.000,-3.463547,nan
2vkm,2vkm_208,5.770,-2.930491,nan
2vkm,2vkm_215,0.960,-0.379818,nan
2vkm,2vkm_216,4.470,-2.635951,nan
2vkm,2vkm_217,2.000,-2.565937,nan
2vkm,2vkm_226,1.540,-0.266082,nan
2vkm,2vkm_233,8.660,-7.616168,nan
2vkm,2vkm_237,1.460,-0.555464,nan
2vkm,2vkm_241,2.220,-2.340964,nan
2vkm,2vkm_242,2.380,-2.189675,nan
2vkm,2vkm_249,3.620,-0.516324,nan
2vkm,2vkm_257,2.120,-0.278538,nan
2vkm,2vkm_260,5.840,-3.528518,nan
2vkm,2vkm_262,1.260,-0.242237,nan
2vkm,2vkm_263,2.160,-0.845591,nan
2vkm,2vkm_267,4.170,-1.841464,nan
2vkm,2vkm_270,4.360,-1.691042,nan
2vkm,2vkm_273,7.410,-3.504792,nan
2vkm,2vkm_289,2.690,-2.814123,nan
2vkm,2vkm_291,1.890,-1.578597,nan
2vkm,2vkm_292,6.790,-4.268932,nan
2vkm,2vkm_296,1.050,-0.372038,nan
2vkm,2vkm_308,9.110,-8.034468,nan
2vkm,2vkm_314,9.030,-8.173346,nan
2vkm,2vkm_324,3.270,-0.416966,nan
2vkm,2vkm_330,7.260,-4.387395,nan
2vkm,2vkm_338,9.660,-7.353378,nan
2vkm,2vkm_341,6.140,-1.990801,nan
2vkm,2vkm_349,7.190,-6.553223,nan
2vkm,2vkm_363,8.640,-5.372625,nan
2vkm,2vkm_370,8.890,-7.746542,nan
2vkm,2vkm_374,6.560,-0.728779,nan
2vkm,2vkm_381,8.850,-8.074231,nan
2vkm,2vkm_404,2.260,-2.172941,nan
2vkm,2vkm_416,6.110,-5.209867,nan
2vkm,2vkm_424,5.330,-3.353235,nan
2vkm,2vkm_426,8.230,-4.932990,nan
2vkm,2vkm_431,4.880,-3.050472,nan
2vkm,2vkm_433,4.260,-4.367877,nan
2vkm,2vkm_439,3.800,-2.761748,nan
2vkm,2vkm_440,3.600,-3.517473,nan
2vkm,2vkm_441,2.770,-2.833621,nan
2vkm,2vkm_443,6.050,-3.723676,nan
2vkm,2vkm_445,4.500,-3.424698,nan
2vkm,2vkm_453,2.620,-3.094728,nan
2vkm,2vkm_461,4.760,-3.026372,nan
2vkm,2vkm_466,6.800,-6.049830,nan
2vkm,2vkm_471,5.030,-4.637452,nan
2vkm,2vkm_473,3.210,-2.249631,nan
2vkm,2vkm_482,7.560,-6.833110,nan
2vkm,2vkm_485,3.730,-2.393133,nan
2vkm,2vkm_486,5.630,-3.454718,nan
2vkm,2vkm_487,5.590,-4.737987,nan
2vkm,2vkm_494,5.650,-4.739167,nan
2vkm,2vkm_496,7.480,-6.087044,nan
2vkm,2vkm_514,6.290,-3.990728,nan
2vkm,2vkm_517,9.700,-8.555843,nan
2vkm,2vkm_520,4.200,-2.828830,nan
2vkm,2vkm_523,7.200,-6.377178,nan
2vkm,2vkm_530,7.820,-5.188831,nan
2vkm,2vkm_538,7.610,-5.789273,nan
2vkm,2vkm_544,6.780,-4.307796,nan
2vkm,2vkm_554,9.690,-6.462414,nan
2vkm,2vkm_558,8.380,-6.257201,nan
2vkm,2vkm_570,5.790,-2.715987,nan
2vkm,2vkm_573,3.140,-2.859704,nan
2vkm,2vkm_584,6.520,-4.212739,nan
2vkm,2vkm_585,8.790,-5.370512,nan
2vkm,2vkm_589,5.340,-2.268452,nan
2vkm,2vkm_591,3.850,-1.883400,nan
2vkm,2vkm_593,7.960,-5.015167,nan
2vkm,2vkm_594,9.000,-8.268194,nan
2vkm,2vkm_669,9.140,-8.101337,nan
2vkm,2vkm_671,3.230,-2.876933,nan
2vkm,2vkm_672,6.520,-3.448097,nan
2vkm,2vkm_678,5.690,-4.951022,nan
2vkm,2vkm_687,9.230,-8.064118,nan
2vkm,2vkm_691,7.950,-6.031000,nan
2vkm,2vkm_706,0.970,-0.468410,nan
2vkm,2vkm_707,0.950,-0.185752,nan
2vkm,2vkm_710,0.900,-0.220497,nan
2vkm,2vkm_73,9.050,-8.457864,nan
2vkm,2vkm_790,0.780,-0.286777,nan
2vkm,2vkm_806,0.930,-0.181474,nan
2vkm,2vkm_887,3.780,-0.351254,nan
2vkm,2vkm_890,0.710,-0.510630,nan
2vkm,2vkm_920,1.430,-0.552202,nan
2vkm,2vkm_929,2.800,-1.566418,nan
2vkm,2vkm_955,1.470,-0.405149,nan
2vkm,2vkm_963,2.150,-0.354804,nan
2vkm,2vkm_986,2.000,-1.556203,nan
2vvn,2vvn_205,0.610,-0.599502,nan
2vvn,2vvn_391,0.990,-0.520751,nan
2vvn,2vvn_401,1.830,-1.390492,nan
2vvn,2vvn_403,2.430,-2.456228,nan
2vvn,2vvn_405,2.990,-2.576832,nan
2vvn,2vvn_406,1.130,-1.376166,nan
2vvn,2vvn_407,2.070,-1.654745,nan
2vvn,2vvn_409,1.880,-1.425221,nan
2vvn,2vvn_419,2.880,-1.920426,nan
2vvn,2vvn_425,4.050,-2.528450,nan
2vvn,2vvn_426,4.500,-3.819892,nan
2vvn,2vvn_427,4.820,-4.442882,nan
2vvn,2vvn_445,4.310,-2.810859,nan
2vvn,2vvn_449,3.920,-1.338081,nan
2vvn,2vvn_469,5.540,-5.637624,nan
2vvn,2vvn_470,4.100,-2.021342,nan
2vvn,2vvn_720,4.100,-1.362204,nan
2vvn,2vvn_721,0.890,-1.602142,nan
2vvn,2vvn_737,1.260,-0.380347,nan
2vvn,2vvn_744,1.150,-1.174151,nan
2vvn,2vvn_750,2.180,-1.668387,nan
2vvn,2vvn_751,1.850,-1.376248,nan
2vvn,2vvn_757,0.860,-1.303638,nan
2vvn,2vvn_759,3.750,-0.941762,nan
2vvn,2vvn_763,2.210,-2.142243,nan
2vvn,2vvn_765,3.900,-0.443540,nan
2vvn,2vvn_776,3.110,-3.312057,nan
2vvn,2vvn_780,0.830,-0.412800,nan
2vvn,2vvn_782,1.010,-0.806082,nan
2vvn,2vvn_785,3.980,-1.802709,nan
2vvn,2vvn_786,4.020,-0.945358,nan
2vvn,2vvn_787,4.450,-4.480299,nan
2vvn,2vvn_791,4.510,-3.615955,nan
2vvn,2vvn_792,6.010,-6.017596,nan
2vvn,2vvn_793,3.620,-1.173424,nan
2vvn,2vvn_797,4.350,-3.538776,nan
2vvn,2vvn_798,3.930,-1.143970,nan
2vvn,2vvn_799,2.220,-0.530512,nan
2vvn,2vvn_800,2.230,-1.493265,nan
2vvn,2vvn_802,0.440,-1.079272,nan
2vvn,2vvn_829,0.960,-0.758094,nan
2vvn,2vvn_845,1.960,-0.823134,nan
2vvn,2vvn_846,0.870,-0.781104,nan
2vvn,2vvn_854,1.200,-0.698808,nan
2vvn,2vvn_880,3.860,-1.397433,nan
2vvn,2vvn_887,2.020,-1.701489,nan
2vvn,2vvn_900,2.030,-1.191910,nan
2vvn,2vvn_952,0.940,-1.261520,nan
2vvn,2vvn_956,1.580,-1.121495,nan
2vvn,2vvn_967,3.790,-1.658365,nan
2vvn,2vvn_968,5.060,-4.683478,nan
2vvn,2vvn_973,0.910,-0.378950,nan
2vvn,2vvn_977,5.030,-4.101776,nan
2vvn,2vvn_985,3.770,-0.742179,nan
2vvn,2vvn_987,5.160,-4.355616,nan
2vvn,2vvn_992,6.490,-6.835486,nan
2vw5,2vw5_115,0.840,-1.116660,nan
2vw5,2vw5_154,0.370,-0.729769,nan
2vw5,2vw5_160,0.350,-0.982181,nan
2vw5,2vw5_22,0.300,-0.956446,nan
2vw5,2vw5_227,0.600,-0.567261,nan
2vw5,2vw5_249,0.280,-0.779817,nan
2vw5,2vw5_381,0.430,-0.623329,nan
2vw5,2vw5_403,3.240,-3.481415,nan
2vw5,2vw5_407,1.490,-1.162030,nan
2vw5,2vw5_408,5.370,-4.817316,nan
2vw5,2vw5_410,5.140,-5.422431,nan
2vw5,2vw5_411,2.340,-2.417304,nan
2vw5,2vw5_415,2.270,-2.208691,nan
2vw5,2vw5_418,1.500,-1.219212,nan
2vw5,2vw5_420,1.950,-2.223056,nan
2vw5,2vw5_425,1.900,-1.686893,nan
2vw5,2vw5_434,2.440,-2.775253,nan
2vw5,2vw5_441,2.170,-2.521207,nan
2vw5,2vw5_442,4.000,-2.187873,nan
2vw5,2vw5_443,4.210,-5.773093,nan
2vw5,2vw5_467,3.260,-3.639463,nan
2vw5,2vw5_471,3.130,-3.722303,nan
2vw5,2vw5_475,3.400,-3.933767,nan
2vw5,2vw5_477,2.410,-2.500175,nan
2vw5,2vw5_488,4.370,-3.674130,nan
2vw5,2vw5_493,2.670,-2.955215,nan
2vw5,2vw5_516,1.510,-1.969453,nan
2vw5,2vw5_519,1.610,-1.814977,nan
2vw5,2vw5_536,2.050,-2.749958,nan
2vw5,2vw5_537,1.240,-1.568136,nan
2vw5,2vw5_541,5.190,-5.640763,nan
2vw5,2vw5_546,3.950,-3.598080,nan
2vw5,2vw5_552,4.470,-3.574894,nan
2vw5,2vw5_557,3.980,-2.673355,nan
2vw5,2vw5_576,5.030,-2.839343,nan
2vw5,2vw5_585,2.860,-3.113463,nan
2vw5,2vw5_618,4.480,-4.561875,nan
2vw5,2vw5_642,1.930,-2.136062,nan
2vw5,2vw5_645,3.310,-3.201337,nan
2vw5,2vw5_652,4.280,-4.650904,nan
2vw5,2vw5_659,5.230,-5.229019,nan
2vw5,2vw5_661,5.430,-5.580919,nan
2vw5,2vw5_665,5.040,-5.250134,nan
2vw5,2vw5_667,5.010,-5.135012,nan
2vw5,2vw5_670,3.910,-2.196954,nan
2vw5,2vw5_678,1.920,-1.430855,nan
2vw5,2vw5_687,4.810,-5.967966,nan
2vw5,2vw5_688,2.730,-2.685480,nan
2vw5,2vw5_692,2.250,-2.523107,nan
2vw5,2vw5_693,4.740,-1.953999,nan
2vw5,2vw5_695,4.850,-5.035110,nan
2vw5,2vw5_696,5.440,-5.762523,nan
2vw5,2vw5_698,5.080,-3.747469,nan
2vw5,2vw5_736,0.990,-1.195880,nan
2vw5,2vw5_740,0.970,-0.898935,nan
2vw5,2vw5_751,1.100,-0.959756,nan
2vw5,2vw5_762,4.400,-2.854561,nan
2vw5,2vw5_789,3.570,-2.912314,nan
2vw5,2vw5_791,4.560,-2.419182,nan
2vw5,2vw5_900,0.580,-0.629213,nan
2w4x,2w4x_1000,1.770,-1.026286,nan
2w4x,2w4x_156,4.460,-2.232973,nan
2w4x,2w4x_172,3.800,-2.206743,nan
2w4x,2w4x_180,5.280,-4.637932,nan
2w4x,2w4x_190,2.230,-1.364357,nan
2w4x,2w4x_211,0.740,-0.313087,nan
2w4x,2w4x_289,1.030,-0.408560,nan
2w4x,2w4x_296,0.870,-0.220281,nan
2w4x,2w4x_306,1.130,-0.232402,nan
2w4x,2w4x_37,0.680,-0.274438,nan
2w4x,2w4x_405,1.020,-0.171955,nan
2w4x,2w4x_407,0.700,-0.414487,nan
2w4x,2w4x_417,0.860,-0.356495,nan
2w4x,2w4x_420,1.930,-1.923481,nan
2w4x,2w4x_455,2.030,-0.831660,nan
2w4x,2w4x_457,2.460,-1.258724,nan
2w4x,2w4x_459,1.790,-1.328785,nan
2w4x,2w4x_466,3.830,-0.969861,nan
2w4x,2w4x_488,5.210,-2.328024,nan
2w4x,2w4x_519,4.330,-2.073602,nan
2w4x,2w4x_523,3.050,-2.600812,nan
2w4x,2w4x_535,2.240,-1.081095,nan
2w4x,2w4x_541,4.050,-2.233518,nan
2w4x,2w4x_560,2.590,-2.057089,nan
2w4x,2w4x_586,3.090,-2.363528,nan
2w4x,2w4x_595,3.270,-3.125802,nan
2w4x,2w4x_61,0.690,-0.218817,nan
2w4x,2w4x_618,4.910,-2.346700,nan
2w4x,2w4x_668,5.110,-4.042979,nan
2w4x,2w4x_67,0.540,-0.522104,nan
2w4x,2w4x_679,3.980,-2.451393,nan
2w4x,2w4x_690,5.690,-6.874012,nan
2w4x,2w4x_699,5.340,-5.116865,nan
2w4x,2w4x_703,0.620,-0.348744,nan
2w4x,2w4x_705,1.300,-0.690509,nan
2w4x,2w4x_718,0.980,-0.267739,nan
2w4x,2w4x_733,2.550,-0.786169,nan
2w4x,2w4x_741,2.110,-0.831095,nan
2w4x,2w4x_745,3.170,-1.329739,nan
2w4x,2w4x_755,6.140,-6.652021,nan
2w4x,2w4x_756,2.010,-0.596083,nan
2w4x,2w4x_757,7.620,-7.904096,nan
2w4x,2w4x_758,4.550,-0.517111,nan
2w4x,2w4x_765,4.910,-1.210846,nan
2w4x,2w4x_773,6.850,-5.858259,nan
2w4x,2w4x_775,6.240,-7.079152,nan
2w4x,2w4x_780,5.830,-4.030619,nan
2w4x,2w4x_785,4.240,-4.083078,nan
2w4x,2w4x_787,4.350,-3.411297,nan
2w4x,2w4x_788,5.190,-5.748490,nan
2w4x,2w4x_791,6.500,-5.073355,nan
2w4x,2w4x_792,4.890,-1.588660,nan
2w4x,2w4x_794,6.370,-6.788036,nan
2w4x,2w4x_795,6.450,-7.440256,nan
2w4x,2w4x_797,3.750,-1.585882,nan
2w4x,2w4x_816,1.180,-0.275611,nan
2w4x,2w4x_832,5.740,-3.227276,nan
2w4x,2w4x_849,5.390,-3.084896,nan
2w4x,2w4x_862,3.080,-2.342082,nan
2w4x,2w4x_880,5.340,-1.546500,nan
2w4x,2w4x_884,7.650,-7.442336,nan
2w4x,2w4x_890,1.510,-0.266960,nan
2w4x,2w4x_891,2.000,-0.892175,nan
2w4x,2w4x_897,6.040,-4.817913,nan
2w4x,2w4x_898,7.390,-7.043832,nan
2w4x,2w4x_941,0.900,-0.308663,nan
2w4x,2w4x_944,2.500,-1.735636,nan
2w4x,2w4x_954,3.170,-2.609881,nan
2w4x,2w4x_955,6.500,-7.493238,nan
2w4x,2w4x_989,2.400,-1.458156,nan
2w4x,2w4x_991,7.110,-7.390167,nan
2w4x,2w4x_997,4.960,-3.059296,nan
2w66,2w66_1000,4.420,-1.741277,nan
2w66,2w66_173,0.830,-0.279565,nan
2w66,2w66_178,6.110,-5.478384,nan
2w66,2w66_179,0.910,-0.509543,nan
2w66,2w66_186,0.830,-0.439335,nan
2w66,2w66_190,0.530,-0.257111,nan
2w66,2w66_229,0.590,-0.305759,nan
2w66,2w66_314,0.540,-0.192781,nan
2w66,2w66_401,1.680,-1.532199,nan
2w66,2w66_403,1.580,-1.295278,nan
2w66,2w66_413,1.390,-1.513088,nan
2w66,2w66_414,1.770,-1.314044,nan
2w66,2w66_439,2.800,-2.440407,nan
2w66,2w66_449,2.730,-3.128431,nan
2w66,2w66_453,2.280,-1.648955,nan
2w66,2w66_534,3.260,-2.831409,nan
2w66,2w66_546,5.700,-3.856513,nan
2w66,2w66_611,3.590,-1.853947,nan
2w66,2w66_613,5.340,-4.287342,nan
2w66,2w66_690,5.910,-4.801895,nan
2w66,2w66_702,0.360,-0.304697,nan
2w66,2w66_711,3.560,-1.501353,nan
2w66,2w66_714,3.990,-2.360337,nan
2w66,2w66_723,4.940,-3.160141,nan
2w66,2w66_731,2.210,-1.842904,nan
2w66,2w66_732,4.390,-4.922898,nan
2w66,2w66_740,3.670,-1.347364,nan
2w66,2w66_749,4.130,-2.472468,nan
2w66,2w66_758,4.230,-4.154285,nan
2w66,2w66_759,5.770,-4.850019,nan
2w66,2w66_760,3.390,-3.221586,nan
2w66,2w66_761,5.030,-4.538839,nan
2w66,2w66_762,2.340,-1.597912,nan
2w66,2w66_763,2.090,-0.800176,nan
2w66,2w66_765,4.900,-5.068879,nan
2w66,2w66_770,5.680,-3.952142,nan
2w66,2w66_773,3.270,-0.591067,nan
2w66,2w66_775,4.400,-3.840978,nan
2w66,2w66_776,5.080,-3.512022,nan
2w66,2w66_782,3.510,-2.266226,nan
2w66,2w66_783,3.850,-3.226899,nan
2w66,2w66_785,5.990,-5.900879,nan
2w66,2w66_789,1.840,-1.084994,nan
2w66,2w66_796,5.070,-5.424199,nan
2w66,2w66_797,3.030,-3.680616,nan
2w66,2w66_800,4.030,-3.023480,nan
2w66,2w66_809,0.810,-0.252236,nan
2w66,2w66_835,2.830,-2.655510,nan
2w66,2w66_839,2.140,-0.950502,nan
2w66,2w66_855,2.440,-2.066848,nan
2w66,2w66_866,1.730,-0.876715,nan
2w66,2w66_877,4.360,-4.372534,nan
2w66,2w66_931,0.920,-0.481904,nan
2w66,2w66_937,4.690,-3.818434,nan
2w66,2w66_953,1.170,-0.580367,nan
2w66,2w66_956,5.060,-4.250430,nan
2w66,2w66_965,1.960,-1.472737,nan
2w66,2w66_969,2.660,-2.293575,nan
2w66,2w66_972,1.310,-1.289459,nan
2w66,2w66_991,1.620,-0.574596,nan
2w66,2w66_997,0.970,-1.070865,nan
2wbg,2wbg_111,7.330,-6.609401,nan
2wbg,2wbg_117,7.290,-7.363365,nan
2wbg,2wbg_123,5.170,-4.050176,nan
2wbg,2wbg_15,0.770,-0.172419,nan
2wbg,2wbg_153,5.940,-1.310747,nan
2wbg,2wbg_164,4.900,-3.833459,nan
2wbg,2wbg_270,0.740,-0.158373,nan
2wbg,2wbg_309,7.100,-8.188844,nan
2wbg,2wbg_322,6.830,-7.540792,nan
2wbg,2wbg_331,0.930,-0.256745,nan
2wbg,2wbg_336,7.020,-7.041088,nan
2wbg,2wbg_345,6.070,-5.652920,nan
2wbg,2wbg_365,7.090,-6.595833,nan
2wbg,2wbg_367,5.950,-5.232486,nan
2wbg,2wbg_379,5.690,-4.993797,nan
2wbg,2wbg_389,6.130,-5.662393,nan
2wbg,2wbg_4,0.380,-0.517551,nan
2wbg,2wbg_421,2.420,-1.039180,nan
2wbg,2wbg_439,5.480,-2.747190,nan
2wbg,2wbg_467,2.140,-1.339835,nan
2wbg,2wbg_470,3.230,-1.690828,nan
2wbg,2wbg_473,6.160,-2.475450,nan
2wbg,2wbg_492,3.020,-2.672529,nan
2wbg,2wbg_511,5.730,-5.202730,nan
2wbg,2wbg_514,6.120,-4.024074,nan
2wbg,2wbg_521,1.930,-1.233974,nan
2wbg,2wbg_525,1.900,-1.102237,nan
2wbg,2wbg_527,6.270,-5.558785,nan
2wbg,2wbg_533,6.310,-4.688198,nan
2wbg,2wbg_543,3.420,-2.205480,nan
2wbg,2wbg_554,6.140,-4.318713,nan
2wbg,2wbg_559,6.530,-5.817097,nan
2wbg,2wbg_565,4.060,-4.494195,nan
2wbg,2wbg_566,3.150,-2.081918,nan
2wbg,2wbg_588,4.200,-2.831278,nan
2wbg,2wbg_593,3.860,-3.087723,nan
2wbg,2wbg_598,6.150,-6.548239,nan
2wbg,2wbg_625,2.790,-1.209363,nan
2wbg,2wbg_637,2.910,-1.280897,nan
2wbg,2wbg_649,3.050,-2.269866,nan
2wbg,2wbg_650,1.880,-1.704530,nan
2wbg,2wbg_667,4.120,-2.483123,nan
2wbg,2wbg_668,4.130,-3.864388,nan
2wbg,2wbg_688,4.880,-4.545159,nan
2wbg,2wbg_715,0.950,-0.494155,nan
2wbg,2wbg_719,0.680,-0.507159,nan
2wbg,2wbg_721,1.100,-0.739868,nan
2wbg,2wbg_730,2.230,-1.544129,nan
2wbg,2wbg_731,2.350,-1.003395,nan
2wbg,2wbg_734,1.530,-0.603334,nan
2wbg,2wbg_737,1.630,-0.163294,nan
2wbg,2wbg_742,1.070,-0.942147,nan
2wbg,2wbg_747,0.850,-0.617094,nan
2wbg,2wbg_75,0.330,-0.398081,nan
2wbg,2wbg_750,0.900,-0.514216,nan
2wbg,2wbg_754,1.780,-1.052745,nan
2wbg,2wbg_755,0.780,-0.569760,nan
2wbg,2wbg_763,5.020,-1.679339,nan
2wbg,2wbg_767,3.180,-2.247352,nan
2wbg,2wbg_775,2.450,-1.082982,nan
2wbg,2wbg_779,4.520,-1.208263,nan
2wbg,2wbg_781,3.150,-2.346840,nan
2wbg,2wbg_783,5.160,-0.862526,nan
2wbg,2wbg_784,5.650,-2.463003,nan
2wbg,2wbg_786,3.830,-3.385191,nan
2wbg,2wbg_788,1.200,-1.094425,nan
2wbg,2wbg_791,4.060,-3.437777,nan
2wbg,2wbg_792,5.580,-3.721713,nan
2wbg,2wbg_795,4.970,-2.342742,nan
2wbg,2wbg_797,7.140,-4.694626,nan
2wbg,2wbg_880,2.150,-1.418922,nan
2wbg,2wbg_886,4.250,-4.616266,nan
2wbg,2wbg_889,2.980,-2.886651,nan
2wbg,2wbg_897,3.040,-2.845937,nan
2wbg,2wbg_944,2.080,-1.094136,nan
2wbg,2wbg_976,1.960,-1.207554,nan
2wca,2wca_144,1.940,-1.082083,nan
2wca,2wca_161,3.260,-0.579962,nan
2wca,2wca_173,4.150,-1.135517,nan
2wca,2wca_20,2.860,-1.311562,nan
2wca,2wca_201,2.030,-1.560913,nan
2wca,2wca_206,8.140,-6.921875,nan
2wca,2wca_219,8.160,-5.058981,nan
2wca,2wca_225,8.060,-6.256404,nan
2wca,2wca_23,7.920,-2.713268,nan
2wca,2wca_235,1.820,-1.410961,nan
2wca,2wca_241,5.130,-3.253348,nan
2wca,2wca_254,4.410,-1.420354,nan
2wca,2wca_264,8.390,-7.185076,nan
2wca,2wca_267,7.570,-4.991017,nan
2wca,2wca_269,1.990,-0.661537,nan
2wca,2wca_273,8.080,-6.405355,nan
2wca,2wca_281,7.320,-0.798997,nan
2wca,2wca_287,3.860,-1.761243,nan
2wca,2wca_37,3.360,-0.822009,nan
2wca,2wca_414,3.470,-2.365099,nan
2wca,2wca_417,6.080,-3.285795,nan
2wca,2wca_444,2.380,-1.437203,nan
2wca,2wca_478,5.910,-2.936217,nan
2wca,2wca_483,6.760,-2.986259,nan
2wca,2wca_488,5.620,-2.211148,nan
2wca,2wca_496,4.470,-3.291402,nan
2wca,2wca_5,8.640,-6.909276,nan
2wca,2wca_545,2.180,-1.323323,nan
2wca,2wca_550,5.450,-5.147548,nan
2wca,2wca_564,7.010,-4.619476,nan
2wca,2wca_575,3.990,-4.116908,nan
2wca,2wca_585,6.610,-3.786261,nan
2wca,2wca_586,6.760,-3.378697,nan
2wca,2wca_587,8.140,-4.843214,nan
2wca,2wca_592,4.020,-3.197365,nan
2wca,2wca_596,7.520,-5.128354,nan
2wca,2wca_599,4.600,-3.120516,nan
2wca,2wca_600,6.900,-3.441294,nan
2wca,2wca_610,5.980,-2.945302,nan
2wca,2wca_613,4.580,-4.057413,nan
2wca,2wca_616,4.850,-3.152152,nan
2wca,2wca_638,7.220,-3.080352,nan
2wca,2wca_65,8.430,-6.417377,nan
2wca,2wca_653,5.720,-2.686200,nan
2wca,2wca_657,5.580,-3.190415,nan
2wca,2wca_662,6.890,-4.622146,nan
2wca,2wca_674,6.720,-2.092359,nan
2wca,2wca_679,6.560,-4.024669,nan
2wca,2wca_692,6.760,-3.244555,nan
2wca,2wca_700,5.600,-3.165673,nan
2wca,2wca_72,8.550,-6.729015,nan
2wca,2wca_731,1.880,-0.805433,nan
2wca,2wca_745,5.870,-0.638535,nan
2wca,2wca_755,4.320,-0.815491,nan
2wca,2wca_760,3.000,-2.077640,nan
2wca,2wca_773,5.590,-1.412618,nan
2wca,2wca_786,4.410,-3.440514,nan
2wca,2wca_788,7.390,-3.512550,nan
2wca,2wca_791,3.930,-2.999643,nan
2wca,2wca_81,6.200,-0.701451,nan
2wca,2wca_816,1.990,-0.839120,nan
2wca,2wca_82,8.280,-6.433331,nan
2wca,2wca_829,2.050,-1.027747,nan
2wca,2wca_851,3.130,-2.352668,nan
2wca,2wca_853,3.970,-3.738857,nan
2wca,2wca_855,2.740,-2.762698,nan
2wca,2wca_887,2.800,-0.747431,nan
2wca,2wca_90,7.460,-6.682480,nan
2wca,2wca_903,1.810,-0.538632,nan
2wca,2wca_908,4.240,-3.351180,nan
2wca,2wca_92,2.460,-1.776745,nan
2wca,2wca_925,7.050,-4.418202,nan
2wca,2wca_936,2.850,-1.223477,nan
2wca,2wca_951,3.720,-1.351489,nan
2wca,2wca_960,1.990,-1.387802,nan
2wca,2wca_961,3.720,-3.036538,nan
2wca,2wca_965,1.830,-0.422740,nan
2wca,2wca_971,1.690,-1.009062,nan
2wca,2wca_974,7.320,-5.917505,nan
2wca,2wca_983,1.980,-0.911393,nan
2weg,2weg_106,2.660,-1.353841,nan
2weg,2weg_146,0.870,-1.031832,nan
2weg,2weg_177,0.890,-1.071864,nan
2weg,2weg_20,0.890,-0.690732,nan
2weg,2weg_204,0.980,-0.602032,nan
2weg,2weg_21,1.900,-1.298388,nan
2weg,2weg_218,0.840,-0.543811,nan
2weg,2weg_248,1.960,-1.170985,nan
2weg,2weg_301,3.260,-1.427956,nan
2weg,2weg_314,0.790,-1.134854,nan
2weg,2weg_335,1.540,-0.861037,nan
2weg,2weg_343,2.560,-1.212365,nan
2weg,2weg_371,1.000,-1.080628,nan
2weg,2weg_385,0.900,-0.636757,nan
2weg,2weg_387,0.880,-0.812027,nan
2weg,2weg_390,3.090,-0.693326,nan
2weg,2weg_407,1.790,-1.360092,nan
2weg,2weg_415,2.090,-2.211182,nan
2weg,2weg_419,4.380,-2.471640,nan
2weg,2weg_437,3.590,-2.314645,nan
2weg,2weg_443,1.700,-1.533295,nan
2weg,2weg_447,2.140,-1.028048,nan
2weg,2weg_468,3.260,-1.703520,nan
2weg,2weg_472,2.180,-1.497810,nan
2weg,2weg_476,4.670,-3.265743,nan
2weg,2weg_502,2.540,-1.971554,nan
2weg,2weg_515,1.330,-1.540157,nan
2weg,2weg_517,5.200,-4.779363,nan
2weg,2weg_518,4.740,-4.688712,nan
2weg,2weg_52,1.020,-0.885753,nan
2weg,2weg_520,4.350,-4.436401,nan
2weg,2weg_525,3.030,-2.094850,nan
2weg,2weg_530,1.290,-1.713339,nan
2weg,2weg_542,5.220,-4.981346,nan
2weg,2weg_566,3.540,-3.478449,nan
2weg,2weg_579,3.230,-2.910456,nan
2weg,2weg_582,2.110,-2.237722,nan
2weg,2weg_592,2.190,-0.734168,nan
2weg,2weg_598,3.020,-2.438595,nan
2weg,2weg_599,1.840,-1.066990,nan
2weg,2weg_604,2.080,-1.777950,nan
2weg,2weg_614,3.290,-2.577919,nan
2weg,2weg_620,1.210,-1.559596,nan
2weg,2weg_632,6.120,-5.615406,nan
2weg,2weg_643,4.520,-2.812390,nan
2weg,2weg_644,3.020,-2.447638,nan
2weg,2weg_653,6.480,-5.611547,nan
2weg,2weg_666,5.100,-3.394828,nan
2weg,2weg_674,4.110,-3.455796,nan
2weg,2weg_686,5.910,-5.046888,nan
2weg,2weg_699,4.450,-3.380619,nan
2weg,2weg_765,4.430,-1.953012,nan
2weg,2weg_776,4.010,-1.804376,nan
2weg,2weg_784,5.490,-4.884749,nan
2weg,2weg_785,4.500,-3.130096,nan
2weg,2weg_80,2.020,-1.343668,nan
2weg,2weg_838,0.900,-0.504994,nan
2wer,2wer_112,0.780,-0.408734,nan
2wer,2wer_123,1.150,-1.333485,nan
2wer,2wer_170,0.720,-0.374302,nan
2wer,2wer_177,0.490,-0.238443,nan
2wer,2wer_337,1.290,-0.732478,nan
2wer,2wer_345,0.690,-0.538706,nan
2wer,2wer_390,0.410,-0.328624,nan
2wer,2wer_403,3.500,-2.467549,nan
2wer,2wer_404,1.860,-1.416829,nan
2wer,2wer_414,1.490,-1.720896,nan
2wer,2wer_419,2.250,-2.167201,nan
2wer,2wer_422,2.000,-1.266096,nan
2wer,2wer_424,4.350,-2.494795,nan
2wer,2wer_426,3.560,-1.754607,nan
2wer,2wer_437,2.410,-1.929401,nan
2wer,2wer_439,2.850,-2.659158,nan
2wer,2wer_441,2.940,-2.638881,nan
2wer,2wer_442,3.630,-2.617318,nan
2wer,2wer_445,3.340,-2.904965,nan
2wer,2wer_447,5.070,-2.755991,nan
2wer,2wer_459,2.340,-2.242988,nan
2wer,2wer_460,3.190,-2.946810,nan
2wer,2wer_463,4.860,-3.273509,nan
2wer,2wer_473,3.510,-2.959478,nan
2wer,2wer_478,4.990,-3.342108,nan
2wer,2wer_479,3.620,-3.214520,nan
2wer,2wer_485,1.660,-1.134174,nan
2wer,2wer_486,2.870,-2.635224,nan
2wer,2wer_489,4.990,-2.132618,nan
2wer,2wer_557,1.440,-1.060241,nan
2wer,2wer_57,0.780,-0.809499,nan
2wer,2wer_570,2.070,-1.706474,nan
2wer,2wer_580,4.860,-3.648681,nan
2wer,2wer_581,1.490,-1.413654,nan
2wer,2wer_589,5.640,-4.141169,nan
2wer,2wer_596,3.860,-2.159538,nan
2wer,2wer_646,2.200,-2.167873,nan
2wer,2wer_658,7.060,-7.820207,nan
2wer,2wer_663,3.070,-2.764828,nan
2wer,2wer_669,4.280,-2.149642,nan
2wer,2wer_676,4.690,-1.447864,nan
2wer,2wer_678,4.340,-2.546483,nan
2wer,2wer_688,1.410,-1.258970,nan
2wer,2wer_697,2.050,-1.889560,nan
2wer,2wer_719,6.740,-6.425870,nan
2wer,2wer_728,7.280,-6.326599,nan
2wer,2wer_73,0.270,-0.283606,nan
2wer,2wer_737,6.050,-5.195148,nan
2wer,2wer_739,6.560,-7.318508,nan
2wer,2wer_740,7.470,-7.714787,nan
2wer,2wer_743,6.230,-6.338737,nan
2wer,2wer_745,8.280,-7.777176,nan
2wer,2wer_751,5.610,-4.076876,nan
2wer,2wer_752,8.780,-8.034101,nan
2wer,2wer_759,7.260,-7.061809,nan
2wer,2wer_763,7.850,-7.069617,nan
2wer,2wer_764,5.850,-5.407083,nan
2wer,2wer_765,7.330,-6.199074,nan
2wer,2wer_767,8.100,-7.598999,nan
2wer,2wer_768,6.340,-6.118139,nan
2wer,2wer_769,6.890,-6.203639,nan
2wer,2wer_773,7.880,-7.956152,nan
2wer,2wer_774,8.100,-8.377021,nan
2wer,2wer_775,5.450,-3.827591,nan
2wer,2wer_777,7.980,-7.323021,nan
2wer,2wer_779,0.380,-0.391570,nan
2wer,2wer_790,1.550,-0.987278,nan
2wer,2wer_792,2.010,-1.031137,nan
2wer,2wer_810,5.760,-3.819250,nan
2wer,2wer_812,4.740,-4.592065,nan
2wer,2wer_838,5.700,-4.352711,nan
2wer,2wer_853,6.160,-4.847595,nan
2wer,2wer_858,7.110,-6.822460,nan
2wer,2wer_866,6.010,-4.621916,nan
2wer,2wer_88,0.570,-0.351535,nan
2wer,2wer_888,0.720,-0.464316,nan
2wer,2wer_899,3.460,-2.557300,nan
2wer,2wer_920,4.920,-4.388002,nan
2wer,2wer_934,6.010,-4.656881,nan
2wer,2wer_935,6.340,-6.357827,nan
2wer,2wer_941,5.020,-3.851544,nan
2wer,2wer_944,7.150,-7.451081,nan
2wer,2wer_952,5.280,-4.695035,nan
2wer,2wer_957,5.460,-3.953953,nan
2wn9,2wn9_105,2.710,-2.089026,nan
2wn9,2wn9_11,4.210,-3.881720,nan
2wn9,2wn9_118,5.450,-4.194640,nan
2wn9,2wn9_12,5.030,-4.969034,nan
2wn9,2wn9_13,4.410,-4.365597,nan
2wn9,2wn9_134,4.420,-3.599248,nan
2wn9,2wn9_136,0.850,-1.024351,nan
2wn9,2wn9_160,0.730,-0.657128,nan
2wn9,2wn9_172,0.410,-1.081414,nan
2wn9,2wn9_175,5.100,-4.398008,nan
2wn9,2wn9_177,4.900,-3.386935,nan
2wn9,2wn9_194,0.690,-0.932970,nan
2wn9,2wn9_2,2.840,-2.052387,nan
2wn9,2wn9_217,6.250,-6.066682,nan
2wn9,2wn9_232,0.520,-0.953645,nan
2wn9,2wn9_247,5.890,-6.188947,nan
2wn9,2wn9_257,4.900,-3.707179,nan
2wn9,2wn9_261,5.880,-6.067457,nan
2wn9,2wn9_275,6.150,-5.581540,nan
2wn9,2wn9_283,5.870,-4.751747,nan
2wn9,2wn9_289,6.110,-6.755818,nan
2wn9,2wn9_299,5.720,-5.531939,nan
2wn9,2wn9_300,6.030,-5.936964,nan
2wn9,2wn9_329,3.650,-0.308185,nan
2wn9,2wn9_333,0.730,-0.618203,nan
2wn9,2wn9_336,0.680,-0.531392,nan
2wn9,2wn9_34,0.500,-0.797663,nan
2wn9,2wn9_376,0.700,-0.784898,nan
2wn9,2wn9_391,0.320,-0.688026,nan
2wn9,2wn9_410,2.140,-2.403261,nan
2wn9,2wn9_411,3.380,-3.572464,nan
2wn9,2wn9_424,2.760,-3.164225,nan
2wn9,2wn9_445,4.060,-1.499579,nan
2wn9,2wn9_448,2.490,-2.378937,nan
2wn9,2wn9_461,3.210,-2.699142,nan
2wn9,2wn9_471,3.920,-3.220914,nan
2wn9,2wn9_474,3.640,-3.554386,nan
2wn9,2wn9_483,5.720,-6.636008,nan
2wn9,2wn9_51,5.810,-5.924043,nan
2wn9,2wn9_525,4.640,-5.011652,nan
2wn9,2wn9_531,6.060,-6.953320,nan
2wn9,2wn9_565,6.380,-7.325374,nan
2wn9,2wn9_570,4.380,-3.521150,nan
2wn9,2wn9_571,3.690,-2.648798,nan
2wn9,2wn9_575,6.150,-6.064714,nan
2wn9,2wn9_586,3.900,-4.773092,nan
2wn9,2wn9_626,2.910,-2.575671,nan
2wn9,2wn9_643,6.400,-5.173851,nan
2wn9,2wn9_662,6.070,-6.183703,nan
2wn9,2wn9_663,3.530,-3.224492,nan
2wn9,2wn9_667,3.410,-3.435900,nan
2wn9,2wn9_675,4.920,-3.807610,nan
2wn9,2wn9_678,1.110,-1.499750,nan
2wn9,2wn9_689,5.590,-6.964335,nan
2wn9,2wn9_737,7.280,-8.201995,nan
2wn9,2wn9_738,6.040,-6.624855,nan
2wn9,2wn9_740,7.260,-7.682859,nan
2wn9,2wn9_749,7.640,-8.210933,nan
2wn9,2wn9_751,7.820,-8.284451,nan
2wn9,2wn9_752,7.370,-8.107876,nan
2wn9,2wn9_753,7.230,-7.365191,nan
2wn9,2wn9_759,3.900,-1.945190,nan
2wn9,2wn9_762,7.220,-8.124086,nan
2wn9,2wn9_80,4.860,-5.391756,nan
2wnc,2wnc_127,0.550,-0.835754,nan
2wnc,2wnc_168,1.450,-1.509670,nan
2wnc,2wnc_267,0.920,-0.879577,nan
2wnc,2wnc_302,0.700,-0.826545,nan
2wnc,2wnc_35,3.020,-2.288943,nan
2wnc,2wnc_370,0.910,-1.105723,nan
2wnc,2wnc_437,6.710,-6.878695,nan
2wnc,2wnc_458,4.020,-2.043205,nan
2wnc,2wnc_473,3.230,-2.727987,nan
2wnc,2wnc_474,2.300,-1.629233,nan
2wnc,2wnc_48,0.870,-1.015422,nan
2wnc,2wnc_498,4.420,-1.901764,nan
2wnc,2wnc_514,1.650,-1.342286,nan
2wnc,2wnc_519,2.670,-2.011355,nan
2wnc,2wnc_525,5.660,-2.045458,nan
2wnc,2wnc_527,5.270,-6.364377,nan
2wnc,2wnc_532,1.790,-1.657771,nan
2wnc,2wnc_536,2.780,-2.230761,nan
2wnc,2wnc_537,3.080,-1.845260,nan
2wnc,2wnc_538,6.700,-5.497479,nan
2wnc,2wnc_539,6.600,-2.157573,nan
2wnc,2wnc_541,7.760,-6.194092,nan
2wnc,2wnc_542,7.510,-5.309600,nan
2wnc,2wnc_554,4.470,-3.676333,nan
2wnc,2wnc_557,6.270,-3.078192,nan
2wnc,2wnc_558,8.480,-7.632879,nan
2wnc,2wnc_561,5.170,-1.975642,nan
2wnc,2wnc_564,8.970,-8.426976,nan
2wnc,2wnc_575,7.920,-7.763712,nan
2wnc,2wnc_578,4.550,-4.923904,nan
2wnc,2wnc_582,6.260,-6.334567,nan
2wnc,2wnc_585,4.030,-3.504720,nan
2wnc,2wnc_587,3.030,-2.429851,nan
2wnc,2wnc_589,4.730,-4.567779,nan
2wnc,2wnc_594,5.180,-2.254221,nan
2wnc,2wnc_595,3.040,-2.989754,nan
2wnc,2wnc_597,8.350,-6.136475,nan
2wnc,2wnc_599,6.260,-2.257572,nan
2wnc,2wnc_600,4.270,-2.036067,nan
2wnc,2wnc_632,7.120,-2.655800,nan
2wnc,2wnc_636,8.120,-5.796411,nan
2wnc,2wnc_645,5.030,-4.663811,nan
2wnc,2wnc_647,6.380,-2.885834,nan
2wnc,2wnc_661,5.990,-3.799536,nan
2wnc,2wnc_664,2.970,-3.258317,nan
2wnc,2wnc_681,5.620,-3.685112,nan
2wnc,2wnc_689,3.660,-1.779467,nan
2wnc,2wnc_702,0.510,-0.429763,nan
2wnc,2wnc_717,2.480,-1.233527,nan
2wnc,2wnc_722,7.880,-8.472745,nan
2wnc,2wnc_723,2.350,-2.305401,nan
2wnc,2wnc_728,8.430,-5.594542,nan
2wnc,2wnc_732,7.440,-4.366407,nan
2wnc,2wnc_734,8.010,-4.048730,nan
2wnc,2wnc_737,2.010,-1.040082,nan
2wnc,2wnc_741,8.070,-8.560545,nan
2wnc,2wnc_744,3.110,-2.166430,nan
2wnc,2wnc_747,4.620,-3.308635,nan
2wnc,2wnc_752,5.030,-3.047820,nan
2wnc,2wnc_754,9.060,-8.530432,nan
2wnc,2wnc_755,3.320,-3.176824,nan
2wnc,2wnc_757,5.330,-3.603780,nan
2wnc,2wnc_760,6.610,-6.606049,nan
2wnc,2wnc_763,8.890,-6.790894,nan
2wnc,2wnc_766,6.900,-8.078475,nan
2wnc,2wnc_770,5.150,-3.924309,nan
2wnc,2wnc_776,7.670,-5.029895,nan
2wnc,2wnc_779,6.250,-2.915540,nan
2wnc,2wnc_780,3.780,-1.379893,nan
2wnc,2wnc_781,9.780,-8.597287,nan
2wnc,2wnc_796,0.560,-0.743511,nan
2wnc,2wnc_825,1.740,-1.258744,nan
2wnc,2wnc_828,4.670,-3.997132,nan
2wnc,2wnc_848,2.370,-1.264207,nan
2wnc,2wnc_849,1.810,-0.965412,nan
2wnc,2wnc_853,9.030,-5.010741,nan
2wnc,2wnc_856,8.160,-4.523473,nan
2wnc,2wnc_860,2.010,-0.952072,nan
2wnc,2wnc_862,8.670,-6.268929,nan
2wnc,2wnc_868,7.280,-2.387006,nan
2wnc,2wnc_872,4.810,-2.825122,nan
2wnc,2wnc_874,7.600,-3.269431,nan
2wnc,2wnc_879,7.650,-7.254375,nan
2wnc,2wnc_891,0.320,-0.600935,nan
2wnc,2wnc_903,0.550,-0.737367,nan
2wnc,2wnc_915,1.590,-1.249199,nan
2wnc,2wnc_928,1.510,-1.158217,nan
2wnc,2wnc_951,2.860,-1.880493,nan
2wnc,2wnc_952,2.000,-1.503243,nan
2wnc,2wnc_969,1.150,-1.565479,nan
2wnc,2wnc_972,3.720,-1.736017,nan
2wnc,2wnc_981,1.060,-1.043123,nan
2wnc,2wnc_99,0.990,-1.302896,nan
2wtv,2wtv_105,0.540,-0.372134,nan
2wtv,2wtv_108,0.490,-0.451907,nan
2wtv,2wtv_118,0.520,-0.525804,nan
2wtv,2wtv_133,1.280,-1.016631,nan
2wtv,2wtv_143,0.780,-0.467984,nan
2wtv,2wtv_144,1.060,-1.087941,nan
2wtv,2wtv_152,5.780,-3.452411,nan
2wtv,2wtv_157,0.950,-0.955166,nan
2wtv,2wtv_159,6.520,-4.878308,nan
2wtv,2wtv_174,0.530,-0.733311,nan
2wtv,2wtv_196,7.020,-3.475386,nan
2wtv,2wtv_20,9.000,-7.913596,nan
2wtv,2wtv_237,1.040,-0.410818,nan
2wtv,2wtv_24,8.980,-7.849765,nan
2wtv,2wtv_240,0.700,-0.679395,nan
2wtv,2wtv_250,9.030,-7.862431,nan
2wtv,2wtv_255,0.880,-0.369035,nan
2wtv,2wtv_260,9.040,-7.969940,nan
2wtv,2wtv_289,1.220,-0.774570,nan
2wtv,2wtv_296,8.940,-7.450370,nan
2wtv,2wtv_317,6.870,-2.914537,nan
2wtv,2wtv_32,8.900,-7.400987,nan
2wtv,2wtv_320,0.400,-0.537559,nan
2wtv,2wtv_328,2.900,-0.811307,nan
2wtv,2wtv_333,7.330,-3.498963,nan
2wtv,2wtv_357,0.500,-0.317961,nan
2wtv,2wtv_376,1.780,-0.980395,nan
2wtv,2wtv_38,9.230,-8.020389,nan
2wtv,2wtv_39,9.040,-7.894794,nan
2wtv,2wtv_401,6.300,-2.438662,nan
2wtv,2wtv_411,2.980,-2.541615,nan
2wtv,2wtv_415,5.910,-1.891548,nan
2wtv,2wtv_421,5.900,-2.646698,nan
2wtv,2wtv_427,4.230,-4.201549,nan
2wtv,2wtv_432,7.140,-4.450209,nan
2wtv,2wtv_436,6.210,-2.369216,nan
2wtv,2wtv_437,3.560,-3.053307,nan
2wtv,2wtv_455,4.210,-2.929548,nan
2wtv,2wtv_459,5.760,-1.831988,nan
2wtv,2wtv_460,7.430,-4.810691,nan
2wtv,2wtv_470,5.080,-4.235524,nan
2wtv,2wtv_477,6.840,-4.038013,nan
2wtv,2wtv_481,7.610,-6.403489,nan
2wtv,2wtv_483,4.500,-4.458828,nan
2wtv,2wtv_486,5.760,-2.004218,nan
2wtv,2wtv_487,5.910,-2.577533,nan
2wtv,2wtv_489,6.300,-3.985422,nan
2wtv,2wtv_498,5.980,-3.005810,nan
2wtv,2wtv_499,6.000,-2.308129,nan
2wtv,2wtv_502,1.200,-1.444531,nan
2wtv,2wtv_506,2.870,-2.175284,nan
2wtv,2wtv_509,1.790,-1.971851,nan
2wtv,2wtv_533,1.840,-1.490357,nan
2wtv,2wtv_534,3.190,-3.631166,nan
2wtv,2wtv_541,6.050,-1.515955,nan
2wtv,2wtv_544,2.230,-2.767161,nan
2wtv,2wtv_547,7.650,-2.692383,nan
2wtv,2wtv_548,2.570,-2.456361,nan
2wtv,2wtv_55,7.060,-6.593811,nan
2wtv,2wtv_551,4.120,-3.768093,nan
2wtv,2wtv_557,3.770,-2.612687,nan
2wtv,2wtv_558,8.290,-5.705774,nan
2wtv,2wtv_561,3.000,-3.543693,nan
2wtv,2wtv_570,7.520,-4.170792,nan
2wtv,2wtv_575,3.410,-3.227694,nan
2wtv,2wtv_576,8.130,-6.397840,nan
2wtv,2wtv_579,3.250,-3.366093,nan
2wtv,2wtv_581,7.660,-4.237000,nan
2wtv,2wtv_584,2.070,-1.785280,nan
2wtv,2wtv_585,7.130,-3.393422,nan
2wtv,2wtv_590,3.380,-3.908365,nan
2wtv,2wtv_591,2.540,-2.192028,nan
2wtv,2wtv_595,1.830,-2.590314,nan
2wtv,2wtv_596,3.040,-2.306664,nan
2wtv,2wtv_602,3.550,-3.303646,nan
2wtv,2wtv_604,3.030,-2.620413,nan
2wtv,2wtv_608,4.090,-3.545771,nan
2wtv,2wtv_611,4.950,-4.250871,nan
2wtv,2wtv_612,9.170,-7.916540,nan
2wtv,2wtv_615,1.930,-1.496553,nan
2wtv,2wtv_624,3.300,-2.375518,nan
2wtv,2wtv_631,5.950,-1.795468,nan
2wtv,2wtv_637,6.640,-2.578081,nan
2wtv,2wtv_644,4.370,-4.570122,nan
2wtv,2wtv_670,6.240,-3.668985,nan
2wtv,2wtv_674,2.810,-2.196626,nan
2wtv,2wtv_675,8.630,-6.755560,nan
2wtv,2wtv_676,4.290,-4.074272,nan
2wtv,2wtv_689,4.510,-4.571836,nan
2wtv,2wtv_691,2.420,-1.966749,nan
2wtv,2wtv_697,4.010,-3.897367,nan
2wtv,2wtv_737,6.290,-1.969636,nan
2wtv,2wtv_78,9.170,-8.420527,nan
2wtv,2wtv_799,8.540,-6.178479,nan
2wtv,2wtv_801,8.340,-7.677144,nan
2wtv,2wtv_804,8.220,-6.728008,nan
2wtv,2wtv_83,9.110,-7.536519,nan
2wtv,2wtv_84,9.060,-7.635852,nan
2wtv,2wtv_90,9.090,-7.858545,nan
2wtv,2wtv_98,9.140,-8.104860,nan
2wvt,2wvt_217,0.340,-0.480961,nan
2wvt,2wvt_266,0.930,-0.713313,nan
2wvt,2wvt_404,1.280,-1.038337,nan
2wvt,2wvt_415,0.950,-1.119223,nan
2wvt,2wvt_442,0.910,-1.387573,nan
2wvt,2wvt_456,0.750,-0.805761,nan
2wvt,2wvt_464,1.720,-2.706339,nan
2wvt,2wvt_474,1.750,-1.414284,nan
2wvt,2wvt_478,2.120,-1.904196,nan
2wvt,2wvt_492,1.470,-1.886209,nan
2wvt,2wvt_510,3.280,-2.201489,nan
2wvt,2wvt_518,0.950,-0.894456,nan
2wvt,2wvt_526,4.260,-3.621289,nan
2wvt,2wvt_529,2.450,-1.547370,nan
2wvt,2wvt_546,3.810,-2.715960,nan
2wvt,2wvt_548,1.200,-1.269567,nan
2wvt,2wvt_552,2.400,-1.360897,nan
2wvt,2wvt_565,3.160,-2.601553,nan
2wvt,2wvt_574,3.540,-2.502820,nan
2wvt,2wvt_579,3.090,-2.301942,nan
2wvt,2wvt_581,3.210,-3.260765,nan
2wvt,2wvt_593,2.910,-1.864847,nan
2wvt,2wvt_615,2.480,-2.045063,nan
2wvt,2wvt_630,1.760,-1.084553,nan
2wvt,2wvt_675,1.950,-1.386669,nan
2wvt,2wvt_678,2.070,-1.763124,nan
2wvt,2wvt_720,1.160,-0.653306,nan
2wvt,2wvt_731,4.020,-3.221884,nan
2wvt,2wvt_736,0.850,-0.936091,nan
2wvt,2wvt_743,3.840,-2.465133,nan
2wvt,2wvt_758,4.000,-2.894719,nan
2wvt,2wvt_762,2.090,-1.074005,nan
2wvt,2wvt_764,2.040,-0.358563,nan
2wvt,2wvt_767,1.540,-1.078552,nan
2wvt,2wvt_770,4.010,-3.322173,nan
2wvt,2wvt_775,1.950,-1.054305,nan
2wvt,2wvt_777,2.410,-1.252562,nan
2wvt,2wvt_780,3.280,-1.979409,nan
2wvt,2wvt_843,2.770,-1.762193,nan
2wvt,2wvt_848,4.060,-2.320161,nan
2wvt,2wvt_859,0.790,-0.478579,nan
2wvt,2wvt_870,4.100,-3.246005,nan
2wvt,2wvt_875,4.900,-3.680605,nan
2wvt,2wvt_884,4.090,-2.406534,nan
2wvt,2wvt_898,4.670,-3.007390,nan
2wvt,2wvt_920,0.890,-0.473248,nan
2wvt,2wvt_922,0.610,-0.739780,nan
2wvt,2wvt_961,3.710,-2.918096,nan
2wvt,2wvt_962,4.200,-2.958983,nan
2wvt,2wvt_982,4.550,-3.107772,nan
2x00,2x00_123,0.910,-1.250720,nan
2x00,2x00_144,0.880,-1.664432,nan
2x00,2x00_174,0.760,-0.736147,nan
2x00,2x00_234,0.580,-0.639547,nan
2x00,2x00_335,0.560,-0.452274,nan
2x00,2x00_345,0.830,-0.825520,nan
2x00,2x00_410,1.120,-1.161217,nan
2x00,2x00_447,2.290,-3.462101,nan
2x00,2x00_464,1.720,-1.435015,nan
2x00,2x00_470,2.010,-2.164948,nan
2x00,2x00_487,1.820,-1.821505,nan
2x00,2x00_498,3.450,-2.546992,nan
2x00,2x00_499,1.880,-2.301118,nan
2x00,2x00_500,4.080,-2.936491,nan
2x00,2x00_509,6.080,-4.810482,nan
2x00,2x00_528,6.070,-5.424528,nan
2x00,2x00_53,0.600,-1.221701,nan
2x00,2x00_539,7.150,-6.684552,nan
2x00,2x00_551,6.410,-4.222010,nan
2x00,2x00_565,5.650,-5.224306,nan
2x00,2x00_573,5.940,-3.850915,nan
2x00,2x00_576,6.290,-5.752120,nan
2x00,2x00_583,2.370,-2.518140,nan
2x00,2x00_586,4.690,-4.831737,nan
2x00,2x00_587,7.410,-6.577401,nan
2x00,2x00_594,3.480,-2.975522,nan
2x00,2x00_604,3.380,-2.796255,nan
2x00,2x00_609,1.050,-1.239271,nan
2x00,2x00_611,2.590,-2.462813,nan
2x00,2x00_633,3.850,-3.503187,nan
2x00,2x00_634,2.990,-1.791526,nan
2x00,2x00_654,2.890,-3.387117,nan
2x00,2x00_701,0.970,-0.800547,nan
2x00,2x00_705,1.230,-1.330384,nan
2x00,2x00_709,1.440,-0.667506,nan
2x00,2x00_716,2.040,-1.028978,nan
2x00,2x00_721,6.210,-4.004388,nan
2x00,2x00_725,5.670,-5.284925,nan
2x00,2x00_731,5.650,-5.483054,nan
2x00,2x00_732,5.120,-2.880865,nan
2x00,2x00_736,3.840,-3.748158,nan
2x00,2x00_742,4.470,-3.268398,nan
2x00,2x00_748,3.480,-1.969058,nan
2x00,2x00_749,4.390,-3.764099,nan
2x00,2x00_760,6.200,-5.984288,nan
2x00,2x00_761,3.850,-4.487862,nan
2x00,2x00_767,2.590,-1.886696,nan
2x00,2x00_771,4.730,-3.802992,nan
2x00,2x00_778,4.900,-5.476686,nan
2x00,2x00_779,8.000,-7.257936,nan
2x00,2x00_786,3.210,-2.935989,nan
2x00,2x00_789,6.320,-5.781603,nan
2x00,2x00_791,3.760,-3.131810,nan
2x00,2x00_798,0.820,-0.663040,nan
2x00,2x00_817,1.420,-1.071594,nan
2x00,2x00_818,5.620,-5.581382,nan
2x00,2x00_822,5.160,-4.068967,nan
2x00,2x00_835,5.980,-6.005575,nan
2x00,2x00_843,5.050,-3.770806,nan
2x00,2x00_853,4.470,-4.756925,nan
2x00,2x00_874,4.410,-4.326051,nan
2x00,2x00_882,6.230,-4.670509,nan
2x00,2x00_889,5.600,-4.497431,nan
2x00,2x00_891,2.990,-2.480962,nan
2x00,2x00_907,0.860,-0.610746,nan
2x00,2x00_911,1.360,-0.612855,nan
2x00,2x00_929,1.700,-1.035703,nan
2x00,2x00_935,2.810,-1.627847,nan
2x00,2x00_945,7.500,-6.563257,nan
2x00,2x00_963,7.610,-6.368884,nan
2x00,2x00_966,6.430,-4.830526,nan
2x00,2x00_969,7.420,-6.229881,nan
2x00,2x00_971,4.970,-5.268152,nan
2x00,2x00_972,6.160,-6.099642,nan
2x00,2x00_986,3.620,-2.958019,nan
2x00,2x00_992,4.300,-3.808002,nan
2xb8,2xb8_133,0.620,-0.525362,nan
2xb8,2xb8_268,0.240,-1.022299,nan
2xb8,2xb8_28,0.660,-0.287403,nan
2xb8,2xb8_282,0.480,-1.016040,nan
2xb8,2xb8_285,0.460,-0.843754,nan
2xb8,2xb8_35,0.740,-0.339135,nan
2xb8,2xb8_408,5.330,-2.734884,nan
2xb8,2xb8_423,1.500,-1.189822,nan
2xb8,2xb8_428,3.040,-1.862106,nan
2xb8,2xb8_433,4.700,-2.333837,nan
2xb8,2xb8_435,2.020,-1.676886,nan
2xb8,2xb8_436,0.840,-0.724363,nan
2xb8,2xb8_437,5.600,-2.391706,nan
2xb8,2xb8_439,1.560,-2.010127,nan
2xb8,2xb8_451,0.870,-1.178391,nan
2xb8,2xb8_452,3.170,-1.944142,nan
2xb8,2xb8_459,2.950,-1.981835,nan
2xb8,2xb8_462,3.100,-2.169713,nan
2xb8,2xb8_464,1.740,-1.484098,nan
2xb8,2xb8_465,4.450,-2.894626,nan
2xb8,2xb8_473,1.900,-1.786764,nan
2xb8,2xb8_478,2.460,-2.516906,nan
2xb8,2xb8_481,3.110,-1.283081,nan
2xb8,2xb8_483,1.640,-1.821830,nan
2xb8,2xb8_484,1.450,-1.281340,nan
2xb8,2xb8_486,0.820,-1.173461,nan
2xb8,2xb8_487,3.320,-1.577049,nan
2xb8,2xb8_490,1.330,-1.651829,nan
2xb8,2xb8_523,4.180,-2.850608,nan
2xb8,2xb8_525,1.450,-2.351585,nan
2xb8,2xb8_537,1.450,-1.658434,nan
2xb8,2xb8_542,3.030,-1.877496,nan
2xb8,2xb8_546,5.870,-3.965048,nan
2xb8,2xb8_556,4.850,-2.949881,nan
2xb8,2xb8_558,5.180,-2.426176,nan
2xb8,2xb8_560,3.170,-2.034649,nan
2xb8,2xb8_568,4.920,-3.982035,nan
2xb8,2xb8_572,6.920,-5.018356,nan
2xb8,2xb8_573,5.740,-4.515845,nan
2xb8,2xb8_574,4.290,-3.098980,nan
2xb8,2xb8_576,2.890,-1.133535,nan
2xb8,2xb8_585,4.080,-3.091433,nan
2xb8,2xb8_587,2.670,-2.599181,nan
2xb8,2xb8_590,6.120,-4.510683,nan
2xb8,2xb8_597,6.290,-4.065897,nan
2xb8,2xb8_616,2.740,-1.847079,nan
2xb8,2xb8_617,5.200,-2.357137,nan
2xb8,2xb8_620,6.220,-3.498265,nan
2xb8,2xb8_635,3.060,-2.265973,nan
2xb8,2xb8_647,6.380,-4.835907,nan
2xb8,2xb8_650,3.490,-2.182788,nan
2xb8,2xb8_657,5.390,-3.977400,nan
2xb8,2xb8_673,6.140,-3.211387,nan
2xb8,2xb8_675,6.120,-3.578089,nan
2xb8,2xb8_676,2.090,-2.350031,nan
2xb8,2xb8_679,5.940,-3.434729,nan
2xb8,2xb8_682,6.110,-3.259510,nan
2xb8,2xb8_684,5.820,-2.647935,nan
2xb8,2xb8_691,4.880,-2.683593,nan
2xb8,2xb8_695,4.790,-3.165902,nan
2xb8,2xb8_697,3.400,-3.103025,nan
2xb8,2xb8_735,0.640,-0.807836,nan
2xb8,2xb8_760,2.690,-0.911413,nan
2xb8,2xb8_761,2.610,-1.380736,nan
2xb8,2xb8_765,6.280,-3.935648,nan
2xb8,2xb8_767,6.030,-3.784845,nan
2xb8,2xb8_768,1.190,-1.561947,nan
2xb8,2xb8_775,5.460,-2.497817,nan
2xb8,2xb8_776,2.250,-2.228458,nan
2xbv,2xbv_103,6.680,-4.368092,nan
2xbv,2xbv_109,9.160,-7.878230,nan
2xbv,2xbv_114,6.200,-3.906723,nan
2xbv,2xbv_119,5.040,-4.392793,nan
2xbv,2xbv_124,5.670,-4.098697,nan
2xbv,2xbv_136,9.060,-7.500522,nan
2xbv,2xbv_137,6.090,-5.152371,nan
2xbv,2xbv_144,7.930,-7.225285,nan
2xbv,2xbv_154,8.480,-6.782507,nan
2xbv,2xbv_157,8.500,-6.656619,nan
2xbv,2xbv_164,7.940,-5.346443,nan
2xbv,2xbv_167,7.410,-7.726730,nan
2xbv,2xbv_184,0.620,-0.528276,nan
2xbv,2xbv_195,1.810,-1.146101,nan
2xbv,2xbv_198,7.070,-4.551823,nan
2xbv,2xbv_199,0.900,-0.837669,nan
2xbv,2xbv_203,0.940,-0.566720,nan
2xbv,2xbv_226,0.490,-0.538959,nan
2xbv,2xbv_23,0.860,-0.677371,nan
2xbv,2xbv_267,0.740,-0.903491,nan
2xbv,2xbv_277,0.720,-0.502303,nan
2xbv,2xbv_293,1.010,-0.791552,nan
2xbv,2xbv_302,1.500,-0.591637,nan
2xbv,2xbv_304,5.570,-2.279297,nan
2xbv,2xbv_309,6.550,-6.145845,nan
2xbv,2xbv_310,8.540,-3.749308,nan
2xbv,2xbv_316,8.100,-2.944505,nan
2xbv,2xbv_317,0.690,-0.514393,nan
2xbv,2xbv_336,6.220,-4.177032,nan
2xbv,2xbv_340,6.460,-1.997083,nan
2xbv,2xbv_344,2.750,-2.066360,nan
2xbv,2xbv_347,8.680,-4.388027,nan
2xbv,2xbv_353,5.670,-5.395642,nan
2xbv,2xbv_355,5.930,-3.133335,nan
2xbv,2xbv_364,7.710,-6.055248,nan
2xbv,2xbv_378,0.900,-0.803551,nan
2xbv,2xbv_385,7.980,-5.509320,nan
2xbv,2xbv_386,8.520,-7.568295,nan
2xbv,2xbv_389,6.030,-3.515069,nan
2xbv,2xbv_391,8.520,-6.172698,nan
2xbv,2xbv_392,1.220,-0.731038,nan
2xbv,2xbv_397,1.590,-0.939629,nan
2xbv,2xbv_399,7.650,-1.694013,nan
2xbv,2xbv_401,2.170,-1.962327,nan
2xbv,2xbv_434,2.320,-2.082952,nan
2xbv,2xbv_435,5.430,-2.395924,nan
2xbv,2xbv_444,2.200,-1.994833,nan
2xbv,2xbv_463,5.490,-2.685754,nan
2xbv,2xbv_475,2.530,-2.218540,nan
2xbv,2xbv_477,2.090,-2.297192,nan
2xbv,2xbv_52,1.080,-0.820627,nan
2xbv,2xbv_532,2.100,-1.630168,nan
2xbv,2xbv_559,5.520,-2.553174,nan
2xbv,2xbv_565,5.570,-2.315593,nan
2xbv,2xbv_746,2.910,-1.820570,nan
2xbv,2xbv_747,4.270,-4.288543,nan
2xbv,2xbv_752,3.420,-2.782972,nan
2xbv,2xbv_753,3.050,-1.856241,nan
2xbv,2xbv_754,2.950,-2.528641,nan
2xbv,2xbv_756,3.290,-2.328122,nan
2xbv,2xbv_761,7.590,-5.133309,nan
2xbv,2xbv_762,6.510,-4.652630,nan
2xbv,2xbv_766,1.780,-0.804219,nan
2xbv,2xbv_769,6.260,-2.274408,nan
2xbv,2xbv_770,3.580,-2.392378,nan
2xbv,2xbv_771,6.360,-2.487212,nan
2xbv,2xbv_773,8.050,-3.347852,nan
2xbv,2xbv_777,8.350,-4.715952,nan
2xbv,2xbv_779,8.700,-3.414649,nan
2xbv,2xbv_780,7.730,-1.821722,nan
2xbv,2xbv_782,3.530,-2.108686,nan
2xbv,2xbv_784,7.770,-2.277366,nan
2xbv,2xbv_8,0.830,-0.637576,nan
2xbv,2xbv_825,1.290,-0.567513,nan
2xbv,2xbv_855,1.600,-0.474466,nan
2xbv,2xbv_866,1.610,-1.194318,nan
2xbv,2xbv_880,2.460,-1.693973,nan
2xbv,2xbv_883,3.930,-2.608242,nan
2xbv,2xbv_884,4.080,-3.273489,nan
2xbv,2xbv_984,5.430,-5.562346,nan
2xdl,2xdl_176,0.960,-0.740934,nan
2xdl,2xdl_192,1.740,-0.755513,nan
2xdl,2xdl_215,0.980,-1.032758,nan
2xdl,2xdl_265,0.470,-0.744556,nan
2xdl,2xdl_268,0.880,-0.810113,nan
2xdl,2xdl_273,1.170,-0.989889,nan
2xdl,2xdl_3,3.880,-1.395900,nan
2xdl,2xdl_329,0.430,-0.860213,nan
2xdl,2xdl_339,0.670,-0.826438,nan
2xdl,2xdl_348,0.940,-1.081190,nan
2xdl,2xdl_396,0.380,-0.675749,nan
2xdl,2xdl_414,5.500,-2.853735,nan
2xdl,2xdl_417,3.020,-2.669409,nan
2xdl,2xdl_420,3.250,-2.992652,nan
2xdl,2xdl_435,1.690,-1.836911,nan
2xdl,2xdl_446,3.030,-2.750027,nan
2xdl,2xdl_484,1.820,-1.660474,nan
2xdl,2xdl_486,2.280,-2.037707,nan
2xdl,2xdl_489,3.810,-2.404084,nan
2xdl,2xdl_495,5.330,-2.436763,nan
2xdl,2xdl_496,5.120,-2.806236,nan
2xdl,2xdl_5,0.770,-0.733572,nan
2xdl,2xdl_500,2.850,-1.674774,nan
2xdl,2xdl_509,4.610,-2.208171,nan
2xdl,2xdl_522,3.340,-2.058775,nan
2xdl,2xdl_525,1.640,-2.373794,nan
2xdl,2xdl_534,2.100,-1.707125,nan
2xdl,2xdl_537,2.420,-1.706174,nan
2xdl,2xdl_539,3.610,-2.601715,nan
2xdl,2xdl_540,1.870,-2.132660,nan
2xdl,2xdl_547,4.820,-4.287501,nan
2xdl,2xdl_549,5.580,-4.082087,nan
2xdl,2xdl_55,0.930,-1.012944,nan
2xdl,2xdl_559,5.120,-3.188178,nan
2xdl,2xdl_560,2.440,-1.973834,nan
2xdl,2xdl_565,6.050,-4.247450,nan
2xdl,2xdl_570,5.070,-4.216868,nan
2xdl,2xdl_574,2.790,-2.378478,nan
2xdl,2xdl_586,5.410,-4.902781,nan
2xdl,2xdl_593,2.570,-1.730987,nan
2xdl,2xdl_595,1.960,-2.121847,nan
2xdl,2xdl_596,5.160,-2.613385,nan
2xdl,2xdl_611,2.120,-1.510642,nan
2xdl,2xdl_612,5.020,-1.764426,nan
2xdl,2xdl_615,4.840,-1.588154,nan
2xdl,2xdl_623,4.540,-1.775050,nan
2xdl,2xdl_628,1.760,-1.284922,nan
2xdl,2xdl_646,5.760,-5.909137,nan
2xdl,2xdl_650,4.520,-2.023997,nan
2xdl,2xdl_660,3.530,-1.121466,nan
2xdl,2xdl_674,4.110,-2.660501,nan
2xdl,2xdl_685,4.650,-1.788656,nan
2xdl,2xdl_691,4.480,-3.010588,nan
2xdl,2xdl_692,2.170,-1.697693,nan
2xdl,2xdl_693,2.980,-3.036958,nan
2xdl,2xdl_739,1.960,-0.973062,nan
2xdl,2xdl_742,3.810,-1.652031,nan
2xdl,2xdl_746,9.900,-8.463655,nan
2xdl,2xdl_747,9.630,-8.186028,nan
2xdl,2xdl_755,9.330,-8.249437,nan
2xdl,2xdl_763,9.440,-8.426112,nan
2xdl,2xdl_768,9.470,-8.449276,nan
2xdl,2xdl_769,9.480,-8.468435,nan
2xdl,2xdl_775,9.540,-8.153024,nan
2xdl,2xdl_776,3.290,-1.923184,nan
2xdl,2xdl_778,9.520,-8.009376,nan
2xdl,2xdl_779,9.380,-8.490089,nan
2xdl,2xdl_783,4.010,-1.848060,nan
2xdl,2xdl_788,9.370,-7.902872,nan
2xdl,2xdl_790,4.870,-2.742800,nan
2xdl,2xdl_99,1.430,-1.160482,nan
2xii,2xii_108,5.810,-6.069452,nan
2xii,2xii_131,7.060,-7.709127,nan
2xii,2xii_137,4.530,-3.482389,nan
2xii,2xii_146,0.530,-0.088182,nan
2xii,2xii_151,6.100,-5.456681,nan
2xii,2xii_185,1.010,-0.132070,nan
2xii,2xii_199,6.850,-7.213365,nan
2xii,2xii_237,0.530,-0.103491,nan
2xii,2xii_238,0.450,-0.225292,nan
2xii,2xii_252,1.340,-0.195685,nan
2xii,2xii_253,1.250,-0.206622,nan
2xii,2xii_293,0.410,-0.230874,nan
2xii,2xii_355,0.760,-0.133304,nan
2xii,2xii_397,0.580,-0.140869,nan
2xii,2xii_401,0.990,-0.194881,nan
2xii,2xii_402,6.800,-7.688391,nan
2xii,2xii_406,1.720,-0.703298,nan
2xii,2xii_407,1.640,-0.714261,nan
2xii,2xii_409,1.840,-0.418703,nan
2xii,2xii_413,2.710,-2.085542,nan
2xii,2xii_414,5.310,-3.754129,nan
2xii,2xii_415,2.030,-1.267586,nan
2xii,2xii_417,1.800,-1.247958,nan
2xii,2xii_419,3.440,-3.734307,nan
2xii,2xii_426,4.800,-4.249771,nan
2xii,2xii_427,3.650,-2.715494,nan
2xii,2xii_429,2.700,-2.065667,nan
2xii,2xii_435,5.920,-5.945838,nan
2xii,2xii_436,6.190,-5.294135,nan
2xii,2xii_438,7.460,-6.393506,nan
2xii,2xii_445,5.760,-6.250344,nan
2xii,2xii_451,4.360,-4.518507,nan
2xii,2xii_452,5.830,-4.760704,nan
2xii,2xii_456,1.810,-1.163776,nan
2xii,2xii_459,2.920,-1.459521,nan
2xii,2xii_464,2.960,-2.381068,nan
2xii,2xii_467,8.020,-3.832804,nan
2xii,2xii_468,3.250,-3.195256,nan
2xii,2xii_469,7.580,-2.182934,nan
2xii,2xii_470,4.740,-5.134953,nan
2xii,2xii_471,7.600,-1.322582,nan
2xii,2xii_49,6.340,-6.123826,nan
2xii,2xii_492,5.230,-4.569046,nan
2xii,2xii_494,7.670,-3.478750,nan
2xii,2xii_496,2.510,-1.428938,nan
2xii,2xii_497,7.800,-4.254872,nan
2xii,2xii_513,1.590,-1.112454,nan
2xii,2xii_525,3.000,-3.023153,nan
2xii,2xii_528,3.690,-2.993863,nan
2xii,2xii_535,3.970,-3.123767,nan
2xii,2xii_542,3.170,-3.110149,nan
2xii,2xii_547,8.440,-4.158339,nan
2xii,2xii_550,8.340,-8.042682,nan
2xii,2xii_552,8.560,-5.316923,nan
2xii,2xii_554,8.280,-5.186222,nan
2xii,2xii_558,2.710,-2.395505,nan
2xii,2xii_561,2.830,-1.125907,nan
2xii,2xii_564,4.790,-5.404112,nan
2xii,2xii_567,2.920,-1.933498,nan
2xii,2xii_570,7.970,-4.255259,nan
2xii,2xii_576,3.150,-2.176434,nan
2xii,2xii_584,7.250,-2.860454,nan
2xii,2xii_586,9.250,-8.342117,nan
2xii,2xii_593,4.780,-4.816672,nan
2xii,2xii_594,6.170,-6.001162,nan
2xii,2xii_621,3.490,-3.742501,nan
2xii,2xii_637,5.360,-4.875542,nan
2xii,2xii_641,4.510,-4.543504,nan
2xii,2xii_661,7.630,-7.962906,nan
2xii,2xii_665,4.520,-4.317339,nan
2xii,2xii_674,7.400,-3.774048,nan
2xii,2xii_683,3.620,-2.977487,nan
2xii,2xii_688,8.480,-5.956439,nan
2xii,2xii_69,6.200,-6.107832,nan
2xii,2xii_696,5.650,-6.701279,nan
2xii,2xii_705,6.480,-5.441581,nan
2xii,2xii_715,0.960,-0.347784,nan
2xii,2xii_729,1.930,-0.303549,nan
2xii,2xii_757,4.440,-3.583034,nan
2xii,2xii_760,6.710,-6.366089,nan
2xii,2xii_762,4.250,-3.625586,nan
2xii,2xii_763,0.880,-0.236426,nan
2xii,2xii_765,3.620,-2.674269,nan
2xii,2xii_822,5.040,-3.624434,nan
2xii,2xii_84,0.540,-0.091042,nan
2xii,2xii_968,5.780,-4.564119,nan
2xii,2xii_97,6.680,-5.614786,nan
2xj7,2xj7_118,0.520,-0.262964,nan
2xj7,2xj7_131,0.270,-0.284901,nan
2xj7,2xj7_161,0.390,-0.271791,nan
2xj7,2xj7_254,0.670,-0.459422,nan
2xj7,2xj7_401,0.960,-0.540534,nan
2xj7,2xj7_404,1.850,-1.609513,nan
2xj7,2xj7_405,1.290,-1.263666,nan
2xj7,2xj7_406,1.740,-1.382749,nan
2xj7,2xj7_407,1.700,-0.853638,nan
2xj7,2xj7_409,3.030,-1.546070,nan
2xj7,2xj7_415,2.980,-2.777153,nan
2xj7,2xj7_421,1.740,-1.432845,nan
2xj7,2xj7_455,4.270,-2.008696,nan
2xj7,2xj7_58,1.160,-0.534447,nan
2xj7,2xj7_648,4.180,-3.521880,nan
2xj7,2xj7_652,4.060,-2.943940,nan
2xj7,2xj7_658,3.630,-2.170258,nan
2xj7,2xj7_726,3.350,-1.697964,nan
2xj7,2xj7_735,3.500,-1.616878,nan
2xj7,2xj7_736,1.000,-0.245204,nan
2xj7,2xj7_755,3.000,-1.404343,nan
2xj7,2xj7_756,2.970,-1.248294,nan
2xj7,2xj7_758,4.080,-2.575527,nan
2xj7,2xj7_759,2.370,-1.879849,nan
2xj7,2xj7_761,2.390,-1.688240,nan
2xj7,2xj7_763,3.460,-1.603371,nan
2xj7,2xj7_766,3.190,-1.998538,nan
2xj7,2xj7_769,4.310,-4.059487,nan
2xj7,2xj7_773,2.580,-0.919218,nan
2xj7,2xj7_775,3.390,-1.489858,nan
2xj7,2xj7_777,2.610,-0.934991,nan
2xj7,2xj7_778,2.530,-0.849766,nan
2xj7,2xj7_780,3.420,-3.540852,nan
2xj7,2xj7_781,2.970,-1.128163,nan
2xj7,2xj7_782,4.640,-4.675916,nan
2xj7,2xj7_784,3.390,-1.359082,nan
2xj7,2xj7_786,3.850,-2.474099,nan
2xj7,2xj7_796,0.360,-0.216363,nan
2xj7,2xj7_812,0.400,-0.322614,nan
2xj7,2xj7_839,1.180,-0.216891,nan
2xj7,2xj7_871,1.640,-0.351060,nan
2xj7,2xj7_880,1.110,-0.172253,nan
2xj7,2xj7_888,1.420,-0.319616,nan
2xj7,2xj7_914,0.270,-0.275398,nan
2xj7,2xj7_954,0.980,-0.317613,nan
2xnb,2xnb_159,0.940,-0.972606,nan
2xnb,2xnb_253,0.920,-0.615206,nan
2xnb,2xnb_26,0.790,-0.556594,nan
2xnb,2xnb_280,0.900,-0.648279,nan
2xnb,2xnb_291,0.890,-0.735481,nan
2xnb,2xnb_353,7.640,-1.909493,nan
2xnb,2xnb_354,1.160,-1.099804,nan
2xnb,2xnb_400,8.100,-4.187590,nan
2xnb,2xnb_403,3.540,-2.204741,nan
2xnb,2xnb_409,2.140,-1.489482,nan
2xnb,2xnb_428,5.990,-1.384677,nan
2xnb,2xnb_430,2.470,-2.019405,nan
2xnb,2xnb_434,3.950,-2.442566,nan
2xnb,2xnb_437,2.040,-1.719651,nan
2xnb,2xnb_441,2.900,-2.617949,nan
2xnb,2xnb_446,7.630,-1.650407,nan
2xnb,2xnb_454,5.330,-2.361173,nan
2xnb,2xnb_455,2.550,-3.201703,nan
2xnb,2xnb_459,5.700,-0.946648,nan
2xnb,2xnb_46,1.040,-0.689501,nan
2xnb,2xnb_462,3.840,-2.563358,nan
2xnb,2xnb_463,3.580,-1.422165,nan
2xnb,2xnb_476,3.110,-3.295769,nan
2xnb,2xnb_479,7.670,-1.267451,nan
2xnb,2xnb_481,5.010,-2.418007,nan
2xnb,2xnb_483,3.390,-1.631607,nan
2xnb,2xnb_484,6.950,-1.714407,nan
2xnb,2xnb_487,2.790,-2.035795,nan
2xnb,2xnb_488,2.390,-1.251168,nan
2xnb,2xnb_499,4.120,-2.515277,nan
2xnb,2xnb_517,7.320,-2.573140,nan
2xnb,2xnb_538,8.300,-2.067945,nan
2xnb,2xnb_539,5.330,-0.705693,nan
2xnb,2xnb_545,4.870,-1.802491,nan
2xnb,2xnb_558,4.920,-1.720203,nan
2xnb,2xnb_574,8.470,-2.225354,nan
2xnb,2xnb_584,5.290,-1.673527,nan
2xnb,2xnb_586,5.510,-3.259526,nan
2xnb,2xnb_588,8.360,-6.247541,nan
2xnb,2xnb_590,6.210,-2.623226,nan
2xnb,2xnb_592,4.050,-2.928149,nan
2xnb,2xnb_593,2.910,-2.090974,nan
2xnb,2xnb_596,3.580,-1.395558,nan
2xnb,2xnb_610,6.100,-2.020421,nan
2xnb,2xnb_627,6.580,-2.959407,nan
2xnb,2xnb_633,7.380,-2.532370,nan
2xnb,2xnb_653,8.070,-3.793922,nan
2xnb,2xnb_663,5.210,-3.272168,nan
2xnb,2xnb_674,8.440,-3.581248,nan
2xnb,2xnb_675,4.560,-3.589600,nan
2xnb,2xnb_69,1.130,-0.603882,nan
2xnb,2xnb_694,7.030,-2.551929,nan
2xnb,2xnb_707,5.540,-0.798873,nan
2xnb,2xnb_709,2.090,-1.320445,nan
2xnb,2xnb_717,7.780,-2.128349,nan
2xnb,2xnb_718,3.830,-1.110551,nan
2xnb,2xnb_723,6.800,-2.371886,nan
2xnb,2xnb_724,4.970,-4.097518,nan
2xnb,2xnb_726,7.370,-2.062900,nan
2xnb,2xnb_728,5.200,-2.530620,nan
2xnb,2xnb_729,4.520,-1.147440,nan
2xnb,2xnb_73,8.230,-3.395959,nan
2xnb,2xnb_730,6.240,-2.041934,nan
2xnb,2xnb_733,6.390,-2.485726,nan
2xnb,2xnb_734,7.820,-5.722130,nan
2xnb,2xnb_735,8.050,-2.455121,nan
2xnb,2xnb_737,8.500,-4.123877,nan
2xnb,2xnb_738,4.430,-0.844346,nan
2xnb,2xnb_751,0.630,-0.331674,nan
2xnb,2xnb_770,1.550,-0.385588,nan
2xnb,2xnb_782,4.500,-1.596693,nan
2xnb,2xnb_787,6.960,-2.322281,nan
2xnb,2xnb_795,8.070,-3.402038,nan
2xnb,2xnb_812,3.360,-1.979450,nan
2xnb,2xnb_818,7.930,-3.200527,nan
2xnb,2xnb_827,3.470,-1.365338,nan
2xnb,2xnb_833,4.270,-1.245704,nan
2xnb,2xnb_841,1.280,-0.411163,nan
2xnb,2xnb_846,0.960,-0.475619,nan
2xnb,2xnb_855,1.910,-1.163190,nan
2xnb,2xnb_858,0.800,-0.364053,nan
2xnb,2xnb_896,1.950,-1.187108,nan
2xnb,2xnb_911,1.960,-0.718534,nan
2xnb,2xnb_913,1.210,-0.516700,nan
2xnb,2xnb_918,6.130,-1.949239,nan
2xnb,2xnb_923,1.890,-0.450959,nan
2xnb,2xnb_924,2.170,-0.842015,nan
2xnb,2xnb_934,0.910,-0.621754,nan
2xnb,2xnb_937,6.380,-1.306931,nan
2xnb,2xnb_939,0.940,-0.536513,nan
2xys,2xys_114,0.780,-0.413000,nan
2xys,2xys_127,0.460,-0.795290,nan
2xys,2xys_398,0.440,-0.334058,nan
2xys,2xys_410,1.000,-0.619306,nan
2xys,2xys_414,0.950,-0.706269,nan
2xys,2xys_417,0.880,-0.906129,nan
2xys,2xys_420,0.960,-1.062514,nan
2xys,2xys_424,4.000,-1.565386,nan
2xys,2xys_443,2.020,-1.622305,nan
2xys,2xys_491,5.420,-3.220537,nan
2xys,2xys_494,2.840,-1.755982,nan
2xys,2xys_499,1.730,-0.898997,nan
2xys,2xys_533,1.730,-1.022873,nan
2xys,2xys_541,1.580,-1.846506,nan
2xys,2xys_554,5.310,-5.632165,nan
2xys,2xys_567,3.120,-0.931610,nan
2xys,2xys_572,5.040,-5.052505,nan
2xys,2xys_573,3.960,-0.862697,nan
2xys,2xys_577,3.820,-2.356498,nan
2xys,2xys_578,8.420,-7.892533,nan
2xys,2xys_580,4.890,-4.215265,nan
2xys,2xys_581,5.400,-2.670163,nan
2xys,2xys_598,2.930,-1.419890,nan
2xys,2xys_600,5.610,-5.598694,nan
2xys,2xys_610,8.060,-6.838645,nan
2xys,2xys_616,8.200,-7.923563,nan
2xys,2xys_620,1.870,-1.371211,nan
2xys,2xys_622,2.520,-2.860057,nan
2xys,2xys_623,7.900,-7.366126,nan
2xys,2xys_630,4.550,-4.566633,nan
2xys,2xys_659,5.440,-3.022775,nan
2xys,2xys_662,1.570,-2.238412,nan
2xys,2xys_667,2.530,-1.108384,nan
2xys,2xys_675,7.570,-7.259005,nan
2xys,2xys_681,2.350,-2.337193,nan
2xys,2xys_688,5.780,-5.747179,nan
2xys,2xys_690,3.510,-2.806856,nan
2xys,2xys_695,1.830,-0.719486,nan
2xys,2xys_703,1.390,-0.926682,nan
2xys,2xys_707,0.580,-0.606228,nan
2xys,2xys_725,1.610,-0.676397,nan
2xys,2xys_735,4.140,-3.379197,nan
2xys,2xys_737,4.160,-0.903257,nan
2xys,2xys_742,4.310,-2.195898,nan
2xys,2xys_743,4.270,-1.334966,nan
2xys,2xys_747,4.950,-1.413427,nan
2xys,2xys_748,8.670,-7.938556,nan
2xys,2xys_750,5.030,-2.187350,nan
2xys,2xys_759,4.410,-3.054707,nan
2xys,2xys_760,3.850,-1.975675,nan
2xys,2xys_763,4.710,-2.220198,nan
2xys,2xys_782,0.420,-0.584518,nan
2xys,2xys_793,2.010,-0.894600,nan
2xys,2xys_801,1.910,-0.868845,nan
2xys,2xys_826,3.060,-1.072706,nan
2xys,2xys_831,4.200,-1.030935,nan
2xys,2xys_848,3.750,-3.275197,nan
2xys,2xys_855,3.750,-1.123387,nan
2xys,2xys_876,0.530,-0.452104,nan
2xys,2xys_927,3.530,-0.397428,nan
2xys,2xys_937,2.850,-0.720239,nan
2xys,2xys_940,1.990,-0.844430,nan
2xys,2xys_941,2.480,-1.374722,nan
2xys,2xys_953,2.950,-1.006121,nan
2y5h,2y5h_109,9.450,-6.396007,nan
2y5h,2y5h_111,7.820,-3.588927,nan
2y5h,2y5h_112,9.980,-6.578105,nan
2y5h,2y5h_116,7.750,-4.075066,nan
2y5h,2y5h_119,1.430,-0.936971,nan
2y5h,2y5h_125,8.710,-6.444853,nan
2y5h,2y5h_134,5.290,-4.287834,nan
2y5h,2y5h_137,4.760,-3.992513,nan
2y5h,2y5h_144,6.130,-4.337235,nan
2y5h,2y5h_156,6.990,-4.009849,nan
2y5h,2y5h_158,8.050,-6.794450,nan
2y5h,2y5h_162,9.860,-7.539689,nan
2y5h,2y5h_165,6.090,-3.519456,nan
2y5h,2y5h_178,8.020,-6.787298,nan
2y5h,2y5h_195,7.750,-6.459859,nan
2y5h,2y5h_196,5.320,-4.425087,nan
2y5h,2y5h_198,2.720,-1.507395,nan
2y5h,2y5h_284,0.820,-0.736104,nan
2y5h,2y5h_329,8.520,-3.362308,nan
2y5h,2y5h_342,8.940,-5.857166,nan
2y5h,2y5h_345,8.800,-6.817422,nan
2y5h,2y5h_355,8.860,-5.764342,nan
2y5h,2y5h_364,0.820,-0.681090,nan
2y5h,2y5h_387,8.030,-3.490800,nan
2y5h,2y5h_388,7.090,-5.932602,nan
2y5h,2y5h_389,0.440,-0.541838,nan
2y5h,2y5h_391,0.320,-0.270914,nan
2y5h,2y5h_394,2.200,-1.336802,nan
2y5h,2y5h_405,2.190,-2.264430,nan
2y5h,2y5h_406,1.940,-2.365476,nan
2y5h,2y5h_41,0.990,-1.110650,nan
2y5h,2y5h_410,7.790,-8.329971,nan
2y5h,2y5h_413,3.420,-1.814180,nan
2y5h,2y5h_414,2.350,-2.468347,nan
2y5h,2y5h_416,2.390,-2.706701,nan
2y5h,2y5h_420,2.490,-2.278109,nan
2y5h,2y5h_422,1.880,-1.657751,nan
2y5h,2y5h_432,5.990,-3.051599,nan
2y5h,2y5h_436,1.800,-2.033477,nan
2y5h,2y5h_441,2.270,-2.861819,nan
2y5h,2y5h_446,5.930,-4.850098,nan
2y5h,2y5h_449,5.870,-4.118787,nan
2y5h,2y5h_450,3.510,-3.699459,nan
2y5h,2y5h_463,1.510,-1.743850,nan
2y5h,2y5h_468,4.450,-4.645623,nan
2y5h,2y5h_481,1.730,-1.467781,nan
2y5h,2y5h_483,1.910,-2.234324,nan
2y5h,2y5h_487,3.630,-2.494231,nan
2y5h,2y5h_494,5.650,-4.064298,nan
2y5h,2y5h_498,4.820,-7.072093,nan
2y5h,2y5h_50,2.530,-1.634469,nan
2y5h,2y5h_518,3.140,-3.331485,nan
2y5h,2y5h_520,4.380,-5.752258,nan
2y5h,2y5h_521,5.410,-6.785215,nan
2y5h,2y5h_540,6.220,-7.704241,nan
2y5h,2y5h_549,2.330,-2.503052,nan
2y5h,2y5h_554,8.260,-4.715501,nan
2y5h,2y5h_56,1.040,-1.159290,nan
2y5h,2y5h_580,4.480,-5.892887,nan
2y5h,2y5h_599,3.040,-4.202542,nan
2y5h,2y5h_612,4.810,-7.003428,nan
2y5h,2y5h_614,3.800,-3.955251,nan
2y5h,2y5h_616,0.920,-1.048760,nan
2y5h,2y5h_620,5.440,-6.480784,nan
2y5h,2y5h_624,3.300,-2.871335,nan
2y5h,2y5h_630,4.600,-5.285050,nan
2y5h,2y5h_638,4.620,-3.743907,nan
2y5h,2y5h_641,4.550,-5.249671,nan
2y5h,2y5h_644,3.200,-4.890564,nan
2y5h,2y5h_646,4.920,-5.044959,nan
2y5h,2y5h_658,3.840,-3.031064,nan
2y5h,2y5h_679,7.420,-7.515804,nan
2y5h,2y5h_694,9.500,-8.559466,nan
2y5h,2y5h_696,5.060,-3.720484,nan
2y5h,2y5h_703,0.820,-0.959638,nan
2y5h,2y5h_705,1.930,-1.213872,nan
2y5h,2y5h_710,0.730,-0.553853,nan
2y5h,2y5h_751,7.230,-5.857575,nan
2y5h,2y5h_757,6.910,-5.776140,nan
2y5h,2y5h_762,1.480,-0.978794,nan
2y5h,2y5h_765,7.190,-5.938813,nan
2y5h,2y5h_768,6.290,-7.457873,nan
2y5h,2y5h_777,6.050,-6.547626,nan
2y5h,2y5h_795,1.000,-0.570188,nan
2y5h,2y5h_803,2.610,-2.287969,nan
2y5h,2y5h_831,6.800,-3.614555,nan
2y5h,2y5h_85,0.930,-1.025105,nan
2y5h,2y5h_866,3.360,-4.301190,nan
2y5h,2y5h_870,8.260,-3.844191,nan
2y5h,2y5h_885,7.190,-3.611675,nan
2y5h,2y5h_948,6.730,-6.751989,nan
2y5h,2y5h_955,6.440,-2.169715,nan
2y5h,2y5h_958,5.240,-4.070549,nan
2y5h,2y5h_973,7.220,-4.236038,nan
2yfe,2yfe_115,0.800,-0.711543,nan
2yfe,2yfe_123,0.980,-0.960035,nan
2yfe,2yfe_176,0.890,-0.793008,nan
2yfe,2yfe_23,0.760,-0.363648,nan
2yfe,2yfe_232,5.160,-0.753679,nan
2yfe,2yfe_236,1.250,-0.894203,nan
2yfe,2yfe_240,1.030,-0.790264,nan
2yfe,2yfe_257,0.830,-0.618290,nan
2yfe,2yfe_286,0.900,-0.292361,nan
2yfe,2yfe_4,0.780,-0.626971,nan
2yfe,2yfe_414,3.590,-1.488420,nan
2yfe,2yfe_426,3.060,-2.085505,nan
2yfe,2yfe_437,4.550,-4.385529,nan
2yfe,2yfe_450,2.630,-1.496076,nan
2yfe,2yfe_453,6.550,-7.860853,nan
2yfe,2yfe_458,4.720,-3.483896,nan
2yfe,2yfe_461,3.320,-1.746725,nan
2yfe,2yfe_462,3.250,-3.713079,nan
2yfe,2yfe_464,4.560,-3.300340,nan
2yfe,2yfe_466,2.900,-1.932637,nan
2yfe,2yfe_467,2.850,-1.363717,nan
2yfe,2yfe_470,1.580,-2.251098,nan
2yfe,2yfe_473,5.070,-5.923205,nan
2yfe,2yfe_487,5.060,-4.570102,nan
2yfe,2yfe_489,3.010,-3.724641,nan
2yfe,2yfe_490,1.990,-1.136774,nan
2yfe,2yfe_491,6.040,-1.863858,nan
2yfe,2yfe_492,7.850,-8.515893,nan
2yfe,2yfe_493,5.150,-1.474894,nan
2yfe,2yfe_496,2.710,-2.834661,nan
2yfe,2yfe_502,2.580,-1.374827,nan
2yfe,2yfe_504,5.400,-4.970425,nan
2yfe,2yfe_517,2.970,-2.970377,nan
2yfe,2yfe_52,0.910,-0.785149,nan
2yfe,2yfe_523,6.160,-6.561096,nan
2yfe,2yfe_53,0.730,-0.431622,nan
2yfe,2yfe_538,4.130,-2.239336,nan
2yfe,2yfe_545,3.590,-1.933973,nan
2yfe,2yfe_547,8.160,-8.157984,nan
2yfe,2yfe_548,4.890,-2.197950,nan
2yfe,2yfe_552,6.470,-4.122691,nan
2yfe,2yfe_561,4.390,-3.586291,nan
2yfe,2yfe_564,1.730,-1.296851,nan
2yfe,2yfe_565,6.040,-2.811709,nan
2yfe,2yfe_572,3.830,-3.287563,nan
2yfe,2yfe_574,5.130,-2.364056,nan
2yfe,2yfe_591,5.120,-1.711748,nan
2yfe,2yfe_597,2.420,-1.112084,nan
2yfe,2yfe_599,4.700,-2.441121,nan
2yfe,2yfe_601,7.870,-7.958301,nan
2yfe,2yfe_603,6.150,-7.305172,nan
2yfe,2yfe_608,7.510,-8.492075,nan
2yfe,2yfe_618,4.860,-3.352509,nan
2yfe,2yfe_627,8.500,-8.383934,nan
2yfe,2yfe_637,6.800,-6.602654,nan
2yfe,2yfe_641,5.380,-3.655969,nan
2yfe,2yfe_656,7.860,-8.191989,nan
2yfe,2yfe_657,7.420,-5.398079,nan
2yfe,2yfe_659,1.310,-1.018923,nan
2yfe,2yfe_660,4.850,-2.460545,nan
2yfe,2yfe_667,7.650,-7.510551,nan
2yfe,2yfe_680,7.740,-7.848499,nan
2yfe,2yfe_682,6.480,-3.007561,nan
2yfe,2yfe_688,7.020,-3.650224,nan
2yfe,2yfe_694,6.460,-6.291168,nan
2yfe,2yfe_71,1.060,-0.724783,nan
2yfe,2yfe_722,1.890,-1.651022,nan
2yfe,2yfe_724,2.100,-1.772492,nan
2yfe,2yfe_732,2.890,-2.378032,nan
2yfe,2yfe_737,8.300,-8.576159,nan
2yfe,2yfe_745,5.390,-2.647506,nan
2yfe,2yfe_748,6.410,-6.574913,nan
2yfe,2yfe_753,7.110,-6.868214,nan
2yfe,2yfe_774,3.990,-4.277278,nan
2yfe,2yfe_784,1.900,-1.138076,nan
2yfe,2yfe_800,8.010,-7.219700,nan
2yfe,2yfe_809,8.020,-7.625347,nan
2yfe,2yfe_81,0.720,-0.598956,nan
2yfe,2yfe_813,7.990,-7.511053,nan
2yfe,2yfe_815,8.020,-7.403020,nan
2yfe,2yfe_851,3.310,-1.942966,nan
2yfe,2yfe_931,8.070,-7.195359,nan
2yfe,2yfe_943,5.000,-3.509207,nan
2yfe,2yfe_950,8.010,-7.069728,nan
2yfe,2yfe_960,1.270,-0.607745,nan
2yfe,2yfe_965,8.040,-7.046779,nan
2yfe,2yfe_969,8.100,-7.478558,nan
2yfe,2yfe_971,5.510,-3.075260,nan
2yfe,2yfe_973,3.950,-1.065579,nan
2yfe,2yfe_985,2.970,-1.608054,nan
2yge,2yge_198,1.010,-1.014452,nan
2yge,2yge_22,0.570,-0.767322,nan
2yge,2yge_252,3.680,-1.904644,nan
2yge,2yge_267,0.620,-0.446254,nan
2yge,2yge_269,0.890,-0.924761,nan
2yge,2yge_35,0.830,-0.693992,nan
2yge,2yge_402,3.060,-2.048391,nan
2yge,2yge_408,2.390,-2.929149,nan
2yge,2yge_410,2.950,-3.154992,nan
2yge,2yge_425,1.950,-2.725771,nan
2yge,2yge_437,0.890,-0.702354,nan
2yge,2yge_439,1.680,-0.745214,nan
2yge,2yge_447,2.790,-3.117827,nan
2yge,2yge_467,2.240,-3.156751,nan
2yge,2yge_472,2.920,-2.258180,nan
2yge,2yge_476,2.330,-2.971442,nan
2yge,2yge_539,1.430,-2.280479,nan
2yge,2yge_543,4.010,-4.674216,nan
2yge,2yge_559,2.020,-1.845583,nan
2yge,2yge_565,5.120,-4.549095,nan
2yge,2yge_579,2.840,-1.665760,nan
2yge,2yge_580,3.230,-3.135529,nan
2yge,2yge_586,3.790,-1.584459,nan
2yge,2yge_627,6.310,-6.909844,nan
2yge,2yge_629,5.510,-6.488889,nan
2yge,2yge_646,3.920,-3.569257,nan
2yge,2yge_659,5.360,-6.259252,nan
2yge,2yge_664,3.850,-3.141975,nan
2yge,2yge_669,5.690,-6.115423,nan
2yge,2yge_679,5.210,-4.954869,nan
2yge,2yge_686,6.170,-6.785113,nan
2yge,2yge_687,2.830,-3.757037,nan
2yge,2yge_697,5.290,-5.604604,nan
2yge,2yge_705,0.910,-0.647819,nan
2yge,2yge_713,0.850,-0.595906,nan
2yge,2yge_721,1.120,-0.621867,nan
2yge,2yge_730,0.840,-0.709498,nan
2yge,2yge_74,0.680,-0.589652,nan
2yge,2yge_748,3.820,-2.080815,nan
2yge,2yge_753,1.120,-0.956376,nan
2yge,2yge_758,4.360,-1.531639,nan
2yge,2yge_760,1.370,-1.046635,nan
2yge,2yge_761,2.140,-1.259586,nan
2yge,2yge_766,4.790,-4.109776,nan
2yge,2yge_768,5.200,-4.757858,nan
2yge,2yge_769,5.020,-2.759254,nan
2yge,2yge_770,4.290,-2.853521,nan
2yge,2yge_772,3.940,-2.490296,nan
2yge,2yge_773,5.030,-4.760163,nan
2yge,2yge_778,3.240,-3.373674,nan
2yge,2yge_781,4.090,-3.889060,nan
2yge,2yge_784,4.110,-2.355063,nan
2yge,2yge_786,4.160,-4.015423,nan
2yge,2yge_787,4.860,-2.637873,nan
2yge,2yge_792,4.210,-3.835045,nan
2yge,2yge_798,3.640,-4.533630,nan
2yge,2yge_842,1.250,-1.454729,nan
2yge,2yge_882,0.970,-0.677706,nan
2yge,2yge_892,4.660,-3.565284,nan
2yge,2yge_966,1.080,-0.493241,nan
2yge,2yge_985,1.200,-0.897204,nan
2yki,2yki_239,0.640,-1.105039,nan
2yki,2yki_363,0.280,-0.670021,nan
2yki,2yki_401,0.950,-1.437229,nan
2yki,2yki_407,0.780,-0.681750,nan
2yki,2yki_408,2.050,-1.574542,nan
2yki,2yki_441,1.920,-2.171460,nan
2yki,2yki_455,1.200,-1.790181,nan
2yki,2yki_464,4.070,-2.821802,nan
2yki,2yki_476,2.370,-2.371404,nan
2yki,2yki_483,3.420,-3.255478,nan
2yki,2yki_486,2.480,-2.274292,nan
2yki,2yki_496,3.020,-3.123822,nan
2yki,2yki_515,3.060,-2.759570,nan
2yki,2yki_525,5.130,-3.850037,nan
2yki,2yki_529,1.610,-1.613828,nan
2yki,2yki_537,2.300,-2.285934,nan
2yki,2yki_549,3.130,-2.811533,nan
2yki,2yki_569,3.740,-1.775887,nan
2yki,2yki_57,0.810,-1.055083,nan
2yki,2yki_573,3.420,-3.111717,nan
2yki,2yki_577,5.190,-2.828033,nan
2yki,2yki_588,1.530,-1.904900,nan
2yki,2yki_592,2.550,-2.289875,nan
2yki,2yki_594,5.130,-3.219914,nan
2yki,2yki_656,4.090,-2.417652,nan
2yki,2yki_660,6.020,-3.770075,nan
2yki,2yki_676,3.910,-3.100123,nan
2yki,2yki_678,4.060,-2.454570,nan
2yki,2yki_695,5.570,-6.183938,nan
2yki,2yki_701,0.490,-0.490125,nan
2yki,2yki_716,4.350,-2.904001,nan
2yki,2yki_719,3.930,-1.842338,nan
2yki,2yki_723,2.040,-2.088898,nan
2yki,2yki_725,1.990,-1.592656,nan
2yki,2yki_729,8.170,-8.283450,nan
2yki,2yki_734,4.070,-1.537090,nan
2yki,2yki_736,8.210,-8.052267,nan
2yki,2yki_739,8.530,-8.407470,nan
2yki,2yki_742,8.270,-8.584075,nan
2yki,2yki_743,8.430,-8.492537,nan
2yki,2yki_747,5.480,-3.438520,nan
2yki,2yki_748,3.770,-1.829778,nan
2yki,2yki_749,7.590,-8.564127,nan
2yki,2yki_750,8.520,-8.447357,nan
2yki,2yki_751,8.370,-8.591165,nan
2yki,2yki_753,9.650,-8.562686,nan
2yki,2yki_755,7.940,-8.605975,nan
2yki,2yki_756,8.300,-8.440053,nan
2yki,2yki_757,8.250,-8.366608,nan
2yki,2yki_758,6.650,-5.148670,nan
2yki,2yki_759,8.240,-8.313768,nan
2yki,2yki_760,5.060,-3.392676,nan
2yki,2yki_761,9.780,-8.552293,nan
2yki,2yki_762,7.570,-8.038361,nan
2yki,2yki_764,6.930,-7.924618,nan
2yki,2yki_765,1.890,-1.572688,nan
2yki,2yki_766,5.180,-2.850937,nan
2yki,2yki_768,4.300,-1.907670,nan
2yki,2yki_770,5.140,-3.457709,nan
2yki,2yki_771,6.190,-5.160096,nan
2yki,2yki_773,6.480,-6.766045,nan
2yki,2yki_776,6.370,-6.225771,nan
2yki,2yki_777,5.270,-5.359696,nan
2yki,2yki_778,5.730,-4.859925,nan
2yki,2yki_780,2.050,-1.541473,nan
2yki,2yki_783,4.800,-2.487940,nan
2yki,2yki_787,4.950,-3.259064,nan
2yki,2yki_796,2.140,-1.387655,nan
2yki,2yki_814,1.940,-1.498984,nan
2yki,2yki_816,1.130,-1.213628,nan
2yki,2yki_818,0.930,-0.797728,nan
2yki,2yki_828,1.420,-0.973391,nan
2yki,2yki_830,0.980,-1.216025,nan
2yki,2yki_841,1.130,-1.178813,nan
2yki,2yki_864,3.800,-1.908354,nan
2yki,2yki_866,4.010,-2.520999,nan
2yki,2yki_869,7.660,-7.681993,nan
2yki,2yki_877,7.570,-8.514772,nan
2yki,2yki_879,4.170,-2.220283,nan
2yki,2yki_880,6.710,-7.857881,nan
2yki,2yki_886,6.730,-7.803659,nan
2yki,2yki_893,0.940,-1.016218,nan
2yki,2yki_933,0.840,-0.621924,nan
2yki,2yki_982,2.250,-1.823713,nan
2yki,2yki_985,2.080,-1.552547,nan
2ymd,2ymd_229,0.420,-0.348910,nan
2ymd,2ymd_3,0.400,-0.348374,nan
2ymd,2ymd_403,0.780,-0.964148,nan
2ymd,2ymd_405,1.000,-0.957834,nan
2ymd,2ymd_410,0.830,-0.861479,nan
2ymd,2ymd_416,1.220,-0.873704,nan
2ymd,2ymd_426,1.120,-1.017140,nan
2ymd,2ymd_427,1.190,-0.720759,nan
2ymd,2ymd_433,0.890,-1.207107,nan
2ymd,2ymd_434,4.180,-1.395889,nan
2ymd,2ymd_435,2.380,-1.757214,nan
2ymd,2ymd_436,1.530,-1.055288,nan
2ymd,2ymd_439,3.970,-0.465568,nan
2ymd,2ymd_456,4.030,-1.779602,nan
2ymd,2ymd_458,1.090,-0.858122,nan
2ymd,2ymd_484,1.530,-1.487270,nan
2ymd,2ymd_486,2.570,-0.989211,nan
2ymd,2ymd_489,2.720,-1.696317,nan
2ymd,2ymd_492,4.070,-1.811313,nan
2ymd,2ymd_496,4.490,-1.802342,nan
2ymd,2ymd_497,4.000,-1.431419,nan
2ymd,2ymd_510,3.950,-2.596503,nan
2ymd,2ymd_521,2.060,-1.067435,nan
2ymd,2ymd_533,3.900,-1.043455,nan
2ymd,2ymd_539,2.380,-2.216821,nan
2ymd,2ymd_547,4.090,-1.956061,nan
2ymd,2ymd_555,0.920,-1.222020,nan
2ymd,2ymd_557,4.770,-1.882984,nan
2ymd,2ymd_561,1.000,-0.447829,nan
2ymd,2ymd_567,4.200,-2.789921,nan
2ymd,2ymd_585,1.760,-1.806767,nan
2ymd,2ymd_587,1.520,-1.649925,nan
2ymd,2ymd_588,1.290,-1.462310,nan
2ymd,2ymd_591,4.460,-3.770563,nan
2ymd,2ymd_593,3.860,-1.661934,nan
2ymd,2ymd_618,3.990,-0.713392,nan
2ymd,2ymd_623,3.650,-2.267565,nan
2ymd,2ymd_626,2.660,-1.134647,nan
2ymd,2ymd_651,3.350,-2.453110,nan
2ymd,2ymd_665,3.850,-2.028761,nan
2ymd,2ymd_670,2.520,-1.775314,nan
2ymd,2ymd_672,1.480,-0.746990,nan
2ymd,2ymd_674,2.830,-1.266901,nan
2ymd,2ymd_680,2.050,-1.802177,nan
2ymd,2ymd_681,3.600,-1.530221,nan
2ymd,2ymd_687,2.620,-2.100718,nan
2ymd,2ymd_688,5.630,-6.320113,nan
2ymd,2ymd_694,5.110,-4.206405,nan
2ymd,2ymd_695,4.020,-0.819596,nan
2ymd,2ymd_773,4.380,-0.961599,nan
2ymd,2ymd_889,0.820,-0.537152,nan
2ymd,2ymd_89,0.480,-0.432309,nan
2zb1,2zb1_105,0.770,-0.638078,nan
2zb1,2zb1_16,0.600,-0.780211,nan
2zb1,2zb1_203,0.780,-0.632926,nan
2zb1,2zb1_206,0.780,-0.817503,nan
2zb1,2zb1_329,0.430,-0.343596,nan
2zb1,2zb1_423,1.250,-1.124280,nan
2zb1,2zb1_425,1.170,-0.825084,nan
2zb1,2zb1_426,1.000,-0.257732,nan
2zb1,2zb1_461,2.340,-1.318531,nan
2zb1,2zb1_469,7.140,-3.822585,nan
2zb1,2zb1_475,6.870,-2.306570,nan
2zb1,2zb1_476,2.040,-1.367460,nan
2zb1,2zb1_479,2.060,-1.456475,nan
2zb1,2zb1_485,1.690,-1.370559,nan
2zb1,2zb1_487,1.510,-1.197831,nan
2zb1,2zb1_488,1.810,-1.411397,nan
2zb1,2zb1_494,7.110,-3.258675,nan
2zb1,2zb1_510,0.990,-1.123721,nan
2zb1,2zb1_515,2.020,-2.579941,nan
2zb1,2zb1_533,2.790,-1.741075,nan
2zb1,2zb1_541,4.260,-1.491828,nan
2zb1,2zb1_549,7.480,-2.661792,nan
2zb1,2zb1_55,0.410,-0.375331,nan
2zb1,2zb1_565,4.410,-3.276118,nan
2zb1,2zb1_568,3.570,-1.911088,nan
2zb1,2zb1_570,3.750,-1.610536,nan
2zb1,2zb1_573,7.880,-2.873050,nan
2zb1,2zb1_576,8.430,-5.245995,nan
2zb1,2zb1_577,7.360,-2.182983,nan
2zb1,2zb1_578,7.510,-2.184543,nan
2zb1,2zb1_580,8.300,-4.056278,nan
2zb1,2zb1_581,8.050,-3.958052,nan
2zb1,2zb1_582,7.870,-5.655465,nan
2zb1,2zb1_585,6.590,-1.810736,nan
2zb1,2zb1_588,4.430,-2.105534,nan
2zb1,2zb1_590,6.720,-2.588687,nan
2zb1,2zb1_593,8.340,-3.840333,nan
2zb1,2zb1_597,8.450,-4.734709,nan
2zb1,2zb1_599,6.650,-2.150315,nan
2zb1,2zb1_622,6.680,-2.432712,nan
2zb1,2zb1_626,6.490,-2.017791,nan
2zb1,2zb1_636,1.310,-1.031922,nan
2zb1,2zb1_639,3.600,-1.511839,nan
2zb1,2zb1_645,2.730,-1.864264,nan
2zb1,2zb1_651,3.410,-0.812404,nan
2zb1,2zb1_658,6.760,-2.434594,nan
2zb1,2zb1_660,7.820,-3.116471,nan
2zb1,2zb1_663,4.140,-2.230611,nan
2zb1,2zb1_665,8.350,-3.956056,nan
2zb1,2zb1_667,7.910,-3.319462,nan
2zb1,2zb1_669,1.730,-1.012963,nan
2zb1,2zb1_672,1.520,-0.648148,nan
2zb1,2zb1_673,6.580,-2.045071,nan
2zb1,2zb1_678,6.750,-1.552486,nan
2zb1,2zb1_680,2.030,-1.190355,nan
2zb1,2zb1_683,3.070,-2.018352,nan
2zb1,2zb1_686,7.580,-4.684958,nan
2zb1,2zb1_688,2.300,-1.837936,nan
2zb1,2zb1_689,3.350,-1.188025,nan
2zb1,2zb1_699,4.470,-2.188126,nan
2zb1,2zb1_726,0.890,-0.725810,nan
2zb1,2zb1_741,9.240,-4.657545,nan
2zb1,2zb1_742,8.550,-4.637250,nan
2zb1,2zb1_744,9.020,-4.669312,nan
2zb1,2zb1_745,6.870,-1.609774,nan
2zb1,2zb1_760,8.950,-7.014448,nan
2zb1,2zb1_761,8.900,-7.082439,nan
2zb1,2zb1_763,8.280,-4.315613,nan
2zb1,2zb1_821,2.020,-1.688512,nan
2zb1,2zb1_85,1.040,-0.252361,nan
2zb1,2zb1_875,2.110,-1.475843,nan
2zb1,2zb1_963,1.470,-0.606461,nan
2zb1,2zb1_98,0.630,-0.693439,nan
2zcq,2zcq_1,1.800,-0.716659,nan
2zcq,2zcq_10,1.010,-0.694536,nan
2zcq,2zcq_12,2.940,-2.050288,nan
2zcq,2zcq_168,1.980,-1.226325,nan
2zcq,2zcq_213,2.770,-2.465935,nan
2zcq,2zcq_227,0.850,-0.646085,nan
2zcq,2zcq_254,0.840,-0.955870,nan
2zcq,2zcq_259,0.550,-0.397151,nan
2zcq,2zcq_263,2.070,-1.446584,nan
2zcq,2zcq_27,0.940,-0.521254,nan
2zcq,2zcq_274,3.570,-3.774592,nan
2zcq,2zcq_281,0.920,-0.474555,nan
2zcq,2zcq_284,1.270,-0.217664,nan
2zcq,2zcq_311,0.960,-0.297417,nan
2zcq,2zcq_36,0.560,-0.614544,nan
2zcq,2zcq_369,0.970,-0.360750,nan
2zcq,2zcq_423,7.690,-2.724142,nan
2zcq,2zcq_427,8.050,-4.055259,nan
2zcq,2zcq_432,6.880,-5.080524,nan
2zcq,2zcq_440,4.060,-4.423153,nan
2zcq,2zcq_444,7.450,-3.692356,nan
2zcq,2zcq_447,7.270,-4.139523,nan
2zcq,2zcq_451,8.350,-3.472156,nan
2zcq,2zcq_454,2.550,-2.337746,nan
2zcq,2zcq_457,6.200,-6.194223,nan
2zcq,2zcq_458,8.010,-2.120886,nan
2zcq,2zcq_460,8.090,-5.142919,nan
2zcq,2zcq_461,7.620,-2.832641,nan
2zcq,2zcq_462,6.980,-4.173674,nan
2zcq,2zcq_463,1.670,-1.487866,nan
2zcq,2zcq_468,3.960,-3.386770,nan
2zcq,2zcq_470,7.790,-2.993019,nan
2zcq,2zcq_471,8.000,-1.556786,nan
2zcq,2zcq_473,7.620,-3.606314,nan
2zcq,2zcq_474,1.950,-1.259507,nan
2zcq,2zcq_475,4.130,-2.956252,nan
2zcq,2zcq_48,0.930,-0.333040,nan
2zcq,2zcq_482,4.110,-3.527194,nan
2zcq,2zcq_486,8.450,-2.523867,nan
2zcq,2zcq_498,8.340,-3.777670,nan
2zcq,2zcq_499,5.790,-4.632744,nan
2zcq,2zcq_520,3.240,-2.260379,nan
2zcq,2zcq_525,4.410,-3.673927,nan
2zcq,2zcq_528,3.540,-3.015190,nan
2zcq,2zcq_529,2.170,-2.160494,nan
2zcq,2zcq_542,4.110,-2.447738,nan
2zcq,2zcq_554,9.320,-3.896808,nan
2zcq,2zcq_558,4.340,-4.500380,nan
2zcq,2zcq_563,1.970,-1.187496,nan
2zcq,2zcq_578,3.910,-3.819532,nan
2zcq,2zcq_580,5.300,-5.163218,nan
2zcq,2zcq_581,5.010,-6.613958,nan
2zcq,2zcq_583,2.050,-1.766922,nan
2zcq,2zcq_584,5.350,-4.572197,nan
2zcq,2zcq_587,5.710,-4.867163,nan
2zcq,2zcq_593,8.220,-2.279125,nan
2zcq,2zcq_598,5.900,-5.417153,nan
2zcq,2zcq_606,4.120,-3.890026,nan
2zcq,2zcq_612,2.560,-2.121450,nan
2zcq,2zcq_620,2.520,-2.103327,nan
2zcq,2zcq_628,3.880,-3.545000,nan
2zcq,2zcq_636,1.790,-1.600357,nan
2zcq,2zcq_665,3.810,-4.125917,nan
2zcq,2zcq_669,2.560,-2.298073,nan
2zcq,2zcq_671,2.590,-2.877506,nan
2zcq,2zcq_680,3.110,-3.457089,nan
2zcq,2zcq_682,4.050,-4.413854,nan
2zcq,2zcq_687,9.060,-8.568161,nan
2zcq,2zcq_689,8.840,-8.554897,nan
2zcq,2zcq_707,6.040,-8.540609,nan
2zcq,2zcq_716,7.180,-8.525358,nan
2zcq,2zcq_726,5.970,-8.509481,nan
2zcq,2zcq_743,6.190,-8.515311,nan
2zcq,2zcq_745,8.610,-4.410774,nan
2zcq,2zcq_747,5.370,-6.717630,nan
2zcq,2zcq_756,8.740,-5.031749,nan
2zcq,2zcq_76,0.800,-0.402705,nan
2zcq,2zcq_762,6.660,-8.504576,nan
2zcq,2zcq_769,4.500,-4.590833,nan
2zcq,2zcq_784,3.530,-2.449967,nan
2zcq,2zcq_785,6.790,-3.790153,nan
2zcq,2zcq_786,6.260,-3.680231,nan
2zcq,2zcq_787,4.310,-4.678005,nan
2zcq,2zcq_860,7.790,-5.908926,nan
2zcq,2zcq_88,1.900,-0.965221,nan
2zcq,2zcq_888,6.490,-7.419802,nan
2zcq,2zcq_91,1.060,-0.795296,nan
2zcq,2zcq_927,6.420,-8.426278,nan
2zcq,2zcq_942,5.800,-6.797081,nan
2zcq,2zcq_960,9.070,-8.570298,nan
2zcq,2zcq_961,9.040,-8.572056,nan
2zcq,2zcq_969,7.870,-8.451467,nan
2zcq,2zcq_971,5.430,-7.729969,nan
2zcq,2zcq_98,3.060,-3.115794,nan
2zcr,2zcr_187,0.760,-0.189023,nan
2zcr,2zcr_216,2.300,-1.660931,nan
2zcr,2zcr_273,0.600,-0.175149,nan
2zcr,2zcr_28,2.630,-1.787709,nan
2zcr,2zcr_283,0.930,-0.616840,nan
2zcr,2zcr_294,1.020,-0.608778,nan
2zcr,2zcr_296,0.870,-0.570697,nan
2zcr,2zcr_318,0.910,-0.422842,nan
2zcr,2zcr_324,0.850,-0.325450,nan
2zcr,2zcr_33,1.140,-0.690540,nan
2zcr,2zcr_351,0.850,-0.179699,nan
2zcr,2zcr_358,2.060,-0.448208,nan
2zcr,2zcr_37,0.350,-0.141617,nan
2zcr,2zcr_383,1.390,-0.273940,nan
2zcr,2zcr_398,2.270,-0.785994,nan
2zcr,2zcr_407,8.940,-2.119869,nan
2zcr,2zcr_409,2.490,-1.327522,nan
2zcr,2zcr_418,8.350,-2.438363,nan
2zcr,2zcr_422,9.450,-2.447827,nan
2zcr,2zcr_423,8.390,-2.076653,nan
2zcr,2zcr_424,2.400,-1.443114,nan
2zcr,2zcr_429,6.090,-2.966924,nan
2zcr,2zcr_437,8.920,-1.752126,nan
2zcr,2zcr_438,8.170,-1.156927,nan
2zcr,2zcr_440,2.660,-2.324955,nan
2zcr,2zcr_444,3.330,-2.489015,nan
2zcr,2zcr_447,3.020,-2.624490,nan
2zcr,2zcr_452,8.780,-1.421768,nan
2zcr,2zcr_453,9.470,-2.532952,nan
2zcr,2zcr_460,9.020,-1.877398,nan
2zcr,2zcr_464,1.860,-1.562469,nan
2zcr,2zcr_465,5.480,-2.882940,nan
2zcr,2zcr_466,8.300,-1.228139,nan
2zcr,2zcr_468,8.640,-2.034506,nan
2zcr,2zcr_474,9.250,-2.708292,nan
2zcr,2zcr_475,9.270,-2.286676,nan
2zcr,2zcr_495,1.680,-1.319433,nan
2zcr,2zcr_500,8.820,-1.324762,nan
2zcr,2zcr_52,1.110,-0.306269,nan
2zcr,2zcr_543,3.010,-3.174614,nan
2zcr,2zcr_548,2.170,-1.820246,nan
2zcr,2zcr_557,4.580,-3.109960,nan
2zcr,2zcr_578,3.130,-2.995779,nan
2zcr,2zcr_580,4.080,-2.929067,nan
2zcr,2zcr_589,1.290,-1.164836,nan
2zcr,2zcr_591,2.370,-1.631734,nan
2zcr,2zcr_603,3.130,-2.067052,nan
2zcr,2zcr_625,3.080,-2.722158,nan
2zcr,2zcr_634,4.110,-2.134614,nan
2zcr,2zcr_636,2.910,-1.980175,nan
2zcr,2zcr_658,4.270,-2.115854,nan
2zcr,2zcr_664,1.630,-1.290671,nan
2zcr,2zcr_678,1.530,-1.454256,nan
2zcr,2zcr_699,4.520,-3.472199,nan
2zcr,2zcr_709,5.200,-3.338309,nan
2zcr,2zcr_721,5.720,-3.653987,nan
2zcr,2zcr_723,5.620,-4.199090,nan
2zcr,2zcr_730,3.450,-1.539580,nan
2zcr,2zcr_737,4.050,-1.943605,nan
2zcr,2zcr_746,4.410,-2.384880,nan
2zcr,2zcr_75,0.700,-0.764963,nan
2zcr,2zcr_762,6.220,-6.595953,nan
2zcr,2zcr_765,3.880,-3.382294,nan
2zcr,2zcr_767,8.630,-4.336578,nan
2zcr,2zcr_769,7.140,-6.116436,nan
2zcr,2zcr_772,6.190,-6.265307,nan
2zcr,2zcr_776,5.670,-2.788934,nan
2zcr,2zcr_777,5.830,-4.265152,nan
2zcr,2zcr_778,5.860,-3.727384,nan
2zcr,2zcr_780,7.570,-5.258159,nan
2zcr,2zcr_781,9.600,-4.756856,nan
2zcr,2zcr_782,5.440,-3.115511,nan
2zcr,2zcr_783,5.430,-2.926481,nan
2zcr,2zcr_786,6.350,-5.122934,nan
2zcr,2zcr_787,6.880,-5.292364,nan
2zcr,2zcr_788,4.060,-1.983194,nan
2zcr,2zcr_8,1.400,-1.061553,nan
2zcr,2zcr_80,0.900,-0.381586,nan
2zcr,2zcr_834,5.620,-3.729212,nan
2zcr,2zcr_846,3.290,-1.570971,nan
2zcr,2zcr_869,4.290,-2.676946,nan
2zcr,2zcr_877,3.770,-2.026977,nan
2zcr,2zcr_882,6.040,-4.325193,nan
2zcr,2zcr_883,4.540,-3.739718,nan
2zda,2zda_101,6.050,-4.382847,nan
2zda,2zda_108,4.880,-2.962827,nan
2zda,2zda_116,7.680,-8.347532,nan
2zda,2zda_132,5.820,-5.802621,nan
2zda,2zda_142,0.670,-0.421128,nan
2zda,2zda_156,6.220,-2.845588,nan
2zda,2zda_157,5.180,-2.809130,nan
2zda,2zda_167,1.590,-0.619387,nan
2zda,2zda_170,0.930,-0.154361,nan
2zda,2zda_174,6.490,-5.121673,nan
2zda,2zda_182,7.010,-6.201128,nan
2zda,2zda_192,6.580,-2.885190,nan
2zda,2zda_196,6.000,-3.284365,nan
2zda,2zda_2,0.980,-0.144968,nan
2zda,2zda_205,1.960,-0.625511,nan
2zda,2zda_212,3.120,-1.632055,nan
2zda,2zda_218,6.900,-6.300019,nan
2zda,2zda_224,6.660,-5.368024,nan
2zda,2zda_23,0.750,-0.161771,nan
2zda,2zda_232,0.740,-0.466051,nan
2zda,2zda_255,3.960,-1.521031,nan
2zda,2zda_259,2.670,-1.359034,nan
2zda,2zda_262,2.070,-0.872115,nan
2zda,2zda_264,0.760,-0.502065,nan
2zda,2zda_266,2.900,-1.378209,nan
2zda,2zda_27,2.560,-0.340399,nan
2zda,2zda_270,1.480,-1.781753,nan
2zda,2zda_272,1.230,-0.181613,nan
2zda,2zda_274,1.840,-1.714811,nan
2zda,2zda_277,0.430,-0.199971,nan
2zda,2zda_289,8.890,-7.438166,nan
2zda,2zda_29,0.620,-0.195629,nan
2zda,2zda_295,5.880,-4.838292,nan
2zda,2zda_299,0.460,-0.173705,nan
2zda,2zda_302,8.020,-5.389547,nan
2zda,2zda_311,8.140,-8.138495,nan
2zda,2zda_338,4.070,-1.844480,nan
2zda,2zda_345,7.450,-7.327144,nan
2zda,2zda_379,4.820,-1.115289,nan
2zda,2zda_382,7.500,-5.645529,nan
2zda,2zda_391,5.690,-4.442616,nan
2zda,2zda_393,6.270,-4.164301,nan
2zda,2zda_414,6.690,-4.397085,nan
2zda,2zda_429,5.520,-2.970541,nan
2zda,2zda_434,4.910,-3.927925,nan
2zda,2zda_435,2.370,-1.663296,nan
2zda,2zda_442,7.530,-6.729959,nan
2zda,2zda_447,4.680,-2.384240,nan
2zda,2zda_45,3.460,-1.054770,nan
2zda,2zda_470,8.420,-7.702816,nan
2zda,2zda_498,2.030,-1.245465,nan
2zda,2zda_5,1.730,-0.920087,nan
2zda,2zda_500,4.960,-1.460566,nan
2zda,2zda_506,6.910,-5.835584,nan
2zda,2zda_525,1.930,-0.969490,nan
2zda,2zda_533,1.930,-0.981139,nan
2zda,2zda_54,3.710,-1.298131,nan
2zda,2zda_558,5.730,-3.292092,nan
2zda,2zda_561,3.570,-2.272303,nan
2zda,2zda_573,2.800,-0.737883,nan
2zda,2zda_589,7.380,-8.226482,nan
2zda,2zda_615,4.820,-3.351199,nan
2zda,2zda_627,7.100,-6.895860,nan
2zda,2zda_633,2.040,-1.201555,nan
2zda,2zda_643,7.500,-8.154052,nan
2zda,2zda_664,6.670,-6.850111,nan
2zda,2zda_671,7.860,-7.438231,nan
2zda,2zda_677,5.560,-3.554658,nan
2zda,2zda_694,8.420,-7.702816,nan
2zda,2zda_698,3.750,-3.597002,nan
2zda,2zda_739,2.700,-0.528810,nan
2zda,2zda_748,1.170,-0.195497,nan
2zda,2zda_751,4.060,-2.084013,nan
2zda,2zda_753,3.720,-1.878108,nan
2zda,2zda_758,5.420,-1.939312,nan
2zda,2zda_763,3.080,-0.644386,nan
2zda,2zda_766,3.980,-1.872158,nan
2zda,2zda_767,5.270,-0.661693,nan
2zda,2zda_772,4.340,-1.444436,nan
2zda,2zda_773,3.860,-2.218040,nan
2zda,2zda_777,2.950,-1.315614,nan
2zda,2zda_80,4.930,-5.538814,nan
2zda,2zda_835,0.930,-0.293331,nan
2zda,2zda_860,1.040,-0.225792,nan
2zda,2zda_89,7.030,-5.076868,nan
2zy1,2zy1_109,2.070,-1.618271,nan
2zy1,2zy1_113,2.400,-0.753470,nan
2zy1,2zy1_119,1.420,-0.638254,nan
2zy1,2zy1_130,1.920,-1.645036,nan
2zy1,2zy1_160,2.660,-2.782576,nan
2zy1,2zy1_163,2.740,-1.739589,nan
2zy1,2zy1_165,2.590,-1.832566,nan
2zy1,2zy1_166,1.520,-0.711450,nan
2zy1,2zy1_171,2.000,-0.774258,nan
2zy1,2zy1_172,0.950,-0.535572,nan
2zy1,2zy1_173,3.600,-3.566757,nan
2zy1,2zy1_175,1.130,-0.464539,nan
2zy1,2zy1_214,2.000,-0.809267,nan
2zy1,2zy1_216,7.010,-6.528499,nan
2zy1,2zy1_220,5.630,-4.595409,nan
2zy1,2zy1_224,3.710,-1.175565,nan
2zy1,2zy1_225,2.290,-1.407619,nan
2zy1,2zy1_231,9.060,-1.375349,nan
2zy1,2zy1_233,6.030,-4.519094,nan
2zy1,2zy1_234,5.920,-5.895041,nan
2zy1,2zy1_241,7.360,-6.342234,nan
2zy1,2zy1_246,3.490,-2.126895,nan
2zy1,2zy1_251,4.300,-2.570768,nan
2zy1,2zy1_256,3.330,-1.363805,nan
2zy1,2zy1_257,5.330,-4.911881,nan
2zy1,2zy1_264,2.260,-1.002782,nan
2zy1,2zy1_273,4.730,-2.193897,nan
2zy1,2zy1_292,4.500,-3.338697,nan
2zy1,2zy1_306,4.170,-2.654766,nan
2zy1,2zy1_328,6.040,-3.534099,nan
2zy1,2zy1_335,3.480,-3.134654,nan
2zy1,2zy1_35,6.030,-5.027406,nan
2zy1,2zy1_396,1.900,-0.405374,nan
2zy1,2zy1_410,4.040,-2.642157,nan
2zy1,2zy1_411,7.670,-1.266724,nan
2zy1,2zy1_415,6.960,-4.977518,nan
2zy1,2zy1_418,8.500,-2.891693,nan
2zy1,2zy1_421,8.570,-4.537112,nan
2zy1,2zy1_422,3.710,-4.278926,nan
2zy1,2zy1_435,7.220,-3.365330,nan
2zy1,2zy1_451,8.210,-1.373838,nan
2zy1,2zy1_452,4.110,-2.630712,nan
2zy1,2zy1_453,3.860,-2.735826,nan
2zy1,2zy1_457,6.800,-4.006344,nan
2zy1,2zy1_461,9.180,-3.026752,nan
2zy1,2zy1_463,3.950,-2.407599,nan
2zy1,2zy1_464,9.090,-1.042449,nan
2zy1,2zy1_468,2.270,-3.065966,nan
2zy1,2zy1_469,2.180,-0.867633,nan
2zy1,2zy1_473,9.100,-3.523391,nan
2zy1,2zy1_475,5.100,-3.726929,nan
2zy1,2zy1_476,7.970,-2.184330,nan
2zy1,2zy1_482,8.280,-2.063459,nan
2zy1,2zy1_483,8.780,-2.037351,nan
2zy1,2zy1_484,1.820,-1.311786,nan
2zy1,2zy1_490,8.640,-1.870278,nan
2zy1,2zy1_495,9.630,-2.340337,nan
2zy1,2zy1_496,8.010,-2.100207,nan
2zy1,2zy1_50,5.860,-4.582575,nan
2zy1,2zy1_500,9.440,-2.786794,nan
2zy1,2zy1_539,5.310,-3.130754,nan
2zy1,2zy1_542,7.860,-1.166067,nan
2zy1,2zy1_556,8.910,-7.581339,nan
2zy1,2zy1_561,6.410,-6.692212,nan
2zy1,2zy1_575,2.030,-0.987516,nan
2zy1,2zy1_598,8.900,-2.243279,nan
2zy1,2zy1_603,9.850,-8.392952,nan
2zy1,2zy1_606,7.070,-8.092098,nan
2zy1,2zy1_608,6.670,-6.552952,nan
2zy1,2zy1_615,9.590,-8.449829,nan
2zy1,2zy1_622,5.260,-4.521465,nan
2zy1,2zy1_631,8.010,-7.538646,nan
2zy1,2zy1_669,5.930,-2.863544,nan
2zy1,2zy1_670,9.080,-6.296488,nan
2zy1,2zy1_675,6.310,-3.369656,nan
2zy1,2zy1_684,4.040,-2.101195,nan
2zy1,2zy1_739,1.570,-0.993229,nan
2zy1,2zy1_746,7.950,-1.610722,nan
2zy1,2zy1_753,6.840,-4.254598,nan
2zy1,2zy1_756,3.900,-2.895631,nan
2zy1,2zy1_76,6.130,-4.838161,nan
2zy1,2zy1_769,7.330,-3.292804,nan
2zy1,2zy1_771,7.410,-3.869509,nan
2zy1,2zy1_778,4.430,-2.976711,nan
2zy1,2zy1_81,5.770,-4.303276,nan
2zy1,2zy1_845,4.930,-4.591166,nan
2zy1,2zy1_885,5.060,-4.612549,nan
2zy1,2zy1_911,1.700,-0.460172,nan
2zy1,2zy1_916,3.470,-3.627398,nan
2zy1,2zy1_985,9.070,-3.457516,nan
2zy1,2zy1_992,4.340,-3.600430,nan
3acw,3acw_145,1.360,-1.525439,nan
3acw,3acw_281,1.610,-0.845755,nan
3acw,3acw_411,0.850,-0.832475,nan
3acw,3acw_432,1.590,-1.192622,nan
3acw,3acw_435,0.800,-0.784305,nan
3acw,3acw_445,2.200,-1.647144,nan
3acw,3acw_451,6.600,-2.131383,nan
3acw,3acw_455,0.890,-1.238710,nan
3acw,3acw_465,0.940,-1.128745,nan
3acw,3acw_467,6.670,-2.674414,nan
3acw,3acw_480,6.340,-1.901990,nan
3acw,3acw_486,3.240,-2.542093,nan
3acw,3acw_492,6.520,-1.092898,nan
3acw,3acw_500,2.130,-1.150124,nan
3acw,3acw_525,3.570,-3.123630,nan
3acw,3acw_531,3.170,-3.108027,nan
3acw,3acw_537,4.200,-3.533162,nan
3acw,3acw_542,4.120,-3.829814,nan
3acw,3acw_547,4.740,-5.150067,nan
3acw,3acw_552,7.010,-3.674865,nan
3acw,3acw_559,3.380,-3.403601,nan
3acw,3acw_562,3.600,-2.682457,nan
3acw,3acw_566,4.470,-4.472594,nan
3acw,3acw_578,4.370,-3.427082,nan
3acw,3acw_592,6.500,-1.785132,nan
3acw,3acw_608,4.090,-3.614457,nan
3acw,3acw_612,3.690,-3.268547,nan
3acw,3acw_624,1.640,-1.601272,nan
3acw,3acw_625,5.070,-5.413447,nan
3acw,3acw_629,7.060,-2.792785,nan
3acw,3acw_635,5.070,-4.536198,nan
3acw,3acw_636,0.880,-1.069486,nan
3acw,3acw_642,4.930,-5.181129,nan
3acw,3acw_644,1.380,-1.216561,nan
3acw,3acw_645,5.490,-5.202063,nan
3acw,3acw_659,7.850,-5.759192,nan
3acw,3acw_661,4.260,-4.128479,nan
3acw,3acw_664,4.650,-4.442130,nan
3acw,3acw_667,2.130,-1.829850,nan
3acw,3acw_676,3.800,-3.883060,nan
3acw,3acw_678,2.080,-1.596573,nan
3acw,3acw_681,4.100,-3.859814,nan
3acw,3acw_697,2.020,-1.957482,nan
3acw,3acw_700,1.230,-1.081106,nan
3acw,3acw_720,8.500,-7.780849,nan
3acw,3acw_721,2.320,-1.218232,nan
3acw,3acw_722,8.580,-8.100643,nan
3acw,3acw_723,2.460,-2.341891,nan
3acw,3acw_730,8.390,-7.727933,nan
3acw,3acw_732,1.180,-0.877565,nan
3acw,3acw_735,8.460,-7.971763,nan
3acw,3acw_737,9.530,-8.585397,nan
3acw,3acw_738,8.150,-7.873906,nan
3acw,3acw_740,1.680,-2.249373,nan
3acw,3acw_741,8.200,-7.654884,nan
3acw,3acw_743,9.420,-8.561259,nan
3acw,3acw_744,9.350,-8.563425,nan
3acw,3acw_745,9.390,-8.565615,nan
3acw,3acw_746,9.160,-8.324631,nan
3acw,3acw_749,3.750,-3.561460,nan
3acw,3acw_750,2.540,-3.079226,nan
3acw,3acw_757,6.650,-3.376027,nan
3acw,3acw_760,9.510,-8.573589,nan
3acw,3acw_763,6.760,-2.474775,nan
3acw,3acw_776,5.560,-5.469525,nan
3acw,3acw_780,5.550,-5.369869,nan
3acw,3acw_781,6.800,-2.403757,nan
3acw,3acw_791,6.330,-1.962727,nan
3acw,3acw_797,6.350,-1.890898,nan
3acw,3acw_809,0.580,-0.619771,nan
3acw,3acw_860,1.880,-0.666648,nan
3acw,3acw_861,8.220,-7.915931,nan
3acw,3acw_865,9.220,-8.558102,nan
3acw,3acw_866,8.480,-7.782799,nan
3acw,3acw_870,8.140,-7.329530,nan
3acw,3acw_872,9.070,-8.538601,nan
3acw,3acw_877,3.260,-3.052277,nan
3acw,3acw_879,2.160,-1.029135,nan
3acw,3acw_883,9.200,-8.546735,nan
3acw,3acw_888,8.190,-7.742533,nan
3acw,3acw_905,0.730,-0.599602,nan
3acw,3acw_939,0.850,-0.625409,nan
3acw,3acw_951,0.940,-1.284091,nan
3acw,3acw_968,3.040,-2.780535,nan
3acw,3acw_977,2.940,-2.586894,nan
3acw,3acw_99,0.790,-1.215441,nan
3acw,3acw_998,1.660,-0.939112,nan
3ag9,3ag9_1001,1.870,-4.602496,nan
3ag9,3ag9_1002,1.570,-5.418037,nan
3ag9,3ag9_1003,1.940,-4.089001,nan
3ag9,3ag9_1004,1.990,-5.630664,nan
3ag9,3ag9_1005,1.950,-4.595036,nan
3ag9,3ag9_1006,1.920,-4.583970,nan
3ag9,3ag9_1007,1.360,-4.404540,nan
3ag9,3ag9_1008,1.620,-4.984429,nan
3ag9,3ag9_1009,1.750,-4.861198,nan
3ag9,3ag9_1010,2.000,-3.896404,nan
3ag9,3ag9_123,7.460,-5.325063,nan
3ag9,3ag9_14,4.880,-5.455355,nan
3ag9,3ag9_159,5.690,-7.835119,nan
3ag9,3ag9_163,6.840,-7.494231,nan
3ag9,3ag9_184,9.320,-8.556834,nan
3ag9,3ag9_189,8.770,-7.026050,nan
3ag9,3ag9_19,9.360,-8.505413,nan
3ag9,3ag9_203,3.630,-5.675142,nan
3ag9,3ag9_209,6.160,-5.374069,nan
3ag9,3ag9_21,8.250,-7.835298,nan
3ag9,3ag9_210,9.750,-4.466232,nan
3ag9,3ag9_213,7.630,-6.820798,nan
3ag9,3ag9_220,10.000,-8.237242,nan
3ag9,3ag9_234,9.360,-8.014190,nan
3ag9,3ag9_24,9.840,-8.398626,nan
3ag9,3ag9_240,5.600,-4.519979,nan
3ag9,3ag9_251,9.720,-7.779202,nan
3ag9,3ag9_254,7.620,-7.393321,nan
3ag9,3ag9_264,9.260,-8.163033,nan
3ag9,3ag9_270,5.650,-6.162358,nan
3ag9,3ag9_278,5.380,-6.563204,nan
3ag9,3ag9_28,3.100,-5.742353,nan
3ag9,3ag9_283,4.720,-3.038347,nan
3ag9,3ag9_287,7.970,-6.502385,nan
3ag9,3ag9_292,8.130,-8.278458,nan
3ag9,3ag9_3,8.440,-4.597114,nan
3ag9,3ag9_304,4.560,-6.664412,nan
3ag9,3ag9_305,9.970,-8.485159,nan
3ag9,3ag9_306,8.830,-6.108978,nan
3ag9,3ag9_337,5.550,-5.302726,nan
3ag9,3ag9_340,6.210,-7.140830,nan
3ag9,3ag9_352,5.200,-4.843299,nan
3ag9,3ag9_357,8.780,-8.505954,nan
3ag9,3ag9_365,6.010,-5.041572,nan
3ag9,3ag9_378,6.280,-5.615606,nan
3ag9,3ag9_38,6.860,-6.306870,nan
3ag9,3ag9_387,5.760,-4.820687,nan
3ag9,3ag9_392,4.210,-3.721633,nan
3ag9,3ag9_399,3.350,-4.659935,nan
3ag9,3ag9_413,3.990,-3.404568,nan
3ag9,3ag9_489,7.640,-5.740608,nan
3ag9,3ag9_49,4.200,-6.015103,nan
3ag9,3ag9_495,5.590,-5.049721,nan
3ag9,3ag9_498,4.740,-5.178794,nan
3ag9,3ag9_520,8.300,-8.522182,nan
3ag9,3ag9_543,9.750,-8.596352,nan
3ag9,3ag9_569,7.890,-7.590200,nan
3ag9,3ag9_62,6.060,-3.980321,nan
3ag9,3ag9_667,4.850,-5.759193,nan
3ag9,3ag9_679,5.520,-7.143554,nan
3ag9,3ag9_685,6.740,-6.417254,nan
3ag9,3ag9_69,7.770,-8.495811,nan
3ag9,3ag9_712,3.320,-3.910607,nan
3ag9,3ag9_720,3.930,-5.450095,nan
3ag9,3ag9_724,3.740,-6.778025,nan
3ag9,3ag9_734,4.390,-5.091437,nan
3ag9,3ag9_735,3.560,-5.832608,nan
3ag9,3ag9_738,3.070,-4.889056,nan
3ag9,3ag9_741,3.850,-5.655393,nan
3ag9,3ag9_746,7.340,-4.944229,nan
3ag9,3ag9_754,8.200,-5.730062,nan
3ag9,3ag9_762,5.930,-3.868197,nan
3ag9,3ag9_764,6.370,-4.316287,nan
3ag9,3ag9_77,8.980,-5.430836,nan
3ag9,3ag9_772,7.450,-8.166226,nan
3ag9,3ag9_828,8.940,-6.282168,nan
3ag9,3ag9_841,2.790,-5.596784,nan
3ag9,3ag9_850,2.930,-4.113613,nan
3ag9,3ag9_891,2.820,-5.446191,nan
3ag9,3ag9_9,4.920,-6.826341,nan
3ag9,3ag9_934,2.780,-4.790019,nan
3ag9,3ag9_951,6.330,-5.020791,nan
3ag9,3ag9_968,4.430,-3.012906,nan
3ag9,3ag9_97,7.230,-6.313026,nan
3ao4,3ao4_102,2.600,-1.092135,nan
3ao4,3ao4_115,0.500,-0.587579,nan
3ao4,3ao4_117,4.830,-3.243434,nan
3ao4,3ao4_118,8.090,-6.327821,nan
3ao4,3ao4_165,0.610,-0.629876,nan
3ao4,3ao4_174,8.020,-6.045394,nan
3ao4,3ao4_195,0.680,-0.760938,nan
3ao4,3ao4_200,0.550,-0.599015,nan
3ao4,3ao4_281,0.560,-0.525116,nan
3ao4,3ao4_350,0.650,-0.785830,nan
3ao4,3ao4_385,0.780,-0.442774,nan
3ao4,3ao4_420,3.010,-2.054426,nan
3ao4,3ao4_428,3.690,-1.500211,nan
3ao4,3ao4_438,1.480,-0.951197,nan
3ao4,3ao4_440,3.670,-1.666712,nan
3ao4,3ao4_443,3.740,-3.427131,nan
3ao4,3ao4_446,2.260,-0.940046,nan
3ao4,3ao4_451,1.420,-1.835833,nan
3ao4,3ao4_456,0.800,-0.568914,nan
3ao4,3ao4_473,4.460,-2.295198,nan
3ao4,3ao4_476,3.020,-1.177913,nan
3ao4,3ao4_477,2.430,-2.406620,nan
3ao4,3ao4_479,1.630,-0.478781,nan
3ao4,3ao4_481,0.910,-0.959257,nan
3ao4,3ao4_499,1.790,-1.516886,nan
3ao4,3ao4_520,2.620,-1.617358,nan
3ao4,3ao4_572,3.360,-2.744250,nan
3ao4,3ao4_582,3.420,-3.735515,nan
3ao4,3ao4_585,2.260,-1.926199,nan
3ao4,3ao4_593,3.650,-2.706625,nan
3ao4,3ao4_628,2.620,-2.486356,nan
3ao4,3ao4_650,3.620,-2.130033,nan
3ao4,3ao4_655,1.600,-1.858633,nan
3ao4,3ao4_657,2.030,-2.078879,nan
3ao4,3ao4_661,4.660,-4.360678,nan
3ao4,3ao4_691,2.590,-2.723508,nan
3ao4,3ao4_715,5.050,-0.851814,nan
3ao4,3ao4_718,5.660,-5.508669,nan
3ao4,3ao4_730,1.780,-0.785973,nan
3ao4,3ao4_731,5.000,-0.644803,nan
3ao4,3ao4_736,7.300,-7.457471,nan
3ao4,3ao4_744,7.140,-7.022329,nan
3ao4,3ao4_749,5.660,-6.203728,nan
3ao4,3ao4_750,7.840,-8.244573,nan
3ao4,3ao4_752,6.950,-6.496070,nan
3ao4,3ao4_755,8.490,-6.655591,nan
3ao4,3ao4_757,8.210,-7.231097,nan
3ao4,3ao4_758,8.710,-7.388777,nan
3ao4,3ao4_759,7.570,-8.081981,nan
3ao4,3ao4_760,8.130,-7.152518,nan
3ao4,3ao4_762,9.410,-8.147268,nan
3ao4,3ao4_763,7.740,-6.973536,nan
3ao4,3ao4_764,8.290,-7.744288,nan
3ao4,3ao4_765,9.650,-8.554106,nan
3ao4,3ao4_766,9.350,-7.713952,nan
3ao4,3ao4_768,8.500,-7.284765,nan
3ao4,3ao4_769,7.460,-6.194097,nan
3ao4,3ao4_771,7.420,-4.973072,nan
3ao4,3ao4_772,7.330,-6.864741,nan
3ao4,3ao4_773,6.640,-6.922196,nan
3ao4,3ao4_774,7.770,-8.384572,nan
3ao4,3ao4_776,6.200,-5.295698,nan
3ao4,3ao4_779,6.360,-5.250070,nan
3ao4,3ao4_780,2.120,-1.851411,nan
3ao4,3ao4_784,0.790,-0.588051,nan
3ao4,3ao4_787,1.520,-0.749675,nan
3ao4,3ao4_788,1.790,-0.359857,nan
3ao4,3ao4_800,5.000,-1.227744,nan
3ao4,3ao4_803,4.960,-0.841788,nan
3ao4,3ao4_808,5.180,-1.941358,nan
3ao4,3ao4_850,5.830,-3.766611,nan
3ao4,3ao4_862,6.220,-6.452048,nan
3ao4,3ao4_870,4.790,-4.856184,nan
3ao4,3ao4_871,8.730,-7.634397,nan
3ao4,3ao4_878,5.900,-4.706811,nan
3ao4,3ao4_880,6.160,-3.254126,nan
3ao4,3ao4_889,6.400,-5.239481,nan
3ao4,3ao4_909,2.470,-1.776626,nan
3ao4,3ao4_910,4.750,-4.956402,nan
3ao4,3ao4_915,1.130,-1.068443,nan
3ao4,3ao4_925,1.140,-0.412824,nan
3ao4,3ao4_928,5.000,-0.894183,nan
3ao4,3ao4_943,5.650,-5.584712,nan
3ao4,3ao4_953,6.870,-7.388900,nan
3ao4,3ao4_958,3.160,-3.033099,nan
3ao4,3ao4_959,6.830,-6.555112,nan
3ao4,3ao4_962,5.430,-5.250422,nan
3ao4,3ao4_964,4.550,-5.567713,nan
3ao4,3ao4_965,7.360,-6.473804,nan
3ao4,3ao4_966,5.180,-0.593780,nan
3ao4,3ao4_976,6.110,-6.224011,nan
3ao4,3ao4_978,5.170,-1.644534,nan
3arp,3arp_103,4.720,-1.070292,nan
3arp,3arp_17,1.390,-1.969073,nan
3arp,3arp_176,4.020,-1.744051,nan
3arp,3arp_181,3.970,-2.583733,nan
3arp,3arp_190,1.660,-0.775473,nan
3arp,3arp_198,2.360,-1.718555,nan
3arp,3arp_203,1.840,-1.675365,nan
3arp,3arp_211,2.770,-2.017738,nan
3arp,3arp_214,3.110,-1.377768,nan
3arp,3arp_223,3.940,-2.098478,nan
3arp,3arp_227,4.100,-1.990883,nan
3arp,3arp_231,2.520,-1.971250,nan
3arp,3arp_232,3.300,-0.600713,nan
3arp,3arp_235,2.040,-2.165206,nan
3arp,3arp_245,3.120,-1.721031,nan
3arp,3arp_248,1.810,-1.390005,nan
3arp,3arp_252,2.850,-0.952887,nan
3arp,3arp_254,3.030,-1.371498,nan
3arp,3arp_255,2.870,-1.175095,nan
3arp,3arp_258,3.220,-2.347275,nan
3arp,3arp_284,1.830,-2.101334,nan
3arp,3arp_289,4.030,-1.104898,nan
3arp,3arp_290,5.340,-2.094793,nan
3arp,3arp_299,2.630,-0.600363,nan
3arp,3arp_324,1.920,-1.283648,nan
3arp,3arp_330,2.390,-2.801040,nan
3arp,3arp_333,2.250,-0.836813,nan
3arp,3arp_347,1.950,-2.998812,nan
3arp,3arp_353,9.420,-8.543065,nan
3arp,3arp_357,1.410,-2.198177,nan
3arp,3arp_365,3.440,-1.768638,nan
3arp,3arp_367,1.920,-0.544162,nan
3arp,3arp_37,0.970,-0.959494,nan
3arp,3arp_371,8.500,-8.483840,nan
3arp,3arp_380,9.240,-8.527937,nan
3arp,3arp_394,2.820,-1.501580,nan
3arp,3arp_407,8.940,-8.579431,nan
3arp,3arp_419,6.800,-7.359049,nan
3arp,3arp_420,5.530,-5.200642,nan
3arp,3arp_425,9.120,-8.560286,nan
3arp,3arp_431,7.930,-8.198714,nan
3arp,3arp_447,4.470,-2.375219,nan
3arp,3arp_448,7.440,-8.489272,nan
3arp,3arp_449,7.920,-8.428204,nan
3arp,3arp_46,6.030,-5.695949,nan
3arp,3arp_496,9.020,-8.571418,nan
3arp,3arp_505,4.550,-4.092470,nan
3arp,3arp_509,7.240,-7.535391,nan
3arp,3arp_516,4.670,-6.371210,nan
3arp,3arp_517,6.690,-3.451022,nan
3arp,3arp_540,7.090,-8.566918,nan
3arp,3arp_549,6.590,-7.528233,nan
3arp,3arp_551,8.650,-8.568321,nan
3arp,3arp_558,6.900,-6.637167,nan
3arp,3arp_562,5.560,-5.434829,nan
3arp,3arp_570,6.800,-7.926999,nan
3arp,3arp_574,5.780,-6.962010,nan
3arp,3arp_575,5.660,-6.450612,nan
3arp,3arp_585,6.520,-7.304359,nan
3arp,3arp_6,1.630,-0.841796,nan
3arp,3arp_605,8.720,-8.341339,nan
3arp,3arp_607,8.300,-7.067153,nan
3arp,3arp_615,8.340,-7.099964,nan
3arp,3arp_620,8.210,-7.690973,nan
3arp,3arp_623,9.060,-8.409490,nan
3arp,3arp_632,9.090,-8.327568,nan
3arp,3arp_641,5.660,-7.538921,nan
3arp,3arp_650,7.800,-8.434901,nan
3arp,3arp_653,7.240,-6.836288,nan
3arp,3arp_658,9.290,-8.404136,nan
3arp,3arp_67,0.980,-1.836364,nan
3arp,3arp_671,6.410,-7.255552,nan
3arp,3arp_674,9.070,-8.438230,nan
3arp,3arp_679,8.410,-8.558934,nan
3arp,3arp_684,8.420,-7.485018,nan
3arp,3arp_703,7.320,-5.851555,nan
3arp,3arp_73,3.080,-0.539873,nan
3arp,3arp_734,5.520,-1.958025,nan
3arp,3arp_750,4.850,-1.704411,nan
3arp,3arp_752,3.950,-2.148749,nan
3arp,3arp_781,5.930,-3.754485,nan
3arp,3arp_783,4.570,-4.995022,nan
3arp,3arp_784,5.280,-5.488827,nan
3arp,3arp_785,6.960,-6.942633,nan
3arp,3arp_787,7.330,-6.586868,nan
3arp,3arp_790,4.920,-3.612534,nan
3arp,3arp_89,5.590,-3.677155,nan
3arp,3arp_909,6.280,-5.010777,nan
3arp,3arp_951,8.390,-8.115639,nan
3arp,3arp_963,7.110,-7.023221,nan
3arq,3arq_117,6.010,-7.400412,nan
3arq,3arq_197,2.100,-1.927724,nan
3arq,3arq_206,8.180,-6.363935,nan
3arq,3arq_209,1.570,-1.977289,nan
3arq,3arq_221,2.160,-2.139537,nan
3arq,3arq_227,8.570,-6.473335,nan
3arq,3arq_228,3.160,-3.626188,nan
3arq,3arq_231,1.040,-1.300167,nan
3arq,3arq_236,2.530,-2.991956,nan
3arq,3arq_242,4.980,-5.555216,nan
3arq,3arq_245,9.870,-8.558375,nan
3arq,3arq_256,4.770,-5.951702,nan
3arq,3arq_258,6.910,-1.249824,nan
3arq,3arq_265,5.340,-5.704198,nan
3arq,3arq_287,9.050,-5.083536,nan
3arq,3arq_293,2.150,-2.914737,nan
3arq,3arq_314,1.780,-1.959771,nan
3arq,3arq_328,1.500,-1.834252,nan
3arq,3arq_338,1.580,-1.765900,nan
3arq,3arq_339,1.860,-2.056906,nan
3arq,3arq_346,1.570,-1.625708,nan
3arq,3arq_358,0.920,-0.744871,nan
3arq,3arq_392,1.350,-1.527704,nan
3arq,3arq_404,5.520,-5.963989,nan
3arq,3arq_406,7.920,-5.266260,nan
3arq,3arq_422,5.210,-5.078103,nan
3arq,3arq_426,5.510,-6.295434,nan
3arq,3arq_430,4.990,-5.697377,nan
3arq,3arq_432,6.950,-3.153151,nan
3arq,3arq_443,6.000,-6.507816,nan
3arq,3arq_444,4.170,-3.905377,nan
3arq,3arq_445,4.860,-4.324133,nan
3arq,3arq_449,5.440,-4.868103,nan
3arq,3arq_451,7.600,-5.269203,nan
3arq,3arq_464,5.890,-6.746582,nan
3arq,3arq_466,6.980,-3.699460,nan
3arq,3arq_474,4.140,-3.886797,nan
3arq,3arq_478,5.120,-5.899713,nan
3arq,3arq_483,5.920,-6.646633,nan
3arq,3arq_485,7.560,-6.273760,nan
3arq,3arq_508,8.870,-5.142543,nan
3arq,3arq_511,6.300,-0.700983,nan
3arq,3arq_513,4.540,-4.863781,nan
3arq,3arq_515,6.040,-5.662002,nan
3arq,3arq_529,3.010,-0.517571,nan
3arq,3arq_534,7.350,-6.366769,nan
3arq,3arq_535,9.180,-7.651051,nan
3arq,3arq_543,8.580,-7.893364,nan
3arq,3arq_545,7.210,-2.513231,nan
3arq,3arq_550,2.700,-1.472065,nan
3arq,3arq_556,4.450,-3.424030,nan
3arq,3arq_565,8.550,-6.760569,nan
3arq,3arq_566,3.780,-2.480352,nan
3arq,3arq_571,2.220,-1.097716,nan
3arq,3arq_575,3.460,-3.121028,nan
3arq,3arq_577,3.930,-3.217869,nan
3arq,3arq_581,4.630,-5.889817,nan
3arq,3arq_584,8.150,-4.692917,nan
3arq,3arq_587,7.800,-6.857265,nan
3arq,3arq_596,3.040,-2.674483,nan
3arq,3arq_601,6.910,-4.649761,nan
3arq,3arq_606,7.560,-7.237878,nan
3arq,3arq_607,8.980,-7.786218,nan
3arq,3arq_611,9.620,-7.755158,nan
3arq,3arq_620,9.840,-8.082219,nan
3arq,3arq_625,7.390,-6.447114,nan
3arq,3arq_626,9.640,-8.308497,nan
3arq,3arq_639,9.100,-7.596825,nan
3arq,3arq_643,8.720,-8.039488,nan
3arq,3arq_645,9.080,-7.674639,nan
3arq,3arq_647,6.920,-2.003574,nan
3arq,3arq_648,6.740,-4.319672,nan
3arq,3arq_651,8.770,-6.555277,nan
3arq,3arq_654,9.640,-8.002419,nan
3arq,3arq_655,7.800,-6.290469,nan
3arq,3arq_673,5.580,-3.422663,nan
3arq,3arq_680,9.140,-8.398773,nan
3arq,3arq_698,3.710,-3.057882,nan
3arq,3arq_721,3.330,-4.157325,nan
3arq,3arq_742,2.350,-2.995390,nan
3arq,3arq_743,3.420,-4.451216,nan
3arq,3arq_748,1.820,-2.567480,nan
3arq,3arq_755,7.040,-2.289522,nan
3arq,3arq_758,1.740,-1.732463,nan
3arq,3arq_760,2.590,-3.846224,nan
3arq,3arq_762,2.610,-2.913856,nan
3arq,3arq_848,3.060,-3.303369,nan
3arq,3arq_855,8.840,-5.447251,nan
3arq,3arq_868,4.790,-5.912927,nan
3arq,3arq_941,2.970,-3.008173,nan
3arq,3arq_964,6.700,-0.888182,nan
3aru,3aru_10,1.020,-0.846635,nan
3aru,3aru_167,6.130,-1.519282,nan
3aru,3aru_169,4.190,-1.223403,nan
3aru,3aru_174,5.780,-1.441191,nan
3aru,3aru_202,4.890,-2.215595,nan
3aru,3aru_205,1.480,-1.022589,nan
3aru,3aru_222,1.920,-1.194000,nan
3aru,3aru_235,5.100,-2.028224,nan
3aru,3aru_239,5.110,-2.302670,nan
3aru,3aru_240,4.140,-0.816979,nan
3aru,3aru_268,6.260,-5.627742,nan
3aru,3aru_270,7.850,-8.377341,nan
3aru,3aru_272,5.570,-4.928810,nan
3aru,3aru_297,5.400,-5.477675,nan
3aru,3aru_306,0.840,-0.559939,nan
3aru,3aru_311,0.670,-0.593686,nan
3aru,3aru_314,0.790,-0.767098,nan
3aru,3aru_320,5.000,-3.183197,nan
3aru,3aru_336,4.970,-1.827144,nan
3aru,3aru_356,0.980,-0.353485,nan
3aru,3aru_362,0.510,-0.580795,nan
3aru,3aru_38,9.170,-6.729168,nan
3aru,3aru_39,4.790,-1.633628,nan
3aru,3aru_40,8.160,-6.541043,nan
3aru,3aru_449,2.970,-2.299284,nan
3aru,3aru_450,2.240,-1.801768,nan
3aru,3aru_478,1.960,-1.052937,nan
3aru,3aru_48,5.130,-1.467922,nan
3aru,3aru_482,5.080,-5.299924,nan
3aru,3aru_483,5.030,-1.340697,nan
3aru,3aru_502,7.880,-8.282207,nan
3aru,3aru_512,6.970,-7.090300,nan
3aru,3aru_521,7.320,-7.956106,nan
3aru,3aru_530,7.410,-8.269520,nan
3aru,3aru_532,3.890,-3.646125,nan
3aru,3aru_533,4.280,-4.297263,nan
3aru,3aru_544,6.100,-2.931642,nan
3aru,3aru_546,4.920,-4.459838,nan
3aru,3aru_565,7.570,-7.731419,nan
3aru,3aru_566,8.300,-8.093253,nan
3aru,3aru_573,2.650,-1.582802,nan
3aru,3aru_577,7.240,-6.769589,nan
3aru,3aru_58,0.950,-0.936013,nan
3aru,3aru_587,6.530,-8.407649,nan
3aru,3aru_589,7.670,-8.129054,nan
3aru,3aru_592,6.120,-8.177428,nan
3aru,3aru_594,6.690,-7.165663,nan
3aru,3aru_595,5.040,-7.209228,nan
3aru,3aru_60,8.450,-6.703903,nan
3aru,3aru_604,4.160,-3.728595,nan
3aru,3aru_618,7.160,-8.371381,nan
3aru,3aru_62,7.240,-4.518593,nan
3aru,3aru_621,6.430,-7.716790,nan
3aru,3aru_64,0.950,-1.015945,nan
3aru,3aru_654,5.080,-6.313347,nan
3aru,3aru_686,6.020,-5.309670,nan
3aru,3aru_695,3.690,-2.015662,nan
3aru,3aru_698,6.290,-4.939207,nan
3aru,3aru_709,0.810,-0.915834,nan
3aru,3aru_715,1.970,-0.902352,nan
3aru,3aru_716,1.370,-1.295366,nan
3aru,3aru_721,2.640,-0.969469,nan
3aru,3aru_725,1.830,-1.066118,nan
3aru,3aru_728,3.860,-4.272822,nan
3aru,3aru_745,3.800,-3.004615,nan
3aru,3aru_749,2.960,-1.893918,nan
3aru,3aru_776,3.050,-2.607625,nan
3aru,3aru_777,3.090,-0.820735,nan
3aru,3aru_780,4.040,-5.914736,nan
3aru,3aru_789,3.300,-3.336652,nan
3aru,3aru_790,1.700,-1.473855,nan
3aru,3aru_791,2.160,-1.200992,nan
3aru,3aru_817,2.870,-1.089248,nan
3aru,3aru_852,3.200,-0.791504,nan
3aru,3aru_858,3.150,-1.538136,nan
3aru,3aru_88,8.550,-7.094484,nan
3aru,3aru_902,0.610,-0.959244,nan
3aru,3aru_909,2.670,-1.089377,nan
3aru,3aru_925,2.830,-0.761767,nan
3aru,3aru_93,7.980,-5.855441,nan
3aru,3aru_930,1.670,-0.734988,nan
3aru,3aru_949,1.800,-1.376246,nan
3aru,3aru_952,2.410,-0.785605,nan
3aru,3aru_98,0.850,-0.935561,nan
3aru,3aru_99,3.950,-3.509537,nan
3arv,3arv_1,3.890,-4.407913,nan
3arv,3arv_116,4.640,-1.270663,nan
3arv,3arv_122,6.080,-2.842042,nan
3arv,3arv_184,3.320,-1.383363,nan
3arv,3arv_304,1.660,-0.497768,nan
3arv,3arv_324,0.850,-0.727269,nan
3arv,3arv_327,0.950,-0.620371,nan
3arv,3arv_336,2.640,-1.532271,nan
3arv,3arv_337,2.430,-0.790072,nan
3arv,3arv_345,0.700,-0.770373,nan
3arv,3arv_353,1.580,-0.499378,nan
3arv,3arv_355,1.190,-0.732203,nan
3arv,3arv_359,0.910,-1.166417,nan
3arv,3arv_367,1.730,-0.800201,nan
3arv,3arv_372,2.000,-0.933995,nan
3arv,3arv_373,5.030,-1.134838,nan
3arv,3arv_374,1.270,-0.622155,nan
3arv,3arv_386,1.270,-0.613773,nan
3arv,3arv_387,1.990,-0.718615,nan
3arv,3arv_470,2.720,-2.726120,nan
3arv,3arv_51,1.690,-0.632743,nan
3arv,3arv_515,3.270,-1.090675,nan
3arv,3arv_559,3.050,-2.455156,nan
3arv,3arv_56,2.920,-2.491429,nan
3arv,3arv_600,2.870,-1.957700,nan
3arv,3arv_708,5.060,-5.625803,nan
3arv,3arv_715,6.930,-4.018509,nan
3arv,3arv_716,7.930,-5.239263,nan
3arv,3arv_717,7.700,-5.094360,nan
3arv,3arv_719,8.600,-7.229954,nan
3arv,3arv_720,8.010,-5.104693,nan
3arv,3arv_721,7.730,-7.513253,nan
3arv,3arv_723,6.010,-7.015563,nan
3arv,3arv_749,8.430,-7.608218,nan
3arv,3arv_750,9.710,-8.523026,nan
3arv,3arv_752,9.750,-8.595635,nan
3arv,3arv_771,9.170,-8.001443,nan
3arv,3arv_774,9.870,-8.526254,nan
3arv,3arv_801,5.030,-5.530833,nan
3arv,3arv_803,1.090,-2.273726,nan
3arv,3arv_806,2.810,-0.841305,nan
3arv,3arv_807,2.540,-1.233290,nan
3arv,3arv_810,4.020,-4.269500,nan
3arv,3arv_811,2.360,-2.818640,nan
3arv,3arv_812,5.720,-5.962298,nan
3arv,3arv_815,5.510,-3.448390,nan
3arv,3arv_816,4.200,-4.305772,nan
3arv,3arv_817,3.840,-2.940091,nan
3arv,3arv_818,4.430,-5.658029,nan
3arv,3arv_819,6.070,-6.755306,nan
3arv,3arv_820,9.340,-7.993670,nan
3arv,3arv_821,4.420,-4.854997,nan
3arv,3arv_824,5.560,-7.415068,nan
3arv,3arv_828,5.820,-4.232401,nan
3arv,3arv_837,4.500,-4.236600,nan
3arv,3arv_842,8.480,-6.440963,nan
3arv,3arv_843,7.260,-7.527414,nan
3arv,3arv_848,9.470,-6.382217,nan
3arv,3arv_849,6.090,-3.843016,nan
3arv,3arv_850,9.810,-8.588787,nan
3arv,3arv_853,6.690,-7.111592,nan
3arv,3arv_855,7.070,-4.602782,nan
3arv,3arv_856,6.990,-6.781820,nan
3arv,3arv_860,9.900,-8.601244,nan
3arv,3arv_861,6.540,-8.104410,nan
3arv,3arv_868,6.350,-5.557298,nan
3arv,3arv_869,6.870,-4.497338,nan
3arv,3arv_876,9.580,-8.558398,nan
3arv,3arv_877,4.760,-6.268055,nan
3arv,3arv_879,7.570,-7.649557,nan
3arv,3arv_880,2.310,-3.474395,nan
3arv,3arv_881,8.330,-8.368083,nan
3arv,3arv_882,8.820,-7.508677,nan
3arv,3arv_887,8.480,-8.570008,nan
3arv,3arv_888,5.730,-5.782217,nan
3arv,3arv_889,7.900,-7.646480,nan
3arv,3arv_897,7.950,-7.197026,nan
3arv,3arv_898,7.970,-8.447174,nan
3arv,3arv_900,8.510,-7.005795,nan
3arv,3arv_908,3.850,-3.999016,nan
3arv,3arv_910,3.760,-2.578349,nan
3arv,3arv_912,3.560,-1.799320,nan
3arv,3arv_916,3.530,-0.799047,nan
3arv,3arv_924,9.830,-8.596634,nan
3arv,3arv_930,2.120,-2.521918,nan
3arv,3arv_931,8.110,-7.880765,nan
3arv,3arv_943,5.180,-4.962412,nan
3arv,3arv_944,4.230,-2.423802,nan
3arv,3arv_951,8.800,-8.324855,nan
3arv,3arv_963,4.450,-1.163799,nan
3arv,3arv_966,5.390,-4.109142,nan
3arv,3arv_968,7.390,-5.952036,nan
3arv,3arv_982,3.340,-3.000169,nan
3arv,3arv_995,4.750,-5.314287,nan
3ary,3ary_100,1.620,-0.542775,nan
3ary,3ary_147,6.810,-3.847764,nan
3ary,3ary_154,7.380,-3.356204,nan
3ary,3ary_162,9.180,-7.477233,nan
3ary,3ary_187,5.020,-2.230014,nan
3ary,3ary_195,8.710,-8.568075,nan
3ary,3ary_206,7.210,-7.095523,nan
3ary,3ary_208,9.090,-7.958122,nan
3ary,3ary_222,6.000,-7.117013,nan
3ary,3ary_230,9.430,-8.416082,nan
3ary,3ary_237,8.740,-7.758660,nan
3ary,3ary_240,4.720,-7.221684,nan
3ary,3ary_244,9.820,-8.540666,nan
3ary,3ary_252,9.120,-8.257713,nan
3ary,3ary_255,7.790,-7.764428,nan
3ary,3ary_276,8.590,-8.356872,nan
3ary,3ary_286,9.140,-8.566960,nan
3ary,3ary_290,8.900,-7.870180,nan
3ary,3ary_292,9.160,-8.068741,nan
3ary,3ary_298,9.240,-8.443350,nan
3ary,3ary_302,9.850,-8.475787,nan
3ary,3ary_304,4.400,-2.315520,nan
3ary,3ary_311,3.900,-1.670893,nan
3ary,3ary_317,3.970,-2.014722,nan
3ary,3ary_383,5.760,-2.220590,nan
3ary,3ary_418,3.610,-3.198804,nan
3ary,3ary_466,3.330,-2.663601,nan
3ary,3ary_487,2.940,-2.105980,nan
3ary,3ary_499,6.230,-7.182121,nan
3ary,3ary_503,3.110,-1.990934,nan
3ary,3ary_513,4.850,-5.453466,nan
3ary,3ary_515,4.080,-4.127555,nan
3ary,3ary_540,7.650,-7.453088,nan
3ary,3ary_547,4.490,-2.540205,nan
3ary,3ary_548,2.830,-2.221133,nan
3ary,3ary_556,7.020,-6.145551,nan
3ary,3ary_558,7.700,-7.259565,nan
3ary,3ary_561,4.870,-5.265382,nan
3ary,3ary_580,2.390,-1.990961,nan
3ary,3ary_627,2.970,-4.203827,nan
3ary,3ary_648,8.040,-8.176193,nan
3ary,3ary_650,7.220,-8.009529,nan
3ary,3ary_663,4.920,-3.538899,nan
3ary,3ary_687,5.720,-6.147179,nan
3ary,3ary_702,5.410,-1.884233,nan
3ary,3ary_71,1.940,-0.766402,nan
3ary,3ary_723,3.840,-4.226401,nan
3ary,3ary_727,6.870,-2.080784,nan
3ary,3ary_729,1.770,-0.894612,nan
3ary,3ary_730,6.440,-0.916385,nan
3ary,3ary_731,7.050,-4.545431,nan
3ary,3ary_735,9.620,-5.109926,nan
3ary,3ary_736,2.870,-1.573377,nan
3ary,3ary_739,7.630,-3.010528,nan
3ary,3ary_740,5.470,-2.569321,nan
3ary,3ary_744,4.880,-4.589822,nan
3ary,3ary_750,6.630,-3.206296,nan
3ary,3ary_751,1.830,-1.311020,nan
3ary,3ary_754,1.620,-1.272694,nan
3ary,3ary_762,1.400,-1.299190,nan
3ary,3ary_763,5.960,-2.261923,nan
3ary,3ary_765,2.980,-2.368355,nan
3ary,3ary_770,5.880,-2.563813,nan
3ary,3ary_772,8.230,-3.489750,nan
3ary,3ary_773,3.390,-3.121158,nan
3ary,3ary_774,6.420,-5.100338,nan
3ary,3ary_775,8.700,-6.176540,nan
3ary,3ary_778,6.240,-4.297842,nan
3ary,3ary_797,5.980,-2.570593,nan
3ary,3ary_799,2.600,-1.354533,nan
3ary,3ary_801,8.330,-7.894164,nan
3ary,3ary_805,2.180,-0.481908,nan
3ary,3ary_826,4.070,-4.408933,nan
3ary,3ary_828,3.480,-0.998562,nan
3ary,3ary_832,1.530,-0.939267,nan
3ary,3ary_837,4.400,-1.362757,nan
3ary,3ary_844,1.230,-1.025715,nan
3ary,3ary_850,1.880,-1.624569,nan
3ary,3ary_858,6.030,-1.463819,nan
3ary,3ary_861,2.150,-1.655660,nan
3ary,3ary_864,6.190,-5.433809,nan
3ary,3ary_866,3.810,-1.099330,nan
3ary,3ary_880,7.620,-5.496478,nan
3ary,3ary_884,8.040,-8.034439,nan
3ary,3ary_943,2.870,-1.959158,nan
3ary,3ary_953,5.870,-3.055627,nan
3ary,3ary_968,8.120,-3.258721,nan
3ary,3ary_976,3.600,-2.848057,nan
3ary,3ary_979,1.710,-1.057172,nan
3ary,3ary_981,6.140,-4.879169,nan
3b1m,3b1m_100,9.030,-8.542632,nan
3b1m,3b1m_116,0.790,-0.283284,nan
3b1m,3b1m_149,2.070,-0.533011,nan
3b1m,3b1m_15,8.950,-6.298067,nan
3b1m,3b1m_175,1.020,-0.747598,nan
3b1m,3b1m_197,6.520,-5.104336,nan
3b1m,3b1m_206,2.870,-2.075720,nan
3b1m,3b1m_215,1.330,-0.553665,nan
3b1m,3b1m_218,1.000,-0.930912,nan
3b1m,3b1m_221,0.810,-0.916654,nan
3b1m,3b1m_225,6.860,-4.593431,nan
3b1m,3b1m_233,4.640,-5.407549,nan
3b1m,3b1m_238,5.350,-5.479822,nan
3b1m,3b1m_241,7.280,-7.953649,nan
3b1m,3b1m_260,0.590,-0.262334,nan
3b1m,3b1m_273,0.580,-0.419939,nan
3b1m,3b1m_290,3.640,-3.081146,nan
3b1m,3b1m_300,7.100,-4.819776,nan
3b1m,3b1m_31,9.050,-6.727603,nan
3b1m,3b1m_325,1.610,-0.470039,nan
3b1m,3b1m_33,9.530,-8.589604,nan
3b1m,3b1m_335,8.590,-7.336731,nan
3b1m,3b1m_35,9.590,-8.570991,nan
3b1m,3b1m_365,7.760,-5.706702,nan
3b1m,3b1m_373,1.190,-1.054610,nan
3b1m,3b1m_388,7.830,-8.396169,nan
3b1m,3b1m_392,8.160,-6.310235,nan
3b1m,3b1m_4,6.370,-7.916196,nan
3b1m,3b1m_40,5.130,-4.381447,nan
3b1m,3b1m_412,5.380,-2.373474,nan
3b1m,3b1m_415,4.880,-3.977435,nan
3b1m,3b1m_416,1.960,-1.789754,nan
3b1m,3b1m_418,1.900,-2.351372,nan
3b1m,3b1m_419,3.230,-1.535221,nan
3b1m,3b1m_423,2.790,-1.562893,nan
3b1m,3b1m_451,6.090,-4.344730,nan
3b1m,3b1m_462,3.630,-2.220793,nan
3b1m,3b1m_464,3.050,-2.632551,nan
3b1m,3b1m_467,1.970,-2.067303,nan
3b1m,3b1m_469,4.150,-5.990056,nan
3b1m,3b1m_47,8.190,-5.771075,nan
3b1m,3b1m_486,3.920,-4.977643,nan
3b1m,3b1m_496,4.660,-6.186531,nan
3b1m,3b1m_500,5.040,-4.325988,nan
3b1m,3b1m_523,4.660,-5.813710,nan
3b1m,3b1m_526,6.300,-6.612537,nan
3b1m,3b1m_529,4.070,-2.794448,nan
3b1m,3b1m_531,5.160,-4.387193,nan
3b1m,3b1m_540,8.480,-8.612817,nan
3b1m,3b1m_547,3.900,-3.783871,nan
3b1m,3b1m_553,8.040,-8.554862,nan
3b1m,3b1m_565,4.440,-5.755304,nan
3b1m,3b1m_573,5.620,-6.547024,nan
3b1m,3b1m_594,7.060,-7.742787,nan
3b1m,3b1m_596,2.530,-3.403540,nan
3b1m,3b1m_607,4.290,-4.789049,nan
3b1m,3b1m_632,8.720,-8.529455,nan
3b1m,3b1m_636,6.830,-7.497198,nan
3b1m,3b1m_640,5.160,-4.729311,nan
3b1m,3b1m_652,7.070,-5.789491,nan
3b1m,3b1m_657,7.090,-5.950506,nan
3b1m,3b1m_66,9.160,-7.687443,nan
3b1m,3b1m_660,5.800,-7.696930,nan
3b1m,3b1m_670,9.390,-6.792264,nan
3b1m,3b1m_673,8.550,-8.528190,nan
3b1m,3b1m_675,2.290,-2.802739,nan
3b1m,3b1m_682,8.350,-6.604297,nan
3b1m,3b1m_695,7.030,-8.391983,nan
3b1m,3b1m_699,9.850,-8.583388,nan
3b1m,3b1m_7,0.550,-0.286401,nan
3b1m,3b1m_723,6.150,-5.390783,nan
3b1m,3b1m_724,4.170,-4.932655,nan
3b1m,3b1m_736,2.450,-1.579147,nan
3b1m,3b1m_743,6.260,-6.395211,nan
3b1m,3b1m_750,7.520,-8.562174,nan
3b1m,3b1m_755,5.370,-6.139896,nan
3b1m,3b1m_761,5.810,-5.883537,nan
3b1m,3b1m_765,3.040,-3.468320,nan
3b1m,3b1m_770,9.390,-8.522747,nan
3b1m,3b1m_774,3.460,-2.849900,nan
3b1m,3b1m_775,3.820,-3.129881,nan
3b1m,3b1m_777,6.750,-1.826211,nan
3b1m,3b1m_778,2.920,-2.097395,nan
3b1m,3b1m_789,8.750,-8.569751,nan
3b1m,3b1m_790,7.750,-6.942936,nan
3b1m,3b1m_795,6.750,-3.017332,nan
3b1m,3b1m_804,0.720,-0.435941,nan
3b1m,3b1m_820,1.980,-0.606043,nan
3b1m,3b1m_830,4.120,-4.236057,nan
3b1m,3b1m_852,3.210,-2.623514,nan
3b1m,3b1m_873,1.640,-1.654276,nan
3b1m,3b1m_90,9.470,-8.526011,nan
3b1m,3b1m_905,0.620,-0.529229,nan
3b1m,3b1m_913,0.850,-0.771086,nan
3b1m,3b1m_931,2.730,-2.344190,nan
3b1m,3b1m_949,1.940,-0.252951,nan
3b1m,3b1m_953,0.700,-0.341539,nan
3b1m,3b1m_963,2.530,-3.356422,nan
3b1m,3b1m_969,2.070,-0.979880,nan
3b1m,3b1m_98,9.570,-6.035088,nan
3b27,3b27_106,0.640,-0.418465,nan
3b27,3b27_110,6.110,-5.351604,nan
3b27,3b27_119,5.950,-5.277978,nan
3b27,3b27_120,4.420,-2.663905,nan
3b27,3b27_123,6.660,-5.743931,nan
3b27,3b27_130,2.970,-0.782350,nan
3b27,3b27_139,0.450,-0.153102,nan
3b27,3b27_147,4.010,-2.987552,nan
3b27,3b27_164,0.960,-0.541885,nan
3b27,3b27_168,2.880,-0.514200,nan
3b27,3b27_178,0.880,-0.529520,nan
3b27,3b27_19,2.290,-0.689544,nan
3b27,3b27_199,3.020,-0.597712,nan
3b27,3b27_264,1.160,-0.657925,nan
3b27,3b27_307,0.240,-0.193491,nan
3b27,3b27_311,3.980,-0.203483,nan
3b27,3b27_337,2.590,-0.155758,nan
3b27,3b27_340,0.900,-0.341429,nan
3b27,3b27_351,1.530,-0.278747,nan
3b27,3b27_366,0.380,-0.171467,nan
3b27,3b27_414,6.020,-5.627759,nan
3b27,3b27_417,5.440,-2.494411,nan
3b27,3b27_419,6.300,-5.738861,nan
3b27,3b27_423,5.920,-5.492221,nan
3b27,3b27_431,1.970,-0.657810,nan
3b27,3b27_433,5.130,-2.633685,nan
3b27,3b27_436,2.710,-1.147242,nan
3b27,3b27_439,4.080,-2.078598,nan
3b27,3b27_450,3.730,-1.546082,nan
3b27,3b27_457,6.390,-5.291279,nan
3b27,3b27_458,1.940,-0.802821,nan
3b27,3b27_469,3.650,-1.477065,nan
3b27,3b27_474,5.800,-4.102409,nan
3b27,3b27_487,6.180,-5.114291,nan
3b27,3b27_488,5.030,-2.704325,nan
3b27,3b27_500,2.300,-0.931430,nan
3b27,3b27_505,1.540,-0.821547,nan
3b27,3b27_515,1.770,-0.413752,nan
3b27,3b27_520,1.700,-1.226843,nan
3b27,3b27_521,0.680,-0.541101,nan
3b27,3b27_532,3.550,-1.644964,nan
3b27,3b27_537,4.460,-0.743318,nan
3b27,3b27_538,0.710,-0.486840,nan
3b27,3b27_540,5.680,-4.444643,nan
3b27,3b27_560,1.700,-1.119797,nan
3b27,3b27_566,3.190,-1.987181,nan
3b27,3b27_577,5.160,-3.112043,nan
3b27,3b27_581,2.820,-1.759054,nan
3b27,3b27_587,6.540,-6.377342,nan
3b27,3b27_588,2.820,-2.066935,nan
3b27,3b27_590,6.060,-4.725761,nan
3b27,3b27_591,3.420,-1.880467,nan
3b27,3b27_601,2.030,-1.144182,nan
3b27,3b27_618,6.150,-5.607597,nan
3b27,3b27_619,3.320,-1.956133,nan
3b27,3b27_630,6.220,-5.548222,nan
3b27,3b27_634,4.490,-1.587827,nan
3b27,3b27_647,4.420,-0.840644,nan
3b27,3b27_651,4.290,-0.498774,nan
3b27,3b27_658,3.630,-0.623927,nan
3b27,3b27_661,4.390,-1.692830,nan
3b27,3b27_665,1.570,-1.761859,nan
3b27,3b27_690,2.590,-1.770953,nan
3b27,3b27_692,7.180,-6.171779,nan
3b27,3b27_697,1.990,-0.609277,nan
3b27,3b27_741,4.240,-2.820326,nan
3b27,3b27_77,4.080,-2.164356,nan
3b27,3b27_775,5.040,-1.829420,nan
3b27,3b27_782,5.290,-2.858219,nan
3b27,3b27_8,3.120,-1.748521,nan
3b27,3b27_83,0.680,-0.233351,nan
3b5r,3b5r_161,1.940,-0.518537,nan
3b5r,3b5r_217,1.230,-0.313388,nan
3b5r,3b5r_219,0.950,-0.262637,nan
3b5r,3b5r_220,0.760,-0.218700,nan
3b5r,3b5r_228,1.280,-0.307880,nan
3b5r,3b5r_260,0.860,-0.434966,nan
3b5r,3b5r_267,1.340,-0.596728,nan
3b5r,3b5r_283,1.010,-0.271626,nan
3b5r,3b5r_317,0.600,-0.444730,nan
3b5r,3b5r_331,0.590,-0.595605,nan
3b5r,3b5r_354,0.530,-0.401146,nan
3b5r,3b5r_363,0.980,-0.625841,nan
3b5r,3b5r_409,1.330,-1.032365,nan
3b5r,3b5r_413,5.440,-1.616280,nan
3b5r,3b5r_428,1.790,-1.573695,nan
3b5r,3b5r_432,1.460,-1.098280,nan
3b5r,3b5r_443,4.990,-1.909815,nan
3b5r,3b5r_465,2.860,-1.899514,nan
3b5r,3b5r_468,5.290,-2.067369,nan
3b5r,3b5r_470,2.390,-1.832718,nan
3b5r,3b5r_472,2.070,-2.393444,nan
3b5r,3b5r_477,2.320,-1.370435,nan
3b5r,3b5r_486,5.360,-2.438771,nan
3b5r,3b5r_527,2.290,-1.272962,nan
3b5r,3b5r_531,5.380,-1.646094,nan
3b5r,3b5r_537,4.740,-5.590751,nan
3b5r,3b5r_55,0.680,-0.299176,nan
3b5r,3b5r_550,5.750,-2.326434,nan
3b5r,3b5r_557,1.730,-1.565262,nan
3b5r,3b5r_568,4.840,-3.132397,nan
3b5r,3b5r_571,4.970,-1.678420,nan
3b5r,3b5r_574,5.320,-2.223150,nan
3b5r,3b5r_575,5.000,-1.236422,nan
3b5r,3b5r_578,3.640,-2.193750,nan
3b5r,3b5r_581,3.070,-2.455891,nan
3b5r,3b5r_592,5.850,-2.812123,nan
3b5r,3b5r_615,2.990,-3.429322,nan
3b5r,3b5r_620,3.550,-2.337368,nan
3b5r,3b5r_625,6.010,-3.753885,nan
3b5r,3b5r_627,2.440,-1.298875,nan
3b5r,3b5r_646,4.260,-1.584121,nan
3b5r,3b5r_648,5.290,-1.250894,nan
3b5r,3b5r_649,4.030,-2.871965,nan
3b5r,3b5r_652,2.400,-2.364933,nan
3b5r,3b5r_656,2.400,-1.892368,nan
3b5r,3b5r_658,3.730,-3.039989,nan
3b5r,3b5r_659,6.180,-2.143477,nan
3b5r,3b5r_666,6.310,-2.843566,nan
3b5r,3b5r_668,5.170,-1.953861,nan
3b5r,3b5r_669,1.870,-0.931745,nan
3b5r,3b5r_678,3.310,-2.366706,nan
3b5r,3b5r_680,6.010,-1.844789,nan
3b5r,3b5r_683,5.050,-4.885760,nan
3b5r,3b5r_697,3.850,-1.590826,nan
3b5r,3b5r_763,2.260,-0.452937,nan
3b5r,3b5r_770,4.130,-3.666025,nan
3b5r,3b5r_772,3.960,-5.425507,nan
3b5r,3b5r_776,3.750,-3.277263,nan
3b5r,3b5r_781,3.210,-2.812162,nan
3b5r,3b5r_789,4.140,-2.236740,nan
3b5r,3b5r_792,4.220,-3.866965,nan
3b5r,3b5r_796,3.690,-3.837772,nan
3b5r,3b5r_911,1.000,-0.530851,nan
3b5r,3b5r_969,0.590,-0.404125,nan
3b65,3b65_109,0.740,-0.412730,nan
3b65,3b65_218,0.770,-0.099479,nan
3b65,3b65_240,0.650,-0.085352,nan
3b65,3b65_248,0.580,-0.241972,nan
3b65,3b65_267,0.700,-0.335758,nan
3b65,3b65_288,0.620,-0.107735,nan
3b65,3b65_367,0.450,-0.117906,nan
3b65,3b65_424,2.540,-0.960118,nan
3b65,3b65_433,3.320,-1.958032,nan
3b65,3b65_458,1.890,-1.392758,nan
3b65,3b65_469,1.760,-1.150032,nan
3b65,3b65_473,1.960,-1.590315,nan
3b65,3b65_486,3.300,-1.841779,nan
3b65,3b65_488,3.290,-1.706442,nan
3b65,3b65_493,2.060,-1.136327,nan
3b65,3b65_496,5.630,-4.384139,nan
3b65,3b65_508,1.820,-1.133596,nan
3b65,3b65_509,3.100,-1.414297,nan
3b65,3b65_516,1.590,-1.427496,nan
3b65,3b65_531,1.670,-0.484244,nan
3b65,3b65_533,3.170,-1.554192,nan
3b65,3b65_536,3.320,-1.026465,nan
3b65,3b65_538,2.390,-1.388293,nan
3b65,3b65_542,3.380,-1.583084,nan
3b65,3b65_559,2.050,-2.458964,nan
3b65,3b65_572,1.410,-1.175714,nan
3b65,3b65_584,1.180,-1.017088,nan
3b65,3b65_590,1.250,-0.959280,nan
3b65,3b65_596,3.120,-1.007725,nan
3b65,3b65_611,3.360,-1.010205,nan
3b65,3b65_625,2.350,-1.905500,nan
3b65,3b65_630,2.830,-1.389319,nan
3b65,3b65_635,2.990,-1.044427,nan
3b65,3b65_639,3.800,-2.571790,nan
3b65,3b65_665,1.940,-1.104798,nan
3b65,3b65_666,2.870,-1.986808,nan
3b65,3b65_668,2.120,-1.181376,nan
3b65,3b65_686,2.070,-1.361943,nan
3b65,3b65_735,0.840,-0.380055,nan
3b65,3b65_77,0.890,-0.088457,nan
3b65,3b65_96,0.330,-0.138155,nan
3b68,3b68_121,0.710,-0.289701,nan
3b68,3b68_126,1.000,-0.486738,nan
3b68,3b68_192,0.820,-0.732570,nan
3b68,3b68_228,1.510,-0.446097,nan
3b68,3b68_269,1.860,-0.522981,nan
3b68,3b68_291,0.900,-0.421498,nan
3b68,3b68_304,0.870,-0.263664,nan
3b68,3b68_405,1.990,-1.361769,nan
3b68,3b68_410,2.220,-1.953458,nan
3b68,3b68_418,4.500,-2.690950,nan
3b68,3b68_423,2.710,-1.742577,nan
3b68,3b68_430,1.970,-1.106696,nan
3b68,3b68_438,3.020,-1.959331,nan
3b68,3b68_439,4.760,-1.583042,nan
3b68,3b68_441,1.870,-1.499309,nan
3b68,3b68_446,2.120,-0.812354,nan
3b68,3b68_459,4.960,-1.248002,nan
3b68,3b68_467,4.940,-2.672676,nan
3b68,3b68_475,4.890,-1.889783,nan
3b68,3b68_484,2.340,-1.645739,nan
3b68,3b68_549,2.270,-2.691791,nan
3b68,3b68_558,5.040,-2.996759,nan
3b68,3b68_564,5.190,-2.934453,nan
3b68,3b68_573,5.390,-2.265408,nan
3b68,3b68_574,4.880,-1.017102,nan
3b68,3b68_580,5.580,-1.814460,nan
3b68,3b68_591,5.160,-1.436401,nan
3b68,3b68_605,4.840,-1.506648,nan
3b68,3b68_626,5.260,-1.754331,nan
3b68,3b68_627,3.440,-2.100038,nan
3b68,3b68_644,3.190,-1.624530,nan
3b68,3b68_665,3.100,-1.953087,nan
3b68,3b68_678,5.120,-1.725188,nan
3b68,3b68_683,4.860,-1.334655,nan
3b68,3b68_685,5.270,-1.726273,nan
3b68,3b68_686,2.210,-1.284562,nan
3b68,3b68_687,2.390,-2.355029,nan
3b68,3b68_696,3.110,-2.058316,nan
3b68,3b68_714,0.990,-0.466585,nan
3b68,3b68_753,0.980,-0.502577,nan
3b68,3b68_756,1.240,-0.481179,nan
3b68,3b68_763,1.220,-0.379080,nan
3b68,3b68_772,4.390,-4.730160,nan
3b68,3b68_774,4.590,-4.934998,nan
3b68,3b68_776,5.950,-6.872830,nan
3b68,3b68_778,3.790,-2.730917,nan
3b68,3b68_779,6.070,-6.501173,nan
3b68,3b68_780,6.160,-6.841192,nan
3b68,3b68_781,5.600,-4.463686,nan
3b68,3b68_782,6.170,-6.852575,nan
3b68,3b68_783,6.070,-6.894137,nan
3b68,3b68_784,2.840,-2.666089,nan
3b68,3b68_865,1.250,-0.579090,nan
3b68,3b68_884,2.090,-0.572304,nan
3b68,3b68_904,0.930,-0.592439,nan
3b68,3b68_922,1.060,-0.404236,nan
3b68,3b68_947,0.490,-0.370617,nan
3b68,3b68_962,1.510,-0.542257,nan
3b68,3b68_965,2.090,-0.477778,nan
3b68,3b68_99,0.850,-0.317994,nan
3bgz,3bgz_115,3.560,-1.197078,nan
3bgz,3bgz_138,3.730,-1.170693,nan
3bgz,3bgz_166,0.450,-0.504877,nan
3bgz,3bgz_289,0.370,-0.904135,nan
3bgz,3bgz_303,0.830,-0.684251,nan
3bgz,3bgz_37,0.560,-0.536791,nan
3bgz,3bgz_401,3.320,-3.399204,nan
3bgz,3bgz_415,1.520,-0.888148,nan
3bgz,3bgz_418,4.300,-3.819217,nan
3bgz,3bgz_422,4.130,-4.294568,nan
3bgz,3bgz_424,3.680,-3.252877,nan
3bgz,3bgz_434,4.060,-2.163994,nan
3bgz,3bgz_437,2.780,-1.880666,nan
3bgz,3bgz_440,2.790,-2.481267,nan
3bgz,3bgz_446,2.540,-0.858189,nan
3bgz,3bgz_451,2.250,-1.333656,nan
3bgz,3bgz_452,3.080,-1.643318,nan
3bgz,3bgz_456,2.330,-1.964726,nan
3bgz,3bgz_464,3.970,-1.837080,nan
3bgz,3bgz_465,1.000,-0.800495,nan
3bgz,3bgz_472,1.940,-0.658859,nan
3bgz,3bgz_479,4.060,-2.120762,nan
3bgz,3bgz_486,2.940,-0.651492,nan
3bgz,3bgz_501,0.920,-0.627877,nan
3bgz,3bgz_505,1.400,-1.339485,nan
3bgz,3bgz_51,0.740,-1.079264,nan
3bgz,3bgz_533,6.010,-6.179983,nan
3bgz,3bgz_536,4.180,-2.446913,nan
3bgz,3bgz_538,6.320,-5.758279,nan
3bgz,3bgz_540,5.080,-3.120442,nan
3bgz,3bgz_549,6.160,-5.778772,nan
3bgz,3bgz_551,3.760,-1.689043,nan
3bgz,3bgz_571,6.450,-6.661469,nan
3bgz,3bgz_578,5.200,-4.561410,nan
3bgz,3bgz_580,2.300,-1.024335,nan
3bgz,3bgz_586,3.410,-3.179136,nan
3bgz,3bgz_590,6.060,-4.923609,nan
3bgz,3bgz_593,4.740,-2.889715,nan
3bgz,3bgz_596,4.130,-3.308371,nan
3bgz,3bgz_600,4.430,-3.830210,nan
3bgz,3bgz_601,1.530,-1.747045,nan
3bgz,3bgz_606,2.160,-2.420873,nan
3bgz,3bgz_611,5.230,-6.581065,nan
3bgz,3bgz_621,1.050,-1.189646,nan
3bgz,3bgz_626,1.860,-1.382743,nan
3bgz,3bgz_628,3.300,-2.675801,nan
3bgz,3bgz_637,1.850,-2.187887,nan
3bgz,3bgz_643,1.850,-1.257222,nan
3bgz,3bgz_653,1.480,-0.868043,nan
3bgz,3bgz_687,2.100,-1.180917,nan
3bgz,3bgz_689,5.920,-5.913193,nan
3bgz,3bgz_694,4.120,-3.574691,nan
3bgz,3bgz_697,2.740,-1.025328,nan
3bgz,3bgz_740,5.360,-2.889983,nan
3bgz,3bgz_766,5.320,-4.544951,nan
3bgz,3bgz_779,5.180,-3.524248,nan
3bgz,3bgz_784,5.650,-3.270051,nan
3bgz,3bgz_791,5.640,-3.303746,nan
3bgz,3bgz_795,4.500,-2.695992,nan
3bgz,3bgz_796,5.390,-4.078096,nan
3bgz,3bgz_81,0.440,-0.393362,nan
3bgz,3bgz_844,0.590,-0.605377,nan
3bgz,3bgz_90,3.190,-0.872584,nan
3bgz,3bgz_97,0.230,-0.425480,nan
3bgz,3bgz_998,1.880,-0.499802,nan
3bv9,3bv9_118,9.100,-8.566250,nan
3bv9,3bv9_119,7.110,-8.557158,nan
3bv9,3bv9_120,1.900,-8.557526,nan
3bv9,3bv9_124,1.880,-8.547201,nan
3bv9,3bv9_13,3.300,-8.538162,nan
3bv9,3bv9_133,6.700,-8.542487,nan
3bv9,3bv9_134,7.480,-8.549006,nan
3bv9,3bv9_137,1.820,-8.549515,nan
3bv9,3bv9_141,9.180,-8.546206,nan
3bv9,3bv9_148,5.520,-8.541951,nan
3bv9,3bv9_15,7.020,-8.544094,nan
3bv9,3bv9_156,8.010,-8.553176,nan
3bv9,3bv9_166,7.590,-8.553900,nan
3bv9,3bv9_167,6.540,-8.551545,nan
3bv9,3bv9_190,8.510,-8.512208,nan
3bv9,3bv9_195,0.700,-8.551847,nan
3bv9,3bv9_204,2.880,-8.546115,nan
3bv9,3bv9_227,9.950,-8.552883,nan
3bv9,3bv9_231,9.720,-8.539775,nan
3bv9,3bv9_233,5.540,-8.548838,nan
3bv9,3bv9_239,8.980,-8.551532,nan
3bv9,3bv9_240,6.140,-8.530724,nan
3bv9,3bv9_244,6.470,-8.544282,nan
3bv9,3bv9_25,7.530,-8.548160,nan
3bv9,3bv9_264,4.990,-8.537287,nan
3bv9,3bv9_271,5.470,-8.525994,nan
3bv9,3bv9_277,8.060,-8.562262,nan
3bv9,3bv9_279,8.310,-8.537814,nan
3bv9,3bv9_298,2.930,-8.543658,nan
3bv9,3bv9_308,1.350,-8.554545,nan
3bv9,3bv9_317,1.490,-8.551870,nan
3bv9,3bv9_324,9.030,-8.565402,nan
3bv9,3bv9_325,0.880,-8.551573,nan
3bv9,3bv9_326,4.360,-8.549713,nan
3bv9,3bv9_332,2.720,-8.545257,nan
3bv9,3bv9_339,1.860,-8.542503,nan
3bv9,3bv9_345,1.520,-8.546354,nan
3bv9,3bv9_35,2.280,-8.543117,nan
3bv9,3bv9_353,1.940,-8.548470,nan
3bv9,3bv9_370,8.160,-8.544551,nan
3bv9,3bv9_384,9.220,-8.555076,nan
3bv9,3bv9_388,0.940,-8.553522,nan
3bv9,3bv9_392,2.070,-8.546540,nan
3bv9,3bv9_393,5.820,-8.542853,nan
3bv9,3bv9_40,1.920,-8.541937,nan
3bv9,3bv9_441,4.620,-8.505155,nan
3bv9,3bv9_444,2.890,-8.552601,nan
3bv9,3bv9_456,9.090,-8.524236,nan
3bv9,3bv9_460,7.040,-8.170707,nan
3bv9,3bv9_50,2.710,-8.532954,nan
3bv9,3bv9_53,9.160,-8.555624,nan
3bv9,3bv9_533,4.160,-8.535982,nan
3bv9,3bv9_550,8.040,-8.553713,nan
3bv9,3bv9_582,9.220,-8.542752,nan
3bv9,3bv9_589,8.050,-8.545282,nan
3bv9,3bv9_597,7.690,-8.543077,nan
3bv9,3bv9_618,8.000,-8.293660,nan
3bv9,3bv9_667,3.870,-8.545220,nan
3bv9,3bv9_684,9.220,-8.542471,nan
3bv9,3bv9_688,7.950,-8.551992,nan
3bv9,3bv9_693,8.420,-8.529008,nan
3bv9,3bv9_71,0.870,-8.548496,nan
3bv9,3bv9_743,4.020,-8.546097,nan
3bv9,3bv9_751,2.790,-8.556765,nan
3bv9,3bv9_752,3.640,-8.542367,nan
3bv9,3bv9_754,5.730,-8.538763,nan
3bv9,3bv9_756,3.910,-8.549356,nan
3bv9,3bv9_757,4.250,-8.533245,nan
3bv9,3bv9_762,2.120,-8.546557,nan
3bv9,3bv9_767,5.610,-8.544826,nan
3bv9,3bv9_770,3.940,-8.535561,nan
3bv9,3bv9_771,4.440,-8.537565,nan
3bv9,3bv9_779,3.600,-8.537829,nan
3bv9,3bv9_780,5.250,-8.530100,nan
3bv9,3bv9_783,4.470,-8.525446,nan
3bv9,3bv9_784,5.500,-8.519566,nan
3bv9,3bv9_787,7.240,-8.534603,nan
3bv9,3bv9_788,6.980,-8.543695,nan
3bv9,3bv9_804,3.830,-8.541718,nan
3bv9,3bv9_812,3.770,-8.534348,nan
3bv9,3bv9_836,6.100,-8.545960,nan
3bv9,3bv9_851,6.370,-8.547745,nan
3bv9,3bv9_865,3.980,-8.548502,nan
3bv9,3bv9_88,8.130,-8.545407,nan
3bv9,3bv9_888,6.330,-8.548033,nan
3bv9,3bv9_92,1.560,-8.551003,nan
3bv9,3bv9_949,6.240,-8.552163,nan
3bv9,3bv9_951,5.680,-8.536062,nan
3bv9,3bv9_954,4.720,-8.551561,nan
3bv9,3bv9_968,4.330,-8.561097,nan
3bv9,3bv9_971,4.000,-8.554344,nan
3bv9,3bv9_976,6.900,-8.542999,nan
3bv9,3bv9_98,2.880,-8.540710,nan
3bv9,3bv9_987,5.520,-8.537248,nan
3cj4,3cj4_115,0.980,-0.450539,nan
3cj4,3cj4_125,0.950,-0.540213,nan
3cj4,3cj4_128,1.060,-0.608972,nan
3cj4,3cj4_137,4.920,-1.257257,nan
3cj4,3cj4_140,1.310,-0.769137,nan
3cj4,3cj4_157,1.180,-2.244366,nan
3cj4,3cj4_164,0.700,-0.656342,nan
3cj4,3cj4_166,0.500,-0.914085,nan
3cj4,3cj4_168,1.280,-0.652734,nan
3cj4,3cj4_179,0.760,-0.533994,nan
3cj4,3cj4_206,6.980,-4.965746,nan
3cj4,3cj4_233,5.370,-4.896192,nan
3cj4,3cj4_235,2.820,-0.753380,nan
3cj4,3cj4_239,0.570,-0.558605,nan
3cj4,3cj4_273,7.440,-6.237371,nan
3cj4,3cj4_294,2.210,-0.823217,nan
3cj4,3cj4_30,1.650,-0.433389,nan
3cj4,3cj4_324,8.210,-7.886877,nan
3cj4,3cj4_331,5.200,-1.603843,nan
3cj4,3cj4_333,6.520,-6.810007,nan
3cj4,3cj4_338,0.640,-0.411034,nan
3cj4,3cj4_367,5.880,-6.259173,nan
3cj4,3cj4_384,0.820,-0.976191,nan
3cj4,3cj4_391,0.860,-0.377224,nan
3cj4,3cj4_40,6.020,-1.746221,nan
3cj4,3cj4_407,7.980,-7.717968,nan
3cj4,3cj4_41,6.220,-4.929505,nan
3cj4,3cj4_42,1.890,-0.682390,nan
3cj4,3cj4_43,2.200,-1.433077,nan
3cj4,3cj4_449,4.930,-3.743505,nan
3cj4,3cj4_50,4.750,-4.595371,nan
3cj4,3cj4_501,2.770,-2.284466,nan
3cj4,3cj4_509,2.980,-2.289988,nan
3cj4,3cj4_528,8.470,-8.132506,nan
3cj4,3cj4_532,7.110,-7.732006,nan
3cj4,3cj4_536,3.870,-3.332550,nan
3cj4,3cj4_542,3.250,-1.536126,nan
3cj4,3cj4_545,7.590,-8.461702,nan
3cj4,3cj4_549,3.210,-1.050498,nan
3cj4,3cj4_55,7.810,-7.845397,nan
3cj4,3cj4_557,7.760,-7.164569,nan
3cj4,3cj4_558,7.020,-7.296265,nan
3cj4,3cj4_560,3.220,-1.960222,nan
3cj4,3cj4_573,5.090,-5.693896,nan
3cj4,3cj4_574,7.000,-5.245800,nan
3cj4,3cj4_576,7.570,-4.972803,nan
3cj4,3cj4_577,7.240,-7.143105,nan
3cj4,3cj4_58,3.210,-2.774629,nan
3cj4,3cj4_582,4.660,-4.086425,nan
3cj4,3cj4_585,2.740,-3.153710,nan
3cj4,3cj4_587,2.190,-1.022920,nan
3cj4,3cj4_588,4.580,-5.599996,nan
3cj4,3cj4_591,2.680,-1.701614,nan
3cj4,3cj4_597,8.700,-8.552935,nan
3cj4,3cj4_600,4.850,-2.549193,nan
3cj4,3cj4_604,6.260,-5.633870,nan
3cj4,3cj4_610,4.240,-3.174928,nan
3cj4,3cj4_614,3.720,-2.807132,nan
3cj4,3cj4_619,3.790,-2.586110,nan
3cj4,3cj4_622,5.010,-1.026052,nan
3cj4,3cj4_634,7.540,-7.643453,nan
3cj4,3cj4_647,4.520,-4.785288,nan
3cj4,3cj4_672,3.120,-1.407376,nan
3cj4,3cj4_676,3.350,-2.937526,nan
3cj4,3cj4_687,3.690,-2.902225,nan
3cj4,3cj4_742,1.500,-0.862695,nan
3cj4,3cj4_746,2.060,-0.957654,nan
3cj4,3cj4_762,5.000,-0.674599,nan
3cj4,3cj4_768,6.030,-2.066375,nan
3cj4,3cj4_775,5.470,-1.623207,nan
3cj4,3cj4_780,5.480,-1.433107,nan
3cj4,3cj4_781,6.240,-2.534441,nan
3cj4,3cj4_782,5.940,-1.799137,nan
3cj4,3cj4_786,2.670,-2.035378,nan
3cj4,3cj4_788,6.150,-1.439198,nan
3cj4,3cj4_8,4.930,-1.770064,nan
3cj4,3cj4_812,1.950,-0.704809,nan
3cj4,3cj4_84,5.130,-2.194979,nan
3cj4,3cj4_866,0.930,-0.687705,nan
3cj4,3cj4_87,6.670,-6.332788,nan
3cj4,3cj4_878,1.920,-0.839265,nan
3cj4,3cj4_88,8.460,-8.576888,nan
3cj4,3cj4_93,5.110,-5.552731,nan
3cj4,3cj4_987,1.490,-0.306408,nan
3coy,3coy_110,6.640,-6.100789,nan
3coy,3coy_120,8.180,-7.730279,nan
3coy,3coy_156,9.130,-6.249019,nan
3coy,3coy_158,4.120,-4.970795,nan
3coy,3coy_16,0.930,-0.307463,nan
3coy,3coy_163,5.910,-4.813502,nan
3coy,3coy_168,7.990,-8.391844,nan
3coy,3coy_185,7.120,-6.784870,nan
3coy,3coy_189,6.160,-5.230266,nan
3coy,3coy_215,3.370,-3.553362,nan
3coy,3coy_224,0.480,-0.280346,nan
3coy,3coy_235,0.730,-0.463152,nan
3coy,3coy_252,0.930,-0.733210,nan
3coy,3coy_254,0.620,-0.505325,nan
3coy,3coy_258,2.900,-0.857076,nan
3coy,3coy_262,2.760,-2.551298,nan
3coy,3coy_276,9.420,-5.819594,nan
3coy,3coy_280,1.350,-0.791799,nan
3coy,3coy_291,2.650,-0.595424,nan
3coy,3coy_293,5.440,-4.029721,nan
3coy,3coy_305,9.990,-7.921637,nan
3coy,3coy_31,0.500,-0.409962,nan
3coy,3coy_339,6.850,-6.891612,nan
3coy,3coy_347,8.000,-6.085134,nan
3coy,3coy_355,3.290,-2.874785,nan
3coy,3coy_359,6.260,-4.176763,nan
3coy,3coy_373,8.580,-6.737369,nan
3coy,3coy_384,0.260,-0.477623,nan
3coy,3coy_395,0.590,-0.206217,nan
3coy,3coy_4,1.500,-0.765288,nan
3coy,3coy_400,8.240,-7.008918,nan
3coy,3coy_416,1.590,-0.902640,nan
3coy,3coy_417,2.740,-0.648801,nan
3coy,3coy_422,4.700,-3.574948,nan
3coy,3coy_425,3.700,-2.373510,nan
3coy,3coy_44,3.370,-1.482528,nan
3coy,3coy_444,3.780,-2.003568,nan
3coy,3coy_455,3.970,-3.289203,nan
3coy,3coy_458,4.150,-2.888850,nan
3coy,3coy_460,1.870,-1.407747,nan
3coy,3coy_463,1.250,-0.962727,nan
3coy,3coy_464,3.490,-1.916466,nan
3coy,3coy_467,7.980,-2.076785,nan
3coy,3coy_468,1.690,-1.451431,nan
3coy,3coy_472,4.080,-3.170502,nan
3coy,3coy_476,7.190,-1.973867,nan
3coy,3coy_485,7.310,-3.576527,nan
3coy,3coy_498,7.600,-1.628276,nan
3coy,3coy_500,2.190,-2.011093,nan
3coy,3coy_510,3.110,-1.521054,nan
3coy,3coy_513,6.430,-6.014835,nan
3coy,3coy_522,1.720,-1.238618,nan
3coy,3coy_525,1.930,-0.714039,nan
3coy,3coy_528,4.670,-4.973336,nan
3coy,3coy_529,4.060,-2.340006,nan
3coy,3coy_541,4.240,-2.251329,nan
3coy,3coy_544,7.750,-4.853230,nan
3coy,3coy_545,2.500,-1.520041,nan
3coy,3coy_546,5.240,-3.250413,nan
3coy,3coy_547,4.820,-3.589840,nan
3coy,3coy_550,8.060,-3.085661,nan
3coy,3coy_553,6.010,-2.575475,nan
3coy,3coy_559,2.960,-2.360685,nan
3coy,3coy_562,3.550,-2.339793,nan
3coy,3coy_563,5.990,-6.319660,nan
3coy,3coy_566,4.030,-3.048953,nan
3coy,3coy_581,2.970,-1.624391,nan
3coy,3coy_582,7.120,-7.827896,nan
3coy,3coy_588,5.450,-4.243016,nan
3coy,3coy_589,5.950,-2.014099,nan
3coy,3coy_591,5.500,-4.473300,nan
3coy,3coy_593,6.930,-3.095644,nan
3coy,3coy_600,5.450,-5.099920,nan
3coy,3coy_610,6.890,-3.888775,nan
3coy,3coy_611,2.530,-1.483025,nan
3coy,3coy_619,8.920,-3.594810,nan
3coy,3coy_620,5.220,-3.984766,nan
3coy,3coy_623,4.110,-3.820300,nan
3coy,3coy_632,7.290,-4.519545,nan
3coy,3coy_634,8.560,-6.910960,nan
3coy,3coy_640,6.550,-7.316173,nan
3coy,3coy_650,8.200,-2.103269,nan
3coy,3coy_66,1.770,-0.553424,nan
3coy,3coy_667,6.460,-5.521996,nan
3coy,3coy_675,3.960,-1.864787,nan
3coy,3coy_684,8.430,-1.978830,nan
3coy,3coy_685,2.190,-1.159260,nan
3coy,3coy_686,8.950,-5.128769,nan
3coy,3coy_693,5.560,-5.185853,nan
3coy,3coy_695,8.030,-7.073261,nan
3coy,3coy_733,0.930,-0.412745,nan
3coy,3coy_794,1.760,-1.014888,nan
3coy,3coy_834,0.900,-0.735161,nan
3coz,3coz_103,7.320,-7.576313,nan
3coz,3coz_108,9.390,-7.598659,nan
3coz,3coz_112,8.270,-8.357269,nan
3coz,3coz_117,6.930,-6.759502,nan
3coz,3coz_128,9.330,-6.992231,nan
3coz,3coz_136,0.780,-0.344098,nan
3coz,3coz_141,6.680,-6.120901,nan
3coz,3coz_167,8.400,-7.047253,nan
3coz,3coz_17,5.140,-4.956821,nan
3coz,3coz_173,9.240,-7.326458,nan
3coz,3coz_176,9.270,-6.646854,nan
3coz,3coz_20,8.240,-7.230087,nan
3coz,3coz_203,1.030,-0.607120,nan
3coz,3coz_206,0.430,-0.335373,nan
3coz,3coz_212,2.170,-0.147622,nan
3coz,3coz_214,1.910,-0.205702,nan
3coz,3coz_220,2.960,-2.132594,nan
3coz,3coz_221,2.870,-0.879405,nan
3coz,3coz_222,0.410,-0.477560,nan
3coz,3coz_238,0.450,-0.341296,nan
3coz,3coz_24,5.420,-5.768672,nan
3coz,3coz_247,0.620,-0.369464,nan
3coz,3coz_251,0.790,-0.405775,nan
3coz,3coz_256,2.680,-1.285628,nan
3coz,3coz_263,0.830,-0.604658,nan
3coz,3coz_282,4.090,-4.231881,nan
3coz,3coz_285,7.850,-6.194802,nan
3coz,3coz_311,6.210,-3.063432,nan
3coz,3coz_327,3.980,-2.786763,nan
3coz,3coz_332,4.070,-1.990991,nan
3coz,3coz_347,6.340,-4.279592,nan
3coz,3coz_35,9.330,-6.677463,nan
3coz,3coz_359,7.680,-7.665894,nan
3coz,3coz_376,9.120,-8.190195,nan
3coz,3coz_388,0.830,-0.395212,nan
3coz,3coz_393,0.590,-0.389802,nan
3coz,3coz_401,3.190,-0.970816,nan
3coz,3coz_405,1.550,-1.211325,nan
3coz,3coz_407,1.380,-1.077942,nan
3coz,3coz_413,9.020,-4.256598,nan
3coz,3coz_420,1.670,-0.837150,nan
3coz,3coz_421,2.860,-0.690272,nan
3coz,3coz_43,9.050,-7.019863,nan
3coz,3coz_436,3.150,-1.015918,nan
3coz,3coz_440,1.420,-1.122469,nan
3coz,3coz_45,5.920,-5.347737,nan
3coz,3coz_459,4.150,-2.111936,nan
3coz,3coz_464,3.080,-1.551546,nan
3coz,3coz_465,5.280,-3.660535,nan
3coz,3coz_468,1.800,-1.589387,nan
3coz,3coz_481,2.990,-1.059121,nan
3coz,3coz_489,3.720,-0.932889,nan
3coz,3coz_493,2.410,-1.001076,nan
3coz,3coz_515,2.950,-1.518001,nan
3coz,3coz_518,2.130,-1.423232,nan
3coz,3coz_523,1.900,-0.962616,nan
3coz,3coz_536,1.710,-0.889174,nan
3coz,3coz_539,7.140,-6.996635,nan
3coz,3coz_540,6.100,-4.573924,nan
3coz,3coz_543,5.440,-5.173190,nan
3coz,3coz_547,7.940,-3.543445,nan
3coz,3coz_548,5.750,-3.937321,nan
3coz,3coz_55,9.610,-6.838921,nan
3coz,3coz_552,6.920,-3.120144,nan
3coz,3coz_557,4.990,-3.692003,nan
3coz,3coz_558,4.580,-4.357815,nan
3coz,3coz_561,4.610,-4.248408,nan
3coz,3coz_565,5.150,-3.185458,nan
3coz,3coz_567,4.610,-2.360746,nan
3coz,3coz_576,4.820,-3.302256,nan
3coz,3coz_577,7.710,-2.060371,nan
3coz,3coz_580,2.770,-2.284182,nan
3coz,3coz_59,6.110,-6.019214,nan
3coz,3coz_593,5.480,-4.421869,nan
3coz,3coz_594,8.100,-1.135604,nan
3coz,3coz_604,7.820,-2.017051,nan
3coz,3coz_605,4.050,-2.379179,nan
3coz,3coz_619,3.890,-3.176668,nan
3coz,3coz_620,3.850,-2.650925,nan
3coz,3coz_626,6.070,-5.147831,nan
3coz,3coz_628,8.720,-3.771846,nan
3coz,3coz_637,6.820,-4.415669,nan
3coz,3coz_642,7.580,-2.274827,nan
3coz,3coz_654,8.550,-7.873633,nan
3coz,3coz_657,8.220,-1.624237,nan
3coz,3coz_665,5.350,-2.703859,nan
3coz,3coz_668,5.560,-3.950156,nan
3coz,3coz_67,6.550,-6.519668,nan
3coz,3coz_673,3.870,-4.387080,nan
3coz,3coz_680,4.290,-3.306868,nan
3coz,3coz_688,7.090,-2.775928,nan
3coz,3coz_691,8.910,-7.861884,nan
3coz,3coz_694,7.060,-3.835726,nan
3coz,3coz_696,8.090,-3.403619,nan
3coz,3coz_7,3.030,-2.925627,nan
3coz,3coz_726,0.660,-0.700699,nan
3coz,3coz_83,3.400,-3.259731,nan
3coz,3coz_87,8.060,-7.889238,nan
3coz,3coz_894,1.810,-1.254459,nan
3d4z,3d4z_12,0.910,-0.398563,nan
3d4z,3d4z_128,0.780,-0.552189,nan
3d4z,3d4z_132,0.340,-0.437265,nan
3d4z,3d4z_233,0.930,-1.017190,nan
3d4z,3d4z_250,0.630,-0.631365,nan
3d4z,3d4z_331,1.060,-0.856220,nan
3d4z,3d4z_340,0.470,-0.620732,nan
3d4z,3d4z_376,0.310,-0.417418,nan
3d4z,3d4z_403,0.920,-0.831474,nan
3d4z,3d4z_410,2.860,-2.144702,nan
3d4z,3d4z_415,2.180,-0.929098,nan
3d4z,3d4z_434,2.020,-0.934685,nan
3d4z,3d4z_435,1.580,-0.987383,nan
3d4z,3d4z_447,2.790,-1.283379,nan
3d4z,3d4z_486,1.670,-1.526289,nan
3d4z,3d4z_528,1.770,-1.026078,nan
3d4z,3d4z_540,5.730,-4.109304,nan
3d4z,3d4z_559,3.500,-2.815930,nan
3d4z,3d4z_563,3.220,-2.141183,nan
3d4z,3d4z_564,6.050,-5.261712,nan
3d4z,3d4z_580,4.390,-2.175705,nan
3d4z,3d4z_593,3.750,-2.574974,nan
3d4z,3d4z_614,4.570,-3.129460,nan
3d4z,3d4z_618,4.340,-3.078427,nan
3d4z,3d4z_621,6.980,-5.231024,nan
3d4z,3d4z_622,5.810,-4.838387,nan
3d4z,3d4z_623,6.160,-4.259358,nan
3d4z,3d4z_624,5.100,-3.721319,nan
3d4z,3d4z_627,5.950,-4.105369,nan
3d4z,3d4z_633,5.240,-3.770803,nan
3d4z,3d4z_638,5.840,-4.431977,nan
3d4z,3d4z_647,6.060,-5.346346,nan
3d4z,3d4z_652,6.360,-5.595530,nan
3d4z,3d4z_654,4.270,-2.650509,nan
3d4z,3d4z_656,5.380,-4.483293,nan
3d4z,3d4z_658,5.100,-3.179355,nan
3d4z,3d4z_659,5.690,-3.782578,nan
3d4z,3d4z_673,6.630,-4.577907,nan
3d4z,3d4z_675,5.670,-4.725286,nan
3d4z,3d4z_682,6.310,-4.543233,nan
3d4z,3d4z_689,4.220,-3.718443,nan
3d4z,3d4z_694,6.590,-4.966224,nan
3d4z,3d4z_703,0.840,-0.775670,nan
3d4z,3d4z_713,2.840,-0.847080,nan
3d4z,3d4z_729,0.950,-1.140426,nan
3d4z,3d4z_741,3.600,-3.159939,nan
3d4z,3d4z_743,3.350,-1.347989,nan
3d4z,3d4z_745,4.610,-4.168056,nan
3d4z,3d4z_746,1.860,-0.699964,nan
3d4z,3d4z_760,3.240,-1.111491,nan
3d4z,3d4z_761,2.460,-1.155484,nan
3d4z,3d4z_768,4.680,-3.442184,nan
3d4z,3d4z_770,4.190,-4.620817,nan
3d4z,3d4z_780,3.240,-1.684462,nan
3d4z,3d4z_784,4.320,-3.246624,nan
3d4z,3d4z_786,2.790,-2.004445,nan
3d4z,3d4z_787,2.350,-1.218266,nan
3d4z,3d4z_788,2.630,-0.917150,nan
3d4z,3d4z_790,4.320,-3.376030,nan
3d4z,3d4z_791,3.700,-3.463298,nan
3d4z,3d4z_794,2.500,-1.800918,nan
3d4z,3d4z_795,1.110,-1.592582,nan
3d4z,3d4z_797,1.990,-1.111615,nan
3d4z,3d4z_804,1.990,-0.583395,nan
3d4z,3d4z_840,1.750,-0.647822,nan
3d4z,3d4z_889,3.390,-2.206071,nan
3d4z,3d4z_932,3.050,-0.917800,nan
3d4z,3d4z_955,1.590,-0.915590,nan
3d6q,3d6q_117,5.980,-0.919362,nan
3d6q,3d6q_123,4.250,-2.396829,nan
3d6q,3d6q_132,4.390,-1.786164,nan
3d6q,3d6q_140,3.860,-1.989482,nan
3d6q,3d6q_163,2.660,-1.628523,nan
3d6q,3d6q_207,3.860,-1.525937,nan
3d6q,3d6q_23,2.260,-0.877894,nan
3d6q,3d6q_248,5.740,-0.932691,nan
3d6q,3d6q_250,7.400,-5.421015,nan
3d6q,3d6q_259,3.850,-2.687944,nan
3d6q,3d6q_276,2.750,-0.452817,nan
3d6q,3d6q_289,2.860,-1.381058,nan
3d6q,3d6q_299,4.860,-1.954110,nan
3d6q,3d6q_312,1.870,-0.826806,nan
3d6q,3d6q_313,2.040,-0.469109,nan
3d6q,3d6q_320,1.980,-0.478719,nan
3d6q,3d6q_321,1.940,-0.523310,nan
3d6q,3d6q_338,3.150,-0.670872,nan
3d6q,3d6q_357,2.360,-0.957288,nan
3d6q,3d6q_367,2.470,-0.846215,nan
3d6q,3d6q_373,3.090,-1.770383,nan
3d6q,3d6q_404,6.160,-1.448951,nan
3d6q,3d6q_420,6.430,-2.182643,nan
3d6q,3d6q_433,7.260,-2.462466,nan
3d6q,3d6q_451,8.050,-5.058304,nan
3d6q,3d6q_454,7.490,-6.567519,nan
3d6q,3d6q_46,1.970,-0.579651,nan
3d6q,3d6q_491,3.960,-1.917741,nan
3d6q,3d6q_498,8.150,-4.138998,nan
3d6q,3d6q_50,2.460,-0.978872,nan
3d6q,3d6q_500,6.690,-5.250180,nan
3d6q,3d6q_528,4.220,-0.627883,nan
3d6q,3d6q_539,3.780,-1.782298,nan
3d6q,3d6q_546,8.220,-2.269596,nan
3d6q,3d6q_551,3.720,-0.600556,nan
3d6q,3d6q_563,6.030,-3.688085,nan
3d6q,3d6q_574,5.090,-2.110518,nan
3d6q,3d6q_581,5.020,-1.399751,nan
3d6q,3d6q_586,8.210,-1.619629,nan
3d6q,3d6q_592,8.080,-5.339703,nan
3d6q,3d6q_610,7.430,-5.253179,nan
3d6q,3d6q_614,7.830,-5.169681,nan
3d6q,3d6q_624,7.060,-3.451610,nan
3d6q,3d6q_654,4.450,-1.614510,nan
3d6q,3d6q_665,7.080,-4.775280,nan
3d6q,3d6q_671,3.250,-0.628818,nan
3d6q,3d6q_674,2.970,-1.527710,nan
3d6q,3d6q_679,4.360,-1.330458,nan
3d6q,3d6q_691,2.880,-1.442662,nan
3d6q,3d6q_698,6.950,-4.728147,nan
3d6q,3d6q_708,6.440,-0.906244,nan
3d6q,3d6q_710,7.160,-4.304960,nan
3d6q,3d6q_718,8.020,-4.493122,nan
3d6q,3d6q_724,5.320,-2.592321,nan
3d6q,3d6q_726,5.550,-4.714889,nan
3d6q,3d6q_729,8.090,-5.510946,nan
3d6q,3d6q_738,4.840,-2.498908,nan
3d6q,3d6q_750,6.060,-2.590834,nan
3d6q,3d6q_753,5.880,-0.587418,nan
3d6q,3d6q_754,5.840,-1.231296,nan
3d6q,3d6q_755,6.270,-4.017610,nan
3d6q,3d6q_756,4.170,-1.499545,nan
3d6q,3d6q_760,8.040,-7.230226,nan
3d6q,3d6q_776,6.410,-3.676108,nan
3d6q,3d6q_782,5.840,-0.621404,nan
3d6q,3d6q_80,7.440,-1.942919,nan
3d6q,3d6q_809,7.190,-3.662051,nan
3d6q,3d6q_810,4.630,-2.633986,nan
3d6q,3d6q_821,8.120,-4.586677,nan
3d6q,3d6q_822,3.310,-1.032405,nan
3d6q,3d6q_837,5.820,-3.649218,nan
3d6q,3d6q_839,6.480,-2.800638,nan
3d6q,3d6q_915,8.050,-6.908294,nan
3d6q,3d6q_953,4.300,-1.170949,nan
3d6q,3d6q_98,1.830,-0.707336,nan
3dd0,3dd0_156,5.990,-1.783230,nan
3dd0,3dd0_158,0.890,-0.735248,nan
3dd0,3dd0_161,0.970,-0.547836,nan
3dd0,3dd0_162,5.920,-1.997522,nan
3dd0,3dd0_168,0.930,-0.627185,nan
3dd0,3dd0_182,5.960,-1.643343,nan
3dd0,3dd0_197,5.810,-0.966844,nan
3dd0,3dd0_234,2.940,-1.559076,nan
3dd0,3dd0_238,0.960,-0.302665,nan
3dd0,3dd0_263,6.030,-1.562181,nan
3dd0,3dd0_273,2.490,-1.862203,nan
3dd0,3dd0_277,0.910,-0.387836,nan
3dd0,3dd0_283,0.990,-0.341536,nan
3dd0,3dd0_298,0.830,-0.421015,nan
3dd0,3dd0_314,5.850,-0.967948,nan
3dd0,3dd0_316,5.910,-1.947778,nan
3dd0,3dd0_360,5.870,-1.206156,nan
3dd0,3dd0_378,5.830,-2.023707,nan
3dd0,3dd0_402,4.180,-2.306984,nan
3dd0,3dd0_403,2.180,-1.961250,nan
3dd0,3dd0_406,6.220,-1.530221,nan
3dd0,3dd0_411,1.670,-0.611446,nan
3dd0,3dd0_42,5.890,-2.028144,nan
3dd0,3dd0_43,1.030,-0.310962,nan
3dd0,3dd0_432,2.850,-2.778773,nan
3dd0,3dd0_441,1.950,-1.228444,nan
3dd0,3dd0_451,2.310,-1.655067,nan
3dd0,3dd0_455,3.120,-2.284709,nan
3dd0,3dd0_47,1.030,-0.536170,nan
3dd0,3dd0_478,4.290,-2.093800,nan
3dd0,3dd0_479,0.920,-0.430036,nan
3dd0,3dd0_482,4.100,-1.850617,nan
3dd0,3dd0_484,3.880,-1.237868,nan
3dd0,3dd0_495,1.630,-0.943259,nan
3dd0,3dd0_50,1.370,-0.350546,nan
3dd0,3dd0_505,0.920,-0.835722,nan
3dd0,3dd0_506,2.000,-0.732022,nan
3dd0,3dd0_508,1.960,-0.877375,nan
3dd0,3dd0_510,1.580,-0.755206,nan
3dd0,3dd0_553,2.820,-2.825281,nan
3dd0,3dd0_567,2.040,-0.786178,nan
3dd0,3dd0_570,1.320,-0.876644,nan
3dd0,3dd0_572,3.280,-2.731877,nan
3dd0,3dd0_582,2.180,-0.626914,nan
3dd0,3dd0_585,3.260,-1.845260,nan
3dd0,3dd0_595,3.060,-2.074272,nan
3dd0,3dd0_61,3.780,-2.909424,nan
3dd0,3dd0_642,4.040,-3.486996,nan
3dd0,3dd0_645,0.760,-0.469098,nan
3dd0,3dd0_657,2.110,-1.746263,nan
3dd0,3dd0_700,3.250,-1.962009,nan
3dd0,3dd0_71,6.180,-2.406306,nan
3dd0,3dd0_725,6.500,-2.221801,nan
3dd0,3dd0_761,6.760,-3.231670,nan
3dd0,3dd0_769,7.250,-4.265346,nan
3dd0,3dd0_772,7.350,-4.607116,nan
3dd0,3dd0_775,4.520,-4.069663,nan
3dd0,3dd0_777,3.580,-2.735621,nan
3dd0,3dd0_787,3.040,-2.276254,nan
3dd0,3dd0_788,2.740,-1.263818,nan
3dd0,3dd0_796,4.380,-4.130371,nan
3dd0,3dd0_821,6.370,-1.946479,nan
3dd0,3dd0_868,6.630,-2.844885,nan
3dd0,3dd0_869,3.400,-2.893768,nan
3dd0,3dd0_886,7.110,-3.405632,nan
3dd0,3dd0_892,7.090,-3.264641,nan
3dd0,3dd0_895,6.530,-2.844220,nan
3dd0,3dd0_897,7.080,-3.891107,nan
3dd0,3dd0_974,6.310,-0.885032,nan
3dd0,3dd0_98,5.990,-1.706535,nan
3dd0,3dd0_996,6.500,-1.352900,nan
3dx1,3dx1_119,0.300,-0.269448,nan
3dx1,3dx1_20,0.160,-0.258654,nan
3dx1,3dx1_25,0.330,-0.413362,nan
3dx1,3dx1_287,0.690,-0.367086,nan
3dx1,3dx1_29,0.500,-0.178185,nan
3dx1,3dx1_304,0.470,-0.406107,nan
3dx1,3dx1_382,0.790,-0.330226,nan
3dx1,3dx1_39,0.170,-0.258654,nan
3dx1,3dx1_440,3.010,-1.235944,nan
3dx1,3dx1_457,2.000,-1.227246,nan
3dx1,3dx1_464,2.700,-2.235822,nan
3dx1,3dx1_477,1.620,-0.915773,nan
3dx1,3dx1_492,3.270,-1.772107,nan
3dx1,3dx1_497,3.400,-2.358970,nan
3dx1,3dx1_531,1.580,-1.119766,nan
3dx1,3dx1_548,5.830,-4.206148,nan
3dx1,3dx1_554,2.800,-1.707256,nan
3dx1,3dx1_557,5.520,-4.777802,nan
3dx1,3dx1_560,3.110,-2.679569,nan
3dx1,3dx1_566,6.080,-4.332077,nan
3dx1,3dx1_568,5.970,-5.346622,nan
3dx1,3dx1_569,3.620,-1.990521,nan
3dx1,3dx1_570,4.840,-4.099180,nan
3dx1,3dx1_574,4.210,-3.192850,nan
3dx1,3dx1_577,5.890,-4.394796,nan
3dx1,3dx1_579,4.920,-3.991477,nan
3dx1,3dx1_585,5.730,-4.116818,nan
3dx1,3dx1_587,3.510,-2.602620,nan
3dx1,3dx1_588,4.570,-3.623620,nan
3dx1,3dx1_591,6.880,-5.501155,nan
3dx1,3dx1_592,4.510,-3.351880,nan
3dx1,3dx1_594,5.530,-4.218077,nan
3dx1,3dx1_595,6.310,-4.738873,nan
3dx1,3dx1_597,7.450,-5.930807,nan
3dx1,3dx1_603,5.910,-4.783646,nan
3dx1,3dx1_611,2.430,-0.706498,nan
3dx1,3dx1_627,5.780,-4.120324,nan
3dx1,3dx1_634,5.810,-4.975489,nan
3dx1,3dx1_645,6.550,-4.731685,nan
3dx1,3dx1_648,6.480,-5.097820,nan
3dx1,3dx1_651,6.220,-5.190972,nan
3dx1,3dx1_654,6.560,-5.077609,nan
3dx1,3dx1_657,4.860,-3.586967,nan
3dx1,3dx1_665,4.290,-3.239641,nan
3dx1,3dx1_673,6.300,-5.499220,nan
3dx1,3dx1_679,4.860,-4.372342,nan
3dx1,3dx1_683,6.130,-4.992910,nan
3dx1,3dx1_687,6.200,-4.907938,nan
3dx1,3dx1_692,7.190,-5.340057,nan
3dx1,3dx1_693,7.020,-5.852844,nan
3dx1,3dx1_695,7.240,-5.769066,nan
3dx1,3dx1_700,4.620,-4.328830,nan
3dx1,3dx1_735,2.000,-0.299088,nan
3dx1,3dx1_750,3.410,-2.397797,nan
3dx1,3dx1_753,2.100,-0.438017,nan
3dx1,3dx1_756,1.980,-1.286174,nan
3dx1,3dx1_763,2.270,-0.632308,nan
3dx1,3dx1_766,2.120,-0.785975,nan
3dx1,3dx1_775,3.140,-1.844471,nan
3dx1,3dx1_776,4.590,-3.297432,nan
3dx1,3dx1_781,3.560,-2.182345,nan
3dx1,3dx1_784,2.320,-1.110137,nan
3dx1,3dx1_785,3.140,-1.303180,nan
3dx1,3dx1_787,5.380,-4.421584,nan
3dx1,3dx1_791,2.300,-0.969880,nan
3dx1,3dx1_802,0.510,-0.363811,nan
3dx1,3dx1_808,1.870,-0.375179,nan
3dx1,3dx1_840,2.890,-0.950596,nan
3dx1,3dx1_851,2.090,-0.991077,nan
3dx1,3dx1_861,1.900,-0.337590,nan
3dx1,3dx1_961,1.460,-0.326587,nan
3dx1,3dx1_983,1.600,-0.369276,nan
3dx1,3dx1_987,1.410,-0.192550,nan
3dx1,3dx1_989,0.740,-0.277090,nan
3dx2,3dx2_14,0.310,-0.321983,nan
3dx2,3dx2_225,0.400,-0.398900,nan
3dx2,3dx2_253,0.460,-0.374138,nan
3dx2,3dx2_293,0.360,-0.321221,nan
3dx2,3dx2_380,0.410,-0.332630,nan
3dx2,3dx2_39,0.510,-0.609074,nan
3dx2,3dx2_402,0.870,-0.230939,nan
3dx2,3dx2_426,2.770,-1.569224,nan
3dx2,3dx2_443,2.390,-2.120425,nan
3dx2,3dx2_472,3.410,-1.718963,nan
3dx2,3dx2_479,1.910,-1.322028,nan
3dx2,3dx2_482,1.950,-1.308072,nan
3dx2,3dx2_503,1.700,-0.471602,nan
3dx2,3dx2_508,2.940,-1.054790,nan
3dx2,3dx2_514,4.110,-2.346727,nan
3dx2,3dx2_534,4.050,-2.496149,nan
3dx2,3dx2_535,1.990,-0.962613,nan
3dx2,3dx2_549,3.070,-1.878631,nan
3dx2,3dx2_555,3.220,-2.245518,nan
3dx2,3dx2_570,7.030,-5.586226,nan
3dx2,3dx2_573,7.000,-5.532554,nan
3dx2,3dx2_576,3.140,-1.562692,nan
3dx2,3dx2_582,2.800,-2.303200,nan
3dx2,3dx2_583,4.310,-2.173128,nan
3dx2,3dx2_589,5.180,-3.482995,nan
3dx2,3dx2_591,7.260,-5.172956,nan
3dx2,3dx2_599,6.910,-5.776253,nan
3dx2,3dx2_602,1.890,-0.898581,nan
3dx2,3dx2_610,4.150,-2.160577,nan
3dx2,3dx2_628,6.200,-5.071956,nan
3dx2,3dx2_631,2.980,-0.735610,nan
3dx2,3dx2_636,1.630,-1.326781,nan
3dx2,3dx2_646,4.040,-2.333018,nan
3dx2,3dx2_649,4.750,-2.625676,nan
3dx2,3dx2_656,4.530,-2.964329,nan
3dx2,3dx2_659,3.040,-1.523089,nan
3dx2,3dx2_661,4.340,-2.839348,nan
3dx2,3dx2_677,6.160,-4.893557,nan
3dx2,3dx2_687,4.390,-3.463728,nan
3dx2,3dx2_691,3.760,-2.195329,nan
3dx2,3dx2_725,2.510,-0.334388,nan
3dx2,3dx2_736,1.240,-0.691950,nan
3dx2,3dx2_741,1.980,-0.664662,nan
3dx2,3dx2_743,2.220,-0.476252,nan
3dx2,3dx2_750,3.920,-1.507830,nan
3dx2,3dx2_754,2.140,-0.698277,nan
3dx2,3dx2_756,1.100,-0.547447,nan
3dx2,3dx2_761,3.220,-0.646905,nan
3dx2,3dx2_770,3.580,-1.873681,nan
3dx2,3dx2_772,4.060,-1.893132,nan
3dx2,3dx2_773,2.050,-0.823462,nan
3dx2,3dx2_774,2.320,-0.383540,nan
3dx2,3dx2_787,3.440,-0.736350,nan
3dx2,3dx2_820,0.370,-0.550809,nan
3dx2,3dx2_836,0.990,-0.507026,nan
3dx2,3dx2_893,1.530,-0.319105,nan
3dx2,3dx2_990,0.580,-0.372960,nan
3dxg,3dxg_1001,1.940,-2.259624,nan
3dxg,3dxg_1002,1.700,-0.873291,nan
3dxg,3dxg_1003,1.880,-1.146095,nan
3dxg,3dxg_1004,1.900,-2.501484,nan
3dxg,3dxg_1005,1.880,-2.471979,nan
3dxg,3dxg_1006,1.780,-1.476870,nan
3dxg,3dxg_1007,1.570,-1.262902,nan
3dxg,3dxg_117,2.660,-2.405693,nan
3dxg,3dxg_128,2.980,-2.493108,nan
3dxg,3dxg_157,2.540,-2.744836,nan
3dxg,3dxg_159,3.200,-2.956213,nan
3dxg,3dxg_196,4.880,-1.818981,nan
3dxg,3dxg_197,7.510,-4.828177,nan
3dxg,3dxg_211,6.100,-2.486056,nan
3dxg,3dxg_212,4.190,-0.863821,nan
3dxg,3dxg_247,8.020,-6.802827,nan
3dxg,3dxg_310,3.880,-0.692877,nan
3dxg,3dxg_314,6.900,-3.251179,nan
3dxg,3dxg_33,5.810,-3.726631,nan
3dxg,3dxg_338,2.750,-3.057208,nan
3dxg,3dxg_358,4.110,-1.185536,nan
3dxg,3dxg_364,7.150,-3.707139,nan
3dxg,3dxg_408,5.660,-2.568279,nan
3dxg,3dxg_434,3.560,-2.162818,nan
3dxg,3dxg_436,2.720,-0.972710,nan
3dxg,3dxg_445,2.450,-0.871309,nan
3dxg,3dxg_449,4.480,-1.839180,nan
3dxg,3dxg_450,3.060,-1.805148,nan
3dxg,3dxg_458,3.950,-2.340705,nan
3dxg,3dxg_461,6.100,-2.367080,nan
3dxg,3dxg_463,2.990,-1.526489,nan
3dxg,3dxg_464,4.510,-1.677519,nan
3dxg,3dxg_465,4.270,-1.799380,nan
3dxg,3dxg_471,3.130,-2.683391,nan
3dxg,3dxg_474,4.460,-2.286255,nan
3dxg,3dxg_480,3.650,-2.601724,nan
3dxg,3dxg_483,5.100,-1.448592,nan
3dxg,3dxg_484,2.480,-1.393531,nan
3dxg,3dxg_485,3.260,-1.280175,nan
3dxg,3dxg_498,2.950,-1.885114,nan
3dxg,3dxg_521,4.710,-1.728868,nan
3dxg,3dxg_522,5.880,-3.431690,nan
3dxg,3dxg_524,3.480,-2.530758,nan
3dxg,3dxg_529,6.590,-2.819892,nan
3dxg,3dxg_551,5.590,-3.310198,nan
3dxg,3dxg_555,7.300,-3.245466,nan
3dxg,3dxg_566,6.210,-3.516104,nan
3dxg,3dxg_572,6.160,-4.187407,nan
3dxg,3dxg_59,4.550,-2.207875,nan
3dxg,3dxg_600,4.740,-3.390696,nan
3dxg,3dxg_609,8.270,-5.422249,nan
3dxg,3dxg_612,7.200,-4.033526,nan
3dxg,3dxg_635,5.610,-2.032495,nan
3dxg,3dxg_652,5.460,-1.259958,nan
3dxg,3dxg_662,7.860,-4.995501,nan
3dxg,3dxg_673,2.700,-1.642748,nan
3dxg,3dxg_689,7.010,-4.229341,nan
3dxg,3dxg_695,5.920,-3.287438,nan
3dxg,3dxg_70,5.080,-2.231414,nan
3dxg,3dxg_721,7.550,-2.926161,nan
3dxg,3dxg_730,6.430,-3.615578,nan
3dxg,3dxg_761,8.910,-7.249015,nan
3dxg,3dxg_765,6.170,-4.539169,nan
3dxg,3dxg_771,5.390,-3.117433,nan
3dxg,3dxg_778,7.770,-4.124571,nan
3dxg,3dxg_80,3.980,-1.518121,nan
3dxg,3dxg_833,6.970,-3.820214,nan
3dxg,3dxg_858,7.220,-4.659784,nan
3dxg,3dxg_924,8.120,-4.820805,nan
3dxg,3dxg_972,7.580,-5.965607,nan
3dxg,3dxg_973,6.450,-4.058389,nan
3e5a,3e5a_102,4.450,-2.469382,nan
3e5a,3e5a_106,4.970,-2.739513,nan
3e5a,3e5a_116,7.370,-4.517946,nan
3e5a,3e5a_129,0.640,-0.615428,nan
3e5a,3e5a_140,5.140,-3.180099,nan
3e5a,3e5a_143,6.880,-4.851297,nan
3e5a,3e5a_156,6.670,-8.287905,nan
3e5a,3e5a_157,8.510,-8.406741,nan
3e5a,3e5a_175,0.950,-0.667874,nan
3e5a,3e5a_209,1.700,-0.782949,nan
3e5a,3e5a_211,2.630,-0.597297,nan
3e5a,3e5a_217,2.260,-0.469877,nan
3e5a,3e5a_226,6.450,-3.082161,nan
3e5a,3e5a_229,5.830,-1.441227,nan
3e5a,3e5a_231,2.030,-0.584359,nan
3e5a,3e5a_247,3.880,-1.826812,nan
3e5a,3e5a_285,1.500,-0.355333,nan
3e5a,3e5a_286,6.430,-1.018446,nan
3e5a,3e5a_297,5.180,-0.994938,nan
3e5a,3e5a_305,1.330,-0.620665,nan
3e5a,3e5a_313,0.830,-0.378368,nan
3e5a,3e5a_315,6.150,-3.314730,nan
3e5a,3e5a_332,8.040,-5.558937,nan
3e5a,3e5a_333,5.660,-1.465308,nan
3e5a,3e5a_345,1.480,-0.334999,nan
3e5a,3e5a_362,0.750,-0.392682,nan
3e5a,3e5a_372,0.760,-0.493237,nan
3e5a,3e5a_398,1.000,-0.366633,nan
3e5a,3e5a_413,6.400,-2.866502,nan
3e5a,3e5a_414,3.880,-2.800592,nan
3e5a,3e5a_420,7.620,-7.035989,nan
3e5a,3e5a_421,3.180,-2.391459,nan
3e5a,3e5a_431,7.270,-2.770506,nan
3e5a,3e5a_434,5.970,-3.705331,nan
3e5a,3e5a_436,4.620,-3.014873,nan
3e5a,3e5a_442,3.190,-2.302285,nan
3e5a,3e5a_456,2.160,-1.174261,nan
3e5a,3e5a_458,4.880,-2.308323,nan
3e5a,3e5a_467,4.480,-3.194999,nan
3e5a,3e5a_468,1.360,-1.197530,nan
3e5a,3e5a_487,5.480,-3.775965,nan
3e5a,3e5a_488,5.620,-1.966668,nan
3e5a,3e5a_49,0.940,-0.371752,nan
3e5a,3e5a_490,4.880,-2.448373,nan
3e5a,3e5a_491,2.090,-1.399517,nan
3e5a,3e5a_535,3.230,-1.755340,nan
3e5a,3e5a_541,2.150,-1.588911,nan
3e5a,3e5a_555,7.620,-6.867781,nan
3e5a,3e5a_566,4.550,-2.089799,nan
3e5a,3e5a_576,4.830,-2.463822,nan
3e5a,3e5a_577,7.500,-3.678674,nan
3e5a,3e5a_578,5.880,-3.445376,nan
3e5a,3e5a_581,4.990,-1.988926,nan
3e5a,3e5a_602,7.660,-1.346950,nan
3e5a,3e5a_606,8.150,-3.210516,nan
3e5a,3e5a_629,3.310,-1.789421,nan
3e5a,3e5a_652,8.010,-7.105244,nan
3e5a,3e5a_659,9.680,-8.135335,nan
3e5a,3e5a_668,8.100,-8.494711,nan
3e5a,3e5a_671,7.180,-7.921579,nan
3e5a,3e5a_676,8.200,-4.658698,nan
3e5a,3e5a_683,2.980,-1.220190,nan
3e5a,3e5a_688,8.210,-8.158368,nan
3e5a,3e5a_69,0.750,-0.549511,nan
3e5a,3e5a_693,7.520,-4.606103,nan
3e5a,3e5a_696,6.790,-6.288677,nan
3e5a,3e5a_698,3.440,-2.774476,nan
3e5a,3e5a_720,1.670,-0.874990,nan
3e5a,3e5a_726,2.170,-0.685409,nan
3e5a,3e5a_744,1.980,-1.231690,nan
3e5a,3e5a_745,0.830,-0.461255,nan
3e5a,3e5a_749,6.180,-1.050245,nan
3e5a,3e5a_759,1.210,-0.770105,nan
3e5a,3e5a_761,4.820,-2.818565,nan
3e5a,3e5a_762,6.120,-3.027864,nan
3e5a,3e5a_765,7.910,-8.253095,nan
3e5a,3e5a_766,5.930,-3.479656,nan
3e5a,3e5a_787,1.860,-0.852005,nan
3e5a,3e5a_799,1.710,-0.650977,nan
3e5a,3e5a_855,0.930,-0.529594,nan
3e5a,3e5a_857,7.020,-6.585837,nan
3e5a,3e5a_86,5.680,-1.853357,nan
3e5a,3e5a_868,8.210,-8.609208,nan
3e5a,3e5a_90,8.090,-7.348852,nan
3e5a,3e5a_902,2.030,-0.939290,nan
3e5a,3e5a_91,6.560,-2.584326,nan
3e5a,3e5a_910,2.200,-1.194499,nan
3e5a,3e5a_94,8.310,-6.941197,nan
3e92,3e92_106,0.320,-0.117083,nan
3e92,3e92_17,0.590,-0.111702,nan
3e92,3e92_19,0.710,-0.079913,nan
3e92,3e92_332,0.350,-0.108116,nan
3e92,3e92_407,0.930,-0.187200,nan
3e92,3e92_418,1.160,-0.671299,nan
3e92,3e92_423,1.600,-1.054277,nan
3e92,3e92_425,1.690,-0.793551,nan
3e92,3e92_434,5.900,-1.827318,nan
3e92,3e92_435,1.490,-0.458126,nan
3e92,3e92_436,0.940,-0.688970,nan
3e92,3e92_438,2.070,-0.969496,nan
3e92,3e92_446,2.250,-1.962463,nan
3e92,3e92_449,6.140,-1.520510,nan
3e92,3e92_450,1.790,-0.902625,nan
3e92,3e92_453,2.360,-0.844469,nan
3e92,3e92_470,6.210,-1.546617,nan
3e92,3e92_471,2.080,-1.811695,nan
3e92,3e92_475,6.460,-1.297844,nan
3e92,3e92_482,0.910,-0.947248,nan
3e92,3e92_490,1.690,-0.909293,nan
3e92,3e92_493,2.100,-1.125379,nan
3e92,3e92_497,1.710,-1.047805,nan
3e92,3e92_498,5.990,-1.718319,nan
3e92,3e92_500,6.180,-1.898906,nan
3e92,3e92_506,8.620,-5.281666,nan
3e92,3e92_513,4.510,-2.113911,nan
3e92,3e92_518,4.830,-3.070902,nan
3e92,3e92_523,7.730,-4.412076,nan
3e92,3e92_525,3.930,-3.786866,nan
3e92,3e92_526,5.920,-4.701539,nan
3e92,3e92_528,1.870,-0.594119,nan
3e92,3e92_534,5.270,-3.568197,nan
3e92,3e92_538,2.330,-1.410729,nan
3e92,3e92_540,5.940,-4.389763,nan
3e92,3e92_541,7.170,-3.758853,nan
3e92,3e92_542,8.860,-6.249619,nan
3e92,3e92_544,9.460,-6.962155,nan
3e92,3e92_545,4.970,-3.646608,nan
3e92,3e92_546,7.910,-4.772078,nan
3e92,3e92_547,1.850,-0.651810,nan
3e92,3e92_551,5.220,-3.270816,nan
3e92,3e92_552,9.530,-8.007066,nan
3e92,3e92_553,4.820,-3.140342,nan
3e92,3e92_554,9.650,-7.537526,nan
3e92,3e92_555,8.390,-5.851475,nan
3e92,3e92_557,9.030,-6.421642,nan
3e92,3e92_560,5.740,-4.673750,nan
3e92,3e92_562,5.050,-3.728985,nan
3e92,3e92_578,7.780,-4.930565,nan
3e92,3e92_579,4.830,-4.484889,nan
3e92,3e92_581,4.560,-4.576508,nan
3e92,3e92_582,8.290,-5.255260,nan
3e92,3e92_588,6.040,-6.113807,nan
3e92,3e92_589,8.340,-5.141826,nan
3e92,3e92_590,8.790,-6.175287,nan
3e92,3e92_593,8.690,-5.883643,nan
3e92,3e92_594,4.570,-4.338061,nan
3e92,3e92_596,3.930,-3.472702,nan
3e92,3e92_597,4.490,-4.182267,nan
3e92,3e92_598,4.180,-3.764108,nan
3e92,3e92_599,10.000,-8.290964,nan
3e92,3e92_623,6.840,-3.069899,nan
3e92,3e92_625,3.560,-3.575164,nan
3e92,3e92_627,7.640,-3.984512,nan
3e92,3e92_64,0.680,-0.168663,nan
3e92,3e92_656,7.310,-5.229135,nan
3e92,3e92_664,2.630,-1.277127,nan
3e92,3e92_669,2.190,-1.788098,nan
3e92,3e92_670,2.040,-1.606193,nan
3e92,3e92_678,5.460,-3.603931,nan
3e92,3e92_679,6.340,-1.979039,nan
3e92,3e92_685,8.870,-6.941346,nan
3e92,3e92_689,8.650,-5.990979,nan
3e92,3e92_692,7.310,-3.801950,nan
3e92,3e92_693,1.850,-1.513201,nan
3e92,3e92_697,2.440,-1.820571,nan
3e92,3e92_698,6.180,-2.176992,nan
3e92,3e92_732,9.680,-7.215299,nan
3e92,3e92_733,7.400,-5.285491,nan
3e92,3e92_735,9.880,-7.900819,nan
3e92,3e92_745,9.460,-7.119870,nan
3e92,3e92_752,9.610,-7.407536,nan
3e92,3e92_758,7.030,-7.584960,nan
3e92,3e92_760,6.510,-3.031247,nan
3e92,3e92_845,9.500,-6.919693,nan
3e92,3e92_846,7.400,-5.327102,nan
3e92,3e92_847,6.700,-2.985643,nan
3e92,3e92_907,0.390,-0.252063,nan
3e92,3e92_940,0.950,-0.157000,nan
3e93,3e93_108,5.910,-1.318780,nan
3e93,3e93_124,1.010,-0.647650,nan
3e93,3e93_128,6.190,-2.147739,nan
3e93,3e93_130,1.420,-0.798687,nan
3e93,3e93_141,0.460,-0.712444,nan
3e93,3e93_155,0.900,-0.282984,nan
3e93,3e93_168,1.470,-0.728331,nan
3e93,3e93_179,0.740,-0.353672,nan
3e93,3e93_240,0.340,-0.459481,nan
3e93,3e93_301,0.320,-0.549615,nan
3e93,3e93_323,3.110,-3.038844,nan
3e93,3e93_352,0.550,-0.857060,nan
3e93,3e93_36,5.850,-1.359668,nan
3e93,3e93_390,2.730,-2.597795,nan
3e93,3e93_401,1.770,-1.852585,nan
3e93,3e93_407,2.280,-1.789773,nan
3e93,3e93_417,1.880,-2.058910,nan
3e93,3e93_419,6.060,-3.388503,nan
3e93,3e93_421,1.830,-1.686381,nan
3e93,3e93_427,2.290,-1.673423,nan
3e93,3e93_433,3.180,-2.182740,nan
3e93,3e93_435,8.370,-3.725330,nan
3e93,3e93_439,6.010,-1.542717,nan
3e93,3e93_440,1.880,-1.945980,nan
3e93,3e93_445,7.150,-3.201125,nan
3e93,3e93_446,2.230,-2.593357,nan
3e93,3e93_453,5.760,-2.345159,nan
3e93,3e93_454,6.640,-3.449269,nan
3e93,3e93_455,4.480,-4.202693,nan
3e93,3e93_459,8.880,-4.469414,nan
3e93,3e93_461,1.470,-2.278550,nan
3e93,3e93_464,2.480,-2.516728,nan
3e93,3e93_466,5.800,-2.479244,nan
3e93,3e93_467,2.200,-2.606719,nan
3e93,3e93_468,2.090,-2.544698,nan
3e93,3e93_476,4.590,-3.591833,nan
3e93,3e93_477,2.730,-3.094525,nan
3e93,3e93_480,6.520,-2.093779,nan
3e93,3e93_484,2.780,-2.969743,nan
3e93,3e93_485,1.780,-2.300112,nan
3e93,3e93_491,3.010,-2.567205,nan
3e93,3e93_494,1.760,-1.943577,nan
3e93,3e93_500,2.140,-2.250306,nan
3e93,3e93_51,0.340,-0.531583,nan
3e93,3e93_511,3.920,-4.433129,nan
3e93,3e93_518,3.610,-3.846349,nan
3e93,3e93_520,4.050,-4.814621,nan
3e93,3e93_522,4.160,-3.225296,nan
3e93,3e93_523,6.110,-1.648949,nan
3e93,3e93_530,5.090,-4.415136,nan
3e93,3e93_536,4.660,-5.272687,nan
3e93,3e93_543,7.590,-4.798369,nan
3e93,3e93_552,3.720,-3.975712,nan
3e93,3e93_555,7.670,-7.324749,nan
3e93,3e93_560,4.160,-4.636250,nan
3e93,3e93_562,4.110,-4.454876,nan
3e93,3e93_565,7.270,-4.076753,nan
3e93,3e93_566,4.280,-4.395334,nan
3e93,3e93_571,9.220,-6.416041,nan
3e93,3e93_573,5.690,-2.261734,nan
3e93,3e93_575,3.050,-2.940645,nan
3e93,3e93_576,8.200,-8.289349,nan
3e93,3e93_579,7.610,-6.456865,nan
3e93,3e93_581,5.910,-3.048343,nan
3e93,3e93_584,4.970,-5.657253,nan
3e93,3e93_589,3.570,-3.047061,nan
3e93,3e93_607,7.980,-4.288418,nan
3e93,3e93_636,7.420,-4.895094,nan
3e93,3e93_643,9.730,-5.336949,nan
3e93,3e93_646,3.410,-3.558777,nan
3e93,3e93_651,7.400,-4.300830,nan
3e93,3e93_654,6.620,-6.220331,nan
3e93,3e93_657,8.330,-4.326992,nan
3e93,3e93_660,5.880,-5.494473,nan
3e93,3e93_661,4.880,-6.032496,nan
3e93,3e93_664,5.940,-1.251718,nan
3e93,3e93_669,8.610,-6.002233,nan
3e93,3e93_673,5.770,-3.242669,nan
3e93,3e93_678,7.160,-6.080203,nan
3e93,3e93_684,8.180,-6.135398,nan
3e93,3e93_696,7.510,-4.991191,nan
3e93,3e93_698,9.970,-5.196538,nan
3e93,3e93_7,0.680,-0.440441,nan
3e93,3e93_81,3.040,-2.719853,nan
3e93,3e93_813,0.500,-0.838255,nan
3e93,3e93_821,9.950,-5.051934,nan
3e93,3e93_822,9.820,-4.682734,nan
3e93,3e93_823,9.970,-4.672267,nan
3e93,3e93_824,6.030,-1.947033,nan
3e93,3e93_833,6.620,-4.663455,nan
3e93,3e93_835,9.650,-4.298155,nan
3e93,3e93_836,6.080,-2.689008,nan
3e93,3e93_837,9.540,-4.662598,nan
3e93,3e93_840,9.630,-4.517669,nan
3e93,3e93_841,9.560,-4.094034,nan
3e93,3e93_901,0.800,-0.468781,nan
3ebp,3ebp_249,0.690,-0.794643,nan
3ebp,3ebp_251,2.880,-1.482302,nan
3ebp,3ebp_261,1.470,-0.685680,nan
3ebp,3ebp_268,1.520,-1.041306,nan
3ebp,3ebp_340,0.920,-1.135691,nan
3ebp,3ebp_347,1.040,-1.117074,nan
3ebp,3ebp_35,5.350,-0.928261,nan
3ebp,3ebp_363,0.960,-0.492205,nan
3ebp,3ebp_396,0.470,-0.382967,nan
3ebp,3ebp_4,3.280,-2.011163,nan
3ebp,3ebp_411,6.020,-4.352773,nan
3ebp,3ebp_425,5.490,-3.280542,nan
3ebp,3ebp_433,2.240,-1.736127,nan
3ebp,3ebp_447,2.980,-2.960305,nan
3ebp,3ebp_464,5.720,-3.884703,nan
3ebp,3ebp_467,1.900,-1.066211,nan
3ebp,3ebp_473,4.970,-1.687513,nan
3ebp,3ebp_476,3.980,-1.400919,nan
3ebp,3ebp_493,3.090,-2.648117,nan
3ebp,3ebp_495,1.730,-1.695728,nan
3ebp,3ebp_496,2.860,-3.159868,nan
3ebp,3ebp_497,5.440,-2.267450,nan
3ebp,3ebp_509,4.050,-0.381430,nan
3ebp,3ebp_524,4.420,-1.908829,nan
3ebp,3ebp_533,2.210,-1.483598,nan
3ebp,3ebp_538,2.090,-0.664211,nan
3ebp,3ebp_539,6.400,-3.117814,nan
3ebp,3ebp_540,6.170,-1.383211,nan
3ebp,3ebp_548,6.360,-3.964702,nan
3ebp,3ebp_550,5.450,-2.918416,nan
3ebp,3ebp_553,5.640,-2.693690,nan
3ebp,3ebp_577,4.680,-1.613060,nan
3ebp,3ebp_584,4.830,-0.582255,nan
3ebp,3ebp_59,2.450,-1.276727,nan
3ebp,3ebp_597,3.810,-1.149443,nan
3ebp,3ebp_607,5.000,-0.906451,nan
3ebp,3ebp_611,6.090,-1.033450,nan
3ebp,3ebp_627,6.500,-0.966660,nan
3ebp,3ebp_632,5.950,-1.105909,nan
3ebp,3ebp_658,2.210,-1.308686,nan
3ebp,3ebp_676,4.160,-0.980959,nan
3ebp,3ebp_686,3.440,-1.078558,nan
3ebp,3ebp_690,3.910,-2.030297,nan
3ebp,3ebp_691,2.910,-1.228067,nan
3ebp,3ebp_696,3.170,-0.886169,nan
3ebp,3ebp_699,3.610,-1.084460,nan
3ebp,3ebp_7,0.760,-0.424471,nan
3ebp,3ebp_713,0.660,-0.697816,nan
3ebp,3ebp_714,0.730,-0.703168,nan
3ebp,3ebp_715,1.390,-0.494125,nan
3ebp,3ebp_720,5.840,-3.281094,nan
3ebp,3ebp_721,0.600,-0.633729,nan
3ebp,3ebp_730,4.840,-1.148371,nan
3ebp,3ebp_732,0.870,-0.559562,nan
3ebp,3ebp_737,3.160,-1.237612,nan
3ebp,3ebp_740,4.490,-2.484113,nan
3ebp,3ebp_741,1.250,-0.754637,nan
3ebp,3ebp_761,3.890,-2.251311,nan
3ebp,3ebp_768,5.750,-1.039436,nan
3ebp,3ebp_771,6.260,-2.663064,nan
3ebp,3ebp_774,7.100,-3.636315,nan
3ebp,3ebp_777,5.710,-2.883039,nan
3ebp,3ebp_779,6.310,-3.608911,nan
3ebp,3ebp_783,6.230,-3.209353,nan
3ebp,3ebp_784,2.310,-0.895731,nan
3ebp,3ebp_790,1.880,-1.028361,nan
3ebp,3ebp_792,6.230,-4.021886,nan
3ebp,3ebp_800,4.260,-3.624449,nan
3ebp,3ebp_844,0.670,-0.522304,nan
3ebp,3ebp_884,1.550,-0.660651,nan
3ebp,3ebp_90,1.890,-0.656557,nan
3ehy,3ehy_106,1.060,-0.307270,nan
3ehy,3ehy_140,0.710,-0.367121,nan
3ehy,3ehy_141,0.990,-0.888052,nan
3ehy,3ehy_183,0.810,-0.407650,nan
3ehy,3ehy_229,2.010,-1.054429,nan
3ehy,3ehy_232,0.820,-0.545727,nan
3ehy,3ehy_309,1.030,-0.222734,nan
3ehy,3ehy_349,0.900,-0.329799,nan
3ehy,3ehy_376,0.970,-0.326351,nan
3ehy,3ehy_395,0.820,-0.244166,nan
3ehy,3ehy_406,6.130,-2.542938,nan
3ehy,3ehy_407,4.200,-1.995173,nan
3ehy,3ehy_433,3.870,-1.315238,nan
3ehy,3ehy_437,6.890,-3.869045,nan
3ehy,3ehy_443,3.980,-1.172797,nan
3ehy,3ehy_447,3.720,-2.095786,nan
3ehy,3ehy_463,7.200,-3.443906,nan
3ehy,3ehy_471,7.310,-4.214939,nan
3ehy,3ehy_476,4.470,-2.274082,nan
3ehy,3ehy_477,5.800,-1.623824,nan
3ehy,3ehy_481,2.050,-0.882248,nan
3ehy,3ehy_482,5.170,-1.429541,nan
3ehy,3ehy_485,4.900,-1.572925,nan
3ehy,3ehy_486,3.200,-1.879281,nan
3ehy,3ehy_492,1.850,-0.565127,nan
3ehy,3ehy_493,2.260,-0.897669,nan
3ehy,3ehy_495,3.510,-1.324775,nan
3ehy,3ehy_496,1.150,-0.404947,nan
3ehy,3ehy_500,3.030,-0.569067,nan
3ehy,3ehy_502,6.850,-4.390810,nan
3ehy,3ehy_509,2.460,-1.791290,nan
3ehy,3ehy_512,5.060,-4.102441,nan
3ehy,3ehy_521,6.160,-3.808137,nan
3ehy,3ehy_535,5.010,-2.306160,nan
3ehy,3ehy_537,6.260,-4.573010,nan
3ehy,3ehy_54,1.240,-0.848001,nan
3ehy,3ehy_543,2.780,-1.866075,nan
3ehy,3ehy_545,4.390,-2.345228,nan
3ehy,3ehy_551,5.900,-2.304145,nan
3ehy,3ehy_564,5.390,-2.918577,nan
3ehy,3ehy_570,6.380,-5.164710,nan
3ehy,3ehy_576,6.110,-2.741134,nan
3ehy,3ehy_592,6.240,-3.498458,nan
3ehy,3ehy_615,3.740,-2.232774,nan
3ehy,3ehy_619,3.990,-2.604084,nan
3ehy,3ehy_622,4.070,-3.244565,nan
3ehy,3ehy_623,4.950,-3.948061,nan
3ehy,3ehy_632,3.000,-1.772410,nan
3ehy,3ehy_637,1.450,-0.915257,nan
3ehy,3ehy_642,4.120,-3.449994,nan
3ehy,3ehy_646,1.740,-1.146059,nan
3ehy,3ehy_667,1.320,-0.743494,nan
3ehy,3ehy_668,4.130,-2.910754,nan
3ehy,3ehy_671,1.980,-1.933484,nan
3ehy,3ehy_674,5.010,-2.295500,nan
3ehy,3ehy_678,4.370,-3.055047,nan
3ehy,3ehy_685,1.050,-0.708624,nan
3ehy,3ehy_693,3.470,-3.106898,nan
3ehy,3ehy_698,5.640,-5.018090,nan
3ehy,3ehy_706,0.660,-0.358444,nan
3ehy,3ehy_719,2.900,-1.117436,nan
3ehy,3ehy_728,7.230,-3.212937,nan
3ehy,3ehy_731,4.890,-3.972960,nan
3ehy,3ehy_735,7.070,-3.235094,nan
3ehy,3ehy_752,5.040,-2.365329,nan
3ehy,3ehy_753,2.440,-0.621945,nan
3ehy,3ehy_758,7.440,-3.662507,nan
3ehy,3ehy_759,6.860,-4.474654,nan
3ehy,3ehy_764,7.180,-3.290046,nan
3ehy,3ehy_768,5.520,-1.091650,nan
3ehy,3ehy_769,7.020,-5.889421,nan
3ehy,3ehy_777,7.280,-5.684090,nan
3ehy,3ehy_779,7.390,-6.208224,nan
3ehy,3ehy_785,6.750,-2.485365,nan
3ehy,3ehy_789,7.080,-3.688742,nan
3ehy,3ehy_793,2.740,-1.343170,nan
3ehy,3ehy_858,0.830,-0.314254,nan
3ehy,3ehy_919,2.170,-1.853762,nan
3ehy,3ehy_977,0.730,-0.483743,nan
3ehy,3ehy_985,3.540,-2.900490,nan
3ejr,3ejr_10,1.250,-0.291540,nan
3ejr,3ejr_16,0.870,-0.720948,nan
3ejr,3ejr_19,1.210,-1.167593,nan
3ejr,3ejr_213,5.330,-3.876936,nan
3ejr,3ejr_217,0.960,-0.518633,nan
3ejr,3ejr_22,0.580,-0.587243,nan
3ejr,3ejr_222,0.910,-0.842838,nan
3ejr,3ejr_233,2.390,-0.922635,nan
3ejr,3ejr_236,1.340,-0.776030,nan
3ejr,3ejr_277,1.130,-0.624130,nan
3ejr,3ejr_327,0.560,-0.525268,nan
3ejr,3ejr_360,0.410,-0.554773,nan
3ejr,3ejr_401,3.570,-1.712199,nan
3ejr,3ejr_417,5.260,-3.746380,nan
3ejr,3ejr_419,4.020,-1.917817,nan
3ejr,3ejr_428,5.830,-2.403030,nan
3ejr,3ejr_443,4.560,-2.412840,nan
3ejr,3ejr_457,6.420,-3.085118,nan
3ejr,3ejr_459,0.890,-0.747736,nan
3ejr,3ejr_469,6.010,-3.971889,nan
3ejr,3ejr_480,5.110,-1.162887,nan
3ejr,3ejr_492,6.360,-4.434497,nan
3ejr,3ejr_495,4.050,-2.832589,nan
3ejr,3ejr_514,4.130,-1.971490,nan
3ejr,3ejr_531,4.390,-1.351290,nan
3ejr,3ejr_536,2.580,-2.012171,nan
3ejr,3ejr_546,3.850,-1.629982,nan
3ejr,3ejr_55,1.300,-0.858219,nan
3ejr,3ejr_553,6.290,-5.531636,nan
3ejr,3ejr_561,1.400,-1.103096,nan
3ejr,3ejr_573,1.950,-1.398082,nan
3ejr,3ejr_577,2.190,-1.060764,nan
3ejr,3ejr_587,6.360,-4.534545,nan
3ejr,3ejr_588,2.460,-1.642388,nan
3ejr,3ejr_591,4.810,-4.426382,nan
3ejr,3ejr_593,3.400,-1.529342,nan
3ejr,3ejr_595,2.810,-1.720397,nan
3ejr,3ejr_598,3.410,-1.613655,nan
3ejr,3ejr_599,4.490,-2.927335,nan
3ejr,3ejr_630,3.330,-3.150105,nan
3ejr,3ejr_633,5.700,-4.654603,nan
3ejr,3ejr_635,6.370,-2.657602,nan
3ejr,3ejr_644,5.350,-4.924710,nan
3ejr,3ejr_655,4.250,-3.953523,nan
3ejr,3ejr_663,6.150,-6.453006,nan
3ejr,3ejr_673,5.800,-4.504408,nan
3ejr,3ejr_676,6.430,-4.977536,nan
3ejr,3ejr_682,5.390,-4.011303,nan
3ejr,3ejr_683,5.890,-3.611410,nan
3ejr,3ejr_686,6.190,-4.117944,nan
3ejr,3ejr_690,6.030,-5.603484,nan
3ejr,3ejr_749,0.810,-0.265128,nan
3ejr,3ejr_758,4.270,-2.919609,nan
3ejr,3ejr_759,0.550,-0.289760,nan
3ejr,3ejr_770,2.640,-1.246869,nan
3ejr,3ejr_773,2.450,-0.787510,nan
3ejr,3ejr_776,3.910,-2.065708,nan
3ejr,3ejr_778,3.010,-0.390720,nan
3ejr,3ejr_779,1.870,-0.292055,nan
3ejr,3ejr_782,3.040,-0.963283,nan
3ejr,3ejr_784,2.910,-1.722246,nan
3ejr,3ejr_785,2.410,-0.756256,nan
3ejr,3ejr_853,3.050,-1.520524,nan
3ejr,3ejr_87,1.260,-0.535598,nan
3ejr,3ejr_877,4.910,-2.822315,nan
3ejr,3ejr_883,5.150,-3.487354,nan
3ejr,3ejr_94,3.330,-0.408460,nan
3ejr,3ejr_941,1.600,-0.728370,nan
3ejr,3ejr_949,2.060,-0.488980,nan
3ejr,3ejr_964,0.650,-0.632011,nan
3f3a,3f3a_203,0.200,-0.758434,nan
3f3a,3f3a_222,0.270,-0.851583,nan
3f3a,3f3a_262,1.630,-1.669773,nan
3f3a,3f3a_278,0.570,-0.855876,nan
3f3a,3f3a_3,0.600,-1.044412,nan
3f3a,3f3a_309,9.330,-8.474881,nan
3f3a,3f3a_31,0.380,-0.777898,nan
3f3a,3f3a_320,9.880,-8.542285,nan
3f3a,3f3a_321,9.540,-8.534771,nan
3f3a,3f3a_322,9.850,-8.602054,nan
3f3a,3f3a_333,9.060,-8.166832,nan
3f3a,3f3a_339,0.530,-1.380482,nan
3f3a,3f3a_354,4.340,-4.745914,nan
3f3a,3f3a_359,4.990,-5.489183,nan
3f3a,3f3a_367,2.200,-2.459135,nan
3f3a,3f3a_410,1.960,-2.253561,nan
3f3a,3f3a_412,5.180,-2.783783,nan
3f3a,3f3a_417,2.000,-2.173830,nan
3f3a,3f3a_432,4.610,-3.005387,nan
3f3a,3f3a_438,4.850,-2.079169,nan
3f3a,3f3a_439,2.330,-2.146132,nan
3f3a,3f3a_443,5.040,-1.686103,nan
3f3a,3f3a_447,4.440,-2.182201,nan
3f3a,3f3a_488,4.960,-4.335571,nan
3f3a,3f3a_495,5.270,-1.771311,nan
3f3a,3f3a_509,1.950,-1.575820,nan
3f3a,3f3a_514,1.940,-1.306789,nan
3f3a,3f3a_525,2.590,-3.101092,nan
3f3a,3f3a_528,4.140,-3.790468,nan
3f3a,3f3a_552,2.200,-2.339660,nan
3f3a,3f3a_553,5.220,-1.344047,nan
3f3a,3f3a_558,4.800,-3.163307,nan
3f3a,3f3a_57,0.370,-0.720264,nan
3f3a,3f3a_570,3.700,-2.497384,nan
3f3a,3f3a_573,1.740,-1.370884,nan
3f3a,3f3a_581,2.600,-2.601456,nan
3f3a,3f3a_584,5.650,-5.491867,nan
3f3a,3f3a_603,3.020,-3.213391,nan
3f3a,3f3a_612,1.970,-2.249516,nan
3f3a,3f3a_621,4.540,-5.045174,nan
3f3a,3f3a_629,5.290,-5.367200,nan
3f3a,3f3a_630,5.110,-1.983169,nan
3f3a,3f3a_640,5.170,-2.221224,nan
3f3a,3f3a_649,1.330,-1.333600,nan
3f3a,3f3a_65,0.320,-0.957950,nan
3f3a,3f3a_652,3.280,-3.951044,nan
3f3a,3f3a_653,5.320,-4.220639,nan
3f3a,3f3a_674,3.070,-3.280744,nan
3f3a,3f3a_676,2.040,-0.318971,nan
3f3a,3f3a_686,4.460,-4.736417,nan
3f3a,3f3a_688,5.690,-4.275687,nan
3f3a,3f3a_694,1.760,-1.149594,nan
3f3a,3f3a_697,2.710,-3.042446,nan
3f3a,3f3a_71,0.870,-0.893141,nan
3f3a,3f3a_734,2.970,-2.883892,nan
3f3a,3f3a_750,3.990,-3.539665,nan
3f3a,3f3a_752,2.670,-2.549164,nan
3f3a,3f3a_767,1.960,-2.757526,nan
3f3a,3f3a_779,3.900,-4.320446,nan
3f3a,3f3a_781,3.310,-4.274716,nan
3f3a,3f3a_790,2.490,-2.804212,nan
3f3a,3f3a_795,3.590,-3.311409,nan
3f3a,3f3a_798,3.060,-2.529618,nan
3f3a,3f3a_873,3.010,-2.823381,nan
3f3a,3f3a_934,0.820,-1.400012,nan
3f3c,3f3c_223,0.690,-0.662190,nan
3f3c,3f3c_256,0.530,-0.443030,nan
3f3c,3f3c_258,0.540,-0.322191,nan
3f3c,3f3c_29,2.590,-2.207963,nan
3f3c,3f3c_326,0.450,-0.327273,nan
3f3c,3f3c_38,1.450,-1.968227,nan
3f3c,3f3c_401,0.770,-0.243659,nan
3f3c,3f3c_407,0.870,-0.358727,nan
3f3c,3f3c_411,4.660,-1.640308,nan
3f3c,3f3c_413,1.810,-0.980082,nan
3f3c,3f3c_419,0.960,-0.601481,nan
3f3c,3f3c_430,5.260,-1.070608,nan
3f3c,3f3c_442,5.300,-1.146022,nan
3f3c,3f3c_453,4.630,-1.045205,nan
3f3c,3f3c_456,4.990,-1.937876,nan
3f3c,3f3c_458,5.340,-1.460983,nan
3f3c,3f3c_459,5.170,-1.089439,nan
3f3c,3f3c_463,4.780,-1.370114,nan
3f3c,3f3c_466,1.550,-0.603607,nan
3f3c,3f3c_469,5.230,-0.968760,nan
3f3c,3f3c_471,4.780,-1.325058,nan
3f3c,3f3c_472,5.330,-1.453495,nan
3f3c,3f3c_474,1.950,-1.838711,nan
3f3c,3f3c_475,4.630,-2.020433,nan
3f3c,3f3c_480,5.280,-1.117380,nan
3f3c,3f3c_485,5.280,-1.183967,nan
3f3c,3f3c_491,4.760,-1.394425,nan
3f3c,3f3c_496,0.980,-0.941685,nan
3f3c,3f3c_499,5.300,-1.188293,nan
3f3c,3f3c_507,1.150,-0.859603,nan
3f3c,3f3c_508,0.970,-0.681850,nan
3f3c,3f3c_510,4.960,-1.529263,nan
3f3c,3f3c_523,0.920,-0.800529,nan
3f3c,3f3c_542,4.620,-1.931570,nan
3f3c,3f3c_544,2.080,-2.177606,nan
3f3c,3f3c_545,2.020,-1.435274,nan
3f3c,3f3c_555,2.240,-1.546425,nan
3f3c,3f3c_572,4.810,-1.113152,nan
3f3c,3f3c_585,1.750,-1.495785,nan
3f3c,3f3c_586,1.810,-0.496154,nan
3f3c,3f3c_587,1.140,-0.924953,nan
3f3c,3f3c_599,1.740,-1.077399,nan
3f3c,3f3c_628,2.570,-2.907301,nan
3f3c,3f3c_635,2.160,-1.450634,nan
3f3c,3f3c_665,3.100,-2.325312,nan
3f3c,3f3c_686,2.830,-3.292089,nan
3f3c,3f3c_696,1.990,-1.489782,nan
3f3c,3f3c_735,2.450,-1.735656,nan
3f3c,3f3c_775,2.600,-2.286891,nan
3f3c,3f3c_779,2.060,-2.129599,nan
3f3c,3f3c_788,3.410,-3.464397,nan
3f3c,3f3c_789,3.440,-3.236286,nan
3f3c,3f3c_790,3.480,-3.298552,nan
3f3c,3f3c_791,3.430,-3.276696,nan
3f3c,3f3c_792,3.370,-3.152931,nan
3f3c,3f3c_799,5.020,-0.379319,nan
3f3d,3f3d_211,0.700,-0.173560,nan
3f3d,3f3d_251,1.320,-0.644065,nan
3f3d,3f3d_255,0.860,-0.240730,nan
3f3d,3f3d_287,1.550,-0.906322,nan
3f3d,3f3d_295,0.720,-0.167419,nan
3f3d,3f3d_319,0.990,-0.262730,nan
3f3d,3f3d_33,0.970,-0.156726,nan
3f3d,3f3d_363,0.400,-0.124574,nan
3f3d,3f3d_377,1.020,-0.182213,nan
3f3d,3f3d_401,3.890,-1.423125,nan
3f3d,3f3d_424,2.640,-1.168322,nan
3f3d,3f3d_433,3.840,-0.947852,nan
3f3d,3f3d_435,4.090,-0.389359,nan
3f3d,3f3d_444,3.320,-1.735810,nan
3f3d,3f3d_450,3.870,-0.843387,nan
3f3d,3f3d_454,2.060,-0.962439,nan
3f3d,3f3d_457,1.260,-0.429476,nan
3f3d,3f3d_464,4.030,-0.735504,nan
3f3d,3f3d_469,4.030,-0.685430,nan
3f3d,3f3d_477,4.080,-0.183421,nan
3f3d,3f3d_482,4.310,-1.329036,nan
3f3d,3f3d_484,4.260,-1.631593,nan
3f3d,3f3d_500,3.770,-0.530999,nan
3f3d,3f3d_516,1.380,-0.890322,nan
3f3d,3f3d_526,0.970,-0.595555,nan
3f3d,3f3d_529,1.410,-0.761904,nan
3f3d,3f3d_554,4.070,-0.847506,nan
3f3d,3f3d_574,2.940,-2.115694,nan
3f3d,3f3d_588,4.100,-0.707546,nan
3f3d,3f3d_591,3.380,-1.495719,nan
3f3d,3f3d_596,1.270,-0.803171,nan
3f3d,3f3d_601,3.130,-1.518117,nan
3f3d,3f3d_614,2.040,-1.124041,nan
3f3d,3f3d_62,0.960,-0.331284,nan
3f3d,3f3d_629,1.470,-0.527381,nan
3f3d,3f3d_634,2.100,-1.451865,nan
3f3d,3f3d_644,1.590,-0.858407,nan
3f3d,3f3d_653,2.970,-2.112684,nan
3f3d,3f3d_663,2.010,-1.278625,nan
3f3d,3f3d_666,2.020,-0.804505,nan
3f3d,3f3d_682,2.020,-1.390528,nan
3f3d,3f3d_692,0.910,-0.487270,nan
3f3d,3f3d_771,4.210,-2.391706,nan
3f3d,3f3d_774,3.910,-1.171918,nan
3f3d,3f3d_775,4.070,-1.635422,nan
3f3d,3f3d_787,1.490,-0.358751,nan
3f3d,3f3d_791,3.390,-2.143435,nan
3f3d,3f3d_797,3.060,-2.674229,nan
3f3d,3f3d_798,2.190,-1.201182,nan
3f3d,3f3d_99,0.880,-0.376698,nan
3f3e,3f3e_107,0.380,-0.620788,nan
3f3e,3f3e_122,0.740,-0.179685,nan
3f3e,3f3e_173,0.660,-0.429266,nan
3f3e,3f3e_174,0.830,-0.404295,nan
3f3e,3f3e_182,0.870,-0.719892,nan
3f3e,3f3e_197,0.220,-0.156144,nan
3f3e,3f3e_418,1.160,-0.855917,nan
3f3e,3f3e_422,1.700,-0.599437,nan
3f3e,3f3e_427,3.870,-1.512750,nan
3f3e,3f3e_429,1.060,-1.311819,nan
3f3e,3f3e_435,4.030,-2.497565,nan
3f3e,3f3e_441,0.930,-0.705037,nan
3f3e,3f3e_444,2.170,-0.890718,nan
3f3e,3f3e_447,4.190,-2.543669,nan
3f3e,3f3e_451,1.150,-1.255163,nan
3f3e,3f3e_457,0.790,-0.398787,nan
3f3e,3f3e_466,1.290,-1.343308,nan
3f3e,3f3e_473,2.000,-1.267533,nan
3f3e,3f3e_478,3.980,-2.997976,nan
3f3e,3f3e_485,2.060,-1.645308,nan
3f3e,3f3e_508,0.980,-0.259516,nan
3f3e,3f3e_511,1.220,-1.759371,nan
3f3e,3f3e_527,2.050,-1.105426,nan
3f3e,3f3e_565,1.760,-1.477246,nan
3f3e,3f3e_569,3.860,-1.133378,nan
3f3e,3f3e_579,3.360,-2.314239,nan
3f3e,3f3e_582,3.700,-1.060522,nan
3f3e,3f3e_586,1.570,-0.645663,nan
3f3e,3f3e_587,3.840,-1.004241,nan
3f3e,3f3e_591,2.520,-2.292521,nan
3f3e,3f3e_594,4.050,-2.408870,nan
3f3e,3f3e_630,3.050,-2.079865,nan
3f3e,3f3e_634,2.930,-2.095524,nan
3f3e,3f3e_635,2.200,-0.611193,nan
3f3e,3f3e_638,2.020,-0.499509,nan
3f3e,3f3e_662,2.230,-2.128632,nan
3f3e,3f3e_688,4.010,-2.613348,nan
3f3e,3f3e_697,2.560,-1.941134,nan
3f3e,3f3e_700,2.000,-1.785829,nan
3f3e,3f3e_760,3.180,-3.075129,nan
3f3e,3f3e_772,2.590,-1.883841,nan
3f3e,3f3e_773,3.810,-1.495053,nan
3f3e,3f3e_780,4.240,-3.251959,nan
3f3e,3f3e_783,3.890,-2.229335,nan
3f3e,3f3e_784,4.260,-3.251959,nan
3f3e,3f3e_844,0.930,-0.274052,nan
3fcq,3fcq_103,1.040,-0.634185,nan
3fcq,3fcq_107,1.830,-0.749631,nan
3fcq,3fcq_109,6.330,-5.647120,nan
3fcq,3fcq_110,0.870,-0.401506,nan
3fcq,3fcq_112,6.560,-7.368790,nan
3fcq,3fcq_117,4.700,-4.346502,nan
3fcq,3fcq_118,6.950,-6.264465,nan
3fcq,3fcq_127,7.670,-7.111329,nan
3fcq,3fcq_128,6.220,-5.529425,nan
3fcq,3fcq_129,5.650,-5.394298,nan
3fcq,3fcq_135,3.090,-0.505637,nan
3fcq,3fcq_136,1.030,-0.382346,nan
3fcq,3fcq_140,5.290,-5.473793,nan
3fcq,3fcq_166,0.750,-0.418772,nan
3fcq,3fcq_169,3.400,-0.529177,nan
3fcq,3fcq_174,6.070,-6.037097,nan
3fcq,3fcq_175,2.120,-0.987756,nan
3fcq,3fcq_177,7.410,-6.898004,nan
3fcq,3fcq_181,8.730,-7.902171,nan
3fcq,3fcq_184,7.330,-7.389766,nan
3fcq,3fcq_198,8.130,-6.389658,nan
3fcq,3fcq_209,0.950,-0.537134,nan
3fcq,3fcq_237,1.340,-0.285074,nan
3fcq,3fcq_314,1.050,-0.740589,nan
3fcq,3fcq_320,0.570,-0.655864,nan
3fcq,3fcq_352,0.570,-0.394478,nan
3fcq,3fcq_353,6.890,-6.496563,nan
3fcq,3fcq_365,0.790,-0.542279,nan
3fcq,3fcq_372,1.320,-0.878156,nan
3fcq,3fcq_418,3.300,-0.806896,nan
3fcq,3fcq_419,3.130,-1.777184,nan
3fcq,3fcq_428,3.010,-0.715895,nan
3fcq,3fcq_442,2.910,-0.893421,nan
3fcq,3fcq_445,1.450,-0.869794,nan
3fcq,3fcq_450,1.480,-1.069370,nan
3fcq,3fcq_461,2.100,-0.723464,nan
3fcq,3fcq_469,2.840,-1.214022,nan
3fcq,3fcq_479,3.160,-2.049099,nan
3fcq,3fcq_488,1.740,-1.061995,nan
3fcq,3fcq_493,3.310,-1.086293,nan
3fcq,3fcq_496,2.940,-0.701943,nan
3fcq,3fcq_506,4.290,-3.584570,nan
3fcq,3fcq_509,5.330,-5.290587,nan
3fcq,3fcq_513,2.240,-1.024738,nan
3fcq,3fcq_515,4.080,-3.619636,nan
3fcq,3fcq_517,4.230,-3.226066,nan
3fcq,3fcq_53,0.640,-0.450316,nan
3fcq,3fcq_537,5.010,-5.457996,nan
3fcq,3fcq_547,5.150,-4.621459,nan
3fcq,3fcq_550,5.180,-4.504054,nan
3fcq,3fcq_562,3.330,-2.209605,nan
3fcq,3fcq_568,5.450,-5.618320,nan
3fcq,3fcq_578,0.670,-0.455330,nan
3fcq,3fcq_588,6.080,-6.154808,nan
3fcq,3fcq_598,4.200,-4.048181,nan
3fcq,3fcq_629,4.100,-2.944868,nan
3fcq,3fcq_638,2.750,-1.381546,nan
3fcq,3fcq_641,4.220,-4.071275,nan
3fcq,3fcq_671,3.630,-2.136727,nan
3fcq,3fcq_672,6.080,-5.305747,nan
3fcq,3fcq_675,1.970,-1.764434,nan
3fcq,3fcq_681,5.140,-4.291453,nan
3fcq,3fcq_683,2.940,-2.499604,nan
3fcq,3fcq_692,6.370,-6.011311,nan
3fcq,3fcq_694,2.650,-1.627053,nan
3fcq,3fcq_700,5.830,-5.611571,nan
3fcq,3fcq_74,0.650,-0.505060,nan
3fcq,3fcq_775,3.410,-2.527989,nan
3fcq,3fcq_778,4.010,-1.089181,nan
3fcq,3fcq_781,4.350,-4.579868,nan
3fcq,3fcq_794,4.150,-2.665277,nan
3fcq,3fcq_84,0.870,-0.551050,nan
3fcq,3fcq_843,6.360,-6.095177,nan
3fcq,3fcq_844,2.930,-1.207749,nan
3fcq,3fcq_887,5.740,-5.247428,nan
3fur,3fur_110,8.700,-3.702908,nan
3fur,3fur_13,9.280,-5.307022,nan
3fur,3fur_131,7.230,-4.514131,nan
3fur,3fur_138,0.910,-0.329630,nan
3fur,3fur_145,6.580,-4.348336,nan
3fur,3fur_146,1.030,-0.302055,nan
3fur,3fur_153,1.000,-0.495681,nan
3fur,3fur_154,1.690,-1.266626,nan
3fur,3fur_160,1.060,-0.441599,nan
3fur,3fur_165,1.700,-0.706303,nan
3fur,3fur_173,5.470,-4.988182,nan
3fur,3fur_181,9.810,-5.195820,nan
3fur,3fur_194,6.490,-3.421357,nan
3fur,3fur_2,8.800,-5.520029,nan
3fur,3fur_203,2.050,-0.529537,nan
3fur,3fur_215,0.570,-0.185205,nan
3fur,3fur_220,1.250,-0.458138,nan
3fur,3fur_233,4.360,-1.667197,nan
3fur,3fur_234,1.110,-0.159642,nan
3fur,3fur_237,2.220,-1.306539,nan
3fur,3fur_243,0.460,-0.197795,nan
3fur,3fur_254,0.930,-0.106891,nan
3fur,3fur_308,9.980,-5.981760,nan
3fur,3fur_317,8.100,-4.292456,nan
3fur,3fur_318,8.070,-5.936833,nan
3fur,3fur_323,0.530,-0.162468,nan
3fur,3fur_328,8.760,-7.442130,nan
3fur,3fur_33,7.890,-6.056638,nan
3fur,3fur_331,1.320,-0.428869,nan
3fur,3fur_342,0.610,-0.066003,nan
3fur,3fur_364,9.160,-4.655206,nan
3fur,3fur_369,9.120,-6.984310,nan
3fur,3fur_374,0.760,-0.365064,nan
3fur,3fur_395,9.140,-4.816278,nan
3fur,3fur_399,9.020,-7.396394,nan
3fur,3fur_406,3.390,-2.075326,nan
3fur,3fur_413,4.890,-1.574296,nan
3fur,3fur_415,4.040,-2.253545,nan
3fur,3fur_417,3.140,-1.402857,nan
3fur,3fur_427,5.690,-2.497511,nan
3fur,3fur_43,9.130,-5.623713,nan
3fur,3fur_433,4.270,-2.356692,nan
3fur,3fur_437,2.580,-1.658951,nan
3fur,3fur_440,1.540,-1.494014,nan
3fur,3fur_442,2.810,-1.638193,nan
3fur,3fur_444,5.300,-2.211870,nan
3fur,3fur_446,3.370,-1.730208,nan
3fur,3fur_449,5.490,-1.867274,nan
3fur,3fur_454,2.660,-1.269458,nan
3fur,3fur_461,4.300,-2.629748,nan
3fur,3fur_469,3.290,-2.699476,nan
3fur,3fur_483,3.150,-1.595464,nan
3fur,3fur_484,4.970,-1.528712,nan
3fur,3fur_494,2.900,-2.362787,nan
3fur,3fur_513,5.370,-1.573122,nan
3fur,3fur_514,1.990,-1.826675,nan
3fur,3fur_532,6.550,-3.267018,nan
3fur,3fur_535,5.590,-2.028168,nan
3fur,3fur_537,2.670,-2.253209,nan
3fur,3fur_538,3.340,-1.617701,nan
3fur,3fur_539,6.880,-4.028024,nan
3fur,3fur_541,6.070,-2.258856,nan
3fur,3fur_554,7.290,-3.988777,nan
3fur,3fur_557,2.120,-1.631747,nan
3fur,3fur_560,4.680,-2.334388,nan
3fur,3fur_561,6.540,-6.723813,nan
3fur,3fur_568,4.560,-3.151454,nan
3fur,3fur_571,3.940,-2.355472,nan
3fur,3fur_588,2.980,-2.111761,nan
3fur,3fur_59,6.360,-2.252073,nan
3fur,3fur_6,1.000,-0.175395,nan
3fur,3fur_60,9.540,-6.457998,nan
3fur,3fur_600,6.790,-7.539698,nan
3fur,3fur_612,7.240,-6.197923,nan
3fur,3fur_623,7.080,-3.441391,nan
3fur,3fur_630,6.350,-6.447193,nan
3fur,3fur_632,4.930,-5.074338,nan
3fur,3fur_657,8.490,-8.345416,nan
3fur,3fur_659,7.660,-5.954404,nan
3fur,3fur_666,8.870,-7.815740,nan
3fur,3fur_672,5.740,-5.464149,nan
3fur,3fur_673,8.370,-6.742406,nan
3fur,3fur_675,3.270,-1.767784,nan
3fur,3fur_681,8.150,-4.374893,nan
3fur,3fur_683,5.150,-1.896712,nan
3fur,3fur_684,6.300,-5.192370,nan
3fur,3fur_692,7.080,-6.115868,nan
3fur,3fur_696,2.940,-2.343987,nan
3fur,3fur_697,7.410,-7.125758,nan
3fur,3fur_7,7.570,-3.236486,nan
3fur,3fur_729,5.060,-2.505924,nan
3fur,3fur_778,3.670,-1.191707,nan
3fur,3fur_783,1.720,-1.184445,nan
3fur,3fur_787,7.190,-4.616076,nan
3fur,3fur_794,4.320,-1.023163,nan
3fur,3fur_796,3.930,-1.317725,nan
3fur,3fur_797,5.560,-5.879494,nan
3fur,3fur_88,8.010,-6.803668,nan
3fur,3fur_94,9.400,-7.354635,nan
3fur,3fur_960,0.930,-0.239703,nan
3fv1,3fv1_115,0.220,-0.437481,nan
3fv1,3fv1_191,0.160,-0.584542,nan
3fv1,3fv1_262,0.400,-0.636898,nan
3fv1,3fv1_333,0.310,-0.703894,nan
3fv1,3fv1_407,1.520,-2.569819,nan
3fv1,3fv1_415,1.450,-2.759139,nan
3fv1,3fv1_435,3.470,-1.927901,nan
3fv1,3fv1_436,1.510,-2.445750,nan
3fv1,3fv1_442,4.130,-3.250622,nan
3fv1,3fv1_451,3.230,-2.811622,nan
3fv1,3fv1_452,1.820,-1.946239,nan
3fv1,3fv1_456,2.100,-2.036657,nan
3fv1,3fv1_461,3.850,-2.074792,nan
3fv1,3fv1_463,3.430,-2.126529,nan
3fv1,3fv1_467,2.370,-2.562830,nan
3fv1,3fv1_470,0.890,-1.259242,nan
3fv1,3fv1_488,4.230,-3.701882,nan
3fv1,3fv1_491,2.030,-1.857899,nan
3fv1,3fv1_492,2.800,-2.882850,nan
3fv1,3fv1_494,3.700,-3.788927,nan
3fv1,3fv1_503,1.000,-1.233920,nan
3fv1,3fv1_530,2.670,-1.858370,nan
3fv1,3fv1_553,2.000,-2.154541,nan
3fv1,3fv1_557,4.030,-2.725856,nan
3fv1,3fv1_572,2.720,-2.924048,nan
3fv1,3fv1_573,2.120,-2.427168,nan
3fv1,3fv1_575,3.770,-2.263143,nan
3fv1,3fv1_598,3.230,-3.201574,nan
3fv1,3fv1_613,2.850,-2.449862,nan
3fv1,3fv1_623,1.870,-2.029710,nan
3fv1,3fv1_628,2.120,-2.384038,nan
3fv1,3fv1_638,1.960,-2.084955,nan
3fv1,3fv1_645,1.410,-1.888600,nan
3fv1,3fv1_652,4.130,-3.371444,nan
3fv1,3fv1_672,3.630,-3.583899,nan
3fv1,3fv1_676,3.640,-3.769634,nan
3fv1,3fv1_677,1.600,-2.033099,nan
3fv1,3fv1_690,1.480,-1.549518,nan
3fv1,3fv1_695,3.300,-2.503731,nan
3fv1,3fv1_700,2.440,-2.874516,nan
3fv1,3fv1_730,0.340,-0.483132,nan
3fv1,3fv1_742,0.530,-0.632473,nan
3fv1,3fv1_832,0.630,-0.296975,nan
3fv1,3fv1_87,0.450,-0.539836,nan
3fv2,3fv2_172,0.120,-0.525375,nan
3fv2,3fv2_177,0.590,-0.447975,nan
3fv2,3fv2_200,0.680,-0.789696,nan
3fv2,3fv2_298,0.330,-0.527636,nan
3fv2,3fv2_302,0.360,-0.593224,nan
3fv2,3fv2_408,0.920,-0.789303,nan
3fv2,3fv2_409,3.650,-1.947892,nan
3fv2,3fv2_412,4.130,-2.227923,nan
3fv2,3fv2_42,0.660,-0.345614,nan
3fv2,3fv2_424,3.950,-1.970490,nan
3fv2,3fv2_429,4.180,-2.390630,nan
3fv2,3fv2_430,3.820,-2.622152,nan
3fv2,3fv2_459,3.810,-2.075738,nan
3fv2,3fv2_466,2.430,-2.491749,nan
3fv2,3fv2_484,2.350,-1.958942,nan
3fv2,3fv2_485,2.500,-2.436950,nan
3fv2,3fv2_488,4.250,-2.878736,nan
3fv2,3fv2_489,4.400,-2.947691,nan
3fv2,3fv2_500,4.040,-2.918142,nan
3fv2,3fv2_503,0.930,-1.268247,nan
3fv2,3fv2_509,0.980,-1.295182,nan
3fv2,3fv2_510,2.750,-2.088037,nan
3fv2,3fv2_514,0.870,-1.648478,nan
3fv2,3fv2_517,1.010,-1.512174,nan
3fv2,3fv2_520,1.950,-2.090781,nan
3fv2,3fv2_547,1.170,-1.465124,nan
3fv2,3fv2_548,2.160,-2.082310,nan
3fv2,3fv2_556,2.660,-2.506914,nan
3fv2,3fv2_559,2.170,-1.735392,nan
3fv2,3fv2_563,1.780,-1.924278,nan
3fv2,3fv2_566,1.840,-1.745908,nan
3fv2,3fv2_576,4.040,-1.802301,nan
3fv2,3fv2_582,1.570,-1.637027,nan
3fv2,3fv2_588,4.310,-3.334421,nan
3fv2,3fv2_590,3.050,-3.317051,nan
3fv2,3fv2_592,2.380,-2.225787,nan
3fv2,3fv2_613,1.300,-1.219717,nan
3fv2,3fv2_623,3.140,-3.165092,nan
3fv2,3fv2_626,1.490,-1.616989,nan
3fv2,3fv2_642,4.030,-3.193401,nan
3fv2,3fv2_652,1.540,-1.151782,nan
3fv2,3fv2_657,3.480,-2.384035,nan
3fv2,3fv2_658,4.200,-2.265676,nan
3fv2,3fv2_675,3.190,-3.079737,nan
3fv2,3fv2_676,4.140,-2.022899,nan
3fv2,3fv2_681,2.040,-1.883097,nan
3fv2,3fv2_684,3.800,-3.119415,nan
3fv2,3fv2_688,3.370,-2.296597,nan
3fv2,3fv2_699,2.140,-1.234314,nan
3fv2,3fv2_832,1.370,-1.361881,nan
3g0w,3g0w_185,0.540,-0.203875,nan
3g0w,3g0w_195,0.590,-0.553591,nan
3g0w,3g0w_196,0.330,-0.240461,nan
3g0w,3g0w_241,0.260,-0.263479,nan
3g0w,3g0w_27,0.450,-0.160858,nan
3g0w,3g0w_281,0.210,-0.296577,nan
3g0w,3g0w_401,0.940,-0.362303,nan
3g0w,3g0w_409,0.820,-0.864329,nan
3g0w,3g0w_410,1.820,-1.155333,nan
3g0w,3g0w_413,0.930,-0.830958,nan
3g0w,3g0w_417,6.410,-2.211374,nan
3g0w,3g0w_441,1.690,-1.467658,nan
3g0w,3g0w_458,6.720,-0.943792,nan
3g0w,3g0w_475,2.440,-1.563747,nan
3g0w,3g0w_488,2.120,-2.767904,nan
3g0w,3g0w_493,2.390,-2.150215,nan
3g0w,3g0w_494,2.690,-2.409547,nan
3g0w,3g0w_499,2.290,-2.071676,nan
3g0w,3g0w_516,3.070,-1.773392,nan
3g0w,3g0w_523,6.130,-2.001314,nan
3g0w,3g0w_545,3.360,-2.206904,nan
3g0w,3g0w_552,1.130,-0.812437,nan
3g0w,3g0w_562,1.070,-1.114850,nan
3g0w,3g0w_573,1.090,-1.246406,nan
3g0w,3g0w_574,2.790,-1.694311,nan
3g0w,3g0w_609,1.740,-1.540243,nan
3g0w,3g0w_613,2.360,-2.014024,nan
3g0w,3g0w_639,6.570,-1.888211,nan
3g0w,3g0w_658,1.210,-1.244515,nan
3g0w,3g0w_690,1.960,-1.252441,nan
3g0w,3g0w_696,2.010,-1.413015,nan
3g0w,3g0w_697,3.030,-2.496408,nan
3g0w,3g0w_703,6.600,-0.936208,nan
3g0w,3g0w_753,7.060,-1.750255,nan
3g0w,3g0w_754,4.390,-3.605033,nan
3g0w,3g0w_755,3.410,-2.900075,nan
3g0w,3g0w_756,6.090,-5.697402,nan
3g0w,3g0w_757,3.280,-2.675987,nan
3g0w,3g0w_758,4.550,-4.231267,nan
3g0w,3g0w_759,4.500,-3.954709,nan
3g0w,3g0w_761,3.780,-3.580658,nan
3g0w,3g0w_764,4.520,-4.124638,nan
3g0w,3g0w_765,4.660,-4.504207,nan
3g0w,3g0w_766,4.080,-3.378157,nan
3g0w,3g0w_767,4.100,-3.378157,nan
3g0w,3g0w_768,4.100,-3.403251,nan
3g0w,3g0w_769,5.500,-5.811862,nan
3g0w,3g0w_771,5.920,-5.922718,nan
3g0w,3g0w_772,4.150,-3.601828,nan
3g0w,3g0w_773,3.620,-2.338351,nan
3g0w,3g0w_774,6.980,-1.879851,nan
3g0w,3g0w_775,5.190,-5.024279,nan
3g0w,3g0w_778,8.140,-8.386310,nan
3g0w,3g0w_779,4.350,-4.191267,nan
3g0w,3g0w_780,3.710,-3.448106,nan
3g0w,3g0w_782,3.720,-3.096748,nan
3g0w,3g0w_783,3.830,-3.247244,nan
3g0w,3g0w_786,7.440,-2.945373,nan
3g0w,3g0w_787,6.590,-4.113936,nan
3g0w,3g0w_788,5.350,-5.151729,nan
3g0w,3g0w_789,6.480,-4.415525,nan
3g0w,3g0w_790,6.340,-4.033154,nan
3g0w,3g0w_791,0.430,-0.461472,nan
3g0w,3g0w_800,2.310,-0.311403,nan
3g0w,3g0w_832,2.100,-0.626956,nan
3g0w,3g0w_874,1.830,-0.688264,nan
3g0w,3g0w_889,1.650,-0.835543,nan
3g2n,3g2n_117,0.780,-0.265669,nan
3g2n,3g2n_197,0.650,-0.782455,nan
3g2n,3g2n_244,3.210,-1.079793,nan
3g2n,3g2n_35,0.790,-0.283389,nan
3g2n,3g2n_355,0.900,-0.299622,nan
3g2n,3g2n_40,2.010,-1.257513,nan
3g2n,3g2n_401,1.960,-0.628790,nan
3g2n,3g2n_405,1.260,-0.269894,nan
3g2n,3g2n_423,0.680,-0.771040,nan
3g2n,3g2n_427,1.930,-1.728917,nan
3g2n,3g2n_442,6.800,-1.413155,nan
3g2n,3g2n_450,6.600,-1.742416,nan
3g2n,3g2n_455,6.670,-1.035184,nan
3g2n,3g2n_461,6.630,-0.205227,nan
3g2n,3g2n_462,6.550,-1.301262,nan
3g2n,3g2n_475,2.210,-1.061170,nan
3g2n,3g2n_479,6.690,-2.258170,nan
3g2n,3g2n_481,2.340,-1.054953,nan
3g2n,3g2n_489,6.690,-1.201920,nan
3g2n,3g2n_49,0.480,-0.538362,nan
3g2n,3g2n_491,1.600,-0.836022,nan
3g2n,3g2n_495,2.070,-1.465100,nan
3g2n,3g2n_499,6.620,-0.601409,nan
3g2n,3g2n_506,1.930,-2.317449,nan
3g2n,3g2n_515,2.750,-1.218827,nan
3g2n,3g2n_524,3.600,-1.994615,nan
3g2n,3g2n_546,2.930,-2.779232,nan
3g2n,3g2n_547,3.100,-1.510231,nan
3g2n,3g2n_55,0.780,-0.242958,nan
3g2n,3g2n_556,1.970,-0.948036,nan
3g2n,3g2n_563,3.040,-1.510448,nan
3g2n,3g2n_574,2.320,-0.352435,nan
3g2n,3g2n_576,3.090,-3.244501,nan
3g2n,3g2n_582,4.340,-3.299145,nan
3g2n,3g2n_588,3.020,-3.000305,nan
3g2n,3g2n_599,7.110,-2.986896,nan
3g2n,3g2n_630,4.350,-3.663102,nan
3g2n,3g2n_640,3.950,-3.138715,nan
3g2n,3g2n_642,9.150,-6.304422,nan
3g2n,3g2n_645,7.120,-2.800752,nan
3g2n,3g2n_647,4.170,-2.932760,nan
3g2n,3g2n_656,2.410,-0.684608,nan
3g2n,3g2n_658,3.050,-2.844694,nan
3g2n,3g2n_666,6.540,-3.224682,nan
3g2n,3g2n_674,4.750,-3.702551,nan
3g2n,3g2n_675,8.160,-4.271585,nan
3g2n,3g2n_676,7.380,-3.308400,nan
3g2n,3g2n_677,2.850,-1.736566,nan
3g2n,3g2n_678,1.800,-1.271609,nan
3g2n,3g2n_681,3.680,-2.147781,nan
3g2n,3g2n_682,3.230,-2.633124,nan
3g2n,3g2n_695,6.730,-5.923364,nan
3g2n,3g2n_77,1.880,-0.524038,nan
3g2n,3g2n_772,7.300,-5.181219,nan
3g2n,3g2n_773,7.280,-5.099929,nan
3g2n,3g2n_774,7.270,-5.099929,nan
3g2n,3g2n_775,7.280,-4.963897,nan
3g2n,3g2n_81,1.750,-0.920641,nan
3g2n,3g2n_870,1.760,-0.959864,nan
3g2n,3g2n_922,0.960,-0.509011,nan
3g2n,3g2n_93,2.300,-0.491914,nan
3g2n,3g2n_967,0.520,-0.390698,nan
3g2n,3g2n_97,0.380,-0.414212,nan
3g2z,3g2z_1001,1.710,-0.517759,nan
3g2z,3g2z_1002,1.880,-0.674626,nan
3g2z,3g2z_1003,1.700,-0.378750,nan
3g2z,3g2z_1004,1.180,-0.512933,nan
3g2z,3g2z_1005,1.010,-0.506639,nan
3g2z,3g2z_1006,1.550,-0.571262,nan
3g2z,3g2z_1007,1.650,-0.482254,nan
3g2z,3g2z_1008,1.260,-0.530972,nan
3g2z,3g2z_1009,1.960,-0.505171,nan
3g2z,3g2z_1010,1.980,-0.362902,nan
3g2z,3g2z_1011,0.970,-0.802111,nan
3g2z,3g2z_1012,0.930,-0.618670,nan
3g2z,3g2z_132,2.470,-0.490881,nan
3g2z,3g2z_152,3.670,-1.847642,nan
3g2z,3g2z_166,2.930,-0.544711,nan
3g2z,3g2z_189,5.160,-3.356768,nan
3g2z,3g2z_194,4.010,-2.749088,nan
3g2z,3g2z_332,5.730,-3.354254,nan
3g2z,3g2z_42,5.010,-3.470776,nan
3g2z,3g2z_443,3.780,-0.530826,nan
3g2z,3g2z_490,4.490,-0.720784,nan
3g2z,3g2z_506,3.870,-2.147562,nan
3g2z,3g2z_517,4.100,-4.074305,nan
3g2z,3g2z_525,2.990,-0.852454,nan
3g2z,3g2z_526,3.820,-3.881748,nan
3g2z,3g2z_528,4.220,-1.734850,nan
3g2z,3g2z_534,4.530,-4.203860,nan
3g2z,3g2z_535,4.280,-0.783724,nan
3g2z,3g2z_559,2.610,-2.327814,nan
3g2z,3g2z_568,3.790,-3.146609,nan
3g2z,3g2z_569,3.920,-0.722618,nan
3g2z,3g2z_578,3.920,-4.205694,nan
3g2z,3g2z_587,2.660,-2.730891,nan
3g2z,3g2z_588,4.950,-1.162218,nan
3g2z,3g2z_603,2.780,-0.363574,nan
3g2z,3g2z_610,5.270,-0.979021,nan
3g2z,3g2z_616,5.200,-3.339471,nan
3g2z,3g2z_626,4.310,-0.803541,nan
3g2z,3g2z_631,3.160,-1.437827,nan
3g2z,3g2z_632,3.920,-1.168980,nan
3g2z,3g2z_656,4.350,-0.921989,nan
3g2z,3g2z_663,2.450,-2.049664,nan
3g2z,3g2z_668,3.370,-3.004418,nan
3g2z,3g2z_683,4.110,-1.485587,nan
3g2z,3g2z_687,2.660,-0.624871,nan
3g2z,3g2z_706,5.450,-3.039497,nan
3g2z,3g2z_745,7.150,-6.495241,nan
3g2z,3g2z_748,5.820,-4.136637,nan
3g2z,3g2z_755,5.180,-5.132959,nan
3g2z,3g2z_763,2.650,-2.377085,nan
3g2z,3g2z_776,5.760,-3.123210,nan
3g2z,3g2z_779,5.620,-3.644789,nan
3g2z,3g2z_790,2.450,-3.250282,nan
3g2z,3g2z_792,6.010,-4.792572,nan
3g2z,3g2z_818,6.610,-5.391910,nan
3g2z,3g2z_909,6.770,-6.831816,nan
3g2z,3g2z_915,7.030,-7.220112,nan
3g2z,3g2z_933,6.620,-5.384048,nan
3g2z,3g2z_940,7.810,-6.961601,nan
3g2z,3g2z_975,6.930,-5.359411,nan
3g31,3g31_107,1.430,-0.776534,nan
3g31,3g31_109,0.920,-1.180856,nan
3g31,3g31_136,2.890,-0.860115,nan
3g31,3g31_210,3.400,-0.725967,nan
3g31,3g31_218,4.070,-1.104298,nan
3g31,3g31_246,3.600,-0.597556,nan
3g31,3g31_288,4.120,-1.336932,nan
3g31,3g31_339,2.480,-0.441543,nan
3g31,3g31_36,1.780,-0.593654,nan
3g31,3g31_362,0.980,-0.722343,nan
3g31,3g31_392,1.840,-0.499414,nan
3g31,3g31_402,2.260,-1.092546,nan
3g31,3g31_405,2.070,-1.245627,nan
3g31,3g31_413,6.180,-2.751870,nan
3g31,3g31_416,6.050,-3.975986,nan
3g31,3g31_437,6.380,-3.556198,nan
3g31,3g31_442,3.060,-3.089452,nan
3g31,3g31_447,3.190,-2.356217,nan
3g31,3g31_448,2.210,-1.239282,nan
3g31,3g31_457,5.850,-2.619936,nan
3g31,3g31_461,6.910,-4.702296,nan
3g31,3g31_469,6.380,-3.564951,nan
3g31,3g31_472,4.650,-1.654793,nan
3g31,3g31_473,7.020,-3.384605,nan
3g31,3g31_474,4.490,-2.395257,nan
3g31,3g31_475,5.690,-2.750953,nan
3g31,3g31_478,5.570,-2.445107,nan
3g31,3g31_488,5.460,-2.137667,nan
3g31,3g31_496,4.560,-2.672738,nan
3g31,3g31_498,5.810,-4.048288,nan
3g31,3g31_499,2.330,-1.439957,nan
3g31,3g31_512,1.700,-2.184623,nan
3g31,3g31_526,6.330,-6.879891,nan
3g31,3g31_531,1.870,-1.703704,nan
3g31,3g31_532,8.020,-5.622653,nan
3g31,3g31_534,1.910,-1.623746,nan
3g31,3g31_535,4.110,-4.926660,nan
3g31,3g31_537,4.700,-2.782408,nan
3g31,3g31_556,1.940,-1.376058,nan
3g31,3g31_571,6.420,-7.238365,nan
3g31,3g31_580,6.410,-6.156292,nan
3g31,3g31_581,3.920,-1.584983,nan
3g31,3g31_582,3.750,-1.839161,nan
3g31,3g31_584,6.380,-6.387837,nan
3g31,3g31_585,8.040,-8.241897,nan
3g31,3g31_588,8.500,-5.490367,nan
3g31,3g31_596,1.960,-1.211693,nan
3g31,3g31_644,4.890,-5.561158,nan
3g31,3g31_648,2.920,-2.580579,nan
3g31,3g31_652,5.760,-6.311427,nan
3g31,3g31_653,3.870,-2.525167,nan
3g31,3g31_659,5.390,-1.445874,nan
3g31,3g31_663,5.210,-6.252956,nan
3g31,3g31_670,3.460,-3.517524,nan
3g31,3g31_673,3.000,-2.629381,nan
3g31,3g31_687,7.520,-8.324057,nan
3g31,3g31_692,2.810,-3.626716,nan
3g31,3g31_693,3.570,-1.739977,nan
3g31,3g31_697,4.830,-1.190307,nan
3g31,3g31_699,5.870,-6.766510,nan
3g31,3g31_700,6.950,-6.933706,nan
3g31,3g31_740,3.340,-1.014289,nan
3g31,3g31_781,2.030,-0.972336,nan
3g31,3g31_785,5.330,-6.116454,nan
3g31,3g31_786,2.000,-0.983522,nan
3g31,3g31_791,1.400,-0.786530,nan
3g31,3g31_802,4.610,-1.440112,nan
3gbb,3gbb_213,0.410,-0.615918,nan
3gbb,3gbb_278,0.550,-0.210266,nan
3gbb,3gbb_304,0.700,-0.205125,nan
3gbb,3gbb_317,0.430,-0.333560,nan
3gbb,3gbb_405,0.780,-1.160059,nan
3gbb,3gbb_407,0.840,-0.419396,nan
3gbb,3gbb_418,3.970,-1.572294,nan
3gbb,3gbb_421,4.130,-1.588119,nan
3gbb,3gbb_427,0.860,-0.444335,nan
3gbb,3gbb_445,1.170,-1.325859,nan
3gbb,3gbb_449,0.990,-1.185875,nan
3gbb,3gbb_458,2.120,-1.700869,nan
3gbb,3gbb_460,1.650,-1.297908,nan
3gbb,3gbb_468,1.530,-1.290390,nan
3gbb,3gbb_473,0.930,-1.645992,nan
3gbb,3gbb_482,2.360,-1.169294,nan
3gbb,3gbb_483,1.710,-1.370601,nan
3gbb,3gbb_489,4.020,-1.394040,nan
3gbb,3gbb_498,3.050,-2.264384,nan
3gbb,3gbb_503,1.270,-1.512731,nan
3gbb,3gbb_509,2.770,-1.702009,nan
3gbb,3gbb_510,2.290,-1.812796,nan
3gbb,3gbb_512,3.120,-2.322143,nan
3gbb,3gbb_523,1.140,-1.071042,nan
3gbb,3gbb_559,2.960,-1.416691,nan
3gbb,3gbb_564,1.980,-1.634706,nan
3gbb,3gbb_596,1.500,-1.538412,nan
3gbb,3gbb_616,4.300,-2.774839,nan
3gbb,3gbb_619,2.570,-2.314127,nan
3gbb,3gbb_621,3.910,-2.425248,nan
3gbb,3gbb_625,3.940,-2.217026,nan
3gbb,3gbb_627,2.400,-1.980503,nan
3gbb,3gbb_646,3.730,-1.524822,nan
3gbb,3gbb_648,3.980,-2.464252,nan
3gbb,3gbb_650,2.450,-1.802180,nan
3gbb,3gbb_655,2.180,-2.435344,nan
3gbb,3gbb_666,3.960,-2.090514,nan
3gbb,3gbb_673,4.020,-2.064207,nan
3gbb,3gbb_678,5.520,-4.287093,nan
3gbb,3gbb_683,1.870,-2.800313,nan
3gbb,3gbb_693,4.020,-2.171115,nan
3gbb,3gbb_697,3.100,-1.293574,nan
3gbb,3gbb_715,1.410,-1.431804,nan
3gbb,3gbb_717,2.710,-1.736395,nan
3gbb,3gbb_728,4.010,-1.844362,nan
3gbb,3gbb_781,3.080,-1.861424,nan
3gbb,3gbb_783,4.110,-3.241331,nan
3gbb,3gbb_796,4.040,-4.190547,nan
3gbb,3gbb_814,0.820,-0.701691,nan
3gbb,3gbb_845,4.250,-2.003260,nan
3gbb,3gbb_893,4.370,-2.514271,nan
3gc5,3gc5_402,0.720,-1.162892,nan
3gc5,3gc5_403,0.760,-0.442387,nan
3gc5,3gc5_406,0.970,-1.185532,nan
3gc5,3gc5_408,2.060,-0.906177,nan
3gc5,3gc5_426,0.970,-1.713228,nan
3gc5,3gc5_427,3.350,-1.719568,nan
3gc5,3gc5_428,5.140,-2.772827,nan
3gc5,3gc5_436,1.410,-0.639420,nan
3gc5,3gc5_446,3.630,-1.920102,nan
3gc5,3gc5_451,3.280,-0.888681,nan
3gc5,3gc5_457,2.230,-2.291799,nan
3gc5,3gc5_460,3.440,-1.788992,nan
3gc5,3gc5_461,4.200,-1.573382,nan
3gc5,3gc5_463,2.420,-1.473209,nan
3gc5,3gc5_464,0.920,-1.083838,nan
3gc5,3gc5_467,2.010,-1.851519,nan
3gc5,3gc5_471,3.670,-1.217872,nan
3gc5,3gc5_475,3.020,-1.982052,nan
3gc5,3gc5_492,3.330,-1.396194,nan
3gc5,3gc5_495,5.070,-2.122245,nan
3gc5,3gc5_500,5.230,-3.477992,nan
3gc5,3gc5_507,4.500,-4.916213,nan
3gc5,3gc5_516,4.260,-1.586070,nan
3gc5,3gc5_518,6.180,-6.143194,nan
3gc5,3gc5_524,0.910,-0.991751,nan
3gc5,3gc5_532,5.520,-4.980422,nan
3gc5,3gc5_536,4.640,-4.330498,nan
3gc5,3gc5_551,5.700,-4.715673,nan
3gc5,3gc5_556,3.770,-3.010341,nan
3gc5,3gc5_559,1.830,-1.417600,nan
3gc5,3gc5_563,6.850,-5.971848,nan
3gc5,3gc5_565,5.730,-5.037612,nan
3gc5,3gc5_566,4.830,-2.992435,nan
3gc5,3gc5_567,1.390,-2.194219,nan
3gc5,3gc5_574,4.520,-1.806245,nan
3gc5,3gc5_577,1.190,-1.882110,nan
3gc5,3gc5_580,3.640,-1.839535,nan
3gc5,3gc5_582,6.600,-7.358678,nan
3gc5,3gc5_585,6.530,-6.563845,nan
3gc5,3gc5_589,5.670,-5.073349,nan
3gc5,3gc5_603,0.770,-1.512486,nan
3gc5,3gc5_604,1.460,-2.037138,nan
3gc5,3gc5_605,1.050,-1.602332,nan
3gc5,3gc5_606,0.800,-1.057539,nan
3gc5,3gc5_607,1.970,-2.187666,nan
3gc5,3gc5_617,1.990,-1.470188,nan
3gc5,3gc5_627,4.490,-1.933724,nan
3gc5,3gc5_631,1.920,-0.728718,nan
3gc5,3gc5_632,2.760,-2.168452,nan
3gc5,3gc5_636,2.990,-2.158397,nan
3gc5,3gc5_638,4.290,-1.448167,nan
3gc5,3gc5_646,4.710,-3.407559,nan
3gc5,3gc5_647,0.880,-1.494533,nan
3gc5,3gc5_657,4.870,-3.147317,nan
3gc5,3gc5_662,2.640,-1.500767,nan
3gc5,3gc5_663,2.590,-2.299341,nan
3gc5,3gc5_679,5.170,-4.035107,nan
3gc5,3gc5_682,5.270,-3.694961,nan
3gc5,3gc5_691,1.610,-0.861535,nan
3gc5,3gc5_696,5.640,-3.853326,nan
3gc5,3gc5_715,0.930,-0.934246,nan
3gc5,3gc5_733,6.800,-5.590059,nan
3gc5,3gc5_739,7.140,-6.794343,nan
3gc5,3gc5_749,7.540,-7.844426,nan
3gc5,3gc5_752,7.490,-8.013883,nan
3gc5,3gc5_755,3.000,-1.357976,nan
3gc5,3gc5_757,6.530,-6.385063,nan
3gc5,3gc5_758,6.580,-5.552835,nan
3gc5,3gc5_759,7.520,-7.027674,nan
3gc5,3gc5_764,7.460,-7.638815,nan
3gc5,3gc5_770,8.010,-7.614458,nan
3gc5,3gc5_772,8.100,-7.355206,nan
3gc5,3gc5_773,7.310,-8.404404,nan
3gc5,3gc5_775,7.000,-7.695259,nan
3gc5,3gc5_776,7.030,-7.873024,nan
3gc5,3gc5_777,7.830,-8.190449,nan
3gc5,3gc5_778,7.750,-8.136629,nan
3gc5,3gc5_779,7.700,-8.013827,nan
3gc5,3gc5_780,8.020,-8.134329,nan
3gc5,3gc5_783,6.910,-7.369534,nan
3gc5,3gc5_784,6.780,-7.858254,nan
3gc5,3gc5_822,2.100,-1.584440,nan
3gc5,3gc5_878,9.210,-8.488850,nan
3gc5,3gc5_879,9.230,-8.489768,nan
3gc5,3gc5_973,3.070,-2.811415,nan
3ge7,3ge7_11,4.830,-3.837013,nan
3ge7,3ge7_140,0.610,-0.830889,nan
3ge7,3ge7_191,0.680,-0.965548,nan
3ge7,3ge7_24,0.780,-0.668531,nan
3ge7,3ge7_262,0.890,-1.123949,nan
3ge7,3ge7_324,3.030,-4.570369,nan
3ge7,3ge7_404,5.810,-3.227745,nan
3ge7,3ge7_411,5.360,-3.026837,nan
3ge7,3ge7_415,1.890,-1.874162,nan
3ge7,3ge7_424,5.970,-3.555058,nan
3ge7,3ge7_426,2.840,-2.047564,nan
3ge7,3ge7_431,1.390,-2.341678,nan
3ge7,3ge7_443,1.690,-2.105680,nan
3ge7,3ge7_448,6.620,-1.616160,nan
3ge7,3ge7_451,5.530,-2.777336,nan
3ge7,3ge7_456,2.240,-1.761730,nan
3ge7,3ge7_460,3.990,-2.212828,nan
3ge7,3ge7_465,2.340,-2.107427,nan
3ge7,3ge7_469,3.570,-3.189512,nan
3ge7,3ge7_470,2.550,-2.593726,nan
3ge7,3ge7_480,3.480,-2.745491,nan
3ge7,3ge7_485,1.650,-2.365310,nan
3ge7,3ge7_488,1.700,-2.471788,nan
3ge7,3ge7_490,5.840,-2.728336,nan
3ge7,3ge7_491,1.560,-1.873338,nan
3ge7,3ge7_498,6.310,-3.408563,nan
3ge7,3ge7_523,4.940,-3.830664,nan
3ge7,3ge7_533,3.980,-3.280341,nan
3ge7,3ge7_536,4.030,-2.441935,nan
3ge7,3ge7_547,4.410,-3.565892,nan
3ge7,3ge7_552,4.380,-6.618442,nan
3ge7,3ge7_556,6.480,-5.627245,nan
3ge7,3ge7_561,4.010,-3.407503,nan
3ge7,3ge7_562,6.520,-4.038716,nan
3ge7,3ge7_567,2.820,-3.527956,nan
3ge7,3ge7_571,7.370,-8.198834,nan
3ge7,3ge7_572,3.600,-3.521618,nan
3ge7,3ge7_573,6.740,-6.653662,nan
3ge7,3ge7_574,4.190,-4.871464,nan
3ge7,3ge7_579,1.790,-2.136902,nan
3ge7,3ge7_582,6.030,-5.792305,nan
3ge7,3ge7_583,5.480,-3.782242,nan
3ge7,3ge7_587,3.050,-4.247696,nan
3ge7,3ge7_589,6.360,-7.424567,nan
3ge7,3ge7_590,6.780,-5.716511,nan
3ge7,3ge7_594,7.070,-4.534918,nan
3ge7,3ge7_598,5.910,-5.507230,nan
3ge7,3ge7_599,5.770,-6.694729,nan
3ge7,3ge7_600,7.650,-5.049518,nan
3ge7,3ge7_637,4.500,-3.693889,nan
3ge7,3ge7_638,4.210,-3.045285,nan
3ge7,3ge7_641,2.760,-2.875653,nan
3ge7,3ge7_644,1.720,-1.990554,nan
3ge7,3ge7_651,2.060,-1.921845,nan
3ge7,3ge7_655,5.680,-4.041460,nan
3ge7,3ge7_658,4.500,-2.983918,nan
3ge7,3ge7_659,3.340,-3.289489,nan
3ge7,3ge7_666,3.670,-2.532858,nan
3ge7,3ge7_667,6.630,-2.431478,nan
3ge7,3ge7_674,7.000,-1.882880,nan
3ge7,3ge7_676,2.840,-3.505457,nan
3ge7,3ge7_683,2.740,-2.605947,nan
3ge7,3ge7_684,2.270,-1.158449,nan
3ge7,3ge7_685,5.980,-1.350188,nan
3ge7,3ge7_688,2.860,-2.297797,nan
3ge7,3ge7_717,0.780,-0.541673,nan
3ge7,3ge7_718,1.000,-0.571831,nan
3ge7,3ge7_791,1.300,-1.434502,nan
3ge7,3ge7_794,1.030,-0.887558,nan
3ge7,3ge7_795,0.990,-0.786594,nan
3ge7,3ge7_824,0.330,-0.808446,nan
3ge7,3ge7_895,0.910,-0.753252,nan
3ge7,3ge7_898,0.690,-0.907438,nan
3gnw,3gnw_134,3.550,-2.777624,nan
3gnw,3gnw_136,4.150,-3.665129,nan
3gnw,3gnw_155,5.150,-1.515135,nan
3gnw,3gnw_179,6.010,-3.265608,nan
3gnw,3gnw_201,4.900,-2.216062,nan
3gnw,3gnw_205,7.080,-8.079690,nan
3gnw,3gnw_216,5.350,-2.123482,nan
3gnw,3gnw_218,5.750,-3.704351,nan
3gnw,3gnw_219,9.690,-8.560651,nan
3gnw,3gnw_220,7.900,-8.456478,nan
3gnw,3gnw_225,9.160,-8.582875,nan
3gnw,3gnw_226,9.990,-8.554918,nan
3gnw,3gnw_236,4.990,-3.652317,nan
3gnw,3gnw_241,7.390,-8.039480,nan
3gnw,3gnw_254,1.250,-0.536642,nan
3gnw,3gnw_259,5.400,-4.621686,nan
3gnw,3gnw_261,6.370,-6.377825,nan
3gnw,3gnw_266,8.060,-8.439335,nan
3gnw,3gnw_271,5.250,-4.559675,nan
3gnw,3gnw_273,9.070,-8.561919,nan
3gnw,3gnw_276,4.830,-0.981468,nan
3gnw,3gnw_277,8.850,-8.552764,nan
3gnw,3gnw_278,5.320,-3.113795,nan
3gnw,3gnw_279,9.430,-8.557243,nan
3gnw,3gnw_284,9.650,-8.565516,nan
3gnw,3gnw_294,0.710,-0.281214,nan
3gnw,3gnw_299,8.110,-8.447618,nan
3gnw,3gnw_302,2.350,-1.429681,nan
3gnw,3gnw_310,9.620,-8.539031,nan
3gnw,3gnw_315,2.190,-0.790636,nan
3gnw,3gnw_316,7.210,-6.930143,nan
3gnw,3gnw_322,6.740,-5.962401,nan
3gnw,3gnw_323,6.030,-4.861542,nan
3gnw,3gnw_325,5.330,-5.675671,nan
3gnw,3gnw_335,8.130,-8.453759,nan
3gnw,3gnw_337,6.900,-6.279489,nan
3gnw,3gnw_343,8.190,-8.405666,nan
3gnw,3gnw_381,6.490,-6.109778,nan
3gnw,3gnw_387,6.600,-6.843067,nan
3gnw,3gnw_402,3.650,-2.882298,nan
3gnw,3gnw_41,4.940,-1.503749,nan
3gnw,3gnw_411,3.970,-2.333640,nan
3gnw,3gnw_417,4.550,-4.700390,nan
3gnw,3gnw_423,4.080,-3.551799,nan
3gnw,3gnw_440,3.940,-1.500178,nan
3gnw,3gnw_448,2.940,-2.104290,nan
3gnw,3gnw_463,4.710,-2.374214,nan
3gnw,3gnw_49,6.210,-4.371903,nan
3gnw,3gnw_493,2.980,-1.756571,nan
3gnw,3gnw_498,5.170,-3.472717,nan
3gnw,3gnw_516,2.930,-2.045238,nan
3gnw,3gnw_527,4.890,-5.018624,nan
3gnw,3gnw_535,8.130,-8.284076,nan
3gnw,3gnw_545,7.970,-6.962449,nan
3gnw,3gnw_549,8.450,-8.509992,nan
3gnw,3gnw_552,7.720,-7.486475,nan
3gnw,3gnw_555,3.870,-1.899594,nan
3gnw,3gnw_569,9.680,-8.482739,nan
3gnw,3gnw_580,6.280,-7.450590,nan
3gnw,3gnw_581,9.790,-8.533755,nan
3gnw,3gnw_586,8.260,-8.206244,nan
3gnw,3gnw_587,3.680,-3.562104,nan
3gnw,3gnw_597,8.430,-7.429803,nan
3gnw,3gnw_634,3.510,-2.352215,nan
3gnw,3gnw_636,7.320,-7.483965,nan
3gnw,3gnw_639,8.530,-8.458232,nan
3gnw,3gnw_649,5.700,-5.365469,nan
3gnw,3gnw_659,9.970,-8.422748,nan
3gnw,3gnw_662,5.690,-3.781882,nan
3gnw,3gnw_667,7.240,-7.597733,nan
3gnw,3gnw_668,6.040,-4.202612,nan
3gnw,3gnw_694,7.650,-8.527720,nan
3gnw,3gnw_700,7.800,-8.440879,nan
3gnw,3gnw_708,0.710,-0.631885,nan
3gnw,3gnw_712,0.630,-0.566120,nan
3gnw,3gnw_714,0.910,-0.741461,nan
3gnw,3gnw_718,0.960,-0.325019,nan
3gnw,3gnw_722,1.530,-0.519104,nan
3gnw,3gnw_729,2.210,-1.629989,nan
3gnw,3gnw_745,2.750,-1.277883,nan
3gnw,3gnw_779,2.450,-1.848621,nan
3gnw,3gnw_802,0.700,-0.627252,nan
3gnw,3gnw_842,1.280,-0.515663,nan
3gnw,3gnw_847,1.840,-1.255484,nan
3gnw,3gnw_848,1.260,-0.297717,nan
3gnw,3gnw_857,1.380,-0.303940,nan
3gnw,3gnw_867,1.190,-0.870828,nan
3gnw,3gnw_868,3.520,-2.169936,nan
3gnw,3gnw_87,1.440,-0.743847,nan
3gnw,3gnw_873,3.170,-1.054541,nan
3gnw,3gnw_876,2.860,-1.116065,nan
3gnw,3gnw_877,1.720,-0.775815,nan
3gnw,3gnw_939,1.430,-0.394849,nan
3gnw,3gnw_94,3.960,-3.055626,nan
3gnw,3gnw_95,4.310,-1.908874,nan
3gnw,3gnw_950,0.790,-0.497316,nan
3gnw,3gnw_959,2.540,-1.814065,nan
3gnw,3gnw_961,0.810,-0.924708,nan
3gnw,3gnw_965,0.710,-0.420668,nan
3gnw,3gnw_982,0.850,-0.797234,nan
3gr2,3gr2_102,8.600,-7.989702,nan
3gr2,3gr2_118,8.070,-8.101533,nan
3gr2,3gr2_12,4.920,-2.539191,nan
3gr2,3gr2_122,5.420,-3.998412,nan
3gr2,3gr2_132,7.320,-7.569474,nan
3gr2,3gr2_151,7.870,-7.770041,nan
3gr2,3gr2_186,8.050,-7.887774,nan
3gr2,3gr2_187,8.310,-8.204076,nan
3gr2,3gr2_205,3.990,-3.564674,nan
3gr2,3gr2_220,4.350,-3.709569,nan
3gr2,3gr2_226,8.260,-7.538935,nan
3gr2,3gr2_239,5.730,-3.316625,nan
3gr2,3gr2_254,6.940,-6.682081,nan
3gr2,3gr2_262,2.400,-0.749961,nan
3gr2,3gr2_277,5.210,-4.605510,nan
3gr2,3gr2_279,7.040,-6.361435,nan
3gr2,3gr2_337,1.940,-0.264937,nan
3gr2,3gr2_409,1.940,-0.789432,nan
3gr2,3gr2_410,1.300,-0.417036,nan
3gr2,3gr2_415,5.580,-5.041630,nan
3gr2,3gr2_421,6.670,-6.146591,nan
3gr2,3gr2_424,1.680,-1.039608,nan
3gr2,3gr2_446,2.420,-1.141713,nan
3gr2,3gr2_449,2.700,-1.051475,nan
3gr2,3gr2_451,2.280,-0.416080,nan
3gr2,3gr2_458,1.840,-0.884003,nan
3gr2,3gr2_460,2.940,-1.253600,nan
3gr2,3gr2_466,3.550,-2.460558,nan
3gr2,3gr2_474,1.220,-1.143315,nan
3gr2,3gr2_476,1.570,-0.549722,nan
3gr2,3gr2_493,2.750,-1.546108,nan
3gr2,3gr2_526,7.220,-5.281051,nan
3gr2,3gr2_540,6.590,-4.243947,nan
3gr2,3gr2_541,6.190,-5.774487,nan
3gr2,3gr2_545,2.140,-0.648277,nan
3gr2,3gr2_560,5.130,-4.622252,nan
3gr2,3gr2_568,7.090,-7.145672,nan
3gr2,3gr2_580,4.140,-2.476112,nan
3gr2,3gr2_581,6.400,-4.607708,nan
3gr2,3gr2_585,5.020,-1.995582,nan
3gr2,3gr2_592,4.580,-1.732401,nan
3gr2,3gr2_624,7.140,-5.093141,nan
3gr2,3gr2_663,6.660,-5.596589,nan
3gr2,3gr2_665,7.350,-6.580451,nan
3gr2,3gr2_669,6.540,-4.685264,nan
3gr2,3gr2_684,4.060,-2.377067,nan
3gr2,3gr2_686,6.560,-5.922882,nan
3gr2,3gr2_701,1.320,-0.603985,nan
3gr2,3gr2_717,4.000,-2.765751,nan
3gr2,3gr2_722,5.860,-4.214581,nan
3gr2,3gr2_732,3.930,-2.281742,nan
3gr2,3gr2_735,4.070,-2.759931,nan
3gr2,3gr2_737,4.150,-1.648865,nan
3gr2,3gr2_738,3.970,-1.215297,nan
3gr2,3gr2_742,8.670,-7.717268,nan
3gr2,3gr2_743,8.510,-7.836119,nan
3gr2,3gr2_745,3.520,-2.999056,nan
3gr2,3gr2_747,6.700,-4.999556,nan
3gr2,3gr2_756,4.590,-2.564301,nan
3gr2,3gr2_758,7.430,-7.174366,nan
3gr2,3gr2_761,3.700,-2.992672,nan
3gr2,3gr2_762,8.090,-7.342840,nan
3gr2,3gr2_764,2.950,-1.881308,nan
3gr2,3gr2_765,3.990,-2.680280,nan
3gr2,3gr2_766,5.660,-3.814730,nan
3gr2,3gr2_771,5.680,-3.491325,nan
3gr2,3gr2_776,4.020,-2.742579,nan
3gr2,3gr2_779,7.660,-6.474422,nan
3gr2,3gr2_783,8.440,-7.193921,nan
3gr2,3gr2_786,7.320,-6.809469,nan
3gr2,3gr2_820,2.590,-1.470015,nan
3gr2,3gr2_835,1.920,-0.384002,nan
3gr2,3gr2_841,6.290,-5.675142,nan
3gr2,3gr2_853,4.000,-3.770568,nan
3gr2,3gr2_858,4.680,-4.067629,nan
3gr2,3gr2_867,3.790,-2.120315,nan
3gr2,3gr2_872,2.260,-1.222035,nan
3gr2,3gr2_879,5.030,-4.410611,nan
3gr2,3gr2_973,1.500,-0.388816,nan
3gr2,3gr2_978,8.560,-8.289146,nan
3gv9,3gv9_102,4.010,-1.917546,nan
3gv9,3gv9_124,1.210,-0.689805,nan
3gv9,3gv9_227,9.320,-8.023958,nan
3gv9,3gv9_24,6.580,-5.918509,nan
3gv9,3gv9_242,9.020,-6.848404,nan
3gv9,3gv9_247,8.640,-6.529144,nan
3gv9,3gv9_256,9.140,-7.352916,nan
3gv9,3gv9_258,2.990,-0.438402,nan
3gv9,3gv9_259,9.340,-8.103180,nan
3gv9,3gv9_263,9.630,-8.009555,nan
3gv9,3gv9_266,9.190,-6.900216,nan
3gv9,3gv9_277,8.220,-7.871180,nan
3gv9,3gv9_281,9.380,-7.722252,nan
3gv9,3gv9_285,9.750,-8.099217,nan
3gv9,3gv9_293,9.070,-6.869166,nan
3gv9,3gv9_298,9.630,-8.091332,nan
3gv9,3gv9_30,0.640,-0.698806,nan
3gv9,3gv9_300,8.680,-6.808909,nan
3gv9,3gv9_304,3.840,-2.275092,nan
3gv9,3gv9_305,8.300,-8.450896,nan
3gv9,3gv9_306,7.290,-8.147125,nan
3gv9,3gv9_307,8.560,-7.701902,nan
3gv9,3gv9_312,7.480,-7.275674,nan
3gv9,3gv9_315,8.710,-8.162604,nan
3gv9,3gv9_318,8.470,-8.225121,nan
3gv9,3gv9_324,2.340,-1.201324,nan
3gv9,3gv9_328,7.560,-7.429655,nan
3gv9,3gv9_335,7.970,-7.961059,nan
3gv9,3gv9_340,7.490,-7.626025,nan
3gv9,3gv9_350,3.310,-1.543582,nan
3gv9,3gv9_355,7.660,-7.285564,nan
3gv9,3gv9_370,0.840,-0.378504,nan
3gv9,3gv9_379,8.980,-8.395804,nan
3gv9,3gv9_385,8.470,-8.537313,nan
3gv9,3gv9_397,7.690,-8.032138,nan
3gv9,3gv9_398,8.320,-8.183887,nan
3gv9,3gv9_399,7.500,-7.268645,nan
3gv9,3gv9_407,2.490,-0.706618,nan
3gv9,3gv9_432,3.200,-2.694033,nan
3gv9,3gv9_453,6.040,-5.864698,nan
3gv9,3gv9_462,0.920,-0.768359,nan
3gv9,3gv9_467,6.390,-6.635832,nan
3gv9,3gv9_47,0.750,-0.667805,nan
3gv9,3gv9_479,6.310,-6.955152,nan
3gv9,3gv9_480,3.930,-1.633848,nan
3gv9,3gv9_489,2.970,-2.072089,nan
3gv9,3gv9_491,0.920,-0.804604,nan
3gv9,3gv9_505,5.170,-4.649632,nan
3gv9,3gv9_509,2.470,-2.227226,nan
3gv9,3gv9_537,2.040,-2.046962,nan
3gv9,3gv9_540,3.640,-0.842280,nan
3gv9,3gv9_545,4.830,-4.563127,nan
3gv9,3gv9_556,5.900,-6.048156,nan
3gv9,3gv9_559,4.170,-1.708779,nan
3gv9,3gv9_561,5.700,-4.859676,nan
3gv9,3gv9_563,4.600,-3.801253,nan
3gv9,3gv9_564,6.620,-6.684893,nan
3gv9,3gv9_565,4.820,-3.406953,nan
3gv9,3gv9_579,1.800,-1.209744,nan
3gv9,3gv9_59,0.590,-0.562299,nan
3gv9,3gv9_592,6.210,-6.159066,nan
3gv9,3gv9_6,0.600,-0.272036,nan
3gv9,3gv9_604,5.680,-4.057121,nan
3gv9,3gv9_605,5.200,-4.009840,nan
3gv9,3gv9_62,2.460,-1.118078,nan
3gv9,3gv9_623,5.070,-3.582759,nan
3gv9,3gv9_626,1.980,-0.715802,nan
3gv9,3gv9_630,4.460,-3.700178,nan
3gv9,3gv9_639,1.330,-0.677064,nan
3gv9,3gv9_642,4.600,-1.618744,nan
3gv9,3gv9_658,3.240,-2.973695,nan
3gv9,3gv9_660,2.010,-0.572300,nan
3gv9,3gv9_661,3.940,-2.886115,nan
3gv9,3gv9_670,3.920,-3.135976,nan
3gv9,3gv9_674,4.380,-2.732534,nan
3gv9,3gv9_685,5.150,-3.906787,nan
3gv9,3gv9_688,5.900,-4.239587,nan
3gv9,3gv9_697,1.170,-0.477347,nan
3gv9,3gv9_7,0.590,-0.398837,nan
3gv9,3gv9_700,4.610,-4.569091,nan
3gv9,3gv9_756,2.870,-0.830450,nan
3gv9,3gv9_759,5.050,-3.761897,nan
3gv9,3gv9_76,1.260,-0.623752,nan
3gv9,3gv9_760,2.360,-0.689126,nan
3gv9,3gv9_761,1.230,-0.793826,nan
3gv9,3gv9_765,6.800,-6.522731,nan
3gv9,3gv9_767,7.390,-7.103799,nan
3gv9,3gv9_786,3.280,-2.232579,nan
3gv9,3gv9_810,6.140,-6.121076,nan
3gv9,3gv9_826,1.760,-0.685134,nan
3gv9,3gv9_83,1.020,-0.601254,nan
3gv9,3gv9_835,1.860,-1.803713,nan
3gv9,3gv9_84,0.860,-0.439775,nan
3gv9,3gv9_85,0.700,-0.536374,nan
3gv9,3gv9_858,4.470,-2.249120,nan
3gv9,3gv9_875,5.970,-6.001680,nan
3gv9,3gv9_96,3.810,-1.661085,nan
3gv9,3gv9_98,6.650,-7.325804,nan
3gv9,3gv9_990,6.010,-6.001680,nan
3gy4,3gy4_121,2.800,-1.183437,nan
3gy4,3gy4_14,0.640,-0.727742,nan
3gy4,3gy4_184,0.340,-1.226673,nan
3gy4,3gy4_236,0.630,-0.968571,nan
3gy4,3gy4_251,1.050,-1.424932,nan
3gy4,3gy4_259,2.450,-0.588951,nan
3gy4,3gy4_269,0.620,-0.341642,nan
3gy4,3gy4_284,0.900,-1.091806,nan
3gy4,3gy4_39,0.500,-0.774909,nan
3gy4,3gy4_413,2.580,-1.247977,nan
3gy4,3gy4_415,2.670,-1.623740,nan
3gy4,3gy4_423,3.030,-2.060543,nan
3gy4,3gy4_424,0.810,-1.260131,nan
3gy4,3gy4_430,0.950,-0.620267,nan
3gy4,3gy4_437,1.300,-1.949113,nan
3gy4,3gy4_452,1.580,-2.084569,nan
3gy4,3gy4_460,0.900,-0.734667,nan
3gy4,3gy4_466,2.650,-1.534816,nan
3gy4,3gy4_483,3.070,-2.267719,nan
3gy4,3gy4_496,1.880,-0.756957,nan
3gy4,3gy4_497,1.380,-1.318689,nan
3gy4,3gy4_517,3.160,-1.663891,nan
3gy4,3gy4_525,1.020,-1.331172,nan
3gy4,3gy4_528,4.000,-2.590624,nan
3gy4,3gy4_531,4.050,-2.479279,nan
3gy4,3gy4_54,0.680,-0.990767,nan
3gy4,3gy4_550,4.170,-3.050646,nan
3gy4,3gy4_557,2.770,-2.163314,nan
3gy4,3gy4_561,3.650,-2.141731,nan
3gy4,3gy4_565,1.620,-1.518762,nan
3gy4,3gy4_570,4.140,-2.768862,nan
3gy4,3gy4_573,4.730,-3.796568,nan
3gy4,3gy4_590,3.220,-2.270143,nan
3gy4,3gy4_591,3.460,-2.099695,nan
3gy4,3gy4_593,4.110,-3.446045,nan
3gy4,3gy4_596,2.810,-1.974952,nan
3gy4,3gy4_598,3.090,-1.329888,nan
3gy4,3gy4_599,3.100,-1.336999,nan
3gy4,3gy4_633,2.330,-2.665232,nan
3gy4,3gy4_638,2.560,-2.656716,nan
3gy4,3gy4_643,2.470,-1.640005,nan
3gy4,3gy4_648,1.550,-2.292249,nan
3gy4,3gy4_669,1.320,-1.266423,nan
3gy4,3gy4_685,1.940,-2.870940,nan
3gy4,3gy4_686,3.100,-2.712201,nan
3ivg,3ivg_10,1.580,-0.874385,nan
3ivg,3ivg_107,6.360,-7.673726,nan
3ivg,3ivg_108,5.410,-4.402311,nan
3ivg,3ivg_14,1.660,-1.465985,nan
3ivg,3ivg_150,6.210,-6.750500,nan
3ivg,3ivg_161,6.610,-6.706982,nan
3ivg,3ivg_209,0.970,-0.451646,nan
3ivg,3ivg_218,0.910,-0.613239,nan
3ivg,3ivg_236,2.090,-1.121962,nan
3ivg,3ivg_250,0.820,-0.726706,nan
3ivg,3ivg_252,0.800,-0.445600,nan
3ivg,3ivg_253,1.010,-0.352261,nan
3ivg,3ivg_255,0.830,-0.400387,nan
3ivg,3ivg_262,1.830,-0.548998,nan
3ivg,3ivg_275,0.930,-0.691738,nan
3ivg,3ivg_276,1.050,-0.494977,nan
3ivg,3ivg_291,7.380,-8.577474,nan
3ivg,3ivg_313,4.040,-1.463718,nan
3ivg,3ivg_330,3.900,-0.999490,nan
3ivg,3ivg_40,7.250,-8.235649,nan
3ivg,3ivg_410,3.390,-2.082864,nan
3ivg,3ivg_438,2.240,-1.753561,nan
3ivg,3ivg_44,6.120,-4.609784,nan
3ivg,3ivg_440,2.660,-2.148053,nan
3ivg,3ivg_45,6.900,-7.426318,nan
3ivg,3ivg_471,2.730,-2.485994,nan
3ivg,3ivg_479,3.440,-2.833486,nan
3ivg,3ivg_48,6.210,-6.877530,nan
3ivg,3ivg_483,1.980,-2.192578,nan
3ivg,3ivg_494,5.930,-2.786476,nan
3ivg,3ivg_497,2.000,-2.469838,nan
3ivg,3ivg_518,4.790,-4.509619,nan
3ivg,3ivg_531,5.080,-1.898194,nan
3ivg,3ivg_542,7.020,-7.668588,nan
3ivg,3ivg_545,2.890,-1.875788,nan
3ivg,3ivg_548,3.420,-2.379112,nan
3ivg,3ivg_55,7.590,-7.744655,nan
3ivg,3ivg_550,4.400,-3.132147,nan
3ivg,3ivg_573,5.950,-5.959584,nan
3ivg,3ivg_590,3.120,-1.496837,nan
3ivg,3ivg_60,5.290,-6.004715,nan
3ivg,3ivg_608,4.810,-2.154567,nan
3ivg,3ivg_624,7.380,-7.853941,nan
3ivg,3ivg_635,7.290,-7.387337,nan
3ivg,3ivg_640,6.660,-5.875614,nan
3ivg,3ivg_659,3.670,-2.669879,nan
3ivg,3ivg_699,5.060,-5.740344,nan
3ivg,3ivg_701,3.750,-2.231088,nan
3ivg,3ivg_703,3.700,-1.314393,nan
3ivg,3ivg_705,0.960,-0.402279,nan
3ivg,3ivg_706,0.670,-1.091442,nan
3ivg,3ivg_710,7.520,-8.048981,nan
3ivg,3ivg_713,0.710,-0.559598,nan
3ivg,3ivg_731,2.950,-1.081645,nan
3ivg,3ivg_733,2.260,-1.157669,nan
3ivg,3ivg_753,4.740,-1.133001,nan
3ivg,3ivg_761,2.150,-0.958504,nan
3ivg,3ivg_769,4.780,-4.239063,nan
3ivg,3ivg_770,2.590,-1.715222,nan
3ivg,3ivg_776,7.940,-8.473462,nan
3ivg,3ivg_779,3.350,-2.269005,nan
3ivg,3ivg_788,8.660,-8.569977,nan
3ivg,3ivg_793,6.110,-5.037849,nan
3ivg,3ivg_794,7.310,-6.490863,nan
3ivg,3ivg_80,1.820,-0.712951,nan
3ivg,3ivg_837,2.780,-2.443134,nan
3ivg,3ivg_849,6.530,-7.506124,nan
3ivg,3ivg_860,3.930,-4.192183,nan
3ivg,3ivg_862,4.790,-3.812177,nan
3ivg,3ivg_866,4.830,-2.338766,nan
3ivg,3ivg_899,8.900,-8.595650,nan
3ivg,3ivg_9,1.320,-1.384922,nan
3ivg,3ivg_91,4.300,-1.714694,nan
3ivg,3ivg_915,9.920,-8.509712,nan
3ivg,3ivg_924,6.350,-7.126049,nan
3ivg,3ivg_926,5.050,-2.611647,nan
3ivg,3ivg_940,7.310,-6.898686,nan
3ivg,3ivg_946,5.860,-4.622854,nan
3ivg,3ivg_952,8.850,-8.555165,nan
3ivg,3ivg_954,5.150,-2.768258,nan
3ivg,3ivg_961,8.910,-8.522042,nan
3ivg,3ivg_98,5.900,-6.536843,nan
3ivg,3ivg_983,9.270,-8.605228,nan
3ivg,3ivg_989,4.600,-1.597363,nan
3ivg,3ivg_993,1.160,-0.572248,nan
3jvr,3jvr_137,8.980,-1.105712,nan
3jvr,3jvr_154,9.120,-1.604559,nan
3jvr,3jvr_162,9.090,-1.078661,nan
3jvr,3jvr_168,9.430,-1.503055,nan
3jvr,3jvr_171,9.570,-4.546933,nan
3jvr,3jvr_187,7.350,-1.646012,nan
3jvr,3jvr_195,8.650,-3.022749,nan
3jvr,3jvr_210,7.290,-3.370425,nan
3jvr,3jvr_225,8.480,-3.622067,nan
3jvr,3jvr_229,6.000,-2.220332,nan
3jvr,3jvr_246,7.040,-2.730333,nan
3jvr,3jvr_275,8.970,-1.952639,nan
3jvr,3jvr_290,8.610,-1.841478,nan
3jvr,3jvr_297,8.500,-2.967520,nan
3jvr,3jvr_329,9.540,-3.290222,nan
3jvr,3jvr_330,9.120,-1.359274,nan
3jvr,3jvr_332,9.450,-2.401327,nan
3jvr,3jvr_34,9.180,-2.000166,nan
3jvr,3jvr_349,5.670,-2.464203,nan
3jvr,3jvr_355,6.440,-2.052321,nan
3jvr,3jvr_394,6.850,-1.247343,nan
3jvr,3jvr_404,5.860,-2.447782,nan
3jvr,3jvr_435,6.560,-3.898216,nan
3jvr,3jvr_441,2.620,-3.282901,nan
3jvr,3jvr_444,1.990,-0.710377,nan
3jvr,3jvr_446,2.090,-3.955845,nan
3jvr,3jvr_451,3.780,-1.918033,nan
3jvr,3jvr_452,4.610,-3.396695,nan
3jvr,3jvr_457,7.720,-1.611783,nan
3jvr,3jvr_459,4.230,-1.867798,nan
3jvr,3jvr_464,5.660,-3.737818,nan
3jvr,3jvr_468,5.480,-1.931085,nan
3jvr,3jvr_470,4.090,-6.346409,nan
3jvr,3jvr_471,5.370,-1.886430,nan
3jvr,3jvr_478,1.440,-0.794056,nan
3jvr,3jvr_484,4.510,-5.979495,nan
3jvr,3jvr_486,1.780,-1.721943,nan
3jvr,3jvr_500,4.890,-3.541290,nan
3jvr,3jvr_505,2.290,-3.431160,nan
3jvr,3jvr_509,1.740,-2.441439,nan
3jvr,3jvr_515,2.150,-2.270952,nan
3jvr,3jvr_523,5.120,-8.460766,nan
3jvr,3jvr_550,8.990,-8.586067,nan
3jvr,3jvr_554,5.840,-8.077325,nan
3jvr,3jvr_562,4.650,-3.630739,nan
3jvr,3jvr_567,3.180,-4.485174,nan
3jvr,3jvr_579,5.060,-2.627151,nan
3jvr,3jvr_580,2.060,-3.067629,nan
3jvr,3jvr_589,6.500,-8.358027,nan
3jvr,3jvr_590,4.430,-7.115152,nan
3jvr,3jvr_592,7.650,-8.584711,nan
3jvr,3jvr_596,2.160,-2.438442,nan
3jvr,3jvr_600,6.790,-8.565084,nan
3jvr,3jvr_603,1.310,-1.388945,nan
3jvr,3jvr_604,4.520,-2.803223,nan
3jvr,3jvr_610,6.850,-1.573773,nan
3jvr,3jvr_623,9.580,-1.436738,nan
3jvr,3jvr_627,3.910,-1.433295,nan
3jvr,3jvr_647,2.250,-0.986378,nan
3jvr,3jvr_650,7.430,-0.916184,nan
3jvr,3jvr_662,6.910,-1.016892,nan
3jvr,3jvr_673,1.680,-1.306646,nan
3jvr,3jvr_688,1.760,-2.972894,nan
3jvr,3jvr_689,4.400,-5.849894,nan
3jvr,3jvr_697,7.410,-1.449232,nan
3jvr,3jvr_699,2.070,-2.148853,nan
3jvr,3jvr_703,0.430,-0.631148,nan
3jvr,3jvr_716,0.990,-0.977176,nan
3jvr,3jvr_726,0.850,-0.784744,nan
3jvr,3jvr_732,0.910,-0.696418,nan
3jvr,3jvr_739,2.630,-2.110694,nan
3jvr,3jvr_740,3.650,-0.537723,nan
3jvr,3jvr_742,2.400,-0.739954,nan
3jvr,3jvr_750,6.830,-1.615125,nan
3jvr,3jvr_752,6.850,-1.209925,nan
3jvr,3jvr_755,0.470,-0.703912,nan
3jvr,3jvr_782,1.260,-2.426421,nan
3jvr,3jvr_79,9.180,-2.325195,nan
3jvr,3jvr_8,8.590,-2.551866,nan
3jvr,3jvr_814,1.690,-2.231178,nan
3jvr,3jvr_819,1.510,-2.104366,nan
3jvr,3jvr_82,8.340,-2.247010,nan
3jvr,3jvr_822,4.680,-1.038477,nan
3jvr,3jvr_826,7.070,-1.215320,nan
3jvr,3jvr_827,6.170,-5.899205,nan
3jvr,3jvr_828,7.300,-3.986720,nan
3jvr,3jvr_831,7.760,-2.218137,nan
3jvr,3jvr_836,3.650,-0.537723,nan
3jvr,3jvr_870,0.600,-0.600774,nan
3jvr,3jvr_884,0.880,-0.632427,nan
3jvr,3jvr_890,0.740,-0.526521,nan
3jvr,3jvr_893,0.680,-0.583477,nan
3jvr,3jvr_923,0.710,-0.479631,nan
3jvr,3jvr_932,5.270,-0.525658,nan
3jvr,3jvr_99,8.030,-2.449555,nan
3jvs,3jvs_206,2.850,-1.955495,nan
3jvs,3jvs_226,3.100,-0.796277,nan
3jvs,3jvs_229,3.000,-0.564998,nan
3jvs,3jvs_234,7.000,-2.026336,nan
3jvs,3jvs_235,3.060,-0.688891,nan
3jvs,3jvs_246,3.380,-2.004824,nan
3jvs,3jvs_253,2.630,-1.730221,nan
3jvs,3jvs_269,7.060,-1.707407,nan
3jvs,3jvs_275,4.670,-1.428126,nan
3jvs,3jvs_299,7.560,-1.022577,nan
3jvs,3jvs_377,9.000,-2.252355,nan
3jvs,3jvs_405,1.690,-1.722756,nan
3jvs,3jvs_411,1.960,-2.193425,nan
3jvs,3jvs_419,3.100,-1.735322,nan
3jvs,3jvs_424,2.600,-2.717507,nan
3jvs,3jvs_426,4.540,-0.715670,nan
3jvs,3jvs_435,2.380,-1.180828,nan
3jvs,3jvs_441,3.250,-2.596026,nan
3jvs,3jvs_443,7.630,-1.772263,nan
3jvs,3jvs_449,1.870,-1.829127,nan
3jvs,3jvs_454,4.280,-2.439188,nan
3jvs,3jvs_467,4.560,-1.476883,nan
3jvs,3jvs_469,7.460,-3.135816,nan
3jvs,3jvs_483,2.170,-2.698537,nan
3jvs,3jvs_489,6.840,-4.448930,nan
3jvs,3jvs_490,7.800,-2.570098,nan
3jvs,3jvs_492,5.320,-2.044351,nan
3jvs,3jvs_502,1.750,-1.115709,nan
3jvs,3jvs_513,1.550,-1.412520,nan
3jvs,3jvs_524,2.360,-1.201429,nan
3jvs,3jvs_546,6.200,-6.969865,nan
3jvs,3jvs_555,3.120,-2.079615,nan
3jvs,3jvs_56,8.410,-8.623130,nan
3jvs,3jvs_583,4.190,-0.727235,nan
3jvs,3jvs_587,4.620,-1.509380,nan
3jvs,3jvs_593,6.580,-8.053013,nan
3jvs,3jvs_613,8.090,-2.438225,nan
3jvs,3jvs_614,1.610,-2.364625,nan
3jvs,3jvs_616,1.980,-1.673404,nan
3jvs,3jvs_617,4.690,-1.246043,nan
3jvs,3jvs_623,5.610,-4.158063,nan
3jvs,3jvs_626,5.200,-2.129153,nan
3jvs,3jvs_640,6.860,-0.720807,nan
3jvs,3jvs_642,5.580,-6.385879,nan
3jvs,3jvs_651,5.920,-7.178411,nan
3jvs,3jvs_658,8.670,-8.578386,nan
3jvs,3jvs_666,7.060,-8.562305,nan
3jvs,3jvs_680,6.660,-7.289585,nan
3jvs,3jvs_688,7.410,-8.547749,nan
3jvs,3jvs_694,3.540,-1.619443,nan
3jvs,3jvs_698,8.620,-2.312948,nan
3jvs,3jvs_703,1.450,-1.374098,nan
3jvs,3jvs_707,2.870,-2.172837,nan
3jvs,3jvs_740,9.130,-1.283906,nan
3jvs,3jvs_742,9.320,-1.247277,nan
3jvs,3jvs_758,8.870,-1.911939,nan
3jvs,3jvs_762,8.840,-3.187700,nan
3jvs,3jvs_769,9.810,-5.638642,nan
3jvs,3jvs_785,3.400,-1.208826,nan
3jvs,3jvs_800,6.990,-1.859349,nan
3jvs,3jvs_804,5.100,-1.563879,nan
3jvs,3jvs_806,3.060,-1.338015,nan
3jvs,3jvs_812,7.050,-1.617225,nan
3jvs,3jvs_815,4.960,-1.222202,nan
3jvs,3jvs_817,9.830,-2.128184,nan
3jvs,3jvs_82,7.280,-3.277493,nan
3jvs,3jvs_822,5.110,-1.351257,nan
3jvs,3jvs_824,9.610,-1.342742,nan
3jvs,3jvs_830,6.510,-3.347400,nan
3jvs,3jvs_831,9.960,-1.989240,nan
3jvs,3jvs_832,4.170,-1.447374,nan
3jvs,3jvs_838,8.630,-1.079939,nan
3jvs,3jvs_840,7.140,-1.881738,nan
3jvs,3jvs_846,9.050,-2.374756,nan
3jvs,3jvs_847,9.920,-3.126672,nan
3jvs,3jvs_856,4.800,-2.161730,nan
3jvs,3jvs_860,9.090,-0.636332,nan
3jvs,3jvs_867,8.950,-0.754242,nan
3jvs,3jvs_868,9.990,-1.312691,nan
3jvs,3jvs_869,8.630,-2.396482,nan
3jvs,3jvs_884,0.980,-0.792551,nan
3jvs,3jvs_895,1.840,-1.165264,nan
3jvs,3jvs_897,0.840,-0.838124,nan
3jvs,3jvs_9,6.890,-0.731961,nan
3jvs,3jvs_904,1.300,-1.417924,nan
3jvs,3jvs_916,2.120,-1.169378,nan
3jvs,3jvs_957,2.470,-1.206053,nan
3jvs,3jvs_963,6.820,-0.941064,nan
3jvs,3jvs_973,3.240,-0.811639,nan
3jya,3jya_125,0.990,-0.780803,nan
3jya,3jya_179,0.940,-0.702083,nan
3jya,3jya_20,1.000,-0.538202,nan
3jya,3jya_238,0.600,-0.663381,nan
3jya,3jya_285,0.980,-0.662310,nan
3jya,3jya_315,0.830,-0.652233,nan
3jya,3jya_324,1.220,-0.576221,nan
3jya,3jya_402,3.780,-3.809622,nan
3jya,3jya_403,4.250,-1.349794,nan
3jya,3jya_405,2.100,-1.594809,nan
3jya,3jya_408,2.270,-1.188297,nan
3jya,3jya_413,1.380,-0.750343,nan
3jya,3jya_418,3.110,-2.024549,nan
3jya,3jya_420,1.000,-0.924378,nan
3jya,3jya_425,2.990,-1.398792,nan
3jya,3jya_428,2.020,-1.181561,nan
3jya,3jya_435,4.120,-0.323143,nan
3jya,3jya_440,1.440,-0.950394,nan
3jya,3jya_449,0.990,-0.830150,nan
3jya,3jya_455,3.670,-0.847255,nan
3jya,3jya_457,1.580,-1.278235,nan
3jya,3jya_459,1.420,-0.905431,nan
3jya,3jya_469,2.770,-0.789174,nan
3jya,3jya_470,3.860,-0.394352,nan
3jya,3jya_471,1.040,-0.773514,nan
3jya,3jya_472,2.090,-1.443964,nan
3jya,3jya_475,3.120,-1.685270,nan
3jya,3jya_481,2.440,-0.604962,nan
3jya,3jya_490,0.850,-0.497190,nan
3jya,3jya_494,3.850,-0.846233,nan
3jya,3jya_506,4.350,-0.744254,nan
3jya,3jya_508,1.190,-0.642178,nan
3jya,3jya_518,4.200,-0.533765,nan
3jya,3jya_531,4.670,-1.239158,nan
3jya,3jya_538,2.070,-0.911363,nan
3jya,3jya_544,0.570,-0.533224,nan
3jya,3jya_553,1.800,-0.598923,nan
3jya,3jya_570,5.030,-1.956446,nan
3jya,3jya_572,3.680,-0.917919,nan
3jya,3jya_584,3.390,-2.278911,nan
3jya,3jya_594,3.840,-1.963708,nan
3jya,3jya_647,5.130,-2.904026,nan
3jya,3jya_649,2.690,-1.255167,nan
3jya,3jya_690,2.000,-1.172676,nan
3jya,3jya_700,4.350,-1.106724,nan
3jya,3jya_712,7.250,-5.776439,nan
3jya,3jya_730,7.400,-6.476881,nan
3jya,3jya_734,4.240,-4.023562,nan
3jya,3jya_735,6.310,-5.600733,nan
3jya,3jya_736,4.380,-2.824620,nan
3jya,3jya_741,6.400,-5.805904,nan
3jya,3jya_742,5.070,-4.095206,nan
3jya,3jya_744,5.110,-4.413662,nan
3jya,3jya_748,5.890,-3.638091,nan
3jya,3jya_750,6.100,-5.629573,nan
3jya,3jya_752,5.790,-4.186494,nan
3jya,3jya_755,5.740,-5.577830,nan
3jya,3jya_756,8.690,-7.814987,nan
3jya,3jya_758,6.790,-5.373404,nan
3jya,3jya_761,4.790,-3.743733,nan
3jya,3jya_764,8.090,-6.535476,nan
3jya,3jya_765,7.480,-6.737083,nan
3jya,3jya_766,7.340,-5.148892,nan
3jya,3jya_767,7.930,-6.845026,nan
3jya,3jya_771,7.840,-7.118033,nan
3jya,3jya_772,8.160,-7.310647,nan
3jya,3jya_774,8.710,-7.535834,nan
3jya,3jya_775,9.660,-8.303338,nan
3jya,3jya_776,5.130,-4.239666,nan
3jya,3jya_780,7.880,-6.670202,nan
3jya,3jya_782,7.110,-6.096049,nan
3jya,3jya_783,6.460,-7.964743,nan
3jya,3jya_786,5.160,-4.837570,nan
3jya,3jya_787,3.810,-3.665955,nan
3jya,3jya_788,4.970,-5.958097,nan
3jya,3jya_791,7.510,-7.540908,nan
3jya,3jya_793,6.330,-6.993097,nan
3jya,3jya_795,2.970,-2.623062,nan
3jya,3jya_796,6.410,-7.317734,nan
3jya,3jya_797,7.230,-8.015218,nan
3jya,3jya_798,5.330,-5.971632,nan
3jya,3jya_799,6.960,-8.102710,nan
3jya,3jya_865,1.950,-0.752103,nan
3jya,3jya_890,6.130,-4.945658,nan
3jya,3jya_898,6.280,-3.804058,nan
3k5v,3k5v_101,5.220,-4.675748,nan
3k5v,3k5v_117,2.650,-1.429561,nan
3k5v,3k5v_123,1.640,-1.181610,nan
3k5v,3k5v_152,8.280,-0.864049,nan
3k5v,3k5v_153,3.090,-0.491317,nan
3k5v,3k5v_171,2.720,-1.035833,nan
3k5v,3k5v_174,2.550,-1.909060,nan
3k5v,3k5v_189,0.920,-0.633141,nan
3k5v,3k5v_199,3.400,-1.460111,nan
3k5v,3k5v_206,8.420,-0.683359,nan
3k5v,3k5v_211,3.410,-1.496246,nan
3k5v,3k5v_218,1.170,-0.309823,nan
3k5v,3k5v_236,1.570,-0.349761,nan
3k5v,3k5v_274,2.880,-0.478502,nan
3k5v,3k5v_275,4.820,-4.653389,nan
3k5v,3k5v_296,3.220,-1.142438,nan
3k5v,3k5v_301,2.600,-1.120576,nan
3k5v,3k5v_321,0.910,-0.726915,nan
3k5v,3k5v_324,1.060,-1.103519,nan
3k5v,3k5v_330,1.910,-0.729292,nan
3k5v,3k5v_333,2.610,-1.425735,nan
3k5v,3k5v_334,8.800,-4.926274,nan
3k5v,3k5v_335,2.700,-1.154315,nan
3k5v,3k5v_337,0.980,-0.832186,nan
3k5v,3k5v_367,0.820,-0.873271,nan
3k5v,3k5v_382,8.690,-3.127921,nan
3k5v,3k5v_383,1.910,-1.611718,nan
3k5v,3k5v_385,0.630,-0.710651,nan
3k5v,3k5v_386,0.640,-0.589413,nan
3k5v,3k5v_391,7.060,-1.610491,nan
3k5v,3k5v_393,0.650,-0.871916,nan
3k5v,3k5v_400,0.930,-0.762203,nan
3k5v,3k5v_429,8.420,-2.641001,nan
3k5v,3k5v_431,7.930,-2.191156,nan
3k5v,3k5v_433,8.090,-1.856796,nan
3k5v,3k5v_442,3.450,-0.664899,nan
3k5v,3k5v_456,2.560,-1.860401,nan
3k5v,3k5v_468,4.070,-3.011070,nan
3k5v,3k5v_484,4.010,-1.731690,nan
3k5v,3k5v_490,7.540,-1.259775,nan
3k5v,3k5v_493,2.000,-1.594981,nan
3k5v,3k5v_498,7.930,-1.557971,nan
3k5v,3k5v_499,3.060,-1.609634,nan
3k5v,3k5v_541,6.870,-3.476360,nan
3k5v,3k5v_543,4.700,-4.374961,nan
3k5v,3k5v_548,3.750,-1.805281,nan
3k5v,3k5v_558,1.610,-1.618363,nan
3k5v,3k5v_561,5.100,-3.578589,nan
3k5v,3k5v_563,7.560,-7.765796,nan
3k5v,3k5v_588,5.080,-4.870084,nan
3k5v,3k5v_592,5.130,-5.310162,nan
3k5v,3k5v_593,2.560,-1.711418,nan
3k5v,3k5v_601,5.240,-2.572191,nan
3k5v,3k5v_626,6.680,-2.329218,nan
3k5v,3k5v_630,4.310,-1.994828,nan
3k5v,3k5v_640,7.730,-3.615654,nan
3k5v,3k5v_658,4.660,-3.449744,nan
3k5v,3k5v_664,1.010,-0.611830,nan
3k5v,3k5v_666,3.580,-2.285204,nan
3k5v,3k5v_686,6.720,-6.340102,nan
3k5v,3k5v_710,1.540,-0.445152,nan
3k5v,3k5v_713,4.430,-3.882017,nan
3k5v,3k5v_727,8.730,-7.734023,nan
3k5v,3k5v_729,7.410,-7.782086,nan
3k5v,3k5v_732,5.990,-6.347034,nan
3k5v,3k5v_738,9.990,-4.752133,nan
3k5v,3k5v_740,7.690,-0.465951,nan
3k5v,3k5v_742,9.670,-7.977888,nan
3k5v,3k5v_757,9.450,-4.089928,nan
3k5v,3k5v_759,5.040,-4.950200,nan
3k5v,3k5v_762,8.480,-7.605238,nan
3k5v,3k5v_769,6.310,-5.621523,nan
3k5v,3k5v_772,8.700,-6.097352,nan
3k5v,3k5v_774,7.950,-8.577106,nan
3k5v,3k5v_775,8.440,-7.094522,nan
3k5v,3k5v_776,9.100,-3.734369,nan
3k5v,3k5v_810,3.090,-0.759396,nan
3k5v,3k5v_842,2.290,-1.427941,nan
3k5v,3k5v_843,3.780,-2.127416,nan
3k5v,3k5v_851,7.530,-8.388884,nan
3k5v,3k5v_852,5.300,-7.083932,nan
3k5v,3k5v_866,4.110,-1.959933,nan
3k5v,3k5v_886,4.060,-4.577305,nan
3k5v,3k5v_891,5.400,-3.231790,nan
3k5v,3k5v_928,4.120,-1.785671,nan
3k5v,3k5v_953,0.990,-0.492343,nan
3k5v,3k5v_960,5.300,-3.423402,nan
3k5v,3k5v_981,0.930,-0.461717,nan
3kgp,3kgp_20,0.990,-0.484935,nan
3kgp,3kgp_31,1.000,-0.236702,nan
3kgp,3kgp_408,4.440,-1.205096,nan
3kgp,3kgp_420,4.700,-1.256510,nan
3kgp,3kgp_431,1.680,-1.437471,nan
3kgp,3kgp_434,2.810,-1.129261,nan
3kgp,3kgp_457,2.350,-1.739231,nan
3kgp,3kgp_465,2.540,-2.024649,nan
3kgp,3kgp_475,3.090,-1.900969,nan
3kgp,3kgp_477,2.240,-2.422543,nan
3kgp,3kgp_483,5.150,-2.856348,nan
3kgp,3kgp_491,5.070,-2.380559,nan
3kgp,3kgp_492,1.010,-1.187311,nan
3kgp,3kgp_493,1.760,-2.069601,nan
3kgp,3kgp_496,1.930,-1.075608,nan
3kgp,3kgp_5,1.000,-0.270180,nan
3kgp,3kgp_504,4.020,-1.058500,nan
3kgp,3kgp_507,3.970,-1.549530,nan
3kgp,3kgp_511,3.580,-3.782361,nan
3kgp,3kgp_523,4.360,-0.901716,nan
3kgp,3kgp_524,5.270,-3.630719,nan
3kgp,3kgp_528,3.470,-3.947439,nan
3kgp,3kgp_532,3.130,-2.837475,nan
3kgp,3kgp_533,3.530,-4.265763,nan
3kgp,3kgp_541,1.910,-0.767366,nan
3kgp,3kgp_547,5.480,-3.481402,nan
3kgp,3kgp_551,5.250,-2.240741,nan
3kgp,3kgp_568,3.980,-1.784483,nan
3kgp,3kgp_573,5.010,-2.587049,nan
3kgp,3kgp_574,2.530,-3.103105,nan
3kgp,3kgp_591,3.440,-3.843258,nan
3kgp,3kgp_596,3.180,-3.586768,nan
3kgp,3kgp_600,5.590,-2.930327,nan
3kgp,3kgp_610,3.240,-1.987119,nan
3kgp,3kgp_657,1.860,-1.970652,nan
3kgp,3kgp_661,0.950,-1.331410,nan
3kgp,3kgp_687,4.430,-2.728006,nan
3kgp,3kgp_693,5.400,-3.312389,nan
3kgp,3kgp_696,2.030,-1.151403,nan
3kgp,3kgp_700,2.620,-1.107222,nan
3kgp,3kgp_715,1.600,-0.555921,nan
3kgp,3kgp_745,1.370,-0.898360,nan
3kgp,3kgp_750,1.760,-0.852194,nan
3kgp,3kgp_757,1.030,-0.641662,nan
3kgp,3kgp_763,4.670,-1.603981,nan
3kgp,3kgp_768,4.320,-0.586030,nan
3kgp,3kgp_771,7.200,-6.992611,nan
3kgp,3kgp_776,6.170,-5.863436,nan
3kgp,3kgp_777,2.210,-1.197609,nan
3kgp,3kgp_778,6.220,-6.423254,nan
3kgp,3kgp_780,2.490,-2.442283,nan
3kgp,3kgp_782,6.870,-6.249007,nan
3kgp,3kgp_783,4.510,-0.987450,nan
3kgp,3kgp_784,6.090,-4.872767,nan
3kgp,3kgp_785,6.040,-4.793349,nan
3kgp,3kgp_786,6.070,-4.573361,nan
3kgp,3kgp_787,4.580,-1.467694,nan
3kgp,3kgp_788,6.110,-4.895516,nan
3kgp,3kgp_789,6.070,-4.836820,nan
3kgp,3kgp_790,4.150,-3.281397,nan
3kgp,3kgp_791,6.080,-4.459045,nan
3kgp,3kgp_792,6.070,-4.554397,nan
3kgp,3kgp_796,5.360,-3.776831,nan
3kgp,3kgp_798,5.890,-4.614695,nan
3kgp,3kgp_799,2.570,-1.533260,nan
3kr8,3kr8_419,1.030,-0.345434,nan
3kr8,3kr8_422,0.920,-0.309216,nan
3kr8,3kr8_428,0.900,-0.167494,nan
3kr8,3kr8_441,0.950,-0.694623,nan
3kr8,3kr8_442,2.000,-0.787009,nan
3kr8,3kr8_453,1.000,-1.306248,nan
3kr8,3kr8_459,1.740,-1.162995,nan
3kr8,3kr8_460,2.480,-1.713042,nan
3kr8,3kr8_470,2.340,-1.379120,nan
3kr8,3kr8_475,2.550,-1.639981,nan
3kr8,3kr8_479,6.760,-1.298904,nan
3kr8,3kr8_489,2.070,-0.961714,nan
3kr8,3kr8_492,1.080,-1.026484,nan
3kr8,3kr8_498,1.420,-0.214011,nan
3kr8,3kr8_499,0.950,-0.495530,nan
3kr8,3kr8_505,0.930,-0.486280,nan
3kr8,3kr8_558,1.410,-1.172733,nan
3kr8,3kr8_568,2.080,-2.001875,nan
3kr8,3kr8_579,8.200,-3.963715,nan
3kr8,3kr8_582,3.420,-2.296238,nan
3kr8,3kr8_584,4.030,-3.678053,nan
3kr8,3kr8_585,2.110,-1.963713,nan
3kr8,3kr8_595,8.060,-2.845231,nan
3kr8,3kr8_598,8.880,-5.525375,nan
3kr8,3kr8_609,2.140,-0.805058,nan
3kr8,3kr8_617,2.240,-0.357548,nan
3kr8,3kr8_619,6.850,-1.718321,nan
3kr8,3kr8_640,1.630,-0.871345,nan
3kr8,3kr8_646,2.690,-1.163440,nan
3kr8,3kr8_650,8.020,-5.856490,nan
3kr8,3kr8_653,1.430,-0.907732,nan
3kr8,3kr8_656,7.010,-4.935459,nan
3kr8,3kr8_658,4.090,-2.366475,nan
3kr8,3kr8_661,3.500,-2.370254,nan
3kr8,3kr8_664,1.410,-0.910564,nan
3kr8,3kr8_674,4.020,-2.780545,nan
3kr8,3kr8_683,6.780,-5.038961,nan
3kr8,3kr8_690,4.040,-3.689502,nan
3kr8,3kr8_695,4.280,-3.754633,nan
3kr8,3kr8_696,3.580,-2.464864,nan
3kr8,3kr8_699,6.680,-3.674830,nan
3kr8,3kr8_702,2.030,-0.438862,nan
3kr8,3kr8_728,9.270,-8.588541,nan
3kr8,3kr8_731,7.790,-2.109224,nan
3kr8,3kr8_745,7.090,-5.712257,nan
3kr8,3kr8_747,9.380,-8.582265,nan
3kr8,3kr8_756,8.710,-8.570033,nan
3kr8,3kr8_757,9.990,-6.642936,nan
3kr8,3kr8_759,9.830,-8.591942,nan
3kr8,3kr8_761,3.690,-2.434560,nan
3kr8,3kr8_763,3.880,-2.321195,nan
3kr8,3kr8_765,9.020,-8.578588,nan
3kr8,3kr8_767,6.170,-4.536268,nan
3kr8,3kr8_768,9.620,-8.596377,nan
3kr8,3kr8_771,7.820,-6.007181,nan
3kr8,3kr8_772,9.200,-8.584596,nan
3kr8,3kr8_776,6.200,-5.241645,nan
3kr8,3kr8_779,9.440,-8.584001,nan
3kr8,3kr8_780,8.460,-8.092500,nan
3kr8,3kr8_781,7.120,-3.934752,nan
3kr8,3kr8_783,4.280,-3.203167,nan
3kr8,3kr8_785,0.680,-0.231187,nan
3kr8,3kr8_787,1.170,-0.335445,nan
3kr8,3kr8_807,7.870,-6.506162,nan
3kr8,3kr8_819,8.540,-5.205571,nan
3kr8,3kr8_826,7.350,-7.770427,nan
3kr8,3kr8_852,7.990,-3.235925,nan
3kr8,3kr8_856,8.580,-7.403354,nan
3kr8,3kr8_870,8.060,-2.741379,nan
3kr8,3kr8_876,8.040,-3.223321,nan
3kr8,3kr8_882,9.150,-8.135049,nan
3kr8,3kr8_884,0.560,-0.254423,nan
3kr8,3kr8_894,0.620,-0.406539,nan
3kr8,3kr8_896,0.930,-0.292291,nan
3kr8,3kr8_910,6.980,-1.145694,nan
3kr8,3kr8_922,9.520,-8.557847,nan
3kr8,3kr8_958,6.610,-0.509313,nan
3kr8,3kr8_965,7.480,-6.949930,nan
3kr8,3kr8_969,7.020,-1.293139,nan
3kr8,3kr8_971,6.800,-0.601138,nan
3kr8,3kr8_980,6.590,-0.567644,nan
3kwa,3kwa_128,1.970,-1.659961,nan
3kwa,3kwa_130,1.760,-0.581169,nan
3kwa,3kwa_160,1.910,-1.293459,nan
3kwa,3kwa_185,1.710,-0.775829,nan
3kwa,3kwa_296,4.280,-2.143570,nan
3kwa,3kwa_328,1.920,-1.617384,nan
3kwa,3kwa_413,2.710,-2.948163,nan
3kwa,3kwa_449,2.530,-2.611042,nan
3kwa,3kwa_469,4.060,-4.280764,nan
3kwa,3kwa_49,3.760,-5.761445,nan
3kwa,3kwa_499,1.790,-1.275059,nan
3kwa,3kwa_525,5.630,-5.996618,nan
3kwa,3kwa_541,1.910,-0.681361,nan
3kwa,3kwa_570,5.480,-6.597168,nan
3kwa,3kwa_573,5.990,-5.363006,nan
3kwa,3kwa_576,3.640,-4.369989,nan
3kwa,3kwa_600,5.170,-5.085648,nan
3kwa,3kwa_620,5.880,-6.110222,nan
3kwa,3kwa_624,4.110,-3.863495,nan
3kwa,3kwa_635,6.180,-5.168251,nan
3kwa,3kwa_661,5.530,-5.180256,nan
3kwa,3kwa_686,5.290,-5.532607,nan
3kwa,3kwa_694,3.520,-3.621359,nan
3kwa,3kwa_713,3.770,-2.587595,nan
3kwa,3kwa_725,2.950,-1.623106,nan
3kwa,3kwa_727,5.110,-4.484202,nan
3kwa,3kwa_748,4.220,-2.353004,nan
3kwa,3kwa_749,4.150,-3.259469,nan
3kwa,3kwa_750,2.650,-1.965971,nan
3kwa,3kwa_758,2.380,-2.578851,nan
3kwa,3kwa_766,6.090,-4.242969,nan
3kwa,3kwa_773,1.940,-0.378771,nan
3kwa,3kwa_775,3.670,-2.516938,nan
3kwa,3kwa_780,4.380,-3.155283,nan
3kwa,3kwa_782,4.920,-3.858752,nan
3kwa,3kwa_792,4.530,-4.477055,nan
3kwa,3kwa_794,5.040,-3.763644,nan
3kwa,3kwa_799,3.460,-3.466057,nan
3kwa,3kwa_801,2.380,-2.207636,nan
3kwa,3kwa_804,3.090,-1.641613,nan
3kwa,3kwa_810,3.440,-0.801176,nan
3kwa,3kwa_817,2.820,-3.713151,nan
3kwa,3kwa_823,4.350,-1.629046,nan
3kwa,3kwa_833,2.710,-2.738671,nan
3kwa,3kwa_852,2.920,-1.061353,nan
3kwa,3kwa_872,1.960,-1.068189,nan
3kwa,3kwa_876,3.500,-1.004767,nan
3kwa,3kwa_883,5.570,-4.610154,nan
3kwa,3kwa_936,2.790,-1.698182,nan
3kwa,3kwa_942,4.620,-5.391564,nan
3kwa,3kwa_960,3.920,-2.146945,nan
3l7b,3l7b_163,0.690,-0.399600,nan
3l7b,3l7b_203,6.070,-2.994195,nan
3l7b,3l7b_207,0.910,-0.267313,nan
3l7b,3l7b_217,6.050,-2.695851,nan
3l7b,3l7b_22,5.670,-1.940446,nan
3l7b,3l7b_256,1.310,-0.292735,nan
3l7b,3l7b_30,0.510,-0.541719,nan
3l7b,3l7b_38,0.420,-0.483638,nan
3l7b,3l7b_402,4.140,-1.701454,nan
3l7b,3l7b_416,1.840,-0.616306,nan
3l7b,3l7b_426,1.980,-1.032443,nan
3l7b,3l7b_439,1.910,-1.872362,nan
3l7b,3l7b_446,2.220,-2.010272,nan
3l7b,3l7b_447,1.290,-0.916494,nan
3l7b,3l7b_450,3.970,-2.115658,nan
3l7b,3l7b_458,1.880,-2.166784,nan
3l7b,3l7b_462,4.450,-2.209730,nan
3l7b,3l7b_463,2.740,-2.074948,nan
3l7b,3l7b_468,3.830,-1.943195,nan
3l7b,3l7b_47,0.770,-0.437514,nan
3l7b,3l7b_485,2.130,-0.989420,nan
3l7b,3l7b_491,1.570,-1.151664,nan
3l7b,3l7b_500,3.030,-2.092856,nan
3l7b,3l7b_509,6.940,-5.771137,nan
3l7b,3l7b_521,5.980,-3.313388,nan
3l7b,3l7b_523,2.740,-3.218052,nan
3l7b,3l7b_526,7.540,-7.355654,nan
3l7b,3l7b_527,2.480,-2.022462,nan
3l7b,3l7b_531,5.490,-0.988873,nan
3l7b,3l7b_542,3.440,-3.477451,nan
3l7b,3l7b_545,2.280,-1.761486,nan
3l7b,3l7b_550,5.150,-1.899082,nan
3l7b,3l7b_554,6.850,-6.488878,nan
3l7b,3l7b_557,7.970,-7.401366,nan
3l7b,3l7b_560,5.430,-1.390931,nan
3l7b,3l7b_561,1.870,-1.474403,nan
3l7b,3l7b_566,3.100,-2.465820,nan
3l7b,3l7b_568,7.100,-7.838284,nan
3l7b,3l7b_576,1.770,-1.605311,nan
3l7b,3l7b_578,5.500,-2.656796,nan
3l7b,3l7b_579,6.990,-6.163925,nan
3l7b,3l7b_582,2.430,-0.978422,nan
3l7b,3l7b_584,3.190,-2.404522,nan
3l7b,3l7b_586,5.630,-2.096562,nan
3l7b,3l7b_588,6.120,-3.847303,nan
3l7b,3l7b_592,4.980,-3.725463,nan
3l7b,3l7b_604,4.890,-1.256878,nan
3l7b,3l7b_612,2.990,-2.133874,nan
3l7b,3l7b_616,4.980,-2.834931,nan
3l7b,3l7b_621,6.140,-7.248949,nan
3l7b,3l7b_627,4.300,-4.242477,nan
3l7b,3l7b_628,3.840,-4.232311,nan
3l7b,3l7b_631,3.600,-2.633306,nan
3l7b,3l7b_633,7.850,-8.248951,nan
3l7b,3l7b_638,6.020,-7.202988,nan
3l7b,3l7b_643,4.670,-1.562102,nan
3l7b,3l7b_656,4.980,-1.867718,nan
3l7b,3l7b_657,5.300,-2.185645,nan
3l7b,3l7b_658,6.040,-3.583412,nan
3l7b,3l7b_659,3.150,-3.893913,nan
3l7b,3l7b_66,0.820,-0.187751,nan
3l7b,3l7b_660,5.890,-3.723276,nan
3l7b,3l7b_665,1.660,-0.391049,nan
3l7b,3l7b_683,7.680,-7.809916,nan
3l7b,3l7b_685,9.140,-8.483385,nan
3l7b,3l7b_686,6.160,-6.765695,nan
3l7b,3l7b_687,2.600,-2.893953,nan
3l7b,3l7b_690,2.900,-1.488035,nan
3l7b,3l7b_694,5.150,-1.402735,nan
3l7b,3l7b_696,7.100,-7.838284,nan
3l7b,3l7b_719,4.150,-3.527033,nan
3l7b,3l7b_72,0.890,-0.641665,nan
3l7b,3l7b_730,3.980,-3.531323,nan
3l7b,3l7b_750,4.230,-3.474825,nan
3l7b,3l7b_844,0.750,-0.898998,nan
3l7b,3l7b_9,0.400,-0.316717,nan
3l7b,3l7b_93,0.900,-0.646124,nan
3lka,3lka_161,1.560,-0.416227,nan
3lka,3lka_24,5.360,-2.765697,nan
3lka,3lka_258,2.320,-0.696415,nan
3lka,3lka_319,4.870,-2.169338,nan
3lka,3lka_373,1.670,-0.595383,nan
3lka,3lka_404,1.320,-0.863455,nan
3lka,3lka_431,0.940,-0.277473,nan
3lka,3lka_435,6.100,-3.820948,nan
3lka,3lka_438,2.090,-1.206865,nan
3lka,3lka_439,6.850,-6.085896,nan
3lka,3lka_443,2.050,-1.526721,nan
3lka,3lka_444,2.900,-2.115065,nan
3lka,3lka_456,2.000,-1.091842,nan
3lka,3lka_457,0.910,-0.908387,nan
3lka,3lka_459,2.280,-1.944079,nan
3lka,3lka_468,2.580,-1.433175,nan
3lka,3lka_472,3.850,-3.454605,nan
3lka,3lka_477,3.440,-2.830292,nan
3lka,3lka_485,2.200,-1.684584,nan
3lka,3lka_486,0.870,-0.598751,nan
3lka,3lka_490,3.120,-1.970483,nan
3lka,3lka_491,3.740,-3.085112,nan
3lka,3lka_495,1.550,-0.931245,nan
3lka,3lka_498,4.670,-1.766059,nan
3lka,3lka_501,5.120,-4.150449,nan
3lka,3lka_505,6.050,-4.262637,nan
3lka,3lka_510,1.660,-0.371959,nan
3lka,3lka_515,4.680,-3.277706,nan
3lka,3lka_518,5.090,-3.995741,nan
3lka,3lka_521,6.020,-5.133924,nan
3lka,3lka_536,3.990,-3.646509,nan
3lka,3lka_541,0.910,-0.908387,nan
3lka,3lka_544,1.800,-0.558097,nan
3lka,3lka_554,5.680,-3.878165,nan
3lka,3lka_556,0.940,-0.277473,nan
3lka,3lka_558,4.800,-4.390477,nan
3lka,3lka_559,6.100,-5.035213,nan
3lka,3lka_562,0.730,-0.696936,nan
3lka,3lka_565,5.730,-4.291586,nan
3lka,3lka_568,4.270,-2.332860,nan
3lka,3lka_582,4.490,-3.829423,nan
3lka,3lka_588,1.330,-0.895410,nan
3lka,3lka_593,1.010,-0.916998,nan
3lka,3lka_613,4.310,-3.801732,nan
3lka,3lka_627,5.630,-4.468193,nan
3lka,3lka_644,5.020,-3.990283,nan
3lka,3lka_652,2.820,-2.061255,nan
3lka,3lka_653,2.090,-1.051659,nan
3lka,3lka_660,4.510,-2.566745,nan
3lka,3lka_665,0.870,-0.598751,nan
3lka,3lka_668,0.910,-0.908387,nan
3lka,3lka_685,1.700,-0.819269,nan
3lka,3lka_735,7.290,-6.148669,nan
3lka,3lka_745,3.320,-2.403150,nan
3lka,3lka_749,7.370,-6.362231,nan
3lka,3lka_752,7.070,-5.901066,nan
3lka,3lka_756,7.570,-6.299400,nan
3lka,3lka_760,7.120,-5.750989,nan
3lka,3lka_764,2.800,-2.036105,nan
3lka,3lka_771,4.980,-1.045446,nan
3lka,3lka_772,5.230,-1.354855,nan
3lka,3lka_774,3.710,-1.953392,nan
3lka,3lka_775,3.950,-2.447277,nan
3lka,3lka_777,6.110,-3.480406,nan
3lka,3lka_780,6.220,-4.724691,nan
3lka,3lka_787,6.540,-4.371954,nan
3lka,3lka_791,5.630,-2.775413,nan
3lka,3lka_792,6.830,-6.366546,nan
3lka,3lka_794,6.950,-5.907335,nan
3lka,3lka_868,7.240,-6.148669,nan
3lka,3lka_870,7.290,-6.148669,nan
3lka,3lka_871,8.970,-8.119392,nan
3lka,3lka_882,3.380,-1.842139,nan
3lka,3lka_884,8.960,-7.973391,nan
3lka,3lka_888,7.280,-6.019776,nan
3lka,3lka_889,8.950,-8.376189,nan
3lka,3lka_893,7.240,-7.097802,nan
3lka,3lka_932,4.570,-3.627831,nan
3lka,3lka_94,5.440,-2.883589,nan
3mss,3mss_101,1.940,-0.410493,nan
3mss,3mss_141,2.120,-0.712214,nan
3mss,3mss_18,1.980,-0.649460,nan
3mss,3mss_197,1.990,-0.576646,nan
3mss,3mss_214,9.780,-7.533119,nan
3mss,3mss_23,1.970,-0.364935,nan
3mss,3mss_239,9.150,-6.161340,nan
3mss,3mss_244,7.790,-3.686541,nan
3mss,3mss_264,8.810,-6.526060,nan
3mss,3mss_3,9.600,-6.187297,nan
3mss,3mss_311,2.710,-0.527481,nan
3mss,3mss_386,9.790,-5.143398,nan
3mss,3mss_401,4.740,-2.201644,nan
3mss,3mss_412,4.060,-1.833468,nan
3mss,3mss_424,8.450,-4.391055,nan
3mss,3mss_433,4.970,-3.282719,nan
3mss,3mss_434,8.340,-6.146400,nan
3mss,3mss_443,4.310,-2.407921,nan
3mss,3mss_445,4.450,-2.407565,nan
3mss,3mss_448,3.920,-1.684974,nan
3mss,3mss_451,2.580,-0.648579,nan
3mss,3mss_458,3.020,-1.183434,nan
3mss,3mss_459,2.870,-1.712771,nan
3mss,3mss_465,3.730,-1.958563,nan
3mss,3mss_466,2.520,-1.024469,nan
3mss,3mss_467,6.570,-1.838993,nan
3mss,3mss_475,3.210,-1.817031,nan
3mss,3mss_476,3.610,-1.602248,nan
3mss,3mss_487,5.080,-3.845546,nan
3mss,3mss_499,7.500,-2.233929,nan
3mss,3mss_507,6.800,-0.884329,nan
3mss,3mss_518,7.090,-2.098483,nan
3mss,3mss_522,7.720,-2.946328,nan
3mss,3mss_534,5.170,-3.829837,nan
3mss,3mss_546,2.570,-0.821130,nan
3mss,3mss_548,2.930,-1.119194,nan
3mss,3mss_555,6.640,-0.682105,nan
3mss,3mss_561,6.850,-1.269639,nan
3mss,3mss_568,7.380,-1.590101,nan
3mss,3mss_571,3.060,-1.150836,nan
3mss,3mss_574,6.850,-3.241411,nan
3mss,3mss_576,7.400,-3.079136,nan
3mss,3mss_591,4.320,-2.561128,nan
3mss,3mss_621,8.140,-6.459618,nan
3mss,3mss_628,3.010,-0.906139,nan
3mss,3mss_64,1.800,-0.369773,nan
3mss,3mss_653,6.720,-2.693653,nan
3mss,3mss_665,7.130,-2.646038,nan
3mss,3mss_668,4.840,-2.986243,nan
3mss,3mss_669,5.200,-4.045432,nan
3mss,3mss_678,8.600,-3.961099,nan
3mss,3mss_680,3.120,-1.308676,nan
3mss,3mss_681,4.060,-2.438916,nan
3mss,3mss_682,3.560,-2.337185,nan
3mss,3mss_684,6.730,-3.233171,nan
3mss,3mss_689,4.280,-2.039590,nan
3mss,3mss_697,6.810,-2.055898,nan
3mss,3mss_730,1.810,-0.292635,nan
3mss,3mss_737,8.710,-7.630938,nan
3mss,3mss_74,2.000,-0.622374,nan
3mss,3mss_747,9.340,-6.948966,nan
3mss,3mss_757,9.210,-7.878253,nan
3mss,3mss_758,7.440,-0.642394,nan
3mss,3mss_765,9.980,-7.406892,nan
3mss,3mss_79,1.990,-0.412747,nan
3mss,3mss_792,8.130,-3.897946,nan
3mss,3mss_800,7.960,-3.597683,nan
3mss,3mss_812,8.730,-5.556991,nan
3mss,3mss_82,9.520,-4.811619,nan
3mss,3mss_827,6.480,-3.039780,nan
3mss,3mss_836,3.050,-1.256519,nan
3mss,3mss_840,7.950,-2.841636,nan
3mss,3mss_856,1.970,-0.282473,nan
3mss,3mss_869,4.060,-0.807384,nan
3mss,3mss_873,2.890,-1.014661,nan
3mss,3mss_9,2.610,-0.538558,nan
3mss,3mss_94,9.210,-7.464107,nan
3mss,3mss_946,8.170,-3.168351,nan
3mss,3mss_948,2.580,-0.486685,nan
3mss,3mss_952,7.000,-1.082197,nan
3mss,3mss_96,2.000,-0.326485,nan
3mss,3mss_971,8.810,-6.848514,nan
3mss,3mss_974,9.290,-7.938559,nan
3myg,3myg_104,8.320,-2.306976,nan
3myg,3myg_110,9.280,-4.633579,nan
3myg,3myg_115,4.640,-1.242133,nan
3myg,3myg_140,0.810,-0.684610,nan
3myg,3myg_159,9.360,-8.027472,nan
3myg,3myg_162,9.040,-7.579704,nan
3myg,3myg_181,9.390,-7.875987,nan
3myg,3myg_198,9.170,-4.977110,nan
3myg,3myg_225,1.290,-0.354890,nan
3myg,3myg_31,8.850,-7.259585,nan
3myg,3myg_333,0.910,-0.248139,nan
3myg,3myg_370,7.270,-4.414629,nan
3myg,3myg_407,7.540,-2.051877,nan
3myg,3myg_410,6.910,-2.156625,nan
3myg,3myg_422,6.880,-2.679418,nan
3myg,3myg_427,6.800,-2.280886,nan
3myg,3myg_435,5.160,-2.346826,nan
3myg,3myg_438,5.940,-2.330391,nan
3myg,3myg_447,6.730,-3.102702,nan
3myg,3myg_456,7.430,-4.184414,nan
3myg,3myg_459,5.660,-2.296819,nan
3myg,3myg_462,6.330,-2.221817,nan
3myg,3myg_463,6.850,-2.761359,nan
3myg,3myg_470,5.310,-2.359540,nan
3myg,3myg_472,7.960,-3.775586,nan
3myg,3myg_475,2.540,-1.753549,nan
3myg,3myg_476,7.540,-2.075066,nan
3myg,3myg_480,4.430,-3.174414,nan
3myg,3myg_483,5.300,-2.804327,nan
3myg,3myg_498,5.680,-4.369807,nan
3myg,3myg_500,3.040,-1.125900,nan
3myg,3myg_504,5.060,-2.881562,nan
3myg,3myg_526,4.190,-2.030228,nan
3myg,3myg_542,2.900,-1.093725,nan
3myg,3myg_548,1.360,-0.981569,nan
3myg,3myg_550,4.170,-3.107750,nan
3myg,3myg_551,4.790,-4.463020,nan
3myg,3myg_561,6.510,-2.717885,nan
3myg,3myg_574,6.300,-3.187762,nan
3myg,3myg_577,5.610,-5.017556,nan
3myg,3myg_582,7.510,-3.274319,nan
3myg,3myg_588,4.120,-2.981731,nan
3myg,3myg_589,4.160,-3.077587,nan
3myg,3myg_591,3.470,-2.551250,nan
3myg,3myg_600,6.320,-3.941922,nan
3myg,3myg_613,4.740,-1.826861,nan
3myg,3myg_644,2.550,-1.028793,nan
3myg,3myg_665,7.860,-1.973380,nan
3myg,3myg_667,5.040,-2.574083,nan
3myg,3myg_684,6.180,-2.420798,nan
3myg,3myg_693,1.590,-0.832640,nan
3myg,3myg_695,7.220,-3.076585,nan
3myg,3myg_699,3.640,-1.667564,nan
3myg,3myg_703,2.100,-1.214582,nan
3myg,3myg_714,0.680,-0.865876,nan
3myg,3myg_725,0.690,-0.954303,nan
3myg,3myg_729,0.920,-0.871066,nan
3myg,3myg_733,0.980,-0.734070,nan
3myg,3myg_737,0.900,-0.962473,nan
3myg,3myg_741,2.950,-2.218907,nan
3myg,3myg_743,1.700,-0.761367,nan
3myg,3myg_745,4.290,-1.407239,nan
3myg,3myg_756,4.870,-1.530668,nan
3myg,3myg_761,2.290,-0.724026,nan
3myg,3myg_762,3.850,-2.919790,nan
3myg,3myg_764,8.910,-7.597324,nan
3myg,3myg_767,3.030,-1.865080,nan
3myg,3myg_768,7.590,-3.316575,nan
3myg,3myg_769,5.980,-6.263476,nan
3myg,3myg_780,3.950,-1.947472,nan
3myg,3myg_782,8.770,-4.383996,nan
3myg,3myg_783,9.880,-8.633996,nan
3myg,3myg_784,9.070,-4.297321,nan
3myg,3myg_788,9.170,-4.691404,nan
3myg,3myg_792,9.370,-7.435906,nan
3myg,3myg_794,8.450,-2.567297,nan
3myg,3myg_803,2.080,-0.454218,nan
3myg,3myg_840,1.280,-0.609410,nan
3myg,3myg_841,8.450,-3.534634,nan
3myg,3myg_846,2.600,-1.970438,nan
3myg,3myg_850,2.200,-0.984902,nan
3myg,3myg_867,8.000,-5.592732,nan
3myg,3myg_875,3.510,-2.094349,nan
3myg,3myg_882,8.610,-5.737618,nan
3myg,3myg_884,9.830,-7.721931,nan
3myg,3myg_886,8.140,-1.863831,nan
3myg,3myg_887,8.710,-4.722897,nan
3myg,3myg_890,3.350,-1.791843,nan
3myg,3myg_894,3.210,-1.323705,nan
3myg,3myg_900,1.660,-0.565516,nan
3myg,3myg_902,0.880,-0.516380,nan
3myg,3myg_905,0.820,-0.454466,nan
3myg,3myg_913,0.890,-0.516341,nan
3myg,3myg_923,1.140,-0.718172,nan
3myg,3myg_925,1.930,-0.623640,nan
3myg,3myg_947,1.120,-0.794262,nan
3myg,3myg_965,2.040,-0.630175,nan
3myg,3myg_974,8.540,-2.313635,nan
3myg,3myg_980,1.840,-0.826223,nan
3myg,3myg_994,3.340,-1.069609,nan
3n76,3n76_219,0.990,-0.776477,nan
3n76,3n76_261,0.730,-0.762578,nan
3n76,3n76_279,0.770,-0.608418,nan
3n76,3n76_403,7.090,-2.022055,nan
3n76,3n76_406,6.590,-1.691223,nan
3n76,3n76_407,0.890,-0.955937,nan
3n76,3n76_419,2.860,-2.179309,nan
3n76,3n76_429,6.950,-2.334877,nan
3n76,3n76_432,6.750,-2.332822,nan
3n76,3n76_440,6.850,-2.838512,nan
3n76,3n76_441,2.830,-1.912247,nan
3n76,3n76_455,7.030,-2.275944,nan
3n76,3n76_459,7.150,-1.956128,nan
3n76,3n76_463,6.950,-1.822711,nan
3n76,3n76_466,0.790,-0.887522,nan
3n76,3n76_470,7.460,-1.227828,nan
3n76,3n76_476,2.110,-1.918362,nan
3n76,3n76_480,6.790,-1.384949,nan
3n76,3n76_483,6.800,-2.025301,nan
3n76,3n76_484,7.060,-2.139160,nan
3n76,3n76_486,2.210,-1.676753,nan
3n76,3n76_488,7.410,-1.994589,nan
3n76,3n76_491,6.790,-1.950149,nan
3n76,3n76_494,6.920,-1.039945,nan
3n76,3n76_526,1.700,-2.499091,nan
3n76,3n76_527,1.190,-1.231879,nan
3n76,3n76_539,1.250,-1.165856,nan
3n76,3n76_552,3.310,-1.673737,nan
3n76,3n76_558,2.880,-2.308040,nan
3n76,3n76_574,1.380,-1.518662,nan
3n76,3n76_577,2.880,-2.227504,nan
3n76,3n76_578,1.340,-1.192499,nan
3n76,3n76_580,1.960,-1.262035,nan
3n76,3n76_585,3.090,-1.484200,nan
3n76,3n76_586,2.150,-2.675328,nan
3n76,3n76_587,3.020,-1.579335,nan
3n76,3n76_594,1.860,-1.379364,nan
3n76,3n76_606,2.600,-1.718471,nan
3n76,3n76_620,3.450,-4.171877,nan
3n76,3n76_630,3.090,-2.255918,nan
3n76,3n76_632,7.480,-2.359360,nan
3n76,3n76_633,7.100,-3.422888,nan
3n76,3n76_641,5.870,-1.688736,nan
3n76,3n76_642,3.050,-3.132559,nan
3n76,3n76_662,3.070,-2.185350,nan
3n76,3n76_665,3.130,-2.461036,nan
3n76,3n76_676,3.060,-1.859955,nan
3n76,3n76_689,7.230,-3.476981,nan
3n76,3n76_692,6.840,-2.816765,nan
3n76,3n76_693,3.190,-2.026438,nan
3n76,3n76_695,7.130,-3.024101,nan
3n76,3n76_700,2.350,-1.414167,nan
3n76,3n76_728,1.300,-1.604721,nan
3n76,3n76_737,1.010,-0.568203,nan
3n76,3n76_749,0.540,-0.493169,nan
3n76,3n76_758,1.260,-1.642714,nan
3n76,3n76_760,0.780,-0.556327,nan
3n76,3n76_782,2.090,-2.423055,nan
3n76,3n76_878,0.880,-0.437367,nan
3n76,3n76_884,0.840,-1.016576,nan
3n76,3n76_885,0.860,-0.534106,nan
3n7a,3n7a_36,0.490,-0.788926,nan
3n7a,3n7a_402,0.970,-1.358175,nan
3n7a,3n7a_405,0.630,-0.504704,nan
3n7a,3n7a_418,2.680,-1.606434,nan
3n7a,3n7a_423,1.290,-1.607976,nan
3n7a,3n7a_428,0.710,-1.164608,nan
3n7a,3n7a_437,2.310,-2.083269,nan
3n7a,3n7a_446,3.430,-1.426339,nan
3n7a,3n7a_459,1.740,-1.419161,nan
3n7a,3n7a_488,0.960,-1.183836,nan
3n7a,3n7a_494,3.040,-1.537827,nan
3n7a,3n7a_495,1.110,-1.519096,nan
3n7a,3n7a_547,4.120,-3.661659,nan
3n7a,3n7a_548,3.310,-2.319506,nan
3n7a,3n7a_552,1.060,-0.946070,nan
3n7a,3n7a_569,5.570,-5.632415,nan
3n7a,3n7a_574,2.960,-1.930999,nan
3n7a,3n7a_579,4.320,-3.855347,nan
3n7a,3n7a_582,4.420,-3.883085,nan
3n7a,3n7a_583,1.970,-1.748587,nan
3n7a,3n7a_584,4.350,-3.780939,nan
3n7a,3n7a_637,2.080,-1.843514,nan
3n7a,3n7a_638,3.430,-1.793049,nan
3n7a,3n7a_670,3.390,-1.503245,nan
3n7a,3n7a_7,0.340,-0.721421,nan
3n7a,3n7a_734,3.140,-2.022131,nan
3n7a,3n7a_736,4.040,-3.687989,nan
3n7a,3n7a_738,4.060,-3.835489,nan
3n7a,3n7a_740,4.050,-3.690070,nan
3n7a,3n7a_745,2.010,-1.154004,nan
3n7a,3n7a_747,3.940,-3.052963,nan
3n7a,3n7a_752,4.210,-3.559057,nan
3n7a,3n7a_760,1.910,-0.569475,nan
3n7a,3n7a_767,1.710,-1.523270,nan
3n7a,3n7a_768,4.040,-3.412449,nan
3n7a,3n7a_771,1.860,-0.555677,nan
3n7a,3n7a_774,2.110,-1.851442,nan
3n7a,3n7a_775,2.140,-1.464665,nan
3n7a,3n7a_776,2.290,-2.288293,nan
3n7a,3n7a_779,3.200,-0.811667,nan
3n7a,3n7a_781,1.820,-1.080567,nan
3n7a,3n7a_788,3.240,-3.436140,nan
3n7a,3n7a_794,3.000,-2.737874,nan
3n7a,3n7a_795,2.740,-3.023119,nan
3n7a,3n7a_797,4.210,-3.485888,nan
3n7a,3n7a_798,3.310,-2.765664,nan
3n7a,3n7a_831,0.470,-0.828508,nan
3n7a,3n7a_840,0.520,-0.790133,nan
3n7a,3n7a_897,0.750,-0.834462,nan
3n7a,3n7a_955,0.210,-0.671453,nan
3n7a,3n7a_993,1.360,-0.672512,nan
3n86,3n86_265,0.320,-0.252833,nan
3n86,3n86_404,7.720,-1.594162,nan
3n86,3n86_405,0.900,-0.500891,nan
3n86,3n86_412,8.080,-1.580493,nan
3n86,3n86_419,7.710,-0.660634,nan
3n86,3n86_420,8.070,-1.321545,nan
3n86,3n86_424,8.320,-2.199290,nan
3n86,3n86_430,1.480,-1.568464,nan
3n86,3n86_432,7.970,-1.272793,nan
3n86,3n86_433,8.100,-1.516850,nan
3n86,3n86_436,8.160,-1.406477,nan
3n86,3n86_438,1.620,-1.291758,nan
3n86,3n86_443,1.750,-1.877809,nan
3n86,3n86_451,2.600,-1.076365,nan
3n86,3n86_460,7.940,-1.504644,nan
3n86,3n86_462,1.960,-0.727270,nan
3n86,3n86_465,8.040,-1.177377,nan
3n86,3n86_467,1.360,-1.598192,nan
3n86,3n86_468,0.980,-1.094183,nan
3n86,3n86_472,2.270,-1.245656,nan
3n86,3n86_475,7.810,-0.639593,nan
3n86,3n86_477,2.840,-1.974442,nan
3n86,3n86_480,1.620,-1.201948,nan
3n86,3n86_483,8.320,-1.563624,nan
3n86,3n86_485,2.110,-1.860579,nan
3n86,3n86_486,7.560,-2.447012,nan
3n86,3n86_487,7.790,-1.242200,nan
3n86,3n86_491,7.080,-1.787472,nan
3n86,3n86_500,7.670,-0.958452,nan
3n86,3n86_509,1.480,-1.514620,nan
3n86,3n86_531,1.450,-0.698002,nan
3n86,3n86_532,2.240,-1.386158,nan
3n86,3n86_54,0.250,-0.252389,nan
3n86,3n86_557,2.460,-1.220685,nan
3n86,3n86_563,1.940,-1.329546,nan
3n86,3n86_574,3.520,-2.980803,nan
3n86,3n86_586,2.840,-1.237895,nan
3n86,3n86_595,3.630,-2.520755,nan
3n86,3n86_596,1.700,-1.348685,nan
3n86,3n86_610,3.050,-1.052533,nan
3n86,3n86_639,8.070,-1.321545,nan
3n86,3n86_657,3.240,-2.747053,nan
3n86,3n86_662,7.990,-1.748528,nan
3n86,3n86_664,3.630,-2.520755,nan
3n86,3n86_665,2.940,-2.212508,nan
3n86,3n86_666,2.720,-2.056683,nan
3n86,3n86_674,2.480,-1.677848,nan
3n86,3n86_676,8.160,-1.406477,nan
3n86,3n86_680,8.040,-1.177377,nan
3n86,3n86_690,3.040,-1.807141,nan
3n86,3n86_768,0.860,-0.505746,nan
3n86,3n86_859,0.310,-0.450196,nan
3n86,3n86_861,0.900,-0.408447,nan
3n86,3n86_870,0.870,-0.194512,nan
3n86,3n86_878,0.810,-0.485390,nan
3n86,3n86_99,0.220,-0.135264,nan
3nq9,3nq9_103,6.060,-4.834529,nan
3nq9,3nq9_112,4.000,-3.132702,nan
3nq9,3nq9_117,6.520,-5.822124,nan
3nq9,3nq9_134,4.840,-3.603808,nan
3nq9,3nq9_140,4.220,-3.386786,nan
3nq9,3nq9_148,7.230,-6.194885,nan
3nq9,3nq9_158,6.900,-5.541489,nan
3nq9,3nq9_176,5.520,-4.265248,nan
3nq9,3nq9_180,3.780,-1.982669,nan
3nq9,3nq9_221,6.100,-4.705498,nan
3nq9,3nq9_235,5.940,-4.921816,nan
3nq9,3nq9_236,8.540,-6.636349,nan
3nq9,3nq9_246,8.610,-6.951164,nan
3nq9,3nq9_25,7.660,-5.091939,nan
3nq9,3nq9_259,9.460,-7.716014,nan
3nq9,3nq9_270,9.410,-8.196590,nan
3nq9,3nq9_273,6.120,-5.254423,nan
3nq9,3nq9_282,9.430,-8.196590,nan
3nq9,3nq9_298,9.480,-7.784362,nan
3nq9,3nq9_310,7.630,-7.312110,nan
3nq9,3nq9_311,7.750,-7.557163,nan
3nq9,3nq9_330,7.790,-6.167744,nan
3nq9,3nq9_338,7.410,-6.721785,nan
3nq9,3nq9_35,1.540,-0.871773,nan
3nq9,3nq9_352,5.460,-5.520680,nan
3nq9,3nq9_358,6.070,-6.260509,nan
3nq9,3nq9_36,9.150,-7.108212,nan
3nq9,3nq9_382,5.980,-6.518901,nan
3nq9,3nq9_386,6.190,-6.344094,nan
3nq9,3nq9_389,6.020,-6.384912,nan
3nq9,3nq9_401,7.040,-4.857352,nan
3nq9,3nq9_410,5.750,-4.237537,nan
3nq9,3nq9_412,7.140,-5.721650,nan
3nq9,3nq9_413,6.850,-4.342659,nan
3nq9,3nq9_415,5.060,-2.915772,nan
3nq9,3nq9_420,6.490,-3.862083,nan
3nq9,3nq9_470,1.370,-0.199328,nan
3nq9,3nq9_472,2.600,-1.192171,nan
3nq9,3nq9_473,1.470,-0.460854,nan
3nq9,3nq9_474,2.210,-0.683620,nan
3nq9,3nq9_492,1.580,-1.194947,nan
3nq9,3nq9_507,1.490,-0.917561,nan
3nq9,3nq9_513,4.450,-0.522694,nan
3nq9,3nq9_526,1.530,-0.675317,nan
3nq9,3nq9_528,3.740,-1.608190,nan
3nq9,3nq9_550,4.620,-4.423084,nan
3nq9,3nq9_553,3.950,-2.724684,nan
3nq9,3nq9_556,3.730,-0.922300,nan
3nq9,3nq9_560,1.260,-0.835503,nan
3nq9,3nq9_568,4.610,-2.941833,nan
3nq9,3nq9_574,4.010,-2.352327,nan
3nq9,3nq9_605,1.350,-1.378225,nan
3nq9,3nq9_610,2.350,-1.049132,nan
3nq9,3nq9_620,2.160,-1.639120,nan
3nq9,3nq9_626,4.740,-1.939657,nan
3nq9,3nq9_639,3.020,-2.594747,nan
3nq9,3nq9_64,8.630,-6.918960,nan
3nq9,3nq9_651,5.320,-2.951324,nan
3nq9,3nq9_662,2.100,-1.477428,nan
3nq9,3nq9_664,5.630,-5.957496,nan
3nq9,3nq9_671,1.810,-0.792748,nan
3nq9,3nq9_685,1.560,-1.281136,nan
3nq9,3nq9_696,5.020,-3.853091,nan
3nq9,3nq9_700,2.590,-2.768263,nan
3nq9,3nq9_703,8.510,-7.231183,nan
3nq9,3nq9_706,7.190,-4.918938,nan
3nq9,3nq9_726,2.780,-1.796315,nan
3nq9,3nq9_770,3.980,-3.194897,nan
3nq9,3nq9_781,2.600,-1.090174,nan
3nq9,3nq9_784,2.330,-1.283435,nan
3nq9,3nq9_785,4.720,-4.332796,nan
3nq9,3nq9_801,8.550,-7.052715,nan
3nq9,3nq9_805,8.500,-7.281142,nan
3nq9,3nq9_83,4.610,-2.995285,nan
3nq9,3nq9_837,3.140,-2.268317,nan
3nq9,3nq9_869,3.750,-1.430680,nan
3nq9,3nq9_894,3.410,-2.188377,nan
3nq9,3nq9_899,8.480,-7.061901,nan
3nq9,3nq9_905,8.420,-7.480836,nan
3nq9,3nq9_916,7.220,-5.274859,nan
3nq9,3nq9_92,8.340,-6.454774,nan
3nq9,3nq9_948,5.050,-0.711312,nan
3nq9,3nq9_96,9.140,-7.567791,nan
3nq9,3nq9_97,2.060,-1.545674,nan
3nq9,3nq9_977,8.530,-6.587445,nan
3nq9,3nq9_981,4.260,-2.461544,nan
3nw9,3nw9_105,5.370,-6.062461,nan
3nw9,3nw9_123,5.800,-6.828673,nan
3nw9,3nw9_124,8.610,-3.432101,nan
3nw9,3nw9_134,7.930,-7.064383,nan
3nw9,3nw9_140,8.470,-4.448695,nan
3nw9,3nw9_142,8.240,-8.567040,nan
3nw9,3nw9_149,6.220,-7.541366,nan
3nw9,3nw9_151,9.540,-4.762403,nan
3nw9,3nw9_153,1.250,-0.727325,nan
3nw9,3nw9_159,6.820,-8.134809,nan
3nw9,3nw9_162,9.400,-5.507804,nan
3nw9,3nw9_163,8.980,-7.905203,nan
3nw9,3nw9_166,4.190,-5.007505,nan
3nw9,3nw9_172,0.930,-0.944660,nan
3nw9,3nw9_176,8.440,-5.782478,nan
3nw9,3nw9_183,7.290,-8.484509,nan
3nw9,3nw9_190,9.490,-8.202090,nan
3nw9,3nw9_20,7.860,-8.220211,nan
3nw9,3nw9_204,4.850,-3.841038,nan
3nw9,3nw9_210,0.810,-0.739667,nan
3nw9,3nw9_212,0.630,-0.312661,nan
3nw9,3nw9_239,2.880,-1.545435,nan
3nw9,3nw9_240,0.500,-0.547923,nan
3nw9,3nw9_26,3.800,-4.279545,nan
3nw9,3nw9_263,0.930,-1.070820,nan
3nw9,3nw9_264,0.440,-0.348030,nan
3nw9,3nw9_315,6.280,-7.451137,nan
3nw9,3nw9_329,1.110,-0.551916,nan
3nw9,3nw9_348,5.570,-6.375472,nan
3nw9,3nw9_355,9.550,-7.186339,nan
3nw9,3nw9_398,6.430,-6.297222,nan
3nw9,3nw9_399,9.100,-4.641020,nan
3nw9,3nw9_401,3.850,-2.319427,nan
3nw9,3nw9_406,9.070,-2.012280,nan
3nw9,3nw9_409,3.350,-2.489302,nan
3nw9,3nw9_414,4.370,-3.525684,nan
3nw9,3nw9_423,8.560,-1.602457,nan
3nw9,3nw9_427,2.410,-3.458176,nan
3nw9,3nw9_433,2.370,-2.404474,nan
3nw9,3nw9_435,1.970,-2.169634,nan
3nw9,3nw9_437,1.760,-1.803006,nan
3nw9,3nw9_438,1.670,-2.666680,nan
3nw9,3nw9_441,7.890,-2.518755,nan
3nw9,3nw9_444,4.460,-3.983650,nan
3nw9,3nw9_446,5.050,-4.336435,nan
3nw9,3nw9_455,4.750,-4.250839,nan
3nw9,3nw9_466,2.390,-2.581455,nan
3nw9,3nw9_471,3.830,-2.715069,nan
3nw9,3nw9_473,4.140,-2.506136,nan
3nw9,3nw9_479,3.460,-2.054667,nan
3nw9,3nw9_491,3.700,-3.684564,nan
3nw9,3nw9_497,3.080,-2.128722,nan
3nw9,3nw9_506,2.840,-2.298406,nan
3nw9,3nw9_511,7.970,-7.282899,nan
3nw9,3nw9_518,9.190,-3.720783,nan
3nw9,3nw9_534,9.310,-8.537127,nan
3nw9,3nw9_538,5.710,-6.337741,nan
3nw9,3nw9_541,5.750,-5.607664,nan
3nw9,3nw9_545,5.080,-5.870521,nan
3nw9,3nw9_551,8.790,-1.795561,nan
3nw9,3nw9_583,4.820,-4.586297,nan
3nw9,3nw9_593,8.460,-8.540166,nan
3nw9,3nw9_594,3.510,-3.305862,nan
3nw9,3nw9_596,2.900,-3.567749,nan
3nw9,3nw9_598,7.900,-8.585690,nan
3nw9,3nw9_599,7.380,-8.541079,nan
3nw9,3nw9_607,7.930,-4.993342,nan
3nw9,3nw9_609,7.360,-7.990195,nan
3nw9,3nw9_613,9.550,-6.077598,nan
3nw9,3nw9_614,1.830,-2.307359,nan
3nw9,3nw9_621,6.240,-5.713366,nan
3nw9,3nw9_629,6.650,-8.533460,nan
3nw9,3nw9_640,5.520,-5.022001,nan
3nw9,3nw9_641,6.160,-7.608003,nan
3nw9,3nw9_651,6.900,-8.031647,nan
3nw9,3nw9_653,8.720,-6.897320,nan
3nw9,3nw9_656,9.030,-6.436698,nan
3nw9,3nw9_657,8.290,-7.038785,nan
3nw9,3nw9_671,2.830,-2.874594,nan
3nw9,3nw9_685,6.950,-7.730422,nan
3nw9,3nw9_688,4.450,-3.662595,nan
3nw9,3nw9_70,0.540,-0.354340,nan
3nw9,3nw9_700,7.470,-8.584001,nan
3nw9,3nw9_710,5.400,-5.564264,nan
3nw9,3nw9_715,2.260,-0.521290,nan
3nw9,3nw9_734,5.410,-5.697540,nan
3nw9,3nw9_739,2.920,-1.690588,nan
3nw9,3nw9_749,1.950,-1.306277,nan
3nw9,3nw9_755,4.340,-3.947513,nan
3nw9,3nw9_757,3.860,-2.790484,nan
3nw9,3nw9_76,6.050,-5.977312,nan
3nw9,3nw9_766,2.340,-1.221307,nan
3nw9,3nw9_785,4.250,-4.899402,nan
3nw9,3nw9_786,3.050,-2.416499,nan
3nw9,3nw9_833,0.740,-0.658627,nan
3nw9,3nw9_945,0.530,-0.877393,nan
3nw9,3nw9_951,0.650,-0.453074,nan
3nw9,3nw9_964,1.060,-0.736751,nan
3nw9,3nw9_975,1.010,-0.519891,nan
3nw9,3nw9_988,1.900,-1.023129,nan
3nx7,3nx7_139,1.810,-0.734956,nan
3nx7,3nx7_148,1.510,-0.806924,nan
3nx7,3nx7_15,0.970,-0.528103,nan
3nx7,3nx7_234,3.210,-1.209243,nan
3nx7,3nx7_239,0.700,-0.626341,nan
3nx7,3nx7_245,1.600,-0.895274,nan
3nx7,3nx7_262,2.660,-0.593870,nan
3nx7,3nx7_280,2.440,-0.915954,nan
3nx7,3nx7_283,2.520,-1.025583,nan
3nx7,3nx7_287,0.860,-0.777993,nan
3nx7,3nx7_299,0.960,-0.672978,nan
3nx7,3nx7_320,2.490,-0.393953,nan
3nx7,3nx7_359,2.720,-0.512477,nan
3nx7,3nx7_36,0.730,-0.204349,nan
3nx7,3nx7_383,0.710,-0.264014,nan
3nx7,3nx7_388,1.670,-0.482613,nan
3nx7,3nx7_39,0.930,-0.330038,nan
3nx7,3nx7_404,5.890,-3.754772,nan
3nx7,3nx7_405,6.840,-4.606705,nan
3nx7,3nx7_416,7.480,-4.422692,nan
3nx7,3nx7_42,1.220,-0.381688,nan
3nx7,3nx7_424,5.390,-2.717029,nan
3nx7,3nx7_426,5.780,-3.204815,nan
3nx7,3nx7_427,6.790,-5.099060,nan
3nx7,3nx7_440,1.940,-1.328542,nan
3nx7,3nx7_451,6.710,-4.508927,nan
3nx7,3nx7_459,5.390,-3.107379,nan
3nx7,3nx7_46,1.110,-0.646413,nan
3nx7,3nx7_479,4.270,-2.966304,nan
3nx7,3nx7_480,3.500,-1.435736,nan
3nx7,3nx7_489,6.080,-4.107375,nan
3nx7,3nx7_495,6.080,-3.971457,nan
3nx7,3nx7_496,3.060,-1.632417,nan
3nx7,3nx7_511,3.930,-2.916590,nan
3nx7,3nx7_52,1.070,-0.566959,nan
3nx7,3nx7_524,4.390,-2.651827,nan
3nx7,3nx7_535,2.080,-1.356037,nan
3nx7,3nx7_544,3.630,-2.029746,nan
3nx7,3nx7_555,3.980,-2.645306,nan
3nx7,3nx7_567,3.990,-1.895375,nan
3nx7,3nx7_582,5.230,-5.032860,nan
3nx7,3nx7_583,5.100,-1.742728,nan
3nx7,3nx7_591,5.190,-4.277565,nan
3nx7,3nx7_605,6.380,-3.975648,nan
3nx7,3nx7_607,7.180,-4.779044,nan
3nx7,3nx7_614,4.030,-1.040550,nan
3nx7,3nx7_619,6.590,-4.548856,nan
3nx7,3nx7_622,2.310,-1.367074,nan
3nx7,3nx7_623,3.210,-1.610716,nan
3nx7,3nx7_625,3.910,-1.832284,nan
3nx7,3nx7_630,4.650,-1.496504,nan
3nx7,3nx7_651,4.460,-2.254523,nan
3nx7,3nx7_652,5.510,-2.783167,nan
3nx7,3nx7_654,4.440,-2.603818,nan
3nx7,3nx7_660,2.380,-0.373758,nan
3nx7,3nx7_667,7.110,-4.506877,nan
3nx7,3nx7_668,2.160,-1.640344,nan
3nx7,3nx7_670,6.770,-4.744578,nan
3nx7,3nx7_676,5.870,-2.911123,nan
3nx7,3nx7_688,7.770,-5.647377,nan
3nx7,3nx7_74,0.600,-0.539719,nan
3nx7,3nx7_756,4.460,-1.631827,nan
3nx7,3nx7_762,3.760,-1.171741,nan
3nx7,3nx7_778,0.990,-0.765348,nan
3nx7,3nx7_787,4.400,-0.884038,nan
3nx7,3nx7_792,5.310,-5.073860,nan
3nx7,3nx7_795,4.800,-2.848888,nan
3nx7,3nx7_796,4.480,-3.814414,nan
3nx7,3nx7_854,1.920,-0.523222,nan
3nx7,3nx7_885,2.250,-0.979151,nan
3nx7,3nx7_889,1.780,-1.082847,nan
3nx7,3nx7_969,0.980,-0.944364,nan
3o9i,3o9i_12,0.910,-0.516491,nan
3o9i,3o9i_130,6.290,-2.517684,nan
3o9i,3o9i_135,4.070,-1.074854,nan
3o9i,3o9i_141,5.390,-2.573355,nan
3o9i,3o9i_164,1.000,-0.728100,nan
3o9i,3o9i_178,9.850,-7.940903,nan
3o9i,3o9i_201,3.480,-0.703395,nan
3o9i,3o9i_213,0.960,-0.680783,nan
3o9i,3o9i_215,6.400,-0.752499,nan
3o9i,3o9i_219,4.220,-1.455423,nan
3o9i,3o9i_222,0.930,-0.846776,nan
3o9i,3o9i_227,0.790,-0.410939,nan
3o9i,3o9i_228,5.730,-2.187789,nan
3o9i,3o9i_229,4.790,-0.606533,nan
3o9i,3o9i_234,3.730,-1.468542,nan
3o9i,3o9i_243,5.350,-3.354063,nan
3o9i,3o9i_246,3.990,-1.359025,nan
3o9i,3o9i_249,1.380,-0.685077,nan
3o9i,3o9i_253,3.810,-1.009876,nan
3o9i,3o9i_255,1.920,-1.612911,nan
3o9i,3o9i_256,0.580,-0.380334,nan
3o9i,3o9i_257,2.110,-1.393342,nan
3o9i,3o9i_26,9.110,-8.133342,nan
3o9i,3o9i_260,5.620,-1.569685,nan
3o9i,3o9i_270,6.020,-0.674005,nan
3o9i,3o9i_274,2.020,-0.674167,nan
3o9i,3o9i_275,1.350,-1.016519,nan
3o9i,3o9i_276,1.840,-1.232257,nan
3o9i,3o9i_28,8.780,-7.486903,nan
3o9i,3o9i_283,4.800,-2.626179,nan
3o9i,3o9i_284,3.730,-1.485240,nan
3o9i,3o9i_286,2.070,-1.297422,nan
3o9i,3o9i_288,5.220,-1.333799,nan
3o9i,3o9i_29,1.720,-0.542973,nan
3o9i,3o9i_292,4.660,-1.437281,nan
3o9i,3o9i_294,2.040,-1.014895,nan
3o9i,3o9i_295,6.610,-0.683032,nan
3o9i,3o9i_298,6.140,-1.408225,nan
3o9i,3o9i_30,0.920,-0.444663,nan
3o9i,3o9i_303,0.590,-0.700987,nan
3o9i,3o9i_314,7.810,-5.601823,nan
3o9i,3o9i_318,6.350,-4.643206,nan
3o9i,3o9i_340,6.710,-1.568219,nan
3o9i,3o9i_358,9.920,-8.404361,nan
3o9i,3o9i_359,0.880,-0.618313,nan
3o9i,3o9i_38,0.680,-0.492782,nan
3o9i,3o9i_402,1.950,-2.391455,nan
3o9i,3o9i_403,1.990,-2.445775,nan
3o9i,3o9i_407,1.820,-2.133408,nan
3o9i,3o9i_408,2.150,-2.761243,nan
3o9i,3o9i_409,2.860,-2.847285,nan
3o9i,3o9i_415,4.960,-3.388667,nan
3o9i,3o9i_417,5.110,-3.343094,nan
3o9i,3o9i_42,9.120,-7.781261,nan
3o9i,3o9i_424,6.540,-4.018345,nan
3o9i,3o9i_435,2.800,-2.620185,nan
3o9i,3o9i_452,5.500,-3.905295,nan
3o9i,3o9i_454,7.720,-6.372355,nan
3o9i,3o9i_459,4.630,-3.424801,nan
3o9i,3o9i_461,4.440,-3.294641,nan
3o9i,3o9i_466,4.370,-2.993086,nan
3o9i,3o9i_467,2.260,-2.237002,nan
3o9i,3o9i_469,2.210,-2.640382,nan
3o9i,3o9i_479,3.990,-2.746441,nan
3o9i,3o9i_487,2.810,-3.527933,nan
3o9i,3o9i_495,4.820,-3.274897,nan
3o9i,3o9i_496,3.420,-3.352647,nan
3o9i,3o9i_500,7.050,-2.968292,nan
3o9i,3o9i_505,8.640,-7.365057,nan
3o9i,3o9i_509,8.950,-8.340288,nan
3o9i,3o9i_525,8.720,-8.331269,nan
3o9i,3o9i_535,7.770,-5.708431,nan
3o9i,3o9i_539,8.620,-8.287935,nan
3o9i,3o9i_546,3.580,-3.478532,nan
3o9i,3o9i_557,7.470,-8.381097,nan
3o9i,3o9i_569,3.040,-3.255159,nan
3o9i,3o9i_574,6.590,-6.443518,nan
3o9i,3o9i_585,7.950,-7.568169,nan
3o9i,3o9i_59,9.690,-8.589975,nan
3o9i,3o9i_600,7.430,-5.358586,nan
3o9i,3o9i_607,7.710,-6.888306,nan
3o9i,3o9i_617,9.630,-8.446298,nan
3o9i,3o9i_624,9.330,-8.238561,nan
3o9i,3o9i_661,8.070,-5.097142,nan
3o9i,3o9i_674,7.400,-5.966838,nan
3o9i,3o9i_675,3.170,-3.576847,nan
3o9i,3o9i_678,9.010,-8.584173,nan
3o9i,3o9i_687,9.180,-7.979708,nan
3o9i,3o9i_692,8.290,-8.228610,nan
3o9i,3o9i_714,5.240,-0.921110,nan
3o9i,3o9i_766,5.030,-0.685135,nan
3o9i,3o9i_788,6.210,-2.608801,nan
3o9i,3o9i_795,5.170,-2.093946,nan
3o9i,3o9i_859,8.260,-8.495835,nan
3o9i,3o9i_860,1.670,-1.158872,nan
3o9i,3o9i_861,7.910,-7.913513,nan
3o9i,3o9i_893,8.490,-8.567417,nan
3o9i,3o9i_9,8.030,-8.545298,nan
3o9i,3o9i_907,1.360,-0.929019,nan
3o9i,3o9i_96,9.200,-8.607224,nan
3oe4,3oe4_1,6.890,-6.777081,nan
3oe4,3oe4_105,7.390,-8.213222,nan
3oe4,3oe4_109,6.070,-7.719945,nan
3oe4,3oe4_113,8.030,-8.474101,nan
3oe4,3oe4_114,0.720,-0.814306,nan
3oe4,3oe4_118,9.970,-8.592408,nan
3oe4,3oe4_119,7.420,-8.592051,nan
3oe4,3oe4_12,4.450,-5.077893,nan
3oe4,3oe4_120,8.960,-8.573311,nan
3oe4,3oe4_131,9.530,-8.423607,nan
3oe4,3oe4_136,8.970,-8.568502,nan
3oe4,3oe4_137,1.040,-0.837479,nan
3oe4,3oe4_158,6.910,-7.291194,nan
3oe4,3oe4_161,5.230,-5.239071,nan
3oe4,3oe4_17,6.230,-7.124095,nan
3oe4,3oe4_180,8.490,-8.565770,nan
3oe4,3oe4_189,6.180,-6.652268,nan
3oe4,3oe4_20,1.330,-0.728717,nan
3oe4,3oe4_203,0.470,-0.108874,nan
3oe4,3oe4_224,5.810,-5.199284,nan
3oe4,3oe4_237,0.830,-0.455885,nan
3oe4,3oe4_279,7.620,-8.069381,nan
3oe4,3oe4_283,6.780,-4.134991,nan
3oe4,3oe4_285,1.000,-0.546457,nan
3oe4,3oe4_288,6.780,-7.507427,nan
3oe4,3oe4_29,4.610,-5.333708,nan
3oe4,3oe4_291,3.820,-2.507950,nan
3oe4,3oe4_292,0.340,-0.151411,nan
3oe4,3oe4_305,8.290,-8.144482,nan
3oe4,3oe4_312,0.470,-0.614598,nan
3oe4,3oe4_314,0.920,-0.814023,nan
3oe4,3oe4_324,8.210,-5.322414,nan
3oe4,3oe4_328,0.420,-0.662961,nan
3oe4,3oe4_34,2.340,-1.067273,nan
3oe4,3oe4_340,7.580,-6.975222,nan
3oe4,3oe4_374,9.080,-8.345659,nan
3oe4,3oe4_38,7.020,-6.258146,nan
3oe4,3oe4_404,7.010,-2.093058,nan
3oe4,3oe4_409,3.550,-1.816850,nan
3oe4,3oe4_410,4.550,-2.671216,nan
3oe4,3oe4_413,6.540,-1.973917,nan
3oe4,3oe4_431,2.190,-2.417951,nan
3oe4,3oe4_438,6.310,-3.797961,nan
3oe4,3oe4_446,5.490,-2.459488,nan
3oe4,3oe4_453,5.150,-4.586977,nan
3oe4,3oe4_457,1.740,-1.939175,nan
3oe4,3oe4_458,1.940,-2.246963,nan
3oe4,3oe4_468,4.780,-3.376308,nan
3oe4,3oe4_470,2.240,-2.197741,nan
3oe4,3oe4_478,1.950,-2.850046,nan
3oe4,3oe4_486,1.900,-2.357155,nan
3oe4,3oe4_500,2.130,-1.836964,nan
3oe4,3oe4_506,2.000,-1.408983,nan
3oe4,3oe4_509,3.140,-2.320843,nan
3oe4,3oe4_518,3.760,-2.854915,nan
3oe4,3oe4_522,1.960,-1.406172,nan
3oe4,3oe4_525,3.300,-1.930748,nan
3oe4,3oe4_528,7.190,-8.510427,nan
3oe4,3oe4_531,3.420,-3.505980,nan
3oe4,3oe4_544,6.420,-6.370110,nan
3oe4,3oe4_546,3.320,-1.537653,nan
3oe4,3oe4_551,3.310,-2.477451,nan
3oe4,3oe4_557,5.200,-5.375004,nan
3oe4,3oe4_558,4.280,-2.666007,nan
3oe4,3oe4_561,8.010,-8.409203,nan
3oe4,3oe4_562,2.520,-1.984059,nan
3oe4,3oe4_57,8.550,-8.346763,nan
3oe4,3oe4_573,3.360,-3.533297,nan
3oe4,3oe4_574,2.780,-2.368838,nan
3oe4,3oe4_578,7.650,-3.695229,nan
3oe4,3oe4_597,5.140,-6.644494,nan
3oe4,3oe4_61,5.180,-6.063498,nan
3oe4,3oe4_611,9.940,-7.433235,nan
3oe4,3oe4_615,1.370,-2.316217,nan
3oe4,3oe4_66,4.970,-4.752773,nan
3oe4,3oe4_665,5.710,-5.604487,nan
3oe4,3oe4_667,2.880,-1.520441,nan
3oe4,3oe4_670,4.970,-3.532873,nan
3oe4,3oe4_690,8.200,-4.780333,nan
3oe4,3oe4_70,0.870,-0.238787,nan
3oe4,3oe4_74,0.840,-0.601043,nan
3oe4,3oe4_745,2.670,-1.433865,nan
3oe4,3oe4_767,5.230,-4.757889,nan
3oe4,3oe4_780,7.790,-4.746997,nan
3oe4,3oe4_781,9.360,-7.958314,nan
3oe4,3oe4_793,9.220,-8.432885,nan
3oe4,3oe4_795,9.220,-8.420801,nan
3oe4,3oe4_796,8.930,-7.840260,nan
3oe4,3oe4_797,9.050,-8.143292,nan
3oe4,3oe4_82,1.090,-0.393707,nan
3oe4,3oe4_820,4.450,-2.808943,nan
3oe4,3oe4_831,3.910,-4.102675,nan
3oe4,3oe4_85,5.630,-6.561611,nan
3oe4,3oe4_89,7.870,-8.098840,nan
3oe4,3oe4_924,4.470,-5.029700,nan
3oe4,3oe4_972,2.950,-2.206336,nan
3oe4,3oe4_992,2.210,-0.427750,nan
3oe4,3oe4_996,4.880,-4.853121,nan
3oe5,3oe5_104,0.660,-0.345329,nan
3oe5,3oe5_106,7.500,-8.594232,nan
3oe5,3oe5_11,8.680,-7.643815,nan
3oe5,3oe5_121,5.520,-6.825503,nan
3oe5,3oe5_124,6.250,-7.289100,nan
3oe5,3oe5_132,1.320,-0.348943,nan
3oe5,3oe5_134,9.290,-6.838772,nan
3oe5,3oe5_145,6.730,-7.954279,nan
3oe5,3oe5_148,4.260,-4.584856,nan
3oe5,3oe5_15,1.430,-0.652757,nan
3oe5,3oe5_156,8.180,-8.277396,nan
3oe5,3oe5_161,7.280,-5.999451,nan
3oe5,3oe5_162,9.210,-8.554962,nan
3oe5,3oe5_164,5.960,-6.764803,nan
3oe5,3oe5_197,7.530,-7.851343,nan
3oe5,3oe5_198,7.310,-7.170759,nan
3oe5,3oe5_199,3.840,-2.223937,nan
3oe5,3oe5_2,9.150,-8.394374,nan
3oe5,3oe5_203,0.700,-0.218780,nan
3oe5,3oe5_214,2.730,-1.316326,nan
3oe5,3oe5_217,1.710,-0.853752,nan
3oe5,3oe5_227,1.280,-1.098789,nan
3oe5,3oe5_236,0.420,-0.196178,nan
3oe5,3oe5_243,4.790,-4.827473,nan
3oe5,3oe5_245,7.310,-3.837228,nan
3oe5,3oe5_248,4.620,-2.778655,nan
3oe5,3oe5_250,0.930,-0.400232,nan
3oe5,3oe5_26,9.070,-8.070535,nan
3oe5,3oe5_261,0.700,-0.414443,nan
3oe5,3oe5_263,6.990,-3.523989,nan
3oe5,3oe5_266,0.670,-0.516074,nan
3oe5,3oe5_274,5.190,-4.676319,nan
3oe5,3oe5_286,5.210,-6.109850,nan
3oe5,3oe5_289,2.030,-1.186565,nan
3oe5,3oe5_29,8.960,-8.381101,nan
3oe5,3oe5_290,4.890,-5.856356,nan
3oe5,3oe5_30,0.570,-0.582744,nan
3oe5,3oe5_301,5.560,-6.036249,nan
3oe5,3oe5_325,8.460,-8.555985,nan
3oe5,3oe5_329,0.850,-0.828198,nan
3oe5,3oe5_332,7.290,-5.993577,nan
3oe5,3oe5_342,8.200,-7.030854,nan
3oe5,3oe5_352,0.820,-0.292461,nan
3oe5,3oe5_356,0.510,-0.291851,nan
3oe5,3oe5_370,7.720,-7.872748,nan
3oe5,3oe5_380,9.400,-8.394230,nan
3oe5,3oe5_401,2.900,-1.771306,nan
3oe5,3oe5_402,7.020,-4.311557,nan
3oe5,3oe5_403,6.420,-2.075438,nan
3oe5,3oe5_412,2.890,-2.449221,nan
3oe5,3oe5_421,6.730,-4.594346,nan
3oe5,3oe5_422,1.420,-1.716880,nan
3oe5,3oe5_423,1.640,-2.620992,nan
3oe5,3oe5_430,3.470,-1.604007,nan
3oe5,3oe5_437,1.870,-1.304962,nan
3oe5,3oe5_439,1.460,-1.804397,nan
3oe5,3oe5_441,1.770,-2.513282,nan
3oe5,3oe5_442,6.110,-4.657517,nan
3oe5,3oe5_446,7.980,-4.098919,nan
3oe5,3oe5_45,9.090,-7.791991,nan
3oe5,3oe5_455,4.120,-2.718269,nan
3oe5,3oe5_462,3.020,-2.605453,nan
3oe5,3oe5_467,2.350,-2.125434,nan
3oe5,3oe5_472,8.360,-4.529169,nan
3oe5,3oe5_477,3.500,-2.801258,nan
3oe5,3oe5_480,1.780,-1.107882,nan
3oe5,3oe5_483,5.640,-2.140056,nan
3oe5,3oe5_484,8.070,-6.859918,nan
3oe5,3oe5_493,3.300,-1.692937,nan
3oe5,3oe5_497,9.150,-7.721745,nan
3oe5,3oe5_499,2.110,-2.128557,nan
3oe5,3oe5_529,3.090,-1.228887,nan
3oe5,3oe5_546,9.350,-8.274922,nan
3oe5,3oe5_552,6.890,-2.342605,nan
3oe5,3oe5_561,3.810,-3.244137,nan
3oe5,3oe5_563,5.390,-5.797404,nan
3oe5,3oe5_57,7.000,-6.123668,nan
3oe5,3oe5_581,5.690,-5.274726,nan
3oe5,3oe5_586,4.970,-3.915642,nan
3oe5,3oe5_599,6.940,-5.244354,nan
3oe5,3oe5_620,2.270,-1.812236,nan
3oe5,3oe5_623,5.180,-4.470839,nan
3oe5,3oe5_624,3.240,-3.525266,nan
3oe5,3oe5_669,2.270,-2.300282,nan
3oe5,3oe5_673,5.960,-3.343590,nan
3oe5,3oe5_676,4.420,-2.442195,nan
3oe5,3oe5_680,8.550,-8.088170,nan
3oe5,3oe5_684,3.090,-2.279739,nan
3oe5,3oe5_697,9.430,-8.250721,nan
3oe5,3oe5_700,4.740,-4.479086,nan
3oe5,3oe5_758,3.150,-1.993479,nan
3oe5,3oe5_76,9.080,-8.071450,nan
3oe5,3oe5_762,4.690,-6.076403,nan
3oe5,3oe5_77,8.090,-6.942283,nan
3oe5,3oe5_788,6.240,-7.276919,nan
3oe5,3oe5_857,2.120,-1.257070,nan
3oe5,3oe5_893,4.380,-4.908204,nan
3oe5,3oe5_94,8.770,-6.779615,nan
3oe5,3oe5_955,2.030,-1.060363,nan
3oe5,3oe5_97,7.980,-5.823735,nan
3ozs,3ozs_10,7.260,-7.839519,nan
3ozs,3ozs_103,5.770,-8.005938,nan
3ozs,3ozs_107,6.730,-7.877355,nan
3ozs,3ozs_11,1.120,-0.470205,nan
3ozs,3ozs_110,7.220,-8.572371,nan
3ozs,3ozs_113,9.790,-8.526053,nan
3ozs,3ozs_120,6.990,-8.479332,nan
3ozs,3ozs_123,6.780,-8.600605,nan
3ozs,3ozs_130,8.240,-8.558021,nan
3ozs,3ozs_136,7.470,-8.549535,nan
3ozs,3ozs_14,5.710,-6.524943,nan
3ozs,3ozs_149,9.090,-8.522450,nan
3ozs,3ozs_162,6.390,-8.551617,nan
3ozs,3ozs_201,0.790,-0.907493,nan
3ozs,3ozs_221,1.100,-1.612198,nan
3ozs,3ozs_224,1.240,-1.860104,nan
3ozs,3ozs_24,3.640,-3.954471,nan
3ozs,3ozs_251,0.390,-0.839593,nan
3ozs,3ozs_255,0.690,-0.317219,nan
3ozs,3ozs_269,0.540,-1.337461,nan
3ozs,3ozs_273,3.990,-2.309813,nan
3ozs,3ozs_275,4.080,-2.668636,nan
3ozs,3ozs_28,4.490,-4.899817,nan
3ozs,3ozs_307,0.550,-0.844771,nan
3ozs,3ozs_318,6.050,-7.104947,nan
3ozs,3ozs_339,7.370,-7.725195,nan
3ozs,3ozs_345,0.910,-1.453397,nan
3ozs,3ozs_346,1.840,-2.144056,nan
3ozs,3ozs_353,9.330,-7.633758,nan
3ozs,3ozs_373,0.870,-0.950613,nan
3ozs,3ozs_379,7.330,-8.582057,nan
3ozs,3ozs_389,1.580,-1.375282,nan
3ozs,3ozs_406,2.320,-1.947078,nan
3ozs,3ozs_413,1.780,-2.146308,nan
3ozs,3ozs_417,2.480,-2.124063,nan
3ozs,3ozs_430,4.680,-2.335129,nan
3ozs,3ozs_431,2.530,-2.387321,nan
3ozs,3ozs_432,1.940,-2.726488,nan
3ozs,3ozs_439,1.610,-1.459760,nan
3ozs,3ozs_44,0.750,-1.595734,nan
3ozs,3ozs_442,7.260,-5.042309,nan
3ozs,3ozs_443,3.270,-3.199393,nan
3ozs,3ozs_446,4.080,-2.315192,nan
3ozs,3ozs_451,2.200,-2.012072,nan
3ozs,3ozs_46,6.630,-7.994841,nan
3ozs,3ozs_465,9.860,-2.703770,nan
3ozs,3ozs_478,1.470,-2.039358,nan
3ozs,3ozs_479,3.050,-2.706940,nan
3ozs,3ozs_48,8.100,-6.552052,nan
3ozs,3ozs_480,8.250,-3.733243,nan
3ozs,3ozs_484,6.990,-6.584773,nan
3ozs,3ozs_487,3.490,-4.483741,nan
3ozs,3ozs_494,2.930,-1.865954,nan
3ozs,3ozs_496,5.890,-4.554927,nan
3ozs,3ozs_505,4.710,-5.693982,nan
3ozs,3ozs_517,2.050,-2.683497,nan
3ozs,3ozs_529,2.040,-2.019331,nan
3ozs,3ozs_531,7.240,-7.248996,nan
3ozs,3ozs_536,3.220,-3.777594,nan
3ozs,3ozs_537,9.180,-6.036190,nan
3ozs,3ozs_542,5.250,-5.719377,nan
3ozs,3ozs_546,8.950,-6.619086,nan
3ozs,3ozs_550,5.440,-6.727740,nan
3ozs,3ozs_554,8.730,-7.869900,nan
3ozs,3ozs_558,9.320,-8.203817,nan
3ozs,3ozs_559,9.960,-5.854187,nan
3ozs,3ozs_560,8.960,-6.599792,nan
3ozs,3ozs_567,7.970,-7.955417,nan
3ozs,3ozs_574,8.170,-8.540366,nan
3ozs,3ozs_575,5.150,-6.115854,nan
3ozs,3ozs_585,3.870,-4.328550,nan
3ozs,3ozs_586,9.900,-8.513696,nan
3ozs,3ozs_593,5.460,-6.829866,nan
3ozs,3ozs_596,4.230,-5.755333,nan
3ozs,3ozs_6,0.950,-0.808642,nan
3ozs,3ozs_60,4.470,-5.679313,nan
3ozs,3ozs_611,5.660,-7.023901,nan
3ozs,3ozs_63,7.330,-7.830450,nan
3ozs,3ozs_646,5.710,-6.912406,nan
3ozs,3ozs_649,6.420,-7.478340,nan
3ozs,3ozs_656,9.110,-2.956695,nan
3ozs,3ozs_659,6.290,-6.874989,nan
3ozs,3ozs_664,2.290,-3.238624,nan
3ozs,3ozs_666,3.030,-3.539588,nan
3ozs,3ozs_682,4.090,-4.981850,nan
3ozs,3ozs_72,2.350,-0.960753,nan
3ozs,3ozs_756,4.840,-6.575807,nan
3ozs,3ozs_758,2.200,-2.453733,nan
3ozs,3ozs_761,4.440,-5.688091,nan
3ozs,3ozs_764,3.680,-4.610984,nan
3ozs,3ozs_768,6.270,-7.623435,nan
3ozs,3ozs_778,5.870,-7.424609,nan
3ozs,3ozs_821,8.640,-8.552522,nan
3ozs,3ozs_83,0.960,-1.555251,nan
3ozs,3ozs_842,7.020,-7.702645,nan
3ozs,3ozs_854,3.470,-2.417070,nan
3ozs,3ozs_870,8.850,-8.521620,nan
3ozs,3ozs_882,9.690,-7.065262,nan
3ozs,3ozs_899,1.430,-2.084831,nan
3ozs,3ozs_91,8.170,-8.247492,nan
3ozt,3ozt_102,4.450,-3.262219,nan
3ozt,3ozt_105,0.820,-0.386796,nan
3ozt,3ozt_112,7.310,-6.708380,nan
3ozt,3ozt_113,5.680,-6.142334,nan
3ozt,3ozt_116,3.610,-3.361359,nan
3ozt,3ozt_141,6.740,-5.898371,nan
3ozt,3ozt_143,5.380,-6.589696,nan
3ozt,3ozt_15,8.350,-5.967177,nan
3ozt,3ozt_151,8.470,-8.305408,nan
3ozt,3ozt_171,0.760,-0.590421,nan
3ozt,3ozt_192,6.790,-4.547622,nan
3ozt,3ozt_193,6.870,-7.696547,nan
3ozt,3ozt_2,1.280,-0.705671,nan
3ozt,3ozt_20,9.470,-5.996376,nan
3ozt,3ozt_200,6.280,-6.927725,nan
3ozt,3ozt_202,0.520,-0.185221,nan
3ozt,3ozt_206,2.680,-1.534789,nan
3ozt,3ozt_207,8.630,-3.773106,nan
3ozt,3ozt_212,7.750,-8.546719,nan
3ozt,3ozt_251,4.660,-3.543724,nan
3ozt,3ozt_257,4.600,-3.423493,nan
3ozt,3ozt_267,0.960,-0.646220,nan
3ozt,3ozt_271,7.630,-7.512583,nan
3ozt,3ozt_283,4.530,-4.550618,nan
3ozt,3ozt_286,0.520,-0.195222,nan
3ozt,3ozt_320,6.600,-6.455529,nan
3ozt,3ozt_332,9.280,-8.264899,nan
3ozt,3ozt_339,5.530,-6.185201,nan
3ozt,3ozt_372,0.780,-0.298158,nan
3ozt,3ozt_387,0.620,-0.243498,nan
3ozt,3ozt_405,8.180,-1.677597,nan
3ozt,3ozt_407,9.020,-3.139084,nan
3ozt,3ozt_413,1.370,-1.696253,nan
3ozt,3ozt_415,2.690,-0.994718,nan
3ozt,3ozt_421,4.030,-2.271206,nan
3ozt,3ozt_423,1.890,-2.034653,nan
3ozt,3ozt_427,3.600,-2.265859,nan
3ozt,3ozt_442,3.450,-2.337820,nan
3ozt,3ozt_444,1.850,-2.039369,nan
3ozt,3ozt_448,1.660,-2.191332,nan
3ozt,3ozt_457,6.340,-4.073860,nan
3ozt,3ozt_460,2.560,-2.094032,nan
3ozt,3ozt_462,2.990,-2.138536,nan
3ozt,3ozt_469,3.390,-2.297330,nan
3ozt,3ozt_471,3.080,-2.213378,nan
3ozt,3ozt_476,3.200,-2.001643,nan
3ozt,3ozt_483,2.750,-2.554048,nan
3ozt,3ozt_487,1.680,-1.582777,nan
3ozt,3ozt_492,9.280,-4.242633,nan
3ozt,3ozt_496,8.610,-2.203387,nan
3ozt,3ozt_497,5.360,-2.675135,nan
3ozt,3ozt_499,7.930,-3.297256,nan
3ozt,3ozt_503,2.860,-1.740957,nan
3ozt,3ozt_507,3.800,-2.965213,nan
3ozt,3ozt_509,1.460,-1.450027,nan
3ozt,3ozt_520,4.060,-4.573601,nan
3ozt,3ozt_526,5.820,-6.531109,nan
3ozt,3ozt_528,8.300,-3.579530,nan
3ozt,3ozt_534,4.010,-2.509296,nan
3ozt,3ozt_539,2.750,-1.808473,nan
3ozt,3ozt_541,6.330,-6.261029,nan
3ozt,3ozt_543,7.850,-3.495798,nan
3ozt,3ozt_544,2.110,-2.255101,nan
3ozt,3ozt_550,1.780,-1.898674,nan
3ozt,3ozt_562,8.680,-4.446394,nan
3ozt,3ozt_564,6.000,-4.783223,nan
3ozt,3ozt_566,5.930,-6.653208,nan
3ozt,3ozt_574,5.760,-5.278728,nan
3ozt,3ozt_577,3.540,-2.058544,nan
3ozt,3ozt_585,5.200,-4.997334,nan
3ozt,3ozt_586,4.290,-3.847371,nan
3ozt,3ozt_588,4.320,-4.860160,nan
3ozt,3ozt_599,8.910,-5.761117,nan
3ozt,3ozt_603,9.030,-7.840816,nan
3ozt,3ozt_606,6.180,-6.672143,nan
3ozt,3ozt_609,4.580,-5.184864,nan
3ozt,3ozt_628,7.010,-5.651572,nan
3ozt,3ozt_641,9.020,-6.018092,nan
3ozt,3ozt_655,7.270,-3.322419,nan
3ozt,3ozt_673,6.380,-6.976382,nan
3ozt,3ozt_675,2.610,-1.585764,nan
3ozt,3ozt_682,3.320,-3.491514,nan
3ozt,3ozt_685,9.250,-7.863014,nan
3ozt,3ozt_689,9.620,-4.122448,nan
3ozt,3ozt_692,2.820,-2.657489,nan
3ozt,3ozt_693,6.260,-6.474909,nan
3ozt,3ozt_698,8.190,-8.047152,nan
3ozt,3ozt_699,7.250,-7.383088,nan
3ozt,3ozt_7,8.930,-7.452476,nan
3ozt,3ozt_70,0.260,-0.193727,nan
3ozt,3ozt_700,5.550,-5.868498,nan
3ozt,3ozt_702,0.780,-0.315578,nan
3ozt,3ozt_71,9.390,-8.489208,nan
3ozt,3ozt_758,1.970,-0.598649,nan
3ozt,3ozt_787,4.000,-3.309406,nan
3ozt,3ozt_82,7.530,-7.758937,nan
3ozt,3ozt_85,9.530,-7.800418,nan
3ozt,3ozt_915,0.910,-0.357559,nan
3ozt,3ozt_98,1.120,-0.378385,nan
3ozt,3ozt_99,7.800,-7.909269,nan
3p5o,3p5o_104,1.040,-0.627592,nan
3p5o,3p5o_108,0.920,-0.288192,nan
3p5o,3p5o_114,0.990,-0.433161,nan
3p5o,3p5o_126,1.030,-0.341769,nan
3p5o,3p5o_141,5.140,-1.795624,nan
3p5o,3p5o_165,4.080,-0.754093,nan
3p5o,3p5o_236,4.620,-3.041494,nan
3p5o,3p5o_238,0.690,-0.762892,nan
3p5o,3p5o_267,0.510,-0.652622,nan
3p5o,3p5o_287,0.800,-0.444203,nan
3p5o,3p5o_413,5.010,-4.799030,nan
3p5o,3p5o_414,6.470,-4.822701,nan
3p5o,3p5o_424,6.880,-6.278752,nan
3p5o,3p5o_427,6.380,-5.428795,nan
3p5o,3p5o_429,5.840,-2.654465,nan
3p5o,3p5o_439,6.180,-3.893780,nan
3p5o,3p5o_440,2.640,-2.697988,nan
3p5o,3p5o_442,3.460,-3.224511,nan
3p5o,3p5o_443,6.490,-4.771152,nan
3p5o,3p5o_452,3.250,-3.264102,nan
3p5o,3p5o_456,4.980,-3.748330,nan
3p5o,3p5o_457,2.260,-2.599914,nan
3p5o,3p5o_462,5.460,-6.463698,nan
3p5o,3p5o_467,6.280,-4.845794,nan
3p5o,3p5o_471,5.050,-5.021437,nan
3p5o,3p5o_510,2.040,-1.184072,nan
3p5o,3p5o_513,0.820,-0.862885,nan
3p5o,3p5o_517,2.460,-2.343236,nan
3p5o,3p5o_518,1.330,-1.297439,nan
3p5o,3p5o_521,1.040,-1.530283,nan
3p5o,3p5o_531,1.420,-1.176237,nan
3p5o,3p5o_538,5.540,-1.858775,nan
3p5o,3p5o_540,2.720,-2.476232,nan
3p5o,3p5o_543,5.640,-1.806842,nan
3p5o,3p5o_551,4.810,-2.222053,nan
3p5o,3p5o_566,8.830,-7.850696,nan
3p5o,3p5o_567,4.240,-3.887326,nan
3p5o,3p5o_568,1.800,-1.641199,nan
3p5o,3p5o_569,6.100,-2.405690,nan
3p5o,3p5o_570,6.030,-3.700759,nan
3p5o,3p5o_576,5.970,-5.015030,nan
3p5o,3p5o_581,6.110,-2.909186,nan
3p5o,3p5o_588,4.130,-3.660738,nan
3p5o,3p5o_594,5.040,-2.452477,nan
3p5o,3p5o_595,3.860,-1.647782,nan
3p5o,3p5o_596,3.200,-2.112918,nan
3p5o,3p5o_597,2.940,-2.569426,nan
3p5o,3p5o_632,3.600,-2.739940,nan
3p5o,3p5o_650,4.430,-3.885859,nan
3p5o,3p5o_652,7.480,-5.400187,nan
3p5o,3p5o_658,2.120,-1.619912,nan
3p5o,3p5o_679,5.540,-2.900448,nan
3p5o,3p5o_680,2.790,-1.780596,nan
3p5o,3p5o_686,4.500,-2.479397,nan
3p5o,3p5o_689,4.000,-2.233258,nan
3p5o,3p5o_690,3.860,-2.749097,nan
3p5o,3p5o_692,3.900,-2.104036,nan
3p5o,3p5o_694,4.710,-2.675435,nan
3p5o,3p5o_695,3.290,-2.870453,nan
3p5o,3p5o_700,2.130,-1.667197,nan
3p5o,3p5o_724,4.910,-1.735525,nan
3p5o,3p5o_737,1.480,-1.391486,nan
3p5o,3p5o_752,6.230,-4.743492,nan
3p5o,3p5o_759,0.690,-1.213616,nan
3p5o,3p5o_818,0.830,-0.297099,nan
3p5o,3p5o_835,1.340,-1.104910,nan
3p5o,3p5o_840,0.990,-0.635212,nan
3p5o,3p5o_853,1.690,-1.191669,nan
3p5o,3p5o_926,1.550,-0.416739,nan
3p5o,3p5o_93,0.920,-0.606425,nan
3prs,3prs_111,9.930,-8.493105,nan
3prs,3prs_141,3.890,-7.137726,nan
3prs,3prs_143,9.550,-8.370386,nan
3prs,3prs_156,8.050,-8.555791,nan
3prs,3prs_170,8.600,-8.489676,nan
3prs,3prs_202,2.820,-7.598233,nan
3prs,3prs_204,8.480,-8.507881,nan
3prs,3prs_205,6.580,-8.244937,nan
3prs,3prs_213,2.450,-7.962438,nan
3prs,3prs_216,3.340,-7.469675,nan
3prs,3prs_232,4.500,-8.210266,nan
3prs,3prs_236,2.230,-8.086792,nan
3prs,3prs_239,6.000,-7.937252,nan
3prs,3prs_246,3.870,-7.850044,nan
3prs,3prs_252,2.110,-8.068739,nan
3prs,3prs_259,3.510,-8.092003,nan
3prs,3prs_266,3.290,-7.861181,nan
3prs,3prs_270,8.510,-8.580153,nan
3prs,3prs_271,4.550,-8.196150,nan
3prs,3prs_273,2.650,-8.287923,nan
3prs,3prs_274,6.240,-7.810870,nan
3prs,3prs_281,2.690,-8.492832,nan
3prs,3prs_292,6.580,-8.564157,nan
3prs,3prs_31,9.840,-8.501642,nan
3prs,3prs_314,4.300,-8.217764,nan
3prs,3prs_315,8.160,-8.537867,nan
3prs,3prs_328,9.970,-8.493191,nan
3prs,3prs_362,9.210,-8.584891,nan
3prs,3prs_38,8.750,-8.585045,nan
3prs,3prs_404,2.780,-7.788318,nan
3prs,3prs_410,4.680,-8.092031,nan
3prs,3prs_414,5.380,-8.044434,nan
3prs,3prs_415,5.290,-7.509351,nan
3prs,3prs_419,4.690,-7.224364,nan
3prs,3prs_424,4.300,-8.434313,nan
3prs,3prs_427,5.710,-8.527218,nan
3prs,3prs_430,4.590,-8.295170,nan
3prs,3prs_438,6.940,-8.535387,nan
3prs,3prs_440,5.180,-8.545668,nan
3prs,3prs_448,5.300,-7.434114,nan
3prs,3prs_454,3.530,-8.386224,nan
3prs,3prs_456,3.750,-8.472237,nan
3prs,3prs_477,7.370,-8.546321,nan
3prs,3prs_488,6.060,-8.534134,nan
3prs,3prs_490,6.340,-8.542490,nan
3prs,3prs_493,3.810,-8.371690,nan
3prs,3prs_496,6.790,-8.513532,nan
3prs,3prs_498,5.110,-8.483154,nan
3prs,3prs_505,2.660,-8.386682,nan
3prs,3prs_506,7.570,-8.529184,nan
3prs,3prs_507,9.550,-8.506109,nan
3prs,3prs_556,7.680,-8.541634,nan
3prs,3prs_571,5.420,-8.543140,nan
3prs,3prs_578,9.270,-8.507606,nan
3prs,3prs_605,7.110,-8.497119,nan
3prs,3prs_607,7.130,-8.383876,nan
3prs,3prs_609,4.670,-8.535945,nan
3prs,3prs_617,7.540,-8.358335,nan
3prs,3prs_619,3.560,-8.260276,nan
3prs,3prs_623,8.850,-8.496864,nan
3prs,3prs_627,7.570,-8.519849,nan
3prs,3prs_630,6.410,-7.004706,nan
3prs,3prs_640,3.940,-8.075593,nan
3prs,3prs_641,8.910,-8.574091,nan
3prs,3prs_642,7.140,-8.507159,nan
3prs,3prs_643,4.670,-8.271154,nan
3prs,3prs_651,8.050,-8.484529,nan
3prs,3prs_656,5.910,-8.320140,nan
3prs,3prs_658,4.890,-8.562943,nan
3prs,3prs_671,9.320,-8.495193,nan
3prs,3prs_674,9.290,-8.515964,nan
3prs,3prs_684,7.550,-8.513335,nan
3prs,3prs_690,6.550,-8.537866,nan
3prs,3prs_695,9.480,-8.483738,nan
3prs,3prs_701,1.220,-7.554729,nan
3prs,3prs_706,1.740,-8.232416,nan
3prs,3prs_711,1.080,-8.242793,nan
3prs,3prs_731,1.870,-8.354638,nan
3prs,3prs_764,2.570,-8.555072,nan
3prs,3prs_774,2.090,-8.302032,nan
3prs,3prs_781,1.940,-8.137551,nan
3prs,3prs_788,1.930,-8.336637,nan
3prs,3prs_797,8.020,-8.540170,nan
3prs,3prs_851,5.790,-8.140065,nan
3prs,3prs_881,7.410,-8.578009,nan
3prs,3prs_944,6.140,-7.759469,nan
3pww,3pww_152,4.820,-8.531348,nan
3pww,3pww_200,2.160,-8.538457,nan
3pww,3pww_236,1.720,-8.532680,nan
3pww,3pww_256,0.880,-8.519833,nan
3pww,3pww_269,2.270,-8.526449,nan
3pww,3pww_280,1.710,-8.542196,nan
3pww,3pww_312,9.420,-8.480362,nan
3pww,3pww_320,6.390,-8.527932,nan
3pww,3pww_322,7.250,-8.501619,nan
3pww,3pww_324,2.540,-8.542422,nan
3pww,3pww_342,8.900,-8.490793,nan
3pww,3pww_343,7.710,-8.517287,nan
3pww,3pww_364,3.090,-8.537567,nan
3pww,3pww_394,1.130,-8.536485,nan
3pww,3pww_401,5.090,-8.519189,nan
3pww,3pww_404,7.520,-8.538952,nan
3pww,3pww_405,5.000,-8.532621,nan
3pww,3pww_410,8.670,-8.530949,nan
3pww,3pww_411,5.800,-8.532516,nan
3pww,3pww_416,5.520,-8.497036,nan
3pww,3pww_417,5.880,-8.500565,nan
3pww,3pww_420,7.580,-8.510516,nan
3pww,3pww_421,6.280,-8.518156,nan
3pww,3pww_425,5.080,-8.530537,nan
3pww,3pww_439,8.700,-8.515847,nan
3pww,3pww_440,4.670,-8.529033,nan
3pww,3pww_449,4.780,-8.523502,nan
3pww,3pww_452,5.640,-8.508915,nan
3pww,3pww_461,5.160,-8.543769,nan
3pww,3pww_463,4.030,-8.510782,nan
3pww,3pww_466,7.610,-8.502747,nan
3pww,3pww_468,6.010,-8.535404,nan
3pww,3pww_478,4.280,-8.517339,nan
3pww,3pww_482,5.760,-8.510066,nan
3pww,3pww_484,6.030,-8.504111,nan
3pww,3pww_487,3.500,-8.530509,nan
3pww,3pww_489,7.880,-8.485387,nan
3pww,3pww_494,4.470,-8.530768,nan
3pww,3pww_501,6.390,-8.499902,nan
3pww,3pww_516,6.340,-8.517476,nan
3pww,3pww_541,4.480,-8.539613,nan
3pww,3pww_545,8.760,-8.495828,nan
3pww,3pww_549,9.380,-8.468809,nan
3pww,3pww_552,9.540,-8.484198,nan
3pww,3pww_560,8.670,-8.489966,nan
3pww,3pww_561,6.410,-8.491340,nan
3pww,3pww_565,7.250,-8.526326,nan
3pww,3pww_570,8.370,-8.519065,nan
3pww,3pww_571,8.550,-8.489967,nan
3pww,3pww_574,4.370,-8.516623,nan
3pww,3pww_575,9.230,-8.490553,nan
3pww,3pww_581,9.440,-8.495178,nan
3pww,3pww_584,9.190,-8.498368,nan
3pww,3pww_605,6.790,-8.500857,nan
3pww,3pww_631,7.870,-8.493634,nan
3pww,3pww_635,9.680,-8.487054,nan
3pww,3pww_654,7.550,-8.496840,nan
3pww,3pww_658,9.760,-8.376632,nan
3pww,3pww_667,8.910,-8.499758,nan
3pww,3pww_671,8.390,-8.487071,nan
3pww,3pww_678,9.000,-8.497424,nan
3pww,3pww_685,6.130,-8.525047,nan
3pww,3pww_708,3.320,-8.511541,nan
3pww,3pww_730,1.890,-8.522639,nan
3pww,3pww_742,2.010,-8.525385,nan
3pww,3pww_747,1.770,-8.525387,nan
3pww,3pww_749,9.080,-8.477166,nan
3pww,3pww_753,1.760,-8.543022,nan
3pww,3pww_757,2.370,-8.538413,nan
3pww,3pww_762,4.360,-8.513236,nan
3pww,3pww_765,7.360,-8.491112,nan
3pww,3pww_767,2.640,-8.541759,nan
3pww,3pww_772,3.540,-8.511951,nan
3pww,3pww_779,5.310,-8.519730,nan
3pww,3pww_780,3.810,-8.521394,nan
3pww,3pww_783,2.930,-8.532628,nan
3pww,3pww_793,6.050,-8.530265,nan
3pww,3pww_816,1.650,-8.525373,nan
3pww,3pww_822,1.970,-8.536862,nan
3pww,3pww_846,3.520,-8.529350,nan
3pww,3pww_854,3.880,-8.525287,nan
3pww,3pww_859,2.460,-8.506412,nan
3pww,3pww_862,3.440,-8.414999,nan
3pww,3pww_867,2.520,-8.536647,nan
3pww,3pww_874,5.580,-8.532332,nan
3pww,3pww_885,2.040,-8.523775,nan
3pww,3pww_888,1.500,-8.527427,nan
3pww,3pww_889,1.500,-8.528131,nan
3pww,3pww_90,9.700,-8.499677,nan
3pww,3pww_958,3.680,-8.519873,nan
3pww,3pww_982,3.290,-8.528083,nan
3pxf,3pxf_100,7.030,-7.885141,nan
3pxf,3pxf_117,8.570,-8.307933,nan
3pxf,3pxf_13,9.700,-8.438850,nan
3pxf,3pxf_136,8.130,-8.185140,nan
3pxf,3pxf_152,8.480,-8.111032,nan
3pxf,3pxf_184,8.680,-8.402411,nan
3pxf,3pxf_2,9.390,-8.484366,nan
3pxf,3pxf_22,9.030,-8.511644,nan
3pxf,3pxf_263,9.000,-8.529617,nan
3pxf,3pxf_305,9.220,-8.423141,nan
3pxf,3pxf_314,7.170,-8.009209,nan
3pxf,3pxf_321,9.380,-8.507660,nan
3pxf,3pxf_323,8.530,-8.088133,nan
3pxf,3pxf_332,9.540,-8.485607,nan
3pxf,3pxf_339,9.710,-8.545155,nan
3pxf,3pxf_368,9.430,-8.529539,nan
3pxf,3pxf_373,6.980,-7.518284,nan
3pxf,3pxf_406,5.470,-4.465527,nan
3pxf,3pxf_423,7.570,-7.534864,nan
3pxf,3pxf_434,5.860,-5.814740,nan
3pxf,3pxf_438,8.280,-7.889737,nan
3pxf,3pxf_443,3.940,-3.326775,nan
3pxf,3pxf_452,6.690,-6.473016,nan
3pxf,3pxf_456,5.730,-5.492764,nan
3pxf,3pxf_463,6.090,-7.064543,nan
3pxf,3pxf_473,7.100,-6.489271,nan
3pxf,3pxf_478,6.780,-6.662664,nan
3pxf,3pxf_48,8.860,-8.433606,nan
3pxf,3pxf_480,4.760,-5.367531,nan
3pxf,3pxf_482,6.280,-6.955089,nan
3pxf,3pxf_510,4.520,-4.470116,nan
3pxf,3pxf_513,3.980,-4.432155,nan
3pxf,3pxf_537,5.840,-5.948201,nan
3pxf,3pxf_539,1.980,-1.437269,nan
3pxf,3pxf_542,5.100,-5.450228,nan
3pxf,3pxf_558,2.970,-4.232618,nan
3pxf,3pxf_560,2.880,-3.533509,nan
3pxf,3pxf_569,3.830,-4.786033,nan
3pxf,3pxf_571,3.070,-2.481895,nan
3pxf,3pxf_576,4.520,-3.900338,nan
3pxf,3pxf_582,2.980,-2.729174,nan
3pxf,3pxf_608,2.900,-2.551166,nan
3pxf,3pxf_612,6.200,-6.393530,nan
3pxf,3pxf_621,7.840,-8.217827,nan
3pxf,3pxf_628,4.040,-5.110785,nan
3pxf,3pxf_631,1.930,-1.604478,nan
3pxf,3pxf_647,5.430,-6.523810,nan
3pxf,3pxf_648,4.090,-3.389241,nan
3pxf,3pxf_655,7.160,-6.599031,nan
3pxf,3pxf_658,7.540,-8.321459,nan
3pxf,3pxf_659,7.350,-6.718944,nan
3pxf,3pxf_661,6.720,-6.934630,nan
3pxf,3pxf_663,2.560,-3.388779,nan
3pxf,3pxf_680,3.130,-4.297394,nan
3pxf,3pxf_685,1.240,-2.064931,nan
3pxf,3pxf_686,4.740,-5.088258,nan
3pxf,3pxf_689,5.540,-5.334527,nan
3pxf,3pxf_694,8.530,-8.252466,nan
3pxf,3pxf_7,9.840,-8.499067,nan
3pxf,3pxf_724,2.890,-1.550482,nan
3pxf,3pxf_736,1.620,-1.360080,nan
3pxf,3pxf_74,8.700,-8.091931,nan
3pxf,3pxf_743,1.390,-1.696799,nan
3pxf,3pxf_761,1.370,-1.562227,nan
3pxf,3pxf_766,3.820,-2.464981,nan
3pxf,3pxf_767,2.010,-1.725527,nan
3pxf,3pxf_768,2.530,-2.984906,nan
3pxf,3pxf_774,5.630,-7.707514,nan
3pxf,3pxf_775,1.610,-1.706795,nan
3pxf,3pxf_776,1.790,-1.909149,nan
3pxf,3pxf_779,4.160,-2.770942,nan
3pxf,3pxf_78,9.280,-8.555763,nan
3pxf,3pxf_780,6.750,-7.085952,nan
3pxf,3pxf_781,3.380,-3.997811,nan
3pxf,3pxf_782,2.150,-1.290073,nan
3pxf,3pxf_783,4.010,-3.637374,nan
3pxf,3pxf_788,6.640,-7.731251,nan
3pxf,3pxf_794,6.050,-5.025059,nan
3pxf,3pxf_795,5.860,-5.525275,nan
3pxf,3pxf_796,5.990,-5.033725,nan
3pxf,3pxf_798,4.830,-6.526827,nan
3pxf,3pxf_810,7.340,-7.962901,nan
3pxf,3pxf_817,1.670,-2.530586,nan
3pxf,3pxf_842,4.380,-5.103465,nan
3pxf,3pxf_848,1.890,-2.250632,nan
3pxf,3pxf_922,7.310,-7.298750,nan
3pxf,3pxf_948,3.550,-3.093965,nan
3pxf,3pxf_951,2.860,-3.262250,nan
3pxf,3pxf_972,3.340,-2.213298,nan
3pxf,3pxf_973,3.490,-3.079937,nan
3pyy,3pyy_13,6.350,-6.558823,nan
3pyy,3pyy_209,0.330,-0.707520,nan
3pyy,3pyy_219,6.060,-5.954432,nan
3pyy,3pyy_224,0.580,-1.351551,nan
3pyy,3pyy_230,4.910,-3.123516,nan
3pyy,3pyy_232,4.970,-2.164549,nan
3pyy,3pyy_245,0.560,-0.820808,nan
3pyy,3pyy_247,2.800,-1.079120,nan
3pyy,3pyy_248,0.570,-0.835659,nan
3pyy,3pyy_263,0.450,-1.230988,nan
3pyy,3pyy_277,3.580,-2.948838,nan
3pyy,3pyy_280,6.630,-6.415078,nan
3pyy,3pyy_283,5.000,-1.224115,nan
3pyy,3pyy_284,7.130,-7.449254,nan
3pyy,3pyy_287,6.130,-4.513395,nan
3pyy,3pyy_290,0.670,-1.067092,nan
3pyy,3pyy_296,0.310,-0.756173,nan
3pyy,3pyy_297,5.980,-4.458315,nan
3pyy,3pyy_363,0.880,-1.589548,nan
3pyy,3pyy_377,0.830,-1.558469,nan
3pyy,3pyy_407,1.170,-1.519509,nan
3pyy,3pyy_410,4.970,-5.119145,nan
3pyy,3pyy_411,1.500,-1.502284,nan
3pyy,3pyy_422,1.600,-1.793455,nan
3pyy,3pyy_444,1.280,-1.494004,nan
3pyy,3pyy_449,2.420,-2.369485,nan
3pyy,3pyy_453,4.950,-2.080236,nan
3pyy,3pyy_454,4.200,-1.720138,nan
3pyy,3pyy_455,5.050,-5.863715,nan
3pyy,3pyy_466,2.990,-2.372060,nan
3pyy,3pyy_489,3.140,-2.146357,nan
3pyy,3pyy_498,4.910,-2.227103,nan
3pyy,3pyy_500,5.130,-2.172029,nan
3pyy,3pyy_518,1.520,-2.581698,nan
3pyy,3pyy_529,5.750,-5.539227,nan
3pyy,3pyy_535,1.730,-1.269355,nan
3pyy,3pyy_547,2.530,-3.114225,nan
3pyy,3pyy_554,5.230,-2.183224,nan
3pyy,3pyy_600,3.060,-1.870521,nan
3pyy,3pyy_604,5.690,-5.422077,nan
3pyy,3pyy_630,1.980,-1.839235,nan
3pyy,3pyy_633,1.960,-2.890325,nan
3pyy,3pyy_636,3.180,-2.164876,nan
3pyy,3pyy_640,3.000,-1.816989,nan
3pyy,3pyy_641,3.600,-3.206813,nan
3pyy,3pyy_650,4.440,-2.031948,nan
3pyy,3pyy_667,2.540,-2.740895,nan
3pyy,3pyy_689,2.030,-3.062655,nan
3pyy,3pyy_694,3.560,-3.359099,nan
3pyy,3pyy_699,2.130,-1.857950,nan
3pyy,3pyy_709,3.820,-2.812556,nan
3pyy,3pyy_711,3.910,-2.635747,nan
3pyy,3pyy_719,7.350,-8.011537,nan
3pyy,3pyy_738,6.380,-4.753057,nan
3pyy,3pyy_742,7.910,-7.045868,nan
3pyy,3pyy_745,8.150,-7.632649,nan
3pyy,3pyy_746,8.120,-7.375291,nan
3pyy,3pyy_751,8.210,-8.025467,nan
3pyy,3pyy_757,5.860,-6.611588,nan
3pyy,3pyy_760,7.410,-7.060586,nan
3pyy,3pyy_763,8.280,-7.973470,nan
3pyy,3pyy_766,6.090,-5.174947,nan
3pyy,3pyy_778,7.070,-7.121865,nan
3pyy,3pyy_780,7.110,-7.163716,nan
3pyy,3pyy_781,8.090,-8.071185,nan
3pyy,3pyy_782,5.160,-5.608206,nan
3pyy,3pyy_784,7.230,-6.609047,nan
3pyy,3pyy_785,6.750,-7.046163,nan
3pyy,3pyy_787,8.280,-6.827922,nan
3pyy,3pyy_792,6.920,-6.301423,nan
3pyy,3pyy_793,6.790,-6.514596,nan
3pyy,3pyy_796,7.330,-7.411687,nan
3pyy,3pyy_812,1.630,-0.776642,nan
3pyy,3pyy_817,2.090,-1.671711,nan
3pyy,3pyy_822,1.590,-1.353558,nan
3pyy,3pyy_832,2.380,-2.814976,nan
3pyy,3pyy_839,4.980,-5.780621,nan
3pyy,3pyy_850,6.740,-7.132395,nan
3pyy,3pyy_86,3.140,-1.535381,nan
3pyy,3pyy_875,3.620,-3.808898,nan
3pyy,3pyy_88,7.070,-7.159858,nan
3pyy,3pyy_896,7.090,-7.748703,nan
3pyy,3pyy_899,5.880,-5.906099,nan
3pyy,3pyy_92,0.440,-1.198433,nan
3pyy,3pyy_933,4.980,-1.238275,nan
3pyy,3pyy_954,5.120,-3.205241,nan
3pyy,3pyy_967,8.560,-8.457559,nan
3pyy,3pyy_981,8.410,-8.508966,nan
3qgy,3qgy_127,0.810,-0.454951,nan
3qgy,3qgy_133,0.830,-0.359031,nan
3qgy,3qgy_20,1.130,-0.455734,nan
3qgy,3qgy_208,0.730,-0.334099,nan
3qgy,3qgy_209,7.200,-5.371276,nan
3qgy,3qgy_211,0.730,-0.338733,nan
3qgy,3qgy_233,0.820,-0.766607,nan
3qgy,3qgy_237,6.840,-4.476189,nan
3qgy,3qgy_255,7.670,-5.287773,nan
3qgy,3qgy_265,0.810,-0.741444,nan
3qgy,3qgy_273,1.020,-1.480089,nan
3qgy,3qgy_297,0.680,-1.156626,nan
3qgy,3qgy_306,1.030,-0.478924,nan
3qgy,3qgy_318,0.900,-0.896096,nan
3qgy,3qgy_339,5.170,-3.386044,nan
3qgy,3qgy_358,2.940,-0.581899,nan
3qgy,3qgy_372,0.510,-0.514308,nan
3qgy,3qgy_374,1.120,-1.269741,nan
3qgy,3qgy_404,3.430,-3.131829,nan
3qgy,3qgy_407,4.040,-1.918088,nan
3qgy,3qgy_413,2.100,-1.198502,nan
3qgy,3qgy_427,2.410,-1.119600,nan
3qgy,3qgy_429,3.450,-2.193535,nan
3qgy,3qgy_443,1.560,-1.485880,nan
3qgy,3qgy_447,4.420,-3.148226,nan
3qgy,3qgy_457,5.440,-2.732236,nan
3qgy,3qgy_462,3.090,-1.725876,nan
3qgy,3qgy_464,4.950,-1.732186,nan
3qgy,3qgy_465,3.340,-1.827450,nan
3qgy,3qgy_467,3.850,-0.693583,nan
3qgy,3qgy_477,6.280,-4.385991,nan
3qgy,3qgy_481,6.090,-1.889118,nan
3qgy,3qgy_483,7.140,-5.117228,nan
3qgy,3qgy_500,7.030,-4.645749,nan
3qgy,3qgy_501,3.970,-1.197721,nan
3qgy,3qgy_511,5.030,-2.957931,nan
3qgy,3qgy_516,1.670,-2.016192,nan
3qgy,3qgy_518,2.630,-2.139412,nan
3qgy,3qgy_52,1.340,-0.634471,nan
3qgy,3qgy_526,4.130,-1.570807,nan
3qgy,3qgy_542,2.830,-1.156931,nan
3qgy,3qgy_555,6.050,-3.638521,nan
3qgy,3qgy_564,4.710,-3.194004,nan
3qgy,3qgy_569,2.200,-2.545068,nan
3qgy,3qgy_572,5.000,-2.892155,nan
3qgy,3qgy_576,5.750,-2.982450,nan
3qgy,3qgy_581,5.510,-4.660574,nan
3qgy,3qgy_588,6.230,-2.997137,nan
3qgy,3qgy_594,6.080,-6.194228,nan
3qgy,3qgy_596,4.300,-4.015772,nan
3qgy,3qgy_607,5.300,-4.857386,nan
3qgy,3qgy_610,6.280,-6.512355,nan
3qgy,3qgy_627,6.620,-3.382213,nan
3qgy,3qgy_628,2.630,-1.937267,nan
3qgy,3qgy_630,5.130,-2.574764,nan
3qgy,3qgy_631,5.580,-1.244425,nan
3qgy,3qgy_633,1.060,-1.399004,nan
3qgy,3qgy_646,2.060,-1.415699,nan
3qgy,3qgy_658,6.020,-2.488852,nan
3qgy,3qgy_659,2.460,-0.748872,nan
3qgy,3qgy_662,4.820,-1.997139,nan
3qgy,3qgy_664,3.420,-2.409733,nan
3qgy,3qgy_666,3.850,-2.779261,nan
3qgy,3qgy_677,7.140,-4.976032,nan
3qgy,3qgy_678,4.260,-3.548924,nan
3qgy,3qgy_681,3.690,-1.217165,nan
3qgy,3qgy_683,5.340,-1.872122,nan
3qgy,3qgy_685,5.660,-2.567680,nan
3qgy,3qgy_687,7.030,-4.645749,nan
3qgy,3qgy_688,7.250,-5.930304,nan
3qgy,3qgy_691,1.970,-1.557478,nan
3qgy,3qgy_694,6.270,-4.328826,nan
3qgy,3qgy_695,3.620,-1.321118,nan
3qgy,3qgy_697,7.930,-5.028665,nan
3qgy,3qgy_699,4.960,-3.654382,nan
3qgy,3qgy_855,2.770,-1.241673,nan
3qgy,3qgy_9,0.890,-0.434325,nan
3qgy,3qgy_939,1.160,-0.784289,nan
3qqs,3qqs_100,0.480,-0.336801,nan
3qqs,3qqs_102,3.670,-1.980165,nan
3qqs,3qqs_103,4.530,-4.555809,nan
3qqs,3qqs_105,0.810,-0.773703,nan
3qqs,3qqs_114,3.960,-3.206861,nan
3qqs,3qqs_157,2.920,-2.048892,nan
3qqs,3qqs_158,0.870,-0.532372,nan
3qqs,3qqs_18,0.950,-0.575706,nan
3qqs,3qqs_324,0.880,-0.334283,nan
3qqs,3qqs_35,0.610,-0.217583,nan
3qqs,3qqs_375,7.090,-7.403825,nan
3qqs,3qqs_386,1.140,-0.346188,nan
3qqs,3qqs_396,0.510,-0.554413,nan
3qqs,3qqs_404,3.800,-2.290833,nan
3qqs,3qqs_435,0.800,-0.385666,nan
3qqs,3qqs_447,3.250,-2.134516,nan
3qqs,3qqs_449,5.050,-3.263023,nan
3qqs,3qqs_465,3.320,-1.223471,nan
3qqs,3qqs_473,1.550,-1.026270,nan
3qqs,3qqs_485,2.360,-1.467382,nan
3qqs,3qqs_497,1.020,-1.038159,nan
3qqs,3qqs_498,3.830,-1.433248,nan
3qqs,3qqs_500,5.330,-3.425060,nan
3qqs,3qqs_505,5.540,-4.606069,nan
3qqs,3qqs_511,1.320,-1.286712,nan
3qqs,3qqs_533,5.270,-5.626823,nan
3qqs,3qqs_534,2.420,-1.353095,nan
3qqs,3qqs_538,3.810,-3.237013,nan
3qqs,3qqs_542,6.170,-5.855505,nan
3qqs,3qqs_545,5.050,-5.231009,nan
3qqs,3qqs_546,2.120,-0.654085,nan
3qqs,3qqs_555,1.190,-1.247093,nan
3qqs,3qqs_574,2.760,-0.729995,nan
3qqs,3qqs_585,3.340,-1.071620,nan
3qqs,3qqs_608,5.130,-4.791053,nan
3qqs,3qqs_612,1.350,-1.250950,nan
3qqs,3qqs_625,3.960,-2.924938,nan
3qqs,3qqs_629,3.900,-2.923155,nan
3qqs,3qqs_632,1.440,-0.425414,nan
3qqs,3qqs_635,1.760,-0.708273,nan
3qqs,3qqs_636,4.770,-4.584919,nan
3qqs,3qqs_638,6.300,-5.301398,nan
3qqs,3qqs_639,2.290,-2.212803,nan
3qqs,3qqs_641,5.500,-5.116947,nan
3qqs,3qqs_646,5.160,-3.712356,nan
3qqs,3qqs_648,5.190,-4.616361,nan
3qqs,3qqs_653,4.980,-4.054378,nan
3qqs,3qqs_654,2.170,-2.016609,nan
3qqs,3qqs_657,4.230,-3.666245,nan
3qqs,3qqs_660,4.750,-3.025817,nan
3qqs,3qqs_670,1.850,-1.243833,nan
3qqs,3qqs_679,4.190,-3.091788,nan
3qqs,3qqs_682,4.960,-4.427546,nan
3qqs,3qqs_695,2.170,-2.662895,nan
3qqs,3qqs_696,4.890,-3.345668,nan
3qqs,3qqs_700,5.470,-5.123789,nan
3qqs,3qqs_715,0.760,-0.227598,nan
3qqs,3qqs_72,4.950,-3.594456,nan
3qqs,3qqs_732,2.700,-1.024008,nan
3qqs,3qqs_739,2.720,-1.794124,nan
3qqs,3qqs_751,4.900,-3.116919,nan
3qqs,3qqs_806,1.810,-0.780384,nan
3qqs,3qqs_86,0.600,-0.495346,nan
3r88,3r88_131,0.480,-0.532534,nan
3r88,3r88_201,9.520,-8.260384,nan
3r88,3r88_213,0.590,-0.344519,nan
3r88,3r88_220,9.310,-8.444142,nan
3r88,3r88_229,7.830,-5.509535,nan
3r88,3r88_234,9.510,-8.411150,nan
3r88,3r88_241,9.260,-8.489065,nan
3r88,3r88_254,1.020,-0.417559,nan
3r88,3r88_255,0.580,-1.024235,nan
3r88,3r88_263,4.840,-2.129683,nan
3r88,3r88_270,9.100,-7.730022,nan
3r88,3r88_278,9.240,-8.411984,nan
3r88,3r88_279,8.030,-5.790015,nan
3r88,3r88_291,0.760,-0.367395,nan
3r88,3r88_300,9.150,-8.194062,nan
3r88,3r88_371,0.570,-0.354811,nan
3r88,3r88_377,1.000,-0.539474,nan
3r88,3r88_405,4.930,-1.599582,nan
3r88,3r88_434,2.650,-0.808659,nan
3r88,3r88_439,2.350,-0.392420,nan
3r88,3r88_440,2.520,-0.929684,nan
3r88,3r88_452,6.060,-2.917949,nan
3r88,3r88_454,5.070,-2.113958,nan
3r88,3r88_463,4.550,-1.968790,nan
3r88,3r88_468,5.080,-2.890226,nan
3r88,3r88_470,5.120,-2.641657,nan
3r88,3r88_471,5.600,-2.662458,nan
3r88,3r88_495,2.840,-1.526242,nan
3r88,3r88_500,4.780,-2.254641,nan
3r88,3r88_507,3.290,-2.671870,nan
3r88,3r88_510,2.580,-0.812848,nan
3r88,3r88_513,1.140,-0.799834,nan
3r88,3r88_517,7.690,-5.542368,nan
3r88,3r88_524,4.660,-3.911880,nan
3r88,3r88_527,6.080,-4.646414,nan
3r88,3r88_533,0.980,-0.832801,nan
3r88,3r88_537,1.300,-0.942100,nan
3r88,3r88_545,7.550,-5.367792,nan
3r88,3r88_551,1.420,-0.800721,nan
3r88,3r88_553,0.830,-0.855478,nan
3r88,3r88_555,7.210,-4.969247,nan
3r88,3r88_561,4.520,-2.129124,nan
3r88,3r88_566,2.330,-1.220475,nan
3r88,3r88_571,3.940,-3.578052,nan
3r88,3r88_577,2.380,-1.285228,nan
3r88,3r88_582,5.570,-3.965814,nan
3r88,3r88_589,1.920,-1.132433,nan
3r88,3r88_591,2.440,-2.028186,nan
3r88,3r88_594,5.230,-4.927143,nan
3r88,3r88_596,4.090,-0.489592,nan
3r88,3r88_599,3.950,-0.581599,nan
3r88,3r88_613,1.700,-1.144151,nan
3r88,3r88_617,2.920,-1.710328,nan
3r88,3r88_628,4.180,-0.986480,nan
3r88,3r88_632,1.170,-0.482706,nan
3r88,3r88_634,5.830,-2.980067,nan
3r88,3r88_638,1.260,-1.220916,nan
3r88,3r88_656,3.980,-1.570577,nan
3r88,3r88_657,6.870,-4.297560,nan
3r88,3r88_672,3.760,-1.057216,nan
3r88,3r88_695,1.550,-1.043344,nan
3r88,3r88_696,3.990,-3.315387,nan
3r88,3r88_699,6.880,-6.131630,nan
3r88,3r88_713,7.940,-6.936635,nan
3r88,3r88_718,6.660,-4.314827,nan
3r88,3r88_725,7.410,-4.930501,nan
3r88,3r88_736,4.580,-3.841789,nan
3r88,3r88_741,6.010,-4.863572,nan
3r88,3r88_753,7.070,-5.463543,nan
3r88,3r88_763,3.800,-2.242952,nan
3r88,3r88_769,7.220,-6.855690,nan
3r88,3r88_773,6.390,-6.261999,nan
3r88,3r88_780,5.530,-4.193304,nan
3r88,3r88_784,7.110,-5.123759,nan
3r88,3r88_787,6.610,-4.819806,nan
3r88,3r88_792,4.020,-3.385930,nan
3r88,3r88_795,6.430,-6.888419,nan
3r88,3r88_798,3.330,-1.926360,nan
3r88,3r88_799,5.400,-5.142430,nan
3r88,3r88_802,0.930,-0.909991,nan
3r88,3r88_833,3.380,-1.062410,nan
3r88,3r88_861,1.370,-0.819791,nan
3r88,3r88_880,6.970,-5.668783,nan
3r88,3r88_883,7.430,-6.817843,nan
3r88,3r88_924,0.890,-0.730410,nan
3r88,3r88_931,2.070,-0.386401,nan
3r88,3r88_986,8.030,-7.961855,nan
3r88,3r88_994,3.170,-1.904702,nan
3r88,3r88_995,5.620,-4.158719,nan
3rlr,3rlr_100,2.910,-0.690442,nan
3rlr,3rlr_112,0.670,-0.837025,nan
3rlr,3rlr_12,0.930,-1.022963,nan
3rlr,3rlr_148,4.380,-2.743650,nan
3rlr,3rlr_167,0.490,-0.712796,nan
3rlr,3rlr_192,0.430,-0.436259,nan
3rlr,3rlr_197,0.430,-0.821719,nan
3rlr,3rlr_281,1.050,-0.977604,nan
3rlr,3rlr_335,3.290,-1.562992,nan
3rlr,3rlr_341,0.420,-0.666285,nan
3rlr,3rlr_347,0.420,-0.466741,nan
3rlr,3rlr_365,0.540,-0.488076,nan
3rlr,3rlr_397,1.070,-0.747708,nan
3rlr,3rlr_398,0.420,-0.561026,nan
3rlr,3rlr_410,3.330,-2.647961,nan
3rlr,3rlr_415,1.360,-1.930234,nan
3rlr,3rlr_418,4.900,-2.424981,nan
3rlr,3rlr_423,1.000,-1.274979,nan
3rlr,3rlr_428,3.650,-2.173949,nan
3rlr,3rlr_432,5.170,-2.669443,nan
3rlr,3rlr_439,2.420,-2.150141,nan
3rlr,3rlr_440,1.850,-1.646734,nan
3rlr,3rlr_444,2.120,-2.723682,nan
3rlr,3rlr_456,4.520,-2.389461,nan
3rlr,3rlr_457,3.880,-2.547784,nan
3rlr,3rlr_47,2.680,-0.387978,nan
3rlr,3rlr_477,3.050,-0.747926,nan
3rlr,3rlr_480,4.860,-1.189271,nan
3rlr,3rlr_482,4.570,-4.509242,nan
3rlr,3rlr_483,2.930,-1.783026,nan
3rlr,3rlr_488,4.700,-1.643590,nan
3rlr,3rlr_490,1.140,-0.724547,nan
3rlr,3rlr_498,2.890,-1.838431,nan
3rlr,3rlr_506,1.700,-2.579511,nan
3rlr,3rlr_524,1.240,-1.409272,nan
3rlr,3rlr_537,2.220,-1.221599,nan
3rlr,3rlr_539,4.350,-1.401778,nan
3rlr,3rlr_557,3.050,-2.153638,nan
3rlr,3rlr_560,5.070,-3.715133,nan
3rlr,3rlr_583,4.550,-1.509479,nan
3rlr,3rlr_586,3.730,-1.666334,nan
3rlr,3rlr_591,3.000,-2.072497,nan
3rlr,3rlr_595,7.010,-5.560450,nan
3rlr,3rlr_596,3.330,-1.760442,nan
3rlr,3rlr_598,5.030,-3.446775,nan
3rlr,3rlr_6,4.600,-2.150038,nan
3rlr,3rlr_617,1.650,-1.718548,nan
3rlr,3rlr_628,8.120,-7.054873,nan
3rlr,3rlr_632,6.210,-5.092885,nan
3rlr,3rlr_633,3.390,-2.881941,nan
3rlr,3rlr_634,5.220,-3.406563,nan
3rlr,3rlr_638,5.390,-5.070720,nan
3rlr,3rlr_640,6.900,-6.874035,nan
3rlr,3rlr_642,2.440,-3.244504,nan
3rlr,3rlr_650,6.420,-6.344548,nan
3rlr,3rlr_653,2.960,-1.826628,nan
3rlr,3rlr_655,5.060,-1.639060,nan
3rlr,3rlr_658,3.600,-2.432646,nan
3rlr,3rlr_660,6.010,-3.453459,nan
3rlr,3rlr_663,4.930,-2.643088,nan
3rlr,3rlr_667,1.460,-1.775383,nan
3rlr,3rlr_675,7.420,-5.168924,nan
3rlr,3rlr_68,5.850,-3.572972,nan
3rlr,3rlr_682,5.060,-4.135661,nan
3rlr,3rlr_685,6.320,-5.690009,nan
3rlr,3rlr_686,7.340,-4.934139,nan
3rlr,3rlr_762,8.130,-6.758189,nan
3rlr,3rlr_772,5.090,-2.112703,nan
3rlr,3rlr_778,5.810,-4.752781,nan
3rlr,3rlr_780,6.430,-5.045361,nan
3rlr,3rlr_904,2.000,-0.600582,nan
3rr4,3rr4_13,1.040,-0.267038,nan
3rr4,3rr4_2,2.100,-0.885326,nan
3rr4,3rr4_315,1.980,-0.530035,nan
3rr4,3rr4_369,0.220,-0.361299,nan
3rr4,3rr4_401,0.810,-0.803050,nan
3rr4,3rr4_418,3.930,-1.989492,nan
3rr4,3rr4_426,4.440,-2.116259,nan
3rr4,3rr4_431,4.150,-1.715132,nan
3rr4,3rr4_436,2.550,-0.597611,nan
3rr4,3rr4_437,1.070,-0.850121,nan
3rr4,3rr4_449,3.390,-2.667151,nan
3rr4,3rr4_454,4.610,-2.622121,nan
3rr4,3rr4_458,3.130,-2.644878,nan
3rr4,3rr4_466,5.150,-4.010819,nan
3rr4,3rr4_476,4.860,-3.775899,nan
3rr4,3rr4_479,0.910,-0.630768,nan
3rr4,3rr4_492,2.450,-2.008962,nan
3rr4,3rr4_500,1.380,-0.401702,nan
3rr4,3rr4_523,1.420,-1.648812,nan
3rr4,3rr4_529,0.890,-0.760003,nan
3rr4,3rr4_575,0.990,-0.707769,nan
3rr4,3rr4_578,5.220,-3.677825,nan
3rr4,3rr4_582,2.580,-2.419455,nan
3rr4,3rr4_591,2.520,-1.440214,nan
3rr4,3rr4_592,5.890,-5.717612,nan
3rr4,3rr4_596,4.290,-2.429037,nan
3rr4,3rr4_62,0.950,-0.271746,nan
3rr4,3rr4_641,4.020,-2.054694,nan
3rr4,3rr4_648,2.610,-1.258515,nan
3rr4,3rr4_663,3.810,-1.409844,nan
3rr4,3rr4_664,3.680,-1.495426,nan
3rr4,3rr4_669,1.660,-1.348310,nan
3rr4,3rr4_680,1.580,-1.411690,nan
3rr4,3rr4_694,2.740,-1.010254,nan
3rr4,3rr4_701,0.440,-0.685914,nan
3rr4,3rr4_703,0.870,-0.516230,nan
3rr4,3rr4_708,3.290,-1.719753,nan
3rr4,3rr4_715,9.670,-8.552192,nan
3rr4,3rr4_716,5.760,-4.788354,nan
3rr4,3rr4_718,6.740,-6.373794,nan
3rr4,3rr4_722,9.170,-8.551123,nan
3rr4,3rr4_724,9.470,-8.574642,nan
3rr4,3rr4_729,8.490,-8.350776,nan
3rr4,3rr4_73,1.120,-0.476770,nan
3rr4,3rr4_730,3.690,-2.560841,nan
3rr4,3rr4_731,4.760,-3.381542,nan
3rr4,3rr4_735,5.530,-4.950612,nan
3rr4,3rr4_739,7.130,-6.893463,nan
3rr4,3rr4_746,8.570,-8.214664,nan
3rr4,3rr4_747,7.110,-7.498035,nan
3rr4,3rr4_749,6.930,-6.611547,nan
3rr4,3rr4_752,9.150,-8.401968,nan
3rr4,3rr4_758,8.890,-8.361714,nan
3rr4,3rr4_760,7.430,-6.506497,nan
3rr4,3rr4_761,9.000,-8.042709,nan
3rr4,3rr4_763,8.750,-7.809995,nan
3rr4,3rr4_764,9.200,-8.426374,nan
3rr4,3rr4_765,8.850,-8.331779,nan
3rr4,3rr4_766,6.600,-6.434381,nan
3rr4,3rr4_767,8.410,-8.189452,nan
3rr4,3rr4_768,4.880,-4.357383,nan
3rr4,3rr4_769,7.800,-6.400938,nan
3rr4,3rr4_771,3.680,-4.049397,nan
3rr4,3rr4_773,7.680,-7.223967,nan
3rr4,3rr4_774,6.510,-5.170066,nan
3rr4,3rr4_784,2.440,-0.776432,nan
3rr4,3rr4_786,1.220,-1.105331,nan
3rr4,3rr4_790,2.730,-1.365781,nan
3rr4,3rr4_791,6.690,-6.420846,nan
3rr4,3rr4_795,5.770,-3.893490,nan
3rr4,3rr4_806,4.110,-2.618676,nan
3rr4,3rr4_814,7.900,-7.599935,nan
3rr4,3rr4_831,9.430,-8.556558,nan
3rr4,3rr4_837,8.970,-8.366152,nan
3rr4,3rr4_839,8.170,-6.704699,nan
3rr4,3rr4_849,7.230,-5.943854,nan
3rr4,3rr4_85,0.270,-0.185039,nan
3rr4,3rr4_851,7.030,-6.706574,nan
3rr4,3rr4_853,6.860,-6.746644,nan
3rr4,3rr4_863,7.660,-7.846942,nan
3rr4,3rr4_869,7.160,-6.784057,nan
3rr4,3rr4_875,9.660,-8.482224,nan
3rr4,3rr4_884,4.840,-2.454060,nan
3rr4,3rr4_89,0.540,-0.394349,nan
3rr4,3rr4_891,8.370,-7.925733,nan
3rr4,3rr4_898,2.990,-1.418260,nan
3rr4,3rr4_913,3.220,-1.951590,nan
3rr4,3rr4_922,6.230,-6.404594,nan
3rr4,3rr4_938,6.460,-4.879838,nan
3rr4,3rr4_949,5.500,-3.433831,nan
3rr4,3rr4_95,1.160,-0.224437,nan
3rr4,3rr4_950,6.060,-4.846705,nan
3rr4,3rr4_955,6.280,-5.436693,nan
3rr4,3rr4_964,5.110,-2.614881,nan
3rr4,3rr4_972,5.610,-4.850949,nan
3rr4,3rr4_975,5.440,-3.847997,nan
3rr4,3rr4_99,3.440,-1.217197,nan
3rsx,3rsx_121,3.240,-2.942875,nan
3rsx,3rsx_131,0.410,-0.855986,nan
3rsx,3rsx_132,4.750,-5.132944,nan
3rsx,3rsx_172,3.360,-3.232460,nan
3rsx,3rsx_173,2.940,-2.562865,nan
3rsx,3rsx_218,5.750,-3.043815,nan
3rsx,3rsx_230,2.330,-1.473818,nan
3rsx,3rsx_243,0.550,-0.560127,nan
3rsx,3rsx_249,0.760,-0.256072,nan
3rsx,3rsx_266,0.770,-0.525858,nan
3rsx,3rsx_375,0.910,-0.657691,nan
3rsx,3rsx_388,0.910,-0.512267,nan
3rsx,3rsx_408,5.590,-0.317759,nan
3rsx,3rsx_423,1.530,-0.285503,nan
3rsx,3rsx_434,1.980,-1.237406,nan
3rsx,3rsx_450,4.300,-3.118311,nan
3rsx,3rsx_464,2.250,-1.066189,nan
3rsx,3rsx_470,1.610,-1.114040,nan
3rsx,3rsx_474,2.340,-0.697758,nan
3rsx,3rsx_487,1.580,-1.061589,nan
3rsx,3rsx_494,4.500,-3.475074,nan
3rsx,3rsx_497,2.010,-0.935601,nan
3rsx,3rsx_505,1.560,-0.489768,nan
3rsx,3rsx_506,1.540,-0.326474,nan
3rsx,3rsx_515,0.790,-0.244789,nan
3rsx,3rsx_518,3.350,-3.187681,nan
3rsx,3rsx_528,0.990,-1.551906,nan
3rsx,3rsx_534,4.800,-2.663797,nan
3rsx,3rsx_535,3.960,-3.175629,nan
3rsx,3rsx_537,6.150,-4.640091,nan
3rsx,3rsx_549,5.160,-2.152912,nan
3rsx,3rsx_553,2.160,-1.581369,nan
3rsx,3rsx_554,1.210,-1.051077,nan
3rsx,3rsx_556,2.860,-1.963023,nan
3rsx,3rsx_569,5.370,-4.608219,nan
3rsx,3rsx_574,4.700,-4.332955,nan
3rsx,3rsx_579,6.020,-3.277118,nan
3rsx,3rsx_586,3.570,-3.024402,nan
3rsx,3rsx_589,5.980,-5.064167,nan
3rsx,3rsx_590,6.350,-4.119974,nan
3rsx,3rsx_591,3.190,-2.704319,nan
3rsx,3rsx_593,4.090,-2.579743,nan
3rsx,3rsx_594,1.750,-1.171056,nan
3rsx,3rsx_596,3.440,-2.709084,nan
3rsx,3rsx_604,3.200,-3.394012,nan
3rsx,3rsx_605,2.070,-1.495578,nan
3rsx,3rsx_607,2.130,-2.279141,nan
3rsx,3rsx_621,5.100,-5.781544,nan
3rsx,3rsx_629,5.630,-3.432907,nan
3rsx,3rsx_630,0.920,-0.742992,nan
3rsx,3rsx_651,1.740,-1.160931,nan
3rsx,3rsx_677,1.290,-0.864981,nan
3rsx,3rsx_684,0.880,-0.300753,nan
3rsx,3rsx_689,2.480,-0.897142,nan
3rsx,3rsx_697,5.520,-4.144643,nan
3rsx,3rsx_708,5.630,-6.461139,nan
3rsx,3rsx_740,6.540,-5.088601,nan
3rsx,3rsx_742,3.640,-3.877533,nan
3rsx,3rsx_744,7.260,-7.897389,nan
3rsx,3rsx_750,4.130,-4.049102,nan
3rsx,3rsx_754,6.070,-1.777867,nan
3rsx,3rsx_756,7.800,-8.093382,nan
3rsx,3rsx_761,4.540,-3.081888,nan
3rsx,3rsx_762,6.900,-8.069685,nan
3rsx,3rsx_772,4.420,-4.067278,nan
3rsx,3rsx_773,6.810,-7.468709,nan
3rsx,3rsx_774,6.220,-3.196294,nan
3rsx,3rsx_778,3.160,-2.498289,nan
3rsx,3rsx_797,7.350,-6.837788,nan
3rsx,3rsx_828,6.020,-4.951951,nan
3rsx,3rsx_868,5.700,-2.495535,nan
3rsx,3rsx_912,7.360,-7.464654,nan
3rsx,3rsx_918,7.280,-7.459026,nan
3rsx,3rsx_934,6.270,-6.881309,nan
3rsx,3rsx_936,4.760,-2.525488,nan
3ryj,3ryj_125,2.060,-1.830590,nan
3ryj,3ryj_154,1.760,-0.791015,nan
3ryj,3ryj_157,2.460,-1.424881,nan
3ryj,3ryj_221,3.440,-1.906806,nan
3ryj,3ryj_229,0.400,-0.257948,nan
3ryj,3ryj_245,2.960,-1.333273,nan
3ryj,3ryj_272,3.150,-1.388297,nan
3ryj,3ryj_281,3.290,-1.367428,nan
3ryj,3ryj_296,0.520,-0.361598,nan
3ryj,3ryj_332,0.940,-0.717909,nan
3ryj,3ryj_344,3.200,-1.753151,nan
3ryj,3ryj_358,0.900,-0.371541,nan
3ryj,3ryj_387,0.810,-0.382952,nan
3ryj,3ryj_395,0.740,-0.385090,nan
3ryj,3ryj_397,0.540,-0.522504,nan
3ryj,3ryj_407,3.500,-2.401811,nan
3ryj,3ryj_422,2.660,-1.578369,nan
3ryj,3ryj_441,3.120,-1.761833,nan
3ryj,3ryj_449,4.030,-2.571281,nan
3ryj,3ryj_453,3.510,-1.500660,nan
3ryj,3ryj_468,0.990,-0.369102,nan
3ryj,3ryj_470,1.820,-1.710600,nan
3ryj,3ryj_471,3.610,-1.987508,nan
3ryj,3ryj_477,1.080,-1.232113,nan
3ryj,3ryj_483,1.840,-1.320863,nan
3ryj,3ryj_536,1.660,-1.613118,nan
3ryj,3ryj_538,1.640,-1.465990,nan
3ryj,3ryj_540,1.560,-1.370376,nan
3ryj,3ryj_545,2.160,-1.882265,nan
3ryj,3ryj_548,4.180,-3.004137,nan
3ryj,3ryj_579,4.120,-2.385488,nan
3ryj,3ryj_588,2.020,-1.890728,nan
3ryj,3ryj_589,3.800,-2.301491,nan
3ryj,3ryj_594,1.950,-0.980094,nan
3ryj,3ryj_600,4.220,-2.718288,nan
3ryj,3ryj_611,1.650,-0.654864,nan
3ryj,3ryj_622,2.070,-0.712613,nan
3ryj,3ryj_634,4.150,-2.601848,nan
3ryj,3ryj_647,2.160,-1.665475,nan
3ryj,3ryj_662,3.280,-1.358189,nan
3ryj,3ryj_681,4.240,-2.485813,nan
3ryj,3ryj_707,4.110,-2.668061,nan
3ryj,3ryj_750,2.990,-1.645922,nan
3ryj,3ryj_767,2.690,-1.149143,nan
3ryj,3ryj_778,4.180,-3.353147,nan
3ryj,3ryj_796,6.300,-3.241317,nan
3ryj,3ryj_798,6.660,-2.620476,nan
3ryj,3ryj_826,0.830,-0.604059,nan
3ryj,3ryj_840,0.970,-0.878482,nan
3ryj,3ryj_848,1.740,-0.593054,nan
3ryj,3ryj_863,4.070,-2.186478,nan
3ryj,3ryj_887,4.210,-2.508677,nan
3syr,3syr_105,0.640,-0.681190,nan
3syr,3syr_225,1.300,-0.680060,nan
3syr,3syr_251,1.680,-0.809663,nan
3syr,3syr_330,1.390,-1.332616,nan
3syr,3syr_408,0.850,-0.566797,nan
3syr,3syr_412,0.970,-1.196333,nan
3syr,3syr_413,0.950,-0.937952,nan
3syr,3syr_416,1.500,-1.335728,nan
3syr,3syr_448,0.870,-1.608942,nan
3syr,3syr_452,1.380,-2.089533,nan
3syr,3syr_46,0.710,-0.505632,nan
3syr,3syr_462,1.560,-1.567345,nan
3syr,3syr_47,0.360,-0.676603,nan
3syr,3syr_477,1.350,-1.173085,nan
3syr,3syr_484,2.380,-1.110691,nan
3syr,3syr_499,2.530,-1.620903,nan
3syr,3syr_500,1.960,-1.645464,nan
3syr,3syr_523,3.040,-2.077134,nan
3syr,3syr_533,2.060,-1.625672,nan
3syr,3syr_539,3.920,-4.187402,nan
3syr,3syr_545,2.070,-1.435742,nan
3syr,3syr_550,6.050,-2.082612,nan
3syr,3syr_552,6.150,-2.272815,nan
3syr,3syr_557,5.540,-2.452606,nan
3syr,3syr_563,5.640,-2.594064,nan
3syr,3syr_564,2.030,-1.443442,nan
3syr,3syr_577,7.540,-5.192337,nan
3syr,3syr_582,6.430,-3.103647,nan
3syr,3syr_593,5.450,-1.264979,nan
3syr,3syr_594,3.470,-2.485181,nan
3syr,3syr_596,5.800,-2.098469,nan
3syr,3syr_599,6.600,-4.090614,nan
3syr,3syr_600,6.020,-1.952393,nan
3syr,3syr_609,2.800,-1.071594,nan
3syr,3syr_614,7.570,-5.572043,nan
3syr,3syr_617,2.310,-2.169748,nan
3syr,3syr_618,2.070,-1.968647,nan
3syr,3syr_621,2.770,-1.886340,nan
3syr,3syr_622,3.230,-2.800877,nan
3syr,3syr_627,4.140,-3.199272,nan
3syr,3syr_629,1.740,-1.776455,nan
3syr,3syr_631,3.250,-2.961789,nan
3syr,3syr_633,7.020,-5.606520,nan
3syr,3syr_636,2.160,-1.210275,nan
3syr,3syr_647,3.240,-2.623009,nan
3syr,3syr_648,3.990,-3.364819,nan
3syr,3syr_658,3.700,-3.037830,nan
3syr,3syr_659,6.680,-3.379339,nan
3syr,3syr_679,8.120,-6.082579,nan
3syr,3syr_692,5.810,-3.036672,nan
3syr,3syr_695,4.800,-3.885190,nan
3syr,3syr_697,4.370,-4.591441,nan
3syr,3syr_699,4.190,-3.152605,nan
3syr,3syr_746,3.300,-2.715477,nan
3syr,3syr_748,3.190,-2.271259,nan
3syr,3syr_752,5.130,-2.496736,nan
3syr,3syr_759,5.300,-1.860331,nan
3syr,3syr_762,5.190,-3.917027,nan
3syr,3syr_772,5.230,-2.002475,nan
3syr,3syr_823,1.530,-1.180518,nan
3syr,3syr_862,0.780,-0.755302,nan
3syr,3syr_88,5.480,-0.785770,nan
3syr,3syr_93,0.490,-0.693899,nan
3syr,3syr_969,0.820,-1.119556,nan
3tsk,3tsk_134,4.100,-1.244550,nan
3tsk,3tsk_176,2.870,-1.701186,nan
3tsk,3tsk_259,4.800,-2.905708,nan
3tsk,3tsk_263,3.980,-1.627813,nan
3tsk,3tsk_273,5.120,-2.414249,nan
3tsk,3tsk_285,5.280,-1.676495,nan
3tsk,3tsk_29,8.420,-8.525456,nan
3tsk,3tsk_294,5.020,-1.411674,nan
3tsk,3tsk_31,7.010,-3.577638,nan
3tsk,3tsk_337,4.220,-1.295380,nan
3tsk,3tsk_344,2.040,-1.297428,nan
3tsk,3tsk_358,1.750,-1.016744,nan
3tsk,3tsk_380,6.350,-3.579293,nan
3tsk,3tsk_381,2.080,-0.578074,nan
3tsk,3tsk_382,4.180,-1.321229,nan
3tsk,3tsk_40,9.960,-7.668067,nan
3tsk,3tsk_400,5.760,-3.196117,nan
3tsk,3tsk_402,6.380,-3.925798,nan
3tsk,3tsk_405,2.720,-2.999966,nan
3tsk,3tsk_422,2.770,-2.963580,nan
3tsk,3tsk_423,3.840,-1.629607,nan
3tsk,3tsk_426,3.700,-1.904021,nan
3tsk,3tsk_430,5.140,-3.548561,nan
3tsk,3tsk_433,2.930,-2.182660,nan
3tsk,3tsk_441,4.500,-2.979808,nan
3tsk,3tsk_443,4.360,-4.075350,nan
3tsk,3tsk_444,3.470,-2.543034,nan
3tsk,3tsk_455,3.520,-3.618233,nan
3tsk,3tsk_456,8.580,-5.993881,nan
3tsk,3tsk_458,2.690,-2.941941,nan
3tsk,3tsk_460,5.070,-5.960770,nan
3tsk,3tsk_461,9.360,-4.442196,nan
3tsk,3tsk_464,3.490,-3.965683,nan
3tsk,3tsk_465,7.570,-3.274854,nan
3tsk,3tsk_468,2.830,-2.135149,nan
3tsk,3tsk_475,8.100,-3.393097,nan
3tsk,3tsk_479,3.360,-4.204302,nan
3tsk,3tsk_487,5.400,-3.084035,nan
3tsk,3tsk_491,6.250,-5.061080,nan
3tsk,3tsk_495,9.310,-3.258527,nan
3tsk,3tsk_499,6.600,-2.829034,nan
3tsk,3tsk_500,2.950,-2.965595,nan
3tsk,3tsk_509,6.290,-6.278548,nan
3tsk,3tsk_512,6.190,-6.230777,nan
3tsk,3tsk_522,9.010,-8.540060,nan
3tsk,3tsk_527,6.980,-3.931053,nan
3tsk,3tsk_532,3.250,-3.618228,nan
3tsk,3tsk_541,5.040,-4.629793,nan
3tsk,3tsk_547,9.040,-7.451866,nan
3tsk,3tsk_552,9.320,-7.848831,nan
3tsk,3tsk_557,7.990,-7.756636,nan
3tsk,3tsk_561,6.870,-3.787231,nan
3tsk,3tsk_576,5.080,-3.568023,nan
3tsk,3tsk_580,7.590,-3.681434,nan
3tsk,3tsk_589,8.940,-8.535112,nan
3tsk,3tsk_594,4.590,-3.896309,nan
3tsk,3tsk_596,7.920,-8.564190,nan
3tsk,3tsk_598,4.540,-3.001441,nan
3tsk,3tsk_646,7.980,-8.421324,nan
3tsk,3tsk_655,9.330,-8.543938,nan
3tsk,3tsk_656,8.900,-8.217791,nan
3tsk,3tsk_668,8.440,-8.585035,nan
3tsk,3tsk_669,7.260,-6.671522,nan
3tsk,3tsk_674,7.750,-7.755391,nan
3tsk,3tsk_679,5.310,-4.038256,nan
3tsk,3tsk_696,7.510,-5.847569,nan
3tsk,3tsk_700,9.290,-8.557166,nan
3tsk,3tsk_702,8.290,-7.550601,nan
3tsk,3tsk_713,3.960,-1.801453,nan
3tsk,3tsk_721,7.660,-7.002819,nan
3tsk,3tsk_733,9.420,-8.563201,nan
3tsk,3tsk_767,4.750,-3.152579,nan
3tsk,3tsk_78,8.370,-6.911340,nan
3tsk,3tsk_784,9.000,-8.562103,nan
3tsk,3tsk_803,8.610,-8.584072,nan
3tsk,3tsk_847,9.050,-8.593462,nan
3tsk,3tsk_870,4.360,-2.095236,nan
3tsk,3tsk_93,6.680,-1.975102,nan
3tsk,3tsk_979,6.970,-6.612198,nan
3tsk,3tsk_980,3.450,-4.238256,nan
3twp,3twp_105,7.540,-7.518645,nan
3twp,3twp_108,7.310,-7.145095,nan
3twp,3twp_121,7.160,-7.298810,nan
3twp,3twp_126,7.160,-7.086337,nan
3twp,3twp_14,5.700,-4.190262,nan
3twp,3twp_147,7.560,-7.573665,nan
3twp,3twp_152,7.220,-7.324726,nan
3twp,3twp_157,7.390,-7.404189,nan
3twp,3twp_160,7.260,-7.264865,nan
3twp,3twp_18,6.030,-5.421843,nan
3twp,3twp_198,2.600,-0.311854,nan
3twp,3twp_22,4.380,-2.170212,nan
3twp,3twp_226,3.090,-1.369645,nan
3twp,3twp_321,2.560,-0.275892,nan
3twp,3twp_362,2.420,-0.579594,nan
3twp,3twp_381,2.790,-0.231007,nan
3twp,3twp_413,6.500,-6.698723,nan
3twp,3twp_419,4.870,-4.692689,nan
3twp,3twp_422,2.300,-1.184423,nan
3twp,3twp_440,5.480,-5.870235,nan
3twp,3twp_445,6.120,-5.612133,nan
3twp,3twp_454,6.170,-5.980399,nan
3twp,3twp_467,1.800,-1.042562,nan
3twp,3twp_481,4.770,-3.996250,nan
3twp,3twp_487,6.500,-6.414880,nan
3twp,3twp_490,1.480,-0.956826,nan
3twp,3twp_497,1.890,-0.850141,nan
3twp,3twp_501,0.980,-0.244212,nan
3twp,3twp_510,0.460,-0.321801,nan
3twp,3twp_511,1.050,-0.292872,nan
3twp,3twp_532,2.820,-1.805254,nan
3twp,3twp_533,3.930,-3.218632,nan
3twp,3twp_536,1.850,-0.967163,nan
3twp,3twp_540,5.280,-4.002981,nan
3twp,3twp_547,3.530,-2.445390,nan
3twp,3twp_560,3.170,-1.312723,nan
3twp,3twp_567,3.130,-0.676761,nan
3twp,3twp_569,3.870,-2.604917,nan
3twp,3twp_57,5.430,-4.201505,nan
3twp,3twp_574,2.220,-0.575713,nan
3twp,3twp_575,1.720,-0.445146,nan
3twp,3twp_576,4.770,-4.122132,nan
3twp,3twp_578,4.050,-3.607889,nan
3twp,3twp_596,6.300,-5.778216,nan
3twp,3twp_599,3.570,-2.235928,nan
3twp,3twp_600,5.110,-5.720954,nan
3twp,3twp_605,5.230,-4.809422,nan
3twp,3twp_608,1.940,-1.059728,nan
3twp,3twp_613,0.890,-0.232022,nan
3twp,3twp_619,6.520,-7.358620,nan
3twp,3twp_627,2.640,-1.446885,nan
3twp,3twp_633,5.520,-4.800915,nan
3twp,3twp_643,1.960,-1.423620,nan
3twp,3twp_645,1.970,-0.600766,nan
3twp,3twp_646,4.390,-3.258537,nan
3twp,3twp_665,6.620,-5.194554,nan
3twp,3twp_676,2.710,-2.474080,nan
3twp,3twp_686,1.710,-0.638477,nan
3twp,3twp_692,3.170,-1.448623,nan
3twp,3twp_741,4.820,-2.699388,nan
3twp,3twp_742,7.280,-5.476711,nan
3twp,3twp_745,3.900,-3.223646,nan
3twp,3twp_749,5.330,-3.824529,nan
3twp,3twp_754,4.010,-2.744555,nan
3twp,3twp_763,6.380,-4.915508,nan
3twp,3twp_769,5.930,-4.081234,nan
3twp,3twp_778,7.480,-5.919789,nan
3twp,3twp_779,5.410,-3.485929,nan
3twp,3twp_785,4.460,-2.759667,nan
3twp,3twp_8,4.780,-4.050119,nan
3twp,3twp_827,6.010,-4.589283,nan
3twp,3twp_912,2.830,-2.280240,nan
3twp,3twp_92,3.720,-3.196373,nan
3u5j,3u5j_124,4.550,-1.861360,nan
3u5j,3u5j_143,1.030,-0.498451,nan
3u5j,3u5j_147,2.440,-1.469569,nan
3u5j,3u5j_174,1.010,-0.738500,nan
3u5j,3u5j_195,1.880,-0.606925,nan
3u5j,3u5j_20,1.440,-0.503723,nan
3u5j,3u5j_203,2.490,-0.549858,nan
3u5j,3u5j_213,0.700,-0.292671,nan
3u5j,3u5j_233,0.560,-0.796809,nan
3u5j,3u5j_24,1.020,-0.343784,nan
3u5j,3u5j_251,0.790,-0.442850,nan
3u5j,3u5j_257,0.630,-0.309915,nan
3u5j,3u5j_268,5.140,-3.974637,nan
3u5j,3u5j_290,5.340,-4.240357,nan
3u5j,3u5j_294,0.650,-0.908409,nan
3u5j,3u5j_419,6.060,-7.117780,nan
3u5j,3u5j_421,3.640,-1.847789,nan
3u5j,3u5j_434,5.570,-4.915912,nan
3u5j,3u5j_439,6.180,-6.537238,nan
3u5j,3u5j_458,5.220,-6.442577,nan
3u5j,3u5j_47,0.720,-0.258180,nan
3u5j,3u5j_475,1.570,-1.244981,nan
3u5j,3u5j_481,2.380,-1.246882,nan
3u5j,3u5j_482,3.940,-3.866141,nan
3u5j,3u5j_491,4.950,-6.873006,nan
3u5j,3u5j_493,6.050,-5.214961,nan
3u5j,3u5j_497,3.900,-2.595236,nan
3u5j,3u5j_498,3.760,-3.091926,nan
3u5j,3u5j_505,0.730,-1.045925,nan
3u5j,3u5j_526,3.060,-1.762891,nan
3u5j,3u5j_536,6.020,-5.569632,nan
3u5j,3u5j_54,0.630,-0.257745,nan
3u5j,3u5j_557,2.500,-1.029099,nan
3u5j,3u5j_561,4.680,-0.850398,nan
3u5j,3u5j_563,3.980,-1.713503,nan
3u5j,3u5j_566,4.390,-1.773865,nan
3u5j,3u5j_574,4.670,-1.698396,nan
3u5j,3u5j_576,2.600,-1.843494,nan
3u5j,3u5j_578,4.850,-2.634299,nan
3u5j,3u5j_580,6.890,-6.265258,nan
3u5j,3u5j_584,7.810,-8.069277,nan
3u5j,3u5j_589,3.250,-1.462223,nan
3u5j,3u5j_591,2.810,-0.763865,nan
3u5j,3u5j_593,3.840,-1.662576,nan
3u5j,3u5j_603,4.200,-4.107119,nan
3u5j,3u5j_62,0.570,-0.327203,nan
3u5j,3u5j_620,1.340,-0.555402,nan
3u5j,3u5j_639,1.080,-0.784199,nan
3u5j,3u5j_65,0.410,-0.238985,nan
3u5j,3u5j_690,3.120,-2.660596,nan
3u5j,3u5j_710,1.990,-0.703822,nan
3u5j,3u5j_723,4.270,-3.777656,nan
3u5j,3u5j_728,6.060,-2.417535,nan
3u5j,3u5j_731,4.530,-3.328792,nan
3u5j,3u5j_733,6.230,-4.123942,nan
3u5j,3u5j_736,5.820,-5.416736,nan
3u5j,3u5j_746,5.670,-4.983066,nan
3u5j,3u5j_756,5.860,-4.648446,nan
3u5j,3u5j_757,6.490,-2.952658,nan
3u5j,3u5j_759,5.780,-4.509813,nan
3u5j,3u5j_764,6.490,-5.653952,nan
3u5j,3u5j_773,6.080,-4.288780,nan
3u5j,3u5j_803,1.530,-0.726329,nan
3u5j,3u5j_830,2.890,-1.473877,nan
3u5j,3u5j_845,4.000,-3.213114,nan
3u5j,3u5j_858,4.370,-3.618675,nan
3u5j,3u5j_894,2.390,-0.629806,nan
3u5j,3u5j_928,2.930,-0.418759,nan
3u5j,3u5j_968,5.510,-3.849051,nan
3u5j,3u5j_972,5.860,-3.710531,nan
3u5j,3u5j_974,2.300,-2.012611,nan
3u8k,3u8k_110,2.970,-1.312417,nan
3u8k,3u8k_147,0.450,-0.719779,nan
3u8k,3u8k_224,0.660,-0.838540,nan
3u8k,3u8k_362,0.520,-0.910624,nan
3u8k,3u8k_408,1.080,-0.927472,nan
3u8k,3u8k_412,2.670,-1.672043,nan
3u8k,3u8k_420,1.020,-1.646288,nan
3u8k,3u8k_422,0.830,-1.539127,nan
3u8k,3u8k_424,1.180,-1.729705,nan
3u8k,3u8k_426,2.850,-2.288477,nan
3u8k,3u8k_444,4.190,-1.581887,nan
3u8k,3u8k_448,0.910,-1.922914,nan
3u8k,3u8k_456,1.730,-1.286496,nan
3u8k,3u8k_463,4.100,-1.995452,nan
3u8k,3u8k_475,3.020,-1.910788,nan
3u8k,3u8k_479,0.770,-1.347685,nan
3u8k,3u8k_481,3.030,-2.494231,nan
3u8k,3u8k_494,3.050,-1.925032,nan
3u8k,3u8k_499,3.040,-1.693649,nan
3u8k,3u8k_512,1.940,-1.825367,nan
3u8k,3u8k_524,6.370,-5.627824,nan
3u8k,3u8k_529,5.300,-3.882212,nan
3u8k,3u8k_532,6.530,-6.045045,nan
3u8k,3u8k_537,1.660,-2.230777,nan
3u8k,3u8k_544,5.270,-3.404747,nan
3u8k,3u8k_549,6.340,-4.645069,nan
3u8k,3u8k_550,4.780,-2.331951,nan
3u8k,3u8k_551,1.960,-2.080329,nan
3u8k,3u8k_556,4.940,-3.778076,nan
3u8k,3u8k_557,5.050,-2.700776,nan
3u8k,3u8k_561,6.530,-4.692466,nan
3u8k,3u8k_563,2.350,-2.664324,nan
3u8k,3u8k_564,4.380,-2.198017,nan
3u8k,3u8k_568,5.170,-3.651777,nan
3u8k,3u8k_569,2.530,-0.857908,nan
3u8k,3u8k_573,5.720,-3.702087,nan
3u8k,3u8k_575,6.170,-4.082990,nan
3u8k,3u8k_579,5.640,-3.398026,nan
3u8k,3u8k_584,4.590,-1.558567,nan
3u8k,3u8k_587,3.450,-2.570240,nan
3u8k,3u8k_588,5.190,-4.440178,nan
3u8k,3u8k_589,2.120,-2.027472,nan
3u8k,3u8k_593,5.380,-4.750633,nan
3u8k,3u8k_594,2.230,-1.952978,nan
3u8k,3u8k_607,1.810,-1.851702,nan
3u8k,3u8k_612,0.970,-1.491810,nan
3u8k,3u8k_619,3.770,-1.518648,nan
3u8k,3u8k_631,5.920,-3.665119,nan
3u8k,3u8k_650,3.820,-1.619825,nan
3u8k,3u8k_680,4.220,-1.302678,nan
3u8k,3u8k_682,1.030,-1.179588,nan
3u8k,3u8k_683,3.430,-3.270088,nan
3u8k,3u8k_689,6.290,-4.477673,nan
3u8k,3u8k_717,0.600,-1.438231,nan
3u8k,3u8k_723,0.800,-1.403301,nan
3u8k,3u8k_748,6.110,-4.444166,nan
3u8k,3u8k_756,6.660,-6.553994,nan
3u8k,3u8k_765,6.840,-5.385015,nan
3u8k,3u8k_771,3.790,-1.473351,nan
3u8k,3u8k_773,7.540,-8.167881,nan
3u8k,3u8k_775,4.060,-2.303566,nan
3u8k,3u8k_776,1.700,-1.995556,nan
3u8k,3u8k_777,6.000,-4.566193,nan
3u8k,3u8k_780,7.800,-7.957281,nan
3u8k,3u8k_782,4.490,-3.900784,nan
3u8k,3u8k_784,3.560,-2.356170,nan
3u8k,3u8k_787,6.560,-5.910833,nan
3u8k,3u8k_796,2.100,-1.676699,nan
3u8k,3u8k_797,2.250,-1.448260,nan
3u8k,3u8k_799,2.820,-2.408099,nan
3u8k,3u8k_800,4.100,-4.398602,nan
3u8k,3u8k_830,0.520,-1.070402,nan
3u8n,3u8n_441,1.020,-0.995556,nan
3u8n,3u8n_443,3.050,-1.188872,nan
3u8n,3u8n_464,2.120,-2.874301,nan
3u8n,3u8n_468,0.940,-0.941756,nan
3u8n,3u8n_471,4.340,-2.032011,nan
3u8n,3u8n_477,2.010,-1.088550,nan
3u8n,3u8n_482,3.230,-1.691101,nan
3u8n,3u8n_498,2.990,-1.777889,nan
3u8n,3u8n_509,0.930,-0.781755,nan
3u8n,3u8n_516,0.860,-0.993461,nan
3u8n,3u8n_529,5.430,-5.827971,nan
3u8n,3u8n_531,1.170,-1.113554,nan
3u8n,3u8n_542,3.320,-2.742843,nan
3u8n,3u8n_557,5.040,-3.091692,nan
3u8n,3u8n_576,5.570,-4.194613,nan
3u8n,3u8n_581,0.780,-1.484656,nan
3u8n,3u8n_622,3.550,-3.150007,nan
3u8n,3u8n_648,1.270,-1.712677,nan
3u8n,3u8n_662,3.080,-1.448447,nan
3u8n,3u8n_675,3.010,-1.957638,nan
3u8n,3u8n_691,4.240,-1.938543,nan
3u8n,3u8n_693,1.320,-1.803424,nan
3u8n,3u8n_704,3.200,-2.498248,nan
3u8n,3u8n_713,0.720,-0.528927,nan
3u8n,3u8n_718,3.230,-2.341825,nan
3u8n,3u8n_724,4.940,-4.382031,nan
3u8n,3u8n_733,5.070,-4.164773,nan
3u8n,3u8n_735,5.620,-5.425126,nan
3u8n,3u8n_763,4.300,-0.788609,nan
3u8n,3u8n_764,4.950,-3.443574,nan
3u8n,3u8n_773,4.730,-2.272435,nan
3u8n,3u8n_774,5.590,-5.837513,nan
3u8n,3u8n_778,2.760,-1.817740,nan
3u8n,3u8n_779,5.360,-2.793363,nan
3u8n,3u8n_780,4.780,-2.277865,nan
3u8n,3u8n_784,4.620,-1.706953,nan
3u8n,3u8n_785,2.580,-1.458758,nan
3u8n,3u8n_787,1.860,-1.601489,nan
3u8n,3u8n_788,4.960,-4.125281,nan
3u8n,3u8n_789,5.070,-2.085943,nan
3u8n,3u8n_790,3.840,-2.786091,nan
3u8n,3u8n_791,6.300,-5.541473,nan
3u8n,3u8n_792,2.730,-1.628545,nan
3u8n,3u8n_794,4.600,-2.239162,nan
3u8n,3u8n_798,5.250,-5.173005,nan
3u8n,3u8n_816,0.420,-0.620577,nan
3u8n,3u8n_822,0.750,-0.988860,nan
3u8n,3u8n_850,1.250,-1.248843,nan
3u8n,3u8n_869,2.660,-0.477353,nan
3u8n,3u8n_874,2.850,-1.292956,nan
3u8n,3u8n_893,5.280,-4.613950,nan
3u8n,3u8n_894,1.230,-0.920076,nan
3u8n,3u8n_915,0.860,-0.541731,nan
3u8n,3u8n_928,0.840,-0.445495,nan
3u8n,3u8n_929,1.030,-0.823596,nan
3u8n,3u8n_963,0.880,-0.477739,nan
3u8n,3u8n_971,3.330,-2.587813,nan
3u8n,3u8n_974,2.520,-0.893594,nan
3u8n,3u8n_981,1.320,-1.085247,nan
3u8n,3u8n_991,1.970,-1.883390,nan
3u8n,3u8n_998,2.120,-2.509336,nan
3u9q,3u9q_133,0.930,-0.123831,nan
3u9q,3u9q_158,0.700,-0.298218,nan
3u9q,3u9q_22,5.570,-0.571197,nan
3u9q,3u9q_234,0.970,-0.129730,nan
3u9q,3u9q_238,0.910,-0.164711,nan
3u9q,3u9q_252,1.270,-0.897432,nan
3u9q,3u9q_268,0.570,-0.146763,nan
3u9q,3u9q_273,1.250,-0.512894,nan
3u9q,3u9q_278,0.780,-0.023948,nan
3u9q,3u9q_282,0.910,-1.272686,nan
3u9q,3u9q_286,1.340,-0.143558,nan
3u9q,3u9q_291,0.890,-0.250976,nan
3u9q,3u9q_355,5.570,-0.362091,nan
3u9q,3u9q_363,4.040,-3.644600,nan
3u9q,3u9q_386,1.390,-0.098375,nan
3u9q,3u9q_407,2.020,-0.757077,nan
3u9q,3u9q_416,0.880,-0.404237,nan
3u9q,3u9q_421,1.320,-0.648640,nan
3u9q,3u9q_426,1.270,-0.899856,nan
3u9q,3u9q_451,1.140,-1.304285,nan
3u9q,3u9q_458,6.120,-3.337659,nan
3u9q,3u9q_476,6.160,-3.540838,nan
3u9q,3u9q_477,6.380,-2.723908,nan
3u9q,3u9q_480,4.980,-4.649188,nan
3u9q,3u9q_509,3.880,-3.532004,nan
3u9q,3u9q_53,5.700,-6.050577,nan
3u9q,3u9q_539,2.600,-2.165374,nan
3u9q,3u9q_540,3.010,-2.691875,nan
3u9q,3u9q_546,5.090,-5.739149,nan
3u9q,3u9q_559,2.030,-1.438582,nan
3u9q,3u9q_562,4.810,-4.995690,nan
3u9q,3u9q_576,3.910,-2.915771,nan
3u9q,3u9q_602,4.730,-3.924988,nan
3u9q,3u9q_606,4.880,-3.973001,nan
3u9q,3u9q_619,3.600,-3.715170,nan
3u9q,3u9q_621,1.910,-0.980376,nan
3u9q,3u9q_623,4.130,-3.823738,nan
3u9q,3u9q_629,4.510,-4.228143,nan
3u9q,3u9q_630,3.090,-2.613131,nan
3u9q,3u9q_633,2.070,-1.385752,nan
3u9q,3u9q_639,4.270,-3.605096,nan
3u9q,3u9q_640,2.420,-0.853761,nan
3u9q,3u9q_645,2.020,-0.969737,nan
3u9q,3u9q_656,3.920,-3.627367,nan
3u9q,3u9q_658,5.780,-5.546368,nan
3u9q,3u9q_663,4.850,-5.150221,nan
3u9q,3u9q_669,4.220,-3.271432,nan
3u9q,3u9q_680,5.980,-6.143512,nan
3u9q,3u9q_682,5.680,-2.299695,nan
3u9q,3u9q_696,3.510,-3.385154,nan
3u9q,3u9q_750,6.070,-1.157346,nan
3u9q,3u9q_753,2.900,-2.013344,nan
3u9q,3u9q_756,5.460,-0.885622,nan
3u9q,3u9q_760,6.230,-5.195663,nan
3u9q,3u9q_773,6.010,-1.003444,nan
3u9q,3u9q_778,6.090,-3.157402,nan
3u9q,3u9q_783,6.100,-3.028312,nan
3u9q,3u9q_784,3.670,-2.665796,nan
3u9q,3u9q_788,6.140,-3.015824,nan
3u9q,3u9q_793,5.050,-4.362577,nan
3u9q,3u9q_794,5.730,-4.585212,nan
3u9q,3u9q_810,1.550,-0.503795,nan
3u9q,3u9q_860,2.350,-1.409461,nan
3u9q,3u9q_867,1.930,-0.626875,nan
3u9q,3u9q_877,6.010,-1.042383,nan
3u9q,3u9q_883,2.850,-1.281605,nan
3u9q,3u9q_890,4.000,-3.866050,nan
3u9q,3u9q_91,0.910,-0.392468,nan
3u9q,3u9q_938,3.510,-2.683618,nan
3u9q,3u9q_971,2.480,-0.914912,nan
3udh,3udh_118,1.990,-0.706647,nan
3udh,3udh_121,0.510,-0.220963,nan
3udh,3udh_130,0.860,-0.230995,nan
3udh,3udh_234,0.420,-0.245361,nan
3udh,3udh_30,0.500,-0.482749,nan
3udh,3udh_318,6.600,-6.995848,nan
3udh,3udh_347,0.320,-0.275750,nan
3udh,3udh_359,0.140,-0.179392,nan
3udh,3udh_392,0.650,-0.241490,nan
3udh,3udh_405,3.830,-0.514680,nan
3udh,3udh_411,1.690,-1.006255,nan
3udh,3udh_413,1.540,-0.658371,nan
3udh,3udh_418,1.200,-1.126904,nan
3udh,3udh_420,0.960,-0.539994,nan
3udh,3udh_444,1.070,-0.433503,nan
3udh,3udh_453,1.210,-0.213202,nan
3udh,3udh_459,1.490,-0.355948,nan
3udh,3udh_460,3.350,-2.549659,nan
3udh,3udh_462,4.430,-1.057905,nan
3udh,3udh_464,4.240,-1.617376,nan
3udh,3udh_477,1.400,-1.071710,nan
3udh,3udh_481,2.730,-1.398296,nan
3udh,3udh_491,4.060,-3.010467,nan
3udh,3udh_499,4.200,-3.276956,nan
3udh,3udh_50,0.500,-0.868485,nan
3udh,3udh_500,2.050,-1.426051,nan
3udh,3udh_519,1.610,-1.028844,nan
3udh,3udh_523,2.020,-1.692119,nan
3udh,3udh_527,5.040,-3.236093,nan
3udh,3udh_528,3.500,-2.007784,nan
3udh,3udh_543,3.970,-3.680261,nan
3udh,3udh_549,2.730,-0.990814,nan
3udh,3udh_566,3.100,-1.491250,nan
3udh,3udh_570,3.750,-2.422646,nan
3udh,3udh_579,2.690,-1.012371,nan
3udh,3udh_581,4.040,-3.102142,nan
3udh,3udh_588,3.850,-3.961445,nan
3udh,3udh_596,2.720,-1.725542,nan
3udh,3udh_634,5.360,-4.537462,nan
3udh,3udh_638,3.180,-2.275940,nan
3udh,3udh_651,3.050,-1.846564,nan
3udh,3udh_670,1.910,-0.434169,nan
3udh,3udh_672,3.530,-2.561240,nan
3udh,3udh_679,2.280,-1.410646,nan
3udh,3udh_685,2.090,-1.483218,nan
3udh,3udh_686,4.840,-3.617822,nan
3udh,3udh_694,4.680,-3.419488,nan
3udh,3udh_712,6.320,-6.602063,nan
3udh,3udh_72,0.430,-0.726079,nan
3udh,3udh_725,7.020,-5.390071,nan
3udh,3udh_735,7.040,-5.271644,nan
3udh,3udh_738,6.310,-7.026092,nan
3udh,3udh_743,5.950,-5.880643,nan
3udh,3udh_746,7.320,-7.093274,nan
3udh,3udh_752,6.810,-4.814312,nan
3udh,3udh_759,7.090,-6.911133,nan
3udh,3udh_768,5.080,-2.477567,nan
3udh,3udh_780,5.730,-4.265669,nan
3udh,3udh_783,6.680,-4.856227,nan
3udh,3udh_785,6.070,-5.585570,nan
3udh,3udh_797,6.060,-4.556720,nan
3udh,3udh_799,5.150,-3.466293,nan
3udh,3udh_800,6.450,-4.938013,nan
3udh,3udh_823,2.720,-0.871898,nan
3udh,3udh_825,7.570,-8.273044,nan
3udh,3udh_829,7.250,-8.175752,nan
3udh,3udh_832,4.970,-4.644863,nan
3udh,3udh_834,7.520,-8.328877,nan
3udh,3udh_835,5.010,-3.817158,nan
3udh,3udh_837,4.910,-3.271065,nan
3udh,3udh_843,5.720,-5.247300,nan
3udh,3udh_861,5.310,-5.316694,nan
3udh,3udh_885,5.180,-2.617300,nan
3udh,3udh_895,7.170,-6.929622,nan
3udh,3udh_899,7.190,-6.987126,nan
3udh,3udh_926,6.270,-5.917566,nan
3udh,3udh_930,4.770,-1.668266,nan
3udh,3udh_957,2.500,-2.249546,nan
3udh,3udh_997,6.110,-6.202024,nan
3ueu,3ueu_1000,3.190,-1.983823,nan
3ueu,3ueu_120,2.100,-0.962015,nan
3ueu,3ueu_147,1.790,-0.406506,nan
3ueu,3ueu_173,2.400,-1.380443,nan
3ueu,3ueu_202,1.770,-0.380672,nan
3ueu,3ueu_213,4.750,-1.669582,nan
3ueu,3ueu_22,1.880,-0.869681,nan
3ueu,3ueu_224,7.090,-1.688087,nan
3ueu,3ueu_230,5.950,-2.916255,nan
3ueu,3ueu_235,7.100,-2.579273,nan
3ueu,3ueu_24,1.510,-0.379388,nan
3ueu,3ueu_241,6.720,-0.943075,nan
3ueu,3ueu_244,2.010,-0.812693,nan
3ueu,3ueu_247,6.910,-1.006384,nan
3ueu,3ueu_268,6.980,-2.659869,nan
3ueu,3ueu_271,6.890,-2.122263,nan
3ueu,3ueu_280,5.030,-2.768738,nan
3ueu,3ueu_286,7.280,-2.403497,nan
3ueu,3ueu_287,6.740,-3.135996,nan
3ueu,3ueu_291,7.010,-1.656604,nan
3ueu,3ueu_31,1.710,-0.473939,nan
3ueu,3ueu_315,1.000,-0.392665,nan
3ueu,3ueu_328,0.950,-0.480342,nan
3ueu,3ueu_36,0.930,-0.302802,nan
3ueu,3ueu_37,0.860,-0.165718,nan
3ueu,3ueu_392,0.880,-0.295835,nan
3ueu,3ueu_425,1.510,-1.171594,nan
3ueu,3ueu_434,4.370,-2.226772,nan
3ueu,3ueu_435,4.850,-1.969602,nan
3ueu,3ueu_437,2.010,-0.798218,nan
3ueu,3ueu_438,1.140,-0.619554,nan
3ueu,3ueu_441,3.960,-2.002912,nan
3ueu,3ueu_447,3.200,-2.091549,nan
3ueu,3ueu_450,2.440,-0.913024,nan
3ueu,3ueu_451,4.530,-2.005792,nan
3ueu,3ueu_454,5.970,-0.592548,nan
3ueu,3ueu_463,4.620,-2.389364,nan
3ueu,3ueu_465,3.960,-1.767744,nan
3ueu,3ueu_487,4.030,-2.069810,nan
3ueu,3ueu_489,4.470,-2.067073,nan
3ueu,3ueu_490,6.350,-1.150005,nan
3ueu,3ueu_497,1.270,-1.196589,nan
3ueu,3ueu_514,5.910,-0.600223,nan
3ueu,3ueu_52,0.870,-0.074492,nan
3ueu,3ueu_527,2.480,-1.818587,nan
3ueu,3ueu_535,5.960,-1.829476,nan
3ueu,3ueu_549,2.160,-0.784810,nan
3ueu,3ueu_550,3.530,-1.788902,nan
3ueu,3ueu_551,5.880,-1.300442,nan
3ueu,3ueu_564,3.180,-1.739104,nan
3ueu,3ueu_565,2.460,-1.396998,nan
3ueu,3ueu_570,6.070,-0.763690,nan
3ueu,3ueu_574,2.210,-1.358998,nan
3ueu,3ueu_577,7.930,-7.023845,nan
3ueu,3ueu_578,6.200,-2.803927,nan
3ueu,3ueu_58,1.170,-0.266882,nan
3ueu,3ueu_587,4.940,-4.431652,nan
3ueu,3ueu_592,6.490,-1.039791,nan
3ueu,3ueu_604,4.600,-2.169423,nan
3ueu,3ueu_619,3.800,-1.641791,nan
3ueu,3ueu_620,7.270,-6.980863,nan
3ueu,3ueu_621,7.520,-2.988858,nan
3ueu,3ueu_652,5.020,-4.015731,nan
3ueu,3ueu_655,5.330,-4.860863,nan
3ueu,3ueu_666,2.920,-1.530441,nan
3ueu,3ueu_667,5.960,-4.767791,nan
3ueu,3ueu_67,0.950,-0.257887,nan
3ueu,3ueu_670,5.540,-1.686927,nan
3ueu,3ueu_678,3.960,-1.960104,nan
3ueu,3ueu_694,7.120,-2.760194,nan
3ueu,3ueu_8,1.170,-0.280578,nan
3ueu,3ueu_830,3.370,-1.429394,nan
3ueu,3ueu_836,7.070,-2.635477,nan
3ueu,3ueu_84,0.920,-0.379715,nan
3ueu,3ueu_91,0.930,-0.196335,nan
3ueu,3ueu_937,6.650,-3.225316,nan
3ueu,3ueu_962,4.150,-1.770748,nan
3ueu,3ueu_972,7.440,-2.331849,nan
3ueu,3ueu_996,3.020,-0.919496,nan
3uev,3uev_117,2.310,-0.634762,nan
3uev,3uev_178,1.730,-0.305235,nan
3uev,3uev_194,1.980,-0.424769,nan
3uev,3uev_233,6.980,-0.194547,nan
3uev,3uev_236,1.300,-0.272928,nan
3uev,3uev_249,2.630,-0.661690,nan
3uev,3uev_266,6.950,-0.127971,nan
3uev,3uev_272,6.900,-1.248884,nan
3uev,3uev_277,7.020,-0.207591,nan
3uev,3uev_290,1.470,-0.649351,nan
3uev,3uev_36,3.230,-1.453764,nan
3uev,3uev_37,3.130,-0.902120,nan
3uev,3uev_420,8.130,-1.724139,nan
3uev,3uev_444,3.270,-1.114768,nan
3uev,3uev_451,7.050,-2.620274,nan
3uev,3uev_452,6.570,-1.230816,nan
3uev,3uev_455,7.110,-1.883276,nan
3uev,3uev_456,3.720,-1.409542,nan
3uev,3uev_464,5.050,-3.931249,nan
3uev,3uev_465,4.090,-2.657110,nan
3uev,3uev_467,4.010,-1.455607,nan
3uev,3uev_474,7.220,-2.070135,nan
3uev,3uev_475,7.710,-1.804468,nan
3uev,3uev_483,4.100,-3.136786,nan
3uev,3uev_488,4.040,-2.928907,nan
3uev,3uev_509,6.240,-1.647076,nan
3uev,3uev_544,3.090,-1.027430,nan
3uev,3uev_561,4.100,-2.482932,nan
3uev,3uev_566,4.440,-3.787632,nan
3uev,3uev_569,4.020,-2.668205,nan
3uev,3uev_573,4.390,-2.939326,nan
3uev,3uev_575,6.630,-3.843029,nan
3uev,3uev_580,5.780,-1.021499,nan
3uev,3uev_583,7.980,-4.659820,nan
3uev,3uev_585,1.810,-1.836325,nan
3uev,3uev_590,6.490,-3.710171,nan
3uev,3uev_591,5.350,-4.640315,nan
3uev,3uev_592,4.470,-2.316218,nan
3uev,3uev_598,6.400,-1.655883,nan
3uev,3uev_603,1.940,-1.976315,nan
3uev,3uev_611,2.020,-1.449510,nan
3uev,3uev_619,3.060,-2.335351,nan
3uev,3uev_62,2.820,-0.811973,nan
3uev,3uev_621,1.840,-0.535582,nan
3uev,3uev_645,5.550,-4.330880,nan
3uev,3uev_655,4.500,-6.336848,nan
3uev,3uev_659,2.410,-1.278330,nan
3uev,3uev_661,2.710,-2.178461,nan
3uev,3uev_666,3.200,-1.498984,nan
3uev,3uev_673,5.980,-4.868376,nan
3uev,3uev_675,2.080,-1.858806,nan
3uev,3uev_684,6.200,-8.520288,nan
3uev,3uev_695,6.480,-7.244890,nan
3uev,3uev_700,1.000,-0.391607,nan
3uev,3uev_72,1.310,-0.598246,nan
3uev,3uev_731,7.140,-0.470607,nan
3uev,3uev_749,2.370,-0.296923,nan
3uev,3uev_766,3.830,-1.750353,nan
3uev,3uev_778,2.140,-0.786567,nan
3uev,3uev_793,7.190,-1.633693,nan
3uev,3uev_794,1.480,-0.457261,nan
3uev,3uev_80,3.160,-0.850531,nan
3uev,3uev_800,7.190,-1.939722,nan
3uev,3uev_830,2.530,-0.910031,nan
3uev,3uev_937,7.080,-0.959127,nan
3uev,3uev_957,1.540,-0.704350,nan
3uev,3uev_975,3.070,-1.039103,nan
3uew,3uew_161,2.040,-1.076150,nan
3uew,3uew_211,7.990,-1.343410,nan
3uew,3uew_224,8.520,-1.134698,nan
3uew,3uew_229,9.010,-1.551359,nan
3uew,3uew_243,2.650,-0.401960,nan
3uew,3uew_249,7.620,-0.826726,nan
3uew,3uew_255,1.340,-0.091621,nan
3uew,3uew_281,8.200,-1.015199,nan
3uew,3uew_282,1.090,-0.116278,nan
3uew,3uew_290,1.640,-0.596525,nan
3uew,3uew_352,1.560,-0.992142,nan
3uew,3uew_404,2.970,-1.857849,nan
3uew,3uew_409,3.550,-1.765447,nan
3uew,3uew_415,7.090,-4.975865,nan
3uew,3uew_423,7.410,-3.795889,nan
3uew,3uew_431,4.630,-3.270245,nan
3uew,3uew_433,5.410,-2.589415,nan
3uew,3uew_436,1.840,-1.534593,nan
3uew,3uew_439,3.780,-2.587838,nan
3uew,3uew_444,5.520,-3.572501,nan
3uew,3uew_446,4.700,-2.610691,nan
3uew,3uew_450,5.470,-3.341458,nan
3uew,3uew_451,2.270,-0.690353,nan
3uew,3uew_454,4.020,-2.934770,nan
3uew,3uew_456,5.470,-4.487584,nan
3uew,3uew_458,9.150,-7.149197,nan
3uew,3uew_467,3.870,-2.183616,nan
3uew,3uew_471,3.080,-2.614581,nan
3uew,3uew_474,5.550,-5.264784,nan
3uew,3uew_475,4.360,-1.815503,nan
3uew,3uew_477,9.260,-3.972262,nan
3uew,3uew_481,5.160,-2.626456,nan
3uew,3uew_482,9.940,-3.719560,nan
3uew,3uew_484,8.510,-3.515059,nan
3uew,3uew_487,3.350,-1.844608,nan
3uew,3uew_488,4.780,-2.778467,nan
3uew,3uew_489,6.990,-2.254855,nan
3uew,3uew_493,7.770,-4.025378,nan
3uew,3uew_495,5.320,-3.006231,nan
3uew,3uew_508,5.170,-2.380759,nan
3uew,3uew_515,8.530,-3.507775,nan
3uew,3uew_520,6.150,-2.848899,nan
3uew,3uew_533,6.910,-3.654371,nan
3uew,3uew_537,4.040,-4.691897,nan
3uew,3uew_545,8.880,-3.133844,nan
3uew,3uew_555,6.780,-2.016677,nan
3uew,3uew_558,4.090,-1.771600,nan
3uew,3uew_564,5.730,-2.967256,nan
3uew,3uew_566,5.150,-2.188699,nan
3uew,3uew_575,6.710,-2.811914,nan
3uew,3uew_582,7.000,-1.964250,nan
3uew,3uew_583,7.180,-3.632609,nan
3uew,3uew_587,7.130,-3.337159,nan
3uew,3uew_588,6.830,-1.121604,nan
3uew,3uew_595,7.920,-3.022213,nan
3uew,3uew_603,2.270,-2.059264,nan
3uew,3uew_612,9.730,-3.949242,nan
3uew,3uew_613,1.760,-0.832307,nan
3uew,3uew_624,1.570,-1.439169,nan
3uew,3uew_644,8.060,-5.396726,nan
3uew,3uew_649,3.120,-2.039468,nan
3uew,3uew_65,1.640,-0.759462,nan
3uew,3uew_663,3.860,-4.330088,nan
3uew,3uew_664,7.970,-4.223017,nan
3uew,3uew_666,2.110,-1.303495,nan
3uew,3uew_670,7.260,-1.271129,nan
3uew,3uew_672,2.440,-1.323832,nan
3uew,3uew_675,8.980,-3.581718,nan
3uew,3uew_681,6.130,-1.854863,nan
3uew,3uew_686,4.860,-1.695147,nan
3uew,3uew_697,6.040,-3.931520,nan
3uew,3uew_7,3.570,-0.874968,nan
3uew,3uew_700,9.840,-3.326682,nan
3uew,3uew_735,4.100,-2.162687,nan
3uew,3uew_740,4.070,-2.843013,nan
3uew,3uew_751,3.130,-1.163664,nan
3uew,3uew_757,8.120,-2.426668,nan
3uew,3uew_759,1.490,-0.700031,nan
3uew,3uew_780,3.150,-1.419647,nan
3uew,3uew_787,8.270,-3.163311,nan
3uew,3uew_790,2.410,-0.742917,nan
3uew,3uew_803,2.060,-0.813880,nan
3uew,3uew_844,1.970,-0.751376,nan
3uew,3uew_880,2.550,-1.029594,nan
3uew,3uew_919,8.160,-4.441458,nan
3uex,3uex_1000,4.080,-3.093746,nan
3uex,3uex_102,1.870,-0.527066,nan
3uex,3uex_12,0.960,-0.366591,nan
3uex,3uex_187,2.310,-0.814274,nan
3uex,3uex_203,6.830,-1.667700,nan
3uex,3uex_212,1.280,-0.369425,nan
3uex,3uex_224,1.690,-0.393641,nan
3uex,3uex_227,0.730,-0.386879,nan
3uex,3uex_244,7.330,-4.065957,nan
3uex,3uex_247,0.930,-0.310565,nan
3uex,3uex_25,3.550,-2.959283,nan
3uex,3uex_254,7.590,-0.718375,nan
3uex,3uex_255,4.270,-4.659824,nan
3uex,3uex_267,0.950,-0.235664,nan
3uex,3uex_276,0.640,-0.224749,nan
3uex,3uex_292,0.700,-0.434208,nan
3uex,3uex_299,1.520,-0.546248,nan
3uex,3uex_401,6.990,-3.711819,nan
3uex,3uex_409,3.350,-2.315644,nan
3uex,3uex_411,8.710,-2.690589,nan
3uex,3uex_413,3.650,-3.539335,nan
3uex,3uex_419,8.430,-2.360763,nan
3uex,3uex_420,5.880,-1.592804,nan
3uex,3uex_424,6.620,-2.174691,nan
3uex,3uex_425,5.430,-2.078824,nan
3uex,3uex_444,7.890,-2.710806,nan
3uex,3uex_447,8.540,-3.321374,nan
3uex,3uex_452,8.210,-1.238540,nan
3uex,3uex_458,6.490,-2.570687,nan
3uex,3uex_476,7.170,-2.017404,nan
3uex,3uex_482,8.060,-3.386959,nan
3uex,3uex_483,8.360,-2.090721,nan
3uex,3uex_485,4.180,-2.981035,nan
3uex,3uex_491,6.770,-2.185130,nan
3uex,3uex_493,4.280,-4.293195,nan
3uex,3uex_498,7.580,-2.950853,nan
3uex,3uex_499,8.180,-3.515320,nan
3uex,3uex_508,2.080,-1.410419,nan
3uex,3uex_517,7.120,-3.807302,nan
3uex,3uex_521,7.350,-1.767850,nan
3uex,3uex_522,7.500,-1.029879,nan
3uex,3uex_542,3.050,-2.283952,nan
3uex,3uex_56,0.940,-0.317499,nan
3uex,3uex_562,4.150,-3.217994,nan
3uex,3uex_566,3.410,-3.786449,nan
3uex,3uex_576,2.700,-2.034071,nan
3uex,3uex_581,3.720,-2.760285,nan
3uex,3uex_585,1.660,-1.939838,nan
3uex,3uex_588,6.750,-8.545683,nan
3uex,3uex_627,5.280,-6.861969,nan
3uex,3uex_63,0.960,-0.603059,nan
3uex,3uex_630,2.820,-3.486965,nan
3uex,3uex_640,4.720,-4.665712,nan
3uex,3uex_648,2.550,-1.121371,nan
3uex,3uex_652,6.950,-3.712842,nan
3uex,3uex_657,4.860,-1.898948,nan
3uex,3uex_660,2.670,-2.502861,nan
3uex,3uex_667,5.440,-5.524187,nan
3uex,3uex_668,6.630,-6.891860,nan
3uex,3uex_678,3.620,-2.499587,nan
3uex,3uex_688,4.030,-1.964602,nan
3uex,3uex_690,7.920,-4.537476,nan
3uex,3uex_693,2.380,-1.998487,nan
3uex,3uex_696,1.970,-1.965016,nan
3uex,3uex_697,6.760,-1.695386,nan
3uex,3uex_733,1.900,-1.396532,nan
3uex,3uex_743,4.160,-2.328622,nan
3uex,3uex_748,7.410,-2.653127,nan
3uex,3uex_76,1.000,-0.472300,nan
3uex,3uex_764,3.690,-1.720526,nan
3uex,3uex_772,3.040,-1.187133,nan
3uex,3uex_775,2.570,-1.290913,nan
3uex,3uex_778,6.940,-6.733740,nan
3uex,3uex_782,3.200,-0.650707,nan
3uex,3uex_794,2.690,-1.048528,nan
3uex,3uex_815,2.560,-1.222990,nan
3uex,3uex_836,1.980,-1.162867,nan
3uex,3uex_859,4.650,-2.379599,nan
3uex,3uex_90,1.270,-0.378877,nan
3uex,3uex_94,1.360,-0.361667,nan
3uex,3uex_98,0.990,-0.491925,nan
3ui7,3ui7_133,0.500,-0.681345,nan
3ui7,3ui7_138,1.260,-1.201597,nan
3ui7,3ui7_151,2.900,-1.403152,nan
3ui7,3ui7_16,0.630,-0.858595,nan
3ui7,3ui7_208,0.630,-0.431036,nan
3ui7,3ui7_227,0.530,-0.263348,nan
3ui7,3ui7_240,5.410,-4.121123,nan
3ui7,3ui7_282,0.500,-0.476768,nan
3ui7,3ui7_287,1.010,-0.914675,nan
3ui7,3ui7_333,0.450,-0.507601,nan
3ui7,3ui7_335,0.900,-1.253650,nan
3ui7,3ui7_408,2.960,-1.577317,nan
3ui7,3ui7_424,2.280,-1.329036,nan
3ui7,3ui7_445,1.210,-1.892249,nan
3ui7,3ui7_459,1.310,-1.650750,nan
3ui7,3ui7_47,3.280,-0.764379,nan
3ui7,3ui7_471,5.380,-6.449260,nan
3ui7,3ui7_494,3.820,-1.456416,nan
3ui7,3ui7_533,5.440,-4.848914,nan
3ui7,3ui7_545,1.390,-1.498999,nan
3ui7,3ui7_552,7.070,-7.207540,nan
3ui7,3ui7_562,8.020,-8.407568,nan
3ui7,3ui7_565,7.150,-5.551121,nan
3ui7,3ui7_577,8.050,-8.177861,nan
3ui7,3ui7_578,7.620,-8.256939,nan
3ui7,3ui7_586,7.680,-7.513686,nan
3ui7,3ui7_606,8.410,-8.488357,nan
3ui7,3ui7_625,8.060,-8.442346,nan
3ui7,3ui7_630,7.020,-8.073973,nan
3ui7,3ui7_635,6.050,-6.656134,nan
3ui7,3ui7_638,8.130,-8.350395,nan
3ui7,3ui7_648,2.680,-1.684630,nan
3ui7,3ui7_651,2.930,-2.409062,nan
3ui7,3ui7_655,8.620,-8.547901,nan
3ui7,3ui7_659,8.530,-8.461466,nan
3ui7,3ui7_664,7.490,-7.453858,nan
3ui7,3ui7_673,6.440,-7.097985,nan
3ui7,3ui7_675,2.080,-1.157160,nan
3ui7,3ui7_683,1.560,-0.976460,nan
3ui7,3ui7_690,9.100,-8.580241,nan
3ui7,3ui7_696,1.660,-1.440867,nan
3ui7,3ui7_697,7.370,-7.440720,nan
3ui7,3ui7_703,3.300,-3.466448,nan
3ui7,3ui7_714,4.050,-2.613342,nan
3ui7,3ui7_718,3.440,-1.780144,nan
3ui7,3ui7_719,5.000,-4.312982,nan
3ui7,3ui7_721,5.460,-4.429745,nan
3ui7,3ui7_730,3.790,-1.617873,nan
3ui7,3ui7_732,6.180,-5.661967,nan
3ui7,3ui7_735,5.920,-5.216623,nan
3ui7,3ui7_753,6.260,-6.606636,nan
3ui7,3ui7_759,8.010,-8.315960,nan
3ui7,3ui7_760,4.670,-4.055100,nan
3ui7,3ui7_762,6.740,-7.281705,nan
3ui7,3ui7_767,4.320,-2.482623,nan
3ui7,3ui7_772,7.820,-7.182066,nan
3ui7,3ui7_774,4.310,-2.224132,nan
3ui7,3ui7_776,6.360,-5.993097,nan
3ui7,3ui7_782,5.350,-3.713008,nan
3ui7,3ui7_784,5.140,-3.915988,nan
3ui7,3ui7_786,5.640,-4.677804,nan
3ui7,3ui7_790,6.630,-7.978128,nan
3ui7,3ui7_795,6.220,-5.878286,nan
3ui7,3ui7_797,4.110,-1.925573,nan
3ui7,3ui7_818,3.350,-2.605456,nan
3ui7,3ui7_826,4.450,-3.229927,nan
3ui7,3ui7_840,5.910,-5.526113,nan
3ui7,3ui7_843,4.060,-1.640288,nan
3ui7,3ui7_859,3.970,-1.046107,nan
3ui7,3ui7_860,7.450,-7.506918,nan
3ui7,3ui7_861,3.740,-2.223957,nan
3ui7,3ui7_864,4.140,-1.301896,nan
3ui7,3ui7_877,6.700,-5.099255,nan
3ui7,3ui7_878,2.710,-2.534274,nan
3ui7,3ui7_883,4.340,-4.179330,nan
3ui7,3ui7_898,7.040,-7.595144,nan
3ui7,3ui7_90,3.110,-2.264596,nan
3ui7,3ui7_900,1.000,-0.876953,nan
3ui7,3ui7_907,0.960,-0.743245,nan
3ui7,3ui7_911,1.010,-0.795347,nan
3ui7,3ui7_922,1.650,-1.757371,nan
3ui7,3ui7_932,2.320,-2.104945,nan
3ui7,3ui7_933,1.710,-1.280420,nan
3ui7,3ui7_934,2.920,-0.981198,nan
3ui7,3ui7_942,3.050,-0.708643,nan
3ui7,3ui7_956,0.600,-0.545191,nan
3ui7,3ui7_970,6.890,-7.972718,nan
3ui7,3ui7_993,2.890,-1.788014,nan
3ui7,3ui7_995,5.360,-3.264113,nan
3uo4,3uo4_137,3.780,-1.096146,nan
3uo4,3uo4_203,2.070,-0.827253,nan
3uo4,3uo4_239,5.260,-1.101358,nan
3uo4,3uo4_25,0.930,-0.675108,nan
3uo4,3uo4_260,1.060,-0.206569,nan
3uo4,3uo4_273,0.670,-0.432784,nan
3uo4,3uo4_274,0.860,-0.356084,nan
3uo4,3uo4_282,0.710,-0.339523,nan
3uo4,3uo4_289,0.560,-0.504524,nan
3uo4,3uo4_293,5.460,-1.525542,nan
3uo4,3uo4_329,0.430,-0.308786,nan
3uo4,3uo4_33,1.690,-0.308335,nan
3uo4,3uo4_343,0.540,-0.232347,nan
3uo4,3uo4_346,6.370,-3.720312,nan
3uo4,3uo4_357,1.400,-0.255201,nan
3uo4,3uo4_360,6.860,-5.437392,nan
3uo4,3uo4_374,0.270,-0.328904,nan
3uo4,3uo4_381,3.110,-1.160439,nan
3uo4,3uo4_383,7.060,-6.056153,nan
3uo4,3uo4_386,3.330,-1.540909,nan
3uo4,3uo4_388,0.960,-0.275066,nan
3uo4,3uo4_422,5.780,-2.701784,nan
3uo4,3uo4_430,3.850,-1.440240,nan
3uo4,3uo4_435,6.070,-5.834973,nan
3uo4,3uo4_446,1.830,-0.418140,nan
3uo4,3uo4_451,7.060,-6.557716,nan
3uo4,3uo4_453,6.360,-3.688146,nan
3uo4,3uo4_462,7.660,-5.620211,nan
3uo4,3uo4_476,7.180,-6.187613,nan
3uo4,3uo4_477,5.270,-3.181571,nan
3uo4,3uo4_485,7.120,-6.975088,nan
3uo4,3uo4_488,5.510,-1.428380,nan
3uo4,3uo4_511,1.750,-1.008604,nan
3uo4,3uo4_517,2.000,-0.897092,nan
3uo4,3uo4_518,1.740,-0.672592,nan
3uo4,3uo4_521,2.170,-2.113426,nan
3uo4,3uo4_531,2.020,-0.991556,nan
3uo4,3uo4_533,1.570,-1.222110,nan
3uo4,3uo4_555,5.010,-4.475079,nan
3uo4,3uo4_562,6.540,-4.931893,nan
3uo4,3uo4_565,6.050,-3.355946,nan
3uo4,3uo4_566,5.690,-2.565138,nan
3uo4,3uo4_567,5.000,-1.274466,nan
3uo4,3uo4_568,2.950,-1.640558,nan
3uo4,3uo4_569,6.980,-4.672811,nan
3uo4,3uo4_571,3.480,-1.820741,nan
3uo4,3uo4_583,5.380,-0.840920,nan
3uo4,3uo4_584,4.600,-0.746649,nan
3uo4,3uo4_59,4.310,-0.720393,nan
3uo4,3uo4_595,3.240,-1.568709,nan
3uo4,3uo4_596,4.680,-2.677706,nan
3uo4,3uo4_605,3.490,-2.500564,nan
3uo4,3uo4_609,1.540,-1.064867,nan
3uo4,3uo4_646,1.420,-0.998698,nan
3uo4,3uo4_647,3.750,-2.976215,nan
3uo4,3uo4_658,3.210,-2.235015,nan
3uo4,3uo4_660,2.950,-1.798888,nan
3uo4,3uo4_669,2.180,-1.661266,nan
3uo4,3uo4_677,2.720,-2.268140,nan
3uo4,3uo4_678,4.380,-4.014071,nan
3uo4,3uo4_679,4.730,-3.261788,nan
3uo4,3uo4_688,3.020,-0.856722,nan
3uo4,3uo4_690,2.870,-2.291968,nan
3uo4,3uo4_691,2.290,-1.260153,nan
3uo4,3uo4_695,4.080,-3.117635,nan
3uo4,3uo4_696,2.770,-2.102215,nan
3uo4,3uo4_698,6.060,-3.683018,nan
3uo4,3uo4_710,0.520,-0.707653,nan
3uo4,3uo4_737,8.010,-7.888216,nan
3uo4,3uo4_747,7.800,-7.159196,nan
3uo4,3uo4_749,6.140,-5.089695,nan
3uo4,3uo4_750,7.240,-5.358107,nan
3uo4,3uo4_754,7.280,-5.793126,nan
3uo4,3uo4_8,4.970,-1.928677,nan
3uo4,3uo4_820,4.300,-2.682344,nan
3uo4,3uo4_822,9.000,-8.567962,nan
3uo4,3uo4_825,6.030,-5.893283,nan
3uo4,3uo4_831,8.010,-7.888216,nan
3uo4,3uo4_837,7.080,-8.162407,nan
3uo4,3uo4_844,5.810,-5.580288,nan
3uo4,3uo4_845,7.270,-6.841697,nan
3uo4,3uo4_848,8.070,-7.891442,nan
3uo4,3uo4_89,5.660,-3.108279,nan
3uo4,3uo4_942,4.620,-2.675314,nan
3uo4,3uo4_950,9.000,-8.567962,nan
3up2,3up2_100,1.980,-0.955911,nan
3up2,3up2_106,1.290,-0.483167,nan
3up2,3up2_112,6.080,-1.735525,nan
3up2,3up2_113,5.550,-2.280382,nan
3up2,3up2_156,6.720,-2.460691,nan
3up2,3up2_160,5.630,-1.638511,nan
3up2,3up2_167,6.950,-1.959648,nan
3up2,3up2_168,5.030,-1.047426,nan
3up2,3up2_189,1.020,-0.724924,nan
3up2,3up2_194,7.820,-4.348064,nan
3up2,3up2_198,2.370,-0.988938,nan
3up2,3up2_206,7.050,-1.648787,nan
3up2,3up2_220,0.500,-0.628721,nan
3up2,3up2_231,0.820,-0.287870,nan
3up2,3up2_238,0.570,-0.407089,nan
3up2,3up2_247,6.930,-1.458323,nan
3up2,3up2_276,1.090,-0.444790,nan
3up2,3up2_29,0.800,-0.346952,nan
3up2,3up2_291,3.380,-0.893872,nan
3up2,3up2_302,0.700,-0.535749,nan
3up2,3up2_310,7.230,-4.442395,nan
3up2,3up2_334,0.540,-0.426734,nan
3up2,3up2_340,4.890,-2.737319,nan
3up2,3up2_345,0.940,-0.481538,nan
3up2,3up2_349,4.980,-1.898545,nan
3up2,3up2_358,4.710,-3.122099,nan
3up2,3up2_363,3.700,-0.588089,nan
3up2,3up2_385,6.920,-3.235452,nan
3up2,3up2_4,0.670,-0.407927,nan
3up2,3up2_40,0.300,-0.352669,nan
3up2,3up2_400,2.370,-0.799013,nan
3up2,3up2_401,5.990,-1.400830,nan
3up2,3up2_413,3.060,-1.257824,nan
3up2,3up2_421,2.730,-1.460986,nan
3up2,3up2_430,6.270,-1.388172,nan
3up2,3up2_434,7.070,-3.327874,nan
3up2,3up2_435,5.840,-2.815863,nan
3up2,3up2_440,4.800,-2.278573,nan
3up2,3up2_446,5.710,-3.207912,nan
3up2,3up2_463,4.990,-1.421489,nan
3up2,3up2_464,1.910,-1.000816,nan
3up2,3up2_499,3.720,-2.646111,nan
3up2,3up2_510,1.660,-1.782651,nan
3up2,3up2_515,4.160,-1.812781,nan
3up2,3up2_518,3.490,-1.500861,nan
3up2,3up2_520,2.600,-1.396992,nan
3up2,3up2_530,6.920,-2.107858,nan
3up2,3up2_532,2.920,-2.042623,nan
3up2,3up2_533,2.710,-1.647180,nan
3up2,3up2_536,6.080,-2.766484,nan
3up2,3up2_539,1.670,-1.554316,nan
3up2,3up2_543,7.590,-3.913801,nan
3up2,3up2_551,4.560,-3.631510,nan
3up2,3up2_555,3.570,-2.361488,nan
3up2,3up2_565,5.760,-0.855573,nan
3up2,3up2_569,5.020,-2.596313,nan
3up2,3up2_570,5.730,-1.558115,nan
3up2,3up2_579,7.120,-3.756734,nan
3up2,3up2_58,0.480,-0.496127,nan
3up2,3up2_581,4.940,-2.071363,nan
3up2,3up2_584,5.840,-3.082091,nan
3up2,3up2_585,3.700,-2.608957,nan
3up2,3up2_593,7.050,-1.888065,nan
3up2,3up2_594,7.550,-2.829348,nan
3up2,3up2_596,4.850,-2.348039,nan
3up2,3up2_60,1.150,-0.480407,nan
3up2,3up2_605,1.490,-1.880093,nan
3up2,3up2_613,1.400,-1.782819,nan
3up2,3up2_617,4.310,-3.257208,nan
3up2,3up2_624,3.100,-1.761827,nan
3up2,3up2_631,2.880,-1.426311,nan
3up2,3up2_633,6.580,-2.418629,nan
3up2,3up2_639,2.080,-1.334707,nan
3up2,3up2_641,2.780,-1.000917,nan
3up2,3up2_649,2.940,-2.867361,nan
3up2,3up2_665,7.150,-2.603026,nan
3up2,3up2_673,7.520,-2.540372,nan
3up2,3up2_676,8.760,-5.514851,nan
3up2,3up2_682,3.700,-3.300882,nan
3up2,3up2_696,3.910,-1.865016,nan
3up2,3up2_859,6.360,-3.240664,nan
3uri,3uri_177,7.050,-8.531567,nan
3uri,3uri_183,6.030,-8.534531,nan
3uri,3uri_186,8.250,-8.526365,nan
3uri,3uri_197,3.260,-8.530278,nan
3uri,3uri_203,4.690,-8.521770,nan
3uri,3uri_204,8.410,-8.531292,nan
3uri,3uri_209,4.360,-8.528564,nan
3uri,3uri_210,5.980,-8.533271,nan
3uri,3uri_211,5.370,-8.541137,nan
3uri,3uri_213,5.160,-8.533489,nan
3uri,3uri_221,3.240,-8.532705,nan
3uri,3uri_223,9.190,-8.532157,nan
3uri,3uri_228,9.380,-8.517760,nan
3uri,3uri_23,6.840,-8.534845,nan
3uri,3uri_230,5.320,-8.522470,nan
3uri,3uri_232,6.610,-8.532562,nan
3uri,3uri_240,8.310,-8.532066,nan
3uri,3uri_245,4.740,-8.535745,nan
3uri,3uri_246,6.350,-8.533661,nan
3uri,3uri_247,4.730,-8.536895,nan
3uri,3uri_248,7.750,-8.513482,nan
3uri,3uri_253,3.630,-8.529344,nan
3uri,3uri_254,3.760,-8.526905,nan
3uri,3uri_255,4.710,-8.531301,nan
3uri,3uri_256,6.030,-8.518489,nan
3uri,3uri_258,5.990,-8.537314,nan
3uri,3uri_265,6.400,-8.532140,nan
3uri,3uri_267,5.790,-8.519280,nan
3uri,3uri_268,4.940,-8.528953,nan
3uri,3uri_270,8.100,-8.525887,nan
3uri,3uri_271,7.150,-8.531854,nan
3uri,3uri_275,7.700,-8.540137,nan
3uri,3uri_285,4.310,-8.526055,nan
3uri,3uri_289,7.230,-8.518280,nan
3uri,3uri_292,3.380,-8.524444,nan
3uri,3uri_294,6.590,-8.527776,nan
3uri,3uri_296,3.840,-8.531713,nan
3uri,3uri_319,5.610,-8.536119,nan
3uri,3uri_353,9.580,-8.534225,nan
3uri,3uri_365,9.590,-8.530137,nan
3uri,3uri_367,9.320,-8.519732,nan
3uri,3uri_371,5.840,-8.531048,nan
3uri,3uri_372,3.510,-8.537852,nan
3uri,3uri_376,9.030,-8.525266,nan
3uri,3uri_385,8.400,-8.542570,nan
3uri,3uri_394,8.440,-8.543890,nan
3uri,3uri_417,4.960,-8.531062,nan
3uri,3uri_439,5.760,-8.520124,nan
3uri,3uri_442,7.700,-8.524977,nan
3uri,3uri_448,7.840,-8.512877,nan
3uri,3uri_46,8.840,-8.529827,nan
3uri,3uri_476,9.240,-8.545081,nan
3uri,3uri_487,4.810,-8.534411,nan
3uri,3uri_528,6.720,-8.524236,nan
3uri,3uri_574,7.860,-8.523562,nan
3uri,3uri_597,9.460,-8.531739,nan
3uri,3uri_633,9.600,-8.526465,nan
3uri,3uri_657,9.250,-8.525684,nan
3uri,3uri_668,8.760,-8.539449,nan
3uri,3uri_683,8.910,-8.526006,nan
3uri,3uri_701,6.230,-8.527063,nan
3uri,3uri_722,3.950,-8.522598,nan
3uri,3uri_725,2.760,-8.521682,nan
3uri,3uri_797,6.440,-8.536513,nan
3uri,3uri_806,7.020,-8.528789,nan
3uri,3uri_833,8.360,-8.532937,nan
3uri,3uri_847,3.500,-8.525481,nan
3uri,3uri_859,4.610,-8.526559,nan
3uri,3uri_866,5.080,-8.531032,nan
3uri,3uri_880,2.760,-8.521682,nan
3uri,3uri_882,3.970,-8.530888,nan
3uri,3uri_90,7.970,-8.526806,nan
3utu,3utu_102,6.300,-5.387355,nan
3utu,3utu_109,8.950,-5.325287,nan
3utu,3utu_129,8.110,-5.623240,nan
3utu,3utu_132,6.540,-5.947151,nan
3utu,3utu_148,8.120,-6.360896,nan
3utu,3utu_154,7.140,-6.155005,nan
3utu,3utu_162,4.190,-4.445989,nan
3utu,3utu_164,7.500,-6.479971,nan
3utu,3utu_166,7.080,-6.140533,nan
3utu,3utu_170,7.690,-4.485560,nan
3utu,3utu_180,1.510,-0.530419,nan
3utu,3utu_183,8.150,-7.967969,nan
3utu,3utu_185,6.620,-5.666134,nan
3utu,3utu_192,6.300,-3.417629,nan
3utu,3utu_2,6.870,-4.526630,nan
3utu,3utu_200,7.930,-8.443003,nan
3utu,3utu_202,2.460,-1.758753,nan
3utu,3utu_203,3.040,-2.984129,nan
3utu,3utu_209,1.710,-1.263819,nan
3utu,3utu_211,0.980,-1.198242,nan
3utu,3utu_213,6.060,-3.193930,nan
3utu,3utu_220,2.940,-3.107226,nan
3utu,3utu_221,1.550,-0.978072,nan
3utu,3utu_233,5.730,-4.056723,nan
3utu,3utu_237,0.900,-0.964292,nan
3utu,3utu_241,1.070,-0.539179,nan
3utu,3utu_243,7.760,-8.162756,nan
3utu,3utu_249,8.070,-6.901861,nan
3utu,3utu_250,0.960,-0.654624,nan
3utu,3utu_253,3.070,-1.141523,nan
3utu,3utu_255,1.750,-2.154645,nan
3utu,3utu_271,2.280,-1.718182,nan
3utu,3utu_283,0.920,-1.016100,nan
3utu,3utu_300,0.980,-0.791023,nan
3utu,3utu_321,5.480,-3.199861,nan
3utu,3utu_33,9.120,-7.723329,nan
3utu,3utu_340,8.600,-7.138147,nan
3utu,3utu_349,6.770,-6.721294,nan
3utu,3utu_36,5.600,-6.788403,nan
3utu,3utu_374,0.450,-0.534886,nan
3utu,3utu_409,4.740,-3.689425,nan
3utu,3utu_422,4.850,-2.412239,nan
3utu,3utu_433,4.360,-2.733256,nan
3utu,3utu_436,6.540,-4.299634,nan
3utu,3utu_473,9.130,-8.409450,nan
3utu,3utu_474,3.920,-1.993402,nan
3utu,3utu_475,2.700,-2.407877,nan
3utu,3utu_491,8.010,-7.249366,nan
3utu,3utu_50,6.650,-4.532518,nan
3utu,3utu_532,9.710,-8.371802,nan
3utu,3utu_537,9.390,-8.258501,nan
3utu,3utu_570,3.620,-3.527779,nan
3utu,3utu_578,8.480,-7.940847,nan
3utu,3utu_58,9.830,-8.562121,nan
3utu,3utu_593,4.980,-3.672642,nan
3utu,3utu_599,9.830,-8.348763,nan
3utu,3utu_6,9.380,-7.884775,nan
3utu,3utu_606,5.740,-5.112271,nan
3utu,3utu_61,9.060,-4.124413,nan
3utu,3utu_620,9.440,-8.480119,nan
3utu,3utu_640,4.730,-4.440497,nan
3utu,3utu_683,6.180,-6.394480,nan
3utu,3utu_687,7.380,-3.786594,nan
3utu,3utu_691,9.630,-8.554955,nan
3utu,3utu_701,1.310,-1.168028,nan
3utu,3utu_705,2.870,-1.868571,nan
3utu,3utu_712,3.930,-2.876796,nan
3utu,3utu_713,1.970,-1.794847,nan
3utu,3utu_722,2.590,-1.742395,nan
3utu,3utu_725,1.880,-1.318847,nan
3utu,3utu_730,1.710,-0.946716,nan
3utu,3utu_741,2.730,-1.862185,nan
3utu,3utu_747,5.240,-5.014319,nan
3utu,3utu_75,8.600,-6.114088,nan
3utu,3utu_751,2.260,-1.514374,nan
3utu,3utu_759,2.780,-1.068202,nan
3utu,3utu_767,1.930,-0.788058,nan
3utu,3utu_775,3.040,-1.105220,nan
3utu,3utu_777,3.490,-1.286213,nan
3utu,3utu_778,3.330,-1.024072,nan
3utu,3utu_78,8.380,-6.192947,nan
3utu,3utu_781,3.340,-1.545071,nan
3utu,3utu_785,4.040,-2.203131,nan
3utu,3utu_797,5.090,-1.686667,nan
3utu,3utu_805,4.930,-1.722313,nan
3utu,3utu_84,5.600,-4.373054,nan
3utu,3utu_840,7.170,-4.309780,nan
3utu,3utu_843,4.460,-1.839792,nan
3utu,3utu_844,2.500,-1.002323,nan
3utu,3utu_86,7.220,-5.059247,nan
3utu,3utu_94,7.440,-5.955897,nan
3utu,3utu_963,3.260,-3.441493,nan
3utu,3utu_978,4.560,-2.587634,nan
3utu,3utu_985,5.760,-4.324674,nan
3utu,3utu_994,5.760,-1.878018,nan
3utu,3utu_995,5.230,-2.255916,nan
3uuo,3uuo_14,1.100,-1.010800,nan
3uuo,3uuo_181,0.980,-1.693356,nan
3uuo,3uuo_187,0.770,-1.672807,nan
3uuo,3uuo_212,0.710,-1.424108,nan
3uuo,3uuo_247,0.640,-1.999955,nan
3uuo,3uuo_249,9.110,-8.573378,nan
3uuo,3uuo_267,1.310,-1.427150,nan
3uuo,3uuo_269,7.310,-8.091433,nan
3uuo,3uuo_274,1.030,-0.904897,nan
3uuo,3uuo_420,0.940,-2.318393,nan
3uuo,3uuo_430,6.050,-5.623916,nan
3uuo,3uuo_440,4.050,-2.207870,nan
3uuo,3uuo_447,2.630,-2.241534,nan
3uuo,3uuo_456,3.790,-4.247103,nan
3uuo,3uuo_471,5.310,-4.222385,nan
3uuo,3uuo_497,4.960,-3.772471,nan
3uuo,3uuo_503,7.160,-7.790308,nan
3uuo,3uuo_522,7.320,-7.929905,nan
3uuo,3uuo_523,7.420,-8.361922,nan
3uuo,3uuo_525,5.310,-3.861982,nan
3uuo,3uuo_526,6.020,-6.194924,nan
3uuo,3uuo_528,7.000,-7.643976,nan
3uuo,3uuo_543,5.950,-5.161564,nan
3uuo,3uuo_546,6.610,-7.190314,nan
3uuo,3uuo_550,5.320,-4.145877,nan
3uuo,3uuo_556,7.270,-7.969240,nan
3uuo,3uuo_567,5.870,-5.524144,nan
3uuo,3uuo_568,6.080,-5.981772,nan
3uuo,3uuo_571,1.490,-2.628563,nan
3uuo,3uuo_582,7.940,-8.038478,nan
3uuo,3uuo_588,6.170,-4.840388,nan
3uuo,3uuo_590,1.480,-2.878423,nan
3uuo,3uuo_593,1.500,-2.003532,nan
3uuo,3uuo_607,5.700,-6.030309,nan
3uuo,3uuo_609,4.400,-2.048899,nan
3uuo,3uuo_614,8.390,-8.193930,nan
3uuo,3uuo_619,4.560,-2.546827,nan
3uuo,3uuo_625,5.930,-6.760481,nan
3uuo,3uuo_628,7.910,-8.548484,nan
3uuo,3uuo_635,7.120,-7.966527,nan
3uuo,3uuo_636,2.130,-2.744175,nan
3uuo,3uuo_645,1.680,-2.987602,nan
3uuo,3uuo_668,3.640,-2.231138,nan
3uuo,3uuo_669,2.340,-2.505773,nan
3uuo,3uuo_674,7.910,-8.440291,nan
3uuo,3uuo_677,2.680,-2.658954,nan
3uuo,3uuo_695,4.720,-4.294247,nan
3uuo,3uuo_7,0.740,-1.351381,nan
3uuo,3uuo_709,0.600,-1.417874,nan
3uuo,3uuo_711,0.550,-1.564466,nan
3uuo,3uuo_712,0.600,-1.517304,nan
3uuo,3uuo_721,2.920,-0.822878,nan
3uuo,3uuo_724,1.300,-2.045927,nan
3uuo,3uuo_726,3.010,-0.658640,nan
3uuo,3uuo_734,5.860,-4.653616,nan
3uuo,3uuo_739,4.310,-3.543340,nan
3uuo,3uuo_744,3.720,-2.034609,nan
3uuo,3uuo_752,2.970,-2.962540,nan
3uuo,3uuo_757,4.770,-1.329800,nan
3uuo,3uuo_759,4.920,-6.795218,nan
3uuo,3uuo_772,2.520,-1.618533,nan
3uuo,3uuo_777,3.640,-1.835047,nan
3uuo,3uuo_781,3.680,-2.987023,nan
3uuo,3uuo_783,5.890,-6.115098,nan
3uuo,3uuo_799,6.710,-7.529097,nan
3uuo,3uuo_815,1.650,-1.847525,nan
3uuo,3uuo_842,3.780,-2.666473,nan
3uuo,3uuo_843,2.440,-2.871852,nan
3uuo,3uuo_849,7.310,-8.390135,nan
3uuo,3uuo_850,6.470,-7.081089,nan
3uuo,3uuo_865,6.810,-7.879819,nan
3uuo,3uuo_871,3.830,-3.040221,nan
3uuo,3uuo_881,3.770,-2.270230,nan
3uuo,3uuo_888,5.200,-4.494020,nan
3uuo,3uuo_889,2.940,-4.177519,nan
3uuo,3uuo_890,3.380,-3.567671,nan
3uuo,3uuo_892,6.860,-7.760715,nan
3uuo,3uuo_943,0.690,-2.210786,nan
3uuo,3uuo_952,2.930,-1.284832,nan
3uuo,3uuo_968,4.240,-3.419873,nan
3uuo,3uuo_981,1.660,-2.690017,nan
3uuo,3uuo_982,4.040,-2.770868,nan
3wtj,3wtj_134,1.050,-0.792192,nan
3wtj,3wtj_157,0.600,-0.444041,nan
3wtj,3wtj_184,0.940,-0.439306,nan
3wtj,3wtj_222,1.050,-0.552346,nan
3wtj,3wtj_240,1.640,-1.254761,nan
3wtj,3wtj_258,0.930,-0.790582,nan
3wtj,3wtj_307,0.380,-0.393807,nan
3wtj,3wtj_328,0.310,-0.459978,nan
3wtj,3wtj_4,6.270,-2.103396,nan
3wtj,3wtj_404,0.740,-0.800900,nan
3wtj,3wtj_454,2.330,-2.224014,nan
3wtj,3wtj_467,2.690,-1.976091,nan
3wtj,3wtj_485,3.050,-1.887309,nan
3wtj,3wtj_500,5.660,-1.999080,nan
3wtj,3wtj_507,6.130,-1.191703,nan
3wtj,3wtj_542,5.860,-1.587750,nan
3wtj,3wtj_544,1.190,-1.491074,nan
3wtj,3wtj_547,6.340,-1.649227,nan
3wtj,3wtj_566,1.000,-1.077341,nan
3wtj,3wtj_572,6.800,-3.440416,nan
3wtj,3wtj_615,0.840,-1.017097,nan
3wtj,3wtj_628,2.710,-1.668992,nan
3wtj,3wtj_633,6.050,-2.226266,nan
3wtj,3wtj_640,6.070,-2.672854,nan
3wtj,3wtj_643,2.080,-1.658150,nan
3wtj,3wtj_648,1.130,-1.167650,nan
3wtj,3wtj_653,3.060,-2.340270,nan
3wtj,3wtj_659,6.120,-2.206393,nan
3wtj,3wtj_660,1.730,-1.464273,nan
3wtj,3wtj_663,5.620,-1.218871,nan
3wtj,3wtj_674,2.950,-2.155565,nan
3wtj,3wtj_678,3.030,-2.049235,nan
3wtj,3wtj_682,5.200,-1.873799,nan
3wtj,3wtj_683,2.190,-1.460584,nan
3wtj,3wtj_686,5.670,-1.835341,nan
3wtj,3wtj_688,5.980,-1.772843,nan
3wtj,3wtj_689,6.370,-2.212027,nan
3wtj,3wtj_696,2.750,-1.425986,nan
3wtj,3wtj_698,5.950,-1.908447,nan
3wtj,3wtj_740,2.100,-1.090752,nan
3wtj,3wtj_746,1.920,-1.406565,nan
3wtj,3wtj_755,3.430,-1.103073,nan
3wtj,3wtj_756,3.440,-1.149855,nan
3wtj,3wtj_759,3.120,-1.637518,nan
3wtj,3wtj_762,1.540,-1.408414,nan
3wtj,3wtj_764,2.790,-2.458380,nan
3wtj,3wtj_766,3.590,-1.188465,nan
3wtj,3wtj_767,3.020,-1.017089,nan
3wtj,3wtj_768,2.240,-1.945398,nan
3wtj,3wtj_770,6.700,-4.513427,nan
3wtj,3wtj_771,3.020,-0.971627,nan
3wtj,3wtj_774,5.200,-2.000529,nan
3wtj,3wtj_779,1.710,-1.331196,nan
3wtj,3wtj_780,6.600,-3.785223,nan
3wtj,3wtj_781,3.100,-1.318380,nan
3wtj,3wtj_783,5.440,-1.926820,nan
3wtj,3wtj_785,5.180,-3.889415,nan
3wtj,3wtj_962,1.020,-0.752892,nan
3wtj,3wtj_976,0.530,-0.268836,nan
3wtj,3wtj_979,0.560,-0.487170,nan
3wz8,3wz8_109,1.660,-1.233721,nan
3wz8,3wz8_124,1.800,-1.295239,nan
3wz8,3wz8_136,2.140,-0.508896,nan
3wz8,3wz8_145,2.950,-0.827329,nan
3wz8,3wz8_154,2.730,-1.068548,nan
3wz8,3wz8_243,1.320,-1.018823,nan
3wz8,3wz8_296,2.670,-1.862243,nan
3wz8,3wz8_313,3.890,-2.680077,nan
3wz8,3wz8_316,7.030,-5.689096,nan
3wz8,3wz8_318,2.230,-0.994620,nan
3wz8,3wz8_323,7.380,-5.759241,nan
3wz8,3wz8_326,8.120,-7.154044,nan
3wz8,3wz8_338,1.110,-0.770257,nan
3wz8,3wz8_364,2.740,-2.176658,nan
3wz8,3wz8_371,0.830,-0.919736,nan
3wz8,3wz8_376,0.840,-0.386157,nan
3wz8,3wz8_380,1.120,-0.678557,nan
3wz8,3wz8_391,0.960,-0.290605,nan
3wz8,3wz8_4,8.050,-8.287654,nan
3wz8,3wz8_413,4.530,-2.224430,nan
3wz8,3wz8_418,4.250,-2.565440,nan
3wz8,3wz8_455,3.700,-3.387913,nan
3wz8,3wz8_462,5.080,-4.072717,nan
3wz8,3wz8_474,4.300,-3.029774,nan
3wz8,3wz8_479,4.920,-1.970076,nan
3wz8,3wz8_484,4.240,-2.628572,nan
3wz8,3wz8_492,4.100,-2.694449,nan
3wz8,3wz8_505,9.210,-8.163756,nan
3wz8,3wz8_507,4.340,-0.959054,nan
3wz8,3wz8_510,3.970,-2.336468,nan
3wz8,3wz8_513,7.010,-2.763322,nan
3wz8,3wz8_514,6.220,-5.648217,nan
3wz8,3wz8_524,7.340,-6.985595,nan
3wz8,3wz8_527,8.230,-4.700368,nan
3wz8,3wz8_529,6.310,-3.982938,nan
3wz8,3wz8_534,6.650,-3.438504,nan
3wz8,3wz8_542,6.930,-5.838865,nan
3wz8,3wz8_544,8.740,-8.548220,nan
3wz8,3wz8_546,3.940,-2.123146,nan
3wz8,3wz8_549,9.330,-8.580730,nan
3wz8,3wz8_554,5.050,-2.098965,nan
3wz8,3wz8_557,5.390,-2.828997,nan
3wz8,3wz8_558,8.600,-6.670511,nan
3wz8,3wz8_559,9.420,-8.495216,nan
3wz8,3wz8_566,3.580,-2.485560,nan
3wz8,3wz8_568,8.910,-8.097472,nan
3wz8,3wz8_569,8.070,-4.109123,nan
3wz8,3wz8_570,8.630,-7.686954,nan
3wz8,3wz8_572,7.120,-5.805418,nan
3wz8,3wz8_573,3.420,-2.718251,nan
3wz8,3wz8_582,7.770,-4.063269,nan
3wz8,3wz8_588,6.970,-5.570575,nan
3wz8,3wz8_596,8.630,-8.613874,nan
3wz8,3wz8_600,5.260,-3.156043,nan
3wz8,3wz8_604,2.950,-2.851792,nan
3wz8,3wz8_614,5.610,-2.626557,nan
3wz8,3wz8_617,6.140,-4.621924,nan
3wz8,3wz8_623,7.330,-6.245387,nan
3wz8,3wz8_627,6.350,-3.017995,nan
3wz8,3wz8_631,5.010,-2.333168,nan
3wz8,3wz8_633,7.090,-5.904076,nan
3wz8,3wz8_641,2.810,-3.398020,nan
3wz8,3wz8_642,5.890,-5.919323,nan
3wz8,3wz8_645,5.630,-4.674834,nan
3wz8,3wz8_651,6.420,-4.957890,nan
3wz8,3wz8_657,7.570,-5.411641,nan
3wz8,3wz8_659,4.870,-1.454035,nan
3wz8,3wz8_667,4.120,-2.551847,nan
3wz8,3wz8_670,5.110,-3.272879,nan
3wz8,3wz8_671,6.740,-5.713078,nan
3wz8,3wz8_680,4.680,-3.969732,nan
3wz8,3wz8_684,5.030,-3.362729,nan
3wz8,3wz8_686,8.730,-6.699661,nan
3wz8,3wz8_688,3.730,-3.189533,nan
3wz8,3wz8_695,6.530,-3.853526,nan
3wz8,3wz8_700,3.740,-0.775126,nan
3wz8,3wz8_705,1.120,-0.690802,nan
3wz8,3wz8_713,1.750,-0.795712,nan
3wz8,3wz8_721,2.520,-2.488785,nan
3wz8,3wz8_782,7.800,-7.558749,nan
3wz8,3wz8_86,2.100,-1.229484,nan
3wz8,3wz8_946,3.670,-1.361234,nan
3wz8,3wz8_965,3.670,-2.504229,nan
3zdg,3zdg_100,0.850,-0.723224,nan
3zdg,3zdg_141,2.050,-1.814277,nan
3zdg,3zdg_232,2.090,-1.715865,nan
3zdg,3zdg_237,1.730,-1.092416,nan
3zdg,3zdg_266,1.480,-1.305808,nan
3zdg,3zdg_286,2.010,-1.264718,nan
3zdg,3zdg_300,1.850,-1.207881,nan
3zdg,3zdg_32,0.880,-0.509736,nan
3zdg,3zdg_425,3.760,-1.831591,nan
3zdg,3zdg_43,0.660,-0.568792,nan
3zdg,3zdg_466,4.040,-2.743496,nan
3zdg,3zdg_499,3.690,-2.527913,nan
3zdg,3zdg_509,5.870,-6.919486,nan
3zdg,3zdg_52,0.560,-0.669489,nan
3zdg,3zdg_532,3.490,-2.016661,nan
3zdg,3zdg_538,5.190,-3.585643,nan
3zdg,3zdg_542,5.490,-5.459567,nan
3zdg,3zdg_556,6.030,-6.702335,nan
3zdg,3zdg_574,5.630,-6.265270,nan
3zdg,3zdg_600,4.160,-4.003461,nan
3zdg,3zdg_653,4.040,-0.603287,nan
3zdg,3zdg_660,4.120,-2.380985,nan
3zdg,3zdg_705,0.380,-0.607845,nan
3zdg,3zdg_738,2.040,-1.546419,nan
3zdg,3zdg_753,2.200,-0.994315,nan
3zdg,3zdg_758,2.330,-1.675729,nan
3zdg,3zdg_764,4.040,-2.203977,nan
3zdg,3zdg_765,3.660,-1.500971,nan
3zdg,3zdg_767,2.250,-1.391594,nan
3zdg,3zdg_774,4.460,-2.776581,nan
3zdg,3zdg_778,3.800,-1.089260,nan
3zdg,3zdg_780,4.020,-0.891285,nan
3zdg,3zdg_787,3.600,-3.453570,nan
3zdg,3zdg_788,3.890,-1.028585,nan
3zdg,3zdg_790,1.850,-1.344493,nan
3zdg,3zdg_792,1.530,-1.324360,nan
3zdg,3zdg_793,4.010,-2.323873,nan
3zdg,3zdg_797,1.800,-1.228673,nan
3zdg,3zdg_798,3.950,-4.768231,nan
3zdg,3zdg_799,1.440,-0.617656,nan
3zdg,3zdg_803,2.030,-1.437388,nan
3zdg,3zdg_804,1.490,-1.272157,nan
3zdg,3zdg_811,0.590,-0.571708,nan
3zdg,3zdg_842,0.860,-0.684434,nan
3zdg,3zdg_862,2.410,-1.239288,nan
3zdg,3zdg_868,3.560,-2.389556,nan
3zdg,3zdg_883,5.090,-5.519053,nan
3zdg,3zdg_890,1.760,-1.197906,nan
3zdg,3zdg_896,1.660,-0.654618,nan
3zdg,3zdg_9,0.710,-0.444661,nan
3zdg,3zdg_903,0.510,-0.849902,nan
3zdg,3zdg_911,5.270,-5.965324,nan
3zdg,3zdg_929,1.000,-0.734048,nan
3zdg,3zdg_961,2.230,-1.891158,nan
3zdg,3zdg_994,3.810,-1.201424,nan
3zso,3zso_124,7.080,-4.241636,nan
3zso,3zso_139,4.840,-2.395514,nan
3zso,3zso_140,6.810,-2.788949,nan
3zso,3zso_148,5.330,-2.086632,nan
3zso,3zso_201,5.440,-1.851574,nan
3zso,3zso_217,6.290,-0.796169,nan
3zso,3zso_221,3.480,-0.674687,nan
3zso,3zso_224,4.240,-1.494475,nan
3zso,3zso_23,8.700,-6.988963,nan
3zso,3zso_233,7.440,-3.334957,nan
3zso,3zso_240,7.290,-2.046264,nan
3zso,3zso_241,5.570,-1.758384,nan
3zso,3zso_250,7.670,-3.915782,nan
3zso,3zso_251,4.950,-1.508465,nan
3zso,3zso_255,5.310,-0.715806,nan
3zso,3zso_263,6.430,-1.573732,nan
3zso,3zso_266,3.290,-1.943411,nan
3zso,3zso_269,4.260,-1.364120,nan
3zso,3zso_275,4.280,-0.438348,nan
3zso,3zso_282,9.060,-1.872243,nan
3zso,3zso_285,8.460,-2.769192,nan
3zso,3zso_287,8.720,-3.800796,nan
3zso,3zso_288,5.260,-0.829543,nan
3zso,3zso_293,4.750,-0.950179,nan
3zso,3zso_295,5.300,-1.423736,nan
3zso,3zso_325,8.390,-4.185624,nan
3zso,3zso_33,8.520,-5.811753,nan
3zso,3zso_350,7.680,-1.817134,nan
3zso,3zso_351,6.920,-2.610136,nan
3zso,3zso_353,4.860,-1.998692,nan
3zso,3zso_387,6.480,-1.425897,nan
3zso,3zso_394,5.380,-1.232013,nan
3zso,3zso_397,6.270,-2.462603,nan
3zso,3zso_410,2.120,-1.815643,nan
3zso,3zso_423,3.930,-2.587536,nan
3zso,3zso_46,6.430,-0.993484,nan
3zso,3zso_499,8.120,-5.280378,nan
3zso,3zso_532,3.840,-2.427599,nan
3zso,3zso_545,7.260,-5.488218,nan
3zso,3zso_573,8.210,-6.173536,nan
3zso,3zso_584,8.510,-3.794876,nan
3zso,3zso_585,7.270,-5.160832,nan
3zso,3zso_587,8.820,-8.275115,nan
3zso,3zso_595,7.030,-5.789641,nan
3zso,3zso_6,2.780,-1.243956,nan
3zso,3zso_608,5.050,-3.682623,nan
3zso,3zso_648,6.310,-5.542735,nan
3zso,3zso_652,6.940,-6.268427,nan
3zso,3zso_653,6.910,-6.256169,nan
3zso,3zso_662,3.680,-2.494748,nan
3zso,3zso_676,5.420,-2.423573,nan
3zso,3zso_686,2.620,-2.331853,nan
3zso,3zso_738,5.270,-1.766181,nan
3zso,3zso_799,1.590,-1.054014,nan
3zso,3zso_810,1.740,-1.350894,nan
3zso,3zso_818,2.150,-1.245099,nan
3zso,3zso_84,7.570,-1.571977,nan
3zso,3zso_847,3.060,-1.901393,nan
3zso,3zso_866,3.710,-1.600609,nan
3zso,3zso_87,7.280,-4.265422,nan
3zso,3zso_871,3.610,-0.888295,nan
3zso,3zso_894,4.580,-2.802512,nan
3zso,3zso_898,2.080,-1.030192,nan
3zso,3zso_899,1.990,-2.078840,nan
3zso,3zso_902,1.590,-1.054014,nan
3zso,3zso_910,2.050,-0.694089,nan
3zso,3zso_920,1.740,-1.350894,nan
3zso,3zso_923,2.490,-1.231549,nan
3zso,3zso_925,2.950,-0.726870,nan
3zso,3zso_93,4.400,-2.177153,nan
3zso,3zso_933,2.030,-1.751934,nan
3zso,3zso_94,8.760,-1.421479,nan
3zso,3zso_959,2.910,-0.981789,nan
3zso,3zso_980,3.670,-0.980466,nan
3zso,3zso_988,3.550,-2.311039,nan
3zso,3zso_994,4.790,-1.390841,nan
3zsx,3zsx_113,8.160,-6.174830,nan
3zsx,3zsx_136,8.480,-6.119399,nan
3zsx,3zsx_138,5.010,-4.440638,nan
3zsx,3zsx_175,8.790,-5.947356,nan
3zsx,3zsx_20,7.410,-3.025548,nan
3zsx,3zsx_201,5.280,-4.847617,nan
3zsx,3zsx_21,8.810,-5.292931,nan
3zsx,3zsx_210,3.970,-3.648048,nan
3zsx,3zsx_213,3.610,-0.794710,nan
3zsx,3zsx_217,3.310,-1.849841,nan
3zsx,3zsx_226,7.410,-4.054121,nan
3zsx,3zsx_229,3.970,-1.292818,nan
3zsx,3zsx_230,1.770,-1.048575,nan
3zsx,3zsx_231,4.550,-2.718642,nan
3zsx,3zsx_235,3.840,-4.037831,nan
3zsx,3zsx_237,5.240,-2.166409,nan
3zsx,3zsx_240,4.520,-1.006056,nan
3zsx,3zsx_247,3.230,-1.191958,nan
3zsx,3zsx_253,5.120,-1.848106,nan
3zsx,3zsx_254,1.500,-0.915160,nan
3zsx,3zsx_26,7.610,-4.317735,nan
3zsx,3zsx_262,4.370,-1.288066,nan
3zsx,3zsx_274,4.100,-1.849875,nan
3zsx,3zsx_282,2.380,-1.394347,nan
3zsx,3zsx_293,1.230,-1.191759,nan
3zsx,3zsx_3,9.560,-4.329281,nan
3zsx,3zsx_318,9.850,-5.403990,nan
3zsx,3zsx_32,9.630,-5.403732,nan
3zsx,3zsx_326,9.730,-6.209021,nan
3zsx,3zsx_329,3.510,-0.401813,nan
3zsx,3zsx_337,4.350,-3.476016,nan
3zsx,3zsx_345,4.810,-2.322340,nan
3zsx,3zsx_359,8.580,-5.524057,nan
3zsx,3zsx_374,8.510,-8.613752,nan
3zsx,3zsx_379,3.950,-0.758789,nan
3zsx,3zsx_395,9.510,-5.778871,nan
3zsx,3zsx_4,7.930,-3.983693,nan
3zsx,3zsx_40,8.760,-5.934882,nan
3zsx,3zsx_408,6.210,-3.616254,nan
3zsx,3zsx_419,7.930,-3.461244,nan
3zsx,3zsx_436,6.600,-3.392177,nan
3zsx,3zsx_456,6.130,-2.436550,nan
3zsx,3zsx_46,4.940,-5.175344,nan
3zsx,3zsx_487,7.300,-3.095434,nan
3zsx,3zsx_495,5.660,-3.270756,nan
3zsx,3zsx_51,8.550,-5.416192,nan
3zsx,3zsx_52,9.740,-5.725129,nan
3zsx,3zsx_524,6.830,-7.489384,nan
3zsx,3zsx_537,2.770,-1.919560,nan
3zsx,3zsx_545,7.040,-3.757474,nan
3zsx,3zsx_556,5.680,-2.582919,nan
3zsx,3zsx_568,6.690,-7.373688,nan
3zsx,3zsx_569,7.980,-8.356339,nan
3zsx,3zsx_576,5.010,-2.787482,nan
3zsx,3zsx_582,4.110,-4.464929,nan
3zsx,3zsx_585,5.070,-3.391548,nan
3zsx,3zsx_586,7.400,-6.786654,nan
3zsx,3zsx_599,7.730,-4.812820,nan
3zsx,3zsx_608,2.750,-2.523387,nan
3zsx,3zsx_628,5.070,-5.516061,nan
3zsx,3zsx_636,6.070,-6.044964,nan
3zsx,3zsx_637,6.100,-6.067060,nan
3zsx,3zsx_667,2.910,-1.598885,nan
3zsx,3zsx_674,6.170,-5.294357,nan
3zsx,3zsx_677,9.510,-5.240697,nan
3zsx,3zsx_684,5.650,-7.581567,nan
3zsx,3zsx_713,2.750,-1.383106,nan
3zsx,3zsx_714,1.130,-0.509632,nan
3zsx,3zsx_74,8.700,-6.694136,nan
3zsx,3zsx_741,1.640,-1.641196,nan
3zsx,3zsx_749,3.260,-2.316954,nan
3zsx,3zsx_75,9.390,-5.139586,nan
3zsx,3zsx_759,2.200,-2.029125,nan
3zsx,3zsx_76,6.170,-1.706089,nan
3zsx,3zsx_773,2.650,-1.177113,nan
3zsx,3zsx_774,2.890,-2.292252,nan
3zsx,3zsx_776,3.720,-3.060397,nan
3zsx,3zsx_780,2.240,-2.362685,nan
3zsx,3zsx_79,6.540,-1.646256,nan
3zsx,3zsx_791,4.560,-5.598100,nan
3zsx,3zsx_80,9.760,-6.282043,nan
3zsx,3zsx_859,1.540,-2.352494,nan
3zsx,3zsx_90,8.710,-3.915911,nan
3zsx,3zsx_908,1.960,-0.805200,nan
3zsx,3zsx_91,9.480,-4.785447,nan
3zsx,3zsx_933,2.400,-1.420798,nan
3zsx,3zsx_955,1.910,-0.682874,nan
3zsx,3zsx_961,1.780,-0.651567,nan
3zsx,3zsx_965,1.870,-0.505332,nan
3zsx,3zsx_978,4.030,-1.242162,nan
3zt2,3zt2_116,0.960,-0.618191,nan
3zt2,3zt2_119,1.150,-0.879866,nan
3zt2,3zt2_122,1.310,-0.988892,nan
3zt2,3zt2_136,1.020,-1.003460,nan
3zt2,3zt2_173,0.320,-0.868629,nan
3zt2,3zt2_182,1.410,-1.353455,nan
3zt2,3zt2_195,0.680,-0.592342,nan
3zt2,3zt2_233,0.640,-0.485344,nan
3zt2,3zt2_250,0.350,-0.494206,nan
3zt2,3zt2_323,0.820,-0.629185,nan
3zt2,3zt2_410,1.110,-1.044402,nan
3zt2,3zt2_433,0.970,-0.916214,nan
3zt2,3zt2_444,1.220,-0.981471,nan
3zt2,3zt2_463,2.910,-2.725043,nan
3zt2,3zt2_472,2.110,-1.534954,nan
3zt2,3zt2_473,2.130,-1.630981,nan
3zt2,3zt2_474,1.230,-1.018138,nan
3zt2,3zt2_491,1.740,-2.110717,nan
3zt2,3zt2_5,0.390,-0.471832,nan
3zt2,3zt2_529,1.260,-1.315469,nan
3zt2,3zt2_541,0.960,-0.967922,nan
3zt2,3zt2_561,3.810,-1.236578,nan
3zt2,3zt2_566,4.930,-3.409886,nan
3zt2,3zt2_568,4.200,-1.433111,nan
3zt2,3zt2_571,3.900,-0.970838,nan
3zt2,3zt2_578,4.060,-1.444296,nan
3zt2,3zt2_585,2.160,-0.887221,nan
3zt2,3zt2_589,1.480,-0.925927,nan
3zt2,3zt2_592,5.950,-2.647738,nan
3zt2,3zt2_600,5.010,-2.525868,nan
3zt2,3zt2_649,2.300,-2.067566,nan
3zt2,3zt2_650,2.080,-1.882284,nan
3zt2,3zt2_656,4.120,-2.833472,nan
3zt2,3zt2_670,3.390,-3.531103,nan
3zt2,3zt2_680,3.840,-1.456046,nan
3zt2,3zt2_684,2.360,-2.890302,nan
3zt2,3zt2_685,3.810,-2.143314,nan
3zt2,3zt2_687,4.420,-3.472446,nan
3zt2,3zt2_694,4.440,-1.199715,nan
3zt2,3zt2_696,3.090,-2.266768,nan
3zt2,3zt2_697,6.350,-4.729857,nan
3zt2,3zt2_707,4.020,-1.750700,nan
3zt2,3zt2_728,5.410,-4.872151,nan
3zt2,3zt2_732,2.980,-2.732601,nan
3zt2,3zt2_741,3.010,-2.693532,nan
3zt2,3zt2_753,4.630,-3.044733,nan
3zt2,3zt2_758,5.110,-4.772522,nan
3zt2,3zt2_760,4.430,-3.208773,nan
3zt2,3zt2_761,5.200,-3.476039,nan
3zt2,3zt2_774,5.850,-4.775649,nan
3zt2,3zt2_781,6.110,-4.924206,nan
3zt2,3zt2_782,5.950,-4.792560,nan
3zt2,3zt2_784,6.490,-5.772434,nan
3zt2,3zt2_789,3.630,-1.949800,nan
3zt2,3zt2_793,5.650,-4.617850,nan
3zt2,3zt2_8,0.490,-0.654229,nan
3zt2,3zt2_80,3.630,-0.326449,nan
3zt2,3zt2_804,2.630,-2.339502,nan
3zt2,3zt2_818,2.340,-2.192504,nan
3zt2,3zt2_838,4.020,-3.179839,nan
3zt2,3zt2_844,3.630,-3.473466,nan
3zt2,3zt2_869,5.590,-4.672203,nan
3zt2,3zt2_873,5.800,-6.017989,nan
4abg,4abg_149,0.930,-0.934502,nan
4abg,4abg_236,3.030,-1.836178,nan
4abg,4abg_263,0.970,-1.209477,nan
4abg,4abg_408,3.670,-2.776693,nan
4abg,4abg_414,1.890,-2.475895,nan
4abg,4abg_429,3.820,-2.076875,nan
4abg,4abg_430,0.970,-1.236006,nan
4abg,4abg_450,0.970,-1.969401,nan
4abg,4abg_465,4.270,-1.886872,nan
4abg,4abg_475,3.120,-2.033361,nan
4abg,4abg_479,2.110,-2.962205,nan
4abg,4abg_537,5.300,-3.782156,nan
4abg,4abg_552,4.600,-3.622302,nan
4abg,4abg_572,5.210,-2.487739,nan
4abg,4abg_573,4.120,-1.731784,nan
4abg,4abg_580,5.290,-2.116511,nan
4abg,4abg_587,2.660,-2.071321,nan
4abg,4abg_593,5.360,-2.220795,nan
4abg,4abg_597,5.430,-2.456347,nan
4abg,4abg_710,0.720,-1.009078,nan
4abg,4abg_718,1.010,-1.682104,nan
4abg,4abg_719,4.180,-4.645380,nan
4abg,4abg_741,4.770,-4.822021,nan
4abg,4abg_750,1.900,-2.133255,nan
4abg,4abg_751,2.760,-2.507324,nan
4abg,4abg_757,3.140,-2.797841,nan
4abg,4abg_761,2.870,-1.873156,nan
4abg,4abg_769,4.880,-3.531459,nan
4abg,4abg_770,3.090,-1.777869,nan
4abg,4abg_778,4.430,-2.594486,nan
4abg,4abg_780,3.610,-3.536016,nan
4abg,4abg_781,3.640,-2.728892,nan
4abg,4abg_782,2.290,-1.848228,nan
4abg,4abg_784,5.370,-4.548852,nan
4abg,4abg_786,4.520,-4.936953,nan
4abg,4abg_787,4.600,-3.024364,nan
4abg,4abg_788,3.980,-3.292891,nan
4abg,4abg_792,5.470,-4.614881,nan
4abg,4abg_793,5.890,-5.404564,nan
4abg,4abg_800,0.550,-0.922906,nan
4abg,4abg_808,1.010,-1.403535,nan
4abg,4abg_814,1.000,-0.932178,nan
4abg,4abg_824,0.960,-0.949773,nan
4abg,4abg_826,1.470,-2.054028,nan
4abg,4abg_835,0.910,-1.046827,nan
4abg,4abg_839,1.510,-1.144947,nan
4abg,4abg_840,1.180,-2.083443,nan
4abg,4abg_845,0.990,-1.419913,nan
4abg,4abg_848,1.840,-3.032743,nan
4abg,4abg_857,2.770,-1.263470,nan
4abg,4abg_860,3.210,-1.781333,nan
4abg,4abg_864,6.300,-4.875602,nan
4abg,4abg_865,2.580,-2.580568,nan
4abg,4abg_875,4.430,-2.822311,nan
4abg,4abg_885,9.040,-7.875343,nan
4abg,4abg_888,6.930,-5.817771,nan
4abg,4abg_955,2.300,-2.168768,nan
4abg,4abg_956,1.280,-1.972983,nan
4abg,4abg_973,2.330,-2.142029,nan
4abg,4abg_980,1.020,-1.576036,nan
4abg,4abg_983,2.720,-1.241969,nan
4agn,4agn_109,4.490,-1.482476,nan
4agn,4agn_125,8.260,-1.372760,nan
4agn,4agn_204,1.950,-1.091310,nan
4agn,4agn_205,2.100,-2.280406,nan
4agn,4agn_226,9.280,-1.927078,nan
4agn,4agn_228,1.070,-0.739830,nan
4agn,4agn_251,0.990,-0.671350,nan
4agn,4agn_257,0.840,-0.955578,nan
4agn,4agn_266,3.640,-0.716872,nan
4agn,4agn_267,3.860,-2.222961,nan
4agn,4agn_272,4.370,-2.745214,nan
4agn,4agn_280,0.890,-1.390643,nan
4agn,4agn_290,1.280,-0.686392,nan
4agn,4agn_299,2.060,-1.132464,nan
4agn,4agn_318,6.810,-1.721041,nan
4agn,4agn_380,6.510,-0.975119,nan
4agn,4agn_4,7.430,-2.202831,nan
4agn,4agn_402,8.120,-2.315483,nan
4agn,4agn_405,8.300,-2.345115,nan
4agn,4agn_411,9.500,-3.827376,nan
4agn,4agn_415,9.080,-3.083887,nan
4agn,4agn_425,9.150,-4.213195,nan
4agn,4agn_43,5.190,-4.520487,nan
4agn,4agn_446,7.780,-2.009030,nan
4agn,4agn_447,7.140,-2.609140,nan
4agn,4agn_456,8.580,-4.509622,nan
4agn,4agn_463,8.300,-2.817005,nan
4agn,4agn_477,5.410,-2.121301,nan
4agn,4agn_494,6.820,-1.332614,nan
4agn,4agn_498,3.670,-3.590229,nan
4agn,4agn_502,8.900,-3.043904,nan
4agn,4agn_505,9.020,-1.595959,nan
4agn,4agn_506,1.490,-2.992455,nan
4agn,4agn_511,8.350,-2.912738,nan
4agn,4agn_516,8.690,-2.906097,nan
4agn,4agn_517,1.510,-1.328371,nan
4agn,4agn_519,1.930,-1.037922,nan
4agn,4agn_524,5.630,-4.177631,nan
4agn,4agn_526,3.610,-2.370909,nan
4agn,4agn_535,2.700,-2.554407,nan
4agn,4agn_536,7.960,-1.662930,nan
4agn,4agn_538,7.350,-1.725704,nan
4agn,4agn_539,9.340,-2.583520,nan
4agn,4agn_540,6.710,-8.583595,nan
4agn,4agn_542,7.830,-7.043412,nan
4agn,4agn_554,2.600,-1.561515,nan
4agn,4agn_555,4.090,-4.850990,nan
4agn,4agn_557,8.620,-1.622640,nan
4agn,4agn_561,3.550,-1.334082,nan
4agn,4agn_566,7.070,-7.123989,nan
4agn,4agn_567,5.610,-8.063019,nan
4agn,4agn_568,4.940,-2.172305,nan
4agn,4agn_579,5.480,-8.086740,nan
4agn,4agn_582,6.920,-3.038532,nan
4agn,4agn_591,6.700,-3.784403,nan
4agn,4agn_593,3.370,-4.210722,nan
4agn,4agn_595,3.420,-4.282052,nan
4agn,4agn_596,7.200,-7.863666,nan
4agn,4agn_597,2.210,-3.192037,nan
4agn,4agn_603,1.710,-1.081686,nan
4agn,4agn_608,9.180,-1.532915,nan
4agn,4agn_629,1.700,-2.461211,nan
4agn,4agn_633,9.790,-2.985726,nan
4agn,4agn_643,1.870,-1.405265,nan
4agn,4agn_644,4.870,-3.821281,nan
4agn,4agn_657,3.060,-2.847751,nan
4agn,4agn_659,3.770,-1.054825,nan
4agn,4agn_660,3.410,-2.060069,nan
4agn,4agn_664,9.030,-2.722045,nan
4agn,4agn_665,2.540,-1.299382,nan
4agn,4agn_669,2.160,-1.438470,nan
4agn,4agn_670,4.210,-4.019746,nan
4agn,4agn_677,7.080,-3.648816,nan
4agn,4agn_678,4.970,-5.654514,nan
4agn,4agn_681,9.020,-1.914692,nan
4agn,4agn_682,2.990,-0.725003,nan
4agn,4agn_687,5.390,-1.525194,nan
4agn,4agn_690,6.010,-1.818494,nan
4agn,4agn_691,5.490,-5.648654,nan
4agn,4agn_712,4.280,-5.579239,nan
4agn,4agn_715,0.770,-1.777953,nan
4agn,4agn_727,7.150,-4.174818,nan
4agn,4agn_754,5.360,-6.843511,nan
4agn,4agn_76,6.740,-5.437695,nan
4agn,4agn_765,6.390,-8.421483,nan
4agn,4agn_768,4.510,-4.863697,nan
4agn,4agn_772,5.750,-6.012210,nan
4agn,4agn_78,6.500,-7.305633,nan
4agn,4agn_785,4.010,-3.403639,nan
4agn,4agn_833,8.370,-5.682383,nan
4agn,4agn_844,2.110,-0.978057,nan
4agn,4agn_855,5.110,-8.155232,nan
4agn,4agn_931,0.990,-1.403131,nan
4agn,4agn_979,1.980,-0.546684,nan
4agn,4agn_984,2.870,-3.163988,nan
4agn,4agn_987,0.800,-1.770940,nan
4agp,4agp_134,5.590,-2.153207,nan
4agp,4agp_202,2.960,-2.376855,nan
4agp,4agp_208,1.770,-1.007526,nan
4agp,4agp_223,2.890,-1.403350,nan
4agp,4agp_23,8.780,-8.349469,nan
4agp,4agp_251,1.080,-1.691637,nan
4agp,4agp_253,1.910,-0.873572,nan
4agp,4agp_260,2.480,-0.878211,nan
4agp,4agp_261,1.370,-2.132649,nan
4agp,4agp_266,3.280,-1.349191,nan
4agp,4agp_268,6.980,-4.939685,nan
4agp,4agp_271,2.150,-1.721378,nan
4agp,4agp_283,2.460,-0.759345,nan
4agp,4agp_285,3.560,-1.407746,nan
4agp,4agp_288,2.090,-1.931477,nan
4agp,4agp_294,3.550,-2.899455,nan
4agp,4agp_3,8.490,-4.917931,nan
4agp,4agp_300,1.990,-1.415932,nan
4agp,4agp_301,6.640,-7.006936,nan
4agp,4agp_313,1.240,-2.494819,nan
4agp,4agp_324,9.030,-8.354241,nan
4agp,4agp_328,1.560,-1.255809,nan
4agp,4agp_33,8.630,-8.197593,nan
4agp,4agp_330,7.100,-7.544958,nan
4agp,4agp_35,9.820,-8.517939,nan
4agp,4agp_350,0.970,-2.019714,nan
4agp,4agp_389,7.710,-8.301675,nan
4agp,4agp_390,5.290,-3.465101,nan
4agp,4agp_391,6.920,-1.853307,nan
4agp,4agp_405,7.730,-3.295544,nan
4agp,4agp_406,9.080,-3.046194,nan
4agp,4agp_421,6.320,-3.510138,nan
4agp,4agp_423,8.200,-3.592294,nan
4agp,4agp_446,3.400,-3.570182,nan
4agp,4agp_461,7.480,-3.452080,nan
4agp,4agp_463,10.000,-1.406622,nan
4agp,4agp_465,5.930,-2.321974,nan
4agp,4agp_469,7.890,-6.283095,nan
4agp,4agp_47,1.550,-0.660897,nan
4agp,4agp_472,4.390,-0.986318,nan
4agp,4agp_474,2.880,-1.501242,nan
4agp,4agp_482,3.840,-2.276822,nan
4agp,4agp_489,4.210,-3.489621,nan
4agp,4agp_495,7.610,-4.335877,nan
4agp,4agp_496,6.190,-3.001767,nan
4agp,4agp_499,2.790,-3.327687,nan
4agp,4agp_517,3.010,-2.797371,nan
4agp,4agp_523,1.900,-1.666441,nan
4agp,4agp_527,5.950,-4.714431,nan
4agp,4agp_532,4.560,-5.003028,nan
4agp,4agp_533,6.490,-7.017235,nan
4agp,4agp_546,8.830,-2.091299,nan
4agp,4agp_561,7.780,-6.025599,nan
4agp,4agp_562,6.030,-4.685575,nan
4agp,4agp_563,3.900,-2.262940,nan
4agp,4agp_578,3.970,-3.452072,nan
4agp,4agp_596,8.260,-1.405213,nan
4agp,4agp_612,2.140,-2.324817,nan
4agp,4agp_629,3.610,-4.022634,nan
4agp,4agp_643,7.820,-8.580014,nan
4agp,4agp_646,4.260,-4.076636,nan
4agp,4agp_651,3.010,-1.648401,nan
4agp,4agp_656,1.920,-1.078167,nan
4agp,4agp_657,4.230,-3.445035,nan
4agp,4agp_659,4.020,-1.372221,nan
4agp,4agp_662,9.010,-1.774723,nan
4agp,4agp_681,5.950,-6.073294,nan
4agp,4agp_685,4.340,-6.374527,nan
4agp,4agp_686,5.090,-1.092344,nan
4agp,4agp_692,4.290,-5.258125,nan
4agp,4agp_703,6.230,-7.585395,nan
4agp,4agp_709,0.940,-2.869927,nan
4agp,4agp_710,0.970,-2.568008,nan
4agp,4agp_716,0.700,-2.788441,nan
4agp,4agp_718,9.050,-8.602962,nan
4agp,4agp_724,6.390,-3.597447,nan
4agp,4agp_726,5.860,-7.034263,nan
4agp,4agp_727,7.860,-3.420434,nan
4agp,4agp_766,8.560,-8.599062,nan
4agp,4agp_769,1.000,-2.425863,nan
4agp,4agp_775,0.690,-2.101570,nan
4agp,4agp_797,5.560,-8.378190,nan
4agp,4agp_817,4.970,-6.293648,nan
4agp,4agp_82,7.290,-0.800539,nan
4agp,4agp_822,8.380,-7.115723,nan
4agp,4agp_837,8.770,-2.835578,nan
4agp,4agp_84,9.480,-8.328131,nan
4agp,4agp_847,5.510,-3.032958,nan
4agp,4agp_848,5.990,-5.371140,nan
4agp,4agp_849,2.970,-4.067681,nan
4agp,4agp_857,4.290,-4.301332,nan
4agp,4agp_86,8.640,-8.351660,nan
4agp,4agp_87,9.940,-7.392852,nan
4agp,4agp_924,9.030,-7.951303,nan
4agp,4agp_94,9.290,-8.581827,nan
4agp,4agp_98,6.340,-6.648897,nan
4agq,4agq_114,2.500,-0.979648,nan
4agq,4agq_121,4.050,-0.865255,nan
4agq,4agq_151,1.960,-0.897972,nan
4agq,4agq_158,6.770,-1.369046,nan
4agq,4agq_204,4.150,-2.625708,nan
4agq,4agq_205,1.390,-2.498927,nan
4agq,4agq_217,7.790,-6.959420,nan
4agq,4agq_219,7.590,-6.457547,nan
4agq,4agq_221,2.110,-1.418566,nan
4agq,4agq_228,1.930,-0.990965,nan
4agq,4agq_234,1.940,-0.962935,nan
4agq,4agq_236,1.730,-1.061262,nan
4agq,4agq_25,9.400,-8.429184,nan
4agq,4agq_254,2.720,-0.943351,nan
4agq,4agq_268,3.960,-2.152182,nan
4agq,4agq_27,6.090,-6.504244,nan
4agq,4agq_272,2.010,-1.136732,nan
4agq,4agq_326,8.330,-2.578877,nan
4agq,4agq_339,0.950,-1.330429,nan
4agq,4agq_35,8.890,-8.219789,nan
4agq,4agq_350,1.790,-0.919133,nan
4agq,4agq_356,9.240,-8.581437,nan
4agq,4agq_369,7.060,-7.176666,nan
4agq,4agq_378,6.750,-7.688788,nan
4agq,4agq_382,8.980,-7.654276,nan
4agq,4agq_394,6.990,-3.048101,nan
4agq,4agq_409,7.860,-2.922511,nan
4agq,4agq_41,9.240,-8.561433,nan
4agq,4agq_413,8.310,-5.922105,nan
4agq,4agq_418,3.410,-2.514627,nan
4agq,4agq_419,9.020,-2.708848,nan
4agq,4agq_421,9.620,-3.096631,nan
4agq,4agq_433,7.550,-5.363034,nan
4agq,4agq_442,3.080,-1.973883,nan
4agq,4agq_446,2.980,-2.614741,nan
4agq,4agq_450,5.270,-3.976515,nan
4agq,4agq_452,6.510,-2.555068,nan
4agq,4agq_461,7.820,-1.643122,nan
4agq,4agq_463,2.620,-0.881000,nan
4agq,4agq_470,3.730,-3.360047,nan
4agq,4agq_474,5.810,-1.866594,nan
4agq,4agq_475,8.280,-3.810327,nan
4agq,4agq_478,8.870,-1.394562,nan
4agq,4agq_490,4.700,-1.315445,nan
4agq,4agq_503,9.750,-4.065127,nan
4agq,4agq_504,7.160,-8.551127,nan
4agq,4agq_505,2.940,-4.661753,nan
4agq,4agq_526,4.870,-2.928849,nan
4agq,4agq_529,1.950,-1.313492,nan
4agq,4agq_534,8.730,-6.580026,nan
4agq,4agq_535,3.370,-1.594898,nan
4agq,4agq_548,2.600,-1.834401,nan
4agq,4agq_556,9.200,-8.521428,nan
4agq,4agq_557,3.350,-2.668926,nan
4agq,4agq_572,4.060,-5.240524,nan
4agq,4agq_573,5.580,-4.955305,nan
4agq,4agq_576,9.120,-2.632346,nan
4agq,4agq_580,7.610,-2.691017,nan
4agq,4agq_587,6.220,-5.262294,nan
4agq,4agq_592,2.020,-1.402005,nan
4agq,4agq_598,4.130,-2.869122,nan
4agq,4agq_604,4.380,-5.079793,nan
4agq,4agq_609,1.830,-2.668857,nan
4agq,4agq_62,8.630,-8.565674,nan
4agq,4agq_631,5.240,-7.435353,nan
4agq,4agq_635,3.690,-1.438213,nan
4agq,4agq_641,4.080,-1.811722,nan
4agq,4agq_642,7.790,-3.197321,nan
4agq,4agq_649,6.840,-3.852584,nan
4agq,4agq_653,5.420,-2.790331,nan
4agq,4agq_664,5.540,-3.011944,nan
4agq,4agq_665,5.550,-5.350178,nan
4agq,4agq_666,3.970,-2.779365,nan
4agq,4agq_672,3.580,-4.108977,nan
4agq,4agq_676,8.270,-7.228481,nan
4agq,4agq_680,5.370,-2.028467,nan
4agq,4agq_681,2.160,-1.419569,nan
4agq,4agq_684,6.130,-3.088036,nan
4agq,4agq_687,5.240,-2.034500,nan
4agq,4agq_691,9.760,-1.843976,nan
4agq,4agq_700,3.610,-2.954771,nan
4agq,4agq_702,1.830,-0.621716,nan
4agq,4agq_718,5.660,-3.940658,nan
4agq,4agq_744,1.930,-1.013359,nan
4agq,4agq_771,9.510,-4.242807,nan
4agq,4agq_775,6.590,-3.155967,nan
4agq,4agq_778,4.550,-3.690519,nan
4agq,4agq_788,8.660,-8.601331,nan
4agq,4agq_84,7.070,-7.000909,nan
4agq,4agq_850,6.600,-6.749959,nan
4agq,4agq_866,0.980,-1.691442,nan
4agq,4agq_872,0.990,-1.213452,nan
4agq,4agq_894,4.410,-3.144090,nan
4agq,4agq_999,0.860,-1.290664,nan
4bkt,4bkt_11,1.000,-0.586187,nan
4bkt,4bkt_140,0.390,-1.173250,nan
4bkt,4bkt_161,0.950,-0.495811,nan
4bkt,4bkt_17,0.990,-0.446912,nan
4bkt,4bkt_178,1.000,-0.520087,nan
4bkt,4bkt_283,0.560,-0.592013,nan
4bkt,4bkt_32,0.950,-0.440234,nan
4bkt,4bkt_369,1.000,-0.426133,nan
4bkt,4bkt_405,1.750,-0.789984,nan
4bkt,4bkt_439,5.270,-2.049863,nan
4bkt,4bkt_442,5.010,-3.493674,nan
4bkt,4bkt_478,2.870,-1.281469,nan
4bkt,4bkt_484,2.340,-2.136840,nan
4bkt,4bkt_486,1.410,-1.673980,nan
4bkt,4bkt_507,4.470,-2.918161,nan
4bkt,4bkt_523,7.210,-5.855078,nan
4bkt,4bkt_537,8.350,-7.411987,nan
4bkt,4bkt_538,7.400,-5.575777,nan
4bkt,4bkt_539,7.340,-5.936078,nan
4bkt,4bkt_540,6.260,-3.763755,nan
4bkt,4bkt_541,1.900,-0.923342,nan
4bkt,4bkt_542,2.730,-0.979508,nan
4bkt,4bkt_560,7.410,-6.727006,nan
4bkt,4bkt_568,7.660,-5.569161,nan
4bkt,4bkt_581,6.180,-5.272936,nan
4bkt,4bkt_586,7.020,-4.645833,nan
4bkt,4bkt_614,4.790,-3.967507,nan
4bkt,4bkt_62,0.570,-0.718142,nan
4bkt,4bkt_664,2.280,-1.395700,nan
4bkt,4bkt_695,3.780,-0.484042,nan
4bkt,4bkt_710,1.760,-0.926824,nan
4bkt,4bkt_713,0.650,-0.769936,nan
4bkt,4bkt_716,1.430,-1.233936,nan
4bkt,4bkt_735,5.320,-4.429182,nan
4bkt,4bkt_737,1.400,-0.564748,nan
4bkt,4bkt_741,3.650,-2.354951,nan
4bkt,4bkt_743,4.830,-3.641856,nan
4bkt,4bkt_744,6.110,-4.183222,nan
4bkt,4bkt_746,4.900,-2.064409,nan
4bkt,4bkt_750,5.080,-2.354365,nan
4bkt,4bkt_751,3.550,-2.504388,nan
4bkt,4bkt_752,4.790,-0.937266,nan
4bkt,4bkt_753,5.220,-3.445286,nan
4bkt,4bkt_759,6.370,-5.241555,nan
4bkt,4bkt_760,4.210,-2.271313,nan
4bkt,4bkt_761,9.510,-7.652492,nan
4bkt,4bkt_766,8.210,-6.320641,nan
4bkt,4bkt_767,5.240,-2.675054,nan
4bkt,4bkt_768,6.340,-5.551105,nan
4bkt,4bkt_769,4.460,-3.372776,nan
4bkt,4bkt_773,7.760,-6.244285,nan
4bkt,4bkt_774,2.580,-1.732164,nan
4bkt,4bkt_775,4.900,-2.658855,nan
4bkt,4bkt_778,7.590,-5.741527,nan
4bkt,4bkt_779,8.570,-6.656973,nan
4bkt,4bkt_782,8.680,-6.624629,nan
4bkt,4bkt_784,7.700,-4.893978,nan
4bkt,4bkt_791,6.240,-4.594447,nan
4bkt,4bkt_797,7.890,-5.753803,nan
4bkt,4bkt_800,6.290,-4.984278,nan
4bkt,4bkt_826,1.510,-0.876415,nan
4bkt,4bkt_838,3.990,-2.731705,nan
4bkt,4bkt_849,3.980,-1.310658,nan
4bkt,4bkt_853,1.960,-1.304513,nan
4bkt,4bkt_862,6.480,-5.710985,nan
4bkt,4bkt_863,6.280,-4.404485,nan
4bkt,4bkt_865,5.340,-4.392309,nan
4bkt,4bkt_869,5.710,-4.951107,nan
4bkt,4bkt_871,3.990,-1.858862,nan
4bkt,4bkt_874,3.000,-0.874357,nan
4bkt,4bkt_876,5.900,-4.577830,nan
4bkt,4bkt_877,2.630,-0.373989,nan
4bkt,4bkt_880,3.970,-2.695199,nan
4bkt,4bkt_883,6.890,-5.090607,nan
4bkt,4bkt_885,3.200,-1.260021,nan
4bkt,4bkt_890,4.480,-2.225295,nan
4bkt,4bkt_891,5.330,-5.314824,nan
4bkt,4bkt_893,3.690,-1.534754,nan
4bkt,4bkt_898,4.870,-2.933760,nan
4bkt,4bkt_931,2.890,-1.891736,nan
4bkt,4bkt_932,1.570,-0.627058,nan
4bkt,4bkt_953,1.070,-1.020814,nan
4bkt,4bkt_969,2.060,-0.993432,nan
4bkt,4bkt_983,2.980,-2.087519,nan
4bkt,4bkt_984,3.320,-1.691947,nan
4cig,4cig_106,9.640,-8.546803,nan
4cig,4cig_114,7.120,-5.901264,nan
4cig,4cig_122,6.100,-3.201550,nan
4cig,4cig_129,8.180,-8.306266,nan
4cig,4cig_13,7.200,-5.995468,nan
4cig,4cig_131,4.960,-1.726192,nan
4cig,4cig_167,7.200,-7.710977,nan
4cig,4cig_169,6.180,-3.866264,nan
4cig,4cig_18,6.210,-4.912151,nan
4cig,4cig_203,4.570,-0.612632,nan
4cig,4cig_219,4.940,-1.313789,nan
4cig,4cig_22,8.310,-8.364089,nan
4cig,4cig_241,5.330,-1.033049,nan
4cig,4cig_253,4.660,-1.101810,nan
4cig,4cig_265,4.260,-1.229144,nan
4cig,4cig_267,5.760,-2.622651,nan
4cig,4cig_285,5.280,-1.576687,nan
4cig,4cig_290,5.510,-0.956873,nan
4cig,4cig_298,3.840,-1.366995,nan
4cig,4cig_329,9.100,-8.476160,nan
4cig,4cig_342,6.270,-3.280119,nan
4cig,4cig_351,7.940,-7.517568,nan
4cig,4cig_369,9.800,-8.573868,nan
4cig,4cig_372,6.210,-5.354992,nan
4cig,4cig_386,7.110,-7.581746,nan
4cig,4cig_44,6.050,-3.789087,nan
4cig,4cig_454,6.060,-2.889220,nan
4cig,4cig_480,3.950,-2.191389,nan
4cig,4cig_510,6.250,-4.001132,nan
4cig,4cig_524,2.800,-2.336297,nan
4cig,4cig_540,7.660,-6.109884,nan
4cig,4cig_545,6.420,-3.186899,nan
4cig,4cig_553,5.110,-5.330769,nan
4cig,4cig_56,8.070,-8.395154,nan
4cig,4cig_570,8.170,-8.079440,nan
4cig,4cig_575,7.040,-6.566879,nan
4cig,4cig_589,7.240,-6.973558,nan
4cig,4cig_600,1.750,-1.103972,nan
4cig,4cig_601,7.720,-1.982559,nan
4cig,4cig_639,7.800,-5.878344,nan
4cig,4cig_641,5.430,-2.877689,nan
4cig,4cig_645,3.800,-3.676129,nan
4cig,4cig_656,4.740,-2.724053,nan
4cig,4cig_669,2.540,-1.963791,nan
4cig,4cig_702,1.760,-1.351100,nan
4cig,4cig_707,1.830,-1.555330,nan
4cig,4cig_710,1.940,-1.176374,nan
4cig,4cig_716,2.070,-1.355119,nan
4cig,4cig_719,2.160,-1.469802,nan
4cig,4cig_738,3.640,-2.907258,nan
4cig,4cig_739,5.210,-3.813636,nan
4cig,4cig_750,3.970,-0.717019,nan
4cig,4cig_759,3.970,-1.121463,nan
4cig,4cig_762,5.050,-6.121561,nan
4cig,4cig_763,2.710,-1.574357,nan
4cig,4cig_766,4.320,-3.439301,nan
4cig,4cig_769,5.210,-3.989819,nan
4cig,4cig_770,4.790,-2.097478,nan
4cig,4cig_774,4.630,-4.861063,nan
4cig,4cig_780,5.240,-5.022350,nan
4cig,4cig_784,2.570,-1.171980,nan
4cig,4cig_786,1.910,-1.471784,nan
4cig,4cig_787,1.790,-1.643671,nan
4cig,4cig_788,3.280,-2.501583,nan
4cig,4cig_809,1.140,-1.749334,nan
4cig,4cig_83,9.580,-8.583410,nan
4cig,4cig_848,2.400,-1.400985,nan
4cig,4cig_851,3.990,-2.911624,nan
4cig,4cig_852,4.140,-2.023640,nan
4cig,4cig_860,6.170,-4.445716,nan
4cig,4cig_929,3.000,-2.553578,nan
4cig,4cig_947,2.170,-1.292377,nan
4cig,4cig_950,2.830,-0.894304,nan
4cig,4cig_956,3.290,-1.312473,nan
4cig,4cig_957,3.850,-3.885678,nan
4cig,4cig_98,8.500,-8.359797,nan
4ciw,4ciw_267,0.460,-0.545239,nan
4ciw,4ciw_270,0.640,-1.051238,nan
4ciw,4ciw_280,0.620,-0.477807,nan
4ciw,4ciw_401,0.940,-0.907268,nan
4ciw,4ciw_415,2.890,-0.890394,nan
4ciw,4ciw_420,2.970,-0.860505,nan
4ciw,4ciw_439,2.770,-1.563905,nan
4ciw,4ciw_440,1.960,-1.774114,nan
4ciw,4ciw_449,3.530,-2.417426,nan
4ciw,4ciw_451,0.780,-0.653952,nan
4ciw,4ciw_461,1.670,-1.647164,nan
4ciw,4ciw_462,1.960,-0.934557,nan
4ciw,4ciw_468,0.930,-0.950596,nan
4ciw,4ciw_48,0.400,-0.592974,nan
4ciw,4ciw_482,1.120,-1.295610,nan
4ciw,4ciw_487,1.260,-1.186549,nan
4ciw,4ciw_496,1.210,-1.319978,nan
4ciw,4ciw_499,3.870,-2.480138,nan
4ciw,4ciw_507,0.990,-0.820832,nan
4ciw,4ciw_537,7.170,-6.506549,nan
4ciw,4ciw_550,0.970,-1.342404,nan
4ciw,4ciw_568,3.300,-1.685573,nan
4ciw,4ciw_573,1.240,-1.723954,nan
4ciw,4ciw_584,2.140,-1.825851,nan
4ciw,4ciw_585,7.140,-6.275005,nan
4ciw,4ciw_592,2.040,-1.610007,nan
4ciw,4ciw_597,2.590,-1.129773,nan
4ciw,4ciw_598,0.880,-0.979893,nan
4ciw,4ciw_608,3.110,-1.142068,nan
4ciw,4ciw_609,2.940,-0.957532,nan
4ciw,4ciw_610,3.200,-2.217661,nan
4ciw,4ciw_617,3.200,-1.091760,nan
4ciw,4ciw_620,3.040,-1.197603,nan
4ciw,4ciw_629,3.130,-1.493724,nan
4ciw,4ciw_638,6.290,-5.240814,nan
4ciw,4ciw_639,3.360,-1.695783,nan
4ciw,4ciw_672,3.270,-2.495110,nan
4ciw,4ciw_673,2.710,-2.550670,nan
4ciw,4ciw_676,2.810,-1.129345,nan
4ciw,4ciw_689,2.870,-0.949176,nan
4ciw,4ciw_690,6.440,-5.858618,nan
4ciw,4ciw_700,1.460,-1.398763,nan
4ciw,4ciw_725,1.100,-0.854429,nan
4ciw,4ciw_947,1.110,-0.851886,nan
4cr9,4cr9_217,1.970,-0.758807,nan
4cr9,4cr9_232,3.130,-1.600206,nan
4cr9,4cr9_254,3.390,-1.891844,nan
4cr9,4cr9_264,2.160,-0.893629,nan
4cr9,4cr9_271,2.970,-1.299170,nan
4cr9,4cr9_280,3.480,-3.063537,nan
4cr9,4cr9_286,1.980,-1.859395,nan
4cr9,4cr9_307,2.290,-0.513011,nan
4cr9,4cr9_358,0.950,-0.352973,nan
4cr9,4cr9_359,1.570,-1.414187,nan
4cr9,4cr9_408,2.350,-1.775489,nan
4cr9,4cr9_411,1.770,-1.855498,nan
4cr9,4cr9_423,1.850,-1.671077,nan
4cr9,4cr9_424,1.630,-1.246998,nan
4cr9,4cr9_431,2.190,-0.294203,nan
4cr9,4cr9_434,2.730,-2.753246,nan
4cr9,4cr9_435,1.490,-0.547874,nan
4cr9,4cr9_438,4.200,-3.754896,nan
4cr9,4cr9_480,2.610,-1.025006,nan
4cr9,4cr9_492,3.190,-1.563180,nan
4cr9,4cr9_503,4.820,-4.086797,nan
4cr9,4cr9_534,4.010,-2.644200,nan
4cr9,4cr9_551,3.680,-1.495406,nan
4cr9,4cr9_559,3.190,-1.666098,nan
4cr9,4cr9_565,3.690,-2.407640,nan
4cr9,4cr9_575,4.040,-2.432982,nan
4cr9,4cr9_577,5.200,-3.951804,nan
4cr9,4cr9_580,4.040,-1.451035,nan
4cr9,4cr9_587,2.030,-1.795082,nan
4cr9,4cr9_589,4.500,-2.841883,nan
4cr9,4cr9_595,2.740,-2.322055,nan
4cr9,4cr9_630,2.580,-1.582590,nan
4cr9,4cr9_662,5.930,-3.910231,nan
4cr9,4cr9_666,3.090,-1.182401,nan
4cr9,4cr9_689,4.380,-2.757546,nan
4cr9,4cr9_690,1.660,-1.870105,nan
4cr9,4cr9_708,7.040,-6.018987,nan
4cr9,4cr9_710,4.960,-4.105762,nan
4cr9,4cr9_715,9.540,-7.961311,nan
4cr9,4cr9_717,9.170,-7.884789,nan
4cr9,4cr9_726,3.500,-1.277907,nan
4cr9,4cr9_730,8.510,-6.985126,nan
4cr9,4cr9_734,5.850,-3.811417,nan
4cr9,4cr9_741,6.260,-5.669763,nan
4cr9,4cr9_743,8.350,-6.979321,nan
4cr9,4cr9_746,7.330,-7.159925,nan
4cr9,4cr9_748,3.950,-1.839820,nan
4cr9,4cr9_750,6.730,-5.717933,nan
4cr9,4cr9_752,9.310,-7.796398,nan
4cr9,4cr9_754,9.300,-8.117179,nan
4cr9,4cr9_755,4.250,-3.208548,nan
4cr9,4cr9_758,5.770,-5.040623,nan
4cr9,4cr9_759,4.400,-2.871875,nan
4cr9,4cr9_762,7.670,-6.527385,nan
4cr9,4cr9_763,9.160,-7.965279,nan
4cr9,4cr9_766,5.900,-4.346045,nan
4cr9,4cr9_769,5.770,-4.304776,nan
4cr9,4cr9_779,6.600,-5.378648,nan
4cr9,4cr9_782,5.100,-4.630311,nan
4cr9,4cr9_783,9.160,-7.579212,nan
4cr9,4cr9_789,6.320,-5.299232,nan
4cr9,4cr9_790,6.390,-4.733546,nan
4cr9,4cr9_791,5.920,-3.657199,nan
4cr9,4cr9_792,9.720,-8.340679,nan
4cr9,4cr9_794,6.950,-5.694847,nan
4cr9,4cr9_795,7.620,-7.256856,nan
4cr9,4cr9_796,6.200,-4.567046,nan
4cr9,4cr9_797,7.230,-4.965838,nan
4cr9,4cr9_798,8.040,-6.621395,nan
4cr9,4cr9_799,9.860,-8.108761,nan
4cr9,4cr9_821,9.770,-8.264354,nan
4cr9,4cr9_822,5.210,-4.856092,nan
4cr9,4cr9_843,7.330,-5.556530,nan
4cr9,4cr9_849,1.770,-0.694098,nan
4cr9,4cr9_855,8.520,-7.850128,nan
4cr9,4cr9_861,9.270,-8.205246,nan
4cr9,4cr9_864,6.620,-5.911983,nan
4cr9,4cr9_869,8.540,-7.341358,nan
4cr9,4cr9_874,7.440,-7.478985,nan
4cr9,4cr9_876,7.550,-6.515070,nan
4cr9,4cr9_881,8.210,-6.869125,nan
4cr9,4cr9_884,8.950,-8.076650,nan
4cr9,4cr9_885,8.990,-8.182547,nan
4cr9,4cr9_887,8.100,-7.352290,nan
4cr9,4cr9_891,5.250,-3.643729,nan
4cr9,4cr9_894,6.010,-5.150074,nan
4cr9,4cr9_897,8.220,-7.322373,nan
4cr9,4cr9_920,1.410,-0.817083,nan
4cr9,4cr9_933,6.840,-5.959985,nan
4cr9,4cr9_970,7.220,-5.733468,nan
4cr9,4cr9_984,7.380,-6.039296,nan
4cra,4cra_102,4.690,-1.248123,nan
4cra,4cra_113,1.790,-1.155314,nan
4cra,4cra_119,2.360,-2.111455,nan
4cra,4cra_124,5.920,-3.271140,nan
4cra,4cra_126,1.030,-0.638947,nan
4cra,4cra_130,1.840,-0.605686,nan
4cra,4cra_151,5.470,-5.088607,nan
4cra,4cra_155,0.530,-0.521556,nan
4cra,4cra_175,1.130,-0.766248,nan
4cra,4cra_201,7.130,-2.587435,nan
4cra,4cra_204,1.580,-0.776333,nan
4cra,4cra_214,6.860,-2.086215,nan
4cra,4cra_219,7.070,-1.978648,nan
4cra,4cra_224,0.710,-0.811301,nan
4cra,4cra_230,0.940,-0.889253,nan
4cra,4cra_24,8.110,-4.685974,nan
4cra,4cra_240,7.110,-2.134525,nan
4cra,4cra_250,4.860,-2.113832,nan
4cra,4cra_258,0.870,-0.914911,nan
4cra,4cra_270,1.800,-0.895563,nan
4cra,4cra_276,2.120,-0.794004,nan
4cra,4cra_281,0.710,-0.402210,nan
4cra,4cra_283,0.600,-0.995737,nan
4cra,4cra_292,1.870,-1.207571,nan
4cra,4cra_296,6.970,-1.125884,nan
4cra,4cra_302,3.970,-1.754881,nan
4cra,4cra_307,6.750,-1.769714,nan
4cra,4cra_318,0.470,-0.409280,nan
4cra,4cra_354,1.270,-0.947185,nan
4cra,4cra_358,6.760,-1.541080,nan
4cra,4cra_364,0.450,-0.681710,nan
4cra,4cra_375,5.310,-2.651073,nan
4cra,4cra_378,1.710,-0.766072,nan
4cra,4cra_383,3.050,-1.626128,nan
4cra,4cra_4,0.690,-0.502854,nan
4cra,4cra_413,3.960,-3.252460,nan
4cra,4cra_422,8.140,-3.779128,nan
4cra,4cra_439,5.780,-3.623972,nan
4cra,4cra_441,3.100,-2.547835,nan
4cra,4cra_444,6.690,-3.228459,nan
4cra,4cra_448,9.210,-6.178707,nan
4cra,4cra_456,4.910,-3.331251,nan
4cra,4cra_470,2.690,-2.089386,nan
4cra,4cra_472,4.720,-3.350353,nan
4cra,4cra_477,7.100,-5.232736,nan
4cra,4cra_479,8.360,-3.568234,nan
4cra,4cra_496,9.120,-7.159825,nan
4cra,4cra_504,2.110,-2.162322,nan
4cra,4cra_523,5.900,-4.936531,nan
4cra,4cra_525,3.800,-1.842500,nan
4cra,4cra_533,7.710,-8.541315,nan
4cra,4cra_538,3.630,-3.580872,nan
4cra,4cra_540,7.590,-2.228284,nan
4cra,4cra_541,3.100,-2.010432,nan
4cra,4cra_547,1.890,-2.144397,nan
4cra,4cra_548,5.140,-2.584826,nan
4cra,4cra_549,2.660,-3.211108,nan
4cra,4cra_564,8.420,-5.805909,nan
4cra,4cra_566,4.250,-3.044739,nan
4cra,4cra_569,6.660,-3.624146,nan
4cra,4cra_572,6.920,-5.039683,nan
4cra,4cra_576,5.690,-3.007422,nan
4cra,4cra_578,5.470,-4.718745,nan
4cra,4cra_579,2.210,-1.704524,nan
4cra,4cra_580,3.090,-3.770154,nan
4cra,4cra_584,4.470,-4.391882,nan
4cra,4cra_589,4.810,-4.260974,nan
4cra,4cra_590,2.860,-2.627705,nan
4cra,4cra_591,6.170,-2.686842,nan
4cra,4cra_595,6.340,-7.424627,nan
4cra,4cra_596,2.930,-3.482936,nan
4cra,4cra_604,8.130,-3.551522,nan
4cra,4cra_61,6.050,-3.796060,nan
4cra,4cra_610,8.180,-6.505558,nan
4cra,4cra_624,5.740,-1.575859,nan
4cra,4cra_636,5.490,-3.736252,nan
4cra,4cra_644,7.540,-6.408567,nan
4cra,4cra_656,4.580,-2.765176,nan
4cra,4cra_658,7.240,-4.797083,nan
4cra,4cra_680,7.420,-4.403820,nan
4cra,4cra_689,4.330,-4.959860,nan
4cra,4cra_695,3.310,-4.180065,nan
4cra,4cra_716,3.820,-3.965431,nan
4cra,4cra_719,0.990,-0.844732,nan
4cra,4cra_720,2.930,-1.893801,nan
4cra,4cra_748,4.530,-3.834204,nan
4cra,4cra_795,9.770,-6.985199,nan
4cra,4cra_81,8.960,-5.200126,nan
4cra,4cra_827,9.140,-7.316417,nan
4cra,4cra_828,9.370,-6.979616,nan
4cra,4cra_830,2.250,-0.751844,nan
4cra,4cra_855,8.270,-5.779375,nan
4cra,4cra_861,7.130,-6.399272,nan
4cra,4cra_893,9.490,-8.529338,nan
4cra,4cra_905,8.860,-7.701301,nan
4cra,4cra_918,9.630,-7.697543,nan
4cra,4cra_941,9.760,-8.548984,nan
4cra,4cra_953,9.210,-7.628645,nan
4cra,4cra_967,9.880,-8.518982,nan
4cra,4cra_972,8.980,-7.303625,nan
4crc,4crc_100,7.420,-6.425426,nan
4crc,4crc_106,8.290,-4.945383,nan
4crc,4crc_120,8.360,-6.756591,nan
4crc,4crc_126,9.570,-8.551933,nan
4crc,4crc_131,0.880,-0.572358,nan
4crc,4crc_132,2.680,-1.967135,nan
4crc,4crc_138,1.850,-0.958793,nan
4crc,4crc_140,2.500,-1.945300,nan
4crc,4crc_149,1.820,-0.984291,nan
4crc,4crc_164,0.990,-0.588013,nan
4crc,4crc_168,0.960,-0.685596,nan
4crc,4crc_175,8.000,-7.696729,nan
4crc,4crc_185,0.820,-0.408545,nan
4crc,4crc_192,1.090,-1.006749,nan
4crc,4crc_212,0.940,-0.703830,nan
4crc,4crc_215,0.790,-0.490020,nan
4crc,4crc_217,0.880,-0.400878,nan
4crc,4crc_263,1.980,-0.669086,nan
4crc,4crc_291,0.850,-0.298667,nan
4crc,4crc_314,0.910,-0.798921,nan
4crc,4crc_323,4.700,-4.266547,nan
4crc,4crc_368,0.730,-0.822691,nan
4crc,4crc_391,3.440,-2.179716,nan
4crc,4crc_401,1.640,-1.299738,nan
4crc,4crc_411,5.720,-3.341223,nan
4crc,4crc_412,1.630,-1.830726,nan
4crc,4crc_417,7.660,-4.425149,nan
4crc,4crc_423,2.850,-2.306584,nan
4crc,4crc_426,2.550,-1.615859,nan
4crc,4crc_443,2.870,-2.926871,nan
4crc,4crc_447,3.300,-2.267211,nan
4crc,4crc_464,5.870,-2.556760,nan
4crc,4crc_475,5.460,-2.373104,nan
4crc,4crc_480,2.610,-3.105366,nan
4crc,4crc_481,3.860,-2.635010,nan
4crc,4crc_485,6.420,-3.821733,nan
4crc,4crc_486,3.890,-1.761164,nan
4crc,4crc_493,4.890,-2.575092,nan
4crc,4crc_505,1.880,-1.759957,nan
4crc,4crc_509,3.250,-2.295123,nan
4crc,4crc_511,3.430,-3.018959,nan
4crc,4crc_517,4.880,-0.932544,nan
4crc,4crc_528,4.820,-2.482997,nan
4crc,4crc_533,2.510,-1.950117,nan
4crc,4crc_537,3.570,-3.294819,nan
4crc,4crc_538,5.430,-4.411504,nan
4crc,4crc_542,5.040,-4.474784,nan
4crc,4crc_544,3.950,-2.781039,nan
4crc,4crc_549,5.520,-3.644406,nan
4crc,4crc_557,6.470,-3.264020,nan
4crc,4crc_560,5.400,-2.753073,nan
4crc,4crc_561,7.290,-3.288405,nan
4crc,4crc_564,2.840,-2.234950,nan
4crc,4crc_569,7.110,-5.669890,nan
4crc,4crc_571,4.980,-2.838903,nan
4crc,4crc_574,6.060,-5.124995,nan
4crc,4crc_575,4.890,-4.553410,nan
4crc,4crc_586,2.420,-2.108613,nan
4crc,4crc_588,4.910,-4.051421,nan
4crc,4crc_590,9.220,-7.505863,nan
4crc,4crc_591,5.600,-4.946958,nan
4crc,4crc_592,9.050,-7.441017,nan
4crc,4crc_597,7.510,-5.836014,nan
4crc,4crc_618,6.860,-7.400848,nan
4crc,4crc_620,5.440,-2.204237,nan
4crc,4crc_626,3.300,-2.733186,nan
4crc,4crc_627,6.400,-4.939799,nan
4crc,4crc_633,3.340,-2.633792,nan
4crc,4crc_636,2.420,-2.465944,nan
4crc,4crc_644,7.210,-5.592326,nan
4crc,4crc_646,9.980,-8.554235,nan
4crc,4crc_648,7.210,-3.086975,nan
4crc,4crc_649,5.860,-2.230761,nan
4crc,4crc_656,6.420,-5.325364,nan
4crc,4crc_661,7.000,-2.424910,nan
4crc,4crc_665,7.530,-8.418564,nan
4crc,4crc_673,4.300,-2.552861,nan
4crc,4crc_680,4.840,-1.971950,nan
4crc,4crc_682,6.330,-3.172643,nan
4crc,4crc_685,7.320,-4.559114,nan
4crc,4crc_694,6.720,-4.132822,nan
4crc,4crc_716,8.740,-7.543672,nan
4crc,4crc_717,1.830,-0.644890,nan
4crc,4crc_724,8.780,-7.081751,nan
4crc,4crc_734,9.200,-7.370437,nan
4crc,4crc_743,8.380,-7.438118,nan
4crc,4crc_758,8.050,-6.120603,nan
4crc,4crc_770,8.060,-5.860142,nan
4crc,4crc_821,6.470,-6.093268,nan
4crc,4crc_840,4.750,-1.380794,nan
4crc,4crc_968,1.570,-0.565008,nan
4crc,4crc_99,1.040,-0.296038,nan
4ddh,4ddh_1,0.450,-0.815758,nan
4ddh,4ddh_13,0.860,-0.191676,nan
4ddh,4ddh_130,1.560,-0.611248,nan
4ddh,4ddh_181,5.910,-5.376367,nan
4ddh,4ddh_27,1.970,-0.575354,nan
4ddh,4ddh_270,1.940,-0.926212,nan
4ddh,4ddh_294,0.690,-0.270130,nan
4ddh,4ddh_296,2.030,-0.572157,nan
4ddh,4ddh_343,5.940,-5.314608,nan
4ddh,4ddh_349,6.620,-5.867131,nan
4ddh,4ddh_401,4.430,-1.616135,nan
4ddh,4ddh_416,0.990,-0.136330,nan
4ddh,4ddh_421,5.820,-3.463022,nan
4ddh,4ddh_422,3.230,-1.759714,nan
4ddh,4ddh_427,1.250,-0.657459,nan
4ddh,4ddh_432,0.970,-1.229516,nan
4ddh,4ddh_439,2.120,-0.650445,nan
4ddh,4ddh_448,5.060,-3.334721,nan
4ddh,4ddh_455,4.970,-3.469623,nan
4ddh,4ddh_459,4.710,-0.512698,nan
4ddh,4ddh_462,3.710,-2.962992,nan
4ddh,4ddh_465,2.680,-1.228893,nan
4ddh,4ddh_466,2.010,-1.182486,nan
4ddh,4ddh_471,4.500,-4.404865,nan
4ddh,4ddh_489,4.140,-1.622508,nan
4ddh,4ddh_490,2.530,-1.420294,nan
4ddh,4ddh_500,3.000,-2.732572,nan
4ddh,4ddh_507,4.350,-0.456347,nan
4ddh,4ddh_514,0.970,-1.132271,nan
4ddh,4ddh_519,0.570,-1.293945,nan
4ddh,4ddh_530,2.920,-2.702389,nan
4ddh,4ddh_542,3.220,-2.493792,nan
4ddh,4ddh_543,2.000,-1.241714,nan
4ddh,4ddh_545,3.670,-3.656186,nan
4ddh,4ddh_547,2.780,-1.403319,nan
4ddh,4ddh_548,1.630,-1.242309,nan
4ddh,4ddh_555,4.940,-4.490549,nan
4ddh,4ddh_559,3.670,-3.302303,nan
4ddh,4ddh_564,5.020,-4.315581,nan
4ddh,4ddh_574,1.990,-1.253211,nan
4ddh,4ddh_589,1.850,-1.055597,nan
4ddh,4ddh_591,4.790,-3.592483,nan
4ddh,4ddh_592,5.970,-4.929348,nan
4ddh,4ddh_593,5.420,-3.920165,nan
4ddh,4ddh_620,3.700,-3.238356,nan
4ddh,4ddh_632,6.870,-5.949116,nan
4ddh,4ddh_641,1.800,-0.862219,nan
4ddh,4ddh_649,5.320,-3.811425,nan
4ddh,4ddh_651,2.420,-0.949266,nan
4ddh,4ddh_659,6.870,-5.298575,nan
4ddh,4ddh_671,5.370,-4.669884,nan
4ddh,4ddh_684,7.260,-7.266218,nan
4ddh,4ddh_688,1.560,-1.638691,nan
4ddh,4ddh_734,0.950,-1.491439,nan
4ddh,4ddh_754,5.620,-4.543869,nan
4ddh,4ddh_762,7.710,-6.945547,nan
4ddh,4ddh_763,7.700,-6.962223,nan
4ddh,4ddh_764,7.680,-6.417488,nan
4ddh,4ddh_770,6.210,-6.237283,nan
4ddh,4ddh_771,3.590,-3.124226,nan
4ddh,4ddh_773,6.710,-7.125550,nan
4ddh,4ddh_774,6.690,-5.859308,nan
4ddh,4ddh_781,7.820,-7.027220,nan
4ddh,4ddh_782,2.180,-1.868877,nan
4ddh,4ddh_783,6.840,-4.878821,nan
4ddh,4ddh_784,4.550,-2.294782,nan
4ddh,4ddh_79,0.800,-0.540407,nan
4ddh,4ddh_794,6.940,-5.671587,nan
4ddh,4ddh_795,7.100,-5.815964,nan
4ddh,4ddh_796,8.100,-6.488948,nan
4ddh,4ddh_80,3.290,-2.029435,nan
4ddh,4ddh_843,3.040,-3.208856,nan
4ddh,4ddh_868,6.500,-6.261847,nan
4ddh,4ddh_882,3.960,-3.115685,nan
4ddh,4ddh_885,6.380,-4.059032,nan
4ddh,4ddh_911,0.300,-1.145147,nan
4ddh,4ddh_971,4.780,-3.875923,nan
4ddk,4ddk_11,2.910,-1.118835,nan
4ddk,4ddk_113,6.260,-4.062290,nan
4ddk,4ddk_170,7.390,-5.550133,nan
4ddk,4ddk_184,2.780,-1.264434,nan
4ddk,4ddk_296,3.850,-1.758565,nan
4ddk,4ddk_303,0.260,-0.214947,nan
4ddk,4ddk_327,0.310,-0.182826,nan
4ddk,4ddk_34,2.830,-1.617795,nan
4ddk,4ddk_345,0.460,-0.195517,nan
4ddk,4ddk_359,0.820,-0.281678,nan
4ddk,4ddk_361,0.570,-0.396819,nan
4ddk,4ddk_391,0.420,-0.254220,nan
4ddk,4ddk_402,2.870,-1.546205,nan
4ddk,4ddk_406,0.600,-0.312527,nan
4ddk,4ddk_41,3.030,-2.273743,nan
4ddk,4ddk_410,0.910,-0.554271,nan
4ddk,4ddk_413,3.300,-1.898008,nan
4ddk,4ddk_419,2.350,-1.156086,nan
4ddk,4ddk_431,1.740,-0.587816,nan
4ddk,4ddk_432,1.340,-0.496510,nan
4ddk,4ddk_438,1.950,-1.529070,nan
4ddk,4ddk_443,1.010,-0.602585,nan
4ddk,4ddk_444,1.570,-0.956576,nan
4ddk,4ddk_445,4.350,-0.836816,nan
4ddk,4ddk_450,1.300,-0.391909,nan
4ddk,4ddk_451,4.340,-3.359688,nan
4ddk,4ddk_457,4.790,-3.689230,nan
4ddk,4ddk_460,2.470,-1.557166,nan
4ddk,4ddk_464,2.100,-0.736234,nan
4ddk,4ddk_466,5.690,-3.546998,nan
4ddk,4ddk_467,4.280,-1.254491,nan
4ddk,4ddk_470,1.560,-0.654113,nan
4ddk,4ddk_476,3.300,-1.618582,nan
4ddk,4ddk_479,5.870,-2.625316,nan
4ddk,4ddk_485,6.210,-3.616644,nan
4ddk,4ddk_487,2.960,-1.543952,nan
4ddk,4ddk_488,5.670,-4.263624,nan
4ddk,4ddk_496,4.330,-3.957209,nan
4ddk,4ddk_515,5.600,-3.234460,nan
4ddk,4ddk_525,4.640,-3.621878,nan
4ddk,4ddk_528,4.580,-3.547004,nan
4ddk,4ddk_53,9.620,-7.801743,nan
4ddk,4ddk_535,4.880,-3.717804,nan
4ddk,4ddk_536,7.070,-5.180848,nan
4ddk,4ddk_538,4.510,-2.799736,nan
4ddk,4ddk_541,2.070,-1.433420,nan
4ddk,4ddk_542,5.130,-4.726634,nan
4ddk,4ddk_543,5.890,-4.536524,nan
4ddk,4ddk_546,0.980,-0.298090,nan
4ddk,4ddk_550,6.970,-5.405195,nan
4ddk,4ddk_568,3.450,-2.013057,nan
4ddk,4ddk_580,7.320,-5.983973,nan
4ddk,4ddk_583,1.700,-0.439335,nan
4ddk,4ddk_59,8.610,-6.687059,nan
4ddk,4ddk_596,6.670,-5.546148,nan
4ddk,4ddk_606,6.890,-4.235267,nan
4ddk,4ddk_621,4.230,-2.189166,nan
4ddk,4ddk_628,5.560,-4.129858,nan
4ddk,4ddk_632,3.880,-2.615968,nan
4ddk,4ddk_642,1.260,-0.615758,nan
4ddk,4ddk_644,7.550,-6.596195,nan
4ddk,4ddk_650,3.840,-2.520280,nan
4ddk,4ddk_651,7.800,-6.298985,nan
4ddk,4ddk_652,3.200,-1.894716,nan
4ddk,4ddk_660,6.330,-5.219800,nan
4ddk,4ddk_664,2.950,-1.028075,nan
4ddk,4ddk_672,1.290,-1.065857,nan
4ddk,4ddk_680,5.960,-5.395778,nan
4ddk,4ddk_684,6.520,-5.646302,nan
4ddk,4ddk_689,7.660,-5.280993,nan
4ddk,4ddk_696,6.160,-3.415244,nan
4ddk,4ddk_709,7.450,-4.895689,nan
4ddk,4ddk_726,8.690,-7.747373,nan
4ddk,4ddk_751,3.740,-3.255424,nan
4ddk,4ddk_755,7.360,-7.226131,nan
4ddk,4ddk_767,8.200,-6.939703,nan
4ddk,4ddk_771,8.090,-6.762677,nan
4ddk,4ddk_773,8.400,-7.685564,nan
4ddk,4ddk_776,6.530,-6.693935,nan
4ddk,4ddk_78,3.490,-2.489761,nan
4ddk,4ddk_782,7.930,-6.636037,nan
4ddk,4ddk_811,9.800,-7.673913,nan
4ddk,4ddk_812,9.730,-7.920632,nan
4ddk,4ddk_813,9.990,-7.825407,nan
4ddk,4ddk_815,9.990,-7.738117,nan
4ddk,4ddk_820,7.090,-4.363747,nan
4ddk,4ddk_836,8.060,-6.981119,nan
4ddk,4ddk_872,8.360,-7.021928,nan
4ddk,4ddk_878,8.770,-7.560587,nan
4ddk,4ddk_881,8.350,-7.684754,nan
4ddk,4ddk_882,8.070,-5.339355,nan
4ddk,4ddk_89,5.520,-3.975956,nan
4ddk,4ddk_925,9.750,-7.972563,nan
4ddk,4ddk_939,0.870,-0.636178,nan
4ddk,4ddk_951,9.860,-7.700080,nan
4ddk,4ddk_953,9.860,-7.656568,nan
4ddk,4ddk_959,9.850,-7.656568,nan
4ddk,4ddk_962,5.660,-5.019557,nan
4ddk,4ddk_970,6.330,-3.676067,nan
4de1,4de1_105,9.300,-7.091312,nan
4de1,4de1_110,4.240,-0.991935,nan
4de1,4de1_127,6.240,-2.608871,nan
4de1,4de1_14,9.150,-7.990871,nan
4de1,4de1_142,9.090,-6.220651,nan
4de1,4de1_150,9.680,-8.042860,nan
4de1,4de1_176,9.340,-7.934336,nan
4de1,4de1_190,0.240,-0.213553,nan
4de1,4de1_191,7.920,-4.350286,nan
4de1,4de1_195,0.770,-0.178968,nan
4de1,4de1_196,7.380,-4.432607,nan
4de1,4de1_199,5.960,-2.206911,nan
4de1,4de1_203,7.120,-2.782245,nan
4de1,4de1_215,0.470,-0.157929,nan
4de1,4de1_237,0.770,-0.180592,nan
4de1,4de1_25,7.850,-6.913342,nan
4de1,4de1_275,0.890,-0.534961,nan
4de1,4de1_277,0.830,-0.114178,nan
4de1,4de1_289,0.460,-0.174379,nan
4de1,4de1_292,0.590,-0.209856,nan
4de1,4de1_309,4.480,-2.326715,nan
4de1,4de1_317,4.240,-1.355222,nan
4de1,4de1_340,6.480,-2.696876,nan
4de1,4de1_366,0.560,-0.179482,nan
4de1,4de1_370,9.070,-6.664091,nan
4de1,4de1_405,7.050,-1.318155,nan
4de1,4de1_407,5.210,-1.680616,nan
4de1,4de1_408,4.550,-0.334807,nan
4de1,4de1_412,6.920,-1.833062,nan
4de1,4de1_424,1.080,-0.276251,nan
4de1,4de1_425,5.340,-0.876396,nan
4de1,4de1_426,1.280,-0.949972,nan
4de1,4de1_431,8.320,-3.013309,nan
4de1,4de1_432,0.980,-0.956321,nan
4de1,4de1_433,1.460,-0.295762,nan
4de1,4de1_436,7.320,-1.957462,nan
4de1,4de1_438,1.330,-0.705978,nan
4de1,4de1_440,8.220,-3.550801,nan
4de1,4de1_458,6.220,-2.319287,nan
4de1,4de1_460,7.960,-1.871603,nan
4de1,4de1_466,3.830,-1.696282,nan
4de1,4de1_474,7.060,-2.275982,nan
4de1,4de1_482,3.990,-1.680089,nan
4de1,4de1_484,1.740,-0.811809,nan
4de1,4de1_487,4.180,-0.954913,nan
4de1,4de1_491,6.240,-1.611331,nan
4de1,4de1_509,2.380,-1.398273,nan
4de1,4de1_514,2.910,-2.343667,nan
4de1,4de1_519,3.030,-1.858895,nan
4de1,4de1_521,2.750,-1.798318,nan
4de1,4de1_531,7.500,-3.152764,nan
4de1,4de1_538,3.400,-2.284029,nan
4de1,4de1_541,3.650,-1.365329,nan
4de1,4de1_545,5.860,-1.844949,nan
4de1,4de1_550,4.380,-3.630214,nan
4de1,4de1_552,4.280,-1.556641,nan
4de1,4de1_553,1.820,-1.139365,nan
4de1,4de1_558,6.170,-2.055822,nan
4de1,4de1_564,2.280,-1.094988,nan
4de1,4de1_567,1.780,-0.543696,nan
4de1,4de1_575,3.860,-3.250932,nan
4de1,4de1_579,5.290,-3.470097,nan
4de1,4de1_581,1.560,-0.404400,nan
4de1,4de1_582,3.010,-2.482232,nan
4de1,4de1_586,4.790,-3.292781,nan
4de1,4de1_590,4.650,-3.968000,nan
4de1,4de1_593,5.530,-2.517015,nan
4de1,4de1_596,5.150,-1.910376,nan
4de1,4de1_598,3.180,-1.150784,nan
4de1,4de1_620,3.440,-3.624242,nan
4de1,4de1_633,1.720,-0.167509,nan
4de1,4de1_636,6.180,-1.771870,nan
4de1,4de1_659,5.280,-2.516761,nan
4de1,4de1_661,1.850,-0.851215,nan
4de1,4de1_664,6.460,-5.995349,nan
4de1,4de1_667,2.660,-0.733782,nan
4de1,4de1_674,2.120,-0.316103,nan
4de1,4de1_675,2.820,-0.707024,nan
4de1,4de1_676,2.030,-1.059476,nan
4de1,4de1_682,4.820,-1.687612,nan
4de1,4de1_697,6.570,-6.901658,nan
4de1,4de1_699,2.550,-0.977565,nan
4de1,4de1_711,6.740,-3.233763,nan
4de1,4de1_715,5.740,-4.757745,nan
4de1,4de1_728,9.270,-6.006923,nan
4de1,4de1_733,9.170,-6.064475,nan
4de1,4de1_738,5.530,-5.258053,nan
4de1,4de1_742,8.970,-5.921958,nan
4de1,4de1_744,9.110,-5.933560,nan
4de1,4de1_745,8.910,-5.837560,nan
4de1,4de1_748,9.120,-5.780004,nan
4de1,4de1_749,8.990,-5.879338,nan
4de1,4de1_750,8.980,-5.948698,nan
4de1,4de1_753,8.910,-5.852124,nan
4de1,4de1_755,8.940,-5.812302,nan
4de1,4de1_759,8.800,-5.748605,nan
4de1,4de1_761,8.740,-5.663334,nan
4de1,4de1_811,7.480,-5.156394,nan
4de1,4de1_84,3.270,-2.020651,nan
4de1,4de1_88,2.540,-1.638791,nan
4de2,4de2_108,0.720,-0.259376,nan
4de2,4de2_129,9.680,-7.721941,nan
4de2,4de2_137,1.010,-0.226349,nan
4de2,4de2_138,3.010,-0.516691,nan
4de2,4de2_148,1.500,-0.718833,nan
4de2,4de2_158,9.650,-7.863309,nan
4de2,4de2_166,7.300,-0.540089,nan
4de2,4de2_175,9.680,-8.011014,nan
4de2,4de2_2,3.420,-1.982544,nan
4de2,4de2_214,0.730,-0.215211,nan
4de2,4de2_224,7.620,-0.390734,nan
4de2,4de2_236,7.180,-3.572207,nan
4de2,4de2_246,7.000,-4.572629,nan
4de2,4de2_268,7.680,-0.758617,nan
4de2,4de2_287,8.090,-7.921869,nan
4de2,4de2_290,0.740,-0.183435,nan
4de2,4de2_291,0.900,-0.225535,nan
4de2,4de2_292,0.580,-0.188062,nan
4de2,4de2_305,0.710,-0.190957,nan
4de2,4de2_333,0.430,-0.213976,nan
4de2,4de2_338,1.110,-0.213021,nan
4de2,4de2_371,0.850,-0.179660,nan
4de2,4de2_381,2.890,-0.739039,nan
4de2,4de2_385,0.740,-0.247755,nan
4de2,4de2_401,8.140,-0.706613,nan
4de2,4de2_410,8.480,-1.654146,nan
4de2,4de2_427,9.180,-1.295137,nan
4de2,4de2_441,1.670,-1.277665,nan
4de2,4de2_450,8.870,-0.541860,nan
4de2,4de2_451,2.010,-0.467147,nan
4de2,4de2_459,3.860,-1.065940,nan
4de2,4de2_468,6.860,-1.231230,nan
4de2,4de2_469,3.200,-1.849660,nan
4de2,4de2_483,2.020,-0.995975,nan
4de2,4de2_490,4.430,-1.230906,nan
4de2,4de2_501,4.970,-2.968549,nan
4de2,4de2_506,4.570,-2.758085,nan
4de2,4de2_512,2.420,-0.988670,nan
4de2,4de2_513,3.710,-2.958432,nan
4de2,4de2_514,5.480,-3.974033,nan
4de2,4de2_521,4.360,-3.391559,nan
4de2,4de2_522,5.770,-4.419685,nan
4de2,4de2_523,1.950,-0.483430,nan
4de2,4de2_526,7.370,-4.722603,nan
4de2,4de2_542,4.600,-3.232624,nan
4de2,4de2_544,8.150,-1.219614,nan
4de2,4de2_546,8.350,-1.314840,nan
4de2,4de2_557,3.900,-1.391059,nan
4de2,4de2_560,2.520,-3.616233,nan
4de2,4de2_561,5.510,-3.238153,nan
4de2,4de2_562,5.220,-5.260038,nan
4de2,4de2_567,2.060,-0.775868,nan
4de2,4de2_571,5.180,-2.028080,nan
4de2,4de2_572,2.970,-1.926418,nan
4de2,4de2_575,1.820,-2.292045,nan
4de2,4de2_577,1.140,-0.988736,nan
4de2,4de2_58,2.380,-1.443389,nan
4de2,4de2_580,2.550,-2.489432,nan
4de2,4de2_583,6.230,-3.512412,nan
4de2,4de2_584,3.190,-0.990179,nan
4de2,4de2_590,4.470,-1.021173,nan
4de2,4de2_595,6.490,-5.406496,nan
4de2,4de2_596,6.000,-1.457251,nan
4de2,4de2_600,8.340,-1.719005,nan
4de2,4de2_607,5.460,-5.093129,nan
4de2,4de2_612,3.980,-2.234051,nan
4de2,4de2_622,7.570,-7.001471,nan
4de2,4de2_623,4.720,-2.641737,nan
4de2,4de2_641,8.560,-1.875389,nan
4de2,4de2_653,6.290,-4.296846,nan
4de2,4de2_670,6.870,-5.254780,nan
4de2,4de2_673,5.710,-5.004720,nan
4de2,4de2_676,5.300,-3.145127,nan
4de2,4de2_694,8.290,-0.642945,nan
4de2,4de2_715,6.960,-2.520397,nan
4de2,4de2_724,1.200,-0.267066,nan
4de2,4de2_737,6.210,-2.470624,nan
4de2,4de2_738,3.540,-2.760067,nan
4de2,4de2_749,0.920,-0.211826,nan
4de2,4de2_76,2.600,-1.508548,nan
4de2,4de2_762,7.620,-5.006248,nan
4de2,4de2_769,5.350,-1.419813,nan
4de2,4de2_773,8.600,-2.085415,nan
4de2,4de2_778,9.880,-3.501603,nan
4de2,4de2_781,7.550,-4.306912,nan
4de2,4de2_782,7.110,-2.251890,nan
4de2,4de2_788,4.180,-4.090974,nan
4de2,4de2_790,6.780,-3.635114,nan
4de2,4de2_795,6.940,-2.907167,nan
4de2,4de2_821,4.720,-5.336889,nan
4de2,4de2_826,1.940,-0.160880,nan
4de2,4de2_866,4.850,-3.122995,nan
4de2,4de2_881,1.580,-0.224410,nan
4de2,4de2_942,9.280,-6.448419,nan
4de2,4de2_943,7.440,-8.233374,nan
4de2,4de2_952,3.930,-3.027442,nan
4de2,4de2_974,9.980,-5.141224,nan
4de3,4de3_112,6.260,-1.836861,nan
4de3,4de3_209,7.050,-0.946897,nan
4de3,4de3_211,0.970,-0.238670,nan
4de3,4de3_217,6.870,-1.706026,nan
4de3,4de3_232,1.850,-0.359846,nan
4de3,4de3_234,6.970,-0.712357,nan
4de3,4de3_245,0.860,-0.141738,nan
4de3,4de3_249,5.400,-1.724408,nan
4de3,4de3_252,7.100,-5.822970,nan
4de3,4de3_254,0.620,-0.131639,nan
4de3,4de3_260,0.980,-0.129691,nan
4de3,4de3_270,1.050,-0.317870,nan
4de3,4de3_275,0.980,-0.407598,nan
4de3,4de3_282,6.920,-3.291236,nan
4de3,4de3_283,1.420,-0.375668,nan
4de3,4de3_288,1.230,-0.390004,nan
4de3,4de3_293,4.020,-4.099813,nan
4de3,4de3_322,0.540,-0.130813,nan
4de3,4de3_350,0.970,-0.182328,nan
4de3,4de3_358,0.530,-0.209813,nan
4de3,4de3_361,5.030,-5.345724,nan
4de3,4de3_371,0.560,-0.110759,nan
4de3,4de3_375,0.400,-0.160210,nan
4de3,4de3_419,1.240,-1.355473,nan
4de3,4de3_429,3.440,-0.945772,nan
4de3,4de3_461,7.150,-2.021736,nan
4de3,4de3_467,1.630,-1.041149,nan
4de3,4de3_474,1.820,-0.263282,nan
4de3,4de3_477,2.510,-2.188087,nan
4de3,4de3_481,6.660,-1.218443,nan
4de3,4de3_483,5.200,-2.887972,nan
4de3,4de3_495,1.940,-1.188454,nan
4de3,4de3_499,2.110,-0.895893,nan
4de3,4de3_510,4.820,-3.528660,nan
4de3,4de3_513,3.090,-2.587064,nan
4de3,4de3_519,3.110,-1.527681,nan
4de3,4de3_533,7.250,-3.725575,nan
4de3,4de3_539,2.420,-2.076960,nan
4de3,4de3_545,7.980,-4.022494,nan
4de3,4de3_555,3.770,-2.080463,nan
4de3,4de3_556,4.320,-3.319302,nan
4de3,4de3_557,2.820,-2.427425,nan
4de3,4de3_560,6.950,-7.559563,nan
4de3,4de3_563,3.010,-2.295599,nan
4de3,4de3_564,3.960,-0.648674,nan
4de3,4de3_569,4.320,-3.626220,nan
4de3,4de3_572,7.080,-8.126530,nan
4de3,4de3_576,2.510,-1.943933,nan
4de3,4de3_583,5.040,-4.138304,nan
4de3,4de3_591,2.660,-1.477949,nan
4de3,4de3_593,1.750,-0.980065,nan
4de3,4de3_594,1.890,-0.652985,nan
4de3,4de3_599,3.770,-2.804978,nan
4de3,4de3_631,5.320,-5.374469,nan
4de3,4de3_634,2.370,-1.240711,nan
4de3,4de3_655,4.790,-4.799960,nan
4de3,4de3_660,4.880,-1.909229,nan
4de3,4de3_661,5.580,-4.657231,nan
4de3,4de3_666,4.860,-1.482491,nan
4de3,4de3_669,6.220,-4.199865,nan
4de3,4de3_673,6.160,-0.735542,nan
4de3,4de3_681,8.570,-6.325010,nan
4de3,4de3_688,3.430,-3.456083,nan
4de3,4de3_691,2.040,-1.893025,nan
4de3,4de3_694,3.330,-1.883687,nan
4de3,4de3_695,2.030,-1.749616,nan
4de3,4de3_717,9.630,-6.088418,nan
4de3,4de3_740,5.490,-2.039008,nan
4de3,4de3_746,3.490,-2.755958,nan
4de3,4de3_748,4.970,-1.082359,nan
4de3,4de3_756,8.360,-4.335968,nan
4de3,4de3_757,9.120,-5.303283,nan
4de3,4de3_760,8.680,-4.264513,nan
4de3,4de3_762,6.850,-5.463813,nan
4de3,4de3_764,8.700,-2.887931,nan
4de3,4de3_767,9.040,-5.083371,nan
4de3,4de3_769,9.350,-4.760493,nan
4de3,4de3_771,4.280,-2.133126,nan
4de3,4de3_780,9.650,-8.553203,nan
4de3,4de3_782,4.310,-3.631794,nan
4de3,4de3_783,8.170,-3.703703,nan
4de3,4de3_786,8.770,-5.536593,nan
4de3,4de3_788,9.230,-5.064713,nan
4de3,4de3_816,7.450,-3.945733,nan
4de3,4de3_853,7.410,-2.577028,nan
4de3,4de3_859,9.340,-6.868682,nan
4de3,4de3_860,7.010,-6.141762,nan
4de3,4de3_863,9.250,-5.545103,nan
4de3,4de3_873,6.890,-7.860021,nan
4de3,4de3_879,5.740,-2.395620,nan
4de3,4de3_891,8.270,-5.302793,nan
4de3,4de3_892,8.290,-5.358878,nan
4de3,4de3_919,7.710,-4.299400,nan
4de3,4de3_928,8.670,-4.824782,nan
4de3,4de3_94,2.550,-2.319245,nan
4de3,4de3_945,5.810,-0.584075,nan
4de3,4de3_946,8.580,-3.695343,nan
4de3,4de3_951,9.350,-6.067044,nan
4de3,4de3_959,9.120,-4.729252,nan
4de3,4de3_960,5.990,-1.698493,nan
4djv,4djv_105,1.840,-0.497997,nan
4djv,4djv_136,5.510,-4.171896,nan
4djv,4djv_159,5.170,-3.180134,nan
4djv,4djv_164,0.490,-0.364212,nan
4djv,4djv_17,5.880,-4.105480,nan
4djv,4djv_175,1.740,-0.608607,nan
4djv,4djv_2,6.300,-5.609373,nan
4djv,4djv_21,4.680,-2.561895,nan
4djv,4djv_212,0.430,-0.206870,nan
4djv,4djv_29,5.190,-2.614934,nan
4djv,4djv_314,1.090,-0.278683,nan
4djv,4djv_33,6.450,-4.876174,nan
4djv,4djv_335,0.610,-0.098437,nan
4djv,4djv_336,0.640,-0.206160,nan
4djv,4djv_349,0.400,-0.167578,nan
4djv,4djv_380,0.460,-0.133341,nan
4djv,4djv_388,0.560,-0.633124,nan
4djv,4djv_399,0.640,-0.194197,nan
4djv,4djv_401,1.360,-1.471394,nan
4djv,4djv_402,3.700,-0.936194,nan
4djv,4djv_406,3.340,-1.991885,nan
4djv,4djv_412,3.710,-1.355767,nan
4djv,4djv_416,4.710,-1.644162,nan
4djv,4djv_421,2.570,-1.714970,nan
4djv,4djv_422,2.770,-2.633290,nan
4djv,4djv_427,1.990,-1.675393,nan
4djv,4djv_431,3.520,-2.833311,nan
4djv,4djv_433,4.240,-1.948859,nan
4djv,4djv_434,3.170,-3.069213,nan
4djv,4djv_436,5.210,-2.983868,nan
4djv,4djv_438,3.610,-2.714011,nan
4djv,4djv_446,1.590,-1.678050,nan
4djv,4djv_447,2.690,-2.086647,nan
4djv,4djv_452,1.990,-1.618866,nan
4djv,4djv_457,4.640,-1.670452,nan
4djv,4djv_467,3.900,-2.753945,nan
4djv,4djv_476,2.980,-1.605553,nan
4djv,4djv_483,2.910,-2.568671,nan
4djv,4djv_491,2.560,-2.989962,nan
4djv,4djv_492,1.760,-2.099590,nan
4djv,4djv_496,1.930,-1.757356,nan
4djv,4djv_497,2.300,-2.397228,nan
4djv,4djv_521,7.510,-8.210414,nan
4djv,4djv_533,6.490,-4.725569,nan
4djv,4djv_544,4.980,-3.375800,nan
4djv,4djv_546,3.910,-3.430479,nan
4djv,4djv_551,4.760,-3.957857,nan
4djv,4djv_557,1.560,-1.404257,nan
4djv,4djv_561,5.450,-3.372808,nan
4djv,4djv_563,3.920,-2.450582,nan
4djv,4djv_570,6.120,-4.008444,nan
4djv,4djv_58,6.030,-5.118270,nan
4djv,4djv_584,8.090,-8.250497,nan
4djv,4djv_590,3.710,-2.277142,nan
4djv,4djv_592,6.130,-7.076744,nan
4djv,4djv_607,4.730,-4.042181,nan
4djv,4djv_612,7.170,-6.052807,nan
4djv,4djv_615,7.460,-6.835155,nan
4djv,4djv_617,5.480,-3.337521,nan
4djv,4djv_637,4.040,-3.004784,nan
4djv,4djv_640,5.530,-3.033666,nan
4djv,4djv_650,2.770,-1.909847,nan
4djv,4djv_659,4.590,-2.432599,nan
4djv,4djv_661,7.450,-7.924126,nan
4djv,4djv_666,6.270,-5.435596,nan
4djv,4djv_672,2.560,-2.351435,nan
4djv,4djv_675,5.630,-2.842721,nan
4djv,4djv_676,4.590,-2.392097,nan
4djv,4djv_677,6.420,-4.362734,nan
4djv,4djv_687,2.230,-1.834474,nan
4djv,4djv_694,7.490,-7.615277,nan
4djv,4djv_696,5.650,-5.708080,nan
4djv,4djv_7,0.880,-0.329400,nan
4djv,4djv_701,0.420,-0.348364,nan
4djv,4djv_823,7.130,-5.757627,nan
4djv,4djv_830,7.090,-6.000461,nan
4djv,4djv_900,7.290,-7.251784,nan
4djv,4djv_913,6.450,-6.285143,nan
4djv,4djv_923,7.150,-6.857331,nan
4djv,4djv_957,7.010,-6.833337,nan
4djv,4djv_97,6.360,-5.140740,nan
4dld,4dld_109,7.010,-6.697270,nan
4dld,4dld_178,0.880,-0.907394,nan
4dld,4dld_198,6.700,-5.682991,nan
4dld,4dld_199,6.340,-5.779424,nan
4dld,4dld_207,0.530,-0.395785,nan
4dld,4dld_208,0.510,-0.447519,nan
4dld,4dld_211,0.340,-0.371010,nan
4dld,4dld_249,1.940,-1.163445,nan
4dld,4dld_252,2.240,-2.384649,nan
4dld,4dld_260,1.850,-1.534716,nan
4dld,4dld_261,1.020,-0.442454,nan
4dld,4dld_262,1.000,-0.947708,nan
4dld,4dld_282,1.340,-1.141504,nan
4dld,4dld_285,0.870,-0.583338,nan
4dld,4dld_293,0.850,-0.866825,nan
4dld,4dld_300,0.960,-0.383435,nan
4dld,4dld_313,6.300,-5.237980,nan
4dld,4dld_314,5.600,-2.606820,nan
4dld,4dld_369,5.280,-5.076509,nan
4dld,4dld_408,4.230,-1.600595,nan
4dld,4dld_410,0.800,-1.069657,nan
4dld,4dld_422,3.030,-2.719084,nan
4dld,4dld_425,4.890,-1.882731,nan
4dld,4dld_427,5.230,-1.315738,nan
4dld,4dld_428,1.930,-1.754511,nan
4dld,4dld_438,2.770,-2.586398,nan
4dld,4dld_441,3.790,-2.163075,nan
4dld,4dld_455,2.650,-1.757894,nan
4dld,4dld_457,3.480,-2.470579,nan
4dld,4dld_464,5.210,-2.178709,nan
4dld,4dld_466,2.280,-1.808165,nan
4dld,4dld_473,4.440,-4.320424,nan
4dld,4dld_474,4.550,-2.381846,nan
4dld,4dld_478,5.290,-2.583511,nan
4dld,4dld_490,4.610,-4.331256,nan
4dld,4dld_497,2.640,-2.072329,nan
4dld,4dld_499,3.670,-2.759282,nan
4dld,4dld_500,2.470,-2.732478,nan
4dld,4dld_501,3.710,-4.398952,nan
4dld,4dld_506,6.150,-5.481007,nan
4dld,4dld_517,2.430,-2.300689,nan
4dld,4dld_535,6.610,-5.294573,nan
4dld,4dld_539,6.470,-8.253615,nan
4dld,4dld_540,5.840,-4.622186,nan
4dld,4dld_545,6.350,-6.377465,nan
4dld,4dld_548,4.050,-4.587511,nan
4dld,4dld_557,5.280,-4.547369,nan
4dld,4dld_567,3.930,-4.291586,nan
4dld,4dld_568,7.200,-6.372852,nan
4dld,4dld_573,4.540,-5.265557,nan
4dld,4dld_576,4.340,-4.864973,nan
4dld,4dld_577,4.820,-5.894940,nan
4dld,4dld_581,5.230,-5.609959,nan
4dld,4dld_583,2.890,-1.995132,nan
4dld,4dld_598,6.790,-7.160043,nan
4dld,4dld_631,5.300,-5.325726,nan
4dld,4dld_636,3.950,-3.613109,nan
4dld,4dld_649,6.150,-5.908106,nan
4dld,4dld_653,3.750,-4.070986,nan
4dld,4dld_659,6.240,-4.893280,nan
4dld,4dld_677,5.730,-4.938693,nan
4dld,4dld_709,1.020,-1.112486,nan
4dld,4dld_728,1.080,-1.618968,nan
4dld,4dld_740,3.530,-3.185242,nan
4dld,4dld_747,3.000,-3.615629,nan
4dld,4dld_752,3.010,-3.739019,nan
4dld,4dld_79,4.500,-2.594425,nan
4dld,4dld_811,2.050,-2.479000,nan
4dld,4dld_826,1.360,-2.117316,nan
4dld,4dld_873,1.130,-1.230401,nan
4dld,4dld_900,0.930,-0.928058,nan
4dld,4dld_947,1.200,-1.506072,nan
4dli,4dli_136,0.780,-0.562968,nan
4dli,4dli_154,0.560,-0.390562,nan
4dli,4dli_409,4.190,-1.005298,nan
4dli,4dli_414,0.890,-0.391011,nan
4dli,4dli_42,0.410,-0.194374,nan
4dli,4dli_422,2.640,-1.091774,nan
4dli,4dli_426,1.000,-0.512405,nan
4dli,4dli_431,2.820,-1.442450,nan
4dli,4dli_447,4.300,-2.343887,nan
4dli,4dli_455,2.440,-1.213864,nan
4dli,4dli_465,1.660,-2.124521,nan
4dli,4dli_481,4.530,-2.027198,nan
4dli,4dli_486,2.340,-2.108650,nan
4dli,4dli_489,2.370,-2.767575,nan
4dli,4dli_498,4.310,-1.754085,nan
4dli,4dli_501,1.060,-0.352967,nan
4dli,4dli_502,1.670,-0.756277,nan
4dli,4dli_504,0.900,-0.529259,nan
4dli,4dli_505,4.190,-1.347071,nan
4dli,4dli_521,1.380,-1.442089,nan
4dli,4dli_524,1.150,-0.584870,nan
4dli,4dli_530,1.730,-0.828580,nan
4dli,4dli_546,6.690,-2.504979,nan
4dli,4dli_547,3.990,-1.611337,nan
4dli,4dli_550,2.740,-1.254207,nan
4dli,4dli_567,3.050,-2.183752,nan
4dli,4dli_57,0.530,-0.255740,nan
4dli,4dli_571,4.230,-1.349267,nan
4dli,4dli_573,7.420,-2.739952,nan
4dli,4dli_575,1.590,-1.662284,nan
4dli,4dli_580,6.930,-3.903435,nan
4dli,4dli_587,7.360,-5.119750,nan
4dli,4dli_591,7.510,-3.392359,nan
4dli,4dli_594,7.350,-3.299255,nan
4dli,4dli_595,6.130,-2.780170,nan
4dli,4dli_637,4.510,-1.760249,nan
4dli,4dli_641,4.700,-3.492708,nan
4dli,4dli_659,3.360,-2.035882,nan
4dli,4dli_660,1.060,-0.509620,nan
4dli,4dli_664,2.130,-1.018933,nan
4dli,4dli_666,4.910,-2.403221,nan
4dli,4dli_679,3.960,-1.801637,nan
4dli,4dli_684,3.900,-1.309897,nan
4dli,4dli_693,1.420,-1.785516,nan
4dli,4dli_710,3.290,-0.492715,nan
4dli,4dli_734,2.240,-0.414774,nan
4dli,4dli_738,3.960,-0.275236,nan
4dli,4dli_750,2.560,-0.533904,nan
4dli,4dli_756,5.050,-4.547861,nan
4dli,4dli_759,4.570,-1.975304,nan
4dli,4dli_769,0.950,-0.684292,nan
4dli,4dli_770,7.200,-2.990710,nan
4dli,4dli_772,5.620,-4.859070,nan
4dli,4dli_776,5.100,-1.771039,nan
4dli,4dli_777,5.060,-4.518382,nan
4dli,4dli_778,6.400,-6.357725,nan
4dli,4dli_781,6.430,-6.283863,nan
4dli,4dli_783,6.670,-2.241148,nan
4dli,4dli_784,2.220,-1.505092,nan
4dli,4dli_786,8.500,-5.831508,nan
4dli,4dli_787,5.490,-4.015878,nan
4dli,4dli_788,6.110,-4.624892,nan
4dli,4dli_789,0.990,-0.728678,nan
4dli,4dli_792,6.330,-5.264600,nan
4dli,4dli_793,3.820,-1.351386,nan
4dli,4dli_868,3.320,-1.148837,nan
4dli,4dli_895,3.240,-0.895989,nan
4dli,4dli_948,1.190,-0.307935,nan
4dli,4dli_96,0.440,-0.202985,nan
4e5w,4e5w_109,9.410,-7.074911,nan
4e5w,4e5w_121,0.150,-0.385337,nan
4e5w,4e5w_13,7.180,-7.114887,nan
4e5w,4e5w_141,1.920,-0.779977,nan
4e5w,4e5w_151,6.390,-6.400051,nan
4e5w,4e5w_17,7.560,-6.398578,nan
4e5w,4e5w_174,0.490,-0.655706,nan
4e5w,4e5w_202,0.330,-0.386007,nan
4e5w,4e5w_24,5.140,-3.405059,nan
4e5w,4e5w_247,0.230,-0.464575,nan
4e5w,4e5w_286,0.400,-0.609993,nan
4e5w,4e5w_3,2.180,-0.737632,nan
4e5w,4e5w_310,0.750,-0.871004,nan
4e5w,4e5w_320,1.160,-1.011986,nan
4e5w,4e5w_336,7.640,-8.515487,nan
4e5w,4e5w_344,0.630,-0.589730,nan
4e5w,4e5w_360,3.400,-2.424936,nan
4e5w,4e5w_367,2.020,-2.056954,nan
4e5w,4e5w_384,2.000,-2.005169,nan
4e5w,4e5w_4,5.200,-4.034825,nan
4e5w,4e5w_406,5.980,-6.117683,nan
4e5w,4e5w_416,4.880,-4.449287,nan
4e5w,4e5w_436,5.240,-4.896976,nan
4e5w,4e5w_441,3.520,-2.855797,nan
4e5w,4e5w_442,4.140,-3.528030,nan
4e5w,4e5w_444,6.840,-1.936913,nan
4e5w,4e5w_445,1.780,-1.389272,nan
4e5w,4e5w_447,9.280,-5.967877,nan
4e5w,4e5w_448,6.300,-5.719163,nan
4e5w,4e5w_451,2.960,-3.032902,nan
4e5w,4e5w_452,8.820,-8.027105,nan
4e5w,4e5w_453,2.780,-2.039597,nan
4e5w,4e5w_457,4.750,-5.185352,nan
4e5w,4e5w_464,8.440,-5.230874,nan
4e5w,4e5w_469,3.060,-2.706471,nan
4e5w,4e5w_47,6.380,-6.513356,nan
4e5w,4e5w_476,2.510,-1.219780,nan
4e5w,4e5w_479,6.110,-6.491121,nan
4e5w,4e5w_483,5.040,-4.756551,nan
4e5w,4e5w_484,10.000,-7.973050,nan
4e5w,4e5w_486,4.980,-4.703273,nan
4e5w,4e5w_489,5.570,-5.997474,nan
4e5w,4e5w_508,3.160,-2.992782,nan
4e5w,4e5w_518,7.200,-2.697604,nan
4e5w,4e5w_52,4.010,-3.808742,nan
4e5w,4e5w_526,2.980,-2.479845,nan
4e5w,4e5w_528,2.360,-2.167444,nan
4e5w,4e5w_531,7.670,-1.900719,nan
4e5w,4e5w_536,6.100,-7.061057,nan
4e5w,4e5w_542,3.230,-2.196942,nan
4e5w,4e5w_543,9.770,-6.672130,nan
4e5w,4e5w_549,8.940,-8.558341,nan
4e5w,4e5w_552,3.750,-3.794271,nan
4e5w,4e5w_553,6.990,-4.009282,nan
4e5w,4e5w_560,6.450,-3.440059,nan
4e5w,4e5w_563,7.740,-8.250200,nan
4e5w,4e5w_575,9.800,-7.114515,nan
4e5w,4e5w_577,5.440,-6.335870,nan
4e5w,4e5w_579,7.460,-8.480570,nan
4e5w,4e5w_58,4.890,-3.712949,nan
4e5w,4e5w_583,8.560,-7.969771,nan
4e5w,4e5w_585,9.070,-8.168356,nan
4e5w,4e5w_586,5.170,-3.866037,nan
4e5w,4e5w_590,9.980,-8.370054,nan
4e5w,4e5w_592,5.960,-4.296130,nan
4e5w,4e5w_593,8.870,-7.719741,nan
4e5w,4e5w_597,7.780,-4.208426,nan
4e5w,4e5w_599,9.560,-8.540033,nan
4e5w,4e5w_606,7.730,-2.846531,nan
4e5w,4e5w_617,3.070,-2.038927,nan
4e5w,4e5w_631,4.130,-3.961902,nan
4e5w,4e5w_639,8.570,-6.188445,nan
4e5w,4e5w_641,7.700,-6.418561,nan
4e5w,4e5w_647,1.560,-1.168558,nan
4e5w,4e5w_652,1.980,-1.870998,nan
4e5w,4e5w_658,4.620,-3.173075,nan
4e5w,4e5w_659,5.800,-6.044230,nan
4e5w,4e5w_663,9.540,-8.220981,nan
4e5w,4e5w_664,3.670,-2.351915,nan
4e5w,4e5w_668,8.040,-5.954698,nan
4e5w,4e5w_673,3.270,-2.279367,nan
4e5w,4e5w_675,3.670,-2.616763,nan
4e5w,4e5w_676,4.990,-4.607852,nan
4e5w,4e5w_679,6.030,-6.366541,nan
4e5w,4e5w_682,8.370,-5.689092,nan
4e5w,4e5w_684,8.430,-7.616007,nan
4e5w,4e5w_694,1.560,-1.472651,nan
4e5w,4e5w_698,4.230,-4.667436,nan
4e5w,4e5w_699,8.280,-4.001249,nan
4e5w,4e5w_7,2.320,-0.620565,nan
4e5w,4e5w_76,9.880,-8.510948,nan
4e5w,4e5w_779,0.860,-0.586020,nan
4e5w,4e5w_789,2.320,-1.714979,nan
4e5w,4e5w_803,1.970,-1.374901,nan
4e5w,4e5w_808,1.860,-1.508631,nan
4e5w,4e5w_821,2.200,-1.438963,nan
4e5w,4e5w_883,0.390,-0.297674,nan
4e5w,4e5w_905,1.240,-0.699314,nan
4e5w,4e5w_91,6.740,-5.567752,nan
4e5w,4e5w_96,0.710,-0.592664,nan
4e6q,4e6q_12,2.230,-0.567583,nan
4e6q,4e6q_120,0.390,-0.091626,nan
4e6q,4e6q_132,0.960,-0.255973,nan
4e6q,4e6q_143,1.020,-0.406393,nan
4e6q,4e6q_226,2.060,-0.543557,nan
4e6q,4e6q_249,0.650,-0.288465,nan
4e6q,4e6q_265,0.570,-0.369332,nan
4e6q,4e6q_301,0.870,-0.305002,nan
4e6q,4e6q_402,1.020,-0.581769,nan
4e6q,4e6q_406,1.750,-0.955938,nan
4e6q,4e6q_409,0.820,-0.342122,nan
4e6q,4e6q_420,5.220,-1.140352,nan
4e6q,4e6q_422,1.110,-0.531904,nan
4e6q,4e6q_423,1.220,-0.293318,nan
4e6q,4e6q_426,3.100,-1.973069,nan
4e6q,4e6q_430,2.120,-1.682842,nan
4e6q,4e6q_435,2.510,-1.282278,nan
4e6q,4e6q_449,1.680,-1.635841,nan
4e6q,4e6q_459,6.880,-2.851038,nan
4e6q,4e6q_468,3.160,-2.107304,nan
4e6q,4e6q_477,5.540,-1.804605,nan
4e6q,4e6q_483,4.920,-1.809121,nan
4e6q,4e6q_487,5.900,-2.378827,nan
4e6q,4e6q_491,1.920,-1.042719,nan
4e6q,4e6q_496,1.860,-1.014412,nan
4e6q,4e6q_499,1.740,-0.517931,nan
4e6q,4e6q_536,4.120,-3.766395,nan
4e6q,4e6q_540,3.450,-2.777696,nan
4e6q,4e6q_545,3.220,-1.373652,nan
4e6q,4e6q_547,1.430,-1.204414,nan
4e6q,4e6q_558,5.650,-4.072276,nan
4e6q,4e6q_561,5.090,-1.728303,nan
4e6q,4e6q_563,6.760,-5.949984,nan
4e6q,4e6q_568,4.070,-2.089615,nan
4e6q,4e6q_573,6.250,-2.775261,nan
4e6q,4e6q_577,4.700,-2.189370,nan
4e6q,4e6q_578,5.660,-4.464302,nan
4e6q,4e6q_580,6.180,-4.310099,nan
4e6q,4e6q_586,6.480,-4.167615,nan
4e6q,4e6q_587,7.640,-7.429706,nan
4e6q,4e6q_635,2.220,-1.076392,nan
4e6q,4e6q_643,3.330,-2.277605,nan
4e6q,4e6q_645,3.110,-2.020221,nan
4e6q,4e6q_646,3.100,-1.578285,nan
4e6q,4e6q_666,7.240,-4.173440,nan
4e6q,4e6q_673,2.210,-2.035520,nan
4e6q,4e6q_680,7.040,-3.227176,nan
4e6q,4e6q_689,4.910,-1.640725,nan
4e6q,4e6q_697,4.980,-2.001043,nan
4e6q,4e6q_699,2.110,-1.209139,nan
4e6q,4e6q_730,5.460,-3.358771,nan
4e6q,4e6q_734,6.910,-4.144134,nan
4e6q,4e6q_739,3.500,-2.624964,nan
4e6q,4e6q_742,6.330,-3.214484,nan
4e6q,4e6q_743,7.330,-6.581204,nan
4e6q,4e6q_746,6.390,-1.997703,nan
4e6q,4e6q_747,9.320,-8.531575,nan
4e6q,4e6q_748,7.230,-6.733455,nan
4e6q,4e6q_749,2.440,-0.714989,nan
4e6q,4e6q_752,6.410,-5.317302,nan
4e6q,4e6q_756,2.650,-1.497487,nan
4e6q,4e6q_757,8.360,-8.560134,nan
4e6q,4e6q_759,3.450,-1.345279,nan
4e6q,4e6q_760,2.890,-1.545882,nan
4e6q,4e6q_763,4.060,-1.827228,nan
4e6q,4e6q_764,5.120,-2.156555,nan
4e6q,4e6q_771,4.440,-2.139722,nan
4e6q,4e6q_776,3.830,-2.965251,nan
4e6q,4e6q_780,8.320,-8.271478,nan
4e6q,4e6q_785,7.190,-5.810218,nan
4e6q,4e6q_786,7.580,-7.589395,nan
4e6q,4e6q_788,4.440,-3.747978,nan
4e6q,4e6q_791,4.980,-4.867260,nan
4e6q,4e6q_798,5.440,-2.426952,nan
4e6q,4e6q_847,0.890,-0.135395,nan
4e6q,4e6q_85,0.490,-0.258552,nan
4e6q,4e6q_873,0.990,-0.416957,nan
4e6q,4e6q_884,5.390,-1.648202,nan
4e6q,4e6q_891,8.530,-8.554516,nan
4e6q,4e6q_895,6.510,-5.488095,nan
4e6q,4e6q_936,0.960,-0.170716,nan
4ea2,4ea2_216,7.960,-8.575674,nan
4ea2,4ea2_226,1.250,-1.797341,nan
4ea2,4ea2_232,7.550,-8.457776,nan
4ea2,4ea2_238,2.710,-2.276540,nan
4ea2,4ea2_25,1.810,-1.705686,nan
4ea2,4ea2_270,6.900,-8.505566,nan
4ea2,4ea2_364,1.700,-1.231564,nan
4ea2,4ea2_407,1.770,-2.236299,nan
4ea2,4ea2_408,5.530,-2.294269,nan
4ea2,4ea2_411,1.710,-1.626685,nan
4ea2,4ea2_442,2.550,-3.507322,nan
4ea2,4ea2_444,2.790,-3.416952,nan
4ea2,4ea2_456,1.880,-2.254153,nan
4ea2,4ea2_485,3.970,-2.551183,nan
4ea2,4ea2_499,1.940,-2.227091,nan
4ea2,4ea2_526,6.770,-8.583796,nan
4ea2,4ea2_53,5.100,-5.943647,nan
4ea2,4ea2_530,7.040,-8.580150,nan
4ea2,4ea2_531,3.720,-2.888703,nan
4ea2,4ea2_534,5.490,-2.085187,nan
4ea2,4ea2_539,4.530,-2.197026,nan
4ea2,4ea2_555,4.170,-3.938879,nan
4ea2,4ea2_565,4.950,-7.031052,nan
4ea2,4ea2_568,4.490,-3.009476,nan
4ea2,4ea2_576,5.390,-3.472562,nan
4ea2,4ea2_58,7.460,-8.548457,nan
4ea2,4ea2_59,7.470,-8.554865,nan
4ea2,4ea2_592,5.800,-8.201324,nan
4ea2,4ea2_598,4.600,-6.208813,nan
4ea2,4ea2_603,6.140,-8.196965,nan
4ea2,4ea2_607,4.110,-4.681982,nan
4ea2,4ea2_615,6.690,-8.564983,nan
4ea2,4ea2_617,6.750,-8.579553,nan
4ea2,4ea2_619,5.800,-8.409669,nan
4ea2,4ea2_621,2.460,-3.556369,nan
4ea2,4ea2_625,3.990,-3.482329,nan
4ea2,4ea2_639,2.220,-3.283342,nan
4ea2,4ea2_640,3.160,-4.207478,nan
4ea2,4ea2_645,6.330,-8.547729,nan
4ea2,4ea2_653,7.110,-8.580484,nan
4ea2,4ea2_661,6.760,-8.574409,nan
4ea2,4ea2_662,8.130,-8.561252,nan
4ea2,4ea2_663,7.100,-8.585367,nan
4ea2,4ea2_666,2.040,-2.697532,nan
4ea2,4ea2_671,6.090,-7.656194,nan
4ea2,4ea2_673,4.710,-6.173084,nan
4ea2,4ea2_678,5.070,-7.084594,nan
4ea2,4ea2_684,7.090,-8.560906,nan
4ea2,4ea2_688,4.620,-5.547124,nan
4ea2,4ea2_692,5.190,-7.323026,nan
4ea2,4ea2_696,7.300,-8.558086,nan
4ea2,4ea2_698,2.220,-2.137685,nan
4ea2,4ea2_72,6.570,-8.547331,nan
4ea2,4ea2_722,1.990,-1.426231,nan
4ea2,4ea2_737,4.130,-2.838047,nan
4ea2,4ea2_748,3.440,-2.846781,nan
4ea2,4ea2_749,5.020,-4.338972,nan
4ea2,4ea2_77,6.130,-8.181133,nan
4ea2,4ea2_775,3.520,-4.007848,nan
4ea2,4ea2_785,3.480,-4.055265,nan
4ea2,4ea2_787,3.350,-1.887317,nan
4ea2,4ea2_793,5.430,-7.200072,nan
4ea2,4ea2_794,4.820,-6.167848,nan
4ea2,4ea2_798,3.640,-3.190399,nan
4ea2,4ea2_809,1.060,-1.711792,nan
4ea2,4ea2_819,2.380,-1.354349,nan
4ea2,4ea2_867,2.960,-1.832100,nan
4ea2,4ea2_895,1.550,-1.714842,nan
4ea2,4ea2_96,7.250,-8.494816,nan
4ea2,4ea2_961,2.540,-1.844338,nan
4ea2,4ea2_998,3.090,-1.880595,nan
4eky,4eky_274,3.900,-3.994840,nan
4eky,4eky_287,4.050,-4.049823,nan
4eky,4eky_32,0.890,-0.197940,nan
4eky,4eky_38,0.630,-0.513711,nan
4eky,4eky_407,1.570,-0.748854,nan
4eky,4eky_416,6.230,-4.151778,nan
4eky,4eky_419,1.380,-1.165020,nan
4eky,4eky_424,6.260,-3.449680,nan
4eky,4eky_425,1.530,-1.776272,nan
4eky,4eky_430,0.860,-0.899255,nan
4eky,4eky_433,1.660,-1.755180,nan
4eky,4eky_438,5.340,-2.148730,nan
4eky,4eky_443,5.210,-2.220807,nan
4eky,4eky_448,5.440,-2.053409,nan
4eky,4eky_461,5.270,-1.800397,nan
4eky,4eky_475,3.100,-1.976586,nan
4eky,4eky_478,5.980,-3.884850,nan
4eky,4eky_485,3.880,-2.918046,nan
4eky,4eky_495,1.370,-1.288207,nan
4eky,4eky_496,2.910,-2.569798,nan
4eky,4eky_534,5.120,-3.590211,nan
4eky,4eky_538,3.760,-2.728642,nan
4eky,4eky_546,4.140,-2.698874,nan
4eky,4eky_565,2.110,-1.751810,nan
4eky,4eky_568,8.200,-5.421478,nan
4eky,4eky_582,2.300,-2.984938,nan
4eky,4eky_599,6.260,-4.371438,nan
4eky,4eky_609,6.110,-3.082857,nan
4eky,4eky_619,6.130,-6.438105,nan
4eky,4eky_636,7.710,-5.980225,nan
4eky,4eky_638,7.130,-3.954115,nan
4eky,4eky_639,3.420,-1.728631,nan
4eky,4eky_640,7.330,-5.024756,nan
4eky,4eky_641,4.790,-4.603604,nan
4eky,4eky_647,6.320,-3.568835,nan
4eky,4eky_649,6.590,-3.454049,nan
4eky,4eky_651,6.250,-3.102074,nan
4eky,4eky_659,7.280,-5.151765,nan
4eky,4eky_668,4.290,-2.860799,nan
4eky,4eky_673,5.870,-3.475355,nan
4eky,4eky_678,5.580,-2.598986,nan
4eky,4eky_680,4.490,-3.619404,nan
4eky,4eky_693,7.700,-4.177414,nan
4eky,4eky_699,7.780,-5.703904,nan
4eky,4eky_700,1.560,-1.613866,nan
4eky,4eky_720,2.980,-2.088980,nan
4eky,4eky_725,0.960,-0.722982,nan
4eky,4eky_727,4.340,-2.032659,nan
4eky,4eky_730,2.060,-0.936196,nan
4eky,4eky_741,3.850,-2.084493,nan
4eky,4eky_742,2.700,-1.736473,nan
4eky,4eky_755,1.000,-0.222572,nan
4eky,4eky_759,3.630,-1.985394,nan
4eky,4eky_763,1.750,-1.319552,nan
4eky,4eky_767,2.210,-1.197485,nan
4eky,4eky_768,4.310,-2.644640,nan
4eky,4eky_770,5.270,-2.117867,nan
4eky,4eky_771,3.910,-3.357023,nan
4eky,4eky_772,6.350,-5.403394,nan
4eky,4eky_773,4.280,-3.936676,nan
4eky,4eky_774,4.070,-3.090499,nan
4eky,4eky_776,6.200,-4.230160,nan
4eky,4eky_777,2.950,-2.188817,nan
4eky,4eky_778,5.160,-5.957602,nan
4eky,4eky_779,4.650,-4.652627,nan
4eky,4eky_830,3.170,-1.653004,nan
4eky,4eky_842,2.170,-0.535907,nan
4eky,4eky_848,3.080,-1.567609,nan
4eky,4eky_856,1.920,-0.868812,nan
4eky,4eky_875,2.970,-1.442466,nan
4eky,4eky_876,1.970,-0.719203,nan
4eky,4eky_883,0.760,-0.514904,nan
4eky,4eky_899,0.670,-0.550247,nan
4eky,4eky_908,0.720,-0.428013,nan
4eky,4eky_941,0.810,-0.755892,nan
4eky,4eky_969,0.850,-0.810208,nan
4eky,4eky_972,1.020,-0.603595,nan
4eo8,4eo8_12,0.390,-0.734677,nan
4eo8,4eo8_14,1.020,-0.719914,nan
4eo8,4eo8_148,0.730,-0.666370,nan
4eo8,4eo8_15,1.160,-1.632939,nan
4eo8,4eo8_206,0.550,-0.725751,nan
4eo8,4eo8_283,0.690,-0.689991,nan
4eo8,4eo8_30,0.500,-0.716788,nan
4eo8,4eo8_318,0.540,-0.743098,nan
4eo8,4eo8_319,6.250,-5.987273,nan
4eo8,4eo8_40,0.450,-0.763240,nan
4eo8,4eo8_403,3.060,-2.599477,nan
4eo8,4eo8_404,2.500,-2.202997,nan
4eo8,4eo8_409,3.220,-2.753397,nan
4eo8,4eo8_414,3.310,-2.583081,nan
4eo8,4eo8_425,1.130,-1.554992,nan
4eo8,4eo8_429,1.540,-2.727911,nan
4eo8,4eo8_438,3.170,-2.504148,nan
4eo8,4eo8_441,5.390,-5.904578,nan
4eo8,4eo8_450,6.870,-6.773963,nan
4eo8,4eo8_454,1.800,-2.215058,nan
4eo8,4eo8_457,4.950,-1.838929,nan
4eo8,4eo8_462,2.740,-2.622677,nan
4eo8,4eo8_467,1.650,-2.238552,nan
4eo8,4eo8_47,2.940,-2.356101,nan
4eo8,4eo8_473,2.830,-2.609090,nan
4eo8,4eo8_480,7.480,-7.799680,nan
4eo8,4eo8_483,3.010,-3.009233,nan
4eo8,4eo8_486,4.190,-2.604361,nan
4eo8,4eo8_488,5.750,-5.231244,nan
4eo8,4eo8_515,2.550,-2.866262,nan
4eo8,4eo8_518,6.800,-6.390993,nan
4eo8,4eo8_523,3.940,-1.460188,nan
4eo8,4eo8_524,3.770,-3.504246,nan
4eo8,4eo8_533,4.590,-3.883323,nan
4eo8,4eo8_536,5.780,-3.916865,nan
4eo8,4eo8_552,2.940,-2.350867,nan
4eo8,4eo8_557,5.230,-2.200862,nan
4eo8,4eo8_564,7.060,-7.276745,nan
4eo8,4eo8_567,2.910,-3.386152,nan
4eo8,4eo8_569,1.360,-1.039265,nan
4eo8,4eo8_572,6.680,-6.413491,nan
4eo8,4eo8_578,4.020,-2.284488,nan
4eo8,4eo8_579,5.690,-5.064491,nan
4eo8,4eo8_580,2.530,-2.279296,nan
4eo8,4eo8_584,4.850,-2.262822,nan
4eo8,4eo8_592,2.310,-3.376095,nan
4eo8,4eo8_595,3.930,-2.237676,nan
4eo8,4eo8_597,7.090,-6.409968,nan
4eo8,4eo8_598,1.830,-2.100422,nan
4eo8,4eo8_602,6.190,-6.497710,nan
4eo8,4eo8_611,7.370,-7.080043,nan
4eo8,4eo8_619,6.030,-4.291899,nan
4eo8,4eo8_622,7.150,-6.071083,nan
4eo8,4eo8_63,0.570,-1.013631,nan
4eo8,4eo8_638,4.720,-2.880841,nan
4eo8,4eo8_642,5.570,-5.391615,nan
4eo8,4eo8_654,5.640,-3.543627,nan
4eo8,4eo8_670,7.620,-7.574324,nan
4eo8,4eo8_673,6.980,-7.991758,nan
4eo8,4eo8_690,5.180,-4.814227,nan
4eo8,4eo8_692,6.450,-4.574573,nan
4eo8,4eo8_695,7.090,-6.901690,nan
4eo8,4eo8_698,4.170,-4.837676,nan
4eo8,4eo8_7,4.570,-4.825656,nan
4eo8,4eo8_744,1.140,-1.505626,nan
4eo8,4eo8_748,0.970,-1.033930,nan
4eo8,4eo8_753,5.090,-6.072841,nan
4eo8,4eo8_756,7.350,-8.523537,nan
4eo8,4eo8_762,7.480,-8.523688,nan
4eo8,4eo8_766,4.060,-1.657076,nan
4eo8,4eo8_773,6.330,-7.405704,nan
4eo8,4eo8_781,5.010,-4.106144,nan
4eo8,4eo8_782,3.990,-1.722822,nan
4eo8,4eo8_783,7.260,-8.519419,nan
4eo8,4eo8_864,1.150,-0.933123,nan
4eo8,4eo8_880,2.940,-1.339618,nan
4eo8,4eo8_883,3.800,-2.724864,nan
4eo8,4eo8_886,4.210,-3.579569,nan
4eo8,4eo8_9,6.530,-7.543649,nan
4eo8,4eo8_91,0.760,-1.220488,nan
4eor,4eor_121,0.520,-0.350413,nan
4eor,4eor_145,4.920,-0.522970,nan
4eor,4eor_155,4.560,-0.580118,nan
4eor,4eor_257,0.790,-0.616592,nan
4eor,4eor_267,5.780,-2.596826,nan
4eor,4eor_309,5.710,-2.202153,nan
4eor,4eor_31,1.120,-0.580391,nan
4eor,4eor_346,2.370,-1.357247,nan
4eor,4eor_361,0.740,-0.845736,nan
4eor,4eor_403,3.490,-2.843037,nan
4eor,4eor_408,2.600,-1.580941,nan
4eor,4eor_414,2.100,-1.670313,nan
4eor,4eor_424,4.620,-2.253994,nan
4eor,4eor_425,4.740,-1.713020,nan
4eor,4eor_427,3.680,-2.158734,nan
4eor,4eor_430,5.930,-2.696975,nan
4eor,4eor_431,3.600,-2.063636,nan
4eor,4eor_446,2.670,-1.888770,nan
4eor,4eor_448,3.330,-2.352522,nan
4eor,4eor_450,3.120,-2.156699,nan
4eor,4eor_455,1.900,-1.158641,nan
4eor,4eor_465,7.670,-6.302370,nan
4eor,4eor_474,3.120,-1.761776,nan
4eor,4eor_479,8.310,-6.408186,nan
4eor,4eor_480,4.650,-1.679149,nan
4eor,4eor_483,1.700,-1.194023,nan
4eor,4eor_485,5.550,-1.622989,nan
4eor,4eor_494,5.220,-1.858495,nan
4eor,4eor_501,0.810,-0.827951,nan
4eor,4eor_506,1.200,-0.992922,nan
4eor,4eor_511,1.620,-1.213947,nan
4eor,4eor_513,6.220,-3.491242,nan
4eor,4eor_519,3.330,-2.785947,nan
4eor,4eor_523,6.990,-3.660624,nan
4eor,4eor_524,9.060,-7.068245,nan
4eor,4eor_530,2.440,-1.391525,nan
4eor,4eor_536,4.490,-4.640438,nan
4eor,4eor_539,6.700,-1.549729,nan
4eor,4eor_541,6.250,-2.614878,nan
4eor,4eor_544,3.700,-2.605798,nan
4eor,4eor_548,8.140,-1.232249,nan
4eor,4eor_552,6.400,-1.650235,nan
4eor,4eor_557,2.180,-1.079759,nan
4eor,4eor_558,6.270,-1.861788,nan
4eor,4eor_559,2.370,-1.998332,nan
4eor,4eor_562,7.940,-4.971337,nan
4eor,4eor_565,2.040,-1.384616,nan
4eor,4eor_568,2.480,-1.988638,nan
4eor,4eor_577,5.670,-0.940928,nan
4eor,4eor_584,2.610,-1.285687,nan
4eor,4eor_585,7.920,-1.164390,nan
4eor,4eor_588,4.910,-1.532557,nan
4eor,4eor_592,5.890,-1.000626,nan
4eor,4eor_595,7.030,-1.913832,nan
4eor,4eor_604,1.730,-1.565521,nan
4eor,4eor_612,4.700,-1.458386,nan
4eor,4eor_620,8.290,-3.591798,nan
4eor,4eor_643,7.930,-6.347871,nan
4eor,4eor_649,3.870,-2.053968,nan
4eor,4eor_650,8.050,-1.050204,nan
4eor,4eor_652,6.380,-2.499509,nan
4eor,4eor_659,4.800,-1.742632,nan
4eor,4eor_666,5.440,-1.891687,nan
4eor,4eor_672,8.710,-7.695760,nan
4eor,4eor_674,7.910,-2.462694,nan
4eor,4eor_677,8.450,-7.672027,nan
4eor,4eor_682,5.710,-4.936240,nan
4eor,4eor_687,3.680,-3.079732,nan
4eor,4eor_69,1.920,-1.108992,nan
4eor,4eor_690,7.440,-5.749414,nan
4eor,4eor_697,7.240,-2.189675,nan
4eor,4eor_701,0.530,-0.437345,nan
4eor,4eor_712,1.040,-0.603328,nan
4eor,4eor_718,0.740,-0.446554,nan
4eor,4eor_72,4.720,-0.639152,nan
4eor,4eor_736,1.120,-0.452432,nan
4eor,4eor_744,1.370,-0.532669,nan
4eor,4eor_745,5.780,-0.608574,nan
4eor,4eor_746,6.370,-2.029668,nan
4eor,4eor_749,7.620,-1.449865,nan
4eor,4eor_757,8.270,-5.009157,nan
4eor,4eor_760,7.780,-2.272490,nan
4eor,4eor_763,8.200,-3.156353,nan
4eor,4eor_764,8.090,-3.038754,nan
4eor,4eor_769,6.250,-2.531224,nan
4eor,4eor_773,6.670,-3.810077,nan
4eor,4eor_790,0.970,-0.398889,nan
4eor,4eor_850,0.620,-0.357938,nan
4eor,4eor_860,0.970,-0.525404,nan
4eor,4eor_911,0.880,-0.574828,nan
4f09,4f09_182,0.720,-0.498017,nan
4f09,4f09_270,0.270,-0.242936,nan
4f09,4f09_407,0.790,-0.588210,nan
4f09,4f09_408,1.160,-1.051336,nan
4f09,4f09_421,0.910,-0.676649,nan
4f09,4f09_424,1.470,-1.334059,nan
4f09,4f09_439,4.460,-1.455880,nan
4f09,4f09_450,1.120,-1.549349,nan
4f09,4f09_456,3.950,-1.474825,nan
4f09,4f09_457,3.040,-2.117019,nan
4f09,4f09_472,6.880,-6.858631,nan
4f09,4f09_489,2.750,-1.478658,nan
4f09,4f09_522,8.120,-8.465373,nan
4f09,4f09_529,7.260,-7.149034,nan
4f09,4f09_534,7.810,-8.017264,nan
4f09,4f09_538,6.360,-5.510829,nan
4f09,4f09_539,7.370,-6.293217,nan
4f09,4f09_546,8.470,-8.539779,nan
4f09,4f09_550,8.170,-7.538285,nan
4f09,4f09_551,7.270,-7.223774,nan
4f09,4f09_552,8.460,-8.293953,nan
4f09,4f09_557,5.720,-3.693696,nan
4f09,4f09_564,1.450,-1.579175,nan
4f09,4f09_572,4.170,-2.296980,nan
4f09,4f09_576,8.170,-8.384103,nan
4f09,4f09_584,7.980,-8.310323,nan
4f09,4f09_586,3.240,-2.210633,nan
4f09,4f09_595,2.330,-1.527220,nan
4f09,4f09_597,7.760,-7.757560,nan
4f09,4f09_600,7.870,-7.986278,nan
4f09,4f09_605,1.900,-2.029256,nan
4f09,4f09_611,8.020,-8.375832,nan
4f09,4f09_621,1.350,-1.012410,nan
4f09,4f09_623,1.570,-0.956356,nan
4f09,4f09_631,2.000,-1.957091,nan
4f09,4f09_633,5.030,-2.310379,nan
4f09,4f09_654,3.310,-1.431497,nan
4f09,4f09_655,3.260,-1.191022,nan
4f09,4f09_671,6.770,-5.371329,nan
4f09,4f09_683,2.520,-1.053671,nan
4f09,4f09_690,4.640,-2.159113,nan
4f09,4f09_704,0.610,-0.562630,nan
4f09,4f09_707,0.710,-0.562951,nan
4f09,4f09_709,1.530,-0.683993,nan
4f09,4f09_711,4.010,-1.706489,nan
4f09,4f09_717,2.630,-0.360786,nan
4f09,4f09_718,2.640,-1.029916,nan
4f09,4f09_721,4.030,-1.285859,nan
4f09,4f09_723,3.570,-1.391929,nan
4f09,4f09_730,4.110,-1.703051,nan
4f09,4f09_734,5.860,-3.115638,nan
4f09,4f09_743,5.700,-3.412803,nan
4f09,4f09_745,7.190,-6.876806,nan
4f09,4f09_746,2.970,-1.398875,nan
4f09,4f09_753,6.180,-5.017603,nan
4f09,4f09_754,6.680,-6.002468,nan
4f09,4f09_755,5.020,-1.107555,nan
4f09,4f09_756,6.840,-4.720692,nan
4f09,4f09_757,4.620,-4.270174,nan
4f09,4f09_760,6.730,-4.054813,nan
4f09,4f09_762,4.720,-1.865623,nan
4f09,4f09_763,6.230,-4.816932,nan
4f09,4f09_767,5.960,-5.063391,nan
4f09,4f09_769,6.920,-5.816023,nan
4f09,4f09_771,9.910,-8.417905,nan
4f09,4f09_773,4.740,-4.634024,nan
4f09,4f09_774,5.350,-3.500664,nan
4f09,4f09_812,3.930,-1.669968,nan
4f09,4f09_832,5.360,-6.655072,nan
4f09,4f09_844,4.760,-2.913741,nan
4f09,4f09_846,7.150,-7.440713,nan
4f09,4f09_848,7.740,-7.856559,nan
4f09,4f09_863,5.060,-3.097290,nan
4f09,4f09_866,5.810,-6.469425,nan
4f09,4f09_871,6.240,-6.348998,nan
4f09,4f09_874,2.250,-1.776661,nan
4f09,4f09_875,3.780,-2.146433,nan
4f09,4f09_893,0.300,-0.212070,nan
4f09,4f09_899,1.020,-0.688630,nan
4f09,4f09_903,0.510,-0.269236,nan
4f09,4f09_91,0.670,-0.188480,nan
4f09,4f09_919,0.620,-0.545282,nan
4f09,4f09_944,2.690,-0.882417,nan
4f09,4f09_954,3.720,-0.997988,nan
4f09,4f09_965,2.620,-2.025332,nan
4f09,4f09_967,2.580,-0.542195,nan
4f09,4f09_975,3.140,-0.934973,nan
4f2w,4f2w_101,5.400,-5.010707,nan
4f2w,4f2w_105,0.600,-0.109127,nan
4f2w,4f2w_121,8.400,-8.317296,nan
4f2w,4f2w_122,5.040,-4.497593,nan
4f2w,4f2w_124,2.320,-1.973431,nan
4f2w,4f2w_136,8.900,-8.555939,nan
4f2w,4f2w_142,0.570,-0.282523,nan
4f2w,4f2w_144,5.530,-4.380901,nan
4f2w,4f2w_147,8.520,-8.400457,nan
4f2w,4f2w_151,8.690,-8.552960,nan
4f2w,4f2w_154,8.530,-8.300509,nan
4f2w,4f2w_155,7.720,-6.492766,nan
4f2w,4f2w_163,8.640,-8.272835,nan
4f2w,4f2w_187,8.610,-8.333899,nan
4f2w,4f2w_198,8.980,-8.466953,nan
4f2w,4f2w_264,0.600,-0.162920,nan
4f2w,4f2w_360,1.030,-0.212496,nan
4f2w,4f2w_407,6.040,-2.034319,nan
4f2w,4f2w_420,1.880,-1.584486,nan
4f2w,4f2w_428,5.900,-2.670121,nan
4f2w,4f2w_431,2.250,-2.465571,nan
4f2w,4f2w_435,5.920,-1.968655,nan
4f2w,4f2w_436,2.290,-1.781165,nan
4f2w,4f2w_437,6.200,-2.266016,nan
4f2w,4f2w_439,5.910,-2.271512,nan
4f2w,4f2w_442,1.240,-1.179533,nan
4f2w,4f2w_45,8.530,-8.356106,nan
4f2w,4f2w_454,1.850,-1.069797,nan
4f2w,4f2w_465,6.080,-1.841751,nan
4f2w,4f2w_467,5.690,-1.388165,nan
4f2w,4f2w_468,2.010,-1.386513,nan
4f2w,4f2w_473,2.620,-1.800392,nan
4f2w,4f2w_474,5.170,-2.631245,nan
4f2w,4f2w_476,1.470,-1.983028,nan
4f2w,4f2w_480,2.480,-1.819559,nan
4f2w,4f2w_482,7.200,-6.118406,nan
4f2w,4f2w_484,1.660,-1.355278,nan
4f2w,4f2w_486,5.740,-2.274817,nan
4f2w,4f2w_519,6.770,-4.656864,nan
4f2w,4f2w_521,7.350,-6.523434,nan
4f2w,4f2w_523,4.850,-4.173445,nan
4f2w,4f2w_542,3.750,-2.927830,nan
4f2w,4f2w_543,6.850,-5.501752,nan
4f2w,4f2w_552,7.060,-7.117247,nan
4f2w,4f2w_559,4.590,-3.627233,nan
4f2w,4f2w_562,6.430,-3.340493,nan
4f2w,4f2w_567,7.030,-6.537060,nan
4f2w,4f2w_571,6.290,-5.332320,nan
4f2w,4f2w_581,7.130,-5.938543,nan
4f2w,4f2w_582,6.620,-4.598588,nan
4f2w,4f2w_585,7.200,-6.721999,nan
4f2w,4f2w_586,3.170,-2.843102,nan
4f2w,4f2w_589,1.950,-2.063673,nan
4f2w,4f2w_597,3.900,-3.970798,nan
4f2w,4f2w_608,6.410,-4.363948,nan
4f2w,4f2w_620,2.400,-1.435849,nan
4f2w,4f2w_631,2.180,-1.343359,nan
4f2w,4f2w_638,7.030,-4.513544,nan
4f2w,4f2w_657,6.060,-3.410631,nan
4f2w,4f2w_658,5.610,-3.575596,nan
4f2w,4f2w_66,8.630,-8.404308,nan
4f2w,4f2w_664,2.860,-1.630492,nan
4f2w,4f2w_665,7.730,-7.530443,nan
4f2w,4f2w_671,2.390,-1.450931,nan
4f2w,4f2w_687,7.340,-7.241407,nan
4f2w,4f2w_725,1.000,-0.561502,nan
4f2w,4f2w_749,1.520,-0.371751,nan
4f2w,4f2w_770,1.820,-0.755438,nan
4f2w,4f2w_796,0.540,-0.415197,nan
4f2w,4f2w_825,0.900,-0.596638,nan
4f2w,4f2w_901,0.590,-0.536397,nan
4f2w,4f2w_907,0.440,-0.501355,nan
4f2w,4f2w_917,0.410,-0.437851,nan
4f2w,4f2w_922,1.040,-1.079768,nan
4f2w,4f2w_979,0.630,-0.410512,nan
4f3c,4f3c_101,9.380,-8.641600,nan
4f3c,4f3c_104,9.500,-8.626760,nan
4f3c,4f3c_140,8.060,-6.346692,nan
4f3c,4f3c_150,9.830,-8.589488,nan
4f3c,4f3c_178,8.070,-7.691618,nan
4f3c,4f3c_190,9.400,-8.628324,nan
4f3c,4f3c_21,2.490,-2.802054,nan
4f3c,4f3c_251,0.780,-1.899536,nan
4f3c,4f3c_28,5.900,-6.560241,nan
4f3c,4f3c_301,9.240,-8.550233,nan
4f3c,4f3c_308,9.420,-8.520386,nan
4f3c,4f3c_323,1.960,-3.084154,nan
4f3c,4f3c_362,0.530,-1.428889,nan
4f3c,4f3c_363,1.300,-2.388842,nan
4f3c,4f3c_382,0.600,-2.090314,nan
4f3c,4f3c_390,8.770,-8.521784,nan
4f3c,4f3c_394,9.180,-8.630691,nan
4f3c,4f3c_400,9.550,-8.315481,nan
4f3c,4f3c_403,1.160,-1.432288,nan
4f3c,4f3c_404,1.780,-1.592420,nan
4f3c,4f3c_409,1.810,-2.540834,nan
4f3c,4f3c_420,6.670,-3.096047,nan
4f3c,4f3c_429,6.600,-2.626100,nan
4f3c,4f3c_430,7.320,-3.246650,nan
4f3c,4f3c_434,2.740,-1.576343,nan
4f3c,4f3c_445,3.310,-1.520269,nan
4f3c,4f3c_447,1.820,-3.366757,nan
4f3c,4f3c_450,5.900,-3.589484,nan
4f3c,4f3c_451,1.520,-2.865686,nan
4f3c,4f3c_452,2.170,-3.102592,nan
4f3c,4f3c_458,1.600,-2.858383,nan
4f3c,4f3c_463,2.640,-2.240607,nan
4f3c,4f3c_465,7.090,-6.848206,nan
4f3c,4f3c_470,6.790,-3.536928,nan
4f3c,4f3c_472,2.320,-2.164880,nan
4f3c,4f3c_474,2.180,-2.340002,nan
4f3c,4f3c_479,2.490,-1.976121,nan
4f3c,4f3c_480,3.260,-2.174034,nan
4f3c,4f3c_481,1.920,-2.157338,nan
4f3c,4f3c_490,6.200,-2.964032,nan
4f3c,4f3c_496,6.320,-1.591193,nan
4f3c,4f3c_497,7.200,-3.427165,nan
4f3c,4f3c_507,4.760,-4.800266,nan
4f3c,4f3c_513,5.890,-6.086624,nan
4f3c,4f3c_514,8.850,-8.590892,nan
4f3c,4f3c_516,6.390,-7.938327,nan
4f3c,4f3c_523,7.550,-4.689724,nan
4f3c,4f3c_524,5.060,-4.771782,nan
4f3c,4f3c_525,5.000,-4.966245,nan
4f3c,4f3c_530,9.320,-8.580710,nan
4f3c,4f3c_538,7.820,-8.571168,nan
4f3c,4f3c_54,6.130,-7.633369,nan
4f3c,4f3c_542,6.280,-6.830346,nan
4f3c,4f3c_544,6.180,-7.142614,nan
4f3c,4f3c_545,8.340,-7.413598,nan
4f3c,4f3c_553,7.800,-6.503438,nan
4f3c,4f3c_556,6.100,-5.976376,nan
4f3c,4f3c_558,5.300,-5.473398,nan
4f3c,4f3c_559,5.490,-5.405571,nan
4f3c,4f3c_561,4.460,-4.200134,nan
4f3c,4f3c_563,8.140,-7.254491,nan
4f3c,4f3c_568,4.780,-4.941427,nan
4f3c,4f3c_569,7.930,-8.585437,nan
4f3c,4f3c_57,5.670,-5.943609,nan
4f3c,4f3c_573,5.930,-6.077626,nan
4f3c,4f3c_577,8.370,-8.568728,nan
4f3c,4f3c_585,7.190,-7.889367,nan
4f3c,4f3c_587,5.940,-6.326788,nan
4f3c,4f3c_592,4.910,-5.257476,nan
4f3c,4f3c_595,4.580,-5.221661,nan
4f3c,4f3c_6,8.250,-7.783406,nan
4f3c,4f3c_600,5.020,-5.780265,nan
4f3c,4f3c_61,0.440,-1.794732,nan
4f3c,4f3c_612,2.110,-2.463707,nan
4f3c,4f3c_642,8.270,-8.519587,nan
4f3c,4f3c_643,4.900,-5.562698,nan
4f3c,4f3c_646,2.630,-2.157021,nan
4f3c,4f3c_667,7.850,-5.726533,nan
4f3c,4f3c_680,4.860,-5.274596,nan
4f3c,4f3c_682,4.010,-4.305574,nan
4f3c,4f3c_685,8.140,-6.782221,nan
4f3c,4f3c_687,3.910,-4.346427,nan
4f3c,4f3c_688,4.030,-4.815958,nan
4f3c,4f3c_689,9.270,-8.562443,nan
4f3c,4f3c_693,2.770,-3.465026,nan
4f3c,4f3c_696,3.430,-3.399093,nan
4f3c,4f3c_72,7.890,-7.127833,nan
4f3c,4f3c_744,0.730,-1.831642,nan
4f3c,4f3c_755,0.320,-1.528268,nan
4f3c,4f3c_773,0.780,-2.116773,nan
4f3c,4f3c_833,0.640,-1.513291,nan
4f3c,4f3c_871,1.050,-1.462906,nan
4f3c,4f3c_885,1.000,-1.633859,nan
4f3c,4f3c_926,1.000,-1.557674,nan
4f9w,4f9w_10,0.540,-0.367029,nan
4f9w,4f9w_113,0.600,-0.404712,nan
4f9w,4f9w_169,1.080,-0.735363,nan
4f9w,4f9w_194,0.350,-0.233120,nan
4f9w,4f9w_25,0.530,-0.300079,nan
4f9w,4f9w_283,0.550,-0.823457,nan
4f9w,4f9w_36,0.300,-0.350094,nan
4f9w,4f9w_366,1.510,-0.976843,nan
4f9w,4f9w_396,2.020,-0.949577,nan
4f9w,4f9w_401,1.790,-2.282623,nan
4f9w,4f9w_405,1.960,-1.513504,nan
4f9w,4f9w_406,1.510,-1.417736,nan
4f9w,4f9w_407,0.870,-0.490595,nan
4f9w,4f9w_408,1.190,-0.775934,nan
4f9w,4f9w_419,2.680,-1.435760,nan
4f9w,4f9w_421,5.180,-1.922789,nan
4f9w,4f9w_435,0.930,-1.316209,nan
4f9w,4f9w_442,3.270,-2.257989,nan
4f9w,4f9w_445,1.980,-2.479082,nan
4f9w,4f9w_452,2.250,-3.121653,nan
4f9w,4f9w_456,1.520,-1.638728,nan
4f9w,4f9w_463,2.280,-1.919423,nan
4f9w,4f9w_466,3.100,-1.152506,nan
4f9w,4f9w_469,2.570,-1.918865,nan
4f9w,4f9w_476,4.890,-1.934940,nan
4f9w,4f9w_479,4.720,-2.327559,nan
4f9w,4f9w_480,5.640,-4.264767,nan
4f9w,4f9w_485,1.330,-2.188782,nan
4f9w,4f9w_487,2.700,-1.821722,nan
4f9w,4f9w_489,4.750,-6.287110,nan
4f9w,4f9w_505,3.180,-2.227903,nan
4f9w,4f9w_518,4.670,-5.209698,nan
4f9w,4f9w_523,4.930,-1.654506,nan
4f9w,4f9w_524,6.320,-3.276294,nan
4f9w,4f9w_526,5.290,-5.972544,nan
4f9w,4f9w_527,6.340,-5.448185,nan
4f9w,4f9w_529,5.870,-2.695638,nan
4f9w,4f9w_530,2.150,-2.488168,nan
4f9w,4f9w_565,3.540,-1.473619,nan
4f9w,4f9w_571,5.190,-3.687671,nan
4f9w,4f9w_572,6.230,-7.702562,nan
4f9w,4f9w_573,5.340,-5.944831,nan
4f9w,4f9w_580,5.750,-7.345493,nan
4f9w,4f9w_581,7.410,-5.220310,nan
4f9w,4f9w_583,8.110,-7.365594,nan
4f9w,4f9w_588,4.410,-3.581074,nan
4f9w,4f9w_592,5.300,-6.460114,nan
4f9w,4f9w_599,7.480,-4.301336,nan
4f9w,4f9w_609,1.860,-2.228028,nan
4f9w,4f9w_621,3.500,-3.813195,nan
4f9w,4f9w_630,2.790,-2.577397,nan
4f9w,4f9w_637,4.810,-3.197476,nan
4f9w,4f9w_653,4.710,-4.147652,nan
4f9w,4f9w_661,3.040,-3.676242,nan
4f9w,4f9w_664,2.110,-2.182200,nan
4f9w,4f9w_671,6.090,-2.859918,nan
4f9w,4f9w_673,3.400,-3.836134,nan
4f9w,4f9w_674,6.990,-8.606858,nan
4f9w,4f9w_684,7.330,-5.541527,nan
4f9w,4f9w_685,7.100,-5.576142,nan
4f9w,4f9w_687,3.000,-2.247071,nan
4f9w,4f9w_695,3.150,-2.227450,nan
4f9w,4f9w_732,3.100,-1.030706,nan
4f9w,4f9w_737,6.030,-6.435542,nan
4f9w,4f9w_782,5.630,-5.260235,nan
4f9w,4f9w_783,6.280,-6.115914,nan
4f9w,4f9w_784,6.560,-5.589209,nan
4f9w,4f9w_787,5.760,-2.080757,nan
4f9w,4f9w_788,6.330,-5.395137,nan
4f9w,4f9w_798,6.160,-5.908429,nan
4f9w,4f9w_86,0.490,-0.584520,nan
4f9w,4f9w_899,4.730,-5.648834,nan
4f9w,4f9w_92,4.800,-5.832260,nan
4f9w,4f9w_96,0.530,-0.669105,nan
4f9w,4f9w_996,3.250,-4.338369,nan
4gfm,4gfm_183,6.020,-1.639596,nan
4gfm,4gfm_214,0.460,-0.518511,nan
4gfm,4gfm_219,1.970,-0.933309,nan
4gfm,4gfm_225,0.430,-0.617395,nan
4gfm,4gfm_249,0.270,-0.561701,nan
4gfm,4gfm_251,0.340,-0.606103,nan
4gfm,4gfm_271,5.130,-2.045978,nan
4gfm,4gfm_286,0.490,-0.751674,nan
4gfm,4gfm_291,0.700,-0.333097,nan
4gfm,4gfm_373,6.060,-1.868163,nan
4gfm,4gfm_408,1.900,-0.969766,nan
4gfm,4gfm_415,1.260,-1.286544,nan
4gfm,4gfm_425,2.220,-0.482629,nan
4gfm,4gfm_428,2.310,-1.793388,nan
4gfm,4gfm_433,1.010,-0.921473,nan
4gfm,4gfm_450,6.040,-2.613383,nan
4gfm,4gfm_456,1.870,-2.364054,nan
4gfm,4gfm_466,1.130,-0.852487,nan
4gfm,4gfm_467,6.270,-2.976832,nan
4gfm,4gfm_469,2.290,-1.547796,nan
4gfm,4gfm_477,1.860,-1.745787,nan
4gfm,4gfm_487,6.010,-2.818533,nan
4gfm,4gfm_488,4.020,-2.802979,nan
4gfm,4gfm_49,2.600,-1.506472,nan
4gfm,4gfm_496,1.610,-2.435407,nan
4gfm,4gfm_506,4.770,-5.000097,nan
4gfm,4gfm_508,5.110,-5.644125,nan
4gfm,4gfm_528,0.740,-0.600642,nan
4gfm,4gfm_553,3.860,-2.422738,nan
4gfm,4gfm_558,8.990,-8.554402,nan
4gfm,4gfm_565,6.300,-3.919156,nan
4gfm,4gfm_568,7.160,-5.238205,nan
4gfm,4gfm_576,3.060,-2.580547,nan
4gfm,4gfm_578,3.090,-2.910449,nan
4gfm,4gfm_585,2.580,-1.913916,nan
4gfm,4gfm_595,7.420,-4.908746,nan
4gfm,4gfm_600,4.710,-1.767507,nan
4gfm,4gfm_604,0.830,-1.061699,nan
4gfm,4gfm_61,2.200,-1.068466,nan
4gfm,4gfm_614,2.360,-1.000340,nan
4gfm,4gfm_623,6.270,-4.158637,nan
4gfm,4gfm_624,4.890,-1.375887,nan
4gfm,4gfm_649,3.930,-2.166833,nan
4gfm,4gfm_654,5.950,-2.363193,nan
4gfm,4gfm_665,5.930,-2.243166,nan
4gfm,4gfm_668,4.590,-1.034968,nan
4gfm,4gfm_681,3.860,-4.063645,nan
4gfm,4gfm_685,3.780,-3.499679,nan
4gfm,4gfm_719,1.200,-0.996109,nan
4gfm,4gfm_729,3.480,-2.395347,nan
4gfm,4gfm_734,4.960,-2.746679,nan
4gfm,4gfm_735,2.120,-1.477117,nan
4gfm,4gfm_744,7.270,-8.160608,nan
4gfm,4gfm_745,7.250,-8.065285,nan
4gfm,4gfm_749,8.010,-6.200286,nan
4gfm,4gfm_751,7.510,-5.986003,nan
4gfm,4gfm_755,6.590,-8.355554,nan
4gfm,4gfm_763,3.940,-5.446861,nan
4gfm,4gfm_768,2.960,-3.660905,nan
4gfm,4gfm_769,7.560,-5.770947,nan
4gfm,4gfm_774,5.980,-8.002101,nan
4gfm,4gfm_779,4.100,-5.990589,nan
4gfm,4gfm_780,4.610,-7.126952,nan
4gfm,4gfm_782,4.790,-5.639521,nan
4gfm,4gfm_785,5.340,-6.055716,nan
4gfm,4gfm_788,5.110,-8.086419,nan
4gfm,4gfm_789,3.810,-5.136584,nan
4gfm,4gfm_793,5.300,-4.044992,nan
4gfm,4gfm_824,4.670,-1.956875,nan
4gfm,4gfm_827,2.080,-1.008164,nan
4gfm,4gfm_832,5.720,-0.743353,nan
4gfm,4gfm_836,8.630,-8.469361,nan
4gfm,4gfm_842,5.510,-1.476922,nan
4gfm,4gfm_857,6.330,-2.381178,nan
4gfm,4gfm_859,8.870,-8.500401,nan
4gfm,4gfm_875,7.640,-8.549545,nan
4gfm,4gfm_876,7.680,-8.549545,nan
4gfm,4gfm_879,7.680,-8.552094,nan
4gfm,4gfm_890,6.910,-5.149662,nan
4gfm,4gfm_913,0.440,-0.960969,nan
4gfm,4gfm_926,0.900,-0.885015,nan
4gfm,4gfm_992,1.290,-0.410253,nan
4gfm,4gfm_994,3.710,-3.061264,nan
4gid,4gid_132,9.120,-8.237094,nan
4gid,4gid_134,6.310,-2.985815,nan
4gid,4gid_197,0.770,-0.544643,nan
4gid,4gid_201,0.380,-0.356163,nan
4gid,4gid_204,1.190,-1.128363,nan
4gid,4gid_205,0.930,-0.893335,nan
4gid,4gid_217,5.900,-3.399613,nan
4gid,4gid_229,7.640,-4.210918,nan
4gid,4gid_230,1.140,-0.516873,nan
4gid,4gid_232,7.450,-2.648033,nan
4gid,4gid_235,7.370,-1.405969,nan
4gid,4gid_237,6.250,-4.749810,nan
4gid,4gid_242,6.870,-3.270220,nan
4gid,4gid_245,1.090,-0.154760,nan
4gid,4gid_246,1.570,-0.370542,nan
4gid,4gid_257,0.990,-0.664360,nan
4gid,4gid_259,1.140,-0.379319,nan
4gid,4gid_269,0.940,-0.317739,nan
4gid,4gid_270,6.940,-2.566647,nan
4gid,4gid_276,4.170,-2.290601,nan
4gid,4gid_277,7.200,-2.326563,nan
4gid,4gid_282,1.790,-0.526844,nan
4gid,4gid_285,0.990,-0.483106,nan
4gid,4gid_290,5.360,-1.769525,nan
4gid,4gid_291,0.810,-0.478229,nan
4gid,4gid_298,0.910,-0.324024,nan
4gid,4gid_301,9.820,-8.554076,nan
4gid,4gid_311,8.250,-8.254821,nan
4gid,4gid_315,9.380,-7.746185,nan
4gid,4gid_324,7.660,-7.126617,nan
4gid,4gid_336,0.970,-0.565064,nan
4gid,4gid_368,9.270,-7.763537,nan
4gid,4gid_372,9.640,-8.529676,nan
4gid,4gid_39,8.290,-3.447624,nan
4gid,4gid_393,9.410,-8.597423,nan
4gid,4gid_402,3.020,-2.697408,nan
4gid,4gid_405,3.840,-3.313886,nan
4gid,4gid_408,2.320,-2.367478,nan
4gid,4gid_412,2.410,-2.298223,nan
4gid,4gid_416,5.760,-3.554315,nan
4gid,4gid_421,4.190,-3.197666,nan
4gid,4gid_428,4.040,-3.000490,nan
4gid,4gid_429,5.290,-3.750695,nan
4gid,4gid_433,2.990,-4.000194,nan
4gid,4gid_435,6.920,-3.118457,nan
4gid,4gid_449,2.660,-1.751120,nan
4gid,4gid_453,4.530,-3.317697,nan
4gid,4gid_462,4.060,-3.299781,nan
4gid,4gid_475,3.920,-4.606225,nan
4gid,4gid_479,2.670,-2.937451,nan
4gid,4gid_481,8.180,-5.113465,nan
4gid,4gid_482,4.150,-3.672145,nan
4gid,4gid_483,2.620,-3.175781,nan
4gid,4gid_486,3.110,-4.931323,nan
4gid,4gid_506,8.520,-5.032462,nan
4gid,4gid_507,8.480,-5.801169,nan
4gid,4gid_509,7.580,-5.774634,nan
4gid,4gid_54,8.220,-8.345245,nan
4gid,4gid_577,8.250,-6.701699,nan
4gid,4gid_580,6.320,-4.396845,nan
4gid,4gid_596,7.660,-5.314672,nan
4gid,4gid_625,9.850,-6.966547,nan
4gid,4gid_629,8.950,-7.259985,nan
4gid,4gid_630,9.260,-8.066654,nan
4gid,4gid_666,5.390,-3.984666,nan
4gid,4gid_699,6.620,-4.309747,nan
4gid,4gid_700,9.400,-7.932981,nan
4gid,4gid_713,4.360,-1.837873,nan
4gid,4gid_718,5.300,-1.570472,nan
4gid,4gid_725,4.600,-1.054425,nan
4gid,4gid_732,5.500,-2.642144,nan
4gid,4gid_735,4.530,-2.255107,nan
4gid,4gid_739,7.020,-5.298215,nan
4gid,4gid_744,6.430,-1.942423,nan
4gid,4gid_752,8.100,-6.001656,nan
4gid,4gid_766,3.400,-1.980110,nan
4gid,4gid_770,5.980,-3.695928,nan
4gid,4gid_78,9.450,-8.558265,nan
4gid,4gid_789,0.990,-0.645997,nan
4gid,4gid_791,1.290,-0.494366,nan
4gid,4gid_792,1.550,-0.634599,nan
4gid,4gid_796,2.140,-1.947397,nan
4gid,4gid_804,1.930,-1.547615,nan
4gid,4gid_809,2.630,-1.296181,nan
4gid,4gid_811,3.600,-0.344310,nan
4gid,4gid_815,3.450,-1.660309,nan
4gid,4gid_833,1.760,-0.687129,nan
4gid,4gid_860,2.930,-1.796591,nan
4gid,4gid_861,5.710,-2.757745,nan
4gid,4gid_874,3.490,-1.404952,nan
4gid,4gid_880,3.010,-1.733322,nan
4gid,4gid_897,2.010,-1.239282,nan
4gid,4gid_937,6.830,-2.910959,nan
4gid,4gid_941,3.850,-1.262166,nan
4gid,4gid_943,5.720,-2.654206,nan
4gid,4gid_944,7.320,-4.723029,nan
4gid,4gid_946,7.880,-3.589678,nan
4gid,4gid_948,8.110,-4.858135,nan
4gid,4gid_951,4.490,-2.002477,nan
4gid,4gid_959,6.220,-3.413586,nan
4gkm,4gkm_111,0.460,-0.241560,nan
4gkm,4gkm_123,1.200,-0.300973,nan
4gkm,4gkm_133,3.970,-1.949126,nan
4gkm,4gkm_137,4.380,-1.828814,nan
4gkm,4gkm_158,1.340,-0.248873,nan
4gkm,4gkm_166,0.920,-0.375510,nan
4gkm,4gkm_180,0.500,-0.399923,nan
4gkm,4gkm_189,0.940,-0.467326,nan
4gkm,4gkm_2,0.840,-0.210849,nan
4gkm,4gkm_220,3.320,-1.191263,nan
4gkm,4gkm_25,6.110,-2.797568,nan
4gkm,4gkm_265,4.170,-1.653727,nan
4gkm,4gkm_280,5.010,-2.699805,nan
4gkm,4gkm_301,2.320,-0.319870,nan
4gkm,4gkm_302,5.400,-3.396126,nan
4gkm,4gkm_338,3.950,-2.318925,nan
4gkm,4gkm_346,7.100,-5.914053,nan
4gkm,4gkm_348,0.680,-0.187743,nan
4gkm,4gkm_349,8.220,-6.651470,nan
4gkm,4gkm_358,1.140,-0.537459,nan
4gkm,4gkm_363,3.010,-1.644316,nan
4gkm,4gkm_374,2.580,-1.275954,nan
4gkm,4gkm_375,0.560,-0.666292,nan
4gkm,4gkm_425,4.910,-2.151073,nan
4gkm,4gkm_438,6.530,-3.257095,nan
4gkm,4gkm_45,0.730,-0.287104,nan
4gkm,4gkm_472,6.380,-3.470598,nan
4gkm,4gkm_480,2.500,-1.934953,nan
4gkm,4gkm_510,1.410,-1.109732,nan
4gkm,4gkm_515,3.690,-2.170431,nan
4gkm,4gkm_526,4.710,-3.248619,nan
4gkm,4gkm_528,2.690,-1.129916,nan
4gkm,4gkm_551,1.650,-1.693098,nan
4gkm,4gkm_564,3.100,-1.921574,nan
4gkm,4gkm_566,2.430,-1.843488,nan
4gkm,4gkm_569,5.880,-4.736418,nan
4gkm,4gkm_574,6.130,-3.570487,nan
4gkm,4gkm_579,1.570,-1.187259,nan
4gkm,4gkm_584,2.770,-2.395122,nan
4gkm,4gkm_585,1.860,-1.514496,nan
4gkm,4gkm_611,3.290,-2.352985,nan
4gkm,4gkm_614,6.100,-4.513012,nan
4gkm,4gkm_618,2.650,-0.433032,nan
4gkm,4gkm_625,3.930,-1.620550,nan
4gkm,4gkm_626,4.080,-3.489936,nan
4gkm,4gkm_628,2.680,-1.670712,nan
4gkm,4gkm_629,1.980,-1.525301,nan
4gkm,4gkm_657,2.720,-1.898428,nan
4gkm,4gkm_658,5.000,-1.283766,nan
4gkm,4gkm_665,5.300,-3.368010,nan
4gkm,4gkm_668,4.500,-2.748505,nan
4gkm,4gkm_671,3.120,-1.060870,nan
4gkm,4gkm_675,6.640,-4.892811,nan
4gkm,4gkm_676,4.500,-3.610375,nan
4gkm,4gkm_678,5.870,-3.512577,nan
4gkm,4gkm_68,5.840,-3.336727,nan
4gkm,4gkm_688,1.640,-0.566372,nan
4gkm,4gkm_69,6.010,-3.345393,nan
4gkm,4gkm_692,5.780,-4.267739,nan
4gkm,4gkm_694,5.490,-5.915104,nan
4gkm,4gkm_696,4.950,-3.698078,nan
4gkm,4gkm_698,5.340,-3.142849,nan
4gkm,4gkm_731,4.420,-2.476066,nan
4gkm,4gkm_769,3.180,-1.567505,nan
4gkm,4gkm_77,6.090,-2.584274,nan
4gkm,4gkm_770,6.540,-4.433956,nan
4gkm,4gkm_778,7.170,-4.842789,nan
4gkm,4gkm_779,7.020,-5.172188,nan
4gkm,4gkm_795,0.740,-0.533798,nan
4gkm,4gkm_798,6.080,-3.373110,nan
4gkm,4gkm_80,2.910,-0.299502,nan
4gkm,4gkm_813,1.620,-0.401390,nan
4gkm,4gkm_87,0.960,-0.483514,nan
4gkm,4gkm_90,5.960,-2.724785,nan
4gr0,4gr0_107,2.170,-1.284672,nan
4gr0,4gr0_113,4.640,-2.023270,nan
4gr0,4gr0_119,8.830,-8.528814,nan
4gr0,4gr0_120,3.550,-1.999352,nan
4gr0,4gr0_13,3.040,-1.878271,nan
4gr0,4gr0_133,8.770,-8.563933,nan
4gr0,4gr0_15,5.640,-3.343416,nan
4gr0,4gr0_159,2.260,-1.219268,nan
4gr0,4gr0_162,7.970,-8.504442,nan
4gr0,4gr0_206,0.970,-0.588999,nan
4gr0,4gr0_217,1.080,-0.603528,nan
4gr0,4gr0_218,2.090,-1.610501,nan
4gr0,4gr0_226,2.740,-1.070548,nan
4gr0,4gr0_228,6.510,-1.687173,nan
4gr0,4gr0_236,3.040,-0.982627,nan
4gr0,4gr0_237,0.850,-0.396252,nan
4gr0,4gr0_240,1.270,-0.595848,nan
4gr0,4gr0_242,5.820,-1.371458,nan
4gr0,4gr0_250,0.820,-0.567270,nan
4gr0,4gr0_268,0.980,-0.570785,nan
4gr0,4gr0_272,1.450,-0.834287,nan
4gr0,4gr0_279,0.950,-0.476508,nan
4gr0,4gr0_281,0.940,-0.513546,nan
4gr0,4gr0_286,0.690,-0.594712,nan
4gr0,4gr0_287,0.810,-0.402280,nan
4gr0,4gr0_300,5.670,-1.083617,nan
4gr0,4gr0_305,3.560,-1.036371,nan
4gr0,4gr0_306,9.150,-8.562104,nan
4gr0,4gr0_314,9.090,-8.582869,nan
4gr0,4gr0_324,8.510,-8.585567,nan
4gr0,4gr0_326,0.910,-0.607555,nan
4gr0,4gr0_33,8.940,-8.525628,nan
4gr0,4gr0_341,1.100,-0.721735,nan
4gr0,4gr0_375,4.110,-1.489743,nan
4gr0,4gr0_381,7.610,-8.561329,nan
4gr0,4gr0_402,7.530,-5.679583,nan
4gr0,4gr0_405,2.300,-2.201068,nan
4gr0,4gr0_408,4.620,-1.710781,nan
4gr0,4gr0_410,1.990,-1.925020,nan
4gr0,4gr0_411,6.150,-4.137937,nan
4gr0,4gr0_412,3.570,-4.229624,nan
4gr0,4gr0_416,6.250,-2.125638,nan
4gr0,4gr0_417,5.750,-4.561697,nan
4gr0,4gr0_419,4.050,-3.397970,nan
4gr0,4gr0_420,8.270,-4.668704,nan
4gr0,4gr0_421,6.010,-3.834767,nan
4gr0,4gr0_422,3.320,-2.766778,nan
4gr0,4gr0_428,5.440,-2.595872,nan
4gr0,4gr0_429,4.010,-3.793646,nan
4gr0,4gr0_433,3.160,-1.845383,nan
4gr0,4gr0_438,6.770,-5.056009,nan
4gr0,4gr0_439,3.330,-3.218728,nan
4gr0,4gr0_440,6.500,-2.678619,nan
4gr0,4gr0_452,2.610,-2.139755,nan
4gr0,4gr0_456,7.460,-3.114061,nan
4gr0,4gr0_457,7.590,-4.159354,nan
4gr0,4gr0_459,4.110,-3.904753,nan
4gr0,4gr0_465,2.250,-3.328792,nan
4gr0,4gr0_467,9.920,-4.483878,nan
4gr0,4gr0_468,2.710,-2.148532,nan
4gr0,4gr0_471,3.950,-2.576792,nan
4gr0,4gr0_472,9.140,-4.245723,nan
4gr0,4gr0_473,4.160,-4.162642,nan
4gr0,4gr0_474,4.470,-3.724710,nan
4gr0,4gr0_476,6.280,-4.392877,nan
4gr0,4gr0_486,3.930,-2.414145,nan
4gr0,4gr0_491,6.760,-6.655014,nan
4gr0,4gr0_492,5.350,-3.637316,nan
4gr0,4gr0_497,4.620,-2.585524,nan
4gr0,4gr0_499,5.350,-3.355982,nan
4gr0,4gr0_518,7.710,-6.131318,nan
4gr0,4gr0_529,7.130,-4.011792,nan
4gr0,4gr0_53,1.420,-0.924711,nan
4gr0,4gr0_541,8.590,-5.402848,nan
4gr0,4gr0_545,9.770,-8.597712,nan
4gr0,4gr0_546,8.950,-7.490722,nan
4gr0,4gr0_55,5.680,-0.604091,nan
4gr0,4gr0_550,9.810,-8.409682,nan
4gr0,4gr0_558,6.960,-6.701981,nan
4gr0,4gr0_56,9.620,-8.545323,nan
4gr0,4gr0_565,7.540,-8.542201,nan
4gr0,4gr0_566,7.540,-8.350343,nan
4gr0,4gr0_573,8.190,-8.577295,nan
4gr0,4gr0_575,8.710,-8.443523,nan
4gr0,4gr0_583,9.800,-8.494953,nan
4gr0,4gr0_584,1.940,-2.569954,nan
4gr0,4gr0_591,4.280,-4.175939,nan
4gr0,4gr0_594,8.400,-5.169024,nan
4gr0,4gr0_605,6.780,-5.425205,nan
4gr0,4gr0_630,9.860,-8.594272,nan
4gr0,4gr0_644,9.490,-8.507368,nan
4gr0,4gr0_650,7.430,-6.990476,nan
4gr0,4gr0_674,5.380,-6.221699,nan
4gr0,4gr0_709,0.890,-0.650432,nan
4gr0,4gr0_715,2.580,-1.603572,nan
4gr0,4gr0_761,1.900,-1.066411,nan
4gr0,4gr0_768,2.010,-0.890485,nan
4gr0,4gr0_791,5.860,-1.579030,nan
4gr0,4gr0_905,1.730,-0.431220,nan
4gr0,4gr0_91,1.730,-1.411735,nan
4hge,4hge_202,1.610,-1.305813,nan
4hge,4hge_203,0.940,-0.669381,nan
4hge,4hge_231,0.390,-0.196611,nan
4hge,4hge_310,0.410,-0.217612,nan
4hge,4hge_311,5.050,-2.595970,nan
4hge,4hge_356,0.900,-0.195326,nan
4hge,4hge_407,0.770,-0.305609,nan
4hge,4hge_414,4.730,-1.295893,nan
4hge,4hge_416,0.870,-0.548575,nan
4hge,4hge_422,5.050,-2.245481,nan
4hge,4hge_423,1.350,-1.248148,nan
4hge,4hge_424,4.980,-2.316867,nan
4hge,4hge_433,4.030,-1.463636,nan
4hge,4hge_437,1.820,-0.989404,nan
4hge,4hge_438,0.970,-0.838974,nan
4hge,4hge_446,4.360,-1.955405,nan
4hge,4hge_452,1.440,-1.081716,nan
4hge,4hge_456,2.500,-1.201817,nan
4hge,4hge_458,3.890,-1.310017,nan
4hge,4hge_46,0.580,-0.436298,nan
4hge,4hge_462,3.000,-1.156552,nan
4hge,4hge_464,3.770,-1.080843,nan
4hge,4hge_468,1.760,-1.148981,nan
4hge,4hge_471,1.720,-1.012195,nan
4hge,4hge_473,1.470,-1.033431,nan
4hge,4hge_477,1.220,-1.066784,nan
4hge,4hge_478,1.850,-0.924135,nan
4hge,4hge_498,2.130,-1.092318,nan
4hge,4hge_503,0.470,-0.126556,nan
4hge,4hge_530,5.640,-5.077184,nan
4hge,4hge_534,6.060,-6.005929,nan
4hge,4hge_543,3.580,-2.373295,nan
4hge,4hge_548,2.480,-2.358410,nan
4hge,4hge_549,3.210,-3.175250,nan
4hge,4hge_55,0.700,-0.258886,nan
4hge,4hge_555,4.750,-2.978415,nan
4hge,4hge_558,4.000,-1.821691,nan
4hge,4hge_559,5.340,-3.185462,nan
4hge,4hge_572,4.700,-2.319122,nan
4hge,4hge_573,5.480,-4.230595,nan
4hge,4hge_574,5.930,-3.965292,nan
4hge,4hge_581,5.750,-3.350079,nan
4hge,4hge_583,5.050,-2.345398,nan
4hge,4hge_602,3.950,-2.100003,nan
4hge,4hge_605,4.190,-2.890899,nan
4hge,4hge_612,2.470,-1.683507,nan
4hge,4hge_617,4.130,-1.553330,nan
4hge,4hge_621,2.260,-1.463775,nan
4hge,4hge_638,3.320,-2.915056,nan
4hge,4hge_643,3.980,-1.592540,nan
4hge,4hge_646,3.860,-2.025500,nan
4hge,4hge_654,3.750,-1.647773,nan
4hge,4hge_655,5.400,-2.719507,nan
4hge,4hge_659,5.270,-3.195335,nan
4hge,4hge_662,2.300,-1.617858,nan
4hge,4hge_666,6.840,-5.378497,nan
4hge,4hge_667,4.070,-2.633479,nan
4hge,4hge_671,6.300,-4.152902,nan
4hge,4hge_689,2.040,-2.128299,nan
4hge,4hge_692,6.570,-6.433663,nan
4hge,4hge_695,6.140,-5.889064,nan
4hge,4hge_699,4.400,-2.918857,nan
4hge,4hge_700,6.100,-4.359226,nan
4hge,4hge_737,6.200,-3.523854,nan
4hge,4hge_742,2.450,-1.052614,nan
4hge,4hge_749,6.320,-4.096834,nan
4hge,4hge_797,2.550,-0.660878,nan
4hge,4hge_828,6.200,-3.523854,nan
4hge,4hge_848,6.320,-4.096834,nan
4hge,4hge_943,1.850,-0.495859,nan
4ih5,4ih5_140,2.970,-2.158412,nan
4ih5,4ih5_148,3.050,-3.611848,nan
4ih5,4ih5_159,2.570,-2.335536,nan
4ih5,4ih5_161,2.430,-2.213850,nan
4ih5,4ih5_168,2.920,-1.738470,nan
4ih5,4ih5_169,1.810,-0.405547,nan
4ih5,4ih5_192,3.090,-2.061199,nan
4ih5,4ih5_202,4.070,-2.741477,nan
4ih5,4ih5_219,3.920,-2.199792,nan
4ih5,4ih5_227,3.850,-1.577950,nan
4ih5,4ih5_281,5.630,-6.234578,nan
4ih5,4ih5_302,0.700,-0.866979,nan
4ih5,4ih5_306,0.780,-0.929953,nan
4ih5,4ih5_327,2.200,-0.943118,nan
4ih5,4ih5_341,0.980,-1.328399,nan
4ih5,4ih5_367,0.590,-0.990943,nan
4ih5,4ih5_374,5.420,-6.034335,nan
4ih5,4ih5_381,0.980,-1.328402,nan
4ih5,4ih5_384,1.020,-1.077278,nan
4ih5,4ih5_390,4.550,-4.103787,nan
4ih5,4ih5_397,0.780,-1.059256,nan
4ih5,4ih5_400,0.810,-1.338871,nan
4ih5,4ih5_417,2.570,-1.040040,nan
4ih5,4ih5_421,7.220,-7.723350,nan
4ih5,4ih5_427,7.330,-7.422692,nan
4ih5,4ih5_428,3.570,-2.478218,nan
4ih5,4ih5_432,3.860,-3.047833,nan
4ih5,4ih5_433,5.350,-5.351380,nan
4ih5,4ih5_448,4.350,-3.668020,nan
4ih5,4ih5_451,6.810,-6.606732,nan
4ih5,4ih5_454,6.550,-7.078168,nan
4ih5,4ih5_459,6.690,-7.288302,nan
4ih5,4ih5_463,1.870,-1.637981,nan
4ih5,4ih5_465,2.550,-2.071607,nan
4ih5,4ih5_467,3.650,-2.463276,nan
4ih5,4ih5_482,2.260,-2.466763,nan
4ih5,4ih5_492,5.850,-5.624641,nan
4ih5,4ih5_5,4.060,-2.359084,nan
4ih5,4ih5_502,5.560,-4.566084,nan
4ih5,4ih5_508,4.630,-4.660542,nan
4ih5,4ih5_516,4.080,-4.035787,nan
4ih5,4ih5_543,6.430,-5.809551,nan
4ih5,4ih5_546,2.850,-2.431710,nan
4ih5,4ih5_560,6.340,-6.226714,nan
4ih5,4ih5_562,5.110,-3.909529,nan
4ih5,4ih5_566,1.750,-1.468654,nan
4ih5,4ih5_57,0.900,-0.665729,nan
4ih5,4ih5_581,6.240,-5.572035,nan
4ih5,4ih5_587,0.950,-1.987625,nan
4ih5,4ih5_612,2.680,-1.917677,nan
4ih5,4ih5_638,3.490,-4.994534,nan
4ih5,4ih5_651,5.250,-4.394768,nan
4ih5,4ih5_674,5.090,-5.120875,nan
4ih5,4ih5_681,6.140,-6.328223,nan
4ih5,4ih5_689,4.200,-4.375598,nan
4ih5,4ih5_690,4.410,-4.792308,nan
4ih5,4ih5_708,1.890,-1.724264,nan
4ih5,4ih5_715,4.650,-4.509120,nan
4ih5,4ih5_720,4.900,-4.283365,nan
4ih5,4ih5_729,3.740,-2.283256,nan
4ih5,4ih5_762,6.500,-5.566900,nan
4ih5,4ih5_764,1.690,-1.341361,nan
4ih5,4ih5_765,3.950,-3.133314,nan
4ih5,4ih5_779,1.340,-0.879800,nan
4ih5,4ih5_782,1.950,-1.715257,nan
4ih5,4ih5_789,5.350,-5.254323,nan
4ih5,4ih5_793,6.120,-6.519559,nan
4ih5,4ih5_794,6.610,-6.980654,nan
4ih5,4ih5_867,1.960,-0.505258,nan
4ih5,4ih5_892,5.290,-5.522227,nan
4ih5,4ih5_966,0.960,-1.084691,nan
4ih5,4ih5_983,1.530,-1.647238,nan
4ih7,4ih7_12,0.690,-0.148131,nan
4ih7,4ih7_129,2.090,-1.635599,nan
4ih7,4ih7_133,1.660,-0.975425,nan
4ih7,4ih7_159,1.890,-1.160325,nan
4ih7,4ih7_212,0.400,-0.507975,nan
4ih7,4ih7_219,0.540,-0.203828,nan
4ih7,4ih7_241,0.440,-0.151504,nan
4ih7,4ih7_302,0.600,-0.282091,nan
4ih7,4ih7_307,0.920,-1.104877,nan
4ih7,4ih7_341,0.680,-0.154304,nan
4ih7,4ih7_351,1.100,-1.112040,nan
4ih7,4ih7_378,0.940,-0.888195,nan
4ih7,4ih7_405,1.780,-0.316731,nan
4ih7,4ih7_412,1.330,-0.837958,nan
4ih7,4ih7_414,2.270,-2.030484,nan
4ih7,4ih7_415,5.010,-3.861405,nan
4ih7,4ih7_438,1.860,-0.491115,nan
4ih7,4ih7_459,1.650,-1.663772,nan
4ih7,4ih7_461,2.230,-1.047220,nan
4ih7,4ih7_477,2.920,-0.876352,nan
4ih7,4ih7_481,4.590,-3.841817,nan
4ih7,4ih7_483,2.490,-1.062716,nan
4ih7,4ih7_501,0.940,-0.606438,nan
4ih7,4ih7_504,1.320,-0.566943,nan
4ih7,4ih7_519,5.750,-1.653658,nan
4ih7,4ih7_522,2.860,-2.405529,nan
4ih7,4ih7_523,2.540,-1.685011,nan
4ih7,4ih7_527,7.280,-5.441995,nan
4ih7,4ih7_529,2.060,-0.944794,nan
4ih7,4ih7_539,3.420,-1.911804,nan
4ih7,4ih7_548,7.410,-4.857043,nan
4ih7,4ih7_552,3.720,-3.097416,nan
4ih7,4ih7_555,3.360,-1.375461,nan
4ih7,4ih7_560,4.840,-2.811270,nan
4ih7,4ih7_561,6.410,-4.645118,nan
4ih7,4ih7_563,6.800,-5.259367,nan
4ih7,4ih7_564,7.360,-5.547306,nan
4ih7,4ih7_565,6.670,-4.211047,nan
4ih7,4ih7_567,6.060,-2.630345,nan
4ih7,4ih7_570,7.220,-4.734216,nan
4ih7,4ih7_572,7.130,-5.239848,nan
4ih7,4ih7_577,2.200,-1.690620,nan
4ih7,4ih7_583,5.320,-4.621022,nan
4ih7,4ih7_591,7.330,-5.614434,nan
4ih7,4ih7_596,5.530,-4.356797,nan
4ih7,4ih7_597,6.130,-3.417914,nan
4ih7,4ih7_598,4.180,-3.958208,nan
4ih7,4ih7_600,6.410,-3.743503,nan
4ih7,4ih7_632,3.700,-3.841059,nan
4ih7,4ih7_645,7.040,-5.536185,nan
4ih7,4ih7_650,4.740,-2.897938,nan
4ih7,4ih7_661,3.870,-3.124779,nan
4ih7,4ih7_671,1.940,-1.355106,nan
4ih7,4ih7_704,4.680,-2.154651,nan
4ih7,4ih7_72,0.680,-1.062794,nan
4ih7,4ih7_729,3.030,-2.040106,nan
4ih7,4ih7_734,5.480,-3.603098,nan
4ih7,4ih7_739,3.480,-3.186286,nan
4ih7,4ih7_742,5.970,-3.268460,nan
4ih7,4ih7_743,3.950,-3.385308,nan
4ih7,4ih7_748,4.830,-4.195850,nan
4ih7,4ih7_749,5.400,-0.242699,nan
4ih7,4ih7_755,4.830,-2.990546,nan
4ih7,4ih7_760,4.800,-0.490233,nan
4ih7,4ih7_777,4.880,-3.766027,nan
4ih7,4ih7_788,5.910,-2.780586,nan
4ih7,4ih7_789,3.500,-1.836072,nan
4ih7,4ih7_794,4.430,-3.201336,nan
4ih7,4ih7_796,2.720,-1.932653,nan
4ih7,4ih7_822,6.190,-4.855051,nan
4ih7,4ih7_829,3.170,-2.001933,nan
4ih7,4ih7_877,1.810,-0.525224,nan
4ih7,4ih7_880,6.020,-3.428730,nan
4ih7,4ih7_885,5.110,-2.771716,nan
4ih7,4ih7_937,6.160,-2.749720,nan
4ih7,4ih7_940,6.180,-2.744907,nan
4ih7,4ih7_980,5.120,-2.400350,nan
4ivb,4ivb_142,0.450,-0.568511,nan
4ivb,4ivb_253,0.220,-0.451565,nan
4ivb,4ivb_423,1.500,-1.030356,nan
4ivb,4ivb_425,0.980,-1.008784,nan
4ivb,4ivb_428,3.450,-1.695709,nan
4ivb,4ivb_429,1.120,-1.346570,nan
4ivb,4ivb_436,2.270,-2.104508,nan
4ivb,4ivb_439,0.900,-0.352718,nan
4ivb,4ivb_441,1.310,-1.906866,nan
4ivb,4ivb_442,1.540,-1.392040,nan
4ivb,4ivb_460,1.340,-0.310666,nan
4ivb,4ivb_468,1.040,-0.604859,nan
4ivb,4ivb_477,2.150,-1.862731,nan
4ivb,4ivb_479,4.140,-1.556170,nan
4ivb,4ivb_511,8.110,-4.414968,nan
4ivb,4ivb_525,7.560,-3.205630,nan
4ivb,4ivb_527,4.230,-1.659825,nan
4ivb,4ivb_539,6.130,-1.684530,nan
4ivb,4ivb_547,7.450,-3.641915,nan
4ivb,4ivb_552,1.350,-0.618917,nan
4ivb,4ivb_561,8.080,-4.049627,nan
4ivb,4ivb_563,3.760,-1.008196,nan
4ivb,4ivb_565,6.410,-1.841254,nan
4ivb,4ivb_566,6.470,-1.757598,nan
4ivb,4ivb_577,2.200,-1.709885,nan
4ivb,4ivb_585,4.620,-1.500328,nan
4ivb,4ivb_586,4.860,-1.126154,nan
4ivb,4ivb_587,2.080,-1.370103,nan
4ivb,4ivb_590,7.070,-3.145295,nan
4ivb,4ivb_594,2.530,-1.317335,nan
4ivb,4ivb_598,5.180,-1.159690,nan
4ivb,4ivb_61,0.720,-0.815821,nan
4ivb,4ivb_615,1.620,-1.638335,nan
4ivb,4ivb_620,5.950,-2.981222,nan
4ivb,4ivb_625,5.630,-0.906099,nan
4ivb,4ivb_637,2.150,-1.388187,nan
4ivb,4ivb_649,4.090,-0.794706,nan
4ivb,4ivb_661,2.940,-1.114303,nan
4ivb,4ivb_664,6.480,-1.708751,nan
4ivb,4ivb_666,2.460,-2.134533,nan
4ivb,4ivb_671,3.050,-1.741720,nan
4ivb,4ivb_674,3.470,-1.481047,nan
4ivb,4ivb_734,1.240,-0.569234,nan
4ivb,4ivb_741,3.970,-0.810086,nan
4ivb,4ivb_747,3.990,-2.293261,nan
4ivb,4ivb_748,6.370,-2.045207,nan
4ivb,4ivb_750,4.270,-2.699735,nan
4ivb,4ivb_752,3.650,-1.046938,nan
4ivb,4ivb_761,1.690,-0.828676,nan
4ivb,4ivb_764,5.710,-2.859010,nan
4ivb,4ivb_768,4.460,-0.677414,nan
4ivb,4ivb_769,4.310,-2.829089,nan
4ivb,4ivb_771,4.270,-1.263772,nan
4ivb,4ivb_772,6.010,-2.110392,nan
4ivb,4ivb_773,3.390,-0.744357,nan
4ivb,4ivb_776,5.980,-2.221747,nan
4ivb,4ivb_779,5.720,-3.434492,nan
4ivb,4ivb_781,8.710,-7.202597,nan
4ivb,4ivb_783,5.070,-3.974167,nan
4ivb,4ivb_784,3.570,-1.643461,nan
4ivb,4ivb_785,3.810,-1.486869,nan
4ivb,4ivb_787,5.610,-3.025523,nan
4ivb,4ivb_788,5.740,-2.591553,nan
4ivb,4ivb_791,5.850,-2.640723,nan
4ivb,4ivb_794,6.370,-2.729055,nan
4ivb,4ivb_795,6.850,-3.558505,nan
4ivb,4ivb_797,6.640,-3.685286,nan
4ivb,4ivb_845,0.780,-0.379494,nan
4ivb,4ivb_85,0.230,-0.416242,nan
4ivb,4ivb_875,0.840,-0.536205,nan
4ivb,4ivb_884,2.140,-1.061770,nan
4ivb,4ivb_887,2.580,-0.976230,nan
4ivb,4ivb_896,4.010,-1.088344,nan
4ivb,4ivb_897,6.450,-2.175789,nan
4ivb,4ivb_947,0.620,-0.499183,nan
4ivb,4ivb_962,0.780,-0.541074,nan
4ivc,4ivc_20,0.210,-0.331364,nan
4ivc,4ivc_232,0.280,-0.499738,nan
4ivc,4ivc_32,0.780,-0.631833,nan
4ivc,4ivc_33,1.300,-0.676827,nan
4ivc,4ivc_409,1.710,-2.331517,nan
4ivc,4ivc_411,1.560,-1.801156,nan
4ivc,4ivc_428,1.260,-1.788396,nan
4ivc,4ivc_442,4.100,-1.407851,nan
4ivc,4ivc_458,1.640,-1.355069,nan
4ivc,4ivc_466,3.730,-2.629470,nan
4ivc,4ivc_470,4.090,-1.491230,nan
4ivc,4ivc_472,3.540,-2.054757,nan
4ivc,4ivc_476,2.020,-0.996108,nan
4ivc,4ivc_478,2.470,-2.577380,nan
4ivc,4ivc_483,6.510,-1.788065,nan
4ivc,4ivc_489,1.970,-2.311923,nan
4ivc,4ivc_492,2.110,-1.125708,nan
4ivc,4ivc_498,2.720,-2.243530,nan
4ivc,4ivc_515,4.870,-2.594976,nan
4ivc,4ivc_518,6.190,-1.962105,nan
4ivc,4ivc_528,6.260,-1.708892,nan
4ivc,4ivc_534,4.660,-1.363567,nan
4ivc,4ivc_537,3.890,-1.364668,nan
4ivc,4ivc_543,5.570,-1.701169,nan
4ivc,4ivc_544,5.710,-2.408182,nan
4ivc,4ivc_545,2.040,-1.083764,nan
4ivc,4ivc_552,5.910,-1.326809,nan
4ivc,4ivc_553,5.000,-2.662311,nan
4ivc,4ivc_554,5.990,-1.285770,nan
4ivc,4ivc_555,6.360,-2.050266,nan
4ivc,4ivc_560,6.070,-1.686509,nan
4ivc,4ivc_561,5.070,-1.571741,nan
4ivc,4ivc_563,5.170,-1.330852,nan
4ivc,4ivc_564,4.810,-1.448064,nan
4ivc,4ivc_571,5.420,-2.143068,nan
4ivc,4ivc_575,6.230,-1.096834,nan
4ivc,4ivc_581,3.030,-1.731002,nan
4ivc,4ivc_582,6.500,-1.521996,nan
4ivc,4ivc_583,3.340,-1.739850,nan
4ivc,4ivc_584,6.480,-2.154670,nan
4ivc,4ivc_593,2.110,-1.132981,nan
4ivc,4ivc_596,5.370,-1.524032,nan
4ivc,4ivc_600,5.040,-2.377553,nan
4ivc,4ivc_610,4.170,-2.762254,nan
4ivc,4ivc_612,2.150,-1.111459,nan
4ivc,4ivc_614,7.070,-2.704721,nan
4ivc,4ivc_64,1.270,-0.540566,nan
4ivc,4ivc_658,2.720,-1.553442,nan
4ivc,4ivc_679,2.330,-1.685506,nan
4ivc,4ivc_685,2.360,-1.665247,nan
4ivc,4ivc_687,6.060,-1.932904,nan
4ivc,4ivc_690,3.450,-1.757719,nan
4ivc,4ivc_695,3.740,-2.124773,nan
4ivc,4ivc_699,4.490,-0.951807,nan
4ivc,4ivc_700,5.080,-1.959352,nan
4ivc,4ivc_723,0.910,-0.683480,nan
4ivc,4ivc_740,0.760,-0.618972,nan
4ivc,4ivc_743,4.000,-0.581921,nan
4ivc,4ivc_757,4.050,-1.570013,nan
4ivc,4ivc_758,3.490,-1.196431,nan
4ivc,4ivc_759,4.120,-0.725229,nan
4ivc,4ivc_760,6.330,-1.252458,nan
4ivc,4ivc_764,3.600,-0.812216,nan
4ivc,4ivc_82,0.510,-0.445237,nan
4ivc,4ivc_831,1.330,-0.670434,nan
4ivc,4ivc_841,0.900,-0.776886,nan
4ivc,4ivc_860,1.310,-0.634686,nan
4ivc,4ivc_862,0.970,-0.614380,nan
4ivc,4ivc_864,1.360,-0.884571,nan
4ivc,4ivc_944,0.720,-0.855500,nan
4ivc,4ivc_961,0.990,-0.504680,nan
4ivd,4ivd_12,0.900,-0.671576,nan
4ivd,4ivd_231,0.770,-0.560548,nan
4ivd,4ivd_243,0.310,-0.672459,nan
4ivd,4ivd_260,0.770,-0.542668,nan
4ivd,4ivd_404,1.690,-0.889374,nan
4ivd,4ivd_405,2.090,-1.614066,nan
4ivd,4ivd_406,1.220,-1.177037,nan
4ivd,4ivd_426,2.060,-1.055893,nan
4ivd,4ivd_442,1.910,-1.620103,nan
4ivd,4ivd_445,2.090,-1.530692,nan
4ivd,4ivd_449,3.780,-0.907909,nan
4ivd,4ivd_451,4.320,-1.519143,nan
4ivd,4ivd_467,2.080,-1.416178,nan
4ivd,4ivd_468,3.330,-1.172940,nan
4ivd,4ivd_473,2.020,-1.300782,nan
4ivd,4ivd_480,3.200,-2.726885,nan
4ivd,4ivd_490,6.760,-1.193867,nan
4ivd,4ivd_492,3.680,-2.056953,nan
4ivd,4ivd_495,2.220,-1.814910,nan
4ivd,4ivd_497,2.930,-2.546402,nan
4ivd,4ivd_518,6.570,-1.094806,nan
4ivd,4ivd_52,0.610,-0.329025,nan
4ivd,4ivd_522,6.060,-1.649300,nan
4ivd,4ivd_533,4.150,-2.535639,nan
4ivd,4ivd_537,3.300,-2.662564,nan
4ivd,4ivd_541,6.610,-1.280642,nan
4ivd,4ivd_542,5.720,-1.637565,nan
4ivd,4ivd_546,6.510,-2.304172,nan
4ivd,4ivd_549,1.750,-1.853489,nan
4ivd,4ivd_550,3.010,-1.603531,nan
4ivd,4ivd_561,5.030,-1.054371,nan
4ivd,4ivd_562,4.200,-2.203266,nan
4ivd,4ivd_565,6.140,-0.708222,nan
4ivd,4ivd_567,4.010,-1.243618,nan
4ivd,4ivd_571,4.220,-2.130064,nan
4ivd,4ivd_572,5.490,-2.967928,nan
4ivd,4ivd_58,0.530,-0.345303,nan
4ivd,4ivd_588,3.290,-1.321718,nan
4ivd,4ivd_589,5.130,-3.563333,nan
4ivd,4ivd_595,3.810,-0.949744,nan
4ivd,4ivd_597,5.990,-1.579253,nan
4ivd,4ivd_598,2.650,-2.640754,nan
4ivd,4ivd_599,6.410,-1.735146,nan
4ivd,4ivd_605,6.110,-1.879921,nan
4ivd,4ivd_629,6.710,-1.775490,nan
4ivd,4ivd_641,5.530,-2.859243,nan
4ivd,4ivd_645,4.380,-2.045493,nan
4ivd,4ivd_648,4.250,-1.530702,nan
4ivd,4ivd_653,6.070,-1.084870,nan
4ivd,4ivd_658,7.890,-3.310750,nan
4ivd,4ivd_659,5.800,-4.648643,nan
4ivd,4ivd_660,3.890,-1.519201,nan
4ivd,4ivd_664,4.270,-1.842184,nan
4ivd,4ivd_667,3.590,-1.463076,nan
4ivd,4ivd_671,7.560,-3.428779,nan
4ivd,4ivd_672,4.490,-2.201456,nan
4ivd,4ivd_674,5.600,-1.898780,nan
4ivd,4ivd_680,4.970,-1.344039,nan
4ivd,4ivd_688,5.320,-5.437804,nan
4ivd,4ivd_692,2.610,-1.691434,nan
4ivd,4ivd_694,5.010,-2.503326,nan
4ivd,4ivd_752,0.750,-0.876594,nan
4ivd,4ivd_771,0.830,-0.705894,nan
4ivd,4ivd_781,0.820,-0.829946,nan
4ivd,4ivd_785,1.080,-0.916626,nan
4ivd,4ivd_786,1.320,-0.675403,nan
4ivd,4ivd_787,1.200,-0.942604,nan
4ivd,4ivd_823,0.370,-0.754868,nan
4ivd,4ivd_843,2.170,-0.783681,nan
4ivd,4ivd_866,1.790,-0.832849,nan
4ivd,4ivd_886,1.570,-0.565738,nan
4ivd,4ivd_962,1.030,-0.506107,nan
4j21,4j21_119,1.350,-0.545413,nan
4j21,4j21_18,0.910,-0.507971,nan
4j21,4j21_190,0.950,-0.409693,nan
4j21,4j21_270,0.570,-0.659031,nan
4j21,4j21_30,0.280,-0.286982,nan
4j21,4j21_352,0.280,-0.252674,nan
4j21,4j21_37,0.970,-0.722197,nan
4j21,4j21_375,5.880,-0.311653,nan
4j21,4j21_393,0.510,-0.221809,nan
4j21,4j21_428,5.930,-0.644216,nan
4j21,4j21_430,0.880,-0.417783,nan
4j21,4j21_438,2.720,-1.821404,nan
4j21,4j21_442,3.090,-2.066995,nan
4j21,4j21_444,2.710,-1.013882,nan
4j21,4j21_447,1.210,-0.855106,nan
4j21,4j21_453,2.290,-0.767019,nan
4j21,4j21_456,3.350,-1.858111,nan
4j21,4j21_462,1.880,-0.367380,nan
4j21,4j21_463,1.730,-0.456496,nan
4j21,4j21_471,2.090,-1.076381,nan
4j21,4j21_475,3.240,-1.395998,nan
4j21,4j21_478,1.940,-0.946823,nan
4j21,4j21_479,3.240,-1.105481,nan
4j21,4j21_483,3.180,-1.781990,nan
4j21,4j21_485,6.030,-1.003612,nan
4j21,4j21_489,6.110,-1.983884,nan
4j21,4j21_490,1.870,-0.667190,nan
4j21,4j21_493,5.980,-1.738632,nan
4j21,4j21_499,6.010,-1.387304,nan
4j21,4j21_50,0.340,-0.299907,nan
4j21,4j21_514,0.820,-0.404273,nan
4j21,4j21_524,1.800,-1.135218,nan
4j21,4j21_535,5.790,-0.613491,nan
4j21,4j21_540,5.760,-0.714786,nan
4j21,4j21_553,5.790,-1.170799,nan
4j21,4j21_559,1.250,-0.753252,nan
4j21,4j21_569,8.780,-6.583246,nan
4j21,4j21_572,2.070,-1.283927,nan
4j21,4j21_574,5.890,-1.125272,nan
4j21,4j21_575,1.810,-0.416287,nan
4j21,4j21_577,1.070,-0.786085,nan
4j21,4j21_582,5.630,-1.439219,nan
4j21,4j21_594,9.100,-5.726161,nan
4j21,4j21_597,2.370,-1.371738,nan
4j21,4j21_620,7.100,-6.352272,nan
4j21,4j21_625,3.120,-1.832452,nan
4j21,4j21_627,6.840,-6.498273,nan
4j21,4j21_645,2.500,-1.483024,nan
4j21,4j21_678,3.330,-2.483360,nan
4j21,4j21_680,3.210,-2.086725,nan
4j21,4j21_686,3.290,-1.887624,nan
4j21,4j21_688,7.330,-6.601333,nan
4j21,4j21_730,2.350,-0.880168,nan
4j21,4j21_731,6.320,-0.782204,nan
4j21,4j21_734,7.070,-2.877776,nan
4j21,4j21_735,8.750,-7.181315,nan
4j21,4j21_736,8.950,-6.552021,nan
4j21,4j21_740,6.120,-6.330173,nan
4j21,4j21_741,5.510,-5.277077,nan
4j21,4j21_751,8.730,-7.297198,nan
4j21,4j21_752,4.910,-3.909914,nan
4j21,4j21_753,8.120,-3.753252,nan
4j21,4j21_754,4.910,-3.954874,nan
4j21,4j21_755,4.690,-4.271111,nan
4j21,4j21_756,4.620,-3.762944,nan
4j21,4j21_757,4.780,-3.743551,nan
4j21,4j21_761,4.800,-3.731539,nan
4j21,4j21_762,6.430,-7.143888,nan
4j21,4j21_763,4.700,-3.690255,nan
4j21,4j21_765,9.520,-6.318130,nan
4j21,4j21_767,4.370,-3.453331,nan
4j21,4j21_768,4.400,-3.398018,nan
4j21,4j21_770,4.380,-3.285644,nan
4j21,4j21_771,9.510,-6.013113,nan
4j21,4j21_774,5.020,-3.751578,nan
4j21,4j21_775,6.740,-2.217042,nan
4j21,4j21_780,7.840,-6.963977,nan
4j21,4j21_804,2.060,-1.123022,nan
4j21,4j21_827,7.140,-3.200473,nan
4j21,4j21_830,7.260,-3.309080,nan
4j21,4j21_839,8.160,-6.148792,nan
4j21,4j21_842,8.140,-5.614738,nan
4j21,4j21_846,7.090,-2.114750,nan
4j21,4j21_848,8.190,-5.614738,nan
4j21,4j21_849,8.710,-6.958729,nan
4j21,4j21_856,7.540,-8.373179,nan
4j21,4j21_86,2.160,-1.110127,nan
4j21,4j21_869,7.850,-4.221349,nan
4j21,4j21_876,7.830,-3.593354,nan
4j21,4j21_952,6.190,-1.671344,nan
4j21,4j21_955,3.360,-1.827105,nan
4j21,4j21_967,6.990,-2.833114,nan
4j28,4j28_110,0.900,-0.779337,nan
4j28,4j28_123,0.210,-0.624009,nan
4j28,4j28_154,0.980,-0.849067,nan
4j28,4j28_173,0.960,-0.999582,nan
4j28,4j28_183,0.930,-0.988950,nan
4j28,4j28_196,0.870,-1.140581,nan
4j28,4j28_208,1.670,-1.628089,nan
4j28,4j28_215,6.130,-2.384646,nan
4j28,4j28_227,6.090,-2.411778,nan
4j28,4j28_265,6.180,-2.648014,nan
4j28,4j28_300,6.200,-2.667655,nan
4j28,4j28_303,1.000,-0.562585,nan
4j28,4j28_313,1.000,-1.110508,nan
4j28,4j28_406,2.760,-3.294661,nan
4j28,4j28_410,3.140,-2.701517,nan
4j28,4j28_42,0.860,-0.490904,nan
4j28,4j28_425,1.990,-1.465819,nan
4j28,4j28_429,2.190,-1.816879,nan
4j28,4j28_437,2.560,-1.952753,nan
4j28,4j28_439,1.910,-0.913744,nan
4j28,4j28_451,1.980,-1.622578,nan
4j28,4j28_457,3.640,-4.062905,nan
4j28,4j28_458,1.920,-1.765959,nan
4j28,4j28_494,5.890,-2.182862,nan
4j28,4j28_534,2.780,-1.471875,nan
4j28,4j28_536,5.060,-5.485417,nan
4j28,4j28_543,3.170,-1.772101,nan
4j28,4j28_555,5.900,-5.583241,nan
4j28,4j28_562,4.010,-4.837579,nan
4j28,4j28_566,5.000,-5.365528,nan
4j28,4j28_574,5.870,-2.354702,nan
4j28,4j28_579,4.630,-4.879106,nan
4j28,4j28_580,4.470,-3.355758,nan
4j28,4j28_583,4.830,-5.425592,nan
4j28,4j28_587,5.980,-2.819064,nan
4j28,4j28_593,3.750,-4.324443,nan
4j28,4j28_600,4.640,-4.223618,nan
4j28,4j28_646,4.140,-4.028271,nan
4j28,4j28_657,3.230,-1.921085,nan
4j28,4j28_661,2.180,-1.662068,nan
4j28,4j28_691,1.690,-1.045476,nan
4j28,4j28_692,2.560,-1.499367,nan
4j28,4j28_732,6.060,-2.318685,nan
4j28,4j28_737,2.080,-2.404217,nan
4j28,4j28_743,3.260,-3.181914,nan
4j28,4j28_744,3.350,-3.067297,nan
4j28,4j28_753,3.840,-3.857527,nan
4j28,4j28_758,6.030,-1.981628,nan
4j28,4j28_772,6.420,-3.225843,nan
4j28,4j28_775,5.940,-1.643048,nan
4j28,4j28_785,3.000,-3.322276,nan
4j28,4j28_790,6.430,-2.984121,nan
4j28,4j28_792,2.830,-2.537938,nan
4j28,4j28_794,0.340,-0.477399,nan
4j28,4j28_828,2.260,-2.601313,nan
4j28,4j28_829,3.370,-3.577658,nan
4j28,4j28_846,5.990,-2.356507,nan
4j28,4j28_852,1.130,-1.168274,nan
4j28,4j28_858,5.990,-1.832603,nan
4j28,4j28_863,4.220,-4.024368,nan
4j28,4j28_864,5.460,-3.702327,nan
4j28,4j28_866,6.010,-1.832603,nan
4j28,4j28_867,6.100,-2.315273,nan
4j28,4j28_877,4.210,-5.060342,nan
4j28,4j28_899,1.140,-1.084465,nan
4j28,4j28_912,1.940,-1.411564,nan
4j28,4j28_944,5.890,-1.467284,nan
4j28,4j28_961,1.660,-1.219132,nan
4j28,4j28_981,3.120,-3.102309,nan
4j28,4j28_988,4.170,-4.389204,nan
4j3l,4j3l_115,2.170,-0.143514,nan
4j3l,4j3l_140,1.940,-0.368145,nan
4j3l,4j3l_202,2.070,-0.501075,nan
4j3l,4j3l_286,2.340,-0.882550,nan
4j3l,4j3l_348,1.670,-0.201919,nan
4j3l,4j3l_352,1.230,-0.231626,nan
4j3l,4j3l_404,2.690,-0.896637,nan
4j3l,4j3l_413,5.920,-0.751364,nan
4j3l,4j3l_422,2.450,-1.478151,nan
4j3l,4j3l_433,5.980,-0.799746,nan
4j3l,4j3l_435,6.270,-1.147532,nan
4j3l,4j3l_440,1.790,-1.742733,nan
4j3l,4j3l_446,3.130,-1.462591,nan
4j3l,4j3l_449,1.510,-1.382327,nan
4j3l,4j3l_455,3.120,-1.214563,nan
4j3l,4j3l_468,1.760,-1.598827,nan
4j3l,4j3l_473,4.060,-2.587623,nan
4j3l,4j3l_475,3.200,-2.228008,nan
4j3l,4j3l_479,2.400,-1.845591,nan
4j3l,4j3l_485,2.620,-1.942244,nan
4j3l,4j3l_489,1.840,-0.641579,nan
4j3l,4j3l_490,2.130,-1.596684,nan
4j3l,4j3l_523,3.090,-0.999602,nan
4j3l,4j3l_536,2.510,-1.331321,nan
4j3l,4j3l_547,6.120,-0.986712,nan
4j3l,4j3l_561,2.000,-1.605246,nan
4j3l,4j3l_574,7.560,-1.871153,nan
4j3l,4j3l_585,3.050,-1.853504,nan
4j3l,4j3l_597,6.580,-2.379477,nan
4j3l,4j3l_620,5.940,-1.619573,nan
4j3l,4j3l_632,6.390,-2.566876,nan
4j3l,4j3l_635,6.130,-0.997902,nan
4j3l,4j3l_636,3.430,-0.729072,nan
4j3l,4j3l_647,3.060,-1.437396,nan
4j3l,4j3l_650,6.250,-1.180287,nan
4j3l,4j3l_656,3.230,-1.644598,nan
4j3l,4j3l_662,3.300,-1.052926,nan
4j3l,4j3l_673,2.230,-1.573912,nan
4j3l,4j3l_677,6.250,-1.789855,nan
4j3l,4j3l_684,6.220,-1.917487,nan
4j3l,4j3l_696,6.670,-0.982569,nan
4j3l,4j3l_699,3.070,-1.988346,nan
4j3l,4j3l_700,6.320,-1.396880,nan
4j3l,4j3l_732,0.840,-0.411697,nan
4j3l,4j3l_733,0.630,-0.184543,nan
4j3l,4j3l_739,0.930,-0.278810,nan
4j3l,4j3l_746,1.300,-0.188862,nan
4j3l,4j3l_749,1.000,-0.246487,nan
4j3l,4j3l_755,0.950,-0.319654,nan
4j3l,4j3l_761,0.600,-0.380101,nan
4j3l,4j3l_774,5.740,-0.673142,nan
4j3l,4j3l_775,5.750,-0.885816,nan
4j3l,4j3l_776,5.710,-0.908560,nan
4j3l,4j3l_777,5.640,-0.615453,nan
4j3l,4j3l_782,6.000,-0.502927,nan
4j3l,4j3l_784,5.980,-0.857923,nan
4j3l,4j3l_786,5.930,-0.550223,nan
4j3l,4j3l_793,1.930,-0.235020,nan
4j3l,4j3l_858,0.900,-0.384952,nan
4j3l,4j3l_871,0.910,-0.243259,nan
4j3l,4j3l_888,0.850,-0.437108,nan
4j3l,4j3l_991,0.880,-0.563084,nan
4jfs,4jfs_10,0.840,-0.490228,nan
4jfs,4jfs_139,0.690,-0.582348,nan
4jfs,4jfs_177,1.040,-1.048363,nan
4jfs,4jfs_191,0.770,-0.545413,nan
4jfs,4jfs_266,1.300,-0.488382,nan
4jfs,4jfs_274,1.410,-0.483428,nan
4jfs,4jfs_362,0.660,-0.362468,nan
4jfs,4jfs_385,0.890,-0.394521,nan
4jfs,4jfs_411,2.080,-0.515815,nan
4jfs,4jfs_413,2.360,-0.721720,nan
4jfs,4jfs_414,2.050,-0.613640,nan
4jfs,4jfs_469,4.210,-1.914474,nan
4jfs,4jfs_508,1.800,-1.346127,nan
4jfs,4jfs_51,1.090,-0.470611,nan
4jfs,4jfs_527,4.080,-3.757204,nan
4jfs,4jfs_529,2.250,-1.845027,nan
4jfs,4jfs_574,2.750,-1.883499,nan
4jfs,4jfs_579,3.150,-2.986238,nan
4jfs,4jfs_615,1.460,-1.360759,nan
4jfs,4jfs_669,3.350,-2.205622,nan
4jfs,4jfs_681,4.480,-1.271173,nan
4jfs,4jfs_709,2.840,-2.200126,nan
4jfs,4jfs_714,2.580,-2.119447,nan
4jfs,4jfs_739,3.740,-0.621833,nan
4jfs,4jfs_740,4.360,-4.637568,nan
4jfs,4jfs_749,3.850,-2.816059,nan
4jfs,4jfs_750,4.140,-1.252467,nan
4jfs,4jfs_764,3.780,-1.440033,nan
4jfs,4jfs_769,3.900,-1.786152,nan
4jfs,4jfs_778,4.180,-2.092761,nan
4jfs,4jfs_783,1.770,-2.426150,nan
4jfs,4jfs_784,3.570,-2.322018,nan
4jfs,4jfs_787,5.050,-3.693480,nan
4jfs,4jfs_788,4.320,-3.817999,nan
4jfs,4jfs_789,1.830,-0.905587,nan
4jfs,4jfs_792,2.440,-1.430503,nan
4jfs,4jfs_793,2.650,-2.822508,nan
4jfs,4jfs_797,4.090,-2.246944,nan
4jfs,4jfs_818,0.920,-0.516203,nan
4jfs,4jfs_849,3.570,-3.134660,nan
4jfs,4jfs_855,3.200,-2.871351,nan
4jfs,4jfs_857,4.350,-4.074794,nan
4jfs,4jfs_867,4.230,-4.049194,nan
4jfs,4jfs_877,3.930,-3.663784,nan
4jfs,4jfs_899,0.850,-0.335863,nan
4jfs,4jfs_920,0.720,-0.787464,nan
4jfs,4jfs_958,2.100,-1.295883,nan
4jfs,4jfs_970,0.660,-0.605939,nan
4jfs,4jfs_974,1.870,-0.632685,nan
4jfs,4jfs_981,1.150,-1.033447,nan
4jfs,4jfs_982,0.820,-0.879959,nan
4jia,4jia_11,1.900,-1.588418,nan
4jia,4jia_111,5.160,-1.801592,nan
4jia,4jia_162,9.110,-6.681061,nan
4jia,4jia_202,2.620,-1.898753,nan
4jia,4jia_205,4.750,-1.700636,nan
4jia,4jia_210,1.380,-1.571015,nan
4jia,4jia_214,6.310,-2.299122,nan
4jia,4jia_223,5.810,-2.465411,nan
4jia,4jia_227,4.290,-2.808776,nan
4jia,4jia_230,7.920,-5.169986,nan
4jia,4jia_232,7.030,-3.437917,nan
4jia,4jia_249,1.580,-1.455182,nan
4jia,4jia_257,2.000,-1.260731,nan
4jia,4jia_261,6.560,-3.013784,nan
4jia,4jia_275,0.860,-0.865813,nan
4jia,4jia_282,4.110,-2.114885,nan
4jia,4jia_285,8.280,-5.156218,nan
4jia,4jia_287,0.710,-0.845519,nan
4jia,4jia_291,6.070,-2.234665,nan
4jia,4jia_293,4.870,-1.928116,nan
4jia,4jia_295,7.180,-2.944181,nan
4jia,4jia_316,8.310,-3.570742,nan
4jia,4jia_335,2.120,-0.974703,nan
4jia,4jia_337,2.960,-1.321988,nan
4jia,4jia_362,0.960,-1.051534,nan
4jia,4jia_415,4.400,-2.936723,nan
4jia,4jia_418,5.950,-3.456444,nan
4jia,4jia_419,8.050,-4.226883,nan
4jia,4jia_427,6.130,-4.440663,nan
4jia,4jia_439,5.200,-1.950918,nan
4jia,4jia_443,8.070,-4.030394,nan
4jia,4jia_460,1.640,-0.995914,nan
4jia,4jia_479,6.980,-3.406865,nan
4jia,4jia_485,7.320,-2.667450,nan
4jia,4jia_532,3.170,-2.135849,nan
4jia,4jia_539,2.240,-2.026771,nan
4jia,4jia_551,4.460,-3.874394,nan
4jia,4jia_552,3.770,-2.848095,nan
4jia,4jia_555,2.770,-2.401527,nan
4jia,4jia_569,4.350,-2.763345,nan
4jia,4jia_587,3.320,-2.645927,nan
4jia,4jia_60,0.650,-0.479650,nan
4jia,4jia_609,8.470,-5.022195,nan
4jia,4jia_61,2.460,-2.136103,nan
4jia,4jia_66,0.820,-0.921398,nan
4jia,4jia_661,2.720,-2.165103,nan
4jia,4jia_665,6.990,-5.203107,nan
4jia,4jia_679,9.350,-7.101376,nan
4jia,4jia_707,2.540,-2.208534,nan
4jia,4jia_710,3.950,-2.764724,nan
4jia,4jia_711,3.450,-2.757166,nan
4jia,4jia_712,5.140,-4.779851,nan
4jia,4jia_719,4.600,-3.521462,nan
4jia,4jia_723,3.200,-3.764331,nan
4jia,4jia_724,2.870,-1.120058,nan
4jia,4jia_725,7.030,-3.165395,nan
4jia,4jia_727,7.040,-2.517106,nan
4jia,4jia_729,9.180,-6.780297,nan
4jia,4jia_733,3.940,-3.132827,nan
4jia,4jia_734,3.430,-0.514392,nan
4jia,4jia_737,3.420,-2.931347,nan
4jia,4jia_740,6.670,-5.257416,nan
4jia,4jia_743,5.440,-6.731174,nan
4jia,4jia_747,9.020,-5.285286,nan
4jia,4jia_749,8.060,-6.850629,nan
4jia,4jia_752,9.270,-8.388725,nan
4jia,4jia_754,5.990,-2.538215,nan
4jia,4jia_758,7.390,-4.570065,nan
4jia,4jia_763,9.090,-4.383304,nan
4jia,4jia_765,9.610,-8.110688,nan
4jia,4jia_766,7.150,-4.076240,nan
4jia,4jia_767,6.130,-3.841250,nan
4jia,4jia_769,4.680,-4.901258,nan
4jia,4jia_770,9.530,-4.212218,nan
4jia,4jia_773,9.450,-5.242662,nan
4jia,4jia_774,5.320,-2.813492,nan
4jia,4jia_777,8.600,-8.227004,nan
4jia,4jia_783,8.430,-2.672006,nan
4jia,4jia_789,7.640,-8.528852,nan
4jia,4jia_793,9.340,-4.893489,nan
4jia,4jia_796,7.670,-7.191178,nan
4jia,4jia_807,1.090,-1.143311,nan
4jia,4jia_812,1.270,-0.925201,nan
4jia,4jia_844,4.610,-2.581963,nan
4jia,4jia_85,0.800,-0.290239,nan
4jia,4jia_851,5.960,-3.242563,nan
4jia,4jia_868,6.200,-2.388361,nan
4jia,4jia_876,2.770,-1.449191,nan
4jia,4jia_88,0.880,-0.471448,nan
4jia,4jia_885,5.560,-4.204671,nan
4jia,4jia_889,3.110,-1.415894,nan
4jia,4jia_891,6.850,-2.380419,nan
4jia,4jia_907,8.650,-4.550669,nan
4jia,4jia_91,0.820,-0.733778,nan
4jia,4jia_917,1.410,-0.949401,nan
4jia,4jia_923,0.850,-1.281333,nan
4jia,4jia_957,0.810,-1.038074,nan
4jia,4jia_959,8.560,-4.960052,nan
4jia,4jia_984,1.010,-1.212913,nan
4jia,4jia_994,1.380,-1.080428,nan
4jsz,4jsz_1,9.970,-4.735748,nan
4jsz,4jsz_100,2.350,-1.546584,nan
4jsz,4jsz_113,9.980,-4.363628,nan
4jsz,4jsz_138,9.970,-4.393616,nan
4jsz,4jsz_150,4.420,-2.518934,nan
4jsz,4jsz_156,3.240,-2.307928,nan
4jsz,4jsz_160,9.860,-4.586549,nan
4jsz,4jsz_215,1.730,-1.895069,nan
4jsz,4jsz_218,3.240,-4.607274,nan
4jsz,4jsz_24,6.030,-4.857362,nan
4jsz,4jsz_26,6.140,-4.710142,nan
4jsz,4jsz_262,2.330,-0.646471,nan
4jsz,4jsz_269,2.350,-2.262896,nan
4jsz,4jsz_306,3.320,-1.942003,nan
4jsz,4jsz_31,6.050,-5.036601,nan
4jsz,4jsz_321,9.860,-4.462164,nan
4jsz,4jsz_323,10.000,-4.462164,nan
4jsz,4jsz_359,5.990,-4.983066,nan
4jsz,4jsz_38,6.100,-4.710142,nan
4jsz,4jsz_390,9.950,-4.462164,nan
4jsz,4jsz_466,4.100,-1.827303,nan
4jsz,4jsz_47,6.070,-4.983066,nan
4jsz,4jsz_476,4.180,-1.877011,nan
4jsz,4jsz_48,6.090,-4.991314,nan
4jsz,4jsz_491,2.640,-2.509610,nan
4jsz,4jsz_494,4.370,-2.247032,nan
4jsz,4jsz_498,3.240,-2.168228,nan
4jsz,4jsz_506,3.360,-1.827397,nan
4jsz,4jsz_509,3.800,-2.393192,nan
4jsz,4jsz_511,2.090,-1.038344,nan
4jsz,4jsz_512,1.960,-1.122078,nan
4jsz,4jsz_545,2.900,-2.181998,nan
4jsz,4jsz_549,4.550,-3.020870,nan
4jsz,4jsz_554,4.440,-4.710782,nan
4jsz,4jsz_559,3.830,-3.607156,nan
4jsz,4jsz_560,2.370,-2.241117,nan
4jsz,4jsz_561,1.880,-2.398107,nan
4jsz,4jsz_571,1.660,-2.864259,nan
4jsz,4jsz_574,3.120,-4.362295,nan
4jsz,4jsz_581,4.610,-4.857965,nan
4jsz,4jsz_585,2.450,-1.001839,nan
4jsz,4jsz_59,5.980,-4.942536,nan
4jsz,4jsz_593,1.450,-1.886322,nan
4jsz,4jsz_60,3.540,-1.956069,nan
4jsz,4jsz_600,4.280,-2.557214,nan
4jsz,4jsz_625,1.990,-1.641465,nan
4jsz,4jsz_63,6.020,-4.841135,nan
4jsz,4jsz_645,6.190,-6.422125,nan
4jsz,4jsz_65,5.750,-4.933940,nan
4jsz,4jsz_662,2.820,-4.409449,nan
4jsz,4jsz_672,2.000,-1.615450,nan
4jsz,4jsz_677,4.040,-1.608277,nan
4jsz,4jsz_698,3.290,-3.496449,nan
4jsz,4jsz_71,2.740,-2.879649,nan
4jsz,4jsz_710,4.160,-2.394002,nan
4jsz,4jsz_74,1.830,-4.006166,nan
4jsz,4jsz_742,1.710,-3.194353,nan
4jsz,4jsz_756,5.440,-3.512183,nan
4jsz,4jsz_762,5.150,-3.878642,nan
4jsz,4jsz_771,5.360,-6.019653,nan
4jsz,4jsz_772,5.970,-5.951964,nan
4jsz,4jsz_774,5.160,-5.675803,nan
4jsz,4jsz_775,5.010,-4.967737,nan
4jsz,4jsz_815,1.730,-1.794806,nan
4jsz,4jsz_83,6.180,-4.965728,nan
4jsz,4jsz_85,5.900,-4.718065,nan
4jsz,4jsz_93,6.170,-5.087195,nan
4jxs,4jxs_129,1.100,-1.709914,nan
4jxs,4jxs_147,0.770,-0.877906,nan
4jxs,4jxs_153,0.470,-0.926806,nan
4jxs,4jxs_196,0.570,-1.153346,nan
4jxs,4jxs_2,1.950,-1.228035,nan
4jxs,4jxs_203,2.490,-1.189213,nan
4jxs,4jxs_205,9.490,-8.611650,nan
4jxs,4jxs_218,0.970,-1.732006,nan
4jxs,4jxs_223,9.560,-8.616182,nan
4jxs,4jxs_227,7.320,-5.843456,nan
4jxs,4jxs_232,8.590,-7.632656,nan
4jxs,4jxs_236,2.480,-1.264482,nan
4jxs,4jxs_238,9.360,-8.614877,nan
4jxs,4jxs_243,8.190,-6.669696,nan
4jxs,4jxs_244,7.370,-8.571141,nan
4jxs,4jxs_246,8.570,-8.581963,nan
4jxs,4jxs_257,8.510,-7.481380,nan
4jxs,4jxs_258,0.790,-1.689801,nan
4jxs,4jxs_260,0.650,-0.571114,nan
4jxs,4jxs_262,8.670,-7.742026,nan
4jxs,4jxs_264,8.230,-7.382071,nan
4jxs,4jxs_275,6.760,-4.882053,nan
4jxs,4jxs_278,9.490,-8.618313,nan
4jxs,4jxs_295,8.080,-7.242213,nan
4jxs,4jxs_296,7.290,-5.211022,nan
4jxs,4jxs_306,0.810,-0.908518,nan
4jxs,4jxs_31,1.830,-0.993758,nan
4jxs,4jxs_311,7.030,-2.266467,nan
4jxs,4jxs_322,2.490,-2.401294,nan
4jxs,4jxs_334,1.000,-0.798347,nan
4jxs,4jxs_348,1.920,-0.450670,nan
4jxs,4jxs_352,0.810,-0.917169,nan
4jxs,4jxs_356,6.640,-1.894307,nan
4jxs,4jxs_401,3.400,-2.711149,nan
4jxs,4jxs_407,3.250,-2.202323,nan
4jxs,4jxs_410,4.430,-4.507499,nan
4jxs,4jxs_411,6.650,-6.648961,nan
4jxs,4jxs_414,4.890,-1.729080,nan
4jxs,4jxs_427,2.830,-2.489398,nan
4jxs,4jxs_434,4.230,-3.891587,nan
4jxs,4jxs_444,6.030,-3.602532,nan
4jxs,4jxs_452,7.310,-8.416693,nan
4jxs,4jxs_455,4.820,-2.970741,nan
4jxs,4jxs_464,5.400,-1.998927,nan
4jxs,4jxs_466,3.710,-4.427774,nan
4jxs,4jxs_47,2.000,-0.796481,nan
4jxs,4jxs_485,2.000,-1.696405,nan
4jxs,4jxs_490,1.750,-0.933705,nan
4jxs,4jxs_503,7.030,-3.678406,nan
4jxs,4jxs_509,5.010,-4.800268,nan
4jxs,4jxs_513,7.810,-7.427263,nan
4jxs,4jxs_517,2.010,-2.367126,nan
4jxs,4jxs_520,6.920,-6.401913,nan
4jxs,4jxs_523,1.660,-0.819567,nan
4jxs,4jxs_543,8.710,-8.027822,nan
4jxs,4jxs_546,4.740,-1.785346,nan
4jxs,4jxs_55,2.430,-1.052611,nan
4jxs,4jxs_556,3.180,-3.522460,nan
4jxs,4jxs_56,1.760,-1.659209,nan
4jxs,4jxs_563,7.020,-6.136154,nan
4jxs,4jxs_573,8.050,-4.347943,nan
4jxs,4jxs_578,2.910,-0.908543,nan
4jxs,4jxs_579,3.140,-1.519764,nan
4jxs,4jxs_580,5.560,-3.793732,nan
4jxs,4jxs_581,7.220,-6.525097,nan
4jxs,4jxs_585,5.910,-4.912453,nan
4jxs,4jxs_588,4.300,-4.643403,nan
4jxs,4jxs_595,4.690,-4.792154,nan
4jxs,4jxs_598,5.550,-5.850807,nan
4jxs,4jxs_599,2.670,-2.784635,nan
4jxs,4jxs_628,5.550,-6.825611,nan
4jxs,4jxs_648,5.240,-4.959943,nan
4jxs,4jxs_654,4.850,-2.376011,nan
4jxs,4jxs_664,5.810,-2.678849,nan
4jxs,4jxs_669,3.370,-1.733590,nan
4jxs,4jxs_672,6.580,-4.780529,nan
4jxs,4jxs_679,4.250,-4.415929,nan
4jxs,4jxs_684,4.000,-3.884410,nan
4jxs,4jxs_688,5.170,-1.555472,nan
4jxs,4jxs_696,4.600,-4.599981,nan
4jxs,4jxs_698,3.510,-2.971216,nan
4jxs,4jxs_701,9.380,-8.356071,nan
4jxs,4jxs_702,1.540,-1.161041,nan
4jxs,4jxs_707,6.500,-5.728181,nan
4jxs,4jxs_712,9.330,-8.271676,nan
4jxs,4jxs_713,9.280,-8.057291,nan
4jxs,4jxs_714,8.920,-7.862298,nan
4jxs,4jxs_719,9.280,-7.891587,nan
4jxs,4jxs_72,5.870,-3.063444,nan
4jxs,4jxs_725,9.910,-8.529230,nan
4jxs,4jxs_750,3.110,-3.158994,nan
4jxs,4jxs_76,6.540,-5.356930,nan
4jxs,4jxs_764,6.010,-1.727284,nan
4jxs,4jxs_766,3.390,-2.751160,nan
4jxs,4jxs_768,9.420,-8.157918,nan
4jxs,4jxs_770,7.150,-6.502375,nan
4jxs,4jxs_78,6.670,-1.637858,nan
4jxs,4jxs_85,2.360,-0.847921,nan
4jxs,4jxs_9,2.090,-0.937378,nan
4jxs,4jxs_979,0.790,-1.335860,nan
4k18,4k18_100,1.680,-1.735693,nan
4k18,4k18_105,2.930,-0.681712,nan
4k18,4k18_107,1.160,-0.782556,nan
4k18,4k18_118,5.890,-1.164483,nan
4k18,4k18_122,6.470,-0.593356,nan
4k18,4k18_144,3.200,-0.758314,nan
4k18,4k18_151,1.760,-0.802614,nan
4k18,4k18_161,2.870,-0.814798,nan
4k18,4k18_174,1.320,-0.917017,nan
4k18,4k18_200,3.160,-0.772080,nan
4k18,4k18_201,0.700,-0.392975,nan
4k18,4k18_203,2.390,-1.352682,nan
4k18,4k18_215,6.250,-2.337480,nan
4k18,4k18_223,2.490,-1.049585,nan
4k18,4k18_225,0.310,-0.217191,nan
4k18,4k18_23,0.870,-0.395847,nan
4k18,4k18_233,2.280,-1.200375,nan
4k18,4k18_249,0.850,-0.760451,nan
4k18,4k18_254,0.360,-0.296084,nan
4k18,4k18_267,1.160,-0.515236,nan
4k18,4k18_282,1.030,-0.371318,nan
4k18,4k18_285,0.640,-0.507518,nan
4k18,4k18_287,4.530,-1.974208,nan
4k18,4k18_365,3.980,-0.995516,nan
4k18,4k18_38,1.020,-0.462885,nan
4k18,4k18_408,3.910,-2.298353,nan
4k18,4k18_415,3.990,-3.945146,nan
4k18,4k18_430,5.340,-2.153934,nan
4k18,4k18_437,4.220,-2.662300,nan
4k18,4k18_438,4.420,-2.879196,nan
4k18,4k18_441,4.930,-1.268576,nan
4k18,4k18_454,5.130,-1.751686,nan
4k18,4k18_458,5.240,-2.672490,nan
4k18,4k18_467,4.900,-2.411947,nan
4k18,4k18_471,3.960,-1.089468,nan
4k18,4k18_477,6.490,-2.012913,nan
4k18,4k18_478,4.050,-1.375872,nan
4k18,4k18_480,2.880,-1.291974,nan
4k18,4k18_490,4.000,-2.372653,nan
4k18,4k18_494,6.000,-4.778150,nan
4k18,4k18_495,5.010,-3.114800,nan
4k18,4k18_515,7.010,-3.144035,nan
4k18,4k18_531,7.060,-3.786505,nan
4k18,4k18_538,5.650,-1.339214,nan
4k18,4k18_541,4.460,-1.103673,nan
4k18,4k18_542,7.390,-3.016584,nan
4k18,4k18_545,7.530,-2.847388,nan
4k18,4k18_547,5.570,-1.618506,nan
4k18,4k18_552,4.480,-1.776912,nan
4k18,4k18_557,7.240,-2.441373,nan
4k18,4k18_560,6.780,-2.067784,nan
4k18,4k18_563,3.280,-1.658298,nan
4k18,4k18_565,7.330,-2.796563,nan
4k18,4k18_570,6.500,-1.385521,nan
4k18,4k18_574,7.510,-3.172458,nan
4k18,4k18_583,7.090,-2.587874,nan
4k18,4k18_586,5.500,-2.984351,nan
4k18,4k18_587,6.130,-3.114036,nan
4k18,4k18_592,6.530,-1.429205,nan
4k18,4k18_599,7.050,-3.078154,nan
4k18,4k18_60,1.160,-0.708503,nan
4k18,4k18_635,6.540,-2.989282,nan
4k18,4k18_646,2.160,-0.998415,nan
4k18,4k18_651,7.210,-2.850249,nan
4k18,4k18_668,3.880,-1.811182,nan
4k18,4k18_671,6.110,-2.159115,nan
4k18,4k18_672,5.920,-2.213248,nan
4k18,4k18_683,4.760,-2.374692,nan
4k18,4k18_688,6.210,-3.238861,nan
4k18,4k18_690,2.920,-1.810818,nan
4k18,4k18_693,1.660,-1.664190,nan
4k18,4k18_700,2.620,-1.306149,nan
4k18,4k18_744,2.960,-0.503014,nan
4k18,4k18_748,1.730,-0.701150,nan
4k18,4k18_749,4.600,-1.954062,nan
4k18,4k18_825,0.840,-0.259336,nan
4k18,4k18_829,0.520,-0.328980,nan
4k18,4k18_85,0.530,-0.284479,nan
4k18,4k18_859,3.120,-0.957674,nan
4k18,4k18_93,0.680,-0.707735,nan
4k77,4k77_149,1.030,-0.530409,nan
4k77,4k77_167,0.220,-0.176542,nan
4k77,4k77_173,0.900,-0.701748,nan
4k77,4k77_190,2.170,-0.270799,nan
4k77,4k77_207,1.060,-0.302102,nan
4k77,4k77_229,0.800,-0.614518,nan
4k77,4k77_237,0.360,-0.222579,nan
4k77,4k77_257,0.540,-0.275860,nan
4k77,4k77_290,0.740,-0.496717,nan
4k77,4k77_325,3.060,-1.116454,nan
4k77,4k77_328,0.370,-0.178142,nan
4k77,4k77_331,0.880,-0.663839,nan
4k77,4k77_403,2.350,-1.505906,nan
4k77,4k77_409,1.860,-0.581124,nan
4k77,4k77_412,1.890,-1.270468,nan
4k77,4k77_416,3.620,-2.744335,nan
4k77,4k77_420,3.130,-1.425265,nan
4k77,4k77_428,2.430,-1.150787,nan
4k77,4k77_437,2.310,-0.736260,nan
4k77,4k77_440,1.690,-1.211269,nan
4k77,4k77_443,6.410,-2.773533,nan
4k77,4k77_444,4.420,-4.176445,nan
4k77,4k77_462,7.880,-6.051972,nan
4k77,4k77_478,6.520,-1.808053,nan
4k77,4k77_479,4.600,-3.974503,nan
4k77,4k77_482,6.110,-1.765916,nan
4k77,4k77_491,3.590,-2.745568,nan
4k77,4k77_516,6.140,-6.075974,nan
4k77,4k77_520,4.980,-2.075529,nan
4k77,4k77_521,6.050,-5.765602,nan
4k77,4k77_529,6.750,-2.083730,nan
4k77,4k77_546,7.280,-3.735959,nan
4k77,4k77_548,1.850,-1.573181,nan
4k77,4k77_557,2.750,-0.671107,nan
4k77,4k77_560,1.410,-1.130728,nan
4k77,4k77_562,7.060,-3.302884,nan
4k77,4k77_571,2.120,-2.174169,nan
4k77,4k77_572,4.700,-4.124580,nan
4k77,4k77_573,7.230,-3.798418,nan
4k77,4k77_576,3.940,-3.122675,nan
4k77,4k77_577,8.010,-6.341444,nan
4k77,4k77_585,6.600,-3.536801,nan
4k77,4k77_586,5.160,-4.337383,nan
4k77,4k77_592,4.010,-2.498357,nan
4k77,4k77_596,4.230,-1.568496,nan
4k77,4k77_597,5.680,-2.596820,nan
4k77,4k77_598,5.660,-2.131372,nan
4k77,4k77_601,5.920,-1.365448,nan
4k77,4k77_606,3.810,-1.415204,nan
4k77,4k77_608,2.430,-0.946183,nan
4k77,4k77_611,5.450,-2.572125,nan
4k77,4k77_625,3.820,-2.457768,nan
4k77,4k77_633,3.390,-2.169671,nan
4k77,4k77_634,7.280,-5.823493,nan
4k77,4k77_635,4.790,-1.961090,nan
4k77,4k77_642,2.770,-1.329059,nan
4k77,4k77_645,3.560,-2.808308,nan
4k77,4k77_661,2.980,-2.213875,nan
4k77,4k77_666,6.440,-2.902109,nan
4k77,4k77_681,5.290,-1.538241,nan
4k77,4k77_684,1.540,-1.190614,nan
4k77,4k77_688,4.090,-2.377898,nan
4k77,4k77_690,7.040,-2.892890,nan
4k77,4k77_693,1.330,-1.603911,nan
4k77,4k77_696,7.270,-7.522658,nan
4k77,4k77_699,3.100,-0.457080,nan
4k77,4k77_743,2.830,-1.818423,nan
4k77,4k77_748,8.120,-4.753896,nan
4k77,4k77_750,4.120,-3.012017,nan
4k77,4k77_757,6.000,-2.607499,nan
4k77,4k77_775,6.140,-2.007057,nan
4k77,4k77_782,5.290,-4.302537,nan
4k77,4k77_784,7.720,-5.251725,nan
4k77,4k77_789,4.240,-3.018417,nan
4k77,4k77_794,5.870,-3.628072,nan
4k77,4k77_869,7.420,-4.337295,nan
4k77,4k77_900,5.650,-1.776021,nan
4k77,4k77_932,0.610,-0.514556,nan
4k77,4k77_951,0.870,-0.484101,nan
4k77,4k77_959,7.230,-6.974496,nan
4k77,4k77_982,6.930,-3.808453,nan
4k77,4k77_990,1.530,-0.940999,nan
4kz6,4kz6_110,1.080,-0.193976,nan
4kz6,4kz6_112,0.880,-0.178186,nan
4kz6,4kz6_143,0.710,-0.334264,nan
4kz6,4kz6_160,0.690,-0.190507,nan
4kz6,4kz6_20,6.100,-3.831290,nan
4kz6,4kz6_267,3.100,-2.167887,nan
4kz6,4kz6_308,0.280,-0.406054,nan
4kz6,4kz6_315,0.540,-0.556134,nan
4kz6,4kz6_350,0.510,-0.660883,nan
4kz6,4kz6_365,0.660,-0.187607,nan
4kz6,4kz6_373,0.910,-0.389666,nan
4kz6,4kz6_389,0.560,-0.485672,nan
4kz6,4kz6_403,5.570,-6.217956,nan
4kz6,4kz6_408,5.290,-5.618824,nan
4kz6,4kz6_419,5.220,-5.417989,nan
4kz6,4kz6_490,5.410,-5.969391,nan
4kz6,4kz6_511,2.760,-1.485788,nan
4kz6,4kz6_527,2.400,-1.436700,nan
4kz6,4kz6_529,4.850,-4.197605,nan
4kz6,4kz6_534,7.130,-5.509582,nan
4kz6,4kz6_548,1.230,-1.102401,nan
4kz6,4kz6_549,2.660,-1.722533,nan
4kz6,4kz6_553,5.070,-4.494102,nan
4kz6,4kz6_588,3.350,-2.278718,nan
4kz6,4kz6_593,7.190,-5.008557,nan
4kz6,4kz6_658,5.010,-5.458595,nan
4kz6,4kz6_665,1.630,-0.848856,nan
4kz6,4kz6_666,3.000,-1.545278,nan
4kz6,4kz6_679,0.890,-0.397902,nan
4kz6,4kz6_681,1.740,-0.362436,nan
4kz6,4kz6_694,1.990,-0.668521,nan
4kz6,4kz6_701,2.780,-2.204387,nan
4kz6,4kz6_723,1.760,-0.580405,nan
4kz6,4kz6_726,7.070,-6.372190,nan
4kz6,4kz6_731,2.740,-2.454912,nan
4kz6,4kz6_745,4.090,-3.206546,nan
4kz6,4kz6_746,7.220,-6.900868,nan
4kz6,4kz6_748,3.530,-1.439502,nan
4kz6,4kz6_754,7.100,-6.597971,nan
4kz6,4kz6_755,7.700,-6.052284,nan
4kz6,4kz6_761,6.650,-4.817121,nan
4kz6,4kz6_764,3.870,-1.572760,nan
4kz6,4kz6_766,3.870,-3.375780,nan
4kz6,4kz6_768,4.200,-3.283763,nan
4kz6,4kz6_772,6.220,-4.059800,nan
4kz6,4kz6_773,7.210,-7.148206,nan
4kz6,4kz6_775,4.150,-3.945542,nan
4kz6,4kz6_776,6.200,-3.896658,nan
4kz6,4kz6_778,5.420,-5.780346,nan
4kz6,4kz6_785,3.550,-2.346046,nan
4kz6,4kz6_787,6.410,-6.127470,nan
4kz6,4kz6_790,3.460,-3.360689,nan
4kz6,4kz6_796,3.930,-3.428871,nan
4kz6,4kz6_798,4.590,-4.123515,nan
4kz6,4kz6_815,2.660,-0.646339,nan
4kz6,4kz6_819,2.570,-1.709174,nan
4kz6,4kz6_839,7.100,-5.335679,nan
4kz6,4kz6_840,7.480,-6.569660,nan
4kz6,4kz6_853,5.010,-3.298692,nan
4kz6,4kz6_854,4.610,-3.194160,nan
4kz6,4kz6_858,3.900,-2.785466,nan
4kz6,4kz6_873,7.720,-6.569115,nan
4kz6,4kz6_874,4.370,-2.634822,nan
4kz6,4kz6_875,6.900,-5.721281,nan
4kz6,4kz6_878,5.010,-4.536492,nan
4kz6,4kz6_879,1.210,-0.882611,nan
4kz6,4kz6_888,2.200,-0.493237,nan
4kz6,4kz6_892,1.500,-0.397766,nan
4kz6,4kz6_895,5.460,-3.731082,nan
4kz6,4kz6_897,4.890,-4.546080,nan
4kz6,4kz6_900,3.610,-2.260332,nan
4kz6,4kz6_925,1.870,-1.671740,nan
4kz6,4kz6_955,2.990,-1.212149,nan
4kz6,4kz6_958,4.640,-3.392188,nan
4kz6,4kz6_960,1.110,-0.275886,nan
4kz6,4kz6_974,4.110,-2.925448,nan
4kzq,4kzq_133,0.740,-0.353408,nan
4kzq,4kzq_14,0.450,-0.379175,nan
4kzq,4kzq_163,0.500,-0.401883,nan
4kzq,4kzq_311,0.530,-0.235100,nan
4kzq,4kzq_409,0.700,-0.311194,nan
4kzq,4kzq_425,2.120,-1.401342,nan
4kzq,4kzq_427,2.840,-1.139077,nan
4kzq,4kzq_428,0.920,-0.711112,nan
4kzq,4kzq_432,2.870,-1.567079,nan
4kzq,4kzq_434,1.090,-0.648046,nan
4kzq,4kzq_436,2.490,-1.157564,nan
4kzq,4kzq_446,0.830,-0.756821,nan
4kzq,4kzq_447,1.390,-0.594061,nan
4kzq,4kzq_455,2.330,-1.646772,nan
4kzq,4kzq_458,3.260,-0.405255,nan
4kzq,4kzq_467,3.010,-1.030308,nan
4kzq,4kzq_469,3.070,-0.557060,nan
4kzq,4kzq_472,1.170,-1.355108,nan
4kzq,4kzq_475,1.280,-1.619681,nan
4kzq,4kzq_485,3.100,-1.216313,nan
4kzq,4kzq_494,1.420,-1.346286,nan
4kzq,4kzq_495,2.910,-1.044346,nan
4kzq,4kzq_496,3.080,-0.587871,nan
4kzq,4kzq_5,0.660,-0.142276,nan
4kzq,4kzq_500,2.480,-1.698036,nan
4kzq,4kzq_507,5.190,-1.754776,nan
4kzq,4kzq_511,4.790,-1.626481,nan
4kzq,4kzq_515,1.040,-0.182545,nan
4kzq,4kzq_523,6.210,-4.932340,nan
4kzq,4kzq_539,3.570,-1.274205,nan
4kzq,4kzq_543,4.540,-2.169977,nan
4kzq,4kzq_550,4.190,-1.219952,nan
4kzq,4kzq_557,1.580,-1.228757,nan
4kzq,4kzq_560,4.850,-1.949031,nan
4kzq,4kzq_566,5.980,-3.942401,nan
4kzq,4kzq_569,3.540,-3.385208,nan
4kzq,4kzq_576,6.670,-5.486233,nan
4kzq,4kzq_584,5.010,-1.966543,nan
4kzq,4kzq_590,6.590,-3.344830,nan
4kzq,4kzq_593,4.090,-0.968784,nan
4kzq,4kzq_600,5.140,-2.457305,nan
4kzq,4kzq_607,6.180,-7.251350,nan
4kzq,4kzq_609,3.640,-0.792951,nan
4kzq,4kzq_612,1.840,-0.738227,nan
4kzq,4kzq_615,4.330,-5.034565,nan
4kzq,4kzq_62,0.820,-0.412022,nan
4kzq,4kzq_624,5.820,-6.801583,nan
4kzq,4kzq_632,6.940,-7.092425,nan
4kzq,4kzq_635,2.520,-1.074937,nan
4kzq,4kzq_641,6.890,-7.392615,nan
4kzq,4kzq_651,3.140,-1.188527,nan
4kzq,4kzq_667,2.340,-1.807254,nan
4kzq,4kzq_682,2.300,-1.279305,nan
4kzq,4kzq_692,1.110,-0.794246,nan
4kzq,4kzq_697,3.840,-1.293295,nan
4kzq,4kzq_72,0.840,-0.407014,nan
4kzq,4kzq_740,4.310,-1.322139,nan
4kzq,4kzq_745,6.530,-7.270975,nan
4kzq,4kzq_748,4.240,-1.768475,nan
4kzq,4kzq_749,9.020,-8.500137,nan
4kzq,4kzq_755,7.160,-5.978967,nan
4kzq,4kzq_758,9.030,-8.386957,nan
4kzq,4kzq_764,8.310,-4.875395,nan
4kzq,4kzq_766,8.270,-5.233267,nan
4kzq,4kzq_769,8.210,-5.091562,nan
4kzq,4kzq_776,7.930,-4.207725,nan
4kzq,4kzq_778,7.150,-7.613065,nan
4kzq,4kzq_781,9.490,-7.566479,nan
4kzq,4kzq_782,9.610,-8.024541,nan
4kzq,4kzq_783,9.750,-7.955040,nan
4kzq,4kzq_784,9.780,-7.543078,nan
4kzq,4kzq_794,5.090,-4.778122,nan
4kzq,4kzq_837,7.310,-3.683107,nan
4kzq,4kzq_838,7.920,-7.023807,nan
4kzq,4kzq_845,7.830,-4.499995,nan
4kzq,4kzq_847,8.190,-6.605520,nan
4kzq,4kzq_856,7.880,-4.367438,nan
4kzq,4kzq_861,7.990,-4.268668,nan
4kzq,4kzq_865,5.840,-7.091401,nan
4kzq,4kzq_866,8.390,-5.963128,nan
4kzq,4kzq_868,5.370,-2.437338,nan
4kzq,4kzq_874,6.500,-2.808862,nan
4kzq,4kzq_875,7.200,-4.021858,nan
4kzq,4kzq_876,4.140,-3.802861,nan
4kzq,4kzq_877,8.470,-5.954061,nan
4kzq,4kzq_878,7.550,-4.138282,nan
4kzq,4kzq_880,8.380,-7.436076,nan
4kzq,4kzq_883,6.390,-2.834308,nan
4kzq,4kzq_884,8.480,-6.291573,nan
4kzq,4kzq_888,5.820,-4.556141,nan
4kzq,4kzq_890,4.010,-2.712167,nan
4kzq,4kzq_891,8.060,-4.966453,nan
4kzq,4kzq_892,8.720,-4.000477,nan
4kzq,4kzq_893,6.740,-3.672511,nan
4kzq,4kzq_974,1.580,-1.057109,nan
4kzq,4kzq_990,5.580,-4.794925,nan
4kzu,4kzu_112,0.500,-0.500005,nan
4kzu,4kzu_206,0.450,-0.564513,nan
4kzu,4kzu_256,0.530,-0.895730,nan
4kzu,4kzu_286,0.640,-0.616526,nan
4kzu,4kzu_411,0.890,-0.900741,nan
4kzu,4kzu_422,1.500,-1.342892,nan
4kzu,4kzu_424,0.710,-0.849456,nan
4kzu,4kzu_426,3.280,-1.901198,nan
4kzu,4kzu_429,1.500,-1.633789,nan
4kzu,4kzu_432,1.220,-0.992869,nan
4kzu,4kzu_439,2.060,-0.930946,nan
4kzu,4kzu_455,2.310,-1.255854,nan
4kzu,4kzu_468,1.810,-1.284350,nan
4kzu,4kzu_472,3.230,-1.570077,nan
4kzu,4kzu_474,2.220,-0.775595,nan
4kzu,4kzu_481,1.160,-1.597241,nan
4kzu,4kzu_483,2.420,-1.019811,nan
4kzu,4kzu_491,3.470,-1.452431,nan
4kzu,4kzu_492,1.660,-1.493752,nan
4kzu,4kzu_497,3.850,-1.721634,nan
4kzu,4kzu_499,2.200,-1.576994,nan
4kzu,4kzu_5,0.880,-0.916550,nan
4kzu,4kzu_504,0.940,-0.764724,nan
4kzu,4kzu_524,1.120,-1.365530,nan
4kzu,4kzu_537,7.320,-3.537410,nan
4kzu,4kzu_548,2.000,-0.761561,nan
4kzu,4kzu_549,3.870,-2.980863,nan
4kzu,4kzu_552,4.560,-1.556690,nan
4kzu,4kzu_553,6.650,-2.312612,nan
4kzu,4kzu_559,6.560,-2.975558,nan
4kzu,4kzu_565,4.070,-1.198851,nan
4kzu,4kzu_569,5.240,-5.914047,nan
4kzu,4kzu_570,3.850,-1.521073,nan
4kzu,4kzu_571,2.890,-2.106215,nan
4kzu,4kzu_574,6.190,-2.409867,nan
4kzu,4kzu_575,1.590,-1.703903,nan
4kzu,4kzu_577,5.010,-2.082734,nan
4kzu,4kzu_578,3.760,-2.873460,nan
4kzu,4kzu_582,4.350,-1.495346,nan
4kzu,4kzu_592,4.400,-3.187155,nan
4kzu,4kzu_593,4.910,-1.573909,nan
4kzu,4kzu_594,3.570,-2.349540,nan
4kzu,4kzu_599,6.160,-6.818631,nan
4kzu,4kzu_601,0.830,-0.755199,nan
4kzu,4kzu_610,0.790,-0.747152,nan
4kzu,4kzu_618,2.170,-0.690430,nan
4kzu,4kzu_619,4.150,-1.189398,nan
4kzu,4kzu_641,3.840,-1.346321,nan
4kzu,4kzu_660,3.910,-0.918544,nan
4kzu,4kzu_661,1.630,-2.260302,nan
4kzu,4kzu_662,5.380,-3.972650,nan
4kzu,4kzu_663,5.120,-4.354633,nan
4kzu,4kzu_668,5.160,-1.746905,nan
4kzu,4kzu_669,4.560,-3.859960,nan
4kzu,4kzu_675,2.840,-2.470658,nan
4kzu,4kzu_678,6.980,-5.220744,nan
4kzu,4kzu_680,4.130,-3.143975,nan
4kzu,4kzu_682,4.790,-3.157644,nan
4kzu,4kzu_690,2.630,-1.326875,nan
4kzu,4kzu_696,4.210,-2.750948,nan
4kzu,4kzu_700,5.360,-3.190602,nan
4kzu,4kzu_708,5.490,-2.026431,nan
4kzu,4kzu_709,5.990,-4.475156,nan
4kzu,4kzu_710,6.980,-2.328925,nan
4kzu,4kzu_712,7.320,-3.169294,nan
4kzu,4kzu_735,9.120,-3.981449,nan
4kzu,4kzu_738,7.740,-4.080476,nan
4kzu,4kzu_740,8.090,-3.911784,nan
4kzu,4kzu_741,8.940,-4.515951,nan
4kzu,4kzu_747,7.930,-5.857919,nan
4kzu,4kzu_752,9.540,-5.284023,nan
4kzu,4kzu_753,7.660,-5.211069,nan
4kzu,4kzu_755,7.390,-6.404412,nan
4kzu,4kzu_757,8.130,-3.469165,nan
4kzu,4kzu_761,9.400,-5.311777,nan
4kzu,4kzu_762,7.520,-5.890530,nan
4kzu,4kzu_775,9.740,-6.104281,nan
4kzu,4kzu_776,6.380,-5.329359,nan
4kzu,4kzu_777,8.290,-3.641860,nan
4kzu,4kzu_786,9.770,-5.069843,nan
4kzu,4kzu_789,9.000,-3.912922,nan
4kzu,4kzu_800,6.800,-2.801263,nan
4kzu,4kzu_847,8.780,-6.013319,nan
4kzu,4kzu_856,5.360,-5.488108,nan
4kzu,4kzu_857,8.800,-6.308537,nan
4kzu,4kzu_861,9.120,-3.916684,nan
4kzu,4kzu_863,8.990,-3.545958,nan
4kzu,4kzu_865,8.820,-4.797330,nan
4kzu,4kzu_867,7.090,-3.602739,nan
4kzu,4kzu_872,6.590,-2.590004,nan
4kzu,4kzu_877,6.770,-2.750487,nan
4kzu,4kzu_878,9.180,-5.732679,nan
4kzu,4kzu_883,9.970,-5.059354,nan
4kzu,4kzu_889,9.270,-6.931252,nan
4kzu,4kzu_907,2.730,-2.176387,nan
4kzu,4kzu_909,5.310,-5.104166,nan
4kzu,4kzu_924,7.080,-3.047765,nan
4kzu,4kzu_932,9.760,-4.607997,nan
4kzu,4kzu_956,7.310,-2.715135,nan
4kzu,4kzu_961,8.690,-6.618839,nan
4llx,4llx_208,1.530,-0.653029,nan
4llx,4llx_213,0.450,-0.206498,nan
4llx,4llx_236,0.430,-0.339028,nan
4llx,4llx_243,9.960,-7.575988,nan
4llx,4llx_247,9.950,-6.850087,nan
4llx,4llx_276,0.960,-0.280272,nan
4llx,4llx_293,0.630,-0.299223,nan
4llx,4llx_302,0.270,-0.195336,nan
4llx,4llx_386,0.330,-0.215156,nan
4llx,4llx_402,0.780,-0.291410,nan
4llx,4llx_403,0.670,-0.281301,nan
4llx,4llx_408,3.030,-0.918810,nan
4llx,4llx_414,3.610,-2.341187,nan
4llx,4llx_418,3.650,-2.841845,nan
4llx,4llx_419,3.620,-2.908552,nan
4llx,4llx_421,0.990,-0.558731,nan
4llx,4llx_422,2.950,-2.492870,nan
4llx,4llx_442,2.570,-0.503785,nan
4llx,4llx_443,2.110,-0.869268,nan
4llx,4llx_447,1.800,-1.743293,nan
4llx,4llx_451,3.910,-4.142021,nan
4llx,4llx_465,2.850,-1.313885,nan
4llx,4llx_471,4.940,-3.841661,nan
4llx,4llx_472,5.300,-3.870384,nan
4llx,4llx_475,3.180,-2.929454,nan
4llx,4llx_478,2.110,-1.937797,nan
4llx,4llx_485,1.590,-1.126616,nan
4llx,4llx_498,1.410,-1.058024,nan
4llx,4llx_500,4.300,-3.688920,nan
4llx,4llx_512,4.660,-3.018566,nan
4llx,4llx_519,1.250,-0.312791,nan
4llx,4llx_525,4.990,-4.164901,nan
4llx,4llx_545,1.360,-1.225160,nan
4llx,4llx_553,5.690,-4.141510,nan
4llx,4llx_554,6.280,-4.640170,nan
4llx,4llx_558,6.860,-4.993649,nan
4llx,4llx_560,7.060,-5.151700,nan
4llx,4llx_579,5.260,-3.835589,nan
4llx,4llx_589,6.270,-4.909264,nan
4llx,4llx_609,1.330,-1.218119,nan
4llx,4llx_613,2.920,-2.498813,nan
4llx,4llx_621,1.180,-0.930051,nan
4llx,4llx_624,3.390,-1.622699,nan
4llx,4llx_635,2.950,-1.753532,nan
4llx,4llx_636,4.650,-3.433478,nan
4llx,4llx_641,2.380,-1.010267,nan
4llx,4llx_650,3.510,-2.820223,nan
4llx,4llx_666,3.770,-3.746252,nan
4llx,4llx_677,4.400,-3.265402,nan
4llx,4llx_684,2.860,-2.070884,nan
4llx,4llx_686,4.110,-4.119399,nan
4llx,4llx_689,4.040,-3.416991,nan
4llx,4llx_695,4.630,-3.688625,nan
4llx,4llx_716,1.890,-1.391513,nan
4llx,4llx_723,1.900,-1.202761,nan
4llx,4llx_727,5.170,-3.449748,nan
4llx,4llx_745,4.220,-2.846430,nan
4llx,4llx_746,6.210,-4.378675,nan
4llx,4llx_750,6.940,-5.998143,nan
4llx,4llx_751,8.470,-6.632494,nan
4llx,4llx_757,7.530,-4.879832,nan
4llx,4llx_759,5.790,-4.469303,nan
4llx,4llx_769,5.030,-3.087758,nan
4llx,4llx_774,7.280,-5.586217,nan
4llx,4llx_779,5.500,-3.999908,nan
4llx,4llx_781,6.000,-5.130437,nan
4llx,4llx_784,8.230,-6.632322,nan
4llx,4llx_785,6.300,-5.418021,nan
4llx,4llx_786,6.950,-6.200194,nan
4llx,4llx_787,6.230,-5.163797,nan
4llx,4llx_788,8.300,-6.882015,nan
4llx,4llx_789,7.570,-6.699584,nan
4llx,4llx_790,7.630,-5.460556,nan
4llx,4llx_793,7.090,-5.968478,nan
4llx,4llx_795,6.830,-5.079191,nan
4llx,4llx_798,7.430,-5.287467,nan
4llx,4llx_799,8.180,-4.725419,nan
4llx,4llx_845,3.780,-2.036642,nan
4llx,4llx_859,7.590,-5.921899,nan
4llx,4llx_862,5.160,-4.546184,nan
4llx,4llx_871,7.550,-5.454581,nan
4llx,4llx_875,7.390,-5.813629,nan
4llx,4llx_877,8.720,-7.523147,nan
4llx,4llx_882,6.500,-4.444417,nan
4llx,4llx_943,0.980,-0.752986,nan
4llx,4llx_967,2.940,-1.822985,nan
4llx,4llx_977,5.550,-4.841551,nan
4lzs,4lzs_1,0.750,-1.104213,nan
4lzs,4lzs_154,0.370,-0.536680,nan
4lzs,4lzs_203,3.380,-3.495655,nan
4lzs,4lzs_224,4.140,-4.521755,nan
4lzs,4lzs_38,0.480,-0.773804,nan
4lzs,4lzs_391,0.460,-0.972540,nan
4lzs,4lzs_415,1.880,-0.839078,nan
4lzs,4lzs_430,0.690,-0.471515,nan
4lzs,4lzs_442,4.010,-4.234529,nan
4lzs,4lzs_446,4.910,-4.011519,nan
4lzs,4lzs_454,2.560,-1.430731,nan
4lzs,4lzs_456,4.390,-4.847888,nan
4lzs,4lzs_465,4.500,-4.464572,nan
4lzs,4lzs_529,4.670,-3.614593,nan
4lzs,4lzs_533,1.820,-1.535426,nan
4lzs,4lzs_550,1.870,-0.805054,nan
4lzs,4lzs_560,2.350,-0.781211,nan
4lzs,4lzs_572,1.930,-1.255608,nan
4lzs,4lzs_586,2.000,-1.241999,nan
4lzs,4lzs_61,0.870,-1.110535,nan
4lzs,4lzs_617,1.260,-1.387009,nan
4lzs,4lzs_653,3.170,-2.413717,nan
4lzs,4lzs_693,3.130,-1.409369,nan
4lzs,4lzs_70,0.690,-1.020967,nan
4lzs,4lzs_702,0.380,-0.624281,nan
4lzs,4lzs_725,2.200,-2.246937,nan
4lzs,4lzs_746,2.160,-1.349147,nan
4lzs,4lzs_749,5.080,-4.397441,nan
4lzs,4lzs_750,5.180,-4.147594,nan
4lzs,4lzs_752,3.380,-2.521420,nan
4lzs,4lzs_753,6.000,-5.192411,nan
4lzs,4lzs_755,5.070,-4.318692,nan
4lzs,4lzs_756,5.060,-4.106981,nan
4lzs,4lzs_760,5.210,-4.400187,nan
4lzs,4lzs_765,5.030,-4.713866,nan
4lzs,4lzs_767,6.080,-4.792939,nan
4lzs,4lzs_768,5.860,-4.949787,nan
4lzs,4lzs_773,7.340,-6.654510,nan
4lzs,4lzs_778,1.970,-1.623251,nan
4lzs,4lzs_779,2.060,-1.610800,nan
4lzs,4lzs_784,3.370,-2.763907,nan
4lzs,4lzs_788,4.340,-3.548625,nan
4lzs,4lzs_789,4.420,-3.598407,nan
4lzs,4lzs_793,4.630,-3.487803,nan
4lzs,4lzs_795,3.800,-2.532155,nan
4lzs,4lzs_819,1.860,-1.338786,nan
4lzs,4lzs_838,2.040,-1.615159,nan
4lzs,4lzs_841,1.970,-1.479445,nan
4lzs,4lzs_845,3.810,-3.356394,nan
4lzs,4lzs_849,2.330,-0.511366,nan
4lzs,4lzs_850,3.190,-3.112760,nan
4lzs,4lzs_852,2.960,-1.768468,nan
4lzs,4lzs_88,0.850,-1.335415,nan
4lzs,4lzs_880,3.690,-3.834118,nan
4lzs,4lzs_881,5.500,-4.449269,nan
4lzs,4lzs_884,3.510,-1.626471,nan
4lzs,4lzs_885,4.330,-2.837702,nan
4lzs,4lzs_890,5.450,-4.665260,nan
4lzs,4lzs_905,0.990,-1.129684,nan
4lzs,4lzs_951,2.640,-1.931586,nan
4lzs,4lzs_968,1.350,-0.555734,nan
4lzs,4lzs_980,2.580,-2.091536,nan
4m0y,4m0y_214,0.610,-0.530641,nan
4m0y,4m0y_224,7.020,-1.640812,nan
4m0y,4m0y_232,0.470,-0.416540,nan
4m0y,4m0y_252,7.200,-2.009561,nan
4m0y,4m0y_336,4.580,-1.604543,nan
4m0y,4m0y_407,5.150,-1.357584,nan
4m0y,4m0y_410,4.260,-1.760880,nan
4m0y,4m0y_416,3.990,-0.870675,nan
4m0y,4m0y_426,6.720,-2.048381,nan
4m0y,4m0y_448,5.810,-2.103081,nan
4m0y,4m0y_461,4.370,-1.533158,nan
4m0y,4m0y_467,7.440,-3.487009,nan
4m0y,4m0y_476,7.440,-3.489229,nan
4m0y,4m0y_485,6.940,-3.314273,nan
4m0y,4m0y_488,6.510,-1.217647,nan
4m0y,4m0y_493,7.210,-3.193326,nan
4m0y,4m0y_509,7.460,-6.506072,nan
4m0y,4m0y_512,3.550,-0.815410,nan
4m0y,4m0y_513,5.010,-1.360712,nan
4m0y,4m0y_514,4.000,-3.634538,nan
4m0y,4m0y_524,7.590,-6.124633,nan
4m0y,4m0y_525,5.410,-1.876892,nan
4m0y,4m0y_532,6.100,-0.749237,nan
4m0y,4m0y_534,6.040,-2.868772,nan
4m0y,4m0y_537,6.000,-1.149722,nan
4m0y,4m0y_544,2.730,-0.974367,nan
4m0y,4m0y_545,7.170,-3.750215,nan
4m0y,4m0y_546,5.810,-3.760831,nan
4m0y,4m0y_547,6.250,-3.580415,nan
4m0y,4m0y_549,6.640,-3.007163,nan
4m0y,4m0y_558,6.610,-6.051632,nan
4m0y,4m0y_561,1.300,-1.283185,nan
4m0y,4m0y_567,4.860,-2.997304,nan
4m0y,4m0y_570,5.990,-4.270487,nan
4m0y,4m0y_574,3.250,-1.561408,nan
4m0y,4m0y_586,7.490,-4.534341,nan
4m0y,4m0y_589,7.360,-5.090191,nan
4m0y,4m0y_591,2.620,-0.871341,nan
4m0y,4m0y_592,2.930,-1.966415,nan
4m0y,4m0y_598,1.800,-0.526497,nan
4m0y,4m0y_601,5.140,-2.530796,nan
4m0y,4m0y_610,4.990,-0.935829,nan
4m0y,4m0y_619,3.390,-0.691258,nan
4m0y,4m0y_631,4.800,-0.865734,nan
4m0y,4m0y_646,4.630,-0.878957,nan
4m0y,4m0y_655,4.640,-1.523841,nan
4m0y,4m0y_659,3.320,-1.369256,nan
4m0y,4m0y_662,6.080,-1.804899,nan
4m0y,4m0y_669,2.400,-1.416797,nan
4m0y,4m0y_682,4.580,-1.441085,nan
4m0y,4m0y_684,5.200,-2.308002,nan
4m0y,4m0y_686,1.640,-0.808540,nan
4m0y,4m0y_697,5.330,-0.969187,nan
4m0y,4m0y_739,3.150,-1.112921,nan
4m0y,4m0y_740,2.410,-0.662000,nan
4m0y,4m0y_743,6.140,-4.940124,nan
4m0y,4m0y_748,3.890,-1.428381,nan
4m0y,4m0y_750,3.670,-1.624374,nan
4m0y,4m0y_752,4.740,-3.530813,nan
4m0y,4m0y_753,2.950,-0.646144,nan
4m0y,4m0y_756,0.930,-0.646645,nan
4m0y,4m0y_757,0.380,-0.697472,nan
4m0y,4m0y_758,0.330,-0.696227,nan
4m0y,4m0y_759,0.360,-0.658335,nan
4m0y,4m0y_767,0.970,-1.247112,nan
4m0y,4m0y_814,1.810,-0.912605,nan
4m0y,4m0y_822,1.950,-0.429715,nan
4m0y,4m0y_827,2.080,-1.866713,nan
4m0y,4m0y_839,1.070,-1.013375,nan
4m0y,4m0y_846,2.470,-0.798135,nan
4m0y,4m0y_856,0.320,-0.541351,nan
4m0y,4m0y_863,0.350,-0.547953,nan
4m0y,4m0y_873,0.430,-0.430264,nan
4m0y,4m0y_883,1.330,-1.052938,nan
4m0y,4m0y_907,1.850,-1.067207,nan
4m0y,4m0y_920,1.740,-0.981946,nan
4m0y,4m0y_922,2.950,-1.531744,nan
4m0y,4m0y_923,3.020,-1.539428,nan
4m0y,4m0y_951,2.560,-1.907528,nan
4m0y,4m0y_952,1.650,-1.244871,nan
4m0z,4m0z_402,6.420,-1.150970,nan
4m0z,4m0z_41,0.680,-0.340197,nan
4m0z,4m0z_415,1.720,-1.134492,nan
4m0z,4m0z_436,0.710,-0.362986,nan
4m0z,4m0z_439,6.470,-1.212984,nan
4m0z,4m0z_443,5.480,-2.031900,nan
4m0z,4m0z_444,5.420,-1.449226,nan
4m0z,4m0z_450,2.010,-0.785877,nan
4m0z,4m0z_455,5.050,-1.295717,nan
4m0z,4m0z_456,0.840,-0.458470,nan
4m0z,4m0z_457,3.390,-1.444340,nan
4m0z,4m0z_462,1.820,-0.749451,nan
4m0z,4m0z_473,6.400,-0.731785,nan
4m0z,4m0z_477,3.120,-1.323990,nan
4m0z,4m0z_487,6.040,-1.338423,nan
4m0z,4m0z_492,6.180,-1.465776,nan
4m0z,4m0z_494,3.350,-1.903852,nan
4m0z,4m0z_501,0.550,-0.451973,nan
4m0z,4m0z_505,0.540,-0.587882,nan
4m0z,4m0z_508,0.720,-0.776396,nan
4m0z,4m0z_516,0.590,-0.473933,nan
4m0z,4m0z_517,3.220,-1.116427,nan
4m0z,4m0z_526,5.170,-1.138372,nan
4m0z,4m0z_529,1.090,-0.831708,nan
4m0z,4m0z_532,5.120,-1.068497,nan
4m0z,4m0z_539,0.940,-0.805643,nan
4m0z,4m0z_552,5.340,-1.255527,nan
4m0z,4m0z_558,5.460,-1.757658,nan
4m0z,4m0z_560,4.720,-1.737332,nan
4m0z,4m0z_568,4.590,-1.654113,nan
4m0z,4m0z_571,3.730,-1.675085,nan
4m0z,4m0z_574,4.940,-1.725258,nan
4m0z,4m0z_575,2.050,-0.700899,nan
4m0z,4m0z_580,4.800,-0.870237,nan
4m0z,4m0z_581,5.790,-2.534934,nan
4m0z,4m0z_584,4.910,-1.024035,nan
4m0z,4m0z_600,3.360,-1.924389,nan
4m0z,4m0z_601,6.410,-1.476099,nan
4m0z,4m0z_603,0.790,-0.452951,nan
4m0z,4m0z_614,2.740,-1.015930,nan
4m0z,4m0z_615,0.980,-0.590370,nan
4m0z,4m0z_626,1.300,-0.123570,nan
4m0z,4m0z_633,2.480,-0.707286,nan
4m0z,4m0z_634,3.040,-0.842292,nan
4m0z,4m0z_640,3.610,-1.417706,nan
4m0z,4m0z_641,2.900,-2.131074,nan
4m0z,4m0z_646,1.110,-1.022962,nan
4m0z,4m0z_648,6.520,-1.014630,nan
4m0z,4m0z_650,1.820,-1.297148,nan
4m0z,4m0z_662,3.150,-1.822854,nan
4m0z,4m0z_666,2.670,-1.648797,nan
4m0z,4m0z_669,6.230,-0.944913,nan
4m0z,4m0z_678,2.020,-1.248766,nan
4m0z,4m0z_680,2.390,-1.585417,nan
4m0z,4m0z_683,4.550,-1.016756,nan
4m0z,4m0z_684,4.580,-1.065565,nan
4m0z,4m0z_685,2.520,-0.546040,nan
4m0z,4m0z_686,1.310,-0.891774,nan
4m0z,4m0z_690,5.660,-1.515033,nan
4m0z,4m0z_695,6.150,-1.065241,nan
4m0z,4m0z_696,1.320,-1.230102,nan
4m0z,4m0z_697,1.860,-0.657265,nan
4m0z,4m0z_699,6.470,-1.758197,nan
4m0z,4m0z_700,1.680,-0.912906,nan
4m0z,4m0z_779,3.110,-1.338052,nan
4m0z,4m0z_869,2.560,-1.332012,nan
4m0z,4m0z_878,5.770,-2.087767,nan
4m0z,4m0z_880,4.900,-3.218313,nan
4m0z,4m0z_882,4.790,-3.186546,nan
4m0z,4m0z_883,4.170,-1.798763,nan
4mgd,4mgd_1000,1.310,-1.149088,nan
4mgd,4mgd_132,0.930,-0.715189,nan
4mgd,4mgd_223,1.010,-0.865450,nan
4mgd,4mgd_24,0.430,-0.272973,nan
4mgd,4mgd_272,0.370,-0.387296,nan
4mgd,4mgd_283,0.860,-0.507958,nan
4mgd,4mgd_425,0.980,-1.363423,nan
4mgd,4mgd_427,0.800,-0.572212,nan
4mgd,4mgd_428,0.620,-0.634930,nan
4mgd,4mgd_455,1.250,-0.845331,nan
4mgd,4mgd_467,1.500,-0.606129,nan
4mgd,4mgd_469,2.150,-2.356089,nan
4mgd,4mgd_520,1.890,-2.023185,nan
4mgd,4mgd_568,1.610,-1.935783,nan
4mgd,4mgd_571,2.040,-2.115108,nan
4mgd,4mgd_579,3.830,-1.871557,nan
4mgd,4mgd_586,2.190,-2.193499,nan
4mgd,4mgd_609,1.280,-1.288075,nan
4mgd,4mgd_660,2.160,-2.180452,nan
4mgd,4mgd_669,2.040,-2.140553,nan
4mgd,4mgd_683,2.300,-2.063192,nan
4mgd,4mgd_690,2.060,-1.077827,nan
4mgd,4mgd_732,0.980,-0.152541,nan
4mgd,4mgd_753,4.020,-1.713168,nan
4mgd,4mgd_761,3.910,-1.492427,nan
4mgd,4mgd_763,4.000,-1.890738,nan
4mgd,4mgd_768,3.940,-1.402090,nan
4mgd,4mgd_772,2.120,-1.698358,nan
4mgd,4mgd_779,3.690,-1.456932,nan
4mgd,4mgd_781,1.340,-1.442882,nan
4mgd,4mgd_782,4.030,-2.329780,nan
4mgd,4mgd_783,3.790,-1.528906,nan
4mgd,4mgd_784,4.060,-1.989985,nan
4mgd,4mgd_790,3.410,-2.152124,nan
4mgd,4mgd_791,4.120,-3.148859,nan
4mgd,4mgd_792,2.970,-2.695099,nan
4mgd,4mgd_793,3.830,-2.273476,nan
4mgd,4mgd_795,2.580,-2.719846,nan
4mgd,4mgd_799,3.380,-2.139103,nan
4mgd,4mgd_800,4.550,-3.476172,nan
4mgd,4mgd_820,1.410,-0.750107,nan
4mgd,4mgd_829,0.980,-0.886524,nan
4mgd,4mgd_894,3.700,-0.966263,nan
4mgd,4mgd_95,1.010,-0.732151,nan
4mgd,4mgd_96,0.520,-0.217296,nan
4mme,4mme_133,0.650,-0.401091,nan
4mme,4mme_16,0.590,-0.418461,nan
4mme,4mme_324,0.600,-0.532166,nan
4mme,4mme_403,1.040,-0.337443,nan
4mme,4mme_406,0.830,-0.471198,nan
4mme,4mme_407,3.120,-0.749001,nan
4mme,4mme_409,1.000,-0.924596,nan
4mme,4mme_413,1.100,-0.798511,nan
4mme,4mme_425,1.560,-1.338529,nan
4mme,4mme_426,2.910,-1.800350,nan
4mme,4mme_434,0.450,-0.279946,nan
4mme,4mme_440,2.780,-1.620617,nan
4mme,4mme_441,2.110,-1.661544,nan
4mme,4mme_442,3.270,-2.924194,nan
4mme,4mme_455,1.710,-0.875204,nan
4mme,4mme_456,4.370,-2.878190,nan
4mme,4mme_466,0.870,-0.564904,nan
4mme,4mme_468,1.920,-1.601322,nan
4mme,4mme_469,3.860,-1.766496,nan
4mme,4mme_472,3.870,-2.008730,nan
4mme,4mme_475,2.760,-2.290891,nan
4mme,4mme_482,3.100,-1.911507,nan
4mme,4mme_486,3.830,-2.420115,nan
4mme,4mme_489,6.110,-5.214715,nan
4mme,4mme_492,3.250,-1.879984,nan
4mme,4mme_498,1.830,-1.126254,nan
4mme,4mme_511,6.380,-6.057488,nan
4mme,4mme_520,7.310,-7.003279,nan
4mme,4mme_521,6.690,-6.543441,nan
4mme,4mme_522,0.920,-1.363844,nan
4mme,4mme_524,6.600,-6.334249,nan
4mme,4mme_534,5.880,-5.804953,nan
4mme,4mme_539,5.500,-4.447531,nan
4mme,4mme_552,1.230,-1.432999,nan
4mme,4mme_555,5.640,-4.255732,nan
4mme,4mme_559,4.680,-3.506332,nan
4mme,4mme_565,5.530,-4.523666,nan
4mme,4mme_566,2.370,-1.324152,nan
4mme,4mme_567,6.680,-6.720208,nan
4mme,4mme_568,6.110,-5.098619,nan
4mme,4mme_575,4.800,-3.612603,nan
4mme,4mme_577,5.510,-4.261146,nan
4mme,4mme_580,1.120,-1.325218,nan
4mme,4mme_584,5.010,-3.647230,nan
4mme,4mme_593,6.920,-7.484548,nan
4mme,4mme_600,4.760,-3.247754,nan
4mme,4mme_611,2.700,-1.628327,nan
4mme,4mme_622,1.060,-1.418544,nan
4mme,4mme_635,2.880,-1.258199,nan
4mme,4mme_644,6.620,-5.866980,nan
4mme,4mme_646,2.870,-2.059008,nan
4mme,4mme_651,4.220,-3.278227,nan
4mme,4mme_656,4.040,-2.654623,nan
4mme,4mme_657,5.830,-5.779557,nan
4mme,4mme_667,7.230,-6.266622,nan
4mme,4mme_670,7.230,-6.199028,nan
4mme,4mme_674,6.540,-6.075256,nan
4mme,4mme_676,3.000,-1.807416,nan
4mme,4mme_685,5.500,-5.528142,nan
4mme,4mme_687,7.050,-6.016453,nan
4mme,4mme_695,4.300,-2.117524,nan
4mme,4mme_71,0.550,-0.480014,nan
4mme,4mme_723,1.250,-0.625580,nan
4mme,4mme_754,3.940,-1.482590,nan
4mme,4mme_757,4.180,-1.689505,nan
4mme,4mme_766,2.990,-1.248162,nan
4mme,4mme_768,3.240,-2.014015,nan
4mme,4mme_769,4.600,-2.004500,nan
4mme,4mme_834,5.730,-4.843227,nan
4mme,4mme_835,4.910,-3.529643,nan
4mme,4mme_839,6.890,-6.810105,nan
4mme,4mme_845,3.390,-0.930798,nan
4mme,4mme_86,0.570,-0.416972,nan
4mme,4mme_943,5.130,-3.888263,nan
4ogj,4ogj_128,8.080,-5.182215,nan
4ogj,4ogj_138,6.850,-2.244157,nan
4ogj,4ogj_177,6.000,-2.908720,nan
4ogj,4ogj_202,6.120,-4.423446,nan
4ogj,4ogj_209,9.020,-7.395796,nan
4ogj,4ogj_221,6.740,-4.068388,nan
4ogj,4ogj_222,7.220,-5.293781,nan
4ogj,4ogj_223,9.320,-8.028292,nan
4ogj,4ogj_228,7.050,-7.060127,nan
4ogj,4ogj_229,9.230,-7.515302,nan
4ogj,4ogj_230,8.080,-7.492661,nan
4ogj,4ogj_233,8.050,-7.147919,nan
4ogj,4ogj_243,6.560,-6.627337,nan
4ogj,4ogj_245,5.480,-2.818337,nan
4ogj,4ogj_247,8.850,-7.257767,nan
4ogj,4ogj_250,8.030,-1.297030,nan
4ogj,4ogj_259,7.590,-5.240573,nan
4ogj,4ogj_260,9.380,-8.308751,nan
4ogj,4ogj_263,9.230,-5.897693,nan
4ogj,4ogj_267,7.120,-4.052977,nan
4ogj,4ogj_271,6.600,-3.949965,nan
4ogj,4ogj_279,4.760,-2.077104,nan
4ogj,4ogj_282,7.170,-7.622984,nan
4ogj,4ogj_286,7.930,-1.107351,nan
4ogj,4ogj_291,9.990,-6.195118,nan
4ogj,4ogj_297,4.940,-2.991773,nan
4ogj,4ogj_300,6.730,-4.491687,nan
4ogj,4ogj_40,9.070,-4.997303,nan
4ogj,4ogj_439,6.640,-4.191501,nan
4ogj,4ogj_44,9.120,-3.993906,nan
4ogj,4ogj_447,9.050,-7.145497,nan
4ogj,4ogj_45,9.070,-7.092864,nan
4ogj,4ogj_478,5.890,-5.704136,nan
4ogj,4ogj_503,4.840,-1.484460,nan
4ogj,4ogj_523,4.930,-2.232081,nan
4ogj,4ogj_527,8.410,-4.312958,nan
4ogj,4ogj_565,4.550,-5.033521,nan
4ogj,4ogj_569,5.650,-1.953688,nan
4ogj,4ogj_570,3.600,-0.896378,nan
4ogj,4ogj_575,5.050,-2.952787,nan
4ogj,4ogj_619,6.380,-3.264367,nan
4ogj,4ogj_627,7.040,-4.284037,nan
4ogj,4ogj_637,7.420,-4.322547,nan
4ogj,4ogj_638,5.020,-1.935352,nan
4ogj,4ogj_65,8.610,-3.011269,nan
4ogj,4ogj_658,7.050,-7.791134,nan
4ogj,4ogj_661,5.400,-3.367876,nan
4ogj,4ogj_664,6.600,-2.290908,nan
4ogj,4ogj_670,5.820,-2.814652,nan
4ogj,4ogj_677,4.920,-2.380537,nan
4ogj,4ogj_698,3.760,-2.323631,nan
4ogj,4ogj_7,7.970,-3.938614,nan
4ogj,4ogj_70,8.560,-8.478207,nan
4ogj,4ogj_700,4.930,-2.267110,nan
4ogj,4ogj_701,4.070,-0.330698,nan
4ogj,4ogj_72,8.240,-4.686136,nan
4ogj,4ogj_722,3.780,-0.420299,nan
4ogj,4ogj_723,2.230,-0.583015,nan
4ogj,4ogj_742,3.150,-0.563444,nan
4ogj,4ogj_743,4.000,-0.255985,nan
4ogj,4ogj_744,2.770,-0.497834,nan
4ogj,4ogj_746,6.890,-4.066492,nan
4ogj,4ogj_750,0.860,-0.426493,nan
4ogj,4ogj_753,2.710,-0.390217,nan
4ogj,4ogj_757,0.800,-0.434060,nan
4ogj,4ogj_758,3.620,-0.405757,nan
4ogj,4ogj_762,1.760,-0.407420,nan
4ogj,4ogj_764,1.920,-0.373640,nan
4ogj,4ogj_771,4.050,-2.596837,nan
4ogj,4ogj_778,2.690,-0.874831,nan
4ogj,4ogj_782,1.650,-0.609524,nan
4ogj,4ogj_784,1.310,-0.596249,nan
4ogj,4ogj_785,8.440,-2.947128,nan
4ogj,4ogj_789,2.100,-0.349851,nan
4ogj,4ogj_792,1.660,-0.326827,nan
4ogj,4ogj_795,3.640,-0.395425,nan
4ogj,4ogj_808,5.940,-3.120282,nan
4ogj,4ogj_824,2.360,-0.311818,nan
4ogj,4ogj_852,4.820,-2.043635,nan
4ogj,4ogj_881,2.080,-0.554418,nan
4ogj,4ogj_882,3.200,-0.701234,nan
4ogj,4ogj_89,5.620,-1.501558,nan
4ogj,4ogj_897,2.780,-0.339634,nan
4ogj,4ogj_914,3.950,-0.528931,nan
4ogj,4ogj_935,3.980,-0.276885,nan
4ogj,4ogj_936,2.020,-0.372215,nan
4ogj,4ogj_937,1.610,-0.462332,nan
4ogj,4ogj_957,1.720,-0.519034,nan
4ogj,4ogj_969,2.650,-0.709770,nan
4ogj,4ogj_990,1.330,-0.424426,nan
4ogj,4ogj_993,1.160,-0.444754,nan
4ogj,4ogj_999,1.360,-0.526367,nan
4owm,4owm_109,7.560,-6.179325,nan
4owm,4owm_114,7.670,-6.588058,nan
4owm,4owm_135,2.350,-0.323419,nan
4owm,4owm_148,7.580,-6.441880,nan
4owm,4owm_16,2.000,-0.421549,nan
4owm,4owm_163,2.060,-0.651280,nan
4owm,4owm_215,8.420,-7.153936,nan
4owm,4owm_216,1.900,-0.620943,nan
4owm,4owm_223,2.000,-0.725409,nan
4owm,4owm_228,8.820,-7.412435,nan
4owm,4owm_230,0.750,-0.439210,nan
4owm,4owm_232,0.610,-0.655459,nan
4owm,4owm_243,8.750,-7.765505,nan
4owm,4owm_260,8.460,-7.054431,nan
4owm,4owm_270,8.880,-7.290641,nan
4owm,4owm_272,9.130,-7.920375,nan
4owm,4owm_278,8.780,-7.219718,nan
4owm,4owm_280,8.510,-7.266181,nan
4owm,4owm_287,8.710,-7.444505,nan
4owm,4owm_293,8.810,-7.717772,nan
4owm,4owm_299,8.860,-7.755125,nan
4owm,4owm_305,1.310,-0.337228,nan
4owm,4owm_329,9.460,-8.338018,nan
4owm,4owm_346,9.600,-8.409710,nan
4owm,4owm_362,0.560,-0.253687,nan
4owm,4owm_366,1.410,-0.245254,nan
4owm,4owm_378,0.700,-0.385331,nan
4owm,4owm_389,0.630,-0.314825,nan
4owm,4owm_392,9.300,-8.259213,nan
4owm,4owm_397,9.190,-8.132151,nan
4owm,4owm_407,1.810,-0.960328,nan
4owm,4owm_427,2.000,-0.700814,nan
4owm,4owm_430,1.590,-0.785097,nan
4owm,4owm_437,2.810,-0.577417,nan
4owm,4owm_440,3.730,-1.218213,nan
4owm,4owm_455,1.370,-0.848373,nan
4owm,4owm_461,3.270,-1.909501,nan
4owm,4owm_463,3.650,-2.266238,nan
4owm,4owm_465,6.360,-5.596553,nan
4owm,4owm_475,4.920,-4.531639,nan
4owm,4owm_482,6.000,-5.504731,nan
4owm,4owm_484,5.400,-3.805300,nan
4owm,4owm_493,6.000,-3.920964,nan
4owm,4owm_501,2.790,-1.245571,nan
4owm,4owm_506,3.500,-2.078119,nan
4owm,4owm_509,5.550,-4.531964,nan
4owm,4owm_517,4.760,-2.855477,nan
4owm,4owm_534,1.240,-0.460386,nan
4owm,4owm_542,2.810,-1.036949,nan
4owm,4owm_554,5.880,-3.604876,nan
4owm,4owm_556,6.010,-3.575513,nan
4owm,4owm_561,6.510,-2.974921,nan
4owm,4owm_571,3.840,-1.810970,nan
4owm,4owm_572,3.900,-2.176571,nan
4owm,4owm_574,4.280,-2.605737,nan
4owm,4owm_575,4.650,-2.121564,nan
4owm,4owm_576,5.460,-5.395701,nan
4owm,4owm_579,6.420,-4.857499,nan
4owm,4owm_582,4.710,-3.145918,nan
4owm,4owm_583,4.760,-2.657588,nan
4owm,4owm_584,6.230,-5.950389,nan
4owm,4owm_595,2.680,-1.488345,nan
4owm,4owm_619,4.670,-1.594909,nan
4owm,4owm_626,7.050,-7.176024,nan
4owm,4owm_629,0.830,-1.109275,nan
4owm,4owm_637,2.980,-1.324201,nan
4owm,4owm_639,4.570,-3.908576,nan
4owm,4owm_648,5.340,-2.735244,nan
4owm,4owm_661,6.750,-4.694072,nan
4owm,4owm_663,6.310,-5.298415,nan
4owm,4owm_670,4.830,-3.491342,nan
4owm,4owm_671,2.760,-0.976838,nan
4owm,4owm_674,6.270,-4.888446,nan
4owm,4owm_689,3.620,-1.666058,nan
4owm,4owm_695,2.410,-0.914512,nan
4owm,4owm_742,6.180,-4.708151,nan
4owm,4owm_760,5.160,-3.294810,nan
4owm,4owm_768,5.180,-3.656152,nan
4owm,4owm_774,6.160,-4.537740,nan
4owm,4owm_779,2.680,-1.517711,nan
4owm,4owm_780,3.940,-2.616408,nan
4owm,4owm_849,0.730,-0.770668,nan
4owm,4owm_851,3.350,-2.077758,nan
4owm,4owm_860,4.120,-1.709678,nan
4owm,4owm_872,3.440,-1.261413,nan
4owm,4owm_874,5.130,-4.505589,nan
4pcs,4pcs_141,1.150,-1.007066,nan
4pcs,4pcs_152,0.910,-0.687968,nan
4pcs,4pcs_164,0.540,-0.698742,nan
4pcs,4pcs_165,0.900,-0.609298,nan
4pcs,4pcs_173,0.770,-0.710571,nan
4pcs,4pcs_190,1.580,-1.051733,nan
4pcs,4pcs_196,0.410,-0.568722,nan
4pcs,4pcs_202,1.070,-0.592688,nan
4pcs,4pcs_241,2.950,-1.805446,nan
4pcs,4pcs_257,1.350,-0.681929,nan
4pcs,4pcs_274,3.030,-1.904545,nan
4pcs,4pcs_309,0.460,-0.594393,nan
4pcs,4pcs_401,2.870,-1.689585,nan
4pcs,4pcs_409,2.990,-1.896396,nan
4pcs,4pcs_413,3.290,-2.226458,nan
4pcs,4pcs_416,2.980,-1.811403,nan
4pcs,4pcs_437,4.360,-4.145168,nan
4pcs,4pcs_443,6.650,-3.349270,nan
4pcs,4pcs_444,6.610,-3.592243,nan
4pcs,4pcs_448,2.470,-2.039999,nan
4pcs,4pcs_452,6.400,-3.027242,nan
4pcs,4pcs_476,6.610,-2.969160,nan
4pcs,4pcs_477,6.460,-3.836736,nan
4pcs,4pcs_486,6.490,-3.891531,nan
4pcs,4pcs_491,4.010,-3.239023,nan
4pcs,4pcs_494,6.450,-2.816144,nan
4pcs,4pcs_512,3.070,-1.581330,nan
4pcs,4pcs_518,4.160,-3.186787,nan
4pcs,4pcs_521,5.070,-5.870100,nan
4pcs,4pcs_527,5.860,-6.488192,nan
4pcs,4pcs_533,4.370,-4.901942,nan
4pcs,4pcs_537,5.320,-5.661303,nan
4pcs,4pcs_538,3.880,-4.467678,nan
4pcs,4pcs_545,5.120,-5.360681,nan
4pcs,4pcs_548,3.720,-3.684922,nan
4pcs,4pcs_549,4.420,-5.022126,nan
4pcs,4pcs_552,5.130,-5.398181,nan
4pcs,4pcs_554,3.260,-1.200228,nan
4pcs,4pcs_564,5.690,-6.052974,nan
4pcs,4pcs_572,5.410,-5.718593,nan
4pcs,4pcs_580,6.480,-2.071893,nan
4pcs,4pcs_581,4.240,-4.785674,nan
4pcs,4pcs_588,5.090,-5.721899,nan
4pcs,4pcs_592,5.800,-6.160607,nan
4pcs,4pcs_598,5.450,-6.735851,nan
4pcs,4pcs_600,4.770,-4.720582,nan
4pcs,4pcs_63,0.820,-0.388993,nan
4pcs,4pcs_654,3.170,-2.003820,nan
4pcs,4pcs_663,6.310,-3.461103,nan
4pcs,4pcs_684,2.480,-2.653027,nan
4pcs,4pcs_697,2.150,-1.208474,nan
4pcs,4pcs_719,0.780,-0.544245,nan
4pcs,4pcs_734,1.440,-0.859350,nan
4pcs,4pcs_749,1.020,-0.743502,nan
4pcs,4pcs_765,2.370,-2.339292,nan
4pcs,4pcs_773,3.610,-2.060395,nan
4pcs,4pcs_776,1.780,-1.669593,nan
4pcs,4pcs_777,3.120,-2.590216,nan
4pcs,4pcs_78,1.400,-0.744450,nan
4pcs,4pcs_780,2.940,-1.905288,nan
4pcs,4pcs_785,3.630,-2.912168,nan
4pcs,4pcs_788,1.810,-0.713845,nan
4pcs,4pcs_789,2.600,-1.466763,nan
4pcs,4pcs_790,4.140,-4.489024,nan
4pcs,4pcs_795,6.590,-2.123775,nan
4pcs,4pcs_800,4.620,-5.522020,nan
4pcs,4pcs_812,0.560,-0.460852,nan
4pcs,4pcs_826,1.070,-0.610488,nan
4pcs,4pcs_828,0.730,-0.585782,nan
4pcs,4pcs_883,4.460,-3.507430,nan
4qac,4qac_109,0.500,-0.174694,nan
4qac,4qac_114,0.560,-0.472519,nan
4qac,4qac_115,0.900,-0.677985,nan
4qac,4qac_116,0.920,-0.643483,nan
4qac,4qac_136,1.140,-0.623900,nan
4qac,4qac_144,0.640,-0.477061,nan
4qac,4qac_194,1.080,-0.751395,nan
4qac,4qac_232,0.780,-0.510691,nan
4qac,4qac_353,0.940,-0.316821,nan
4qac,4qac_372,0.700,-0.763708,nan
4qac,4qac_406,3.070,-2.250591,nan
4qac,4qac_410,3.320,-2.591426,nan
4qac,4qac_411,6.690,-1.457717,nan
4qac,4qac_419,2.980,-2.048394,nan
4qac,4qac_424,3.060,-2.689245,nan
4qac,4qac_441,3.190,-2.495354,nan
4qac,4qac_444,3.080,-2.941041,nan
4qac,4qac_447,3.730,-2.738374,nan
4qac,4qac_450,3.070,-2.723629,nan
4qac,4qac_456,1.260,-1.542873,nan
4qac,4qac_466,3.190,-2.685547,nan
4qac,4qac_471,3.340,-2.774804,nan
4qac,4qac_476,2.480,-2.582762,nan
4qac,4qac_481,7.070,-2.268569,nan
4qac,4qac_484,2.470,-2.936175,nan
4qac,4qac_486,1.280,-1.753883,nan
4qac,4qac_489,2.610,-2.580106,nan
4qac,4qac_497,6.910,-2.077908,nan
4qac,4qac_499,2.000,-1.797341,nan
4qac,4qac_50,0.640,-0.684742,nan
4qac,4qac_501,5.890,-4.973329,nan
4qac,4qac_502,4.790,-3.330861,nan
4qac,4qac_507,5.620,-4.194723,nan
4qac,4qac_509,5.070,-3.774162,nan
4qac,4qac_512,7.640,-2.111230,nan
4qac,4qac_513,4.610,-3.309759,nan
4qac,4qac_518,2.410,-2.178606,nan
4qac,4qac_538,7.790,-2.825598,nan
4qac,4qac_539,4.630,-3.973305,nan
4qac,4qac_550,1.810,-1.697934,nan
4qac,4qac_553,4.880,-3.293298,nan
4qac,4qac_557,2.530,-2.401160,nan
4qac,4qac_563,1.530,-1.537110,nan
4qac,4qac_565,9.260,-8.417335,nan
4qac,4qac_567,2.570,-1.877051,nan
4qac,4qac_569,6.670,-6.419090,nan
4qac,4qac_581,2.490,-2.891189,nan
4qac,4qac_588,5.180,-4.732893,nan
4qac,4qac_593,2.280,-1.945308,nan
4qac,4qac_600,6.830,-2.554893,nan
4qac,4qac_634,1.580,-1.404559,nan
4qac,4qac_635,5.380,-4.835649,nan
4qac,4qac_659,4.990,-4.299680,nan
4qac,4qac_673,2.140,-1.904112,nan
4qac,4qac_683,7.200,-3.331092,nan
4qac,4qac_689,6.860,-7.742803,nan
4qac,4qac_692,1.710,-1.554712,nan
4qac,4qac_702,1.450,-0.674186,nan
4qac,4qac_711,7.210,-7.663534,nan
4qac,4qac_718,4.900,-3.314582,nan
4qac,4qac_722,7.100,-4.377332,nan
4qac,4qac_739,4.580,-3.904283,nan
4qac,4qac_745,8.950,-7.907130,nan
4qac,4qac_755,8.340,-7.452127,nan
4qac,4qac_764,9.380,-8.306142,nan
4qac,4qac_769,6.920,-5.675441,nan
4qac,4qac_770,9.140,-7.984752,nan
4qac,4qac_772,9.120,-8.056259,nan
4qac,4qac_773,8.950,-7.441993,nan
4qac,4qac_777,4.830,-3.288768,nan
4qac,4qac_780,5.540,-4.288469,nan
4qac,4qac_781,7.280,-6.293440,nan
4qac,4qac_782,7.810,-5.755588,nan
4qac,4qac_786,7.680,-3.660589,nan
4qac,4qac_787,9.030,-8.473872,nan
4qac,4qac_789,9.830,-8.488070,nan
4qac,4qac_791,4.720,-4.118686,nan
4qac,4qac_793,6.010,-5.700227,nan
4qac,4qac_795,3.070,-2.916374,nan
4qac,4qac_800,5.050,-4.065168,nan
4qac,4qac_813,9.540,-8.435706,nan
4qac,4qac_824,9.570,-8.458841,nan
4qac,4qac_828,6.910,-6.939832,nan
4qac,4qac_849,5.750,-5.261748,nan
4qac,4qac_871,9.530,-8.344537,nan
4qac,4qac_875,7.260,-6.838552,nan
4qac,4qac_883,5.060,-4.185854,nan
4qac,4qac_888,9.090,-7.977057,nan
4qac,4qac_893,4.540,-3.916479,nan
4qac,4qac_945,0.870,-0.313169,nan
4qac,4qac_962,6.390,-5.026639,nan
4qac,4qac_969,6.370,-4.780667,nan
4qac,4qac_975,5.830,-4.054432,nan
4qd6,4qd6_103,8.620,-3.032569,nan
4qd6,4qd6_160,4.560,-2.258902,nan
4qd6,4qd6_167,3.810,-1.495577,nan
4qd6,4qd6_187,10.000,-3.972234,nan
4qd6,4qd6_207,1.250,-0.464946,nan
4qd6,4qd6_219,4.880,-1.450042,nan
4qd6,4qd6_230,9.110,-5.841293,nan
4qd6,4qd6_265,4.880,-2.985514,nan
4qd6,4qd6_268,6.930,-4.802781,nan
4qd6,4qd6_276,9.340,-4.678782,nan
4qd6,4qd6_290,8.880,-5.283200,nan
4qd6,4qd6_294,9.310,-3.925239,nan
4qd6,4qd6_298,8.680,-3.403588,nan
4qd6,4qd6_302,9.060,-5.661062,nan
4qd6,4qd6_312,9.260,-6.138433,nan
4qd6,4qd6_339,4.590,-1.910269,nan
4qd6,4qd6_346,7.260,-3.347792,nan
4qd6,4qd6_347,2.480,-0.571902,nan
4qd6,4qd6_387,7.900,-5.488750,nan
4qd6,4qd6_390,2.180,-0.592336,nan
4qd6,4qd6_397,5.910,-4.887892,nan
4qd6,4qd6_408,8.120,-3.490597,nan
4qd6,4qd6_414,7.890,-4.525672,nan
4qd6,4qd6_428,9.230,-6.085728,nan
4qd6,4qd6_429,5.980,-4.490035,nan
4qd6,4qd6_44,2.620,-1.891763,nan
4qd6,4qd6_448,8.010,-3.415725,nan
4qd6,4qd6_449,8.210,-4.673461,nan
4qd6,4qd6_460,6.930,-4.742954,nan
4qd6,4qd6_465,5.750,-3.451372,nan
4qd6,4qd6_471,7.200,-4.751400,nan
4qd6,4qd6_473,8.290,-5.279759,nan
4qd6,4qd6_475,8.010,-5.331934,nan
4qd6,4qd6_490,7.170,-5.149762,nan
4qd6,4qd6_501,4.370,-2.167929,nan
4qd6,4qd6_507,3.930,-2.103775,nan
4qd6,4qd6_511,6.680,-4.255249,nan
4qd6,4qd6_516,6.310,-6.495471,nan
4qd6,4qd6_518,5.970,-2.533413,nan
4qd6,4qd6_519,3.460,-2.532253,nan
4qd6,4qd6_520,5.800,-4.313461,nan
4qd6,4qd6_528,5.810,-2.723148,nan
4qd6,4qd6_529,6.350,-3.997372,nan
4qd6,4qd6_540,7.660,-4.056187,nan
4qd6,4qd6_547,6.170,-2.889058,nan
4qd6,4qd6_568,4.090,-3.251074,nan
4qd6,4qd6_573,6.230,-2.785460,nan
4qd6,4qd6_574,5.210,-2.945893,nan
4qd6,4qd6_578,9.100,-3.445460,nan
4qd6,4qd6_58,4.480,-2.829458,nan
4qd6,4qd6_588,6.590,-3.018831,nan
4qd6,4qd6_593,7.100,-2.919969,nan
4qd6,4qd6_6,3.930,-2.488017,nan
4qd6,4qd6_612,5.820,-2.506603,nan
4qd6,4qd6_614,6.480,-3.172207,nan
4qd6,4qd6_62,7.490,-3.999351,nan
4qd6,4qd6_621,4.680,-3.742259,nan
4qd6,4qd6_623,9.070,-5.457979,nan
4qd6,4qd6_639,7.780,-4.242063,nan
4qd6,4qd6_642,6.310,-2.362906,nan
4qd6,4qd6_653,3.120,-2.235327,nan
4qd6,4qd6_671,5.870,-2.412623,nan
4qd6,4qd6_673,9.230,-4.710913,nan
4qd6,4qd6_674,3.250,-1.321915,nan
4qd6,4qd6_675,7.040,-5.168763,nan
4qd6,4qd6_678,8.310,-3.329115,nan
4qd6,4qd6_681,4.620,-1.649997,nan
4qd6,4qd6_683,5.030,-2.293662,nan
4qd6,4qd6_687,8.650,-4.741240,nan
4qd6,4qd6_700,3.340,-2.628469,nan
4qd6,4qd6_707,2.120,-0.520920,nan
4qd6,4qd6_708,2.180,-0.497113,nan
4qd6,4qd6_709,2.790,-0.943792,nan
4qd6,4qd6_714,2.000,-0.818400,nan
4qd6,4qd6_737,3.120,-1.256751,nan
4qd6,4qd6_790,0.960,-0.575307,nan
4qd6,4qd6_82,4.980,-2.708206,nan
4qd6,4qd6_825,2.550,-0.914703,nan
4qd6,4qd6_835,2.710,-1.302778,nan
4qd6,4qd6_84,3.990,-1.751830,nan
4qd6,4qd6_847,2.180,-1.409828,nan
4qd6,4qd6_85,3.840,-2.003277,nan
4qd6,4qd6_925,1.290,-0.761100,nan
4qd6,4qd6_934,1.070,-0.428808,nan
4qd6,4qd6_939,1.270,-0.472449,nan
4qd6,4qd6_942,1.460,-0.359638,nan
4qd6,4qd6_948,1.990,-0.521957,nan
4qd6,4qd6_954,1.590,-0.401099,nan
4qd6,4qd6_958,2.890,-0.672977,nan
4qd6,4qd6_960,1.320,-1.148189,nan
4qd6,4qd6_971,1.060,-0.471664,nan
4qd6,4qd6_975,0.790,-0.462618,nan
4qd6,4qd6_978,0.700,-0.427046,nan
4rfm,4rfm_113,1.010,-0.530830,nan
4rfm,4rfm_140,6.490,-3.007564,nan
4rfm,4rfm_185,1.460,-0.647847,nan
4rfm,4rfm_191,1.290,-0.798371,nan
4rfm,4rfm_21,1.070,-0.608128,nan
4rfm,4rfm_223,6.740,-3.088599,nan
4rfm,4rfm_233,3.670,-0.446683,nan
4rfm,4rfm_259,6.660,-2.605021,nan
4rfm,4rfm_26,2.950,-1.533846,nan
4rfm,4rfm_262,9.750,-3.232239,nan
4rfm,4rfm_3,2.180,-1.190686,nan
4rfm,4rfm_31,3.780,-1.464778,nan
4rfm,4rfm_313,9.200,-6.383433,nan
4rfm,4rfm_319,9.420,-6.826467,nan
4rfm,4rfm_321,7.930,-6.318535,nan
4rfm,4rfm_327,0.800,-0.456220,nan
4rfm,4rfm_344,9.500,-6.178905,nan
4rfm,4rfm_350,9.290,-6.085255,nan
4rfm,4rfm_353,3.510,-0.586705,nan
4rfm,4rfm_354,0.710,-0.577674,nan
4rfm,4rfm_37,2.880,-0.563174,nan
4rfm,4rfm_39,6.750,-7.633129,nan
4rfm,4rfm_402,8.160,-5.169139,nan
4rfm,4rfm_404,7.730,-4.414944,nan
4rfm,4rfm_412,7.010,-4.323816,nan
4rfm,4rfm_413,7.650,-4.088339,nan
4rfm,4rfm_43,3.550,-1.804541,nan
4rfm,4rfm_430,4.680,-1.861568,nan
4rfm,4rfm_440,8.200,-3.124684,nan
4rfm,4rfm_453,6.530,-3.750502,nan
4rfm,4rfm_458,3.820,-1.832492,nan
4rfm,4rfm_473,7.170,-2.974703,nan
4rfm,4rfm_480,4.960,-2.260229,nan
4rfm,4rfm_487,7.770,-3.501921,nan
4rfm,4rfm_488,6.570,-3.157814,nan
4rfm,4rfm_497,3.970,-1.930210,nan
4rfm,4rfm_498,7.240,-2.801882,nan
4rfm,4rfm_506,9.330,-7.760763,nan
4rfm,4rfm_508,2.220,-1.183171,nan
4rfm,4rfm_514,8.210,-8.501913,nan
4rfm,4rfm_524,4.310,-2.136106,nan
4rfm,4rfm_529,5.850,-3.336968,nan
4rfm,4rfm_533,2.520,-1.725461,nan
4rfm,4rfm_534,6.060,-3.761111,nan
4rfm,4rfm_536,5.730,-3.371434,nan
4rfm,4rfm_542,5.310,-4.834486,nan
4rfm,4rfm_545,6.430,-2.998146,nan
4rfm,4rfm_553,8.640,-7.018766,nan
4rfm,4rfm_557,6.130,-3.807321,nan
4rfm,4rfm_559,7.850,-8.177437,nan
4rfm,4rfm_560,5.930,-3.004640,nan
4rfm,4rfm_562,8.720,-8.383346,nan
4rfm,4rfm_567,5.980,-3.717346,nan
4rfm,4rfm_569,8.560,-8.551430,nan
4rfm,4rfm_577,4.860,-5.339005,nan
4rfm,4rfm_580,5.150,-5.359987,nan
4rfm,4rfm_588,8.440,-8.402889,nan
4rfm,4rfm_589,9.600,-8.561010,nan
4rfm,4rfm_592,2.570,-1.864614,nan
4rfm,4rfm_593,8.070,-5.162525,nan
4rfm,4rfm_598,9.930,-8.528750,nan
4rfm,4rfm_612,2.730,-1.115347,nan
4rfm,4rfm_627,3.700,-1.816955,nan
4rfm,4rfm_629,5.820,-4.738917,nan
4rfm,4rfm_635,2.100,-2.269820,nan
4rfm,4rfm_637,5.870,-3.875206,nan
4rfm,4rfm_639,8.460,-6.606878,nan
4rfm,4rfm_640,7.000,-3.767944,nan
4rfm,4rfm_641,4.730,-3.394652,nan
4rfm,4rfm_642,4.190,-0.930574,nan
4rfm,4rfm_646,4.940,-5.093479,nan
4rfm,4rfm_650,3.810,-2.303900,nan
4rfm,4rfm_652,3.450,-2.488375,nan
4rfm,4rfm_66,2.980,-0.403053,nan
4rfm,4rfm_665,5.090,-3.140229,nan
4rfm,4rfm_667,5.330,-3.060210,nan
4rfm,4rfm_669,4.980,-3.718535,nan
4rfm,4rfm_670,3.900,-2.450255,nan
4rfm,4rfm_675,4.410,-2.726480,nan
4rfm,4rfm_682,4.940,-2.538727,nan
4rfm,4rfm_689,7.910,-4.699391,nan
4rfm,4rfm_694,7.530,-5.849249,nan
4rfm,4rfm_729,1.430,-0.686343,nan
4rfm,4rfm_732,2.700,-0.857779,nan
4rfm,4rfm_744,9.670,-4.482416,nan
4rfm,4rfm_747,9.740,-5.152734,nan
4rfm,4rfm_748,8.530,-5.180272,nan
4rfm,4rfm_798,0.880,-0.419359,nan
4rfm,4rfm_85,0.430,-0.511612,nan
4rfm,4rfm_863,1.950,-0.631717,nan
4rfm,4rfm_869,1.910,-0.751323,nan
4rfm,4rfm_9,0.370,-0.683137,nan
4rfm,4rfm_936,1.980,-0.800066,nan
4rfm,4rfm_940,1.890,-0.778112,nan
4rfm,4rfm_941,1.680,-0.464006,nan
4tmn,4tmn_129,8.290,-8.410507,nan
4tmn,4tmn_137,9.260,-8.548915,nan
4tmn,4tmn_141,7.640,-6.626871,nan
4tmn,4tmn_146,8.010,-7.795234,nan
4tmn,4tmn_148,7.880,-8.538499,nan
4tmn,4tmn_150,9.720,-8.582990,nan
4tmn,4tmn_16,7.990,-6.435636,nan
4tmn,4tmn_164,7.380,-6.536367,nan
4tmn,4tmn_192,9.250,-8.545685,nan
4tmn,4tmn_196,8.940,-8.545969,nan
4tmn,4tmn_208,0.680,-0.638427,nan
4tmn,4tmn_209,1.030,-0.533092,nan
4tmn,4tmn_214,8.020,-1.864301,nan
4tmn,4tmn_215,0.730,-0.604383,nan
4tmn,4tmn_218,0.630,-0.411499,nan
4tmn,4tmn_224,0.650,-0.609792,nan
4tmn,4tmn_229,0.930,-0.742665,nan
4tmn,4tmn_231,1.180,-1.145837,nan
4tmn,4tmn_238,4.330,-1.817701,nan
4tmn,4tmn_242,4.840,-2.115592,nan
4tmn,4tmn_248,1.090,-0.784163,nan
4tmn,4tmn_258,0.890,-0.707828,nan
4tmn,4tmn_260,1.490,-0.853905,nan
4tmn,4tmn_268,0.960,-0.306403,nan
4tmn,4tmn_274,7.740,-1.076308,nan
4tmn,4tmn_275,0.990,-0.886316,nan
4tmn,4tmn_278,0.920,-0.847126,nan
4tmn,4tmn_283,2.660,-0.935211,nan
4tmn,4tmn_290,5.550,-3.667751,nan
4tmn,4tmn_303,5.580,-3.514490,nan
4tmn,4tmn_315,9.040,-8.536980,nan
4tmn,4tmn_324,0.740,-0.716039,nan
4tmn,4tmn_326,8.800,-8.514556,nan
4tmn,4tmn_333,7.770,-7.463953,nan
4tmn,4tmn_359,6.980,-4.810125,nan
4tmn,4tmn_365,8.030,-8.132830,nan
4tmn,4tmn_391,9.560,-8.535830,nan
4tmn,4tmn_392,5.720,-6.278606,nan
4tmn,4tmn_397,6.840,-6.847810,nan
4tmn,4tmn_407,4.900,-1.916065,nan
4tmn,4tmn_418,4.460,-3.156455,nan
4tmn,4tmn_422,2.410,-2.980518,nan
4tmn,4tmn_423,2.140,-1.674856,nan
4tmn,4tmn_442,5.650,-1.011613,nan
4tmn,4tmn_448,3.180,-2.057019,nan
4tmn,4tmn_50,9.790,-8.546148,nan
4tmn,4tmn_501,6.530,-5.081794,nan
4tmn,4tmn_505,3.690,-4.049228,nan
4tmn,4tmn_509,6.530,-6.159335,nan
4tmn,4tmn_523,9.050,-8.492679,nan
4tmn,4tmn_526,3.070,-2.022456,nan
4tmn,4tmn_53,8.490,-8.184820,nan
4tmn,4tmn_534,6.720,-8.203325,nan
4tmn,4tmn_551,9.320,-8.563814,nan
4tmn,4tmn_554,7.670,-8.209010,nan
4tmn,4tmn_555,3.590,-2.533516,nan
4tmn,4tmn_58,4.990,-4.032362,nan
4tmn,4tmn_60,8.050,-8.364641,nan
4tmn,4tmn_604,5.820,-7.350189,nan
4tmn,4tmn_613,6.660,-4.865701,nan
4tmn,4tmn_653,7.930,-7.950921,nan
4tmn,4tmn_671,5.100,-5.814320,nan
4tmn,4tmn_673,3.670,-2.592985,nan
4tmn,4tmn_692,4.190,-2.917480,nan
4tmn,4tmn_710,1.150,-1.109695,nan
4tmn,4tmn_715,1.550,-0.969027,nan
4tmn,4tmn_718,2.200,-1.922332,nan
4tmn,4tmn_721,1.760,-0.859491,nan
4tmn,4tmn_722,1.940,-1.721870,nan
4tmn,4tmn_731,1.540,-0.566725,nan
4tmn,4tmn_734,7.830,-7.506091,nan
4tmn,4tmn_738,9.140,-6.701145,nan
4tmn,4tmn_743,8.940,-8.507789,nan
4tmn,4tmn_746,2.140,-1.854680,nan
4tmn,4tmn_754,4.430,-2.428099,nan
4tmn,4tmn_756,2.960,-2.620775,nan
4tmn,4tmn_771,5.800,-6.425598,nan
4tmn,4tmn_78,9.860,-8.547570,nan
4tmn,4tmn_790,8.020,-8.320778,nan
4tmn,4tmn_794,6.190,-7.180540,nan
4tmn,4tmn_801,1.280,-0.557709,nan
4tmn,4tmn_810,3.030,-2.465886,nan
4tmn,4tmn_816,2.560,-1.562122,nan
4tmn,4tmn_823,2.990,-2.562621,nan
4tmn,4tmn_824,5.480,-3.091657,nan
4tmn,4tmn_842,4.420,-4.960458,nan
4tmn,4tmn_854,2.770,-1.494578,nan
4tmn,4tmn_867,5.220,-1.848450,nan
4tmn,4tmn_875,5.120,-3.605198,nan
4tmn,4tmn_878,4.790,-2.348355,nan
4tmn,4tmn_889,6.440,-5.940363,nan
4tmn,4tmn_9,6.370,-7.005097,nan
4tmn,4tmn_91,7.000,-1.579319,nan
4tmn,4tmn_936,2.880,-1.843116,nan
4tmn,4tmn_951,3.010,-1.353210,nan
4tmn,4tmn_952,3.900,-0.758793,nan
4tmn,4tmn_962,3.540,-2.283537,nan
4tmn,4tmn_963,3.570,-3.694313,nan
4tmn,4tmn_989,7.380,-4.244668,nan
4tmn,4tmn_991,4.470,-2.348121,nan
4twp,4twp_101,7.140,-0.782880,nan
4twp,4twp_102,2.980,-0.973830,nan
4twp,4twp_106,1.260,-0.430773,nan
4twp,4twp_109,0.720,-0.252721,nan
4twp,4twp_129,2.670,-1.667358,nan
4twp,4twp_164,6.900,-0.993052,nan
4twp,4twp_171,0.870,-0.325695,nan
4twp,4twp_175,7.040,-0.796256,nan
4twp,4twp_203,1.360,-0.300751,nan
4twp,4twp_222,1.060,-0.273841,nan
4twp,4twp_241,1.220,-0.213815,nan
4twp,4twp_277,0.990,-0.300915,nan
4twp,4twp_284,0.910,-0.198084,nan
4twp,4twp_3,7.610,-1.086368,nan
4twp,4twp_323,5.860,-0.628179,nan
4twp,4twp_327,6.620,-0.467566,nan
4twp,4twp_341,6.100,-0.479140,nan
4twp,4twp_352,0.950,-0.256364,nan
4twp,4twp_358,0.800,-0.282572,nan
4twp,4twp_36,4.310,-0.607450,nan
4twp,4twp_378,1.060,-0.434981,nan
4twp,4twp_379,0.760,-0.242844,nan
4twp,4twp_394,2.580,-0.703213,nan
4twp,4twp_397,0.970,-0.469474,nan
4twp,4twp_418,1.710,-0.981570,nan
4twp,4twp_442,5.800,-2.237361,nan
4twp,4twp_443,3.890,-2.323987,nan
4twp,4twp_454,1.920,-0.598168,nan
4twp,4twp_455,3.340,-1.399199,nan
4twp,4twp_460,3.290,-2.078780,nan
4twp,4twp_467,4.740,-1.610176,nan
4twp,4twp_468,5.500,-2.637377,nan
4twp,4twp_470,5.150,-2.568780,nan
4twp,4twp_476,4.880,-1.521629,nan
4twp,4twp_480,2.980,-1.697991,nan
4twp,4twp_485,4.060,-2.107272,nan
4twp,4twp_486,4.350,-1.946244,nan
4twp,4twp_487,3.160,-1.430299,nan
4twp,4twp_493,2.520,-0.875941,nan
4twp,4twp_513,1.860,-1.015788,nan
4twp,4twp_517,1.760,-0.862182,nan
4twp,4twp_518,7.930,-5.990542,nan
4twp,4twp_519,8.810,-6.819067,nan
4twp,4twp_526,6.530,-0.830278,nan
4twp,4twp_53,0.700,-0.186257,nan
4twp,4twp_531,2.140,-1.626745,nan
4twp,4twp_535,8.440,-6.787075,nan
4twp,4twp_538,8.410,-4.213932,nan
4twp,4twp_542,6.230,-1.066537,nan
4twp,4twp_550,8.680,-8.475716,nan
4twp,4twp_555,8.250,-4.380620,nan
4twp,4twp_557,2.860,-0.900332,nan
4twp,4twp_559,8.860,-7.677569,nan
4twp,4twp_564,6.360,-3.228999,nan
4twp,4twp_570,3.310,-1.994615,nan
4twp,4twp_571,6.120,-1.622599,nan
4twp,4twp_577,6.870,-5.777709,nan
4twp,4twp_582,3.310,-1.452531,nan
4twp,4twp_583,4.260,-1.749391,nan
4twp,4twp_585,4.930,-2.262536,nan
4twp,4twp_587,9.540,-8.582582,nan
4twp,4twp_590,7.280,-6.582976,nan
4twp,4twp_591,7.140,-2.599740,nan
4twp,4twp_593,8.830,-7.850187,nan
4twp,4twp_596,7.570,-6.914921,nan
4twp,4twp_597,8.040,-7.865438,nan
4twp,4twp_598,8.260,-5.984962,nan
4twp,4twp_608,2.220,-1.069030,nan
4twp,4twp_614,3.230,-1.230958,nan
4twp,4twp_634,1.720,-0.856374,nan
4twp,4twp_637,3.050,-1.772956,nan
4twp,4twp_641,5.680,-0.634220,nan
4twp,4twp_642,4.210,-1.615746,nan
4twp,4twp_646,5.740,-2.992521,nan
4twp,4twp_648,5.870,-1.834020,nan
4twp,4twp_653,6.640,-1.694143,nan
4twp,4twp_654,7.630,-1.692641,nan
4twp,4twp_656,5.800,-2.401703,nan
4twp,4twp_663,4.820,-1.769882,nan
4twp,4twp_664,7.140,-0.974937,nan
4twp,4twp_669,5.510,-2.225454,nan
4twp,4twp_673,4.510,-1.182487,nan
4twp,4twp_678,7.840,-7.521268,nan
4twp,4twp_683,3.010,-2.251393,nan
4twp,4twp_684,2.460,-1.644374,nan
4twp,4twp_687,2.910,-1.641675,nan
4twp,4twp_692,6.110,-2.141267,nan
4twp,4twp_694,5.490,-1.739811,nan
4twp,4twp_697,8.570,-7.493645,nan
4twp,4twp_699,9.080,-8.573025,nan
4twp,4twp_809,3.020,-0.311706,nan
4twp,4twp_899,0.840,-0.347534,nan
4ty7,4ty7_101,1.270,-0.783220,nan
4ty7,4ty7_106,0.560,-0.862344,nan
4ty7,4ty7_224,0.810,-0.707452,nan
4ty7,4ty7_254,0.790,-0.670932,nan
4ty7,4ty7_26,8.390,-1.458882,nan
4ty7,4ty7_264,0.870,-1.570930,nan
4ty7,4ty7_35,9.010,-4.852925,nan
4ty7,4ty7_381,1.400,-0.581426,nan
4ty7,4ty7_412,8.090,-1.278645,nan
4ty7,4ty7_415,8.200,-1.759824,nan
4ty7,4ty7_439,4.530,-2.179413,nan
4ty7,4ty7_442,2.730,-2.222307,nan
4ty7,4ty7_447,5.260,-2.628748,nan
4ty7,4ty7_451,1.640,-2.076769,nan
4ty7,4ty7_456,6.040,-1.262198,nan
4ty7,4ty7_459,2.470,-2.027055,nan
4ty7,4ty7_474,3.270,-1.924970,nan
4ty7,4ty7_480,3.860,-1.559727,nan
4ty7,4ty7_481,3.920,-2.659359,nan
4ty7,4ty7_483,2.890,-1.816393,nan
4ty7,4ty7_492,8.040,-1.906844,nan
4ty7,4ty7_494,2.860,-2.356999,nan
4ty7,4ty7_496,7.840,-2.724502,nan
4ty7,4ty7_5,8.720,-8.444491,nan
4ty7,4ty7_50,0.610,-0.881480,nan
4ty7,4ty7_506,3.100,-0.768153,nan
4ty7,4ty7_507,1.580,-2.677020,nan
4ty7,4ty7_513,7.960,-2.908331,nan
4ty7,4ty7_515,7.310,-8.571636,nan
4ty7,4ty7_518,6.420,-2.789178,nan
4ty7,4ty7_529,8.910,-8.526525,nan
4ty7,4ty7_539,8.570,-8.493258,nan
4ty7,4ty7_543,5.510,-6.953580,nan
4ty7,4ty7_549,4.950,-5.518539,nan
4ty7,4ty7_553,2.400,-2.942794,nan
4ty7,4ty7_558,8.600,-2.480302,nan
4ty7,4ty7_56,7.030,-6.146153,nan
4ty7,4ty7_561,5.630,-3.034220,nan
4ty7,4ty7_562,5.080,-7.707423,nan
4ty7,4ty7_563,3.360,-1.289605,nan
4ty7,4ty7_566,8.700,-6.438585,nan
4ty7,4ty7_574,9.250,-3.792848,nan
4ty7,4ty7_576,7.670,-4.717791,nan
4ty7,4ty7_586,4.030,-3.491554,nan
4ty7,4ty7_589,9.590,-3.166017,nan
4ty7,4ty7_594,6.920,-1.703840,nan
4ty7,4ty7_595,9.060,-3.706112,nan
4ty7,4ty7_598,4.210,-3.798150,nan
4ty7,4ty7_599,6.570,-7.568885,nan
4ty7,4ty7_606,8.150,-3.698231,nan
4ty7,4ty7_608,3.750,-2.149177,nan
4ty7,4ty7_613,5.620,-1.799817,nan
4ty7,4ty7_62,1.050,-1.123756,nan
4ty7,4ty7_624,5.020,-4.033901,nan
4ty7,4ty7_627,2.380,-1.224836,nan
4ty7,4ty7_631,4.730,-2.760345,nan
4ty7,4ty7_636,4.230,-1.454956,nan
4ty7,4ty7_637,6.150,-4.958819,nan
4ty7,4ty7_646,6.460,-3.736480,nan
4ty7,4ty7_649,3.770,-2.562858,nan
4ty7,4ty7_654,5.870,-4.234840,nan
4ty7,4ty7_655,7.060,-4.059330,nan
4ty7,4ty7_656,1.780,-1.103294,nan
4ty7,4ty7_657,7.960,-2.216776,nan
4ty7,4ty7_658,9.560,-5.341282,nan
4ty7,4ty7_662,4.920,-2.770636,nan
4ty7,4ty7_663,4.090,-2.425752,nan
4ty7,4ty7_668,1.670,-2.635244,nan
4ty7,4ty7_669,5.000,-2.660693,nan
4ty7,4ty7_671,9.240,-6.665233,nan
4ty7,4ty7_673,3.380,-3.556304,nan
4ty7,4ty7_674,3.580,-3.572536,nan
4ty7,4ty7_676,9.050,-2.761261,nan
4ty7,4ty7_678,7.510,-3.880160,nan
4ty7,4ty7_682,5.650,-3.998185,nan
4ty7,4ty7_687,7.720,-3.340525,nan
4ty7,4ty7_694,6.220,-1.821006,nan
4ty7,4ty7_697,2.480,-1.890586,nan
4ty7,4ty7_702,0.690,-0.950434,nan
4ty7,4ty7_734,2.610,-1.154336,nan
4ty7,4ty7_74,6.910,-5.718607,nan
4ty7,4ty7_744,3.070,-1.216021,nan
4ty7,4ty7_763,5.310,-2.528946,nan
4ty7,4ty7_764,6.190,-4.858623,nan
4ty7,4ty7_766,0.380,-1.060742,nan
4ty7,4ty7_775,0.780,-1.055917,nan
4ty7,4ty7_808,0.910,-0.816902,nan
4ty7,4ty7_817,1.210,-0.938271,nan
4ty7,4ty7_834,4.390,-2.647981,nan
4ty7,4ty7_857,5.550,-2.371854,nan
4ty7,4ty7_86,9.210,-4.514541,nan
4ty7,4ty7_861,7.100,-6.522404,nan
4ty7,4ty7_862,2.940,-0.982738,nan
4ty7,4ty7_88,9.410,-8.596824,nan
4ty7,4ty7_895,2.000,-0.899004,nan
4ty7,4ty7_916,1.080,-1.126120,nan
4ty7,4ty7_925,0.950,-1.070266,nan
4ty7,4ty7_951,2.610,-1.360032,nan
4ty7,4ty7_96,9.040,-4.434237,nan
4ty7,4ty7_963,6.250,-3.551099,nan
4u4s,4u4s_120,4.160,-2.036414,nan
4u4s,4u4s_122,3.250,-1.014413,nan
4u4s,4u4s_127,3.020,-1.328679,nan
4u4s,4u4s_128,8.250,-7.187064,nan
4u4s,4u4s_138,2.840,-1.250245,nan
4u4s,4u4s_14,7.860,-7.208501,nan
4u4s,4u4s_143,2.950,-2.018571,nan
4u4s,4u4s_152,7.540,-7.085825,nan
4u4s,4u4s_153,2.820,-1.009676,nan
4u4s,4u4s_173,2.860,-1.545727,nan
4u4s,4u4s_230,0.650,-0.432159,nan
4u4s,4u4s_232,0.520,-0.743511,nan
4u4s,4u4s_251,4.280,-2.675953,nan
4u4s,4u4s_26,8.300,-8.025584,nan
4u4s,4u4s_261,0.580,-0.823380,nan
4u4s,4u4s_271,1.200,-0.754294,nan
4u4s,4u4s_272,3.130,-0.983481,nan
4u4s,4u4s_293,1.160,-1.218403,nan
4u4s,4u4s_36,0.610,-0.375231,nan
4u4s,4u4s_412,0.800,-1.036995,nan
4u4s,4u4s_427,4.050,-1.803573,nan
4u4s,4u4s_428,1.010,-1.482446,nan
4u4s,4u4s_429,1.020,-0.879351,nan
4u4s,4u4s_430,0.900,-0.834592,nan
4u4s,4u4s_435,3.150,-1.829909,nan
4u4s,4u4s_440,0.750,-0.793318,nan
4u4s,4u4s_449,2.030,-1.967160,nan
4u4s,4u4s_456,3.200,-1.329756,nan
4u4s,4u4s_460,1.060,-1.143165,nan
4u4s,4u4s_462,1.500,-1.641192,nan
4u4s,4u4s_464,3.820,-1.651361,nan
4u4s,4u4s_468,3.320,-1.352855,nan
4u4s,4u4s_484,2.910,-1.607454,nan
4u4s,4u4s_485,7.360,-7.747096,nan
4u4s,4u4s_490,1.110,-0.615859,nan
4u4s,4u4s_492,4.070,-1.395759,nan
4u4s,4u4s_497,3.750,-2.546086,nan
4u4s,4u4s_500,5.370,-6.541424,nan
4u4s,4u4s_509,5.550,-6.701199,nan
4u4s,4u4s_523,6.490,-7.164770,nan
4u4s,4u4s_526,5.490,-6.160719,nan
4u4s,4u4s_537,8.360,-8.080107,nan
4u4s,4u4s_540,5.940,-7.666559,nan
4u4s,4u4s_547,4.890,-6.623010,nan
4u4s,4u4s_550,7.150,-7.568835,nan
4u4s,4u4s_551,7.000,-8.173103,nan
4u4s,4u4s_555,1.490,-0.879717,nan
4u4s,4u4s_557,7.770,-7.918866,nan
4u4s,4u4s_586,6.110,-7.820786,nan
4u4s,4u4s_589,6.530,-7.902872,nan
4u4s,4u4s_595,4.030,-1.679350,nan
4u4s,4u4s_597,7.060,-7.381596,nan
4u4s,4u4s_598,5.190,-5.084705,nan
4u4s,4u4s_609,6.710,-7.512173,nan
4u4s,4u4s_613,7.290,-7.869023,nan
4u4s,4u4s_624,5.600,-6.043561,nan
4u4s,4u4s_637,5.550,-5.790562,nan
4u4s,4u4s_638,6.580,-7.537157,nan
4u4s,4u4s_640,4.220,-4.088088,nan
4u4s,4u4s_641,6.730,-7.736632,nan
4u4s,4u4s_642,4.450,-2.384556,nan
4u4s,4u4s_644,5.520,-5.246418,nan
4u4s,4u4s_646,5.110,-3.938438,nan
4u4s,4u4s_647,3.940,-3.510489,nan
4u4s,4u4s_654,2.200,-2.925499,nan
4u4s,4u4s_658,5.800,-7.388946,nan
4u4s,4u4s_659,4.200,-3.739640,nan
4u4s,4u4s_665,3.340,-2.060588,nan
4u4s,4u4s_668,1.910,-1.633407,nan
4u4s,4u4s_670,2.180,-2.261456,nan
4u4s,4u4s_671,4.990,-5.032373,nan
4u4s,4u4s_675,6.040,-6.483109,nan
4u4s,4u4s_682,6.980,-8.108238,nan
4u4s,4u4s_689,6.140,-6.663305,nan
4u4s,4u4s_69,2.970,-1.882691,nan
4u4s,4u4s_71,0.370,-0.812273,nan
4u4s,4u4s_719,9.030,-7.766018,nan
4u4s,4u4s_720,9.340,-8.367692,nan
4u4s,4u4s_726,9.330,-8.362585,nan
4u4s,4u4s_727,9.330,-8.378085,nan
4u4s,4u4s_730,8.240,-7.003411,nan
4u4s,4u4s_764,2.340,-1.490004,nan
4u4s,4u4s_765,9.260,-7.821745,nan
4u4s,4u4s_766,9.100,-7.655586,nan
4u4s,4u4s_767,9.040,-7.732784,nan
4u4s,4u4s_768,8.090,-7.242404,nan
4u4s,4u4s_772,8.950,-8.219310,nan
4u4s,4u4s_776,7.190,-6.605877,nan
4u4s,4u4s_787,0.720,-1.111016,nan
4u4s,4u4s_835,8.380,-7.129651,nan
4u4s,4u4s_842,9.180,-7.988572,nan
4u4s,4u4s_855,8.460,-7.687363,nan
4u4s,4u4s_863,8.800,-8.389731,nan
4u4s,4u4s_927,0.730,-1.217446,nan
4u4s,4u4s_958,9.100,-8.082379,nan
4u4s,4u4s_962,1.020,-1.308319,nan
4u4s,4u4s_965,7.880,-7.296750,nan
4u4s,4u4s_969,8.830,-7.990016,nan
4u4s,4u4s_971,7.860,-6.982399,nan
4w9c,4w9c_172,2.810,-1.623623,nan
4w9c,4w9c_186,0.900,-0.787503,nan
4w9c,4w9c_249,0.980,-0.504926,nan
4w9c,4w9c_326,1.120,-0.694551,nan
4w9c,4w9c_333,2.800,-1.387271,nan
4w9c,4w9c_36,8.020,-0.625600,nan
4w9c,4w9c_363,3.080,-1.472426,nan
4w9c,4w9c_372,0.950,-0.720919,nan
4w9c,4w9c_379,0.530,-0.682827,nan
4w9c,4w9c_381,0.420,-0.639722,nan
4w9c,4w9c_405,5.850,-4.153676,nan
4w9c,4w9c_415,5.790,-3.913518,nan
4w9c,4w9c_420,6.600,-7.631705,nan
4w9c,4w9c_423,5.470,-4.494089,nan
4w9c,4w9c_432,6.700,-7.384909,nan
4w9c,4w9c_446,6.130,-5.709876,nan
4w9c,4w9c_450,5.650,-5.914489,nan
4w9c,4w9c_452,6.430,-7.019022,nan
4w9c,4w9c_456,7.180,-5.866385,nan
4w9c,4w9c_457,6.820,-5.664117,nan
4w9c,4w9c_460,1.970,-2.149517,nan
4w9c,4w9c_462,6.590,-4.719441,nan
4w9c,4w9c_473,6.290,-5.605046,nan
4w9c,4w9c_476,1.950,-2.251858,nan
4w9c,4w9c_477,5.120,-2.975885,nan
4w9c,4w9c_48,7.150,-2.020311,nan
4w9c,4w9c_483,5.610,-6.382731,nan
4w9c,4w9c_486,8.590,-8.580696,nan
4w9c,4w9c_487,2.470,-2.498176,nan
4w9c,4w9c_490,3.080,-2.716078,nan
4w9c,4w9c_494,8.060,-5.433606,nan
4w9c,4w9c_499,7.200,-1.677117,nan
4w9c,4w9c_513,9.250,-8.230063,nan
4w9c,4w9c_516,8.700,-8.567381,nan
4w9c,4w9c_520,5.240,-5.358258,nan
4w9c,4w9c_528,1.840,-1.502592,nan
4w9c,4w9c_533,7.910,-8.486299,nan
4w9c,4w9c_538,7.830,-2.536261,nan
4w9c,4w9c_543,9.150,-8.596439,nan
4w9c,4w9c_545,9.290,-6.234972,nan
4w9c,4w9c_546,9.480,-8.225460,nan
4w9c,4w9c_550,7.830,-8.280449,nan
4w9c,4w9c_556,7.350,-6.198923,nan
4w9c,4w9c_558,9.070,-7.093760,nan
4w9c,4w9c_560,3.560,-1.541583,nan
4w9c,4w9c_561,7.890,-6.007413,nan
4w9c,4w9c_562,9.700,-8.598296,nan
4w9c,4w9c_567,8.010,-7.979938,nan
4w9c,4w9c_569,3.220,-2.025187,nan
4w9c,4w9c_580,7.600,-6.934680,nan
4w9c,4w9c_59,8.740,-8.597267,nan
4w9c,4w9c_594,8.260,-6.297661,nan
4w9c,4w9c_597,3.620,-1.657941,nan
4w9c,4w9c_6,7.000,-1.997416,nan
4w9c,4w9c_603,2.940,-1.655976,nan
4w9c,4w9c_604,9.160,-8.491736,nan
4w9c,4w9c_613,4.710,-3.093384,nan
4w9c,4w9c_623,6.500,-7.654606,nan
4w9c,4w9c_628,3.640,-2.250665,nan
4w9c,4w9c_636,8.410,-8.517875,nan
4w9c,4w9c_637,2.660,-2.052684,nan
4w9c,4w9c_638,2.440,-1.995418,nan
4w9c,4w9c_639,4.270,-2.094359,nan
4w9c,4w9c_642,3.520,-1.853022,nan
4w9c,4w9c_646,5.900,-5.520942,nan
4w9c,4w9c_660,7.580,-8.470175,nan
4w9c,4w9c_661,4.050,-2.883906,nan
4w9c,4w9c_664,2.610,-1.417504,nan
4w9c,4w9c_670,4.240,-1.526604,nan
4w9c,4w9c_677,9.280,-8.520617,nan
4w9c,4w9c_683,3.240,-1.588831,nan
4w9c,4w9c_691,9.280,-8.575163,nan
4w9c,4w9c_695,5.170,-4.588948,nan
4w9c,4w9c_697,2.770,-2.395437,nan
4w9c,4w9c_699,8.750,-8.551498,nan
4w9c,4w9c_7,9.110,-8.598392,nan
4w9c,4w9c_712,1.130,-1.092638,nan
4w9c,4w9c_719,0.920,-0.684446,nan
4w9c,4w9c_720,0.950,-0.511467,nan
4w9c,4w9c_732,0.880,-0.478478,nan
4w9c,4w9c_735,2.830,-2.763234,nan
4w9c,4w9c_739,6.230,-6.253223,nan
4w9c,4w9c_758,1.000,-1.040309,nan
4w9c,4w9c_765,1.980,-1.983660,nan
4w9c,4w9c_768,1.920,-1.657346,nan
4w9c,4w9c_772,3.080,-3.818359,nan
4w9c,4w9c_777,1.810,-1.944915,nan
4w9c,4w9c_778,2.660,-3.168849,nan
4w9c,4w9c_806,3.020,-3.086286,nan
4w9c,4w9c_85,8.610,-7.456528,nan
4w9c,4w9c_854,4.880,-4.920328,nan
4w9c,4w9c_906,0.750,-0.853694,nan
4w9c,4w9c_925,1.150,-0.862661,nan
4w9c,4w9c_955,1.370,-0.537033,nan
4w9c,4w9c_963,4.430,-4.244977,nan
4w9c,4w9c_968,5.380,-5.649886,nan
4w9h,4w9h_100,7.520,-0.967667,nan
4w9h,4w9h_119,1.850,-0.911233,nan
4w9h,4w9h_124,5.680,-4.920925,nan
4w9h,4w9h_135,1.120,-0.424090,nan
4w9h,4w9h_143,0.620,-0.467077,nan
4w9h,4w9h_158,3.270,-1.413536,nan
4w9h,4w9h_166,3.360,-0.494913,nan
4w9h,4w9h_182,6.160,-5.267444,nan
4w9h,4w9h_204,0.810,-0.340239,nan
4w9h,4w9h_210,0.740,-0.380142,nan
4w9h,4w9h_241,0.670,-0.332319,nan
4w9h,4w9h_307,0.380,-0.259522,nan
4w9h,4w9h_326,0.580,-0.270219,nan
4w9h,4w9h_327,9.290,-4.966531,nan
4w9h,4w9h_336,3.300,-1.158750,nan
4w9h,4w9h_365,6.870,-5.456525,nan
4w9h,4w9h_368,0.400,-0.395154,nan
4w9h,4w9h_391,3.290,-1.045685,nan
4w9h,4w9h_392,8.340,-8.401831,nan
4w9h,4w9h_402,7.740,-1.797559,nan
4w9h,4w9h_403,2.780,-2.287938,nan
4w9h,4w9h_404,2.110,-0.605594,nan
4w9h,4w9h_408,2.860,-1.929019,nan
4w9h,4w9h_410,3.050,-2.115520,nan
4w9h,4w9h_413,2.740,-3.049079,nan
4w9h,4w9h_416,2.000,-1.476669,nan
4w9h,4w9h_429,6.320,-3.810367,nan
4w9h,4w9h_434,1.920,-2.150729,nan
4w9h,4w9h_435,7.120,-5.030960,nan
4w9h,4w9h_436,7.760,-8.112664,nan
4w9h,4w9h_446,4.080,-1.734646,nan
4w9h,4w9h_447,6.850,-2.861759,nan
4w9h,4w9h_449,5.130,-5.149323,nan
4w9h,4w9h_456,4.690,-2.548998,nan
4w9h,4w9h_462,7.710,-3.690050,nan
4w9h,4w9h_464,5.440,-2.918782,nan
4w9h,4w9h_469,5.550,-1.749170,nan
4w9h,4w9h_474,4.830,-5.199375,nan
4w9h,4w9h_481,2.220,-1.399487,nan
4w9h,4w9h_484,2.100,-1.812601,nan
4w9h,4w9h_485,3.440,-2.347756,nan
4w9h,4w9h_493,9.040,-6.531636,nan
4w9h,4w9h_495,1.860,-1.572907,nan
4w9h,4w9h_498,1.950,-2.226039,nan
4w9h,4w9h_499,7.610,-2.874493,nan
4w9h,4w9h_504,9.370,-8.205779,nan
4w9h,4w9h_511,8.270,-1.764565,nan
4w9h,4w9h_515,8.310,-8.057469,nan
4w9h,4w9h_516,5.830,-6.012622,nan
4w9h,4w9h_520,4.990,-4.640505,nan
4w9h,4w9h_523,9.200,-6.661852,nan
4w9h,4w9h_527,9.750,-8.505732,nan
4w9h,4w9h_530,6.750,-5.946399,nan
4w9h,4w9h_532,3.620,-2.145155,nan
4w9h,4w9h_537,8.060,-6.618608,nan
4w9h,4w9h_538,2.770,-2.634620,nan
4w9h,4w9h_546,8.790,-7.180225,nan
4w9h,4w9h_548,9.080,-5.482075,nan
4w9h,4w9h_554,2.170,-2.280802,nan
4w9h,4w9h_555,7.600,-6.661394,nan
4w9h,4w9h_561,4.880,-3.180974,nan
4w9h,4w9h_589,8.110,-4.996745,nan
4w9h,4w9h_596,5.120,-5.214720,nan
4w9h,4w9h_597,8.520,-6.093378,nan
4w9h,4w9h_598,9.790,-8.490241,nan
4w9h,4w9h_612,6.300,-3.159451,nan
4w9h,4w9h_616,7.780,-7.621581,nan
4w9h,4w9h_618,5.660,-3.810246,nan
4w9h,4w9h_626,2.920,-1.375636,nan
4w9h,4w9h_637,8.720,-8.349115,nan
4w9h,4w9h_642,3.610,-2.130104,nan
4w9h,4w9h_647,6.730,-3.391437,nan
4w9h,4w9h_655,9.430,-8.544275,nan
4w9h,4w9h_658,6.760,-6.091718,nan
4w9h,4w9h_662,4.140,-2.326176,nan
4w9h,4w9h_663,7.760,-5.616867,nan
4w9h,4w9h_664,9.340,-8.510564,nan
4w9h,4w9h_666,4.330,-1.959918,nan
4w9h,4w9h_667,4.670,-2.804857,nan
4w9h,4w9h_676,5.920,-6.058013,nan
4w9h,4w9h_677,4.010,-3.182359,nan
4w9h,4w9h_679,6.400,-5.635921,nan
4w9h,4w9h_691,7.410,-3.617050,nan
4w9h,4w9h_699,9.680,-8.118554,nan
4w9h,4w9h_709,0.370,-0.323259,nan
4w9h,4w9h_710,0.780,-0.353976,nan
4w9h,4w9h_740,1.120,-0.499469,nan
4w9h,4w9h_765,0.960,-0.424902,nan
4w9h,4w9h_770,3.190,-3.724065,nan
4w9h,4w9h_771,5.680,-5.795784,nan
4w9h,4w9h_773,6.130,-5.970533,nan
4w9h,4w9h_780,3.360,-2.696667,nan
4w9h,4w9h_784,2.260,-1.137139,nan
4w9h,4w9h_787,1.820,-0.957288,nan
4w9h,4w9h_801,1.040,-0.428325,nan
4w9h,4w9h_84,8.830,-7.971346,nan
4w9h,4w9h_90,5.590,-5.530005,nan
4w9h,4w9h_922,8.580,-2.040082,nan
4w9h,4w9h_961,4.940,-4.783655,nan
4w9h,4w9h_976,1.270,-0.250376,nan
4w9i,4w9i_110,0.890,-0.724035,nan
4w9i,4w9i_172,0.710,-0.539817,nan
4w9i,4w9i_197,1.290,-0.870396,nan
4w9i,4w9i_199,0.840,-0.751709,nan
4w9i,4w9i_204,0.420,-0.561574,nan
4w9i,4w9i_221,0.450,-0.548839,nan
4w9i,4w9i_337,8.460,-8.176125,nan
4w9i,4w9i_374,5.320,-4.796508,nan
4w9i,4w9i_388,4.190,-2.407082,nan
4w9i,4w9i_394,2.180,-0.298681,nan
4w9i,4w9i_403,6.010,-5.978765,nan
4w9i,4w9i_417,9.070,-8.526657,nan
4w9i,4w9i_424,6.350,-5.535695,nan
4w9i,4w9i_429,5.960,-4.567739,nan
4w9i,4w9i_430,1.930,-1.258387,nan
4w9i,4w9i_439,6.950,-8.173792,nan
4w9i,4w9i_440,3.820,-3.297033,nan
4w9i,4w9i_447,2.940,-2.028735,nan
4w9i,4w9i_468,5.030,-3.793976,nan
4w9i,4w9i_474,2.910,-0.929853,nan
4w9i,4w9i_476,6.850,-1.058416,nan
4w9i,4w9i_484,3.300,-1.906372,nan
4w9i,4w9i_487,5.270,-4.629382,nan
4w9i,4w9i_489,7.880,-6.556128,nan
4w9i,4w9i_491,9.010,-8.521534,nan
4w9i,4w9i_494,5.400,-3.798669,nan
4w9i,4w9i_496,9.200,-1.438048,nan
4w9i,4w9i_511,8.920,-8.522375,nan
4w9i,4w9i_512,6.580,-2.193049,nan
4w9i,4w9i_515,3.490,-2.889179,nan
4w9i,4w9i_524,3.330,-1.784193,nan
4w9i,4w9i_528,9.210,-8.543511,nan
4w9i,4w9i_534,8.790,-8.551481,nan
4w9i,4w9i_535,4.330,-4.757110,nan
4w9i,4w9i_546,9.350,-8.551525,nan
4w9i,4w9i_550,9.340,-8.553123,nan
4w9i,4w9i_551,7.900,-8.477557,nan
4w9i,4w9i_554,9.290,-8.545116,nan
4w9i,4w9i_56,1.270,-0.767696,nan
4w9i,4w9i_565,4.670,-4.209824,nan
4w9i,4w9i_567,9.430,-8.571696,nan
4w9i,4w9i_570,3.980,-4.457811,nan
4w9i,4w9i_574,8.670,-7.791028,nan
4w9i,4w9i_575,4.020,-3.476039,nan
4w9i,4w9i_583,5.250,-3.613183,nan
4w9i,4w9i_586,6.580,-4.718119,nan
4w9i,4w9i_587,2.920,-2.449580,nan
4w9i,4w9i_589,9.330,-8.548330,nan
4w9i,4w9i_595,7.120,-5.990050,nan
4w9i,4w9i_602,7.640,-6.416489,nan
4w9i,4w9i_611,5.330,-3.366025,nan
4w9i,4w9i_612,2.850,-1.925499,nan
4w9i,4w9i_615,2.100,-2.061732,nan
4w9i,4w9i_622,2.820,-3.024201,nan
4w9i,4w9i_626,4.680,-3.352037,nan
4w9i,4w9i_630,5.680,-5.976942,nan
4w9i,4w9i_649,8.460,-6.296305,nan
4w9i,4w9i_658,9.800,-8.569958,nan
4w9i,4w9i_670,8.410,-8.184284,nan
4w9i,4w9i_672,4.190,-3.851800,nan
4w9i,4w9i_687,8.490,-8.518140,nan
4w9i,4w9i_697,3.830,-2.829412,nan
4w9i,4w9i_698,4.900,-3.708064,nan
4w9i,4w9i_755,3.540,-0.523844,nan
4w9i,4w9i_756,3.000,-2.660498,nan
4w9i,4w9i_759,6.250,-6.822436,nan
4w9i,4w9i_761,6.000,-6.476555,nan
4w9i,4w9i_763,4.350,-0.881016,nan
4w9i,4w9i_764,3.440,-2.984328,nan
4w9i,4w9i_766,8.460,-0.384798,nan
4w9i,4w9i_768,7.460,-1.013578,nan
4w9i,4w9i_771,7.890,-3.223174,nan
4w9i,4w9i_772,4.340,-4.425587,nan
4w9i,4w9i_774,3.960,-1.263060,nan
4w9i,4w9i_776,6.310,-6.882458,nan
4w9i,4w9i_777,8.160,-8.452098,nan
4w9i,4w9i_782,7.810,-8.023537,nan
4w9i,4w9i_787,4.110,-3.867608,nan
4w9i,4w9i_789,7.500,-5.475063,nan
4w9i,4w9i_790,8.060,-2.148058,nan
4w9i,4w9i_791,6.630,-5.174125,nan
4w9i,4w9i_792,7.430,-6.093270,nan
4w9i,4w9i_793,6.120,-3.933156,nan
4w9i,4w9i_794,1.020,-0.398175,nan
4w9i,4w9i_795,0.740,-0.329925,nan
4w9i,4w9i_796,0.990,-0.439266,nan
4w9i,4w9i_801,0.510,-0.473261,nan
4w9i,4w9i_846,7.740,-8.138324,nan
4w9i,4w9i_852,1.280,-1.279132,nan
4w9i,4w9i_873,0.950,-0.951085,nan
4w9i,4w9i_879,2.090,-0.984750,nan
4w9i,4w9i_882,1.990,-1.038413,nan
4w9i,4w9i_885,0.910,-0.823598,nan
4w9i,4w9i_886,2.020,-0.954222,nan
4w9i,4w9i_890,1.920,-1.155328,nan
4w9i,4w9i_893,1.600,-1.142075,nan
4w9i,4w9i_924,3.090,-3.873675,nan
4w9i,4w9i_97,1.420,-1.147329,nan
4w9i,4w9i_989,1.310,-0.632418,nan
4w9l,4w9l_10,5.020,-1.635368,nan
4w9l,4w9l_100,1.940,-0.546755,nan
4w9l,4w9l_12,1.290,-0.392801,nan
4w9l,4w9l_136,6.170,-3.171628,nan
4w9l,4w9l_141,8.380,-6.377398,nan
4w9l,4w9l_143,5.630,-2.215806,nan
4w9l,4w9l_151,4.190,-2.080570,nan
4w9l,4w9l_170,1.170,-0.517209,nan
4w9l,4w9l_177,1.990,-0.642118,nan
4w9l,4w9l_180,2.660,-0.504524,nan
4w9l,4w9l_19,2.090,-0.595616,nan
4w9l,4w9l_192,9.510,-7.594252,nan
4w9l,4w9l_204,0.960,-0.443543,nan
4w9l,4w9l_215,0.710,-0.439830,nan
4w9l,4w9l_250,0.950,-0.312645,nan
4w9l,4w9l_261,4.310,-1.362228,nan
4w9l,4w9l_264,0.880,-0.455010,nan
4w9l,4w9l_27,4.590,-0.856827,nan
4w9l,4w9l_273,7.830,-1.688344,nan
4w9l,4w9l_287,0.920,-0.353661,nan
4w9l,4w9l_309,8.040,-3.542029,nan
4w9l,4w9l_323,3.450,-0.959813,nan
4w9l,4w9l_326,2.140,-0.460455,nan
4w9l,4w9l_341,8.400,-4.102882,nan
4w9l,4w9l_35,0.790,-0.548303,nan
4w9l,4w9l_358,8.620,-6.402054,nan
4w9l,4w9l_368,0.710,-0.490178,nan
4w9l,4w9l_379,4.880,-0.696494,nan
4w9l,4w9l_382,8.570,-5.389325,nan
4w9l,4w9l_393,8.160,-1.340480,nan
4w9l,4w9l_400,6.050,-6.312631,nan
4w9l,4w9l_402,3.700,-2.376661,nan
4w9l,4w9l_403,6.130,-3.470728,nan
4w9l,4w9l_406,2.740,-1.375297,nan
4w9l,4w9l_407,2.850,-1.298224,nan
4w9l,4w9l_410,7.730,-8.305003,nan
4w9l,4w9l_411,2.970,-2.519431,nan
4w9l,4w9l_430,2.710,-1.190858,nan
4w9l,4w9l_437,2.730,-2.332252,nan
4w9l,4w9l_441,5.100,-2.565609,nan
4w9l,4w9l_448,6.090,-6.704226,nan
4w9l,4w9l_450,8.000,-5.934825,nan
4w9l,4w9l_452,6.250,-7.263109,nan
4w9l,4w9l_456,9.260,-7.024089,nan
4w9l,4w9l_457,5.030,-2.344207,nan
4w9l,4w9l_462,6.710,-4.528543,nan
4w9l,4w9l_466,8.750,-7.234107,nan
4w9l,4w9l_475,3.630,-1.680351,nan
4w9l,4w9l_480,4.530,-1.985720,nan
4w9l,4w9l_481,3.040,-1.545587,nan
4w9l,4w9l_482,9.410,-3.467670,nan
4w9l,4w9l_486,5.030,-4.677145,nan
4w9l,4w9l_492,9.240,-8.361917,nan
4w9l,4w9l_493,9.570,-8.567968,nan
4w9l,4w9l_5,7.800,-2.618104,nan
4w9l,4w9l_519,9.970,-8.186858,nan
4w9l,4w9l_522,4.150,-1.587607,nan
4w9l,4w9l_527,6.550,-2.943327,nan
4w9l,4w9l_53,2.680,-0.550934,nan
4w9l,4w9l_545,9.110,-6.600299,nan
4w9l,4w9l_550,6.100,-4.929843,nan
4w9l,4w9l_556,6.340,-4.476310,nan
4w9l,4w9l_557,8.180,-6.245068,nan
4w9l,4w9l_572,7.090,-5.652102,nan
4w9l,4w9l_573,9.590,-6.080600,nan
4w9l,4w9l_577,7.660,-7.048461,nan
4w9l,4w9l_579,3.900,-2.242042,nan
4w9l,4w9l_591,3.910,-2.385657,nan
4w9l,4w9l_594,7.680,-2.998312,nan
4w9l,4w9l_596,9.210,-6.627323,nan
4w9l,4w9l_604,7.860,-7.860779,nan
4w9l,4w9l_612,3.040,-1.765999,nan
4w9l,4w9l_616,8.370,-5.449260,nan
4w9l,4w9l_642,9.920,-6.306157,nan
4w9l,4w9l_655,7.020,-4.580015,nan
4w9l,4w9l_657,4.450,-1.719639,nan
4w9l,4w9l_659,5.780,-2.889128,nan
4w9l,4w9l_675,6.510,-5.384000,nan
4w9l,4w9l_681,5.140,-4.092621,nan
4w9l,4w9l_691,4.210,-2.065924,nan
4w9l,4w9l_696,5.690,-5.118825,nan
4w9l,4w9l_699,7.310,-4.942941,nan
4w9l,4w9l_704,0.840,-0.264807,nan
4w9l,4w9l_708,1.540,-0.283242,nan
4w9l,4w9l_709,0.990,-0.332185,nan
4w9l,4w9l_715,1.410,-0.366982,nan
4w9l,4w9l_719,0.980,-0.258441,nan
4w9l,4w9l_732,4.710,-5.096804,nan
4w9l,4w9l_759,1.450,-0.410148,nan
4w9l,4w9l_762,5.600,-6.116506,nan
4w9l,4w9l_770,4.950,-5.502866,nan
4w9l,4w9l_779,5.030,-5.302596,nan
4w9l,4w9l_787,1.610,-0.953669,nan
4w9l,4w9l_822,3.720,-3.221804,nan
4w9l,4w9l_84,8.360,-6.301570,nan
4w9l,4w9l_871,2.250,-1.587471,nan
4w9l,4w9l_886,3.010,-2.816212,nan
4w9l,4w9l_906,1.940,-0.375630,nan
4w9l,4w9l_93,3.110,-0.908807,nan
4w9l,4w9l_933,1.320,-0.450875,nan
4wiv,4wiv_230,8.200,-8.328340,nan
4wiv,4wiv_270,8.220,-8.312344,nan
4wiv,4wiv_401,7.250,-3.954547,nan
4wiv,4wiv_413,7.070,-3.453402,nan
4wiv,4wiv_414,7.300,-4.821293,nan
4wiv,4wiv_428,7.470,-5.833302,nan
4wiv,4wiv_434,4.190,-3.283193,nan
4wiv,4wiv_435,6.150,-2.647390,nan
4wiv,4wiv_441,5.120,-3.549171,nan
4wiv,4wiv_448,7.130,-2.029053,nan
4wiv,4wiv_461,3.010,-2.735899,nan
4wiv,4wiv_475,4.610,-3.685971,nan
4wiv,4wiv_476,3.950,-3.143618,nan
4wiv,4wiv_481,7.660,-4.315578,nan
4wiv,4wiv_484,4.030,-2.164426,nan
4wiv,4wiv_486,3.840,-4.101708,nan
4wiv,4wiv_487,5.550,-2.210065,nan
4wiv,4wiv_491,5.910,-2.855970,nan
4wiv,4wiv_493,4.140,-3.677150,nan
4wiv,4wiv_509,6.220,-3.429246,nan
4wiv,4wiv_517,4.980,-2.270472,nan
4wiv,4wiv_520,7.030,-2.861447,nan
4wiv,4wiv_528,3.640,-2.959428,nan
4wiv,4wiv_532,4.130,-3.635618,nan
4wiv,4wiv_553,6.390,-4.299665,nan
4wiv,4wiv_557,6.700,-2.568511,nan
4wiv,4wiv_566,6.420,-3.810231,nan
4wiv,4wiv_577,6.020,-5.113188,nan
4wiv,4wiv_583,3.000,-2.815689,nan
4wiv,4wiv_598,4.920,-3.592676,nan
4wiv,4wiv_601,4.530,-2.174351,nan
4wiv,4wiv_615,5.790,-6.359689,nan
4wiv,4wiv_621,2.130,-2.267319,nan
4wiv,4wiv_631,7.090,-3.834336,nan
4wiv,4wiv_651,4.990,-3.766690,nan
4wiv,4wiv_679,3.310,-2.036185,nan
4wiv,4wiv_683,5.440,-4.383282,nan
4wiv,4wiv_697,7.010,-6.306624,nan
4wiv,4wiv_698,3.880,-1.755206,nan
4wiv,4wiv_721,0.720,-1.507902,nan
4wiv,4wiv_727,1.700,-1.773015,nan
4wiv,4wiv_729,0.740,-1.423395,nan
4wiv,4wiv_738,1.310,-1.418337,nan
4wiv,4wiv_739,1.410,-0.834106,nan
4wiv,4wiv_742,3.830,-1.598438,nan
4wiv,4wiv_745,5.740,-2.686211,nan
4wiv,4wiv_746,2.340,-1.123947,nan
4wiv,4wiv_747,6.800,-3.072231,nan
4wiv,4wiv_749,5.860,-2.460770,nan
4wiv,4wiv_753,2.880,-1.389928,nan
4wiv,4wiv_762,6.400,-2.449749,nan
4wiv,4wiv_769,5.420,-2.490524,nan
4wiv,4wiv_771,7.570,-5.032209,nan
4wiv,4wiv_774,6.300,-2.933904,nan
4wiv,4wiv_792,1.040,-1.811875,nan
4wiv,4wiv_820,0.870,-1.213603,nan
4wiv,4wiv_829,0.860,-1.609585,nan
4wiv,4wiv_836,1.950,-2.611252,nan
4wiv,4wiv_838,0.870,-1.891467,nan
4wiv,4wiv_841,2.480,-2.343242,nan
4wiv,4wiv_844,1.620,-1.328823,nan
4wiv,4wiv_846,3.380,-1.497304,nan
4wiv,4wiv_863,1.890,-2.539040,nan
4wiv,4wiv_865,6.000,-1.667861,nan
4wiv,4wiv_866,2.870,-1.584394,nan
4wiv,4wiv_869,3.340,-1.641639,nan
4wiv,4wiv_870,2.890,-1.232624,nan
4wiv,4wiv_888,1.300,-0.874845,nan
4wiv,4wiv_890,4.010,-3.962669,nan
4wiv,4wiv_892,0.800,-1.788764,nan
4wiv,4wiv_913,0.690,-0.884137,nan
4wiv,4wiv_914,0.720,-1.285968,nan
4wiv,4wiv_915,0.880,-1.888389,nan
4wiv,4wiv_935,2.100,-2.002864,nan
4wiv,4wiv_947,2.500,-1.241489,nan
4wiv,4wiv_953,3.630,-4.082468,nan
4wiv,4wiv_960,1.740,-0.854387,nan
4wiv,4wiv_965,2.990,-1.150100,nan
4wiv,4wiv_973,0.540,-1.226251,nan
4wiv,4wiv_977,1.940,-2.562464,nan
4wiv,4wiv_979,5.890,-1.352917,nan
4wiv,4wiv_981,6.010,-1.863861,nan
4x6p,4x6p_106,7.820,-4.449866,nan
4x6p,4x6p_114,8.720,-8.202440,nan
4x6p,4x6p_121,8.480,-6.484731,nan
4x6p,4x6p_125,7.210,-4.591017,nan
4x6p,4x6p_142,0.800,-0.740088,nan
4x6p,4x6p_147,7.050,-5.601680,nan
4x6p,4x6p_170,4.560,-4.559967,nan
4x6p,4x6p_18,9.070,-7.284231,nan
4x6p,4x6p_195,7.880,-6.017560,nan
4x6p,4x6p_197,8.550,-5.742637,nan
4x6p,4x6p_201,0.860,-1.382001,nan
4x6p,4x6p_203,0.930,-0.990556,nan
4x6p,4x6p_204,0.650,-0.822901,nan
4x6p,4x6p_214,1.580,-1.115135,nan
4x6p,4x6p_215,2.470,-1.443592,nan
4x6p,4x6p_221,1.660,-1.179922,nan
4x6p,4x6p_224,3.460,-2.361295,nan
4x6p,4x6p_231,1.380,-1.129525,nan
4x6p,4x6p_25,9.170,-8.083721,nan
4x6p,4x6p_254,0.570,-1.091261,nan
4x6p,4x6p_265,1.540,-0.894801,nan
4x6p,4x6p_277,2.430,-1.021341,nan
4x6p,4x6p_300,2.280,-1.282733,nan
4x6p,4x6p_304,4.110,-3.204976,nan
4x6p,4x6p_312,0.670,-0.907338,nan
4x6p,4x6p_316,9.820,-8.594124,nan
4x6p,4x6p_324,0.630,-0.906777,nan
4x6p,4x6p_33,9.140,-6.403861,nan
4x6p,4x6p_344,2.810,-1.267814,nan
4x6p,4x6p_346,4.680,-3.353782,nan
4x6p,4x6p_380,7.370,-6.180785,nan
4x6p,4x6p_381,0.920,-0.934959,nan
4x6p,4x6p_398,1.590,-0.843266,nan
4x6p,4x6p_401,2.910,-2.695021,nan
4x6p,4x6p_407,1.800,-1.554526,nan
4x6p,4x6p_421,3.310,-1.429974,nan
4x6p,4x6p_426,3.100,-2.041731,nan
4x6p,4x6p_427,5.540,-3.903363,nan
4x6p,4x6p_432,7.040,-3.427423,nan
4x6p,4x6p_438,5.740,-1.681225,nan
4x6p,4x6p_439,5.040,-1.592398,nan
4x6p,4x6p_441,6.160,-2.820315,nan
4x6p,4x6p_448,3.150,-2.778940,nan
4x6p,4x6p_454,5.090,-3.192957,nan
4x6p,4x6p_463,4.060,-3.478342,nan
4x6p,4x6p_481,5.860,-3.920406,nan
4x6p,4x6p_486,2.420,-2.923272,nan
4x6p,4x6p_504,9.290,-8.530198,nan
4x6p,4x6p_513,4.170,-3.111572,nan
4x6p,4x6p_518,5.030,-4.651491,nan
4x6p,4x6p_521,2.830,-2.379626,nan
4x6p,4x6p_528,8.740,-6.190803,nan
4x6p,4x6p_532,9.450,-8.551814,nan
4x6p,4x6p_533,2.980,-2.656585,nan
4x6p,4x6p_544,8.160,-8.504714,nan
4x6p,4x6p_548,4.770,-2.610420,nan
4x6p,4x6p_549,4.570,-4.177543,nan
4x6p,4x6p_550,6.510,-5.770507,nan
4x6p,4x6p_551,7.470,-8.151684,nan
4x6p,4x6p_553,3.810,-3.186119,nan
4x6p,4x6p_555,6.800,-5.592718,nan
4x6p,4x6p_559,3.670,-3.325201,nan
4x6p,4x6p_568,8.440,-8.463023,nan
4x6p,4x6p_570,9.900,-8.534700,nan
4x6p,4x6p_571,8.010,-4.422174,nan
4x6p,4x6p_577,7.280,-7.411542,nan
4x6p,4x6p_579,6.780,-3.099739,nan
4x6p,4x6p_583,9.160,-7.552613,nan
4x6p,4x6p_592,6.830,-3.190946,nan
4x6p,4x6p_596,8.890,-8.542351,nan
4x6p,4x6p_612,8.520,-8.543884,nan
4x6p,4x6p_620,2.310,-2.057084,nan
4x6p,4x6p_621,6.770,-6.216310,nan
4x6p,4x6p_623,3.230,-1.898310,nan
4x6p,4x6p_636,4.200,-1.743654,nan
4x6p,4x6p_637,1.990,-1.577720,nan
4x6p,4x6p_642,6.090,-4.656852,nan
4x6p,4x6p_644,5.940,-2.350165,nan
4x6p,4x6p_646,7.890,-4.619976,nan
4x6p,4x6p_649,2.780,-2.742406,nan
4x6p,4x6p_650,5.190,-5.367677,nan
4x6p,4x6p_653,7.400,-7.794605,nan
4x6p,4x6p_657,6.200,-5.919476,nan
4x6p,4x6p_665,9.470,-8.513197,nan
4x6p,4x6p_666,3.850,-2.502573,nan
4x6p,4x6p_667,4.880,-2.191350,nan
4x6p,4x6p_668,5.820,-3.600828,nan
4x6p,4x6p_674,4.200,-4.162409,nan
4x6p,4x6p_688,3.890,-3.710926,nan
4x6p,4x6p_689,6.920,-5.326915,nan
4x6p,4x6p_693,6.830,-3.197818,nan
4x6p,4x6p_696,3.750,-3.659756,nan
4x6p,4x6p_706,0.910,-1.381004,nan
4x6p,4x6p_820,1.690,-1.148911,nan
4x6p,4x6p_835,2.000,-1.069360,nan
4x6p,4x6p_876,1.710,-1.090554,nan
4x6p,4x6p_889,0.850,-1.309360,nan
4x6p,4x6p_89,9.960,-8.179213,nan
4x6p,4x6p_97,8.210,-5.701295,nan
4x6p,4x6p_98,5.980,-2.399167,nan
5a7b,5a7b_11,9.290,-8.539446,nan
5a7b,5a7b_115,5.810,-6.716155,nan
5a7b,5a7b_136,9.500,-5.887817,nan
5a7b,5a7b_138,5.740,-7.298243,nan
5a7b,5a7b_144,1.530,-1.160814,nan
5a7b,5a7b_170,5.820,-1.800655,nan
5a7b,5a7b_175,8.770,-8.539960,nan
5a7b,5a7b_178,5.860,-4.541193,nan
5a7b,5a7b_190,9.270,-5.820079,nan
5a7b,5a7b_204,1.820,-1.501499,nan
5a7b,5a7b_214,3.340,-2.952007,nan
5a7b,5a7b_215,8.780,-6.297583,nan
5a7b,5a7b_217,2.100,-2.194437,nan
5a7b,5a7b_227,5.340,-4.564495,nan
5a7b,5a7b_233,1.720,-1.320084,nan
5a7b,5a7b_234,4.120,-5.524087,nan
5a7b,5a7b_243,1.600,-1.464958,nan
5a7b,5a7b_244,2.700,-0.875820,nan
5a7b,5a7b_258,3.660,-4.755494,nan
5a7b,5a7b_261,7.000,-6.668707,nan
5a7b,5a7b_264,7.440,-7.113219,nan
5a7b,5a7b_266,1.840,-0.847633,nan
5a7b,5a7b_274,3.680,-1.428323,nan
5a7b,5a7b_276,1.260,-2.160280,nan
5a7b,5a7b_280,3.680,-2.243049,nan
5a7b,5a7b_281,9.140,-7.049932,nan
5a7b,5a7b_284,0.880,-0.701613,nan
5a7b,5a7b_286,0.740,-1.730492,nan
5a7b,5a7b_295,2.010,-1.699612,nan
5a7b,5a7b_302,2.910,-2.146205,nan
5a7b,5a7b_309,6.960,-7.169950,nan
5a7b,5a7b_311,9.270,-8.068395,nan
5a7b,5a7b_349,8.490,-8.498224,nan
5a7b,5a7b_358,0.950,-1.153307,nan
5a7b,5a7b_382,4.890,-7.187469,nan
5a7b,5a7b_402,6.220,-4.508214,nan
5a7b,5a7b_409,7.260,-3.411354,nan
5a7b,5a7b_424,7.000,-6.922004,nan
5a7b,5a7b_426,3.610,-2.900268,nan
5a7b,5a7b_429,7.130,-3.015465,nan
5a7b,5a7b_440,7.060,-3.832829,nan
5a7b,5a7b_447,8.130,-4.774605,nan
5a7b,5a7b_451,7.580,-5.299594,nan
5a7b,5a7b_461,3.830,-2.465222,nan
5a7b,5a7b_485,8.870,-3.146445,nan
5a7b,5a7b_488,7.820,-6.356270,nan
5a7b,5a7b_511,1.720,-1.716340,nan
5a7b,5a7b_514,9.110,-3.564304,nan
5a7b,5a7b_518,2.450,-2.435436,nan
5a7b,5a7b_523,6.120,-5.629383,nan
5a7b,5a7b_531,2.050,-1.977032,nan
5a7b,5a7b_539,4.290,-5.002398,nan
5a7b,5a7b_542,5.920,-5.782105,nan
5a7b,5a7b_546,5.570,-4.574047,nan
5a7b,5a7b_550,6.860,-4.121670,nan
5a7b,5a7b_553,5.420,-4.549999,nan
5a7b,5a7b_566,6.950,-4.022836,nan
5a7b,5a7b_569,8.410,-4.141926,nan
5a7b,5a7b_588,3.380,-2.837090,nan
5a7b,5a7b_591,4.480,-4.801902,nan
5a7b,5a7b_595,3.030,-2.761977,nan
5a7b,5a7b_597,8.880,-5.203559,nan
5a7b,5a7b_601,2.070,-1.866018,nan
5a7b,5a7b_613,7.740,-6.738909,nan
5a7b,5a7b_623,1.710,-1.471352,nan
5a7b,5a7b_628,7.330,-8.230926,nan
5a7b,5a7b_632,4.000,-2.986700,nan
5a7b,5a7b_633,6.260,-8.554584,nan
5a7b,5a7b_636,3.970,-6.539910,nan
5a7b,5a7b_651,5.980,-3.120665,nan
5a7b,5a7b_652,8.050,-5.155779,nan
5a7b,5a7b_655,8.150,-2.338259,nan
5a7b,5a7b_657,6.730,-5.178120,nan
5a7b,5a7b_660,4.680,-3.445841,nan
5a7b,5a7b_672,9.910,-4.035050,nan
5a7b,5a7b_675,8.990,-5.996952,nan
5a7b,5a7b_690,2.480,-5.570269,nan
5a7b,5a7b_691,2.540,-2.743029,nan
5a7b,5a7b_694,7.220,-7.170206,nan
5a7b,5a7b_696,9.670,-3.040847,nan
5a7b,5a7b_697,9.040,-4.800942,nan
5a7b,5a7b_698,4.300,-1.916724,nan
5a7b,5a7b_700,9.680,-4.048856,nan
5a7b,5a7b_726,1.950,-1.317490,nan
5a7b,5a7b_738,1.940,-2.101311,nan
5a7b,5a7b_742,0.820,-1.624985,nan
5a7b,5a7b_780,5.660,-6.763168,nan
5a7b,5a7b_817,2.670,-4.495205,nan
5a7b,5a7b_842,4.770,-4.501300,nan
5a7b,5a7b_843,6.800,-1.881143,nan
5a7b,5a7b_850,4.110,-3.939755,nan
5a7b,5a7b_874,5.000,-3.494133,nan
5a7b,5a7b_878,7.400,-2.901402,nan
5a7b,5a7b_980,4.900,-3.164409,nan
5aba,5aba_220,9.450,-5.217214,nan
5aba,5aba_247,9.560,-6.549999,nan
5aba,5aba_261,9.290,-2.657691,nan
5aba,5aba_263,8.760,-3.886718,nan
5aba,5aba_284,9.600,-4.422316,nan
5aba,5aba_297,8.770,-4.503606,nan
5aba,5aba_36,4.220,-2.283726,nan
5aba,5aba_38,3.310,-0.939896,nan
5aba,5aba_40,8.070,-7.093709,nan
5aba,5aba_408,9.200,-3.854192,nan
5aba,5aba_410,8.010,-1.898201,nan
5aba,5aba_412,8.100,-2.023014,nan
5aba,5aba_455,7.210,-3.503691,nan
5aba,5aba_460,9.710,-3.997437,nan
5aba,5aba_47,6.390,-2.893461,nan
5aba,5aba_470,8.400,-3.117571,nan
5aba,5aba_472,4.450,-2.347365,nan
5aba,5aba_490,8.130,-2.410676,nan
5aba,5aba_492,9.340,-3.170464,nan
5aba,5aba_5,8.810,-7.275124,nan
5aba,5aba_517,4.920,-4.482244,nan
5aba,5aba_525,9.030,-3.587242,nan
5aba,5aba_527,2.770,-0.506193,nan
5aba,5aba_555,5.630,-2.829422,nan
5aba,5aba_558,6.190,-3.293400,nan
5aba,5aba_559,5.230,-5.335610,nan
5aba,5aba_570,3.070,-0.568128,nan
5aba,5aba_575,5.350,-3.300364,nan
5aba,5aba_584,4.210,-1.943928,nan
5aba,5aba_596,2.580,-4.734489,nan
5aba,5aba_598,9.500,-3.425045,nan
5aba,5aba_599,3.340,-2.003351,nan
5aba,5aba_618,6.800,-3.200469,nan
5aba,5aba_620,4.080,-3.181406,nan
5aba,5aba_623,3.980,-2.595857,nan
5aba,5aba_625,2.350,-4.688754,nan
5aba,5aba_628,4.790,-3.570153,nan
5aba,5aba_632,3.590,-5.788478,nan
5aba,5aba_640,2.200,-1.493940,nan
5aba,5aba_641,7.210,-2.913157,nan
5aba,5aba_647,4.740,-5.208652,nan
5aba,5aba_653,8.530,-1.856228,nan
5aba,5aba_654,3.400,-1.919386,nan
5aba,5aba_655,2.800,-0.878174,nan
5aba,5aba_657,2.900,-3.402116,nan
5aba,5aba_661,7.970,-3.629891,nan
5aba,5aba_663,3.900,-2.201624,nan
5aba,5aba_666,5.600,-5.327931,nan
5aba,5aba_668,6.280,-6.007362,nan
5aba,5aba_669,2.630,-1.160643,nan
5aba,5aba_674,7.700,-8.351630,nan
5aba,5aba_676,3.990,-2.513587,nan
5aba,5aba_677,9.370,-5.730171,nan
5aba,5aba_679,5.040,-2.662640,nan
5aba,5aba_680,3.660,-5.180538,nan
5aba,5aba_690,4.070,-1.860520,nan
5aba,5aba_697,7.470,-6.628389,nan
5aba,5aba_698,8.230,-7.800950,nan
5aba,5aba_701,5.200,-6.263170,nan
5aba,5aba_702,2.000,-0.831637,nan
5aba,5aba_703,2.000,-0.732993,nan
5aba,5aba_704,6.890,-7.489864,nan
5aba,5aba_71,7.110,-3.011881,nan
5aba,5aba_712,1.210,-1.367204,nan
5aba,5aba_728,6.930,-2.793405,nan
5aba,5aba_749,5.610,-8.151406,nan
5aba,5aba_751,6.780,-3.117891,nan
5aba,5aba_760,6.990,-4.855588,nan
5aba,5aba_772,1.670,-0.722540,nan
5aba,5aba_78,5.010,-5.241399,nan
5aba,5aba_786,1.790,-2.190221,nan
5aba,5aba_792,2.050,-0.620945,nan
5aba,5aba_799,7.200,-7.825817,nan
5aba,5aba_820,1.960,-3.145025,nan
5aba,5aba_850,4.870,-3.963229,nan
5aba,5aba_858,5.390,-8.435914,nan
5aba,5aba_859,5.110,-6.626864,nan
5aba,5aba_864,6.200,-8.141684,nan
5aba,5aba_865,2.100,-3.048559,nan
5aba,5aba_880,4.100,-5.835082,nan
5aba,5aba_882,3.520,-5.006179,nan
5aba,5aba_898,1.740,-0.616285,nan
5aba,5aba_899,7.320,-3.729768,nan
5aba,5aba_956,7.270,-8.001794,nan
5aba,5aba_96,6.900,-2.474750,nan
5aba,5aba_962,7.280,-1.619786,nan
5aba,5aba_966,2.470,-1.385543,nan
5c28,5c28_113,7.840,-6.649460,nan
5c28,5c28_133,6.940,-6.392138,nan
5c28,5c28_146,3.660,-2.247798,nan
5c28,5c28_2,3.680,-1.984115,nan
5c28,5c28_3,4.170,-2.634387,nan
5c28,5c28_30,0.790,-0.370714,nan
5c28,5c28_324,0.930,-0.260245,nan
5c28,5c28_345,0.800,-0.345150,nan
5c28,5c28_35,0.820,-0.234896,nan
5c28,5c28_382,2.100,-0.211201,nan
5c28,5c28_4,0.820,-0.401631,nan
5c28,5c28_424,0.940,-0.290092,nan
5c28,5c28_451,2.700,-1.282400,nan
5c28,5c28_456,0.960,-0.989832,nan
5c28,5c28_460,2.030,-1.139019,nan
5c28,5c28_469,4.460,-3.762928,nan
5c28,5c28_47,0.560,-0.153816,nan
5c28,5c28_503,6.520,-6.397291,nan
5c28,5c28_508,5.760,-4.206565,nan
5c28,5c28_516,6.020,-4.582551,nan
5c28,5c28_525,2.640,-0.934565,nan
5c28,5c28_528,1.330,-0.448614,nan
5c28,5c28_531,2.520,-1.007383,nan
5c28,5c28_542,7.200,-6.244895,nan
5c28,5c28_543,5.900,-5.036738,nan
5c28,5c28_549,3.850,-3.280075,nan
5c28,5c28_550,7.410,-6.088527,nan
5c28,5c28_563,1.360,-0.603523,nan
5c28,5c28_569,5.110,-4.562270,nan
5c28,5c28_572,4.110,-1.454470,nan
5c28,5c28_588,5.470,-4.679449,nan
5c28,5c28_589,2.610,-1.638543,nan
5c28,5c28_593,7.140,-5.540905,nan
5c28,5c28_600,5.230,-4.179343,nan
5c28,5c28_604,1.030,-0.400902,nan
5c28,5c28_614,5.050,-4.427667,nan
5c28,5c28_624,1.190,-0.456229,nan
5c28,5c28_627,1.220,-0.792420,nan
5c28,5c28_643,3.380,-2.259810,nan
5c28,5c28_664,1.190,-0.585046,nan
5c28,5c28_675,6.050,-5.585494,nan
5c28,5c28_681,4.950,-2.779904,nan
5c28,5c28_693,1.160,-0.727764,nan
5c28,5c28_702,0.620,-0.714410,nan
5c28,5c28_706,2.460,-0.904516,nan
5c28,5c28_709,2.980,-2.990875,nan
5c28,5c28_71,0.510,-0.281669,nan
5c28,5c28_715,1.550,-0.678893,nan
5c28,5c28_723,7.460,-6.107269,nan
5c28,5c28_725,7.520,-6.076669,nan
5c28,5c28_727,4.590,-2.953290,nan
5c28,5c28_729,3.870,-2.229922,nan
5c28,5c28_735,2.150,-1.039155,nan
5c28,5c28_741,3.360,-1.291695,nan
5c28,5c28_743,6.170,-5.273924,nan
5c28,5c28_746,4.120,-1.624933,nan
5c28,5c28_747,3.310,-2.155024,nan
5c28,5c28_755,4.330,-1.988811,nan
5c28,5c28_758,5.300,-3.927739,nan
5c28,5c28_761,5.710,-4.310700,nan
5c28,5c28_762,9.680,-8.326903,nan
5c28,5c28_766,6.120,-5.142883,nan
5c28,5c28_767,4.700,-2.633839,nan
5c28,5c28_770,6.220,-5.105733,nan
5c28,5c28_771,6.480,-5.332813,nan
5c28,5c28_772,9.800,-8.309946,nan
5c28,5c28_773,9.800,-8.095429,nan
5c28,5c28_775,5.920,-5.006774,nan
5c28,5c28_781,8.460,-6.464053,nan
5c28,5c28_782,8.720,-7.605109,nan
5c28,5c28_783,8.710,-7.666047,nan
5c28,5c28_784,9.190,-7.930140,nan
5c28,5c28_785,9.230,-8.132004,nan
5c28,5c28_787,9.480,-7.729137,nan
5c28,5c28_788,8.720,-7.313245,nan
5c28,5c28_789,8.950,-7.764217,nan
5c28,5c28_790,8.790,-7.965400,nan
5c28,5c28_791,9.410,-7.825443,nan
5c28,5c28_792,9.510,-7.629540,nan
5c28,5c28_794,9.140,-7.781534,nan
5c28,5c28_807,3.500,-1.006725,nan
5c28,5c28_829,1.700,-1.341055,nan
5c28,5c28_845,4.030,-3.325910,nan
5c28,5c28_850,3.670,-2.759004,nan
5c28,5c28_858,7.520,-6.096228,nan
5c28,5c28_866,7.550,-6.114995,nan
5c28,5c28_876,6.330,-4.927979,nan
5c28,5c28_877,9.550,-8.527047,nan
5c28,5c28_879,6.440,-4.681224,nan
5c28,5c28_881,5.000,-3.672409,nan
5c28,5c28_882,5.320,-4.630592,nan
5c28,5c28_883,8.170,-6.624745,nan
5c28,5c28_885,8.230,-6.624745,nan
5c28,5c28_928,3.060,-0.389786,nan
5c28,5c28_934,1.110,-0.928272,nan
5c28,5c28_97,2.250,-0.227588,nan
5c2h,5c2h_119,9.090,-7.475300,nan
5c2h,5c2h_160,8.870,-7.190683,nan
5c2h,5c2h_204,0.870,-1.102141,nan
5c2h,5c2h_216,0.960,-0.719136,nan
5c2h,5c2h_240,0.460,-0.731179,nan
5c2h,5c2h_244,0.590,-1.021162,nan
5c2h,5c2h_247,0.940,-0.646833,nan
5c2h,5c2h_251,6.900,-3.604461,nan
5c2h,5c2h_252,1.950,-1.101283,nan
5c2h,5c2h_256,0.790,-0.948590,nan
5c2h,5c2h_259,0.510,-0.647976,nan
5c2h,5c2h_274,1.380,-1.160856,nan
5c2h,5c2h_292,1.020,-0.905100,nan
5c2h,5c2h_295,1.650,-0.577548,nan
5c2h,5c2h_308,8.100,-8.068814,nan
5c2h,5c2h_352,1.910,-0.408980,nan
5c2h,5c2h_394,7.980,-8.098602,nan
5c2h,5c2h_405,2.880,-2.125432,nan
5c2h,5c2h_406,9.660,-8.579491,nan
5c2h,5c2h_421,9.570,-8.571548,nan
5c2h,5c2h_424,3.920,-2.633085,nan
5c2h,5c2h_427,8.120,-3.840147,nan
5c2h,5c2h_431,8.500,-7.635262,nan
5c2h,5c2h_432,5.760,-3.971097,nan
5c2h,5c2h_444,7.910,-8.378284,nan
5c2h,5c2h_457,4.840,-3.639112,nan
5c2h,5c2h_462,5.780,-3.631242,nan
5c2h,5c2h_467,9.170,-8.488905,nan
5c2h,5c2h_471,2.170,-1.187601,nan
5c2h,5c2h_475,9.420,-4.717182,nan
5c2h,5c2h_48,4.700,-5.156637,nan
5c2h,5c2h_481,8.080,-8.242993,nan
5c2h,5c2h_482,2.390,-1.739774,nan
5c2h,5c2h_484,6.860,-6.842353,nan
5c2h,5c2h_486,3.890,-2.659965,nan
5c2h,5c2h_496,7.720,-6.620610,nan
5c2h,5c2h_500,6.770,-7.011775,nan
5c2h,5c2h_507,2.340,-1.501248,nan
5c2h,5c2h_509,5.050,-5.453660,nan
5c2h,5c2h_513,8.700,-2.659951,nan
5c2h,5c2h_516,3.430,-2.111773,nan
5c2h,5c2h_517,4.260,-3.399754,nan
5c2h,5c2h_519,3.600,-1.050260,nan
5c2h,5c2h_520,4.720,-4.689171,nan
5c2h,5c2h_524,1.790,-1.577690,nan
5c2h,5c2h_533,3.100,-2.313027,nan
5c2h,5c2h_536,3.120,-1.859625,nan
5c2h,5c2h_537,2.540,-1.488433,nan
5c2h,5c2h_544,6.420,-2.502118,nan
5c2h,5c2h_545,5.420,-4.934350,nan
5c2h,5c2h_547,9.480,-5.097078,nan
5c2h,5c2h_548,8.940,-5.908752,nan
5c2h,5c2h_553,4.170,-1.996873,nan
5c2h,5c2h_561,5.060,-2.950722,nan
5c2h,5c2h_565,2.620,-0.796608,nan
5c2h,5c2h_566,7.000,-6.858941,nan
5c2h,5c2h_572,7.600,-2.375504,nan
5c2h,5c2h_575,5.090,-5.122694,nan
5c2h,5c2h_576,2.320,-1.479081,nan
5c2h,5c2h_579,4.820,-3.663791,nan
5c2h,5c2h_585,8.840,-3.462557,nan
5c2h,5c2h_597,7.720,-8.284425,nan
5c2h,5c2h_599,9.060,-2.465610,nan
5c2h,5c2h_602,2.000,-1.678914,nan
5c2h,5c2h_608,6.900,-6.252008,nan
5c2h,5c2h_611,4.510,-1.239324,nan
5c2h,5c2h_613,1.990,-0.959590,nan
5c2h,5c2h_624,7.400,-2.920795,nan
5c2h,5c2h_627,7.890,-2.245623,nan
5c2h,5c2h_640,7.720,-2.724737,nan
5c2h,5c2h_641,8.580,-8.576574,nan
5c2h,5c2h_644,4.180,-3.929638,nan
5c2h,5c2h_646,1.690,-1.210826,nan
5c2h,5c2h_649,3.210,-2.136807,nan
5c2h,5c2h_651,1.840,-1.609523,nan
5c2h,5c2h_653,7.750,-3.865237,nan
5c2h,5c2h_657,5.350,-6.553793,nan
5c2h,5c2h_663,6.900,-2.281360,nan
5c2h,5c2h_666,2.280,-0.767275,nan
5c2h,5c2h_682,4.960,-4.555392,nan
5c2h,5c2h_686,6.590,-5.700713,nan
5c2h,5c2h_696,3.900,-1.963340,nan
5c2h,5c2h_697,8.600,-7.756601,nan
5c2h,5c2h_698,4.140,-1.728499,nan
5c2h,5c2h_700,9.080,-7.986121,nan
5c2h,5c2h_756,6.430,-4.525343,nan
5c2h,5c2h_758,7.700,-6.631482,nan
5c2h,5c2h_764,5.760,-4.138152,nan
5c2h,5c2h_775,6.650,-5.849487,nan
5c2h,5c2h_816,5.630,-5.086282,nan
5c2h,5c2h_831,3.470,-2.699010,nan
5c2h,5c2h_848,2.850,-2.112468,nan
5c2h,5c2h_860,9.240,-4.679858,nan
5c2h,5c2h_89,9.800,-8.513185,nan
5c2h,5c2h_910,3.070,-2.114210,nan
5c2h,5c2h_922,2.290,-0.600292,nan
5c2h,5c2h_940,5.980,-4.421950,nan
5dwr,5dwr_144,0.350,-0.838150,nan
5dwr,5dwr_148,1.150,-1.042403,nan
5dwr,5dwr_157,0.820,-1.054373,nan
5dwr,5dwr_162,1.340,-0.950195,nan
5dwr,5dwr_166,0.770,-0.617980,nan
5dwr,5dwr_193,0.940,-1.089150,nan
5dwr,5dwr_200,0.420,-0.973210,nan
5dwr,5dwr_215,0.570,-0.918033,nan
5dwr,5dwr_286,0.740,-0.796235,nan
5dwr,5dwr_289,0.540,-0.474553,nan
5dwr,5dwr_297,1.010,-0.887772,nan
5dwr,5dwr_312,7.440,-4.030372,nan
5dwr,5dwr_382,0.460,-0.399053,nan
5dwr,5dwr_401,4.050,-3.353173,nan
5dwr,5dwr_404,1.370,-1.717517,nan
5dwr,5dwr_411,4.690,-0.936942,nan
5dwr,5dwr_412,4.510,-2.863647,nan
5dwr,5dwr_419,2.960,-2.962538,nan
5dwr,5dwr_425,4.120,-2.598081,nan
5dwr,5dwr_431,2.480,-1.166755,nan
5dwr,5dwr_441,3.870,-2.257375,nan
5dwr,5dwr_442,5.060,-2.987758,nan
5dwr,5dwr_451,1.790,-2.043935,nan
5dwr,5dwr_461,3.930,-2.745756,nan
5dwr,5dwr_466,5.940,-3.294063,nan
5dwr,5dwr_467,5.260,-1.968158,nan
5dwr,5dwr_475,2.580,-3.118423,nan
5dwr,5dwr_480,7.060,-4.434024,nan
5dwr,5dwr_484,3.680,-1.765741,nan
5dwr,5dwr_489,1.810,-2.330218,nan
5dwr,5dwr_490,4.530,-2.054069,nan
5dwr,5dwr_497,4.090,-2.005529,nan
5dwr,5dwr_498,5.690,-1.480284,nan
5dwr,5dwr_504,1.770,-1.719430,nan
5dwr,5dwr_508,4.810,-3.724246,nan
5dwr,5dwr_518,4.850,-4.059578,nan
5dwr,5dwr_521,4.080,-1.886372,nan
5dwr,5dwr_527,5.550,-3.610834,nan
5dwr,5dwr_534,7.120,-4.517202,nan
5dwr,5dwr_542,3.440,-1.907720,nan
5dwr,5dwr_559,6.270,-3.679478,nan
5dwr,5dwr_560,5.170,-4.025297,nan
5dwr,5dwr_568,5.730,-2.950007,nan
5dwr,5dwr_574,6.430,-3.857122,nan
5dwr,5dwr_584,7.230,-4.083895,nan
5dwr,5dwr_588,8.110,-6.047584,nan
5dwr,5dwr_598,8.080,-8.319161,nan
5dwr,5dwr_604,6.550,-5.004100,nan
5dwr,5dwr_610,2.550,-1.148801,nan
5dwr,5dwr_612,1.810,-1.980536,nan
5dwr,5dwr_614,1.900,-1.876756,nan
5dwr,5dwr_626,6.760,-5.996584,nan
5dwr,5dwr_628,6.720,-4.975629,nan
5dwr,5dwr_633,1.780,-1.545884,nan
5dwr,5dwr_635,6.320,-4.750274,nan
5dwr,5dwr_636,7.880,-5.514377,nan
5dwr,5dwr_637,2.920,-2.369299,nan
5dwr,5dwr_638,5.370,-4.119268,nan
5dwr,5dwr_640,4.120,-2.696959,nan
5dwr,5dwr_642,3.360,-2.115341,nan
5dwr,5dwr_649,7.510,-6.913207,nan
5dwr,5dwr_654,3.710,-2.149189,nan
5dwr,5dwr_663,7.600,-6.755440,nan
5dwr,5dwr_666,6.420,-3.672733,nan
5dwr,5dwr_669,3.110,-2.614971,nan
5dwr,5dwr_671,3.950,-2.308851,nan
5dwr,5dwr_675,2.250,-1.533273,nan
5dwr,5dwr_676,8.490,-8.531457,nan
5dwr,5dwr_677,7.740,-5.593600,nan
5dwr,5dwr_680,5.450,-3.851227,nan
5dwr,5dwr_686,6.090,-2.068771,nan
5dwr,5dwr_691,3.240,-2.962270,nan
5dwr,5dwr_693,5.020,-3.551461,nan
5dwr,5dwr_695,2.130,-2.364455,nan
5dwr,5dwr_697,7.480,-5.288385,nan
5dwr,5dwr_699,3.970,-1.805104,nan
5dwr,5dwr_702,2.700,-0.969566,nan
5dwr,5dwr_710,6.350,-1.416154,nan
5dwr,5dwr_711,6.540,-2.847694,nan
5dwr,5dwr_720,8.820,-5.771947,nan
5dwr,5dwr_745,2.190,-1.228940,nan
5dwr,5dwr_76,2.990,-1.257297,nan
5dwr,5dwr_875,7.090,-5.030826,nan
5dwr,5dwr_96,0.840,-1.083939,nan
5tmn,5tmn_117,9.520,-6.912991,nan
5tmn,5tmn_125,9.340,-8.490035,nan
5tmn,5tmn_141,9.210,-8.569695,nan
5tmn,5tmn_142,8.730,-4.078853,nan
5tmn,5tmn_155,7.820,-8.278529,nan
5tmn,5tmn_161,8.330,-8.374570,nan
5tmn,5tmn_162,7.230,-8.340517,nan
5tmn,5tmn_197,6.670,-2.682297,nan
5tmn,5tmn_199,9.070,-8.503562,nan
5tmn,5tmn_203,9.330,-1.972733,nan
5tmn,5tmn_210,3.660,-2.185767,nan
5tmn,5tmn_219,1.890,-1.433498,nan
5tmn,5tmn_22,4.430,-0.928224,nan
5tmn,5tmn_222,6.330,-1.140031,nan
5tmn,5tmn_223,3.000,-2.530226,nan
5tmn,5tmn_226,3.110,-2.576831,nan
5tmn,5tmn_232,4.270,-0.749762,nan
5tmn,5tmn_236,5.210,-2.202963,nan
5tmn,5tmn_254,4.930,-2.207196,nan
5tmn,5tmn_261,9.340,-2.347813,nan
5tmn,5tmn_273,5.550,-1.767721,nan
5tmn,5tmn_284,2.450,-1.354906,nan
5tmn,5tmn_288,3.990,-2.126036,nan
5tmn,5tmn_29,3.580,-0.959867,nan
5tmn,5tmn_297,8.800,-1.008328,nan
5tmn,5tmn_302,8.950,-7.073337,nan
5tmn,5tmn_303,6.380,-6.975273,nan
5tmn,5tmn_326,8.910,-8.044394,nan
5tmn,5tmn_35,7.740,-7.236384,nan
5tmn,5tmn_357,9.710,-8.581273,nan
5tmn,5tmn_362,8.330,-4.100021,nan
5tmn,5tmn_375,4.000,-1.250730,nan
5tmn,5tmn_38,9.240,-8.280599,nan
5tmn,5tmn_452,5.320,-3.043564,nan
5tmn,5tmn_462,7.280,-6.701286,nan
5tmn,5tmn_464,2.910,-2.403156,nan
5tmn,5tmn_465,8.100,-5.100074,nan
5tmn,5tmn_468,4.320,-3.637210,nan
5tmn,5tmn_498,8.100,-7.963530,nan
5tmn,5tmn_513,5.410,-5.884756,nan
5tmn,5tmn_518,6.760,-4.143402,nan
5tmn,5tmn_526,5.530,-6.811767,nan
5tmn,5tmn_535,6.810,-4.715908,nan
5tmn,5tmn_537,4.870,-5.299585,nan
5tmn,5tmn_540,3.880,-5.185057,nan
5tmn,5tmn_541,2.700,-2.113505,nan
5tmn,5tmn_551,7.530,-8.535485,nan
5tmn,5tmn_552,6.690,-4.449369,nan
5tmn,5tmn_553,6.490,-6.152029,nan
5tmn,5tmn_559,3.950,-4.145223,nan
5tmn,5tmn_566,6.840,-2.912651,nan
5tmn,5tmn_582,6.180,-7.219820,nan
5tmn,5tmn_588,4.230,-3.509326,nan
5tmn,5tmn_592,9.800,-8.569921,nan
5tmn,5tmn_596,8.160,-6.752796,nan
5tmn,5tmn_609,2.770,-3.470040,nan
5tmn,5tmn_61,8.160,-7.769957,nan
5tmn,5tmn_624,3.560,-2.737930,nan
5tmn,5tmn_639,5.420,-3.913418,nan
5tmn,5tmn_640,4.140,-3.592297,nan
5tmn,5tmn_643,5.010,-4.470152,nan
5tmn,5tmn_649,6.000,-4.385983,nan
5tmn,5tmn_654,7.900,-3.750613,nan
5tmn,5tmn_659,5.770,-4.663283,nan
5tmn,5tmn_681,5.290,-3.810168,nan
5tmn,5tmn_685,7.280,-7.831089,nan
5tmn,5tmn_695,7.710,-2.924640,nan
5tmn,5tmn_700,4.460,-5.375034,nan
5tmn,5tmn_707,1.730,-0.282391,nan
5tmn,5tmn_717,1.710,-0.954344,nan
5tmn,5tmn_725,1.920,-0.964141,nan
5tmn,5tmn_741,3.730,-2.823314,nan
5tmn,5tmn_742,2.460,-1.431035,nan
5tmn,5tmn_754,1.410,-0.569180,nan
5tmn,5tmn_756,2.480,-1.358654,nan
5tmn,5tmn_758,1.800,-1.510902,nan
5tmn,5tmn_780,4.660,-4.331383,nan
5tmn,5tmn_782,1.890,-2.457054,nan
5tmn,5tmn_783,2.360,-1.870791,nan
5tmn,5tmn_786,9.020,-8.174842,nan
5tmn,5tmn_791,4.660,-4.689808,nan
5tmn,5tmn_792,1.970,-1.864251,nan
5tmn,5tmn_797,6.240,-6.280902,nan
5tmn,5tmn_799,2.300,-2.264888,nan
5tmn,5tmn_858,1.710,-0.461491,nan
5tmn,5tmn_870,7.850,-0.860981,nan
5tmn,5tmn_88,7.800,-7.353454,nan
5tmn,5tmn_892,3.340,-3.359095,nan
5tmn,5tmn_950,0.930,-0.823289,nan
5tmn,5tmn_976,2.680,-3.001255,nan
5tmn,5tmn_996,1.960,-0.847450,nan
