pdbid,pose,rmsd,head
1c5z,1c5z_753,5.800,1.0830
1c5z,1c5z_754,6.020,1.7780
1c5z,1c5z_759,4.750,2.6690
1c5z,1c5z_761,6.740,-0.6070
1c5z,1c5z_763,6.840,-0.1450
1c5z,1c5z_765,7.860,2.0510
1c5z,1c5z_766,7.590,2.1220
1c5z,1c5z_776,2.190,1.0740
1c5z,1c5z_781,5.450,3.4330
1c5z,1c5z_790,4.780,3.1380
1c5z,1c5z_8,0.450,5.4760
1c5z,1c5z_804,4.110,2.2480
1c5z,1c5z_805,3.170,1.1190
1c5z,1c5z_811,3.920,1.4560
1c5z,1c5z_826,5.000,2.3070
1c5z,1c5z_828,5.040,2.3550
1c5z,1c5z_829,7.080,2.0800
1c5z,1c5z_836,7.000,1.8840
1c5z,1c5z_839,2.990,3.1220
1c5z,1c5z_840,6.700,2.6590
1c5z,1c5z_844,4.800,3.2330
1c5z,1c5z_862,5.830,1.8420
1c5z,1c5z_892,4.770,1.4090
1c5z,1c5z_898,5.200,2.6840
1c5z,1c5z_536,7.120,2.0620
1c5z,1c5z_537,2.810,3.5130
1c5z,1c5z_542,5.430,3.0380
1c5z,1c5z_544,5.280,2.4970
1c5z,1c5z_546,3.740,3.0900
1c5z,1c5z_556,3.940,-2.0350
1c5z,1c5z_558,3.630,2.8610
1c5z,1c5z_563,3.980,0.8640
1c5z,1c5z_715,5.330,2.6610
1c5z,1c5z_722,6.900,1.5900
1c5z,1c5z_733,7.080,1.5640
1c5z,1c5z_734,3.500,2.6630
1c5z,1c5z_738,6.400,2.0210
1c5z,1c5z_739,7.050,1.5860
1c5z,1c5z_741,5.850,1.6250
1c5z,1c5z_743,7.120,2.1560
1c5z,1c5z_613,2.120,-5.9370
1c5z,1c5z_627,0.960,1.9730
1c5z,1c5z_642,1.330,0.7680
1c5z,1c5z_661,2.510,-0.5890
1c5z,1c5z_665,1.460,0.0520
1c5z,1c5z_698,2.040,-0.1870
1c5z,1c5z_700,1.460,-2.4420
1c5z,1c5z_711,4.440,1.8740
1c5z,1c5z_564,3.160,0.2990
1c5z,1c5z_577,1.710,0.7300
1c5z,1c5z_583,6.860,1.2820
1c5z,1c5z_586,2.110,1.8400
1c5z,1c5z_590,5.140,-0.2460
1c5z,1c5z_593,3.440,-0.3030
1c5z,1c5z_596,4.780,0.4780
1c5z,1c5z_607,1.500,-0.8060
1c5z,1c5z_460,1.660,-1.7940
1c5z,1c5z_465,0.970,-2.1950
1c5z,1c5z_482,1.870,0.2160
1c5z,1c5z_509,6.500,2.1010
1c5z,1c5z_516,6.770,1.9640
1c5z,1c5z_519,2.740,3.6420
1c5z,1c5z_520,4.730,2.5370
1c5z,1c5z_530,1.330,2.9980
1c5z,1c5z_402,0.870,5.1160
1c5z,1c5z_415,2.670,0.7780
1c5z,1c5z_425,1.200,0.3470
1c5z,1c5z_427,0.920,2.1450
1c5z,1c5z_431,1.110,2.0470
1c5z,1c5z_438,2.900,1.9460
1c5z,1c5z_449,0.720,-1.6620
1c5z,1c5z_452,0.770,3.3670
1bcu,1bcu_773,9.200,1.5300
1bcu,1bcu_777,9.120,1.1330
1bcu,1bcu_778,9.890,0.9880
1bcu,1bcu_782,9.550,1.3490
1bcu,1bcu_788,9.650,1.2290
1bcu,1bcu_790,9.390,1.4280
1bcu,1bcu_803,2.070,4.7660
1bcu,1bcu_806,0.710,4.5850
1bcu,1bcu_725,6.310,3.9560
1bcu,1bcu_729,5.070,2.0700
1bcu,1bcu_738,6.500,3.0290
1bcu,1bcu_741,8.390,-0.9440
1bcu,1bcu_742,7.620,-0.4650
1bcu,1bcu_745,7.580,2.3290
1bcu,1bcu_749,7.820,2.7020
1bcu,1bcu_752,6.430,2.8570
1bcu,1bcu_753,9.220,2.4210
1bcu,1bcu_754,8.100,2.8530
1bcu,1bcu_756,6.010,1.6850
1bcu,1bcu_758,8.420,0.0870
1bcu,1bcu_761,8.500,1.4610
1bcu,1bcu_764,8.800,1.8270
1bcu,1bcu_765,9.970,1.9520
1bcu,1bcu_772,7.130,2.6760
1bcu,1bcu_813,7.670,4.9640
1bcu,1bcu_825,1.240,1.3350
1bcu,1bcu_828,3.520,4.0290
1bcu,1bcu_829,3.820,3.2430
1bcu,1bcu_843,6.520,2.5540
1bcu,1bcu_850,7.670,2.2860
1bcu,1bcu_852,2.220,3.2650
1bcu,1bcu_855,6.790,-1.9160
1bcu,1bcu_931,7.490,1.1310
1bcu,1bcu_933,5.120,4.1190
1bcu,1bcu_939,4.450,2.6450
1bcu,1bcu_949,3.250,0.0390
1bcu,1bcu_967,4.740,3.1570
1bcu,1bcu_971,8.050,1.7690
1bcu,1bcu_977,4.690,3.1470
1bcu,1bcu_980,5.750,4.7160
1bcu,1bcu_701,1.860,5.0210
1bcu,1bcu_703,0.610,5.3760
1bcu,1bcu_708,8.320,2.9500
1bcu,1bcu_712,8.210,4.8790
1bcu,1bcu_715,6.420,1.7850
1bcu,1bcu_717,7.050,-0.3270
1bcu,1bcu_718,9.180,-3.3960
1bcu,1bcu_720,4.760,2.5630
1bcu,1bcu_862,9.040,2.9530
1bcu,1bcu_869,4.130,3.2030
1bcu,1bcu_878,5.730,3.6160
1bcu,1bcu_881,7.740,3.6820
1bcu,1bcu_885,5.100,3.3680
1bcu,1bcu_886,5.710,1.2050
1bcu,1bcu_887,4.260,3.7340
1bcu,1bcu_888,5.260,3.8300
1c5z,1c5z_931,3.860,2.5570
1c5z,1c5z_937,7.080,2.2470
1c5z,1c5z_953,7.030,2.3720
1c5z,1c5z_955,7.210,2.4980
1c5z,1c5z_959,4.240,1.9750
1e66,1e66_158,0.560,11.0880
1e66,1e66_247,0.710,6.0740
1e66,1e66_402,0.660,5.9400
1bcu,1bcu_890,4.300,2.0180
1bcu,1bcu_893,8.620,0.8440
1bcu,1bcu_898,5.450,4.2780
1bcu,1bcu_903,1.580,3.3530
1bcu,1bcu_915,7.970,5.2630
1bcu,1bcu_919,3.860,3.4180
1bcu,1bcu_920,3.430,2.8970
1bcu,1bcu_923,0.750,5.0460
1bcu,1bcu_469,2.570,-3.0600
1bcu,1bcu_473,2.560,-6.8680
1bcu,1bcu_479,1.440,5.6020
1bcu,1bcu_483,2.150,1.5470
1bcu,1bcu_495,1.780,1.4610
1bcu,1bcu_564,6.110,3.1410
1bcu,1bcu_585,5.890,0.8370
1bcu,1bcu_591,4.490,-0.8950
1bcu,1bcu_595,3.320,-1.3540
1bcu,1bcu_608,6.860,-5.0550
1bcu,1bcu_617,2.900,2.7450
1bcu,1bcu_634,2.550,2.0990
1bcu,1bcu_653,3.250,-4.7290
1bcu,1bcu_661,2.080,-5.8540
1bcu,1bcu_684,0.920,6.0420
1bcu,1bcu_695,3.450,4.0780
1bcu,1bcu_362,0.590,6.6690
1bcu,1bcu_397,0.660,6.2430
1bcu,1bcu_406,0.870,5.8520
1bcu,1bcu_424,1.830,-5.4670
1bcu,1bcu_442,1.960,0.6750
1bcu,1bcu_451,3.560,-8.5000
1bcu,1bcu_454,4.570,-11.1780
1bcu,1bcu_462,2.530,2.0470
1gpk,1gpk_764,9.250,0.5640
1gpk,1gpk_779,9.910,-0.8830
1gpk,1gpk_782,5.340,0.1570
1gpk,1gpk_783,9.910,-1.7650
1gpk,1gpk_785,5.980,-5.1430
1gpk,1gpk_788,5.020,-24.7110
1gpk,1gpk_793,4.380,-13.5350
1gpk,1gpk_794,2.750,-29.3380
1bcu,1bcu_981,2.980,1.1740
1bcu,1bcu_983,4.690,4.5700
1bcu,1bcu_984,8.420,-1.4980
1bcu,1bcu_989,5.640,2.6740
1bcu,1bcu_991,6.660,2.8230
1bcu,1bcu_996,1.920,4.4800
1bzc,1bzc_101,5.240,7.1980
1bzc,1bzc_111,4.980,7.1480
1gpn,1gpn_330,0.510,9.8750
1gpn,1gpn_401,0.980,8.1980
1gpn,1gpn_404,1.470,3.8290
1gpn,1gpn_405,0.560,5.1420
1gpn,1gpn_407,0.580,6.9540
1gpn,1gpn_422,2.280,7.9740
1gpn,1gpn_435,1.000,2.7470
1gpn,1gpn_443,0.920,2.5790
1a30,1a30_997,8.430,3.6590
1a30,1a30_999,7.880,4.6570
1bcu,1bcu_11,1.000,4.5050
1bcu,1bcu_220,1.130,5.1540
1bcu,1bcu_270,3.320,2.4950
1bcu,1bcu_309,0.360,6.3470
1bcu,1bcu_33,1.200,2.7950
1bcu,1bcu_334,0.630,6.4380
1gpk,1gpk_850,5.150,0.6320
1gpk,1gpk_874,5.160,3.9470
1gpk,1gpk_95,2.020,8.0580
1gpk,1gpk_984,2.200,6.9520
1gpk,1gpk_988,3.130,3.3260
1gpn,1gpn_109,1.210,9.0060
1gpn,1gpn_252,0.370,9.7410
1gpn,1gpn_299,0.350,10.2040
1gpk,1gpk_666,3.800,1.7590
1gpk,1gpk_668,2.630,-2.3870
1gpk,1gpk_67,3.730,7.1690
1gpk,1gpk_683,5.070,-17.6200
1gpk,1gpk_689,4.170,-2.3040
1gpk,1gpk_697,4.510,-2.0080
1gpk,1gpk_700,5.380,-1.7230
1gpk,1gpk_735,4.180,-0.7640
1gpn,1gpn_759,3.140,7.2700
1gpn,1gpn_768,5.510,3.0180
1gpn,1gpn_775,2.950,-0.7760
1gpn,1gpn_779,2.880,-1.3120
1gpn,1gpn_781,4.180,1.7130
1gpn,1gpn_782,2.280,1.5970
1gpn,1gpn_784,6.020,1.3390
1gpn,1gpn_785,3.080,1.6760
1gpk,1gpk_588,3.040,-4.4040
1gpk,1gpk_590,5.430,1.8330
1gpk,1gpk_600,3.590,-2.3040
1gpk,1gpk_609,3.710,4.2520
1gpk,1gpk_612,5.100,-5.1550
1gpk,1gpk_625,6.560,-11.5960
1gpk,1gpk_641,4.450,0.4320
1gpk,1gpk_660,2.160,3.9490
1gpk,1gpk_496,2.690,0.4580
1gpk,1gpk_548,4.690,-3.9920
1gpk,1gpk_560,4.340,1.0710
1gpk,1gpk_569,4.240,-0.8870
1gpk,1gpk_571,1.470,5.2670
1gpk,1gpk_577,5.030,0.5650
1gpk,1gpk_578,4.580,-2.0800
1gpk,1gpk_583,2.740,4.3240
1gpn,1gpn_483,3.440,3.6200
1gpn,1gpn_490,3.710,2.5300
1gpn,1gpn_549,2.790,2.3790
1gpn,1gpn_551,4.480,-0.6820
1gpn,1gpn_553,5.580,-2.4710
1gpn,1gpn_555,2.430,3.0440
1gpn,1gpn_556,4.070,4.6890
1gpn,1gpn_578,4.420,-4.1750
1gpn,1gpn_657,4.260,1.5010
1gpn,1gpn_658,2.560,0.5960
1gpn,1gpn_662,1.330,2.2320
1gpn,1gpn_675,1.850,2.3910
1gpn,1gpn_682,4.640,2.0030
1gpn,1gpn_683,3.040,-0.6430
1gpn,1gpn_684,5.410,0.2370
1gpn,1gpn_689,1.400,-2.5950
1gpk,1gpk_450,2.990,4.4490
1gpk,1gpk_46,0.480,9.6140
1gpk,1gpk_460,2.110,-2.1410
1gpk,1gpk_463,1.440,7.5810
1gpk,1gpk_465,0.960,4.6340
1gpk,1gpk_473,1.850,4.3610
1gpk,1gpk_477,4.010,1.2990
1gpk,1gpk_494,3.880,-17.7040
1gpk,1gpk_409,0.900,1.6300
1gpk,1gpk_415,1.620,7.0630
1gpk,1gpk_419,1.130,5.1620
1gpk,1gpk_420,1.960,6.5840
1gpk,1gpk_427,1.130,7.0800
1gpk,1gpk_428,3.010,7.4510
1gpk,1gpk_429,1.770,3.7350
1gpk,1gpk_437,2.130,7.1460
1gpn,1gpn_446,2.850,1.4040
1gpn,1gpn_451,1.400,7.7830
1gpn,1gpn_459,3.820,1.7930
1gpn,1gpn_466,3.700,6.8490
1gpn,1gpn_471,1.910,-2.7460
1gpn,1gpn_475,1.160,-8.3700
1gpn,1gpn_477,0.950,-0.6800
1gpn,1gpn_481,4.060,-13.2180
1gpk,1gpk_231,3.410,3.4710
1gpk,1gpk_239,0.350,8.6650
1gpk,1gpk_267,1.900,7.7410
1gpk,1gpk_280,1.960,7.0450
1gpk,1gpk_328,0.520,9.9580
1gpk,1gpk_364,0.260,10.1870
1gpk,1gpk_404,3.650,1.6170
1gpk,1gpk_407,0.790,7.7240
1gpn,1gpn_589,2.460,-1.8840
1gpn,1gpn_596,3.840,2.9110
1gpn,1gpn_600,1.090,1.3660
1gpn,1gpn_61,0.870,4.4350
1gpn,1gpn_615,2.570,4.0980
1gpn,1gpn_617,3.350,4.2450
1gpn,1gpn_638,1.930,2.5180
1gpn,1gpn_653,3.150,-1.4180
1e66,1e66_574,6.100,-2.1610
1e66,1e66_577,5.600,-4.1500
1e66,1e66_587,2.430,-10.3650
1e66,1e66_589,2.270,-2.4150
1e66,1e66_591,6.880,-5.7310
1e66,1e66_617,4.970,1.0040
1e66,1e66_633,5.580,-1.4530
1e66,1e66_656,2.770,-5.7050
1e66,1e66_498,4.300,-5.1830
1e66,1e66_504,3.900,0.8160
1e66,1e66_505,3.570,-1.9470
1e66,1e66_550,4.330,1.6720
1e66,1e66_551,5.760,-5.6170
1e66,1e66_552,6.230,-0.1640
1e66,1e66_553,6.450,-5.0400
1e66,1e66_573,6.060,-3.1450
1bzc,1bzc_694,5.400,-0.2540
1bzc,1bzc_700,7.090,-13.0770
1bzc,1bzc_709,0.680,6.8460
1bzc,1bzc_778,7.270,3.0140
1bzc,1bzc_963,3.030,5.8270
1c5z,1c5z_247,0.610,3.7950
1c5z,1c5z_258,0.920,1.2430
1c5z,1c5z_3,0.400,5.7490
1e66,1e66_774,1.090,6.8960
1e66,1e66_787,0.600,8.6350
1e66,1e66_806,4.290,5.1080
1e66,1e66_807,5.030,6.6270
1e66,1e66_810,4.760,5.4190
1e66,1e66_823,6.220,3.0370
1e66,1e66_841,2.840,4.9580
1e66,1e66_842,4.770,4.5450
1e66,1e66_661,2.740,-0.6820
1e66,1e66_678,3.020,2.8120
1e66,1e66_700,3.370,0.2330
1e66,1e66_702,5.320,4.2210
1e66,1e66_712,1.760,4.8710
1e66,1e66_733,6.200,-0.0770
1e66,1e66_744,4.250,1.8600
1e66,1e66_746,3.800,1.8300
1e66,1e66_859,3.410,1.1290
1e66,1e66_860,5.850,3.7450
1e66,1e66_862,3.890,1.7140
1e66,1e66_863,2.510,0.0780
1e66,1e66_865,4.570,-3.3390
1e66,1e66_867,4.390,-1.8770
1e66,1e66_870,5.700,-1.5180
1e66,1e66_891,0.780,7.1180
1e66,1e66_466,1.940,-7.4000
1e66,1e66_467,1.610,-13.9490
1e66,1e66_468,2.900,-1.9430
1e66,1e66_477,2.060,-9.6740
1e66,1e66_483,1.570,-12.3980
1e66,1e66_484,1.510,-2.5260
1e66,1e66_489,4.050,-5.2300
1e66,1e66_495,3.270,-10.3050
1e66,1e66_404,0.970,5.0210
1e66,1e66_406,0.860,4.3770
1e66,1e66_412,1.290,4.4270
1e66,1e66_419,0.970,-5.5400
1e66,1e66_422,1.500,6.7940
1e66,1e66_429,1.550,-8.2730
1e66,1e66_440,1.570,-4.0700
1e66,1e66_442,3.970,-7.3360
1e66,1e66_754,5.230,-1.2920
1e66,1e66_755,5.600,-7.9030
1e66,1e66_761,2.360,-2.2580
1e66,1e66_763,6.260,-6.1900
1e66,1e66_767,3.530,-5.8940
1e66,1e66_768,2.890,-3.9750
1e66,1e66_771,6.060,-16.5960
1e66,1e66_772,6.260,-10.1240
1a30,1a30_705,1.790,5.5710
1a30,1a30_706,1.810,5.2830
1a30,1a30_709,1.910,5.1180
1a30,1a30_712,1.930,5.1290
1a30,1a30_718,1.950,4.8300
1a30,1a30_731,1.840,4.9740
1a30,1a30_733,9.150,4.4780
1a30,1a30_736,9.000,4.4250
1a30,1a30_314,4.030,5.4610
1a30,1a30_319,5.030,6.2270
1a30,1a30_336,3.000,5.8480
1a30,1a30_348,2.090,5.7720
1a30,1a30_35,3.570,4.6770
1a30,1a30_353,3.150,5.5060
1a30,1a30_388,4.550,5.1000
1a30,1a30_407,6.420,-1.8810
1a30,1a30_743,1.880,5.4320
1a30,1a30_744,9.050,3.7990
1a30,1a30_747,8.770,4.9440
1a30,1a30_75,8.070,6.4670
1a30,1a30_754,8.760,3.8450
1a30,1a30_759,4.150,2.8270
1a30,1a30_797,2.820,2.6700
1a30,1a30_828,3.530,5.3370
1a30,1a30_128,7.020,5.1360
1a30,1a30_130,2.090,6.1350
1a30,1a30_139,3.030,5.3140
1a30,1a30_140,2.700,5.2180
1a30,1a30_144,2.910,5.9590
1a30,1a30_167,5.280,6.1540
1a30,1a30_170,2.970,5.4660
1a30,1a30_186,4.120,4.8460
1a30,1a30_86,2.290,4.6270
1a30,1a30_868,5.560,3.0570
1a30,1a30_87,9.320,4.0780
1a30,1a30_883,5.480,5.4210
1a30,1a30_899,5.380,4.8680
1a30,1a30_90,3.870,4.1690
1a30,1a30_920,8.580,5.8760
1a30,1a30_935,9.200,4.5100
1a30,1a30_577,6.780,-0.7480
1a30,1a30_6,9.650,5.1420
1a30,1a30_653,5.800,-5.3060
1a30,1a30_664,5.140,2.3230
1a30,1a30_667,3.510,0.1180
1a30,1a30_670,5.530,-3.4990
1a30,1a30_671,2.010,-5.9210
1a30,1a30_704,1.900,5.5410
1a30,1a30_187,5.140,4.5450
1a30,1a30_22,3.870,1.6920
1a30,1a30_221,4.590,3.3880
1a30,1a30_222,4.470,3.8630
1a30,1a30_267,3.760,2.5590
1a30,1a30_270,8.260,4.5830
1a30,1a30_284,3.700,-0.0820
1a30,1a30_296,4.510,1.5020
1a30,1a30_938,9.210,6.0000
1a30,1a30_940,4.120,4.1110
1a30,1a30_942,7.330,4.2870
1a30,1a30_944,8.690,4.9260
1a30,1a30_955,9.330,4.7000
1a30,1a30_972,8.830,5.1230
1a30,1a30_985,8.630,4.9860
1a30,1a30_992,3.160,4.5490
1a30,1a30_418,6.020,-0.3150
1a30,1a30_450,6.070,-0.5700
1a30,1a30_452,2.740,-0.2380
1a30,1a30_490,1.790,-2.6230
1a30,1a30_498,4.520,0.1630
1a30,1a30_538,4.190,-3.9860
1a30,1a30_559,6.230,0.8250
1a30,1a30_569,5.070,-4.7520
1bzc,1bzc_527,0.960,-0.4940
1bzc,1bzc_530,1.490,1.5080
1bzc,1bzc_539,1.750,-6.2840
1bzc,1bzc_546,2.880,-4.7510
1bzc,1bzc_549,3.190,4.0040
1bzc,1bzc_556,1.770,-1.3190
1bzc,1bzc_558,2.770,-6.9480
1bzc,1bzc_566,7.260,-2.0050
1bzc,1bzc_651,6.250,-2.9160
1bzc,1bzc_652,6.780,-12.8180
1bzc,1bzc_659,9.030,-1.6470
1bzc,1bzc_660,8.500,-0.6260
1bzc,1bzc_664,7.730,-10.3590
1bzc,1bzc_666,7.350,-4.1710
1bzc,1bzc_669,3.390,-10.5720
1bzc,1bzc_670,7.210,1.1140
1bzc,1bzc_614,2.740,-7.3890
1bzc,1bzc_615,6.340,-6.5200
1bzc,1bzc_620,7.190,-2.5040
1bzc,1bzc_622,6.480,-7.3050
1bzc,1bzc_625,3.300,-9.9620
1bzc,1bzc_629,3.240,-8.6060
1bzc,1bzc_633,3.010,-9.0130
1bzc,1bzc_644,6.810,-9.1280
1gpn,1gpn_786,6.040,0.5630
1gpn,1gpn_794,4.770,-7.8070
1gpn,1gpn_796,5.370,-15.1730
1gpn,1gpn_868,4.020,7.0050
1gpn,1gpn_885,4.460,1.9600
1h22,1h22_1,7.350,6.8090
1h22,1h22_12,3.060,6.8170
1h22,1h22_140,2.930,7.3470
1bzc,1bzc_323,0.740,8.4170
1bzc,1bzc_375,0.690,7.9740
1bzc,1bzc_409,8.420,-15.4570
1bzc,1bzc_412,5.630,-20.5930
1bzc,1bzc_414,7.550,-9.2740
1bzc,1bzc_427,5.290,-21.2830
1bzc,1bzc_43,0.830,7.9670
1bzc,1bzc_439,5.750,-29.7050
1bzc,1bzc_671,6.550,-3.4120
1bzc,1bzc_674,5.750,-9.8370
1bzc,1bzc_677,4.030,1.7310
1bzc,1bzc_681,5.840,-9.2300
1bzc,1bzc_682,7.890,-4.9510
1bzc,1bzc_686,8.520,-5.2060
1bzc,1bzc_688,8.710,-8.9090
1bzc,1bzc_690,6.480,-1.6290
1bzc,1bzc_577,2.020,0.0870
1bzc,1bzc_579,3.130,0.1670
1bzc,1bzc_588,2.120,-6.8210
1bzc,1bzc_592,2.620,-1.4010
1bzc,1bzc_593,1.710,2.1930
1bzc,1bzc_597,2.890,-6.9840
1bzc,1bzc_608,9.650,-1.3940
1bzc,1bzc_611,5.640,-12.5700
1bzc,1bzc_142,1.300,7.8650
1bzc,1bzc_190,0.680,8.2050
1bzc,1bzc_217,0.750,8.2400
1bzc,1bzc_223,0.770,8.1560
1bzc,1bzc_225,1.010,6.3940
1bzc,1bzc_260,2.010,5.0730
1bzc,1bzc_265,0.700,5.5360
1bzc,1bzc_300,0.760,6.1430
1bzc,1bzc_440,4.880,-12.3160
1bzc,1bzc_443,8.240,-26.7370
1bzc,1bzc_449,7.590,-4.3650
1bzc,1bzc_461,2.980,-9.2790
1bzc,1bzc_463,8.030,-29.2140
1bzc,1bzc_464,5.340,-22.4280
1bzc,1bzc_466,1.990,-3.8960
1bzc,1bzc_469,3.030,0.5910
1bzc,1bzc_473,5.260,-16.4590
1bzc,1bzc_481,3.380,-16.3040
1bzc,1bzc_487,4.600,-20.9940
1bzc,1bzc_502,1.750,3.2520
1bzc,1bzc_504,1.400,-0.1840
1bzc,1bzc_522,3.160,-3.6750
1bzc,1bzc_524,2.610,-2.2220
1bzc,1bzc_526,1.760,-1.8270
1g2k,1g2k_762,1.940,4.4940
1g2k,1g2k_771,2.010,5.5780
1g2k,1g2k_874,1.390,6.0060
1g2k,1g2k_900,0.920,8.5450
1g2k,1g2k_98,4.890,6.9190
1gpk,1gpk_159,0.760,7.9260
1gpk,1gpk_182,0.910,8.7620
1gpk,1gpk_194,0.620,9.3010
1eby,1eby_575,7.090,-21.0200
1eby,1eby_576,6.470,-19.0820
1eby,1eby_580,9.200,-16.9910
1eby,1eby_582,7.830,-10.0450
1eby,1eby_584,8.020,-20.3430
1eby,1eby_595,8.640,-22.9190
1eby,1eby_597,7.060,-21.6670
1eby,1eby_600,9.680,-10.3880
1e66,1e66_907,0.850,4.0730
1e66,1e66_909,0.980,8.9000
1e66,1e66_921,5.460,1.5540
1eby,1eby_169,9.110,5.2340
1eby,1eby_211,0.970,9.2740
1eby,1eby_217,0.990,8.5840
1eby,1eby_218,2.340,8.0780
1eby,1eby_223,0.840,8.9150
1g2k,1g2k_546,7.100,-1.5740
1g2k,1g2k_551,7.240,-14.1760
1g2k,1g2k_556,3.600,-11.5620
1g2k,1g2k_565,7.160,-16.6660
1g2k,1g2k_566,5.770,-10.6620
1g2k,1g2k_568,7.330,-13.7650
1g2k,1g2k_569,7.530,-20.1500
1g2k,1g2k_573,7.260,-23.1800
1g2k,1g2k_625,6.120,-5.9130
1g2k,1g2k_639,2.340,-18.1730
1g2k,1g2k_640,9.370,-8.7070
1g2k,1g2k_644,4.520,-13.2470
1g2k,1g2k_645,2.990,-9.2620
1g2k,1g2k_646,4.510,-12.0790
1g2k,1g2k_649,6.600,-8.6560
1g2k,1g2k_650,5.060,-5.2110
1g2k,1g2k_652,4.450,-18.6350
1g2k,1g2k_654,9.570,1.2500
1g2k,1g2k_663,8.370,-11.8370
1g2k,1g2k_668,9.310,-9.9400
1g2k,1g2k_670,9.230,-8.7740
1g2k,1g2k_673,9.150,-0.9620
1g2k,1g2k_675,3.220,-14.1520
1g2k,1g2k_677,5.990,-14.7530
1eby,1eby_540,5.140,-2.5660
1eby,1eby_548,5.420,-21.4450
1eby,1eby_556,6.330,-30.6120
1eby,1eby_563,4.310,-10.0860
1eby,1eby_569,9.790,-10.3200
1eby,1eby_571,4.160,-16.4360
1eby,1eby_572,8.960,-9.9680
1eby,1eby_573,9.440,-11.3100
1g2k,1g2k_502,3.760,-12.9560
1g2k,1g2k_504,2.180,0.3250
1g2k,1g2k_516,6.050,-4.1730
1g2k,1g2k_52,0.750,10.0380
1g2k,1g2k_520,6.860,-18.3140
1g2k,1g2k_521,9.600,-7.7830
1g2k,1g2k_530,6.580,-11.0380
1g2k,1g2k_543,8.750,-14.8300
1g2k,1g2k_679,7.560,-2.3340
1g2k,1g2k_683,5.120,-19.4910
1g2k,1g2k_684,8.650,-8.6420
1g2k,1g2k_690,7.530,-1.8460
1g2k,1g2k_705,1.730,6.5840
1g2k,1g2k_736,1.710,5.4580
1g2k,1g2k_737,1.610,5.6500
1g2k,1g2k_74,0.600,11.2270
1g2k,1g2k_582,9.060,-3.9870
1g2k,1g2k_584,7.810,-26.0030
1g2k,1g2k_588,9.100,-6.4240
1g2k,1g2k_589,8.880,-8.7780
1g2k,1g2k_590,6.200,-15.0840
1g2k,1g2k_591,6.830,-28.8130
1g2k,1g2k_592,7.320,-8.3550
1g2k,1g2k_597,8.520,-17.7830
1g2k,1g2k_598,6.380,-16.0310
1g2k,1g2k_600,4.440,-3.3060
1g2k,1g2k_606,9.930,-4.1810
1g2k,1g2k_607,6.670,-10.5800
1g2k,1g2k_610,3.300,-6.8240
1g2k,1g2k_617,5.340,-6.0720
1g2k,1g2k_621,3.890,-9.9000
1g2k,1g2k_624,5.900,-7.5160
1g2k,1g2k_294,0.960,8.5880
1g2k,1g2k_295,1.170,8.5000
1g2k,1g2k_306,2.670,8.3550
1g2k,1g2k_328,0.540,10.7270
1g2k,1g2k_403,2.840,-12.6670
1g2k,1g2k_404,4.060,-12.5930
1g2k,1g2k_408,3.690,-20.9520
1g2k,1g2k_417,2.550,-19.8660
1g2k,1g2k_225,0.700,10.1100
1g2k,1g2k_242,1.130,9.1410
1g2k,1g2k_247,0.640,9.8020
1g2k,1g2k_248,0.990,6.8330
1g2k,1g2k_265,0.690,9.5530
1g2k,1g2k_271,0.510,9.7750
1g2k,1g2k_283,1.010,8.1950
1g2k,1g2k_290,1.240,7.9430
1g2k,1g2k_467,4.580,-40.3160
1g2k,1g2k_468,3.440,-32.4460
1g2k,1g2k_469,2.570,-30.6660
1g2k,1g2k_473,5.800,-9.6040
1g2k,1g2k_475,2.830,-32.1890
1g2k,1g2k_482,2.960,-13.3280
1g2k,1g2k_487,5.950,-20.0360
1g2k,1g2k_497,3.210,-27.9630
1g2k,1g2k_420,3.870,-33.4080
1g2k,1g2k_436,5.040,-20.5780
1g2k,1g2k_454,6.930,-27.0150
1g2k,1g2k_456,4.330,-31.5590
1g2k,1g2k_458,5.040,-43.2060
1g2k,1g2k_460,3.650,-26.8330
1g2k,1g2k_462,4.470,-41.7900
1g2k,1g2k_466,4.190,-29.5380
1eby,1eby_473,3.640,-41.3620
1eby,1eby_477,3.190,-46.7280
1eby,1eby_481,4.940,-21.2510
1eby,1eby_488,4.110,-32.6120
1eby,1eby_490,4.070,-53.3810
1eby,1eby_493,5.950,-14.3610
1eby,1eby_499,3.310,-26.5160
1eby,1eby_503,7.810,-2.1120
1eby,1eby_673,8.490,-14.8550
1eby,1eby_688,6.710,-14.4690
1eby,1eby_689,6.870,-18.6260
1eby,1eby_694,8.410,-5.3210
1eby,1eby_731,3.120,6.5230
1eby,1eby_741,6.510,4.6860
1eby,1eby_751,7.570,4.1480
1eby,1eby_763,4.940,5.4270
1eby,1eby_507,8.970,0.2350
1eby,1eby_514,5.840,-6.6630
1eby,1eby_517,9.230,-3.3060
1eby,1eby_519,6.000,-9.2760
1eby,1eby_531,5.540,-18.9010
1eby,1eby_532,7.620,-14.6900
1eby,1eby_535,6.950,-12.1150
1eby,1eby_538,4.050,-22.2200
1eby,1eby_416,2.570,-42.1460
1eby,1eby_444,3.950,-49.1850
1eby,1eby_447,2.720,-29.2020
1eby,1eby_453,3.340,-34.4980
1eby,1eby_456,4.570,-46.0220
1eby,1eby_464,4.140,-17.7900
1eby,1eby_470,3.630,-48.9670
1eby,1eby_472,3.000,-35.6020
1eby,1eby_634,6.490,-14.2690
1eby,1eby_641,8.770,-11.3310
1eby,1eby_645,8.970,-16.1150
1eby,1eby_647,8.550,-13.2360
1eby,1eby_649,7.170,-6.6760
1eby,1eby_658,4.630,-21.2370
1eby,1eby_659,7.660,-14.4970
1eby,1eby_667,6.110,-24.1720
1h22,1h22_494,4.000,-16.1740
1h22,1h22_506,3.900,-3.2550
1h22,1h22_512,3.270,-2.5400
1h22,1h22_527,4.150,-13.7330
1h22,1h22_535,5.210,1.1120
1h22,1h22_540,4.780,2.7910
1h22,1h22_543,6.710,0.6480
1h22,1h22_565,7.070,-6.2100
1h23,1h23_588,7.010,-7.3310
1h23,1h23_589,6.970,-4.2450
1h23,1h23_590,4.170,-3.5240
1h23,1h23_597,6.230,-7.7160
1h23,1h23_621,4.260,-0.5340
1h23,1h23_640,5.500,-10.8770
1h23,1h23_641,6.120,1.4370
1h23,1h23_643,9.640,-2.8440
1eby,1eby_297,3.360,1.9070
1eby,1eby_299,0.810,9.6560
1eby,1eby_326,1.900,8.9380
1eby,1eby_350,9.690,6.5190
1eby,1eby_361,0.860,10.5340
1eby,1eby_364,0.950,10.2210
1eby,1eby_372,9.300,6.4670
1eby,1eby_414,3.780,-28.3860
1h22,1h22_4,2.020,8.5050
1h22,1h22_403,4.390,-0.6240
1h22,1h22_423,3.760,-17.9870
1h22,1h22_442,5.130,-2.0130
1h22,1h22_448,1.960,0.3700
1h22,1h22_464,4.150,-8.3220
1h22,1h22_471,4.540,-17.2360
1h22,1h22_477,6.330,4.6230
1h22,1h22_569,5.010,-3.3470
1h22,1h22_573,5.110,-7.5640
1h22,1h22_590,6.500,-6.7930
1h22,1h22_595,5.620,-9.6690
1h22,1h22_596,7.900,-8.2160
1h22,1h22_606,5.330,-5.6640
1h22,1h22_651,6.710,0.7810
1h22,1h22_653,6.860,-3.4960
1eby,1eby_779,7.250,2.2130
1eby,1eby_791,5.730,2.1110
1eby,1eby_792,6.300,2.6620
1eby,1eby_803,1.780,7.9130
1eby,1eby_813,1.740,9.6100
1eby,1eby_826,3.010,3.3500
1eby,1eby_848,1.500,8.5670
1g2k,1g2k_209,1.050,7.1680
1eby,1eby_767,7.170,2.0430
1eby,1eby_769,6.100,5.2070
1eby,1eby_770,5.020,6.2910
1eby,1eby_771,9.270,5.0660
1eby,1eby_772,5.360,4.2420
1eby,1eby_773,8.410,5.5590
1eby,1eby_774,5.980,5.4330
1eby,1eby_777,9.300,5.5260
1eby,1eby_231,2.090,4.8540
1eby,1eby_233,1.830,8.2130
1eby,1eby_237,2.520,2.3730
1eby,1eby_238,0.950,10.1050
1eby,1eby_244,1.200,8.7890
1eby,1eby_245,2.010,5.6600
1eby,1eby_255,2.530,7.7740
1eby,1eby_259,2.570,5.1870
1eby,1eby_262,1.010,8.9680
1eby,1eby_265,0.780,10.1430
1eby,1eby_266,2.030,4.3660
1eby,1eby_269,0.880,8.1670
1eby,1eby_271,1.780,9.9930
1eby,1eby_279,1.870,7.9880
1eby,1eby_294,1.860,5.8180
1eby,1eby_295,0.870,8.3180
1nc1,1nc1_142,9.910,4.0280
1nc1,1nc1_144,1.100,3.4660
1nc1,1nc1_152,9.960,4.3310
1nc1,1nc1_161,9.920,4.1580
1nc1,1nc1_172,9.930,4.1490
1nc1,1nc1_18,0.580,7.3880
1nc1,1nc1_207,0.790,7.5760
1nc1,1nc1_275,1.200,3.5630
1h22,1h22_679,6.330,-13.5210
1h22,1h22_685,5.790,2.0680
1h22,1h22_692,6.130,-7.2760
1h22,1h22_716,2.980,7.1070
1h22,1h22_722,1.670,7.2520
1h22,1h22_738,2.590,7.3800
1h22,1h22_75,6.150,6.5250
1h22,1h22_772,7.390,2.3330
1nc1,1nc1_473,2.490,-16.0370
1nc1,1nc1_480,4.950,-8.3590
1nc1,1nc1_495,2.840,-13.4630
1nc1,1nc1_498,5.250,-9.8260
1nc1,1nc1_513,6.770,-1.9110
1nc1,1nc1_526,1.850,-24.3310
1nc1,1nc1_527,6.600,-4.0910
1nc1,1nc1_529,2.080,-9.9870
1nc1,1nc1_410,2.260,-10.7640
1nc1,1nc1_422,5.320,-5.9870
1nc1,1nc1_427,1.810,-0.8010
1nc1,1nc1_431,1.010,-3.1850
1nc1,1nc1_437,5.130,-6.8560
1nc1,1nc1_441,5.150,-6.4810
1nc1,1nc1_443,1.190,-6.4370
1nc1,1nc1_449,2.190,-16.9310
1nc1,1nc1_566,2.660,-8.2760
1nc1,1nc1_570,2.190,-14.1990
1nc1,1nc1_573,6.630,-4.5610
1nc1,1nc1_575,1.550,-4.1950
1nc1,1nc1_576,5.000,-9.9010
1nc1,1nc1_585,4.970,-10.9400
1nc1,1nc1_587,6.490,-6.5190
1nc1,1nc1_591,6.090,-5.8820
1nc1,1nc1_536,1.140,-1.1820
1nc1,1nc1_538,5.560,-7.9960
1nc1,1nc1_539,5.390,-6.7650
1nc1,1nc1_546,6.740,-3.9150
1nc1,1nc1_550,6.550,-3.4230
1nc1,1nc1_551,4.990,-7.4100
1nc1,1nc1_552,5.790,-6.0220
1nc1,1nc1_558,1.450,-6.3950
1h22,1h22_156,1.040,8.4400
1h22,1h22_186,2.910,6.8930
1h22,1h22_187,1.330,7.5650
1h22,1h22_197,1.280,6.9610
1h22,1h22_212,1.930,6.3980
1h22,1h22_225,4.970,3.4080
1h22,1h22_231,4.970,7.4250
1h22,1h22_238,2.560,5.8630
1h22,1h22_311,7.240,7.7410
1h22,1h22_313,7.610,7.8950
1h22,1h22_319,3.940,7.3100
1h22,1h22_346,0.640,9.3460
1h22,1h22_354,5.100,8.5860
1h22,1h22_363,0.860,9.2870
1h22,1h22_384,1.950,8.8110
1h22,1h22_393,2.010,7.8730
1nc1,1nc1_667,5.230,-0.8000
1nc1,1nc1_670,2.110,-6.8340
1nc1,1nc1_685,7.970,1.5370
1nc1,1nc1_690,4.960,-2.6050
1nc1,1nc1_692,4.180,-4.0730
1nc1,1nc1_695,2.250,-9.4180
1nc1,1nc1_696,5.560,-12.4740
1nc1,1nc1_724,0.330,7.6260
1nc3,1nc3_491,2.010,-3.0760
1nc3,1nc3_499,1.890,-3.5700
1nc3,1nc3_501,0.870,0.4280
1nc3,1nc3_518,1.890,1.2890
1nc3,1nc3_524,5.730,-8.5480
1nc3,1nc3_525,1.620,-1.1020
1nc3,1nc3_533,0.870,-2.0980
1nc3,1nc3_538,0.970,-0.1080
1nc1,1nc1_634,4.950,-7.3210
1nc1,1nc1_643,6.120,-2.3920
1nc1,1nc1_648,6.060,-6.3410
1nc1,1nc1_659,4.980,-5.3930
1nc1,1nc1_661,7.740,-1.5450
1nc1,1nc1_663,7.810,-4.5710
1nc1,1nc1_664,4.910,-8.4860
1nc1,1nc1_665,4.720,-5.7750
1nc1,1nc1_596,2.340,-10.9080
1nc1,1nc1_597,6.520,-6.0190
1nc1,1nc1_598,7.600,-4.9570
1nc1,1nc1_6,0.510,6.0830
1nc1,1nc1_612,5.220,-8.9480
1nc1,1nc1_615,0.950,-4.5880
1nc1,1nc1_62,8.140,2.4490
1nc1,1nc1_624,7.200,-3.7490
1nc3,1nc3_597,2.030,-11.1510
1nc3,1nc3_598,1.030,-3.2230
1nc3,1nc3_602,3.040,1.3880
1nc3,1nc3_603,5.080,-6.7810
1nc3,1nc3_614,4.480,-3.1560
1nc3,1nc3_615,5.000,-3.6850
1nc3,1nc3_622,4.760,-6.1970
1nc3,1nc3_625,2.590,-1.6650
1h23,1h23_370,7.490,7.9000
1h23,1h23_377,7.400,7.9120
1h23,1h23_403,5.800,-14.9820
1h23,1h23_425,6.660,-7.5420
1h23,1h23_43,1.380,7.9000
1h23,1h23_432,3.950,-16.1320
1h23,1h23_438,5.200,-17.0960
1h23,1h23_451,4.110,-19.2970
1nc3,1nc3_437,1.560,-4.2800
1nc3,1nc3_442,5.180,-5.1830
1nc3,1nc3_454,0.890,3.4250
1nc3,1nc3_466,2.250,-0.7440
1nc3,1nc3_471,5.450,-6.3760
1nc3,1nc3_478,2.170,-0.8980
1nc3,1nc3_488,1.730,0.7540
1nc3,1nc3_490,5.270,-7.5530
1nc3,1nc3_551,5.660,-1.4280
1nc3,1nc3_552,2.480,-10.9820
1nc3,1nc3_562,6.240,-4.2550
1nc3,1nc3_563,2.330,-2.2380
1nc3,1nc3_576,1.570,-9.2730
1nc3,1nc3_581,5.880,-1.3420
1nc3,1nc3_583,2.180,-5.2480
1nc3,1nc3_585,4.960,-6.7580
1h23,1h23_648,7.220,-0.2810
1h23,1h23_660,4.340,-11.3150
1h23,1h23_663,5.640,2.6270
1h23,1h23_667,7.950,-7.1730
1h23,1h23_669,6.290,-4.1720
1h23,1h23_676,7.950,-6.7320
1h23,1h23_678,6.120,-22.6110
1h23,1h23_686,7.520,1.3400
1nc1,1nc1_739,0.590,7.5470
1nc1,1nc1_75,1.830,2.3280
1nc1,1nc1_763,0.930,7.2750
1nc1,1nc1_853,0.710,7.4280
1nc1,1nc1_865,0.570,7.4810
1nc3,1nc3_178,0.510,8.7420
1nc3,1nc3_408,1.440,6.6420
1nc3,1nc3_409,0.960,5.0410
1h22,1h22_241,3.990,6.5140
1h22,1h22_261,3.770,4.1340
1h22,1h22_267,3.710,7.8920
1h22,1h22_276,3.550,5.8470
1h22,1h22_288,5.250,8.0430
1h22,1h22_291,4.130,3.7820
1h22,1h22_292,1.790,2.9090
1h22,1h22_300,3.000,7.1430
1h22,1h22_774,5.170,3.4780
1h22,1h22_777,7.500,2.6160
1h22,1h22_783,7.480,0.7430
1h22,1h22_786,6.130,0.3070
1h22,1h22_788,7.260,-1.2930
1h22,1h22_812,1.920,6.2200
1h22,1h22_828,4.470,6.4190
1h22,1h22_852,1.550,8.0110
1h22,1h22_864,4.940,4.3200
1h22,1h22_89,7.320,7.5580
1h22,1h22_918,2.020,6.6770
1h22,1h22_95,2.960,8.7780
1h22,1h22_957,6.180,7.2410
1h23,1h23_12,1.810,6.6350
1h23,1h23_138,6.250,5.3810
1h23,1h23_140,6.190,6.5890
1mq6,1mq6_976,5.650,2.8380
1mq6,1mq6_977,2.870,4.0360
1mq6,1mq6_978,3.250,3.2940
1nc1,1nc1_103,9.810,4.4070
1nc1,1nc1_121,9.930,4.0150
1nc1,1nc1_126,9.630,4.1780
1nc1,1nc1_13,0.700,7.7970
1nc1,1nc1_133,9.800,4.5020
1h23,1h23_471,2.990,-1.1380
1h23,1h23_476,2.940,-13.9050
1h23,1h23_496,5.950,-5.3120
1h23,1h23_5,2.810,5.3990
1h23,1h23_549,6.450,-1.5220
1h23,1h23_552,5.920,-7.2390
1h23,1h23_579,4.600,-2.5310
1h23,1h23_584,4.000,-8.7040
1k1i,1k1i_447,4.220,-14.3590
1k1i,1k1i_45,2.670,8.3680
1k1i,1k1i_464,7.220,-2.5220
1k1i,1k1i_475,6.210,-24.0040
1k1i,1k1i_495,3.000,-7.6590
1k1i,1k1i_496,6.840,-3.7000
1k1i,1k1i_513,7.090,0.9700
1k1i,1k1i_521,6.620,-5.1620
1k1i,1k1i_201,3.340,2.5610
1k1i,1k1i_204,1.780,5.1940
1k1i,1k1i_207,6.130,3.6290
1k1i,1k1i_214,5.080,4.8500
1k1i,1k1i_247,5.700,0.4210
1k1i,1k1i_250,4.900,-2.2980
1k1i,1k1i_252,5.340,3.9140
1k1i,1k1i_253,3.750,3.1130
1k1i,1k1i_308,3.940,7.4840
1k1i,1k1i_355,5.150,7.0390
1k1i,1k1i_357,4.120,6.2650
1k1i,1k1i_358,4.850,7.6650
1k1i,1k1i_36,2.300,7.6180
1k1i,1k1i_37,2.230,5.9460
1k1i,1k1i_377,5.350,6.0130
1k1i,1k1i_379,4.520,7.3060
1k1i,1k1i_258,2.340,2.3970
1k1i,1k1i_260,3.670,-1.0480
1k1i,1k1i_273,4.260,0.4790
1k1i,1k1i_275,5.200,2.8310
1k1i,1k1i_282,6.050,3.2080
1k1i,1k1i_287,4.020,-0.9640
1k1i,1k1i_295,1.290,3.8760
1k1i,1k1i_306,4.520,6.9590
1h23,1h23_98,2.730,6.5170
1h23,1h23_99,3.970,3.9610
1k1i,1k1i_108,5.050,3.7380
1k1i,1k1i_115,1.640,6.7160
1k1i,1k1i_159,6.060,4.9200
1k1i,1k1i_167,4.180,6.1380
1k1i,1k1i_171,1.650,7.1840
1k1i,1k1i_172,4.900,5.8430
1k1i,1k1i_384,2.000,8.7880
1k1i,1k1i_385,7.410,6.5970
1k1i,1k1i_40,3.300,7.9880
1k1i,1k1i_401,5.460,-11.7580
1k1i,1k1i_404,5.870,-4.8380
1k1i,1k1i_406,4.790,-5.2690
1k1i,1k1i_430,5.000,-10.5850
1k1i,1k1i_434,5.560,-14.8350
1k1i,1k1i_523,6.630,-2.1440
1k1i,1k1i_55,3.810,6.6040
1k1i,1k1i_550,7.960,-1.8510
1k1i,1k1i_563,4.300,-1.8550
1k1i,1k1i_565,7.470,3.9190
1k1i,1k1i_567,7.270,-3.2670
1k1i,1k1i_571,6.140,-0.9810
1k1i,1k1i_576,7.780,-1.6410
1h23,1h23_242,4.680,2.8400
1h23,1h23_253,3.650,4.3170
1h23,1h23_262,4.420,6.4130
1h23,1h23_277,5.720,5.9140
1h23,1h23_296,4.890,4.4000
1h23,1h23_304,1.840,8.4340
1h23,1h23_335,1.860,8.9230
1h23,1h23_347,0.890,8.9450
1k1i,1k1i_692,5.640,-8.2300
1k1i,1k1i_693,6.280,1.3750
1k1i,1k1i_698,7.510,-0.0630
1k1i,1k1i_701,2.680,5.9430
1k1i,1k1i_702,3.030,5.4230
1k1i,1k1i_703,1.330,5.8390
1k1i,1k1i_71,1.970,8.5510
1k1i,1k1i_723,2.850,3.5290
1h23,1h23_163,2.260,7.2370
1h23,1h23_185,1.180,7.8290
1h23,1h23_198,2.850,7.3200
1h23,1h23_205,3.710,4.9280
1h23,1h23_209,5.730,2.7670
1h23,1h23_221,5.120,6.0780
1h23,1h23_238,2.910,7.2350
1h23,1h23_24,3.990,6.4980
1k1i,1k1i_581,5.040,-1.1310
1k1i,1k1i_600,8.020,0.5140
1k1i,1k1i_620,8.370,-5.0210
1k1i,1k1i_650,5.010,-3.7960
1k1i,1k1i_666,7.020,-6.3660
1k1i,1k1i_675,7.920,-9.2700
1k1i,1k1i_68,3.720,7.5020
1k1i,1k1i_69,2.690,7.3680
1k1i,1k1i_79,1.990,8.4200
1k1i,1k1i_826,2.980,6.4060
1k1i,1k1i_871,6.120,6.4700
1k1i,1k1i_896,1.650,8.0050
1k1i,1k1i_900,1.500,6.8720
1k1i,1k1i_919,0.950,5.6300
1k1i,1k1i_938,1.300,5.8770
1k1i,1k1i_942,3.880,4.6660
1h23,1h23_69,4.900,5.0680
1h23,1h23_699,3.860,-10.7860
1h23,1h23_728,1.770,7.3720
1h23,1h23_732,1.930,7.1110
1h23,1h23_77,6.110,5.6060
1h23,1h23_783,1.220,7.0840
1h23,1h23_8,3.950,4.5010
1h23,1h23_81,2.930,5.6540
1h23,1h23_815,1.150,7.6550
1h23,1h23_818,2.650,6.0440
1h23,1h23_82,3.840,3.8610
1h23,1h23_88,5.140,4.3300
1h23,1h23_90,1.610,7.2380
1h23,1h23_913,2.330,7.3840
1h23,1h23_921,3.960,5.0900
1h23,1h23_964,4.150,7.2430
1mq6,1mq6_134,6.780,5.0500
1mq6,1mq6_140,6.000,4.5670
1mq6,1mq6_145,7.110,4.6190
1mq6,1mq6_156,6.090,5.0480
1mq6,1mq6_174,7.050,4.5760
1mq6,1mq6_200,6.080,5.7900
1mq6,1mq6_205,1.000,6.1070
1mq6,1mq6_226,0.890,7.1420
1mq6,1mq6_266,2.060,2.9600
1mq6,1mq6_369,4.960,5.3760
1mq6,1mq6_381,5.560,6.4010
1mq6,1mq6_390,7.120,4.9030
1mq6,1mq6_391,2.160,7.2140
1mq6,1mq6_394,9.360,4.6930
1mq6,1mq6_406,1.340,-8.6250
1mq6,1mq6_409,2.010,-14.2080
1nc3,1nc3_634,3.070,-3.0200
1nc3,1nc3_639,4.850,-3.2690
1nc3,1nc3_646,6.230,-7.1500
1nc3,1nc3_658,7.240,0.7230
1nc3,1nc3_664,5.440,-6.8740
1nc3,1nc3_665,5.750,-0.8980
1nc3,1nc3_667,1.770,-1.4790
1nc3,1nc3_669,4.510,-7.7050
1mq6,1mq6_596,8.850,-13.8580
1mq6,1mq6_598,6.420,-4.7790
1mq6,1mq6_613,3.570,-6.4670
1mq6,1mq6_630,8.940,-3.3250
1mq6,1mq6_632,7.590,-11.6690
1mq6,1mq6_645,8.280,-14.5300
1mq6,1mq6_662,7.470,-6.1410
1mq6,1mq6_677,9.440,-0.5780
1mq6,1mq6_519,5.180,-2.3220
1mq6,1mq6_538,4.740,-7.7310
1mq6,1mq6_541,3.810,-2.8880
1mq6,1mq6_552,5.290,-5.0970
1mq6,1mq6_563,1.600,-10.9870
1mq6,1mq6_578,6.750,3.2520
1mq6,1mq6_585,8.530,-2.0010
1mq6,1mq6_586,6.930,-10.1350
1mq6,1mq6_411,2.480,-15.0220
1mq6,1mq6_416,1.990,-28.9090
1mq6,1mq6_419,1.710,-17.6410
1mq6,1mq6_431,3.910,-37.4020
1mq6,1mq6_432,7.610,-16.7470
1mq6,1mq6_435,3.100,-17.5140
1mq6,1mq6_441,7.510,-12.7980
1mq6,1mq6_451,4.400,-32.7070
1mq6,1mq6_453,4.450,-31.8990
1mq6,1mq6_46,6.990,0.6730
1mq6,1mq6_472,8.070,-17.7240
1mq6,1mq6_482,2.870,-28.2930
1mq6,1mq6_486,3.240,-23.6220
1mq6,1mq6_488,6.960,-25.7850
1mq6,1mq6_489,1.650,-19.8900
1mq6,1mq6_509,8.390,0.8160
1mq6,1mq6_686,8.570,-1.6220
1mq6,1mq6_690,8.280,1.7310
1mq6,1mq6_691,9.710,-1.8890
1mq6,1mq6_695,4.700,-11.6130
1mq6,1mq6_722,0.660,6.3940
1mq6,1mq6_723,0.760,6.1930
1mq6,1mq6_748,6.240,1.6410
1mq6,1mq6_750,1.800,2.3150
1mq6,1mq6_755,8.060,6.4380
1mq6,1mq6_776,4.270,3.2760
1mq6,1mq6_777,4.780,2.0880
1mq6,1mq6_798,0.760,5.4580
1mq6,1mq6_805,1.470,5.6480
1mq6,1mq6_848,1.550,4.3160
1mq6,1mq6_854,5.030,3.1340
1mq6,1mq6_861,7.630,2.0320
1mq6,1mq6_914,2.770,4.5620
1mq6,1mq6_920,4.840,4.6500
1mq6,1mq6_931,4.710,2.9960
1mq6,1mq6_932,7.150,5.4130
1mq6,1mq6_933,5.250,4.4870
1mq6,1mq6_935,3.110,4.9510
1mq6,1mq6_951,3.720,0.7830
1mq6,1mq6_956,5.720,3.9610
1mq6,1mq6_961,4.510,3.4210
1mq6,1mq6_962,2.320,2.4070
1mq6,1mq6_967,7.620,4.9730
1mq6,1mq6_968,5.820,2.4530
1mq6,1mq6_969,3.690,1.5140
1mq6,1mq6_970,6.270,2.5610
1mq6,1mq6_974,3.610,3.7840
1mq6,1mq6_975,8.190,3.5490
1mq6,1mq6_882,2.060,1.0840
1mq6,1mq6_886,0.510,5.6090
1mq6,1mq6_889,1.860,3.3160
1mq6,1mq6_891,0.980,6.2290
1mq6,1mq6_902,1.630,4.7670
1mq6,1mq6_907,1.000,3.6070
1mq6,1mq6_909,0.970,6.1620
1mq6,1mq6_910,2.020,4.5880
1k1i,1k1i_97,1.960,8.4380
1lpg,1lpg_106,4.050,6.0690
1lpg,1lpg_122,8.160,5.7320
1lpg,1lpg_149,3.620,6.2450
1lpg,1lpg_16,5.160,4.7460
1lpg,1lpg_198,7.530,6.6510
1lpg,1lpg_212,1.610,4.1940
1lpg,1lpg_227,0.960,4.7630
1lpg,1lpg_925,3.730,6.2730
1lpg,1lpg_958,4.120,3.7740
1lpg,1lpg_972,2.850,5.3080
1lpg,1lpg_98,3.950,5.7350
1lpg,1lpg_994,2.450,5.5780
1mq6,1mq6_110,5.980,5.7090
1mq6,1mq6_126,9.580,4.1670
1mq6,1mq6_129,0.700,8.6000
1lpg,1lpg_619,6.300,-3.3450
1lpg,1lpg_623,5.560,-19.0100
1lpg,1lpg_639,8.180,-3.8790
1lpg,1lpg_642,8.430,-0.8210
1lpg,1lpg_645,6.050,-6.5170
1lpg,1lpg_646,9.140,-14.0730
1lpg,1lpg_656,8.190,-4.0010
1lpg,1lpg_665,8.670,-17.3150
1nc3,1nc3_681,6.370,-8.1170
1nc3,1nc3_688,3.000,-6.1510
1nc3,1nc3_692,2.370,-5.4830
1nc3,1nc3_695,6.050,-8.3620
1nc3,1nc3_696,5.140,-9.1910
1nc3,1nc3_698,6.150,-4.4940
1nc3,1nc3_699,6.370,-3.8060
1nc3,1nc3_735,1.020,7.2020
1lpg,1lpg_319,4.220,6.2560
1lpg,1lpg_320,5.240,5.4330
1lpg,1lpg_323,9.520,5.4280
1lpg,1lpg_327,6.190,4.7150
1lpg,1lpg_348,8.580,5.4110
1lpg,1lpg_398,3.270,6.9420
1lpg,1lpg_403,5.050,-26.0610
1lpg,1lpg_404,4.580,-9.3020
1lpg,1lpg_266,1.020,3.3510
1lpg,1lpg_273,2.750,0.8160
1lpg,1lpg_282,0.870,5.3940
1lpg,1lpg_285,0.760,5.7600
1lpg,1lpg_286,0.660,5.6540
1lpg,1lpg_290,1.370,3.5960
1lpg,1lpg_296,2.710,0.4130
1lpg,1lpg_311,6.160,6.5160
1lpg,1lpg_237,1.010,5.2120
1lpg,1lpg_239,3.470,3.5670
1lpg,1lpg_244,0.750,4.7890
1lpg,1lpg_249,5.160,3.8590
1lpg,1lpg_253,0.780,5.5620
1lpg,1lpg_254,0.740,2.5850
1lpg,1lpg_256,0.980,2.8100
1lpg,1lpg_262,1.620,4.9220
1lpg,1lpg_532,9.410,-1.1930
1lpg,1lpg_538,2.490,-4.3440
1lpg,1lpg_539,7.010,-11.5190
1lpg,1lpg_551,6.490,-3.7890
1lpg,1lpg_552,4.930,-2.4240
1lpg,1lpg_555,8.820,-6.9370
1lpg,1lpg_556,3.390,-14.2280
1lpg,1lpg_559,3.330,-14.7360
1lpg,1lpg_562,9.120,-4.2360
1lpg,1lpg_570,6.030,-12.1770
1lpg,1lpg_575,7.510,-1.0390
1lpg,1lpg_582,7.280,-2.4060
1lpg,1lpg_585,9.300,4.6000
1lpg,1lpg_589,2.120,-4.2240
1lpg,1lpg_599,9.970,-4.9710
1lpg,1lpg_61,3.540,5.1730
1lpg,1lpg_447,4.530,-6.3730
1lpg,1lpg_448,6.730,-7.7670
1lpg,1lpg_451,9.800,-14.3250
1lpg,1lpg_455,4.230,-19.3370
1lpg,1lpg_460,5.750,-14.0690
1lpg,1lpg_462,1.810,-20.3170
1lpg,1lpg_468,9.020,-11.7020
1lpg,1lpg_480,2.560,-25.8980
1lpg,1lpg_488,6.670,-6.1680
1lpg,1lpg_492,4.090,-14.1050
1lpg,1lpg_495,8.560,-9.4850
1lpg,1lpg_497,7.560,-9.6780
1lpg,1lpg_499,9.120,-19.5170
1lpg,1lpg_500,6.770,-18.2260
1lpg,1lpg_514,3.560,-10.2960
1lpg,1lpg_522,7.850,-0.1960
1lpg,1lpg_405,8.500,-10.6240
1lpg,1lpg_407,1.940,-29.5930
1lpg,1lpg_41,9.530,3.9860
1lpg,1lpg_412,7.140,-4.3620
1lpg,1lpg_420,2.240,-17.2070
1lpg,1lpg_434,1.890,-18.0290
1lpg,1lpg_441,2.170,-21.8660
1lpg,1lpg_444,4.440,-14.3370
1lpg,1lpg_670,7.840,-4.6070
1lpg,1lpg_678,5.870,-14.4710
1lpg,1lpg_679,7.820,-8.0290
1lpg,1lpg_687,8.390,-1.9000
1lpg,1lpg_695,6.000,-1.0260
1lpg,1lpg_703,0.750,4.3600
1lpg,1lpg_733,1.290,5.0430
1lpg,1lpg_734,0.960,1.3390
1lpg,1lpg_740,4.970,5.1050
1lpg,1lpg_75,7.460,5.7600
1lpg,1lpg_750,5.010,4.9890
1lpg,1lpg_751,6.000,5.6570
1lpg,1lpg_791,3.000,2.4020
1lpg,1lpg_86,1.860,6.9520
1lpg,1lpg_866,6.180,3.8650
1lpg,1lpg_885,3.860,4.1130
1o0h,1o0h_109,9.410,3.7410
1o0h,1o0h_121,9.340,3.2290
1o0h,1o0h_122,4.920,3.7370
1o0h,1o0h_133,6.140,3.3230
1o0h,1o0h_146,5.080,3.6100
1o0h,1o0h_150,2.980,2.6180
1o0h,1o0h_153,5.770,2.4160
1o0h,1o0h_168,1.860,4.9900
1o0h,1o0h_233,9.590,4.2860
1o0h,1o0h_251,3.670,-1.5930
1o0h,1o0h_253,1.140,3.8510
1o0h,1o0h_254,0.730,4.4560
1o0h,1o0h_263,1.810,-0.4790
1o0h,1o0h_272,0.770,5.5070
1o0h,1o0h_280,9.650,0.9570
1o0h,1o0h_281,1.910,3.6380
1o0h,1o0h_172,8.690,4.0570
1o0h,1o0h_178,7.360,3.3450
1o0h,1o0h_187,8.390,3.2070
1o0h,1o0h_194,6.980,4.4260
1o0h,1o0h_203,6.990,0.3940
1o0h,1o0h_208,9.900,1.7330
1o0h,1o0h_209,7.230,-1.3190
1o0h,1o0h_217,8.960,3.1090
1nc3,1nc3_807,0.800,8.4350
1nc3,1nc3_814,0.680,8.1310
1nc3,1nc3_895,0.500,8.4770
1nc3,1nc3_940,0.680,7.7700
1nvq,1nvq_402,2.650,-8.6110
1nvq,1nvq_405,0.920,9.7190
1nvq,1nvq_410,4.940,-6.9340
1nvq,1nvq_412,0.870,6.9580
1o0h,1o0h_284,0.390,5.2500
1o0h,1o0h_292,2.280,1.6790
1o0h,1o0h_313,6.710,4.9320
1o0h,1o0h_353,0.920,6.3470
1o0h,1o0h_374,9.030,5.2640
1o0h,1o0h_40,7.450,4.9070
1o0h,1o0h_418,9.120,-4.9360
1o0h,1o0h_419,5.810,-8.3330
1o0h,1o0h_431,8.470,-4.1470
1o0h,1o0h_436,6.820,2.2710
1o0h,1o0h_439,4.280,-11.3780
1o0h,1o0h_450,8.630,-10.3160
1o0h,1o0h_457,8.210,-21.5480
1o0h,1o0h_459,7.050,0.1020
1o0h,1o0h_463,6.250,-0.4010
1o0h,1o0h_466,8.110,-10.5530
1o0h,1o0h_472,8.120,-10.5110
1o0h,1o0h_474,7.840,-4.4950
1o0h,1o0h_482,7.580,-10.7020
1o0h,1o0h_488,6.840,-18.0640
1o0h,1o0h_502,2.410,-7.6880
1o0h,1o0h_507,4.010,-3.5480
1o0h,1o0h_511,2.030,3.9930
1o0h,1o0h_514,5.640,-1.6660
1o5b,1o5b_764,7.570,1.8760
1o5b,1o5b_765,6.240,2.4260
1o5b,1o5b_79,3.060,3.0240
1o5b,1o5b_807,6.230,1.8110
1o5b,1o5b_813,6.650,2.6670
1o5b,1o5b_827,8.730,0.5170
1o5b,1o5b_832,6.490,1.5680
1o5b,1o5b_836,7.400,2.7400
1o5b,1o5b_396,0.560,6.0350
1o5b,1o5b_400,0.410,6.0070
1o5b,1o5b_406,4.780,-0.0450
1o5b,1o5b_413,1.930,-3.3690
1o5b,1o5b_419,1.200,0.4150
1o5b,1o5b_421,0.750,3.7370
1o5b,1o5b_423,0.920,2.2810
1o5b,1o5b_432,1.270,2.6230
1o5b,1o5b_744,3.000,3.2640
1o5b,1o5b_747,8.150,-0.6820
1o5b,1o5b_750,8.420,0.9120
1o5b,1o5b_751,8.770,0.7710
1o5b,1o5b_755,8.280,1.2260
1o5b,1o5b_756,6.410,2.4360
1o5b,1o5b_760,8.310,1.8830
1o5b,1o5b_762,6.060,2.3890
1o5b,1o5b_844,7.690,2.6420
1o5b,1o5b_857,7.500,2.6240
1o5b,1o5b_860,7.550,2.5680
1o5b,1o5b_865,8.010,-0.1150
1o5b,1o5b_892,3.570,0.6220
1o5b,1o5b_903,5.480,2.8900
1o5b,1o5b_911,4.760,-1.2390
1o5b,1o5b_936,5.670,3.3890
1o5b,1o5b_723,8.050,1.8530
1o5b,1o5b_724,3.020,4.0080
1o5b,1o5b_725,7.380,1.3640
1o5b,1o5b_726,8.420,0.7300
1o5b,1o5b_731,7.020,1.2580
1o5b,1o5b_732,7.000,1.2220
1o5b,1o5b_739,6.440,2.5950
1o5b,1o5b_740,8.280,2.1550
1o5b,1o5b_529,6.620,3.6830
1o5b,1o5b_534,4.200,3.3290
1o5b,1o5b_535,5.140,1.1470
1o5b,1o5b_539,3.410,4.3410
1o5b,1o5b_548,5.410,3.5990
1o5b,1o5b_552,6.920,1.6850
1o5b,1o5b_554,2.660,0.6300
1o5b,1o5b_561,5.170,-2.7220
1o5b,1o5b_441,2.210,0.9040
1o5b,1o5b_445,4.550,0.5100
1o5b,1o5b_446,2.150,-3.4690
1o5b,1o5b_454,1.250,0.9210
1o5b,1o5b_461,1.310,1.8170
1o5b,1o5b_468,0.910,4.7320
1o5b,1o5b_472,1.060,-1.8840
1o5b,1o5b_474,4.400,-6.5730
1o5b,1o5b_483,0.840,2.4150
1o5b,1o5b_489,4.940,0.7760
1o5b,1o5b_490,2.150,-7.2910
1o5b,1o5b_497,4.740,3.7270
1o5b,1o5b_505,4.810,-3.2500
1o5b,1o5b_508,1.060,0.6220
1o5b,1o5b_511,5.380,4.1250
1o5b,1o5b_512,3.930,-0.3350
1o5b,1o5b_572,5.260,1.0750
1o5b,1o5b_579,4.940,1.2140
1o5b,1o5b_584,3.650,-0.9400
1o5b,1o5b_592,7.140,-2.4930
1o5b,1o5b_595,5.220,0.0920
1o5b,1o5b_625,1.770,1.5480
1o5b,1o5b_628,5.140,-2.3210
1o5b,1o5b_638,1.430,-0.7480
1o5b,1o5b_653,2.490,-1.1770
1o5b,1o5b_654,3.400,-2.8170
1o5b,1o5b_663,2.160,-6.9820
1o5b,1o5b_664,1.120,-0.4410
1o5b,1o5b_665,0.910,-6.1500
1o5b,1o5b_681,2.320,-1.4750
1o5b,1o5b_699,4.100,-0.6730
1o5b,1o5b_722,5.790,3.2580
1o0h,1o0h_524,2.550,-4.3940
1o0h,1o0h_526,4.590,-6.1060
1o0h,1o0h_530,5.230,2.4630
1o0h,1o0h_531,3.950,-0.4550
1o0h,1o0h_532,4.350,-5.0410
1o0h,1o0h_536,7.450,0.1740
1o0h,1o0h_539,3.220,-9.0370
1o0h,1o0h_541,1.920,-5.2870
1o3f,1o3f_931,0.830,7.7220
1o3f,1o3f_94,2.020,0.5520
1o5b,1o5b_19,0.830,3.5710
1o5b,1o5b_200,3.890,4.3740
1o5b,1o5b_253,2.110,-1.5330
1o5b,1o5b_256,2.990,0.1250
1o5b,1o5b_272,0.760,2.6320
1o5b,1o5b_329,0.600,5.5440
1o0h,1o0h_549,3.600,-0.7270
1o0h,1o0h_551,8.660,-3.5080
1o0h,1o0h_563,7.560,-5.7390
1o0h,1o0h_564,2.050,-6.6840
1o0h,1o0h_565,6.110,0.0020
1o0h,1o0h_576,6.290,-3.0330
1o0h,1o0h_586,9.660,-7.1980
1o0h,1o0h_594,7.080,-6.1850
1o3f,1o3f_148,9.040,5.9430
1o3f,1o3f_152,8.480,5.8680
1o3f,1o3f_162,9.550,6.4030
1o3f,1o3f_163,9.610,6.4270
1o3f,1o3f_168,8.840,6.0080
1o3f,1o3f_173,9.460,4.1810
1o3f,1o3f_175,9.620,6.6660
1o3f,1o3f_185,9.830,6.5400
1o0h,1o0h_670,7.300,-9.0130
1o0h,1o0h_680,4.280,-3.7530
1o0h,1o0h_684,3.560,-12.5940
1o0h,1o0h_690,5.770,-9.0090
1o0h,1o0h_691,3.820,-3.9540
1o0h,1o0h_692,5.750,1.3330
1o0h,1o0h_78,0.600,5.8380
1o0h,1o0h_786,5.740,1.5510
1o0h,1o0h_595,3.200,1.9430
1o0h,1o0h_599,1.550,-3.2200
1o0h,1o0h_600,1.290,2.9810
1o0h,1o0h_603,2.490,-5.4380
1o0h,1o0h_606,3.320,-4.1610
1o0h,1o0h_617,4.150,-7.2060
1o0h,1o0h_618,5.620,-8.1070
1o0h,1o0h_624,5.660,-5.5040
1o0h,1o0h_918,0.930,2.0280
1o0h,1o0h_956,1.140,3.3330
1o0h,1o0h_968,0.850,3.3550
1o3f,1o3f_112,9.540,7.9640
1o3f,1o3f_125,8.830,5.9110
1o3f,1o3f_126,9.140,5.7780
1o3f,1o3f_144,9.510,6.9920
1o3f,1o3f_145,8.710,6.0560
1o3f,1o3f_191,9.050,1.8860
1o3f,1o3f_242,2.220,0.4160
1o3f,1o3f_246,1.820,2.2620
1o3f,1o3f_247,3.800,2.3850
1o3f,1o3f_257,4.020,5.1870
1o3f,1o3f_265,1.420,3.5900
1o3f,1o3f_372,0.490,8.4880
1o3f,1o3f_407,2.350,-5.1230
1nvq,1nvq_778,8.660,4.3630
1nvq,1nvq_783,3.310,0.6770
1nvq,1nvq_867,0.780,12.3200
1nvq,1nvq_871,0.850,10.3020
1nvq,1nvq_885,6.240,4.5650
1nvq,1nvq_927,0.400,13.1820
1nvq,1nvq_940,0.240,13.3930
1o0h,1o0h_105,8.880,3.0640
1o0h,1o0h_789,5.000,2.5580
1o0h,1o0h_794,4.330,1.7240
1o0h,1o0h_821,0.670,2.7250
1o0h,1o0h_876,0.580,2.2530
1o0h,1o0h_879,2.660,3.2040
1o0h,1o0h_89,9.130,5.6770
1o0h,1o0h_909,1.600,4.3510
1o0h,1o0h_915,0.910,1.7980
1o0h,1o0h_628,4.830,-3.8990
1o0h,1o0h_631,1.870,-6.1770
1o0h,1o0h_637,2.560,-3.1810
1o0h,1o0h_639,9.010,-6.0090
1o0h,1o0h_646,3.800,-3.9920
1o0h,1o0h_647,2.330,-2.2400
1o0h,1o0h_658,6.620,2.2690
1o0h,1o0h_665,3.280,2.0110
1o5b,1o5b_943,7.670,2.5350
1o5b,1o5b_957,3.660,2.4920
1o5b,1o5b_959,7.510,2.6840
1o5b,1o5b_963,3.830,2.1580
1owh,1owh_159,2.110,-58.4980
1owh,1owh_174,6.600,6.4320
1owh,1owh_187,6.570,5.8890
1owh,1owh_210,0.900,4.6560
1nvq,1nvq_564,6.390,4.3040
1nvq,1nvq_566,3.020,2.8230
1nvq,1nvq_573,6.220,-3.4990
1nvq,1nvq_583,4.990,0.2300
1nvq,1nvq_588,4.220,3.3460
1nvq,1nvq_600,2.260,-15.6640
1nvq,1nvq_605,2.100,4.4170
1nvq,1nvq_606,1.660,-18.5640
1nvq,1nvq_513,5.760,4.6970
1nvq,1nvq_522,6.060,5.5580
1nvq,1nvq_524,1.680,7.7190
1nvq,1nvq_543,4.530,4.3430
1nvq,1nvq_548,3.460,3.4640
1nvq,1nvq_553,2.460,4.4860
1nvq,1nvq_555,3.450,1.0300
1nvq,1nvq_559,1.800,6.6720
1nvq,1nvq_424,3.100,-19.9700
1nvq,1nvq_427,5.010,-3.9380
1nvq,1nvq_431,5.470,-17.8620
1nvq,1nvq_439,5.810,-11.8840
1nvq,1nvq_444,4.850,-12.9740
1nvq,1nvq_446,1.500,-1.0580
1nvq,1nvq_451,4.210,-17.7200
1nvq,1nvq_461,1.900,-13.6550
1nvq,1nvq_710,0.210,12.9990
1nvq,1nvq_723,0.870,12.0790
1nvq,1nvq_731,1.160,11.1940
1nvq,1nvq_738,0.460,11.0190
1nvq,1nvq_740,1.910,6.4180
1nvq,1nvq_742,4.100,8.7730
1nvq,1nvq_743,3.930,7.9880
1nvq,1nvq_745,2.850,6.7630
1nvq,1nvq_766,8.470,3.1680
1nvq,1nvq_767,5.200,4.7320
1nvq,1nvq_770,6.930,-0.0200
1nvq,1nvq_771,2.980,0.8160
1nvq,1nvq_772,9.870,3.7550
1nvq,1nvq_775,7.560,2.0290
1nvq,1nvq_776,6.980,-1.1180
1nvq,1nvq_777,5.450,1.4760
1o3f,1o3f_464,4.940,1.0870
1o3f,1o3f_472,5.710,0.9340
1o3f,1o3f_482,2.400,-0.1800
1o3f,1o3f_485,0.980,2.8710
1o3f,1o3f_489,3.500,-6.8740
1o3f,1o3f_490,5.180,-9.8400
1o3f,1o3f_494,3.190,0.4770
1o3f,1o3f_495,2.720,5.0610
1nvq,1nvq_746,4.020,7.7670
1nvq,1nvq_747,5.850,4.3880
1nvq,1nvq_752,3.700,7.4580
1nvq,1nvq_759,6.530,5.6010
1nvq,1nvq_760,6.540,5.4570
1nvq,1nvq_761,6.520,5.6040
1nvq,1nvq_762,6.440,5.2820
1nvq,1nvq_765,8.840,5.0530
1o3f,1o3f_417,1.990,-2.0940
1o3f,1o3f_423,4.970,3.8880
1o3f,1o3f_445,6.020,1.6300
1o3f,1o3f_446,2.260,-3.5830
1o3f,1o3f_449,4.960,-8.2040
1o3f,1o3f_458,0.790,5.7180
1o3f,1o3f_460,2.670,-2.4410
1o3f,1o3f_463,5.230,-1.2840
1o3f,1o3f_498,2.120,-1.6520
1o3f,1o3f_501,0.990,2.6740
1o3f,1o3f_503,0.650,2.1390
1o3f,1o3f_504,0.940,6.2170
1o3f,1o3f_506,1.100,3.9600
1o3f,1o3f_507,3.680,4.6450
1o3f,1o3f_526,3.230,-1.6390
1o3f,1o3f_530,3.370,3.1520
1o3f,1o3f_538,0.750,3.6040
1o3f,1o3f_547,6.470,2.4250
1o3f,1o3f_558,5.410,3.7580
1o3f,1o3f_563,5.230,2.5700
1o3f,1o3f_566,5.180,-5.7490
1o3f,1o3f_572,1.580,0.4590
1o3f,1o3f_582,5.990,-0.9670
1o3f,1o3f_588,5.410,-13.8430
1nvq,1nvq_464,5.240,-8.1920
1nvq,1nvq_473,2.090,-14.6690
1nvq,1nvq_477,1.350,-7.8180
1nvq,1nvq_481,5.400,-17.4300
1nvq,1nvq_490,4.510,-3.8360
1nvq,1nvq_491,2.120,-21.7670
1nvq,1nvq_498,3.020,2.1970
1nvq,1nvq_500,3.230,-9.7430
1nvq,1nvq_632,1.120,3.4890
1nvq,1nvq_634,2.820,-6.7830
1nvq,1nvq_672,1.230,-5.5090
1nvq,1nvq_674,2.390,-8.6890
1nvq,1nvq_687,3.580,1.4560
1nvq,1nvq_689,4.660,-3.6600
1nvq,1nvq_692,5.500,-4.8840
1nvq,1nvq_708,0.730,12.2500
1o3f,1o3f_672,3.410,-1.8340
1o3f,1o3f_690,3.500,0.3010
1o3f,1o3f_693,6.100,1.9470
1o3f,1o3f_696,2.280,-1.8550
1o3f,1o3f_700,3.790,-8.8630
1o3f,1o3f_752,0.660,6.6900
1o3f,1o3f_798,1.570,6.8990
1o3f,1o3f_910,0.580,7.2090
1o3f,1o3f_591,3.960,0.6570
1o3f,1o3f_595,5.540,5.2700
1o3f,1o3f_598,5.780,4.6480
1o3f,1o3f_624,1.420,4.2820
1o3f,1o3f_64,2.000,-0.4220
1o3f,1o3f_668,2.000,2.9520
1o3f,1o3f_669,2.320,-3.6470
1o3f,1o3f_670,1.260,1.9350
1p1n,1p1n_425,2.800,3.4180
1p1n,1p1n_433,3.080,-11.1090
1p1n,1p1n_462,2.820,1.1800
1p1n,1p1n_465,1.700,5.2110
1p1n,1p1n_482,0.970,3.3430
1p1n,1p1n_489,3.260,3.6780
1p1n,1p1n_493,1.680,5.6710
1p1n,1p1n_500,3.260,1.4190
1p1n,1p1n_530,1.980,0.2100
1p1n,1p1n_548,2.960,-1.0130
1p1n,1p1n_550,2.530,-2.5970
1p1n,1p1n_562,2.930,-1.2730
1p1n,1p1n_569,1.680,2.2090
1p1n,1p1n_574,2.070,-2.3020
1p1n,1p1n_586,2.600,-0.1910
1p1n,1p1n_606,2.090,-3.1350
1p1n,1p1n_785,4.040,3.1480
1p1n,1p1n_825,0.770,6.5360
1p1n,1p1n_883,3.120,2.7280
1p1n,1p1n_892,3.460,4.2750
1p1n,1p1n_9,1.030,7.5610
1p1n,1p1n_917,1.360,5.0900
1p1n,1p1n_928,0.790,5.7550
1p1n,1p1n_971,0.880,5.6120
1p1n,1p1n_646,2.190,-4.9400
1p1n,1p1n_650,3.040,-0.9620
1p1n,1p1n_660,1.690,-3.1490
1p1n,1p1n_668,2.690,1.5780
1p1n,1p1n_675,3.770,1.9890
1p1n,1p1n_685,3.130,0.9220
1p1n,1p1n_687,3.750,2.7470
1p1n,1p1n_699,1.660,-3.0020
1p1n,1p1n_708,0.440,5.9810
1p1n,1p1n_712,0.930,6.3470
1p1n,1p1n_73,0.610,7.7880
1p1n,1p1n_733,5.570,3.6810
1p1n,1p1n_757,3.180,3.3260
1p1n,1p1n_765,4.250,4.6890
1p1n,1p1n_78,0.990,7.8570
1p1n,1p1n_780,1.680,-0.3760
1p1q,1p1q_358,2.370,5.8700
1p1q,1p1q_394,0.860,6.3740
1p1q,1p1q_411,1.380,3.6430
1p1q,1p1q_412,0.890,1.8460
1p1q,1p1q_544,2.130,-2.0580
1p1q,1p1q_559,1.210,-0.6200
1p1q,1p1q_560,0.980,-2.0880
1p1q,1p1q_570,1.570,-1.1950
1p1q,1p1q_121,0.710,5.4030
1p1q,1p1q_134,2.260,6.6050
1p1q,1p1q_169,0.750,4.8780
1p1q,1p1q_202,1.830,3.2610
1p1q,1p1q_239,0.590,2.3530
1p1q,1p1q_255,0.710,1.8300
1p1q,1p1q_317,2.010,5.9820
1p1q,1p1q_357,0.600,6.0920
1p1q,1p1q_574,4.230,1.0920
1p1q,1p1q_578,4.410,0.6150
1p1q,1p1q_596,4.120,0.4930
1p1q,1p1q_603,2.320,4.1520
1p1q,1p1q_604,2.280,2.0890
1p1q,1p1q_614,1.760,2.7120
1p1q,1p1q_636,1.750,0.6980
1p1q,1p1q_640,4.120,-8.3670
1p1q,1p1q_644,2.450,3.6330
1p1q,1p1q_646,1.970,2.8030
1p1q,1p1q_664,2.660,-2.1020
1p1q,1p1q_677,3.360,-1.7710
1p1q,1p1q_698,4.150,4.3800
1p1q,1p1q_713,2.000,5.4960
1p1q,1p1q_729,1.940,2.0990
1p1q,1p1q_736,3.500,2.1710
1p1q,1p1q_740,3.020,2.3390
1p1q,1p1q_746,3.830,3.4680
1p1q,1p1q_751,3.980,3.5600
1p1q,1p1q_759,4.320,0.6710
1p1q,1p1q_773,4.300,3.3790
1p1q,1p1q_779,3.670,2.0980
1p1q,1p1q_785,4.200,2.7360
1p1q,1p1q_789,3.790,2.5010
1owh,1owh_213,3.340,0.8010
1owh,1owh_216,2.070,4.8830
1owh,1owh_217,2.210,2.1900
1owh,1owh_225,3.050,-0.1310
1owh,1owh_227,4.090,-0.0160
1owh,1owh_229,6.980,3.0390
1owh,1owh_232,2.550,3.3620
1owh,1owh_234,2.000,3.9810
1owh,1owh_280,6.840,3.7540
1owh,1owh_283,3.890,-1.7240
1owh,1owh_285,6.930,3.4830
1owh,1owh_289,1.600,-1.8840
1owh,1owh_291,1.210,4.8130
1owh,1owh_3,0.660,7.2260
1owh,1owh_307,0.530,7.7920
1owh,1owh_391,0.260,7.4280
1owh,1owh_431,2.930,2.6480
1owh,1owh_458,7.930,-0.2940
1owh,1owh_470,7.280,-3.0560
1owh,1owh_492,3.160,3.0200
1owh,1owh_509,6.260,2.2390
1owh,1owh_512,7.500,3.2000
1owh,1owh_514,3.930,1.4710
1owh,1owh_519,5.530,2.4500
1p1q,1p1q_794,3.070,1.8300
1p1q,1p1q_848,1.220,1.3090
1p1q,1p1q_85,0.650,2.3670
1p1q,1p1q_853,0.450,3.2070
1p1q,1p1q_860,2.660,4.8820
1p1q,1p1q_872,4.410,3.5660
1p1q,1p1q_890,4.300,3.3800
1p1q,1p1q_892,3.600,0.7590
1owh,1owh_245,2.800,5.7920
1owh,1owh_253,4.060,0.4440
1owh,1owh_255,3.610,0.3750
1owh,1owh_258,6.850,6.1590
1owh,1owh_260,4.020,-2.2460
1owh,1owh_265,1.380,3.3040
1owh,1owh_266,4.020,-2.1080
1owh,1owh_269,6.770,2.8490
1owh,1owh_523,5.890,-7.3570
1owh,1owh_528,5.970,0.2150
1owh,1owh_529,6.330,-2.9790
1owh,1owh_530,8.100,1.7430
1owh,1owh_532,0.900,2.7790
1owh,1owh_535,5.320,0.5940
1owh,1owh_538,3.800,3.8900
1owh,1owh_540,0.580,3.7580
1owh,1owh_550,6.280,1.1160
1owh,1owh_553,8.390,3.6510
1owh,1owh_562,8.350,4.0280
1owh,1owh_573,7.630,3.4480
1owh,1owh_595,8.030,1.6110
1owh,1owh_607,1.740,0.8740
1owh,1owh_610,4.310,-5.4340
1owh,1owh_614,1.000,2.2850
1owh,1owh_782,5.630,3.6200
1owh,1owh_786,8.410,0.0530
1owh,1owh_787,2.330,2.7260
1owh,1owh_788,3.230,3.8790
1owh,1owh_789,8.160,3.2130
1owh,1owh_795,8.700,1.9420
1owh,1owh_797,9.450,1.4030
1owh,1owh_798,9.810,1.2400
1owh,1owh_739,3.110,2.6870
1owh,1owh_745,8.060,0.7630
1owh,1owh_749,4.930,-0.1950
1owh,1owh_750,4.590,0.3630
1owh,1owh_756,7.850,2.6760
1owh,1owh_757,7.790,3.4720
1owh,1owh_760,8.780,1.8940
1owh,1owh_762,4.900,-1.3290
1p1q,1p1q_897,3.060,5.1720
1p1q,1p1q_975,2.760,5.1480
1ps3,1ps3_161,0.280,7.2160
1ps3,1ps3_251,0.680,5.6110
1ps3,1ps3_350,0.570,1.5310
1ps3,1ps3_408,0.910,-4.2460
1ps3,1ps3_414,4.140,-16.7240
1ps3,1ps3_424,1.770,-5.5750
1owh,1owh_764,5.000,0.9510
1owh,1owh_767,8.740,3.0110
1owh,1owh_771,5.700,4.3130
1owh,1owh_773,2.010,5.3620
1owh,1owh_774,5.700,4.4540
1owh,1owh_778,2.760,3.5680
1owh,1owh_779,5.800,4.0790
1owh,1owh_780,5.790,4.3330
1owh,1owh_629,7.350,0.5170
1owh,1owh_639,3.510,-2.5060
1owh,1owh_641,1.720,-0.2560
1owh,1owh_648,2.150,-0.6200
1owh,1owh_673,7.320,0.2290
1owh,1owh_681,7.500,-0.9870
1owh,1owh_701,0.590,5.5960
1owh,1owh_737,4.080,5.0500
1owh,1owh_894,1.060,5.7960
1owh,1owh_917,7.240,2.6580
1owh,1owh_921,1.360,5.3670
1owh,1owh_935,0.970,5.3010
1owh,1owh_938,0.850,4.7730
1owh,1owh_977,1.460,4.2000
1owh,1owh_990,1.750,3.5180
1oyt,1oyt_24,6.380,5.9910
1oyt,1oyt_843,2.970,3.8340
1oyt,1oyt_853,5.850,2.5170
1oyt,1oyt_91,0.810,8.6050
1oyt,1oyt_915,0.520,8.4400
1oyt,1oyt_947,0.620,8.9890
1p1n,1p1n_116,0.630,7.0340
1p1n,1p1n_216,1.130,5.8650
1p1n,1p1n_333,0.640,7.2540
1ps3,1ps3_437,2.980,-12.2840
1ps3,1ps3_438,2.760,-3.2720
1ps3,1ps3_449,1.630,-0.1040
1ps3,1ps3_468,2.880,-6.3570
1ps3,1ps3_474,3.180,-11.5890
1ps3,1ps3_500,1.420,3.3240
1ps3,1ps3_510,3.630,-2.0990
1ps3,1ps3_518,3.070,-7.5990
1ps3,1ps3_548,0.890,-2.1790
1ps3,1ps3_551,4.370,-5.9390
1ps3,1ps3_596,3.230,-2.2400
1ps3,1ps3_600,4.260,1.1480
1ps3,1ps3_607,5.980,2.0720
1ps3,1ps3_612,4.030,2.1360
1ps3,1ps3_627,4.090,1.9250
1ps3,1ps3_635,4.850,0.7430
1ps3,1ps3_641,5.830,3.5260
1ps3,1ps3_662,4.080,-1.3150
1ps3,1ps3_664,4.360,-3.9170
1ps3,1ps3_684,6.660,-0.1290
1ps3,1ps3_696,4.270,-1.5480
1ps3,1ps3_707,0.980,4.6820
1ps3,1ps3_730,3.050,4.0300
1ps3,1ps3_734,0.860,5.3460
1ps3,1ps3_736,0.850,4.7630
1ps3,1ps3_739,1.850,2.0450
1ps3,1ps3_744,3.910,3.8620
1ps3,1ps3_748,1.970,4.4120
1ps3,1ps3_753,2.170,5.0510
1ps3,1ps3_760,2.600,2.7490
1ps3,1ps3_764,3.750,1.0760
1ps3,1ps3_767,2.880,5.3570
1ps3,1ps3_771,3.460,0.7700
1ps3,1ps3_778,3.100,-7.2710
1ps3,1ps3_782,2.850,-4.0990
1ps3,1ps3_783,1.150,-1.8790
1ps3,1ps3_785,1.540,-1.1300
1ps3,1ps3_786,2.950,-2.7470
1ps3,1ps3_790,4.200,0.7350
1ps3,1ps3_793,3.110,0.9630
1ps3,1ps3_854,1.650,3.6030
1ps3,1ps3_886,2.960,2.4810
1ps3,1ps3_896,1.480,4.7420
1ps3,1ps3_943,0.440,6.4110
1ps3,1ps3_968,0.660,5.0200
1ps3,1ps3_985,1.090,2.3720
1ps3,1ps3_994,2.520,4.6540
1pxn,1pxn_167,0.880,8.0170
1oyt,1oyt_401,3.980,-4.1210
1oyt,1oyt_405,2.990,1.6490
1oyt,1oyt_412,6.920,-5.1980
1oyt,1oyt_414,3.230,0.2110
1oyt,1oyt_423,6.060,-6.8280
1oyt,1oyt_425,4.810,-10.5660
1oyt,1oyt_437,4.840,-7.2910
1oyt,1oyt_448,2.700,-1.6100
1oyt,1oyt_449,4.120,-10.7030
1oyt,1oyt_451,5.990,-8.9250
1oyt,1oyt_454,3.500,5.6820
1oyt,1oyt_455,2.280,1.8500
1oyt,1oyt_463,6.510,-15.5660
1oyt,1oyt_468,6.970,-0.8800
1oyt,1oyt_475,3.640,-17.3210
1oyt,1oyt_477,7.050,-13.9680
1oyt,1oyt_524,1.240,2.3450
1oyt,1oyt_527,7.280,-5.0770
1oyt,1oyt_529,1.260,-6.7360
1oyt,1oyt_530,5.050,5.0930
1oyt,1oyt_542,4.630,3.3610
1oyt,1oyt_551,7.040,2.1290
1oyt,1oyt_553,2.980,1.2580
1oyt,1oyt_558,1.500,-1.5920
1oyt,1oyt_559,9.360,2.7300
1oyt,1oyt_561,1.160,-3.6210
1oyt,1oyt_564,5.260,0.8740
1oyt,1oyt_569,5.070,2.7120
1oyt,1oyt_572,7.070,-12.2380
1oyt,1oyt_575,2.320,5.8670
1oyt,1oyt_582,3.090,-0.3770
1oyt,1oyt_586,1.450,1.8230
1pxn,1pxn_257,0.590,7.1190
1pxn,1pxn_266,0.440,7.8730
1pxn,1pxn_269,7.910,3.8590
1pxn,1pxn_270,0.680,8.4080
1pxn,1pxn_272,4.970,4.4160
1pxn,1pxn_285,0.520,7.9130
1pxn,1pxn_288,1.720,6.9370
1pxn,1pxn_308,5.160,-84.9800
1oyt,1oyt_481,0.860,3.7140
1oyt,1oyt_484,3.600,-13.2410
1oyt,1oyt_493,2.600,-10.5540
1oyt,1oyt_505,0.970,2.0360
1oyt,1oyt_506,0.990,1.9240
1oyt,1oyt_507,1.130,5.9480
1oyt,1oyt_513,0.910,4.7170
1oyt,1oyt_521,3.130,2.4180
1oyt,1oyt_639,1.850,-5.7030
1oyt,1oyt_64,0.530,9.7780
1oyt,1oyt_644,6.000,-5.8270
1oyt,1oyt_647,5.230,4.8840
1oyt,1oyt_651,6.670,0.2270
1oyt,1oyt_658,7.080,-0.0260
1oyt,1oyt_663,3.990,-1.8580
1oyt,1oyt_674,6.420,1.5320
1oyt,1oyt_59,0.510,9.5980
1oyt,1oyt_599,5.760,6.1100
1oyt,1oyt_603,6.560,-3.0780
1oyt,1oyt_612,7.030,2.3450
1oyt,1oyt_621,4.090,-6.6600
1oyt,1oyt_623,4.610,-0.5860
1oyt,1oyt_627,1.560,-2.1380
1oyt,1oyt_637,6.320,0.0640
1pxn,1pxn_197,0.770,8.2260
1pxn,1pxn_211,5.060,4.5200
1pxn,1pxn_225,1.050,8.9180
1pxn,1pxn_228,7.250,4.6880
1pxn,1pxn_236,0.840,7.4130
1pxn,1pxn_240,1.010,8.6200
1pxn,1pxn_246,0.750,8.6000
1pxn,1pxn_256,4.710,6.3050
1pxn,1pxn_402,1.490,2.4090
1pxn,1pxn_409,3.630,2.9380
1pxn,1pxn_414,2.120,1.3810
1pxn,1pxn_416,6.590,3.6370
1pxn,1pxn_422,1.480,-0.1180
1pxn,1pxn_428,6.440,0.4540
1pxn,1pxn_437,2.070,2.4360
1pxn,1pxn_441,1.600,2.2900
1pxn,1pxn_445,2.440,-2.4560
1pxn,1pxn_458,3.220,-2.8980
1pxn,1pxn_467,1.910,-2.0390
1pxn,1pxn_468,4.010,2.6790
1pxn,1pxn_471,2.320,-0.1560
1pxn,1pxn_472,2.430,-2.4290
1pxn,1pxn_477,3.590,-2.4000
1pxn,1pxn_483,4.140,-1.5180
1pxn,1pxn_546,6.020,1.0820
1pxn,1pxn_550,5.770,4.2550
1pxn,1pxn_557,5.160,-0.9670
1pxn,1pxn_558,2.950,0.4030
1pxn,1pxn_560,4.210,-4.8330
1pxn,1pxn_565,7.570,-7.1580
1pxn,1pxn_566,7.670,-1.5810
1pxn,1pxn_572,3.680,-4.1030
1pxn,1pxn_514,2.620,-1.0610
1pxn,1pxn_518,7.760,1.1530
1pxn,1pxn_523,7.980,-0.7570
1pxn,1pxn_532,5.500,-2.2880
1pxn,1pxn_534,3.720,2.0910
1pxn,1pxn_536,8.470,-7.1780
1pxn,1pxn_539,3.220,-3.6390
1pxn,1pxn_545,6.620,-1.9790
1pxn,1pxn_488,8.180,-0.3440
1pxn,1pxn_489,3.870,-1.8420
1pxn,1pxn_490,3.810,0.0690
1pxn,1pxn_500,5.580,-1.2110
1pxn,1pxn_504,7.580,4.7570
1pxn,1pxn_507,6.420,1.0030
1pxn,1pxn_509,8.870,1.5440
1pxn,1pxn_513,4.580,-0.0910
1oyt,1oyt_675,5.950,-5.8920
1oyt,1oyt_679,1.530,-3.9210
1oyt,1oyt_680,2.010,-3.2330
1oyt,1oyt_684,4.470,-9.7670
1oyt,1oyt_690,3.270,-2.3720
1oyt,1oyt_691,7.070,-5.7020
1oyt,1oyt_692,2.420,-2.8330
1oyt,1oyt_696,6.700,-2.0890
1oyt,1oyt_711,0.400,9.4110
1oyt,1oyt_749,4.540,6.3080
1oyt,1oyt_789,3.140,7.6780
1oyt,1oyt_800,1.680,6.2690
1oyt,1oyt_801,2.100,3.2740
1oyt,1oyt_806,4.660,5.4750
1oyt,1oyt_838,4.730,3.1230
1oyt,1oyt_842,5.230,2.9390
1pxn,1pxn_578,4.270,3.1400
1pxn,1pxn_589,5.180,-3.6750
1pxn,1pxn_593,6.660,0.6670
1pxn,1pxn_594,8.200,-8.7150
1pxn,1pxn_599,6.140,2.6520
1pxn,1pxn_600,2.740,2.9730
1pxn,1pxn_608,3.900,-3.3010
1pxn,1pxn_609,8.250,2.5360
1pxn,1pxn_626,5.890,-3.1050
1pxn,1pxn_632,6.700,0.6720
1pxn,1pxn_638,4.460,-4.3250
1pxn,1pxn_645,8.880,-1.6250
1pxn,1pxn_646,6.540,-1.1710
1pxn,1pxn_647,8.700,-0.2140
1pxn,1pxn_649,6.110,2.2360
1pxn,1pxn_652,5.050,-8.9660
1pxn,1pxn_945,1.020,8.2920
1pxn,1pxn_96,0.510,8.0470
1q8t,1q8t_142,0.720,6.6180
1q8t,1q8t_151,0.980,7.1460
1q8t,1q8t_152,0.820,6.9610
1q8t,1q8t_262,0.870,7.0280
1q8t,1q8t_281,0.950,6.7260
1q8t,1q8t_411,1.860,-1.3540
1q8t,1q8t_450,7.820,4.9100
1q8t,1q8t_459,1.910,3.3130
1q8t,1q8t_479,7.540,4.1770
1q8t,1q8t_504,8.520,5.7420
1q8t,1q8t_505,9.040,2.1460
1q8t,1q8t_507,3.010,5.8940
1q8t,1q8t_513,8.130,4.2670
1q8t,1q8t_514,9.640,3.8100
1pxn,1pxn_653,2.760,3.3770
1pxn,1pxn_662,3.290,0.3460
1pxn,1pxn_665,7.960,-7.6410
1pxn,1pxn_666,7.060,1.4420
1pxn,1pxn_668,8.280,2.9920
1pxn,1pxn_671,2.580,-0.2230
1pxn,1pxn_672,4.650,4.9120
1pxn,1pxn_678,7.680,-8.7150
1pxn,1pxn_682,8.710,4.7720
1pxn,1pxn_687,4.440,-1.4520
1pxn,1pxn_690,9.140,-2.2600
1pxn,1pxn_696,5.830,-3.8740
1pxn,1pxn_813,1.660,7.9280
1pxn,1pxn_82,8.410,6.2630
1pxn,1pxn_830,1.650,5.5800
1pxn,1pxn_86,0.830,9.0040
1q8t,1q8t_534,9.540,-0.1010
1q8t,1q8t_538,5.190,4.1450
1q8t,1q8t_539,2.810,3.6900
1q8t,1q8t_540,7.840,4.0600
1q8t,1q8t_547,8.600,2.3750
1q8t,1q8t_548,3.010,4.9290
1q8t,1q8t_553,9.050,0.9610
1q8t,1q8t_564,3.990,3.8610
1q8t,1q8t_656,9.340,0.3870
1q8t,1q8t_658,1.990,3.8700
1q8t,1q8t_661,3.100,4.7280
1q8t,1q8t_677,6.600,4.3140
1q8t,1q8t_678,9.940,4.2360
1q8t,1q8t_686,8.330,2.4270
1q8t,1q8t_687,2.230,0.1210
1q8t,1q8t_692,2.600,1.7240
1q8t,1q8t_612,2.030,4.4710
1q8t,1q8t_633,9.350,-3.8130
1q8t,1q8t_635,4.400,3.6890
1q8t,1q8t_636,3.940,3.7380
1q8t,1q8t_638,8.280,-2.8340
1q8t,1q8t_640,2.190,2.1010
1q8t,1q8t_651,4.300,0.6710
1q8t,1q8t_653,8.750,2.7350
1q8t,1q8t_567,7.260,3.1030
1q8t,1q8t_576,8.790,0.6980
1q8t,1q8t_579,7.850,3.1900
1q8t,1q8t_582,3.100,3.8220
1q8t,1q8t_598,2.100,3.5090
1q8t,1q8t_60,0.920,7.1780
1q8t,1q8t_601,8.160,-0.0200
1q8t,1q8t_610,4.880,1.2230
1q8t,1q8t_774,6.140,-24.9860
1q8t,1q8t_775,5.520,-20.5680
1q8t,1q8t_778,9.960,2.2570
1q8t,1q8t_798,3.310,5.2630
1q8t,1q8t_810,3.480,4.8200
1q8t,1q8t_813,6.940,3.8600
1q8t,1q8t_816,6.950,4.8930
1q8t,1q8t_831,3.250,3.6790
1q8t,1q8t_832,7.000,6.2250
1q8t,1q8t_844,6.990,4.2930
1q8t,1q8t_874,4.500,3.6700
1q8t,1q8t_879,0.790,7.1020
1q8t,1q8t_887,1.590,5.6960
1q8t,1q8t_891,1.470,6.5480
1q8t,1q8t_895,2.030,6.3140
1q8t,1q8t_897,1.290,6.5450
1q8t,1q8t_898,1.990,6.2520
1q8t,1q8t_900,1.370,6.9700
1q8t,1q8t_902,9.100,2.7980
1q8t,1q8t_903,1.270,5.9110
1q8t,1q8t_916,2.020,5.7770
1q8t,1q8t_927,9.460,3.6540
1q8t,1q8t_943,7.100,6.2860
1q8t,1q8t_946,8.620,5.1000
1q8t,1q8t_739,8.190,4.2150
1q8t,1q8t_741,7.370,5.7020
1q8t,1q8t_744,6.480,-2.1180
1q8t,1q8t_747,5.650,-1.6680
1q8t,1q8t_749,6.600,-3.5720
1q8t,1q8t_751,6.550,-4.8180
1q8t,1q8t_752,2.340,-8.8000
1q8t,1q8t_753,3.060,-5.9650
1q8t,1q8t_754,4.110,-10.2210
1q8t,1q8t_756,4.140,-14.8150
1q8t,1q8t_761,4.520,-14.5450
1q8t,1q8t_762,4.180,-19.7330
1q8t,1q8t_766,5.730,-18.8940
1q8t,1q8t_767,5.790,-20.4440
1q8t,1q8t_768,4.950,-16.8710
1q8t,1q8t_770,6.020,-23.9330
1q8t,1q8t_70,0.980,6.6470
1q8t,1q8t_701,1.000,6.7930
1q8t,1q8t_705,0.880,7.0110
1q8t,1q8t_706,1.150,6.9660
1q8t,1q8t_709,2.240,5.0170
1q8t,1q8t_718,4.110,3.7790
1q8t,1q8t_727,7.360,5.0210
1q8t,1q8t_734,7.390,5.8380
1q8t,1q8t_962,7.410,6.5000
1q8u,1q8u_140,2.110,5.1240
1q8u,1q8u_202,6.250,3.5070
1q8u,1q8u_203,4.530,-1.8210
1q8u,1q8u_214,1.880,5.2980
1q8u,1q8u_227,6.110,4.7400
1q8u,1q8u_23,4.960,1.9970
1q8u,1q8u_237,5.760,4.0740
1q8u,1q8u_342,2.760,7.6980
1q8u,1q8u_410,3.470,-10.3690
1q8u,1q8u_454,3.610,1.8210
1q8u,1q8u_497,3.900,0.6520
1q8u,1q8u_501,0.910,5.7190
1q8u,1q8u_504,4.240,-1.7030
1q8u,1q8u_509,7.450,4.1200
1q8u,1q8u_512,1.270,1.3460
1q8u,1q8u_238,2.490,2.5540
1q8u,1q8u_24,7.230,3.8110
1q8u,1q8u_246,7.550,0.3280
1q8u,1q8u_264,6.990,5.1110
1q8u,1q8u_268,2.000,4.9240
1q8u,1q8u_270,6.990,2.1940
1q8u,1q8u_277,2.180,-0.0090
1q8u,1q8u_34,2.640,6.9360
1q8u,1q8u_514,1.050,7.0830
1q8u,1q8u_53,2.480,4.8400
1q8u,1q8u_547,4.120,-0.4270
1q8u,1q8u_553,1.790,4.4450
1q8u,1q8u_555,3.990,-2.5430
1q8u,1q8u_571,3.430,4.6030
1q8u,1q8u_581,5.750,3.2200
1q8u,1q8u_582,4.450,-1.3970
1q8u,1q8u_59,3.020,5.2070
1q8u,1q8u_592,1.270,-2.3010
1q8u,1q8u_593,7.460,5.1590
1q8u,1q8u_595,1.460,2.4380
1q8u,1q8u_599,1.910,1.9000
1q8u,1q8u_605,3.700,0.0190
1q8u,1q8u_611,9.050,2.5440
1q8u,1q8u_617,3.270,-4.4290
1qkt,1qkt_119,0.640,8.5510
1qkt,1qkt_132,1.200,8.5540
1qkt,1qkt_144,1.230,9.4610
1qkt,1qkt_150,0.920,9.6140
1qkt,1qkt_31,0.780,8.5340
1qkt,1qkt_404,1.170,7.2440
1qkt,1qkt_486,1.560,4.4300
1qkt,1qkt_500,4.560,4.7930
1qkt,1qkt_642,6.280,4.0450
1qkt,1qkt_647,6.000,3.8160
1qkt,1qkt_655,5.810,1.5910
1qkt,1qkt_661,2.420,4.4610
1qkt,1qkt_666,2.210,2.6590
1qkt,1qkt_674,2.060,-3.9130
1qkt,1qkt_698,2.190,-3.1950
1qkt,1qkt_714,0.570,9.6610
1qkt,1qkt_549,4.510,6.0740
1qkt,1qkt_55,0.700,9.3670
1qkt,1qkt_557,2.220,0.1360
1qkt,1qkt_594,2.370,-3.9740
1qkt,1qkt_598,4.880,3.2060
1qkt,1qkt_608,2.180,2.1130
1qkt,1qkt_636,2.120,0.5310
1qkt,1qkt_640,1.960,0.2870
1qkt,1qkt_742,5.000,7.3330
1qkt,1qkt_744,3.010,6.0310
1qkt,1qkt_746,3.300,6.8210
1qkt,1qkt_750,4.630,5.9430
1qkt,1qkt_751,3.390,6.9060
1qkt,1qkt_752,1.510,6.3990
1qkt,1qkt_758,3.880,5.9250
1qkt,1qkt_762,3.810,6.0780
1q8u,1q8u_623,3.690,0.4060
1q8u,1q8u_646,1.990,0.1820
1q8u,1q8u_652,7.550,-2.3180
1q8u,1q8u_653,5.360,-1.0990
1q8u,1q8u_660,7.250,-0.0240
1q8u,1q8u_664,2.950,-11.2090
1q8u,1q8u_668,7.620,-1.7650
1q8u,1q8u_669,4.920,1.8420
1qkt,1qkt_718,0.580,10.1580
1qkt,1qkt_728,0.780,9.1640
1qkt,1qkt_734,5.050,7.5190
1qkt,1qkt_735,3.010,6.0370
1qkt,1qkt_736,5.120,7.3760
1qkt,1qkt_737,5.070,7.5980
1qkt,1qkt_738,3.010,6.0230
1qkt,1qkt_740,5.110,7.3760
1q8u,1q8u_757,2.380,3.6560
1q8u,1q8u_76,7.680,4.8100
1q8u,1q8u_777,5.910,-0.6360
1q8u,1q8u_782,4.950,-3.8840
1q8u,1q8u_790,3.160,-0.6110
1q8u,1q8u_796,0.540,8.8790
1q8u,1q8u_8,2.780,6.4450
1q8u,1q8u_822,4.590,2.4660
1r5y,1r5y_341,0.310,7.1890
1r5y,1r5y_397,4.270,5.1770
1r5y,1r5y_402,0.620,1.7040
1r5y,1r5y_405,1.760,-2.5540
1r5y,1r5y_409,2.710,-7.5650
1r5y,1r5y_412,3.610,-1.9660
1r5y,1r5y_416,1.190,-1.1870
1r5y,1r5y_423,1.080,-0.1770
1q8u,1q8u_866,6.970,5.7880
1q8u,1q8u_875,6.740,5.4750
1q8u,1q8u_886,8.940,3.8390
1q8u,1q8u_891,6.600,5.7920
1q8u,1q8u_901,0.630,8.3870
1q8u,1q8u_902,0.690,8.6960
1q8u,1q8u_904,0.980,8.2010
1q8u,1q8u_909,0.700,8.5480
1q8u,1q8u_672,4.600,-2.0190
1q8u,1q8u_678,8.330,0.3970
1q8u,1q8u_688,2.130,-3.0910
1q8u,1q8u_693,6.270,-1.5140
1q8u,1q8u_701,0.970,8.1110
1q8u,1q8u_702,0.970,8.2260
1q8u,1q8u_704,6.190,4.0460
1q8u,1q8u_726,5.090,3.8900
1r5y,1r5y_179,3.010,3.9850
1r5y,1r5y_180,0.670,5.1680
1r5y,1r5y_181,0.610,4.2700
1r5y,1r5y_197,3.340,6.3200
1r5y,1r5y_270,0.340,5.8180
1r5y,1r5y_317,1.570,4.8100
1r5y,1r5y_322,0.760,3.5790
1r5y,1r5y_324,3.510,4.3980
1q8u,1q8u_728,5.760,4.2590
1q8u,1q8u_732,7.770,4.6020
1q8u,1q8u_734,4.190,6.2130
1q8u,1q8u_735,5.050,2.0830
1q8u,1q8u_739,5.280,0.8280
1q8u,1q8u_741,7.300,4.9530
1q8u,1q8u_747,5.700,4.3670
1q8u,1q8u_748,8.760,3.5220
1qkt,1qkt_866,2.990,6.0270
1qkt,1qkt_867,5.670,6.5440
1qkt,1qkt_873,1.530,8.3720
1qkt,1qkt_875,3.040,5.9740
1qkt,1qkt_977,1.030,9.1200
1r5y,1r5y_113,0.440,6.6430
1r5y,1r5y_118,5.200,5.0880
1r5y,1r5y_167,0.160,6.6200
1qkt,1qkt_765,4.510,8.0500
1qkt,1qkt_766,4.540,7.6510
1qkt,1qkt_770,1.640,8.0270
1qkt,1qkt_774,4.090,5.0750
1qkt,1qkt_775,4.590,7.0550
1qkt,1qkt_776,2.150,2.5930
1qkt,1qkt_826,0.810,9.3530
1qkt,1qkt_834,0.640,9.9550
1r5y,1r5y_453,0.910,1.5200
1r5y,1r5y_464,3.820,1.4370
1r5y,1r5y_469,2.760,-3.8460
1r5y,1r5y_477,1.400,-4.9760
1r5y,1r5y_480,1.070,-0.8060
1r5y,1r5y_496,1.080,-7.4900
1r5y,1r5y_497,3.320,-11.6350
1r5y,1r5y_498,2.400,-7.1760
1r5y,1r5y_553,7.750,3.4670
1r5y,1r5y_562,7.510,0.7040
1r5y,1r5y_566,6.420,2.0900
1r5y,1r5y_568,7.960,-1.0850
1r5y,1r5y_571,8.140,3.5920
1r5y,1r5y_579,5.400,4.5930
1r5y,1r5y_583,5.960,1.5120
1r5y,1r5y_584,6.810,3.3320
1qkt,1qkt_842,1.790,7.2100
1qkt,1qkt_848,5.140,7.3850
1qkt,1qkt_851,5.170,7.0400
1qkt,1qkt_855,3.020,5.9670
1qkt,1qkt_858,5.050,7.5570
1qkt,1qkt_86,0.470,9.5590
1qkt,1qkt_860,3.030,6.0590
1qkt,1qkt_862,4.530,5.0770
1r5y,1r5y_425,1.370,-10.2110
1r5y,1r5y_426,2.900,1.3050
1r5y,1r5y_432,2.880,-16.0180
1r5y,1r5y_434,3.030,-9.7600
1r5y,1r5y_441,3.010,-4.2030
1r5y,1r5y_443,4.220,-8.9680
1r5y,1r5y_445,1.320,-5.2340
1r5y,1r5y_452,1.290,-1.9850
1r5y,1r5y_776,7.360,3.3160
1r5y,1r5y_777,5.710,0.5420
1r5y,1r5y_780,8.960,1.6660
1r5y,1r5y_782,8.590,2.7370
1r5y,1r5y_783,8.510,2.7390
1r5y,1r5y_785,9.650,1.5580
1r5y,1r5y_786,9.160,0.6720
1r5y,1r5y_787,9.340,1.0160
1q8u,1q8u_91,5.020,2.0390
1q8u,1q8u_913,1.570,7.8250
1q8u,1q8u_923,6.690,1.6080
1q8u,1q8u_975,8.190,4.3890
1qf1,1qf1_10,8.770,5.2200
1qf1,1qf1_104,9.910,3.0450
1qf1,1qf1_118,9.610,3.6770
1qf1,1qf1_127,6.450,3.5200
1r5y,1r5y_691,4.920,3.9840
1r5y,1r5y_694,4.360,-3.3380
1r5y,1r5y_727,6.860,2.6260
1r5y,1r5y_732,8.150,3.0870
1r5y,1r5y_733,8.170,3.1030
1r5y,1r5y_735,8.300,3.6580
1r5y,1r5y_745,8.170,4.0110
1r5y,1r5y_746,5.630,3.9100
1r5y,1r5y_524,7.290,1.8990
1r5y,1r5y_537,5.710,4.8620
1r5y,1r5y_538,5.570,5.0550
1r5y,1r5y_540,2.800,3.9170
1r5y,1r5y_541,8.050,2.8770
1r5y,1r5y_542,5.040,2.0710
1r5y,1r5y_545,3.010,-4.6290
1r5y,1r5y_547,4.070,3.0850
1r5y,1r5y_591,2.870,-0.6530
1r5y,1r5y_592,6.280,4.0460
1r5y,1r5y_595,5.190,4.4310
1r5y,1r5y_599,3.160,-1.6580
1r5y,1r5y_616,2.570,0.5800
1r5y,1r5y_639,4.240,-0.3760
1r5y,1r5y_641,2.920,0.1180
1r5y,1r5y_686,4.890,-2.0020
1r5y,1r5y_928,4.080,-1.0900
1r5y,1r5y_987,6.390,3.5300
1s38,1s38_117,0.190,7.3380
1s38,1s38_123,5.360,5.6480
1s38,1s38_152,0.350,6.9410
1s38,1s38_305,0.470,6.6840
1s38,1s38_382,1.530,-13.0680
1s38,1s38_404,0.860,5.5710
1r5y,1r5y_751,6.280,3.4230
1r5y,1r5y_755,5.820,3.4460
1r5y,1r5y_759,6.570,3.0680
1r5y,1r5y_762,8.070,2.9410
1r5y,1r5y_763,7.750,3.6490
1r5y,1r5y_766,7.850,3.1520
1r5y,1r5y_767,7.070,1.9390
1r5y,1r5y_770,7.840,3.8500
1s38,1s38_405,1.180,1.1260
1s38,1s38_425,3.260,-5.4660
1s38,1s38_426,1.530,3.7590
1s38,1s38_430,0.880,0.0290
1s38,1s38_431,3.750,0.0460
1s38,1s38_432,0.840,3.9270
1s38,1s38_433,0.710,3.0380
1s38,1s38_434,3.680,-0.8820
1r5y,1r5y_791,4.290,-14.3110
1r5y,1r5y_820,2.280,3.0900
1r5y,1r5y_853,4.880,-0.7500
1r5y,1r5y_868,7.130,3.5470
1r5y,1r5y_870,6.200,0.7420
1r5y,1r5y_883,6.560,1.9180
1r5y,1r5y_887,6.790,3.2440
1r5y,1r5y_90,0.480,5.3110
1qf1,1qf1_189,6.360,5.1120
1qf1,1qf1_195,7.350,3.5540
1qf1,1qf1_198,0.990,6.4450
1qf1,1qf1_200,9.830,4.2920
1qf1,1qf1_232,1.930,3.3990
1qf1,1qf1_244,4.960,-0.5040
1qf1,1qf1_27,6.750,5.3810
1qf1,1qf1_29,1.900,6.9340
1qf1,1qf1_132,5.290,3.2000
1qf1,1qf1_141,2.670,5.5830
1qf1,1qf1_144,0.990,4.4220
1qf1,1qf1_148,7.820,4.4580
1qf1,1qf1_151,8.490,4.6560
1qf1,1qf1_161,9.660,3.9580
1qf1,1qf1_163,7.120,2.2210
1qf1,1qf1_188,9.250,4.3000
1s38,1s38_436,4.110,-3.5340
1s38,1s38_447,4.220,2.5320
1s38,1s38_448,3.300,4.1330
1s38,1s38_459,2.660,-4.2390
1s38,1s38_460,2.710,0.3550
1s38,1s38_462,1.910,-7.0600
1s38,1s38_464,1.020,-0.9680
1s38,1s38_474,3.000,-8.7170
1qf1,1qf1_30,5.220,4.2020
1qf1,1qf1_301,3.040,5.0620
1qf1,1qf1_310,8.650,4.5050
1qf1,1qf1_314,9.270,4.9340
1qf1,1qf1_322,9.370,4.8340
1qf1,1qf1_337,8.550,4.5890
1qf1,1qf1_345,1.090,5.5890
1qf1,1qf1_351,8.590,4.7880
1qf1,1qf1_589,5.880,-2.8100
1qf1,1qf1_591,6.580,-3.9350
1qf1,1qf1_594,6.660,-1.5700
1qf1,1qf1_603,4.420,-14.9160
1qf1,1qf1_610,6.020,-8.1180
1qf1,1qf1_63,6.600,4.6800
1qf1,1qf1_640,7.950,1.9480
1qf1,1qf1_648,5.100,-18.0390
1qf1,1qf1_36,6.020,4.8120
1qf1,1qf1_370,5.400,5.4710
1qf1,1qf1_375,6.990,6.4590
1qf1,1qf1_377,7.980,4.9390
1qf1,1qf1_380,9.730,5.3870
1qf1,1qf1_382,9.140,3.4550
1qf1,1qf1_383,1.060,7.4200
1qf1,1qf1_385,8.700,4.5320
1qf1,1qf1_386,8.640,4.7020
1qf1,1qf1_389,1.150,6.2290
1qf1,1qf1_397,0.950,6.7900
1qf1,1qf1_399,8.560,5.1420
1qf1,1qf1_409,5.860,-4.4280
1qf1,1qf1_419,2.460,-9.7470
1qf1,1qf1_421,3.560,-13.4050
1qf1,1qf1_424,4.330,-3.9920
1s38,1s38_475,4.670,2.7730
1s38,1s38_480,3.060,2.2070
1s38,1s38_485,0.990,1.9750
1s38,1s38_490,2.580,-0.8440
1s38,1s38_495,3.090,1.1970
1s38,1s38_496,4.140,4.6540
1s38,1s38_499,2.210,-13.7530
1s38,1s38_500,2.730,-2.4050
1qf1,1qf1_47,7.200,3.5810
1qf1,1qf1_470,2.720,-16.1290
1qf1,1qf1_482,5.590,-16.3640
1qf1,1qf1_483,4.390,-10.0870
1qf1,1qf1_486,3.070,-5.2280
1qf1,1qf1_488,3.950,-7.1880
1qf1,1qf1_490,2.580,-3.8480
1qf1,1qf1_5,7.580,4.9910
1qf1,1qf1_65,9.090,4.9290
1qf1,1qf1_658,5.160,-17.6940
1qf1,1qf1_668,7.150,-14.8200
1qf1,1qf1_679,8.940,-4.1560
1qf1,1qf1_68,1.480,4.6010
1qf1,1qf1_683,4.860,-8.3890
1qf1,1qf1_69,2.130,4.7720
1qf1,1qf1_727,0.560,5.3710
1s38,1s38_593,5.630,5.0410
1s38,1s38_594,5.140,2.1200
1s38,1s38_596,6.630,0.1160
1s38,1s38_598,5.770,-1.7330
1s38,1s38_600,6.450,0.4970
1s38,1s38_614,4.240,0.7690
1s38,1s38_628,2.000,2.9510
1s38,1s38_653,2.400,0.7940
1s38,1s38_572,5.960,3.9650
1s38,1s38_576,6.440,3.6190
1s38,1s38_583,6.370,4.7840
1s38,1s38_584,7.710,-0.5700
1s38,1s38_588,6.310,2.8220
1s38,1s38_590,5.210,4.6680
1s38,1s38_591,3.290,-2.8070
1s38,1s38_592,7.460,3.7350
1qf1,1qf1_425,3.800,-1.6040
1qf1,1qf1_434,3.960,-28.3110
1qf1,1qf1_436,2.370,-6.3800
1qf1,1qf1_438,4.570,-3.4330
1qf1,1qf1_441,4.920,-9.2070
1qf1,1qf1_448,3.670,-6.8240
1qf1,1qf1_450,2.520,-3.6300
1qf1,1qf1_466,4.440,-20.3320
1s38,1s38_510,1.360,4.2500
1s38,1s38_514,1.460,-4.8750
1s38,1s38_526,1.240,-10.0560
1s38,1s38_527,7.100,1.1940
1s38,1s38_537,7.100,4.9590
1s38,1s38_542,2.090,-0.5880
1s38,1s38_545,4.220,3.0720
1s38,1s38_548,4.860,3.6070
1s38,1s38_549,6.720,4.4550
1s38,1s38_550,4.920,2.9770
1s38,1s38_551,6.270,0.8960
1s38,1s38_552,6.730,4.1340
1s38,1s38_553,1.660,-7.4740
1s38,1s38_557,5.210,4.7870
1s38,1s38_565,6.020,3.0880
1s38,1s38_568,6.440,5.1980
1qf1,1qf1_500,6.090,-17.2860
1qf1,1qf1_507,8.600,3.7310
1qf1,1qf1_524,4.570,-5.9230
1qf1,1qf1_536,3.870,-24.7820
1qf1,1qf1_565,2.100,-9.8960
1qf1,1qf1_569,7.290,-8.7620
1qf1,1qf1_583,5.920,-2.2940
1qf1,1qf1_584,3.830,-4.4070
1s38,1s38_658,4.850,-4.0250
1s38,1s38_659,2.640,2.2750
1s38,1s38_675,3.240,1.3510
1s38,1s38_678,2.480,3.2470
1s38,1s38_688,5.190,3.5760
1s38,1s38_714,9.140,4.2870
1s38,1s38_715,9.120,4.3490
1s38,1s38_725,9.270,4.4740
1qf1,1qf1_728,0.990,6.0380
1qf1,1qf1_734,1.380,5.8310
1qf1,1qf1_740,1.510,5.4570
1qf1,1qf1_741,1.490,5.2230
1qf1,1qf1_746,0.890,3.9980
1qf1,1qf1_76,7.700,5.0470
1qf1,1qf1_761,1.390,6.1350
1qf1,1qf1_763,4.270,4.4460
1qf1,1qf1_773,5.870,1.2600
1qf1,1qf1_791,0.920,4.9630
1qf1,1qf1_814,0.640,6.5190
1qf1,1qf1_855,2.470,5.7120
1qf1,1qf1_862,0.980,5.6570
1qf1,1qf1_895,0.440,5.2590
1qf1,1qf1_938,2.810,5.0240
1qf1,1qf1_943,3.900,5.1430
1s38,1s38_730,9.350,4.1380
1s38,1s38_741,8.880,2.8670
1s38,1s38_75,0.300,7.2000
1s38,1s38_752,8.340,3.8200
1s38,1s38_765,7.580,3.5650
1s38,1s38_774,8.340,2.2730
1s38,1s38_779,7.780,-0.2610
1s38,1s38_785,7.240,3.7020
1s38,1s38_850,8.740,4.4460
1s38,1s38_853,8.890,2.5430
1s38,1s38_871,8.150,5.1310
1s38,1s38_886,5.740,2.2900
1s38,1s38_888,8.400,4.8470
1s38,1s38_893,7.770,4.4480
1s38,1s38_940,9.150,4.1640
1s38,1s38_942,9.140,4.2290
1s38,1s38_787,5.570,-1.6520
1s38,1s38_790,8.370,-2.2450
1s38,1s38_792,3.090,-6.4430
1s38,1s38_793,5.000,-5.9510
1s38,1s38_795,3.600,-6.6610
1s38,1s38_82,0.420,7.0250
1s38,1s38_822,9.170,4.1990
1s38,1s38_845,9.200,4.6560
1s38,1s38_961,8.720,4.3560
1s38,1s38_964,9.370,4.0460
1s38,1s38_969,8.880,4.0650
1s38,1s38_976,9.280,4.3430
1s38,1s38_981,7.940,4.4230
1s38,1s38_985,7.170,3.7340
1sqa,1sqa_120,1.880,7.9550
1sqa,1sqa_145,7.300,7.3630
1syi,1syi_675,3.150,-5.0950
1syi,1syi_683,2.380,-7.1980
1syi,1syi_685,4.350,-6.4950
1syi,1syi_725,1.510,0.5620
1syi,1syi_733,3.790,-0.5240
1syi,1syi_736,4.140,-2.9050
1syi,1syi_740,2.890,0.3760
1syi,1syi_763,4.120,-2.1540
1syi,1syi_418,2.610,3.5260
1syi,1syi_423,0.900,0.7340
1syi,1syi_424,4.490,-1.2680
1syi,1syi_425,3.040,1.2430
1syi,1syi_426,4.520,-3.7310
1syi,1syi_433,0.910,1.7350
1syi,1syi_444,1.260,1.9140
1syi,1syi_448,1.480,-7.1710
1syi,1syi_580,1.560,-4.2900
1syi,1syi_598,3.860,-0.2820
1syi,1syi_618,1.950,-0.0300
1syi,1syi_619,3.110,1.5480
1syi,1syi_637,2.830,-1.7730
1syi,1syi_659,1.900,-4.2010
1syi,1syi_660,2.030,-0.5470
1syi,1syi_667,1.470,-9.5590
1syi,1syi_454,3.660,-1.7810
1syi,1syi_457,0.980,-2.6120
1syi,1syi_465,0.920,-5.8670
1syi,1syi_476,2.810,-0.7850
1syi,1syi_489,3.580,-7.3650
1syi,1syi_495,3.880,-3.3660
1syi,1syi_540,1.930,-2.2650
1syi,1syi_545,4.080,-10.0560
1syi,1syi_554,3.200,-5.3580
1syi,1syi_559,4.090,-1.8900
1syi,1syi_560,2.740,-3.3700
1syi,1syi_562,2.690,0.1520
1syi,1syi_570,1.710,0.2950
1syi,1syi_571,3.960,-2.7350
1syi,1syi_573,2.240,-1.9770
1syi,1syi_577,4.050,-8.9790
1uto,1uto_24,1.490,3.2360
1uto,1uto_290,2.230,1.2100
1uto,1uto_36,3.570,1.6230
1uto,1uto_414,4.250,0.0130
1uto,1uto_428,0.710,2.9850
1uto,1uto_451,2.060,2.5550
1uto,1uto_494,3.090,-3.8180
1uto,1uto_495,2.180,2.5340
1uto,1uto_775,5.470,1.4450
1uto,1uto_777,4.030,0.9870
1uto,1uto_783,5.340,1.5920
1uto,1uto_784,4.490,2.0430
1uto,1uto_785,5.000,1.7830
1uto,1uto_786,4.420,2.2290
1uto,1uto_789,2.460,0.6730
1uto,1uto_790,5.030,1.8070
1uto,1uto_752,5.750,2.8630
1uto,1uto_757,5.770,2.7260
1uto,1uto_762,4.380,1.8820
1uto,1uto_765,5.670,2.6510
1uto,1uto_768,5.590,1.7840
1uto,1uto_770,5.480,1.6360
1uto,1uto_772,5.540,1.5770
1uto,1uto_774,3.990,1.0050
1uto,1uto_521,2.910,2.2740
1uto,1uto_547,2.190,0.4070
1uto,1uto_549,1.900,-0.0960
1uto,1uto_563,3.210,0.5010
1uto,1uto_564,3.100,1.8760
1uto,1uto_569,2.780,1.2970
1uto,1uto_577,2.560,0.4710
1uto,1uto_580,2.550,0.3650
1uto,1uto_593,1.850,0.1600
1uto,1uto_594,3.070,1.0970
1uto,1uto_640,1.460,0.5640
1uto,1uto_686,1.720,0.6860
1uto,1uto_688,2.640,0.5580
1uto,1uto_698,3.360,-0.9830
1uto,1uto_738,3.420,0.0990
1uto,1uto_743,1.480,2.9350
1uto,1uto_878,1.930,2.3510
1uto,1uto_885,4.020,2.2790
1uto,1uto_887,3.430,0.1830
1uto,1uto_918,1.590,2.3510
1uto,1uto_962,0.740,2.7280
1uto,1uto_965,0.680,3.2100
1uto,1uto_966,0.910,2.0800
1uto,1uto_971,1.800,-1.6540
1uto,1uto_791,5.470,2.3210
1uto,1uto_792,4.240,1.7730
1uto,1uto_823,4.050,2.3570
1uto,1uto_826,0.770,2.8730
1uto,1uto_834,0.670,3.4020
1uto,1uto_837,0.720,3.0040
1uto,1uto_841,0.740,2.9110
1uto,1uto_877,4.720,1.3500
1sqa,1sqa_870,8.300,4.9140
1sqa,1sqa_88,3.640,-0.5220
1syi,1syi_162,0.310,7.7180
1syi,1syi_234,0.380,8.2100
1syi,1syi_259,0.630,6.8850
1syi,1syi_353,0.210,8.5250
1syi,1syi_402,0.700,3.3630
1syi,1syi_411,0.890,6.0370
1uto,1uto_972,0.700,3.0710
1uto,1uto_991,0.810,2.5790
1vso,1vso_115,0.670,5.3990
1vso,1vso_174,1.070,5.1260
1vso,1vso_198,0.580,5.2140
1vso,1vso_214,1.100,3.7490
1vso,1vso_219,2.880,2.9690
1vso,1vso_243,0.300,4.7850
1sqa,1sqa_415,2.940,-10.6070
1sqa,1sqa_418,7.430,-13.6350
1sqa,1sqa_425,2.770,5.3080
1sqa,1sqa_426,4.020,-16.2070
1sqa,1sqa_427,2.330,4.4860
1sqa,1sqa_430,7.170,-5.7690
1sqa,1sqa_433,1.250,6.2000
1sqa,1sqa_436,2.140,1.8580
1vso,1vso_254,0.990,3.6000
1vso,1vso_273,0.960,5.3540
1vso,1vso_301,0.600,5.1580
1vso,1vso_310,0.840,5.1830
1vso,1vso_358,1.650,6.3450
1vso,1vso_363,1.000,6.1190
1vso,1vso_378,1.240,6.2310
1vso,1vso_379,3.500,4.5330
1sqa,1sqa_177,1.070,8.0950
1sqa,1sqa_20,2.250,4.6120
1sqa,1sqa_238,4.200,-3.6540
1sqa,1sqa_258,1.920,5.8940
1sqa,1sqa_322,0.790,8.4810
1sqa,1sqa_357,0.620,8.0610
1sqa,1sqa_366,0.830,8.6210
1sqa,1sqa_411,3.700,-0.0580
1sqa,1sqa_442,8.100,5.5830
1sqa,1sqa_445,2.110,-0.7940
1sqa,1sqa_448,0.880,0.2710
1sqa,1sqa_449,4.050,-0.0470
1sqa,1sqa_458,5.560,-0.2030
1sqa,1sqa_473,5.810,-2.8560
1sqa,1sqa_474,6.240,1.2010
1sqa,1sqa_475,6.780,3.5300
1sqa,1sqa_476,3.390,5.1650
1sqa,1sqa_479,3.210,-5.0400
1sqa,1sqa_481,4.580,-16.5790
1sqa,1sqa_486,5.910,-11.0440
1sqa,1sqa_490,7.120,-12.6050
1sqa,1sqa_496,1.770,2.6080
1sqa,1sqa_499,3.060,-0.5090
1sqa,1sqa_517,4.950,-0.8840
1vso,1vso_392,1.290,5.5000
1vso,1vso_401,2.140,3.6340
1vso,1vso_407,3.530,0.7880
1vso,1vso_424,1.920,1.4920
1vso,1vso_433,3.050,0.7320
1vso,1vso_436,2.930,-0.3180
1vso,1vso_439,2.240,4.1830
1vso,1vso_444,4.430,-1.0120
1vso,1vso_445,6.190,-3.2430
1vso,1vso_449,2.280,-0.5320
1vso,1vso_461,6.160,0.2670
1vso,1vso_470,3.040,2.1210
1vso,1vso_487,2.750,-1.9970
1vso,1vso_493,4.800,0.8390
1vso,1vso_494,4.180,3.0240
1vso,1vso_496,6.200,-9.4190
1sqa,1sqa_524,3.100,2.6400
1sqa,1sqa_526,3.790,1.9630
1sqa,1sqa_530,6.010,-12.0630
1sqa,1sqa_531,7.310,0.3050
1sqa,1sqa_532,5.090,-0.8410
1sqa,1sqa_537,1.980,-0.7660
1sqa,1sqa_539,8.340,0.3250
1sqa,1sqa_543,2.700,-4.9150
1sqa,1sqa_581,4.300,4.6240
1sqa,1sqa_588,4.550,-6.5820
1sqa,1sqa_589,1.490,-10.5860
1sqa,1sqa_597,5.900,-9.6620
1sqa,1sqa_610,1.740,-6.1000
1sqa,1sqa_620,8.060,-2.4200
1sqa,1sqa_635,2.150,1.1940
1sqa,1sqa_637,8.180,0.0870
1sqa,1sqa_547,5.390,0.5060
1sqa,1sqa_548,4.800,-7.4000
1sqa,1sqa_549,3.630,-0.5570
1sqa,1sqa_556,5.230,3.0700
1sqa,1sqa_557,5.130,-8.1100
1sqa,1sqa_560,1.870,-2.1840
1sqa,1sqa_573,5.650,0.6970
1sqa,1sqa_575,6.220,-1.4330
1sqa,1sqa_672,6.820,-5.2010
1sqa,1sqa_679,4.610,-3.4950
1sqa,1sqa_682,5.490,-6.2030
1sqa,1sqa_687,6.840,-5.1500
1sqa,1sqa_692,1.350,4.1360
1sqa,1sqa_693,7.310,-10.5290
1sqa,1sqa_696,7.650,1.2860
1sqa,1sqa_747,0.720,7.1110
1vso,1vso_558,5.660,4.2030
1vso,1vso_571,4.360,1.3480
1vso,1vso_573,5.830,1.4110
1vso,1vso_575,2.900,2.3830
1vso,1vso_577,4.660,-0.6750
1vso,1vso_579,6.500,-1.9190
1vso,1vso_580,7.110,-0.8290
1vso,1vso_581,3.250,1.8470
1vso,1vso_497,4.670,1.5890
1vso,1vso_501,2.340,1.2780
1vso,1vso_516,3.870,-6.5950
1vso,1vso_522,6.810,0.0660
1vso,1vso_545,3.940,-0.2000
1vso,1vso_547,6.170,-3.5000
1vso,1vso_549,5.220,3.7810
1vso,1vso_557,5.300,3.0580
1sqa,1sqa_761,0.950,7.1280
1sqa,1sqa_776,0.650,6.4580
1sqa,1sqa_787,0.640,6.9110
1sqa,1sqa_788,0.940,7.5640
1sqa,1sqa_789,0.770,6.0700
1sqa,1sqa_808,7.590,6.1080
1sqa,1sqa_819,6.980,1.7350
1sqa,1sqa_827,2.060,7.2750
1sqa,1sqa_836,6.030,3.7460
1sqa,1sqa_839,9.550,1.1980
1sqa,1sqa_845,8.760,5.5890
1sqa,1sqa_849,8.000,2.7080
1sqa,1sqa_854,8.320,5.2240
1sqa,1sqa_857,4.780,5.5280
1sqa,1sqa_860,9.010,3.0810
1sqa,1sqa_867,7.100,2.7860
1sqa,1sqa_638,2.810,-3.3640
1sqa,1sqa_643,6.800,-6.1700
1sqa,1sqa_644,6.990,-5.6380
1sqa,1sqa_650,3.720,-1.5350
1sqa,1sqa_654,3.330,-0.8990
1sqa,1sqa_662,8.470,-3.0260
1sqa,1sqa_668,9.160,1.4770
1sqa,1sqa_669,8.040,-8.7600
1vso,1vso_978,1.350,4.7430
1w4o,1w4o_101,6.920,4.0100
1w4o,1w4o_119,3.590,4.4960
1w4o,1w4o_170,6.590,3.5110
1w4o,1w4o_178,7.640,3.3970
1w4o,1w4o_194,3.050,4.7570
1w4o,1w4o_200,6.980,3.6320
1w4o,1w4o_246,0.910,2.6560
1vso,1vso_585,6.290,2.9100
1vso,1vso_596,3.620,2.0030
1vso,1vso_597,4.400,3.5270
1vso,1vso_609,4.410,-0.2220
1vso,1vso_617,5.580,1.9140
1vso,1vso_618,2.800,-5.2370
1vso,1vso_624,3.390,-2.8680
1vso,1vso_630,5.680,-6.2720
1w4o,1w4o_273,0.680,3.7900
1w4o,1w4o_274,0.820,3.7900
1w4o,1w4o_3,1.100,2.1310
1w4o,1w4o_307,7.240,4.4330
1w4o,1w4o_313,0.810,5.3060
1w4o,1w4o_330,0.910,5.5210
1w4o,1w4o_338,7.270,4.4700
1w4o,1w4o_339,0.760,5.4800
1w4o,1w4o_480,3.400,-10.7220
1w4o,1w4o_498,5.730,-5.4100
1w4o,1w4o_509,5.290,4.4270
1w4o,1w4o_521,1.390,-3.4160
1w4o,1w4o_532,7.270,1.8140
1w4o,1w4o_541,4.380,0.2760
1w4o,1w4o_542,2.020,-3.6870
1w4o,1w4o_549,4.920,1.5730
1vso,1vso_631,5.590,-6.1090
1vso,1vso_636,5.060,-3.2840
1vso,1vso_642,7.000,-2.0180
1vso,1vso_644,3.030,-4.0580
1vso,1vso_677,5.880,1.6310
1vso,1vso_685,6.390,-1.7020
1vso,1vso_732,4.220,4.0250
1vso,1vso_74,0.670,3.7660
1w4o,1w4o_642,4.050,-6.2050
1w4o,1w4o_655,7.800,-5.2390
1w4o,1w4o_658,7.040,-5.4810
1w4o,1w4o_666,6.170,-5.1050
1w4o,1w4o_675,2.360,0.0210
1w4o,1w4o_679,5.510,-0.4050
1w4o,1w4o_692,4.750,-9.7160
1w4o,1w4o_704,1.790,4.2210
1w4o,1w4o_741,6.040,2.7540
1w4o,1w4o_746,5.780,3.4610
1w4o,1w4o_747,5.950,3.8100
1w4o,1w4o_748,4.710,4.4470
1w4o,1w4o_749,2.050,3.8000
1w4o,1w4o_751,2.540,3.3890
1w4o,1w4o_752,4.590,2.6210
1w4o,1w4o_754,3.920,3.4000
1w4o,1w4o_550,6.580,2.2330
1w4o,1w4o_572,7.510,2.4500
1w4o,1w4o_573,7.310,3.1150
1w4o,1w4o_585,6.030,2.1930
1w4o,1w4o_596,5.880,-1.9400
1w4o,1w4o_597,1.640,-3.1340
1w4o,1w4o_602,2.410,0.0500
1w4o,1w4o_606,1.930,-12.1650
1vso,1vso_753,6.590,3.7370
1vso,1vso_838,4.530,4.4390
1vso,1vso_840,5.200,1.7240
1vso,1vso_850,1.490,3.8090
1vso,1vso_910,0.760,5.2010
1vso,1vso_954,1.570,4.9870
1vso,1vso_957,2.410,4.8250
1vso,1vso_963,1.990,4.5170
1w4o,1w4o_353,7.480,3.9620
1w4o,1w4o_367,0.690,5.4770
1w4o,1w4o_371,5.610,4.4780
1w4o,1w4o_376,0.670,5.8770
1w4o,1w4o_391,0.950,4.6610
1w4o,1w4o_401,3.120,-0.8450
1w4o,1w4o_405,5.970,-16.8310
1w4o,1w4o_410,3.580,-4.8690
1w4o,1w4o_413,3.390,-8.3950
1w4o,1w4o_415,2.980,1.6140
1w4o,1w4o_424,4.320,-3.1320
1w4o,1w4o_426,7.280,-2.3800
1w4o,1w4o_435,2.090,-3.4300
1w4o,1w4o_438,3.750,-10.1460
1w4o,1w4o_450,2.340,-4.7570
1w4o,1w4o_456,2.900,-12.4720
1w4o,1w4o_757,1.670,4.9320
1w4o,1w4o_761,1.020,4.5980
1w4o,1w4o_762,6.500,3.6960
1w4o,1w4o_788,4.110,3.7200
1w4o,1w4o_804,2.480,3.7040
1w4o,1w4o_827,6.030,4.0330
1w4o,1w4o_829,9.390,2.8610
1w4o,1w4o_833,1.630,4.8290
1w4o,1w4o_841,8.230,4.1630
1w4o,1w4o_844,6.380,4.1500
1w4o,1w4o_846,8.580,3.2290
1w4o,1w4o_851,4.230,2.4390
1w4o,1w4o_854,3.030,3.6140
1w4o,1w4o_856,5.220,3.7550
1w4o,1w4o_859,5.370,3.8370
1w4o,1w4o_870,1.070,5.2660
1w4o,1w4o_917,1.470,4.9770
1w4o,1w4o_928,0.600,5.6160
1w4o,1w4o_940,4.010,4.4860
1w4o,1w4o_960,3.850,3.7790
1y6r,1y6r_232,0.460,8.5810
1y6r,1y6r_288,0.720,6.6760
1y6r,1y6r_405,5.330,0.5150
1y6r,1y6r_406,2.640,-3.5640
1ydr,1ydr_485,4.670,-2.3260
1ydr,1ydr_487,4.740,0.7730
1ydr,1ydr_490,5.240,-3.5100
1ydr,1ydr_495,6.920,3.6060
1ydr,1ydr_517,6.580,4.0810
1ydr,1ydr_518,9.160,3.2660
1ydr,1ydr_524,7.910,4.9840
1ydr,1ydr_537,3.400,4.2970
1ydr,1ydr_541,4.170,3.5120
1ydr,1ydr_546,7.800,5.0100
1ydr,1ydr_554,7.030,3.2660
1ydr,1ydr_557,7.650,1.4550
1ydr,1ydr_558,8.510,1.1190
1ydr,1ydr_566,5.960,1.7280
1ydr,1ydr_570,7.370,4.8790
1ydr,1ydr_582,8.430,4.9690
1ydr,1ydr_136,3.320,3.8150
1ydr,1ydr_164,0.830,4.9760
1ydr,1ydr_18,1.890,5.2060
1ydr,1ydr_204,2.960,4.3410
1ydr,1ydr_214,1.580,5.4200
1ydr,1ydr_240,3.230,4.1940
1ydr,1ydr_26,0.930,6.2310
1ydr,1ydr_268,1.490,6.7780
1syi,1syi_777,4.290,-3.3300
1syi,1syi_788,4.090,-1.9300
1syi,1syi_793,2.400,-6.3530
1syi,1syi_795,1.980,-3.3180
1u1b,1u1b_124,8.340,3.9940
1u1b,1u1b_149,6.530,3.8820
1u1b,1u1b_150,6.520,3.4850
1u1b,1u1b_154,8.020,4.2400
1ydr,1ydr_291,3.480,6.1950
1ydr,1ydr_315,2.890,7.3250
1ydr,1ydr_332,3.030,7.2080
1ydr,1ydr_348,3.040,7.6370
1ydr,1ydr_368,6.540,6.3520
1ydr,1ydr_369,0.950,5.0720
1ydr,1ydr_4,0.960,4.8660
1ydr,1ydr_418,2.190,1.8990
1ydr,1ydr_615,4.610,-0.5890
1ydr,1ydr_616,5.040,-1.3780
1ydr,1ydr_622,9.220,-5.6130
1ydr,1ydr_626,6.330,3.0620
1ydr,1ydr_629,8.570,-2.5090
1ydr,1ydr_63,0.920,4.5430
1ydr,1ydr_636,9.360,-2.6480
1ydr,1ydr_641,6.810,5.1050
1ydr,1ydr_586,3.270,1.0210
1ydr,1ydr_587,9.910,1.6490
1ydr,1ydr_593,9.020,2.3240
1ydr,1ydr_595,4.930,-0.9870
1ydr,1ydr_599,8.090,4.6200
1ydr,1ydr_609,9.740,-0.7260
1ydr,1ydr_613,8.510,-2.5120
1ydr,1ydr_614,9.250,3.5110
1ydr,1ydr_646,6.460,0.6820
1ydr,1ydr_648,9.240,1.5010
1ydr,1ydr_649,7.970,3.2820
1ydr,1ydr_651,8.410,3.2410
1ydr,1ydr_659,9.350,-3.0240
1ydr,1ydr_689,7.320,2.7280
1ydr,1ydr_69,2.910,6.7650
1ydr,1ydr_693,1.930,0.7060
1ydr,1ydr_423,1.300,-4.3880
1ydr,1ydr_430,5.610,-1.6880
1ydr,1ydr_452,1.390,1.9960
1ydr,1ydr_46,0.880,6.7860
1ydr,1ydr_464,3.630,3.9280
1ydr,1ydr_466,2.060,-2.0090
1ydr,1ydr_470,5.740,3.4510
1ydr,1ydr_482,6.270,1.6640
1ydr,1ydr_754,2.000,5.9200
1ydr,1ydr_759,4.460,3.1880
1ydr,1ydr_761,8.160,4.9410
1ydr,1ydr_771,4.860,4.7300
1ydr,1ydr_775,4.720,1.7590
1ydr,1ydr_779,5.280,-5.2090
1ydr,1ydr_78,3.330,7.0610
1ydr,1ydr_784,5.780,1.8100
1ydr,1ydr_697,8.230,1.8300
1ydr,1ydr_701,0.980,7.5800
1ydr,1ydr_715,7.090,2.6850
1ydr,1ydr_723,4.660,3.2250
1ydr,1ydr_726,3.850,6.4230
1ydr,1ydr_739,4.010,4.2040
1ydr,1ydr_741,1.800,3.8290
1ydr,1ydr_746,9.570,3.4280
1ydr,1ydr_785,7.060,-0.8900
1ydr,1ydr_786,6.270,0.5310
1ydr,1ydr_789,5.560,0.3750
1ydr,1ydr_791,6.380,1.1490
1ydr,1ydr_80,0.790,5.9630
1ydr,1ydr_801,1.000,7.8200
1ydr,1ydr_804,2.340,6.0330
1ydr,1ydr_824,2.480,5.5800
1ydr,1ydr_848,5.840,3.9260
1ydr,1ydr_856,7.540,5.1840
1ydr,1ydr_858,8.700,2.6920
1ydr,1ydr_894,5.260,3.3690
1ydr,1ydr_902,0.910,7.6280
1ydr,1ydr_934,6.290,4.9840
1ydr,1ydr_95,1.540,6.2380
1ydr,1ydr_984,2.190,6.8600
1y6r,1y6r_481,1.460,-2.1870
1y6r,1y6r_482,5.130,-17.4840
1y6r,1y6r_484,4.960,-11.2400
1y6r,1y6r_496,2.700,-14.0170
1y6r,1y6r_510,2.130,-12.4060
1y6r,1y6r_535,1.450,-3.7800
1y6r,1y6r_551,6.160,-4.3550
1y6r,1y6r_570,1.340,-4.6590
1y6r,1y6r_445,3.100,-6.7430
1y6r,1y6r_450,3.450,-15.7870
1y6r,1y6r_455,2.170,-13.2800
1y6r,1y6r_457,5.400,-7.5880
1y6r,1y6r_463,5.490,-15.6320
1y6r,1y6r_473,1.830,-9.2070
1y6r,1y6r_476,2.320,-7.1040
1y6r,1y6r_480,2.340,2.3430
1y6r,1y6r_413,5.540,-7.4890
1y6r,1y6r_419,5.130,-3.0120
1y6r,1y6r_424,3.000,-6.8840
1y6r,1y6r_429,1.880,-1.7970
1y6r,1y6r_430,3.020,-19.8010
1y6r,1y6r_434,2.080,-6.9270
1y6r,1y6r_438,5.190,-5.1770
1y6r,1y6r_440,1.910,-7.4390
1y6r,1y6r_694,4.990,-13.6610
1y6r,1y6r_696,6.330,-9.7560
1y6r,1y6r_698,4.640,-8.8810
1y6r,1y6r_734,1.130,7.4740
1y6r,1y6r_806,0.600,9.1700
1y6r,1y6r_808,0.570,9.1280
1y6r,1y6r_809,0.670,8.6170
1y6r,1y6r_819,0.370,9.1170
1y6r,1y6r_572,2.250,-8.5020
1y6r,1y6r_575,4.900,-6.1410
1y6r,1y6r_579,1.320,-6.3360
1y6r,1y6r_595,2.510,-6.0950
1y6r,1y6r_603,4.890,-5.4020
1y6r,1y6r_604,4.860,-7.8780
1y6r,1y6r_613,4.850,-5.7530
1y6r,1y6r_645,1.390,-6.3740
1y6r,1y6r_650,5.240,-9.3780
1y6r,1y6r_652,5.210,-7.9690
1y6r,1y6r_655,1.570,-0.8040
1y6r,1y6r_656,4.560,-10.8710
1y6r,1y6r_657,4.860,-10.3260
1y6r,1y6r_661,5.290,-8.1200
1y6r,1y6r_666,6.030,-10.8350
1y6r,1y6r_678,4.910,-4.1190
1yc1,1yc1_691,2.200,0.8790
1yc1,1yc1_700,7.970,-12.0880
1yc1,1yc1_765,1.550,5.6290
1yc1,1yc1_784,2.980,5.7170
1ydr,1ydr_100,2.430,6.7420
1ydr,1ydr_11,8.940,6.3170
1ydr,1ydr_13,2.540,7.4630
1ydr,1ydr_132,1.970,6.3700
1y6r,1y6r_858,0.780,7.4820
1y6r,1y6r_925,0.880,8.4880
1y6r,1y6r_947,0.540,8.6040
1y6r,1y6r_968,0.600,8.4330
1yc1,1yc1_130,1.070,6.3990
1yc1,1yc1_134,1.080,7.0340
1yc1,1yc1_14,3.750,4.8250
1yc1,1yc1_159,0.310,9.3250
1yc1,1yc1_196,0.840,9.1430
1yc1,1yc1_199,0.590,8.9670
1yc1,1yc1_205,0.510,8.6370
1yc1,1yc1_214,1.240,7.6690
1yc1,1yc1_220,1.050,7.6190
1yc1,1yc1_246,0.960,7.0190
1yc1,1yc1_254,2.560,7.0050
1yc1,1yc1_281,1.070,8.0590
1yc1,1yc1_289,0.840,9.0160
1yc1,1yc1_29,1.000,7.4780
1yc1,1yc1_293,0.790,8.0160
1yc1,1yc1_296,2.030,5.7150
1yc1,1yc1_314,3.130,7.4900
1yc1,1yc1_352,0.950,7.6510
1yc1,1yc1_376,4.250,6.2390
1yc1,1yc1_38,0.590,8.1580
1yc1,1yc1_483,2.900,-1.9800
1yc1,1yc1_485,5.820,3.0360
1yc1,1yc1_486,5.220,-10.4690
1yc1,1yc1_487,1.280,-2.5080
1yc1,1yc1_492,3.810,-0.4540
1yc1,1yc1_496,5.670,-3.9150
1yc1,1yc1_5,1.170,8.4990
1yc1,1yc1_512,7.140,-3.5600
1yc1,1yc1_612,5.060,-0.3580
1yc1,1yc1_616,5.500,0.1400
1yc1,1yc1_622,5.890,-3.4400
1yc1,1yc1_630,1.990,-2.4290
1yc1,1yc1_634,6.130,-1.8650
1yc1,1yc1_635,6.580,2.9590
1yc1,1yc1_636,7.770,0.9610
1yc1,1yc1_642,6.250,-7.1870
1yc1,1yc1_401,6.140,0.8100
1yc1,1yc1_403,3.470,-3.0060
1yc1,1yc1_407,2.670,2.5080
1yc1,1yc1_412,5.120,-1.0450
1yc1,1yc1_413,4.130,-7.4580
1yc1,1yc1_415,3.400,3.6270
1yc1,1yc1_421,4.520,-6.4480
1yc1,1yc1_428,3.680,-4.1520
1yc1,1yc1_516,7.630,-5.1060
1yc1,1yc1_521,6.690,-0.4320
1yc1,1yc1_523,4.680,0.4030
1yc1,1yc1_528,7.190,-2.2820
1yc1,1yc1_536,6.240,4.3470
1yc1,1yc1_542,7.040,2.0670
1yc1,1yc1_546,7.690,2.7020
1yc1,1yc1_549,6.130,-0.3560
1yc1,1yc1_557,8.290,-8.2600
1yc1,1yc1_564,4.000,-5.6370
1yc1,1yc1_570,4.810,0.5300
1yc1,1yc1_573,4.510,-0.7160
1yc1,1yc1_581,5.510,-0.0300
1yc1,1yc1_582,7.410,-3.9900
1yc1,1yc1_584,7.530,2.9240
1yc1,1yc1_610,4.890,-0.9400
1yc1,1yc1_644,3.660,-7.7840
1yc1,1yc1_653,4.870,-3.8370
1yc1,1yc1_663,6.100,3.7100
1yc1,1yc1_680,5.160,-5.8210
1yc1,1yc1_684,1.610,0.1830
1yc1,1yc1_687,6.410,1.2310
1yc1,1yc1_688,6.800,-5.1150
1yc1,1yc1_689,3.570,-4.1520
1yc1,1yc1_429,3.080,-1.2410
1yc1,1yc1_431,2.400,-4.3240
1yc1,1yc1_437,4.690,1.4540
1yc1,1yc1_440,5.660,-1.1000
1yc1,1yc1_441,4.780,0.9310
1yc1,1yc1_447,2.910,-8.6910
1yc1,1yc1_471,2.940,2.5080
1yc1,1yc1_480,2.570,-9.4080
1ydt,1ydt_1000,2.510,4.9670
1ydt,1ydt_121,1.000,8.5880
1ydt,1ydt_204,0.980,7.2790
1ydt,1ydt_207,1.020,6.3690
1ydt,1ydt_214,3.380,6.3370
1ydt,1ydt_215,1.410,5.9790
1ydt,1ydt_241,1.800,5.8510
1ydt,1ydt_246,1.470,6.1960
1ydt,1ydt_251,0.540,6.9030
1ydt,1ydt_253,4.810,5.4170
1ydt,1ydt_254,5.730,6.2120
1ydt,1ydt_260,3.520,6.6830
1ydt,1ydt_263,2.970,5.7410
1ydt,1ydt_267,0.930,7.4410
1ydt,1ydt_271,6.590,5.2090
1ydt,1ydt_275,3.520,6.6070
1ydt,1ydt_277,0.680,6.6380
1ydt,1ydt_278,3.580,3.5930
1ydt,1ydt_279,0.880,7.1230
1ydt,1ydt_281,2.990,7.0590
1ydt,1ydt_283,0.930,4.3170
1ydt,1ydt_300,5.650,3.7170
1ydt,1ydt_309,2.830,7.3440
1ydt,1ydt_324,0.890,7.7810
1ydt,1ydt_34,3.050,7.0870
1ydt,1ydt_386,0.730,8.5470
1ydt,1ydt_40,4.700,7.5220
1ydt,1ydt_401,5.830,5.7370
1ydt,1ydt_404,2.820,2.3030
1ydt,1ydt_408,1.910,2.5400
1ydt,1ydt_412,5.370,-4.8370
1ydt,1ydt_417,2.430,-2.6290
1ydt,1ydt_425,4.600,-4.3220
1ydt,1ydt_432,8.520,-7.8240
1ydt,1ydt_446,6.670,-6.7070
1ydt,1ydt_46,3.800,7.2790
1ydt,1ydt_464,6.300,-3.0660
1ydt,1ydt_47,1.070,8.0600
1ydt,1ydt_470,7.200,-2.5400
1ydt,1ydt_474,6.100,2.5850
1ydt,1ydt_483,3.320,-0.0320
1ydt,1ydt_487,3.790,0.0840
1ydt,1ydt_494,3.080,-1.7850
1ydt,1ydt_495,5.930,-4.2410
1ydt,1ydt_500,7.620,0.1060
1ydt,1ydt_532,2.440,-2.2500
1ydt,1ydt_538,6.560,3.0190
1ydt,1ydt_539,7.840,3.0620
1u1b,1u1b_86,8.210,2.8310
1u1b,1u1b_919,2.040,5.7920
1u1b,1u1b_929,1.970,5.2800
1u1b,1u1b_933,4.940,3.6730
1u1b,1u1b_95,3.290,2.6510
1u1b,1u1b_97,4.020,1.5350
1uto,1uto_10,3.150,0.7450
1uto,1uto_203,1.760,2.3600
1ydt,1ydt_750,6.770,0.8780
1ydt,1ydt_766,4.940,4.6970
1ydt,1ydt_775,7.960,5.9570
1ydt,1ydt_785,8.020,5.9170
1ydt,1ydt_787,4.070,5.2890
1ydt,1ydt_817,1.010,7.4640
1ydt,1ydt_818,6.500,3.2120
1ydt,1ydt_832,1.890,6.4870
1ydt,1ydt_632,5.950,-7.7580
1ydt,1ydt_643,3.200,-4.5440
1ydt,1ydt_644,6.990,-0.8260
1ydt,1ydt_655,8.120,-2.1930
1ydt,1ydt_659,8.540,-8.8590
1ydt,1ydt_677,2.150,-1.9750
1ydt,1ydt_678,5.830,-8.5150
1ydt,1ydt_684,5.530,0.4400
1ydt,1ydt_694,8.520,-3.3090
1ydt,1ydt_697,8.550,-3.3160
1ydt,1ydt_705,0.850,7.6260
1ydt,1ydt_709,8.120,6.9800
1ydt,1ydt_711,1.620,6.9940
1ydt,1ydt_715,1.750,5.7770
1ydt,1ydt_730,5.220,3.1210
1ydt,1ydt_75,4.190,8.6750
1ydt,1ydt_837,6.770,3.8830
1ydt,1ydt_840,2.470,6.1850
1ydt,1ydt_882,4.420,6.6790
1ydt,1ydt_892,8.630,4.8980
1ydt,1ydt_916,7.760,5.5250
1ydt,1ydt_918,2.710,5.7350
1ydt,1ydt_926,5.290,6.9130
1ydt,1ydt_936,7.710,3.6420
1ydt,1ydt_549,6.400,-1.5630
1ydt,1ydt_556,4.990,1.1430
1ydt,1ydt_558,4.070,2.9760
1ydt,1ydt_564,7.150,-5.7820
1ydt,1ydt_576,8.870,-6.1870
1ydt,1ydt_578,4.270,-12.3900
1ydt,1ydt_609,7.050,-4.1900
1ydt,1ydt_625,7.090,1.2090
1u1b,1u1b_155,9.860,4.3260
1u1b,1u1b_157,7.200,3.5780
1u1b,1u1b_160,9.620,2.5500
1u1b,1u1b_166,7.930,4.3670
1u1b,1u1b_171,9.630,2.8200
1u1b,1u1b_172,5.200,3.9470
1u1b,1u1b_176,7.710,3.7050
1u1b,1u1b_18,8.260,3.3940
1u1b,1u1b_183,8.600,3.5150
1u1b,1u1b_191,9.580,3.8240
1u1b,1u1b_195,4.290,5.6350
1u1b,1u1b_196,6.930,3.1570
1u1b,1u1b_198,6.300,4.0300
1u1b,1u1b_2,2.800,5.6200
1u1b,1u1b_21,9.030,1.3360
1u1b,1u1b_214,2.420,2.5610
1z9g,1z9g_597,5.760,-4.4060
1z9g,1z9g_598,4.720,-2.4780
1z9g,1z9g_608,6.520,-0.4380
1z9g,1z9g_609,4.040,-2.4730
1z9g,1z9g_613,7.570,1.3850
1z9g,1z9g_618,8.520,-1.0530
1z9g,1z9g_626,7.240,-1.7480
1z9g,1z9g_634,7.200,-6.1620
1z9g,1z9g_581,3.920,-5.7860
1z9g,1z9g_582,4.670,-1.3580
1z9g,1z9g_583,5.160,-8.6340
1z9g,1z9g_585,2.830,-3.3960
1z9g,1z9g_588,8.280,1.2740
1z9g,1z9g_593,5.010,-4.3630
1z9g,1z9g_595,6.560,-1.5300
1z9g,1z9g_596,6.710,-5.1700
1z9g,1z9g_159,7.600,3.2010
1z9g,1z9g_219,2.150,3.1430
1z9g,1z9g_227,5.790,-0.1350
1z9g,1z9g_229,1.890,1.7680
1z9g,1z9g_236,4.340,-3.4720
1z9g,1z9g_253,7.260,3.0610
1z9g,1z9g_269,8.330,-0.1030
1z9g,1z9g_285,6.380,0.7690
1z9g,1z9g_638,8.810,-6.0580
1z9g,1z9g_641,8.100,-5.3880
1z9g,1z9g_647,7.130,-8.7170
1z9g,1z9g_651,5.940,-2.3840
1z9g,1z9g_667,9.090,-5.7380
1z9g,1z9g_678,8.300,-4.4920
1z9g,1z9g_679,3.790,-1.8640
1z9g,1z9g_68,7.030,5.0470
1z9g,1z9g_468,3.340,-12.6300
1z9g,1z9g_472,2.100,-2.8820
1z9g,1z9g_481,4.170,-7.6940
1z9g,1z9g_484,4.210,-5.5560
1z9g,1z9g_490,2.800,3.8010
1z9g,1z9g_527,6.170,-6.6850
1z9g,1z9g_551,4.620,1.4810
1z9g,1z9g_575,6.090,-1.4220
1z9g,1z9g_680,3.400,-3.3430
1z9g,1z9g_684,8.050,-10.4280
1z9g,1z9g_694,8.100,1.5980
1z9g,1z9g_699,7.190,-6.2990
1z9g,1z9g_701,1.850,3.4180
1z9g,1z9g_703,1.490,3.4430
1z9g,1z9g_707,1.780,3.2560
1z9g,1z9g_710,1.510,3.9260
1u1b,1u1b_558,2.340,-11.7320
1u1b,1u1b_569,9.020,-1.5660
1u1b,1u1b_571,4.850,-3.6830
1u1b,1u1b_578,5.740,-0.8290
1u1b,1u1b_588,8.210,-0.5350
1u1b,1u1b_644,6.460,-3.6670
1u1b,1u1b_658,7.920,-13.3740
1u1b,1u1b_678,5.600,-9.2550
1z9g,1z9g_317,8.370,4.4140
1z9g,1z9g_406,5.030,-7.8300
1z9g,1z9g_421,6.310,0.8480
1z9g,1z9g_432,3.400,1.0940
1z9g,1z9g_442,2.840,-5.9480
1z9g,1z9g_453,2.960,-4.3470
1z9g,1z9g_455,2.950,-1.6910
1z9g,1z9g_465,3.140,-3.4470
1z9g,1z9g_715,1.410,4.1280
1z9g,1z9g_720,1.770,3.3030
1z9g,1z9g_721,1.480,3.5600
1z9g,1z9g_722,0.570,3.1460
1z9g,1z9g_723,0.820,3.4800
1z9g,1z9g_725,1.680,3.2670
1z9g,1z9g_734,4.550,2.4500
1z9g,1z9g_738,0.520,3.6560
1z9g,1z9g_741,1.750,4.3450
1z9g,1z9g_742,0.760,4.3500
1z9g,1z9g_747,0.960,3.5590
1z9g,1z9g_749,3.980,2.4880
1z9g,1z9g_750,6.930,1.8920
1z9g,1z9g_753,6.460,1.8560
1z9g,1z9g_763,5.060,0.9650
1z9g,1z9g_769,4.720,1.7350
1z9g,1z9g_851,7.100,2.7320
1z9g,1z9g_852,3.780,0.2870
1z9g,1z9g_853,5.100,2.8590
1z9g,1z9g_870,7.240,3.8060
1z9g,1z9g_873,5.260,4.0850
1z9g,1z9g_876,2.720,3.1310
1z9g,1z9g_879,5.550,2.7660
1z9g,1z9g_880,3.640,1.2370
1z9g,1z9g_784,4.110,1.0970
1z9g,1z9g_787,8.310,1.4660
1z9g,1z9g_789,0.750,2.9130
1z9g,1z9g_790,0.640,3.5640
1z9g,1z9g_793,0.830,3.6240
1z9g,1z9g_817,0.820,3.4700
1z9g,1z9g_845,3.120,3.3100
1z9g,1z9g_849,0.890,3.2840
1z9g,1z9g_887,2.740,2.8310
1z9g,1z9g_968,6.440,3.0830
2al5,2al5_121,0.830,6.0380
2al5,2al5_243,0.460,4.7980
2al5,2al5_26,1.980,5.5610
2al5,2al5_323,0.230,8.0230
2al5,2al5_339,0.410,8.3530
2al5,2al5_401,0.880,5.4690
2al5,2al5_406,1.960,0.3610
2al5,2al5_412,0.860,2.1710
2al5,2al5_421,1.090,3.2080
2al5,2al5_426,2.020,1.0380
2al5,2al5_432,0.800,3.2240
2al5,2al5_434,4.540,-0.4880
2al5,2al5_436,0.760,1.7460
2al5,2al5_444,1.980,1.7900
2al5,2al5_754,2.220,-2.0930
2al5,2al5_756,3.980,-0.9840
2al5,2al5_759,3.500,0.8620
2al5,2al5_761,2.640,-0.7940
2al5,2al5_762,5.140,0.9470
2al5,2al5_763,5.080,0.3930
2al5,2al5_769,2.930,-3.0850
2al5,2al5_775,5.170,-0.9380
2al5,2al5_643,4.660,-6.6380
2al5,2al5_667,4.370,-0.9590
2al5,2al5_682,3.720,-0.7240
2al5,2al5_687,2.300,-0.6610
2al5,2al5_699,2.070,-2.5620
2al5,2al5_700,4.410,-2.7190
2al5,2al5_740,5.060,3.3230
2al5,2al5_747,4.770,0.6590
2al5,2al5_450,2.190,-1.9190
2al5,2al5_463,0.990,1.5800
2al5,2al5_469,1.440,2.6300
2al5,2al5_473,1.720,-1.6500
2al5,2al5_478,4.690,-7.3750
2al5,2al5_495,4.770,-4.9660
2al5,2al5_496,1.460,-4.0340
2al5,2al5_498,0.880,2.0830
2al5,2al5_500,2.110,-0.4010
2al5,2al5_516,1.460,-3.8830
2al5,2al5_550,4.660,0.6960
2al5,2al5_573,4.730,-1.7310
2al5,2al5_587,1.360,-5.1870
2al5,2al5_599,2.290,-5.9090
2al5,2al5_624,1.520,0.6620
2al5,2al5_639,2.310,-3.0890
1u1b,1u1b_298,3.180,0.8310
1u1b,1u1b_3,5.810,0.9920
1u1b,1u1b_30,3.390,2.6270
1u1b,1u1b_330,9.730,4.1150
1u1b,1u1b_331,7.860,4.2500
1u1b,1u1b_340,7.280,6.2900
1u1b,1u1b_351,6.200,4.5600
1u1b,1u1b_356,3.810,5.0830
1u1b,1u1b_220,9.260,2.0020
1u1b,1u1b_224,7.720,3.0090
1u1b,1u1b_232,4.240,-0.0250
1u1b,1u1b_237,6.890,0.2430
1u1b,1u1b_24,5.470,-1.4850
1u1b,1u1b_255,8.890,1.1580
1u1b,1u1b_256,6.620,1.1730
1u1b,1u1b_258,2.450,2.1570
1u1b,1u1b_26,2.850,-0.0620
1u1b,1u1b_260,5.040,0.0910
1u1b,1u1b_263,9.130,2.7600
1u1b,1u1b_27,5.980,0.4260
1u1b,1u1b_275,3.330,-0.7000
1u1b,1u1b_277,7.850,-2.9240
1u1b,1u1b_28,8.790,0.6610
1u1b,1u1b_295,3.780,1.6510
1ydt,1ydt_953,8.610,4.9810
1ydt,1ydt_994,7.600,5.0550
1z6e,1z6e_11,8.990,4.1170
1z6e,1z6e_117,7.590,4.2990
1z6e,1z6e_125,9.840,3.6250
1z6e,1z6e_130,7.630,3.5990
1z6e,1z6e_136,5.700,6.2570
1z6e,1z6e_145,0.970,7.8100
1u1b,1u1b_468,3.360,-24.6620
1u1b,1u1b_491,4.950,-14.7230
1u1b,1u1b_494,5.020,-48.4540
1u1b,1u1b_496,7.110,-7.4060
1u1b,1u1b_50,8.140,-1.1360
1u1b,1u1b_507,4.500,-2.7010
1u1b,1u1b_55,6.190,2.5420
1u1b,1u1b_553,3.660,-4.5170
1u1b,1u1b_385,8.260,6.2120
1u1b,1u1b_388,6.960,4.0300
1u1b,1u1b_390,9.790,4.9660
1u1b,1u1b_40,7.980,-0.8650
1u1b,1u1b_430,4.200,-37.2630
1u1b,1u1b_432,5.690,-30.5770
1u1b,1u1b_435,5.560,-35.3780
1u1b,1u1b_444,3.890,-26.0530
1u1b,1u1b_694,4.600,-12.3350
1u1b,1u1b_765,1.820,4.3950
1u1b,1u1b_768,2.200,3.2550
1u1b,1u1b_769,4.680,2.9620
1u1b,1u1b_79,2.800,1.5060
1u1b,1u1b_8,3.690,2.6760
1u1b,1u1b_826,2.530,4.2550
1u1b,1u1b_834,2.650,5.4310
2al5,2al5_777,5.090,-0.3770
2al5,2al5_778,5.120,-0.8110
2al5,2al5_779,5.060,-0.2310
2al5,2al5_781,4.360,-2.2820
2al5,2al5_787,5.030,0.4800
2al5,2al5_788,5.040,0.8790
2br1,2br1_118,3.260,6.7540
2br1,2br1_167,3.160,6.5930
1z6e,1z6e_152,9.970,4.6250
1z6e,1z6e_159,6.420,3.7460
1z6e,1z6e_160,0.960,7.7890
1z6e,1z6e_162,0.950,8.8310
1z6e,1z6e_184,8.490,3.6050
1z6e,1z6e_19,9.510,4.2740
1z6e,1z6e_192,9.060,3.6060
1z6e,1z6e_200,3.690,6.2890
2cbv,2cbv_452,0.960,2.9270
2cbv,2cbv_453,2.150,-2.0100
2cbv,2cbv_470,1.860,-9.6950
2cbv,2cbv_484,3.080,-2.8300
2cbv,2cbv_489,1.860,-6.9690
2cbv,2cbv_499,1.400,-10.0740
2cbv,2cbv_524,4.190,3.0070
2cbv,2cbv_528,5.700,1.3440
2cbv,2cbv_541,4.110,-3.9940
2cbv,2cbv_542,3.010,-2.7640
2cbv,2cbv_546,4.510,0.2880
2cbv,2cbv_547,4.620,-0.7920
2cbv,2cbv_548,5.530,3.3940
2cbv,2cbv_550,3.030,-4.9330
2cbv,2cbv_551,3.500,-0.1600
2cbv,2cbv_552,4.110,0.5440
1z6e,1z6e_21,2.920,7.1230
1z6e,1z6e_31,0.840,9.8080
1z6e,1z6e_310,9.890,4.4930
1z6e,1z6e_350,0.850,10.4830
1z6e,1z6e_352,1.610,8.8270
1z6e,1z6e_354,6.130,6.2000
1z6e,1z6e_371,0.990,10.5640
1z6e,1z6e_372,9.040,4.4130
1z6e,1z6e_384,1.560,3.6210
1z6e,1z6e_390,9.690,4.7900
1z6e,1z6e_401,2.460,-10.4210
1z6e,1z6e_403,1.630,-26.1230
1z6e,1z6e_411,1.130,0.7080
1z6e,1z6e_413,4.610,-23.9340
1z6e,1z6e_423,4.610,-20.5120
1z6e,1z6e_424,2.090,-27.0820
2cbv,2cbv_567,4.660,2.2720
2cbv,2cbv_568,4.380,3.7140
2cbv,2cbv_571,4.900,0.1620
2cbv,2cbv_573,4.380,2.4590
2cbv,2cbv_579,4.820,-1.8730
2cbv,2cbv_583,5.700,-1.7860
2cbv,2cbv_586,6.440,0.3730
2cbv,2cbv_590,6.730,3.3240
2cbv,2cbv_553,6.490,1.7180
2cbv,2cbv_556,2.750,-7.3760
2cbv,2cbv_560,5.490,2.8520
2cbv,2cbv_561,6.120,3.4690
2cbv,2cbv_562,5.360,1.2880
2cbv,2cbv_563,6.060,2.3090
2cbv,2cbv_564,5.080,2.1980
2cbv,2cbv_566,5.120,-3.5710
1z6e,1z6e_538,4.270,2.4470
1z6e,1z6e_55,0.910,10.0190
1z6e,1z6e_557,3.740,-0.6140
1z6e,1z6e_558,8.130,-1.1390
1z6e,1z6e_564,5.720,3.3570
1z6e,1z6e_57,7.890,5.8720
1z6e,1z6e_570,7.100,-1.3240
1z6e,1z6e_572,6.880,-1.7040
1z6e,1z6e_46,9.250,3.3840
1z6e,1z6e_468,4.740,-10.8930
1z6e,1z6e_470,7.020,-35.4630
1z6e,1z6e_472,3.600,-18.0520
1z6e,1z6e_475,2.730,-4.3000
1z6e,1z6e_480,6.410,-20.4500
1z6e,1z6e_481,4.100,-5.4490
1z6e,1z6e_482,5.950,-19.9490
1z6e,1z6e_486,2.310,-14.7910
1z6e,1z6e_488,3.310,-21.0480
1z6e,1z6e_497,6.880,-16.0800
1z6e,1z6e_522,1.990,-2.5080
1z6e,1z6e_524,6.870,-2.5570
1z6e,1z6e_525,8.810,-8.2890
1z6e,1z6e_527,6.420,-1.7630
1z6e,1z6e_536,5.350,2.0180
1z6e,1z6e_425,8.380,-16.9170
1z6e,1z6e_427,3.850,-17.2460
1z6e,1z6e_429,2.250,-13.3560
1z6e,1z6e_432,3.250,-21.9540
1z6e,1z6e_441,4.410,-11.7590
1z6e,1z6e_445,8.020,-15.4910
1z6e,1z6e_449,5.990,-7.9560
1z6e,1z6e_455,3.260,-27.6290
1z95,1z95_208,0.620,8.6190
1z95,1z95_219,2.410,3.9920
1z95,1z95_223,0.630,8.4030
1z95,1z95_249,0.960,6.5640
1z95,1z95_255,4.930,2.5400
1z95,1z95_266,0.660,8.3870
1z95,1z95_29,2.080,4.7240
1z95,1z95_303,0.380,9.7320
2c3i,2c3i_895,0.730,6.5190
2c3i,2c3i_917,1.480,6.3580
2c3i,2c3i_954,1.500,7.1460
2cbv,2cbv_291,0.470,4.7960
2cbv,2cbv_312,0.580,5.5660
2cbv,2cbv_409,0.970,4.8370
2cbv,2cbv_413,2.020,1.3130
2cbv,2cbv_422,0.930,5.5930
1z95,1z95_312,1.950,8.7720
1z95,1z95_313,0.570,9.4880
1z95,1z95_337,0.510,9.8230
1z95,1z95_407,5.840,-14.4020
1z95,1z95_408,1.920,-14.4960
1z95,1z95_412,4.720,-3.3910
1z95,1z95_415,6.440,-12.8210
1z95,1z95_418,5.330,-4.8120
2c3i,2c3i_456,4.300,-2.7480
2c3i,2c3i_482,4.300,6.5340
2c3i,2c3i_491,1.760,4.6920
2c3i,2c3i_494,4.260,1.4260
2c3i,2c3i_503,5.100,4.3570
2c3i,2c3i_506,4.400,4.0620
2c3i,2c3i_507,5.080,1.8460
2c3i,2c3i_521,5.010,4.4750
2c3i,2c3i_403,2.460,-3.5600
2c3i,2c3i_412,4.540,3.3670
2c3i,2c3i_424,4.000,0.5680
2c3i,2c3i_435,0.990,3.7820
2c3i,2c3i_441,6.060,0.1060
2c3i,2c3i_444,5.610,3.0550
2c3i,2c3i_45,1.630,7.6050
2c3i,2c3i_453,2.040,2.3510
1z95,1z95_562,5.960,-4.3400
1z95,1z95_565,2.790,-1.9760
1z95,1z95_566,3.600,-8.1010
1z95,1z95_581,2.060,-8.1420
1z95,1z95_587,4.000,-5.9590
1z95,1z95_590,3.500,-5.5430
1z95,1z95_620,4.630,-5.0730
1z95,1z95_626,6.080,-9.7880
2brb,2brb_501,2.990,-1.3700
2brb,2brb_502,2.450,1.4500
2brb,2brb_514,3.020,2.9550
2brb,2brb_521,2.260,2.2030
2brb,2brb_522,2.230,1.0960
2brb,2brb_533,3.990,2.4380
2brb,2brb_539,5.010,3.9000
2brb,2brb_550,5.030,1.8160
2c3i,2c3i_522,3.710,5.5370
2c3i,2c3i_556,2.880,4.0570
2c3i,2c3i_559,4.640,5.7960
2c3i,2c3i_56,4.570,8.2460
2c3i,2c3i_560,4.540,-1.6840
2c3i,2c3i_571,5.380,5.4950
2c3i,2c3i_573,3.340,4.8300
2c3i,2c3i_574,3.710,5.2910
2brb,2brb_94,6.100,6.9190
2brb,2brb_941,1.600,6.8950
2c3i,2c3i_16,0.970,7.9560
2c3i,2c3i_32,5.670,7.4770
2c3i,2c3i_338,1.570,8.7220
2c3i,2c3i_382,2.750,8.6920
2c3i,2c3i_387,0.980,8.7150
2c3i,2c3i_389,2.260,8.6000
1z95,1z95_474,1.500,-4.0960
1z95,1z95_483,4.430,-13.7430
1z95,1z95_484,4.920,-5.9000
1z95,1z95_486,5.010,-12.7150
1z95,1z95_489,1.890,-8.8220
1z95,1z95_490,6.150,-13.1630
1z95,1z95_498,1.900,-11.8500
1z95,1z95_499,2.900,-14.4660
2brb,2brb_452,4.370,3.1180
2brb,2brb_460,3.390,1.6300
2brb,2brb_466,6.060,3.2520
2brb,2brb_469,5.350,-0.6750
2brb,2brb_474,3.650,2.6400
2brb,2brb_477,4.500,-10.3280
2brb,2brb_490,1.710,-0.5590
2brb,2brb_494,5.040,-6.1530
2c3i,2c3i_580,3.980,4.5250
2c3i,2c3i_590,3.840,4.7170
2c3i,2c3i_592,3.720,2.0810
2c3i,2c3i_603,4.990,3.1640
2c3i,2c3i_609,2.480,-0.4440
2c3i,2c3i_619,2.960,2.8470
2c3i,2c3i_62,2.010,7.1420
2c3i,2c3i_637,4.210,4.8060
2c3i,2c3i_650,1.800,2.0370
2c3i,2c3i_658,6.040,4.2970
2c3i,2c3i_659,2.620,3.7960
2c3i,2c3i_663,6.350,0.9040
2c3i,2c3i_675,3.890,3.0270
2c3i,2c3i_680,1.240,2.8180
2c3i,2c3i_687,6.100,-1.0960
2c3i,2c3i_690,3.120,5.7410
2brb,2brb_146,4.830,6.8820
2brb,2brb_183,3.970,7.1760
2brb,2brb_214,1.070,5.9610
2brb,2brb_223,0.810,6.8380
2brb,2brb_246,0.980,6.1770
2brb,2brb_285,4.320,4.2080
2brb,2brb_302,0.710,7.9750
2brb,2brb_318,0.710,7.6860
2c3i,2c3i_746,3.980,5.9720
2c3i,2c3i_749,5.240,5.2110
2c3i,2c3i_799,0.900,7.6450
2c3i,2c3i_818,1.740,7.1350
2c3i,2c3i_823,0.880,7.9250
2c3i,2c3i_846,0.690,6.2980
2c3i,2c3i_857,1.060,7.3300
2c3i,2c3i_861,0.850,7.0270
1z95,1z95_648,3.180,-5.0990
1z95,1z95_658,6.230,-5.4640
1z95,1z95_663,2.080,-6.4650
1z95,1z95_666,5.190,-2.5520
1z95,1z95_684,2.920,-4.9320
1z95,1z95_686,4.100,-18.0020
1z95,1z95_690,5.930,-3.4310
1z95,1z95_694,4.770,-6.5170
2c3i,2c3i_693,2.070,3.5950
2c3i,2c3i_696,5.300,2.3510
2c3i,2c3i_699,6.420,-4.5240
2c3i,2c3i_719,5.280,5.2780
2c3i,2c3i_720,1.180,7.8170
2c3i,2c3i_729,0.680,7.3650
2c3i,2c3i_734,0.970,7.0150
2c3i,2c3i_743,5.060,7.3070
1z95,1z95_514,2.560,-0.0580
1z95,1z95_544,3.900,-12.8040
1z95,1z95_545,5.330,-9.5890
1z95,1z95_547,3.390,-5.1790
1z95,1z95_548,2.790,-6.6310
1z95,1z95_550,3.100,-4.0610
1z95,1z95_555,1.640,-3.4020
1z95,1z95_560,5.860,-5.7020
1z95,1z95_700,5.950,-7.5340
1z95,1z95_742,0.890,7.0650
1z95,1z95_765,3.870,6.2320
1z95,1z95_774,4.030,5.0010
1z95,1z95_779,4.330,-0.6260
1z95,1z95_827,1.130,7.8360
1z95,1z95_872,1.200,6.5010
1z95,1z95_964,1.730,4.6340
2brb,2brb_361,0.540,8.0920
2brb,2brb_383,0.620,7.8690
2brb,2brb_405,5.630,5.2990
2brb,2brb_406,6.540,3.7620
2brb,2brb_408,6.380,0.8470
2brb,2brb_425,6.500,1.6780
2brb,2brb_442,6.550,3.9770
2brb,2brb_449,5.750,-3.3140
2brb,2brb_558,2.270,5.7180
2brb,2brb_568,2.590,4.5610
2brb,2brb_582,3.220,-1.4910
2brb,2brb_586,4.470,2.5310
2brb,2brb_593,3.230,1.8570
2brb,2brb_594,4.390,3.2350
2brb,2brb_596,1.620,1.9310
2brb,2brb_597,2.960,3.7280
1z95,1z95_419,1.820,-8.8370
1z95,1z95_427,3.350,-10.3240
1z95,1z95_428,3.150,-22.0230
1z95,1z95_436,6.490,-16.5510
1z95,1z95_437,4.040,-21.9540
1z95,1z95_444,5.790,-13.4300
1z95,1z95_445,6.160,-13.5880
1z95,1z95_449,2.480,-16.3930
2brb,2brb_674,5.180,-4.8050
2brb,2brb_675,2.510,-2.5720
2brb,2brb_682,1.090,0.5480
2brb,2brb_693,2.500,-5.5250
2brb,2brb_696,5.090,1.2470
2brb,2brb_697,1.880,-6.1020
2brb,2brb_705,0.770,7.2240
2brb,2brb_713,1.460,4.0650
2brb,2brb_601,7.080,2.1840
2brb,2brb_608,4.270,2.3170
2brb,2brb_624,3.540,2.1830
2brb,2brb_643,3.950,-1.1340
2brb,2brb_655,6.580,0.3080
2brb,2brb_666,4.250,-0.8980
2brb,2brb_671,2.930,1.8000
2brb,2brb_672,3.950,3.0710
2brb,2brb_743,0.710,6.4570
2brb,2brb_745,1.810,6.2190
2brb,2brb_751,1.420,6.7920
2brb,2brb_752,0.930,6.5150
2brb,2brb_754,5.040,4.4530
2brb,2brb_759,5.570,3.8230
2brb,2brb_85,0.930,7.1470
2brb,2brb_88,1.310,5.0640
2br1,2br1_897,4.140,4.6320
2br1,2br1_952,6.000,5.7910
2br1,2br1_966,5.190,3.8630
2br1,2br1_976,1.620,5.9570
2br1,2br1_984,4.410,5.3120
2br1,2br1_988,6.010,5.6990
2brb,2brb_128,4.540,7.6350
2brb,2brb_13,4.140,4.2160
2br1,2br1_195,3.990,3.7370
2br1,2br1_208,2.030,5.6200
2br1,2br1_228,7.070,2.3040
2br1,2br1_248,6.680,5.1210
2br1,2br1_257,1.800,5.2370
2br1,2br1_315,0.700,7.3050
2br1,2br1_316,0.920,7.7350
2br1,2br1_349,1.000,7.6830
2br1,2br1_354,0.830,7.6240
2br1,2br1_356,0.990,7.6230
2br1,2br1_375,0.910,6.9380
2br1,2br1_383,0.570,7.6870
2br1,2br1_392,0.830,7.7800
2br1,2br1_413,5.830,-2.0590
2br1,2br1_416,6.310,-6.9100
2br1,2br1_419,6.030,-1.9720
2br1,2br1_523,4.720,-3.4620
2br1,2br1_524,3.560,-0.1500
2br1,2br1_540,3.470,0.5920
2br1,2br1_543,1.980,4.2600
2br1,2br1_549,3.060,-3.9040
2br1,2br1_554,2.690,4.3280
2br1,2br1_566,5.250,-2.6610
2br1,2br1_572,2.660,4.8230
2cbv,2cbv_591,5.720,0.6570
2cbv,2cbv_592,6.110,2.8270
2cbv,2cbv_593,6.810,3.6760
2cbv,2cbv_595,3.160,0.1990
2cbv,2cbv_596,5.460,3.2680
2cbv,2cbv_62,0.420,5.7720
2cbv,2cbv_658,3.210,2.3560
2cbv,2cbv_661,2.620,-9.2250
2br1,2br1_760,5.120,1.3160
2br1,2br1_762,1.420,6.4710
2br1,2br1_763,0.930,6.1800
2br1,2br1_764,5.450,6.0860
2br1,2br1_767,4.660,6.2870
2br1,2br1_769,1.240,6.7570
2br1,2br1_789,3.200,6.3400
2br1,2br1_790,5.040,4.0830
2br1,2br1_831,4.160,6.7180
2br1,2br1_835,3.830,5.7930
2br1,2br1_850,4.080,5.6470
2br1,2br1_854,4.410,6.6710
2br1,2br1_857,2.670,5.8840
2br1,2br1_866,1.460,6.7200
2br1,2br1_873,1.630,7.1200
2br1,2br1_879,1.620,6.2430
2br1,2br1_673,6.440,-0.3770
2br1,2br1_675,2.140,-3.0830
2br1,2br1_689,2.340,1.0890
2br1,2br1_694,6.630,4.5320
2br1,2br1_710,6.460,3.1530
2br1,2br1_723,4.180,6.1050
2br1,2br1_744,1.540,5.3380
2br1,2br1_746,4.180,3.3470
2br1,2br1_430,5.360,-12.7060
2br1,2br1_433,2.880,4.9930
2br1,2br1_455,6.240,-0.4480
2br1,2br1_47,0.840,7.7230
2br1,2br1_475,6.120,-9.1600
2br1,2br1_479,6.540,-2.4590
2br1,2br1_502,2.370,6.1930
2br1,2br1_511,3.170,5.5860
2br1,2br1_588,2.030,3.3500
2br1,2br1_598,5.410,-9.7660
2br1,2br1_606,4.020,-0.7610
2br1,2br1_621,5.230,-0.6740
2br1,2br1_630,3.800,1.1980
2br1,2br1_649,7.010,-2.6040
2br1,2br1_663,1.750,2.4950
2br1,2br1_666,2.950,4.6120
2cbv,2cbv_675,3.400,2.1950
2cbv,2cbv_685,3.100,-7.1260
2cbv,2cbv_696,3.360,-0.5640
2cbv,2cbv_712,0.580,6.0960
2cbv,2cbv_719,0.380,6.7700
2cbv,2cbv_753,1.990,4.2560
2cbv,2cbv_759,2.130,2.0170
2cbv,2cbv_770,2.510,1.5930
2cbv,2cbv_772,2.410,2.6350
2cbv,2cbv_773,1.710,2.4700
2cbv,2cbv_781,2.460,3.8770
2cbv,2cbv_785,1.930,4.0080
2cbv,2cbv_869,1.860,2.0750
2cbv,2cbv_871,1.720,4.1910
2cbv,2cbv_872,3.090,3.8650
2cbv,2cbv_877,1.300,3.4670
1z6e,1z6e_614,4.550,-1.5010
1z6e,1z6e_636,8.290,-11.7300
1z6e,1z6e_64,0.810,9.2810
1z6e,1z6e_643,3.980,-3.9270
1z6e,1z6e_65,8.630,1.0330
1z6e,1z6e_663,7.180,-10.4450
1z6e,1z6e_665,7.390,-6.2780
1z6e,1z6e_668,9.690,-4.0310
1z6e,1z6e_843,6.990,5.0030
1z6e,1z6e_879,2.720,1.7920
1z6e,1z6e_88,2.370,6.2840
1z6e,1z6e_97,9.550,3.1560
1z6e,1z6e_974,2.760,4.5690
1z6e,1z6e_978,1.100,7.3350
1z95,1z95_14,0.690,7.8010
1z95,1z95_169,0.450,9.6270
2cbv,2cbv_881,2.360,2.2520
2cbv,2cbv_90,0.250,5.8350
2cbv,2cbv_945,0.990,5.1410
2cbv,2cbv_984,2.050,3.0660
2cbv,2cbv_985,2.000,3.6390
2cet,2cet_108,1.210,6.9390
2cet,2cet_123,0.940,7.8750
2cet,2cet_125,2.480,7.6020
1z6e,1z6e_74,4.860,6.6050
1z6e,1z6e_748,7.150,1.9630
1z6e,1z6e_749,5.080,3.8970
1z6e,1z6e_75,8.680,4.5400
1z6e,1z6e_754,2.440,5.8450
1z6e,1z6e_755,7.430,3.9360
1z6e,1z6e_756,6.350,0.1350
1z6e,1z6e_757,3.870,4.3610
1z6e,1z6e_768,8.800,-1.0530
1z6e,1z6e_772,5.350,5.8760
1z6e,1z6e_773,5.020,2.3470
1z6e,1z6e_774,4.940,3.2950
1z6e,1z6e_776,1.860,6.9260
1z6e,1z6e_779,5.530,4.2280
1z6e,1z6e_799,1.930,4.1330
1z6e,1z6e_83,0.960,9.0430
1z6e,1z6e_680,6.370,-12.9110
1z6e,1z6e_688,5.920,-4.7490
1z6e,1z6e_691,7.630,-2.0640
1z6e,1z6e_694,3.830,-5.3930
1z6e,1z6e_702,0.950,7.1180
1z6e,1z6e_712,1.220,8.0410
1z6e,1z6e_722,1.960,5.8010
1z6e,1z6e_735,4.180,1.7750
2cet,2cet_188,0.680,7.1640
2cet,2cet_313,0.850,7.6750
2cet,2cet_326,0.970,8.3170
2cet,2cet_359,0.880,8.5120
2cet,2cet_378,4.070,7.0310
2cet,2cet_406,2.780,-6.0340
2cet,2cet_418,7.120,1.0170
2cet,2cet_419,3.110,0.1590
2cet,2cet_421,6.770,1.2600
2cet,2cet_430,7.190,5.2580
2cet,2cet_435,3.530,-1.8270
2cet,2cet_436,2.770,2.5620
2cet,2cet_452,5.970,3.1700
2cet,2cet_457,7.650,0.5360
2cet,2cet_458,3.640,-6.1530
2cet,2cet_466,5.900,1.6120
2cet,2cet_469,7.250,3.7530
2cet,2cet_474,7.680,3.4050
2cet,2cet_478,7.670,5.1320
2cet,2cet_481,1.700,1.2680
2cet,2cet_518,6.650,-0.1570
2cet,2cet_522,5.750,1.6840
2cet,2cet_524,1.440,-3.8180
2cet,2cet_528,6.010,3.2680
2hb1,2hb1_148,0.810,4.2440
2hb1,2hb1_149,1.180,3.9430
2hb1,2hb1_167,0.530,4.2070
2hb1,2hb1_175,0.410,5.3440
2hb1,2hb1_313,0.320,5.6660
2hb1,2hb1_330,0.980,5.3460
2hb1,2hb1_376,1.140,5.2700
2hb1,2hb1_408,2.970,2.6240
2hb1,2hb1_417,0.900,0.6770
2hb1,2hb1_424,1.250,-9.7060
2hb1,2hb1_427,2.190,-6.4750
2hb1,2hb1_438,3.880,-7.1240
2hb1,2hb1_440,2.990,0.9400
2hb1,2hb1_447,3.260,-4.2780
2hb1,2hb1_448,2.230,-4.5910
2hb1,2hb1_457,1.000,0.5690
2hb1,2hb1_463,3.080,-11.5110
2hb1,2hb1_477,3.390,3.7620
2hb1,2hb1_480,1.850,-11.8800
2hb1,2hb1_485,1.880,-3.1550
2hb1,2hb1_495,3.340,-4.2510
2hb1,2hb1_504,2.100,3.7050
2hb1,2hb1_559,3.010,-3.7600
2hb1,2hb1_562,1.900,0.2210
2cet,2cet_560,2.860,-2.9340
2cet,2cet_561,5.160,0.9880
2cet,2cet_564,1.260,0.8900
2cet,2cet_566,5.810,2.1720
2cet,2cet_567,4.850,4.2800
2cet,2cet_568,5.550,0.0280
2cet,2cet_569,6.560,-0.8080
2cet,2cet_570,7.500,0.5320
2cet,2cet_529,3.360,1.7170
2cet,2cet_533,3.860,1.2920
2cet,2cet_540,8.270,2.3630
2cet,2cet_548,7.300,2.6200
2cet,2cet_550,5.330,3.9620
2cet,2cet_552,6.710,3.3280
2cet,2cet_554,6.450,4.2940
2cet,2cet_556,4.400,0.9800
2cet,2cet_593,4.500,1.7370
2cet,2cet_594,4.410,4.5040
2cet,2cet_595,6.150,4.9340
2cet,2cet_599,3.180,-0.7360
2cet,2cet_643,4.450,-5.0560
2cet,2cet_656,8.080,-3.3590
2cet,2cet_662,5.780,1.5230
2cet,2cet_665,2.230,-8.2410
2cet,2cet_578,8.370,4.4640
2cet,2cet_580,2.730,-2.6540
2cet,2cet_581,3.270,0.8630
2cet,2cet_585,7.410,4.7520
2cet,2cet_588,4.840,-1.1210
2cet,2cet_589,5.100,1.9760
2cet,2cet_591,6.210,5.1320
2cet,2cet_592,2.520,-3.2090
2cet,2cet_668,4.610,4.1650
2cet,2cet_669,7.780,2.1020
2cet,2cet_672,6.780,3.6580
2cet,2cet_673,6.240,-7.2790
2cet,2cet_676,5.210,2.6600
2cet,2cet_679,2.620,-6.7140
2cet,2cet_682,4.430,1.6590
2cet,2cet_689,3.470,-3.8270
2cet,2cet_699,5.000,0.4840
2cet,2cet_722,1.980,1.8070
2cet,2cet_725,0.830,3.5650
2cet,2cet_734,0.980,4.5560
2cet,2cet_741,0.740,3.6630
2cet,2cet_742,0.890,3.1920
2cet,2cet_745,3.230,2.6360
2cet,2cet_756,0.770,3.1820
2hb1,2hb1_573,3.140,-5.4810
2hb1,2hb1_574,3.200,-3.1360
2hb1,2hb1_613,2.720,-1.4760
2hb1,2hb1_640,0.730,3.1680
2hb1,2hb1_642,1.670,-1.2730
2hb1,2hb1_664,4.260,3.1110
2hb1,2hb1_666,2.160,0.5540
2hb1,2hb1_675,3.020,-5.5410
2cet,2cet_761,1.510,4.4940
2cet,2cet_765,2.930,2.0170
2cet,2cet_768,2.990,3.5560
2cet,2cet_776,1.080,3.2300
2cet,2cet_777,3.440,2.4430
2cet,2cet_855,1.300,4.6110
2cet,2cet_857,1.470,5.1840
2cet,2cet_875,1.790,3.3770
2hb1,2hb1_689,1.850,-1.3280
2hb1,2hb1_690,1.340,1.3320
2hb1,2hb1_695,2.760,-3.1260
2hb1,2hb1_763,2.200,3.2240
2hb1,2hb1_772,2.570,4.2360
2hb1,2hb1_785,3.670,3.0720
2hb1,2hb1_981,0.790,4.2230
2iwx,2iwx_101,0.420,8.2430
2j78,2j78_176,4.080,4.5490
2j78,2j78_22,0.880,4.0080
2j78,2j78_31,0.740,5.4410
2j78,2j78_311,0.370,5.8340
2j78,2j78_317,4.190,5.0440
2j78,2j78_320,7.160,5.4150
2j78,2j78_326,0.700,5.7310
2j78,2j78_332,7.320,4.6830
2j7h,2j7h_567,4.310,2.8110
2j7h,2j7h_569,4.330,1.3110
2j7h,2j7h_586,4.010,3.1810
2j7h,2j7h_597,5.020,2.8200
2j7h,2j7h_633,3.100,-1.2030
2j7h,2j7h_720,0.450,5.2020
2j7h,2j7h_721,0.750,4.8590
2j7h,2j7h_727,1.460,2.7830
2j7h,2j7h_539,4.380,2.7940
2j7h,2j7h_541,3.170,-1.2470
2j7h,2j7h_549,3.190,0.2280
2j7h,2j7h_555,4.820,3.1140
2j7h,2j7h_557,3.230,3.4070
2j7h,2j7h_558,4.120,3.3830
2j7h,2j7h_56,0.850,5.2900
2j7h,2j7h_563,4.060,2.6100
2j7h,2j7h_274,1.030,3.0870
2j7h,2j7h_33,2.370,4.1760
2j7h,2j7h_41,0.430,4.4860
2j7h,2j7h_451,1.580,-1.2750
2j7h,2j7h_458,2.230,-4.0940
2j7h,2j7h_48,0.170,5.2430
2j7h,2j7h_480,1.850,-9.4340
2j7h,2j7h_522,3.360,0.4160
2fxs,2fxs_910,5.750,4.3760
2fxs,2fxs_921,0.950,2.6320
2fxs,2fxs_927,0.790,4.0790
2fxs,2fxs_939,2.970,3.3570
2fxs,2fxs_941,0.650,3.9740
2fxs,2fxs_953,0.540,3.6140
2hb1,2hb1_102,1.070,4.8740
2hb1,2hb1_134,0.790,4.8760
2j7h,2j7h_776,4.390,3.7980
2j7h,2j7h_778,4.180,2.9280
2j7h,2j7h_780,3.530,4.1190
2j7h,2j7h_784,1.900,2.6960
2j7h,2j7h_787,2.690,-1.0920
2j7h,2j7h_793,3.180,2.5030
2j7h,2j7h_794,3.350,2.6630
2j7h,2j7h_795,2.470,1.6910
2j78,2j78_938,3.090,0.1580
2j78,2j78_941,0.980,3.4380
2j78,2j78_97,0.470,5.7400
2j7h,2j7h_18,0.960,4.0970
2j7h,2j7h_211,0.490,4.7400
2j7h,2j7h_219,0.880,3.6010
2j7h,2j7h_227,2.310,3.1570
2j7h,2j7h_26,0.410,5.4110
2j78,2j78_349,7.130,4.6020
2j78,2j78_369,6.930,5.0510
2j78,2j78_382,4.290,5.0670
2j78,2j78_383,4.410,5.2350
2j78,2j78_397,4.260,4.8960
2j78,2j78_406,0.920,-1.2500
2j78,2j78_458,1.140,3.6400
2j78,2j78_459,1.990,-0.0520
2j7h,2j7h_733,1.710,2.7080
2j7h,2j7h_736,1.380,3.9010
2j7h,2j7h_747,1.410,2.8910
2j7h,2j7h_752,4.110,3.2510
2j7h,2j7h_761,1.520,4.7420
2j7h,2j7h_762,1.590,5.0660
2j7h,2j7h_767,2.250,1.8270
2j7h,2j7h_771,2.370,2.9250
2j78,2j78_460,1.590,-0.8060
2j78,2j78_471,2.490,0.6160
2j78,2j78_486,1.860,2.7870
2j78,2j78_507,1.960,-0.1080
2j78,2j78_52,0.870,3.6820
2j78,2j78_546,3.940,3.1430
2j78,2j78_575,4.580,3.9620
2j78,2j78_597,2.380,2.0040
2j78,2j78_808,0.970,4.1900
2j78,2j78_812,0.790,3.1110
2j78,2j78_827,3.510,5.6520
2j78,2j78_835,1.760,2.1790
2j78,2j78_857,1.760,3.3540
2j78,2j78_862,1.560,4.8900
2j78,2j78_881,2.210,3.6380
2j78,2j78_882,3.050,4.3310
2j78,2j78_621,2.290,2.8250
2j78,2j78_626,3.010,-2.9600
2j78,2j78_650,3.010,0.4600
2j78,2j78_657,4.470,3.8470
2j78,2j78_684,3.080,2.2760
2j78,2j78_716,3.270,3.1160
2j78,2j78_719,2.340,2.1830
2j78,2j78_744,2.690,4.2610
2fvd,2fvd_10,6.000,2.6860
2fvd,2fvd_102,0.950,7.2780
2fvd,2fvd_105,3.340,7.8110
2fvd,2fvd_107,9.570,4.8990
2fvd,2fvd_116,3.020,7.2480
2fvd,2fvd_118,3.820,4.4180
2fvd,2fvd_121,5.080,5.6270
2fvd,2fvd_122,2.790,7.5910
2j78,2j78_751,2.650,1.2710
2j78,2j78_754,1.880,0.4490
2j78,2j78_755,2.470,0.4540
2j78,2j78_777,2.100,-0.4900
2j78,2j78_779,3.260,1.4410
2j78,2j78_787,2.780,1.8330
2j78,2j78_795,3.460,1.9210
2j78,2j78_796,1.750,0.1420
2iwx,2iwx_847,8.680,3.5340
2iwx,2iwx_866,5.180,4.9580
2iwx,2iwx_874,6.080,4.0960
2iwx,2iwx_881,7.080,3.8990
2iwx,2iwx_970,7.580,4.3150
2j78,2j78_101,4.110,4.0920
2j78,2j78_115,4.020,4.1790
2j78,2j78_140,4.130,4.4570
2fxs,2fxs_584,1.920,2.6280
2fxs,2fxs_597,5.050,-7.2430
2fxs,2fxs_608,1.550,2.7110
2fxs,2fxs_632,6.410,0.4750
2fxs,2fxs_636,1.700,-3.2860
2fxs,2fxs_643,6.050,3.4770
2fxs,2fxs_67,0.630,5.8660
2fxs,2fxs_678,5.600,-9.7310
2fvd,2fvd_126,9.840,4.6370
2fvd,2fvd_136,3.470,6.9060
2fvd,2fvd_169,6.180,5.6880
2fvd,2fvd_175,5.930,6.9670
2fvd,2fvd_188,9.920,4.5300
2fvd,2fvd_200,5.180,6.0340
2fvd,2fvd_204,2.440,4.6060
2fvd,2fvd_210,0.640,6.7060
2fvd,2fvd_211,0.850,5.1650
2fvd,2fvd_219,7.940,5.3220
2fvd,2fvd_220,6.850,4.6790
2fvd,2fvd_223,0.610,6.8120
2fvd,2fvd_225,2.070,5.6670
2fvd,2fvd_235,0.870,5.2500
2fvd,2fvd_238,7.620,-1.5480
2fvd,2fvd_24,5.830,5.6590
2fvd,2fvd_243,7.600,6.2990
2fvd,2fvd_266,9.530,3.2310
2fvd,2fvd_270,1.020,4.8000
2fvd,2fvd_275,0.920,6.6080
2fvd,2fvd_282,8.260,5.8760
2fvd,2fvd_286,1.080,4.4770
2fvd,2fvd_288,0.540,6.6480
2fvd,2fvd_292,1.080,5.0870
2iwx,2iwx_731,6.440,3.6960
2iwx,2iwx_735,5.390,3.1880
2iwx,2iwx_745,8.970,3.4180
2iwx,2iwx_752,4.940,4.7000
2iwx,2iwx_756,4.950,3.7270
2iwx,2iwx_757,7.140,3.8170
2iwx,2iwx_758,6.920,3.1640
2iwx,2iwx_759,6.900,3.8650
2iwx,2iwx_103,0.970,6.9060
2iwx,2iwx_315,0.670,7.8950
2iwx,2iwx_351,0.330,8.4560
2iwx,2iwx_366,0.540,7.9260
2iwx,2iwx_368,0.870,8.0070
2iwx,2iwx_394,0.360,8.6030
2iwx,2iwx_404,2.130,-6.8780
2iwx,2iwx_406,4.950,-7.0490
2fxs,2fxs_49,0.690,5.4940
2fxs,2fxs_491,6.220,-18.9250
2fxs,2fxs_507,5.420,-1.8480
2fxs,2fxs_521,1.780,-1.0220
2fxs,2fxs_552,6.070,-1.0180
2fxs,2fxs_559,4.460,-1.4700
2fxs,2fxs_564,5.110,1.6270
2fxs,2fxs_576,3.870,-2.5080
2fvd,2fvd_309,8.260,6.3350
2fvd,2fvd_312,7.640,7.0480
2fvd,2fvd_34,0.830,6.4290
2fvd,2fvd_345,1.410,7.4590
2fvd,2fvd_348,8.610,6.3620
2fvd,2fvd_369,2.940,8.4830
2fvd,2fvd_382,3.140,6.8380
2fvd,2fvd_388,9.280,6.4680
2iwx,2iwx_407,1.160,4.6170
2iwx,2iwx_409,2.580,-6.6760
2iwx,2iwx_412,4.330,-22.3590
2iwx,2iwx_432,1.710,-1.0520
2iwx,2iwx_433,5.250,-14.3720
2iwx,2iwx_438,3.610,-18.8060
2iwx,2iwx_440,1.200,1.8920
2iwx,2iwx_446,2.240,-9.1820
2fvd,2fvd_872,9.310,3.4590
2fvd,2fvd_880,8.060,2.0360
2fvd,2fvd_881,7.680,2.4300
2fvd,2fvd_889,0.890,7.4680
2fxs,2fxs_120,5.250,4.1150
2fxs,2fxs_142,2.450,4.5250
2fxs,2fxs_153,3.060,5.1370
2fxs,2fxs_163,4.650,3.1580
2fvd,2fvd_39,0.970,4.5860
2fvd,2fvd_397,8.800,5.4230
2fvd,2fvd_40,1.030,4.4970
2fvd,2fvd_408,7.480,-12.4520
2fvd,2fvd_410,5.080,-4.5820
2fvd,2fvd_42,3.040,4.7470
2fvd,2fvd_421,2.400,-2.5000
2fvd,2fvd_428,4.020,-6.5480
2fvd,2fvd_48,6.580,3.9960
2fvd,2fvd_484,8.020,-6.5510
2fvd,2fvd_490,3.340,-3.2730
2fvd,2fvd_495,3.170,0.7210
2fvd,2fvd_50,6.500,-1.0240
2fvd,2fvd_505,3.290,-1.3700
2fvd,2fvd_553,4.860,-0.3060
2fvd,2fvd_555,2.090,2.1820
2iwx,2iwx_659,2.440,0.2300
2iwx,2iwx_663,4.560,2.1970
2iwx,2iwx_664,5.500,2.6510
2iwx,2iwx_667,6.100,-0.9960
2iwx,2iwx_671,5.990,-0.7500
2iwx,2iwx_672,4.500,-0.9830
2iwx,2iwx_685,5.590,-1.2760
2iwx,2iwx_728,3.310,5.6390
2fvd,2fvd_585,6.620,-6.7660
2fvd,2fvd_592,7.910,-1.9860
2fvd,2fvd_599,5.820,-0.4400
2fvd,2fvd_6,2.580,-0.3190
2fvd,2fvd_602,8.570,1.2260
2fvd,2fvd_603,4.130,-1.8790
2fvd,2fvd_606,4.960,-1.8910
2fvd,2fvd_610,8.030,-1.4190
2fxs,2fxs_241,3.830,-0.1340
2fxs,2fxs_251,3.960,3.3790
2fxs,2fxs_266,4.150,5.1810
2fxs,2fxs_336,0.760,5.8790
2fxs,2fxs_345,0.670,6.0420
2fxs,2fxs_397,6.380,5.8650
2fxs,2fxs_41,0.600,5.6640
2fxs,2fxs_453,6.090,-12.1290
2fvd,2fvd_62,4.000,4.0150
2fvd,2fvd_637,5.500,-5.5200
2fvd,2fvd_638,8.130,0.8540
2fvd,2fvd_639,5.670,5.0080
2fvd,2fvd_640,4.190,0.8810
2fvd,2fvd_642,7.900,0.2600
2fvd,2fvd_645,4.450,-10.8030
2fvd,2fvd_649,9.030,-1.8510
2fvd,2fvd_747,1.690,7.0150
2fvd,2fvd_751,2.130,3.1190
2fvd,2fvd_76,1.220,6.5160
2fvd,2fvd_778,9.130,7.7540
2fvd,2fvd_780,2.130,5.4280
2fvd,2fvd_783,9.940,4.1080
2fvd,2fvd_809,2.000,6.9220
2fvd,2fvd_86,1.320,3.8980
2fvd,2fvd_65,1.350,5.3390
2fvd,2fvd_673,6.040,-11.2750
2fvd,2fvd_679,5.080,1.9720
2fvd,2fvd_680,9.330,-2.8020
2fvd,2fvd_695,4.600,2.1670
2fvd,2fvd_698,6.840,-1.2560
2fvd,2fvd_71,7.200,3.2380
2fvd,2fvd_72,6.810,3.0330
2fxs,2fxs_693,4.160,-0.8820
2fxs,2fxs_697,2.910,2.7850
2fxs,2fxs_701,5.930,3.5870
2fxs,2fxs_704,2.370,3.8310
2fxs,2fxs_706,1.290,3.7330
2fxs,2fxs_730,4.370,3.3070
2fxs,2fxs_745,1.580,4.9190
2fxs,2fxs_747,5.360,2.9710
2iwx,2iwx_487,4.080,-29.7920
2iwx,2iwx_492,3.790,-21.2540
2iwx,2iwx_498,3.260,-19.0430
2iwx,2iwx_507,1.140,-3.7170
2iwx,2iwx_508,0.980,3.8320
2iwx,2iwx_519,2.120,1.9010
2iwx,2iwx_529,1.480,3.8270
2iwx,2iwx_534,0.970,6.9500
2fvd,2fvd_434,5.270,2.3290
2fvd,2fvd_435,8.020,3.5690
2fvd,2fvd_443,4.510,1.8740
2fvd,2fvd_467,2.590,-7.1820
2fvd,2fvd_468,6.250,-13.9520
2fvd,2fvd_469,6.870,-7.6260
2fvd,2fvd_475,7.640,-12.4770
2fvd,2fvd_478,4.020,-4.6340
2iwx,2iwx_760,6.630,3.5590
2iwx,2iwx_762,6.180,4.4620
2iwx,2iwx_763,6.010,3.2350
2iwx,2iwx_766,7.170,3.2010
2iwx,2iwx_776,3.960,-0.9370
2iwx,2iwx_780,3.990,-1.5120
2iwx,2iwx_801,0.840,6.7320
2iwx,2iwx_843,8.730,3.6650
2iwx,2iwx_456,5.180,-14.3630
2iwx,2iwx_463,3.270,-6.7460
2iwx,2iwx_464,2.720,-0.8740
2iwx,2iwx_469,2.790,-13.7270
2iwx,2iwx_470,5.020,-7.0370
2iwx,2iwx_472,1.270,0.5210
2iwx,2iwx_480,4.830,-3.3860
2iwx,2iwx_484,1.910,-22.1200
2fxs,2fxs_750,1.390,4.1640
2fxs,2fxs_751,2.730,3.5250
2fxs,2fxs_753,3.290,3.5560
2fxs,2fxs_754,4.770,2.8650
2fxs,2fxs_760,1.890,5.1990
2fxs,2fxs_763,2.660,4.2580
2fxs,2fxs_764,2.860,4.3220
2fxs,2fxs_769,4.370,4.6960
2iwx,2iwx_596,5.210,5.1410
2iwx,2iwx_598,2.950,-6.5780
2iwx,2iwx_623,3.900,-6.7160
2iwx,2iwx_631,1.830,-1.0430
2iwx,2iwx_633,1.610,3.4520
2iwx,2iwx_645,4.300,-7.9030
2iwx,2iwx_647,3.690,-1.6910
2iwx,2iwx_657,2.470,-0.5520
2iwx,2iwx_547,6.330,0.4780
2iwx,2iwx_567,8.370,-3.8200
2iwx,2iwx_570,3.590,-8.1720
2iwx,2iwx_572,2.520,-1.1530
2iwx,2iwx_575,6.900,-16.2820
2iwx,2iwx_578,1.840,-2.5640
2iwx,2iwx_583,4.860,-5.9650
2iwx,2iwx_590,5.950,-13.2240
2fxs,2fxs_770,3.200,5.1640
2fxs,2fxs_774,3.130,1.8780
2fxs,2fxs_775,2.060,3.9090
2fxs,2fxs_777,4.020,4.7850
2fxs,2fxs_779,3.640,4.2060
2fxs,2fxs_789,4.770,4.1030
2fxs,2fxs_815,1.490,3.0330
2fxs,2fxs_827,0.870,4.0060
2j7h,2j7h_796,2.710,0.9600
2j7h,2j7h_797,2.430,0.2490
2j7h,2j7h_840,2.270,4.0810
2j7h,2j7h_861,3.160,-0.3130
2j7h,2j7h_869,3.870,4.1570
2j7h,2j7h_912,0.480,5.3590
2p15,2p15_133,1.140,11.1550
2p15,2p15_155,4.560,9.9810
2fxs,2fxs_861,3.630,4.2460
2fxs,2fxs_864,4.680,1.3150
2fxs,2fxs_869,3.930,4.8020
2fxs,2fxs_876,5.180,4.3180
2fxs,2fxs_879,2.500,3.4470
2fxs,2fxs_889,2.310,4.0780
2fxs,2fxs_896,5.160,2.6000
2fxs,2fxs_905,1.620,4.3250
2pog,2pog_468,1.350,1.3880
2pog,2pog_470,3.020,1.8010
2pog,2pog_473,2.240,4.1230
2pog,2pog_479,3.200,-2.9740
2pog,2pog_491,3.100,-8.5360
2pog,2pog_522,2.520,3.7030
2pog,2pog_530,1.290,3.9870
2pog,2pog_531,1.670,2.3150
2pog,2pog_652,2.190,0.6450
2pog,2pog_661,3.130,-1.1270
2pog,2pog_694,3.040,0.2060
2pog,2pog_729,0.710,8.3450
2pog,2pog_731,0.650,9.0690
2pog,2pog_734,0.870,9.2700
2pog,2pog_750,1.030,6.8490
2pog,2pog_752,1.530,6.3650
2pog,2pog_540,0.960,2.2490
2pog,2pog_552,1.520,6.3520
2pog,2pog_572,4.210,5.8030
2pog,2pog_592,2.060,0.1100
2pog,2pog_593,4.260,3.4920
2pog,2pog_594,2.660,-1.3370
2pog,2pog_619,3.040,1.1640
2pog,2pog_627,3.110,-3.1370
2pog,2pog_760,3.990,4.8400
2pog,2pog_772,2.760,6.1500
2pog,2pog_777,3.010,6.8250
2pog,2pog_785,2.660,6.6180
2pog,2pog_787,2.970,5.2030
2pog,2pog_788,4.140,3.3480
2pog,2pog_791,2.600,-3.5560
2pog,2pog_792,2.680,0.9320
2p4y,2p4y_961,5.380,7.5600
2p4y,2p4y_979,6.030,7.0990
2pog,2pog_402,3.050,-1.7390
2pog,2pog_404,1.380,6.0620
2pog,2pog_405,0.660,8.1870
2pog,2pog_434,1.220,7.6780
2pog,2pog_441,0.770,6.6150
2pog,2pog_457,1.050,1.4640
2pog,2pog_853,1.200,8.0960
2pog,2pog_856,0.650,9.1110
2pog,2pog_876,0.850,8.7800
2pog,2pog_967,0.440,9.5390
2pog,2pog_994,0.710,8.9100
2qbp,2qbp_100,7.070,2.7910
2qbp,2qbp_103,6.770,4.6650
2qbp,2qbp_110,9.850,1.0910
2p15,2p15_456,2.540,-1.0610
2p15,2p15_460,1.830,0.2310
2p15,2p15_466,3.860,0.9320
2p15,2p15_471,1.990,-4.4860
2p15,2p15_478,3.540,0.8190
2p15,2p15_479,4.000,-1.0520
2p15,2p15_480,2.100,-8.9330
2p15,2p15_481,2.150,-6.7170
2p15,2p15_489,2.150,-11.3180
2p15,2p15_493,4.100,-12.6610
2p15,2p15_496,4.300,-4.7340
2p15,2p15_546,4.760,2.4240
2p15,2p15_550,3.780,4.2160
2p15,2p15_557,2.610,-5.0190
2p15,2p15_567,4.940,2.7680
2p15,2p15_568,4.630,2.6070
2p15,2p15_569,2.320,1.5890
2p15,2p15_578,3.900,3.6240
2p15,2p15_579,1.530,-2.7350
2p15,2p15_582,5.300,0.6610
2p15,2p15_589,4.030,-3.8590
2p15,2p15_590,5.210,-0.2550
2p15,2p15_591,3.750,0.8480
2p15,2p15_592,1.980,-10.5530
2p15,2p15_598,2.020,4.5060
2p15,2p15_600,5.110,-3.0820
2p15,2p15_645,4.160,3.5720
2p15,2p15_678,4.560,1.8150
2p15,2p15_687,2.390,-8.5120
2p15,2p15_699,2.460,-3.0530
2p15,2p15_700,1.670,-10.0310
2p15,2p15_765,3.820,4.9700
2p15,2p15_216,2.200,5.6520
2p15,2p15_262,0.400,13.8890
2p15,2p15_290,0.780,12.5010
2p15,2p15_331,0.270,14.1220
2p15,2p15_344,0.780,13.4000
2p15,2p15_402,1.000,8.7760
2p15,2p15_404,0.870,5.6800
2p15,2p15_407,0.900,9.3510
2p15,2p15_414,3.900,0.1150
2p15,2p15_415,4.100,3.5980
2p15,2p15_425,1.500,2.0040
2p15,2p15_427,3.800,-4.7290
2p15,2p15_435,1.510,5.9840
2p15,2p15_437,1.380,0.9650
2p15,2p15_446,1.160,4.0810
2p15,2p15_453,3.410,3.1060
2p15,2p15_801,0.600,12.4730
2p15,2p15_850,0.620,12.0750
2p15,2p15_87,0.410,13.5890
2p4y,2p4y_100,1.680,7.8770
2p4y,2p4y_103,0.810,10.2280
2p4y,2p4y_127,7.820,6.6510
2p4y,2p4y_146,1.980,10.0570
2p4y,2p4y_152,0.790,9.7310
2qbp,2qbp_187,9.020,4.8390
2qbp,2qbp_19,7.140,4.1000
2qbp,2qbp_191,7.480,4.7880
2qbp,2qbp_204,3.070,2.3500
2qbp,2qbp_207,6.390,4.3870
2qbp,2qbp_208,4.980,2.6760
2qbp,2qbp_225,0.990,5.7390
2qbp,2qbp_23,6.520,5.1880
2qbp,2qbp_118,5.990,3.6600
2qbp,2qbp_125,7.370,4.1210
2qbp,2qbp_13,1.400,3.6900
2qbp,2qbp_152,7.790,-0.7190
2qbp,2qbp_155,8.340,4.1450
2qbp,2qbp_158,7.170,5.0020
2qbp,2qbp_160,7.220,2.9450
2qbp,2qbp_168,9.070,4.0900
2p4y,2p4y_564,7.770,-10.2180
2p4y,2p4y_570,7.610,-15.6990
2p4y,2p4y_581,7.350,-9.2340
2p4y,2p4y_582,7.060,-14.2570
2p4y,2p4y_587,2.200,-14.4050
2p4y,2p4y_588,7.370,-13.3600
2p4y,2p4y_591,8.410,-8.4840
2p4y,2p4y_595,4.680,-8.8140
2p4y,2p4y_268,2.070,8.1390
2p4y,2p4y_275,5.230,4.6350
2p4y,2p4y_293,1.460,7.6500
2p4y,2p4y_297,1.020,8.2500
2p4y,2p4y_305,3.850,5.9580
2p4y,2p4y_309,9.260,6.5150
2p4y,2p4y_314,2.870,8.1770
2p4y,2p4y_350,9.690,6.8690
2p4y,2p4y_38,0.880,9.1450
2p4y,2p4y_407,2.760,-18.9670
2p4y,2p4y_409,3.560,-31.5630
2p4y,2p4y_412,5.840,-28.7620
2p4y,2p4y_419,1.760,-0.9170
2p4y,2p4y_423,2.290,-15.2530
2p4y,2p4y_424,2.580,-33.6820
2p4y,2p4y_435,3.010,-20.5090
2p4y,2p4y_169,1.910,6.4680
2p4y,2p4y_202,0.810,9.9580
2p4y,2p4y_208,0.820,8.8800
2p4y,2p4y_223,4.930,3.1880
2p4y,2p4y_240,0.790,9.7710
2p4y,2p4y_247,0.790,10.0590
2p4y,2p4y_25,4.440,3.9820
2p4y,2p4y_253,0.590,10.6190
2p4y,2p4y_445,3.220,-20.0390
2p4y,2p4y_446,2.290,-24.1920
2p4y,2p4y_456,3.770,-36.9970
2p4y,2p4y_461,1.370,-2.1200
2p4y,2p4y_472,3.480,-31.1030
2p4y,2p4y_509,7.250,-8.3730
2p4y,2p4y_53,6.020,3.2460
2p4y,2p4y_549,7.410,-16.1820
2p4y,2p4y_596,8.210,-8.9410
2p4y,2p4y_600,3.360,-19.2930
2p4y,2p4y_618,8.110,-15.0840
2p4y,2p4y_649,9.850,0.3510
2p4y,2p4y_665,3.860,-19.4270
2p4y,2p4y_669,5.240,-15.1580
2p4y,2p4y_679,8.200,-13.6240
2p4y,2p4y_685,2.120,-16.6210
2qbp,2qbp_233,8.790,2.8930
2qbp,2qbp_234,5.850,4.5120
2qbp,2qbp_239,4.800,5.2820
2qbp,2qbp_255,5.800,4.3810
2qbp,2qbp_256,4.470,2.0090
2qbp,2qbp_259,0.840,5.8020
2qbp,2qbp_260,1.540,6.2250
2qbp,2qbp_265,2.090,5.0620
2qbp,2qbp_268,8.370,2.9590
2qbp,2qbp_27,9.110,4.0050
2qbp,2qbp_272,0.590,6.0530
2qbp,2qbp_276,0.900,2.2920
2qbp,2qbp_28,1.850,5.9780
2qbp,2qbp_283,5.870,5.2470
2qbp,2qbp_286,6.470,4.2890
2qbp,2qbp_288,0.770,5.5590
2p4y,2p4y_752,3.850,5.8820
2p4y,2p4y_757,4.800,4.3400
2p4y,2p4y_758,6.560,1.1750
2p4y,2p4y_761,6.050,2.0770
2p4y,2p4y_762,5.270,0.5000
2p4y,2p4y_765,2.770,6.7510
2p4y,2p4y_767,4.270,0.6060
2p4y,2p4y_77,0.450,10.5550
2p4y,2p4y_700,7.040,-18.1080
2p4y,2p4y_703,1.460,9.4590
2p4y,2p4y_714,1.490,9.4330
2p4y,2p4y_718,5.850,6.9070
2p4y,2p4y_74,0.950,10.2720
2p4y,2p4y_748,5.110,2.1320
2p4y,2p4y_749,5.750,2.4420
2p4y,2p4y_751,6.150,6.2240
2p4y,2p4y_772,6.800,2.5320
2p4y,2p4y_773,4.570,6.7500
2p4y,2p4y_775,4.970,4.8780
2p4y,2p4y_778,7.140,0.9640
2p4y,2p4y_781,4.270,5.8320
2p4y,2p4y_782,4.330,7.5330
2p4y,2p4y_784,1.560,7.7660
2p4y,2p4y_785,5.770,8.0920
2p4y,2p4y_842,6.110,6.3960
2p4y,2p4y_856,4.350,6.3550
2p4y,2p4y_859,3.110,7.8230
2p4y,2p4y_899,6.540,6.8050
2p4y,2p4y_908,5.940,7.4870
2p4y,2p4y_932,6.920,3.8460
2p4y,2p4y_938,2.810,7.0550
2p4y,2p4y_951,6.270,4.9480
2qbp,2qbp_29,0.900,5.9090
2qbp,2qbp_292,1.340,5.1000
2qbp,2qbp_297,5.300,5.5810
2qbp,2qbp_310,8.870,4.5460
2qbp,2qbp_35,6.100,4.7180
2qbp,2qbp_368,7.050,4.9900
2qbp,2qbp_37,3.260,0.9280
2qbp,2qbp_371,4.630,5.1710
2qbp,2qbp_50,6.020,4.6160
2qbp,2qbp_503,3.540,4.0630
2qbp,2qbp_504,7.640,-6.1580
2qbp,2qbp_528,1.840,-7.9570
2qbp,2qbp_53,2.650,2.8890
2qbp,2qbp_546,4.870,-1.5650
2qbp,2qbp_549,3.450,1.3970
2qbp,2qbp_554,4.010,-14.7480
2qbp,2qbp_558,2.480,-20.2980
2qbp,2qbp_559,5.640,-3.5370
2qbp,2qbp_561,3.470,-19.1200
2qbp,2qbp_567,2.240,-10.6830
2qbp,2qbp_572,2.520,-7.4910
2qbp,2qbp_585,4.470,3.8470
2qbp,2qbp_591,9.880,-5.4480
2qbp,2qbp_593,6.810,3.1220
2qbp,2qbp_411,1.960,-9.4480
2qbp,2qbp_415,9.050,-21.1460
2qbp,2qbp_463,3.320,-16.7760
2qbp,2qbp_464,8.870,-8.9820
2qbp,2qbp_488,2.270,-26.8810
2qbp,2qbp_489,2.140,-14.3380
2qbp,2qbp_491,9.930,-10.5900
2qbp,2qbp_498,3.690,-26.5170
2qbq,2qbq_184,8.000,5.2570
2qbq,2qbq_216,1.330,5.3510
2qbq,2qbq_226,1.120,5.4430
2qbq,2qbq_227,1.030,5.3380
2qbq,2qbq_235,0.920,6.8110
2qbq,2qbq_236,1.070,6.9870
2qbq,2qbq_248,0.920,6.8830
2qbq,2qbq_276,0.550,6.6930
2qbq,2qbq_300,0.700,6.2320
2qbq,2qbq_309,6.250,4.2400
2qbq,2qbq_324,6.210,4.8250
2qbq,2qbq_332,6.520,4.9520
2qbq,2qbq_364,9.210,6.1620
2qbq,2qbq_370,8.040,4.2880
2qbq,2qbq_372,5.110,4.7930
2qbq,2qbq_388,0.850,7.4000
2qbp,2qbp_596,7.240,-7.0810
2qbp,2qbp_608,6.160,-14.2730
2qbp,2qbp_615,8.930,-4.9300
2qbp,2qbp_622,4.330,-6.8320
2qbp,2qbp_623,4.350,-10.6100
2qbp,2qbp_630,2.910,-24.6040
2qbp,2qbp_631,9.370,-8.4990
2qbp,2qbp_648,6.380,-2.2970
2qbq,2qbq_471,2.640,-15.3180
2qbq,2qbq_473,9.050,-8.6080
2qbq,2qbq_476,1.930,-5.9380
2qbq,2qbq_483,4.430,-23.7500
2qbq,2qbq_484,9.220,-5.4370
2qbq,2qbq_489,9.500,-1.1650
2qbq,2qbq_490,3.070,-19.3460
2qbq,2qbq_496,2.550,-12.1520
2qbq,2qbq_39,7.210,5.4290
2qbq,2qbq_391,7.220,4.6980
2qbq,2qbq_402,8.530,-12.5040
2qbq,2qbq_410,7.750,-8.4080
2qbq,2qbq_416,9.350,-22.1470
2qbq,2qbq_433,2.890,-24.7250
2qbq,2qbq_434,9.310,-8.3860
2qbq,2qbq_436,7.970,-11.7400
2qbq,2qbq_562,3.470,-15.1480
2qbq,2qbq_565,3.640,2.1070
2qbq,2qbq_566,6.050,-14.6250
2qbq,2qbq_576,5.750,-0.2200
2qbq,2qbq_581,5.990,-11.2400
2qbq,2qbq_582,5.050,3.0010
2qbq,2qbq_589,3.790,-10.6170
2qbq,2qbq_595,5.640,-14.0800
2qbq,2qbq_497,2.070,-26.4940
2qbq,2qbq_500,1.760,-13.4470
2qbq,2qbq_503,3.860,1.6780
2qbq,2qbq_513,6.570,-9.9960
2qbq,2qbq_521,1.970,-11.4210
2qbq,2qbq_532,5.100,-0.2150
2qbq,2qbq_548,4.860,-15.7510
2qbq,2qbq_556,6.390,-16.7720
2qbq,2qbq_448,8.070,-12.5010
2qbq,2qbq_45,1.520,6.6550
2qbq,2qbq_453,2.220,-17.1910
2qbq,2qbq_458,8.410,-7.9670
2qbq,2qbq_460,3.340,-24.4640
2qbq,2qbq_463,7.760,-1.7060
2qbq,2qbq_466,7.770,-16.0060
2qbq,2qbq_468,3.080,-29.1490
2qbq,2qbq_607,3.280,-21.5280
2qbq,2qbq_61,6.660,5.4450
2qbq,2qbq_617,3.520,-5.2370
2qbq,2qbq_63,9.100,5.4140
2qbq,2qbq_633,4.090,-5.4190
2qbq,2qbq_641,2.400,-12.9780
2qbq,2qbq_642,4.160,-15.3160
2qbq,2qbq_65,6.900,4.9630
2qbq,2qbq_651,4.340,-21.2370
2qbq,2qbq_653,7.160,0.9910
2qbq,2qbq_663,4.240,-11.7360
2qbq,2qbq_669,4.300,-13.4170
2qbq,2qbq_679,8.130,-2.3250
2qbq,2qbq_681,8.980,-10.2920
2qbq,2qbq_686,2.940,-8.3440
2qbq,2qbq_690,2.770,-23.9600
2qbq,2qbq_693,8.020,-0.8000
2qbq,2qbq_70,2.490,4.6070
2qbq,2qbq_720,0.830,7.0110
2qbq,2qbq_726,1.470,4.8210
2qbq,2qbq_736,6.740,4.3930
2qbq,2qbq_744,5.560,5.5380
2qbq,2qbq_752,0.380,7.7350
2qbq,2qbq_757,4.340,4.5920
2v00,2v00_107,8.560,4.0360
2v00,2v00_120,5.250,4.7420
2v00,2v00_136,7.600,4.6020
2v00,2v00_143,8.620,4.6960
2v00,2v00_145,5.080,5.9640
2v00,2v00_159,8.950,3.9230
2v00,2v00_183,7.200,5.5580
2v00,2v00_193,8.190,4.7160
2v00,2v00_198,8.520,4.1650
2v00,2v00_325,6.820,5.2110
2v00,2v00_395,8.610,5.0060
2v00,2v00_401,3.140,0.2240
2v00,2v00_416,4.120,3.3260
2v00,2v00_422,3.180,5.2480
2v00,2v00_424,1.700,3.4820
2v00,2v00_428,0.980,0.6250
2v00,2v00_432,1.490,3.3210
2v00,2v00_433,2.300,5.9930
2v00,2v00_434,2.680,5.1390
2v00,2v00_444,2.240,3.2610
2v00,2v00_451,4.780,4.4680
2v00,2v00_454,2.450,4.9110
2v00,2v00_461,1.680,-5.2080
2v00,2v00_468,1.960,-8.1530
2v00,2v00_472,6.480,3.9940
2v00,2v00_473,5.040,2.9550
2v00,2v00_474,2.120,2.8950
2v00,2v00_484,5.610,-0.2500
2v00,2v00_488,2.610,-1.8990
2v00,2v00_506,5.470,-7.7690
2v00,2v00_512,6.320,4.7250
2v00,2v00_513,4.850,4.8370
2v00,2v00_516,1.580,4.0000
2v00,2v00_522,6.130,4.4880
2v00,2v00_523,7.070,4.3460
2v00,2v00_544,1.870,5.3440
2v00,2v00_551,6.370,3.9040
2v00,2v00_556,3.640,0.0220
2v00,2v00_558,7.030,1.6970
2v00,2v00_559,8.050,4.4870
2qbq,2qbq_759,9.050,4.6270
2qbq,2qbq_775,8.220,4.5300
2qbq,2qbq_778,9.620,3.9770
2qbq,2qbq_779,8.080,5.1340
2qbq,2qbq_784,5.500,3.6420
2qbq,2qbq_785,6.400,3.7840
2qbq,2qbq_790,5.850,2.8710
2qbq,2qbq_8,4.600,3.6270
2qbp,2qbp_85,8.780,2.7350
2qbp,2qbp_890,5.790,5.3220
2qbp,2qbp_92,1.570,5.7040
2qbp,2qbp_94,1.990,3.0190
2qbp,2qbp_97,2.160,4.0340
2qbq,2qbq_121,0.990,6.9540
2qbq,2qbq_128,8.390,4.8820
2qbq,2qbq_16,2.100,5.8090
2qe4,2qe4_551,0.960,5.5760
2qe4,2qe4_552,1.030,5.2420
2qe4,2qe4_574,2.020,-2.4790
2qe4,2qe4_597,1.480,3.1270
2qe4,2qe4_611,3.010,-2.0920
2qe4,2qe4_629,1.550,1.9980
2qe4,2qe4_689,2.030,-0.4090
2qe4,2qe4_693,1.730,1.9210
2qe4,2qe4_694,2.310,-3.3080
2qe4,2qe4_698,2.680,-3.7820
2qe4,2qe4_705,0.850,8.6320
2qe4,2qe4_718,1.970,9.0620
2qe4,2qe4_741,2.750,6.5570
2qe4,2qe4_750,4.430,5.8020
2qe4,2qe4_754,4.500,5.3130
2qe4,2qe4_757,4.040,5.0310
2qe4,2qe4_770,4.400,4.6080
2qe4,2qe4_771,3.820,4.7260
2qe4,2qe4_777,4.090,5.2320
2qe4,2qe4_779,4.080,5.2430
2qe4,2qe4_780,1.670,5.5490
2qe4,2qe4_784,2.800,2.5130
2qe4,2qe4_786,4.070,4.6850
2qe4,2qe4_788,4.420,2.4860
2qe4,2qe4_789,4.100,1.3740
2qe4,2qe4_79,2.150,8.4460
2qe4,2qe4_793,3.950,5.1420
2qe4,2qe4_796,4.130,4.5260
2qe4,2qe4_797,3.030,3.2760
2qe4,2qe4_83,0.540,9.0130
2qe4,2qe4_832,3.920,5.6960
2qe4,2qe4_841,0.750,8.9710
2qe4,2qe4_435,3.130,-3.1100
2qe4,2qe4_441,1.620,-2.3260
2qe4,2qe4_446,2.720,-2.2570
2qe4,2qe4_447,2.560,-5.4550
2qe4,2qe4_448,1.370,4.8580
2qe4,2qe4_499,3.130,-0.5040
2qe4,2qe4_500,3.080,-0.2800
2qe4,2qe4_509,0.970,7.3540
2qbr,2qbr_887,6.020,5.4950
2qbr,2qbr_895,4.190,3.7470
2qbr,2qbr_900,4.070,4.6140
2qe4,2qe4_165,0.640,9.4600
2qe4,2qe4_249,0.440,8.4290
2qe4,2qe4_3,0.620,8.3490
2qe4,2qe4_309,0.490,9.6120
2qe4,2qe4_422,1.540,0.7060
2qbp,2qbp_650,9.810,-15.3830
2qbp,2qbp_654,1.900,-16.3140
2qbp,2qbp_656,3.390,-5.8090
2qbp,2qbp_665,9.580,-8.4220
2qbp,2qbp_676,5.310,-15.1640
2qbp,2qbp_690,8.320,-16.0970
2qbp,2qbp_693,4.320,-28.1880
2qbp,2qbp_695,8.670,-4.0910
2qbp,2qbp_71,5.190,5.5560
2qbp,2qbp_74,5.700,4.5650
2qbp,2qbp_741,3.070,3.7460
2qbp,2qbp_744,3.810,5.8530
2qbp,2qbp_78,6.870,4.8600
2qbp,2qbp_79,2.290,3.2770
2qbp,2qbp_80,1.610,6.4680
2qbp,2qbp_84,8.310,3.4000
2v00,2v00_760,8.950,2.5080
2v00,2v00_762,3.160,2.6290
2v00,2v00_771,3.190,4.2770
2v00,2v00_774,8.130,1.9530
2v00,2v00_776,5.420,2.1500
2v00,2v00_777,5.030,3.0670
2v00,2v00_778,7.930,4.8180
2v00,2v00_782,4.900,1.8020
2v00,2v00_564,2.420,-0.5390
2v00,2v00_573,4.820,0.6190
2v00,2v00_574,3.890,1.6960
2v00,2v00_576,2.130,-5.7230
2v00,2v00_579,7.560,2.1790
2v00,2v00_589,5.470,1.6570
2v00,2v00_592,7.180,2.1620
2v00,2v00_605,1.160,4.2150
2v00,2v00_619,1.000,-0.1650
2v00,2v00_635,3.330,-3.6380
2v00,2v00_638,6.700,0.4830
2v00,2v00_644,4.900,-2.3040
2v00,2v00_653,6.790,1.3860
2v00,2v00_661,3.030,1.6620
2v00,2v00_665,6.990,-0.1110
2v00,2v00_670,6.990,2.5170
2v00,2v00_674,5.050,4.2330
2v00,2v00_676,4.180,0.6690
2v00,2v00_684,4.090,-1.4230
2v00,2v00_692,6.170,0.8790
2v00,2v00_700,4.350,0.6070
2v00,2v00_736,3.580,3.4690
2v00,2v00_755,1.750,4.8040
2v00,2v00_759,7.500,3.4010
2qbq,2qbq_970,4.550,3.6220
2qbr,2qbr_1000,5.430,4.2710
2qbr,2qbr_121,0.990,6.4290
2qbr,2qbr_157,7.720,4.9960
2qbr,2qbr_170,7.340,5.3030
2qbr,2qbr_197,8.210,5.0220
2qbr,2qbr_20,0.910,6.2350
2qbr,2qbr_201,0.650,5.7930
2qbr,2qbr_394,7.460,6.0450
2qbr,2qbr_402,2.190,-8.9200
2qbr,2qbr_409,7.950,-7.2310
2qbr,2qbr_410,1.560,-4.9040
2qbr,2qbr_424,7.780,-1.3920
2qbr,2qbr_427,4.160,-3.4660
2qbr,2qbr_428,6.890,-12.2050
2qbr,2qbr_429,1.950,-14.2580
2qbr,2qbr_767,6.070,1.8790
2qbr,2qbr_771,3.850,4.5640
2qbr,2qbr_777,5.850,1.1630
2qbr,2qbr_778,0.870,6.5780
2qbr,2qbr_780,0.960,5.7020
2qbr,2qbr_782,6.140,3.2970
2qbr,2qbr_790,4.050,4.6010
2qbr,2qbr_796,6.160,4.7830
2qbr,2qbr_259,1.440,5.0810
2qbr,2qbr_270,1.090,5.8980
2qbr,2qbr_282,0.910,6.0540
2qbr,2qbr_293,0.910,5.9110
2qbr,2qbr_301,1.100,6.6090
2qbr,2qbr_353,0.860,6.7240
2qbr,2qbr_375,8.210,6.1020
2qbr,2qbr_385,0.800,7.4500
2qbr,2qbr_432,8.570,-0.3270
2qbr,2qbr_439,8.160,-9.1560
2qbr,2qbr_445,7.720,-0.6450
2qbr,2qbr_447,7.950,-0.1930
2qbr,2qbr_45,1.600,5.1440
2qbr,2qbr_450,7.070,-8.1250
2qbr,2qbr_455,3.160,-26.2090
2qbr,2qbr_469,3.030,-9.7330
2qbr,2qbr_517,3.470,-2.0320
2qbr,2qbr_522,4.220,-10.7850
2qbr,2qbr_523,3.050,-1.6920
2qbr,2qbr_526,1.740,-7.1900
2qbr,2qbr_527,4.620,-2.5000
2qbr,2qbr_532,4.500,-10.1120
2qbr,2qbr_536,4.400,-11.8250
2qbr,2qbr_555,2.510,-3.4020
2qbr,2qbr_563,2.300,-1.5840
2qbr,2qbr_566,5.040,-9.6100
2qbr,2qbr_573,5.450,-8.2680
2qbr,2qbr_582,2.230,-0.0280
2qbr,2qbr_583,6.560,-3.5010
2qbr,2qbr_590,5.030,-8.2370
2qbr,2qbr_593,3.480,-16.7780
2qbr,2qbr_595,4.340,-2.9430
2qbr,2qbr_663,8.590,2.6540
2qbr,2qbr_667,5.010,-3.1100
2qbr,2qbr_677,3.170,-9.4640
2qbr,2qbr_689,5.770,3.9370
2qbr,2qbr_690,2.130,-5.3610
2qbr,2qbr_699,3.890,-0.8070
2qbr,2qbr_764,4.330,2.0140
2qbr,2qbr_765,3.560,5.4390
2qbr,2qbr_61,0.970,6.0820
2qbr,2qbr_617,2.490,-8.1090
2qbr,2qbr_629,2.450,-6.7650
2qbr,2qbr_633,1.940,-4.0110
2qbr,2qbr_639,6.220,3.1790
2qbr,2qbr_645,2.860,-24.3350
2qbr,2qbr_647,1.920,-2.7740
2qbr,2qbr_656,8.170,-9.8820
2qbr,2qbr_797,8.200,3.2700
2qbr,2qbr_798,7.790,3.8840
2qbr,2qbr_799,5.870,4.2170
2qbr,2qbr_802,6.460,4.9180
2qbr,2qbr_81,2.230,4.1840
2qbr,2qbr_821,5.640,3.2660
2qbr,2qbr_856,5.580,5.0320
2qbr,2qbr_875,6.500,2.3750
2qbr,2qbr_473,2.850,-20.8450
2qbr,2qbr_474,8.630,-4.1780
2qbr,2qbr_486,3.160,-25.1220
2qbr,2qbr_487,7.290,-4.7440
2qbr,2qbr_488,8.950,-16.0270
2qbr,2qbr_497,8.120,-4.5820
2qbr,2qbr_514,1.600,-2.2000
2qbr,2qbr_516,6.500,-9.0280
2qbq,2qbq_832,3.390,6.2230
2qbq,2qbq_838,1.150,5.9400
2qbq,2qbq_843,0.900,7.1400
2qbq,2qbq_844,5.990,4.9410
2qbq,2qbq_882,7.020,5.8770
2qbq,2qbq_906,9.030,5.8690
2qbq,2qbq_94,7.430,5.8790
2qbq,2qbq_97,0.910,7.6660
2r9w,2r9w_886,1.890,2.9290
2r9w,2r9w_910,0.780,5.8320
2r9w,2r9w_911,0.660,6.0960
2r9w,2r9w_927,0.680,6.1320
2r9w,2r9w_928,0.750,5.6850
2r9w,2r9w_949,6.160,4.9200
2r9w,2r9w_950,0.960,5.6340
2v00,2v00_103,7.940,4.4800
2r9w,2r9w_521,6.650,1.1090
2r9w,2r9w_522,5.310,1.2710
2r9w,2r9w_531,7.110,-0.7650
2r9w,2r9w_533,2.810,-2.5850
2r9w,2r9w_538,5.640,-4.5700
2r9w,2r9w_541,7.990,1.0810
2r9w,2r9w_549,7.330,-0.7950
2r9w,2r9w_558,7.690,-0.9140
2r9w,2r9w_834,6.600,2.9180
2r9w,2r9w_839,6.290,3.9370
2r9w,2r9w_860,2.130,4.6070
2r9w,2r9w_868,1.600,5.0700
2r9w,2r9w_869,2.570,3.4060
2r9w,2r9w_872,5.590,4.1760
2r9w,2r9w_873,4.890,-1.7070
2r9w,2r9w_881,2.900,2.7870
2r9w,2r9w_449,4.070,-0.6350
2r9w,2r9w_460,3.920,5.5350
2r9w,2r9w_462,4.420,-1.9210
2r9w,2r9w_478,3.570,-7.6850
2r9w,2r9w_49,4.180,7.9650
2r9w,2r9w_505,6.820,1.3040
2r9w,2r9w_513,6.220,6.2560
2r9w,2r9w_517,7.410,2.0110
2r9w,2r9w_559,5.040,-3.1630
2r9w,2r9w_566,4.890,3.7020
2r9w,2r9w_579,3.950,-4.5200
2r9w,2r9w_580,6.470,2.1650
2r9w,2r9w_586,7.830,-3.8780
2r9w,2r9w_592,8.020,3.4740
2r9w,2r9w_593,8.110,-0.5890
2r9w,2r9w_618,3.850,1.5360
2r9w,2r9w_779,5.760,3.3840
2r9w,2r9w_787,4.420,-1.3240
2r9w,2r9w_791,1.120,3.2640
2r9w,2r9w_794,8.580,2.5020
2r9w,2r9w_795,1.510,5.7760
2r9w,2r9w_817,0.970,4.5450
2r9w,2r9w_828,0.960,5.4850
2r9w,2r9w_831,4.310,2.8000
2r9w,2r9w_145,5.820,5.6070
2r9w,2r9w_202,5.860,0.4280
2r9w,2r9w_206,4.000,3.2780
2r9w,2r9w_246,6.080,-1.6720
2r9w,2r9w_247,3.960,3.0870
2r9w,2r9w_307,5.340,6.3370
2r9w,2r9w_393,6.300,7.2080
2r9w,2r9w_411,3.970,-4.3380
2r9w,2r9w_640,3.600,-1.4260
2r9w,2r9w_651,6.290,-2.0090
2r9w,2r9w_670,3.810,-0.1540
2r9w,2r9w_671,5.140,0.5070
2r9w,2r9w_679,4.570,-0.0270
2r9w,2r9w_691,8.360,-5.1630
2r9w,2r9w_708,0.520,5.5590
2r9w,2r9w_710,0.950,5.7950
2r9w,2r9w_713,0.530,5.6130
2r9w,2r9w_717,2.870,5.4090
2r9w,2r9w_718,1.660,6.4000
2r9w,2r9w_725,2.220,5.5490
2r9w,2r9w_734,1.280,6.6010
2r9w,2r9w_740,3.050,3.4410
2r9w,2r9w_741,1.360,6.2920
2r9w,2r9w_744,4.290,2.1690
2r9w,2r9w_749,1.820,4.4340
2r9w,2r9w_750,2.130,6.1010
2r9w,2r9w_759,2.990,3.2740
2r9w,2r9w_766,2.270,3.5780
2r9w,2r9w_769,1.100,5.3330
2r9w,2r9w_772,5.030,3.9010
2r9w,2r9w_774,1.100,6.2000
2r9w,2r9w_778,2.130,5.9330
2v00,2v00_785,2.880,0.1400
2v00,2v00_786,1.750,5.2260
2v00,2v00_79,0.740,6.3120
2v00,2v00_790,4.890,4.5010
2v00,2v00_791,3.830,-0.3890
2v00,2v00_798,7.100,2.8330
2v00,2v00_800,5.640,-2.3990
2v00,2v00_856,1.330,4.7780
2qe4,2qe4_850,3.760,4.4880
2qe4,2qe4_875,2.160,5.7660
2qe4,2qe4_877,3.190,1.1020
2qe4,2qe4_964,0.810,9.1770
2qe4,2qe4_977,1.200,7.0350
2qnq,2qnq_130,1.990,3.2670
2qnq,2qnq_167,0.790,7.9840
2qnq,2qnq_207,0.980,8.4410
2qnq,2qnq_676,9.010,-13.3510
2qnq,2qnq_679,5.070,-8.4880
2qnq,2qnq_702,0.740,8.3560
2qnq,2qnq_715,0.950,8.1310
2qnq,2qnq_758,0.730,8.3390
2qnq,2qnq_788,5.290,4.6820
2qnq,2qnq_811,0.970,7.7170
2r9w,2r9w_124,4.530,6.9040
2qnq,2qnq_43,0.560,9.0740
2qnq,2qnq_431,5.110,-20.0870
2qnq,2qnq_433,3.080,-11.3120
2qnq,2qnq_445,3.170,-8.7640
2qnq,2qnq_459,3.030,-13.3870
2qnq,2qnq_462,7.300,-7.0790
2qnq,2qnq_463,4.160,-0.3110
2qnq,2qnq_464,3.270,-27.9880
2qnq,2qnq_349,4.430,7.6810
2qnq,2qnq_367,1.840,7.4500
2qnq,2qnq_368,1.890,8.2130
2qnq,2qnq_394,3.330,4.1420
2qnq,2qnq_397,1.790,7.5720
2qnq,2qnq_413,4.250,-8.2040
2qnq,2qnq_414,4.220,-0.9510
2qnq,2qnq_429,5.040,-9.1250
2qnq,2qnq_575,4.250,-16.1060
2qnq,2qnq_578,8.800,-13.0910
2qnq,2qnq_590,5.690,-12.5340
2qnq,2qnq_64,1.830,7.0350
2qnq,2qnq_641,6.400,-8.1520
2qnq,2qnq_645,8.390,-12.8020
2qnq,2qnq_648,7.390,-5.3700
2qnq,2qnq_651,8.270,-7.7680
2v00,2v00_860,9.290,4.5680
2v00,2v00_861,2.020,3.0120
2v00,2v00_903,8.450,5.5660
2v7a,2v7a_107,9.450,5.6900
2v7a,2v7a_11,1.890,8.3920
2v7a,2v7a_130,8.570,5.1420
2v7a,2v7a_131,6.720,6.6820
2v7a,2v7a_141,7.600,8.0870
2qnq,2qnq_521,6.540,-5.6210
2qnq,2qnq_538,4.330,-5.3450
2qnq,2qnq_542,5.130,-8.3320
2qnq,2qnq_545,6.330,-10.9810
2qnq,2qnq_552,6.340,-11.4600
2qnq,2qnq_554,6.890,-12.9600
2qnq,2qnq_560,8.210,-14.3680
2qnq,2qnq_563,4.010,-17.0130
2qnq,2qnq_475,3.590,-35.4370
2qnq,2qnq_478,5.130,-7.8120
2qnq,2qnq_480,6.610,-16.8570
2qnq,2qnq_484,4.370,-16.0540
2qnq,2qnq_487,4.030,-21.7080
2qnq,2qnq_496,4.130,-23.3370
2qnq,2qnq_512,7.030,-11.0270
2qnq,2qnq_520,7.060,-10.3800
2qnq,2qnq_652,8.060,-18.6130
2qnq,2qnq_654,7.560,-4.2460
2qnq,2qnq_656,8.200,-5.5590
2qnq,2qnq_666,5.960,-11.8260
2qnq,2qnq_667,8.810,-10.2050
2qnq,2qnq_668,6.580,-14.3620
2qnq,2qnq_670,6.230,-7.8810
2qnq,2qnq_671,7.010,-25.5670
2qnq,2qnq_280,2.160,4.9570
2qnq,2qnq_287,1.420,7.4900
2qnq,2qnq_290,5.370,0.5350
2qnq,2qnq_293,3.240,4.8250
2qnq,2qnq_308,3.140,7.2670
2qnq,2qnq_314,0.740,7.2340
2qnq,2qnq_326,1.640,8.7540
2qnq,2qnq_34,2.150,7.7980
2qnq,2qnq_209,0.600,9.0930
2qnq,2qnq_210,2.730,0.5780
2qnq,2qnq_215,1.890,7.9800
2qnq,2qnq_216,3.340,3.0890
2qnq,2qnq_230,1.030,7.5500
2qnq,2qnq_231,2.770,6.4050
2qnq,2qnq_239,2.540,6.5530
2qnq,2qnq_243,5.060,6.2250
2qnq,2qnq_245,2.880,3.2580
2qnq,2qnq_249,3.270,1.8140
2qnq,2qnq_250,1.000,8.7680
2qnq,2qnq_267,2.530,5.8220
2qnq,2qnq_269,2.960,5.2690
2qnq,2qnq_272,2.560,4.5010
2qnq,2qnq_274,1.240,6.5910
2qnq,2qnq_277,2.310,4.0960
2vvn,2vvn_391,0.990,6.4220
2vvn,2vvn_401,1.830,0.1510
2vvn,2vvn_403,2.430,3.3760
2vvn,2vvn_405,2.990,2.0470
2vvn,2vvn_406,1.130,-4.3790
2vvn,2vvn_407,2.070,-3.1170
2vvn,2vvn_409,1.880,-6.5010
2vvn,2vvn_419,2.880,2.4580
2v7a,2v7a_380,0.900,8.0860
2v7a,2v7a_381,7.530,7.9170
2v7a,2v7a_388,0.500,9.7550
2v7a,2v7a_407,2.680,-12.4550
2v7a,2v7a_408,3.160,-11.0250
2v7a,2v7a_416,8.040,-12.4870
2v7a,2v7a_419,8.400,-14.1450
2v7a,2v7a_423,8.530,-19.7760
2v7a,2v7a_142,9.380,5.2170
2v7a,2v7a_150,4.240,7.0120
2v7a,2v7a_163,8.660,6.0750
2v7a,2v7a_173,9.400,5.2570
2v7a,2v7a_175,9.370,5.2300
2v7a,2v7a_181,5.130,6.3810
2v7a,2v7a_278,1.660,7.6390
2v7a,2v7a_304,0.770,10.1560
2v7a,2v7a_318,1.040,8.4780
2v7a,2v7a_321,6.960,7.6870
2v7a,2v7a_327,7.310,7.7760
2v7a,2v7a_338,0.600,9.1790
2v7a,2v7a_355,4.730,8.2210
2v7a,2v7a_369,9.540,6.5830
2v7a,2v7a_375,7.000,6.7200
2v7a,2v7a_379,3.870,6.5480
2v7a,2v7a_424,2.340,-20.1020
2v7a,2v7a_426,6.050,-9.2120
2v7a,2v7a_429,9.530,-7.3920
2v7a,2v7a_431,4.210,-19.4140
2v7a,2v7a_434,2.920,-23.9790
2v7a,2v7a_441,8.280,-6.1220
2v7a,2v7a_444,5.070,-4.8710
2v7a,2v7a_446,7.410,-17.2350
2v7a,2v7a_495,8.360,-21.0800
2v7a,2v7a_496,4.250,-18.9060
2v7a,2v7a_498,3.910,-14.0560
2v7a,2v7a_514,5.090,6.7800
2v7a,2v7a_522,7.030,-11.0790
2v7a,2v7a_523,4.230,-4.6640
2v7a,2v7a_530,4.950,2.4080
2v7a,2v7a_536,7.820,0.2400
2v7a,2v7a_447,3.440,-15.6640
2v7a,2v7a_448,2.120,-19.7930
2v7a,2v7a_452,6.740,-3.7000
2v7a,2v7a_475,8.560,-1.9890
2v7a,2v7a_478,9.120,-2.8280
2v7a,2v7a_487,5.030,-15.5550
2v7a,2v7a_489,7.220,-5.3110
2v7a,2v7a_494,3.650,-12.5810
2vvn,2vvn_425,4.050,2.5240
2vvn,2vvn_426,4.500,-2.3470
2vvn,2vvn_427,4.820,-1.4730
2vvn,2vvn_445,4.310,-9.8480
2vvn,2vvn_449,3.920,-2.3670
2vvn,2vvn_469,5.540,3.7810
2vvn,2vvn_470,4.100,-6.3920
2vvn,2vvn_720,4.100,5.9510
2vvn,2vvn_765,3.900,1.0080
2vvn,2vvn_776,3.110,4.2200
2vvn,2vvn_780,0.830,5.3740
2vvn,2vvn_782,1.010,5.6860
2vvn,2vvn_785,3.980,-0.8000
2vvn,2vvn_786,4.020,2.2370
2vvn,2vvn_787,4.450,0.5690
2vvn,2vvn_791,4.510,2.4680
2vvn,2vvn_721,0.890,3.3840
2vvn,2vvn_737,1.260,0.1360
2vvn,2vvn_744,1.150,3.4720
2vvn,2vvn_750,2.180,2.8130
2vvn,2vvn_751,1.850,1.2610
2vvn,2vvn_757,0.860,2.8190
2vvn,2vvn_759,3.750,4.7160
2vvn,2vvn_763,2.210,2.4250
2vvn,2vvn_792,6.010,1.8970
2vvn,2vvn_793,3.620,-9.4890
2vvn,2vvn_797,4.350,1.3690
2vvn,2vvn_798,3.930,-3.1240
2vvn,2vvn_799,2.220,-1.9030
2vvn,2vvn_800,2.230,-0.9640
2vvn,2vvn_802,0.440,7.4400
2vvn,2vvn_829,0.960,5.9730
2vvn,2vvn_845,1.960,2.5110
2vvn,2vvn_846,0.870,4.7590
2vvn,2vvn_854,1.200,1.9690
2vvn,2vvn_880,3.860,2.9210
2vvn,2vvn_887,2.020,1.9000
2vvn,2vvn_900,2.030,4.6810
2vvn,2vvn_952,0.940,5.4100
2vvn,2vvn_956,1.580,4.2180
2w4x,2w4x_420,1.930,-1.3610
2w4x,2w4x_455,2.030,-1.3960
2w4x,2w4x_457,2.460,2.7480
2w4x,2w4x_459,1.790,1.0800
2w4x,2w4x_466,3.830,1.1720
2w4x,2w4x_488,5.210,-2.1780
2w4x,2w4x_519,4.330,0.1430
2w4x,2w4x_523,3.050,2.3290
2vvn,2vvn_967,3.790,4.7150
2vvn,2vvn_968,5.060,5.0580
2vvn,2vvn_973,0.910,2.1680
2vvn,2vvn_977,5.030,4.5650
2vvn,2vvn_985,3.770,1.9130
2vvn,2vvn_987,5.160,4.1250
2vvn,2vvn_992,6.490,3.9690
2vw5,2vw5_115,0.840,8.5710
2v7a,2v7a_548,6.770,-10.2520
2v7a,2v7a_550,8.110,4.1060
2v7a,2v7a_555,9.120,1.0240
2v7a,2v7a_557,7.710,-0.1540
2v7a,2v7a_561,9.000,-3.9790
2v7a,2v7a_568,9.140,3.7890
2v7a,2v7a_572,6.320,2.4490
2v7a,2v7a_583,7.870,3.5280
2w4x,2w4x_67,0.540,5.4570
2w4x,2w4x_679,3.980,2.5280
2w4x,2w4x_690,5.690,0.9120
2w4x,2w4x_699,5.340,0.8320
2w4x,2w4x_703,0.620,4.9830
2w4x,2w4x_705,1.300,2.8350
2w4x,2w4x_718,0.980,5.3190
2w4x,2w4x_733,2.550,3.1400
2w4x,2w4x_211,0.740,4.0140
2w4x,2w4x_289,1.030,3.5900
2w4x,2w4x_296,0.870,5.6070
2w4x,2w4x_306,1.130,6.5320
2w4x,2w4x_37,0.680,6.0640
2w4x,2w4x_405,1.020,3.4810
2w4x,2w4x_407,0.700,3.3610
2w4x,2w4x_417,0.860,4.7510
2w4x,2w4x_535,2.240,0.2080
2w4x,2w4x_541,4.050,2.1940
2w4x,2w4x_560,2.590,-0.8940
2w4x,2w4x_586,3.090,1.1620
2w4x,2w4x_595,3.270,0.1040
2w4x,2w4x_61,0.690,6.4710
2w4x,2w4x_618,4.910,1.7170
2w4x,2w4x_668,5.110,-3.9760
2w4x,2w4x_775,6.240,3.7310
2w4x,2w4x_780,5.830,1.6310
2w4x,2w4x_785,4.240,4.3760
2w4x,2w4x_787,4.350,-2.2520
2w4x,2w4x_788,5.190,3.5570
2w4x,2w4x_791,6.500,2.3610
2w4x,2w4x_792,4.890,3.7540
2w4x,2w4x_794,6.370,3.0900
2w66,2w66_449,2.730,1.0480
2w66,2w66_453,2.280,-7.4740
2w66,2w66_534,3.260,-0.6550
2w66,2w66_546,5.700,2.9470
2w66,2w66_611,3.590,-3.9260
2w66,2w66_613,5.340,2.9730
2w66,2w66_690,5.910,2.5450
2w66,2w66_702,0.360,7.5290
2weg,2weg_371,1.000,4.7620
2weg,2weg_385,0.900,5.5610
2weg,2weg_387,0.880,4.9900
2weg,2weg_390,3.090,5.2990
2weg,2weg_407,1.790,0.5890
2weg,2weg_415,2.090,-5.3110
2weg,2weg_419,4.380,4.3760
2weg,2weg_437,3.590,1.1850
2w4x,2w4x_989,2.400,2.3140
2w4x,2w4x_991,7.110,1.5740
2w4x,2w4x_997,4.960,3.0350
2w66,2w66_1000,4.420,5.0400
2w66,2w66_173,0.830,4.1970
2w66,2w66_178,6.110,3.8240
2w66,2w66_179,0.910,5.5390
2w66,2w66_186,0.830,5.6930
2weg,2weg_204,0.980,4.3300
2weg,2weg_21,1.900,3.6310
2weg,2weg_218,0.840,5.5100
2weg,2weg_248,1.960,3.6250
2weg,2weg_301,3.260,5.2590
2weg,2weg_314,0.790,5.1380
2weg,2weg_335,1.540,4.9020
2weg,2weg_343,2.560,4.6830
2w4x,2w4x_741,2.110,2.6490
2w4x,2w4x_745,3.170,4.6220
2w4x,2w4x_755,6.140,4.0700
2w4x,2w4x_756,2.010,2.9260
2w4x,2w4x_757,7.620,3.1020
2w4x,2w4x_758,4.550,3.9590
2w4x,2w4x_765,4.910,2.4180
2w4x,2w4x_773,6.850,-0.5260
2w4x,2w4x_795,6.450,3.1490
2w4x,2w4x_797,3.750,-3.4730
2w4x,2w4x_816,1.180,3.9970
2w4x,2w4x_832,5.740,2.4310
2w4x,2w4x_849,5.390,2.0250
2w4x,2w4x_862,3.080,2.5790
2w4x,2w4x_880,5.340,3.6990
2w4x,2w4x_884,7.650,3.5270
2w66,2w66_775,4.400,3.0390
2w66,2w66_776,5.080,3.7740
2w66,2w66_782,3.510,2.6560
2w66,2w66_783,3.850,0.7220
2w66,2w66_785,5.990,3.0310
2w66,2w66_789,1.840,0.1270
2w66,2w66_796,5.070,1.4770
2w66,2w66_797,3.030,1.1170
2w66,2w66_190,0.530,6.0200
2w66,2w66_229,0.590,5.6410
2w66,2w66_314,0.540,5.2200
2w66,2w66_401,1.680,0.8030
2w66,2w66_403,1.580,-4.2310
2w66,2w66_413,1.390,-2.0740
2w66,2w66_414,1.770,-10.1310
2w66,2w66_439,2.800,-10.5520
2weg,2weg_443,1.700,-6.1250
2weg,2weg_447,2.140,-5.8880
2weg,2weg_468,3.260,-2.0250
2weg,2weg_472,2.180,-1.8420
2weg,2weg_476,4.670,3.7880
2weg,2weg_502,2.540,-4.4750
2weg,2weg_515,1.330,-3.5290
2weg,2weg_517,5.200,3.9140
2w4x,2w4x_890,1.510,3.8320
2w4x,2w4x_891,2.000,5.3370
2w4x,2w4x_897,6.040,3.9520
2w4x,2w4x_898,7.390,2.9170
2w4x,2w4x_941,0.900,5.3940
2w4x,2w4x_944,2.500,2.6850
2w4x,2w4x_954,3.170,4.5620
2w4x,2w4x_955,6.500,2.1910
2v7a,2v7a_623,3.970,-3.2840
2v7a,2v7a_629,3.920,-6.5660
2v7a,2v7a_632,3.120,-2.3570
2v7a,2v7a_635,6.560,-0.9630
2v7a,2v7a_654,2.920,-10.1330
2v7a,2v7a_663,6.330,1.1800
2v7a,2v7a_671,5.100,-9.3730
2v7a,2v7a_679,6.400,-12.5710
2v7a,2v7a_591,2.940,-1.4560
2v7a,2v7a_592,5.200,3.3940
2v7a,2v7a_594,5.260,-1.6270
2v7a,2v7a_600,5.570,-15.3010
2v7a,2v7a_606,7.100,0.8840
2v7a,2v7a_609,2.950,-4.2960
2v7a,2v7a_616,4.370,-7.9540
2v7a,2v7a_621,3.440,-1.8930
2w66,2w66_759,5.770,3.0780
2w66,2w66_760,3.390,1.2550
2w66,2w66_761,5.030,3.5070
2w66,2w66_762,2.340,3.3730
2w66,2w66_763,2.090,1.5440
2w66,2w66_765,4.900,3.2940
2w66,2w66_770,5.680,3.7480
2w66,2w66_773,3.270,4.3340
2w66,2w66_711,3.560,5.7930
2w66,2w66_714,3.990,4.0480
2w66,2w66_723,4.940,5.0460
2w66,2w66_731,2.210,3.9320
2w66,2w66_732,4.390,4.4990
2w66,2w66_740,3.670,4.3130
2w66,2w66_749,4.130,4.7360
2w66,2w66_758,4.230,4.3140
2w66,2w66_937,4.690,3.7650
2w66,2w66_953,1.170,3.8370
2w66,2w66_956,5.060,5.0110
2w66,2w66_965,1.960,0.8190
2w66,2w66_969,2.660,4.1860
2w66,2w66_972,1.310,3.0290
2w66,2w66_991,1.620,2.7080
2w66,2w66_997,0.970,5.7870
2v7a,2v7a_743,1.770,7.1960
2v7a,2v7a_744,0.870,7.5350
2v7a,2v7a_784,1.760,5.7580
2v7a,2v7a_789,2.120,6.2280
2v7a,2v7a_820,1.380,7.4480
2v7a,2v7a_845,0.640,7.4360
2v7a,2v7a_856,1.090,6.1750
2v7a,2v7a_859,0.950,7.4010
2v7a,2v7a_684,4.610,1.6580
2v7a,2v7a_688,3.910,-5.8800
2v7a,2v7a_690,4.820,-6.2630
2v7a,2v7a_693,4.160,-12.7890
2v7a,2v7a_698,5.550,2.3310
2v7a,2v7a_7,2.140,8.5220
2v7a,2v7a_733,0.920,8.4310
2v7a,2v7a_737,1.010,8.9560
2w66,2w66_800,4.030,1.9590
2w66,2w66_809,0.810,6.0110
2w66,2w66_835,2.830,4.2690
2w66,2w66_839,2.140,1.1560
2w66,2w66_855,2.440,4.2480
2w66,2w66_866,1.730,3.5640
2w66,2w66_877,4.360,3.3310
2w66,2w66_931,0.920,4.9800
2weg,2weg_518,4.740,-1.3060
2weg,2weg_52,1.020,4.6880
2weg,2weg_520,4.350,-7.4530
2weg,2weg_525,3.030,-0.2690
2weg,2weg_530,1.290,-4.7530
2weg,2weg_542,5.220,2.5420
2weg,2weg_566,3.540,-0.4350
2weg,2weg_579,3.230,-13.0370
2vw5,2vw5_789,3.570,-3.1780
2vw5,2vw5_791,4.560,-6.1410
2vw5,2vw5_900,0.580,8.1800
2w4x,2w4x_1000,1.770,2.0320
2w4x,2w4x_156,4.460,3.8500
2w4x,2w4x_172,3.800,4.4000
2w4x,2w4x_180,5.280,4.1680
2w4x,2w4x_190,2.230,5.2380
2wbg,2wbg_322,6.830,5.4700
2wbg,2wbg_331,0.930,6.1670
2wbg,2wbg_336,7.020,5.4250
2wbg,2wbg_345,6.070,5.0750
2wbg,2wbg_365,7.090,5.8070
2wbg,2wbg_367,5.950,5.7500
2wbg,2wbg_379,5.690,5.3990
2wbg,2wbg_389,6.130,4.8160
2wbg,2wbg_650,1.880,-18.4960
2wbg,2wbg_667,4.120,1.1950
2wbg,2wbg_668,4.130,-3.1820
2wbg,2wbg_688,4.880,-6.9590
2wbg,2wbg_715,0.950,5.0370
2wbg,2wbg_719,0.680,3.6150
2wbg,2wbg_721,1.100,4.4120
2wbg,2wbg_730,2.230,4.1660
2wbg,2wbg_111,7.330,4.5860
2wbg,2wbg_117,7.290,4.3950
2wbg,2wbg_123,5.170,4.6470
2wbg,2wbg_15,0.770,6.9170
2wbg,2wbg_153,5.940,5.5640
2wbg,2wbg_164,4.900,4.1310
2wbg,2wbg_270,0.740,7.0920
2wbg,2wbg_309,7.100,4.7750
2wca,2wca_965,1.830,5.4110
2wca,2wca_971,1.690,5.2830
2wca,2wca_974,7.320,4.1180
2wca,2wca_983,1.980,3.8320
2weg,2weg_106,2.660,4.1270
2weg,2weg_146,0.870,4.0760
2weg,2weg_177,0.890,5.3410
2weg,2weg_20,0.890,3.8060
2wbg,2wbg_514,6.120,4.3140
2wbg,2wbg_521,1.930,2.1090
2wbg,2wbg_525,1.900,-0.6790
2wbg,2wbg_527,6.270,0.1660
2wbg,2wbg_533,6.310,2.8920
2wbg,2wbg_543,3.420,-2.5210
2wbg,2wbg_554,6.140,1.0740
2wbg,2wbg_559,6.530,3.5050
2wbg,2wbg_565,4.060,1.0070
2wbg,2wbg_566,3.150,2.3890
2wbg,2wbg_588,4.200,4.3040
2wbg,2wbg_593,3.860,0.4190
2wbg,2wbg_598,6.150,-10.2340
2wbg,2wbg_625,2.790,-2.4140
2wbg,2wbg_637,2.910,-1.8250
2wbg,2wbg_649,3.050,-3.5410
2v7a,2v7a_886,2.010,5.8010
2v7a,2v7a_889,5.350,6.0970
2v7a,2v7a_973,1.090,7.4940
2v7a,2v7a_981,0.900,7.4840
2v7a,2v7a_983,1.290,7.2930
2v7a,2v7a_985,0.960,8.8120
2vkm,2vkm_105,8.700,6.2510
2vkm,2vkm_106,8.100,5.1090
2wbg,2wbg_4,0.380,5.9120
2wbg,2wbg_421,2.420,-3.7930
2wbg,2wbg_439,5.480,-9.5410
2wbg,2wbg_467,2.140,-3.2760
2wbg,2wbg_470,3.230,-1.3150
2wbg,2wbg_473,6.160,1.6810
2wbg,2wbg_492,3.020,-3.7550
2wbg,2wbg_511,5.730,1.3220
2wbg,2wbg_786,3.830,3.3040
2wbg,2wbg_788,1.200,1.9140
2wbg,2wbg_791,4.060,4.0940
2wbg,2wbg_792,5.580,4.3990
2wbg,2wbg_795,4.970,0.1550
2wbg,2wbg_797,7.140,3.8310
2wbg,2wbg_880,2.150,2.9810
2wbg,2wbg_886,4.250,5.5970
2wbg,2wbg_731,2.350,2.6960
2wbg,2wbg_734,1.530,4.7970
2wbg,2wbg_737,1.630,3.8630
2wbg,2wbg_742,1.070,2.1920
2wbg,2wbg_747,0.850,3.8260
2wbg,2wbg_75,0.330,5.7630
2wbg,2wbg_750,0.900,2.0920
2wbg,2wbg_754,1.780,2.8030
2wbg,2wbg_755,0.780,1.8150
2wbg,2wbg_763,5.020,5.0120
2wbg,2wbg_767,3.180,5.0030
2wbg,2wbg_775,2.450,4.0340
2wbg,2wbg_779,4.520,4.3050
2wbg,2wbg_781,3.150,5.0740
2wbg,2wbg_783,5.160,2.4450
2wbg,2wbg_784,5.650,4.9360
2wbg,2wbg_889,2.980,2.3270
2wbg,2wbg_897,3.040,1.9610
2wbg,2wbg_944,2.080,6.7610
2wbg,2wbg_976,1.960,5.3920
2wca,2wca_144,1.940,6.4730
2wca,2wca_161,3.260,6.2340
2wca,2wca_173,4.150,6.7450
2wca,2wca_20,2.860,4.9530
2weg,2weg_582,2.110,-7.4260
2weg,2weg_592,2.190,3.8080
2weg,2weg_598,3.020,-1.6380
2weg,2weg_599,1.840,0.9110
2weg,2weg_604,2.080,0.0800
2weg,2weg_614,3.290,-4.2860
2weg,2weg_620,1.210,-1.8780
2weg,2weg_632,6.120,-2.6750
2wca,2wca_201,2.030,5.0880
2wca,2wca_206,8.140,-1.7830
2wca,2wca_219,8.160,-0.5660
2wca,2wca_225,8.060,2.8400
2wca,2wca_23,7.920,2.9210
2wca,2wca_235,1.820,5.7040
2wca,2wca_241,5.130,-3.4500
2wca,2wca_254,4.410,3.8130
2wca,2wca_417,6.080,-13.2020
2wca,2wca_444,2.380,-7.6050
2wca,2wca_478,5.910,-9.2720
2wca,2wca_483,6.760,-5.9600
2wca,2wca_488,5.620,-7.7160
2wca,2wca_496,4.470,-2.9410
2wca,2wca_5,8.640,0.9850
2wca,2wca_545,2.180,-5.1680
2wca,2wca_264,8.390,2.7880
2wca,2wca_267,7.570,2.2100
2wca,2wca_269,1.990,5.3090
2wca,2wca_273,8.080,3.5250
2wca,2wca_281,7.320,2.2110
2wca,2wca_287,3.860,2.0720
2wca,2wca_37,3.360,5.7710
2wca,2wca_414,3.470,-2.1270
2wca,2wca_745,5.870,4.6700
2wca,2wca_755,4.320,3.5580
2wca,2wca_760,3.000,5.5260
2wca,2wca_773,5.590,3.1900
2wca,2wca_786,4.410,2.9350
2wca,2wca_788,7.390,1.5800
2wca,2wca_791,3.930,1.9240
2wca,2wca_81,6.200,6.9770
2wca,2wca_657,5.580,-0.6810
2wca,2wca_662,6.890,-1.0800
2wca,2wca_674,6.720,-10.2430
2wca,2wca_679,6.560,-3.0550
2wca,2wca_692,6.760,-1.1240
2wca,2wca_700,5.600,0.8710
2wca,2wca_72,8.550,2.1480
2wca,2wca_731,1.880,5.0980
2wca,2wca_816,1.990,5.3860
2wca,2wca_82,8.280,5.4940
2wca,2wca_829,2.050,4.2360
2wca,2wca_851,3.130,3.0130
2wca,2wca_853,3.970,4.9760
2wca,2wca_855,2.740,3.8840
2wca,2wca_887,2.800,3.6260
2wca,2wca_90,7.460,4.6780
2wca,2wca_550,5.450,-1.9410
2wca,2wca_564,7.010,-5.1610
2wca,2wca_575,3.990,-2.9480
2wca,2wca_585,6.610,-1.8800
2wca,2wca_586,6.760,-8.0570
2wca,2wca_587,8.140,-0.5080
2wca,2wca_592,4.020,0.4020
2wca,2wca_596,7.520,-7.4730
2weg,2weg_643,4.520,-3.0800
2weg,2weg_644,3.020,0.4880
2weg,2weg_653,6.480,2.2660
2weg,2weg_666,5.100,-9.2190
2weg,2weg_674,4.110,0.9510
2weg,2weg_686,5.910,-6.0330
2weg,2weg_699,4.450,1.0620
2weg,2weg_765,4.430,2.2450
2vw5,2vw5_154,0.370,9.2440
2vw5,2vw5_160,0.350,9.5510
2vw5,2vw5_22,0.300,9.4120
2vw5,2vw5_227,0.600,6.9700
2vw5,2vw5_249,0.280,9.3920
2vw5,2vw5_381,0.430,9.7370
2vw5,2vw5_403,3.240,-23.0830
2vw5,2vw5_407,1.490,-2.9240
2wca,2wca_599,4.600,-3.3390
2wca,2wca_600,6.900,4.0700
2wca,2wca_610,5.980,-1.3050
2wca,2wca_613,4.580,-3.4750
2wca,2wca_616,4.850,4.7910
2wca,2wca_638,7.220,-1.6960
2wca,2wca_65,8.430,2.0290
2wca,2wca_653,5.720,-2.5290
2wca,2wca_903,1.810,5.6920
2wca,2wca_908,4.240,4.3510
2wca,2wca_92,2.460,5.4390
2wca,2wca_925,7.050,3.0650
2wca,2wca_936,2.850,4.6690
2wca,2wca_951,3.720,1.2050
2wca,2wca_960,1.990,5.0580
2wca,2wca_961,3.720,4.2370
2vw5,2vw5_557,3.980,0.8840
2vw5,2vw5_576,5.030,-2.0710
2vw5,2vw5_585,2.860,-11.4970
2vw5,2vw5_618,4.480,-4.2160
2vw5,2vw5_642,1.930,-1.9340
2vw5,2vw5_645,3.310,-4.4300
2vw5,2vw5_652,4.280,-8.7920
2vw5,2vw5_659,5.230,-3.0500
2vw5,2vw5_408,5.370,-43.1960
2vw5,2vw5_410,5.140,-15.0290
2vw5,2vw5_411,2.340,-15.4690
2vw5,2vw5_415,2.270,-0.3630
2vw5,2vw5_418,1.500,-2.9760
2vw5,2vw5_420,1.950,-22.0800
2vw5,2vw5_425,1.900,-3.8550
2vw5,2vw5_434,2.440,-12.8230
2vw5,2vw5_441,2.170,-21.5500
2vw5,2vw5_442,4.000,-21.2600
2vw5,2vw5_443,4.210,-25.6270
2vw5,2vw5_467,3.260,-27.9720
2vw5,2vw5_471,3.130,-29.7220
2vw5,2vw5_475,3.400,-29.7390
2vw5,2vw5_477,2.410,-20.1190
2vw5,2vw5_488,4.370,-38.4120
2vw5,2vw5_493,2.670,-37.2910
2vw5,2vw5_516,1.510,-1.4010
2vw5,2vw5_519,1.610,1.6520
2vw5,2vw5_536,2.050,0.9950
2vw5,2vw5_537,1.240,-2.9910
2vw5,2vw5_541,5.190,-2.5950
2vw5,2vw5_546,3.950,-9.7350
2vw5,2vw5_552,4.470,-21.1280
2vw5,2vw5_661,5.430,-2.9270
2vw5,2vw5_665,5.040,-0.1470
2vw5,2vw5_667,5.010,-1.9350
2vw5,2vw5_670,3.910,-4.9500
2vw5,2vw5_678,1.920,-4.9820
2vw5,2vw5_687,4.810,-10.9880
2vw5,2vw5_688,2.730,-10.8430
2vw5,2vw5_692,2.250,-20.1570
2vw5,2vw5_693,4.740,-8.7940
2vw5,2vw5_695,4.850,-8.4880
2vw5,2vw5_696,5.440,-8.3730
2vw5,2vw5_698,5.080,-11.8340
2vw5,2vw5_736,0.990,8.3430
2vw5,2vw5_740,0.970,8.1950
2vw5,2vw5_751,1.100,8.2340
2vw5,2vw5_762,4.400,4.9580
2weg,2weg_776,4.010,3.7350
2weg,2weg_784,5.490,2.0580
2weg,2weg_785,4.500,3.4480
2weg,2weg_80,2.020,3.4860
2weg,2weg_838,0.900,4.1620
2wer,2wer_112,0.780,8.2040
2wer,2wer_123,1.150,4.9810
2wer,2wer_170,0.720,7.4330
2wer,2wer_177,0.490,7.5740
2wer,2wer_337,1.290,7.7040
2wer,2wer_345,0.690,8.6370
2wer,2wer_390,0.410,8.4780
2wer,2wer_403,3.500,-6.1120
2wer,2wer_404,1.860,0.5570
2wer,2wer_414,1.490,-3.6090
2wer,2wer_419,2.250,-21.2400
2wer,2wer_422,2.000,-7.9440
2wer,2wer_424,4.350,0.3690
2wer,2wer_426,3.560,1.0560
2wer,2wer_437,2.410,-11.3370
2wer,2wer_439,2.850,-10.9550
2wer,2wer_441,2.940,-12.6820
2wer,2wer_442,3.630,2.1790
2wer,2wer_445,3.340,-11.7550
2wer,2wer_745,8.280,3.5170
2wer,2wer_751,5.610,3.9720
2wer,2wer_752,8.780,2.5570
2wer,2wer_759,7.260,0.6540
2wer,2wer_763,7.850,5.1580
2wer,2wer_764,5.850,4.3340
2wer,2wer_765,7.330,3.4010
2wer,2wer_767,8.100,3.7600
2wer,2wer_447,5.070,-13.3710
2wer,2wer_459,2.340,-18.6010
2wer,2wer_460,3.190,-24.8650
2wer,2wer_463,4.860,-6.6010
2wer,2wer_473,3.510,-17.1600
2wer,2wer_478,4.990,-7.5610
2wer,2wer_479,3.620,-14.8700
2wer,2wer_485,1.660,2.1000
2wer,2wer_697,2.050,0.3480
2wer,2wer_719,6.740,3.3810
2wer,2wer_728,7.280,3.2850
2wer,2wer_73,0.270,8.4260
2wer,2wer_737,6.050,4.2730
2wer,2wer_739,6.560,3.3650
2wer,2wer_740,7.470,2.3620
2wer,2wer_743,6.230,3.5380
2wer,2wer_486,2.870,-10.3960
2wer,2wer_489,4.990,-5.3130
2wer,2wer_557,1.440,-0.8160
2wer,2wer_57,0.780,6.6040
2wer,2wer_570,2.070,-0.2480
2wer,2wer_580,4.860,-3.5880
2wer,2wer_581,1.490,-6.3200
2wer,2wer_589,5.640,2.6050
2wer,2wer_596,3.860,-1.6510
2wer,2wer_646,2.200,-2.9660
2wer,2wer_658,7.060,-3.7220
2wer,2wer_663,3.070,-1.1950
2wer,2wer_669,4.280,0.3470
2wer,2wer_676,4.690,-8.6950
2wer,2wer_678,4.340,-3.1190
2wer,2wer_688,1.410,-5.0350
2wer,2wer_768,6.340,3.2100
2wer,2wer_769,6.890,2.7820
2wer,2wer_773,7.880,-1.3750
2wer,2wer_774,8.100,1.5940
2wer,2wer_775,5.450,-0.7170
2wer,2wer_777,7.980,-2.2980
2wer,2wer_779,0.380,8.0080
2wer,2wer_790,1.550,5.4370
2vkm,2vkm_589,5.340,-24.2880
2vkm,2vkm_591,3.850,-31.6510
2vkm,2vkm_593,7.960,-33.2830
2vkm,2vkm_594,9.000,-31.9810
2vkm,2vkm_669,9.140,-16.6270
2vkm,2vkm_671,3.230,-31.8170
2vkm,2vkm_672,6.520,-25.7000
2vkm,2vkm_678,5.690,-21.0530
2vkm,2vkm_538,7.610,-28.3670
2vkm,2vkm_544,6.780,-6.3970
2vkm,2vkm_554,9.690,-23.8390
2vkm,2vkm_558,8.380,-21.8440
2vkm,2vkm_570,5.790,-19.4360
2vkm,2vkm_573,3.140,-20.1580
2vkm,2vkm_584,6.520,-16.0780
2vkm,2vkm_585,8.790,-17.3220
2vkm,2vkm_292,6.790,4.5660
2vkm,2vkm_296,1.050,9.1290
2vkm,2vkm_308,9.110,5.7300
2vkm,2vkm_314,9.030,4.2710
2vkm,2vkm_324,3.270,8.2990
2vkm,2vkm_330,7.260,6.3300
2vkm,2vkm_338,9.660,4.6200
2vkm,2vkm_341,6.140,6.5390
2vkm,2vkm_260,5.840,0.1400
2vkm,2vkm_262,1.260,7.5770
2vkm,2vkm_263,2.160,3.3600
2vkm,2vkm_267,4.170,4.6410
2vkm,2vkm_270,4.360,6.6640
2vkm,2vkm_273,7.410,1.1000
2vkm,2vkm_289,2.690,8.7060
2vkm,2vkm_291,1.890,6.7200
2vkm,2vkm_217,2.000,9.4650
2vkm,2vkm_226,1.540,9.1200
2vkm,2vkm_233,8.660,4.4590
2vkm,2vkm_237,1.460,9.2370
2vkm,2vkm_241,2.220,9.1520
2vkm,2vkm_242,2.380,7.8980
2vkm,2vkm_249,3.620,6.9930
2vkm,2vkm_257,2.120,2.2990
2vkm,2vkm_152,9.240,6.1620
2vkm,2vkm_159,4.220,7.8920
2vkm,2vkm_160,1.890,6.6560
2vkm,2vkm_192,9.330,4.9160
2vkm,2vkm_203,5.000,1.6820
2vkm,2vkm_208,5.770,3.1820
2vkm,2vkm_215,0.960,8.0940
2vkm,2vkm_216,4.470,-3.6540
2vkm,2vkm_887,3.780,8.9310
2vkm,2vkm_890,0.710,9.3270
2vkm,2vkm_920,1.430,9.9500
2vkm,2vkm_929,2.800,6.8490
2vkm,2vkm_955,1.470,9.2500
2vkm,2vkm_963,2.150,8.8300
2vkm,2vkm_986,2.000,9.0840
2vvn,2vvn_205,0.610,5.5960
2wn9,2wn9_329,3.650,6.9460
2wn9,2wn9_333,0.730,6.7000
2wn9,2wn9_336,0.680,6.8120
2wn9,2wn9_34,0.500,6.2770
2wn9,2wn9_376,0.700,6.9180
2wn9,2wn9_391,0.320,6.8960
2wn9,2wn9_410,2.140,-8.9020
2wn9,2wn9_411,3.380,2.3260
2wn9,2wn9_160,0.730,5.9500
2wn9,2wn9_172,0.410,6.3610
2wn9,2wn9_175,5.100,6.9880
2wn9,2wn9_177,4.900,6.5280
2wn9,2wn9_194,0.690,4.5120
2wn9,2wn9_2,2.840,4.9200
2wn9,2wn9_217,6.250,1.0630
2wn9,2wn9_232,0.520,5.5800
2wn9,2wn9_247,5.890,2.9160
2wn9,2wn9_257,4.900,4.4610
2wn9,2wn9_261,5.880,2.7080
2wn9,2wn9_275,6.150,6.4550
2wn9,2wn9_283,5.870,3.2430
2wn9,2wn9_289,6.110,1.0940
2wn9,2wn9_299,5.720,4.2750
2wn9,2wn9_300,6.030,-1.0400
2vkm,2vkm_426,8.230,-21.7810
2vkm,2vkm_431,4.880,-30.1640
2vkm,2vkm_433,4.260,-53.6810
2vkm,2vkm_439,3.800,-39.1540
2vkm,2vkm_440,3.600,-39.6050
2vkm,2vkm_441,2.770,-25.2400
2vkm,2vkm_443,6.050,-47.6140
2vkm,2vkm_445,4.500,-49.2210
2vkm,2vkm_349,7.190,5.2030
2vkm,2vkm_363,8.640,6.1480
2vkm,2vkm_370,8.890,4.6700
2vkm,2vkm_374,6.560,7.5120
2vkm,2vkm_381,8.850,6.1050
2vkm,2vkm_404,2.260,-25.4460
2vkm,2vkm_416,6.110,-64.3780
2vkm,2vkm_424,5.330,-38.7060
2wer,2wer_957,5.460,5.4550
2wn9,2wn9_105,2.710,6.6640
2wn9,2wn9_11,4.210,4.8330
2wn9,2wn9_118,5.450,5.4300
2wn9,2wn9_12,5.030,5.3150
2wn9,2wn9_13,4.410,5.7490
2wn9,2wn9_134,4.420,5.8160
2wn9,2wn9_136,0.850,5.2050
2wn9,2wn9_424,2.760,-0.5570
2wn9,2wn9_445,4.060,2.8950
2wn9,2wn9_448,2.490,4.5790
2wn9,2wn9_461,3.210,-2.2610
2wn9,2wn9_471,3.920,0.7670
2wn9,2wn9_474,3.640,2.5130
2wn9,2wn9_483,5.720,1.3890
2wn9,2wn9_51,5.810,6.2100
2vkm,2vkm_487,5.590,-25.3470
2vkm,2vkm_494,5.650,-34.3020
2vkm,2vkm_496,7.480,-48.5320
2vkm,2vkm_514,6.290,-3.8550
2vkm,2vkm_517,9.700,-13.0560
2vkm,2vkm_520,4.200,-29.2900
2vkm,2vkm_523,7.200,-23.5220
2vkm,2vkm_530,7.820,-15.5020
2vkm,2vkm_453,2.620,-35.0870
2vkm,2vkm_461,4.760,-23.0940
2vkm,2vkm_466,6.800,-46.6980
2vkm,2vkm_471,5.030,-56.5840
2vkm,2vkm_473,3.210,-48.5920
2vkm,2vkm_482,7.560,-50.8110
2vkm,2vkm_485,3.730,-26.1140
2vkm,2vkm_486,5.630,-49.1610
2wer,2wer_792,2.010,4.8260
2wer,2wer_810,5.760,4.1340
2wer,2wer_812,4.740,1.8550
2wer,2wer_838,5.700,3.2950
2wer,2wer_853,6.160,4.5590
2wer,2wer_858,7.110,3.8830
2wer,2wer_866,6.010,4.4250
2wer,2wer_88,0.570,8.0050
2wer,2wer_888,0.720,7.2910
2wer,2wer_899,3.460,5.2870
2wer,2wer_920,4.920,2.3200
2wer,2wer_934,6.010,6.0460
2wer,2wer_935,6.340,1.7460
2wer,2wer_941,5.020,5.3560
2wer,2wer_944,7.150,4.4260
2wer,2wer_952,5.280,4.8360
2wn9,2wn9_525,4.640,-8.2350
2wn9,2wn9_531,6.060,4.5920
2wn9,2wn9_565,6.380,-3.3640
2wn9,2wn9_570,4.380,2.8180
2wn9,2wn9_571,3.690,3.7360
2wn9,2wn9_575,6.150,0.9180
2wn9,2wn9_586,3.900,2.3350
2wn9,2wn9_626,2.910,0.5580
2vkm,2vkm_687,9.230,-30.9280
2vkm,2vkm_691,7.950,-8.6920
2vkm,2vkm_706,0.970,9.0990
2vkm,2vkm_707,0.950,9.3680
2vkm,2vkm_710,0.900,9.8070
2vkm,2vkm_73,9.050,4.8220
2vkm,2vkm_790,0.780,8.6530
2vkm,2vkm_806,0.930,9.9170
2wnc,2wnc_458,4.020,1.6840
2wnc,2wnc_473,3.230,-10.1300
2wnc,2wnc_474,2.300,-3.2710
2wnc,2wnc_48,0.870,6.6650
2wnc,2wnc_498,4.420,0.6720
2wnc,2wnc_514,1.650,2.2570
2wnc,2wnc_519,2.670,0.2500
2wnc,2wnc_525,5.660,-2.0640
2wn9,2wn9_80,4.860,5.1520
2wnc,2wnc_127,0.550,6.9590
2wnc,2wnc_168,1.450,-10.7600
2wnc,2wnc_267,0.920,5.3810
2wnc,2wnc_302,0.700,7.8040
2wnc,2wnc_35,3.020,6.6100
2wnc,2wnc_370,0.910,7.6390
2wnc,2wnc_437,6.710,-6.0950
2wn9,2wn9_643,6.400,-3.6570
2wn9,2wn9_662,6.070,-1.5020
2wn9,2wn9_663,3.530,1.3660
2wn9,2wn9_667,3.410,2.8220
2wn9,2wn9_675,4.920,-2.1470
2wn9,2wn9_678,1.110,0.8020
2wn9,2wn9_689,5.590,-1.9500
2wn9,2wn9_737,7.280,4.7460
2wn9,2wn9_738,6.040,4.5240
2wn9,2wn9_740,7.260,4.9110
2wn9,2wn9_749,7.640,5.7960
2wn9,2wn9_751,7.820,4.9480
2wn9,2wn9_752,7.370,4.7490
2wn9,2wn9_753,7.230,5.1960
2wn9,2wn9_759,3.900,3.8090
2wn9,2wn9_762,7.220,5.3180
2wnc,2wnc_527,5.270,-0.6780
2wnc,2wnc_532,1.790,0.6370
2wnc,2wnc_536,2.780,-2.0120
2wnc,2wnc_537,3.080,-0.6050
2wnc,2wnc_538,6.700,2.1330
2wnc,2wnc_539,6.600,-0.6590
2wnc,2wnc_541,7.760,2.6420
2wnc,2wnc_542,7.510,0.3750
2wnc,2wnc_554,4.470,-7.2820
2wnc,2wnc_557,6.270,-7.3830
2wnc,2wnc_558,8.480,1.6810
2wnc,2wnc_561,5.170,-3.5660
2wnc,2wnc_564,8.970,3.8490
2wnc,2wnc_575,7.920,0.0790
2wnc,2wnc_578,4.550,-4.2100
2wnc,2wnc_582,6.260,-1.2310
2wnc,2wnc_585,4.030,-1.2840
2wnc,2wnc_587,3.030,-3.9830
2wnc,2wnc_589,4.730,-6.0570
2wnc,2wnc_594,5.180,-3.1700
2wnc,2wnc_595,3.040,-0.7700
2wnc,2wnc_597,8.350,3.1840
2wnc,2wnc_599,6.260,-5.0790
2wnc,2wnc_600,4.270,-1.5420
2wnc,2wnc_632,7.120,1.4560
2wnc,2wnc_636,8.120,-1.3650
2wnc,2wnc_645,5.030,0.3330
2wnc,2wnc_647,6.380,-6.0980
2wnc,2wnc_661,5.990,1.7810
2wnc,2wnc_664,2.970,-3.5020
2wnc,2wnc_681,5.620,-4.6050
2wnc,2wnc_689,3.660,-0.6620
2wvt,2wvt_546,3.810,-0.6780
2wvt,2wvt_548,1.200,1.3730
2wvt,2wvt_552,2.400,3.2810
2wvt,2wvt_565,3.160,-0.9240
2wvt,2wvt_574,3.540,-0.4370
2wvt,2wvt_579,3.090,-6.6930
2wvt,2wvt_581,3.210,-0.3650
2wvt,2wvt_593,2.910,-4.2410
2wvt,2wvt_464,1.720,-6.7740
2wvt,2wvt_474,1.750,-5.3540
2wvt,2wvt_478,2.120,-3.1990
2wvt,2wvt_492,1.470,-1.1800
2wvt,2wvt_510,3.280,1.3900
2wvt,2wvt_518,0.950,2.6650
2wvt,2wvt_526,4.260,1.9470
2wvt,2wvt_529,2.450,1.4420
2wnc,2wnc_741,8.070,-0.2860
2wnc,2wnc_744,3.110,3.7580
2wnc,2wnc_747,4.620,3.7070
2wnc,2wnc_752,5.030,-1.0060
2wnc,2wnc_754,9.060,1.7280
2wnc,2wnc_755,3.320,1.6710
2wnc,2wnc_757,5.330,-2.8160
2wnc,2wnc_760,6.610,0.6810
2wnc,2wnc_702,0.510,7.4620
2wnc,2wnc_717,2.480,4.3400
2wnc,2wnc_722,7.880,3.0290
2wnc,2wnc_723,2.350,2.5190
2wnc,2wnc_728,8.430,4.3550
2wnc,2wnc_732,7.440,4.2020
2wnc,2wnc_734,8.010,3.5340
2wnc,2wnc_737,2.010,3.4000
2wnc,2wnc_825,1.740,6.2010
2wnc,2wnc_828,4.670,1.9100
2wnc,2wnc_848,2.370,2.9860
2wnc,2wnc_849,1.810,2.6700
2wnc,2wnc_853,9.030,4.3000
2wnc,2wnc_856,8.160,4.9660
2wnc,2wnc_860,2.010,4.3000
2wnc,2wnc_862,8.670,3.9390
2wnc,2wnc_763,8.890,0.6110
2wnc,2wnc_766,6.900,1.2630
2wnc,2wnc_770,5.150,1.9860
2wnc,2wnc_776,7.670,1.4860
2wnc,2wnc_779,6.250,-1.0430
2wnc,2wnc_780,3.780,-0.6690
2wnc,2wnc_781,9.780,-4.4570
2wnc,2wnc_796,0.560,6.5940
2wnc,2wnc_868,7.280,3.1010
2wnc,2wnc_872,4.810,0.8450
2wnc,2wnc_874,7.600,5.1110
2wnc,2wnc_879,7.650,3.1320
2wnc,2wnc_891,0.320,7.5210
2wnc,2wnc_903,0.550,7.2610
2wnc,2wnc_915,1.590,3.8800
2wnc,2wnc_928,1.510,4.5030
2wvt,2wvt_615,2.480,-9.5350
2wvt,2wvt_630,1.760,-5.0120
2wvt,2wvt_675,1.950,-3.5180
2wvt,2wvt_678,2.070,-4.1190
2wvt,2wvt_720,1.160,3.5790
2wvt,2wvt_731,4.020,4.2630
2wvt,2wvt_736,0.850,3.5390
2wvt,2wvt_743,3.840,2.7000
2wvt,2wvt_758,4.000,3.1000
2wvt,2wvt_762,2.090,2.0550
2wvt,2wvt_764,2.040,3.1520
2wvt,2wvt_767,1.540,1.8530
2wvt,2wvt_770,4.010,3.6180
2wvt,2wvt_775,1.950,1.4650
2wvt,2wvt_777,2.410,2.7000
2wvt,2wvt_780,3.280,4.1620
2wtv,2wtv_90,9.090,5.7420
2wtv,2wtv_98,9.140,6.7230
2wvt,2wvt_217,0.340,4.8110
2wvt,2wvt_266,0.930,3.9270
2wvt,2wvt_404,1.280,-4.6030
2wvt,2wvt_415,0.950,-0.2510
2wvt,2wvt_442,0.910,1.2130
2wvt,2wvt_456,0.750,-1.9650
2wnc,2wnc_951,2.860,5.9990
2wnc,2wnc_952,2.000,3.3240
2wnc,2wnc_969,1.150,5.0400
2wnc,2wnc_972,3.720,6.2960
2wnc,2wnc_981,1.060,4.2170
2wnc,2wnc_99,0.990,6.1840
2wtv,2wtv_105,0.540,11.1970
2wtv,2wtv_108,0.490,10.8430
2wvt,2wvt_843,2.770,3.8180
2wvt,2wvt_848,4.060,4.2440
2wvt,2wvt_859,0.790,3.5350
2wvt,2wvt_870,4.100,4.2210
2wvt,2wvt_875,4.900,3.1450
2wvt,2wvt_884,4.090,4.1730
2wvt,2wvt_898,4.670,2.9950
2wvt,2wvt_920,0.890,5.4550
2xb8,2xb8_133,0.620,8.4260
2xb8,2xb8_268,0.240,8.8620
2xb8,2xb8_28,0.660,10.3100
2xb8,2xb8_282,0.480,7.9240
2xb8,2xb8_285,0.460,9.7770
2xb8,2xb8_35,0.740,10.0830
2xb8,2xb8_408,5.330,-2.7920
2xb8,2xb8_423,1.500,-1.5010
2xb8,2xb8_428,3.040,-2.1370
2xb8,2xb8_433,4.700,-2.4720
2xb8,2xb8_435,2.020,3.2620
2xb8,2xb8_436,0.840,5.2290
2xb8,2xb8_437,5.600,6.5190
2xb8,2xb8_439,1.560,-0.3300
2xb8,2xb8_451,0.870,1.0610
2xb8,2xb8_452,3.170,-3.6240
2xdl,2xdl_265,0.470,5.7690
2xdl,2xdl_268,0.880,5.5090
2xdl,2xdl_273,1.170,5.0730
2xdl,2xdl_3,3.880,3.0200
2xdl,2xdl_329,0.430,6.3030
2xdl,2xdl_339,0.670,5.9140
2xdl,2xdl_348,0.940,6.1440
2xdl,2xdl_396,0.380,6.1760
2xb8,2xb8_459,2.950,-0.2450
2xb8,2xb8_462,3.100,4.3330
2xb8,2xb8_464,1.740,3.1110
2xb8,2xb8_465,4.450,-0.6840
2xb8,2xb8_473,1.900,-2.3990
2xb8,2xb8_478,2.460,-8.2990
2xb8,2xb8_481,3.110,2.4280
2xb8,2xb8_483,1.640,-0.6190
2wtv,2wtv_118,0.520,11.4340
2wtv,2wtv_133,1.280,9.4730
2wtv,2wtv_143,0.780,10.6160
2wtv,2wtv_144,1.060,7.4310
2wtv,2wtv_152,5.780,7.4430
2wtv,2wtv_157,0.950,8.3510
2wtv,2wtv_159,6.520,7.2640
2wtv,2wtv_174,0.530,10.7930
2wtv,2wtv_481,7.610,-11.8570
2wtv,2wtv_483,4.500,-17.0450
2wtv,2wtv_486,5.760,-15.0330
2wtv,2wtv_487,5.910,-9.2450
2wtv,2wtv_489,6.300,-18.9820
2wtv,2wtv_498,5.980,-14.4020
2wtv,2wtv_499,6.000,-1.4470
2wtv,2wtv_502,1.200,-0.1120
2wtv,2wtv_289,1.220,-6.0340
2wtv,2wtv_296,8.940,6.4160
2wtv,2wtv_317,6.870,8.0230
2wtv,2wtv_32,8.900,6.5440
2wtv,2wtv_320,0.400,11.5580
2wtv,2wtv_328,2.900,8.0250
2wtv,2wtv_333,7.330,7.8450
2wtv,2wtv_357,0.500,10.7720
2wtv,2wtv_196,7.020,8.9140
2wtv,2wtv_20,9.000,6.2580
2wtv,2wtv_237,1.040,6.1030
2wtv,2wtv_24,8.980,5.6760
2wtv,2wtv_240,0.700,8.4280
2wtv,2wtv_250,9.030,6.1920
2wtv,2wtv_255,0.880,8.1520
2wtv,2wtv_260,9.040,5.4830
2wtv,2wtv_506,2.870,5.3150
2wtv,2wtv_509,1.790,0.8590
2wtv,2wtv_533,1.840,-7.2510
2wtv,2wtv_534,3.190,-7.7730
2wtv,2wtv_541,6.050,-0.5390
2wtv,2wtv_544,2.230,3.4350
2wtv,2wtv_547,7.650,4.2850
2wtv,2wtv_548,2.570,2.7370
2wtv,2wtv_697,4.010,-8.3410
2wtv,2wtv_737,6.290,2.5210
2wtv,2wtv_78,9.170,5.6370
2wtv,2wtv_799,8.540,6.4200
2wtv,2wtv_801,8.340,4.7180
2wtv,2wtv_804,8.220,3.5670
2wtv,2wtv_83,9.110,5.5640
2wtv,2wtv_84,9.060,6.0200
2wtv,2wtv_55,7.060,4.7140
2wtv,2wtv_551,4.120,-3.5230
2wtv,2wtv_557,3.770,-1.5510
2wtv,2wtv_558,8.290,4.7350
2wtv,2wtv_561,3.000,-1.7570
2wtv,2wtv_570,7.520,1.9450
2wtv,2wtv_575,3.410,-3.6430
2wtv,2wtv_576,8.130,-5.0150
2wtv,2wtv_376,1.780,9.2690
2wtv,2wtv_38,9.230,5.7670
2wtv,2wtv_39,9.040,5.5200
2wtv,2wtv_401,6.300,5.8980
2wtv,2wtv_411,2.980,-4.2260
2wtv,2wtv_415,5.910,-11.0750
2wtv,2wtv_421,5.900,-26.9260
2wtv,2wtv_427,4.230,-10.9790
2wtv,2wtv_637,6.640,-5.7030
2wtv,2wtv_644,4.370,-7.1010
2wtv,2wtv_670,6.240,-6.0340
2wtv,2wtv_674,2.810,-7.0720
2wtv,2wtv_675,8.630,-16.6880
2wtv,2wtv_676,4.290,-18.5050
2wtv,2wtv_689,4.510,-0.2500
2wtv,2wtv_691,2.420,-8.2640
2wtv,2wtv_432,7.140,-13.5840
2wtv,2wtv_436,6.210,-0.4650
2wtv,2wtv_437,3.560,-13.5930
2wtv,2wtv_455,4.210,-3.7790
2wtv,2wtv_459,5.760,-16.4910
2wtv,2wtv_460,7.430,-18.5260
2wtv,2wtv_470,5.080,-18.2440
2wtv,2wtv_477,6.840,-17.0900
2wtv,2wtv_602,3.550,-3.7570
2wtv,2wtv_604,3.030,-0.7130
2wtv,2wtv_608,4.090,0.1720
2wtv,2wtv_611,4.950,-0.6710
2wtv,2wtv_612,9.170,-7.6130
2wtv,2wtv_615,1.930,1.0890
2wtv,2wtv_624,3.300,-2.0230
2wtv,2wtv_631,5.950,-11.6650
2wtv,2wtv_579,3.250,-5.4930
2wtv,2wtv_581,7.660,-8.4850
2wtv,2wtv_584,2.070,-11.1720
2wtv,2wtv_585,7.130,-0.2080
2wtv,2wtv_590,3.380,-2.6270
2wtv,2wtv_591,2.540,2.0220
2wtv,2wtv_595,1.830,-1.4120
2wtv,2wtv_596,3.040,-2.6050
2xb8,2xb8_576,2.890,0.6440
2xb8,2xb8_585,4.080,-0.9140
2xb8,2xb8_587,2.670,0.2240
2xb8,2xb8_590,6.120,0.6750
2xb8,2xb8_597,6.290,0.2760
2xb8,2xb8_616,2.740,-5.4160
2xb8,2xb8_617,5.200,4.2080
2xb8,2xb8_620,6.220,-0.2080
2wvt,2wvt_922,0.610,4.6780
2wvt,2wvt_961,3.710,2.8900
2wvt,2wvt_962,4.200,3.4800
2wvt,2wvt_982,4.550,3.7940
2x00,2x00_123,0.910,11.9390
2x00,2x00_144,0.880,11.2640
2x00,2x00_174,0.760,11.8060
2x00,2x00_234,0.580,11.9320
2xb8,2xb8_546,5.870,-3.8230
2xb8,2xb8_556,4.850,4.1130
2xb8,2xb8_558,5.180,-0.2550
2xb8,2xb8_560,3.170,-3.9600
2xb8,2xb8_568,4.920,2.1040
2xb8,2xb8_572,6.920,0.7330
2xb8,2xb8_573,5.740,2.1080
2xb8,2xb8_574,4.290,-1.5020
2xb8,2xb8_484,1.450,-2.8480
2xb8,2xb8_486,0.820,3.9630
2xb8,2xb8_487,3.320,3.5680
2xb8,2xb8_490,1.330,-3.2130
2xb8,2xb8_523,4.180,0.9190
2xb8,2xb8_525,1.450,-5.6040
2xb8,2xb8_537,1.450,-3.0830
2xb8,2xb8_542,3.030,-6.0070
2xb8,2xb8_682,6.110,1.9500
2xb8,2xb8_684,5.820,2.7780
2xb8,2xb8_691,4.880,-4.1370
2xb8,2xb8_695,4.790,-3.8730
2xb8,2xb8_697,3.400,0.3500
2xb8,2xb8_735,0.640,7.5130
2xb8,2xb8_760,2.690,5.1410
2xb8,2xb8_761,2.610,3.2140
2xb8,2xb8_635,3.060,-3.7620
2xb8,2xb8_647,6.380,2.1670
2xb8,2xb8_650,3.490,-8.9840
2xb8,2xb8_657,5.390,-3.3470
2xb8,2xb8_673,6.140,2.1150
2xb8,2xb8_675,6.120,0.1450
2xb8,2xb8_676,2.090,-4.6140
2xb8,2xb8_679,5.940,0.4750
2xdl,2xdl_414,5.500,-0.2000
2xdl,2xdl_417,3.020,0.9550
2xdl,2xdl_420,3.250,-2.3300
2xdl,2xdl_435,1.690,-2.8780
2xdl,2xdl_446,3.030,-0.4080
2xdl,2xdl_484,1.820,1.6730
2xdl,2xdl_486,2.280,1.2460
2xdl,2xdl_489,3.810,1.9620
2xdl,2xdl_495,5.330,2.6020
2xdl,2xdl_496,5.120,2.1630
2xdl,2xdl_5,0.770,5.4220
2xdl,2xdl_500,2.850,1.8340
2xdl,2xdl_509,4.610,0.9240
2xdl,2xdl_522,3.340,2.5630
2xdl,2xdl_525,1.640,2.2720
2xdl,2xdl_534,2.100,-1.1160
2xdl,2xdl_537,2.420,0.3280
2xdl,2xdl_539,3.610,3.3310
2xdl,2xdl_540,1.870,-0.4490
2xdl,2xdl_547,4.820,2.4650
2xdl,2xdl_549,5.580,3.3620
2xdl,2xdl_55,0.930,5.1690
2xdl,2xdl_559,5.120,0.9670
2xdl,2xdl_560,2.440,0.2640
2xdl,2xdl_755,9.330,3.8140
2xdl,2xdl_763,9.440,3.4910
2xdl,2xdl_768,9.470,3.6550
2xdl,2xdl_769,9.480,3.8180
2xdl,2xdl_775,9.540,3.4440
2xdl,2xdl_776,3.290,3.1280
2xdl,2xdl_778,9.520,3.2330
2xdl,2xdl_779,9.380,3.6660
2xdl,2xdl_685,4.650,1.5380
2xdl,2xdl_691,4.480,1.4970
2xdl,2xdl_692,2.170,-3.3380
2xdl,2xdl_693,2.980,2.5290
2xdl,2xdl_739,1.960,4.5240
2xdl,2xdl_742,3.810,1.9360
2xdl,2xdl_746,9.900,2.9130
2xdl,2xdl_747,9.630,2.7400
2xdl,2xdl_565,6.050,2.8510
2xdl,2xdl_570,5.070,1.1790
2xdl,2xdl_574,2.790,-0.5070
2xdl,2xdl_586,5.410,2.4430
2xdl,2xdl_593,2.570,2.1380
2xdl,2xdl_595,1.960,1.1930
2xdl,2xdl_596,5.160,0.4110
2xdl,2xdl_611,2.120,1.5270
2xdl,2xdl_612,5.020,-0.2300
2xdl,2xdl_615,4.840,-2.1100
2xdl,2xdl_623,4.540,1.0160
2xdl,2xdl_628,1.760,2.4480
2xdl,2xdl_646,5.760,-1.3480
2xdl,2xdl_650,4.520,-1.2010
2xdl,2xdl_660,3.530,-0.3080
2xdl,2xdl_674,4.110,2.7200
2xb8,2xb8_765,6.280,1.7690
2xb8,2xb8_767,6.030,1.0910
2xb8,2xb8_768,1.190,1.9830
2xb8,2xb8_775,5.460,1.0610
2xb8,2xb8_776,2.250,-3.3360
2xbv,2xbv_103,6.680,5.7490
2xbv,2xbv_109,9.160,4.9040
2xbv,2xbv_114,6.200,5.8560
2x00,2x00_721,6.210,3.6480
2x00,2x00_725,5.670,3.6100
2x00,2x00_731,5.650,6.2780
2x00,2x00_732,5.120,1.5310
2x00,2x00_736,3.840,3.5760
2x00,2x00_742,4.470,2.0980
2x00,2x00_748,3.480,3.1480
2x00,2x00_749,4.390,4.5290
2x00,2x00_791,3.760,-36.6530
2x00,2x00_798,0.820,10.9270
2x00,2x00_817,1.420,8.5370
2x00,2x00_818,5.620,4.4230
2x00,2x00_822,5.160,2.3100
2x00,2x00_835,5.980,6.6580
2x00,2x00_843,5.050,7.7760
2x00,2x00_853,4.470,5.1010
2x00,2x00_945,7.500,-0.1990
2x00,2x00_963,7.610,-2.0720
2x00,2x00_966,6.430,8.3690
2x00,2x00_969,7.420,-1.9590
2x00,2x00_971,4.970,5.2990
2x00,2x00_972,6.160,7.1610
2x00,2x00_986,3.620,3.7330
2x00,2x00_992,4.300,6.5630
2x00,2x00_760,6.200,3.5220
2x00,2x00_761,3.850,3.0660
2x00,2x00_767,2.590,3.7270
2x00,2x00_771,4.730,2.3400
2x00,2x00_778,4.900,-0.7620
2x00,2x00_779,8.000,-6.3860
2x00,2x00_786,3.210,-20.2710
2x00,2x00_789,6.320,-16.2120
2xbv,2xbv_866,1.610,5.1360
2xbv,2xbv_880,2.460,4.2100
2xbv,2xbv_883,3.930,5.4710
2xbv,2xbv_884,4.080,5.0180
2xbv,2xbv_984,5.430,4.3960
2xdl,2xdl_176,0.960,4.9990
2xdl,2xdl_192,1.740,5.0190
2xdl,2xdl_215,0.980,4.3000
2x00,2x00_874,4.410,3.3800
2x00,2x00_882,6.230,5.7840
2x00,2x00_889,5.600,4.2590
2x00,2x00_891,2.990,6.1520
2x00,2x00_907,0.860,10.7120
2x00,2x00_911,1.360,10.9140
2x00,2x00_929,1.700,8.3450
2x00,2x00_935,2.810,5.8690
2x00,2x00_611,2.590,-3.7630
2x00,2x00_633,3.850,-10.4310
2x00,2x00_634,2.990,0.7140
2x00,2x00_654,2.890,-13.1950
2x00,2x00_701,0.970,11.9110
2x00,2x00_705,1.230,10.4210
2x00,2x00_709,1.440,10.1190
2x00,2x00_716,2.040,10.0210
2x00,2x00_573,5.940,0.1530
2x00,2x00_576,6.290,-7.0610
2x00,2x00_583,2.370,-10.8810
2x00,2x00_586,4.690,0.5160
2x00,2x00_587,7.410,-20.2420
2x00,2x00_594,3.480,-8.3520
2x00,2x00_604,3.380,5.1660
2x00,2x00_609,1.050,4.5480
2x00,2x00_335,0.560,13.6160
2x00,2x00_345,0.830,13.0600
2x00,2x00_410,1.120,4.4300
2x00,2x00_447,2.290,-11.4100
2x00,2x00_464,1.720,-7.7650
2x00,2x00_470,2.010,-6.2920
2x00,2x00_487,1.820,-7.0690
2x00,2x00_498,3.450,-21.0390
2x00,2x00_499,1.880,-8.2940
2x00,2x00_500,4.080,-10.9470
2x00,2x00_509,6.080,-4.0880
2x00,2x00_528,6.070,-2.1800
2x00,2x00_53,0.600,10.4640
2x00,2x00_539,7.150,-2.9180
2x00,2x00_551,6.410,-1.9920
2x00,2x00_565,5.650,-6.6820
2xj7,2xj7_775,3.390,2.3070
2xj7,2xj7_777,2.610,-0.9210
2xj7,2xj7_778,2.530,-0.5520
2xj7,2xj7_780,3.420,-0.8440
2xj7,2xj7_781,2.970,-2.7370
2xj7,2xj7_782,4.640,-2.8640
2xj7,2xj7_784,3.390,-1.9830
2xj7,2xj7_786,3.850,-2.9790
2xj7,2xj7_756,2.970,-0.0520
2xj7,2xj7_758,4.080,4.8020
2xj7,2xj7_759,2.370,4.8790
2xj7,2xj7_761,2.390,5.0380
2xj7,2xj7_763,3.460,4.7780
2xj7,2xj7_766,3.190,1.9140
2xj7,2xj7_769,4.310,2.8120
2xj7,2xj7_773,2.580,-1.0000
2xj7,2xj7_58,1.160,7.3140
2xj7,2xj7_648,4.180,3.1300
2xj7,2xj7_652,4.060,4.2460
2xj7,2xj7_658,3.630,-3.1570
2xj7,2xj7_726,3.350,4.6960
2xj7,2xj7_735,3.500,2.7930
2xj7,2xj7_736,1.000,4.6940
2xj7,2xj7_755,3.000,0.3820
2xj7,2xj7_404,1.850,-6.3320
2xj7,2xj7_405,1.290,-1.2990
2xj7,2xj7_406,1.740,-2.6500
2xj7,2xj7_407,1.700,-2.9100
2xj7,2xj7_409,3.030,-6.4630
2xj7,2xj7_415,2.980,3.4580
2xj7,2xj7_421,1.740,-4.3960
2xj7,2xj7_455,4.270,5.0300
2xdl,2xdl_783,4.010,2.9360
2xdl,2xdl_788,9.370,3.6400
2xdl,2xdl_790,4.870,3.0010
2xdl,2xdl_99,1.430,5.3660
2xii,2xii_108,5.810,6.7370
2xii,2xii_131,7.060,3.8220
2xii,2xii_137,4.530,5.5410
2xii,2xii_146,0.530,8.7530
2xj7,2xj7_796,0.360,9.0100
2xj7,2xj7_812,0.400,7.3050
2xj7,2xj7_839,1.180,5.3060
2xj7,2xj7_871,1.640,4.0570
2xj7,2xj7_880,1.110,5.6890
2xj7,2xj7_888,1.420,3.4310
2xj7,2xj7_914,0.270,7.7180
2xj7,2xj7_954,0.980,6.5910
2xbv,2xbv_119,5.040,6.4220
2xbv,2xbv_124,5.670,5.7560
2xbv,2xbv_136,9.060,4.0360
2xbv,2xbv_137,6.090,6.6840
2xbv,2xbv_144,7.930,4.9780
2xbv,2xbv_154,8.480,7.0990
2xbv,2xbv_157,8.500,6.8880
2xbv,2xbv_164,7.940,6.4760
2xii,2xii_84,0.540,8.7460
2xii,2xii_968,5.780,1.0740
2xii,2xii_97,6.680,7.1080
2xj7,2xj7_118,0.520,7.3580
2xj7,2xj7_131,0.270,8.0930
2xj7,2xj7_161,0.390,7.5780
2xj7,2xj7_254,0.670,6.1200
2xj7,2xj7_401,0.960,0.0300
2xbv,2xbv_317,0.690,10.2040
2xbv,2xbv_336,6.220,6.0560
2xbv,2xbv_340,6.460,6.1130
2xbv,2xbv_344,2.750,9.1460
2xbv,2xbv_347,8.680,6.3790
2xbv,2xbv_353,5.670,7.0170
2xbv,2xbv_355,5.930,7.1700
2xbv,2xbv_364,7.710,8.0780
2xbv,2xbv_167,7.410,5.5760
2xbv,2xbv_184,0.620,8.8640
2xbv,2xbv_195,1.810,7.7840
2xbv,2xbv_198,7.070,5.8750
2xbv,2xbv_199,0.900,11.0410
2xbv,2xbv_203,0.940,6.2000
2xbv,2xbv_226,0.490,7.7870
2xbv,2xbv_23,0.860,6.6680
2xbv,2xbv_378,0.900,10.2610
2xbv,2xbv_385,7.980,7.7550
2xbv,2xbv_386,8.520,7.0640
2xbv,2xbv_389,6.030,7.0170
2xbv,2xbv_391,8.520,6.9310
2xbv,2xbv_392,1.220,8.5530
2xbv,2xbv_397,1.590,9.0730
2xbv,2xbv_399,7.650,7.3890
2xbv,2xbv_267,0.740,6.8200
2xbv,2xbv_277,0.720,6.6180
2xbv,2xbv_293,1.010,6.2180
2xbv,2xbv_302,1.500,9.7870
2xbv,2xbv_304,5.570,7.0120
2xbv,2xbv_309,6.550,6.4950
2xbv,2xbv_310,8.540,5.9670
2xbv,2xbv_316,8.100,6.0220
2xbv,2xbv_756,3.290,5.1930
2xbv,2xbv_761,7.590,-0.1840
2xbv,2xbv_762,6.510,2.1530
2xbv,2xbv_766,1.780,5.4950
2xbv,2xbv_769,6.260,2.2320
2xbv,2xbv_770,3.580,4.9300
2xbv,2xbv_771,6.360,0.9060
2xbv,2xbv_773,8.050,1.2400
2xbv,2xbv_532,2.100,-5.6190
2xbv,2xbv_559,5.520,-1.0060
2xbv,2xbv_565,5.570,-6.0530
2xbv,2xbv_746,2.910,4.8660
2xbv,2xbv_747,4.270,3.3120
2xbv,2xbv_752,3.420,4.0690
2xbv,2xbv_753,3.050,5.3640
2xbv,2xbv_754,2.950,5.5710
2xbv,2xbv_401,2.170,-18.7150
2xbv,2xbv_434,2.320,-15.6570
2xbv,2xbv_435,5.430,-29.4050
2xbv,2xbv_444,2.200,-15.0710
2xbv,2xbv_463,5.490,-19.0240
2xbv,2xbv_475,2.530,-10.9470
2xbv,2xbv_477,2.090,-17.1050
2xbv,2xbv_52,1.080,4.5220
2xbv,2xbv_777,8.350,2.0850
2xbv,2xbv_779,8.700,3.1640
2xbv,2xbv_780,7.730,2.8280
2xbv,2xbv_782,3.530,4.5490
2xbv,2xbv_784,7.770,2.4080
2xbv,2xbv_8,0.830,3.6890
2xbv,2xbv_825,1.290,6.2480
2xbv,2xbv_855,1.600,5.4080
2xnb,2xnb_159,0.940,6.6140
2xnb,2xnb_253,0.920,9.8690
2xnb,2xnb_26,0.790,9.8420
2xnb,2xnb_280,0.900,7.4160
2xnb,2xnb_291,0.890,8.6550
2xnb,2xnb_353,7.640,8.9210
2xnb,2xnb_354,1.160,10.2680
2xnb,2xnb_400,8.100,7.5640
2xnb,2xnb_403,3.540,-11.5600
2xnb,2xnb_409,2.140,-0.7320
2xnb,2xnb_428,5.990,-4.9130
2xnb,2xnb_430,2.470,-6.2260
2xnb,2xnb_434,3.950,-2.3920
2xnb,2xnb_437,2.040,-0.8050
2xnb,2xnb_441,2.900,-13.6700
2xnb,2xnb_446,7.630,2.7390
2xii,2xii_151,6.100,8.5790
2xii,2xii_185,1.010,7.2120
2xii,2xii_199,6.850,5.9840
2xii,2xii_237,0.530,9.2010
2xii,2xii_238,0.450,7.3480
2xii,2xii_252,1.340,3.1680
2xii,2xii_253,1.250,7.7870
2xii,2xii_293,0.410,8.9530
2xii,2xii_414,5.310,-21.0090
2xii,2xii_415,2.030,-6.7170
2xii,2xii_417,1.800,-20.6810
2xii,2xii_419,3.440,-15.6180
2xii,2xii_426,4.800,-22.5670
2xii,2xii_427,3.650,-9.0010
2xii,2xii_429,2.700,-25.1710
2xii,2xii_435,5.920,-18.9380
2xnb,2xnb_539,5.330,4.1510
2xnb,2xnb_545,4.870,1.5300
2xnb,2xnb_558,4.920,1.6370
2xnb,2xnb_574,8.470,7.1110
2xnb,2xnb_584,5.290,1.4040
2xnb,2xnb_586,5.510,4.9560
2xnb,2xnb_588,8.360,2.6980
2xnb,2xnb_590,6.210,1.3860
2xii,2xii_467,8.020,-3.6120
2xii,2xii_468,3.250,-4.5230
2xii,2xii_469,7.580,-5.7270
2xii,2xii_470,4.740,-13.6130
2xii,2xii_471,7.600,-4.5350
2xii,2xii_49,6.340,7.0520
2xii,2xii_492,5.230,-7.9730
2xii,2xii_494,7.670,-17.2290
2xii,2xii_355,0.760,9.5520
2xii,2xii_397,0.580,9.8830
2xii,2xii_401,0.990,4.8920
2xii,2xii_402,6.800,-13.3560
2xii,2xii_406,1.720,-0.0520
2xii,2xii_407,1.640,-9.6820
2xii,2xii_409,1.840,0.9270
2xii,2xii_413,2.710,-14.8240
2xii,2xii_496,2.510,3.7200
2xii,2xii_497,7.800,-1.4130
2xii,2xii_513,1.590,3.4950
2xii,2xii_525,3.000,-2.9540
2xii,2xii_528,3.690,-3.8630
2xii,2xii_535,3.970,2.2250
2xii,2xii_542,3.170,-0.6240
2xii,2xii_547,8.440,4.3990
2xii,2xii_550,8.340,-0.4690
2xii,2xii_552,8.560,4.2220
2xii,2xii_554,8.280,3.1350
2xii,2xii_558,2.710,-8.3830
2xii,2xii_561,2.830,2.3280
2xii,2xii_564,4.790,-8.4390
2xii,2xii_567,2.920,3.3730
2xii,2xii_570,7.970,0.5610
2xii,2xii_436,6.190,-11.8470
2xii,2xii_438,7.460,-24.1340
2xii,2xii_445,5.760,-16.9840
2xii,2xii_451,4.360,-34.6860
2xii,2xii_452,5.830,-20.6940
2xii,2xii_456,1.810,-5.9330
2xii,2xii_459,2.920,-7.8040
2xii,2xii_464,2.960,-12.2000
2xnb,2xnb_454,5.330,-7.9320
2xnb,2xnb_455,2.550,-13.3140
2xnb,2xnb_459,5.700,2.2070
2xnb,2xnb_46,1.040,9.6600
2xnb,2xnb_462,3.840,1.7820
2xnb,2xnb_463,3.580,1.6800
2xnb,2xnb_476,3.110,-3.3370
2xnb,2xnb_479,7.670,1.4010
2xnb,2xnb_481,5.010,-4.6570
2xnb,2xnb_483,3.390,-16.4160
2xnb,2xnb_484,6.950,-2.4680
2xnb,2xnb_487,2.790,-8.2370
2xnb,2xnb_488,2.390,2.4160
2xnb,2xnb_499,4.120,-11.8480
2xnb,2xnb_517,7.320,2.8210
2xnb,2xnb_538,8.300,-0.7090
2xnb,2xnb_592,4.050,-0.5700
2xnb,2xnb_593,2.910,0.0760
2xnb,2xnb_596,3.580,1.1530
2xnb,2xnb_610,6.100,-6.7940
2xnb,2xnb_627,6.580,-3.6260
2xnb,2xnb_633,7.380,-7.6520
2xnb,2xnb_653,8.070,-4.1840
2xnb,2xnb_663,5.210,-6.6890
2xnb,2xnb_937,6.380,5.0820
2xnb,2xnb_939,0.940,9.0070
2xys,2xys_114,0.780,7.9740
2xys,2xys_127,0.460,8.8950
2xys,2xys_398,0.440,10.6100
2xys,2xys_410,1.000,8.1880
2xys,2xys_414,0.950,2.5360
2xys,2xys_417,0.880,3.4330
2xii,2xii_661,7.630,-2.2820
2xii,2xii_665,4.520,0.3600
2xii,2xii_674,7.400,-2.0390
2xii,2xii_683,3.620,-10.0350
2xii,2xii_688,8.480,-2.4150
2xii,2xii_69,6.200,6.8760
2xii,2xii_696,5.650,-6.0510
2xii,2xii_705,6.480,0.7510
2xii,2xii_576,3.150,1.9390
2xii,2xii_584,7.250,-5.1380
2xii,2xii_586,9.250,-1.7240
2xii,2xii_593,4.780,0.5730
2xii,2xii_594,6.170,-2.3450
2xii,2xii_621,3.490,0.0230
2xii,2xii_637,5.360,-5.1530
2xii,2xii_641,4.510,-4.7870
2xnb,2xnb_674,8.440,-3.5920
2xnb,2xnb_675,4.560,-5.8650
2xnb,2xnb_69,1.130,9.2810
2xnb,2xnb_694,7.030,2.4000
2xnb,2xnb_707,5.540,8.0260
2xnb,2xnb_709,2.090,6.1140
2xnb,2xnb_717,7.780,3.3890
2xnb,2xnb_718,3.830,7.6890
2xnb,2xnb_723,6.800,4.7180
2xnb,2xnb_724,4.970,0.0660
2xnb,2xnb_726,7.370,7.4030
2xnb,2xnb_728,5.200,3.9290
2xnb,2xnb_729,4.520,6.7480
2xnb,2xnb_73,8.230,4.7350
2xnb,2xnb_730,6.240,5.0310
2xnb,2xnb_733,6.390,5.7500
2xys,2xys_420,0.960,8.4960
2xys,2xys_424,4.000,3.2410
2xys,2xys_443,2.020,5.9490
2xys,2xys_491,5.420,-4.2920
2xys,2xys_494,2.840,-7.8340
2xys,2xys_499,1.730,-0.2680
2xys,2xys_533,1.730,2.6840
2xys,2xys_541,1.580,-15.6170
2xys,2xys_598,2.930,0.4590
2xys,2xys_600,5.610,-7.2540
2xys,2xys_610,8.060,-4.7350
2xys,2xys_616,8.200,0.9640
2xys,2xys_620,1.870,2.8750
2xys,2xys_622,2.520,-5.1450
2xys,2xys_623,7.900,-3.2490
2xys,2xys_630,4.550,-2.1990
2xnb,2xnb_734,7.820,4.1720
2xnb,2xnb_735,8.050,3.5890
2xnb,2xnb_737,8.500,3.4910
2xnb,2xnb_738,4.430,5.8700
2xnb,2xnb_751,0.630,9.1540
2xnb,2xnb_770,1.550,9.3010
2xnb,2xnb_782,4.500,6.9230
2xnb,2xnb_787,6.960,2.4900
2xii,2xii_715,0.960,3.4030
2xii,2xii_729,1.930,5.2500
2xii,2xii_757,4.440,5.7070
2xii,2xii_760,6.710,5.5270
2xii,2xii_762,4.250,4.7840
2xii,2xii_763,0.880,7.5720
2xii,2xii_765,3.620,5.5440
2xii,2xii_822,5.040,3.1600
2xys,2xys_554,5.310,-7.2720
2xys,2xys_567,3.120,3.8980
2xys,2xys_572,5.040,-5.1760
2xys,2xys_573,3.960,0.5320
2xys,2xys_577,3.820,1.3970
2xys,2xys_578,8.420,-3.6500
2xys,2xys_580,4.890,-7.9690
2xys,2xys_581,5.400,-4.0310
2xys,2xys_659,5.440,1.3260
2xys,2xys_662,1.570,-9.9940
2xys,2xys_667,2.530,-3.9370
2xys,2xys_675,7.570,-2.8090
2xys,2xys_681,2.350,-4.1500
2xys,2xys_688,5.780,-5.7880
2xys,2xys_690,3.510,-0.4970
2xys,2xys_695,1.830,3.7210
2xnb,2xnb_795,8.070,5.5490
2xnb,2xnb_812,3.360,7.9160
2xnb,2xnb_818,7.930,6.4080
2xnb,2xnb_827,3.470,7.6060
2xnb,2xnb_833,4.270,6.0470
2xnb,2xnb_841,1.280,8.9540
2xnb,2xnb_846,0.960,9.9810
2xnb,2xnb_855,1.910,8.6360
2xys,2xys_703,1.390,10.1200
2xys,2xys_707,0.580,9.6820
2xys,2xys_725,1.610,7.0430
2xys,2xys_735,4.140,-0.1360
2xys,2xys_737,4.160,7.8900
2xys,2xys_742,4.310,1.8000
2xys,2xys_743,4.270,6.1050
2xys,2xys_747,4.950,1.0330
2xys,2xys_748,8.670,0.9420
2xys,2xys_750,5.030,0.9650
2xys,2xys_759,4.410,-5.4420
2xys,2xys_760,3.850,-9.3440
2xys,2xys_763,4.710,-17.4610
2xys,2xys_782,0.420,9.0330
2xys,2xys_793,2.010,8.5220
2xys,2xys_801,1.910,8.2090
2xys,2xys_826,3.060,4.7000
2xys,2xys_831,4.200,4.5020
2xys,2xys_848,3.750,1.3270
2xys,2xys_855,3.750,1.5450
2xys,2xys_876,0.530,8.1520
2xys,2xys_927,3.530,5.5670
2xys,2xys_937,2.850,4.5000
2xys,2xys_940,1.990,7.8620
2xnb,2xnb_858,0.800,8.8650
2xnb,2xnb_896,1.950,8.1680
2xnb,2xnb_911,1.960,7.6610
2xnb,2xnb_913,1.210,8.6960
2xnb,2xnb_918,6.130,4.8980
2xnb,2xnb_923,1.890,9.2670
2xnb,2xnb_924,2.170,7.8160
2xnb,2xnb_934,0.910,9.2210
2xys,2xys_941,2.480,6.0200
2xys,2xys_953,2.950,6.4660
2y5h,2y5h_109,9.450,4.5660
2y5h,2y5h_111,7.820,4.5570
2y5h,2y5h_112,9.980,4.0800
2y5h,2y5h_116,7.750,3.7290
2y5h,2y5h_119,1.430,6.5490
2y5h,2y5h_125,8.710,4.7290
2y5h,2y5h_134,5.290,5.2520
2y5h,2y5h_137,4.760,5.2470
2y5h,2y5h_144,6.130,5.1680
2y5h,2y5h_156,6.990,4.5390
2y5h,2y5h_158,8.050,4.6460
2y5h,2y5h_162,9.860,4.3070
2y5h,2y5h_165,6.090,3.7860
2y5h,2y5h_178,8.020,4.3890
2y5h,2y5h_195,7.750,4.5670
2y5h,2y5h_196,5.320,3.7900
2y5h,2y5h_198,2.720,4.7310
2y5h,2y5h_284,0.820,5.7540
2y5h,2y5h_329,8.520,6.0830
2y5h,2y5h_342,8.940,5.7250
2y5h,2y5h_345,8.800,5.1850
2y5h,2y5h_355,8.860,5.3900
2y5h,2y5h_364,0.820,7.0480
2y5h,2y5h_387,8.030,5.7110
2y5h,2y5h_388,7.090,5.0330
2y5h,2y5h_389,0.440,7.8800
2y5h,2y5h_391,0.320,7.9880
2y5h,2y5h_394,2.200,6.3510
2y5h,2y5h_405,2.190,-26.2820
2y5h,2y5h_406,1.940,-13.3670
2y5h,2y5h_41,0.990,5.1690
2y5h,2y5h_410,7.790,-15.3060
2y5h,2y5h_413,3.420,-7.0940
2y5h,2y5h_414,2.350,-10.8470
2y5h,2y5h_416,2.390,-21.8710
2y5h,2y5h_420,2.490,-7.9120
2y5h,2y5h_422,1.880,-21.6100
2y5h,2y5h_432,5.990,-33.4280
2yfe,2yfe_115,0.800,6.4930
2yfe,2yfe_123,0.980,6.6810
2yfe,2yfe_176,0.890,6.5280
2yfe,2yfe_23,0.760,7.0770
2yfe,2yfe_232,5.160,6.9220
2yfe,2yfe_236,1.250,6.2060
2yfe,2yfe_240,1.030,5.7290
2yfe,2yfe_257,0.830,6.0360
2yfe,2yfe_552,6.470,0.6510
2yfe,2yfe_561,4.390,2.3290
2yfe,2yfe_564,1.730,3.2030
2yfe,2yfe_565,6.040,0.7970
2yfe,2yfe_572,3.830,1.4660
2yfe,2yfe_574,5.130,1.2790
2yfe,2yfe_591,5.120,-3.4120
2yfe,2yfe_597,2.420,0.2570
2yfe,2yfe_517,2.970,3.2400
2yfe,2yfe_52,0.910,6.8540
2yfe,2yfe_523,6.160,2.7140
2yfe,2yfe_53,0.730,7.1240
2yfe,2yfe_538,4.130,-0.1640
2yfe,2yfe_545,3.590,2.6210
2yfe,2yfe_547,8.160,-3.7270
2yfe,2yfe_548,4.890,5.0340
2yfe,2yfe_286,0.900,6.5730
2yfe,2yfe_4,0.780,7.0160
2yfe,2yfe_414,3.590,-4.3670
2yfe,2yfe_426,3.060,-1.0560
2yfe,2yfe_437,4.550,-9.4600
2yfe,2yfe_450,2.630,1.0450
2yfe,2yfe_453,6.550,-9.1840
2yfe,2yfe_458,4.720,-9.7210
2yfe,2yfe_599,4.700,-2.3490
2yfe,2yfe_601,7.870,-2.1350
2yfe,2yfe_603,6.150,-4.8170
2yfe,2yfe_608,7.510,-3.1120
2yfe,2yfe_618,4.860,-5.5210
2yfe,2yfe_627,8.500,-8.9170
2yfe,2yfe_637,6.800,-6.9100
2yfe,2yfe_641,5.380,-2.4620
2yfe,2yfe_489,3.010,-16.1720
2yfe,2yfe_490,1.990,2.6640
2yfe,2yfe_491,6.040,-0.7060
2yfe,2yfe_492,7.850,-2.5480
2yfe,2yfe_493,5.150,-3.0330
2yfe,2yfe_496,2.710,-7.9820
2yfe,2yfe_502,2.580,-0.3020
2yfe,2yfe_504,5.400,0.8660
2yfe,2yfe_753,7.110,3.2580
2yfe,2yfe_774,3.990,5.1070
2yfe,2yfe_784,1.900,6.2620
2yfe,2yfe_800,8.010,5.1830
2yfe,2yfe_809,8.020,5.2020
2yfe,2yfe_81,0.720,7.1810
2yfe,2yfe_813,7.990,5.2760
2yfe,2yfe_815,8.020,5.1350
2yfe,2yfe_851,3.310,5.4200
2yfe,2yfe_931,8.070,4.2760
2yfe,2yfe_943,5.000,6.3790
2yfe,2yfe_950,8.010,5.4710
2yfe,2yfe_960,1.270,6.3730
2yfe,2yfe_965,8.040,5.1700
2yfe,2yfe_969,8.100,4.7720
2yfe,2yfe_971,5.510,5.1300
2yfe,2yfe_656,7.860,-7.3930
2yfe,2yfe_657,7.420,-2.0710
2yfe,2yfe_659,1.310,-0.2000
2yfe,2yfe_660,4.850,1.8790
2yfe,2yfe_667,7.650,-3.9530
2yfe,2yfe_680,7.740,-3.3490
2yfe,2yfe_682,6.480,2.5870
2yfe,2yfe_688,7.020,-2.5430
2yfe,2yfe_694,6.460,-7.2230
2yfe,2yfe_71,1.060,6.2460
2yfe,2yfe_722,1.890,5.8180
2yfe,2yfe_724,2.100,6.6840
2yfe,2yfe_732,2.890,5.6110
2yfe,2yfe_737,8.300,5.6910
2yfe,2yfe_745,5.390,3.7540
2yfe,2yfe_748,6.410,5.1080
2yfe,2yfe_461,3.320,-1.1000
2yfe,2yfe_462,3.250,-2.6680
2yfe,2yfe_464,4.560,-2.3360
2yfe,2yfe_466,2.900,-4.3220
2yfe,2yfe_467,2.850,-4.1610
2yfe,2yfe_470,1.580,0.0530
2yfe,2yfe_473,5.070,-12.3530
2yfe,2yfe_487,5.060,-9.8180
2y5h,2y5h_436,1.800,-4.8420
2y5h,2y5h_441,2.270,-10.5670
2y5h,2y5h_446,5.930,-4.0730
2y5h,2y5h_449,5.870,-19.5270
2y5h,2y5h_450,3.510,-10.9080
2y5h,2y5h_463,1.510,-8.3420
2y5h,2y5h_468,4.450,-16.7400
2y5h,2y5h_481,1.730,-11.3480
2y5h,2y5h_483,1.910,-16.9910
2y5h,2y5h_487,3.630,-5.0240
2y5h,2y5h_494,5.650,-19.0830
2y5h,2y5h_498,4.820,-17.5250
2y5h,2y5h_50,2.530,2.8630
2y5h,2y5h_518,3.140,-3.8730
2y5h,2y5h_520,4.380,-4.5310
2y5h,2y5h_521,5.410,-1.7520
2y5h,2y5h_540,6.220,0.9220
2y5h,2y5h_549,2.330,-8.3260
2y5h,2y5h_554,8.260,-12.1500
2y5h,2y5h_56,1.040,4.5630
2y5h,2y5h_580,4.480,-4.4620
2y5h,2y5h_599,3.040,-8.6290
2y5h,2y5h_612,4.810,-3.5580
2y5h,2y5h_614,3.800,-15.0840
2ymd,2ymd_439,3.970,0.6750
2ymd,2ymd_456,4.030,2.0490
2ymd,2ymd_458,1.090,0.1270
2ymd,2ymd_484,1.530,-2.0790
2ymd,2ymd_486,2.570,0.3060
2ymd,2ymd_489,2.720,-7.6800
2ymd,2ymd_492,4.070,2.7300
2ymd,2ymd_496,4.490,-3.8720
2y5h,2y5h_616,0.920,-2.0850
2y5h,2y5h_620,5.440,-9.9220
2y5h,2y5h_624,3.300,-3.4110
2y5h,2y5h_630,4.600,-3.1240
2y5h,2y5h_638,4.620,-0.8690
2y5h,2y5h_641,4.550,-6.6400
2y5h,2y5h_644,3.200,-4.9420
2y5h,2y5h_646,4.920,1.5980
2y5h,2y5h_85,0.930,5.7800
2y5h,2y5h_866,3.360,4.5000
2y5h,2y5h_870,8.260,3.3550
2y5h,2y5h_885,7.190,3.5570
2y5h,2y5h_948,6.730,2.1290
2y5h,2y5h_955,6.440,5.3890
2y5h,2y5h_958,5.240,1.9260
2y5h,2y5h_973,7.220,3.0940
2ymd,2ymd_410,0.830,5.7400
2ymd,2ymd_416,1.220,-2.6660
2ymd,2ymd_426,1.120,0.7790
2ymd,2ymd_427,1.190,3.9570
2ymd,2ymd_433,0.890,4.5450
2ymd,2ymd_434,4.180,1.5570
2ymd,2ymd_435,2.380,-8.6930
2ymd,2ymd_436,1.530,2.2120
2y5h,2y5h_658,3.840,-10.3030
2y5h,2y5h_679,7.420,-5.2870
2y5h,2y5h_694,9.500,-3.8780
2y5h,2y5h_696,5.060,-5.3810
2y5h,2y5h_703,0.820,6.4470
2y5h,2y5h_705,1.930,6.1430
2y5h,2y5h_710,0.730,6.4570
2y5h,2y5h_751,7.230,2.8920
2y5h,2y5h_757,6.910,1.6610
2y5h,2y5h_762,1.480,6.6320
2y5h,2y5h_765,7.190,3.3750
2y5h,2y5h_768,6.290,4.0050
2y5h,2y5h_777,6.050,4.7220
2y5h,2y5h_795,1.000,5.9810
2y5h,2y5h_803,2.610,5.2990
2y5h,2y5h_831,6.800,3.0280
2ymd,2ymd_497,4.000,0.3590
2ymd,2ymd_510,3.950,1.6590
2ymd,2ymd_521,2.060,1.5390
2ymd,2ymd_533,3.900,-0.3700
2ymd,2ymd_539,2.380,-0.2580
2ymd,2ymd_547,4.090,1.4990
2ymd,2ymd_555,0.920,1.7710
2ymd,2ymd_557,4.770,2.3950
2ymd,2ymd_561,1.000,-0.4530
2ymd,2ymd_567,4.200,-0.7600
2ymd,2ymd_585,1.760,-0.0640
2ymd,2ymd_587,1.520,2.0420
2ymd,2ymd_588,1.290,0.1710
2ymd,2ymd_591,4.460,-5.8870
2ymd,2ymd_593,3.860,-6.2620
2ymd,2ymd_618,3.990,0.4750
2ymd,2ymd_681,3.600,-2.4730
2ymd,2ymd_687,2.620,-0.4310
2ymd,2ymd_688,5.630,-2.3240
2ymd,2ymd_694,5.110,-3.8700
2ymd,2ymd_695,4.020,-1.9090
2ymd,2ymd_773,4.380,1.1330
2ymd,2ymd_889,0.820,4.4330
2ymd,2ymd_89,0.480,5.5040
2ymd,2ymd_623,3.650,0.2150
2ymd,2ymd_626,2.660,-2.0790
2ymd,2ymd_651,3.350,0.5030
2ymd,2ymd_665,3.850,1.6780
2ymd,2ymd_670,2.520,-2.4320
2ymd,2ymd_672,1.480,1.8700
2ymd,2ymd_674,2.830,-0.6490
2ymd,2ymd_680,2.050,1.2190
2yki,2yki_893,0.940,10.7840
2yki,2yki_933,0.840,13.3890
2yki,2yki_982,2.250,6.1710
2yki,2yki_985,2.080,6.5350
2ymd,2ymd_229,0.420,5.4050
2ymd,2ymd_3,0.400,6.4410
2ymd,2ymd_403,0.780,1.3620
2ymd,2ymd_405,1.000,2.3550
2zb1,2zb1_461,2.340,0.8190
2zb1,2zb1_469,7.140,-3.2410
2zb1,2zb1_475,6.870,-0.0690
2zb1,2zb1_476,2.040,2.3480
2zb1,2zb1_479,2.060,-4.6140
2zb1,2zb1_485,1.690,4.1260
2zb1,2zb1_487,1.510,-9.2880
2zb1,2zb1_488,1.810,-3.2510
2zb1,2zb1_105,0.770,9.5010
2zb1,2zb1_16,0.600,9.9900
2zb1,2zb1_203,0.780,9.4530
2zb1,2zb1_206,0.780,8.2460
2zb1,2zb1_329,0.430,10.5640
2zb1,2zb1_423,1.250,3.4820
2zb1,2zb1_425,1.170,1.7370
2zb1,2zb1_426,1.000,6.1720
2zb1,2zb1_494,7.110,-0.8270
2zb1,2zb1_510,0.990,2.7590
2zb1,2zb1_515,2.020,1.6340
2zb1,2zb1_533,2.790,1.9200
2zb1,2zb1_541,4.260,4.0320
2zb1,2zb1_549,7.480,3.3030
2zb1,2zb1_55,0.410,10.1100
2zb1,2zb1_565,4.410,-2.1830
2yfe,2yfe_973,3.950,3.0190
2yfe,2yfe_985,2.970,5.8320
2yge,2yge_198,1.010,7.2950
2yge,2yge_22,0.570,7.8100
2yge,2yge_252,3.680,-2.7850
2yge,2yge_267,0.620,9.5380
2yge,2yge_269,0.890,6.5430
2yge,2yge_35,0.830,7.3340
2yki,2yki_363,0.280,14.8850
2yki,2yki_401,0.950,8.8430
2yki,2yki_407,0.780,6.4750
2yki,2yki_408,2.050,0.3810
2yki,2yki_441,1.920,1.2210
2yki,2yki_455,1.200,0.3160
2yki,2yki_464,4.070,-2.6910
2yki,2yki_476,2.370,-18.6550
2yki,2yki_483,3.420,-3.2190
2yki,2yki_486,2.480,-4.3900
2yki,2yki_496,3.020,2.9960
2yki,2yki_515,3.060,-4.3170
2yki,2yki_525,5.130,1.4050
2yki,2yki_529,1.610,-2.5170
2yki,2yki_537,2.300,-2.2060
2yki,2yki_549,3.130,2.0350
2zb1,2zb1_568,3.570,4.1320
2zb1,2zb1_570,3.750,3.5190
2zb1,2zb1_573,7.880,4.6050
2zb1,2zb1_576,8.430,0.9920
2zb1,2zb1_577,7.360,2.2720
2zb1,2zb1_578,7.510,-3.4710
2zb1,2zb1_580,8.300,0.3920
2zb1,2zb1_581,8.050,-1.7160
2yki,2yki_569,3.740,-4.9720
2yki,2yki_57,0.810,12.8880
2yki,2yki_573,3.420,-0.2470
2yki,2yki_577,5.190,-7.1800
2yki,2yki_588,1.530,-4.0100
2yki,2yki_592,2.550,-9.1450
2yki,2yki_594,5.130,-6.0710
2yki,2yki_656,4.090,-17.8810
2zb1,2zb1_582,7.870,0.9450
2zb1,2zb1_585,6.590,0.4660
2zb1,2zb1_588,4.430,-0.1840
2zb1,2zb1_590,6.720,-0.5520
2zb1,2zb1_593,8.340,0.0610
2zb1,2zb1_597,8.450,3.6000
2zb1,2zb1_599,6.650,0.4180
2zb1,2zb1_622,6.680,-1.3120
2yki,2yki_660,6.020,6.0200
2yki,2yki_676,3.910,-11.7150
2yki,2yki_678,4.060,-13.2370
2yki,2yki_695,5.570,-10.2130
2yki,2yki_701,0.490,13.8470
2yki,2yki_716,4.350,7.1660
2yki,2yki_719,3.930,8.0620
2yki,2yki_723,2.040,8.4810
2yki,2yki_725,1.990,12.5620
2yki,2yki_729,8.170,4.3680
2yki,2yki_734,4.070,8.0980
2yki,2yki_736,8.210,5.3360
2yki,2yki_739,8.530,5.0860
2yki,2yki_742,8.270,4.9140
2yki,2yki_743,8.430,3.9150
2yki,2yki_747,5.480,8.1430
2zb1,2zb1_686,7.580,4.1440
2zb1,2zb1_688,2.300,0.8380
2zb1,2zb1_689,3.350,5.2150
2zb1,2zb1_699,4.470,0.6220
2zb1,2zb1_726,0.890,8.0750
2zb1,2zb1_741,9.240,6.3050
2zb1,2zb1_742,8.550,5.4520
2zb1,2zb1_744,9.020,5.4970
2zcq,2zcq_259,0.550,7.4880
2zcq,2zcq_263,2.070,5.6950
2zcq,2zcq_27,0.940,6.6260
2zcq,2zcq_274,3.570,5.4340
2zcq,2zcq_281,0.920,6.2100
2zcq,2zcq_284,1.270,7.3960
2zcq,2zcq_311,0.960,8.0830
2zcq,2zcq_36,0.560,7.0250
2zcq,2zcq_369,0.970,8.0750
2zcq,2zcq_423,7.690,1.3730
2zcq,2zcq_427,8.050,-4.0040
2zcq,2zcq_432,6.880,-0.3310
2zcq,2zcq_440,4.060,2.1180
2zcq,2zcq_444,7.450,-4.2180
2zcq,2zcq_447,7.270,-1.3310
2zcq,2zcq_451,8.350,-0.5550
2zcq,2zcq_454,2.550,-2.2780
2zcq,2zcq_457,6.200,-0.1050
2zcq,2zcq_458,8.010,-0.3960
2zcq,2zcq_460,8.090,-5.8570
2zcq,2zcq_461,7.620,1.3340
2zcq,2zcq_462,6.980,-5.4040
2zcq,2zcq_463,1.670,-0.6180
2zcq,2zcq_468,3.960,-3.1950
2zb1,2zb1_98,0.630,10.0990
2zcq,2zcq_1,1.800,7.1710
2zcq,2zcq_10,1.010,5.8070
2zcq,2zcq_12,2.940,5.7100
2zcq,2zcq_168,1.980,7.2000
2zcq,2zcq_213,2.770,6.5560
2zcq,2zcq_227,0.850,6.3600
2zcq,2zcq_254,0.840,6.3950
2zb1,2zb1_665,8.350,1.0450
2zb1,2zb1_667,7.910,-1.7910
2zb1,2zb1_669,1.730,0.2990
2zb1,2zb1_672,1.520,1.9090
2zb1,2zb1_673,6.580,-0.6200
2zb1,2zb1_678,6.750,0.1910
2zb1,2zb1_680,2.030,2.6300
2zb1,2zb1_683,3.070,2.1240
2zb1,2zb1_745,6.870,1.5750
2zb1,2zb1_760,8.950,5.0690
2zb1,2zb1_761,8.900,4.8650
2zb1,2zb1_763,8.280,4.9200
2zb1,2zb1_821,2.020,4.9260
2zb1,2zb1_85,1.040,10.1990
2zb1,2zb1_875,2.110,6.9510
2zb1,2zb1_963,1.470,6.6780
2zb1,2zb1_626,6.490,-0.6180
2zb1,2zb1_636,1.310,-0.4980
2zb1,2zb1_639,3.600,4.2560
2zb1,2zb1_645,2.730,3.0250
2zb1,2zb1_651,3.410,1.6140
2zb1,2zb1_658,6.760,-0.9970
2zb1,2zb1_660,7.820,-0.4430
2zb1,2zb1_663,4.140,-1.9860
2yki,2yki_748,3.770,3.5420
2yki,2yki_749,7.590,2.3610
2yki,2yki_750,8.520,3.7360
2yki,2yki_751,8.370,1.9920
2yki,2yki_753,9.650,2.3420
2yki,2yki_755,7.940,3.2550
2yki,2yki_756,8.300,4.4850
2yki,2yki_757,8.250,4.4060
2yge,2yge_472,2.920,-11.7790
2yge,2yge_476,2.330,-28.1680
2yge,2yge_539,1.430,-1.6170
2yge,2yge_543,4.010,-21.0350
2yge,2yge_559,2.020,-5.4740
2yge,2yge_565,5.120,-4.6290
2yge,2yge_579,2.840,-1.4690
2yge,2yge_580,3.230,-18.8120
2yki,2yki_758,6.650,5.6380
2yki,2yki_759,8.240,5.1100
2yki,2yki_760,5.060,0.9930
2yki,2yki_761,9.780,4.1130
2yki,2yki_762,7.570,3.1340
2yki,2yki_764,6.930,4.1340
2yki,2yki_765,1.890,8.2420
2yki,2yki_766,5.180,4.0950
2yki,2yki_841,1.130,12.1980
2yki,2yki_864,3.800,9.3920
2yki,2yki_866,4.010,5.6880
2yki,2yki_869,7.660,5.9730
2yki,2yki_877,7.570,4.5970
2yki,2yki_879,4.170,4.2410
2yki,2yki_880,6.710,5.0230
2yki,2yki_886,6.730,5.4330
2zcq,2zcq_470,7.790,-2.1780
2zcq,2zcq_471,8.000,-0.1190
2zcq,2zcq_473,7.620,-3.6080
2zcq,2zcq_474,1.950,-1.5960
2zcq,2zcq_475,4.130,-4.8910
2zcq,2zcq_48,0.930,6.0380
2zcq,2zcq_482,4.110,-0.6410
2zcq,2zcq_486,8.450,-5.0620
2yki,2yki_768,4.300,4.9360
2yki,2yki_770,5.140,1.1950
2yki,2yki_771,6.190,-4.3610
2yki,2yki_773,6.480,-5.2470
2yki,2yki_776,6.370,-5.3500
2yki,2yki_777,5.270,-3.6440
2yki,2yki_778,5.730,-4.7100
2yki,2yki_780,2.050,4.3730
2yki,2yki_783,4.800,-5.1020
2yki,2yki_787,4.950,-12.3200
2yki,2yki_796,2.140,9.7560
2yki,2yki_814,1.940,7.2530
2yki,2yki_816,1.130,8.0860
2yki,2yki_818,0.930,11.2200
2yki,2yki_828,1.420,10.5470
2yki,2yki_830,0.980,10.7780
2yge,2yge_586,3.790,1.9400
2yge,2yge_627,6.310,-6.3920
2yge,2yge_629,5.510,-3.7900
2yge,2yge_646,3.920,-2.9110
2yge,2yge_659,5.360,-1.7590
2yge,2yge_664,3.850,-9.6760
2yge,2yge_669,5.690,3.3580
2yge,2yge_679,5.210,-0.3480
2zcq,2zcq_558,4.340,-7.0220
2zcq,2zcq_563,1.970,0.7930
2zcq,2zcq_578,3.910,4.2260
2zcq,2zcq_580,5.300,-10.0030
2zcq,2zcq_581,5.010,1.8880
2zcq,2zcq_583,2.050,-3.2100
2zcq,2zcq_584,5.350,0.0690
2zcq,2zcq_587,5.710,2.6750
2yge,2yge_402,3.060,-8.1210
2yge,2yge_408,2.390,-25.5840
2yge,2yge_410,2.950,-19.8680
2yge,2yge_425,1.950,-11.0150
2yge,2yge_437,0.890,3.9090
2yge,2yge_439,1.680,-0.5380
2yge,2yge_447,2.790,-26.6380
2yge,2yge_467,2.240,-18.4070
2zcq,2zcq_669,2.560,0.7000
2zcq,2zcq_671,2.590,-11.6750
2zcq,2zcq_680,3.110,-1.8570
2zcq,2zcq_682,4.050,-5.1130
2zcq,2zcq_687,9.060,1.9860
2zcq,2zcq_689,8.840,1.6360
2zcq,2zcq_707,6.040,2.6430
2zcq,2zcq_716,7.180,5.0210
2zcq,2zcq_498,8.340,1.3770
2zcq,2zcq_499,5.790,3.2700
2zcq,2zcq_520,3.240,1.6460
2zcq,2zcq_525,4.410,-2.3760
2zcq,2zcq_528,3.540,-0.8320
2zcq,2zcq_529,2.170,3.6720
2zcq,2zcq_542,4.110,2.3210
2zcq,2zcq_554,9.320,4.0900
2zcq,2zcq_726,5.970,5.1230
2zcq,2zcq_743,6.190,1.1380
2zcq,2zcq_745,8.610,4.6460
2zcq,2zcq_747,5.370,4.2810
2zcq,2zcq_756,8.740,4.0660
2zcq,2zcq_76,0.800,6.0580
2zcq,2zcq_762,6.660,1.6710
2zcq,2zcq_769,4.500,3.9960
2zcq,2zcq_593,8.220,3.0830
2zcq,2zcq_598,5.900,-8.8060
2zcq,2zcq_606,4.120,-3.0670
2zcq,2zcq_612,2.560,-0.5120
2zcq,2zcq_620,2.520,-4.8700
2zcq,2zcq_628,3.880,-4.9530
2zcq,2zcq_636,1.790,-4.7230
2zcq,2zcq_665,3.810,0.1850
2zcq,2zcq_927,6.420,1.4510
2zcq,2zcq_942,5.800,2.7100
2zcq,2zcq_960,9.070,2.4660
2zcq,2zcq_961,9.040,2.3370
2zcq,2zcq_969,7.870,1.4360
2zcq,2zcq_971,5.430,1.7240
2zcq,2zcq_98,3.060,4.4620
2zcr,2zcr_187,0.760,8.8420
2zcq,2zcq_784,3.530,3.9170
2zcq,2zcq_785,6.790,-0.3350
2zcq,2zcq_786,6.260,3.9260
2zcq,2zcq_787,4.310,0.4720
2zcq,2zcq_860,7.790,3.8340
2zcq,2zcq_88,1.900,4.1340
2zcq,2zcq_888,6.490,-2.8190
2zcq,2zcq_91,1.060,6.8240
2yge,2yge_686,6.170,0.3140
2yge,2yge_687,2.830,-4.7720
2yge,2yge_697,5.290,2.6460
2yge,2yge_705,0.910,6.7240
2yge,2yge_713,0.850,7.8900
2yge,2yge_721,1.120,7.9480
2yge,2yge_730,0.840,7.2640
2yge,2yge_74,0.680,9.3660
2yge,2yge_748,3.820,3.6290
2yge,2yge_753,1.120,3.6940
2yge,2yge_758,4.360,4.3090
2yge,2yge_760,1.370,4.6890
2yge,2yge_761,2.140,5.3860
2yge,2yge_766,4.790,3.3570
2yge,2yge_768,5.200,4.3910
2yge,2yge_769,5.020,4.7020
2yge,2yge_792,4.210,-10.9130
2yge,2yge_798,3.640,-16.6050
2yge,2yge_842,1.250,6.6700
2yge,2yge_882,0.970,7.2070
2yge,2yge_892,4.660,3.0140
2yge,2yge_966,1.080,6.7450
2yge,2yge_985,1.200,6.2910
2yki,2yki_239,0.640,12.1560
2zcr,2zcr_216,2.300,6.1450
2zcr,2zcr_273,0.600,6.7440
2zcr,2zcr_28,2.630,2.9440
2zcr,2zcr_283,0.930,6.3640
2zcr,2zcr_294,1.020,7.4770
2zcr,2zcr_296,0.870,7.6920
2zcr,2zcr_318,0.910,8.8800
2zcr,2zcr_324,0.850,8.9430
2zcr,2zcr_418,8.350,-5.2610
2zcr,2zcr_422,9.450,-1.1010
2zcr,2zcr_423,8.390,-1.4160
2zcr,2zcr_424,2.400,0.9570
2zcr,2zcr_429,6.090,4.2130
2zcr,2zcr_437,8.920,0.6690
2zcr,2zcr_438,8.170,1.4070
2zcr,2zcr_440,2.660,-4.2080
2zcr,2zcr_444,3.330,-1.2600
2zcr,2zcr_447,3.020,-8.6300
2zcr,2zcr_452,8.780,-0.7910
2zcr,2zcr_453,9.470,-5.1410
2zcr,2zcr_460,9.020,-2.7230
2zcr,2zcr_464,1.860,-5.8300
2zcr,2zcr_465,5.480,-0.2330
2zcr,2zcr_466,8.300,3.2040
2zcr,2zcr_772,6.190,3.6750
2zcr,2zcr_776,5.670,4.5950
2zcr,2zcr_777,5.830,3.2240
2zcr,2zcr_778,5.860,4.1340
2zcr,2zcr_780,7.570,4.3270
2zcr,2zcr_781,9.600,2.2100
2zcr,2zcr_782,5.440,4.5020
2zcr,2zcr_783,5.430,4.7100
2yge,2yge_770,4.290,-3.6360
2yge,2yge_772,3.940,2.6440
2yge,2yge_773,5.030,-1.0980
2yge,2yge_778,3.240,-3.9000
2yge,2yge_781,4.090,-0.8110
2yge,2yge_784,4.110,0.9930
2yge,2yge_786,4.160,-2.7230
2yge,2yge_787,4.860,-2.4870
2zcr,2zcr_636,2.910,0.1890
2zcr,2zcr_658,4.270,-3.6210
2zcr,2zcr_664,1.630,-6.2100
2zcr,2zcr_678,1.530,0.8280
2zcr,2zcr_699,4.520,-6.5260
2zcr,2zcr_709,5.200,4.1520
2zcr,2zcr_721,5.720,4.3880
2zcr,2zcr_723,5.620,3.4920
2zcr,2zcr_33,1.140,5.9500
2zcr,2zcr_351,0.850,8.9060
2zcr,2zcr_358,2.060,8.4340
2zcr,2zcr_37,0.350,8.0000
2zcr,2zcr_383,1.390,8.1870
2zcr,2zcr_398,2.270,6.1530
2zcr,2zcr_407,8.940,1.5740
2zcr,2zcr_409,2.490,2.5910
2zcr,2zcr_468,8.640,-1.3070
2zcr,2zcr_474,9.250,-4.5730
2zcr,2zcr_475,9.270,-1.1660
2zcr,2zcr_495,1.680,4.4850
2zcr,2zcr_500,8.820,1.7680
2zcr,2zcr_52,1.110,6.6210
2zcr,2zcr_543,3.010,-3.6100
2zcr,2zcr_548,2.170,1.5090
2zcr,2zcr_557,4.580,-7.9220
2zcr,2zcr_578,3.130,-5.7950
2zcr,2zcr_580,4.080,1.5220
2zcr,2zcr_589,1.290,2.5610
2zcr,2zcr_591,2.370,1.6810
2zcr,2zcr_603,3.130,-1.8320
2zcr,2zcr_625,3.080,-5.3500
2zcr,2zcr_634,4.110,0.2690
2zcr,2zcr_730,3.450,7.2810
2zcr,2zcr_737,4.050,5.9100
2zcr,2zcr_746,4.410,6.9530
2zcr,2zcr_75,0.700,7.0380
2zcr,2zcr_762,6.220,4.5150
2zcr,2zcr_765,3.880,3.8380
2zcr,2zcr_767,8.630,1.5540
2zcr,2zcr_769,7.140,4.7530
2zcr,2zcr_786,6.350,5.1870
2zcr,2zcr_787,6.880,4.8550
2zcr,2zcr_788,4.060,5.9910
2zcr,2zcr_8,1.400,6.5410
2zcr,2zcr_80,0.900,7.0800
2zcr,2zcr_834,5.620,4.3130
2zcr,2zcr_846,3.290,5.1770
2zcr,2zcr_869,4.290,4.7730
2zy1,2zy1_109,2.070,6.7150
2zy1,2zy1_113,2.400,7.9020
2zy1,2zy1_119,1.420,7.6760
2zy1,2zy1_130,1.920,6.7490
2zy1,2zy1_160,2.660,6.2220
2zy1,2zy1_163,2.740,7.0150
2zy1,2zy1_165,2.590,6.4370
2zy1,2zy1_166,1.520,7.9150
2zcr,2zcr_877,3.770,5.5440
2zcr,2zcr_882,6.040,1.6530
2zcr,2zcr_883,4.540,3.4290
2zda,2zda_101,6.050,5.1200
2zda,2zda_108,4.880,6.4340
2zda,2zda_116,7.680,5.5950
2zda,2zda_132,5.820,5.6430
2zda,2zda_142,0.670,7.9530
2zy1,2zy1_171,2.000,6.3770
2zy1,2zy1_172,0.950,7.8490
2zy1,2zy1_173,3.600,6.3820
2zy1,2zy1_175,1.130,7.4780
2zy1,2zy1_214,2.000,6.2630
2zy1,2zy1_216,7.010,4.6710
2zy1,2zy1_220,5.630,6.1250
2zy1,2zy1_224,3.710,5.2670
2zy1,2zy1_225,2.290,5.4540
2zy1,2zy1_231,9.060,6.3230
2zy1,2zy1_233,6.030,6.9540
2zy1,2zy1_234,5.920,3.8420
2zy1,2zy1_241,7.360,4.7410
2zy1,2zy1_246,3.490,5.9170
2zy1,2zy1_251,4.300,2.7610
2zy1,2zy1_256,3.330,6.1740
2zy1,2zy1_257,5.330,3.0640
2zy1,2zy1_264,2.260,6.3370
2zy1,2zy1_273,4.730,6.6630
2zy1,2zy1_292,4.500,3.0260
2zy1,2zy1_306,4.170,7.9170
2zy1,2zy1_328,6.040,7.8690
2zy1,2zy1_335,3.480,8.0640
2zy1,2zy1_35,6.030,6.5530
2zy1,2zy1_396,1.900,8.5800
2zy1,2zy1_410,4.040,5.2380
2zy1,2zy1_411,7.670,1.8430
2zy1,2zy1_415,6.960,3.1560
2zy1,2zy1_418,8.500,4.0320
2zy1,2zy1_421,8.570,-9.1470
2zy1,2zy1_422,3.710,-5.3250
2zy1,2zy1_435,7.220,0.8390
2zda,2zda_435,2.370,-5.8550
2zda,2zda_442,7.530,-16.3060
2zda,2zda_447,4.680,-13.2800
2zda,2zda_45,3.460,5.9200
2zda,2zda_470,8.420,3.8400
2zda,2zda_498,2.030,-9.6430
2zda,2zda_5,1.730,6.4140
2zda,2zda_500,4.960,-3.0600
2zda,2zda_615,4.820,-10.4540
2zda,2zda_627,7.100,2.6020
2zda,2zda_633,2.040,-3.1520
2zda,2zda_643,7.500,-0.7710
2zda,2zda_664,6.670,0.1520
2zda,2zda_671,7.860,-4.0540
2zda,2zda_677,5.560,-2.3870
2zda,2zda_694,8.420,3.8400
3acw,3acw_500,2.130,2.5810
3acw,3acw_525,3.570,4.3380
3acw,3acw_531,3.170,6.9210
3acw,3acw_537,4.200,1.9740
3acw,3acw_542,4.120,4.3890
3acw,3acw_547,4.740,1.5290
3acw,3acw_552,7.010,5.4350
3acw,3acw_559,3.380,-2.8420
2zda,2zda_506,6.910,3.7650
2zda,2zda_525,1.930,-3.6360
2zda,2zda_533,1.930,-8.1830
2zda,2zda_54,3.710,7.0610
2zda,2zda_558,5.730,-1.3330
2zda,2zda_561,3.570,-2.6620
2zda,2zda_573,2.800,-1.3760
2zda,2zda_589,7.380,-1.5060
3acw,3acw_629,7.060,4.5120
3acw,3acw_635,5.070,2.4610
3acw,3acw_636,0.880,6.2720
3acw,3acw_642,4.930,2.6330
3acw,3acw_644,1.380,7.0370
3acw,3acw_645,5.490,1.4680
3acw,3acw_659,7.850,5.3300
3acw,3acw_661,4.260,0.3380
3acw,3acw_562,3.600,5.3900
3acw,3acw_566,4.470,4.6070
3acw,3acw_578,4.370,0.6110
3acw,3acw_592,6.500,4.6370
3acw,3acw_608,4.090,2.5510
3acw,3acw_612,3.690,2.0250
3acw,3acw_624,1.640,3.7990
3acw,3acw_625,5.070,0.9760
3acw,3acw_445,2.200,3.5430
3acw,3acw_451,6.600,1.4120
3acw,3acw_455,0.890,7.7310
3acw,3acw_465,0.940,6.9190
3acw,3acw_467,6.670,4.1200
3acw,3acw_480,6.340,2.0010
3acw,3acw_486,3.240,1.5960
3acw,3acw_492,6.520,2.5810
2zy1,2zy1_451,8.210,0.4930
2zy1,2zy1_452,4.110,-4.1170
2zy1,2zy1_453,3.860,-2.6740
2zy1,2zy1_457,6.800,2.7050
2zy1,2zy1_461,9.180,-0.6810
2zy1,2zy1_463,3.950,-6.4410
2zy1,2zy1_464,9.090,1.2140
2zy1,2zy1_468,2.270,-3.9850
2zy1,2zy1_916,3.470,4.3590
2zy1,2zy1_985,9.070,3.5380
2zy1,2zy1_992,4.340,2.8000
3acw,3acw_145,1.360,8.6840
3acw,3acw_281,1.610,8.8250
3acw,3acw_411,0.850,8.3730
3acw,3acw_432,1.590,5.6870
3acw,3acw_435,0.800,7.8830
2zda,2zda_345,7.450,6.1750
2zda,2zda_379,4.820,6.4550
2zda,2zda_382,7.500,5.3810
2zda,2zda_391,5.690,6.5340
2zda,2zda_393,6.270,7.3110
2zda,2zda_414,6.690,-14.8730
2zda,2zda_429,5.520,2.7480
2zda,2zda_434,4.910,-8.2490
2zda,2zda_156,6.220,5.3320
2zda,2zda_157,5.180,5.5060
2zda,2zda_167,1.590,6.4380
2zda,2zda_170,0.930,7.4460
2zda,2zda_174,6.490,6.7820
2zda,2zda_182,7.010,6.8130
2zda,2zda_192,6.580,5.1610
2zda,2zda_196,6.000,5.3110
2zy1,2zy1_469,2.180,-1.6040
2zy1,2zy1_473,9.100,-1.6050
2zy1,2zy1_475,5.100,-1.1300
2zy1,2zy1_476,7.970,1.6610
2zy1,2zy1_482,8.280,0.2470
2zy1,2zy1_483,8.780,-2.7600
2zy1,2zy1_484,1.820,2.2830
2zy1,2zy1_490,8.640,-2.6330
2zda,2zda_2,0.980,8.6130
2zda,2zda_205,1.960,7.1160
2zda,2zda_212,3.120,6.1320
2zda,2zda_218,6.900,5.5710
2zda,2zda_224,6.660,4.5670
2zda,2zda_23,0.750,9.3560
2zda,2zda_232,0.740,7.2710
2zda,2zda_255,3.960,0.2760
2zda,2zda_259,2.670,1.2410
2zda,2zda_262,2.070,6.0940
2zda,2zda_264,0.760,5.8530
2zda,2zda_266,2.900,3.8820
2zda,2zda_27,2.560,6.9820
2zda,2zda_270,1.480,5.1680
2zda,2zda_272,1.230,6.7010
2zda,2zda_274,1.840,3.6060
2zda,2zda_277,0.430,8.3720
2zda,2zda_289,8.890,2.7940
2zda,2zda_29,0.620,8.9160
2zda,2zda_295,5.880,2.4860
2zda,2zda_299,0.460,7.9850
2zda,2zda_302,8.020,5.4030
2zda,2zda_311,8.140,7.1340
2zda,2zda_338,4.070,6.6970
2zy1,2zy1_495,9.630,0.7380
2zy1,2zy1_496,8.010,-1.2850
2zy1,2zy1_50,5.860,7.6100
2zy1,2zy1_500,9.440,1.0950
2zy1,2zy1_539,5.310,-0.1220
2zy1,2zy1_542,7.860,1.8120
2zy1,2zy1_556,8.910,0.4180
2zy1,2zy1_561,6.410,4.8890
2zy1,2zy1_575,2.030,1.6480
2zy1,2zy1_598,8.900,0.7030
2zy1,2zy1_603,9.850,-1.8160
2zy1,2zy1_606,7.070,-0.5690
2zy1,2zy1_608,6.670,-2.3040
2zy1,2zy1_615,9.590,-3.6230
2zy1,2zy1_622,5.260,-2.5300
2zy1,2zy1_631,8.010,-3.3270
2zda,2zda_698,3.750,-8.9660
2zda,2zda_739,2.700,7.3220
2zda,2zda_748,1.170,7.5860
2zda,2zda_751,4.060,4.5060
2zda,2zda_753,3.720,5.5670
2zda,2zda_758,5.420,4.9590
2zda,2zda_763,3.080,5.0140
2zda,2zda_766,3.980,2.5370
2zda,2zda_767,5.270,6.2210
2zda,2zda_772,4.340,4.1250
2zda,2zda_773,3.860,3.3860
2zda,2zda_777,2.950,6.1610
2zda,2zda_80,4.930,5.3770
2zda,2zda_835,0.930,8.2920
2zda,2zda_860,1.040,8.1990
2zda,2zda_89,7.030,6.0030
2zy1,2zy1_669,5.930,-2.5250
2zy1,2zy1_670,9.080,-2.0540
2zy1,2zy1_675,6.310,0.2020
2zy1,2zy1_684,4.040,-2.8110
2zy1,2zy1_739,1.570,3.2750
2zy1,2zy1_746,7.950,1.6050
2zy1,2zy1_753,6.840,-1.2890
2zy1,2zy1_756,3.900,3.0030
2zy1,2zy1_76,6.130,8.6060
2zy1,2zy1_769,7.330,1.5300
2zy1,2zy1_771,7.410,3.6160
2zy1,2zy1_778,4.430,3.2820
2zy1,2zy1_81,5.770,7.9760
2zy1,2zy1_845,4.930,4.0000
2zy1,2zy1_885,5.060,3.8990
2zy1,2zy1_911,1.700,5.9960
3acw,3acw_664,4.650,0.5850
3acw,3acw_667,2.130,5.3320
3acw,3acw_676,3.800,2.6290
3acw,3acw_678,2.080,5.0450
3acw,3acw_681,4.100,2.9900
3acw,3acw_697,2.020,5.3970
3acw,3acw_700,1.230,6.3100
3acw,3acw_720,8.500,5.1460
3acw,3acw_721,2.320,6.1500
3acw,3acw_722,8.580,5.5260
3acw,3acw_723,2.460,6.9090
3acw,3acw_730,8.390,3.6500
3acw,3acw_732,1.180,8.4800
3acw,3acw_735,8.460,5.1800
3acw,3acw_737,9.530,5.4330
3acw,3acw_738,8.150,3.0940
3acw,3acw_809,0.580,9.3250
3acw,3acw_860,1.880,8.8030
3acw,3acw_861,8.220,4.6230
3acw,3acw_865,9.220,5.1190
3acw,3acw_866,8.480,5.0690
3acw,3acw_870,8.140,3.0710
3acw,3acw_872,9.070,5.0500
3acw,3acw_877,3.260,5.4250
3acw,3acw_740,1.680,1.5590
3acw,3acw_741,8.200,3.6220
3acw,3acw_743,9.420,4.5560
3acw,3acw_744,9.350,4.2920
3acw,3acw_745,9.390,4.3970
3acw,3acw_746,9.160,5.9500
3acw,3acw_749,3.750,6.6320
3acw,3acw_750,2.540,0.8130
3acw,3acw_757,6.650,3.1130
3acw,3acw_760,9.510,2.1540
3acw,3acw_763,6.760,5.0800
3acw,3acw_776,5.560,1.4260
3acw,3acw_780,5.550,1.3080
3acw,3acw_781,6.800,7.2020
3acw,3acw_791,6.330,4.8380
3acw,3acw_797,6.350,4.8990
3acw,3acw_879,2.160,7.6460
3acw,3acw_883,9.200,5.5280
3acw,3acw_888,8.190,3.2120
3acw,3acw_905,0.730,8.8640
3acw,3acw_939,0.850,8.4070
3acw,3acw_951,0.940,9.1850
3acw,3acw_968,3.040,7.1610
3acw,3acw_977,2.940,7.8470
3ao4,3ao4_117,4.830,4.3180
3ao4,3ao4_118,8.090,3.3550
3ao4,3ao4_165,0.610,6.4580
3ao4,3ao4_174,8.020,3.4480
3ao4,3ao4_195,0.680,5.2080
3ao4,3ao4_200,0.550,6.6650
3ao4,3ao4_281,0.560,4.1130
3ao4,3ao4_350,0.650,6.7650
3ao4,3ao4_762,9.410,1.1910
3ao4,3ao4_763,7.740,2.7510
3ao4,3ao4_764,8.290,1.9060
3ao4,3ao4_765,9.650,1.0980
3ao4,3ao4_766,9.350,0.8050
3ao4,3ao4_768,8.500,0.8080
3ao4,3ao4_769,7.460,0.8170
3ao4,3ao4_771,7.420,0.1250
3ao4,3ao4_456,0.800,2.1170
3ao4,3ao4_473,4.460,-1.4320
3ao4,3ao4_476,3.020,4.9480
3ao4,3ao4_477,2.430,-3.8040
3ao4,3ao4_479,1.630,1.3990
3ao4,3ao4_481,0.910,1.7980
3ao4,3ao4_499,1.790,-3.6170
3ao4,3ao4_520,2.620,4.4440
3ao4,3ao4_385,0.780,6.3320
3ao4,3ao4_420,3.010,-4.0530
3ao4,3ao4_428,3.690,4.5450
3ao4,3ao4_438,1.480,0.3390
3ao4,3ao4_440,3.670,4.2210
3ao4,3ao4_443,3.740,-6.8360
3ao4,3ao4_446,2.260,-7.1060
3ao4,3ao4_451,1.420,0.2740
3ao4,3ao4_749,5.660,0.4050
3ao4,3ao4_750,7.840,2.3880
3ao4,3ao4_752,6.950,0.2980
3ao4,3ao4_755,8.490,1.1560
3ao4,3ao4_757,8.210,1.1990
3ao4,3ao4_758,8.710,1.3490
3ao4,3ao4_759,7.570,1.1360
3ao4,3ao4_760,8.130,1.5550
3ao4,3ao4_572,3.360,1.3550
3ao4,3ao4_582,3.420,-5.1750
3ao4,3ao4_585,2.260,3.2700
3ao4,3ao4_593,3.650,3.7860
3ao4,3ao4_628,2.620,1.1370
3ao4,3ao4_650,3.620,0.5630
3ao4,3ao4_655,1.600,0.4960
3ao4,3ao4_657,2.030,2.2430
3ao4,3ao4_772,7.330,2.0730
3ao4,3ao4_773,6.640,2.8630
3ao4,3ao4_774,7.770,2.8360
3ao4,3ao4_776,6.200,-0.9790
3ao4,3ao4_779,6.360,-2.3350
3ao4,3ao4_780,2.120,-5.5850
3ao4,3ao4_784,0.790,3.2410
3ao4,3ao4_787,1.520,4.7690
3ao4,3ao4_661,4.660,-1.2880
3ao4,3ao4_691,2.590,-1.8280
3ao4,3ao4_715,5.050,3.5700
3ao4,3ao4_718,5.660,3.9600
3ao4,3ao4_730,1.780,5.3750
3ao4,3ao4_731,5.000,2.3050
3ao4,3ao4_736,7.300,2.4650
3ao4,3ao4_744,7.140,-1.3290
3ao4,3ao4_943,5.650,2.3830
3ao4,3ao4_953,6.870,-2.1430
3ao4,3ao4_958,3.160,3.6730
3ao4,3ao4_959,6.830,3.0350
3ao4,3ao4_962,5.430,3.3580
3ao4,3ao4_964,4.550,1.0230
3ao4,3ao4_965,7.360,1.3930
3ao4,3ao4_966,5.180,5.0760
3ao4,3ao4_878,5.900,4.3830
3ao4,3ao4_880,6.160,-1.0360
3ao4,3ao4_889,6.400,2.7160
3ao4,3ao4_909,2.470,0.7380
3ao4,3ao4_910,4.750,3.4360
3ao4,3ao4_915,1.130,3.7160
3ao4,3ao4_925,1.140,4.7150
3ao4,3ao4_928,5.000,5.0580
3ao4,3ao4_788,1.790,6.3670
3ao4,3ao4_800,5.000,5.2790
3ao4,3ao4_803,4.960,4.7070
3ao4,3ao4_808,5.180,6.4980
3ao4,3ao4_850,5.830,4.4360
3ao4,3ao4_862,6.220,2.9720
3ao4,3ao4_870,4.790,2.9990
3ao4,3ao4_871,8.730,1.1970
3aru,3aru_240,4.140,2.0810
3aru,3aru_268,6.260,1.3880
3aru,3aru_270,7.850,-2.8530
3aru,3aru_272,5.570,0.9530
3aru,3aru_297,5.400,1.5860
3aru,3aru_306,0.840,5.9100
3aru,3aru_311,0.670,5.6950
3aru,3aru_314,0.790,5.6790
3aru,3aru_320,5.000,5.6290
3aru,3aru_336,4.970,5.3380
3aru,3aru_356,0.980,5.9470
3aru,3aru_362,0.510,5.8860
3aru,3aru_38,9.170,4.1800
3aru,3aru_39,4.790,5.2680
3aru,3aru_40,8.160,4.8010
3aru,3aru_449,2.970,1.4290
3aru,3aru_167,6.130,4.9210
3aru,3aru_169,4.190,4.5790
3aru,3aru_174,5.780,5.0660
3aru,3aru_202,4.890,3.1650
3aru,3aru_205,1.480,-2.8570
3aru,3aru_222,1.920,4.5610
3aru,3aru_235,5.100,1.4520
3aru,3aru_239,5.110,-1.8900
3aru,3aru_530,7.410,-4.4100
3aru,3aru_532,3.890,2.0590
3aru,3aru_533,4.280,2.1350
3aru,3aru_544,6.100,-6.7360
3aru,3aru_546,4.920,-0.6570
3aru,3aru_565,7.570,0.0950
3aru,3aru_566,8.300,-1.2280
3aru,3aru_573,2.650,3.6280
3aru,3aru_450,2.240,3.8510
3aru,3aru_478,1.960,1.7900
3aru,3aru_48,5.130,5.3160
3aru,3aru_482,5.080,-1.3610
3aru,3aru_483,5.030,0.8490
3aru,3aru_502,7.880,-1.3340
3aru,3aru_512,6.970,1.4370
3aru,3aru_521,7.320,-0.0130
3aru,3aru_698,6.290,-1.0610
3aru,3aru_709,0.810,-1.3110
3aru,3aru_715,1.970,0.5570
3aru,3aru_716,1.370,0.2870
3aru,3aru_721,2.640,-1.9240
3aru,3aru_725,1.830,0.3510
3aru,3aru_728,3.860,3.3430
3aru,3aru_745,3.800,2.7630
3aru,3aru_577,7.240,-7.1180
3aru,3aru_58,0.950,4.9680
3aru,3aru_587,6.530,-3.3780
3aru,3aru_589,7.670,1.9750
3aru,3aru_592,6.120,1.9370
3aru,3aru_594,6.690,0.1570
3aru,3aru_595,5.040,2.1050
3aru,3aru_60,8.450,4.0940
3aru,3aru_852,3.200,4.6910
3aru,3aru_858,3.150,1.1270
3aru,3aru_88,8.550,4.0200
3aru,3aru_902,0.610,0.4620
3aru,3aru_909,2.670,4.0480
3aru,3aru_925,2.830,2.7640
3aru,3aru_93,7.980,4.1180
3aru,3aru_930,1.670,-1.0260
3aru,3aru_604,4.160,1.4650
3aru,3aru_618,7.160,-2.2740
3aru,3aru_62,7.240,3.7860
3aru,3aru_621,6.430,-2.2720
3aru,3aru_64,0.950,5.2310
3aru,3aru_654,5.080,-1.1440
3aru,3aru_686,6.020,-5.6490
3aru,3aru_695,3.690,-0.3940
3aru,3aru_749,2.960,2.5550
3aru,3aru_776,3.050,4.8570
3aru,3aru_777,3.090,4.4470
3aru,3aru_780,4.040,3.0680
3aru,3aru_789,3.300,4.3370
3aru,3aru_790,1.700,3.5780
3aru,3aru_791,2.160,3.0940
3aru,3aru_817,2.870,4.0620
3aru,3aru_949,1.800,-3.3600
3aru,3aru_952,2.410,4.1200
3aru,3aru_98,0.850,5.0840
3aru,3aru_99,3.950,4.9930
3arv,3arv_1,3.890,9.0880
3arv,3arv_116,4.640,8.5850
3arv,3arv_122,6.080,8.0120
3arv,3arv_184,3.320,8.4100
3arv,3arv_304,1.660,8.3430
3arv,3arv_324,0.850,8.0870
3arv,3arv_327,0.950,8.9870
3arv,3arv_336,2.640,8.7530
3arv,3arv_337,2.430,8.9090
3arv,3arv_345,0.700,9.0780
3arv,3arv_353,1.580,8.9250
3arv,3arv_355,1.190,8.8130
3arp,3arp_562,5.560,-1.7730
3arp,3arp_570,6.800,0.4250
3arp,3arp_574,5.780,-0.4420
3arp,3arp_575,5.660,0.8760
3arp,3arp_585,6.520,-4.9880
3arp,3arp_6,1.630,8.1130
3arp,3arp_605,8.720,0.7920
3arp,3arp_607,8.300,1.1220
3arv,3arv_359,0.910,8.7460
3arv,3arv_367,1.730,8.8150
3arv,3arv_372,2.000,8.7460
3arv,3arv_373,5.030,9.3250
3arv,3arv_374,1.270,8.9360
3arv,3arv_386,1.270,9.0400
3arv,3arv_387,1.990,8.5870
3arv,3arv_470,2.720,3.0860
3arp,3arp_505,4.550,2.2800
3arp,3arp_509,7.240,4.3800
3arp,3arp_516,4.670,4.0970
3arp,3arp_517,6.690,2.6770
3arp,3arp_540,7.090,4.2750
3arp,3arp_549,6.590,-2.2070
3arp,3arp_551,8.650,0.7640
3arp,3arp_558,6.900,-0.9040
3ao4,3ao4_976,6.110,3.7390
3ao4,3ao4_978,5.170,3.8820
3arp,3arp_103,4.720,7.6560
3arp,3arp_17,1.390,8.5100
3arp,3arp_176,4.020,7.7350
3arp,3arp_181,3.970,8.5620
3arp,3arp_190,1.660,7.1320
3arp,3arp_198,2.360,7.0330
3arp,3arp_420,5.530,-11.1990
3arp,3arp_425,9.120,1.0600
3arp,3arp_431,7.930,-10.8290
3arp,3arp_447,4.470,-6.9270
3arp,3arp_448,7.440,-9.3260
3arp,3arp_449,7.920,-16.5490
3arp,3arp_46,6.030,7.9220
3arp,3arp_496,9.020,-7.3350
3arv,3arv_51,1.690,8.6820
3arv,3arv_515,3.270,8.5150
3arv,3arv_559,3.050,5.1120
3arv,3arv_56,2.920,8.7500
3arv,3arv_600,2.870,4.5340
3arv,3arv_708,5.060,-0.4440
3arv,3arv_715,6.930,3.9030
3arv,3arv_716,7.930,-0.8040
3arv,3arv_717,7.700,2.8900
3arv,3arv_719,8.600,3.5330
3arv,3arv_720,8.010,3.2300
3arv,3arv_721,7.730,3.3360
3arv,3arv_723,6.010,2.3780
3arv,3arv_749,8.430,2.0580
3arv,3arv_750,9.710,3.5350
3arv,3arv_752,9.750,2.6490
3arp,3arp_67,0.980,8.7030
3arp,3arp_671,6.410,-7.7980
3arp,3arp_674,9.070,2.2740
3arp,3arp_679,8.410,1.1380
3arp,3arp_684,8.420,-1.9110
3arp,3arp_703,7.320,3.8300
3arp,3arp_73,3.080,7.2860
3arp,3arp_734,5.520,5.7590
3arv,3arv_771,9.170,1.2100
3arv,3arv_774,9.870,2.5460
3arv,3arv_801,5.030,3.9660
3arv,3arv_803,1.090,-1.9300
3arv,3arv_806,2.810,2.7730
3arv,3arv_807,2.540,-1.3130
3arv,3arv_810,4.020,5.0470
3arv,3arv_811,2.360,-1.5240
3ary,3ary_311,3.900,5.9750
3ary,3ary_317,3.970,6.6790
3ary,3ary_383,5.760,5.9780
3ary,3ary_418,3.610,5.7720
3ary,3ary_466,3.330,6.3180
3ary,3ary_487,2.940,-0.2280
3ary,3ary_499,6.230,1.4800
3ary,3ary_503,3.110,6.0430
3arv,3arv_824,5.560,4.4940
3arv,3arv_828,5.820,7.3360
3arv,3arv_837,4.500,3.4240
3arv,3arv_842,8.480,2.3770
3arv,3arv_843,7.260,1.9050
3arv,3arv_848,9.470,1.0720
3arv,3arv_849,6.090,5.2920
3arv,3arv_850,9.810,4.4740
3arv,3arv_853,6.690,2.4350
3arv,3arv_855,7.070,-3.2310
3arv,3arv_856,6.990,2.1900
3arv,3arv_860,9.900,1.8280
3arv,3arv_861,6.540,3.3590
3arv,3arv_868,6.350,3.5140
3arv,3arv_869,6.870,-2.3130
3arv,3arv_876,9.580,1.5980
3arp,3arp_615,8.340,-5.7290
3arp,3arp_620,8.210,-5.1360
3arp,3arp_623,9.060,-2.0380
3arp,3arp_632,9.090,3.7190
3arp,3arp_641,5.660,0.6230
3arp,3arp_650,7.800,-0.4400
3arp,3arp_653,7.240,-13.7050
3arp,3arp_658,9.290,-4.2150
3ary,3ary_513,4.850,5.0230
3ary,3ary_515,4.080,4.2110
3ary,3ary_540,7.650,2.0020
3ary,3ary_547,4.490,5.4450
3ary,3ary_548,2.830,-1.0570
3ary,3ary_556,7.020,-2.8060
3ary,3ary_558,7.700,0.0730
3ary,3ary_561,4.870,2.3730
3arv,3arv_982,3.340,4.4850
3arv,3arv_995,4.750,5.4830
3ary,3ary_100,1.620,5.8920
3ary,3ary_147,6.810,2.7380
3ary,3ary_154,7.380,5.3100
3ary,3ary_162,9.180,4.9280
3ary,3ary_187,5.020,4.3630
3ary,3ary_195,8.710,5.1180
3ary,3ary_255,7.790,1.6950
3ary,3ary_276,8.590,3.4030
3ary,3ary_286,9.140,2.3080
3ary,3ary_290,8.900,3.7160
3ary,3ary_292,9.160,1.1280
3ary,3ary_298,9.240,2.3180
3ary,3ary_302,9.850,6.0820
3ary,3ary_304,4.400,6.7830
3ary,3ary_206,7.210,2.7550
3ary,3ary_208,9.090,2.4280
3ary,3ary_222,6.000,4.5120
3ary,3ary_230,9.430,2.2920
3ary,3ary_237,8.740,1.6750
3ary,3ary_240,4.720,2.9490
3ary,3ary_244,9.820,1.6640
3ary,3ary_252,9.120,1.3000
3ary,3ary_770,5.880,-2.4130
3ary,3ary_772,8.230,-0.6750
3ary,3ary_773,3.390,4.0240
3ary,3ary_774,6.420,2.0280
3ary,3ary_775,8.700,2.3740
3ary,3ary_778,6.240,3.7680
3ary,3ary_797,5.980,-0.2360
3ary,3ary_799,2.600,-0.6780
3ary,3ary_580,2.390,2.5440
3ary,3ary_627,2.970,1.4540
3ary,3ary_648,8.040,3.5120
3ary,3ary_650,7.220,2.4210
3ary,3ary_663,4.920,2.6920
3ary,3ary_687,5.720,-1.7860
3ary,3ary_702,5.410,0.1700
3ary,3ary_71,1.940,6.2310
3ary,3ary_723,3.840,-2.0010
3ary,3ary_727,6.870,0.0230
3ary,3ary_729,1.770,1.4050
3ary,3ary_730,6.440,-0.1700
3ary,3ary_731,7.050,3.6640
3ary,3ary_735,9.620,-1.0020
3ary,3ary_736,2.870,2.9980
3ary,3ary_739,7.630,-2.4040
3arv,3arv_877,4.760,6.0040
3arv,3arv_879,7.570,1.6970
3arv,3arv_880,2.310,4.9200
3arv,3arv_881,8.330,2.3940
3arv,3arv_882,8.820,-2.7470
3arv,3arv_887,8.480,3.4140
3arv,3arv_888,5.730,4.1900
3arv,3arv_889,7.900,2.0420
3arv,3arv_812,5.720,4.7330
3arv,3arv_815,5.510,2.3520
3arv,3arv_816,4.200,5.5770
3arv,3arv_817,3.840,4.8380
3arv,3arv_818,4.430,4.1810
3arv,3arv_819,6.070,3.4910
3arv,3arv_820,9.340,1.3100
3arv,3arv_821,4.420,4.0630
3ary,3ary_801,8.330,2.9450
3ary,3ary_805,2.180,0.8290
3ary,3ary_826,4.070,0.5880
3ary,3ary_828,3.480,-1.8910
3ary,3ary_832,1.530,0.3140
3ary,3ary_837,4.400,0.3520
3ary,3ary_844,1.230,-2.0180
3ary,3ary_850,1.880,-1.1680
3ary,3ary_740,5.470,2.2680
3ary,3ary_744,4.880,1.3800
3ary,3ary_750,6.630,3.8440
3ary,3ary_751,1.830,-2.7740
3ary,3ary_754,1.620,2.6920
3ary,3ary_762,1.400,-3.0540
3ary,3ary_763,5.960,-2.0170
3ary,3ary_765,2.980,2.8540
3ary,3ary_858,6.030,-2.5870
3ary,3ary_861,2.150,0.5360
3ary,3ary_864,6.190,0.9390
3ary,3ary_866,3.810,0.6460
3ary,3ary_880,7.620,2.0430
3ary,3ary_884,8.040,4.4720
3ary,3ary_943,2.870,1.7050
3ary,3ary_953,5.870,2.8190
3arp,3arp_365,3.440,7.8980
3arp,3arp_367,1.920,7.6200
3arp,3arp_37,0.970,7.8400
3arp,3arp_371,8.500,8.0060
3arp,3arp_380,9.240,6.8640
3arp,3arp_394,2.820,8.9220
3arp,3arp_407,8.940,-4.2980
3arp,3arp_419,6.800,-4.7410
3arp,3arp_245,3.120,3.1250
3arp,3arp_248,1.810,3.0010
3arp,3arp_252,2.850,6.7850
3arp,3arp_254,3.030,6.5630
3arp,3arp_255,2.870,4.8410
3arp,3arp_258,3.220,1.7610
3arp,3arp_284,1.830,6.0010
3arp,3arp_289,4.030,7.4710
3arp,3arp_290,5.340,7.0920
3arp,3arp_299,2.630,4.9340
3arp,3arp_324,1.920,9.0120
3arp,3arp_330,2.390,7.6910
3arp,3arp_333,2.250,8.7670
3arp,3arp_347,1.950,7.4740
3arp,3arp_353,9.420,6.6400
3arp,3arp_357,1.410,8.5040
3arp,3arp_203,1.840,2.7280
3arp,3arp_211,2.770,4.1450
3arp,3arp_214,3.110,6.5390
3arp,3arp_223,3.940,1.1220
3arp,3arp_227,4.100,4.2570
3arp,3arp_231,2.520,1.6330
3arp,3arp_232,3.300,2.5950
3arp,3arp_235,2.040,1.9630
3arv,3arv_897,7.950,-0.7670
3arv,3arv_898,7.970,2.6010
3arv,3arv_900,8.510,2.9200
3arv,3arv_908,3.850,1.7640
3arv,3arv_910,3.760,1.7840
3arv,3arv_912,3.560,-0.1610
3arv,3arv_916,3.530,-0.2870
3arv,3arv_924,9.830,6.5290
3arv,3arv_930,2.120,-3.8770
3arv,3arv_931,8.110,5.5020
3arv,3arv_943,5.180,8.6760
3arv,3arv_944,4.230,0.5710
3arv,3arv_951,8.800,2.4120
3arv,3arv_963,4.450,3.5320
3arv,3arv_966,5.390,0.6380
3arv,3arv_968,7.390,5.3650
3arp,3arp_750,4.850,4.8580
3arp,3arp_752,3.950,4.3220
3arp,3arp_781,5.930,5.9050
3arp,3arp_783,4.570,5.8780
3arp,3arp_784,5.280,4.8860
3arp,3arp_785,6.960,3.9320
3arp,3arp_787,7.330,6.0590
3arp,3arp_790,4.920,1.8420
3arp,3arp_89,5.590,7.8100
3arp,3arp_909,6.280,5.8510
3arp,3arp_951,8.390,6.9700
3arp,3arp_963,7.110,5.9250
3arq,3arq_117,6.010,8.1640
3arq,3arq_197,2.100,9.0570
3arq,3arq_206,8.180,-1.9860
3arq,3arq_209,1.570,0.5880
3arq,3arq_566,3.780,0.3310
3arq,3arq_571,2.220,-1.2080
3arq,3arq_575,3.460,2.0140
3arq,3arq_577,3.930,0.6320
3arq,3arq_581,4.630,-8.5600
3arq,3arq_584,8.150,4.1240
3arq,3arq_587,7.800,-12.4810
3arq,3arq_596,3.040,1.6950
3arq,3arq_432,6.950,0.2590
3arq,3arq_443,6.000,-5.3890
3arq,3arq_444,4.170,-13.0230
3arq,3arq_445,4.860,-5.0530
3arq,3arq_449,5.440,-6.7460
3arq,3arq_451,7.600,-18.5380
3arq,3arq_464,5.890,-7.3870
3arq,3arq_466,6.980,-7.2470
3arq,3arq_643,8.720,-8.5000
3arq,3arq_645,9.080,-9.3710
3arq,3arq_647,6.920,3.6710
3arq,3arq_648,6.740,0.5840
3arq,3arq_651,8.770,-1.4990
3arq,3arq_654,9.640,-9.9670
3arq,3arq_655,7.800,3.4520
3arq,3arq_673,5.580,-4.7240
3arq,3arq_760,2.590,5.6970
3arq,3arq_762,2.610,3.8580
3arq,3arq_848,3.060,2.3080
3arq,3arq_855,8.840,8.6750
3arq,3arq_868,4.790,3.4950
3arq,3arq_941,2.970,2.2900
3arq,3arq_964,6.700,7.1640
3aru,3aru_10,1.020,4.5570
3arq,3arq_346,1.570,9.7290
3arq,3arq_358,0.920,9.7350
3arq,3arq_392,1.350,9.7980
3arq,3arq_404,5.520,-0.8480
3arq,3arq_406,7.920,-13.4850
3arq,3arq_422,5.210,-15.3300
3arq,3arq_426,5.510,-16.9900
3arq,3arq_430,4.990,0.5910
3arq,3arq_258,6.910,5.3110
3arq,3arq_265,5.340,4.9720
3arq,3arq_287,9.050,6.4710
3arq,3arq_293,2.150,9.0340
3arq,3arq_314,1.780,9.9420
3arq,3arq_328,1.500,9.7510
3arq,3arq_338,1.580,9.6800
3arq,3arq_339,1.860,9.5370
3ary,3ary_968,8.120,-4.8730
3ary,3ary_976,3.600,-2.2400
3ary,3ary_979,1.710,0.8740
3ary,3ary_981,6.140,2.7650
3b1m,3b1m_100,9.030,7.3430
3b1m,3b1m_116,0.790,9.9340
3b1m,3b1m_149,2.070,8.1680
3b1m,3b1m_15,8.950,6.8580
3arq,3arq_221,2.160,7.7910
3arq,3arq_227,8.570,5.3510
3arq,3arq_228,3.160,6.1630
3arq,3arq_231,1.040,6.8970
3arq,3arq_236,2.530,7.6230
3arq,3arq_242,4.980,3.3150
3arq,3arq_245,9.870,5.4240
3arq,3arq_256,4.770,3.4640
3b27,3b27_106,0.640,5.2830
3b27,3b27_110,6.110,4.2710
3b27,3b27_119,5.950,4.4410
3b27,3b27_120,4.420,5.0620
3b27,3b27_123,6.660,4.5390
3b27,3b27_130,2.970,5.1710
3b27,3b27_139,0.450,6.7340
3b27,3b27_147,4.010,3.9580
3arq,3arq_529,3.010,6.3380
3arq,3arq_534,7.350,1.6920
3arq,3arq_535,9.180,-4.3390
3arq,3arq_543,8.580,1.4590
3arq,3arq_545,7.210,0.8900
3arq,3arq_550,2.700,3.9290
3arq,3arq_556,4.450,-6.8120
3arq,3arq_565,8.550,0.8230
3arq,3arq_601,6.910,-14.1170
3arq,3arq_606,7.560,0.1370
3arq,3arq_607,8.980,-4.7110
3arq,3arq_611,9.620,-4.4670
3arq,3arq_620,9.840,3.1140
3arq,3arq_625,7.390,-3.4220
3arq,3arq_626,9.640,-7.9760
3arq,3arq_639,9.100,2.9560
3arq,3arq_474,4.140,-13.1390
3arq,3arq_478,5.120,-15.0270
3arq,3arq_483,5.920,-14.3340
3arq,3arq_485,7.560,-13.3100
3arq,3arq_508,8.870,-5.1020
3arq,3arq_511,6.300,3.4170
3arq,3arq_513,4.540,0.3670
3arq,3arq_515,6.040,1.0000
3b27,3b27_164,0.960,5.9350
3b27,3b27_168,2.880,5.5670
3b27,3b27_178,0.880,5.8880
3b27,3b27_19,2.290,5.5580
3b27,3b27_199,3.020,5.3590
3b27,3b27_264,1.160,4.4830
3b27,3b27_307,0.240,6.4350
3b27,3b27_311,3.980,6.0080
3b27,3b27_337,2.590,5.7170
3b27,3b27_340,0.900,4.1980
3b27,3b27_351,1.530,5.6260
3b27,3b27_366,0.380,6.6720
3b27,3b27_414,6.020,0.8190
3b27,3b27_417,5.440,3.1670
3b27,3b27_419,6.300,2.1940
3b27,3b27_423,5.920,0.7970
3b27,3b27_532,3.550,4.2890
3b27,3b27_537,4.460,4.3680
3b27,3b27_538,0.710,5.0420
3b27,3b27_540,5.680,-0.9250
3b27,3b27_560,1.700,-3.9390
3b27,3b27_566,3.190,0.4140
3b27,3b27_577,5.160,2.5480
3b27,3b27_581,2.820,1.5710
3b27,3b27_431,1.970,2.2390
3b27,3b27_433,5.130,3.0100
3b27,3b27_436,2.710,2.3760
3b27,3b27_439,4.080,2.5650
3b27,3b27_450,3.730,3.5500
3b27,3b27_457,6.390,-2.3560
3b27,3b27_458,1.940,3.3520
3b27,3b27_469,3.650,3.4490
3b27,3b27_587,6.540,-4.9050
3b27,3b27_588,2.820,-0.6370
3b27,3b27_590,6.060,-0.5120
3b27,3b27_591,3.420,3.5550
3b27,3b27_601,2.030,4.5840
3b27,3b27_618,6.150,-0.4980
3b27,3b27_619,3.320,2.4770
3b27,3b27_630,6.220,-4.0380
3b27,3b27_474,5.800,-0.2340
3b27,3b27_487,6.180,1.5880
3b27,3b27_488,5.030,-1.7840
3b27,3b27_500,2.300,2.7680
3b27,3b27_505,1.540,3.9910
3b27,3b27_515,1.770,3.1590
3b27,3b27_520,1.700,1.2250
3b27,3b27_521,0.680,3.0640
3arq,3arq_680,9.140,-9.2860
3arq,3arq_698,3.710,-3.4810
3arq,3arq_721,3.330,4.3090
3arq,3arq_742,2.350,6.1580
3arq,3arq_743,3.420,4.5490
3arq,3arq_748,1.820,2.9550
3arq,3arq_755,7.040,7.1250
3arq,3arq_758,1.740,3.2740
3b27,3b27_634,4.490,-1.0820
3b27,3b27_647,4.420,1.7820
3b27,3b27_651,4.290,2.3340
3b27,3b27_658,3.630,2.3860
3b27,3b27_661,4.390,0.0530
3b27,3b27_665,1.570,-1.1550
3b27,3b27_690,2.590,0.3400
3b27,3b27_692,7.180,-1.9110
3b27,3b27_697,1.990,1.2820
3b27,3b27_741,4.240,3.7090
3b27,3b27_77,4.080,5.3260
3b27,3b27_775,5.040,3.3870
3b27,3b27_782,5.290,3.7090
3b27,3b27_8,3.120,4.8350
3b27,3b27_83,0.680,6.8170
3b5r,3b5r_161,1.940,7.7150
3b1m,3b1m_33,9.530,3.6470
3b1m,3b1m_335,8.590,5.6040
3b1m,3b1m_35,9.590,3.4380
3b1m,3b1m_365,7.760,7.2890
3b1m,3b1m_373,1.190,10.2640
3b1m,3b1m_388,7.830,7.7800
3b1m,3b1m_392,8.160,6.7260
3b1m,3b1m_4,6.370,6.8260
3b1m,3b1m_175,1.020,9.1380
3b1m,3b1m_197,6.520,5.9820
3b1m,3b1m_206,2.870,6.0330
3b1m,3b1m_215,1.330,8.2220
3b1m,3b1m_218,1.000,8.9810
3b1m,3b1m_221,0.810,10.0980
3b1m,3b1m_225,6.860,3.0340
3b1m,3b1m_233,4.640,7.4460
3b1m,3b1m_238,5.350,5.6130
3b1m,3b1m_241,7.280,5.9500
3b1m,3b1m_260,0.590,10.3810
3b1m,3b1m_273,0.580,10.4500
3b1m,3b1m_290,3.640,6.1670
3b1m,3b1m_300,7.100,3.2540
3b1m,3b1m_31,9.050,4.6260
3b1m,3b1m_325,1.610,7.2860
3b1m,3b1m_462,3.630,-3.7270
3b1m,3b1m_464,3.050,-19.3510
3b1m,3b1m_467,1.970,-11.3760
3b1m,3b1m_469,4.150,-7.4730
3b1m,3b1m_47,8.190,5.8620
3b1m,3b1m_486,3.920,-8.4150
3b1m,3b1m_496,4.660,-7.7460
3b1m,3b1m_500,5.040,-28.0410
3b1m,3b1m_40,5.130,7.7400
3b1m,3b1m_412,5.380,-18.8940
3b1m,3b1m_415,4.880,-17.3640
3b1m,3b1m_416,1.960,-1.7020
3b1m,3b1m_418,1.900,-18.0670
3b1m,3b1m_419,3.230,-10.8530
3b1m,3b1m_423,2.790,-15.5780
3b1m,3b1m_451,6.090,-16.3020
3b1m,3b1m_523,4.660,-6.0820
3b1m,3b1m_526,6.300,-2.8460
3b1m,3b1m_529,4.070,-9.3810
3b1m,3b1m_531,5.160,-8.3550
3b1m,3b1m_540,8.480,0.8020
3b1m,3b1m_547,3.900,-10.8220
3b1m,3b1m_553,8.040,5.8780
3b1m,3b1m_565,4.440,-3.2640
3b1m,3b1m_657,7.090,-8.7450
3b1m,3b1m_66,9.160,6.5840
3b1m,3b1m_660,5.800,-8.3030
3b1m,3b1m_670,9.390,1.2410
3b1m,3b1m_673,8.550,-9.6760
3b1m,3b1m_675,2.290,-4.4980
3b1m,3b1m_682,8.350,-16.2920
3b1m,3b1m_695,7.030,-10.7560
3b1m,3b1m_699,9.850,3.0300
3b1m,3b1m_7,0.550,9.5480
3b1m,3b1m_723,6.150,5.2630
3b1m,3b1m_724,4.170,6.8000
3b1m,3b1m_736,2.450,8.6880
3b1m,3b1m_743,6.260,4.7170
3b1m,3b1m_750,7.520,6.7410
3b1m,3b1m_755,5.370,6.7970
3b5r,3b5r_217,1.230,8.0540
3b5r,3b5r_219,0.950,7.8690
3b5r,3b5r_220,0.760,9.0890
3b5r,3b5r_228,1.280,8.2680
3b5r,3b5r_260,0.860,8.3100
3b5r,3b5r_267,1.340,5.0910
3b5r,3b5r_283,1.010,7.7660
3b5r,3b5r_317,0.600,10.4790
3b1m,3b1m_761,5.810,5.4280
3b1m,3b1m_765,3.040,6.0270
3b1m,3b1m_770,9.390,5.1580
3b1m,3b1m_774,3.460,7.3840
3b1m,3b1m_775,3.820,4.7040
3b1m,3b1m_777,6.750,4.3040
3b1m,3b1m_778,2.920,4.6880
3b1m,3b1m_789,8.750,4.5500
3b1m,3b1m_573,5.620,-3.9010
3b1m,3b1m_594,7.060,-13.9100
3b1m,3b1m_596,2.530,-3.9430
3b1m,3b1m_607,4.290,-9.1150
3b1m,3b1m_632,8.720,-12.1200
3b1m,3b1m_636,6.830,-2.7120
3b1m,3b1m_640,5.160,-18.6570
3b1m,3b1m_652,7.070,-12.7780
3b1m,3b1m_790,7.750,1.7290
3b1m,3b1m_795,6.750,-0.7860
3b1m,3b1m_804,0.720,8.9340
3b1m,3b1m_820,1.980,8.2990
3b1m,3b1m_830,4.120,5.3030
3b1m,3b1m_852,3.210,7.0480
3b1m,3b1m_873,1.640,8.1390
3b1m,3b1m_90,9.470,6.4370
3b65,3b65_509,3.100,-0.4660
3b65,3b65_516,1.590,-1.7330
3b65,3b65_531,1.670,-8.5150
3b65,3b65_533,3.170,-2.3110
3b65,3b65_536,3.320,-0.8280
3b65,3b65_538,2.390,-9.9720
3b65,3b65_542,3.380,-5.8580
3b65,3b65_559,2.050,-4.5180
3b65,3b65_458,1.890,-11.3620
3b65,3b65_469,1.760,-6.2620
3b65,3b65_473,1.960,-16.3330
3b65,3b65_486,3.300,-3.2960
3b65,3b65_488,3.290,-9.3840
3b65,3b65_493,2.060,-5.1310
3b65,3b65_496,5.630,-14.7620
3b65,3b65_508,1.820,-2.6780
3b1m,3b1m_905,0.620,9.0140
3b1m,3b1m_913,0.850,9.9120
3b1m,3b1m_931,2.730,8.0750
3b1m,3b1m_949,1.940,9.3040
3b1m,3b1m_953,0.700,9.1560
3b1m,3b1m_963,2.530,8.1660
3b1m,3b1m_969,2.070,8.8470
3b1m,3b1m_98,9.570,5.0400
3b65,3b65_218,0.770,8.2700
3b65,3b65_240,0.650,6.9230
3b65,3b65_248,0.580,6.8410
3b65,3b65_267,0.700,5.7430
3b65,3b65_288,0.620,7.0360
3b65,3b65_367,0.450,8.8440
3b65,3b65_424,2.540,-11.3640
3b65,3b65_433,3.320,-17.4750
3b65,3b65_572,1.410,-7.6340
3b65,3b65_584,1.180,-8.1290
3b65,3b65_590,1.250,-0.8870
3b65,3b65_596,3.120,0.5460
3b65,3b65_611,3.360,-3.8900
3b65,3b65_625,2.350,-5.6820
3b65,3b65_630,2.830,-2.1320
3b65,3b65_635,2.990,-9.3380
3b65,3b65_639,3.800,-6.0640
3b65,3b65_665,1.940,-5.8680
3b65,3b65_666,2.870,-3.4720
3b65,3b65_668,2.120,-2.2360
3b65,3b65_686,2.070,-5.1700
3b65,3b65_735,0.840,6.4240
3b65,3b65_77,0.890,8.1310
3b65,3b65_96,0.330,8.1060
3b5r,3b5r_331,0.590,9.5880
3b5r,3b5r_354,0.530,10.3860
3b5r,3b5r_363,0.980,10.1940
3b5r,3b5r_409,1.330,2.4650
3b5r,3b5r_413,5.440,-8.3350
3b5r,3b5r_428,1.790,-7.4530
3b5r,3b5r_432,1.460,-1.6240
3b5r,3b5r_443,4.990,-15.0350
3b5r,3b5r_537,4.740,-4.8850
3b5r,3b5r_55,0.680,8.7000
3b5r,3b5r_550,5.750,-0.7100
3b5r,3b5r_557,1.730,-5.5690
3b5r,3b5r_568,4.840,-1.2970
3b5r,3b5r_571,4.970,-6.2550
3b5r,3b5r_574,5.320,-3.6920
3b5r,3b5r_575,5.000,-0.8040
3b5r,3b5r_465,2.860,-10.7320
3b5r,3b5r_468,5.290,-9.5860
3b5r,3b5r_470,2.390,-11.9590
3b5r,3b5r_472,2.070,-11.8930
3b5r,3b5r_477,2.320,-5.7640
3b5r,3b5r_486,5.360,-13.7640
3b5r,3b5r_527,2.290,-1.5020
3b5r,3b5r_531,5.380,-6.9080
3b5r,3b5r_578,3.640,-4.2800
3b5r,3b5r_581,3.070,-5.7760
3b5r,3b5r_592,5.850,-6.2380
3b5r,3b5r_615,2.990,-1.2810
3b5r,3b5r_620,3.550,-6.7570
3b5r,3b5r_625,6.010,-5.0350
3b5r,3b5r_627,2.440,-6.8220
3b5r,3b5r_646,4.260,-6.3710
3b5r,3b5r_776,3.750,-0.9830
3b5r,3b5r_781,3.210,2.7520
3b5r,3b5r_789,4.140,-2.5070
3b5r,3b5r_792,4.220,-5.4820
3b5r,3b5r_796,3.690,-23.7540
3b5r,3b5r_911,1.000,8.9380
3b5r,3b5r_969,0.590,9.6470
3b65,3b65_109,0.740,7.1320
3b5r,3b5r_648,5.290,-3.9200
3b5r,3b5r_649,4.030,-8.6150
3b5r,3b5r_652,2.400,-6.9020
3b5r,3b5r_656,2.400,-0.4440
3b5r,3b5r_658,3.730,-4.4510
3b5r,3b5r_659,6.180,-2.7830
3b5r,3b5r_666,6.310,-5.2870
3b5r,3b5r_668,5.170,-2.6750
3bgz,3bgz_538,6.320,3.1380
3bgz,3bgz_540,5.080,4.1330
3bgz,3bgz_549,6.160,2.1910
3bgz,3bgz_551,3.760,4.9760
3bgz,3bgz_571,6.450,3.7780
3bgz,3bgz_578,5.200,4.6900
3bgz,3bgz_580,2.300,6.7750
3bgz,3bgz_586,3.410,3.4420
3b5r,3b5r_669,1.870,-4.5300
3b5r,3b5r_678,3.310,-2.4610
3b5r,3b5r_680,6.010,-9.0190
3b5r,3b5r_683,5.050,-12.0690
3b5r,3b5r_697,3.850,-6.0760
3b5r,3b5r_763,2.260,6.7410
3b5r,3b5r_770,4.130,4.2260
3b5r,3b5r_772,3.960,1.0590
3bgz,3bgz_697,2.740,5.6630
3bgz,3bgz_740,5.360,6.2450
3bgz,3bgz_766,5.320,6.1560
3bgz,3bgz_779,5.180,6.7340
3bgz,3bgz_784,5.650,5.7200
3bgz,3bgz_791,5.640,6.2950
3bgz,3bgz_795,4.500,-1.1190
3bgz,3bgz_796,5.390,-1.7490
3bgz,3bgz_472,1.940,4.1110
3bgz,3bgz_479,4.060,-1.4830
3bgz,3bgz_486,2.940,3.4250
3bgz,3bgz_501,0.920,8.4940
3bgz,3bgz_505,1.400,5.8700
3bgz,3bgz_51,0.740,10.1560
3bgz,3bgz_533,6.010,2.5590
3bgz,3bgz_536,4.180,2.8040
3bgz,3bgz_303,0.830,9.3820
3bgz,3bgz_37,0.560,10.3360
3bgz,3bgz_401,3.320,-3.7870
3bgz,3bgz_415,1.520,5.6640
3bgz,3bgz_418,4.300,-5.6220
3bgz,3bgz_422,4.130,3.6630
3bgz,3bgz_424,3.680,2.2780
3bgz,3bgz_434,4.060,-2.4710
3bgz,3bgz_437,2.780,4.0260
3bgz,3bgz_440,2.790,0.3450
3bgz,3bgz_446,2.540,6.6200
3bgz,3bgz_451,2.250,7.4410
3bgz,3bgz_452,3.080,3.1350
3bgz,3bgz_456,2.330,-2.6160
3bgz,3bgz_464,3.970,0.8230
3bgz,3bgz_465,1.000,7.7670
3bgz,3bgz_590,6.060,7.6810
3bgz,3bgz_593,4.740,1.8940
3bgz,3bgz_596,4.130,6.3540
3bgz,3bgz_600,4.430,5.0490
3bgz,3bgz_601,1.530,-0.2730
3bgz,3bgz_606,2.160,-2.3060
3bgz,3bgz_611,5.230,2.7850
3bgz,3bgz_621,1.050,2.6710
3bgz,3bgz_626,1.860,3.1440
3bgz,3bgz_628,3.300,2.3590
3bgz,3bgz_637,1.850,2.9540
3bgz,3bgz_643,1.850,1.9500
3bgz,3bgz_653,1.480,6.9980
3bgz,3bgz_687,2.100,2.7920
3bgz,3bgz_689,5.920,-4.5320
3bgz,3bgz_694,4.120,1.8510
3cj4,3cj4_157,1.180,5.6300
3cj4,3cj4_164,0.700,6.6090
3cj4,3cj4_166,0.500,6.0750
3cj4,3cj4_168,1.280,5.4820
3cj4,3cj4_179,0.760,7.1370
3cj4,3cj4_206,6.980,2.5220
3cj4,3cj4_233,5.370,1.8060
3cj4,3cj4_235,2.820,5.0560
3cj4,3cj4_239,0.570,5.0880
3cj4,3cj4_273,7.440,4.0140
3cj4,3cj4_294,2.210,5.4410
3cj4,3cj4_30,1.650,6.6800
3cj4,3cj4_324,8.210,5.7080
3cj4,3cj4_331,5.200,5.1550
3cj4,3cj4_333,6.520,4.8410
3cj4,3cj4_338,0.640,7.1260
3cj4,3cj4_367,5.880,5.2960
3cj4,3cj4_384,0.820,5.7210
3cj4,3cj4_391,0.860,6.7790
3cj4,3cj4_40,6.020,4.3250
3cj4,3cj4_407,7.980,-14.2740
3cj4,3cj4_41,6.220,5.0130
3cj4,3cj4_42,1.890,5.5570
3cj4,3cj4_43,2.200,5.2300
3cj4,3cj4_449,4.930,-9.6550
3cj4,3cj4_50,4.750,5.4750
3cj4,3cj4_501,2.770,-2.2050
3cj4,3cj4_509,2.980,3.9280
3cj4,3cj4_528,8.470,-0.1650
3cj4,3cj4_532,7.110,-6.4610
3cj4,3cj4_536,3.870,3.2170
3cj4,3cj4_542,3.250,0.0860
3b68,3b68_459,4.960,-12.0160
3b68,3b68_467,4.940,-20.4000
3b68,3b68_475,4.890,-4.0670
3b68,3b68_484,2.340,-10.7410
3b68,3b68_549,2.270,-8.6370
3b68,3b68_558,5.040,-1.9740
3b68,3b68_564,5.190,-4.9250
3b68,3b68_573,5.390,-5.2820
3b68,3b68_947,0.490,8.6410
3b68,3b68_962,1.510,5.8950
3b68,3b68_965,2.090,7.2770
3b68,3b68_99,0.850,9.3970
3bgz,3bgz_115,3.560,8.8070
3bgz,3bgz_138,3.730,8.7370
3bgz,3bgz_166,0.450,9.2280
3bgz,3bgz_289,0.370,10.0130
3b68,3b68_121,0.710,10.1610
3b68,3b68_126,1.000,9.5120
3b68,3b68_192,0.820,8.1990
3b68,3b68_228,1.510,5.4200
3b68,3b68_269,1.860,7.8720
3b68,3b68_291,0.900,8.6010
3b68,3b68_304,0.870,10.9780
3b68,3b68_405,1.990,-6.7700
3b68,3b68_410,2.220,-20.7110
3b68,3b68_418,4.500,-20.9010
3b68,3b68_423,2.710,-17.6010
3b68,3b68_430,1.970,-7.8620
3b68,3b68_438,3.020,-16.7650
3b68,3b68_439,4.760,-5.5670
3b68,3b68_441,1.870,-4.7300
3b68,3b68_446,2.120,-0.2420
3cj4,3cj4_545,7.590,2.5780
3cj4,3cj4_549,3.210,-0.1270
3cj4,3cj4_55,7.810,4.4700
3cj4,3cj4_557,7.760,-2.8080
3cj4,3cj4_558,7.020,1.8030
3cj4,3cj4_560,3.220,-2.2400
3cj4,3cj4_573,5.090,-6.3710
3cj4,3cj4_574,7.000,3.6360
3b68,3b68_574,4.880,-8.8780
3b68,3b68_580,5.580,-2.0080
3b68,3b68_591,5.160,-10.7370
3b68,3b68_605,4.840,-0.1050
3b68,3b68_626,5.260,-3.7420
3b68,3b68_627,3.440,-5.6400
3b68,3b68_644,3.190,-6.6890
3b68,3b68_665,3.100,-6.8770
3b68,3b68_678,5.120,-7.5250
3b68,3b68_683,4.860,-6.9330
3b68,3b68_685,5.270,-7.3990
3b68,3b68_686,2.210,-4.2190
3b68,3b68_687,2.390,-10.0690
3b68,3b68_696,3.110,-5.6630
3b68,3b68_714,0.990,8.7660
3b68,3b68_753,0.980,8.5490
3b68,3b68_756,1.240,7.7570
3b68,3b68_763,1.220,7.6100
3b68,3b68_772,4.390,-1.2770
3b68,3b68_774,4.590,-0.9620
3b68,3b68_776,5.950,-8.5600
3b68,3b68_778,3.790,-5.1180
3b68,3b68_779,6.070,-12.7670
3b68,3b68_780,6.160,-16.4490
3b68,3b68_781,5.600,-10.1870
3b68,3b68_782,6.170,-17.0820
3b68,3b68_783,6.070,-15.1160
3b68,3b68_784,2.840,-11.7100
3b68,3b68_865,1.250,6.5380
3b68,3b68_884,2.090,7.6230
3b68,3b68_904,0.930,7.4740
3b68,3b68_922,1.060,8.4080
3cj4,3cj4_576,7.570,-7.3300
3cj4,3cj4_577,7.240,1.7610
3cj4,3cj4_58,3.210,4.7700
3cj4,3cj4_582,4.660,2.4030
3cj4,3cj4_585,2.740,1.7340
3cj4,3cj4_587,2.190,-9.9530
3cj4,3cj4_588,4.580,1.5050
3cj4,3cj4_591,2.680,-0.5650
3cj4,3cj4_647,4.520,1.7070
3cj4,3cj4_672,3.120,0.8260
3cj4,3cj4_676,3.350,-0.2860
3cj4,3cj4_687,3.690,-9.3660
3cj4,3cj4_742,1.500,6.6230
3cj4,3cj4_746,2.060,6.0550
3cj4,3cj4_762,5.000,4.4420
3cj4,3cj4_768,6.030,4.3810
3cj4,3cj4_597,8.700,3.0480
3cj4,3cj4_600,4.850,-5.0580
3cj4,3cj4_604,6.260,-10.3550
3cj4,3cj4_610,4.240,-4.0980
3cj4,3cj4_614,3.720,-8.5470
3cj4,3cj4_619,3.790,-1.8360
3cj4,3cj4_622,5.010,-3.8390
3cj4,3cj4_634,7.540,-0.1900
3cj4,3cj4_775,5.470,2.4280
3cj4,3cj4_780,5.480,4.6650
3cj4,3cj4_781,6.240,2.8520
3cj4,3cj4_782,5.940,3.7590
3cj4,3cj4_786,2.670,3.9950
3cj4,3cj4_788,6.150,3.4700
3cj4,3cj4_8,4.930,4.2020
3cj4,3cj4_812,1.950,5.9020
3cj4,3cj4_84,5.130,4.6700
3cj4,3cj4_866,0.930,6.3300
3cj4,3cj4_87,6.670,4.9500
3cj4,3cj4_878,1.920,6.2760
3cj4,3cj4_88,8.460,5.1450
3cj4,3cj4_93,5.110,6.0410
3cj4,3cj4_987,1.490,6.4390
3coy,3coy_110,6.640,6.9640
3bgz,3bgz_81,0.440,10.0110
3bgz,3bgz_844,0.590,9.6020
3bgz,3bgz_90,3.190,9.6720
3bgz,3bgz_97,0.230,10.2630
3bgz,3bgz_998,1.880,7.8480
3bv9,3bv9_118,9.100,5.2960
3bv9,3bv9_119,7.110,5.0670
3bv9,3bv9_120,1.900,7.0570
3bv9,3bv9_976,6.900,4.5080
3bv9,3bv9_98,2.880,7.0420
3bv9,3bv9_987,5.520,4.8760
3cj4,3cj4_115,0.980,5.9210
3cj4,3cj4_125,0.950,6.2810
3cj4,3cj4_128,1.060,3.6080
3cj4,3cj4_137,4.920,4.8710
3cj4,3cj4_140,1.310,6.6700
3d4z,3d4z_410,2.860,-6.7160
3d4z,3d4z_415,2.180,-6.1170
3d4z,3d4z_434,2.020,-4.9140
3d4z,3d4z_435,1.580,-1.8000
3d4z,3d4z_447,2.790,-2.1380
3d4z,3d4z_486,1.670,-4.9080
3d4z,3d4z_528,1.770,-3.3070
3d4z,3d4z_540,5.730,0.2480
3d4z,3d4z_622,5.810,3.9160
3d4z,3d4z_623,6.160,3.4020
3d4z,3d4z_624,5.100,3.6300
3d4z,3d4z_627,5.950,1.2850
3d4z,3d4z_633,5.240,3.5040
3d4z,3d4z_638,5.840,-2.6010
3d4z,3d4z_647,6.060,3.5790
3d4z,3d4z_652,6.360,1.9720
3d4z,3d4z_128,0.780,4.8420
3d4z,3d4z_132,0.340,5.8460
3d4z,3d4z_233,0.930,0.8130
3d4z,3d4z_250,0.630,5.7600
3d4z,3d4z_331,1.060,6.1130
3d4z,3d4z_340,0.470,6.9700
3d4z,3d4z_376,0.310,6.5760
3d4z,3d4z_403,0.920,1.1330
3d4z,3d4z_559,3.500,-1.2060
3d4z,3d4z_563,3.220,-2.4210
3d4z,3d4z_564,6.050,3.6470
3d4z,3d4z_580,4.390,-0.9480
3d4z,3d4z_593,3.750,1.2670
3d4z,3d4z_614,4.570,3.4320
3d4z,3d4z_618,4.340,3.4350
3d4z,3d4z_621,6.980,1.3900
3d4z,3d4z_760,3.240,0.2570
3d4z,3d4z_761,2.460,0.6590
3d4z,3d4z_768,4.680,3.2120
3d4z,3d4z_770,4.190,1.2990
3d4z,3d4z_780,3.240,-0.3600
3d4z,3d4z_784,4.320,3.0650
3d4z,3d4z_786,2.790,0.6090
3d4z,3d4z_787,2.350,0.6160
3d4z,3d4z_694,6.590,2.9960
3d4z,3d4z_703,0.840,4.7380
3d4z,3d4z_713,2.840,4.4530
3d4z,3d4z_729,0.950,0.2250
3d4z,3d4z_741,3.600,4.0120
3d4z,3d4z_743,3.350,3.7580
3d4z,3d4z_745,4.610,1.7020
3d4z,3d4z_746,1.860,3.2800
3d4z,3d4z_788,2.630,1.4000
3d4z,3d4z_790,4.320,1.7030
3d4z,3d4z_791,3.700,1.1250
3d4z,3d4z_794,2.500,1.5860
3d4z,3d4z_795,1.110,-1.1560
3d4z,3d4z_797,1.990,-2.6230
3d4z,3d4z_804,1.990,2.9570
3d4z,3d4z_840,1.750,4.4430
3d4z,3d4z_654,4.270,0.4910
3d4z,3d4z_656,5.380,3.7210
3d4z,3d4z_658,5.100,4.6280
3d4z,3d4z_659,5.690,-0.1290
3d4z,3d4z_673,6.630,2.1280
3d4z,3d4z_675,5.670,4.2070
3d4z,3d4z_682,6.310,3.6880
3d4z,3d4z_689,4.220,3.1460
3coy,3coy_120,8.180,7.5450
3coy,3coy_156,9.130,5.7710
3coy,3coy_158,4.120,6.9350
3coy,3coy_16,0.930,6.7050
3coy,3coy_163,5.910,5.5990
3coy,3coy_168,7.990,6.6500
3coy,3coy_185,7.120,4.3670
3coy,3coy_189,6.160,5.2540
3d4z,3d4z_889,3.390,4.2620
3d4z,3d4z_932,3.050,3.9410
3d4z,3d4z_955,1.590,0.1890
3d6q,3d6q_117,5.980,4.7040
3d6q,3d6q_123,4.250,4.5190
3d6q,3d6q_132,4.390,3.5100
3d6q,3d6q_140,3.860,4.5490
3d6q,3d6q_163,2.660,4.2740
3coy,3coy_545,2.500,-6.9410
3coy,3coy_546,5.240,-12.3990
3coy,3coy_547,4.820,-0.9910
3coy,3coy_550,8.060,-5.6350
3coy,3coy_553,6.010,-3.6850
3coy,3coy_559,2.960,-11.9450
3coy,3coy_562,3.550,-5.4930
3coy,3coy_563,5.990,-3.9720
3coz,3coz_24,5.420,6.7500
3coz,3coz_247,0.620,8.7550
3coz,3coz_251,0.790,7.1890
3coz,3coz_256,2.680,6.1970
3coz,3coz_263,0.830,8.1070
3coz,3coz_282,4.090,7.7240
3coz,3coz_285,7.850,3.7290
3coz,3coz_311,6.210,7.2360
3coy,3coy_215,3.370,7.7530
3coy,3coy_224,0.480,8.5750
3coy,3coy_235,0.730,6.1250
3coy,3coy_252,0.930,8.1380
3coy,3coy_254,0.620,7.9370
3coy,3coy_258,2.900,4.2120
3coy,3coy_262,2.760,7.8450
3coy,3coy_276,9.420,4.6210
3coy,3coy_280,1.350,6.1830
3coy,3coy_291,2.650,5.1930
3coy,3coy_293,5.440,4.2660
3coy,3coy_305,9.990,5.9020
3coy,3coy_31,0.500,8.2000
3coy,3coy_339,6.850,6.2530
3coy,3coy_347,8.000,6.9930
3coy,3coy_355,3.290,6.9600
3coy,3coy_695,8.030,-7.4590
3coy,3coy_733,0.930,8.2440
3coy,3coy_794,1.760,5.8930
3coy,3coy_834,0.900,8.1390
3coz,3coz_103,7.320,6.0050
3coz,3coz_108,9.390,7.5080
3coz,3coz_112,8.270,6.4380
3coz,3coz_117,6.930,7.7160
3coy,3coy_510,3.110,-6.4550
3coy,3coy_513,6.430,1.9350
3coy,3coy_522,1.720,-10.6520
3coy,3coy_525,1.930,-8.5470
3coy,3coy_528,4.670,-0.7330
3coy,3coy_529,4.060,-8.2120
3coy,3coy_541,4.240,0.3480
3coy,3coy_544,7.750,-2.4990
3coy,3coy_422,4.700,-12.3140
3coy,3coy_425,3.700,-17.1610
3coy,3coy_44,3.370,6.3290
3coy,3coy_444,3.780,-12.1720
3coy,3coy_455,3.970,-2.8480
3coy,3coy_458,4.150,-10.0410
3coy,3coy_460,1.870,-3.0560
3coy,3coy_463,1.250,-0.2170
3coy,3coy_464,3.490,-13.6710
3coy,3coy_467,7.980,-12.2960
3coy,3coy_468,1.690,-9.0370
3coy,3coy_472,4.080,-10.7770
3coy,3coy_476,7.190,3.0730
3coy,3coy_485,7.310,-4.3220
3coy,3coy_498,7.600,-8.9330
3coy,3coy_500,2.190,-15.8710
3coz,3coz_327,3.980,7.0760
3coz,3coz_332,4.070,7.9650
3coz,3coz_347,6.340,6.8750
3coz,3coz_35,9.330,4.7830
3coz,3coz_359,7.680,8.1350
3coz,3coz_376,9.120,6.7000
3coz,3coz_388,0.830,9.9040
3coz,3coz_393,0.590,9.4590
3coz,3coz_128,9.330,7.3670
3coz,3coz_136,0.780,8.8660
3coz,3coz_141,6.680,6.5210
3coz,3coz_167,8.400,6.7480
3coz,3coz_17,5.140,7.3520
3coz,3coz_173,9.240,6.7530
3coz,3coz_176,9.270,7.6880
3coz,3coz_20,8.240,5.7280
3coy,3coy_359,6.260,7.0130
3coy,3coy_373,8.580,6.6910
3coy,3coy_384,0.260,10.2330
3coy,3coy_395,0.590,8.8230
3coy,3coy_4,1.500,4.6180
3coy,3coy_400,8.240,6.8560
3coy,3coy_416,1.590,-0.5150
3coy,3coy_417,2.740,-9.6000
3coz,3coz_203,1.030,6.7600
3coz,3coz_206,0.430,9.5600
3coz,3coz_212,2.170,6.4310
3coz,3coz_214,1.910,7.6460
3coz,3coz_220,2.960,7.5790
3coz,3coz_221,2.870,5.9980
3coz,3coz_222,0.410,9.4690
3coz,3coz_238,0.450,8.8480
3coy,3coy_610,6.890,-2.3240
3coy,3coy_611,2.530,-11.0850
3coy,3coy_619,8.920,-12.2390
3coy,3coy_620,5.220,-6.7200
3coy,3coy_623,4.110,-7.8440
3coy,3coy_632,7.290,-10.8370
3coy,3coy_634,8.560,-6.3690
3coy,3coy_640,6.550,-1.5300
3coy,3coy_566,4.030,-8.5890
3coy,3coy_581,2.970,-7.4840
3coy,3coy_582,7.120,-7.0180
3coy,3coy_588,5.450,-3.2120
3coy,3coy_589,5.950,-1.3100
3coy,3coy_591,5.500,-0.1080
3coy,3coy_593,6.930,-4.1090
3coy,3coy_600,5.450,-17.6080
3coy,3coy_650,8.200,-6.9600
3coy,3coy_66,1.770,7.1160
3coy,3coy_667,6.460,0.8740
3coy,3coy_675,3.960,-1.4920
3coy,3coy_684,8.430,-17.3010
3coy,3coy_685,2.190,-8.6760
3coy,3coy_686,8.950,-11.1960
3coy,3coy_693,5.560,-11.2670
3dd0,3dd0_451,2.310,3.5760
3dd0,3dd0_455,3.120,-3.0980
3dd0,3dd0_47,1.030,3.6570
3dd0,3dd0_478,4.290,-3.0460
3dd0,3dd0_479,0.920,-2.0750
3dd0,3dd0_482,4.100,-8.4300
3dd0,3dd0_484,3.880,-2.9490
3dd0,3dd0_495,1.630,-7.4740
3dd0,3dd0_402,4.180,-3.3270
3dd0,3dd0_403,2.180,-7.3930
3dd0,3dd0_406,6.220,-1.5820
3dd0,3dd0_411,1.670,3.3120
3dd0,3dd0_42,5.890,3.7610
3dd0,3dd0_43,1.030,4.2500
3dd0,3dd0_432,2.850,-5.8300
3dd0,3dd0_441,1.950,-0.1590
3dd0,3dd0_273,2.490,2.4530
3dd0,3dd0_277,0.910,3.9890
3dd0,3dd0_283,0.990,4.1410
3dd0,3dd0_298,0.830,4.8730
3dd0,3dd0_314,5.850,5.2410
3dd0,3dd0_316,5.910,5.3890
3dd0,3dd0_360,5.870,4.9080
3dd0,3dd0_378,5.830,4.8510
3dd0,3dd0_50,1.370,3.5640
3dd0,3dd0_505,0.920,-2.6570
3dd0,3dd0_506,2.000,-1.9580
3dd0,3dd0_508,1.960,3.5370
3dd0,3dd0_510,1.580,-0.2970
3dd0,3dd0_553,2.820,-8.2420
3dd0,3dd0_567,2.040,1.7880
3dd0,3dd0_570,1.320,-5.4700
3dd0,3dd0_572,3.280,-4.2370
3dd0,3dd0_582,2.180,-3.3650
3dd0,3dd0_585,3.260,-0.5380
3dd0,3dd0_595,3.060,3.5410
3dd0,3dd0_61,3.780,0.6140
3dd0,3dd0_642,4.040,-3.7950
3dd0,3dd0_645,0.760,3.0670
3dd0,3dd0_657,2.110,0.5650
3dd0,3dd0_161,0.970,4.3330
3dd0,3dd0_162,5.920,4.3860
3dd0,3dd0_168,0.930,3.9220
3dd0,3dd0_182,5.960,4.7590
3dd0,3dd0_197,5.810,4.2550
3dd0,3dd0_234,2.940,2.7920
3dd0,3dd0_238,0.960,5.7320
3dd0,3dd0_263,6.030,1.6790
3d6q,3d6q_207,3.860,3.6630
3d6q,3d6q_23,2.260,5.2210
3d6q,3d6q_248,5.740,1.6220
3d6q,3d6q_250,7.400,1.9490
3d6q,3d6q_259,3.850,1.7720
3d6q,3d6q_276,2.750,4.5930
3d6q,3d6q_289,2.860,3.2460
3d6q,3d6q_299,4.860,-2.9170
3d6q,3d6q_822,3.310,3.7400
3d6q,3d6q_837,5.820,3.1100
3d6q,3d6q_839,6.480,2.1740
3d6q,3d6q_915,8.050,4.2160
3d6q,3d6q_953,4.300,4.8790
3d6q,3d6q_98,1.830,4.8190
3dd0,3dd0_156,5.990,4.7620
3dd0,3dd0_158,0.890,4.7150
3d6q,3d6q_312,1.870,4.8740
3d6q,3d6q_313,2.040,5.4070
3d6q,3d6q_320,1.980,5.4770
3d6q,3d6q_321,1.940,5.3600
3d6q,3d6q_338,3.150,5.9220
3d6q,3d6q_357,2.360,4.3780
3d6q,3d6q_367,2.470,4.6770
3d6q,3d6q_373,3.090,4.9860
3d6q,3d6q_404,6.160,-1.5670
3d6q,3d6q_420,6.430,2.9760
3d6q,3d6q_433,7.260,1.4570
3d6q,3d6q_451,8.050,3.5810
3d6q,3d6q_454,7.490,1.0440
3d6q,3d6q_46,1.970,5.0120
3d6q,3d6q_491,3.960,0.6940
3d6q,3d6q_498,8.150,0.9890
3d6q,3d6q_581,5.020,-1.3230
3d6q,3d6q_586,8.210,3.1290
3d6q,3d6q_592,8.080,-6.0810
3d6q,3d6q_610,7.430,-1.2850
3d6q,3d6q_614,7.830,-1.0210
3d6q,3d6q_624,7.060,0.0100
3d6q,3d6q_654,4.450,0.2460
3d6q,3d6q_665,7.080,1.0800
3d6q,3d6q_50,2.460,5.3090
3d6q,3d6q_500,6.690,-5.0470
3d6q,3d6q_528,4.220,3.9640
3d6q,3d6q_539,3.780,-5.8660
3d6q,3d6q_546,8.220,-1.6850
3d6q,3d6q_551,3.720,3.6660
3d6q,3d6q_563,6.030,-4.7010
3d6q,3d6q_574,5.090,-10.9980
3d6q,3d6q_724,5.320,3.7150
3d6q,3d6q_726,5.550,3.4870
3d6q,3d6q_729,8.090,3.8650
3d6q,3d6q_738,4.840,4.1920
3d6q,3d6q_750,6.060,2.3400
3d6q,3d6q_753,5.880,3.8590
3d6q,3d6q_754,5.840,3.3950
3d6q,3d6q_755,6.270,0.1030
3d6q,3d6q_671,3.250,-2.3050
3d6q,3d6q_674,2.970,3.1580
3d6q,3d6q_679,4.360,-3.1750
3d6q,3d6q_691,2.880,2.2600
3d6q,3d6q_698,6.950,0.9450
3d6q,3d6q_708,6.440,4.8470
3d6q,3d6q_710,7.160,4.9890
3d6q,3d6q_718,8.020,4.0950
3coz,3coz_401,3.190,3.2960
3coz,3coz_405,1.550,1.4580
3coz,3coz_407,1.380,0.1760
3coz,3coz_413,9.020,-6.8970
3coz,3coz_420,1.670,1.1530
3coz,3coz_421,2.860,-3.1130
3coz,3coz_43,9.050,5.5180
3coz,3coz_436,3.150,-4.6580
3dx1,3dx1_566,6.080,3.2470
3dx1,3dx1_568,5.970,2.7480
3dx1,3dx1_569,3.620,1.1410
3dx1,3dx1_570,4.840,1.0900
3dx1,3dx1_574,4.210,1.6980
3dx1,3dx1_577,5.890,2.6690
3dx1,3dx1_579,4.920,-0.8900
3dx1,3dx1_585,5.730,1.6600
3dd0,3dd0_700,3.250,-3.7400
3dd0,3dd0_71,6.180,2.8200
3dd0,3dd0_725,6.500,4.3100
3dd0,3dd0_761,6.760,3.6320
3dd0,3dd0_769,7.250,0.9150
3dd0,3dd0_772,7.350,0.5430
3dd0,3dd0_775,4.520,1.6030
3dd0,3dd0_777,3.580,2.0010
3dx1,3dx1_587,3.510,2.5660
3dx1,3dx1_588,4.570,2.8010
3dx1,3dx1_591,6.880,0.7470
3dx1,3dx1_592,4.510,1.8610
3dx1,3dx1_594,5.530,3.1390
3dx1,3dx1_595,6.310,2.4150
3dx1,3dx1_597,7.450,0.3470
3dx1,3dx1_603,5.910,0.8410
3d6q,3d6q_756,4.170,2.7340
3d6q,3d6q_760,8.040,3.7790
3d6q,3d6q_776,6.410,4.4810
3d6q,3d6q_782,5.840,3.1610
3d6q,3d6q_80,7.440,5.1910
3d6q,3d6q_809,7.190,4.3880
3d6q,3d6q_810,4.630,4.3080
3d6q,3d6q_821,8.120,2.9080
3dx1,3dx1_287,0.690,0.5690
3dx1,3dx1_29,0.500,5.4560
3dx1,3dx1_304,0.470,5.8400
3dx1,3dx1_382,0.790,5.2160
3dx1,3dx1_39,0.170,5.6220
3dx1,3dx1_440,3.010,-4.3870
3dx1,3dx1_457,2.000,1.7900
3dx1,3dx1_464,2.700,-8.0110
3dx1,3dx1_477,1.620,-4.3190
3dx1,3dx1_492,3.270,-3.7180
3dx1,3dx1_497,3.400,-4.4280
3dx1,3dx1_531,1.580,-3.8280
3dx1,3dx1_548,5.830,2.7700
3dx1,3dx1_554,2.800,-7.0510
3dx1,3dx1_557,5.520,2.6960
3dx1,3dx1_560,3.110,1.5350
3dd0,3dd0_787,3.040,2.2120
3dd0,3dd0_788,2.740,2.0240
3dd0,3dd0_796,4.380,2.2940
3dd0,3dd0_821,6.370,3.0050
3dd0,3dd0_868,6.630,3.8950
3dd0,3dd0_869,3.400,3.8210
3dd0,3dd0_886,7.110,3.1290
3dd0,3dd0_892,7.090,2.8310
3dx1,3dx1_611,2.430,-1.2220
3dx1,3dx1_627,5.780,-0.8160
3dx1,3dx1_634,5.810,-0.0870
3dx1,3dx1_645,6.550,-0.5960
3dx1,3dx1_648,6.480,2.3590
3dx1,3dx1_651,6.220,0.5100
3dx1,3dx1_654,6.560,-4.0640
3dx1,3dx1_657,4.860,-6.8080
3dd0,3dd0_895,6.530,3.0530
3dd0,3dd0_897,7.080,2.7760
3dd0,3dd0_974,6.310,1.8290
3dd0,3dd0_98,5.990,3.6620
3dd0,3dd0_996,6.500,3.2340
3dx1,3dx1_119,0.300,5.8410
3dx1,3dx1_20,0.160,6.1190
3dx1,3dx1_25,0.330,6.0720
3acw,3acw_99,0.790,5.5610
3acw,3acw_998,1.660,8.5890
3ag9,3ag9_1001,1.870,4.9430
3ag9,3ag9_1002,1.570,3.7840
3ag9,3ag9_1003,1.940,4.7170
3ag9,3ag9_1004,1.990,4.2070
3ag9,3ag9_1005,1.950,2.9720
3ag9,3ag9_1006,1.920,4.0930
3dx1,3dx1_665,4.290,0.2910
3dx1,3dx1_673,6.300,0.0590
3dx1,3dx1_679,4.860,-0.5750
3dx1,3dx1_683,6.130,-0.4230
3dx1,3dx1_687,6.200,-2.3630
3dx1,3dx1_692,7.190,1.2970
3dx1,3dx1_693,7.020,-0.0360
3dx1,3dx1_695,7.240,3.0930
3coz,3coz_440,1.420,-4.5400
3coz,3coz_45,5.920,7.3070
3coz,3coz_459,4.150,0.5480
3coz,3coz_464,3.080,-20.2790
3coz,3coz_465,5.280,1.0150
3coz,3coz_468,1.800,-10.3150
3coz,3coz_481,2.990,-7.8480
3coz,3coz_489,3.720,-1.6860
3dx1,3dx1_700,4.620,2.1050
3dx1,3dx1_735,2.000,2.1550
3dx1,3dx1_750,3.410,1.8800
3dx1,3dx1_753,2.100,2.7750
3dx1,3dx1_756,1.980,4.1890
3dx1,3dx1_763,2.270,2.5820
3dx1,3dx1_766,2.120,5.2300
3dx1,3dx1_775,3.140,2.8900
3coz,3coz_493,2.410,-18.5100
3coz,3coz_515,2.950,-5.9740
3coz,3coz_518,2.130,-10.5650
3coz,3coz_523,1.900,-5.8310
3coz,3coz_536,1.710,-1.7370
3coz,3coz_539,7.140,-5.1330
3coz,3coz_540,6.100,-6.3820
3coz,3coz_543,5.440,4.4450
3dx1,3dx1_776,4.590,3.0460
3dx1,3dx1_781,3.560,1.1830
3dx1,3dx1_784,2.320,2.8980
3dx1,3dx1_785,3.140,3.4450
3dx1,3dx1_787,5.380,2.5270
3dx1,3dx1_791,2.300,-1.6310
3dx1,3dx1_802,0.510,5.0620
3dx1,3dx1_808,1.870,4.6460
3coz,3coz_547,7.940,1.3230
3coz,3coz_548,5.750,-0.4930
3coz,3coz_55,9.610,7.1060
3coz,3coz_552,6.920,-2.4810
3coz,3coz_557,4.990,-5.6890
3coz,3coz_558,4.580,-4.2630
3coz,3coz_561,4.610,-4.0640
3coz,3coz_565,5.150,-2.3990
3dx1,3dx1_840,2.890,2.2310
3dx1,3dx1_851,2.090,3.8910
3dx1,3dx1_861,1.900,2.6370
3dx1,3dx1_961,1.460,5.1340
3dx1,3dx1_983,1.600,1.9260
3dx1,3dx1_987,1.410,4.3640
3dx1,3dx1_989,0.740,4.3680
3dx2,3dx2_14,0.310,6.4780
3coz,3coz_567,4.610,-4.2140
3coz,3coz_576,4.820,0.1760
3coz,3coz_577,7.710,-0.2760
3coz,3coz_580,2.770,-6.2190
3coz,3coz_59,6.110,5.8420
3coz,3coz_593,5.480,-8.1640
3coz,3coz_594,8.100,-1.1020
3coz,3coz_604,7.820,-3.3020
3coz,3coz_605,4.050,-0.7790
3coz,3coz_619,3.890,-4.8320
3coz,3coz_620,3.850,-3.8390
3coz,3coz_626,6.070,-13.5770
3coz,3coz_628,8.720,-11.3730
3coz,3coz_637,6.820,-0.2750
3coz,3coz_642,7.580,-9.8160
3coz,3coz_654,8.550,-7.6250
3coz,3coz_694,7.060,-12.1780
3coz,3coz_696,8.090,-6.5560
3coz,3coz_7,3.030,8.1580
3coz,3coz_726,0.660,9.0780
3coz,3coz_83,3.400,7.5280
3coz,3coz_87,8.060,5.8890
3coz,3coz_894,1.810,7.1180
3d4z,3d4z_12,0.910,5.3250
3dx2,3dx2_225,0.400,5.7330
3dx2,3dx2_253,0.460,4.5530
3dx2,3dx2_293,0.360,4.5010
3dx2,3dx2_380,0.410,6.4550
3dx2,3dx2_39,0.510,4.8140
3dx2,3dx2_402,0.870,3.2100
3dx2,3dx2_426,2.770,-0.0650
3dx2,3dx2_443,2.390,-6.5930
3coz,3coz_657,8.220,-9.7550
3coz,3coz_665,5.350,-8.7110
3coz,3coz_668,5.560,-8.9660
3coz,3coz_67,6.550,6.4580
3coz,3coz_673,3.870,-8.9470
3coz,3coz_680,4.290,-17.5360
3coz,3coz_688,7.090,3.3290
3coz,3coz_691,8.910,-1.9320
3dx2,3dx2_472,3.410,-4.8290
3dx2,3dx2_479,1.910,-8.4190
3dx2,3dx2_482,1.950,-12.4390
3dx2,3dx2_503,1.700,-6.8980
3dx2,3dx2_508,2.940,-0.2980
3dx2,3dx2_514,4.110,1.2050
3dx2,3dx2_534,4.050,-8.4460
3dx2,3dx2_535,1.990,0.5860
3bv9,3bv9_393,5.820,5.0660
3bv9,3bv9_40,1.920,7.9370
3bv9,3bv9_441,4.620,-8.2470
3bv9,3bv9_444,2.890,-0.3640
3bv9,3bv9_456,9.090,-12.1230
3bv9,3bv9_460,7.040,-26.4060
3bv9,3bv9_50,2.710,7.6100
3bv9,3bv9_53,9.160,5.4830
3dx2,3dx2_549,3.070,-0.8890
3dx2,3dx2_555,3.220,-20.5180
3dx2,3dx2_570,7.030,2.3270
3dx2,3dx2_573,7.000,3.3030
3dx2,3dx2_576,3.140,2.6100
3dx2,3dx2_582,2.800,-9.8130
3dx2,3dx2_583,4.310,-3.7990
3dx2,3dx2_589,5.180,2.5920
3dx2,3dx2_649,4.750,1.2260
3dx2,3dx2_656,4.530,1.4660
3dx2,3dx2_659,3.040,-3.1680
3dx2,3dx2_661,4.340,-0.7240
3dx2,3dx2_677,6.160,1.8770
3dx2,3dx2_687,4.390,-0.7940
3dx2,3dx2_691,3.760,-1.4960
3dx2,3dx2_725,2.510,2.5590
3dx2,3dx2_591,7.260,2.2240
3dx2,3dx2_599,6.910,4.0990
3dx2,3dx2_602,1.890,-3.0590
3dx2,3dx2_610,4.150,2.5630
3dx2,3dx2_628,6.200,-2.4600
3dx2,3dx2_631,2.980,-2.5820
3dx2,3dx2_636,1.630,-12.2180
3dx2,3dx2_646,4.040,0.3410
3ag9,3ag9_891,2.820,4.1740
3ag9,3ag9_9,4.920,2.4530
3ag9,3ag9_934,2.780,4.4130
3ag9,3ag9_951,6.330,4.7490
3ag9,3ag9_968,4.430,4.8780
3ag9,3ag9_97,7.230,2.9820
3ao4,3ao4_102,2.600,5.3170
3ao4,3ao4_115,0.500,5.6780
3dx2,3dx2_736,1.240,2.0490
3dx2,3dx2_741,1.980,0.9120
3dx2,3dx2_743,2.220,3.8710
3dx2,3dx2_750,3.920,3.8140
3dx2,3dx2_754,2.140,5.0710
3dx2,3dx2_756,1.100,1.4740
3dx2,3dx2_761,3.220,1.7340
3dx2,3dx2_770,3.580,3.6250
3bv9,3bv9_533,4.160,0.2920
3bv9,3bv9_550,8.040,-5.2230
3bv9,3bv9_582,9.220,-0.2830
3bv9,3bv9_589,8.050,-3.6330
3bv9,3bv9_597,7.690,-10.4000
3bv9,3bv9_618,8.000,-11.3070
3bv9,3bv9_667,3.870,-9.3240
3bv9,3bv9_684,9.220,-19.7940
3bv9,3bv9_156,8.010,5.4370
3bv9,3bv9_166,7.590,5.7740
3bv9,3bv9_167,6.540,5.4160
3bv9,3bv9_190,8.510,4.5020
3bv9,3bv9_195,0.700,7.5840
3bv9,3bv9_204,2.880,4.9510
3bv9,3bv9_227,9.950,-5.1060
3bv9,3bv9_231,9.720,2.2350
3bv9,3bv9_279,8.310,0.1410
3bv9,3bv9_298,2.930,5.2880
3bv9,3bv9_308,1.350,6.9010
3bv9,3bv9_317,1.490,7.1100
3bv9,3bv9_324,9.030,5.8720
3bv9,3bv9_325,0.880,7.6480
3bv9,3bv9_326,4.360,6.1570
3bv9,3bv9_332,2.720,7.3190
3bv9,3bv9_124,1.880,6.5660
3bv9,3bv9_13,3.300,6.3520
3bv9,3bv9_133,6.700,6.4080
3bv9,3bv9_134,7.480,5.3100
3bv9,3bv9_137,1.820,5.5500
3bv9,3bv9_141,9.180,4.6440
3bv9,3bv9_148,5.520,4.8600
3bv9,3bv9_15,7.020,4.6070
3bv9,3bv9_784,5.500,5.7580
3bv9,3bv9_787,7.240,4.1010
3bv9,3bv9_788,6.980,2.4730
3bv9,3bv9_804,3.830,6.4230
3bv9,3bv9_812,3.770,5.3800
3bv9,3bv9_836,6.100,4.4290
3bv9,3bv9_851,6.370,4.5290
3bv9,3bv9_865,3.980,6.2510
3bv9,3bv9_339,1.860,5.9630
3bv9,3bv9_345,1.520,7.9630
3bv9,3bv9_35,2.280,6.0960
3bv9,3bv9_353,1.940,6.2400
3bv9,3bv9_370,8.160,5.3720
3bv9,3bv9_384,9.220,5.5920
3bv9,3bv9_388,0.940,7.8270
3bv9,3bv9_392,2.070,7.1080
3bv9,3bv9_757,4.250,6.1690
3bv9,3bv9_762,2.120,6.9840
3bv9,3bv9_767,5.610,6.2310
3bv9,3bv9_770,3.940,4.2500
3bv9,3bv9_771,4.440,5.4890
3bv9,3bv9_779,3.600,6.0100
3bv9,3bv9_780,5.250,1.9910
3bv9,3bv9_783,4.470,2.2810
3bv9,3bv9_688,7.950,-3.4690
3bv9,3bv9_693,8.420,-12.0100
3bv9,3bv9_71,0.870,7.5500
3bv9,3bv9_743,4.020,5.4710
3bv9,3bv9_751,2.790,7.4690
3bv9,3bv9_752,3.640,5.8910
3bv9,3bv9_754,5.730,5.8750
3bv9,3bv9_756,3.910,5.1800
3bv9,3bv9_233,5.540,-6.0280
3bv9,3bv9_239,8.980,-10.7160
3bv9,3bv9_240,6.140,4.1290
3bv9,3bv9_244,6.470,-10.4000
3bv9,3bv9_25,7.530,6.2520
3bv9,3bv9_264,4.990,4.9080
3bv9,3bv9_271,5.470,6.8110
3bv9,3bv9_277,8.060,-1.8040
3bv9,3bv9_88,8.130,6.3650
3bv9,3bv9_888,6.330,6.1220
3bv9,3bv9_92,1.560,6.8780
3bv9,3bv9_949,6.240,3.8230
3bv9,3bv9_951,5.680,4.6270
3bv9,3bv9_954,4.720,6.0250
3bv9,3bv9_968,4.330,4.9360
3bv9,3bv9_971,4.000,4.9210
3dx2,3dx2_772,4.060,3.8860
3dx2,3dx2_773,2.050,4.3460
3dx2,3dx2_774,2.320,0.7210
3dx2,3dx2_787,3.440,1.1370
3dx2,3dx2_820,0.370,5.9490
3dx2,3dx2_836,0.990,3.6380
3dx2,3dx2_893,1.530,5.4100
3dx2,3dx2_990,0.580,5.5120
3ag9,3ag9_520,8.300,-6.0440
3ag9,3ag9_543,9.750,0.7670
3ag9,3ag9_569,7.890,-5.4970
3ag9,3ag9_62,6.060,2.3280
3ag9,3ag9_667,4.850,-12.4550
3ag9,3ag9_679,5.520,-11.1530
3ag9,3ag9_685,6.740,-4.3640
3ag9,3ag9_69,7.770,0.8970
3dxg,3dxg_1001,1.940,5.1090
3dxg,3dxg_1002,1.700,4.8330
3dxg,3dxg_1003,1.880,4.8380
3dxg,3dxg_1004,1.900,4.3050
3dxg,3dxg_1005,1.880,5.4160
3dxg,3dxg_1006,1.780,5.1370
3dxg,3dxg_1007,1.570,5.3680
3dxg,3dxg_117,2.660,3.5760
3dxg,3dxg_128,2.980,4.1360
3dxg,3dxg_157,2.540,3.5420
3dxg,3dxg_159,3.200,4.4640
3dxg,3dxg_196,4.880,3.9790
3dxg,3dxg_197,7.510,3.4310
3dxg,3dxg_211,6.100,2.4060
3dxg,3dxg_212,4.190,2.3140
3dxg,3dxg_247,8.020,1.5730
3dxg,3dxg_310,3.880,4.0730
3dxg,3dxg_314,6.900,4.4110
3dxg,3dxg_33,5.810,3.2640
3dxg,3dxg_338,2.750,4.3180
3dxg,3dxg_358,4.110,4.4980
3dxg,3dxg_364,7.150,4.7070
3dxg,3dxg_408,5.660,-2.9510
3dxg,3dxg_434,3.560,2.3600
3dxg,3dxg_465,4.270,-3.5210
3dxg,3dxg_471,3.130,-0.8570
3dxg,3dxg_474,4.460,-2.9560
3dxg,3dxg_480,3.650,-3.0650
3dxg,3dxg_483,5.100,0.4780
3dxg,3dxg_484,2.480,0.5910
3dxg,3dxg_485,3.260,2.3330
3dxg,3dxg_498,2.950,-0.8410
3dxg,3dxg_436,2.720,3.0840
3dxg,3dxg_445,2.450,3.1950
3dxg,3dxg_449,4.480,-4.9280
3dxg,3dxg_450,3.060,-1.0340
3dxg,3dxg_458,3.950,-0.8490
3dxg,3dxg_461,6.100,3.7000
3dxg,3dxg_463,2.990,-0.1940
3dxg,3dxg_464,4.510,1.5980
3dxg,3dxg_521,4.710,-0.3870
3dxg,3dxg_522,5.880,2.4320
3dxg,3dxg_524,3.480,2.1610
3dxg,3dxg_529,6.590,-8.6010
3dxg,3dxg_551,5.590,-9.0260
3dxg,3dxg_555,7.300,0.8570
3dxg,3dxg_566,6.210,2.1010
3dxg,3dxg_572,6.160,1.8200
3dxg,3dxg_689,7.010,-1.9000
3dxg,3dxg_695,5.920,-2.1500
3dxg,3dxg_70,5.080,3.7190
3dxg,3dxg_721,7.550,3.9940
3dxg,3dxg_730,6.430,3.1130
3dxg,3dxg_761,8.910,3.0130
3dxg,3dxg_765,6.170,4.3320
3dxg,3dxg_771,5.390,2.5210
3dxg,3dxg_59,4.550,4.2940
3dxg,3dxg_600,4.740,-1.3840
3dxg,3dxg_609,8.270,-3.9510
3dxg,3dxg_612,7.200,-13.8130
3dxg,3dxg_635,5.610,2.1140
3dxg,3dxg_652,5.460,-2.0620
3dxg,3dxg_662,7.860,-0.1060
3dxg,3dxg_673,2.700,-1.7950
3dxg,3dxg_778,7.770,2.5590
3dxg,3dxg_80,3.980,2.4430
3dxg,3dxg_833,6.970,3.9960
3dxg,3dxg_858,7.220,3.5410
3dxg,3dxg_924,8.120,3.1210
3dxg,3dxg_972,7.580,3.5190
3dxg,3dxg_973,6.450,3.9370
3e5a,3e5a_102,4.450,4.6560
3ehy,3ehy_106,1.060,6.3820
3ehy,3ehy_140,0.710,5.3720
3ehy,3ehy_141,0.990,5.3610
3ehy,3ehy_183,0.810,5.2740
3ehy,3ehy_229,2.010,2.6670
3ehy,3ehy_232,0.820,3.4540
3ehy,3ehy_309,1.030,6.3760
3ehy,3ehy_349,0.900,6.1290
3e92,3e92_538,2.330,-4.4530
3e92,3e92_540,5.940,0.4700
3e92,3e92_541,7.170,0.3020
3e92,3e92_542,8.860,-1.2850
3e92,3e92_544,9.460,-1.9950
3e92,3e92_545,4.970,1.1870
3e92,3e92_546,7.910,-3.0140
3e92,3e92_547,1.850,-0.7890
3e92,3e92_551,5.220,-4.5170
3e92,3e92_552,9.530,0.9810
3e92,3e92_553,4.820,0.0000
3e92,3e92_554,9.650,-2.6950
3e92,3e92_555,8.390,-1.5630
3e92,3e92_557,9.030,-4.1860
3e92,3e92_560,5.740,-2.5650
3e92,3e92_562,5.050,-0.1160
3ehy,3ehy_521,6.160,-4.7790
3ehy,3ehy_535,5.010,-0.2690
3ehy,3ehy_537,6.260,0.1500
3ehy,3ehy_54,1.240,4.7340
3ehy,3ehy_543,2.780,-2.5530
3ehy,3ehy_545,4.390,-0.5460
3ehy,3ehy_551,5.900,0.0710
3ehy,3ehy_564,5.390,-2.6190
3e92,3e92_506,8.620,3.3170
3e92,3e92_513,4.510,3.0260
3e92,3e92_518,4.830,3.4780
3e92,3e92_523,7.730,-2.9060
3e92,3e92_525,3.930,0.5360
3e92,3e92_526,5.920,1.3930
3e92,3e92_528,1.870,2.4030
3e92,3e92_534,5.270,3.2470
3ehy,3ehy_376,0.970,6.1640
3ehy,3ehy_395,0.820,6.8970
3ehy,3ehy_406,6.130,-7.0560
3ehy,3ehy_407,4.200,-4.6810
3ehy,3ehy_433,3.870,-0.6360
3ehy,3ehy_437,6.890,2.0240
3ehy,3ehy_443,3.980,3.4560
3ehy,3ehy_447,3.720,-8.5290
3ehy,3ehy_570,6.380,-5.0610
3ehy,3ehy_576,6.110,1.6770
3ehy,3ehy_592,6.240,1.0960
3ehy,3ehy_615,3.740,0.5890
3ehy,3ehy_619,3.990,1.2970
3ehy,3ehy_622,4.070,-2.7430
3ehy,3ehy_623,4.950,-2.8650
3ehy,3ehy_632,3.000,-2.6710
3ehy,3ehy_463,7.200,0.1260
3ehy,3ehy_471,7.310,2.5560
3ehy,3ehy_476,4.470,0.3780
3ehy,3ehy_477,5.800,-1.2300
3ehy,3ehy_481,2.050,-0.4400
3ehy,3ehy_482,5.170,-5.5270
3ehy,3ehy_485,4.900,-5.1490
3ehy,3ehy_486,3.200,-6.4300
3e92,3e92_17,0.590,11.9630
3e92,3e92_19,0.710,10.3750
3e92,3e92_332,0.350,11.9200
3e92,3e92_407,0.930,5.4600
3e92,3e92_418,1.160,1.4150
3e92,3e92_423,1.600,-5.9030
3e92,3e92_425,1.690,6.1700
3e92,3e92_434,5.900,-2.1090
3ehy,3ehy_492,1.850,1.9330
3ehy,3ehy_493,2.260,0.0050
3ehy,3ehy_495,3.510,-0.5190
3ehy,3ehy_496,1.150,0.9030
3ehy,3ehy_500,3.030,5.2500
3ehy,3ehy_502,6.850,2.0520
3ehy,3ehy_509,2.460,-2.2170
3ehy,3ehy_512,5.060,2.4940
3e92,3e92_435,1.490,0.0520
3e92,3e92_436,0.940,-2.7520
3e92,3e92_438,2.070,-4.0990
3e92,3e92_446,2.250,-7.4820
3e92,3e92_449,6.140,-2.8050
3e92,3e92_450,1.790,-5.0250
3e92,3e92_453,2.360,-6.2300
3e92,3e92_470,6.210,-10.7940
3e92,3e92_471,2.080,-13.1610
3e92,3e92_475,6.460,-10.7270
3e92,3e92_482,0.910,0.3000
3e92,3e92_490,1.690,-18.6000
3e92,3e92_493,2.100,-7.8000
3e92,3e92_497,1.710,-7.7820
3e92,3e92_498,5.990,-2.1920
3e92,3e92_500,6.180,-10.0900
3ehy,3ehy_637,1.450,2.8750
3ehy,3ehy_642,4.120,-3.1950
3ehy,3ehy_646,1.740,0.5340
3ehy,3ehy_667,1.320,0.4880
3ehy,3ehy_668,4.130,0.9840
3ehy,3ehy_671,1.980,-1.4890
3ehy,3ehy_674,5.010,0.8720
3ehy,3ehy_678,4.370,2.2830
3e92,3e92_578,7.780,-2.3070
3e92,3e92_579,4.830,-2.8320
3e92,3e92_581,4.560,-0.2770
3e92,3e92_582,8.290,0.5120
3e92,3e92_588,6.040,-0.4510
3e92,3e92_589,8.340,-4.9550
3e92,3e92_590,8.790,-4.4450
3e92,3e92_593,8.690,-1.6100
3ag9,3ag9_387,5.760,4.6330
3ag9,3ag9_392,4.210,4.8880
3ag9,3ag9_399,3.350,5.4320
3ag9,3ag9_413,3.990,-18.6980
3ag9,3ag9_489,7.640,-16.0360
3ag9,3ag9_49,4.200,3.9730
3ag9,3ag9_495,5.590,-34.0650
3ag9,3ag9_498,4.740,-20.4580
3ehy,3ehy_685,1.050,3.3060
3ehy,3ehy_693,3.470,-7.5860
3ehy,3ehy_698,5.640,-0.8270
3ehy,3ehy_706,0.660,4.0240
3ehy,3ehy_719,2.900,2.7020
3ehy,3ehy_728,7.230,4.9190
3ehy,3ehy_731,4.890,-1.0280
3ehy,3ehy_735,7.070,4.1390
3e92,3e92_594,4.570,2.1170
3e92,3e92_596,3.930,-9.7650
3e92,3e92_597,4.490,0.9100
3e92,3e92_598,4.180,-6.3360
3e92,3e92_599,10.000,2.2540
3e92,3e92_623,6.840,-0.7310
3e92,3e92_625,3.560,1.8210
3e92,3e92_627,7.640,0.9670
3e92,3e92_689,8.650,3.0800
3e92,3e92_692,7.310,-3.4700
3e92,3e92_693,1.850,-5.4300
3e92,3e92_697,2.440,-3.6860
3e92,3e92_698,6.180,-4.5410
3e92,3e92_732,9.680,4.6530
3e92,3e92_733,7.400,2.9720
3e92,3e92_735,9.880,0.3480
3e92,3e92_745,9.460,4.3230
3e92,3e92_752,9.610,2.5910
3e92,3e92_758,7.030,0.3260
3e92,3e92_760,6.510,1.3840
3e92,3e92_845,9.500,5.2460
3e92,3e92_846,7.400,6.7920
3e92,3e92_847,6.700,3.8160
3e92,3e92_907,0.390,12.2520
3e92,3e92_64,0.680,11.0960
3e92,3e92_656,7.310,-3.8050
3e92,3e92_664,2.630,-0.8520
3e92,3e92_669,2.190,-5.3310
3e92,3e92_670,2.040,-2.8900
3e92,3e92_678,5.460,-0.0080
3e92,3e92_679,6.340,-2.8160
3e92,3e92_685,8.870,-0.4530
3ehy,3ehy_752,5.040,3.5440
3ehy,3ehy_753,2.440,4.7570
3ehy,3ehy_758,7.440,3.1990
3ehy,3ehy_759,6.860,2.8990
3ehy,3ehy_764,7.180,-1.1350
3ehy,3ehy_768,5.520,-2.8180
3ehy,3ehy_769,7.020,2.5650
3ehy,3ehy_777,7.280,2.2180
3ag9,3ag9_1007,1.360,3.6380
3ag9,3ag9_1008,1.620,4.6980
3ag9,3ag9_1009,1.750,4.3050
3ag9,3ag9_1010,2.000,4.7250
3ag9,3ag9_123,7.460,3.5160
3ag9,3ag9_14,4.880,3.8750
3ag9,3ag9_159,5.690,3.0540
3ag9,3ag9_163,6.840,4.2280
3ag9,3ag9_220,10.000,1.2760
3ag9,3ag9_234,9.360,2.2980
3ag9,3ag9_24,9.840,3.9600
3ag9,3ag9_240,5.600,3.5960
3ag9,3ag9_251,9.720,0.2760
3ag9,3ag9_254,7.620,0.0960
3ag9,3ag9_264,9.260,3.2730
3ag9,3ag9_270,5.650,2.1990
3ag9,3ag9_278,5.380,2.8560
3ag9,3ag9_28,3.100,3.9300
3ag9,3ag9_283,4.720,3.2730
3ag9,3ag9_287,7.970,2.9840
3ag9,3ag9_292,8.130,1.8000
3ag9,3ag9_3,8.440,2.3430
3ag9,3ag9_304,4.560,3.5050
3ag9,3ag9_305,9.970,4.3030
3ag9,3ag9_184,9.320,3.0560
3ag9,3ag9_189,8.770,3.3120
3ag9,3ag9_19,9.360,4.0430
3ag9,3ag9_203,3.630,3.6320
3ag9,3ag9_209,6.160,0.1170
3ag9,3ag9_21,8.250,-1.1900
3ag9,3ag9_210,9.750,1.4030
3ag9,3ag9_213,7.630,2.4850
3ag9,3ag9_306,8.830,3.7050
3ag9,3ag9_337,5.550,4.6650
3ag9,3ag9_340,6.210,4.6760
3ag9,3ag9_352,5.200,4.0640
3ag9,3ag9_357,8.780,4.4180
3ag9,3ag9_365,6.010,4.8160
3ag9,3ag9_378,6.280,4.3530
3ag9,3ag9_38,6.860,2.9350
3ehy,3ehy_779,7.390,2.1430
3ehy,3ehy_785,6.750,4.4760
3ehy,3ehy_789,7.080,1.4420
3ehy,3ehy_793,2.740,2.9520
3ehy,3ehy_858,0.830,3.8490
3ehy,3ehy_919,2.170,0.4330
3ehy,3ehy_977,0.730,2.6520
3ehy,3ehy_985,3.540,3.1930
3e5a,3e5a_106,4.970,5.5910
3e5a,3e5a_116,7.370,6.1780
3e5a,3e5a_129,0.640,7.5870
3e5a,3e5a_140,5.140,7.0180
3e5a,3e5a_143,6.880,5.5400
3e5a,3e5a_156,6.670,7.7940
3e5a,3e5a_157,8.510,5.0910
3e5a,3e5a_175,0.950,7.1890
3ebp,3ebp_467,1.900,-3.5410
3ebp,3ebp_473,4.970,-13.6820
3ebp,3ebp_476,3.980,-17.1700
3ebp,3ebp_493,3.090,-14.5910
3ebp,3ebp_495,1.730,-3.3590
3ebp,3ebp_496,2.860,-14.2770
3ebp,3ebp_497,5.440,-9.1230
3ebp,3ebp_509,4.050,3.7050
3e5a,3e5a_86,5.680,6.2770
3e5a,3e5a_868,8.210,0.9760
3e5a,3e5a_90,8.090,5.8840
3e5a,3e5a_902,2.030,6.4540
3e5a,3e5a_91,6.560,6.3710
3e5a,3e5a_910,2.200,4.7050
3e5a,3e5a_94,8.310,5.9800
3e92,3e92_106,0.320,12.2460
3ag9,3ag9_754,8.200,3.9520
3ag9,3ag9_762,5.930,4.8400
3ag9,3ag9_764,6.370,3.9340
3ag9,3ag9_77,8.980,0.9400
3ag9,3ag9_772,7.450,3.4800
3ag9,3ag9_828,8.940,4.8770
3ag9,3ag9_841,2.790,4.1950
3ag9,3ag9_850,2.930,4.6010
3ebp,3ebp_524,4.420,-1.2680
3ebp,3ebp_533,2.210,-0.4590
3ebp,3ebp_538,2.090,5.2820
3ebp,3ebp_539,6.400,-15.0710
3ebp,3ebp_540,6.170,-2.8910
3ebp,3ebp_548,6.360,-0.3540
3ebp,3ebp_550,5.450,-7.0610
3ebp,3ebp_553,5.640,-1.7050
3ag9,3ag9_712,3.320,5.0340
3ag9,3ag9_720,3.930,4.6890
3ag9,3ag9_724,3.740,4.0410
3ag9,3ag9_734,4.390,4.5460
3ag9,3ag9_735,3.560,4.4770
3ag9,3ag9_738,3.070,3.7670
3ag9,3ag9_741,3.850,4.6240
3ag9,3ag9_746,7.340,4.3110
3ebp,3ebp_713,0.660,6.8950
3ebp,3ebp_714,0.730,7.3720
3ebp,3ebp_715,1.390,6.1870
3ebp,3ebp_720,5.840,4.5750
3ebp,3ebp_721,0.600,5.9210
3ebp,3ebp_730,4.840,0.4450
3ebp,3ebp_732,0.870,5.0010
3ebp,3ebp_737,3.160,7.0350
3ebp,3ebp_577,4.680,-6.8500
3ebp,3ebp_584,4.830,-4.6850
3ebp,3ebp_59,2.450,4.6270
3ebp,3ebp_597,3.810,0.3650
3ebp,3ebp_607,5.000,-2.5260
3ebp,3ebp_611,6.090,1.3140
3ebp,3ebp_627,6.500,0.4060
3ebp,3ebp_632,5.950,-5.6700
3ebp,3ebp_658,2.210,-2.2800
3ebp,3ebp_676,4.160,1.0190
3ebp,3ebp_686,3.440,2.9260
3ebp,3ebp_690,3.910,-14.1700
3ebp,3ebp_691,2.910,-3.3980
3ebp,3ebp_696,3.170,1.2650
3ebp,3ebp_699,3.610,2.2140
3ebp,3ebp_7,0.760,7.0180
3e5a,3e5a_209,1.700,5.9600
3e5a,3e5a_211,2.630,4.5530
3e5a,3e5a_217,2.260,3.6420
3e5a,3e5a_226,6.450,-2.3850
3e5a,3e5a_229,5.830,3.9310
3e5a,3e5a_231,2.030,5.7900
3e5a,3e5a_247,3.880,1.3960
3e5a,3e5a_285,1.500,8.0700
3e5a,3e5a_659,9.680,0.1980
3e5a,3e5a_668,8.100,-1.3710
3e5a,3e5a_671,7.180,-3.5570
3e5a,3e5a_676,8.200,-12.7850
3e5a,3e5a_683,2.980,-8.6150
3e5a,3e5a_688,8.210,1.2140
3e5a,3e5a_69,0.750,8.6430
3e5a,3e5a_693,7.520,1.9760
3e5a,3e5a_761,4.820,3.1980
3e5a,3e5a_762,6.120,4.4370
3e5a,3e5a_765,7.910,4.3660
3e5a,3e5a_766,5.930,4.2850
3e5a,3e5a_787,1.860,4.9000
3e5a,3e5a_799,1.710,3.2370
3e5a,3e5a_855,0.930,5.1180
3e5a,3e5a_857,7.020,3.7850
3e93,3e93_901,0.800,10.8800
3ebp,3ebp_249,0.690,7.2420
3ebp,3ebp_251,2.880,3.4130
3ebp,3ebp_261,1.470,5.3420
3ebp,3ebp_268,1.520,5.9340
3ebp,3ebp_340,0.920,9.0790
3ebp,3ebp_347,1.040,9.3360
3ebp,3ebp_35,5.350,1.5780
3ebp,3ebp_363,0.960,9.4320
3ebp,3ebp_396,0.470,9.1560
3ebp,3ebp_4,3.280,4.1210
3ebp,3ebp_411,6.020,-20.2390
3ebp,3ebp_425,5.490,-9.8730
3ebp,3ebp_433,2.240,2.6670
3ebp,3ebp_447,2.980,-16.1560
3ebp,3ebp_464,5.720,-12.9920
3ebp,3ebp_740,4.490,2.3540
3ebp,3ebp_741,1.250,3.9690
3ebp,3ebp_761,3.890,6.3490
3ebp,3ebp_768,5.750,3.6160
3ebp,3ebp_771,6.260,3.9520
3ebp,3ebp_774,7.100,1.6870
3ebp,3ebp_777,5.710,2.6550
3ebp,3ebp_779,6.310,4.2220
3e5a,3e5a_576,4.830,-4.0820
3e5a,3e5a_577,7.500,2.0170
3e5a,3e5a_578,5.880,1.7800
3e5a,3e5a_581,4.990,-10.6860
3e5a,3e5a_602,7.660,-17.8330
3e5a,3e5a_606,8.150,-8.7920
3e5a,3e5a_629,3.310,-0.8880
3e5a,3e5a_652,8.010,-6.9860
3f3a,3f3a_262,1.630,5.0050
3f3a,3f3a_278,0.570,4.9770
3f3a,3f3a_3,0.600,2.6730
3f3a,3f3a_309,9.330,4.3680
3f3a,3f3a_31,0.380,6.5090
3f3a,3f3a_320,9.880,5.5120
3f3a,3f3a_321,9.540,4.9620
3f3a,3f3a_322,9.850,5.3350
3e5a,3e5a_286,6.430,0.9790
3e5a,3e5a_297,5.180,3.6660
3e5a,3e5a_305,1.330,8.0560
3e5a,3e5a_313,0.830,9.1950
3e5a,3e5a_315,6.150,7.5520
3e5a,3e5a_332,8.040,7.6910
3e5a,3e5a_333,5.660,6.0330
3e5a,3e5a_345,1.480,9.5230
3e5a,3e5a_488,5.620,-7.9930
3e5a,3e5a_49,0.940,9.3520
3e5a,3e5a_490,4.880,-19.1500
3e5a,3e5a_491,2.090,-2.1090
3e5a,3e5a_535,3.230,-9.7580
3e5a,3e5a_541,2.150,-6.0290
3e5a,3e5a_555,7.620,3.6530
3e5a,3e5a_566,4.550,-3.5760
3e5a,3e5a_362,0.750,9.0640
3e5a,3e5a_372,0.760,8.9200
3e5a,3e5a_398,1.000,9.1990
3e5a,3e5a_413,6.400,-12.6990
3e5a,3e5a_414,3.880,-19.8030
3e5a,3e5a_420,7.620,-7.3470
3e5a,3e5a_421,3.180,-13.7780
3e5a,3e5a_431,7.270,-22.3770
3e5a,3e5a_696,6.790,-11.8930
3e5a,3e5a_698,3.440,-12.4880
3e5a,3e5a_720,1.670,4.6400
3e5a,3e5a_726,2.170,5.2110
3e5a,3e5a_744,1.980,2.4410
3e5a,3e5a_745,0.830,3.1690
3e5a,3e5a_749,6.180,6.3400
3e5a,3e5a_759,1.210,4.0720
3e5a,3e5a_434,5.970,-18.6400
3e5a,3e5a_436,4.620,-18.8500
3e5a,3e5a_442,3.190,-24.6810
3e5a,3e5a_456,2.160,-0.7620
3e5a,3e5a_458,4.880,-14.1330
3e5a,3e5a_467,4.480,-14.3330
3e5a,3e5a_468,1.360,-3.8160
3e5a,3e5a_487,5.480,-20.6360
3f3a,3f3a_573,1.740,2.6110
3f3a,3f3a_581,2.600,1.8730
3f3a,3f3a_584,5.650,3.9950
3f3a,3f3a_603,3.020,1.9120
3f3a,3f3a_612,1.970,4.2330
3f3a,3f3a_621,4.540,1.4090
3f3a,3f3a_629,5.290,-0.8410
3f3a,3f3a_630,5.110,-0.8620
3f3a,3f3a_333,9.060,4.9700
3f3a,3f3a_339,0.530,6.7040
3f3a,3f3a_354,4.340,5.8110
3f3a,3f3a_359,4.990,5.8040
3f3a,3f3a_367,2.200,6.6180
3f3a,3f3a_410,1.960,2.9810
3f3a,3f3a_412,5.180,-0.3700
3f3a,3f3a_417,2.000,1.5100
3f3a,3f3a_432,4.610,4.5810
3f3a,3f3a_438,4.850,2.7350
3f3a,3f3a_439,2.330,1.5780
3f3a,3f3a_443,5.040,0.5220
3f3a,3f3a_447,4.440,5.1910
3f3a,3f3a_488,4.960,1.3190
3f3a,3f3a_495,5.270,0.2580
3f3a,3f3a_509,1.950,4.9510
3f3a,3f3a_514,1.940,4.6680
3f3a,3f3a_525,2.590,4.4150
3f3a,3f3a_528,4.140,1.1460
3f3a,3f3a_552,2.200,1.7710
3f3a,3f3a_553,5.220,1.0730
3f3a,3f3a_558,4.800,0.1420
3f3a,3f3a_57,0.370,5.7870
3f3a,3f3a_570,3.700,4.4630
3f3a,3f3a_688,5.690,3.7570
3f3a,3f3a_694,1.760,1.8690
3f3a,3f3a_697,2.710,3.1950
3f3a,3f3a_71,0.870,3.7430
3f3a,3f3a_734,2.970,1.4380
3f3a,3f3a_750,3.990,3.4360
3f3a,3f3a_752,2.670,1.0660
3f3a,3f3a_767,1.960,0.0090
3f3c,3f3c_256,0.530,5.2880
3f3c,3f3c_258,0.540,5.3640
3f3c,3f3c_29,2.590,3.3500
3f3c,3f3c_326,0.450,6.8480
3f3c,3f3c_38,1.450,-10.4230
3f3c,3f3c_401,0.770,4.6360
3f3c,3f3c_407,0.870,5.0200
3f3c,3f3c_411,4.660,1.4420
3ebp,3ebp_783,6.230,0.6470
3ebp,3ebp_784,2.310,5.2960
3ebp,3ebp_790,1.880,2.3630
3ebp,3ebp_792,6.230,-2.7530
3ebp,3ebp_800,4.260,-25.3960
3ebp,3ebp_844,0.670,7.1050
3ebp,3ebp_884,1.550,6.0070
3ebp,3ebp_90,1.890,7.4080
3f3a,3f3a_640,5.170,0.9630
3f3a,3f3a_649,1.330,-0.4370
3f3a,3f3a_65,0.320,6.2740
3f3a,3f3a_652,3.280,2.8490
3f3a,3f3a_653,5.320,2.3380
3f3a,3f3a_674,3.070,-0.0610
3f3a,3f3a_676,2.040,2.3380
3f3a,3f3a_686,4.460,2.5540
3f3a,3f3a_779,3.900,2.0070
3f3a,3f3a_781,3.310,1.7860
3f3a,3f3a_790,2.490,0.3400
3f3a,3f3a_795,3.590,-0.7690
3f3a,3f3a_798,3.060,2.3680
3f3a,3f3a_873,3.010,3.3510
3f3a,3f3a_934,0.820,3.7460
3f3c,3f3c_223,0.690,4.2390
3f3c,3f3c_413,1.810,0.2940
3f3c,3f3c_419,0.960,1.4750
3f3c,3f3c_430,5.260,-3.8530
3f3c,3f3c_442,5.300,-2.1720
3f3c,3f3c_453,4.630,-1.2180
3f3c,3f3c_456,4.990,-1.7050
3f3c,3f3c_458,5.340,-0.9410
3f3c,3f3c_459,5.170,0.8970
3ejr,3ejr_10,1.250,5.8720
3ejr,3ejr_16,0.870,3.3470
3ejr,3ejr_19,1.210,3.7350
3ejr,3ejr_213,5.330,4.8090
3ejr,3ejr_217,0.960,6.8460
3ejr,3ejr_22,0.580,7.1330
3ejr,3ejr_222,0.910,3.4730
3ejr,3ejr_233,2.390,5.7110
3e92,3e92_940,0.950,10.1860
3e93,3e93_108,5.910,8.0110
3e93,3e93_124,1.010,10.8550
3e93,3e93_128,6.190,8.8350
3e93,3e93_130,1.420,12.3530
3e93,3e93_141,0.460,12.8660
3e93,3e93_155,0.900,8.1900
3e93,3e93_168,1.470,12.3240
3ejr,3ejr_236,1.340,6.8250
3ejr,3ejr_277,1.130,6.5010
3ejr,3ejr_327,0.560,8.6250
3ejr,3ejr_360,0.410,8.7020
3ejr,3ejr_401,3.570,-22.2800
3ejr,3ejr_417,5.260,0.8080
3ejr,3ejr_419,4.020,-20.6490
3ejr,3ejr_428,5.830,0.7320
3ejr,3ejr_531,4.390,2.1560
3ejr,3ejr_536,2.580,-19.4770
3ejr,3ejr_546,3.850,-6.1630
3ejr,3ejr_55,1.300,3.9490
3ejr,3ejr_553,6.290,0.5060
3ejr,3ejr_561,1.400,-7.4140
3ejr,3ejr_573,1.950,-7.1180
3ejr,3ejr_577,2.190,1.5970
3f3c,3f3c_463,4.780,1.1890
3f3c,3f3c_466,1.550,0.2660
3f3c,3f3c_469,5.230,1.3400
3f3c,3f3c_471,4.780,-4.4100
3f3c,3f3c_472,5.330,-4.0510
3f3c,3f3c_474,1.950,0.7440
3f3c,3f3c_475,4.630,-3.1120
3f3c,3f3c_480,5.280,-3.9210
3ejr,3ejr_443,4.560,-5.8470
3ejr,3ejr_457,6.420,0.5850
3ejr,3ejr_459,0.890,-6.2950
3ejr,3ejr_469,6.010,-4.7920
3ejr,3ejr_480,5.110,-30.7320
3ejr,3ejr_492,6.360,-0.2760
3ejr,3ejr_495,4.050,-15.4480
3ejr,3ejr_514,4.130,-7.6020
3ejr,3ejr_587,6.360,-10.0990
3ejr,3ejr_588,2.460,-17.4690
3ejr,3ejr_591,4.810,3.7480
3ejr,3ejr_593,3.400,-3.5710
3ejr,3ejr_595,2.810,-6.2210
3ejr,3ejr_598,3.410,-7.9070
3ejr,3ejr_599,4.490,3.5180
3ejr,3ejr_630,3.330,-3.0590
3ejr,3ejr_633,5.700,-0.8260
3ejr,3ejr_635,6.370,6.0660
3ejr,3ejr_644,5.350,-6.3710
3ejr,3ejr_655,4.250,-3.4320
3ejr,3ejr_663,6.150,-4.2520
3ejr,3ejr_673,5.800,1.1810
3ejr,3ejr_676,6.430,2.4210
3ejr,3ejr_682,5.390,0.1650
3ejr,3ejr_877,4.910,4.9760
3ejr,3ejr_883,5.150,3.5670
3ejr,3ejr_94,3.330,6.2470
3ejr,3ejr_941,1.600,2.9880
3ejr,3ejr_949,2.060,4.4120
3ejr,3ejr_964,0.650,5.3070
3f3a,3f3a_203,0.200,6.8490
3f3a,3f3a_222,0.270,6.6270
3ejr,3ejr_683,5.890,1.2390
3ejr,3ejr_686,6.190,1.4380
3ejr,3ejr_690,6.030,1.4720
3ejr,3ejr_749,0.810,6.6950
3ejr,3ejr_758,4.270,2.5830
3ejr,3ejr_759,0.550,4.3150
3ejr,3ejr_770,2.640,5.1080
3ejr,3ejr_773,2.450,2.8360
3f3c,3f3c_485,5.280,-1.3630
3f3c,3f3c_491,4.760,-4.2620
3f3c,3f3c_496,0.980,0.1040
3f3c,3f3c_499,5.300,0.2030
3f3c,3f3c_507,1.150,2.0790
3f3c,3f3c_508,0.970,1.9810
3f3c,3f3c_510,4.960,-0.0030
3f3c,3f3c_523,0.920,2.5820
3e93,3e93_179,0.740,12.7870
3e93,3e93_240,0.340,12.5970
3e93,3e93_301,0.320,13.5630
3e93,3e93_323,3.110,11.0820
3e93,3e93_352,0.550,11.6010
3e93,3e93_36,5.850,7.6950
3e93,3e93_390,2.730,12.7150
3e93,3e93_401,1.770,0.6700
3e93,3e93_407,2.280,-17.1210
3e93,3e93_417,1.880,-5.7860
3e93,3e93_419,6.060,-30.5080
3e93,3e93_421,1.830,-2.8660
3e93,3e93_427,2.290,-14.9680
3e93,3e93_433,3.180,-9.0770
3e93,3e93_435,8.370,-30.4450
3e93,3e93_439,6.010,-7.7830
3e93,3e93_464,2.480,-12.5200
3e93,3e93_466,5.800,-39.6190
3e93,3e93_467,2.200,-42.2320
3e93,3e93_468,2.090,-12.3980
3e93,3e93_476,4.590,-13.7070
3e93,3e93_477,2.730,-24.8340
3e93,3e93_480,6.520,-20.9330
3e93,3e93_484,2.780,-9.6950
3f3d,3f3d_251,1.320,3.5070
3f3d,3f3d_255,0.860,4.9300
3f3d,3f3d_287,1.550,2.3180
3f3d,3f3d_295,0.720,3.9780
3f3d,3f3d_319,0.990,4.5900
3f3d,3f3d_33,0.970,4.7940
3f3d,3f3d_363,0.400,4.9550
3f3d,3f3d_377,1.020,5.5300
3ejr,3ejr_776,3.910,5.2310
3ejr,3ejr_778,3.010,6.9740
3ejr,3ejr_779,1.870,7.1790
3ejr,3ejr_782,3.040,5.7590
3ejr,3ejr_784,2.910,1.2290
3ejr,3ejr_785,2.410,5.0130
3ejr,3ejr_853,3.050,4.6090
3ejr,3ejr_87,1.260,5.9770
3e93,3e93_440,1.880,-41.0370
3e93,3e93_445,7.150,-13.4210
3e93,3e93_446,2.230,-13.6760
3e93,3e93_453,5.760,-28.5970
3e93,3e93_454,6.640,-21.8550
3e93,3e93_455,4.480,-10.4490
3e93,3e93_459,8.880,-13.2210
3e93,3e93_461,1.470,-15.0940
3e93,3e93_522,4.160,-4.4570
3e93,3e93_523,6.110,0.2130
3e93,3e93_530,5.090,-2.1630
3e93,3e93_536,4.660,-3.1080
3e93,3e93_543,7.590,-11.2740
3e93,3e93_552,3.720,-1.5940
3e93,3e93_555,7.670,1.6490
3e93,3e93_560,4.160,-6.5540
3e93,3e93_485,1.780,-22.3050
3e93,3e93_491,3.010,-28.9980
3e93,3e93_494,1.760,-14.6150
3e93,3e93_500,2.140,-26.8740
3e93,3e93_51,0.340,12.0800
3e93,3e93_511,3.920,5.7520
3e93,3e93_518,3.610,-0.8390
3e93,3e93_520,4.050,3.0840
3e93,3e93_562,4.110,-1.3250
3e93,3e93_565,7.270,-7.7770
3e93,3e93_566,4.280,-5.3330
3e93,3e93_571,9.220,-6.7890
3e93,3e93_573,5.690,-14.5230
3e93,3e93_575,3.050,-3.2320
3e93,3e93_576,8.200,0.9190
3e93,3e93_579,7.610,0.9780
3e93,3e93_581,5.910,-13.2580
3e93,3e93_584,4.970,-20.2170
3e93,3e93_589,3.570,-7.4740
3e93,3e93_607,7.980,-4.4160
3e93,3e93_636,7.420,-8.1820
3e93,3e93_643,9.730,-2.7540
3e93,3e93_646,3.410,-12.5320
3e93,3e93_651,7.400,-7.6580
3f3c,3f3c_542,4.620,-2.4040
3f3c,3f3c_544,2.080,-0.7800
3f3c,3f3c_545,2.020,2.4770
3f3c,3f3c_555,2.240,4.5390
3f3c,3f3c_572,4.810,-2.6810
3f3c,3f3c_585,1.750,-2.6120
3f3c,3f3c_586,1.810,2.7940
3f3c,3f3c_587,1.140,2.1500
3e93,3e93_654,6.620,-7.5860
3e93,3e93_657,8.330,-3.9640
3e93,3e93_660,5.880,-9.3540
3e93,3e93_661,4.880,-3.9040
3e93,3e93_664,5.940,-8.9580
3e93,3e93_669,8.610,-6.1950
3e93,3e93_673,5.770,-18.8390
3e93,3e93_678,7.160,-17.7560
3f3c,3f3c_599,1.740,-2.2700
3f3c,3f3c_628,2.570,0.1710
3f3c,3f3c_635,2.160,-1.0490
3f3c,3f3c_665,3.100,2.0770
3f3c,3f3c_686,2.830,-2.1970
3f3c,3f3c_696,1.990,1.2390
3f3c,3f3c_735,2.450,3.7910
3f3c,3f3c_775,2.600,0.2240
3e93,3e93_684,8.180,-14.0200
3e93,3e93_696,7.510,-12.9860
3e93,3e93_698,9.970,-13.6180
3e93,3e93_7,0.680,10.1460
3e93,3e93_81,3.040,11.2770
3e93,3e93_813,0.500,12.9340
3e93,3e93_821,9.950,5.7330
3e93,3e93_822,9.820,7.0890
3e93,3e93_823,9.970,6.8860
3e93,3e93_824,6.030,8.0710
3e93,3e93_833,6.620,7.8160
3e93,3e93_835,9.650,6.4220
3e93,3e93_836,6.080,7.2330
3e93,3e93_837,9.540,6.4960
3e93,3e93_840,9.630,3.8680
3e93,3e93_841,9.560,4.3780
3f3c,3f3c_779,2.060,2.6590
3f3c,3f3c_788,3.410,-3.2140
3f3c,3f3c_789,3.440,-3.0860
3f3c,3f3c_790,3.480,-2.9320
3f3c,3f3c_791,3.430,-3.1080
3f3c,3f3c_792,3.370,-3.9800
3f3c,3f3c_799,5.020,1.8600
3f3d,3f3d_211,0.700,4.1550
3f3d,3f3d_401,3.890,-1.1180
3f3d,3f3d_424,2.640,0.7750
3f3d,3f3d_433,3.840,0.6500
3f3d,3f3d_435,4.090,0.7330
3f3d,3f3d_444,3.320,-1.7880
3f3d,3f3d_450,3.870,0.9890
3f3d,3f3d_454,2.060,-1.2860
3f3d,3f3d_457,1.260,0.8750
3f3d,3f3d_464,4.030,0.4040
3f3d,3f3d_469,4.030,2.7500
3f3d,3f3d_477,4.080,1.5730
3f3d,3f3d_482,4.310,-0.1110
3f3d,3f3d_484,4.260,-0.9530
3f3d,3f3d_500,3.770,-0.5530
3f3d,3f3d_516,1.380,1.4070
3f3d,3f3d_526,0.970,-0.4450
3f3d,3f3d_529,1.410,-0.2590
3f3d,3f3d_554,4.070,2.5000
3f3d,3f3d_574,2.940,-6.5060
3f3d,3f3d_588,4.100,0.2790
3f3d,3f3d_591,3.380,0.8960
3f3d,3f3d_596,1.270,-1.2970
3f3d,3f3d_601,3.130,-0.1290
3f3d,3f3d_614,2.040,-0.6470
3f3d,3f3d_62,0.960,4.4700
3f3d,3f3d_629,1.470,-1.7960
3f3d,3f3d_634,2.100,-1.9460
3f3d,3f3d_644,1.590,-0.5560
3f3d,3f3d_653,2.970,0.0760
3f3d,3f3d_663,2.010,-0.6310
3f3d,3f3d_666,2.020,-0.9410
3f3d,3f3d_682,2.020,-1.6220
3fcq,3fcq_107,1.830,3.9660
3fcq,3fcq_109,6.330,3.2510
3fcq,3fcq_110,0.870,3.2290
3fcq,3fcq_112,6.560,2.4780
3fcq,3fcq_117,4.700,4.1610
3fcq,3fcq_118,6.950,4.1140
3fcq,3fcq_127,7.670,3.8530
3fcq,3fcq_128,6.220,2.9480
3fcq,3fcq_352,0.570,4.5490
3fcq,3fcq_353,6.890,3.9290
3fcq,3fcq_365,0.790,4.7160
3fcq,3fcq_372,1.320,4.2610
3fcq,3fcq_418,3.300,2.2980
3fcq,3fcq_419,3.130,0.7160
3fcq,3fcq_428,3.010,2.1930
3fcq,3fcq_442,2.910,-1.2850
3fcq,3fcq_641,4.220,-8.7460
3fcq,3fcq_671,3.630,-5.0520
3fcq,3fcq_672,6.080,0.3900
3fcq,3fcq_675,1.970,-6.3980
3fcq,3fcq_681,5.140,0.1160
3fcq,3fcq_683,2.940,-5.4240
3fcq,3fcq_692,6.370,-3.3380
3fcq,3fcq_694,2.650,0.2600
3fcq,3fcq_129,5.650,2.8110
3fcq,3fcq_135,3.090,2.9880
3fcq,3fcq_136,1.030,2.9580
3fcq,3fcq_140,5.290,4.2570
3fcq,3fcq_166,0.750,4.2890
3fcq,3fcq_169,3.400,4.1190
3fcq,3fcq_174,6.070,3.6510
3fcq,3fcq_175,2.120,2.6000
3fcq,3fcq_550,5.180,2.9760
3fcq,3fcq_562,3.330,2.7480
3fcq,3fcq_568,5.450,3.1200
3fcq,3fcq_578,0.670,3.9530
3fcq,3fcq_588,6.080,-1.0140
3fcq,3fcq_598,4.200,-3.8320
3fcq,3fcq_629,4.100,-2.0630
3fcq,3fcq_638,2.750,-4.2890
3fcq,3fcq_177,7.410,4.0520
3fcq,3fcq_181,8.730,4.0150
3fcq,3fcq_184,7.330,3.8510
3fcq,3fcq_198,8.130,2.8510
3fcq,3fcq_209,0.950,2.6230
3fcq,3fcq_237,1.340,1.7180
3fcq,3fcq_314,1.050,4.8290
3fcq,3fcq_320,0.570,4.3800
3fcq,3fcq_506,4.290,2.2290
3fcq,3fcq_509,5.330,-5.0050
3fcq,3fcq_513,2.240,1.1940
3fcq,3fcq_515,4.080,0.9780
3fcq,3fcq_517,4.230,1.9230
3fcq,3fcq_53,0.640,2.0960
3fcq,3fcq_537,5.010,2.6740
3fcq,3fcq_547,5.150,-1.4850
3fcq,3fcq_445,1.450,-0.4220
3fcq,3fcq_450,1.480,2.6850
3fcq,3fcq_461,2.100,3.7780
3fcq,3fcq_469,2.840,2.4660
3fcq,3fcq_479,3.160,2.0900
3fcq,3fcq_488,1.740,-1.9630
3fcq,3fcq_493,3.310,2.4710
3fcq,3fcq_496,2.940,0.7700
3f3d,3f3d_99,0.880,4.6100
3f3e,3f3e_107,0.380,5.9960
3f3e,3f3e_122,0.740,5.6510
3f3e,3f3e_173,0.660,6.0530
3f3e,3f3e_174,0.830,5.9980
3f3e,3f3e_182,0.870,4.9130
3f3e,3f3e_197,0.220,6.3230
3f3e,3f3e_418,1.160,0.6850
3fcq,3fcq_700,5.830,3.4640
3fcq,3fcq_74,0.650,1.4820
3fcq,3fcq_775,3.410,2.5530
3fcq,3fcq_778,4.010,1.4310
3fcq,3fcq_781,4.350,1.6030
3fcq,3fcq_794,4.150,0.1510
3fcq,3fcq_84,0.870,0.8760
3fcq,3fcq_843,6.360,-0.0260
3f3e,3f3e_422,1.700,-2.4220
3f3e,3f3e_427,3.870,2.6340
3f3e,3f3e_429,1.060,2.7500
3f3e,3f3e_435,4.030,1.8400
3f3e,3f3e_441,0.930,3.5380
3f3e,3f3e_444,2.170,0.5720
3f3e,3f3e_447,4.190,-1.4850
3f3e,3f3e_451,1.150,-2.8420
3f3e,3f3e_457,0.790,3.5580
3f3e,3f3e_466,1.290,-2.9170
3f3e,3f3e_473,2.000,-4.8790
3f3e,3f3e_478,3.980,-5.4590
3f3e,3f3e_485,2.060,-5.4450
3f3e,3f3e_508,0.980,4.6560
3f3e,3f3e_511,1.220,-0.6920
3f3e,3f3e_527,2.050,3.0040
3f3d,3f3d_692,0.910,1.6750
3f3d,3f3d_771,4.210,0.5120
3f3d,3f3d_774,3.910,0.7490
3f3d,3f3d_775,4.070,0.7750
3f3d,3f3d_787,1.490,0.6180
3f3d,3f3d_791,3.390,-1.5520
3f3d,3f3d_797,3.060,-8.3760
3f3d,3f3d_798,2.190,-7.5290
3f3e,3f3e_630,3.050,-4.8900
3f3e,3f3e_634,2.930,0.5910
3f3e,3f3e_635,2.200,0.5210
3f3e,3f3e_638,2.020,0.5580
3f3e,3f3e_662,2.230,0.4250
3f3e,3f3e_688,4.010,3.8040
3f3e,3f3e_697,2.560,0.5800
3f3e,3f3e_700,2.000,-3.9980
3f3e,3f3e_565,1.760,1.8680
3f3e,3f3e_569,3.860,0.0170
3f3e,3f3e_579,3.360,1.0080
3f3e,3f3e_582,3.700,0.1180
3f3e,3f3e_586,1.570,0.3250
3f3e,3f3e_587,3.840,0.3770
3f3e,3f3e_591,2.520,2.2690
3f3e,3f3e_594,4.050,-0.0620
3f3e,3f3e_760,3.180,0.3870
3f3e,3f3e_772,2.590,-0.8040
3f3e,3f3e_773,3.810,1.5610
3f3e,3f3e_780,4.240,-5.9380
3f3e,3f3e_783,3.890,-2.1550
3f3e,3f3e_784,4.260,-6.2600
3f3e,3f3e_844,0.930,4.9720
3fcq,3fcq_103,1.040,4.1720
3fcq,3fcq_844,2.930,1.5000
3fcq,3fcq_887,5.740,1.7040
3fur,3fur_110,8.700,5.3810
3fur,3fur_13,9.280,4.7520
3fur,3fur_131,7.230,4.9800
3fur,3fur_138,0.910,9.9060
3fur,3fur_145,6.580,5.0770
3fur,3fur_146,1.030,6.0620
3g2z,3g2z_1011,0.970,4.7550
3g2z,3g2z_1012,0.930,4.9330
3g2z,3g2z_132,2.470,4.8470
3g2z,3g2z_152,3.670,4.2380
3g2z,3g2z_166,2.930,4.2520
3g2z,3g2z_189,5.160,4.8810
3g2z,3g2z_194,4.010,3.7220
3g2z,3g2z_332,5.730,4.1350
3g2z,3g2z_1003,1.700,4.5820
3g2z,3g2z_1004,1.180,4.3320
3g2z,3g2z_1005,1.010,5.2100
3g2z,3g2z_1006,1.550,4.6990
3g2z,3g2z_1007,1.650,4.5210
3g2z,3g2z_1008,1.260,4.6830
3g2z,3g2z_1009,1.960,4.5600
3g2z,3g2z_1010,1.980,4.8440
3g2z,3g2z_668,3.370,1.3640
3g2z,3g2z_683,4.110,2.0260
3g2z,3g2z_687,2.660,0.9530
3g2z,3g2z_706,5.450,-2.0350
3g2z,3g2z_745,7.150,1.2360
3g2z,3g2z_748,5.820,2.4540
3g2z,3g2z_755,5.180,2.2070
3g2z,3g2z_763,2.650,2.6490
3g2z,3g2z_42,5.010,2.7480
3g2z,3g2z_443,3.780,3.5380
3g2z,3g2z_490,4.490,2.5320
3g2z,3g2z_506,3.870,2.3150
3g2z,3g2z_517,4.100,-1.6510
3g2z,3g2z_525,2.990,2.5850
3g2z,3g2z_526,3.820,2.2640
3g2z,3g2z_528,4.220,-0.0830
3g2z,3g2z_776,5.760,2.4030
3g2z,3g2z_779,5.620,1.2480
3g2z,3g2z_790,2.450,3.4190
3g2z,3g2z_792,6.010,2.6490
3g2z,3g2z_818,6.610,3.3820
3g2z,3g2z_909,6.770,1.9750
3g2z,3g2z_915,7.030,1.2360
3g2z,3g2z_933,6.620,3.5170
3g2z,3g2z_603,2.780,4.5670
3g2z,3g2z_610,5.270,3.6300
3g2z,3g2z_616,5.200,2.3330
3g2z,3g2z_626,4.310,2.9430
3g2z,3g2z_631,3.160,-2.2870
3g2z,3g2z_632,3.920,2.4080
3g2z,3g2z_656,4.350,0.8030
3g2z,3g2z_663,2.450,-0.2200
3g2z,3g2z_940,7.810,-4.7780
3g2z,3g2z_975,6.930,1.1880
3g31,3g31_107,1.430,3.4200
3g31,3g31_109,0.920,3.7220
3g31,3g31_136,2.890,3.5360
3g31,3g31_210,3.400,3.4370
3g31,3g31_218,4.070,3.3220
3g31,3g31_246,3.600,3.8680
3g2z,3g2z_534,4.530,-3.7090
3g2z,3g2z_535,4.280,5.1680
3g2z,3g2z_559,2.610,-0.3840
3g2z,3g2z_568,3.790,4.4160
3g2z,3g2z_569,3.920,3.7510
3g2z,3g2z_578,3.920,-4.6660
3g2z,3g2z_587,2.660,1.2110
3g2z,3g2z_588,4.950,0.5380
3g31,3g31_288,4.120,-0.2460
3g31,3g31_339,2.480,4.2540
3g31,3g31_36,1.780,3.3220
3g31,3g31_362,0.980,3.8860
3g31,3g31_392,1.840,4.4020
3g31,3g31_402,2.260,0.5830
3g31,3g31_405,2.070,1.3830
3g31,3g31_413,6.180,-6.9090
3g31,3g31_499,2.330,-7.2220
3g31,3g31_512,1.700,-1.6370
3g31,3g31_526,6.330,1.7820
3g31,3g31_531,1.870,-1.2810
3g31,3g31_532,8.020,1.0100
3g31,3g31_534,1.910,0.8510
3g31,3g31_535,4.110,-5.2020
3g31,3g31_537,4.700,-1.1470
3fur,3fur_308,9.980,5.9470
3fur,3fur_317,8.100,6.5460
3fur,3fur_318,8.070,6.5270
3fur,3fur_323,0.530,10.6570
3fur,3fur_328,8.760,7.3450
3fur,3fur_33,7.890,7.5380
3fur,3fur_331,1.320,8.1600
3fur,3fur_342,0.610,11.2840
3g31,3g31_416,6.050,-17.5750
3g31,3g31_437,6.380,-28.9910
3g31,3g31_442,3.060,-22.7070
3g31,3g31_447,3.190,-11.3820
3g31,3g31_448,2.210,0.0630
3g31,3g31_457,5.850,-3.3640
3g31,3g31_461,6.910,-53.1040
3g31,3g31_469,6.380,-30.0780
3g31,3g31_556,1.940,-3.2740
3g31,3g31_571,6.420,-2.3810
3g31,3g31_580,6.410,1.2170
3g31,3g31_581,3.920,0.9230
3g31,3g31_582,3.750,-0.0390
3g31,3g31_584,6.380,1.2800
3g31,3g31_585,8.040,0.8080
3g31,3g31_588,8.500,-4.5900
3fur,3fur_153,1.000,8.9260
3fur,3fur_154,1.690,3.2930
3fur,3fur_160,1.060,7.1200
3fur,3fur_165,1.700,6.9320
3fur,3fur_173,5.470,6.2070
3fur,3fur_181,9.810,5.4270
3fur,3fur_194,6.490,4.9000
3fur,3fur_2,8.800,5.2060
3g31,3g31_472,4.650,-1.3630
3g31,3g31_473,7.020,-28.4500
3g31,3g31_474,4.490,-13.8510
3g31,3g31_475,5.690,-12.6910
3g31,3g31_478,5.570,-1.6230
3g31,3g31_488,5.460,-5.5950
3g31,3g31_496,4.560,-20.6320
3g31,3g31_498,5.810,-4.9990
3g31,3g31_596,1.960,-2.8620
3g31,3g31_644,4.890,-3.1990
3g31,3g31_648,2.920,-9.7800
3g31,3g31_652,5.760,1.2240
3g31,3g31_653,3.870,-0.5510
3g31,3g31_659,5.390,1.4400
3g31,3g31_663,5.210,-7.2130
3g31,3g31_670,3.460,1.5550
3fur,3fur_364,9.160,6.1110
3fur,3fur_369,9.120,5.5960
3fur,3fur_374,0.760,7.5600
3fur,3fur_395,9.140,6.8830
3fur,3fur_399,9.020,6.4950
3fur,3fur_406,3.390,-13.0870
3fur,3fur_413,4.890,-8.3270
3fur,3fur_415,4.040,-20.0870
3fur,3fur_203,2.050,8.6480
3fur,3fur_215,0.570,9.7380
3fur,3fur_220,1.250,8.3830
3fur,3fur_233,4.360,6.8800
3fur,3fur_234,1.110,8.8700
3fur,3fur_237,2.220,3.3080
3fur,3fur_243,0.460,9.7180
3fur,3fur_254,0.930,9.7560
3fur,3fur_417,3.140,-11.6600
3fur,3fur_427,5.690,-16.1610
3fur,3fur_43,9.130,5.9250
3fur,3fur_433,4.270,-4.6460
3fur,3fur_437,2.580,-4.0660
3fur,3fur_440,1.540,-19.2540
3fur,3fur_442,2.810,-8.7850
3fur,3fur_444,5.300,-18.2000
3g31,3g31_673,3.000,-1.0840
3g31,3g31_687,7.520,-0.3970
3g31,3g31_692,2.810,-13.8910
3g31,3g31_693,3.570,-2.2690
3g31,3g31_697,4.830,2.3950
3g31,3g31_699,5.870,-8.2050
3g31,3g31_700,6.950,1.2130
3g31,3g31_740,3.340,2.5630
3fur,3fur_554,7.290,2.2940
3fur,3fur_557,2.120,-5.8280
3fur,3fur_560,4.680,-5.7580
3fur,3fur_561,6.540,-5.5760
3fur,3fur_568,4.560,-5.3470
3fur,3fur_571,3.940,-13.0370
3fur,3fur_588,2.980,-6.2060
3fur,3fur_59,6.360,6.4770
3fur,3fur_6,1.000,10.5090
3fur,3fur_60,9.540,6.3090
3fur,3fur_600,6.790,-0.5780
3fur,3fur_612,7.240,-4.7430
3fur,3fur_623,7.080,-4.6490
3fur,3fur_630,6.350,-1.9600
3fur,3fur_632,4.930,-10.6940
3fur,3fur_657,8.490,-3.6420
3fur,3fur_446,3.370,-21.3160
3fur,3fur_449,5.490,-12.9290
3fur,3fur_454,2.660,-15.4150
3fur,3fur_461,4.300,-21.9520
3fur,3fur_469,3.290,-16.8780
3fur,3fur_483,3.150,-10.2660
3fur,3fur_484,4.970,-11.0810
3fur,3fur_494,2.900,-23.4060
3fur,3fur_513,5.370,-6.0750
3fur,3fur_514,1.990,-3.5440
3fur,3fur_532,6.550,-6.2410
3fur,3fur_535,5.590,-2.6290
3fur,3fur_537,2.670,-8.2820
3fur,3fur_538,3.340,-7.5310
3fur,3fur_539,6.880,-0.8960
3fur,3fur_541,6.070,-6.6850
3fv2,3fv2_514,0.870,0.6720
3fv2,3fv2_517,1.010,-2.8920
3fv2,3fv2_520,1.950,0.5210
3fv2,3fv2_547,1.170,-0.4490
3fv2,3fv2_548,2.160,-1.1590
3fv2,3fv2_556,2.660,-4.8840
3fv2,3fv2_559,2.170,-6.0330
3fv2,3fv2_563,1.780,-4.8590
3fv2,3fv2_566,1.840,-2.9610
3fv2,3fv2_576,4.040,-10.3540
3fv2,3fv2_582,1.570,-14.3930
3fv2,3fv2_588,4.310,-0.7160
3fv2,3fv2_590,3.050,-4.4100
3fv2,3fv2_592,2.380,-1.8870
3fv2,3fv2_613,1.300,-1.7270
3fv2,3fv2_623,3.140,-10.2770
3fv1,3fv1_832,0.630,8.0870
3fv1,3fv1_87,0.450,5.4050
3fv2,3fv2_172,0.120,9.2770
3fv2,3fv2_177,0.590,8.9690
3fv2,3fv2_200,0.680,7.9190
3fv2,3fv2_298,0.330,7.5080
3fv2,3fv2_302,0.360,9.0070
3fv2,3fv2_408,0.920,-0.2220
3fv2,3fv2_409,3.650,2.3500
3fv2,3fv2_412,4.130,-4.8070
3fv2,3fv2_42,0.660,7.9000
3fv2,3fv2_424,3.950,-7.6770
3fv2,3fv2_429,4.180,-10.3350
3fv2,3fv2_430,3.820,-7.2100
3fv2,3fv2_459,3.810,-0.5910
3fv2,3fv2_466,2.430,-1.2760
3fv1,3fv1_262,0.400,6.9660
3fv1,3fv1_333,0.310,9.8470
3fv1,3fv1_407,1.520,-17.8660
3fv1,3fv1_415,1.450,-4.7290
3fv1,3fv1_435,3.470,-4.3580
3fv1,3fv1_436,1.510,-16.7620
3fv1,3fv1_442,4.130,-2.6820
3fv1,3fv1_451,3.230,-5.7260
3fur,3fur_659,7.660,-6.8380
3fur,3fur_666,8.870,-6.2890
3fur,3fur_672,5.740,-5.3140
3fur,3fur_673,8.370,3.0910
3fur,3fur_675,3.270,-12.7740
3fur,3fur_681,8.150,0.2710
3fur,3fur_683,5.150,-8.1610
3fur,3fur_684,6.300,-13.9430
3fv2,3fv2_484,2.350,-11.4430
3fv2,3fv2_485,2.500,-6.1140
3fv2,3fv2_488,4.250,-8.7080
3fv2,3fv2_489,4.400,-9.3640
3fv2,3fv2_500,4.040,-0.8510
3fv2,3fv2_503,0.930,3.0900
3fv2,3fv2_509,0.980,3.6220
3fv2,3fv2_510,2.750,-0.8800
3fv2,3fv2_626,1.490,-0.9160
3fv2,3fv2_642,4.030,0.3890
3fv2,3fv2_652,1.540,-2.5520
3fv2,3fv2_657,3.480,-18.5200
3fv2,3fv2_658,4.200,-6.0900
3fv2,3fv2_675,3.190,-5.6900
3fv2,3fv2_676,4.140,-1.9920
3fv2,3fv2_681,2.040,-4.7430
3fv1,3fv1_492,2.800,-20.4880
3fv1,3fv1_494,3.700,-16.7540
3fv1,3fv1_503,1.000,-0.5650
3fv1,3fv1_530,2.670,-12.7790
3fv1,3fv1_553,2.000,-1.7460
3fv1,3fv1_557,4.030,-4.3940
3fv1,3fv1_572,2.720,-13.1240
3fv1,3fv1_573,2.120,-11.7680
3g31,3g31_781,2.030,2.1270
3g31,3g31_785,5.330,1.1310
3g31,3g31_786,2.000,2.1750
3g31,3g31_791,1.400,2.7180
3g31,3g31_802,4.610,1.6870
3gbb,3gbb_213,0.410,6.3240
3gbb,3gbb_278,0.550,7.1300
3gbb,3gbb_304,0.700,9.0450
3fv1,3fv1_452,1.820,-12.8180
3fv1,3fv1_456,2.100,-28.6350
3fv1,3fv1_461,3.850,3.8020
3fv1,3fv1_463,3.430,-11.8200
3fv1,3fv1_467,2.370,-10.6370
3fv1,3fv1_470,0.890,4.3100
3fv1,3fv1_488,4.230,-7.1470
3fv1,3fv1_491,2.030,-14.8550
3fv1,3fv1_575,3.770,-7.5410
3fv1,3fv1_598,3.230,-4.4270
3fv1,3fv1_613,2.850,-12.2810
3fv1,3fv1_623,1.870,-15.9320
3fv1,3fv1_628,2.120,-22.7210
3fv1,3fv1_638,1.960,-2.9780
3fv1,3fv1_645,1.410,-8.3810
3fv1,3fv1_652,4.130,-2.1380
3fv1,3fv1_672,3.630,-7.6670
3fv1,3fv1_676,3.640,-2.8290
3fv1,3fv1_677,1.600,-6.4100
3fv1,3fv1_690,1.480,-8.6420
3fv1,3fv1_695,3.300,-6.7920
3fv1,3fv1_700,2.440,-8.9660
3fv1,3fv1_730,0.340,8.4390
3fv1,3fv1_742,0.530,7.1550
3g2n,3g2n_81,1.750,7.6460
3g2n,3g2n_870,1.760,7.8510
3g2n,3g2n_922,0.960,8.0960
3g2n,3g2n_93,2.300,6.9830
3g2n,3g2n_967,0.520,8.0860
3g2n,3g2n_97,0.380,8.6260
3g2z,3g2z_1001,1.710,4.6810
3g2z,3g2z_1002,1.880,4.8330
3g2n,3g2n_481,2.340,4.4900
3g2n,3g2n_489,6.690,3.2810
3g2n,3g2n_49,0.480,8.1280
3g2n,3g2n_491,1.600,3.8990
3g2n,3g2n_495,2.070,3.8060
3g2n,3g2n_499,6.620,5.2330
3g2n,3g2n_506,1.930,1.0700
3g2n,3g2n_515,2.750,3.6240
3g2n,3g2n_197,0.650,6.9900
3g2n,3g2n_244,3.210,6.3590
3g2n,3g2n_35,0.790,8.7010
3g2n,3g2n_355,0.900,8.6560
3g2n,3g2n_40,2.010,7.4400
3g2n,3g2n_401,1.960,5.9980
3g2n,3g2n_405,1.260,4.7800
3g2n,3g2n_423,0.680,6.2020
3fv2,3fv2_684,3.800,-5.0820
3fv2,3fv2_688,3.370,-3.1920
3fv2,3fv2_699,2.140,-7.4580
3fv2,3fv2_832,1.370,5.9980
3g0w,3g0w_185,0.540,8.1420
3g0w,3g0w_195,0.590,8.7320
3g0w,3g0w_196,0.330,9.4660
3g0w,3g0w_241,0.260,9.7890
3g2n,3g2n_582,4.340,0.4190
3g2n,3g2n_588,3.020,0.5580
3g2n,3g2n_599,7.110,5.4060
3g2n,3g2n_630,4.350,-4.1480
3g2n,3g2n_640,3.950,-6.9360
3g2n,3g2n_642,9.150,2.6260
3g2n,3g2n_645,7.120,0.2710
3g2n,3g2n_647,4.170,-1.7390
3g2n,3g2n_656,2.410,2.0290
3g2n,3g2n_658,3.050,0.0560
3g2n,3g2n_666,6.540,-3.4150
3g2n,3g2n_674,4.750,3.3420
3g2n,3g2n_675,8.160,1.4570
3g2n,3g2n_676,7.380,3.2800
3g2n,3g2n_677,2.850,1.1830
3g2n,3g2n_678,1.800,2.2490
3g2n,3g2n_427,1.930,1.5450
3g2n,3g2n_442,6.800,6.0840
3g2n,3g2n_450,6.600,5.0840
3g2n,3g2n_455,6.670,4.1610
3g2n,3g2n_461,6.630,6.7100
3g2n,3g2n_462,6.550,6.0140
3g2n,3g2n_475,2.210,4.7380
3g2n,3g2n_479,6.690,-1.6720
3g2n,3g2n_524,3.600,-1.0320
3g2n,3g2n_546,2.930,-0.5730
3g2n,3g2n_547,3.100,2.5080
3g2n,3g2n_55,0.780,8.8940
3g2n,3g2n_556,1.970,5.7360
3g2n,3g2n_563,3.040,2.4770
3g2n,3g2n_574,2.320,3.8810
3g2n,3g2n_576,3.090,-4.7410
3g2n,3g2n_681,3.680,4.2730
3g2n,3g2n_682,3.230,-3.9620
3g2n,3g2n_695,6.730,1.6270
3g2n,3g2n_77,1.880,7.9470
3g2n,3g2n_772,7.300,-7.1110
3g2n,3g2n_773,7.280,-8.0980
3g2n,3g2n_774,7.270,-8.1190
3g2n,3g2n_775,7.280,-8.2810
3gbb,3gbb_503,1.270,0.0840
3gbb,3gbb_509,2.770,2.9410
3gbb,3gbb_510,2.290,0.0140
3gbb,3gbb_512,3.120,2.0610
3gbb,3gbb_523,1.140,1.8120
3gbb,3gbb_559,2.960,-2.7720
3gbb,3gbb_564,1.980,0.4630
3gbb,3gbb_596,1.500,-3.9590
3gbb,3gbb_317,0.430,8.5980
3gbb,3gbb_405,0.780,3.8050
3gbb,3gbb_407,0.840,3.4340
3gbb,3gbb_418,3.970,0.4650
3gbb,3gbb_421,4.130,0.4430
3gbb,3gbb_427,0.860,5.4620
3gbb,3gbb_445,1.170,0.0010
3gbb,3gbb_449,0.990,1.9770
3gbb,3gbb_458,2.120,-6.0230
3gbb,3gbb_460,1.650,-0.9010
3gbb,3gbb_468,1.530,-1.0200
3gbb,3gbb_473,0.930,-3.9720
3gbb,3gbb_482,2.360,-3.6880
3gbb,3gbb_483,1.710,-13.8440
3gbb,3gbb_489,4.020,-10.1110
3gbb,3gbb_498,3.050,0.6470
3gbb,3gbb_616,4.300,0.8260
3gbb,3gbb_619,2.570,-9.6080
3gbb,3gbb_621,3.910,2.0670
3gbb,3gbb_625,3.940,3.0240
3gbb,3gbb_627,2.400,-2.2470
3gbb,3gbb_646,3.730,-8.7770
3gbb,3gbb_648,3.980,-1.3260
3gbb,3gbb_650,2.450,-8.2190
3g0w,3g0w_545,3.360,-9.5210
3g0w,3g0w_552,1.130,-0.0420
3g0w,3g0w_562,1.070,4.1250
3g0w,3g0w_573,1.090,-0.1720
3g0w,3g0w_574,2.790,-6.8810
3g0w,3g0w_609,1.740,-2.8390
3g0w,3g0w_613,2.360,-2.1590
3g0w,3g0w_639,6.570,-1.5870
3gbb,3gbb_717,2.710,1.1520
3gbb,3gbb_728,4.010,2.4590
3gbb,3gbb_781,3.080,0.4730
3gbb,3gbb_783,4.110,-1.0430
3gbb,3gbb_796,4.040,-4.8990
3gbb,3gbb_814,0.820,7.5340
3gbb,3gbb_845,4.250,1.9830
3gbb,3gbb_893,4.370,2.8590
3gbb,3gbb_655,2.180,-1.3860
3gbb,3gbb_666,3.960,-0.8890
3gbb,3gbb_673,4.020,-4.7360
3gbb,3gbb_678,5.520,-2.0950
3gbb,3gbb_683,1.870,-7.6790
3gbb,3gbb_693,4.020,-1.6130
3gbb,3gbb_697,3.100,1.9010
3gbb,3gbb_715,1.410,3.7150
3fur,3fur_794,4.320,-3.5440
3fur,3fur_796,3.930,-1.8150
3fur,3fur_797,5.560,-7.5990
3fur,3fur_88,8.010,6.6120
3fur,3fur_94,9.400,6.9950
3fur,3fur_960,0.930,8.5270
3fv1,3fv1_115,0.220,8.9920
3fv1,3fv1_191,0.160,9.1580
3g0w,3g0w_778,8.140,-12.5930
3g0w,3g0w_779,4.350,-9.8400
3g0w,3g0w_780,3.710,-12.6760
3g0w,3g0w_782,3.720,-20.6800
3g0w,3g0w_783,3.830,-12.7300
3g0w,3g0w_786,7.440,-30.8550
3g0w,3g0w_787,6.590,-23.5430
3g0w,3g0w_788,5.350,-24.9550
3g0w,3g0w_789,6.480,-22.6450
3g0w,3g0w_790,6.340,-46.7500
3g0w,3g0w_791,0.430,9.6640
3g0w,3g0w_800,2.310,8.9360
3g0w,3g0w_832,2.100,6.2360
3g0w,3g0w_874,1.830,4.4310
3g0w,3g0w_889,1.650,4.6910
3g2n,3g2n_117,0.780,8.5510
3g0w,3g0w_767,4.100,-5.1690
3g0w,3g0w_768,4.100,-4.8760
3g0w,3g0w_769,5.500,-19.2510
3g0w,3g0w_771,5.920,-18.0250
3g0w,3g0w_772,4.150,-5.1000
3g0w,3g0w_773,3.620,-10.2720
3g0w,3g0w_774,6.980,-5.2410
3g0w,3g0w_775,5.190,-12.5160
3fur,3fur_692,7.080,-0.6810
3fur,3fur_696,2.940,-8.9100
3fur,3fur_697,7.410,-8.6430
3fur,3fur_7,7.570,6.1660
3fur,3fur_729,5.060,2.5600
3fur,3fur_778,3.670,2.2990
3fur,3fur_783,1.720,4.7210
3fur,3fur_787,7.190,0.0120
3g0w,3g0w_27,0.450,9.1050
3g0w,3g0w_281,0.210,10.1020
3g0w,3g0w_401,0.940,4.6480
3g0w,3g0w_409,0.820,4.3260
3g0w,3g0w_410,1.820,-0.1300
3g0w,3g0w_413,0.930,2.7620
3g0w,3g0w_417,6.410,-8.1910
3g0w,3g0w_441,1.690,2.6110
3g0w,3g0w_756,6.090,-17.7900
3g0w,3g0w_757,3.280,-6.2050
3g0w,3g0w_758,4.550,-3.6960
3g0w,3g0w_759,4.500,-3.4780
3g0w,3g0w_761,3.780,-6.9560
3g0w,3g0w_764,4.520,-4.0620
3g0w,3g0w_765,4.660,-7.2260
3g0w,3g0w_766,4.080,-4.9240
3g0w,3g0w_658,1.210,-1.2740
3g0w,3g0w_690,1.960,-2.4600
3g0w,3g0w_696,2.010,-2.7500
3g0w,3g0w_697,3.030,-8.8440
3g0w,3g0w_703,6.600,4.2420
3g0w,3g0w_753,7.060,1.0180
3g0w,3g0w_754,4.390,-2.6290
3g0w,3g0w_755,3.410,-4.8290
3g0w,3g0w_458,6.720,2.0070
3g0w,3g0w_475,2.440,-5.8450
3g0w,3g0w_488,2.120,-10.3070
3g0w,3g0w_493,2.390,-9.8910
3g0w,3g0w_494,2.690,-3.8620
3g0w,3g0w_499,2.290,-5.1750
3g0w,3g0w_516,3.070,-2.4630
3g0w,3g0w_523,6.130,-1.9830
3gc5,3gc5_524,0.910,3.5070
3gc5,3gc5_532,5.520,5.1900
3gc5,3gc5_536,4.640,-0.1770
3gc5,3gc5_551,5.700,2.7410
3gc5,3gc5_556,3.770,-6.0760
3gc5,3gc5_559,1.830,6.4180
3gc5,3gc5_563,6.850,0.2150
3gc5,3gc5_565,5.730,-0.3040
3gc5,3gc5_446,3.630,-11.0720
3gc5,3gc5_451,3.280,-1.8650
3gc5,3gc5_457,2.230,-0.2540
3gc5,3gc5_460,3.440,-0.3120
3gc5,3gc5_461,4.200,-3.8040
3gc5,3gc5_463,2.420,-1.7940
3gc5,3gc5_464,0.920,0.0810
3gc5,3gc5_467,2.010,-21.5660
3gc5,3gc5_566,4.830,3.3060
3gc5,3gc5_567,1.390,-1.4980
3gc5,3gc5_574,4.520,1.0390
3gc5,3gc5_577,1.190,-8.1480
3gc5,3gc5_580,3.640,-7.5950
3gc5,3gc5_582,6.600,-2.2740
3gc5,3gc5_585,6.530,-0.2040
3gc5,3gc5_589,5.670,-3.6450
3gc5,3gc5_402,0.720,4.0540
3gc5,3gc5_403,0.760,5.4080
3gc5,3gc5_406,0.970,0.0320
3gc5,3gc5_408,2.060,6.9900
3gc5,3gc5_426,0.970,2.2110
3gc5,3gc5_427,3.350,-5.6770
3gc5,3gc5_428,5.140,1.7420
3gc5,3gc5_436,1.410,-3.2370
3gc5,3gc5_471,3.670,-9.9420
3gc5,3gc5_475,3.020,5.2860
3gc5,3gc5_492,3.330,-6.5800
3gc5,3gc5_495,5.070,3.0850
3gc5,3gc5_500,5.230,4.3000
3gc5,3gc5_507,4.500,3.8650
3gc5,3gc5_516,4.260,-1.7280
3gc5,3gc5_518,6.180,2.6670
3gc5,3gc5_603,0.770,2.4800
3gc5,3gc5_604,1.460,3.2390
3gc5,3gc5_605,1.050,0.3870
3gc5,3gc5_606,0.800,0.1900
3gc5,3gc5_607,1.970,4.0030
3gc5,3gc5_617,1.990,-6.3560
3gc5,3gc5_627,4.490,-13.0780
3gc5,3gc5_631,1.920,2.7090
3gc5,3gc5_632,2.760,-6.6470
3gc5,3gc5_636,2.990,3.7240
3gc5,3gc5_638,4.290,-0.4120
3gc5,3gc5_646,4.710,-1.0750
3gc5,3gc5_647,0.880,-2.9220
3gc5,3gc5_657,4.870,1.2220
3gc5,3gc5_662,2.640,4.1800
3gc5,3gc5_663,2.590,4.1340
3gc5,3gc5_679,5.170,4.0530
3gc5,3gc5_682,5.270,3.5510
3gc5,3gc5_691,1.610,-4.5770
3gc5,3gc5_696,5.640,-3.3070
3gc5,3gc5_715,0.930,4.7140
3gc5,3gc5_733,6.800,3.3350
3gc5,3gc5_739,7.140,3.8520
3gc5,3gc5_749,7.540,4.2620
3gc5,3gc5_773,7.310,2.1080
3gc5,3gc5_775,7.000,3.6550
3gc5,3gc5_776,7.030,3.8580
3gc5,3gc5_777,7.830,3.6690
3gc5,3gc5_778,7.750,3.7740
3gc5,3gc5_779,7.700,3.3620
3gc5,3gc5_780,8.020,3.8260
3gc5,3gc5_783,6.910,3.2320
3gc5,3gc5_752,7.490,4.1650
3gc5,3gc5_755,3.000,-0.3340
3gc5,3gc5_757,6.530,4.6420
3gc5,3gc5_758,6.580,4.2140
3gc5,3gc5_759,7.520,3.9610
3gc5,3gc5_764,7.460,4.2390
3gc5,3gc5_770,8.010,4.0370
3gc5,3gc5_772,8.100,4.1450
3gc5,3gc5_784,6.780,-0.5320
3gc5,3gc5_822,2.100,5.9130
3gc5,3gc5_878,9.210,5.7900
3gc5,3gc5_879,9.230,5.7740
3gc5,3gc5_973,3.070,2.7790
3ge7,3ge7_11,4.830,6.3110
3ge7,3ge7_140,0.610,9.3930
3ge7,3ge7_191,0.680,9.1590
3gr2,3gr2_186,8.050,4.0050
3gr2,3gr2_187,8.310,4.7520
3gr2,3gr2_205,3.990,4.4300
3gr2,3gr2_220,4.350,3.8750
3gr2,3gr2_226,8.260,-0.4140
3gr2,3gr2_239,5.730,3.9600
3gr2,3gr2_254,6.940,0.1050
3gr2,3gr2_262,2.400,1.1360
3gr2,3gr2_446,2.420,3.5080
3gr2,3gr2_449,2.700,3.8160
3gr2,3gr2_451,2.280,3.8920
3gr2,3gr2_458,1.840,3.0300
3gr2,3gr2_460,2.940,1.5280
3gr2,3gr2_466,3.550,1.4580
3gr2,3gr2_474,1.220,2.3100
3gr2,3gr2_476,1.570,3.6650
3gr2,3gr2_277,5.210,2.6180
3gr2,3gr2_279,7.040,-1.7790
3gr2,3gr2_337,1.940,5.5580
3gr2,3gr2_409,1.940,2.7640
3gr2,3gr2_410,1.300,2.7530
3gr2,3gr2_415,5.580,2.0800
3gr2,3gr2_421,6.670,-1.1750
3gr2,3gr2_424,1.680,3.8180
3gr2,3gr2_764,2.950,3.6280
3gr2,3gr2_765,3.990,2.5470
3gr2,3gr2_766,5.660,3.1950
3gr2,3gr2_771,5.680,3.2000
3gr2,3gr2_776,4.020,2.0860
3gr2,3gr2_779,7.660,1.7640
3gr2,3gr2_783,8.440,1.5130
3gr2,3gr2_786,7.320,1.5370
3gr2,3gr2_581,6.400,1.4140
3gr2,3gr2_585,5.020,0.4920
3gr2,3gr2_592,4.580,-1.0350
3gr2,3gr2_624,7.140,-3.4970
3gr2,3gr2_663,6.660,1.9100
3gr2,3gr2_665,7.350,-3.0100
3gr2,3gr2_669,6.540,2.4520
3gr2,3gr2_684,4.060,2.1310
3gr2,3gr2_493,2.750,2.8520
3gr2,3gr2_526,7.220,-0.7970
3gr2,3gr2_540,6.590,2.0120
3gr2,3gr2_541,6.190,-2.8300
3gr2,3gr2_545,2.140,4.1170
3gr2,3gr2_560,5.130,1.3620
3gr2,3gr2_568,7.090,3.1560
3gr2,3gr2_580,4.140,3.8570
3gr2,3gr2_742,8.670,3.0740
3gr2,3gr2_743,8.510,2.9800
3gr2,3gr2_745,3.520,3.8380
3gr2,3gr2_747,6.700,3.3590
3gr2,3gr2_756,4.590,3.1700
3gr2,3gr2_758,7.430,1.6930
3gr2,3gr2_761,3.700,3.1880
3gr2,3gr2_762,8.090,2.5140
3gr2,3gr2_686,6.560,-0.6600
3gr2,3gr2_701,1.320,3.7140
3gr2,3gr2_717,4.000,-1.3090
3gr2,3gr2_722,5.860,1.6510
3gr2,3gr2_732,3.930,2.9130
3gr2,3gr2_735,4.070,-1.9060
3gr2,3gr2_737,4.150,3.5310
3gr2,3gr2_738,3.970,3.2560
3gr2,3gr2_820,2.590,3.1550
3gr2,3gr2_835,1.920,4.1260
3gr2,3gr2_841,6.290,1.6900
3gr2,3gr2_853,4.000,2.8410
3gr2,3gr2_858,4.680,2.7350
3gr2,3gr2_867,3.790,2.6800
3gr2,3gr2_872,2.260,4.2690
3gr2,3gr2_879,5.030,2.6090
3ge7,3ge7_24,0.780,9.4800
3ge7,3ge7_262,0.890,7.6450
3ge7,3ge7_324,3.030,5.9290
3ge7,3ge7_404,5.810,-3.9610
3ge7,3ge7_411,5.360,-21.8400
3ge7,3ge7_415,1.890,5.2120
3ge7,3ge7_424,5.970,-8.7020
3ge7,3ge7_426,2.840,-8.6250
3gv9,3gv9_293,9.070,-1.1550
3gv9,3gv9_298,9.630,2.8520
3gv9,3gv9_30,0.640,3.2880
3gv9,3gv9_300,8.680,-3.3260
3gv9,3gv9_304,3.840,4.0150
3gv9,3gv9_305,8.300,3.5830
3gv9,3gv9_306,7.290,4.0400
3gv9,3gv9_307,8.560,3.9110
3gv9,3gv9_312,7.480,3.6690
3gv9,3gv9_315,8.710,3.8680
3gv9,3gv9_318,8.470,4.4070
3gv9,3gv9_324,2.340,4.2650
3gv9,3gv9_328,7.560,3.9150
3gv9,3gv9_335,7.970,3.4910
3gv9,3gv9_340,7.490,3.6970
3gv9,3gv9_350,3.310,3.4490
3gv9,3gv9_355,7.660,3.3870
3gv9,3gv9_370,0.840,4.2240
3gv9,3gv9_379,8.980,3.3920
3gv9,3gv9_385,8.470,4.1390
3gv9,3gv9_397,7.690,3.4710
3gv9,3gv9_398,8.320,3.9120
3gv9,3gv9_399,7.500,3.5720
3gv9,3gv9_407,2.490,3.2160
3ge7,3ge7_431,1.390,-10.8010
3ge7,3ge7_443,1.690,-7.2130
3ge7,3ge7_448,6.620,-1.7580
3ge7,3ge7_451,5.530,-12.0260
3ge7,3ge7_456,2.240,3.6550
3ge7,3ge7_460,3.990,-14.2940
3ge7,3ge7_465,2.340,-5.5610
3ge7,3ge7_469,3.570,-36.0960
3gr2,3gr2_973,1.500,3.8800
3gr2,3gr2_978,8.560,3.0470
3gv9,3gv9_102,4.010,4.0760
3gv9,3gv9_124,1.210,4.2730
3gv9,3gv9_227,9.320,3.4510
3gv9,3gv9_24,6.580,3.3680
3gv9,3gv9_242,9.020,-2.7490
3gv9,3gv9_247,8.640,-5.5600
3gv9,3gv9_432,3.200,3.3320
3gv9,3gv9_453,6.040,4.1080
3gv9,3gv9_462,0.920,2.4260
3gv9,3gv9_467,6.390,1.9380
3gv9,3gv9_47,0.750,3.9400
3gv9,3gv9_479,6.310,1.7300
3gv9,3gv9_480,3.930,0.8780
3gv9,3gv9_489,2.970,2.9030
3ge7,3ge7_533,3.980,-8.1430
3ge7,3ge7_536,4.030,3.2120
3ge7,3ge7_547,4.410,-5.8850
3ge7,3ge7_552,4.380,0.6760
3ge7,3ge7_556,6.480,-0.9840
3ge7,3ge7_561,4.010,-2.6100
3ge7,3ge7_562,6.520,-5.2180
3ge7,3ge7_567,2.820,0.7130
3ge7,3ge7_571,7.370,0.9540
3ge7,3ge7_572,3.600,3.4460
3ge7,3ge7_573,6.740,2.2980
3ge7,3ge7_574,4.190,-12.8850
3ge7,3ge7_579,1.790,-5.9990
3ge7,3ge7_582,6.030,-2.4730
3ge7,3ge7_583,5.480,-1.2430
3ge7,3ge7_587,3.050,-9.6450
3gv9,3gv9_256,9.140,-0.6680
3gv9,3gv9_258,2.990,0.8010
3gv9,3gv9_259,9.340,2.4170
3gv9,3gv9_263,9.630,3.5050
3gv9,3gv9_266,9.190,-2.0170
3gv9,3gv9_277,8.220,-1.2340
3gv9,3gv9_281,9.380,0.3830
3gv9,3gv9_285,9.750,-1.0660
3ge7,3ge7_589,6.360,-2.2450
3ge7,3ge7_590,6.780,5.5370
3ge7,3ge7_594,7.070,-6.9550
3ge7,3ge7_598,5.910,0.0540
3ge7,3ge7_599,5.770,2.7220
3ge7,3ge7_600,7.650,-9.1450
3ge7,3ge7_637,4.500,2.5410
3ge7,3ge7_638,4.210,-6.1300
3ge7,3ge7_470,2.550,-6.7950
3ge7,3ge7_480,3.480,-6.1080
3ge7,3ge7_485,1.650,-6.8940
3ge7,3ge7_488,1.700,0.3220
3ge7,3ge7_490,5.840,-3.3270
3ge7,3ge7_491,1.560,-15.9330
3ge7,3ge7_498,6.310,2.2170
3ge7,3ge7_523,4.940,-0.9870
3ge7,3ge7_641,2.760,-9.6320
3ge7,3ge7_644,1.720,-11.2690
3ge7,3ge7_651,2.060,-12.4660
3ge7,3ge7_655,5.680,-1.4820
3ge7,3ge7_658,4.500,-0.6000
3ge7,3ge7_659,3.340,-1.3820
3ge7,3ge7_666,3.670,-11.4950
3ge7,3ge7_667,6.630,-1.6420
3ge7,3ge7_674,7.000,-3.1990
3ge7,3ge7_676,2.840,-8.1180
3ge7,3ge7_683,2.740,-29.5000
3ge7,3ge7_684,2.270,-15.6850
3ge7,3ge7_685,5.980,-6.2580
3ge7,3ge7_688,2.860,-11.0670
3ge7,3ge7_717,0.780,8.8360
3ge7,3ge7_718,1.000,6.8510
3gv9,3gv9_491,0.920,-1.7120
3gv9,3gv9_505,5.170,3.6130
3gv9,3gv9_509,2.470,2.6220
3gv9,3gv9_537,2.040,-0.5570
3gv9,3gv9_540,3.640,1.9290
3gv9,3gv9_545,4.830,-5.5580
3gv9,3gv9_556,5.900,0.1780
3gv9,3gv9_559,4.170,2.6910
3gy4,3gy4_557,2.770,2.5440
3gy4,3gy4_561,3.650,-1.5660
3gy4,3gy4_565,1.620,0.5940
3gy4,3gy4_570,4.140,-0.1130
3gy4,3gy4_573,4.730,2.9470
3gy4,3gy4_590,3.220,-1.8360
3gy4,3gy4_591,3.460,-1.1640
3gy4,3gy4_593,4.110,0.2920
3gv9,3gv9_604,5.680,-1.1390
3gv9,3gv9_605,5.200,-3.9430
3gv9,3gv9_62,2.460,4.3750
3gv9,3gv9_623,5.070,-5.1800
3gv9,3gv9_626,1.980,1.4600
3gv9,3gv9_630,4.460,-4.3850
3gv9,3gv9_639,1.330,0.8550
3gv9,3gv9_642,4.600,-0.4100
3gv9,3gv9_658,3.240,-3.6500
3gv9,3gv9_660,2.010,2.5250
3gv9,3gv9_661,3.940,-5.3120
3gv9,3gv9_670,3.920,-2.3950
3gv9,3gv9_674,4.380,3.3560
3gv9,3gv9_685,5.150,0.0430
3gv9,3gv9_688,5.900,-4.1350
3gv9,3gv9_697,1.170,2.3400
3gv9,3gv9_7,0.590,4.1820
3gv9,3gv9_700,4.610,2.2400
3gv9,3gv9_756,2.870,1.3050
3gv9,3gv9_759,5.050,2.4970
3gv9,3gv9_76,1.260,3.6680
3gv9,3gv9_760,2.360,1.5870
3gv9,3gv9_761,1.230,3.3650
3gv9,3gv9_765,6.800,-0.4290
3gv9,3gv9_561,5.700,1.2920
3gv9,3gv9_563,4.600,-0.7680
3gv9,3gv9_564,6.620,1.6570
3gv9,3gv9_565,4.820,-0.9130
3gv9,3gv9_579,1.800,-1.7190
3gv9,3gv9_59,0.590,4.2050
3gv9,3gv9_592,6.210,-1.3270
3gv9,3gv9_6,0.600,4.2700
3gy4,3gy4_496,1.880,4.4420
3gy4,3gy4_497,1.380,-1.6400
3gy4,3gy4_517,3.160,-4.9240
3gy4,3gy4_525,1.020,-1.4210
3gy4,3gy4_528,4.000,2.7210
3gy4,3gy4_531,4.050,3.1700
3gy4,3gy4_54,0.680,5.6760
3gy4,3gy4_550,4.170,1.2650
3gv9,3gv9_858,4.470,2.9470
3gv9,3gv9_875,5.970,0.2600
3gv9,3gv9_96,3.810,3.0370
3gv9,3gv9_98,6.650,3.1050
3gv9,3gv9_990,6.010,0.0840
3gy4,3gy4_121,2.800,5.2880
3gy4,3gy4_14,0.640,4.8580
3gy4,3gy4_184,0.340,5.1340
3gy4,3gy4_596,2.810,0.6370
3gy4,3gy4_598,3.090,1.1850
3gy4,3gy4_599,3.100,3.5250
3gy4,3gy4_633,2.330,-1.0620
3gy4,3gy4_638,2.560,-2.0600
3gy4,3gy4_643,2.470,-1.0290
3gy4,3gy4_648,1.550,-10.5530
3gy4,3gy4_669,1.320,-2.1040
3gy4,3gy4_236,0.630,1.9490
3gy4,3gy4_251,1.050,1.7240
3gy4,3gy4_259,2.450,2.0480
3gy4,3gy4_269,0.620,2.2000
3gy4,3gy4_284,0.900,2.9390
3gy4,3gy4_39,0.500,5.7500
3gy4,3gy4_413,2.580,3.3700
3gy4,3gy4_415,2.670,1.1290
3gv9,3gv9_767,7.390,2.9650
3gv9,3gv9_786,3.280,1.2050
3gv9,3gv9_810,6.140,-2.3020
3gv9,3gv9_826,1.760,3.7300
3gv9,3gv9_83,1.020,3.5440
3gv9,3gv9_835,1.860,0.9080
3gv9,3gv9_84,0.860,4.4720
3gv9,3gv9_85,0.700,3.5890
3gy4,3gy4_423,3.030,-4.6970
3gy4,3gy4_424,0.810,3.3890
3gy4,3gy4_430,0.950,3.4550
3gy4,3gy4_437,1.300,-0.5510
3gy4,3gy4_452,1.580,-1.8330
3gy4,3gy4_460,0.900,3.0510
3gy4,3gy4_466,2.650,-1.4230
3gy4,3gy4_483,3.070,-12.0660
3ge7,3ge7_791,1.300,7.8440
3ge7,3ge7_794,1.030,7.2160
3ge7,3ge7_795,0.990,7.5960
3ge7,3ge7_824,0.330,8.7130
3ge7,3ge7_895,0.910,9.1450
3ge7,3ge7_898,0.690,7.7990
3gnw,3gnw_134,3.550,7.2580
3gnw,3gnw_136,4.150,8.1050
3gnw,3gnw_965,0.710,10.1600
3gnw,3gnw_982,0.850,10.1470
3gr2,3gr2_102,8.600,5.1550
3gr2,3gr2_118,8.070,2.6170
3gr2,3gr2_12,4.920,2.3060
3gr2,3gr2_122,5.420,4.0720
3gr2,3gr2_132,7.320,3.7290
3gr2,3gr2_151,7.870,4.4480
3jvr,3jvr_446,2.090,-16.5810
3jvr,3jvr_451,3.780,-3.4610
3jvr,3jvr_452,4.610,-7.4040
3jvr,3jvr_457,7.720,-2.4560
3jvr,3jvr_459,4.230,-8.6740
3jvr,3jvr_464,5.660,-10.1080
3jvr,3jvr_468,5.480,-0.7240
3jvr,3jvr_470,4.090,-6.8230
3jvr,3jvr_34,9.180,4.2990
3jvr,3jvr_349,5.670,5.0580
3jvr,3jvr_355,6.440,4.2520
3jvr,3jvr_394,6.850,4.3590
3jvr,3jvr_404,5.860,-2.0960
3jvr,3jvr_435,6.560,-2.8040
3jvr,3jvr_441,2.620,-13.7080
3jvr,3jvr_444,1.990,-3.5100
3jvr,3jvr_471,5.370,-0.7440
3jvr,3jvr_478,1.440,-3.5270
3jvr,3jvr_484,4.510,-5.4500
3jvr,3jvr_486,1.780,-6.7270
3jvr,3jvr_500,4.890,-5.2780
3jvr,3jvr_505,2.290,-1.0150
3jvr,3jvr_509,1.740,-0.0520
3jvr,3jvr_515,2.150,0.3360
3jvr,3jvr_699,2.070,-3.7780
3jvr,3jvr_703,0.430,5.4010
3jvr,3jvr_716,0.990,5.1910
3jvr,3jvr_726,0.850,4.6970
3jvr,3jvr_732,0.910,4.5980
3jvr,3jvr_739,2.630,0.7290
3jvr,3jvr_740,3.650,3.3260
3jvr,3jvr_742,2.400,4.4330
3gy4,3gy4_685,1.940,-2.7960
3gy4,3gy4_686,3.100,1.2820
3ivg,3ivg_10,1.580,8.5920
3ivg,3ivg_107,6.360,6.9840
3ivg,3ivg_108,5.410,8.0430
3ivg,3ivg_14,1.660,7.7150
3ivg,3ivg_150,6.210,6.5890
3ivg,3ivg_161,6.610,5.6200
3jvr,3jvr_154,9.120,0.5310
3jvr,3jvr_162,9.090,4.1070
3jvr,3jvr_168,9.430,4.1070
3jvr,3jvr_171,9.570,1.9110
3jvr,3jvr_187,7.350,3.6400
3jvr,3jvr_195,8.650,3.0710
3jvr,3jvr_210,7.290,2.8580
3jvr,3jvr_225,8.480,1.9670
3jvr,3jvr_590,4.430,-6.7450
3jvr,3jvr_592,7.650,2.0990
3jvr,3jvr_596,2.160,-1.6220
3jvr,3jvr_600,6.790,3.1830
3jvr,3jvr_603,1.310,-4.0950
3jvr,3jvr_604,4.520,-4.0140
3jvr,3jvr_610,6.850,-0.6820
3jvr,3jvr_623,9.580,-2.7540
3jvr,3jvr_627,3.910,-0.9120
3jvr,3jvr_647,2.250,-0.0110
3jvr,3jvr_650,7.430,1.1770
3jvr,3jvr_662,6.910,0.1930
3jvr,3jvr_673,1.680,-6.3940
3jvr,3jvr_688,1.760,-9.8080
3jvr,3jvr_689,4.400,-3.2520
3jvr,3jvr_697,7.410,-1.8570
3jvr,3jvr_229,6.000,2.2160
3jvr,3jvr_246,7.040,3.8100
3jvr,3jvr_275,8.970,3.9620
3jvr,3jvr_290,8.610,1.3700
3jvr,3jvr_297,8.500,3.9940
3jvr,3jvr_329,9.540,3.5130
3jvr,3jvr_330,9.120,2.0240
3jvr,3jvr_332,9.450,4.0840
3jvr,3jvr_523,5.120,-1.4010
3jvr,3jvr_550,8.990,0.7690
3jvr,3jvr_554,5.840,-2.1690
3jvr,3jvr_562,4.650,1.7150
3jvr,3jvr_567,3.180,-7.2050
3jvr,3jvr_579,5.060,-0.7440
3jvr,3jvr_580,2.060,-6.8030
3jvr,3jvr_589,6.500,-4.0890
3jvr,3jvr_750,6.830,3.2190
3jvr,3jvr_752,6.850,3.9690
3jvr,3jvr_755,0.470,5.5070
3jvr,3jvr_782,1.260,3.7030
3jvr,3jvr_79,9.180,3.3040
3jvr,3jvr_8,8.590,3.8620
3jvr,3jvr_814,1.690,1.8180
3jvr,3jvr_819,1.510,2.6460
3jvr,3jvr_82,8.340,3.6550
3jvr,3jvr_822,4.680,1.0350
3jvr,3jvr_826,7.070,3.7710
3jvr,3jvr_827,6.170,2.7610
3jvr,3jvr_828,7.300,-0.4160
3jvr,3jvr_831,7.760,2.1240
3jvr,3jvr_836,3.650,3.3260
3jvr,3jvr_870,0.600,5.2480
3jvr,3jvr_884,0.880,5.8500
3jvr,3jvr_890,0.740,5.3220
3jvr,3jvr_893,0.680,5.7490
3jvr,3jvr_923,0.710,4.9950
3jvr,3jvr_932,5.270,5.2080
3jvr,3jvr_99,8.030,2.2210
3jvs,3jvs_206,2.850,1.8240
3jvs,3jvs_226,3.100,1.0910
3ivg,3ivg_497,2.000,-6.7650
3ivg,3ivg_518,4.790,-0.1790
3ivg,3ivg_531,5.080,-2.4370
3ivg,3ivg_542,7.020,1.2250
3ivg,3ivg_545,2.890,-3.0310
3ivg,3ivg_548,3.420,2.6380
3ivg,3ivg_55,7.590,5.4730
3ivg,3ivg_550,4.400,-2.5410
3ivg,3ivg_44,6.120,6.7920
3ivg,3ivg_440,2.660,-6.3550
3ivg,3ivg_45,6.900,6.5440
3ivg,3ivg_471,2.730,-10.3840
3ivg,3ivg_479,3.440,-9.6650
3ivg,3ivg_48,6.210,7.3740
3ivg,3ivg_483,1.980,-3.0620
3ivg,3ivg_494,5.930,-3.9400
3ivg,3ivg_573,5.950,2.2900
3ivg,3ivg_590,3.120,0.9850
3ivg,3ivg_60,5.290,7.6110
3ivg,3ivg_608,4.810,-2.7340
3ivg,3ivg_624,7.380,-2.1840
3ivg,3ivg_635,7.290,-4.8030
3ivg,3ivg_640,6.660,-2.7060
3ivg,3ivg_659,3.670,-6.2740
3ivg,3ivg_209,0.970,7.4470
3ivg,3ivg_218,0.910,5.7280
3ivg,3ivg_236,2.090,1.3820
3ivg,3ivg_250,0.820,6.4670
3ivg,3ivg_252,0.800,7.4720
3ivg,3ivg_253,1.010,5.8320
3ivg,3ivg_255,0.830,6.3230
3ivg,3ivg_262,1.830,5.5080
3ivg,3ivg_275,0.930,6.5800
3ivg,3ivg_276,1.050,6.0790
3ivg,3ivg_291,7.380,3.5620
3ivg,3ivg_313,4.040,7.5850
3ivg,3ivg_330,3.900,7.3740
3ivg,3ivg_40,7.250,6.4140
3ivg,3ivg_410,3.390,-7.5700
3ivg,3ivg_438,2.240,-12.5190
3jya,3jya_179,0.940,5.9660
3jya,3jya_20,1.000,6.9120
3jya,3jya_238,0.600,7.1980
3jya,3jya_285,0.980,6.6390
3jya,3jya_315,0.830,7.3140
3jya,3jya_324,1.220,7.2330
3jya,3jya_402,3.780,1.9610
3jya,3jya_403,4.250,5.0430
3jya,3jya_405,2.100,4.8980
3jya,3jya_408,2.270,5.7410
3jya,3jya_413,1.380,6.6810
3jya,3jya_418,3.110,4.6600
3jya,3jya_420,1.000,6.9540
3jya,3jya_425,2.990,5.3310
3jya,3jya_428,2.020,6.7790
3jya,3jya_435,4.120,7.2160
3ivg,3ivg_952,8.850,4.7490
3ivg,3ivg_954,5.150,4.9850
3ivg,3ivg_961,8.910,4.3160
3ivg,3ivg_98,5.900,6.6500
3ivg,3ivg_983,9.270,3.0920
3ivg,3ivg_989,4.600,4.9100
3ivg,3ivg_993,1.160,6.7480
3jvr,3jvr_137,8.980,4.0750
3ivg,3ivg_899,8.900,3.2030
3ivg,3ivg_9,1.320,8.9400
3ivg,3ivg_91,4.300,7.7340
3ivg,3ivg_915,9.920,3.5810
3ivg,3ivg_924,6.350,3.9130
3ivg,3ivg_926,5.050,4.1200
3ivg,3ivg_940,7.310,4.0450
3ivg,3ivg_946,5.860,5.3400
3jya,3jya_440,1.440,5.7810
3jya,3jya_449,0.990,6.0900
3jya,3jya_455,3.670,6.3940
3jya,3jya_457,1.580,3.8100
3jya,3jya_459,1.420,6.7570
3jya,3jya_469,2.770,4.8030
3jya,3jya_470,3.860,7.2170
3jya,3jya_471,1.040,3.2390
3ivg,3ivg_733,2.260,6.6030
3ivg,3ivg_753,4.740,5.2420
3ivg,3ivg_761,2.150,6.6120
3ivg,3ivg_769,4.780,5.8640
3ivg,3ivg_770,2.590,3.9010
3ivg,3ivg_776,7.940,3.9980
3ivg,3ivg_779,3.350,2.2400
3ivg,3ivg_788,8.660,4.1210
3ivg,3ivg_699,5.060,-9.9830
3ivg,3ivg_701,3.750,6.5800
3ivg,3ivg_703,3.700,4.9130
3ivg,3ivg_705,0.960,7.5130
3ivg,3ivg_706,0.670,7.5960
3ivg,3ivg_710,7.520,2.9120
3ivg,3ivg_713,0.710,7.7480
3ivg,3ivg_731,2.950,7.5530
3ivg,3ivg_793,6.110,3.4120
3ivg,3ivg_794,7.310,2.2430
3ivg,3ivg_80,1.820,7.5220
3ivg,3ivg_837,2.780,3.5440
3ivg,3ivg_849,6.530,2.9620
3ivg,3ivg_860,3.930,5.1500
3ivg,3ivg_862,4.790,2.8280
3ivg,3ivg_866,4.830,0.8370
3jya,3jya_472,2.090,4.8700
3jya,3jya_475,3.120,1.0560
3jya,3jya_481,2.440,6.5520
3jya,3jya_490,0.850,6.0270
3jya,3jya_494,3.850,4.3980
3jya,3jya_506,4.350,6.6960
3jya,3jya_508,1.190,4.7870
3jya,3jya_518,4.200,5.5760
3gnw,3gnw_299,8.110,4.6270
3gnw,3gnw_302,2.350,7.9110
3gnw,3gnw_310,9.620,7.6560
3gnw,3gnw_315,2.190,7.5470
3gnw,3gnw_316,7.210,8.0420
3gnw,3gnw_322,6.740,6.5730
3gnw,3gnw_323,6.030,7.8010
3gnw,3gnw_325,5.330,8.1700
3gnw,3gnw_225,9.160,6.2570
3gnw,3gnw_226,9.990,2.7620
3gnw,3gnw_236,4.990,5.5310
3gnw,3gnw_241,7.390,5.3490
3gnw,3gnw_254,1.250,10.6340
3gnw,3gnw_259,5.400,4.8240
3gnw,3gnw_261,6.370,5.8060
3gnw,3gnw_266,8.060,7.9350
3gnw,3gnw_155,5.150,7.6980
3gnw,3gnw_179,6.010,8.0420
3gnw,3gnw_201,4.900,-0.7320
3gnw,3gnw_205,7.080,3.8620
3gnw,3gnw_216,5.350,7.1400
3gnw,3gnw_218,5.750,2.3520
3gnw,3gnw_219,9.690,4.4460
3gnw,3gnw_220,7.900,6.9550
3gnw,3gnw_271,5.250,2.3320
3gnw,3gnw_273,9.070,5.2540
3gnw,3gnw_276,4.830,6.0350
3gnw,3gnw_277,8.850,7.0520
3gnw,3gnw_278,5.320,5.6100
3gnw,3gnw_279,9.430,5.3090
3gnw,3gnw_284,9.650,4.8640
3gnw,3gnw_294,0.710,9.3600
3gnw,3gnw_516,2.930,-16.2310
3gnw,3gnw_527,4.890,-10.2400
3gnw,3gnw_535,8.130,-5.1690
3gnw,3gnw_545,7.970,-0.9480
3gnw,3gnw_549,8.450,2.3230
3gnw,3gnw_552,7.720,5.4590
3gnw,3gnw_555,3.870,-11.0970
3gnw,3gnw_569,9.680,-1.0460
3gnw,3gnw_417,4.550,-18.6070
3gnw,3gnw_423,4.080,-13.7680
3gnw,3gnw_440,3.940,-8.3540
3gnw,3gnw_448,2.940,-4.7600
3gnw,3gnw_463,4.710,-6.7260
3gnw,3gnw_49,6.210,9.2110
3gnw,3gnw_493,2.980,-20.6810
3gnw,3gnw_498,5.170,-16.9150
3jya,3jya_531,4.670,5.6540
3jya,3jya_538,2.070,5.9270
3jya,3jya_544,0.570,6.8420
3jya,3jya_553,1.800,6.8200
3jya,3jya_570,5.030,6.4530
3jya,3jya_572,3.680,5.4880
3jya,3jya_584,3.390,5.2560
3jya,3jya_594,3.840,2.8480
3gnw,3gnw_335,8.130,7.2340
3gnw,3gnw_337,6.900,8.6660
3gnw,3gnw_343,8.190,8.1260
3gnw,3gnw_381,6.490,7.8320
3gnw,3gnw_387,6.600,8.1620
3gnw,3gnw_402,3.650,1.9720
3gnw,3gnw_41,4.940,7.9930
3gnw,3gnw_411,3.970,-16.7410
3jya,3jya_647,5.130,4.4910
3jya,3jya_649,2.690,5.1380
3jya,3jya_690,2.000,1.9610
3jya,3jya_700,4.350,4.0220
3jya,3jya_712,7.250,1.8690
3jya,3jya_730,7.400,2.8950
3jya,3jya_734,4.240,-1.5360
3jya,3jya_735,6.310,3.1170
3jvs,3jvs_229,3.000,0.4310
3jvs,3jvs_234,7.000,0.4320
3jvs,3jvs_235,3.060,-0.1690
3jvs,3jvs_246,3.380,2.8940
3jvs,3jvs_253,2.630,2.1900
3jvs,3jvs_269,7.060,-0.3090
3jvs,3jvs_275,4.670,1.9150
3jvs,3jvs_299,7.560,3.4540
3jvs,3jvs_377,9.000,4.5390
3jvs,3jvs_405,1.690,-13.0880
3jvs,3jvs_411,1.960,-4.2550
3jvs,3jvs_419,3.100,-1.0490
3jvs,3jvs_424,2.600,-12.2320
3jvs,3jvs_426,4.540,-6.0190
3jvs,3jvs_435,2.380,-0.4820
3jvs,3jvs_441,3.250,-8.1110
3jvs,3jvs_443,7.630,-7.0500
3jvs,3jvs_449,1.870,-20.6030
3jvs,3jvs_454,4.280,-5.5880
3jvs,3jvs_467,4.560,-13.4010
3jvs,3jvs_469,7.460,-20.4650
3jvs,3jvs_483,2.170,-5.0880
3jvs,3jvs_489,6.840,-3.4060
3jvs,3jvs_490,7.800,-12.6670
3jvs,3jvs_492,5.320,-7.1590
3jvs,3jvs_502,1.750,1.3770
3jvs,3jvs_513,1.550,-0.7060
3jvs,3jvs_524,2.360,0.6300
3jvs,3jvs_546,6.200,-0.8930
3jvs,3jvs_555,3.120,-2.8550
3jvs,3jvs_56,8.410,-151.4750
3jvs,3jvs_583,4.190,4.3910
3jvs,3jvs_698,8.620,0.2220
3jvs,3jvs_703,1.450,5.4720
3jvs,3jvs_707,2.870,2.1960
3jvs,3jvs_740,9.130,3.3630
3jvs,3jvs_742,9.320,4.9620
3jvs,3jvs_758,8.870,3.6660
3jvs,3jvs_762,8.840,2.4120
3jvs,3jvs_769,9.810,4.7480
3jvs,3jvs_640,6.860,0.9470
3jvs,3jvs_642,5.580,-7.6750
3jvs,3jvs_651,5.920,0.6940
3jvs,3jvs_658,8.670,0.5030
3jvs,3jvs_666,7.060,0.3780
3jvs,3jvs_680,6.660,-7.1230
3jvs,3jvs_688,7.410,-1.6160
3jvs,3jvs_694,3.540,1.2080
3jvs,3jvs_587,4.620,0.9600
3jvs,3jvs_593,6.580,-4.1410
3jvs,3jvs_613,8.090,-0.3610
3jvs,3jvs_614,1.610,-5.1590
3jvs,3jvs_616,1.980,-5.6740
3jvs,3jvs_617,4.690,2.5380
3jvs,3jvs_623,5.610,0.4510
3jvs,3jvs_626,5.200,-5.5890
3jya,3jya_736,4.380,1.7430
3jya,3jya_741,6.400,0.7520
3jya,3jya_742,5.070,4.4300
3jya,3jya_744,5.110,2.3770
3jya,3jya_748,5.890,4.2630
3jya,3jya_750,6.100,3.8930
3jya,3jya_752,5.790,2.0900
3jya,3jya_755,5.740,3.8370
3jvs,3jvs_897,0.840,5.5490
3jvs,3jvs_9,6.890,4.5270
3jvs,3jvs_904,1.300,3.0140
3jvs,3jvs_916,2.120,5.9990
3jvs,3jvs_957,2.470,3.1740
3jvs,3jvs_963,6.820,-0.1190
3jvs,3jvs_973,3.240,4.1640
3jya,3jya_125,0.990,6.1700
3jvs,3jvs_785,3.400,3.1460
3jvs,3jvs_800,6.990,3.5320
3jvs,3jvs_804,5.100,4.9530
3jvs,3jvs_806,3.060,4.3390
3jvs,3jvs_812,7.050,3.9640
3jvs,3jvs_815,4.960,2.4500
3jvs,3jvs_817,9.830,5.6370
3jvs,3jvs_82,7.280,5.6460
3jvs,3jvs_822,5.110,1.8850
3jvs,3jvs_824,9.610,3.6590
3jvs,3jvs_830,6.510,3.8860
3jvs,3jvs_831,9.960,3.1490
3jvs,3jvs_832,4.170,1.7240
3jvs,3jvs_838,8.630,2.9740
3jvs,3jvs_840,7.140,4.7950
3jvs,3jvs_846,9.050,4.9870
3jvs,3jvs_847,9.920,2.7790
3jvs,3jvs_856,4.800,3.0500
3jvs,3jvs_860,9.090,5.2400
3jvs,3jvs_867,8.950,5.2260
3jvs,3jvs_868,9.990,6.0700
3jvs,3jvs_869,8.630,4.5940
3jvs,3jvs_884,0.980,3.8300
3jvs,3jvs_895,1.840,7.1360
3kgp,3kgp_524,5.270,2.3380
3kgp,3kgp_528,3.470,0.2200
3kgp,3kgp_532,3.130,2.1800
3kgp,3kgp_533,3.530,-0.7920
3kgp,3kgp_541,1.910,1.2420
3kgp,3kgp_547,5.480,-1.0580
3kgp,3kgp_551,5.250,-4.9880
3kgp,3kgp_568,3.980,1.2250
3jya,3jya_756,8.690,0.4820
3jya,3jya_758,6.790,3.3400
3jya,3jya_761,4.790,3.0390
3jya,3jya_764,8.090,3.4480
3jya,3jya_765,7.480,2.6380
3jya,3jya_766,7.340,2.3570
3jya,3jya_767,7.930,3.1740
3jya,3jya_771,7.840,3.5360
3kgp,3kgp_783,4.510,2.2650
3kgp,3kgp_784,6.090,1.6470
3kgp,3kgp_785,6.040,1.5700
3kgp,3kgp_786,6.070,1.5630
3kgp,3kgp_787,4.580,1.1750
3kgp,3kgp_788,6.110,1.5530
3kgp,3kgp_789,6.070,1.5280
3kgp,3kgp_790,4.150,2.0570
3kgp,3kgp_573,5.010,-1.5270
3kgp,3kgp_574,2.530,-2.8180
3kgp,3kgp_591,3.440,2.8030
3kgp,3kgp_596,3.180,-2.0180
3kgp,3kgp_600,5.590,1.2480
3kgp,3kgp_610,3.240,-2.0630
3kgp,3kgp_657,1.860,0.1900
3kgp,3kgp_661,0.950,2.0080
3kgp,3kgp_431,1.680,-0.1960
3kgp,3kgp_434,2.810,-0.6870
3kgp,3kgp_457,2.350,-6.8260
3kgp,3kgp_465,2.540,-4.2960
3kgp,3kgp_475,3.090,0.3610
3kgp,3kgp_477,2.240,-3.4260
3kgp,3kgp_483,5.150,-6.3000
3kgp,3kgp_491,5.070,-6.1840
3kgp,3kgp_763,4.670,1.0140
3kgp,3kgp_768,4.320,1.6680
3kgp,3kgp_771,7.200,-0.9610
3kgp,3kgp_776,6.170,3.0340
3kgp,3kgp_777,2.210,-1.4260
3kgp,3kgp_778,6.220,3.0880
3kgp,3kgp_780,2.490,3.0210
3kgp,3kgp_782,6.870,1.5300
3kgp,3kgp_492,1.010,0.6790
3kgp,3kgp_493,1.760,-3.8720
3kgp,3kgp_496,1.930,2.0180
3kgp,3kgp_5,1.000,4.7850
3kgp,3kgp_504,4.020,3.3490
3kgp,3kgp_507,3.970,3.1040
3kgp,3kgp_511,3.580,3.3980
3kgp,3kgp_523,4.360,3.2530
3kgp,3kgp_687,4.430,1.5390
3kgp,3kgp_693,5.400,1.2460
3kgp,3kgp_696,2.030,-1.8250
3kgp,3kgp_700,2.620,-0.3140
3kgp,3kgp_715,1.600,3.6730
3kgp,3kgp_745,1.370,2.5780
3kgp,3kgp_750,1.760,2.9230
3kgp,3kgp_757,1.030,2.9330
3jya,3jya_772,8.160,2.2860
3jya,3jya_774,8.710,2.8010
3jya,3jya_775,9.660,1.0860
3jya,3jya_776,5.130,-0.8410
3jya,3jya_780,7.880,-4.1620
3jya,3jya_782,7.110,-22.2040
3jya,3jya_783,6.460,-12.9180
3jya,3jya_786,5.160,-43.8270
3jya,3jya_787,3.810,-23.9870
3jya,3jya_788,4.970,-36.4230
3jya,3jya_791,7.510,-60.5680
3jya,3jya_793,6.330,-73.9520
3jya,3jya_795,2.970,-41.9590
3jya,3jya_796,6.410,-34.3720
3jya,3jya_797,7.230,-48.9040
3jya,3jya_798,5.330,-81.8100
3gnw,3gnw_580,6.280,-12.5680
3gnw,3gnw_581,9.790,2.3420
3gnw,3gnw_586,8.260,-5.6560
3gnw,3gnw_587,3.680,-6.8970
3gnw,3gnw_597,8.430,6.0900
3gnw,3gnw_634,3.510,-3.7370
3gnw,3gnw_636,7.320,-0.3930
3gnw,3gnw_639,8.530,0.3190
3kgp,3kgp_791,6.080,1.4900
3kgp,3kgp_792,6.070,1.5990
3kgp,3kgp_796,5.360,1.1750
3kgp,3kgp_798,5.890,1.2760
3kgp,3kgp_799,2.570,-2.2750
3kr8,3kr8_419,1.030,4.5630
3kr8,3kr8_422,0.920,6.6030
3kr8,3kr8_428,0.900,6.2640
3kwa,3kwa_499,1.790,1.0010
3kwa,3kwa_525,5.630,-2.9690
3kwa,3kwa_541,1.910,2.4880
3kwa,3kwa_570,5.480,0.2730
3kwa,3kwa_573,5.990,-2.9630
3kwa,3kwa_576,3.640,-3.4020
3kwa,3kwa_600,5.170,-0.4280
3kwa,3kwa_620,5.880,-1.8090
3gnw,3gnw_649,5.700,-3.8130
3gnw,3gnw_659,9.970,-3.5430
3gnw,3gnw_662,5.690,-0.7530
3gnw,3gnw_667,7.240,-2.5640
3gnw,3gnw_668,6.040,-14.7580
3gnw,3gnw_694,7.650,-3.6880
3gnw,3gnw_700,7.800,-11.3730
3gnw,3gnw_708,0.710,11.3500
3gnw,3gnw_712,0.630,12.0420
3gnw,3gnw_714,0.910,9.9550
3gnw,3gnw_718,0.960,10.0150
3gnw,3gnw_722,1.530,8.3090
3gnw,3gnw_729,2.210,6.7730
3gnw,3gnw_745,2.750,8.7660
3gnw,3gnw_779,2.450,2.0380
3gnw,3gnw_802,0.700,11.4870
3jya,3jya_799,6.960,-56.8500
3jya,3jya_865,1.950,7.1500
3jya,3jya_890,6.130,1.0840
3jya,3jya_898,6.280,3.3320
3k5v,3k5v_101,5.220,6.0680
3k5v,3k5v_117,2.650,7.1850
3k5v,3k5v_123,1.640,7.4410
3k5v,3k5v_152,8.280,5.4970
3k5v,3k5v_928,4.120,6.4230
3k5v,3k5v_953,0.990,7.4750
3k5v,3k5v_960,5.300,4.9370
3k5v,3k5v_981,0.930,7.5070
3kgp,3kgp_20,0.990,4.7950
3kgp,3kgp_31,1.000,5.0900
3kgp,3kgp_408,4.440,3.2740
3kgp,3kgp_420,4.700,1.0100
3kr8,3kr8_765,9.020,4.6770
3kr8,3kr8_767,6.170,5.2770
3kr8,3kr8_768,9.620,2.9450
3kr8,3kr8_771,7.820,-3.1640
3kr8,3kr8_772,9.200,3.2970
3kr8,3kr8_776,6.200,-2.1070
3kr8,3kr8_779,9.440,1.7820
3kr8,3kr8_780,8.460,-5.3480
3kr8,3kr8_731,7.790,6.5120
3kr8,3kr8_745,7.090,1.8720
3kr8,3kr8_747,9.380,3.5070
3kr8,3kr8_756,8.710,3.8430
3kr8,3kr8_757,9.990,3.8880
3kr8,3kr8_759,9.830,2.6130
3kr8,3kr8_761,3.690,1.8530
3kr8,3kr8_763,3.880,1.6080
3gnw,3gnw_842,1.280,9.9440
3gnw,3gnw_847,1.840,8.3510
3gnw,3gnw_848,1.260,8.4740
3gnw,3gnw_857,1.380,9.8770
3gnw,3gnw_867,1.190,8.0310
3gnw,3gnw_868,3.520,6.1110
3gnw,3gnw_87,1.440,8.8290
3gnw,3gnw_873,3.170,4.4690
3kr8,3kr8_441,0.950,0.6870
3kr8,3kr8_442,2.000,1.1830
3kr8,3kr8_453,1.000,0.5760
3kr8,3kr8_459,1.740,3.5740
3kr8,3kr8_460,2.480,-1.9140
3kr8,3kr8_470,2.340,1.8480
3kr8,3kr8_475,2.550,-9.3220
3kr8,3kr8_479,6.760,-3.4360
3kr8,3kr8_856,8.580,4.2030
3kr8,3kr8_870,8.060,6.1430
3kr8,3kr8_876,8.040,5.7610
3kr8,3kr8_882,9.150,3.8090
3kr8,3kr8_884,0.560,7.2180
3kr8,3kr8_894,0.620,8.3150
3kr8,3kr8_896,0.930,9.2800
3kr8,3kr8_910,6.980,3.9600
3kr8,3kr8_582,3.420,1.4270
3kr8,3kr8_584,4.030,-5.6250
3kr8,3kr8_585,2.110,1.6580
3kr8,3kr8_595,8.060,5.9390
3kr8,3kr8_598,8.880,5.0890
3kr8,3kr8_609,2.140,6.8210
3kr8,3kr8_617,2.240,2.1060
3kr8,3kr8_619,6.850,2.7390
3kr8,3kr8_781,7.120,-1.1830
3kr8,3kr8_783,4.280,-0.4640
3kr8,3kr8_785,0.680,7.6770
3kr8,3kr8_787,1.170,7.7080
3kr8,3kr8_807,7.870,0.2910
3kr8,3kr8_819,8.540,3.6870
3kr8,3kr8_826,7.350,2.3770
3kr8,3kr8_852,7.990,5.6220
3gnw,3gnw_876,2.860,4.4670
3gnw,3gnw_877,1.720,7.6570
3gnw,3gnw_939,1.430,9.9820
3gnw,3gnw_94,3.960,7.6380
3gnw,3gnw_95,4.310,7.9640
3gnw,3gnw_950,0.790,10.2870
3gnw,3gnw_959,2.540,9.0630
3gnw,3gnw_961,0.810,10.3660
3kr8,3kr8_489,2.070,-5.1950
3kr8,3kr8_492,1.080,-6.8060
3kr8,3kr8_498,1.420,2.5760
3kr8,3kr8_499,0.950,1.2490
3kr8,3kr8_505,0.930,7.6840
3kr8,3kr8_558,1.410,-7.3610
3kr8,3kr8_568,2.080,-0.5710
3kr8,3kr8_579,8.200,5.4110
3kr8,3kr8_674,4.020,1.4890
3kr8,3kr8_683,6.780,2.3030
3kr8,3kr8_690,4.040,-0.3210
3kr8,3kr8_695,4.280,-4.1400
3kr8,3kr8_696,3.580,-0.8550
3kr8,3kr8_699,6.680,-11.1600
3kr8,3kr8_702,2.030,4.9340
3kr8,3kr8_728,9.270,3.4130
3kr8,3kr8_922,9.520,4.4360
3kr8,3kr8_958,6.610,7.6690
3kr8,3kr8_965,7.480,3.7970
3kr8,3kr8_969,7.020,1.0890
3kr8,3kr8_971,6.800,5.9800
3kr8,3kr8_980,6.590,8.4200
3kwa,3kwa_128,1.970,1.7030
3kwa,3kwa_130,1.760,2.9850
3kwa,3kwa_160,1.910,1.9490
3kwa,3kwa_185,1.710,3.0400
3kwa,3kwa_296,4.280,2.2830
3kwa,3kwa_328,1.920,3.7960
3kwa,3kwa_413,2.710,-5.5120
3kwa,3kwa_449,2.530,0.2890
3kwa,3kwa_469,4.060,-0.1210
3kwa,3kwa_49,3.760,2.7430
3kr8,3kr8_640,1.630,-0.8470
3kr8,3kr8_646,2.690,-1.9800
3kr8,3kr8_650,8.020,2.3330
3kr8,3kr8_653,1.430,5.7820
3kr8,3kr8_656,7.010,-0.3670
3kr8,3kr8_658,4.090,-0.3630
3kr8,3kr8_661,3.500,2.3580
3kr8,3kr8_664,1.410,-1.9990
3k5v,3k5v_333,2.610,8.8510
3k5v,3k5v_334,8.800,6.8910
3k5v,3k5v_335,2.700,7.0360
3k5v,3k5v_337,0.980,7.1440
3k5v,3k5v_367,0.820,7.6470
3k5v,3k5v_382,8.690,6.0200
3k5v,3k5v_383,1.910,8.3160
3k5v,3k5v_385,0.630,8.8280
3k5v,3k5v_153,3.090,6.9190
3k5v,3k5v_171,2.720,6.6210
3k5v,3k5v_174,2.550,5.8150
3k5v,3k5v_189,0.920,8.0200
3k5v,3k5v_199,3.400,7.3370
3k5v,3k5v_206,8.420,4.4860
3k5v,3k5v_211,3.410,7.0930
3k5v,3k5v_218,1.170,6.7970
3kwa,3kwa_624,4.110,1.5210
3kwa,3kwa_635,6.180,0.3560
3kwa,3kwa_661,5.530,0.8290
3kwa,3kwa_686,5.290,-0.5590
3kwa,3kwa_694,3.520,-1.4360
3kwa,3kwa_713,3.770,2.4510
3kwa,3kwa_725,2.950,2.8070
3kwa,3kwa_727,5.110,1.9510
3k5v,3k5v_236,1.570,7.5460
3k5v,3k5v_274,2.880,5.3970
3k5v,3k5v_275,4.820,3.9190
3k5v,3k5v_296,3.220,6.0660
3k5v,3k5v_301,2.600,9.1230
3k5v,3k5v_321,0.910,7.2880
3k5v,3k5v_324,1.060,8.2470
3k5v,3k5v_330,1.910,8.6070
3k5v,3k5v_757,9.450,3.3210
3k5v,3k5v_759,5.040,4.3210
3k5v,3k5v_762,8.480,1.2880
3k5v,3k5v_769,6.310,4.0540
3k5v,3k5v_772,8.700,0.8210
3k5v,3k5v_774,7.950,3.0460
3k5v,3k5v_775,8.440,2.3550
3k5v,3k5v_776,9.100,2.0690
3k5v,3k5v_386,0.640,8.5530
3k5v,3k5v_391,7.060,6.9060
3k5v,3k5v_393,0.650,8.6130
3k5v,3k5v_400,0.930,8.1860
3k5v,3k5v_429,8.420,-8.4170
3k5v,3k5v_431,7.930,-9.1550
3k5v,3k5v_433,8.090,-6.0310
3k5v,3k5v_442,3.450,4.5940
3k5v,3k5v_543,4.700,3.5630
3k5v,3k5v_548,3.750,-4.3790
3k5v,3k5v_558,1.610,2.0560
3k5v,3k5v_561,5.100,0.1830
3k5v,3k5v_563,7.560,1.8670
3k5v,3k5v_588,5.080,0.8930
3k5v,3k5v_592,5.130,0.2290
3k5v,3k5v_593,2.560,-2.6690
3k5v,3k5v_810,3.090,4.5720
3k5v,3k5v_842,2.290,5.5600
3k5v,3k5v_843,3.780,5.4110
3k5v,3k5v_851,7.530,5.1220
3k5v,3k5v_852,5.300,5.7720
3k5v,3k5v_866,4.110,4.0880
3k5v,3k5v_886,4.060,4.5560
3k5v,3k5v_891,5.400,5.9830
3k5v,3k5v_456,2.560,-1.6270
3k5v,3k5v_468,4.070,0.1100
3k5v,3k5v_484,4.010,-2.6560
3k5v,3k5v_490,7.540,-6.3770
3k5v,3k5v_493,2.000,0.1560
3k5v,3k5v_498,7.930,-2.3170
3k5v,3k5v_499,3.060,0.3460
3k5v,3k5v_541,6.870,-1.7140
3k5v,3k5v_710,1.540,7.1300
3k5v,3k5v_713,4.430,3.2680
3k5v,3k5v_727,8.730,5.0120
3k5v,3k5v_729,7.410,4.3740
3k5v,3k5v_732,5.990,3.9760
3k5v,3k5v_738,9.990,3.4870
3k5v,3k5v_740,7.690,4.3420
3k5v,3k5v_742,9.670,4.0770
3k5v,3k5v_601,5.240,1.9840
3k5v,3k5v_626,6.680,-0.2490
3k5v,3k5v_630,4.310,5.2140
3k5v,3k5v_640,7.730,-0.1390
3k5v,3k5v_658,4.660,0.5130
3k5v,3k5v_664,1.010,7.0280
3k5v,3k5v_666,3.580,1.2800
3k5v,3k5v_686,6.720,-3.4770
3kwa,3kwa_748,4.220,2.2740
3kwa,3kwa_749,4.150,2.5170
3kwa,3kwa_750,2.650,2.1680
3kwa,3kwa_758,2.380,1.6870
3kwa,3kwa_766,6.090,1.6090
3kwa,3kwa_773,1.940,1.5690
3kwa,3kwa_775,3.670,2.5530
3kwa,3kwa_780,4.380,1.9020
3lka,3lka_258,2.320,-2.3200
3lka,3lka_319,4.870,6.4650
3lka,3lka_373,1.670,5.2990
3lka,3lka_404,1.320,3.7390
3lka,3lka_431,0.940,3.5110
3lka,3lka_435,6.100,3.4300
3lka,3lka_438,2.090,0.2460
3lka,3lka_439,6.850,4.6780
3lka,3lka_443,2.050,1.6800
3lka,3lka_444,2.900,0.0340
3lka,3lka_456,2.000,-3.2090
3lka,3lka_457,0.910,3.3330
3lka,3lka_459,2.280,-1.9740
3lka,3lka_468,2.580,0.8910
3lka,3lka_472,3.850,4.4800
3lka,3lka_477,3.440,4.0880
3kwa,3kwa_782,4.920,2.6380
3kwa,3kwa_792,4.530,2.2410
3kwa,3kwa_794,5.040,1.9720
3kwa,3kwa_799,3.460,2.4710
3kwa,3kwa_801,2.380,2.4080
3kwa,3kwa_804,3.090,2.9250
3kwa,3kwa_810,3.440,2.2890
3kwa,3kwa_817,2.820,2.3670
3lka,3lka_556,0.940,3.5110
3lka,3lka_558,4.800,0.4760
3lka,3lka_559,6.100,0.8700
3lka,3lka_562,0.730,4.4230
3lka,3lka_565,5.730,-4.6090
3lka,3lka_568,4.270,-1.1130
3lka,3lka_582,4.490,-8.6610
3lka,3lka_588,1.330,4.2390
3lka,3lka_485,2.200,1.0780
3lka,3lka_486,0.870,4.2660
3lka,3lka_490,3.120,0.2260
3lka,3lka_491,3.740,4.6530
3lka,3lka_495,1.550,2.4520
3lka,3lka_498,4.670,-2.7290
3lka,3lka_501,5.120,-0.5510
3lka,3lka_505,6.050,0.8500
3lka,3lka_510,1.660,-1.5680
3lka,3lka_515,4.680,-1.5700
3lka,3lka_518,5.090,2.1760
3lka,3lka_521,6.020,1.9110
3lka,3lka_536,3.990,-9.0040
3lka,3lka_541,0.910,3.3330
3lka,3lka_544,1.800,0.6370
3lka,3lka_554,5.680,-1.5380
3kwa,3kwa_823,4.350,1.9450
3kwa,3kwa_833,2.710,2.8470
3kwa,3kwa_852,2.920,3.2590
3kwa,3kwa_872,1.960,1.5670
3kwa,3kwa_876,3.500,3.5720
3kwa,3kwa_883,5.570,1.6590
3kwa,3kwa_936,2.790,2.2340
3kwa,3kwa_942,4.620,2.8320
3lka,3lka_668,0.910,3.3330
3lka,3lka_685,1.700,2.6420
3lka,3lka_735,7.290,1.7940
3lka,3lka_745,3.320,3.1900
3lka,3lka_749,7.370,0.8480
3lka,3lka_752,7.070,2.1360
3lka,3lka_756,7.570,0.6550
3lka,3lka_760,7.120,1.1400
3lka,3lka_764,2.800,-1.1560
3lka,3lka_771,4.980,2.5900
3lka,3lka_772,5.230,2.1290
3lka,3lka_774,3.710,3.6930
3lka,3lka_775,3.950,3.4140
3lka,3lka_777,6.110,3.3850
3lka,3lka_780,6.220,0.4690
3lka,3lka_787,6.540,3.7000
3lka,3lka_593,1.010,3.7070
3lka,3lka_613,4.310,-0.8610
3lka,3lka_627,5.630,-4.1010
3lka,3lka_644,5.020,-2.3550
3lka,3lka_652,2.820,1.7500
3lka,3lka_653,2.090,4.8430
3lka,3lka_660,4.510,0.0970
3lka,3lka_665,0.870,4.2660
3lka,3lka_791,5.630,2.0420
3lka,3lka_792,6.830,2.4260
3lka,3lka_794,6.950,0.6040
3lka,3lka_868,7.240,1.8110
3lka,3lka_870,7.290,1.7940
3lka,3lka_871,8.970,2.8690
3lka,3lka_882,3.380,2.2190
3lka,3lka_884,8.960,2.8900
3lka,3lka_888,7.280,1.6290
3lka,3lka_889,8.950,2.9190
3lka,3lka_893,7.240,2.9800
3lka,3lka_932,4.570,2.8540
3lka,3lka_94,5.440,6.2490
3mss,3mss_101,1.940,6.1140
3mss,3mss_141,2.120,5.7680
3mss,3mss_18,1.980,6.4290
3kwa,3kwa_960,3.920,2.0810
3l7b,3l7b_163,0.690,8.2140
3l7b,3l7b_203,6.070,2.9030
3l7b,3l7b_207,0.910,7.6180
3l7b,3l7b_217,6.050,1.6230
3l7b,3l7b_22,5.670,6.2840
3l7b,3l7b_256,1.310,6.9140
3l7b,3l7b_30,0.510,7.9690
3l7b,3l7b_72,0.890,6.8790
3l7b,3l7b_730,3.980,4.4160
3l7b,3l7b_750,4.230,-1.1530
3l7b,3l7b_844,0.750,6.5420
3l7b,3l7b_9,0.400,7.7080
3l7b,3l7b_93,0.900,8.0440
3lka,3lka_161,1.560,4.6680
3lka,3lka_24,5.360,6.2890
3l7b,3l7b_509,6.940,-5.1770
3l7b,3l7b_521,5.980,1.7030
3l7b,3l7b_523,2.740,4.3740
3l7b,3l7b_526,7.540,-3.5230
3l7b,3l7b_527,2.480,-5.5370
3l7b,3l7b_531,5.490,-2.5880
3l7b,3l7b_542,3.440,-9.3270
3l7b,3l7b_545,2.280,-2.9650
3mss,3mss_448,3.920,-2.4000
3mss,3mss_451,2.580,3.4220
3mss,3mss_458,3.020,-2.1970
3mss,3mss_459,2.870,-4.3180
3mss,3mss_465,3.730,-2.7900
3mss,3mss_466,2.520,-0.5790
3mss,3mss_467,6.570,-3.0100
3mss,3mss_475,3.210,-2.4180
3l7b,3l7b_38,0.420,6.8670
3l7b,3l7b_402,4.140,-0.7010
3l7b,3l7b_416,1.840,2.2940
3l7b,3l7b_426,1.980,5.6310
3l7b,3l7b_439,1.910,-1.0240
3l7b,3l7b_446,2.220,-1.6640
3l7b,3l7b_447,1.290,1.2120
3l7b,3l7b_450,3.970,-4.7360
3l7b,3l7b_550,5.150,-0.6370
3l7b,3l7b_554,6.850,-11.1410
3l7b,3l7b_557,7.970,-6.3930
3l7b,3l7b_560,5.430,-4.7890
3l7b,3l7b_561,1.870,-9.9470
3l7b,3l7b_566,3.100,2.0490
3l7b,3l7b_568,7.100,1.9850
3l7b,3l7b_576,1.770,3.3500
3mss,3mss_197,1.990,5.7700
3mss,3mss_214,9.780,0.8190
3mss,3mss_23,1.970,6.6140
3mss,3mss_239,9.150,3.3230
3mss,3mss_244,7.790,1.6070
3mss,3mss_264,8.810,4.8820
3mss,3mss_3,9.600,6.4890
3mss,3mss_311,2.710,6.5080
3mss,3mss_476,3.610,0.1070
3mss,3mss_487,5.080,-3.2620
3mss,3mss_499,7.500,-4.3890
3mss,3mss_507,6.800,1.8320
3mss,3mss_518,7.090,0.5880
3mss,3mss_522,7.720,-0.7500
3mss,3mss_534,5.170,-0.1750
3mss,3mss_546,2.570,2.7370
3l7b,3l7b_612,2.990,2.0170
3l7b,3l7b_616,4.980,-7.2850
3l7b,3l7b_621,6.140,-0.3570
3l7b,3l7b_627,4.300,-9.6710
3l7b,3l7b_628,3.840,-1.6540
3l7b,3l7b_631,3.600,-1.7440
3l7b,3l7b_633,7.850,5.5910
3l7b,3l7b_638,6.020,-0.0390
3l7b,3l7b_458,1.880,-1.6210
3l7b,3l7b_462,4.450,-5.1290
3l7b,3l7b_463,2.740,-1.2150
3l7b,3l7b_468,3.830,2.5500
3l7b,3l7b_47,0.770,8.3170
3l7b,3l7b_485,2.130,1.1670
3l7b,3l7b_491,1.570,-0.7350
3l7b,3l7b_500,3.030,-3.6500
3l7b,3l7b_578,5.500,-0.4470
3l7b,3l7b_579,6.990,-7.0210
3l7b,3l7b_582,2.430,1.9860
3l7b,3l7b_584,3.190,-12.3150
3l7b,3l7b_586,5.630,4.8500
3l7b,3l7b_588,6.120,-0.4000
3l7b,3l7b_592,4.980,-5.5490
3l7b,3l7b_604,4.890,-0.3880
3l7b,3l7b_643,4.670,-2.1870
3l7b,3l7b_656,4.980,-3.5540
3l7b,3l7b_657,5.300,-5.7790
3l7b,3l7b_658,6.040,-2.2160
3l7b,3l7b_659,3.150,-1.6540
3l7b,3l7b_66,0.820,7.5910
3l7b,3l7b_660,5.890,-2.5140
3l7b,3l7b_665,1.660,0.6360
3l7b,3l7b_683,7.680,-2.8200
3l7b,3l7b_685,9.140,-3.2410
3l7b,3l7b_686,6.160,-7.7240
3l7b,3l7b_687,2.600,-0.7620
3l7b,3l7b_690,2.900,-6.0790
3l7b,3l7b_694,5.150,-2.0520
3l7b,3l7b_696,7.100,1.9750
3l7b,3l7b_719,4.150,3.3320
3mss,3mss_386,9.790,6.5000
3mss,3mss_401,4.740,-5.0080
3mss,3mss_412,4.060,-5.2930
3mss,3mss_424,8.450,-2.9400
3mss,3mss_433,4.970,-9.2190
3mss,3mss_434,8.340,-9.3530
3mss,3mss_443,4.310,-7.1350
3mss,3mss_445,4.450,-7.1960
3mss,3mss_548,2.930,2.9570
3mss,3mss_555,6.640,1.6830
3mss,3mss_561,6.850,3.3690
3mss,3mss_568,7.380,-2.3850
3mss,3mss_571,3.060,0.1450
3mss,3mss_574,6.850,-3.9780
3mss,3mss_576,7.400,-5.2310
3mss,3mss_591,4.320,0.9860
3mss,3mss_621,8.140,1.5390
3mss,3mss_628,3.010,3.2590
3mss,3mss_64,1.800,6.5050
3mss,3mss_653,6.720,-6.1260
3mss,3mss_665,7.130,-5.1230
3mss,3mss_668,4.840,-5.6700
3mss,3mss_669,5.200,-3.4210
3mss,3mss_678,8.600,-8.2790
3mss,3mss_680,3.120,0.9140
3mss,3mss_681,4.060,-1.6960
3mss,3mss_682,3.560,-0.7690
3mss,3mss_684,6.730,-1.5640
3mss,3mss_689,4.280,0.8660
3mss,3mss_697,6.810,-4.2460
3mss,3mss_730,1.810,6.2830
3mss,3mss_737,8.710,2.7100
3mss,3mss_74,2.000,6.5200
3mss,3mss_747,9.340,3.5270
3mss,3mss_757,9.210,3.5230
3mss,3mss_758,7.440,3.8980
3mss,3mss_765,9.980,3.1890
3mss,3mss_79,1.990,6.7450
3mss,3mss_792,8.130,1.0200
3mss,3mss_800,7.960,4.7460
3mss,3mss_812,8.730,5.3190
3mss,3mss_82,9.520,5.8060
3mss,3mss_827,6.480,1.6460
3mss,3mss_836,3.050,5.4580
3mss,3mss_840,7.950,4.7020
3mss,3mss_856,1.970,5.9710
3mss,3mss_869,4.060,2.1540
3mss,3mss_873,2.890,3.4430
3mss,3mss_9,2.610,6.3140
3mss,3mss_94,9.210,5.3700
3mss,3mss_946,8.170,4.6280
3mss,3mss_948,2.580,5.5640
3mss,3mss_952,7.000,4.7920
3mss,3mss_96,2.000,6.4850
3mss,3mss_971,8.810,4.3630
3mss,3mss_974,9.290,4.5070
3n7a,3n7a_569,5.570,3.2940
3n7a,3n7a_574,2.960,-0.5490
3n7a,3n7a_579,4.320,0.2040
3n7a,3n7a_582,4.420,-2.4310
3n7a,3n7a_583,1.970,-0.7470
3n7a,3n7a_584,4.350,0.5330
3n7a,3n7a_637,2.080,-1.4470
3n7a,3n7a_638,3.430,-7.7860
3n7a,3n7a_446,3.430,-2.8340
3n7a,3n7a_459,1.740,1.0230
3n7a,3n7a_488,0.960,-0.1570
3n7a,3n7a_494,3.040,1.6820
3n7a,3n7a_495,1.110,1.2880
3n7a,3n7a_547,4.120,1.5730
3n7a,3n7a_548,3.310,-0.9660
3n7a,3n7a_552,1.060,0.0770
3n7a,3n7a_670,3.390,-1.5430
3n7a,3n7a_7,0.340,6.3600
3n7a,3n7a_734,3.140,3.8590
3n7a,3n7a_736,4.040,3.4840
3n7a,3n7a_738,4.060,3.5880
3n7a,3n7a_740,4.050,3.1040
3n7a,3n7a_745,2.010,4.7330
3n7a,3n7a_747,3.940,3.1570
3n7a,3n7a_752,4.210,2.8940
3n7a,3n7a_760,1.910,5.8680
3n7a,3n7a_767,1.710,2.7470
3n7a,3n7a_768,4.040,3.1300
3n7a,3n7a_771,1.860,4.2810
3n7a,3n7a_774,2.110,0.0520
3n7a,3n7a_775,2.140,3.3280
3n7a,3n7a_776,2.290,3.0410
3n76,3n76_885,0.860,8.3340
3n7a,3n7a_36,0.490,5.0010
3n7a,3n7a_402,0.970,2.5560
3n7a,3n7a_405,0.630,5.9520
3n7a,3n7a_418,2.680,-2.8060
3n7a,3n7a_423,1.290,-8.7550
3n7a,3n7a_428,0.710,3.3200
3n7a,3n7a_437,2.310,-3.4530
3nq9,3nq9_311,7.750,3.0630
3nq9,3nq9_330,7.790,3.3150
3nq9,3nq9_338,7.410,3.7070
3nq9,3nq9_35,1.540,3.4070
3nq9,3nq9_352,5.460,3.0910
3nq9,3nq9_358,6.070,3.2960
3nq9,3nq9_36,9.150,4.2540
3nq9,3nq9_382,5.980,3.0850
3nq9,3nq9_140,4.220,3.1650
3nq9,3nq9_148,7.230,3.7240
3nq9,3nq9_158,6.900,4.0360
3nq9,3nq9_176,5.520,4.0200
3nq9,3nq9_180,3.780,3.4090
3nq9,3nq9_221,6.100,4.0330
3nq9,3nq9_235,5.940,2.0400
3nq9,3nq9_236,8.540,2.7150
3n7a,3n7a_779,3.200,3.1830
3n7a,3n7a_781,1.820,2.0070
3n7a,3n7a_788,3.240,-5.4710
3n7a,3n7a_794,3.000,-1.3810
3n7a,3n7a_795,2.740,0.7850
3n7a,3n7a_797,4.210,-1.1400
3n7a,3n7a_798,3.310,-2.1310
3n7a,3n7a_831,0.470,6.8560
3nq9,3nq9_610,2.350,1.7990
3nq9,3nq9_620,2.160,2.6940
3nq9,3nq9_626,4.740,1.9330
3nq9,3nq9_639,3.020,2.3590
3nq9,3nq9_64,8.630,4.1590
3nq9,3nq9_651,5.320,1.2990
3nq9,3nq9_662,2.100,1.6740
3nq9,3nq9_664,5.630,1.7610
3nq9,3nq9_386,6.190,3.4760
3nq9,3nq9_389,6.020,3.2810
3nq9,3nq9_401,7.040,2.7000
3nq9,3nq9_410,5.750,2.2950
3nq9,3nq9_412,7.140,1.9860
3nq9,3nq9_413,6.850,2.2240
3nq9,3nq9_415,5.060,1.9280
3nq9,3nq9_420,6.490,2.5310
3nq9,3nq9_671,1.810,1.8130
3nq9,3nq9_685,1.560,1.4430
3nq9,3nq9_696,5.020,2.9980
3nq9,3nq9_700,2.590,1.8490
3nq9,3nq9_703,8.510,2.0870
3nq9,3nq9_706,7.190,1.4010
3nq9,3nq9_726,2.780,3.2400
3nq9,3nq9_770,3.980,0.7760
3nq9,3nq9_470,1.370,3.1770
3nq9,3nq9_472,2.600,1.1760
3nq9,3nq9_473,1.470,1.2220
3nq9,3nq9_474,2.210,3.1200
3nq9,3nq9_492,1.580,0.2440
3nq9,3nq9_507,1.490,3.1570
3nq9,3nq9_513,4.450,2.3370
3nq9,3nq9_526,1.530,2.6520
3nq9,3nq9_528,3.740,2.7320
3nq9,3nq9_550,4.620,3.0630
3nq9,3nq9_553,3.950,2.9470
3nq9,3nq9_556,3.730,2.6230
3nq9,3nq9_560,1.260,1.3530
3nq9,3nq9_568,4.610,1.4680
3nq9,3nq9_574,4.010,2.7640
3nq9,3nq9_605,1.350,1.3550
3nq9,3nq9_246,8.610,2.8950
3nq9,3nq9_25,7.660,3.9470
3nq9,3nq9_259,9.460,2.1030
3nq9,3nq9_270,9.410,2.9650
3nq9,3nq9_273,6.120,1.9440
3nq9,3nq9_282,9.430,2.9720
3nq9,3nq9_298,9.480,2.5550
3nq9,3nq9_310,7.630,3.5150
3nq9,3nq9_781,2.600,2.4220
3nq9,3nq9_784,2.330,1.9620
3nq9,3nq9_785,4.720,1.5580
3nq9,3nq9_801,8.550,2.6800
3nq9,3nq9_805,8.500,1.8310
3nq9,3nq9_83,4.610,3.4260
3nq9,3nq9_837,3.140,2.7340
3nq9,3nq9_869,3.750,2.5440
3nq9,3nq9_894,3.410,1.5700
3nq9,3nq9_899,8.480,2.2670
3nq9,3nq9_905,8.420,0.7700
3nq9,3nq9_916,7.220,1.9100
3nq9,3nq9_92,8.340,3.8330
3nq9,3nq9_948,5.050,3.0200
3nq9,3nq9_96,9.140,4.1040
3nq9,3nq9_97,2.060,3.4030
3n76,3n76_406,6.590,-4.1340
3n76,3n76_407,0.890,4.2320
3n76,3n76_419,2.860,2.5340
3n76,3n76_429,6.950,-0.1250
3n76,3n76_432,6.750,-4.8960
3n76,3n76_440,6.850,-0.4500
3n76,3n76_441,2.830,-2.3540
3n76,3n76_455,7.030,-5.9710
3n76,3n76_459,7.150,2.8470
3n76,3n76_463,6.950,-1.5980
3n76,3n76_466,0.790,-2.9850
3n76,3n76_470,7.460,-2.1320
3n76,3n76_476,2.110,0.1630
3n76,3n76_480,6.790,2.4680
3n76,3n76_483,6.800,-3.6450
3n76,3n76_484,7.060,-2.3170
3n76,3n76_486,2.210,2.0070
3n76,3n76_488,7.410,-5.4360
3n76,3n76_491,6.790,-1.7570
3n76,3n76_494,6.920,3.9060
3n76,3n76_526,1.700,-1.2880
3n76,3n76_527,1.190,-0.2820
3n76,3n76_539,1.250,-2.4840
3n76,3n76_552,3.310,0.3130
3n76,3n76_558,2.880,-5.4150
3n76,3n76_574,1.380,-4.1940
3n76,3n76_577,2.880,-3.9710
3n76,3n76_578,1.340,-5.0520
3n76,3n76_580,1.960,-8.0280
3n76,3n76_585,3.090,-0.8560
3n76,3n76_586,2.150,-1.2120
3n76,3n76_587,3.020,-7.1670
3n76,3n76_594,1.860,-10.7860
3n76,3n76_606,2.600,-2.5600
3n76,3n76_620,3.450,-8.9860
3n76,3n76_630,3.090,-0.4870
3n76,3n76_632,7.480,-0.7130
3n76,3n76_633,7.100,-2.9540
3n76,3n76_641,5.870,1.8820
3n76,3n76_642,3.050,-3.0840
3n76,3n76_728,1.300,8.6050
3n76,3n76_737,1.010,8.6150
3n76,3n76_749,0.540,9.0000
3n76,3n76_758,1.260,9.5570
3n76,3n76_760,0.780,9.2280
3n76,3n76_782,2.090,6.6860
3n76,3n76_878,0.880,8.4960
3n76,3n76_884,0.840,9.0940
3n76,3n76_662,3.070,-6.9750
3n76,3n76_665,3.130,-3.5280
3n76,3n76_676,3.060,-2.1620
3n76,3n76_689,7.230,-9.6140
3n76,3n76_692,6.840,-2.1120
3n76,3n76_693,3.190,-2.7180
3n76,3n76_695,7.130,-2.8230
3n76,3n76_700,2.350,-4.7190
3myg,3myg_435,5.160,-18.2870
3myg,3myg_438,5.940,-2.6820
3myg,3myg_447,6.730,-7.5760
3myg,3myg_456,7.430,-4.8250
3myg,3myg_459,5.660,-8.2370
3myg,3myg_462,6.330,-3.1170
3myg,3myg_463,6.850,-5.8030
3myg,3myg_470,5.310,-5.2820
3myg,3myg_526,4.190,3.9870
3myg,3myg_542,2.900,-3.5270
3myg,3myg_548,1.360,3.7190
3myg,3myg_550,4.170,4.0400
3myg,3myg_551,4.790,3.6710
3myg,3myg_561,6.510,-9.5490
3myg,3myg_574,6.300,-1.0580
3myg,3myg_577,5.610,3.6460
3myg,3myg_225,1.290,6.7210
3myg,3myg_31,8.850,5.9870
3myg,3myg_333,0.910,7.9510
3myg,3myg_370,7.270,6.4270
3myg,3myg_407,7.540,-5.2410
3myg,3myg_410,6.910,2.2690
3myg,3myg_422,6.880,-5.4770
3myg,3myg_427,6.800,0.1970
3myg,3myg_472,7.960,-10.0300
3myg,3myg_475,2.540,-1.8410
3myg,3myg_476,7.540,-2.5740
3myg,3myg_480,4.430,-10.9390
3myg,3myg_483,5.300,-8.9920
3myg,3myg_498,5.680,-9.0450
3myg,3myg_500,3.040,-1.7970
3myg,3myg_504,5.060,1.3240
3myg,3myg_729,0.920,5.4330
3myg,3myg_733,0.980,6.1840
3myg,3myg_737,0.900,5.4330
3myg,3myg_741,2.950,5.5180
3myg,3myg_743,1.700,6.1760
3myg,3myg_745,4.290,3.4630
3myg,3myg_756,4.870,3.7820
3myg,3myg_761,2.290,5.4810
3myg,3myg_582,7.510,-1.1980
3myg,3myg_588,4.120,0.0670
3myg,3myg_589,4.160,-4.6900
3myg,3myg_591,3.470,4.0600
3myg,3myg_600,6.320,0.7050
3myg,3myg_613,4.740,3.1200
3myg,3myg_644,2.550,1.7360
3myg,3myg_665,7.860,-7.4800
3myg,3myg_104,8.320,4.6870
3myg,3myg_110,9.280,5.9380
3myg,3myg_115,4.640,5.4560
3myg,3myg_140,0.810,6.8290
3myg,3myg_159,9.360,5.0930
3myg,3myg_162,9.040,5.3820
3myg,3myg_181,9.390,5.9990
3myg,3myg_198,9.170,5.9380
3n7a,3n7a_840,0.520,6.2900
3n7a,3n7a_897,0.750,6.0470
3n7a,3n7a_955,0.210,7.4260
3n7a,3n7a_993,1.360,6.8460
3n86,3n86_265,0.320,10.5910
3n86,3n86_404,7.720,-1.1450
3n86,3n86_405,0.900,5.4510
3n86,3n86_412,8.080,-1.9950
3myg,3myg_762,3.850,5.0080
3myg,3myg_764,8.910,1.9100
3myg,3myg_767,3.030,4.1690
3myg,3myg_768,7.590,3.7260
3myg,3myg_769,5.980,4.1690
3myg,3myg_780,3.950,5.7970
3myg,3myg_782,8.770,1.6600
3myg,3myg_783,9.880,3.1770
3myg,3myg_667,5.040,0.3670
3myg,3myg_684,6.180,0.4450
3myg,3myg_693,1.590,-0.4000
3myg,3myg_695,7.220,-3.8080
3myg,3myg_699,3.640,-2.4060
3myg,3myg_703,2.100,5.6680
3myg,3myg_714,0.680,5.9310
3myg,3myg_725,0.690,5.9520
3myg,3myg_850,2.200,4.9890
3myg,3myg_867,8.000,6.1150
3myg,3myg_875,3.510,4.3770
3myg,3myg_882,8.610,2.9230
3myg,3myg_884,9.830,3.0100
3myg,3myg_886,8.140,6.1160
3myg,3myg_887,8.710,2.5160
3myg,3myg_890,3.350,6.1580
3myg,3myg_965,2.040,5.2310
3myg,3myg_974,8.540,4.7460
3myg,3myg_980,1.840,4.8290
3myg,3myg_994,3.340,5.4410
3n76,3n76_219,0.990,9.2370
3n76,3n76_261,0.730,9.1550
3n76,3n76_279,0.770,9.5600
3n76,3n76_403,7.090,-0.3760
3n86,3n86_861,0.900,9.2860
3n86,3n86_870,0.870,9.0520
3n86,3n86_878,0.810,9.8600
3n86,3n86_99,0.220,10.8310
3nq9,3nq9_103,6.060,3.6410
3nq9,3nq9_112,4.000,3.1570
3nq9,3nq9_117,6.520,4.0000
3nq9,3nq9_134,4.840,3.7150
3myg,3myg_784,9.070,3.2220
3myg,3myg_788,9.170,0.5330
3myg,3myg_792,9.370,2.2550
3myg,3myg_794,8.450,3.7440
3myg,3myg_803,2.080,6.6710
3myg,3myg_840,1.280,6.4850
3myg,3myg_841,8.450,5.3610
3myg,3myg_846,2.600,5.5490
3n86,3n86_419,7.710,-4.8770
3n86,3n86_420,8.070,1.6760
3n86,3n86_424,8.320,-7.0710
3n86,3n86_430,1.480,-4.5360
3n86,3n86_432,7.970,-1.6990
3n86,3n86_433,8.100,-0.1200
3n86,3n86_436,8.160,-0.8020
3n86,3n86_438,1.620,-6.3210
3myg,3myg_894,3.210,4.2570
3myg,3myg_900,1.660,6.6780
3myg,3myg_902,0.880,6.5140
3myg,3myg_905,0.820,6.6790
3myg,3myg_913,0.890,6.8010
3myg,3myg_923,1.140,6.4110
3myg,3myg_925,1.930,6.4470
3myg,3myg_947,1.120,5.6200
3n86,3n86_443,1.750,-0.1820
3n86,3n86_451,2.600,1.0300
3n86,3n86_460,7.940,-8.0260
3n86,3n86_462,1.960,-1.2030
3n86,3n86_465,8.040,-0.4560
3n86,3n86_467,1.360,-1.5570
3n86,3n86_468,0.980,0.9130
3n86,3n86_472,2.270,-6.7470
3n86,3n86_475,7.810,-1.4770
3n86,3n86_477,2.840,-4.6050
3n86,3n86_480,1.620,-12.2990
3n86,3n86_483,8.320,-11.8610
3n86,3n86_485,2.110,-3.4250
3n86,3n86_486,7.560,-7.3550
3n86,3n86_487,7.790,-6.9370
3n86,3n86_491,7.080,-5.2750
3n86,3n86_500,7.670,-6.1870
3n86,3n86_509,1.480,-3.0980
3n86,3n86_531,1.450,-5.6810
3n86,3n86_532,2.240,-5.1930
3n86,3n86_54,0.250,10.3130
3n86,3n86_557,2.460,-0.9930
3n86,3n86_563,1.940,-8.9930
3n86,3n86_574,3.520,-7.1730
3n86,3n86_586,2.840,-6.8290
3n86,3n86_595,3.630,-5.0370
3n86,3n86_596,1.700,-7.4790
3n86,3n86_610,3.050,-3.2870
3n86,3n86_639,8.070,1.6760
3n86,3n86_657,3.240,-8.6830
3n86,3n86_662,7.990,-4.2950
3n86,3n86_664,3.630,-5.0370
3n86,3n86_665,2.940,-8.3170
3n86,3n86_666,2.720,-5.1080
3n86,3n86_674,2.480,-7.7480
3n86,3n86_676,8.160,-0.8020
3n86,3n86_680,8.040,-0.4560
3n86,3n86_690,3.040,-4.9750
3n86,3n86_768,0.860,8.2810
3n86,3n86_859,0.310,9.8320
3nx7,3nx7_15,0.970,5.5790
3nx7,3nx7_234,3.210,-0.0180
3nx7,3nx7_239,0.700,3.8450
3nx7,3nx7_245,1.600,2.9380
3nx7,3nx7_262,2.660,0.9710
3nx7,3nx7_280,2.440,1.3140
3nx7,3nx7_283,2.520,-1.5240
3nx7,3nx7_287,0.860,3.1620
3nx7,3nx7_299,0.960,3.0030
3nx7,3nx7_320,2.490,5.9900
3nx7,3nx7_359,2.720,6.0940
3nx7,3nx7_36,0.730,5.7210
3nx7,3nx7_383,0.710,6.1480
3nx7,3nx7_388,1.670,6.0780
3nx7,3nx7_39,0.930,5.8440
3nx7,3nx7_404,5.890,2.1460
3nx7,3nx7_459,5.390,-8.2410
3nx7,3nx7_46,1.110,5.4340
3nx7,3nx7_479,4.270,-6.9210
3nx7,3nx7_480,3.500,3.4360
3nx7,3nx7_489,6.080,-1.8650
3nx7,3nx7_495,6.080,-2.6270
3nx7,3nx7_496,3.060,-0.8930
3nx7,3nx7_511,3.930,-4.0910
3nx7,3nx7_405,6.840,-0.8670
3nx7,3nx7_416,7.480,-2.6550
3nx7,3nx7_42,1.220,5.6730
3nx7,3nx7_424,5.390,0.8300
3nx7,3nx7_426,5.780,-2.8840
3nx7,3nx7_427,6.790,-1.9780
3nx7,3nx7_440,1.940,1.1400
3nx7,3nx7_451,6.710,-1.2110
3nx7,3nx7_630,4.650,2.0830
3nx7,3nx7_651,4.460,0.3870
3nx7,3nx7_652,5.510,0.2150
3nx7,3nx7_654,4.440,3.3390
3nx7,3nx7_660,2.380,-1.3020
3nx7,3nx7_667,7.110,-4.3950
3nx7,3nx7_668,2.160,-0.7450
3nx7,3nx7_670,6.770,-0.7240
3nx7,3nx7_52,1.070,5.4660
3nx7,3nx7_524,4.390,1.8820
3nx7,3nx7_535,2.080,-3.5610
3nx7,3nx7_544,3.630,-9.8590
3nx7,3nx7_555,3.980,-1.3870
3nx7,3nx7_567,3.990,-2.2400
3nx7,3nx7_582,5.230,0.7640
3nx7,3nx7_583,5.100,-4.0070
3nx7,3nx7_676,5.870,-2.9830
3nx7,3nx7_688,7.770,-1.9770
3nx7,3nx7_74,0.600,4.4490
3nx7,3nx7_756,4.460,2.6470
3nx7,3nx7_762,3.760,1.6760
3nx7,3nx7_778,0.990,4.1820
3nx7,3nx7_787,4.400,3.4770
3nx7,3nx7_792,5.310,2.5840
3nx7,3nx7_591,5.190,2.7090
3nx7,3nx7_605,6.380,-4.8270
3nx7,3nx7_607,7.180,4.7320
3nx7,3nx7_614,4.030,-5.9650
3nx7,3nx7_619,6.590,2.6620
3nx7,3nx7_622,2.310,1.5730
3nx7,3nx7_623,3.210,0.0900
3nx7,3nx7_625,3.910,-3.9850
3nq9,3nq9_977,8.530,1.6770
3nq9,3nq9_981,4.260,2.2220
3nw9,3nw9_105,5.370,5.0390
3nw9,3nw9_123,5.800,3.9040
3nw9,3nw9_124,8.610,5.5590
3nw9,3nw9_134,7.930,5.7040
3nw9,3nw9_140,8.470,6.9510
3nw9,3nw9_142,8.240,6.4440
3nx7,3nx7_795,4.800,2.8360
3nx7,3nx7_796,4.480,4.3070
3nx7,3nx7_854,1.920,2.7260
3nx7,3nx7_885,2.250,-0.3090
3nx7,3nx7_889,1.780,3.4020
3nx7,3nx7_969,0.980,2.8970
3o9i,3o9i_12,0.910,8.5870
3o9i,3o9i_130,6.290,5.8470
3nw9,3nw9_833,0.740,9.1390
3nw9,3nw9_945,0.530,9.7580
3nw9,3nw9_951,0.650,9.9690
3nw9,3nw9_964,1.060,9.2390
3nw9,3nw9_975,1.010,8.2180
3nw9,3nw9_988,1.900,6.2400
3nx7,3nx7_139,1.810,5.4530
3nx7,3nx7_148,1.510,5.2470
3nw9,3nw9_149,6.220,4.8110
3nw9,3nw9_151,9.540,4.6290
3nw9,3nw9_153,1.250,7.8710
3nw9,3nw9_159,6.820,6.8540
3nw9,3nw9_162,9.400,6.5460
3nw9,3nw9_163,8.980,6.2180
3nw9,3nw9_166,4.190,7.6470
3nw9,3nw9_172,0.930,6.3680
3nw9,3nw9_433,2.370,-0.8010
3nw9,3nw9_435,1.970,-27.0720
3nw9,3nw9_437,1.760,-23.9720
3nw9,3nw9_438,1.670,-15.5960
3nw9,3nw9_441,7.890,-5.3240
3nw9,3nw9_444,4.460,-29.5710
3nw9,3nw9_446,5.050,-39.3440
3nw9,3nw9_455,4.750,-45.4340
3nw9,3nw9_466,2.390,-15.9510
3nw9,3nw9_471,3.830,-27.2040
3nw9,3nw9_473,4.140,-38.0910
3nw9,3nw9_479,3.460,-5.3000
3nw9,3nw9_491,3.700,-6.7330
3nw9,3nw9_497,3.080,-12.9560
3nw9,3nw9_506,2.840,-10.1290
3nw9,3nw9_511,7.970,-2.6570
3nw9,3nw9_594,3.510,-10.5630
3nw9,3nw9_596,2.900,-21.9510
3nw9,3nw9_598,7.900,-6.8850
3nw9,3nw9_599,7.380,-14.9550
3nw9,3nw9_607,7.930,-6.4160
3nw9,3nw9_609,7.360,-4.5170
3nw9,3nw9_613,9.550,-1.2150
3nw9,3nw9_614,1.830,-23.8410
3nw9,3nw9_240,0.500,8.2250
3nw9,3nw9_26,3.800,7.9600
3nw9,3nw9_263,0.930,6.5860
3nw9,3nw9_264,0.440,9.5110
3nw9,3nw9_315,6.280,5.3470
3nw9,3nw9_329,1.110,10.0900
3nw9,3nw9_348,5.570,8.6580
3nw9,3nw9_355,9.550,6.8850
3nw9,3nw9_176,8.440,5.3810
3nw9,3nw9_183,7.290,5.9970
3nw9,3nw9_190,9.490,7.1280
3nw9,3nw9_20,7.860,7.6470
3nw9,3nw9_204,4.850,0.4540
3nw9,3nw9_210,0.810,6.5970
3nw9,3nw9_212,0.630,8.4180
3nw9,3nw9_239,2.880,-1.2820
3nw9,3nw9_518,9.190,1.7810
3nw9,3nw9_534,9.310,3.7430
3nw9,3nw9_538,5.710,-10.5330
3nw9,3nw9_541,5.750,-8.5170
3nw9,3nw9_545,5.080,-8.1100
3nw9,3nw9_551,8.790,-17.4860
3nw9,3nw9_583,4.820,-12.1830
3nw9,3nw9_593,8.460,-8.7960
3nw9,3nw9_398,6.430,7.5140
3nw9,3nw9_399,9.100,7.8060
3nw9,3nw9_401,3.850,-28.3800
3nw9,3nw9_406,9.070,-19.1300
3nw9,3nw9_409,3.350,-26.3690
3nw9,3nw9_414,4.370,-30.2700
3nw9,3nw9_423,8.560,-33.2900
3nw9,3nw9_427,2.410,-35.7140
3nw9,3nw9_621,6.240,-0.6100
3nw9,3nw9_629,6.650,-7.4750
3nw9,3nw9_640,5.520,-15.5310
3nw9,3nw9_641,6.160,-17.9520
3nw9,3nw9_651,6.900,-12.9880
3nw9,3nw9_653,8.720,-5.6860
3nw9,3nw9_656,9.030,-9.9270
3nw9,3nw9_657,8.290,0.0950
3nw9,3nw9_739,2.920,7.4500
3nw9,3nw9_749,1.950,5.8440
3nw9,3nw9_755,4.340,6.3850
3nw9,3nw9_757,3.860,4.2770
3nw9,3nw9_76,6.050,8.1200
3nw9,3nw9_766,2.340,4.8630
3nw9,3nw9_785,4.250,2.4050
3nw9,3nw9_786,3.050,4.4170
3nw9,3nw9_671,2.830,-17.5150
3nw9,3nw9_685,6.950,-0.2530
3nw9,3nw9_688,4.450,-7.6160
3nw9,3nw9_70,0.540,10.0950
3nw9,3nw9_700,7.470,-9.5550
3nw9,3nw9_710,5.400,6.4880
3nw9,3nw9_715,2.260,6.3920
3nw9,3nw9_734,5.410,7.0250
3o9i,3o9i_409,2.860,-6.4430
3o9i,3o9i_415,4.960,-25.2380
3o9i,3o9i_417,5.110,-15.3790
3o9i,3o9i_42,9.120,5.6970
3o9i,3o9i_424,6.540,-25.9940
3o9i,3o9i_435,2.800,-14.0020
3o9i,3o9i_452,5.500,-7.7890
3o9i,3o9i_454,7.720,-0.9110
3o9i,3o9i_557,7.470,-2.4960
3o9i,3o9i_569,3.040,-15.2090
3o9i,3o9i_574,6.590,-15.4050
3o9i,3o9i_585,7.950,-11.3040
3o9i,3o9i_59,9.690,3.8030
3o9i,3o9i_600,7.430,-5.9590
3o9i,3o9i_607,7.710,-0.3450
3o9i,3o9i_617,9.630,-1.0720
3o9i,3o9i_624,9.330,-4.5520
3o9i,3o9i_661,8.070,-1.5180
3o9i,3o9i_674,7.400,-14.4320
3o9i,3o9i_675,3.170,-10.4890
3o9i,3o9i_678,9.010,-5.1020
3o9i,3o9i_687,9.180,-7.9660
3o9i,3o9i_692,8.290,-6.7100
3o9i,3o9i_714,5.240,5.6490
3o9i,3o9i_340,6.710,6.5610
3o9i,3o9i_358,9.920,5.2360
3o9i,3o9i_359,0.880,8.7860
3o9i,3o9i_38,0.680,7.7750
3o9i,3o9i_402,1.950,-14.5130
3o9i,3o9i_403,1.990,-2.2270
3o9i,3o9i_407,1.820,-0.6430
3o9i,3o9i_408,2.150,-19.8600
3oe4,3oe4_119,7.420,3.3410
3oe4,3oe4_12,4.450,5.8030
3oe4,3oe4_120,8.960,3.1410
3oe4,3oe4_131,9.530,5.9950
3oe4,3oe4_136,8.970,6.0790
3oe4,3oe4_137,1.040,1.9120
3oe4,3oe4_158,6.910,3.0130
3oe4,3oe4_161,5.230,2.8590
3o9i,3o9i_496,3.420,-3.0990
3o9i,3o9i_500,7.050,-25.6260
3o9i,3o9i_505,8.640,-2.6090
3o9i,3o9i_509,8.950,-7.0680
3o9i,3o9i_525,8.720,-9.5460
3o9i,3o9i_535,7.770,-5.2330
3o9i,3o9i_539,8.620,-5.4120
3o9i,3o9i_546,3.580,-12.3470
3oe4,3oe4_17,6.230,5.2600
3oe4,3oe4_180,8.490,1.3820
3oe4,3oe4_189,6.180,5.2760
3oe4,3oe4_20,1.330,4.4290
3oe4,3oe4_203,0.470,4.3240
3oe4,3oe4_224,5.810,-4.1460
3oe4,3oe4_237,0.830,5.3620
3oe4,3oe4_279,7.620,-11.5140
3oe4,3oe4_518,3.760,-20.4650
3oe4,3oe4_522,1.960,-8.7810
3oe4,3oe4_525,3.300,-12.9310
3oe4,3oe4_528,7.190,3.2030
3oe4,3oe4_531,3.420,-13.8470
3oe4,3oe4_544,6.420,1.1350
3oe4,3oe4_546,3.320,-14.1930
3oe4,3oe4_551,3.310,-19.0250
3oe4,3oe4_283,6.780,-11.8510
3oe4,3oe4_285,1.000,3.7870
3oe4,3oe4_288,6.780,-4.5170
3oe4,3oe4_29,4.610,6.4910
3oe4,3oe4_291,3.820,-9.0960
3oe4,3oe4_292,0.340,7.9050
3oe4,3oe4_305,8.290,5.7180
3oe4,3oe4_312,0.470,9.7980
3oe4,3oe4_314,0.920,5.0120
3oe4,3oe4_324,8.210,3.8250
3oe4,3oe4_328,0.420,8.1700
3oe4,3oe4_34,2.340,6.1380
3oe4,3oe4_340,7.580,6.1250
3oe4,3oe4_374,9.080,5.8690
3oe4,3oe4_38,7.020,3.1720
3oe4,3oe4_404,7.010,-28.5670
3o9i,3o9i_222,0.930,7.1500
3o9i,3o9i_227,0.790,8.5290
3o9i,3o9i_228,5.730,4.7750
3o9i,3o9i_229,4.790,5.2160
3o9i,3o9i_234,3.730,5.6550
3o9i,3o9i_243,5.350,2.4040
3o9i,3o9i_246,3.990,5.9060
3o9i,3o9i_249,1.380,6.8970
3oe4,3oe4_458,1.940,-30.1620
3oe4,3oe4_468,4.780,-25.3490
3oe4,3oe4_470,2.240,-33.7780
3oe4,3oe4_478,1.950,-27.9280
3oe4,3oe4_486,1.900,-28.4220
3oe4,3oe4_500,2.130,-18.1010
3oe4,3oe4_506,2.000,-12.6630
3oe4,3oe4_509,3.140,-2.1610
3o9i,3o9i_135,4.070,6.6940
3o9i,3o9i_141,5.390,3.4360
3o9i,3o9i_164,1.000,7.5650
3o9i,3o9i_178,9.850,5.5760
3o9i,3o9i_201,3.480,5.5530
3o9i,3o9i_213,0.960,7.4820
3o9i,3o9i_215,6.400,5.9840
3o9i,3o9i_219,4.220,2.7010
3oe4,3oe4_597,5.140,-9.8390
3oe4,3oe4_61,5.180,3.9110
3oe4,3oe4_611,9.940,-1.1210
3oe4,3oe4_615,1.370,-23.5110
3oe4,3oe4_66,4.970,4.0960
3oe4,3oe4_665,5.710,-9.3890
3oe4,3oe4_667,2.880,-19.8770
3oe4,3oe4_670,4.970,-5.4960
3oe4,3oe4_557,5.200,-12.3690
3oe4,3oe4_558,4.280,-6.0230
3oe4,3oe4_561,8.010,1.6280
3oe4,3oe4_562,2.520,-13.6220
3oe4,3oe4_57,8.550,4.8170
3oe4,3oe4_573,3.360,-10.5670
3oe4,3oe4_574,2.780,-24.1440
3oe4,3oe4_578,7.650,-9.3700
3o9i,3o9i_253,3.810,4.4000
3o9i,3o9i_255,1.920,6.0790
3o9i,3o9i_256,0.580,7.6860
3o9i,3o9i_257,2.110,5.4340
3o9i,3o9i_26,9.110,5.4520
3o9i,3o9i_260,5.620,6.6210
3o9i,3o9i_270,6.020,6.6990
3o9i,3o9i_274,2.020,4.7550
3o9i,3o9i_907,1.360,6.8180
3o9i,3o9i_96,9.200,4.8270
3oe4,3oe4_1,6.890,2.8260
3oe4,3oe4_105,7.390,4.9710
3oe4,3oe4_109,6.070,-18.1440
3oe4,3oe4_113,8.030,3.2430
3oe4,3oe4_114,0.720,5.9120
3oe4,3oe4_118,9.970,4.9300
3oe4,3oe4_690,8.200,-25.4190
3oe4,3oe4_70,0.870,9.3120
3oe4,3oe4_74,0.840,7.4270
3oe4,3oe4_745,2.670,5.9890
3oe4,3oe4_767,5.230,4.1970
3oe4,3oe4_780,7.790,0.3760
3oe4,3oe4_781,9.360,4.3630
3oe4,3oe4_793,9.220,3.3860
3oe4,3oe4_409,3.550,-23.7220
3oe4,3oe4_410,4.550,-28.6470
3oe4,3oe4_413,6.540,-13.5480
3oe4,3oe4_431,2.190,-31.2910
3oe4,3oe4_438,6.310,-25.8540
3oe4,3oe4_446,5.490,-16.2500
3oe4,3oe4_453,5.150,-34.5620
3oe4,3oe4_457,1.740,-16.5220
3oe4,3oe4_795,9.220,3.3900
3oe4,3oe4_796,8.930,4.3880
3oe4,3oe4_797,9.050,3.1750
3oe4,3oe4_82,1.090,8.0720
3oe4,3oe4_820,4.450,-0.5820
3oe4,3oe4_831,3.910,5.9860
3oe4,3oe4_85,5.630,6.4090
3oe4,3oe4_89,7.870,5.3200
3o9i,3o9i_459,4.630,-13.3100
3o9i,3o9i_461,4.440,-11.5540
3o9i,3o9i_466,4.370,-20.3590
3o9i,3o9i_467,2.260,-24.2110
3o9i,3o9i_469,2.210,-7.7780
3o9i,3o9i_479,3.990,-4.0610
3o9i,3o9i_487,2.810,-18.7480
3o9i,3o9i_495,4.820,-25.7020
3o9i,3o9i_275,1.350,7.5920
3o9i,3o9i_276,1.840,6.8150
3o9i,3o9i_28,8.780,5.4930
3o9i,3o9i_283,4.800,1.7310
3o9i,3o9i_284,3.730,5.2410
3o9i,3o9i_286,2.070,4.4000
3o9i,3o9i_288,5.220,4.2790
3o9i,3o9i_29,1.720,8.1020
3oe5,3oe5_162,9.210,5.4240
3oe5,3oe5_164,5.960,2.6920
3oe5,3oe5_197,7.530,4.3160
3oe5,3oe5_198,7.310,6.1650
3oe5,3oe5_199,3.840,4.7780
3oe5,3oe5_2,9.150,4.6590
3oe5,3oe5_203,0.700,5.0530
3oe5,3oe5_214,2.730,-1.3510
3oe5,3oe5_124,6.250,5.6800
3oe5,3oe5_132,1.320,3.8420
3oe5,3oe5_134,9.290,5.5780
3oe5,3oe5_145,6.730,2.1310
3oe5,3oe5_148,4.260,4.0960
3oe5,3oe5_15,1.430,6.8790
3oe5,3oe5_156,8.180,1.5490
3oe5,3oe5_161,7.280,3.0360
3oe5,3oe5_261,0.700,6.8930
3oe5,3oe5_263,6.990,-11.3720
3oe5,3oe5_266,0.670,8.0120
3oe5,3oe5_274,5.190,0.4520
3oe5,3oe5_286,5.210,0.8580
3oe5,3oe5_289,2.030,3.9340
3oe5,3oe5_29,8.960,3.9790
3oe5,3oe5_290,4.890,4.3590
3o9i,3o9i_292,4.660,5.1350
3o9i,3o9i_294,2.040,3.8550
3o9i,3o9i_295,6.610,4.6840
3o9i,3o9i_298,6.140,4.4040
3o9i,3o9i_30,0.920,8.1560
3o9i,3o9i_303,0.590,9.2390
3o9i,3o9i_314,7.810,6.2960
3o9i,3o9i_318,6.350,7.3350
3oe5,3oe5_30,0.570,8.4030
3oe5,3oe5_301,5.560,6.2220
3oe5,3oe5_325,8.460,4.6750
3oe5,3oe5_329,0.850,4.8270
3oe5,3oe5_332,7.290,1.1760
3oe5,3oe5_342,8.200,5.1010
3oe5,3oe5_352,0.820,8.6670
3oe5,3oe5_356,0.510,8.5750
3oe5,3oe5_217,1.710,4.0370
3oe5,3oe5_227,1.280,3.7500
3oe5,3oe5_236,0.420,6.6520
3oe5,3oe5_243,4.790,-0.5550
3oe5,3oe5_245,7.310,-6.0000
3oe5,3oe5_248,4.620,-2.1200
3oe5,3oe5_250,0.930,5.1000
3oe5,3oe5_26,9.070,4.5370
3oe4,3oe4_924,4.470,7.0490
3oe4,3oe4_972,2.950,5.8210
3oe4,3oe4_992,2.210,7.4220
3oe4,3oe4_996,4.880,5.8290
3oe5,3oe5_104,0.660,6.1420
3oe5,3oe5_106,7.500,-0.1160
3oe5,3oe5_11,8.680,3.9370
3oe5,3oe5_121,5.520,5.3180
3oe5,3oe5_370,7.720,5.7800
3oe5,3oe5_380,9.400,6.1590
3oe5,3oe5_401,2.900,-11.3930
3oe5,3oe5_402,7.020,-20.1120
3oe5,3oe5_403,6.420,-11.0830
3oe5,3oe5_412,2.890,-14.1030
3oe5,3oe5_421,6.730,-22.8280
3oe5,3oe5_422,1.420,-17.4820
3oe5,3oe5_493,3.300,-18.6250
3oe5,3oe5_497,9.150,-5.4430
3oe5,3oe5_499,2.110,-27.2460
3oe5,3oe5_529,3.090,-8.5970
3oe5,3oe5_546,9.350,-1.6180
3oe5,3oe5_552,6.890,-8.5490
3oe5,3oe5_561,3.810,-3.0440
3oe5,3oe5_563,5.390,-16.4070
3oe5,3oe5_762,4.690,5.1120
3oe5,3oe5_77,8.090,4.8960
3oe5,3oe5_788,6.240,5.3640
3oe5,3oe5_857,2.120,6.2560
3oe5,3oe5_893,4.380,5.0490
3oe5,3oe5_94,8.770,5.4600
3oe5,3oe5_955,2.030,4.3240
3oe5,3oe5_97,7.980,4.6680
3oe5,3oe5_455,4.120,-30.9910
3oe5,3oe5_462,3.020,-18.2750
3oe5,3oe5_467,2.350,-30.3820
3oe5,3oe5_472,8.360,-8.9560
3oe5,3oe5_477,3.500,-25.7890
3oe5,3oe5_480,1.780,-14.7050
3oe5,3oe5_483,5.640,-17.6730
3oe5,3oe5_484,8.070,-21.6200
3oe5,3oe5_57,7.000,3.6710
3oe5,3oe5_581,5.690,-11.7690
3oe5,3oe5_586,4.970,-1.7750
3oe5,3oe5_599,6.940,-5.1210
3oe5,3oe5_620,2.270,-19.2760
3oe5,3oe5_623,5.180,-7.5740
3oe5,3oe5_624,3.240,-21.8580
3oe5,3oe5_669,2.270,-17.5650
3oe5,3oe5_673,5.960,-23.3090
3oe5,3oe5_676,4.420,-17.9380
3oe5,3oe5_680,8.550,-3.3130
3oe5,3oe5_684,3.090,-18.1170
3oe5,3oe5_697,9.430,-11.6170
3oe5,3oe5_700,4.740,-14.9370
3oe5,3oe5_758,3.150,5.4480
3oe5,3oe5_76,9.080,5.9200
3oe5,3oe5_423,1.640,-26.6210
3oe5,3oe5_430,3.470,-21.7180
3oe5,3oe5_437,1.870,-19.9090
3oe5,3oe5_439,1.460,-19.8910
3oe5,3oe5_441,1.770,-30.2210
3oe5,3oe5_442,6.110,-19.8120
3oe5,3oe5_446,7.980,-19.2190
3oe5,3oe5_45,9.090,6.0930
3o9i,3o9i_766,5.030,6.5790
3o9i,3o9i_788,6.210,3.9440
3o9i,3o9i_795,5.170,-0.3710
3o9i,3o9i_859,8.260,5.8620
3o9i,3o9i_860,1.670,3.4090
3o9i,3o9i_861,7.910,5.3790
3o9i,3o9i_893,8.490,4.7140
3o9i,3o9i_9,8.030,4.9370
3ozs,3ozs_10,7.260,3.3790
3ozs,3ozs_103,5.770,3.6620
3ozs,3ozs_107,6.730,4.1530
3ozs,3ozs_11,1.120,7.7300
3ozs,3ozs_110,7.220,0.1520
3ozs,3ozs_113,9.790,3.2990
3ozs,3ozs_120,6.990,2.5040
3ozs,3ozs_123,6.780,3.7080
3ozs,3ozs_130,8.240,4.7490
3ozs,3ozs_136,7.470,5.9130
3ozs,3ozs_14,5.710,6.2280
3ozs,3ozs_149,9.090,1.4650
3ozs,3ozs_162,6.390,1.7330
3ozs,3ozs_201,0.790,6.8050
3ozs,3ozs_221,1.100,4.9470
3ozs,3ozs_224,1.240,4.1380
3p5o,3p5o_104,1.040,7.4780
3p5o,3p5o_108,0.920,7.4960
3p5o,3p5o_114,0.990,8.1300
3p5o,3p5o_126,1.030,7.3260
3p5o,3p5o_141,5.140,4.8470
3p5o,3p5o_165,4.080,6.5960
3p5o,3p5o_236,4.620,5.8620
3p5o,3p5o_238,0.690,8.0850
3ozt,3ozt_116,3.610,5.4040
3ozt,3ozt_141,6.740,5.4310
3ozt,3ozt_143,5.380,5.8930
3ozt,3ozt_15,8.350,4.4190
3ozt,3ozt_151,8.470,5.3210
3ozt,3ozt_171,0.760,7.7480
3ozt,3ozt_192,6.790,1.5660
3ozt,3ozt_193,6.870,4.2020
3ozs,3ozs_24,3.640,5.8290
3ozs,3ozs_251,0.390,9.4840
3ozs,3ozs_255,0.690,6.9360
3ozs,3ozs_269,0.540,7.7760
3ozs,3ozs_273,3.990,-3.6400
3ozs,3ozs_275,4.080,-2.7580
3ozs,3ozs_28,4.490,6.4770
3ozs,3ozs_307,0.550,9.2360
3ozt,3ozt_257,4.600,-4.0820
3ozt,3ozt_267,0.960,4.9080
3ozt,3ozt_271,7.630,-2.2640
3ozt,3ozt_283,4.530,5.7130
3ozt,3ozt_286,0.520,8.1330
3ozt,3ozt_320,6.600,2.7930
3ozt,3ozt_332,9.280,6.5400
3ozt,3ozt_339,5.530,7.1620
3ozt,3ozt_2,1.280,7.3120
3ozt,3ozt_20,9.470,4.4960
3ozt,3ozt_200,6.280,5.5160
3ozt,3ozt_202,0.520,7.9770
3ozt,3ozt_206,2.680,0.7990
3ozt,3ozt_207,8.630,-2.4810
3ozt,3ozt_212,7.750,-14.1090
3ozt,3ozt_251,4.660,3.6050
3p5o,3p5o_267,0.510,7.6840
3p5o,3p5o_287,0.800,8.4600
3p5o,3p5o_413,5.010,-17.1930
3p5o,3p5o_414,6.470,-10.8140
3p5o,3p5o_424,6.880,-27.5910
3p5o,3p5o_427,6.380,-6.2560
3p5o,3p5o_429,5.840,-4.4770
3p5o,3p5o_439,6.180,-20.3720
3p5o,3p5o_440,2.640,-4.0280
3p5o,3p5o_442,3.460,-16.3610
3p5o,3p5o_443,6.490,-26.4890
3p5o,3p5o_452,3.250,-14.3110
3p5o,3p5o_456,4.980,-17.9740
3p5o,3p5o_457,2.260,-18.2350
3p5o,3p5o_462,5.460,-19.6530
3p5o,3p5o_467,6.280,-6.6800
3p5o,3p5o_471,5.050,-11.8280
3p5o,3p5o_510,2.040,-1.4110
3p5o,3p5o_513,0.820,2.8480
3p5o,3p5o_517,2.460,-1.8160
3p5o,3p5o_518,1.330,3.1390
3p5o,3p5o_521,1.040,-0.1620
3p5o,3p5o_531,1.420,-4.0320
3p5o,3p5o_538,5.540,-8.2520
3ozt,3ozt_541,6.330,-7.3090
3ozt,3ozt_543,7.850,-10.0550
3ozt,3ozt_544,2.110,-6.9640
3ozt,3ozt_550,1.780,-15.6160
3ozt,3ozt_562,8.680,-3.6550
3ozt,3ozt_564,6.000,0.4670
3ozt,3ozt_566,5.930,-5.1080
3ozt,3ozt_574,5.760,-5.2010
3ozs,3ozs_318,6.050,5.4650
3ozs,3ozs_339,7.370,5.3470
3ozs,3ozs_345,0.910,6.6080
3ozs,3ozs_346,1.840,4.9560
3ozs,3ozs_353,9.330,6.3360
3ozs,3ozs_373,0.870,8.8940
3ozs,3ozs_379,7.330,5.5200
3ozs,3ozs_389,1.580,6.0630
3ozt,3ozt_692,2.820,-8.1680
3ozt,3ozt_693,6.260,-14.7450
3ozt,3ozt_698,8.190,-8.6290
3ozt,3ozt_699,7.250,-2.0690
3ozt,3ozt_7,8.930,4.8010
3ozt,3ozt_70,0.260,10.2450
3ozt,3ozt_700,5.550,-7.8440
3ozt,3ozt_702,0.780,8.7110
3ozt,3ozt_427,3.600,-25.1130
3ozt,3ozt_442,3.450,-8.5820
3ozt,3ozt_444,1.850,-14.5570
3ozt,3ozt_448,1.660,-42.8500
3ozt,3ozt_457,6.340,-28.4400
3ozt,3ozt_460,2.560,-19.1940
3ozt,3ozt_462,2.990,-11.1960
3ozt,3ozt_469,3.390,-21.5410
3ozt,3ozt_471,3.080,-5.2530
3ozt,3ozt_476,3.200,-23.5940
3ozt,3ozt_483,2.750,-13.6510
3ozt,3ozt_487,1.680,-21.9070
3ozt,3ozt_492,9.280,-16.4900
3ozt,3ozt_496,8.610,-21.4430
3ozt,3ozt_497,5.360,-16.7090
3ozt,3ozt_499,7.930,-22.7960
3p5o,3p5o_540,2.720,-10.7390
3p5o,3p5o_543,5.640,2.4700
3p5o,3p5o_551,4.810,4.1900
3p5o,3p5o_566,8.830,3.0280
3p5o,3p5o_567,4.240,1.6180
3p5o,3p5o_568,1.800,-7.8360
3p5o,3p5o_569,6.100,3.2720
3p5o,3p5o_570,6.030,-1.6540
3ozt,3ozt_503,2.860,-4.9820
3ozt,3ozt_507,3.800,-12.9660
3ozt,3ozt_509,1.460,-4.9870
3ozt,3ozt_520,4.060,-2.1550
3ozt,3ozt_526,5.820,-0.5880
3ozt,3ozt_528,8.300,-9.8680
3ozt,3ozt_534,4.010,-9.2250
3ozt,3ozt_539,2.750,-6.4420
3ozt,3ozt_577,3.540,-7.7480
3ozt,3ozt_585,5.200,-5.9980
3ozt,3ozt_586,4.290,-6.5570
3ozt,3ozt_588,4.320,-19.9680
3ozt,3ozt_599,8.910,-13.8840
3ozt,3ozt_603,9.030,-1.9560
3ozt,3ozt_606,6.180,-1.8680
3ozt,3ozt_609,4.580,1.9870
3ozt,3ozt_372,0.780,9.1330
3ozt,3ozt_387,0.620,9.5460
3ozt,3ozt_405,8.180,-8.8540
3ozt,3ozt_407,9.020,-27.1220
3ozt,3ozt_413,1.370,-7.4670
3ozt,3ozt_415,2.690,-18.2720
3ozt,3ozt_421,4.030,-19.3990
3ozt,3ozt_423,1.890,-28.1610
3ozt,3ozt_628,7.010,-1.1250
3ozt,3ozt_641,9.020,-9.7620
3ozt,3ozt_655,7.270,-13.2700
3ozt,3ozt_673,6.380,-6.5120
3ozt,3ozt_675,2.610,-9.9960
3ozt,3ozt_682,3.320,-17.2160
3ozt,3ozt_685,9.250,-10.0620
3ozt,3ozt_689,9.620,-31.4580
3p5o,3p5o_576,5.970,2.2930
3p5o,3p5o_581,6.110,1.3770
3p5o,3p5o_588,4.130,3.0990
3p5o,3p5o_594,5.040,0.4930
3p5o,3p5o_595,3.860,-0.3460
3p5o,3p5o_596,3.200,-7.9300
3p5o,3p5o_597,2.940,-4.0810
3p5o,3p5o_632,3.600,-1.0630
3ozs,3ozs_870,8.850,2.6110
3ozs,3ozs_882,9.690,2.2700
3ozs,3ozs_899,1.430,6.7710
3ozs,3ozs_91,8.170,4.5730
3ozt,3ozt_102,4.450,2.1800
3ozt,3ozt_105,0.820,7.0690
3ozt,3ozt_112,7.310,1.6630
3ozt,3ozt_113,5.680,3.0820
3ozs,3ozs_406,2.320,-7.9090
3ozs,3ozs_413,1.780,-25.0340
3ozs,3ozs_417,2.480,-15.2440
3ozs,3ozs_430,4.680,-7.9630
3ozs,3ozs_431,2.530,-14.9400
3ozs,3ozs_432,1.940,-24.2040
3ozs,3ozs_439,1.610,-15.2840
3ozs,3ozs_44,0.750,8.4860
3ozs,3ozs_558,9.320,-5.2490
3ozs,3ozs_559,9.960,-1.5420
3ozs,3ozs_560,8.960,-2.2000
3ozs,3ozs_567,7.970,-8.7800
3ozs,3ozs_574,8.170,-0.5590
3ozs,3ozs_575,5.150,-3.9970
3ozs,3ozs_585,3.870,-0.1540
3ozs,3ozs_586,9.900,-4.4220
3ozs,3ozs_48,8.100,5.6630
3ozs,3ozs_480,8.250,-19.6160
3ozs,3ozs_484,6.990,-24.4870
3ozs,3ozs_487,3.490,-3.4690
3ozs,3ozs_494,2.930,-9.5680
3ozs,3ozs_496,5.890,-21.7120
3ozs,3ozs_505,4.710,-7.6670
3ozs,3ozs_517,2.050,-11.1420
3ozs,3ozs_442,7.260,-14.8930
3ozs,3ozs_443,3.270,-9.7150
3ozs,3ozs_446,4.080,-29.7010
3ozs,3ozs_451,2.200,-7.7330
3ozs,3ozs_46,6.630,2.9260
3ozs,3ozs_465,9.860,-18.2310
3ozs,3ozs_478,1.470,-24.7970
3ozs,3ozs_479,3.050,-15.1220
3ozs,3ozs_593,5.460,-5.5330
3ozs,3ozs_596,4.230,-4.1570
3ozs,3ozs_6,0.950,7.6920
3ozs,3ozs_60,4.470,5.1620
3ozs,3ozs_611,5.660,-1.8500
3ozs,3ozs_63,7.330,4.2260
3ozs,3ozs_646,5.710,-2.5970
3ozs,3ozs_649,6.420,-2.1710
3ozs,3ozs_529,2.040,-10.4730
3ozs,3ozs_531,7.240,-2.8850
3ozs,3ozs_536,3.220,-5.5020
3ozs,3ozs_537,9.180,-0.2990
3ozs,3ozs_542,5.250,-5.5070
3ozs,3ozs_546,8.950,-3.3010
3ozs,3ozs_550,5.440,-7.6650
3ozs,3ozs_554,8.730,-8.7300
3ozs,3ozs_656,9.110,-13.0160
3ozs,3ozs_659,6.290,-12.7970
3ozs,3ozs_664,2.290,-22.0380
3ozs,3ozs_666,3.030,-5.4680
3ozs,3ozs_682,4.090,-11.3970
3ozs,3ozs_72,2.350,8.0980
3ozs,3ozs_756,4.840,4.4150
3ozs,3ozs_758,2.200,4.4850
3ozs,3ozs_761,4.440,2.9890
3ozs,3ozs_764,3.680,2.8150
3ozs,3ozs_768,6.270,4.5190
3ozs,3ozs_778,5.870,2.8520
3ozs,3ozs_821,8.640,3.8870
3ozs,3ozs_83,0.960,8.2820
3ozs,3ozs_842,7.020,-1.9200
3ozs,3ozs_854,3.470,-0.8910
3p5o,3p5o_650,4.430,-14.1470
3p5o,3p5o_652,7.480,0.9130
3p5o,3p5o_658,2.120,-6.2820
3p5o,3p5o_679,5.540,-2.8200
3p5o,3p5o_680,2.790,-1.1010
3p5o,3p5o_686,4.500,-4.6170
3p5o,3p5o_689,4.000,-6.1470
3p5o,3p5o_690,3.860,-6.4790
3ozt,3ozt_71,9.390,6.7390
3ozt,3ozt_758,1.970,5.9930
3ozt,3ozt_787,4.000,3.4740
3ozt,3ozt_82,7.530,6.1820
3ozt,3ozt_85,9.530,6.6300
3ozt,3ozt_915,0.910,8.1540
3ozt,3ozt_98,1.120,6.0200
3ozt,3ozt_99,7.800,4.7410
3p5o,3p5o_692,3.900,-4.1390
3p5o,3p5o_694,4.710,0.9200
3p5o,3p5o_695,3.290,-7.1310
3p5o,3p5o_700,2.130,-9.7940
3p5o,3p5o_724,4.910,2.1340
3p5o,3p5o_737,1.480,5.5590
3p5o,3p5o_752,6.230,2.6660
3p5o,3p5o_759,0.690,8.2620
3p5o,3p5o_818,0.830,7.5460
3p5o,3p5o_835,1.340,7.3140
3p5o,3p5o_840,0.990,7.0190
3p5o,3p5o_853,1.690,6.2970
3p5o,3p5o_926,1.550,6.8120
3p5o,3p5o_93,0.920,8.3150
3prs,3prs_111,9.930,4.6760
3prs,3prs_141,3.890,6.4330
3pxf,3pxf_539,1.980,3.5520
3pxf,3pxf_542,5.100,3.3640
3pxf,3pxf_558,2.970,0.6490
3pxf,3pxf_560,2.880,3.5900
3pxf,3pxf_569,3.830,3.8020
3pxf,3pxf_571,3.070,4.7600
3pxf,3pxf_576,4.520,5.0240
3pxf,3pxf_582,2.980,1.0700
3pxf,3pxf_305,9.220,8.6770
3pxf,3pxf_314,7.170,8.7550
3pxf,3pxf_321,9.380,8.8020
3pxf,3pxf_323,8.530,9.5630
3pxf,3pxf_332,9.540,9.1170
3pxf,3pxf_339,9.710,9.8030
3pxf,3pxf_368,9.430,9.0480
3pxf,3pxf_373,6.980,8.6220
3pxf,3pxf_406,5.470,2.1690
3pxf,3pxf_423,7.570,3.9790
3pxf,3pxf_434,5.860,3.6730
3pxf,3pxf_438,8.280,7.3290
3pxf,3pxf_443,3.940,4.3420
3pxf,3pxf_452,6.690,0.0340
3pxf,3pxf_456,5.730,1.7810
3pxf,3pxf_463,6.090,3.4170
3pxf,3pxf_117,8.570,7.9800
3pxf,3pxf_13,9.700,8.0490
3pxf,3pxf_136,8.130,7.8390
3pxf,3pxf_152,8.480,8.2560
3pxf,3pxf_184,8.680,8.6680
3pxf,3pxf_2,9.390,9.4850
3pxf,3pxf_22,9.030,8.5080
3pxf,3pxf_263,9.000,6.9680
3pxf,3pxf_767,2.010,4.4480
3pxf,3pxf_768,2.530,-0.7240
3pxf,3pxf_774,5.630,2.9290
3pxf,3pxf_775,1.610,5.6030
3pxf,3pxf_776,1.790,4.7130
3pxf,3pxf_779,4.160,2.1920
3pxf,3pxf_78,9.280,9.1400
3pxf,3pxf_780,6.750,2.0180
3pxf,3pxf_781,3.380,4.2220
3pxf,3pxf_782,2.150,5.2400
3pxf,3pxf_783,4.010,1.4910
3pxf,3pxf_788,6.640,0.9350
3pxf,3pxf_794,6.050,-0.4130
3pxf,3pxf_795,5.860,1.6700
3pxf,3pxf_796,5.990,-0.4940
3pxf,3pxf_798,4.830,-2.7590
3pxf,3pxf_658,7.540,4.4110
3pxf,3pxf_659,7.350,4.1780
3pxf,3pxf_661,6.720,3.3690
3pxf,3pxf_663,2.560,-2.0020
3pxf,3pxf_680,3.130,1.4950
3pxf,3pxf_685,1.240,3.2050
3pxf,3pxf_686,4.740,5.5880
3pxf,3pxf_689,5.540,4.1040
3pxf,3pxf_608,2.900,4.8860
3pxf,3pxf_612,6.200,5.0710
3pxf,3pxf_621,7.840,2.7130
3pxf,3pxf_628,4.040,1.6590
3pxf,3pxf_631,1.930,3.3410
3pxf,3pxf_647,5.430,1.6520
3pxf,3pxf_648,4.090,2.7850
3pxf,3pxf_655,7.160,3.1850
3pxf,3pxf_694,8.530,5.1290
3pxf,3pxf_7,9.840,7.8940
3pxf,3pxf_724,2.890,5.4350
3pxf,3pxf_736,1.620,4.9870
3pxf,3pxf_74,8.700,8.7830
3pxf,3pxf_743,1.390,5.7300
3pxf,3pxf_761,1.370,5.2390
3pxf,3pxf_766,3.820,5.5870
3pxf,3pxf_473,7.100,-0.1920
3pxf,3pxf_478,6.780,-0.8070
3pxf,3pxf_48,8.860,8.4650
3pxf,3pxf_480,4.760,3.4260
3pxf,3pxf_482,6.280,3.6370
3pxf,3pxf_510,4.520,5.2850
3pxf,3pxf_513,3.980,6.2410
3pxf,3pxf_537,5.840,6.0300
3pxf,3pxf_810,7.340,6.0410
3pxf,3pxf_817,1.670,5.7440
3pxf,3pxf_842,4.380,2.6900
3pxf,3pxf_848,1.890,4.9920
3pxf,3pxf_922,7.310,4.1610
3pxf,3pxf_948,3.550,5.4400
3pxf,3pxf_951,2.860,6.2590
3pxf,3pxf_972,3.340,3.3340
3qqs,3qqs_102,3.670,5.5620
3qqs,3qqs_103,4.530,7.4100
3qqs,3qqs_105,0.810,7.1780
3qqs,3qqs_114,3.960,6.0010
3qqs,3qqs_157,2.920,5.1330
3qqs,3qqs_158,0.870,6.6010
3qqs,3qqs_18,0.950,6.3120
3qqs,3qqs_324,0.880,6.4750
3pxf,3pxf_973,3.490,5.7540
3pyy,3pyy_13,6.350,5.9620
3pyy,3pyy_209,0.330,8.6260
3pyy,3pyy_219,6.060,2.2960
3pyy,3pyy_224,0.580,7.2070
3pyy,3pyy_230,4.910,-0.5420
3pyy,3pyy_232,4.970,-4.3530
3pyy,3pyy_245,0.560,7.7870
3pyy,3pyy_290,0.670,6.5320
3pyy,3pyy_296,0.310,8.7140
3pyy,3pyy_297,5.980,2.5460
3pyy,3pyy_363,0.880,7.5290
3pyy,3pyy_377,0.830,8.1620
3pyy,3pyy_407,1.170,4.6630
3pyy,3pyy_410,4.970,0.7760
3pyy,3pyy_411,1.500,-0.5260
3pyy,3pyy_247,2.800,6.3460
3pyy,3pyy_248,0.570,6.6960
3pyy,3pyy_263,0.450,7.6310
3pyy,3pyy_277,3.580,1.8670
3pyy,3pyy_280,6.630,0.3690
3pyy,3pyy_283,5.000,2.4130
3pyy,3pyy_284,7.130,2.5760
3pyy,3pyy_287,6.130,4.1640
3qqs,3qqs_35,0.610,7.9210
3qqs,3qqs_375,7.090,6.1830
3qqs,3qqs_386,1.140,5.2050
3qqs,3qqs_396,0.510,6.3620
3qqs,3qqs_404,3.800,6.3470
3qqs,3qqs_435,0.800,6.6050
3qqs,3qqs_447,3.250,-4.5690
3qqs,3qqs_449,5.050,1.0260
3pyy,3pyy_689,2.030,-1.2130
3pyy,3pyy_694,3.560,0.9860
3pyy,3pyy_699,2.130,-1.3010
3pyy,3pyy_709,3.820,6.1660
3pyy,3pyy_711,3.910,5.3940
3pyy,3pyy_719,7.350,4.4380
3pyy,3pyy_738,6.380,4.1330
3pyy,3pyy_742,7.910,4.7910
3pyy,3pyy_498,4.910,-1.0680
3pyy,3pyy_500,5.130,0.8100
3pyy,3pyy_518,1.520,3.9980
3pyy,3pyy_529,5.750,-1.3120
3pyy,3pyy_535,1.730,3.2390
3pyy,3pyy_547,2.530,-1.5110
3pyy,3pyy_554,5.230,0.3470
3pyy,3pyy_600,3.060,-0.6540
3pyy,3pyy_745,8.150,4.2270
3pyy,3pyy_746,8.120,4.2160
3pyy,3pyy_751,8.210,4.3000
3pyy,3pyy_757,5.860,-0.3710
3pyy,3pyy_760,7.410,1.8360
3pyy,3pyy_763,8.280,4.6290
3pyy,3pyy_766,6.090,3.1410
3pyy,3pyy_778,7.070,4.3220
3pyy,3pyy_422,1.600,-0.8210
3pyy,3pyy_444,1.280,-6.3480
3pyy,3pyy_449,2.420,-2.0260
3pyy,3pyy_453,4.950,-7.5190
3pyy,3pyy_454,4.200,-5.5100
3pyy,3pyy_455,5.050,1.0960
3pyy,3pyy_466,2.990,-0.8750
3pyy,3pyy_489,3.140,3.3940
3pyy,3pyy_604,5.690,-7.5160
3pyy,3pyy_630,1.980,0.2370
3pyy,3pyy_633,1.960,0.2110
3pyy,3pyy_636,3.180,-4.7620
3pyy,3pyy_640,3.000,-1.0870
3pyy,3pyy_641,3.600,-3.4740
3pyy,3pyy_650,4.440,0.5220
3pyy,3pyy_667,2.540,1.9710
3r88,3r88_527,6.080,2.2240
3r88,3r88_533,0.980,2.9860
3r88,3r88_537,1.300,2.3380
3r88,3r88_545,7.550,-1.2530
3r88,3r88_551,1.420,1.8580
3r88,3r88_553,0.830,2.0770
3r88,3r88_555,7.210,2.7160
3r88,3r88_561,4.520,1.3340
3r88,3r88_270,9.100,4.5200
3r88,3r88_278,9.240,4.7280
3r88,3r88_279,8.030,2.6260
3r88,3r88_291,0.760,4.8920
3r88,3r88_300,9.150,3.9670
3r88,3r88_371,0.570,4.8530
3r88,3r88_377,1.000,3.4010
3r88,3r88_405,4.930,-0.3670
3qqs,3qqs_465,3.320,5.1980
3qqs,3qqs_473,1.550,0.0150
3qqs,3qqs_485,2.360,0.9640
3qqs,3qqs_497,1.020,2.7450
3qqs,3qqs_498,3.830,-1.2430
3qqs,3qqs_500,5.330,2.5600
3qqs,3qqs_505,5.540,-0.8290
3qqs,3qqs_511,1.320,4.3280
3r88,3r88_213,0.590,5.1750
3r88,3r88_220,9.310,4.4790
3r88,3r88_229,7.830,2.9580
3r88,3r88_234,9.510,4.8750
3r88,3r88_241,9.260,4.8450
3r88,3r88_254,1.020,4.0930
3r88,3r88_255,0.580,4.8300
3r88,3r88_263,4.840,3.0380
3qqs,3qqs_533,5.270,-5.6390
3qqs,3qqs_534,2.420,3.5010
3qqs,3qqs_538,3.810,1.9370
3qqs,3qqs_542,6.170,2.6910
3qqs,3qqs_545,5.050,-1.1000
3qqs,3qqs_546,2.120,2.0050
3qqs,3qqs_555,1.190,3.5830
3qqs,3qqs_574,2.760,1.2980
3r88,3r88_434,2.650,3.0600
3r88,3r88_439,2.350,3.5410
3r88,3r88_440,2.520,2.0190
3r88,3r88_452,6.060,2.3190
3r88,3r88_454,5.070,-0.6530
3r88,3r88_463,4.550,2.2890
3r88,3r88_468,5.080,0.1990
3r88,3r88_470,5.120,0.2740
3r88,3r88_787,6.610,1.7050
3r88,3r88_792,4.020,1.9920
3r88,3r88_795,6.430,0.5950
3r88,3r88_798,3.330,3.2640
3r88,3r88_799,5.400,1.9970
3r88,3r88_802,0.930,3.7680
3r88,3r88_833,3.380,3.7000
3r88,3r88_861,1.370,4.3900
3r88,3r88_736,4.580,2.5640
3r88,3r88_741,6.010,3.1780
3r88,3r88_753,7.070,3.3990
3r88,3r88_763,3.800,2.7700
3r88,3r88_769,7.220,1.7080
3r88,3r88_773,6.390,2.5960
3r88,3r88_780,5.530,2.1410
3r88,3r88_784,7.110,1.6210
3r88,3r88_566,2.330,-1.7610
3r88,3r88_571,3.940,2.7340
3r88,3r88_577,2.380,2.5240
3r88,3r88_582,5.570,3.4670
3r88,3r88_589,1.920,1.5410
3r88,3r88_591,2.440,2.2970
3r88,3r88_594,5.230,1.6880
3r88,3r88_596,4.090,4.5870
3r88,3r88_599,3.950,1.1320
3r88,3r88_613,1.700,0.5620
3r88,3r88_617,2.920,-2.4430
3r88,3r88_628,4.180,2.4640
3r88,3r88_632,1.170,3.9330
3r88,3r88_634,5.830,2.6220
3r88,3r88_638,1.260,0.8110
3r88,3r88_656,3.980,2.0070
3r88,3r88_471,5.600,1.4020
3r88,3r88_495,2.840,2.9810
3r88,3r88_500,4.780,0.7780
3r88,3r88_507,3.290,3.3270
3r88,3r88_510,2.580,4.0860
3r88,3r88_513,1.140,4.0860
3r88,3r88_517,7.690,3.0360
3r88,3r88_524,4.660,0.5060
3r88,3r88_657,6.870,-0.9820
3r88,3r88_672,3.760,0.8700
3r88,3r88_695,1.550,1.4300
3r88,3r88_696,3.990,-2.1310
3r88,3r88_699,6.880,2.7120
3r88,3r88_713,7.940,1.7010
3r88,3r88_718,6.660,3.5000
3r88,3r88_725,7.410,2.8200
3qqs,3qqs_72,4.950,6.9240
3qqs,3qqs_732,2.700,1.7040
3qqs,3qqs_739,2.720,4.9120
3qqs,3qqs_751,4.900,2.8730
3qqs,3qqs_806,1.810,4.0480
3qqs,3qqs_86,0.600,6.2030
3r88,3r88_131,0.480,5.0960
3r88,3r88_201,9.520,4.3670
3qqs,3qqs_660,4.750,0.1560
3qqs,3qqs_670,1.850,-7.9440
3qqs,3qqs_679,4.190,0.6250
3qqs,3qqs_682,4.960,-2.1110
3qqs,3qqs_695,2.170,-0.7220
3qqs,3qqs_696,4.890,0.8800
3qqs,3qqs_700,5.470,1.9120
3qqs,3qqs_715,0.760,6.2290
3qqs,3qqs_585,3.340,-5.6370
3qqs,3qqs_608,5.130,1.1960
3qqs,3qqs_612,1.350,0.8440
3qqs,3qqs_625,3.960,-5.6220
3qqs,3qqs_629,3.900,-1.0670
3qqs,3qqs_632,1.440,4.8610
3qqs,3qqs_635,1.760,1.8760
3qqs,3qqs_636,4.770,-8.6800
3qqs,3qqs_638,6.300,-4.3100
3qqs,3qqs_639,2.290,-0.3400
3qqs,3qqs_641,5.500,-0.2600
3qqs,3qqs_646,5.160,1.2270
3qqs,3qqs_648,5.190,-5.9110
3qqs,3qqs_653,4.980,-3.9550
3qqs,3qqs_654,2.170,-1.2820
3qqs,3qqs_657,4.230,-3.6840
3pyy,3pyy_780,7.110,1.7560
3pyy,3pyy_781,8.090,5.0880
3pyy,3pyy_782,5.160,2.8240
3pyy,3pyy_784,7.230,3.4390
3pyy,3pyy_785,6.750,1.8280
3pyy,3pyy_787,8.280,4.4520
3pyy,3pyy_792,6.920,2.7840
3pyy,3pyy_793,6.790,2.3660
3r88,3r88_880,6.970,2.0030
3r88,3r88_883,7.430,2.8050
3r88,3r88_924,0.890,3.0360
3r88,3r88_931,2.070,3.5660
3r88,3r88_986,8.030,2.0970
3r88,3r88_994,3.170,2.4020
3r88,3r88_995,5.620,2.4110
3rlr,3rlr_100,2.910,7.3070
3pyy,3pyy_796,7.330,-1.4020
3pyy,3pyy_812,1.630,6.8990
3pyy,3pyy_817,2.090,5.8740
3pyy,3pyy_822,1.590,4.5110
3pyy,3pyy_832,2.380,5.9000
3pyy,3pyy_839,4.980,6.3370
3pyy,3pyy_850,6.740,5.8640
3pyy,3pyy_86,3.140,7.6060
3pyy,3pyy_875,3.620,2.8980
3pyy,3pyy_88,7.070,5.7000
3pyy,3pyy_896,7.090,2.0760
3pyy,3pyy_899,5.880,4.6600
3pyy,3pyy_92,0.440,8.5020
3pyy,3pyy_933,4.980,5.6880
3pyy,3pyy_954,5.120,2.0980
3pyy,3pyy_967,8.560,2.0550
3rlr,3rlr_423,1.000,-3.7230
3rlr,3rlr_428,3.650,-2.8380
3rlr,3rlr_432,5.170,3.4930
3rlr,3rlr_439,2.420,-0.8470
3rlr,3rlr_440,1.850,-4.2620
3rlr,3rlr_444,2.120,-9.1930
3rlr,3rlr_456,4.520,-4.0430
3rlr,3rlr_457,3.880,-1.1290
3rlr,3rlr_112,0.670,8.1330
3rlr,3rlr_12,0.930,6.9510
3rlr,3rlr_148,4.380,4.7800
3rlr,3rlr_167,0.490,8.5560
3rlr,3rlr_192,0.430,8.2790
3rlr,3rlr_197,0.430,8.4580
3rlr,3rlr_281,1.050,5.6890
3rlr,3rlr_335,3.290,6.3210
3rlr,3rlr_47,2.680,6.2210
3rlr,3rlr_477,3.050,6.4670
3rlr,3rlr_480,4.860,-6.1640
3rlr,3rlr_482,4.570,-0.5540
3rlr,3rlr_483,2.930,-1.1170
3rlr,3rlr_488,4.700,-3.2560
3rlr,3rlr_490,1.140,3.5630
3rlr,3rlr_498,2.890,1.7340
3rlr,3rlr_591,3.000,-2.2380
3rlr,3rlr_595,7.010,-8.5050
3rlr,3rlr_596,3.330,-0.2750
3rlr,3rlr_598,5.030,0.5780
3rlr,3rlr_6,4.600,5.8480
3rlr,3rlr_617,1.650,-1.5990
3rlr,3rlr_628,8.120,-4.3260
3rlr,3rlr_632,6.210,-3.8730
3rlr,3rlr_633,3.390,-1.0310
3rlr,3rlr_634,5.220,0.5630
3rlr,3rlr_638,5.390,2.2700
3rlr,3rlr_640,6.900,-9.6760
3rlr,3rlr_642,2.440,-11.6430
3rlr,3rlr_650,6.420,3.3050
3rlr,3rlr_653,2.960,-1.6030
3rlr,3rlr_655,5.060,3.5810
3rlr,3rlr_506,1.700,-2.9260
3rlr,3rlr_524,1.240,1.0600
3rlr,3rlr_537,2.220,0.3150
3rlr,3rlr_539,4.350,5.0280
3rlr,3rlr_557,3.050,-5.2750
3rlr,3rlr_560,5.070,-8.0410
3rlr,3rlr_583,4.550,0.3010
3rlr,3rlr_586,3.730,-2.7800
3rr4,3rr4_523,1.420,-5.7490
3rr4,3rr4_529,0.890,-3.8910
3rr4,3rr4_575,0.990,-6.8280
3rr4,3rr4_578,5.220,-4.5200
3rr4,3rr4_582,2.580,-3.1550
3rr4,3rr4_591,2.520,-4.6590
3rr4,3rr4_592,5.890,1.4330
3rr4,3rr4_596,4.290,-9.8500
3rlr,3rlr_341,0.420,8.1700
3rlr,3rlr_347,0.420,8.7610
3rlr,3rlr_365,0.540,8.2500
3rlr,3rlr_397,1.070,7.1000
3rlr,3rlr_398,0.420,8.3390
3rlr,3rlr_410,3.330,2.5760
3rlr,3rlr_415,1.360,-5.8100
3rlr,3rlr_418,4.900,-6.4540
3rr4,3rr4_315,1.980,7.5100
3rr4,3rr4_369,0.220,8.1500
3rr4,3rr4_401,0.810,-3.3410
3rr4,3rr4_418,3.930,5.3430
3rr4,3rr4_426,4.440,5.6360
3rr4,3rr4_431,4.150,4.7530
3rr4,3rr4_436,2.550,1.9360
3rr4,3rr4_437,1.070,-1.4900
3rr4,3rr4_449,3.390,5.6850
3rr4,3rr4_454,4.610,4.2300
3rr4,3rr4_458,3.130,6.6530
3rr4,3rr4_466,5.150,2.2780
3rr4,3rr4_476,4.860,1.7530
3rr4,3rr4_479,0.910,4.5860
3rr4,3rr4_492,2.450,-1.6740
3rr4,3rr4_500,1.380,6.0760
3rlr,3rlr_686,7.340,2.5510
3rlr,3rlr_762,8.130,1.9340
3rlr,3rlr_772,5.090,2.1290
3rlr,3rlr_778,5.810,-4.4870
3rlr,3rlr_780,6.430,-5.6190
3rlr,3rlr_904,2.000,4.5790
3rr4,3rr4_13,1.040,7.2640
3rr4,3rr4_2,2.100,7.0330
3rr4,3rr4_62,0.950,6.7600
3rr4,3rr4_641,4.020,1.8460
3rr4,3rr4_648,2.610,-5.4070
3rr4,3rr4_663,3.810,-0.9370
3rr4,3rr4_664,3.680,4.4230
3rr4,3rr4_669,1.660,4.3810
3rr4,3rr4_680,1.580,-1.9060
3rr4,3rr4_694,2.740,2.5290
3rlr,3rlr_658,3.600,-1.7500
3rlr,3rlr_660,6.010,-1.3470
3rlr,3rlr_663,4.930,-5.5500
3rlr,3rlr_667,1.460,-4.3950
3rlr,3rlr_675,7.420,-3.2830
3rlr,3rlr_68,5.850,5.5720
3rlr,3rlr_682,5.060,0.5900
3rlr,3rlr_685,6.320,-5.5850
3pyy,3pyy_981,8.410,1.8870
3qgy,3qgy_127,0.810,8.6300
3qgy,3qgy_133,0.830,8.5390
3qgy,3qgy_20,1.130,8.9680
3qgy,3qgy_208,0.730,8.6040
3qgy,3qgy_209,7.200,3.8510
3qgy,3qgy_211,0.730,7.4610
3qgy,3qgy_233,0.820,7.2950
3rr4,3rr4_749,6.930,4.4820
3rr4,3rr4_752,9.150,3.8390
3rr4,3rr4_758,8.890,4.9600
3rr4,3rr4_760,7.430,3.2430
3rr4,3rr4_761,9.000,4.7090
3rr4,3rr4_763,8.750,2.5470
3rr4,3rr4_764,9.200,2.5430
3rr4,3rr4_765,8.850,3.8250
3qgy,3qgy_694,6.270,-1.0240
3qgy,3qgy_695,3.620,-7.7110
3qgy,3qgy_697,7.930,-4.8250
3qgy,3qgy_699,4.960,-0.0380
3qgy,3qgy_855,2.770,7.3540
3qgy,3qgy_9,0.890,8.7210
3qgy,3qgy_939,1.160,8.0260
3qqs,3qqs_100,0.480,7.3350
3rr4,3rr4_729,8.490,4.1440
3rr4,3rr4_73,1.120,6.5030
3rr4,3rr4_730,3.690,1.0220
3rr4,3rr4_731,4.760,1.9780
3rr4,3rr4_735,5.530,3.7230
3rr4,3rr4_739,7.130,4.0990
3rr4,3rr4_746,8.570,3.2180
3rr4,3rr4_747,7.110,0.7130
3rr4,3rr4_701,0.440,3.2630
3rr4,3rr4_703,0.870,1.4010
3rr4,3rr4_708,3.290,2.4280
3rr4,3rr4_715,9.670,2.9250
3rr4,3rr4_716,5.760,3.3910
3rr4,3rr4_718,6.740,4.8660
3rr4,3rr4_722,9.170,4.2460
3rr4,3rr4_724,9.470,4.4410
3qgy,3qgy_237,6.840,-0.7300
3qgy,3qgy_255,7.670,3.3960
3qgy,3qgy_265,0.810,7.3530
3qgy,3qgy_273,1.020,4.6660
3qgy,3qgy_297,0.680,7.0270
3qgy,3qgy_306,1.030,8.7360
3qgy,3qgy_318,0.900,9.1530
3qgy,3qgy_339,5.170,7.4600
3qgy,3qgy_443,1.560,4.7970
3qgy,3qgy_447,4.420,-6.6660
3qgy,3qgy_457,5.440,2.7570
3qgy,3qgy_462,3.090,4.2390
3qgy,3qgy_464,4.950,2.4880
3qgy,3qgy_465,3.340,-0.5940
3qgy,3qgy_467,3.850,5.3430
3qgy,3qgy_477,6.280,-5.8720
3qgy,3qgy_588,6.230,2.9640
3qgy,3qgy_594,6.080,-6.6860
3qgy,3qgy_596,4.300,-6.8040
3qgy,3qgy_607,5.300,0.9850
3qgy,3qgy_610,6.280,-0.2250
3qgy,3qgy_627,6.620,-1.7180
3qgy,3qgy_628,2.630,1.8950
3qgy,3qgy_630,5.130,-0.3630
3qgy,3qgy_358,2.940,8.6460
3qgy,3qgy_372,0.510,9.4980
3qgy,3qgy_374,1.120,8.4370
3qgy,3qgy_404,3.430,-11.4970
3qgy,3qgy_407,4.040,-11.6170
3qgy,3qgy_413,2.100,-4.4520
3qgy,3qgy_427,2.410,6.5320
3qgy,3qgy_429,3.450,2.8050
3qgy,3qgy_526,4.130,2.3210
3qgy,3qgy_542,2.830,6.6000
3qgy,3qgy_555,6.050,0.4390
3qgy,3qgy_564,4.710,-4.0850
3qgy,3qgy_569,2.200,-0.4880
3qgy,3qgy_572,5.000,3.7950
3qgy,3qgy_576,5.750,-1.7050
3qgy,3qgy_581,5.510,-1.2120
3qgy,3qgy_481,6.090,0.5560
3qgy,3qgy_483,7.140,-0.5890
3qgy,3qgy_500,7.030,1.8020
3qgy,3qgy_501,3.970,-0.9870
3qgy,3qgy_511,5.030,1.4990
3qgy,3qgy_516,1.670,1.9570
3qgy,3qgy_518,2.630,0.0550
3qgy,3qgy_52,1.340,7.7800
3qgy,3qgy_631,5.580,-0.5370
3qgy,3qgy_633,1.060,3.4610
3qgy,3qgy_646,2.060,1.1830
3qgy,3qgy_658,6.020,0.1760
3qgy,3qgy_659,2.460,4.7150
3qgy,3qgy_662,4.820,-3.4450
3qgy,3qgy_664,3.420,-4.8540
3qgy,3qgy_666,3.850,2.1100
3qgy,3qgy_677,7.140,-7.2000
3qgy,3qgy_678,4.260,-3.3040
3qgy,3qgy_681,3.690,0.8250
3qgy,3qgy_683,5.340,-0.5590
3qgy,3qgy_685,5.660,-1.2840
3qgy,3qgy_687,7.030,1.8090
3qgy,3qgy_688,7.250,-1.9180
3qgy,3qgy_691,1.970,3.0400
3prs,3prs_143,9.550,5.0680
3prs,3prs_156,8.050,4.3270
3prs,3prs_170,8.600,5.2150
3prs,3prs_202,2.820,3.9420
3prs,3prs_204,8.480,-0.7540
3prs,3prs_205,6.580,3.1500
3prs,3prs_213,2.450,7.3280
3prs,3prs_216,3.340,2.7490
3prs,3prs_232,4.500,5.5660
3prs,3prs_236,2.230,5.9350
3prs,3prs_239,6.000,2.1370
3prs,3prs_246,3.870,5.8700
3prs,3prs_252,2.110,6.0690
3prs,3prs_259,3.510,5.5080
3prs,3prs_266,3.290,4.6080
3prs,3prs_270,8.510,4.1330
3prs,3prs_271,4.550,5.3110
3prs,3prs_273,2.650,3.6630
3prs,3prs_274,6.240,5.3790
3prs,3prs_281,2.690,4.2290
3prs,3prs_292,6.580,5.0300
3prs,3prs_31,9.840,5.5640
3prs,3prs_314,4.300,7.7830
3prs,3prs_315,8.160,7.6160
3prs,3prs_328,9.970,4.7230
3prs,3prs_362,9.210,6.4490
3prs,3prs_38,8.750,6.0470
3prs,3prs_404,2.780,-29.0510
3prs,3prs_410,4.680,-39.4200
3prs,3prs_414,5.380,-14.6190
3prs,3prs_415,5.290,-8.8580
3prs,3prs_419,4.690,-22.9890
3prs,3prs_424,4.300,-27.2250
3prs,3prs_427,5.710,-27.6190
3prs,3prs_430,4.590,-11.4570
3prs,3prs_438,6.940,-13.9570
3prs,3prs_440,5.180,-14.8010
3prs,3prs_448,5.300,-9.6620
3prs,3prs_454,3.530,-22.5110
3prs,3prs_456,3.750,-24.4920
3prs,3prs_507,9.550,-1.0330
3prs,3prs_556,7.680,-6.4340
3prs,3prs_571,5.420,-10.1360
3prs,3prs_578,9.270,-2.4680
3prs,3prs_605,7.110,-2.0510
3prs,3prs_607,7.130,-1.5800
3prs,3prs_609,4.670,-4.5340
3prs,3prs_617,7.540,-3.3660
3rr4,3rr4_766,6.600,1.1810
3rr4,3rr4_767,8.410,-0.7240
3rr4,3rr4_768,4.880,-0.1410
3rr4,3rr4_769,7.800,5.6640
3rr4,3rr4_771,3.680,1.7690
3rr4,3rr4_773,7.680,3.8960
3rr4,3rr4_774,6.510,2.3850
3rr4,3rr4_784,2.440,0.3260
3prs,3prs_477,7.370,-17.0190
3prs,3prs_488,6.060,-30.4850
3prs,3prs_490,6.340,-26.9270
3prs,3prs_493,3.810,-16.4810
3prs,3prs_496,6.790,-21.3760
3prs,3prs_498,5.110,-29.5790
3prs,3prs_505,2.660,-9.9840
3prs,3prs_506,7.570,-5.5500
3rsx,3rsx_131,0.410,5.5810
3rsx,3rsx_132,4.750,5.6160
3rsx,3rsx_172,3.360,5.5670
3rsx,3rsx_173,2.940,4.7180
3rsx,3rsx_218,5.750,2.5580
3rsx,3rsx_230,2.330,3.5490
3rsx,3rsx_243,0.550,5.6090
3rsx,3rsx_249,0.760,5.7130
3rsx,3rsx_630,0.920,4.2570
3rsx,3rsx_651,1.740,1.1210
3rsx,3rsx_677,1.290,4.9050
3rsx,3rsx_684,0.880,3.2370
3rsx,3rsx_689,2.480,4.5680
3rsx,3rsx_697,5.520,3.4780
3rsx,3rsx_708,5.630,4.9570
3rsx,3rsx_740,6.540,1.0040
3rsx,3rsx_266,0.770,4.6950
3rsx,3rsx_375,0.910,6.4710
3rsx,3rsx_388,0.910,6.8300
3rsx,3rsx_408,5.590,2.9050
3rsx,3rsx_423,1.530,6.6660
3rsx,3rsx_434,1.980,1.5270
3rsx,3rsx_450,4.300,4.5500
3rsx,3rsx_464,2.250,2.2890
3rsx,3rsx_593,4.090,5.1600
3rsx,3rsx_594,1.750,-0.2170
3rsx,3rsx_596,3.440,3.0480
3rsx,3rsx_604,3.200,3.3820
3rsx,3rsx_605,2.070,-0.0670
3rsx,3rsx_607,2.130,-1.4630
3rsx,3rsx_621,5.100,-0.7530
3rsx,3rsx_629,5.630,-0.3120
3rsx,3rsx_518,3.350,4.8900
3rsx,3rsx_528,0.990,3.6490
3rsx,3rsx_534,4.800,5.0720
3rsx,3rsx_535,3.960,2.6620
3rsx,3rsx_537,6.150,3.8900
3rsx,3rsx_549,5.160,1.6030
3rsx,3rsx_553,2.160,-3.7830
3rsx,3rsx_554,1.210,2.0220
3rsx,3rsx_470,1.610,1.2790
3rsx,3rsx_474,2.340,1.9060
3rsx,3rsx_487,1.580,3.0590
3rsx,3rsx_494,4.500,0.5000
3rsx,3rsx_497,2.010,1.7060
3rsx,3rsx_505,1.560,6.0030
3rsx,3rsx_506,1.540,3.9440
3rsx,3rsx_515,0.790,5.0670
3rsx,3rsx_556,2.860,1.8460
3rsx,3rsx_569,5.370,4.2140
3rsx,3rsx_574,4.700,2.6470
3rsx,3rsx_579,6.020,2.2260
3rsx,3rsx_586,3.570,3.5700
3rsx,3rsx_589,5.980,2.4990
3rsx,3rsx_590,6.350,5.1760
3rsx,3rsx_591,3.190,2.7750
3prs,3prs_619,3.560,-8.7110
3prs,3prs_623,8.850,-7.4690
3prs,3prs_627,7.570,-10.6830
3prs,3prs_630,6.410,-2.6460
3prs,3prs_640,3.940,-8.8900
3prs,3prs_641,8.910,-2.7230
3prs,3prs_642,7.140,-13.1250
3prs,3prs_643,4.670,-15.7970
3rr4,3rr4_95,1.160,7.7200
3rr4,3rr4_950,6.060,2.8420
3rr4,3rr4_955,6.280,3.7460
3rr4,3rr4_964,5.110,1.7140
3rr4,3rr4_972,5.610,4.9910
3rr4,3rr4_975,5.440,-5.5110
3rr4,3rr4_99,3.440,6.1940
3rsx,3rsx_121,3.240,5.5140
3rr4,3rr4_786,1.220,1.2750
3rr4,3rr4_790,2.730,1.9130
3rr4,3rr4_791,6.690,4.6860
3rr4,3rr4_795,5.770,3.1150
3rr4,3rr4_806,4.110,2.5520
3rr4,3rr4_814,7.900,5.5980
3rr4,3rr4_831,9.430,4.4730
3rr4,3rr4_837,8.970,4.3800
3rr4,3rr4_884,4.840,5.5170
3rr4,3rr4_89,0.540,6.7140
3rr4,3rr4_891,8.370,4.4470
3rr4,3rr4_898,2.990,-1.5130
3rr4,3rr4_913,3.220,-0.4420
3rr4,3rr4_922,6.230,4.4550
3rr4,3rr4_938,6.460,0.9590
3rr4,3rr4_949,5.500,3.9920
3rr4,3rr4_839,8.170,5.2700
3rr4,3rr4_849,7.230,2.3980
3rr4,3rr4_85,0.270,8.0810
3rr4,3rr4_851,7.030,4.2090
3rr4,3rr4_853,6.860,1.3090
3rr4,3rr4_863,7.660,4.4910
3rr4,3rr4_869,7.160,4.8210
3rr4,3rr4_875,9.660,3.9320
3prs,3prs_651,8.050,-4.4830
3prs,3prs_656,5.910,-19.4950
3prs,3prs_658,4.890,-8.2460
3prs,3prs_671,9.320,-6.4100
3prs,3prs_674,9.290,-5.4930
3prs,3prs_684,7.550,-10.4960
3prs,3prs_690,6.550,-10.3630
3prs,3prs_695,9.480,-8.7290
3twp,3twp_121,7.160,3.8470
3twp,3twp_126,7.160,4.4300
3twp,3twp_14,5.700,3.5150
3twp,3twp_147,7.560,4.4950
3twp,3twp_152,7.220,4.3920
3twp,3twp_157,7.390,3.8350
3twp,3twp_160,7.260,4.2710
3twp,3twp_18,6.030,3.9620
3prs,3prs_701,1.220,7.2140
3prs,3prs_706,1.740,6.0630
3prs,3prs_711,1.080,7.0400
3prs,3prs_731,1.870,6.5330
3prs,3prs_764,2.570,3.5690
3prs,3prs_774,2.090,4.3720
3prs,3prs_781,1.940,4.8720
3prs,3prs_788,1.930,2.4080
3rsx,3rsx_742,3.640,4.5650
3rsx,3rsx_744,7.260,3.2820
3rsx,3rsx_750,4.130,3.8630
3rsx,3rsx_754,6.070,-1.1460
3rsx,3rsx_756,7.800,4.7750
3rsx,3rsx_761,4.540,1.2540
3rsx,3rsx_762,6.900,3.7670
3rsx,3rsx_772,4.420,4.2350
3twp,3twp_422,2.300,1.8350
3twp,3twp_440,5.480,1.9990
3twp,3twp_445,6.120,1.8890
3twp,3twp_454,6.170,-5.2210
3twp,3twp_467,1.800,2.2970
3twp,3twp_481,4.770,1.7260
3twp,3twp_487,6.500,1.7780
3twp,3twp_490,1.480,1.1640
3twp,3twp_198,2.600,4.5830
3twp,3twp_22,4.380,4.2410
3twp,3twp_226,3.090,2.5920
3twp,3twp_321,2.560,4.8710
3twp,3twp_362,2.420,4.4500
3twp,3twp_381,2.790,4.8560
3twp,3twp_413,6.500,2.4130
3twp,3twp_419,4.870,1.4580
3rsx,3rsx_773,6.810,2.4770
3rsx,3rsx_774,6.220,3.1610
3rsx,3rsx_778,3.160,1.7250
3rsx,3rsx_797,7.350,-0.6600
3rsx,3rsx_828,6.020,4.6450
3rsx,3rsx_868,5.700,3.7450
3rsx,3rsx_912,7.360,0.8900
3rsx,3rsx_918,7.280,0.7400
3pww,3pww_874,5.580,5.0420
3pww,3pww_885,2.040,10.3800
3pww,3pww_888,1.500,10.7420
3pww,3pww_889,1.500,9.0230
3pww,3pww_90,9.700,5.7200
3pww,3pww_958,3.680,3.7640
3pww,3pww_982,3.290,5.9510
3pxf,3pxf_100,7.030,7.2020
3prs,3prs_797,8.020,1.0810
3prs,3prs_851,5.790,4.8740
3prs,3prs_881,7.410,4.0720
3prs,3prs_944,6.140,5.4840
3pww,3pww_152,4.820,7.7940
3pww,3pww_200,2.160,8.7020
3pww,3pww_236,1.720,7.9280
3pww,3pww_256,0.880,9.4020
3twp,3twp_497,1.890,4.4280
3twp,3twp_501,0.980,4.1680
3twp,3twp_510,0.460,4.4170
3twp,3twp_511,1.050,3.9360
3twp,3twp_532,2.820,2.5820
3twp,3twp_533,3.930,2.7940
3twp,3twp_536,1.850,1.3840
3twp,3twp_540,5.280,0.3440
3rsx,3rsx_934,6.270,4.8380
3rsx,3rsx_936,4.760,3.8190
3ryj,3ryj_125,2.060,5.2020
3ryj,3ryj_154,1.760,5.2500
3ryj,3ryj_157,2.460,5.0560
3ryj,3ryj_221,3.440,3.6610
3ryj,3ryj_229,0.400,5.5490
3ryj,3ryj_245,2.960,4.4650
3twp,3twp_692,3.170,1.4270
3twp,3twp_741,4.820,2.7260
3twp,3twp_742,7.280,1.4290
3twp,3twp_745,3.900,2.2180
3twp,3twp_749,5.330,2.0980
3twp,3twp_754,4.010,2.4180
3twp,3twp_763,6.380,0.2020
3twp,3twp_769,5.930,0.5710
3pww,3pww_560,8.670,-1.1030
3pww,3pww_561,6.410,-13.3870
3pww,3pww_565,7.250,-6.9520
3pww,3pww_570,8.370,-12.3100
3pww,3pww_571,8.550,-2.2490
3pww,3pww_574,4.370,-11.0550
3pww,3pww_575,9.230,-11.1120
3pww,3pww_581,9.440,-0.2630
3pww,3pww_584,9.190,-4.5750
3pww,3pww_605,6.790,-1.4750
3pww,3pww_631,7.870,-0.4290
3pww,3pww_635,9.680,-11.9230
3pww,3pww_654,7.550,-10.0690
3pww,3pww_658,9.760,-16.5630
3pww,3pww_667,8.910,-1.5690
3pww,3pww_671,8.390,-6.2200
3pww,3pww_269,2.270,9.3530
3pww,3pww_280,1.710,8.0430
3pww,3pww_312,9.420,6.4320
3pww,3pww_320,6.390,6.9650
3pww,3pww_322,7.250,6.6450
3pww,3pww_324,2.540,8.7660
3pww,3pww_342,8.900,6.5430
3pww,3pww_343,7.710,6.6790
3pww,3pww_489,7.880,-9.9470
3pww,3pww_494,4.470,-6.1100
3pww,3pww_501,6.390,-0.7590
3pww,3pww_516,6.340,-3.5590
3pww,3pww_541,4.480,-4.4520
3pww,3pww_545,8.760,-9.8920
3pww,3pww_549,9.380,-4.7650
3pww,3pww_552,9.540,-8.7600
3pww,3pww_417,5.880,-21.2140
3pww,3pww_420,7.580,-5.4260
3pww,3pww_421,6.280,-20.9500
3pww,3pww_425,5.080,-5.6500
3pww,3pww_439,8.700,-8.4530
3pww,3pww_440,4.670,-33.3870
3pww,3pww_449,4.780,-20.4180
3pww,3pww_452,5.640,-23.1810
3twp,3twp_547,3.530,2.1400
3twp,3twp_560,3.170,1.4730
3twp,3twp_567,3.130,2.3460
3twp,3twp_569,3.870,2.6810
3twp,3twp_57,5.430,4.1800
3twp,3twp_574,2.220,3.6800
3twp,3twp_575,1.720,3.3240
3twp,3twp_576,4.770,1.9650
3pww,3pww_364,3.090,9.7930
3pww,3pww_394,1.130,9.9420
3pww,3pww_401,5.090,-6.1740
3pww,3pww_404,7.520,-16.3010
3pww,3pww_405,5.000,-26.1360
3pww,3pww_410,8.670,-13.0830
3pww,3pww_411,5.800,-11.7460
3pww,3pww_416,5.520,-17.9530
3pww,3pww_461,5.160,-9.9280
3pww,3pww_463,4.030,-23.0450
3pww,3pww_466,7.610,-10.3450
3pww,3pww_468,6.010,-9.6020
3pww,3pww_478,4.280,-39.4280
3pww,3pww_482,5.760,-18.6380
3pww,3pww_484,6.030,-30.5100
3pww,3pww_487,3.500,-13.9460
3twp,3twp_627,2.640,3.1650
3twp,3twp_633,5.520,1.7290
3twp,3twp_643,1.960,0.9490
3twp,3twp_645,1.970,3.7760
3twp,3twp_646,4.390,3.5530
3twp,3twp_665,6.620,0.5670
3twp,3twp_676,2.710,2.7260
3twp,3twp_686,1.710,3.5800
3twp,3twp_578,4.050,1.8190
3twp,3twp_596,6.300,2.3780
3twp,3twp_599,3.570,2.7560
3twp,3twp_600,5.110,-0.3930
3twp,3twp_605,5.230,-0.1820
3twp,3twp_608,1.940,1.9920
3twp,3twp_613,0.890,3.9860
3twp,3twp_619,6.520,0.4030
3pww,3pww_757,2.370,7.2250
3pww,3pww_762,4.360,6.0400
3pww,3pww_765,7.360,2.0810
3pww,3pww_767,2.640,6.6770
3pww,3pww_772,3.540,2.5590
3pww,3pww_779,5.310,3.5750
3pww,3pww_780,3.810,5.6970
3pww,3pww_783,2.930,7.1320
3pww,3pww_678,9.000,-2.9740
3pww,3pww_685,6.130,-15.3480
3pww,3pww_708,3.320,8.1990
3pww,3pww_730,1.890,9.4040
3pww,3pww_742,2.010,5.5580
3pww,3pww_747,1.770,7.7280
3pww,3pww_749,9.080,6.6510
3pww,3pww_753,1.760,7.4360
3ryj,3ryj_471,3.610,-0.3850
3ryj,3ryj_477,1.080,2.9990
3ryj,3ryj_483,1.840,-0.9380
3ryj,3ryj_536,1.660,-1.5520
3ryj,3ryj_538,1.640,-1.9540
3ryj,3ryj_540,1.560,-1.3480
3ryj,3ryj_545,2.160,-1.6920
3ryj,3ryj_548,4.180,0.4780
3ryj,3ryj_272,3.150,3.5690
3ryj,3ryj_281,3.290,3.0440
3ryj,3ryj_296,0.520,4.9960
3ryj,3ryj_332,0.940,6.1220
3ryj,3ryj_344,3.200,6.2030
3ryj,3ryj_358,0.900,6.2090
3ryj,3ryj_387,0.810,5.7450
3ryj,3ryj_395,0.740,5.4380
3ryj,3ryj_579,4.120,4.3910
3ryj,3ryj_588,2.020,-6.5710
3ryj,3ryj_589,3.800,3.0150
3ryj,3ryj_594,1.950,-1.8460
3ryj,3ryj_600,4.220,4.0010
3ryj,3ryj_611,1.650,-5.0450
3ryj,3ryj_622,2.070,-2.9940
3ryj,3ryj_634,4.150,0.8920
3twp,3twp_778,7.480,0.8720
3twp,3twp_779,5.410,2.3750
3twp,3twp_785,4.460,2.0590
3twp,3twp_8,4.780,4.3200
3twp,3twp_827,6.010,2.1860
3twp,3twp_912,2.830,1.7320
3twp,3twp_92,3.720,4.1320
3u5j,3u5j_124,4.550,5.5910
3ryj,3ryj_647,2.160,-1.6210
3ryj,3ryj_662,3.280,-0.1700
3ryj,3ryj_681,4.240,-10.9580
3ryj,3ryj_707,4.110,4.1800
3ryj,3ryj_750,2.990,3.8060
3ryj,3ryj_767,2.690,2.9410
3ryj,3ryj_778,4.180,2.3950
3ryj,3ryj_796,6.300,4.2110
3ryj,3ryj_397,0.540,6.5730
3ryj,3ryj_407,3.500,-8.4810
3ryj,3ryj_422,2.660,1.8340
3ryj,3ryj_441,3.120,-1.6630
3ryj,3ryj_449,4.030,-2.8240
3ryj,3ryj_453,3.510,1.8770
3ryj,3ryj_468,0.990,0.5930
3ryj,3ryj_470,1.820,-3.1170
3pww,3pww_793,6.050,8.0720
3pww,3pww_816,1.650,9.2620
3pww,3pww_822,1.970,7.2460
3pww,3pww_846,3.520,5.7930
3pww,3pww_854,3.880,8.0340
3pww,3pww_859,2.460,7.5080
3pww,3pww_862,3.440,5.2780
3pww,3pww_867,2.520,8.4100
3ryj,3ryj_798,6.660,3.2340
3ryj,3ryj_826,0.830,4.4640
3ryj,3ryj_840,0.970,4.0230
3ryj,3ryj_848,1.740,4.0970
3ryj,3ryj_863,4.070,3.3130
3ryj,3ryj_887,4.210,3.3390
3syr,3syr_105,0.640,8.0140
3syr,3syr_225,1.300,6.6210
3syr,3syr_251,1.680,7.0040
3syr,3syr_330,1.390,5.6510
3syr,3syr_408,0.850,3.3260
3syr,3syr_412,0.970,2.1290
3syr,3syr_413,0.950,2.9310
3syr,3syr_416,1.500,4.0710
3syr,3syr_448,0.870,4.5750
3syr,3syr_452,1.380,-0.8690
3syr,3syr_577,7.540,-4.4900
3syr,3syr_582,6.430,-5.8070
3syr,3syr_593,5.450,0.0440
3syr,3syr_594,3.470,3.0430
3syr,3syr_596,5.800,3.7010
3syr,3syr_599,6.600,-4.7320
3syr,3syr_600,6.020,3.9640
3syr,3syr_609,2.800,2.3440
3syr,3syr_614,7.570,-2.8510
3syr,3syr_617,2.310,-3.1450
3syr,3syr_618,2.070,-0.7780
3syr,3syr_621,2.770,-3.2550
3syr,3syr_622,3.230,2.8460
3syr,3syr_627,4.140,-1.0440
3syr,3syr_629,1.740,0.0690
3syr,3syr_631,3.250,-3.5480
3syr,3syr_695,4.800,2.6560
3syr,3syr_697,4.370,-0.1510
3syr,3syr_699,4.190,-2.1960
3syr,3syr_746,3.300,6.2300
3syr,3syr_748,3.190,3.7530
3syr,3syr_752,5.130,1.0250
3syr,3syr_759,5.300,1.8610
3syr,3syr_762,5.190,-0.7940
3syr,3syr_533,2.060,1.6270
3syr,3syr_539,3.920,-2.9010
3syr,3syr_545,2.070,-1.1620
3syr,3syr_550,6.050,2.1390
3syr,3syr_552,6.150,2.5260
3syr,3syr_557,5.540,-2.1340
3syr,3syr_563,5.640,-6.5490
3syr,3syr_564,2.030,3.0570
3syr,3syr_633,7.020,-1.9200
3syr,3syr_636,2.160,1.7600
3syr,3syr_647,3.240,-3.3360
3syr,3syr_648,3.990,1.0560
3syr,3syr_658,3.700,-3.9070
3syr,3syr_659,6.680,1.3430
3syr,3syr_679,8.120,2.7260
3syr,3syr_692,5.810,-0.6550
3syr,3syr_46,0.710,6.5710
3syr,3syr_462,1.560,-4.2570
3syr,3syr_47,0.360,8.0940
3syr,3syr_477,1.350,3.2860
3syr,3syr_484,2.380,1.1180
3syr,3syr_499,2.530,0.9890
3syr,3syr_500,1.960,-2.8120
3syr,3syr_523,3.040,-5.1670
3u5j,3u5j_756,5.860,3.3100
3u5j,3u5j_757,6.490,4.6340
3u5j,3u5j_759,5.780,3.0200
3u5j,3u5j_764,6.490,3.6440
3u5j,3u5j_773,6.080,3.3000
3u5j,3u5j_803,1.530,5.7370
3u5j,3u5j_830,2.890,6.2050
3u5j,3u5j_845,4.000,3.8310
3u5j,3u5j_690,3.120,-1.5130
3u5j,3u5j_710,1.990,4.5090
3u5j,3u5j_723,4.270,3.4100
3u5j,3u5j_728,6.060,6.3090
3u5j,3u5j_731,4.530,3.5570
3u5j,3u5j_733,6.230,3.9810
3u5j,3u5j_736,5.820,3.3370
3u5j,3u5j_746,5.670,3.2930
3u5j,3u5j_858,4.370,3.7890
3u5j,3u5j_894,2.390,5.5040
3u5j,3u5j_928,2.930,6.1690
3u5j,3u5j_968,5.510,1.8790
3u5j,3u5j_972,5.860,5.5260
3u5j,3u5j_974,2.300,4.9250
3u8k,3u8k_110,2.970,4.1810
3u8k,3u8k_147,0.450,5.6250
3u8k,3u8k_499,3.040,-5.6550
3u8k,3u8k_512,1.940,-3.9050
3u8k,3u8k_524,6.370,1.4440
3u8k,3u8k_529,5.300,-0.3820
3u8k,3u8k_532,6.530,-3.5880
3u8k,3u8k_537,1.660,-3.4620
3u8k,3u8k_544,5.270,-0.9510
3u8k,3u8k_549,6.340,0.6200
3u5j,3u5j_143,1.030,7.4570
3u5j,3u5j_147,2.440,5.9070
3u5j,3u5j_174,1.010,7.0080
3u5j,3u5j_195,1.880,7.0530
3u5j,3u5j_20,1.440,6.6140
3u5j,3u5j_203,2.490,6.2340
3u5j,3u5j_213,0.700,6.6600
3u5j,3u5j_233,0.560,7.6410
3u8k,3u8k_224,0.660,5.5510
3u8k,3u8k_362,0.520,6.9880
3u8k,3u8k_408,1.080,2.8070
3u8k,3u8k_412,2.670,2.0720
3u8k,3u8k_420,1.020,1.4280
3u8k,3u8k_422,0.830,4.5570
3u8k,3u8k_424,1.180,-0.8590
3u8k,3u8k_426,2.850,-1.8630
3u8k,3u8k_444,4.190,-1.2070
3u8k,3u8k_448,0.910,2.7800
3u8k,3u8k_456,1.730,-4.1570
3u8k,3u8k_463,4.100,-1.4790
3u8k,3u8k_475,3.020,-0.0360
3u8k,3u8k_479,0.770,0.4350
3u8k,3u8k_481,3.030,-3.9440
3u8k,3u8k_494,3.050,-7.6300
3u5j,3u5j_24,1.020,7.1500
3u5j,3u5j_251,0.790,7.8620
3u5j,3u5j_257,0.630,7.0480
3u5j,3u5j_268,5.140,3.1770
3u5j,3u5j_290,5.340,3.2910
3u5j,3u5j_294,0.650,7.8010
3u5j,3u5j_419,6.060,-10.7610
3u5j,3u5j_421,3.640,-4.7380
3u5j,3u5j_561,4.680,2.1960
3u5j,3u5j_563,3.980,-3.4830
3u5j,3u5j_566,4.390,0.9920
3u5j,3u5j_574,4.670,1.2970
3u5j,3u5j_576,2.600,0.2850
3u5j,3u5j_578,4.850,-1.2690
3u5j,3u5j_580,6.890,-2.3160
3u5j,3u5j_584,7.810,1.6220
3u8k,3u8k_550,4.780,-0.7590
3u8k,3u8k_551,1.960,0.1090
3u8k,3u8k_556,4.940,-2.4580
3u8k,3u8k_557,5.050,-5.1650
3u8k,3u8k_561,6.530,2.0700
3u8k,3u8k_563,2.350,-1.5860
3u8k,3u8k_564,4.380,-1.3390
3u8k,3u8k_568,5.170,1.0100
3u8k,3u8k_569,2.530,-2.7370
3u8k,3u8k_573,5.720,-2.0920
3u8k,3u8k_575,6.170,2.0430
3u8k,3u8k_579,5.640,-6.7820
3u8k,3u8k_584,4.590,-3.4410
3u8k,3u8k_587,3.450,-3.2210
3u8k,3u8k_588,5.190,-2.3160
3u8k,3u8k_589,2.120,-4.6710
3u5j,3u5j_589,3.250,0.5170
3u5j,3u5j_591,2.810,1.4830
3u5j,3u5j_593,3.840,0.1120
3u5j,3u5j_603,4.200,-3.0910
3u5j,3u5j_62,0.570,7.8530
3u5j,3u5j_620,1.340,0.3070
3u5j,3u5j_639,1.080,2.9200
3u5j,3u5j_65,0.410,8.2300
3u5j,3u5j_493,6.050,-9.5090
3u5j,3u5j_497,3.900,-7.6520
3u5j,3u5j_498,3.760,-13.3280
3u5j,3u5j_505,0.730,6.7980
3u5j,3u5j_526,3.060,6.7390
3u5j,3u5j_536,6.020,-1.1670
3u5j,3u5j_54,0.630,7.2400
3u5j,3u5j_557,2.500,3.3000
3u8k,3u8k_682,1.030,-4.2760
3u8k,3u8k_683,3.430,-4.9700
3u8k,3u8k_689,6.290,-2.1470
3u8k,3u8k_717,0.600,6.3580
3u8k,3u8k_723,0.800,6.5320
3u8k,3u8k_748,6.110,3.3970
3u8k,3u8k_756,6.660,2.5770
3u8k,3u8k_765,6.840,2.1960
3u5j,3u5j_434,5.570,-6.2700
3u5j,3u5j_439,6.180,-17.2440
3u5j,3u5j_458,5.220,-5.7790
3u5j,3u5j_47,0.720,7.7380
3u5j,3u5j_475,1.570,3.0120
3u5j,3u5j_481,2.380,-1.5090
3u5j,3u5j_482,3.940,-7.8550
3u5j,3u5j_491,4.950,-9.7490
3u8k,3u8k_593,5.380,-3.6790
3u8k,3u8k_594,2.230,0.4630
3u8k,3u8k_607,1.810,0.3780
3u8k,3u8k_612,0.970,2.4120
3u8k,3u8k_619,3.770,-3.6170
3u8k,3u8k_631,5.920,-6.2810
3u8k,3u8k_650,3.820,-1.9490
3u8k,3u8k_680,4.220,-3.7950
3u8k,3u8k_771,3.790,1.9470
3u8k,3u8k_773,7.540,3.1240
3u8k,3u8k_775,4.060,3.8510
3u8k,3u8k_776,1.700,-0.3740
3u8k,3u8k_777,6.000,0.0320
3u8k,3u8k_780,7.800,2.6400
3u8k,3u8k_782,4.490,-0.0870
3u8k,3u8k_784,3.560,1.3300
3u8k,3u8k_787,6.560,-0.1350
3u8k,3u8k_796,2.100,-2.2860
3u8k,3u8k_797,2.250,-6.2490
3u8k,3u8k_799,2.820,-10.9700
3u8k,3u8k_800,4.100,-5.4380
3u8k,3u8k_830,0.520,6.2510
3u8n,3u8n_441,1.020,1.5100
3u8n,3u8n_443,3.050,-5.3090
3syr,3syr_772,5.230,-0.1420
3syr,3syr_823,1.530,3.1530
3syr,3syr_862,0.780,7.8100
3syr,3syr_88,5.480,6.4200
3syr,3syr_93,0.490,6.9180
3syr,3syr_969,0.820,8.0200
3tsk,3tsk_134,4.100,7.4760
3tsk,3tsk_176,2.870,8.2980
3u8n,3u8n_529,5.430,1.8500
3u8n,3u8n_531,1.170,-3.2630
3u8n,3u8n_542,3.320,-4.4170
3u8n,3u8n_557,5.040,-6.6350
3u8n,3u8n_576,5.570,1.7490
3u8n,3u8n_581,0.780,-1.5360
3u8n,3u8n_622,3.550,-4.3090
3u8n,3u8n_648,1.270,-4.5980
3u8n,3u8n_464,2.120,-6.3350
3u8n,3u8n_468,0.940,0.5120
3u8n,3u8n_471,4.340,-9.8490
3u8n,3u8n_477,2.010,-5.1060
3u8n,3u8n_482,3.230,-9.5540
3u8n,3u8n_498,2.990,-6.7700
3u8n,3u8n_509,0.930,-3.3880
3u8n,3u8n_516,0.860,-0.5070
3u9q,3u9q_252,1.270,4.1090
3u9q,3u9q_268,0.570,4.2590
3u9q,3u9q_273,1.250,3.7450
3u9q,3u9q_278,0.780,5.0460
3u9q,3u9q_282,0.910,3.3600
3u9q,3u9q_286,1.340,4.3200
3u9q,3u9q_291,0.890,4.7530
3u9q,3u9q_355,5.570,4.7310
3u9q,3u9q_363,4.040,4.5210
3u9q,3u9q_386,1.390,5.2680
3u9q,3u9q_407,2.020,3.6320
3u9q,3u9q_416,0.880,3.0500
3u9q,3u9q_421,1.320,0.7930
3u9q,3u9q_426,1.270,2.5190
3u9q,3u9q_451,1.140,-0.3940
3u9q,3u9q_458,6.120,1.9120
3u8n,3u8n_733,5.070,3.5440
3u8n,3u8n_735,5.620,4.0120
3u8n,3u8n_763,4.300,0.5120
3u8n,3u8n_764,4.950,-15.5880
3u8n,3u8n_773,4.730,0.8490
3u8n,3u8n_774,5.590,1.7770
3u8n,3u8n_778,2.760,-4.7230
3u8n,3u8n_779,5.360,-0.8690
3u8n,3u8n_662,3.080,-5.2420
3u8n,3u8n_675,3.010,-3.2260
3u8n,3u8n_691,4.240,-7.1380
3u8n,3u8n_693,1.320,-3.4030
3u8n,3u8n_704,3.200,3.7400
3u8n,3u8n_713,0.720,5.3690
3u8n,3u8n_718,3.230,3.4010
3u8n,3u8n_724,4.940,3.1930
3u8n,3u8n_893,5.280,1.6020
3u8n,3u8n_894,1.230,2.6340
3u8n,3u8n_915,0.860,5.8840
3u8n,3u8n_928,0.840,5.3620
3u8n,3u8n_929,1.030,3.6550
3u8n,3u8n_963,0.880,4.7780
3u8n,3u8n_971,3.330,0.7820
3u8n,3u8n_974,2.520,2.2240
3u8n,3u8n_780,4.780,1.2120
3u8n,3u8n_784,4.620,-5.4300
3u8n,3u8n_785,2.580,-5.3540
3u8n,3u8n_787,1.860,-7.4790
3u8n,3u8n_788,4.960,-4.7100
3u8n,3u8n_789,5.070,-6.2200
3u8n,3u8n_790,3.840,-8.0340
3u8n,3u8n_791,6.300,-14.9090
3u8n,3u8n_981,1.320,1.9980
3u8n,3u8n_991,1.970,-0.5720
3u8n,3u8n_998,2.120,-0.5040
3u9q,3u9q_133,0.930,4.8710
3u9q,3u9q_158,0.700,4.4600
3u9q,3u9q_22,5.570,4.5850
3u9q,3u9q_234,0.970,4.9500
3u9q,3u9q_238,0.910,4.7550
3u8n,3u8n_792,2.730,-9.2010
3u8n,3u8n_794,4.600,-7.2690
3u8n,3u8n_798,5.250,-5.6250
3u8n,3u8n_816,0.420,4.4450
3u8n,3u8n_822,0.750,4.3580
3u8n,3u8n_850,1.250,-0.4040
3u8n,3u8n_869,2.660,1.9440
3u8n,3u8n_874,2.850,-3.0330
3u9q,3u9q_476,6.160,0.6120
3u9q,3u9q_477,6.380,1.0920
3u9q,3u9q_480,4.980,2.0840
3u9q,3u9q_509,3.880,2.3210
3u9q,3u9q_53,5.700,3.1500
3u9q,3u9q_539,2.600,-1.1670
3u9q,3u9q_540,3.010,0.6950
3u9q,3u9q_546,5.090,2.0670
3u9q,3u9q_629,4.510,-0.5380
3u9q,3u9q_630,3.090,-0.7690
3u9q,3u9q_633,2.070,2.0950
3u9q,3u9q_639,4.270,-1.8580
3u9q,3u9q_640,2.420,0.9360
3u9q,3u9q_645,2.020,1.3280
3u9q,3u9q_656,3.920,1.3080
3u9q,3u9q_658,5.780,-0.0160
3tsk,3tsk_803,8.610,5.2590
3tsk,3tsk_847,9.050,3.6880
3tsk,3tsk_870,4.360,4.2690
3tsk,3tsk_93,6.680,7.1360
3tsk,3tsk_979,6.970,4.4530
3tsk,3tsk_980,3.450,1.4250
3twp,3twp_105,7.540,4.7790
3twp,3twp_108,7.310,4.5560
3u9q,3u9q_559,2.030,0.1680
3u9q,3u9q_562,4.810,2.8890
3u9q,3u9q_576,3.910,-0.8690
3u9q,3u9q_602,4.730,0.6100
3u9q,3u9q_606,4.880,1.2020
3u9q,3u9q_619,3.600,-1.2240
3u9q,3u9q_621,1.910,-0.5940
3u9q,3u9q_623,4.130,-1.7310
3u9q,3u9q_810,1.550,4.1290
3u9q,3u9q_860,2.350,3.6050
3u9q,3u9q_867,1.930,3.1000
3u9q,3u9q_877,6.010,4.0530
3u9q,3u9q_883,2.850,3.2160
3u9q,3u9q_890,4.000,2.5850
3u9q,3u9q_91,0.910,4.7960
3u9q,3u9q_938,3.510,2.8270
3u9q,3u9q_760,6.230,3.4190
3u9q,3u9q_773,6.010,3.6190
3u9q,3u9q_778,6.090,3.2880
3u9q,3u9q_783,6.100,3.0860
3u9q,3u9q_784,3.670,3.7600
3u9q,3u9q_788,6.140,2.5080
3u9q,3u9q_793,5.050,3.0330
3u9q,3u9q_794,5.730,2.9820
3u9q,3u9q_663,4.850,-0.0490
3u9q,3u9q_669,4.220,-0.7650
3u9q,3u9q_680,5.980,-1.0390
3u9q,3u9q_682,5.680,0.6860
3u9q,3u9q_696,3.510,-0.6960
3u9q,3u9q_750,6.070,3.7170
3u9q,3u9q_753,2.900,2.2700
3u9q,3u9q_756,5.460,3.3050
3tsk,3tsk_444,3.470,-34.0690
3tsk,3tsk_455,3.520,-40.3770
3tsk,3tsk_456,8.580,-1.2350
3tsk,3tsk_458,2.690,-16.7160
3tsk,3tsk_460,5.070,-24.2480
3tsk,3tsk_461,9.360,-24.7610
3tsk,3tsk_464,3.490,-41.6210
3tsk,3tsk_465,7.570,-22.3940
3u9q,3u9q_971,2.480,3.5310
3udh,3udh_118,1.990,5.2060
3udh,3udh_121,0.510,6.5520
3udh,3udh_130,0.860,6.2590
3udh,3udh_234,0.420,5.1020
3udh,3udh_30,0.500,6.1610
3udh,3udh_318,6.600,5.2070
3udh,3udh_347,0.320,6.9940
3udh,3udh_359,0.140,7.2250
3udh,3udh_392,0.650,5.7590
3udh,3udh_405,3.830,5.2320
3udh,3udh_411,1.690,3.7480
3udh,3udh_413,1.540,5.6430
3udh,3udh_418,1.200,4.8410
3udh,3udh_420,0.960,5.1270
3udh,3udh_444,1.070,2.1490
3ueu,3ueu_230,5.950,3.0240
3ueu,3ueu_235,7.100,4.6320
3ueu,3ueu_24,1.510,5.0540
3ueu,3ueu_241,6.720,3.9650
3ueu,3ueu_244,2.010,4.4830
3ueu,3ueu_247,6.910,3.5740
3ueu,3ueu_268,6.980,4.2290
3ueu,3ueu_271,6.890,5.0760
3udh,3udh_453,1.210,4.1890
3udh,3udh_459,1.490,5.5800
3udh,3udh_460,3.350,4.4150
3udh,3udh_462,4.430,4.1700
3udh,3udh_464,4.240,3.4830
3udh,3udh_477,1.400,0.8090
3udh,3udh_481,2.730,5.0350
3udh,3udh_491,4.060,1.4070
3ueu,3ueu_1000,3.190,3.2390
3ueu,3ueu_120,2.100,4.9330
3ueu,3ueu_147,1.790,4.6510
3ueu,3ueu_173,2.400,4.0930
3ueu,3ueu_202,1.770,4.7020
3ueu,3ueu_213,4.750,4.6460
3ueu,3ueu_22,1.880,5.1840
3ueu,3ueu_224,7.090,3.7010
3udh,3udh_499,4.200,3.9530
3udh,3udh_50,0.500,6.9950
3udh,3udh_500,2.050,-4.9190
3udh,3udh_519,1.610,4.2910
3udh,3udh_523,2.020,0.1390
3udh,3udh_527,5.040,3.3220
3udh,3udh_528,3.500,2.5550
3udh,3udh_543,3.970,3.3360
3tsk,3tsk_468,2.830,-19.4980
3tsk,3tsk_475,8.100,-36.0160
3tsk,3tsk_479,3.360,-28.3400
3tsk,3tsk_487,5.400,-25.9780
3tsk,3tsk_491,6.250,1.0720
3tsk,3tsk_495,9.310,-43.6500
3tsk,3tsk_499,6.600,-28.6460
3tsk,3tsk_500,2.950,-40.9000
3ueu,3ueu_280,5.030,2.6760
3ueu,3ueu_286,7.280,4.3970
3ueu,3ueu_287,6.740,3.9230
3ueu,3ueu_291,7.010,3.7130
3ueu,3ueu_31,1.710,5.3830
3ueu,3ueu_315,1.000,5.4350
3ueu,3ueu_328,0.950,5.3530
3ueu,3ueu_36,0.930,5.1490
3tsk,3tsk_646,7.980,-13.5000
3tsk,3tsk_655,9.330,-8.2430
3tsk,3tsk_656,8.900,-3.7090
3tsk,3tsk_668,8.440,-5.9750
3tsk,3tsk_669,7.260,-7.6230
3tsk,3tsk_674,7.750,-2.8570
3tsk,3tsk_679,5.310,-26.5320
3tsk,3tsk_696,7.510,-10.5720
3ueu,3ueu_37,0.860,5.1060
3ueu,3ueu_392,0.880,5.3960
3ueu,3ueu_425,1.510,3.0820
3ueu,3ueu_434,4.370,1.4960
3ueu,3ueu_435,4.850,1.9640
3ueu,3ueu_437,2.010,3.9130
3ueu,3ueu_438,1.140,3.8270
3ueu,3ueu_441,3.960,3.3630
3udh,3udh_712,6.320,1.6380
3udh,3udh_72,0.430,6.2060
3udh,3udh_725,7.020,3.3150
3udh,3udh_735,7.040,3.1070
3udh,3udh_738,6.310,3.9090
3udh,3udh_743,5.950,1.4300
3udh,3udh_746,7.320,4.1410
3udh,3udh_752,6.810,2.3020
3udh,3udh_549,2.730,4.3910
3udh,3udh_566,3.100,3.4570
3udh,3udh_570,3.750,3.5150
3udh,3udh_579,2.690,4.4810
3udh,3udh_581,4.040,4.2700
3udh,3udh_588,3.850,4.9640
3udh,3udh_596,2.720,1.8070
3udh,3udh_634,5.360,0.9930
3udh,3udh_638,3.180,0.1100
3udh,3udh_651,3.050,0.3480
3udh,3udh_670,1.910,4.3400
3udh,3udh_672,3.530,-2.2710
3udh,3udh_679,2.280,-1.5080
3udh,3udh_685,2.090,1.4870
3udh,3udh_686,4.840,4.3000
3udh,3udh_694,4.680,4.5700
3tsk,3tsk_700,9.290,1.5070
3tsk,3tsk_702,8.290,5.6340
3tsk,3tsk_713,3.960,5.1530
3tsk,3tsk_721,7.660,4.9150
3tsk,3tsk_733,9.420,3.6140
3tsk,3tsk_767,4.750,2.2260
3tsk,3tsk_78,8.370,7.3830
3tsk,3tsk_784,9.000,3.2950
3udh,3udh_759,7.090,3.8730
3udh,3udh_768,5.080,2.5280
3udh,3udh_780,5.730,1.7950
3udh,3udh_783,6.680,4.4200
3udh,3udh_785,6.070,0.7470
3udh,3udh_797,6.060,1.1830
3udh,3udh_799,5.150,-0.8750
3udh,3udh_800,6.450,-2.0240
3tsk,3tsk_344,2.040,8.2470
3tsk,3tsk_358,1.750,8.5740
3tsk,3tsk_380,6.350,8.3420
3tsk,3tsk_381,2.080,7.8890
3tsk,3tsk_382,4.180,8.4890
3tsk,3tsk_40,9.960,6.9410
3tsk,3tsk_400,5.760,8.4880
3tsk,3tsk_402,6.380,-22.7860
3ueu,3ueu_447,3.200,1.5310
3ueu,3ueu_450,2.440,2.8970
3ueu,3ueu_451,4.530,2.4750
3ueu,3ueu_454,5.970,1.8570
3ueu,3ueu_463,4.620,2.5630
3ueu,3ueu_465,3.960,3.7430
3ueu,3ueu_487,4.030,2.6670
3ueu,3ueu_489,4.470,2.8380
3tsk,3tsk_259,4.800,1.9020
3tsk,3tsk_263,3.980,4.6720
3tsk,3tsk_273,5.120,5.2200
3tsk,3tsk_285,5.280,0.6100
3tsk,3tsk_29,8.420,5.9210
3tsk,3tsk_294,5.020,4.5120
3tsk,3tsk_31,7.010,7.5530
3tsk,3tsk_337,4.220,8.3830
3udh,3udh_861,5.310,4.2950
3udh,3udh_885,5.180,5.4660
3udh,3udh_895,7.170,-0.3430
3udh,3udh_899,7.190,-0.4130
3udh,3udh_926,6.270,2.9360
3udh,3udh_930,4.770,2.6220
3udh,3udh_957,2.500,4.8160
3udh,3udh_997,6.110,2.5240
3udh,3udh_823,2.720,3.5910
3udh,3udh_825,7.570,3.0850
3udh,3udh_829,7.250,4.6480
3udh,3udh_832,4.970,3.2770
3udh,3udh_834,7.520,3.4130
3udh,3udh_835,5.010,1.6480
3udh,3udh_837,4.910,4.0330
3udh,3udh_843,5.720,4.4280
3tsk,3tsk_557,7.990,-2.3200
3tsk,3tsk_561,6.870,-14.0990
3tsk,3tsk_576,5.080,-19.1680
3tsk,3tsk_580,7.590,-13.6060
3tsk,3tsk_589,8.940,0.8300
3tsk,3tsk_594,4.590,-13.2850
3tsk,3tsk_596,7.920,-7.5320
3tsk,3tsk_598,4.540,-29.6340
3tsk,3tsk_405,2.720,-28.5140
3tsk,3tsk_422,2.770,-31.7000
3tsk,3tsk_423,3.840,0.0550
3tsk,3tsk_426,3.700,-3.2790
3tsk,3tsk_430,5.140,-10.4930
3tsk,3tsk_433,2.930,-21.3140
3tsk,3tsk_441,4.500,-1.6410
3tsk,3tsk_443,4.360,-36.4200
3tsk,3tsk_509,6.290,-10.3200
3tsk,3tsk_512,6.190,1.4680
3tsk,3tsk_522,9.010,0.1040
3tsk,3tsk_527,6.980,-24.5770
3tsk,3tsk_532,3.250,-17.4290
3tsk,3tsk_541,5.040,-9.1600
3tsk,3tsk_547,9.040,-3.9470
3tsk,3tsk_552,9.320,-14.5440
3ueu,3ueu_587,4.940,0.4100
3ueu,3ueu_592,6.490,3.3780
3ueu,3ueu_604,4.600,1.4720
3ueu,3ueu_619,3.800,3.6450
3ueu,3ueu_620,7.270,1.7620
3ueu,3ueu_621,7.520,2.0470
3ueu,3ueu_652,5.020,1.6160
3ueu,3ueu_655,5.330,2.1280
3ueu,3ueu_490,6.350,-0.0000
3ueu,3ueu_497,1.270,2.0370
3ueu,3ueu_514,5.910,2.2060
3ueu,3ueu_52,0.870,4.9700
3ueu,3ueu_527,2.480,3.6700
3ueu,3ueu_535,5.960,2.1800
3ueu,3ueu_549,2.160,2.4190
3ueu,3ueu_550,3.530,2.0310
3ueu,3ueu_551,5.880,3.8600
3ueu,3ueu_564,3.180,2.9410
3ueu,3ueu_565,2.460,2.8800
3ueu,3ueu_570,6.070,3.6590
3ueu,3ueu_574,2.210,3.4250
3ueu,3ueu_577,7.930,2.2570
3ueu,3ueu_578,6.200,1.6030
3ueu,3ueu_58,1.170,4.8170
3uew,3uew_423,7.410,1.8660
3uew,3uew_431,4.630,0.5170
3uew,3uew_433,5.410,1.3000
3uew,3uew_436,1.840,2.1710
3uew,3uew_439,3.780,2.3810
3uew,3uew_444,5.520,2.7160
3uew,3uew_446,4.700,1.5700
3uew,3uew_450,5.470,3.3030
3ueu,3ueu_666,2.920,3.0320
3ueu,3ueu_667,5.960,1.8260
3ueu,3ueu_67,0.950,5.0900
3ueu,3ueu_670,5.540,2.7660
3ueu,3ueu_678,3.960,1.8770
3ueu,3ueu_694,7.120,0.5680
3ueu,3ueu_8,1.170,4.9460
3ueu,3ueu_830,3.370,4.7270
3ueu,3ueu_836,7.070,3.2190
3ueu,3ueu_84,0.920,5.2580
3ueu,3ueu_91,0.930,5.0220
3ueu,3ueu_937,6.650,1.9000
3ueu,3ueu_962,4.150,4.0720
3ueu,3ueu_972,7.440,4.4210
3ueu,3ueu_996,3.020,4.5860
3uev,3uev_117,2.310,5.2930
3uev,3uev_456,3.720,1.0190
3uev,3uev_464,5.050,1.6450
3uev,3uev_465,4.090,3.4680
3uev,3uev_467,4.010,2.3230
3uev,3uev_474,7.220,0.1300
3uev,3uev_475,7.710,1.4020
3uev,3uev_483,4.100,1.9210
3uev,3uev_488,4.040,2.8630
3uev,3uev_178,1.730,5.1860
3uev,3uev_194,1.980,5.2930
3uev,3uev_233,6.980,3.1870
3uev,3uev_236,1.300,5.1080
3uev,3uev_249,2.630,5.3080
3uev,3uev_266,6.950,4.6820
3uev,3uev_272,6.900,4.3090
3uev,3uev_277,7.020,4.4990
3uev,3uev_509,6.240,3.4730
3uev,3uev_544,3.090,3.5200
3uev,3uev_561,4.100,3.3230
3uev,3uev_566,4.440,2.9860
3uev,3uev_569,4.020,3.0770
3uev,3uev_573,4.390,3.8360
3uev,3uev_575,6.630,3.0380
3uev,3uev_580,5.780,3.4240
3uev,3uev_673,5.980,2.3290
3uev,3uev_675,2.080,1.8730
3uev,3uev_684,6.200,1.5820
3uev,3uev_695,6.480,1.6230
3uev,3uev_700,1.000,4.2230
3uev,3uev_72,1.310,5.1470
3uev,3uev_731,7.140,4.8300
3uev,3uev_749,2.370,4.7720
3uev,3uev_619,3.060,-0.0340
3uev,3uev_62,2.820,5.5580
3uev,3uev_621,1.840,-1.2200
3uev,3uev_645,5.550,2.1810
3uev,3uev_655,4.500,1.3420
3uev,3uev_659,2.410,3.0790
3uev,3uev_661,2.710,1.3440
3uev,3uev_666,3.200,1.9260
3uev,3uev_290,1.470,4.7000
3uev,3uev_36,3.230,5.4640
3uev,3uev_37,3.130,5.4760
3uev,3uev_420,8.130,2.1750
3uev,3uev_444,3.270,1.3100
3uev,3uev_451,7.050,2.4200
3uev,3uev_452,6.570,2.4300
3uev,3uev_455,7.110,1.9640
3uev,3uev_583,7.980,1.3460
3uev,3uev_585,1.810,1.9510
3uev,3uev_590,6.490,1.3030
3uev,3uev_591,5.350,4.1600
3uev,3uev_592,4.470,1.7820
3uev,3uev_598,6.400,1.6250
3uev,3uev_603,1.940,1.0460
3uev,3uev_611,2.020,0.4890
3uew,3uew_255,1.340,5.1060
3uew,3uew_281,8.200,4.3920
3uew,3uew_282,1.090,4.4900
3uew,3uew_290,1.640,4.6410
3uew,3uew_352,1.560,5.5960
3uew,3uew_404,2.970,2.3350
3uew,3uew_409,3.550,3.8470
3uew,3uew_415,7.090,-0.1260
3uev,3uev_766,3.830,4.0010
3uev,3uev_778,2.140,4.6910
3uev,3uev_793,7.190,3.9420
3uev,3uev_794,1.480,4.6700
3uev,3uev_80,3.160,5.4740
3uev,3uev_800,7.190,2.7260
3uev,3uev_830,2.530,4.2320
3uev,3uev_937,7.080,3.7240
3uev,3uev_957,1.540,3.9520
3uev,3uev_975,3.070,4.4520
3uew,3uew_161,2.040,5.0170
3uew,3uew_211,7.990,3.4900
3uew,3uew_224,8.520,5.4020
3uew,3uew_229,9.010,5.0290
3uew,3uew_243,2.650,5.0450
3uew,3uew_249,7.620,5.0040
3uew,3uew_558,4.090,1.3190
3uew,3uew_564,5.730,1.0580
3uew,3uew_566,5.150,3.3510
3uew,3uew_575,6.710,-0.6400
3uew,3uew_582,7.000,0.9220
3uew,3uew_583,7.180,2.1260
3uew,3uew_587,7.130,3.1080
3uew,3uew_588,6.830,2.1310
3uew,3uew_451,2.270,0.9140
3uew,3uew_454,4.020,1.7680
3uew,3uew_456,5.470,-2.8540
3uew,3uew_458,9.150,-0.9480
3uew,3uew_467,3.870,-0.0750
3uew,3uew_471,3.080,-0.4880
3uew,3uew_474,5.550,-1.2640
3uew,3uew_475,4.360,2.5460
3uew,3uew_477,9.260,-0.0810
3uew,3uew_481,5.160,0.4290
3uew,3uew_482,9.940,-3.7050
3uew,3uew_484,8.510,-0.4850
3uew,3uew_487,3.350,0.6950
3uew,3uew_488,4.780,-2.5470
3uew,3uew_489,6.990,1.6100
3uew,3uew_493,7.770,-0.1420
3uew,3uew_495,5.320,-3.2750
3uew,3uew_508,5.170,3.5430
3uew,3uew_515,8.530,-0.3580
3uew,3uew_520,6.150,1.6700
3uew,3uew_533,6.910,1.8500
3uew,3uew_537,4.040,1.5860
3uew,3uew_545,8.880,2.3710
3uew,3uew_555,6.780,1.3100
3uew,3uew_663,3.860,-1.8610
3uew,3uew_664,7.970,-1.0110
3uew,3uew_666,2.110,-2.0460
3uew,3uew_670,7.260,-0.1040
3uew,3uew_672,2.440,3.4690
3uew,3uew_675,8.980,-2.1130
3uew,3uew_681,6.130,3.0930
3uew,3uew_686,4.860,2.4730
3uew,3uew_595,7.920,1.9700
3uew,3uew_603,2.270,-2.8450
3uew,3uew_612,9.730,-0.5180
3uew,3uew_613,1.760,2.0140
3uew,3uew_624,1.570,-2.3550
3uew,3uew_644,8.060,0.8020
3uew,3uew_649,3.120,-0.2110
3uew,3uew_65,1.640,5.0570
3uew,3uew_697,6.040,1.1590
3uew,3uew_7,3.570,5.1730
3uew,3uew_700,9.840,0.7780
3uew,3uew_735,4.100,4.4020
3uew,3uew_740,4.070,3.7450
3uew,3uew_751,3.130,2.6820
3uew,3uew_757,8.120,4.0310
3uew,3uew_759,1.490,4.0570
3uex,3uex_401,6.990,1.5800
3uex,3uex_409,3.350,1.1090
3uex,3uex_411,8.710,3.0840
3uex,3uex_413,3.650,4.5280
3uex,3uex_419,8.430,-2.0710
3uex,3uex_420,5.880,1.8900
3uex,3uex_424,6.620,0.6930
3uex,3uex_425,5.430,2.6110
3uex,3uex_444,7.890,0.5030
3uex,3uex_447,8.540,-1.8490
3uex,3uex_452,8.210,-1.4050
3uex,3uex_458,6.490,1.9740
3uex,3uex_476,7.170,3.2710
3uex,3uex_482,8.060,2.1080
3uex,3uex_483,8.360,-1.1910
3uex,3uex_485,4.180,2.3070
3uex,3uex_627,5.280,0.4920
3uex,3uex_63,0.960,5.2060
3uex,3uex_630,2.820,-1.5930
3uex,3uex_640,4.720,0.0050
3uex,3uex_648,2.550,-0.0910
3uex,3uex_652,6.950,1.1260
3uex,3uex_657,4.860,1.1260
3uex,3uex_660,2.670,-0.9640
3uew,3uew_780,3.150,4.4140
3uew,3uew_787,8.270,3.9010
3uew,3uew_790,2.410,4.0570
3uew,3uew_803,2.060,3.7500
3uew,3uew_844,1.970,3.5080
3uew,3uew_880,2.550,2.6820
3uew,3uew_919,8.160,1.7050
3uex,3uex_1000,4.080,3.6050
3uex,3uex_542,3.050,2.7010
3uex,3uex_56,0.940,5.6900
3uex,3uex_562,4.150,2.3430
3uex,3uex_566,3.410,2.7450
3uex,3uex_576,2.700,0.0450
3uex,3uex_581,3.720,3.6360
3uex,3uex_585,1.660,0.5070
3uex,3uex_588,6.750,1.9030
3uex,3uex_102,1.870,5.0580
3uex,3uex_12,0.960,5.6610
3uex,3uex_187,2.310,5.3120
3uex,3uex_203,6.830,4.7220
3uex,3uex_212,1.280,4.0810
3uex,3uex_224,1.690,4.3540
3uex,3uex_227,0.730,4.9420
3uex,3uex_244,7.330,5.1840
3uex,3uex_491,6.770,-1.4110
3uex,3uex_493,4.280,1.9340
3uex,3uex_498,7.580,-2.4120
3uex,3uex_499,8.180,-0.2660
3uex,3uex_508,2.080,0.6330
3uex,3uex_517,7.120,3.2600
3uex,3uex_521,7.350,2.7530
3uex,3uex_522,7.500,3.7260
3uex,3uex_667,5.440,-0.5130
3uex,3uex_668,6.630,1.8940
3uex,3uex_678,3.620,-1.8540
3uex,3uex_688,4.030,-4.6390
3uex,3uex_690,7.920,-0.3120
3uex,3uex_693,2.380,0.3910
3uex,3uex_696,1.970,1.3040
3uex,3uex_697,6.760,2.0320
3uex,3uex_247,0.930,5.3780
3uex,3uex_25,3.550,5.8080
3uex,3uex_254,7.590,4.5240
3uex,3uex_255,4.270,5.1590
3uex,3uex_267,0.950,5.4150
3uex,3uex_276,0.640,5.1670
3uex,3uex_292,0.700,4.8190
3uex,3uex_299,1.520,4.7820
3uex,3uex_733,1.900,5.0820
3uex,3uex_743,4.160,4.4170
3uex,3uex_748,7.410,2.8320
3uex,3uex_76,1.000,5.6460
3uex,3uex_764,3.690,3.9140
3uex,3uex_772,3.040,4.4160
3uex,3uex_775,2.570,4.3670
3uex,3uex_778,6.940,3.1240
3uex,3uex_782,3.200,4.2730
3uex,3uex_794,2.690,4.0230
3uex,3uex_815,2.560,5.3140
3uex,3uex_836,1.980,4.8990
3uex,3uex_859,4.650,5.2180
3uex,3uex_90,1.270,5.3740
3uex,3uex_94,1.360,5.5490
3uex,3uex_98,0.990,5.7960
3ui7,3ui7_133,0.500,7.0760
3ui7,3ui7_138,1.260,5.3090
3ui7,3ui7_151,2.900,7.3580
3ui7,3ui7_16,0.630,7.5270
3ui7,3ui7_208,0.630,6.6620
3ui7,3ui7_227,0.530,7.0920
3ui7,3ui7_240,5.410,2.3700
3ui7,3ui7_282,0.500,7.1620
3ui7,3ui7_578,7.620,1.7580
3ui7,3ui7_586,7.680,-3.6080
3ui7,3ui7_606,8.410,-8.4170
3ui7,3ui7_625,8.060,-1.2690
3ui7,3ui7_630,7.020,-1.4840
3ui7,3ui7_635,6.050,-6.6480
3ui7,3ui7_638,8.130,2.9260
3ui7,3ui7_648,2.680,0.3420
3ui7,3ui7_471,5.380,-4.9810
3ui7,3ui7_494,3.820,3.5180
3ui7,3ui7_533,5.440,-15.2200
3ui7,3ui7_545,1.390,5.9190
3ui7,3ui7_552,7.070,-7.8520
3ui7,3ui7_562,8.020,-2.1760
3ui7,3ui7_565,7.150,-11.2050
3ui7,3ui7_577,8.050,-13.9230
3ui7,3ui7_287,1.010,4.7550
3ui7,3ui7_333,0.450,8.1460
3ui7,3ui7_335,0.900,7.0400
3ui7,3ui7_408,2.960,4.5550
3ui7,3ui7_424,2.280,-5.8500
3ui7,3ui7_445,1.210,1.6670
3ui7,3ui7_459,1.310,0.6250
3ui7,3ui7_47,3.280,6.9280
3ui7,3ui7_696,1.660,-3.8300
3ui7,3ui7_697,7.370,-0.0780
3ui7,3ui7_703,3.300,2.4880
3ui7,3ui7_714,4.050,0.9320
3ui7,3ui7_718,3.440,5.7160
3ui7,3ui7_719,5.000,5.7800
3ui7,3ui7_721,5.460,3.5770
3ui7,3ui7_730,3.790,3.5600
3ui7,3ui7_732,6.180,6.1850
3ui7,3ui7_735,5.920,0.0590
3ui7,3ui7_753,6.260,5.2850
3ui7,3ui7_759,8.010,5.0590
3ui7,3ui7_760,4.670,3.6880
3ui7,3ui7_762,6.740,4.1870
3ui7,3ui7_767,4.320,5.1560
3ui7,3ui7_772,7.820,5.1670
3ui7,3ui7_651,2.930,-6.5870
3ui7,3ui7_655,8.620,-13.3150
3ui7,3ui7_659,8.530,-1.7240
3ui7,3ui7_664,7.490,5.3970
3ui7,3ui7_673,6.440,-3.1770
3ui7,3ui7_675,2.080,-0.2950
3ui7,3ui7_683,1.560,4.4170
3ui7,3ui7_690,9.100,-5.3820
3ui7,3ui7_774,4.310,5.1090
3ui7,3ui7_776,6.360,4.6440
3ui7,3ui7_782,5.350,4.4620
3ui7,3ui7_784,5.140,0.1180
3ui7,3ui7_786,5.640,5.2040
3ui7,3ui7_790,6.630,3.8680
3ui7,3ui7_795,6.220,-2.9460
3ui7,3ui7_797,4.110,-0.2450
3ui7,3ui7_922,1.650,6.2960
3ui7,3ui7_932,2.320,3.9790
3ui7,3ui7_933,1.710,2.7920
3ui7,3ui7_934,2.920,5.7450
3ui7,3ui7_942,3.050,6.0250
3ui7,3ui7_956,0.600,6.3610
3ui7,3ui7_970,6.890,1.6750
3ui7,3ui7_993,2.890,0.9970
3ui7,3ui7_877,6.700,5.8780
3ui7,3ui7_878,2.710,4.1040
3ui7,3ui7_883,4.340,4.3620
3ui7,3ui7_898,7.040,4.7450
3ui7,3ui7_90,3.110,6.4780
3ui7,3ui7_900,1.000,5.3420
3ui7,3ui7_907,0.960,5.0870
3ui7,3ui7_911,1.010,5.0100
3ui7,3ui7_818,3.350,4.6500
3ui7,3ui7_826,4.450,0.4960
3ui7,3ui7_840,5.910,5.0960
3ui7,3ui7_843,4.060,5.6910
3ui7,3ui7_859,3.970,4.9530
3ui7,3ui7_860,7.450,1.2330
3ui7,3ui7_861,3.740,3.3090
3ui7,3ui7_864,4.140,5.3580
3ui7,3ui7_995,5.360,2.1180
3uo4,3uo4_137,3.780,9.0350
3uo4,3uo4_203,2.070,10.4850
3uo4,3uo4_239,5.260,7.0630
3uo4,3uo4_25,0.930,8.4800
3uo4,3uo4_260,1.060,9.3610
3uo4,3uo4_273,0.670,9.3970
3uo4,3uo4_274,0.860,8.8270
3uo4,3uo4_282,0.710,9.2460
3uo4,3uo4_289,0.560,8.8940
3uo4,3uo4_293,5.460,9.3000
3uo4,3uo4_329,0.430,10.1230
3uo4,3uo4_33,1.690,8.4340
3uo4,3uo4_343,0.540,10.1380
3uo4,3uo4_346,6.370,7.1590
3uo4,3uo4_357,1.400,10.1470
3uo4,3uo4_360,6.860,9.5660
3uo4,3uo4_374,0.270,10.4860
3uo4,3uo4_381,3.110,8.4140
3uo4,3uo4_383,7.060,8.7360
3uo4,3uo4_386,3.330,9.3620
3uo4,3uo4_388,0.960,10.4920
3uo4,3uo4_422,5.780,2.0740
3uo4,3uo4_430,3.850,-5.9160
3uo4,3uo4_435,6.070,-5.5990
3uo4,3uo4_446,1.830,6.4490
3uo4,3uo4_451,7.060,-2.4660
3uo4,3uo4_453,6.360,3.9100
3uo4,3uo4_462,7.660,-4.9270
3uo4,3uo4_476,7.180,3.5590
3uo4,3uo4_477,5.270,0.2260
3uo4,3uo4_485,7.120,-4.2640
3uo4,3uo4_562,6.540,1.3630
3uo4,3uo4_565,6.050,5.0120
3uo4,3uo4_566,5.690,5.4480
3uo4,3uo4_567,5.000,4.9490
3uo4,3uo4_568,2.950,2.5690
3uo4,3uo4_569,6.980,2.7020
3uo4,3uo4_571,3.480,-0.9470
3uo4,3uo4_583,5.380,2.0260
3uo4,3uo4_488,5.510,1.8930
3uo4,3uo4_511,1.750,1.5990
3uo4,3uo4_517,2.000,2.4590
3uo4,3uo4_518,1.740,-4.0880
3uo4,3uo4_521,2.170,-5.2890
3uo4,3uo4_531,2.020,6.2540
3uo4,3uo4_533,1.570,0.8170
3uo4,3uo4_555,5.010,2.5640
3uo4,3uo4_584,4.600,3.8810
3uo4,3uo4_59,4.310,8.5420
3uo4,3uo4_595,3.240,-2.6870
3uo4,3uo4_596,4.680,2.1090
3uo4,3uo4_605,3.490,-1.4280
3uo4,3uo4_609,1.540,3.6790
3uo4,3uo4_646,1.420,-5.7380
3uo4,3uo4_647,3.750,-1.6080
3uo4,3uo4_658,3.210,-1.9580
3uo4,3uo4_660,2.950,-1.7930
3uo4,3uo4_669,2.180,-8.0850
3uo4,3uo4_677,2.720,0.3520
3uo4,3uo4_678,4.380,-0.1790
3uo4,3uo4_679,4.730,0.2260
3uo4,3uo4_688,3.020,2.9340
3uo4,3uo4_690,2.870,-7.9900
3uo4,3uo4_750,7.240,4.6490
3uo4,3uo4_754,7.280,2.6180
3uo4,3uo4_8,4.970,9.1880
3uo4,3uo4_820,4.300,3.1790
3uo4,3uo4_822,9.000,1.9360
3uo4,3uo4_825,6.030,0.9390
3uo4,3uo4_831,8.010,5.4830
3uo4,3uo4_837,7.080,0.7350
3uo4,3uo4_691,2.290,3.3410
3uo4,3uo4_695,4.080,4.0970
3uo4,3uo4_696,2.770,-10.9170
3uo4,3uo4_698,6.060,-3.6700
3uo4,3uo4_710,0.520,8.2360
3uo4,3uo4_737,8.010,5.4830
3uo4,3uo4_747,7.800,6.1350
3uo4,3uo4_749,6.140,1.9600
3uo4,3uo4_844,5.810,0.3500
3uo4,3uo4_845,7.270,2.5440
3uo4,3uo4_848,8.070,2.6340
3uo4,3uo4_89,5.660,9.0730
3uo4,3uo4_942,4.620,8.4580
3uo4,3uo4_950,9.000,1.9360
3up2,3up2_100,1.980,8.6660
3up2,3up2_106,1.290,8.3750
3up2,3up2_112,6.080,7.6040
3up2,3up2_113,5.550,6.6150
3up2,3up2_156,6.720,6.6600
3up2,3up2_160,5.630,7.6340
3up2,3up2_167,6.950,7.5870
3up2,3up2_168,5.030,7.9480
3up2,3up2_189,1.020,8.9150
3up2,3up2_194,7.820,6.4300
3up2,3up2_198,2.370,9.4780
3up2,3up2_206,7.050,7.1200
3up2,3up2_220,0.500,9.3430
3up2,3up2_231,0.820,9.2500
3up2,3up2_238,0.570,9.1440
3up2,3up2_247,6.930,7.0940
3up2,3up2_276,1.090,9.7810
3up2,3up2_29,0.800,9.2300
3up2,3up2_291,3.380,7.5480
3up2,3up2_302,0.700,9.1410
3up2,3up2_310,7.230,6.1940
3up2,3up2_334,0.540,9.8720
3up2,3up2_340,4.890,7.3780
3up2,3up2_345,0.940,9.7800
3up2,3up2_349,4.980,7.7300
3up2,3up2_358,4.710,7.7590
3up2,3up2_430,6.270,4.7710
3up2,3up2_434,7.070,-5.9420
3up2,3up2_435,5.840,0.1650
3up2,3up2_440,4.800,-3.1310
3up2,3up2_446,5.710,-9.3330
3up2,3up2_463,4.990,3.5200
3up2,3up2_464,1.910,-2.9940
3up2,3up2_499,3.720,-5.1540
3up2,3up2_363,3.700,8.4970
3up2,3up2_385,6.920,7.6970
3up2,3up2_4,0.670,9.2150
3up2,3up2_40,0.300,9.8650
3up2,3up2_400,2.370,9.5620
3up2,3up2_401,5.990,-5.1720
3up2,3up2_413,3.060,-5.4360
3up2,3up2_421,2.730,-3.5810
3up2,3up2_58,0.480,8.8840
3up2,3up2_581,4.940,2.1650
3up2,3up2_584,5.840,4.1930
3up2,3up2_585,3.700,-6.7370
3up2,3up2_593,7.050,-2.3360
3up2,3up2_594,7.550,3.7050
3up2,3up2_596,4.850,3.7920
3up2,3up2_60,1.150,7.9280
3up2,3up2_539,1.670,1.3370
3up2,3up2_543,7.590,3.2290
3up2,3up2_551,4.560,0.6060
3up2,3up2_555,3.570,-4.6770
3up2,3up2_565,5.760,2.8440
3up2,3up2_569,5.020,4.9310
3up2,3up2_570,5.730,-2.1460
3up2,3up2_579,7.120,-2.0710
3up2,3up2_510,1.660,-2.0080
3up2,3up2_515,4.160,-0.5400
3up2,3up2_518,3.490,6.7010
3up2,3up2_520,2.600,-0.4220
3up2,3up2_530,6.920,2.2920
3up2,3up2_532,2.920,0.4350
3up2,3up2_533,2.710,6.8690
3up2,3up2_536,6.080,6.0840
3up2,3up2_605,1.490,0.6300
3up2,3up2_613,1.400,-2.9440
3up2,3up2_617,4.310,1.6800
3up2,3up2_624,3.100,2.8050
3up2,3up2_631,2.880,-4.0010
3up2,3up2_633,6.580,1.6170
3up2,3up2_639,2.080,-6.5360
3up2,3up2_641,2.780,-3.6420
3wtj,3wtj_328,0.310,6.2840
3wtj,3wtj_4,6.270,5.0580
3wtj,3wtj_404,0.740,3.4150
3wtj,3wtj_454,2.330,-5.3680
3wtj,3wtj_467,2.690,-3.0600
3wtj,3wtj_485,3.050,-5.1110
3wtj,3wtj_500,5.660,-0.2740
3wtj,3wtj_507,6.130,1.7200
3wtj,3wtj_640,6.070,2.2650
3wtj,3wtj_643,2.080,1.3290
3wtj,3wtj_648,1.130,1.6140
3wtj,3wtj_653,3.060,-2.5900
3wtj,3wtj_659,6.120,-0.1470
3wtj,3wtj_660,1.730,-0.4000
3wtj,3wtj_663,5.620,4.2210
3wtj,3wtj_674,2.950,-2.9210
3wtj,3wtj_542,5.860,3.5550
3wtj,3wtj_544,1.190,0.1910
3wtj,3wtj_547,6.340,1.8630
3wtj,3wtj_566,1.000,1.2550
3wtj,3wtj_572,6.800,1.0800
3wtj,3wtj_615,0.840,3.3770
3wtj,3wtj_628,2.710,-4.1500
3wtj,3wtj_633,6.050,1.0550
3wtj,3wtj_678,3.030,-2.0390
3wtj,3wtj_682,5.200,-1.1550
3wtj,3wtj_683,2.190,-3.2040
3wtj,3wtj_686,5.670,0.0390
3wtj,3wtj_688,5.980,-3.7930
3wtj,3wtj_689,6.370,-3.9220
3wtj,3wtj_696,2.750,-3.7380
3wtj,3wtj_698,5.950,0.3040
3wtj,3wtj_740,2.100,1.4590
3wtj,3wtj_746,1.920,1.7150
3wtj,3wtj_755,3.430,-0.4470
3wtj,3wtj_756,3.440,-0.9590
3wtj,3wtj_759,3.120,-1.2330
3wtj,3wtj_762,1.540,-1.2260
3wtj,3wtj_764,2.790,-3.4190
3wtj,3wtj_766,3.590,-2.2670
3wtj,3wtj_767,3.020,-1.5860
3wtj,3wtj_768,2.240,-2.5780
3wtj,3wtj_770,6.700,-2.7120
3wtj,3wtj_771,3.020,-2.0260
3wtj,3wtj_774,5.200,-0.1780
3wtj,3wtj_779,1.710,0.3610
3wtj,3wtj_780,6.600,-1.3960
3wtj,3wtj_781,3.100,-4.0940
3uuo,3uuo_982,4.040,4.1580
3wtj,3wtj_134,1.050,5.7410
3wtj,3wtj_157,0.600,5.8930
3wtj,3wtj_184,0.940,5.9000
3wtj,3wtj_222,1.050,3.0650
3wtj,3wtj_240,1.640,2.8280
3wtj,3wtj_258,0.930,3.9660
3wtj,3wtj_307,0.380,6.3220
3uuo,3uuo_181,0.980,6.5290
3uuo,3uuo_187,0.770,7.3110
3uuo,3uuo_212,0.710,6.2260
3uuo,3uuo_247,0.640,7.4360
3uuo,3uuo_249,9.110,-6.9200
3uuo,3uuo_267,1.310,6.6440
3uuo,3uuo_269,7.310,-0.5680
3uuo,3uuo_274,1.030,4.0200
3uuo,3uuo_420,0.940,4.5660
3uuo,3uuo_430,6.050,2.7690
3uuo,3uuo_440,4.050,-0.4650
3uuo,3uuo_447,2.630,1.6750
3uuo,3uuo_456,3.790,4.3610
3uuo,3uuo_471,5.310,-11.3690
3uuo,3uuo_497,4.960,0.0670
3uuo,3uuo_503,7.160,-9.3440
3uuo,3uuo_522,7.320,-14.1280
3uuo,3uuo_523,7.420,2.0060
3uuo,3uuo_525,5.310,1.4050
3uuo,3uuo_526,6.020,3.7440
3uuo,3uuo_528,7.000,0.1420
3uuo,3uuo_543,5.950,5.9840
3uuo,3uuo_546,6.610,-2.0040
3uuo,3uuo_550,5.320,-19.6630
3uuo,3uuo_556,7.270,-6.7330
3uuo,3uuo_567,5.870,-4.7470
3uuo,3uuo_568,6.080,-17.4260
3uuo,3uuo_571,1.490,0.7980
3uuo,3uuo_582,7.940,-16.3730
3uuo,3uuo_588,6.170,-8.9090
3uuo,3uuo_590,1.480,-2.0790
3uuo,3uuo_593,1.500,2.9160
3zdg,3zdg_425,3.760,0.5720
3zdg,3zdg_43,0.660,4.7800
3zdg,3zdg_466,4.040,-1.6750
3zdg,3zdg_499,3.690,-1.3910
3zdg,3zdg_509,5.870,0.1100
3zdg,3zdg_52,0.560,4.7020
3zdg,3zdg_532,3.490,-1.7670
3zdg,3zdg_538,5.190,0.0020
3uuo,3uuo_607,5.700,0.9030
3uuo,3uuo_609,4.400,2.6890
3uuo,3uuo_614,8.390,-3.5700
3uuo,3uuo_619,4.560,-0.2770
3uuo,3uuo_625,5.930,0.0630
3uuo,3uuo_628,7.910,-1.5530
3uuo,3uuo_635,7.120,3.9740
3uuo,3uuo_636,2.130,0.3610
3uuo,3uuo_711,0.550,7.7600
3uuo,3uuo_712,0.600,6.8530
3uuo,3uuo_721,2.920,4.5630
3uuo,3uuo_724,1.300,1.7480
3uuo,3uuo_726,3.010,4.0570
3uuo,3uuo_734,5.860,3.3930
3uuo,3uuo_739,4.310,2.6460
3uuo,3uuo_744,3.720,2.9390
3zdg,3zdg_100,0.850,4.8920
3zdg,3zdg_141,2.050,3.2350
3zdg,3zdg_232,2.090,2.0330
3zdg,3zdg_237,1.730,2.5470
3zdg,3zdg_266,1.480,2.9480
3zdg,3zdg_286,2.010,1.3200
3zdg,3zdg_300,1.850,2.6980
3zdg,3zdg_32,0.880,4.6820
3uuo,3uuo_645,1.680,1.3080
3uuo,3uuo_668,3.640,2.5640
3uuo,3uuo_669,2.340,-6.0870
3uuo,3uuo_674,7.910,-3.4050
3uuo,3uuo_677,2.680,-0.5700
3uuo,3uuo_695,4.720,-13.7280
3uuo,3uuo_7,0.740,7.3830
3uuo,3uuo_709,0.600,7.0670
3uuo,3uuo_752,2.970,3.4490
3uuo,3uuo_757,4.770,2.1400
3uuo,3uuo_759,4.920,4.4300
3uuo,3uuo_772,2.520,2.5830
3uuo,3uuo_777,3.640,-1.2960
3uuo,3uuo_781,3.680,3.9660
3uuo,3uuo_783,5.890,2.3060
3uuo,3uuo_799,6.710,5.8420
3zdg,3zdg_542,5.490,0.6140
3zdg,3zdg_556,6.030,-2.0180
3zdg,3zdg_574,5.630,0.2190
3zdg,3zdg_600,4.160,-1.2020
3zdg,3zdg_653,4.040,2.0370
3zdg,3zdg_660,4.120,0.3670
3zdg,3zdg_705,0.380,4.2530
3zdg,3zdg_738,2.040,-0.1780
3uuo,3uuo_815,1.650,1.2510
3uuo,3uuo_842,3.780,4.9020
3uuo,3uuo_843,2.440,1.7210
3uuo,3uuo_849,7.310,5.6860
3uuo,3uuo_850,6.470,3.7210
3uuo,3uuo_865,6.810,5.3410
3uuo,3uuo_871,3.830,6.2600
3uuo,3uuo_881,3.770,4.0100
3uuo,3uuo_888,5.200,4.7600
3uuo,3uuo_889,2.940,2.4540
3uuo,3uuo_890,3.380,1.7160
3uuo,3uuo_892,6.860,2.6090
3uuo,3uuo_943,0.690,8.0240
3uuo,3uuo_952,2.930,2.0080
3uuo,3uuo_968,4.240,6.8830
3uuo,3uuo_981,1.660,5.2530
3zdg,3zdg_753,2.200,0.1820
3zdg,3zdg_758,2.330,0.4750
3zdg,3zdg_764,4.040,1.2120
3zdg,3zdg_765,3.660,1.0490
3zdg,3zdg_767,2.250,-1.1410
3zdg,3zdg_774,4.460,1.1240
3zdg,3zdg_778,3.800,1.0000
3zdg,3zdg_780,4.020,-0.7590
3zdg,3zdg_803,2.030,1.9900
3zdg,3zdg_804,1.490,3.8340
3zdg,3zdg_811,0.590,2.7070
3zdg,3zdg_842,0.860,3.8430
3zdg,3zdg_862,2.410,0.8960
3zdg,3zdg_868,3.560,2.7630
3zdg,3zdg_883,5.090,4.0830
3zdg,3zdg_890,1.760,2.9330
3zdg,3zdg_787,3.600,1.1020
3zdg,3zdg_788,3.890,-0.6400
3zdg,3zdg_790,1.850,1.0060
3zdg,3zdg_792,1.530,-2.2470
3zdg,3zdg_793,4.010,0.3700
3zdg,3zdg_797,1.800,-2.1170
3zdg,3zdg_798,3.950,-3.6130
3zdg,3zdg_799,1.440,2.4590
3wtj,3wtj_783,5.440,-0.0200
3wtj,3wtj_785,5.180,-10.5440
3wtj,3wtj_962,1.020,4.7870
3wtj,3wtj_976,0.530,6.2880
3wtj,3wtj_979,0.560,4.9400
3wz8,3wz8_109,1.660,8.3740
3wz8,3wz8_124,1.800,8.1550
3wz8,3wz8_136,2.140,6.2250
3up2,3up2_649,2.940,2.1270
3up2,3up2_665,7.150,1.7470
3up2,3up2_673,7.520,5.0250
3up2,3up2_676,8.760,2.2320
3up2,3up2_682,3.700,-3.8190
3up2,3up2_696,3.910,-3.6100
3up2,3up2_859,6.360,5.3740
3uri,3uri_177,7.050,4.1710
3zdg,3zdg_896,1.660,1.6870
3zdg,3zdg_9,0.710,4.7390
3zdg,3zdg_903,0.510,2.8980
3zdg,3zdg_911,5.270,3.1930
3zdg,3zdg_929,1.000,3.2000
3zdg,3zdg_961,2.230,3.0430
3zdg,3zdg_994,3.810,0.1120
3zso,3zso_124,7.080,3.6310
3wz8,3wz8_145,2.950,7.0920
3wz8,3wz8_154,2.730,8.5110
3wz8,3wz8_243,1.320,5.9200
3wz8,3wz8_296,2.670,6.9540
3wz8,3wz8_313,3.890,7.7440
3wz8,3wz8_316,7.030,7.0270
3wz8,3wz8_318,2.230,7.7210
3wz8,3wz8_323,7.380,7.2340
3wz8,3wz8_326,8.120,7.4520
3wz8,3wz8_338,1.110,8.1760
3wz8,3wz8_364,2.740,8.4040
3wz8,3wz8_371,0.830,8.9410
3wz8,3wz8_376,0.840,7.9960
3wz8,3wz8_380,1.120,8.1800
3wz8,3wz8_391,0.960,8.8930
3wz8,3wz8_4,8.050,7.7220
3wz8,3wz8_505,9.210,-3.7570
3wz8,3wz8_507,4.340,5.7480
3wz8,3wz8_510,3.970,6.3510
3wz8,3wz8_513,7.010,0.2540
3wz8,3wz8_514,6.220,-2.1040
3wz8,3wz8_524,7.340,-6.7160
3wz8,3wz8_527,8.230,-4.2430
3wz8,3wz8_529,6.310,2.1450
3wz8,3wz8_534,6.650,-9.0420
3wz8,3wz8_542,6.930,-0.4830
3wz8,3wz8_544,8.740,-2.5910
3wz8,3wz8_546,3.940,-1.4080
3wz8,3wz8_549,9.330,1.5910
3wz8,3wz8_554,5.050,-3.7820
3wz8,3wz8_557,5.390,-5.3780
3wz8,3wz8_558,8.600,-2.4560
3wz8,3wz8_413,4.530,-18.1590
3wz8,3wz8_418,4.250,-5.0770
3wz8,3wz8_455,3.700,-12.3620
3wz8,3wz8_462,5.080,-13.1640
3wz8,3wz8_474,4.300,-13.1890
3wz8,3wz8_479,4.920,-16.5440
3wz8,3wz8_484,4.240,-5.7040
3wz8,3wz8_492,4.100,-2.1520
3wz8,3wz8_559,9.420,-2.8210
3wz8,3wz8_566,3.580,-12.1330
3wz8,3wz8_568,8.910,3.7970
3wz8,3wz8_569,8.070,-0.3300
3wz8,3wz8_570,8.630,-1.4050
3wz8,3wz8_572,7.120,2.4140
3wz8,3wz8_573,3.420,2.6580
3wz8,3wz8_582,7.770,-3.0420
3wz8,3wz8_588,6.970,-2.3770
3wz8,3wz8_596,8.630,-3.5980
3wz8,3wz8_600,5.260,-4.8590
3wz8,3wz8_604,2.950,-6.3470
3wz8,3wz8_614,5.610,-0.1610
3wz8,3wz8_617,6.140,-0.5670
3wz8,3wz8_623,7.330,-4.0710
3wz8,3wz8_627,6.350,-4.5570
3wz8,3wz8_631,5.010,4.4970
3wz8,3wz8_633,7.090,0.0800
3wz8,3wz8_641,2.810,-5.2620
3wz8,3wz8_642,5.890,-10.8260
3wz8,3wz8_645,5.630,-4.9580
3wz8,3wz8_651,6.420,0.0120
3wz8,3wz8_657,7.570,-4.5950
3wz8,3wz8_659,4.870,-1.8680
3wz8,3wz8_667,4.120,2.6650
3wz8,3wz8_670,5.110,-8.4980
3wz8,3wz8_671,6.740,1.1410
3wz8,3wz8_680,4.680,1.0170
3wz8,3wz8_684,5.030,-2.0600
3wz8,3wz8_686,8.730,2.1680
3wz8,3wz8_688,3.730,-6.3520
3wz8,3wz8_695,6.530,-4.5350
3wz8,3wz8_700,3.740,3.4020
3wz8,3wz8_705,1.120,7.0420
3wz8,3wz8_713,1.750,6.4660
3wz8,3wz8_721,2.520,5.6380
3wz8,3wz8_782,7.800,5.2530
3wz8,3wz8_86,2.100,8.2820
3wz8,3wz8_946,3.670,3.5760
3wz8,3wz8_965,3.670,0.7520
3zt2,3zt2_136,1.020,2.3110
3zt2,3zt2_173,0.320,8.4850
3zt2,3zt2_182,1.410,7.4570
3zt2,3zt2_195,0.680,9.1710
3zt2,3zt2_233,0.640,7.6830
3zt2,3zt2_250,0.350,8.7080
3zt2,3zt2_323,0.820,9.2240
3zt2,3zt2_410,1.110,3.7900
3zt2,3zt2_529,1.260,6.9490
3zt2,3zt2_541,0.960,2.5390
3zt2,3zt2_561,3.810,5.4440
3zt2,3zt2_566,4.930,-3.1160
3zt2,3zt2_568,4.200,2.9550
3zt2,3zt2_571,3.900,6.5630
3zt2,3zt2_578,4.060,6.5080
3zt2,3zt2_585,2.160,5.8570
3zt2,3zt2_433,0.970,3.0460
3zt2,3zt2_444,1.220,6.1720
3zt2,3zt2_463,2.910,-0.7520
3zt2,3zt2_472,2.110,-6.5160
3zt2,3zt2_473,2.130,-0.1730
3zt2,3zt2_474,1.230,2.7850
3zt2,3zt2_491,1.740,-7.1350
3zt2,3zt2_5,0.390,8.3640
3zt2,3zt2_589,1.480,4.7070
3zt2,3zt2_592,5.950,-2.5300
3zt2,3zt2_600,5.010,5.9560
3zt2,3zt2_649,2.300,2.2890
3zt2,3zt2_650,2.080,-1.0820
3zt2,3zt2_656,4.120,2.6330
3zt2,3zt2_670,3.390,3.5520
3zt2,3zt2_680,3.840,1.2870
3zt2,3zt2_732,2.980,2.2430
3zt2,3zt2_741,3.010,2.4150
3zt2,3zt2_753,4.630,5.4840
3zt2,3zt2_758,5.110,3.1230
3zt2,3zt2_760,4.430,2.7520
3zt2,3zt2_761,5.200,3.9500
3zt2,3zt2_774,5.850,2.6500
3zt2,3zt2_781,6.110,4.4320
3zt2,3zt2_684,2.360,-1.3950
3zt2,3zt2_685,3.810,-10.0220
3zt2,3zt2_687,4.420,0.4200
3zt2,3zt2_694,4.440,3.1740
3zt2,3zt2_696,3.090,0.1110
3zt2,3zt2_697,6.350,-1.4160
3zt2,3zt2_707,4.020,5.6650
3zt2,3zt2_728,5.410,2.0380
4abg,4abg_718,1.010,3.3620
4abg,4abg_719,4.180,2.7960
4abg,4abg_741,4.770,0.6870
4abg,4abg_750,1.900,2.3260
4abg,4abg_751,2.760,1.4500
4abg,4abg_757,3.140,1.6150
4abg,4abg_761,2.870,0.8170
4abg,4abg_769,4.880,2.0180
4abg,4abg_552,4.600,0.6300
4abg,4abg_572,5.210,-7.6560
4abg,4abg_573,4.120,-7.4940
4abg,4abg_580,5.290,2.9690
4abg,4abg_587,2.660,-7.5880
4abg,4abg_593,5.360,-3.9740
4abg,4abg_597,5.430,-2.7480
4abg,4abg_710,0.720,3.7670
4abg,4abg_414,1.890,-0.0490
4abg,4abg_429,3.820,-4.2600
4abg,4abg_430,0.970,2.9430
4abg,4abg_450,0.970,3.3430
4abg,4abg_465,4.270,1.3440
4abg,4abg_475,3.120,-12.3940
4abg,4abg_479,2.110,-1.3460
4abg,4abg_537,5.300,-1.9230
4abg,4abg_770,3.090,-0.2020
4abg,4abg_778,4.430,2.3110
4abg,4abg_780,3.610,2.4360
4abg,4abg_781,3.640,2.2660
4abg,4abg_782,2.290,-0.7110
4abg,4abg_784,5.370,3.1640
4abg,4abg_786,4.520,1.6150
4abg,4abg_787,4.600,3.2960
3zt2,3zt2_838,4.020,4.6830
3zt2,3zt2_844,3.630,0.7350
3zt2,3zt2_869,5.590,3.3610
3zt2,3zt2_873,5.800,5.2150
4abg,4abg_149,0.930,4.7520
4abg,4abg_236,3.030,-3.7130
4abg,4abg_263,0.970,4.0790
4abg,4abg_408,3.670,-5.4320
3zt2,3zt2_782,5.950,2.3060
3zt2,3zt2_784,6.490,3.1150
3zt2,3zt2_789,3.630,-0.0350
3zt2,3zt2_793,5.650,1.4370
3zt2,3zt2_8,0.490,8.2450
3zt2,3zt2_80,3.630,7.7000
3zt2,3zt2_804,2.630,6.6680
3zt2,3zt2_818,2.340,2.6650
3utu,3utu_532,9.710,-4.4590
3utu,3utu_537,9.390,1.0180
3utu,3utu_570,3.620,-2.4840
3utu,3utu_578,8.480,-20.2100
3utu,3utu_58,9.830,4.4560
3utu,3utu_593,4.980,-6.7690
3utu,3utu_599,9.830,-0.4380
3utu,3utu_6,9.380,4.6360
4abg,4abg_788,3.980,2.4780
4abg,4abg_792,5.470,2.6260
4abg,4abg_793,5.890,1.4300
4abg,4abg_800,0.550,4.8560
4abg,4abg_808,1.010,2.7240
4abg,4abg_814,1.000,4.2330
4abg,4abg_824,0.960,4.1710
4abg,4abg_826,1.470,3.4680
4abg,4abg_835,0.910,3.5760
4abg,4abg_839,1.510,1.1450
4abg,4abg_840,1.180,2.9880
4abg,4abg_845,0.990,3.3730
4abg,4abg_848,1.840,3.7330
4abg,4abg_857,2.770,3.1640
4abg,4abg_860,3.210,0.3550
4abg,4abg_864,6.300,2.3530
4abg,4abg_865,2.580,2.7580
4abg,4abg_875,4.430,3.2210
4abg,4abg_885,9.040,3.7620
4abg,4abg_888,6.930,3.2170
4abg,4abg_955,2.300,3.0790
4abg,4abg_956,1.280,3.3470
4abg,4abg_973,2.330,0.4740
4abg,4abg_980,1.020,3.1920
3utu,3utu_422,4.850,-11.6890
3utu,3utu_433,4.360,-24.2950
3utu,3utu_436,6.540,-27.1460
3utu,3utu_473,9.130,-9.2510
3utu,3utu_474,3.920,-4.9780
3utu,3utu_475,2.700,-7.5700
3utu,3utu_491,8.010,-11.9930
3utu,3utu_50,6.650,6.7010
3zsx,3zsx_262,4.370,3.1020
3zsx,3zsx_274,4.100,4.1320
3zsx,3zsx_282,2.380,6.0780
3zsx,3zsx_293,1.230,4.2720
3zsx,3zsx_3,9.560,4.4840
3zsx,3zsx_318,9.850,4.1400
3zsx,3zsx_32,9.630,5.0640
3zsx,3zsx_326,9.730,5.5460
3zsx,3zsx_231,4.550,5.7720
3zsx,3zsx_235,3.840,4.9100
3zsx,3zsx_237,5.240,6.5780
3zsx,3zsx_240,4.520,3.5030
3zsx,3zsx_247,3.230,4.8430
3zsx,3zsx_253,5.120,5.3810
3zsx,3zsx_254,1.500,5.3040
3zsx,3zsx_26,7.610,5.0500
3zsx,3zsx_201,5.280,3.9650
3zsx,3zsx_21,8.810,3.5230
3zsx,3zsx_210,3.970,-0.8490
3zsx,3zsx_213,3.610,2.7340
3zsx,3zsx_217,3.310,4.7060
3zsx,3zsx_226,7.410,1.7130
3zsx,3zsx_229,3.970,5.8360
3zsx,3zsx_230,1.770,5.2230
3utu,3utu_606,5.740,-7.6210
3utu,3utu_61,9.060,5.9850
3utu,3utu_620,9.440,2.7450
3utu,3utu_640,4.730,-7.3140
3utu,3utu_683,6.180,-17.3940
3utu,3utu_687,7.380,-7.8190
3utu,3utu_691,9.630,-1.2590
3utu,3utu_701,1.310,6.0800
3zsx,3zsx_933,2.400,3.8040
3zsx,3zsx_955,1.910,4.0160
3zsx,3zsx_961,1.780,5.0670
3zsx,3zsx_965,1.870,3.6430
3zsx,3zsx_978,4.030,4.1460
3zt2,3zt2_116,0.960,8.8530
3zt2,3zt2_119,1.150,8.1370
3zt2,3zt2_122,1.310,8.3100
3zsx,3zsx_637,6.100,-5.3150
3zsx,3zsx_667,2.910,-3.3740
3zsx,3zsx_674,6.170,-9.0940
3zsx,3zsx_677,9.510,0.6560
3zsx,3zsx_684,5.650,-1.7200
3zsx,3zsx_713,2.750,5.2040
3zsx,3zsx_714,1.130,5.5250
3zsx,3zsx_74,8.700,5.1840
3zsx,3zsx_329,3.510,7.6960
3zsx,3zsx_337,4.350,6.1490
3zsx,3zsx_345,4.810,7.6390
3zsx,3zsx_359,8.580,5.2810
3zsx,3zsx_374,8.510,4.2860
3zsx,3zsx_379,3.950,7.0130
3zsx,3zsx_395,9.510,4.4770
3zsx,3zsx_4,7.930,5.2130
3zsx,3zsx_51,8.550,5.4420
3zsx,3zsx_52,9.740,4.1050
3zsx,3zsx_524,6.830,1.3440
3zsx,3zsx_537,2.770,3.5540
3zsx,3zsx_545,7.040,-5.5100
3zsx,3zsx_556,5.680,-2.3150
3zsx,3zsx_568,6.690,-4.9280
3zsx,3zsx_569,7.980,2.2490
3utu,3utu_86,7.220,5.1570
3utu,3utu_94,7.440,4.6120
3utu,3utu_963,3.260,4.8540
3utu,3utu_978,4.560,5.7860
3utu,3utu_985,5.760,2.4080
3utu,3utu_994,5.760,4.4540
3utu,3utu_995,5.230,4.4350
3uuo,3uuo_14,1.100,7.0500
3zsx,3zsx_40,8.760,4.5660
3zsx,3zsx_408,6.210,-19.4440
3zsx,3zsx_419,7.930,-15.1490
3zsx,3zsx_436,6.600,-16.2210
3zsx,3zsx_456,6.130,-17.2490
3zsx,3zsx_46,4.940,5.2830
3zsx,3zsx_487,7.300,-14.1830
3zsx,3zsx_495,5.660,-16.6600
4abg,4abg_983,2.720,0.7470
4agn,4agn_109,4.490,2.8040
4agn,4agn_125,8.260,1.5360
4agn,4agn_204,1.950,4.1730
4agn,4agn_205,2.100,4.5260
4agn,4agn_226,9.280,-0.5080
4agn,4agn_228,1.070,4.3880
4agn,4agn_251,0.990,4.6130
3zso,3zso_980,3.670,5.1170
3zso,3zso_988,3.550,2.9380
3zso,3zso_994,4.790,5.1640
3zsx,3zsx_113,8.160,4.8470
3zsx,3zsx_136,8.480,5.6770
3zsx,3zsx_138,5.010,5.0320
3zsx,3zsx_175,8.790,4.8000
3zsx,3zsx_20,7.410,5.0200
3zso,3zso_139,4.840,5.0790
3zso,3zso_140,6.810,4.9220
3zso,3zso_148,5.330,5.3210
3zso,3zso_201,5.440,4.6530
3zso,3zso_217,6.290,4.2530
3zso,3zso_221,3.480,1.7920
3zso,3zso_224,4.240,4.1940
3zso,3zso_23,8.700,5.3940
4agn,4agn_257,0.840,4.6310
4agn,4agn_266,3.640,1.4580
4agn,4agn_267,3.860,4.3440
4agn,4agn_272,4.370,4.9630
4agn,4agn_280,0.890,2.6240
4agn,4agn_290,1.280,2.8860
4agn,4agn_299,2.060,4.5030
4agn,4agn_318,6.810,3.9160
3zsx,3zsx_576,5.010,-3.8310
3zsx,3zsx_582,4.110,0.6420
3zsx,3zsx_585,5.070,-2.7990
3zsx,3zsx_586,7.400,-11.4570
3zsx,3zsx_599,7.730,2.1790
3zsx,3zsx_608,2.750,2.0300
3zsx,3zsx_628,5.070,-5.4730
3zsx,3zsx_636,6.070,-9.8130
4agn,4agn_557,8.620,-2.3430
4agn,4agn_561,3.550,-5.5570
4agn,4agn_566,7.070,1.0230
4agn,4agn_567,5.610,-8.5940
4agn,4agn_568,4.940,-9.9230
4agn,4agn_579,5.480,-0.8800
4agn,4agn_582,6.920,-8.5100
4agn,4agn_591,6.700,-4.7480
3zsx,3zsx_741,1.640,6.1220
3zsx,3zsx_749,3.260,5.4050
3zsx,3zsx_75,9.390,4.5440
3zsx,3zsx_759,2.200,4.8210
3zsx,3zsx_76,6.170,5.4470
3zsx,3zsx_773,2.650,5.0020
3zsx,3zsx_774,2.890,5.0320
3zsx,3zsx_776,3.720,1.4170
4agn,4agn_505,9.020,0.2250
4agn,4agn_506,1.490,1.8010
4agn,4agn_511,8.350,-10.6850
4agn,4agn_516,8.690,-5.4910
4agn,4agn_517,1.510,-0.9970
4agn,4agn_519,1.930,-0.6300
4agn,4agn_524,5.630,-8.5800
4agn,4agn_526,3.610,-1.1230
4agn,4agn_446,7.780,-11.8890
4agn,4agn_447,7.140,-16.2750
4agn,4agn_456,8.580,-10.3130
4agn,4agn_463,8.300,-10.7480
4agn,4agn_477,5.410,-17.0370
4agn,4agn_494,6.820,-13.7480
4agn,4agn_498,3.670,-15.4320
4agn,4agn_502,8.900,-2.3690
4agn,4agn_380,6.510,3.8530
4agn,4agn_4,7.430,4.4080
4agn,4agn_402,8.120,-19.3910
4agn,4agn_405,8.300,-9.1500
4agn,4agn_411,9.500,-12.8280
4agn,4agn_415,9.080,-25.9610
4agn,4agn_425,9.150,-12.0240
4agn,4agn_43,5.190,3.7790
4agn,4agn_535,2.700,-9.5170
4agn,4agn_536,7.960,-6.1220
4agn,4agn_538,7.350,-1.1550
4agn,4agn_539,9.340,-5.2870
4agn,4agn_540,6.710,-0.8450
4agn,4agn_542,7.830,-1.6620
4agn,4agn_554,2.600,-5.4500
4agn,4agn_555,4.090,3.0720
3zsx,3zsx_780,2.240,4.3120
3zsx,3zsx_79,6.540,5.5940
3zsx,3zsx_791,4.560,3.6240
3zsx,3zsx_80,9.760,5.2560
3zsx,3zsx_859,1.540,4.6960
3zsx,3zsx_90,8.710,4.8450
3zsx,3zsx_908,1.960,4.7440
3zsx,3zsx_91,9.480,4.6480
3utu,3utu_170,7.690,5.0720
3utu,3utu_180,1.510,7.2820
3utu,3utu_183,8.150,4.0520
3utu,3utu_185,6.620,5.0900
3utu,3utu_192,6.300,6.0770
3utu,3utu_2,6.870,5.1560
3utu,3utu_200,7.930,3.9200
3utu,3utu_202,2.460,2.4910
3zso,3zso_233,7.440,-3.9770
3zso,3zso_240,7.290,-4.0450
3zso,3zso_241,5.570,2.0390
3zso,3zso_250,7.670,-0.8530
3zso,3zso_251,4.950,4.5890
3zso,3zso_255,5.310,2.9190
3zso,3zso_263,6.430,1.9120
3zso,3zso_266,3.290,4.3100
4agn,4agn_593,3.370,0.6800
4agn,4agn_595,3.420,-8.8350
4agn,4agn_596,7.200,0.3380
4agn,4agn_597,2.210,-5.1140
4agn,4agn_603,1.710,-0.9830
4agn,4agn_608,9.180,-3.6030
4agn,4agn_629,1.700,1.0420
4agn,4agn_633,9.790,-0.7490
4agn,4agn_643,1.870,2.5720
4agn,4agn_644,4.870,-2.2100
4agn,4agn_657,3.060,-7.0850
4agn,4agn_659,3.770,-0.8900
4agn,4agn_660,3.410,2.5070
4agn,4agn_664,9.030,-4.2220
4agn,4agn_665,2.540,-10.7960
4agn,4agn_669,2.160,-2.4220
3utu,3utu_109,8.950,4.6530
3utu,3utu_129,8.110,4.7500
3utu,3utu_132,6.540,6.2130
3utu,3utu_148,8.120,3.9600
3utu,3utu_154,7.140,3.7750
3utu,3utu_162,4.190,6.6550
3utu,3utu_164,7.500,4.1930
3utu,3utu_166,7.080,5.1070
3utu,3utu_300,0.980,6.3630
3utu,3utu_321,5.480,4.6120
3utu,3utu_33,9.120,7.4630
3utu,3utu_340,8.600,4.5060
3utu,3utu_349,6.770,7.1430
3utu,3utu_36,5.600,5.7130
3utu,3utu_374,0.450,9.3100
3utu,3utu_409,4.740,-31.9170
4agn,4agn_670,4.210,-4.9810
4agn,4agn_677,7.080,1.6960
4agn,4agn_678,4.970,-1.5350
4agn,4agn_681,9.020,-9.7460
4agn,4agn_682,2.990,-1.2950
4agn,4agn_687,5.390,-7.3960
4agn,4agn_690,6.010,-5.5160
4agn,4agn_691,5.490,-1.4710
4agn,4agn_712,4.280,1.9950
4agn,4agn_715,0.770,4.9540
4agn,4agn_727,7.150,2.8250
4agn,4agn_754,5.360,2.8690
4agn,4agn_76,6.740,2.9500
4agn,4agn_765,6.390,1.0760
4agn,4agn_768,4.510,2.0000
4agn,4agn_772,5.750,2.6340
4agn,4agn_78,6.500,3.7080
4agn,4agn_785,4.010,1.0870
4agn,4agn_833,8.370,2.3050
4agn,4agn_844,2.110,4.6480
4agn,4agn_855,5.110,3.2060
4agn,4agn_931,0.990,5.5220
4agn,4agn_979,1.980,3.0790
4agn,4agn_984,2.870,4.5050
3utu,3utu_203,3.040,1.2430
3utu,3utu_209,1.710,6.1040
3utu,3utu_211,0.980,5.9890
3utu,3utu_213,6.060,4.8950
3utu,3utu_220,2.940,3.5920
3utu,3utu_221,1.550,6.1060
3utu,3utu_233,5.730,-1.5490
3utu,3utu_237,0.900,5.7740
3utu,3utu_75,8.600,4.4130
3utu,3utu_751,2.260,6.7100
3utu,3utu_759,2.780,6.4790
3utu,3utu_767,1.930,6.7020
3utu,3utu_775,3.040,6.8290
3utu,3utu_777,3.490,6.5780
3utu,3utu_778,3.330,6.4630
3utu,3utu_78,8.380,5.2930
3utu,3utu_241,1.070,5.7030
3utu,3utu_243,7.760,-0.9300
3utu,3utu_249,8.070,0.8330
3utu,3utu_250,0.960,5.7720
3utu,3utu_253,3.070,3.2600
3utu,3utu_255,1.750,4.5200
3utu,3utu_271,2.280,3.0150
3utu,3utu_283,0.920,5.7530
3utu,3utu_705,2.870,6.8700
3utu,3utu_712,3.930,5.6830
3utu,3utu_713,1.970,6.0840
3utu,3utu_722,2.590,6.6470
3utu,3utu_725,1.880,6.1490
3utu,3utu_730,1.710,7.1290
3utu,3utu_741,2.730,6.7610
3utu,3utu_747,5.240,5.7940
3utu,3utu_781,3.340,7.1320
3utu,3utu_785,4.040,5.5500
3utu,3utu_797,5.090,5.9260
3utu,3utu_805,4.930,5.6280
3utu,3utu_84,5.600,6.4240
3utu,3utu_840,7.170,2.7770
3utu,3utu_843,4.460,5.9480
3utu,3utu_844,2.500,4.2180
3zso,3zso_662,3.680,-2.4670
3zso,3zso_676,5.420,-12.0840
3zso,3zso_686,2.620,-8.6740
3zso,3zso_738,5.270,4.7630
3zso,3zso_799,1.590,5.8700
3zso,3zso_810,1.740,5.8860
3zso,3zso_818,2.150,6.6390
3zso,3zso_84,7.570,4.7420
3zso,3zso_269,4.260,3.4060
3zso,3zso_275,4.280,1.3560
3zso,3zso_282,9.060,0.0250
3zso,3zso_285,8.460,-0.3750
3zso,3zso_287,8.720,0.2360
3zso,3zso_288,5.260,3.4240
3zso,3zso_293,4.750,-0.2940
3zso,3zso_295,5.300,3.4210
3zso,3zso_585,7.270,1.2100
3zso,3zso_587,8.820,1.4510
3zso,3zso_595,7.030,-2.4840
3zso,3zso_6,2.780,6.3090
3zso,3zso_608,5.050,1.7200
3zso,3zso_648,6.310,1.9580
3zso,3zso_652,6.940,0.4080
3zso,3zso_653,6.910,-2.8480
3zso,3zso_325,8.390,5.0990
3zso,3zso_33,8.520,4.3120
3zso,3zso_350,7.680,4.3800
3zso,3zso_351,6.920,4.5600
3zso,3zso_353,4.860,4.5020
3zso,3zso_387,6.480,4.8130
3zso,3zso_394,5.380,5.3870
3zso,3zso_397,6.270,4.5290
4agn,4agn_987,0.800,5.2200
4agp,4agp_134,5.590,3.9880
4agp,4agp_202,2.960,4.9020
4agp,4agp_208,1.770,4.8880
4agp,4agp_223,2.890,3.3430
4agp,4agp_23,8.780,3.4610
4agp,4agp_251,1.080,3.1760
4agp,4agp_253,1.910,5.4420
3zso,3zso_847,3.060,5.3500
3zso,3zso_866,3.710,6.0420
3zso,3zso_87,7.280,5.2340
3zso,3zso_871,3.610,4.7310
3zso,3zso_894,4.580,5.1140
3zso,3zso_898,2.080,4.6570
3zso,3zso_899,1.990,5.9130
3zso,3zso_902,1.590,5.8700
3zso,3zso_410,2.120,-17.9820
3zso,3zso_423,3.930,-20.0720
3zso,3zso_46,6.430,5.1830
3zso,3zso_499,8.120,-13.5300
3zso,3zso_532,3.840,-0.3300
3zso,3zso_545,7.260,-13.9850
3zso,3zso_573,8.210,-2.2610
3zso,3zso_584,8.510,-15.7200
3zso,3zso_910,2.050,6.0800
3zso,3zso_920,1.740,5.8860
3zso,3zso_923,2.490,6.3390
3zso,3zso_925,2.950,6.5330
3zso,3zso_93,4.400,5.7110
3zso,3zso_933,2.030,5.6480
3zso,3zso_94,8.760,6.3440
3zso,3zso_959,2.910,5.6380
4agp,4agp_330,7.100,3.7220
4agp,4agp_35,9.820,2.4930
4agp,4agp_350,0.970,6.2410
4agp,4agp_389,7.710,3.0760
4agp,4agp_390,5.290,3.1880
4agp,4agp_391,6.920,3.1360
4agp,4agp_405,7.730,-27.5270
4agp,4agp_406,9.080,-17.4810
4agp,4agp_294,3.550,4.1420
4agp,4agp_3,8.490,4.5610
4agp,4agp_300,1.990,2.3240
4agp,4agp_301,6.640,3.2380
4agp,4agp_313,1.240,6.0890
4agp,4agp_324,9.030,3.1180
4agp,4agp_328,1.560,5.5750
4agp,4agp_33,8.630,4.8740
4agp,4agp_523,1.900,0.5310
4agp,4agp_527,5.950,-4.8520
4agp,4agp_532,4.560,-2.2760
4agp,4agp_533,6.490,-4.3560
4agp,4agp_546,8.830,-3.5110
4agp,4agp_561,7.780,-0.8340
4agp,4agp_562,6.030,-7.4810
4agp,4agp_563,3.900,-7.2080
4agp,4agp_260,2.480,0.9540
4agp,4agp_261,1.370,3.2530
4agp,4agp_266,3.280,-0.9200
4agp,4agp_268,6.980,0.7870
4agp,4agp_271,2.150,2.0990
4agp,4agp_283,2.460,0.0030
4agp,4agp_285,3.560,0.3080
4agp,4agp_288,2.090,3.2660
4agp,4agp_421,6.320,-11.2400
4agp,4agp_423,8.200,-8.3390
4agp,4agp_446,3.400,-15.9480
4agp,4agp_461,7.480,-19.1820
4agp,4agp_463,10.000,-8.8130
4agp,4agp_465,5.930,-20.8170
4agp,4agp_469,7.890,-12.2430
4agp,4agp_47,1.550,6.3970
4agp,4agp_472,4.390,-9.8470
4agp,4agp_474,2.880,-16.0990
4agp,4agp_482,3.840,-13.8820
4agp,4agp_489,4.210,-19.8780
4agp,4agp_495,7.610,-1.9780
4agp,4agp_496,6.190,-4.3580
4agp,4agp_499,2.790,-15.5830
4agp,4agp_517,3.010,-11.7020
4agp,4agp_578,3.970,-3.3500
4agp,4agp_596,8.260,-3.5970
4agp,4agp_612,2.140,-1.8880
4agp,4agp_629,3.610,-2.8620
4agp,4agp_643,7.820,-1.8780
4agp,4agp_646,4.260,-13.9890
4agp,4agp_651,3.010,-13.0610
4agp,4agp_656,1.920,-3.0140
4agp,4agp_657,4.230,-5.6420
4agp,4agp_659,4.020,-18.5790
4agp,4agp_662,9.010,-7.3890
4agp,4agp_681,5.950,-4.9410
4agp,4agp_685,4.340,-7.5980
4agp,4agp_686,5.090,-9.0740
4agp,4agp_692,4.290,0.3840
4agp,4agp_703,6.230,2.8580
4agp,4agp_709,0.940,5.1270
4agp,4agp_710,0.970,5.5740
4agp,4agp_716,0.700,4.5110
4agp,4agp_718,9.050,0.2180
4agp,4agp_724,6.390,4.1400
4agp,4agp_726,5.860,2.9680
4agp,4agp_727,7.860,1.3290
4agp,4agp_766,8.560,1.8160
4agp,4agp_769,1.000,4.2790
4agp,4agp_775,0.690,4.8330
4agp,4agp_797,5.560,2.9060
4agp,4agp_817,4.970,3.9330
4agp,4agp_82,7.290,3.0400
4agp,4agp_822,8.380,3.3030
4agp,4agp_837,8.770,2.5050
4agp,4agp_84,9.480,4.7720
4agp,4agp_847,5.510,2.3540
4agp,4agp_848,5.990,2.1670
4agp,4agp_849,2.970,3.6930
4agp,4agp_857,4.290,2.1830
4agp,4agp_86,8.640,3.6100
4agp,4agp_87,9.940,3.7860
4agp,4agp_924,9.030,3.3590
4agp,4agp_94,9.290,2.7170
4agp,4agp_98,6.340,4.4820
4agq,4agq_114,2.500,3.5110
4agq,4agq_121,4.050,4.1660
4agq,4agq_151,1.960,3.4320
4agq,4agq_158,6.770,2.0020
4agq,4agq_204,4.150,2.8010
4agq,4agq_205,1.390,2.8210
4agq,4agq_217,7.790,3.6170
4agq,4agq_378,6.750,4.1240
4agq,4agq_382,8.980,4.1150
4agq,4agq_394,6.990,3.9190
4agq,4agq_409,7.860,-15.0010
4agq,4agq_41,9.240,2.7940
4agq,4agq_413,8.310,-15.1220
4agq,4agq_418,3.410,-15.6180
4agq,4agq_419,9.020,-10.8470
4agq,4agq_27,6.090,4.9930
4agq,4agq_272,2.010,4.4210
4agq,4agq_326,8.330,3.1890
4agq,4agq_339,0.950,5.6080
4agq,4agq_35,8.890,4.3390
4agq,4agq_350,1.790,2.5730
4agq,4agq_356,9.240,3.8150
4agq,4agq_369,7.060,2.3050
4agq,4agq_219,7.590,-1.5120
4agq,4agq_221,2.110,4.4380
4agq,4agq_228,1.930,5.0790
4agq,4agq_234,1.940,3.8660
4agq,4agq_236,1.730,4.5950
4agq,4agq_25,9.400,4.5470
4agq,4agq_254,2.720,2.6950
4agq,4agq_268,3.960,1.6800
4bkt,4bkt_439,5.270,-3.1210
4bkt,4bkt_442,5.010,-9.0060
4bkt,4bkt_478,2.870,-5.3790
4bkt,4bkt_484,2.340,-3.4270
4bkt,4bkt_486,1.410,-6.5630
4bkt,4bkt_507,4.470,-1.5420
4bkt,4bkt_523,7.210,0.4100
4bkt,4bkt_537,8.350,-1.0310
4bkt,4bkt_769,4.460,2.4940
4bkt,4bkt_773,7.760,2.1330
4bkt,4bkt_774,2.580,0.5000
4bkt,4bkt_775,4.900,1.4240
4bkt,4bkt_778,7.590,0.8070
4bkt,4bkt_779,8.570,1.8790
4bkt,4bkt_782,8.680,2.2430
4bkt,4bkt_784,7.700,1.7630
4bkt,4bkt_752,4.790,3.2090
4bkt,4bkt_753,5.220,0.1370
4bkt,4bkt_759,6.370,-0.0400
4bkt,4bkt_760,4.210,-0.1650
4bkt,4bkt_761,9.510,2.8900
4bkt,4bkt_766,8.210,2.0500
4bkt,4bkt_767,5.240,1.9250
4bkt,4bkt_768,6.340,1.9570
4bkt,4bkt_140,0.390,4.9440
4bkt,4bkt_161,0.950,5.2900
4bkt,4bkt_17,0.990,5.5750
4bkt,4bkt_178,1.000,5.3870
4bkt,4bkt_283,0.560,3.8930
4bkt,4bkt_32,0.950,5.1320
4bkt,4bkt_369,1.000,5.3550
4bkt,4bkt_405,1.750,-4.1730
4agq,4agq_573,5.580,-5.9740
4agq,4agq_576,9.120,-2.1350
4agq,4agq_580,7.610,-6.7090
4agq,4agq_587,6.220,-3.2060
4agq,4agq_592,2.020,-15.5380
4agq,4agq_598,4.130,-1.4400
4agq,4agq_604,4.380,-2.8760
4agq,4agq_609,1.830,-3.3610
4agq,4agq_526,4.870,2.5160
4agq,4agq_529,1.950,-10.3750
4agq,4agq_534,8.730,0.9030
4agq,4agq_535,3.370,-21.9830
4agq,4agq_548,2.600,-5.7570
4agq,4agq_556,9.200,1.4730
4agq,4agq_557,3.350,-7.2380
4agq,4agq_572,4.060,-15.6650
4agq,4agq_421,9.620,-21.1550
4agq,4agq_433,7.550,-18.1070
4agq,4agq_442,3.080,-33.4680
4agq,4agq_446,2.980,-14.0180
4agq,4agq_450,5.270,-36.2880
4agq,4agq_452,6.510,-10.6330
4agq,4agq_461,7.820,-12.3660
4agq,4agq_463,2.620,-4.1470
4bkt,4bkt_586,7.020,1.1680
4bkt,4bkt_614,4.790,1.0540
4bkt,4bkt_62,0.570,5.2250
4bkt,4bkt_664,2.280,-5.4750
4bkt,4bkt_695,3.780,2.6710
4bkt,4bkt_710,1.760,4.4070
4bkt,4bkt_713,0.650,4.7120
4bkt,4bkt_716,1.430,1.8020
4bkt,4bkt_538,7.400,0.5520
4bkt,4bkt_539,7.340,0.2860
4bkt,4bkt_540,6.260,-4.1200
4bkt,4bkt_541,1.900,-5.6570
4bkt,4bkt_542,2.730,3.4350
4bkt,4bkt_560,7.410,-5.8150
4bkt,4bkt_568,7.660,-4.8590
4bkt,4bkt_581,6.180,-5.7880
4agq,4agq_470,3.730,-30.1650
4agq,4agq_474,5.810,-3.6910
4agq,4agq_475,8.280,-15.1610
4agq,4agq_478,8.870,-19.5100
4agq,4agq_490,4.700,-20.7330
4agq,4agq_503,9.750,-3.0800
4agq,4agq_504,7.160,2.6370
4agq,4agq_505,2.940,-12.5160
4bkt,4bkt_735,5.320,2.2080
4bkt,4bkt_737,1.400,4.4860
4bkt,4bkt_741,3.650,1.2370
4bkt,4bkt_743,4.830,0.4900
4bkt,4bkt_744,6.110,2.8490
4bkt,4bkt_746,4.900,1.6660
4bkt,4bkt_750,5.080,2.1600
4bkt,4bkt_751,3.550,1.5460
4bkt,4bkt_791,6.240,2.6210
4bkt,4bkt_797,7.890,1.9120
4bkt,4bkt_800,6.290,0.9610
4bkt,4bkt_826,1.510,4.1390
4bkt,4bkt_838,3.990,3.4320
4bkt,4bkt_849,3.980,3.0850
4bkt,4bkt_853,1.960,-1.0210
4bkt,4bkt_862,6.480,1.0490
4agq,4agq_62,8.630,2.9150
4agq,4agq_631,5.240,-1.2890
4agq,4agq_635,3.690,-1.3750
4agq,4agq_641,4.080,-12.7610
4agq,4agq_642,7.790,-6.8910
4agq,4agq_649,6.840,-10.4990
4agq,4agq_653,5.420,1.9140
4agq,4agq_664,5.540,-0.6940
4bkt,4bkt_863,6.280,1.6260
4bkt,4bkt_865,5.340,0.7930
4bkt,4bkt_869,5.710,2.4880
4bkt,4bkt_871,3.990,2.6630
4bkt,4bkt_874,3.000,3.7380
4bkt,4bkt_876,5.900,2.9060
4bkt,4bkt_877,2.630,3.7900
4bkt,4bkt_880,3.970,1.4050
4bkt,4bkt_883,6.890,1.7280
4bkt,4bkt_885,3.200,2.8970
4bkt,4bkt_890,4.480,1.9540
4bkt,4bkt_891,5.330,2.6560
4bkt,4bkt_893,3.690,3.3400
4bkt,4bkt_898,4.870,1.2180
4bkt,4bkt_931,2.890,3.2090
4bkt,4bkt_932,1.570,1.2710
4cr9,4cr9_743,8.350,1.0540
4cr9,4cr9_746,7.330,1.3790
4cr9,4cr9_748,3.950,2.1600
4cr9,4cr9_750,6.730,1.9190
4cr9,4cr9_752,9.310,1.6300
4cr9,4cr9_754,9.300,1.6730
4cr9,4cr9_755,4.250,3.3140
4cr9,4cr9_758,5.770,2.0600
4cr9,4cr9_708,7.040,2.0190
4cr9,4cr9_710,4.960,1.7700
4cr9,4cr9_715,9.540,1.5210
4cr9,4cr9_717,9.170,1.5700
4cr9,4cr9_726,3.500,3.1790
4cr9,4cr9_730,8.510,0.8030
4cr9,4cr9_734,5.850,3.0920
4cr9,4cr9_741,6.260,2.0740
4cr9,4cr9_759,4.400,3.6240
4cr9,4cr9_762,7.670,-0.0930
4cr9,4cr9_763,9.160,1.4720
4cr9,4cr9_766,5.900,2.5960
4cr9,4cr9_769,5.770,2.6240
4cr9,4cr9_779,6.600,2.4640
4cr9,4cr9_782,5.100,2.0550
4cr9,4cr9_783,9.160,2.1010
4cr9,4cr9_503,4.820,3.0690
4cr9,4cr9_534,4.010,2.6450
4cr9,4cr9_551,3.680,2.0600
4cr9,4cr9_559,3.190,-0.8300
4cr9,4cr9_565,3.690,3.1420
4cr9,4cr9_575,4.040,3.7030
4cr9,4cr9_577,5.200,-8.1230
4cr9,4cr9_580,4.040,0.1360
4cr9,4cr9_864,6.620,0.8160
4cr9,4cr9_869,8.540,0.9870
4cr9,4cr9_874,7.440,-0.2350
4cr9,4cr9_876,7.550,0.3720
4cr9,4cr9_881,8.210,0.5750
4cr9,4cr9_884,8.950,1.3800
4cr9,4cr9_885,8.990,1.1350
4cr9,4cr9_887,8.100,0.9440
4cr9,4cr9_587,2.030,-1.0000
4cr9,4cr9_589,4.500,3.1400
4cr9,4cr9_595,2.740,-0.0610
4cr9,4cr9_630,2.580,-2.0450
4cr9,4cr9_662,5.930,-0.8270
4cr9,4cr9_666,3.090,-1.8580
4cr9,4cr9_689,4.380,-1.8380
4cr9,4cr9_690,1.660,-6.4330
4cr9,4cr9_789,6.320,1.9320
4cr9,4cr9_790,6.390,2.1360
4cr9,4cr9_791,5.920,2.5220
4cr9,4cr9_792,9.720,0.9730
4cr9,4cr9_794,6.950,1.5110
4cr9,4cr9_795,7.620,1.4130
4cr9,4cr9_796,6.200,2.1530
4cr9,4cr9_797,7.230,1.4240
4cr9,4cr9_271,2.970,4.3310
4cr9,4cr9_280,3.480,0.9730
4cr9,4cr9_286,1.980,2.1090
4cr9,4cr9_307,2.290,6.4430
4cr9,4cr9_358,0.950,5.9800
4cr9,4cr9_359,1.570,5.6440
4cr9,4cr9_408,2.350,1.7440
4cr9,4cr9_411,1.770,-0.7320
4cr9,4cr9_423,1.850,-4.0220
4cr9,4cr9_424,1.630,0.9990
4cr9,4cr9_431,2.190,3.7020
4cr9,4cr9_434,2.730,-5.8630
4cr9,4cr9_435,1.490,3.8630
4cr9,4cr9_438,4.200,-4.7240
4cr9,4cr9_480,2.610,0.6390
4cr9,4cr9_492,3.190,-1.5120
4cr9,4cr9_798,8.040,1.3390
4cr9,4cr9_799,9.860,0.5540
4cr9,4cr9_821,9.770,1.1690
4cr9,4cr9_822,5.210,2.8580
4cr9,4cr9_843,7.330,0.2870
4cr9,4cr9_849,1.770,2.7980
4cr9,4cr9_855,8.520,0.7950
4cr9,4cr9_861,9.270,1.4700
4agq,4agq_788,8.660,1.9540
4agq,4agq_84,7.070,3.9130
4agq,4agq_850,6.600,3.9340
4agq,4agq_866,0.980,5.0920
4agq,4agq_872,0.990,5.4220
4agq,4agq_894,4.410,1.9440
4agq,4agq_999,0.860,4.7860
4bkt,4bkt_11,1.000,5.6520
4agq,4agq_665,5.550,-6.0930
4agq,4agq_666,3.970,-10.7120
4agq,4agq_672,3.580,-8.2490
4agq,4agq_676,8.270,-11.4030
4agq,4agq_680,5.370,-16.8750
4agq,4agq_681,2.160,-10.8780
4agq,4agq_684,6.130,1.9650
4agq,4agq_687,5.240,-3.0440
4ciw,4ciw_690,6.440,2.4140
4ciw,4ciw_700,1.460,0.7470
4ciw,4ciw_725,1.100,6.4040
4ciw,4ciw_947,1.110,7.0660
4cr9,4cr9_217,1.970,4.2990
4cr9,4cr9_232,3.130,4.5310
4cr9,4cr9_254,3.390,1.1210
4cr9,4cr9_264,2.160,3.7480
4ciw,4ciw_267,0.460,6.6430
4ciw,4ciw_270,0.640,6.4020
4ciw,4ciw_280,0.620,5.6620
4ciw,4ciw_401,0.940,4.4560
4ciw,4ciw_415,2.890,4.0080
4ciw,4ciw_420,2.970,0.8920
4ciw,4ciw_439,2.770,4.6650
4ciw,4ciw_440,1.960,-0.0410
4ciw,4ciw_449,3.530,0.0530
4ciw,4ciw_451,0.780,4.7720
4ciw,4ciw_461,1.670,-1.6200
4ciw,4ciw_462,1.960,2.1700
4ciw,4ciw_468,0.930,4.0760
4ciw,4ciw_48,0.400,6.9340
4ciw,4ciw_482,1.120,1.0990
4ciw,4ciw_487,1.260,1.5630
4agq,4agq_691,9.760,-6.1450
4agq,4agq_700,3.610,-6.4070
4agq,4agq_702,1.830,5.9160
4agq,4agq_718,5.660,2.3870
4agq,4agq_744,1.930,5.1880
4agq,4agq_771,9.510,1.9000
4agq,4agq_775,6.590,2.5070
4agq,4agq_778,4.550,1.0290
4ciw,4ciw_496,1.210,-7.6670
4ciw,4ciw_499,3.870,2.1520
4ciw,4ciw_507,0.990,1.6110
4ciw,4ciw_537,7.170,2.5740
4ciw,4ciw_550,0.970,0.2520
4ciw,4ciw_568,3.300,-3.9910
4ciw,4ciw_573,1.240,-5.2710
4ciw,4ciw_584,2.140,-5.0330
4ciw,4ciw_620,3.040,1.7440
4ciw,4ciw_629,3.130,-2.5020
4ciw,4ciw_638,6.290,2.2100
4ciw,4ciw_639,3.360,-1.3860
4ciw,4ciw_672,3.270,-0.2330
4ciw,4ciw_673,2.710,-3.8590
4ciw,4ciw_676,2.810,0.6530
4ciw,4ciw_689,2.870,-2.0230
4ciw,4ciw_585,7.140,0.0600
4ciw,4ciw_592,2.040,-1.6160
4ciw,4ciw_597,2.590,0.8360
4ciw,4ciw_598,0.880,3.2970
4ciw,4ciw_608,3.110,-1.6200
4ciw,4ciw_609,2.940,-1.0930
4ciw,4ciw_610,3.200,-5.1380
4ciw,4ciw_617,3.200,2.9460
4bkt,4bkt_953,1.070,4.3840
4bkt,4bkt_969,2.060,3.5480
4bkt,4bkt_983,2.980,4.5130
4bkt,4bkt_984,3.320,4.5160
4cig,4cig_106,9.640,4.4580
4cig,4cig_114,7.120,5.2350
4cig,4cig_122,6.100,4.9650
4cig,4cig_129,8.180,4.6830
4cr9,4cr9_891,5.250,3.1440
4cr9,4cr9_894,6.010,2.1730
4cr9,4cr9_897,8.220,0.7460
4cr9,4cr9_920,1.410,3.4700
4cr9,4cr9_933,6.840,2.0220
4cr9,4cr9_970,7.220,1.6500
4cr9,4cr9_984,7.380,2.0670
4cra,4cra_102,4.690,6.3650
4ddh,4ddh_13,0.860,6.1850
4ddh,4ddh_130,1.560,5.5360
4ddh,4ddh_181,5.910,5.5130
4ddh,4ddh_27,1.970,4.9300
4ddh,4ddh_270,1.940,0.1350
4ddh,4ddh_294,0.690,5.4100
4ddh,4ddh_296,2.030,3.1400
4ddh,4ddh_343,5.940,6.1430
4ddh,4ddh_349,6.620,5.1160
4ddh,4ddh_401,4.430,4.5100
4ddh,4ddh_416,0.990,5.4230
4ddh,4ddh_421,5.820,1.5180
4ddh,4ddh_422,3.230,4.9850
4ddh,4ddh_427,1.250,3.8120
4ddh,4ddh_432,0.970,2.8300
4ddh,4ddh_439,2.120,5.1290
4ddh,4ddh_490,2.530,3.8550
4ddh,4ddh_500,3.000,3.6480
4ddh,4ddh_507,4.350,3.9020
4ddh,4ddh_514,0.970,2.1390
4ddh,4ddh_519,0.570,2.8550
4ddh,4ddh_530,2.920,4.5190
4ddh,4ddh_542,3.220,4.4310
4ddh,4ddh_543,2.000,2.8450
4ddh,4ddh_448,5.060,4.2540
4ddh,4ddh_455,4.970,4.5240
4ddh,4ddh_459,4.710,3.1340
4ddh,4ddh_462,3.710,-2.8800
4ddh,4ddh_465,2.680,5.5320
4ddh,4ddh_466,2.010,2.0040
4ddh,4ddh_471,4.500,0.8040
4ddh,4ddh_489,4.140,-1.8180
4ddh,4ddh_545,3.670,1.3110
4ddh,4ddh_547,2.780,5.1850
4ddh,4ddh_548,1.630,1.4690
4ddh,4ddh_555,4.940,1.9440
4ddh,4ddh_559,3.670,3.5670
4ddh,4ddh_564,5.020,2.4860
4ddh,4ddh_574,1.990,4.9820
4ddh,4ddh_589,1.850,0.8250
4cig,4cig_342,6.270,4.5710
4cig,4cig_351,7.940,6.1560
4cig,4cig_369,9.800,4.6150
4cig,4cig_372,6.210,6.6500
4cig,4cig_386,7.110,6.6010
4cig,4cig_44,6.050,6.0170
4cig,4cig_454,6.060,-11.8900
4cig,4cig_480,3.950,-7.1270
4ddh,4ddh_591,4.790,0.7890
4ddh,4ddh_592,5.970,2.6680
4ddh,4ddh_593,5.420,3.9180
4ddh,4ddh_620,3.700,0.9600
4ddh,4ddh_632,6.870,3.9420
4ddh,4ddh_641,1.800,2.1070
4ddh,4ddh_649,5.320,1.2970
4ddh,4ddh_651,2.420,2.9750
4cig,4cig_13,7.200,5.5020
4cig,4cig_131,4.960,5.3680
4cig,4cig_167,7.200,4.9400
4cig,4cig_169,6.180,6.7140
4cig,4cig_18,6.210,6.0430
4cig,4cig_203,4.570,4.1640
4cig,4cig_219,4.940,3.8890
4cig,4cig_22,8.310,5.9750
4ddh,4ddh_659,6.870,2.6860
4ddh,4ddh_671,5.370,3.0020
4ddh,4ddh_684,7.260,-0.0170
4ddh,4ddh_688,1.560,3.0990
4ddh,4ddh_734,0.950,5.0840
4ddh,4ddh_754,5.620,4.4640
4ddh,4ddh_762,7.710,1.9950
4ddh,4ddh_763,7.700,1.9930
4cig,4cig_241,5.330,2.9270
4cig,4cig_253,4.660,4.3950
4cig,4cig_265,4.260,0.9790
4cig,4cig_267,5.760,3.8470
4cig,4cig_285,5.280,6.0010
4cig,4cig_290,5.510,5.5830
4cig,4cig_298,3.840,3.1710
4cig,4cig_329,9.100,5.4010
4cig,4cig_510,6.250,-0.9780
4cig,4cig_524,2.800,-0.5820
4cig,4cig_540,7.660,-3.4010
4cig,4cig_545,6.420,-10.7110
4cig,4cig_553,5.110,-5.4300
4cig,4cig_56,8.070,4.6210
4cig,4cig_570,8.170,0.2060
4cig,4cig_575,7.040,-6.9840
4cig,4cig_759,3.970,4.1170
4cig,4cig_762,5.050,0.4780
4cig,4cig_763,2.710,-0.0980
4cig,4cig_766,4.320,2.9050
4cig,4cig_769,5.210,1.5880
4cig,4cig_770,4.790,3.6280
4cig,4cig_774,4.630,1.5000
4cig,4cig_780,5.240,3.4100
4cig,4cig_589,7.240,1.6860
4cig,4cig_600,1.750,0.1230
4cig,4cig_601,7.720,-19.5630
4cig,4cig_639,7.800,-2.5650
4cig,4cig_641,5.430,-13.4130
4cig,4cig_645,3.800,-5.7180
4cig,4cig_656,4.740,-7.1740
4cig,4cig_669,2.540,1.0660
4cig,4cig_702,1.760,0.9360
4cig,4cig_707,1.830,1.8570
4cig,4cig_710,1.940,1.4210
4cig,4cig_716,2.070,1.4750
4cig,4cig_719,2.160,1.4950
4cig,4cig_738,3.640,3.9730
4cig,4cig_739,5.210,2.6370
4cig,4cig_750,3.970,5.9580
4cig,4cig_784,2.570,5.7830
4cig,4cig_786,1.910,2.8020
4cig,4cig_787,1.790,3.2190
4cig,4cig_788,3.280,1.7450
4cig,4cig_809,1.140,2.5900
4cig,4cig_83,9.580,5.8850
4cig,4cig_848,2.400,2.1930
4cig,4cig_851,3.990,-0.8390
4cig,4cig_852,4.140,5.3720
4cig,4cig_860,6.170,1.9410
4cig,4cig_929,3.000,-0.0070
4cig,4cig_947,2.170,1.8820
4cig,4cig_950,2.830,5.9360
4cig,4cig_956,3.290,4.4880
4cig,4cig_957,3.850,1.5030
4cig,4cig_98,8.500,5.8590
4ddk,4ddk_296,3.850,3.2070
4ddk,4ddk_303,0.260,5.8740
4ddk,4ddk_327,0.310,6.0420
4ddk,4ddk_34,2.830,4.8240
4ddk,4ddk_345,0.460,5.9090
4ddk,4ddk_359,0.820,5.8380
4ddk,4ddk_361,0.570,5.9530
4ddk,4ddk_391,0.420,5.9120
4ddk,4ddk_402,2.870,5.0200
4ddk,4ddk_406,0.600,4.1890
4ddk,4ddk_41,3.030,4.6300
4ddk,4ddk_410,0.910,4.0280
4ddk,4ddk_413,3.300,4.4500
4ddk,4ddk_419,2.350,3.4210
4ddk,4ddk_431,1.740,3.2030
4ddk,4ddk_432,1.340,1.4490
4ddk,4ddk_438,1.950,4.5810
4ddk,4ddk_443,1.010,4.2680
4ddk,4ddk_444,1.570,2.3040
4ddk,4ddk_445,4.350,0.8120
4ddk,4ddk_450,1.300,2.4730
4ddk,4ddk_451,4.340,3.8980
4ddk,4ddk_457,4.790,4.7640
4ddk,4ddk_460,2.470,3.2670
4ddk,4ddk_464,2.100,1.2930
4ddk,4ddk_466,5.690,3.3860
4ddk,4ddk_467,4.280,4.6060
4ddk,4ddk_470,1.560,0.6990
4ddk,4ddk_476,3.300,1.9870
4ddk,4ddk_479,5.870,1.9510
4ddk,4ddk_485,6.210,4.3230
4ddk,4ddk_487,2.960,0.4100
4ddh,4ddh_764,7.680,1.9790
4ddh,4ddh_770,6.210,4.6410
4ddh,4ddh_771,3.590,5.2640
4ddh,4ddh_773,6.710,3.5110
4ddh,4ddh_774,6.690,-0.5090
4ddh,4ddh_781,7.820,0.8620
4ddh,4ddh_782,2.180,1.0760
4ddh,4ddh_783,6.840,3.8960
4ddk,4ddk_488,5.670,4.0470
4ddk,4ddk_496,4.330,4.4010
4ddk,4ddk_515,5.600,4.1590
4ddk,4ddk_525,4.640,4.6140
4ddk,4ddk_528,4.580,3.6380
4ddk,4ddk_53,9.620,4.2410
4ddk,4ddk_535,4.880,-0.5420
4ddk,4ddk_536,7.070,-3.8140
4ddk,4ddk_538,4.510,3.7700
4ddk,4ddk_541,2.070,4.5370
4ddk,4ddk_542,5.130,2.7080
4ddk,4ddk_543,5.890,0.5650
4ddk,4ddk_546,0.980,4.4190
4ddk,4ddk_550,6.970,-5.1310
4ddk,4ddk_568,3.450,-0.2360
4ddk,4ddk_580,7.320,-1.6720
4ddk,4ddk_583,1.700,3.3620
4ddk,4ddk_59,8.610,3.8280
4ddk,4ddk_596,6.670,3.4340
4ddk,4ddk_606,6.890,-0.7110
4ddk,4ddk_621,4.230,-0.5460
4ddk,4ddk_628,5.560,3.7190
4ddk,4ddk_632,3.880,0.1460
4ddk,4ddk_642,1.260,2.6850
4ddh,4ddh_882,3.960,3.6550
4ddh,4ddh_885,6.380,3.1190
4ddh,4ddh_911,0.300,5.2930
4ddh,4ddh_971,4.780,5.2950
4ddk,4ddk_11,2.910,4.6980
4ddk,4ddk_113,6.260,4.6610
4ddk,4ddk_170,7.390,4.5820
4ddk,4ddk_184,2.780,4.5900
4ddk,4ddk_644,7.550,-1.8650
4ddk,4ddk_650,3.840,2.3570
4ddk,4ddk_651,7.800,-2.7710
4ddk,4ddk_652,3.200,-1.0830
4ddk,4ddk_660,6.330,-0.0570
4ddk,4ddk_664,2.950,3.0970
4ddk,4ddk_672,1.290,2.6530
4ddk,4ddk_680,5.960,-0.1260
4ddk,4ddk_684,6.520,3.5420
4ddk,4ddk_689,7.660,2.7080
4ddk,4ddk_696,6.160,-5.2410
4ddk,4ddk_709,7.450,2.6700
4ddk,4ddk_726,8.690,4.7480
4ddk,4ddk_751,3.740,2.9210
4ddk,4ddk_755,7.360,4.0840
4ddk,4ddk_767,8.200,3.9500
4ddk,4ddk_771,8.090,3.1330
4ddk,4ddk_773,8.400,3.6740
4ddk,4ddk_776,6.530,3.4800
4ddk,4ddk_78,3.490,5.1630
4ddk,4ddk_782,7.930,0.3500
4ddk,4ddk_811,9.800,1.3770
4ddk,4ddk_812,9.730,1.2120
4ddk,4ddk_813,9.990,2.1120
4ddk,4ddk_815,9.990,2.1460
4ddk,4ddk_820,7.090,2.7410
4ddk,4ddk_836,8.060,4.0870
4ddk,4ddk_872,8.360,4.1500
4ddk,4ddk_878,8.770,3.9490
4ddk,4ddk_881,8.350,3.7950
4ddk,4ddk_882,8.070,3.8210
4ddk,4ddk_89,5.520,4.2790
4ddh,4ddh_784,4.550,0.9050
4ddh,4ddh_79,0.800,6.1240
4ddh,4ddh_794,6.940,-1.8080
4ddh,4ddh_795,7.100,-1.8760
4ddh,4ddh_796,8.100,1.5390
4ddh,4ddh_80,3.290,4.9360
4ddh,4ddh_843,3.040,5.6040
4ddh,4ddh_868,6.500,1.4510
4ddk,4ddk_925,9.750,2.1930
4ddk,4ddk_939,0.870,4.0440
4ddk,4ddk_951,9.860,3.3920
4ddk,4ddk_953,9.860,3.5010
4ddk,4ddk_959,9.850,3.3880
4ddk,4ddk_962,5.660,2.1450
4ddk,4ddk_970,6.330,3.6030
4de1,4de1_105,9.300,5.6640
3uri,3uri_833,8.360,5.3920
3uri,3uri_847,3.500,5.6910
3uri,3uri_859,4.610,2.3700
3uri,3uri_866,5.080,2.2130
3uri,3uri_880,2.760,4.9300
3uri,3uri_882,3.970,5.1850
3uri,3uri_90,7.970,4.7450
3utu,3utu_102,6.300,5.4170
3uri,3uri_213,5.160,3.3550
3uri,3uri_221,3.240,4.5800
3uri,3uri_223,9.190,-2.9700
3uri,3uri_228,9.380,3.0040
3uri,3uri_23,6.840,4.0670
3uri,3uri_230,5.320,2.5250
3uri,3uri_232,6.610,2.7180
3uri,3uri_240,8.310,2.3590
3uri,3uri_183,6.030,7.0670
3uri,3uri_186,8.250,2.6990
3uri,3uri_197,3.260,4.6040
3uri,3uri_203,4.690,2.4240
3uri,3uri_204,8.410,3.0330
3uri,3uri_209,4.360,2.9050
3uri,3uri_210,5.980,5.3290
3uri,3uri_211,5.370,2.6650
3uri,3uri_448,7.840,-28.3880
3uri,3uri_46,8.840,4.0310
3uri,3uri_476,9.240,-14.8610
3uri,3uri_487,4.810,-35.2600
3uri,3uri_528,6.720,-5.8170
3uri,3uri_574,7.860,-20.0570
3uri,3uri_597,9.460,-10.5870
3uri,3uri_633,9.600,-27.1560
3uri,3uri_657,9.250,-10.9800
3uri,3uri_668,8.760,-14.3220
3uri,3uri_683,8.910,-18.5410
3uri,3uri_701,6.230,5.1720
3uri,3uri_722,3.950,4.8530
3uri,3uri_725,2.760,4.9300
3uri,3uri_797,6.440,3.7960
3uri,3uri_806,7.020,4.8840
3uri,3uri_245,4.740,3.7720
3uri,3uri_246,6.350,3.5760
3uri,3uri_247,4.730,1.5440
3uri,3uri_248,7.750,2.7460
3uri,3uri_253,3.630,5.3630
3uri,3uri_254,3.760,4.5950
3uri,3uri_255,4.710,4.4700
3uri,3uri_256,6.030,3.5760
3uri,3uri_371,5.840,6.2720
3uri,3uri_372,3.510,6.0550
3uri,3uri_376,9.030,4.5720
3uri,3uri_385,8.400,6.5720
3uri,3uri_394,8.440,4.1830
3uri,3uri_417,4.960,-17.4540
3uri,3uri_439,5.760,-41.5660
3uri,3uri_442,7.700,-35.0150
3uri,3uri_289,7.230,1.0840
3uri,3uri_292,3.380,4.3330
3uri,3uri_294,6.590,4.1830
3uri,3uri_296,3.840,3.7690
3uri,3uri_319,5.610,4.4400
3uri,3uri_353,9.580,5.2200
3uri,3uri_365,9.590,4.5660
3uri,3uri_367,9.320,5.1180
3uri,3uri_258,5.990,2.9190
3uri,3uri_265,6.400,2.8710
3uri,3uri_267,5.790,4.4370
3uri,3uri_268,4.940,3.3370
3uri,3uri_270,8.100,0.6940
3uri,3uri_271,7.150,3.7160
3uri,3uri_275,7.700,1.1920
3uri,3uri_285,4.310,2.7870
4de1,4de1_110,4.240,5.2260
4de1,4de1_127,6.240,3.0980
4de1,4de1_14,9.150,4.8490
4de1,4de1_142,9.090,5.5720
4de1,4de1_150,9.680,5.5910
4de1,4de1_176,9.340,5.3820
4de1,4de1_190,0.240,7.6130
4de1,4de1_191,7.920,4.1100
4de1,4de1_195,0.770,7.7690
4de1,4de1_196,7.380,3.7860
4de1,4de1_199,5.960,4.4400
4de1,4de1_203,7.120,3.9570
4de1,4de1_215,0.470,6.5280
4de1,4de1_237,0.770,5.8080
4de1,4de1_25,7.850,6.0900
4de1,4de1_275,0.890,3.0480
4de1,4de1_277,0.830,6.3250
4de1,4de1_289,0.460,5.8300
4de1,4de1_292,0.590,7.2340
4de1,4de1_309,4.480,5.4180
4de1,4de1_317,4.240,4.6130
4de1,4de1_340,6.480,6.1240
4de1,4de1_366,0.560,7.1310
4de1,4de1_370,9.070,5.8360
4cra,4cra_113,1.790,7.4740
4cra,4cra_119,2.360,7.8250
4cra,4cra_124,5.920,7.1330
4cra,4cra_126,1.030,7.6750
4cra,4cra_130,1.840,6.5920
4cra,4cra_151,5.470,7.1200
4cra,4cra_155,0.530,9.2940
4cra,4cra_175,1.130,8.4950
4cra,4cra_201,7.130,7.5360
4cra,4cra_204,1.580,6.8300
4cra,4cra_214,6.860,4.5690
4cra,4cra_219,7.070,2.8240
4cra,4cra_224,0.710,6.9190
4cra,4cra_230,0.940,6.7960
4cra,4cra_24,8.110,7.1630
4cra,4cra_240,7.110,4.6300
4crc,4crc_132,2.680,6.3660
4crc,4crc_138,1.850,5.8930
4crc,4crc_140,2.500,6.5670
4crc,4crc_149,1.820,7.4400
4crc,4crc_164,0.990,8.7290
4crc,4crc_168,0.960,9.3500
4crc,4crc_175,8.000,5.3220
4crc,4crc_185,0.820,8.3230
4cra,4cra_953,9.210,-0.1200
4cra,4cra_967,9.880,2.2930
4cra,4cra_972,8.980,4.1640
4crc,4crc_100,7.420,7.4060
4crc,4crc_106,8.290,5.7930
4crc,4crc_120,8.360,5.4110
4crc,4crc_126,9.570,5.7330
4crc,4crc_131,0.880,8.3220
4de1,4de1_405,7.050,-3.2290
4de1,4de1_407,5.210,-1.4740
4de1,4de1_408,4.550,3.2450
4de1,4de1_412,6.920,-7.6170
4de1,4de1_424,1.080,5.8050
4de1,4de1_425,5.340,-1.5790
4de1,4de1_426,1.280,3.0270
4de1,4de1_431,8.320,-11.0180
4cra,4cra_302,3.970,8.0180
4cra,4cra_307,6.750,6.4880
4cra,4cra_318,0.470,9.2320
4cra,4cra_354,1.270,8.2930
4cra,4cra_358,6.760,8.2320
4cra,4cra_364,0.450,8.8540
4cra,4cra_375,5.310,7.6910
4cra,4cra_378,1.710,7.8330
4de1,4de1_432,0.980,1.1330
4de1,4de1_433,1.460,-0.1400
4de1,4de1_436,7.320,-8.5250
4de1,4de1_438,1.330,2.9980
4de1,4de1_440,8.220,-8.4770
4de1,4de1_458,6.220,-4.8500
4de1,4de1_460,7.960,-18.0790
4de1,4de1_466,3.830,-11.0240
4cra,4cra_383,3.050,7.6170
4cra,4cra_4,0.690,8.4880
4cra,4cra_413,3.960,-22.5460
4cra,4cra_422,8.140,-3.7220
4cra,4cra_439,5.780,-21.5750
4cra,4cra_441,3.100,-2.0800
4cra,4cra_444,6.690,-10.5560
4cra,4cra_448,9.210,-26.1200
4cra,4cra_250,4.860,4.6390
4cra,4cra_258,0.870,5.1510
4cra,4cra_270,1.800,8.0710
4cra,4cra_276,2.120,5.7200
4cra,4cra_281,0.710,5.8620
4cra,4cra_283,0.600,6.6820
4cra,4cra_292,1.870,7.8020
4cra,4cra_296,6.970,5.2660
4cra,4cra_564,8.420,6.0690
4cra,4cra_566,4.250,-1.2680
4cra,4cra_569,6.660,1.6400
4cra,4cra_572,6.920,1.6670
4cra,4cra_576,5.690,-14.6150
4cra,4cra_578,5.470,2.0230
4cra,4cra_579,2.210,-4.6760
4cra,4cra_580,3.090,-1.9400
4cra,4cra_610,8.180,2.8100
4cra,4cra_624,5.740,-4.8100
4cra,4cra_636,5.490,-5.2670
4cra,4cra_644,7.540,2.5890
4cra,4cra_656,4.580,-10.3360
4cra,4cra_658,7.240,-1.4110
4cra,4cra_680,7.420,-17.6480
4cra,4cra_689,4.330,-2.5920
4cra,4cra_584,4.470,3.4260
4cra,4cra_589,4.810,-2.1630
4cra,4cra_590,2.860,-12.3330
4cra,4cra_591,6.170,4.7420
4cra,4cra_595,6.340,-1.1690
4cra,4cra_596,2.930,-1.1590
4cra,4cra_604,8.130,-0.5490
4cra,4cra_61,6.050,7.2740
4cra,4cra_456,4.910,-17.6050
4cra,4cra_470,2.690,-5.1190
4cra,4cra_472,4.720,-1.1000
4cra,4cra_477,7.100,-7.3470
4cra,4cra_479,8.360,-7.1290
4cra,4cra_496,9.120,-0.6740
4cra,4cra_504,2.110,-2.7480
4cra,4cra_523,5.900,4.9060
4cra,4cra_695,3.310,-2.1490
4cra,4cra_716,3.820,4.3140
4cra,4cra_719,0.990,8.4280
4cra,4cra_720,2.930,5.3990
4cra,4cra_748,4.530,4.9310
4cra,4cra_795,9.770,5.0030
4cra,4cra_81,8.960,6.0900
4cra,4cra_827,9.140,3.6580
4crc,4crc_743,8.380,4.8210
4crc,4crc_758,8.050,2.4230
4crc,4crc_770,8.060,3.8320
4crc,4crc_821,6.470,6.0570
4crc,4crc_840,4.750,6.0210
4crc,4crc_968,1.570,5.9230
4crc,4crc_99,1.040,9.1150
4ddh,4ddh_1,0.450,6.2470
4cra,4cra_828,9.370,3.0970
4cra,4cra_830,2.250,7.7300
4cra,4cra_855,8.270,4.4770
4cra,4cra_861,7.130,3.2480
4cra,4cra_893,9.490,0.9910
4cra,4cra_905,8.860,5.5940
4cra,4cra_918,9.630,4.5660
4cra,4cra_941,9.760,1.4040
4cra,4cra_525,3.800,3.6180
4cra,4cra_533,7.710,1.5720
4cra,4cra_538,3.630,-1.1200
4cra,4cra_540,7.590,0.0810
4cra,4cra_541,3.100,-7.5020
4cra,4cra_547,1.890,-6.6010
4cra,4cra_548,5.140,2.4050
4cra,4cra_549,2.660,1.8770
4crc,4crc_368,0.730,8.8400
4crc,4crc_391,3.440,7.0850
4crc,4crc_401,1.640,-22.4410
4crc,4crc_411,5.720,-22.3480
4crc,4crc_412,1.630,-13.0650
4crc,4crc_417,7.660,4.2250
4crc,4crc_423,2.850,-23.0840
4crc,4crc_426,2.550,-5.4130
4crc,4crc_192,1.090,8.1260
4crc,4crc_212,0.940,6.3770
4crc,4crc_215,0.790,5.8750
4crc,4crc_217,0.880,7.8630
4crc,4crc_263,1.980,4.3330
4crc,4crc_291,0.850,6.3560
4crc,4crc_314,0.910,8.4510
4crc,4crc_323,4.700,4.0860
4crc,4crc_569,7.110,5.9470
4crc,4crc_571,4.980,0.1670
4crc,4crc_574,6.060,0.7330
4crc,4crc_575,4.890,1.4580
4crc,4crc_586,2.420,-4.8980
4crc,4crc_588,4.910,-1.7310
4crc,4crc_590,9.220,-11.9510
4crc,4crc_591,5.600,-2.7240
4crc,4crc_443,2.870,-20.8250
4crc,4crc_447,3.300,-19.5590
4crc,4crc_464,5.870,-10.7990
4crc,4crc_475,5.460,-6.2950
4crc,4crc_480,2.610,-30.0790
4crc,4crc_481,3.860,-12.0580
4crc,4crc_485,6.420,5.7340
4crc,4crc_486,3.890,-13.9870
4de1,4de1_521,2.750,2.9340
4de1,4de1_531,7.500,-3.9530
4de1,4de1_538,3.400,1.0710
4de1,4de1_541,3.650,2.6970
4de1,4de1_545,5.860,0.0060
4de1,4de1_550,4.380,5.8620
4de1,4de1_552,4.280,-2.5920
4de1,4de1_553,1.820,4.1070
4crc,4crc_493,4.890,-22.0700
4crc,4crc_505,1.880,-9.1330
4crc,4crc_509,3.250,-8.9930
4crc,4crc_511,3.430,5.1190
4crc,4crc_517,4.880,6.4010
4crc,4crc_528,4.820,-1.6850
4crc,4crc_533,2.510,-18.6470
4crc,4crc_537,3.570,-3.3400
4crc,4crc_538,5.430,-2.1000
4crc,4crc_542,5.040,-4.6120
4crc,4crc_544,3.950,-9.0600
4crc,4crc_549,5.520,-4.4250
4crc,4crc_557,6.470,-4.4580
4crc,4crc_560,5.400,-1.9730
4crc,4crc_561,7.290,-2.0700
4crc,4crc_564,2.840,-6.7320
4de1,4de1_558,6.170,0.1740
4de1,4de1_564,2.280,-2.4580
4de1,4de1_567,1.780,0.6690
4de1,4de1_575,3.860,-6.4940
4de1,4de1_579,5.290,0.1450
4de1,4de1_581,1.560,6.5460
4de1,4de1_582,3.010,-15.2270
4de1,4de1_586,4.790,-2.5350
4de1,4de1_745,8.910,3.3710
4de1,4de1_748,9.120,2.6720
4de1,4de1_749,8.990,3.0050
4de1,4de1_750,8.980,3.3120
4de1,4de1_753,8.910,3.0440
4de1,4de1_755,8.940,3.3480
4de1,4de1_759,8.800,3.8220
4de1,4de1_761,8.740,3.8200
4de1,4de1_699,2.550,5.3790
4de1,4de1_711,6.740,2.5410
4de1,4de1_715,5.740,2.4800
4de1,4de1_728,9.270,2.7940
4de1,4de1_733,9.170,3.0010
4de1,4de1_738,5.530,4.3270
4de1,4de1_742,8.970,3.3870
4de1,4de1_744,9.110,2.5670
4de1,4de1_474,7.060,-5.6360
4de1,4de1_482,3.990,-4.2490
4de1,4de1_484,1.740,3.9940
4de1,4de1_487,4.180,-1.8840
4de1,4de1_491,6.240,1.0010
4de1,4de1_509,2.380,-7.4380
4de1,4de1_514,2.910,4.3640
4de1,4de1_519,3.030,-1.2430
4crc,4crc_680,4.840,-10.5210
4crc,4crc_682,6.330,1.6110
4crc,4crc_685,7.320,-2.2170
4crc,4crc_694,6.720,3.2830
4crc,4crc_716,8.740,1.7250
4crc,4crc_717,1.830,6.9500
4crc,4crc_724,8.780,2.3600
4crc,4crc_734,9.200,4.4500
4crc,4crc_592,9.050,3.7720
4crc,4crc_597,7.510,-9.3750
4crc,4crc_618,6.860,-2.5250
4crc,4crc_620,5.440,-12.8420
4crc,4crc_626,3.300,-1.1950
4crc,4crc_627,6.400,-6.5020
4crc,4crc_633,3.340,-16.6300
4crc,4crc_636,2.420,-8.4380
4crc,4crc_644,7.210,-2.5100
4crc,4crc_646,9.980,-3.3240
4crc,4crc_648,7.210,4.5820
4crc,4crc_649,5.860,1.1360
4crc,4crc_656,6.420,-0.2210
4crc,4crc_661,7.000,-3.5820
4crc,4crc_665,7.530,-7.9500
4crc,4crc_673,4.300,-19.0940
4de1,4de1_590,4.650,4.2250
4de1,4de1_593,5.530,-4.8150
4de1,4de1_596,5.150,2.4110
4de1,4de1_598,3.180,-4.2330
4de1,4de1_620,3.440,-1.4200
4de1,4de1_633,1.720,4.8680
4de1,4de1_636,6.180,-0.3040
4de1,4de1_659,5.280,0.9410
4de1,4de1_661,1.850,1.7610
4de1,4de1_664,6.460,-0.7570
4de1,4de1_667,2.660,1.9410
4de1,4de1_674,2.120,4.1530
4de1,4de1_675,2.820,3.9280
4de1,4de1_676,2.030,0.1260
4de1,4de1_682,4.820,-8.6320
4de1,4de1_697,6.570,-6.9650
4de1,4de1_811,7.480,1.0180
4de1,4de1_84,3.270,6.3080
4de1,4de1_88,2.540,7.1030
4de2,4de2_108,0.720,6.8830
4de2,4de2_129,9.680,4.3810
4de2,4de2_137,1.010,5.5890
4de2,4de2_138,3.010,5.7750
4de2,4de2_148,1.500,6.5790
4de2,4de2_268,7.680,2.8210
4de2,4de2_287,8.090,-0.5110
4de2,4de2_290,0.740,7.1010
4de2,4de2_291,0.900,5.6190
4de2,4de2_292,0.580,5.6570
4de2,4de2_305,0.710,7.2600
4de2,4de2_333,0.430,7.3790
4de2,4de2_338,1.110,6.7140
4de2,4de2_158,9.650,4.2560
4de2,4de2_166,7.300,5.7390
4de2,4de2_175,9.680,4.6480
4de2,4de2_2,3.420,5.7860
4de2,4de2_214,0.730,6.2980
4de2,4de2_224,7.620,4.0000
4de2,4de2_236,7.180,1.8390
4de2,4de2_246,7.000,2.4930
4de2,4de2_451,2.010,1.2490
4de2,4de2_459,3.860,-0.8160
4de2,4de2_468,6.860,-2.6560
4de2,4de2_469,3.200,-7.1800
4de2,4de2_483,2.020,-2.8640
4de2,4de2_490,4.430,-0.3900
4de2,4de2_501,4.970,1.4460
4de2,4de2_506,4.570,4.1540
4de2,4de2_371,0.850,7.6450
4de2,4de2_381,2.890,7.0090
4de2,4de2_385,0.740,7.7330
4de2,4de2_401,8.140,0.2490
4de2,4de2_410,8.480,-6.9110
4de2,4de2_427,9.180,-3.4270
4de2,4de2_441,1.670,-2.0650
4de2,4de2_450,8.870,3.2250
4de2,4de2_512,2.420,-3.5910
4de2,4de2_513,3.710,3.2790
4de2,4de2_514,5.480,4.1910
4de2,4de2_521,4.360,-5.7220
4de2,4de2_522,5.770,2.4010
4de2,4de2_523,1.950,-2.6930
4de2,4de2_526,7.370,-1.1930
4de2,4de2_542,4.600,0.5860
4de2,4de2_544,8.150,2.5580
4de2,4de2_546,8.350,0.1110
4de2,4de2_557,3.900,0.1430
4de2,4de2_560,2.520,-9.4220
4de2,4de2_561,5.510,0.2560
4de2,4de2_562,5.220,1.9950
4de2,4de2_567,2.060,1.3510
4de2,4de2_571,5.180,3.3940
4de2,4de2_572,2.970,-5.5880
4de2,4de2_575,1.820,2.3170
4de2,4de2_577,1.140,0.8200
4de2,4de2_58,2.380,6.8850
4de2,4de2_580,2.550,-14.8510
4de2,4de2_583,6.230,3.4540
4de2,4de2_584,3.190,-8.5850
4de2,4de2_590,4.470,0.3700
4de2,4de2_595,6.490,-2.3990
4de2,4de2_596,6.000,-1.0710
4de2,4de2_600,8.340,-1.9080
4de2,4de2_607,5.460,-3.0800
4de2,4de2_612,3.980,-4.8030
4de2,4de2_622,7.570,0.1000
4de2,4de2_623,4.720,-6.7410
4de2,4de2_641,8.560,-3.9230
4de2,4de2_653,6.290,0.3340
4de2,4de2_670,6.870,2.5710
4de2,4de2_673,5.710,0.4360
4de2,4de2_676,5.300,1.9550
4de2,4de2_694,8.290,2.8310
4de2,4de2_715,6.960,3.8140
4de2,4de2_724,1.200,4.1340
4de2,4de2_737,6.210,2.3570
4de2,4de2_738,3.540,3.5010
4de2,4de2_749,0.920,4.3910
4de2,4de2_76,2.600,5.9560
4de2,4de2_762,7.620,4.4880
4de2,4de2_769,5.350,5.7350
4de2,4de2_773,8.600,3.1320
4de2,4de2_778,9.880,0.7200
4de2,4de2_781,7.550,1.5820
4de2,4de2_782,7.110,4.6720
4de2,4de2_788,4.180,2.3960
4de2,4de2_790,6.780,4.7610
4de2,4de2_795,6.940,1.0990
4de2,4de2_821,4.720,2.2610
4de2,4de2_826,1.940,5.2060
4de2,4de2_866,4.850,3.3180
4de2,4de2_881,1.580,5.1050
4de2,4de2_942,9.280,3.0660
4de2,4de2_943,7.440,-0.9630
4de2,4de2_952,3.930,4.6690
4de2,4de2_974,9.980,2.6150
4de3,4de3_112,6.260,5.3440
4de3,4de3_209,7.050,5.3810
4de3,4de3_211,0.970,3.4760
4de3,4de3_217,6.870,3.1080
4de3,4de3_232,1.850,4.0860
4de3,4de3_234,6.970,4.0840
4de3,4de3_245,0.860,6.1610
4de3,4de3_249,5.400,3.9050
4de3,4de3_252,7.100,-2.5750
4de3,4de3_254,0.620,4.5330
4de3,4de3_260,0.980,4.5470
4de3,4de3_270,1.050,4.1390
4de3,4de3_275,0.980,5.1510
4de3,4de3_282,6.920,-3.9820
4de3,4de3_283,1.420,4.6290
4de3,4de3_288,1.230,3.5250
4de3,4de3_293,4.020,2.7640
4de3,4de3_322,0.540,7.2710
4de3,4de3_350,0.970,7.3750
4de3,4de3_358,0.530,8.2620
4de3,4de3_533,7.250,1.5820
4de3,4de3_539,2.420,3.6870
4de3,4de3_545,7.980,0.1390
4de3,4de3_555,3.770,2.2390
4de3,4de3_556,4.320,-0.1300
4de3,4de3_557,2.820,-2.9800
4de3,4de3_560,6.950,-1.1930
4de3,4de3_563,3.010,-3.4920
4de3,4de3_361,5.030,5.2140
4de3,4de3_371,0.560,7.9550
4de3,4de3_375,0.400,7.9510
4de3,4de3_419,1.240,-1.0460
4de3,4de3_429,3.440,1.3240
4de3,4de3_461,7.150,-10.7960
4de3,4de3_467,1.630,1.1220
4de3,4de3_474,1.820,1.9450
4de3,4de3_477,2.510,-8.1290
4de3,4de3_481,6.660,-1.9120
4de3,4de3_483,5.200,-3.9870
4de3,4de3_495,1.940,3.9570
4de3,4de3_499,2.110,1.7540
4de3,4de3_510,4.820,6.2370
4de3,4de3_513,3.090,-3.8270
4de3,4de3_519,3.110,4.5110
4de3,4de3_564,3.960,4.1290
4de3,4de3_569,4.320,1.4100
4de3,4de3_572,7.080,2.3550
4de3,4de3_576,2.510,-15.4990
4de3,4de3_583,5.040,1.1160
4de3,4de3_591,2.660,-0.7200
4de3,4de3_593,1.750,-4.1560
4de3,4de3_594,1.890,1.5610
4de3,4de3_599,3.770,0.1220
4de3,4de3_631,5.320,-5.1210
4de3,4de3_634,2.370,2.2950
4de3,4de3_655,4.790,-3.5090
4de3,4de3_660,4.880,-0.4540
4de3,4de3_661,5.580,-1.4520
4de3,4de3_666,4.860,-0.1670
4de3,4de3_669,6.220,0.9800
4de3,4de3_673,6.160,2.1170
4de3,4de3_681,8.570,-7.4310
4de3,4de3_688,3.430,-8.7190
4de3,4de3_691,2.040,-3.2780
4de3,4de3_694,3.330,-0.6310
4de3,4de3_695,2.030,-3.6740
4de3,4de3_717,9.630,4.5780
4de3,4de3_740,5.490,3.9390
4de3,4de3_746,3.490,4.8390
4de3,4de3_748,4.970,2.8830
4de3,4de3_756,8.360,4.5610
4de3,4de3_757,9.120,4.2470
4de3,4de3_760,8.680,3.2530
4de3,4de3_762,6.850,0.4560
4de3,4de3_764,8.700,0.1710
4de3,4de3_767,9.040,4.1150
4de3,4de3_769,9.350,2.1950
4de3,4de3_771,4.280,2.9590
4de3,4de3_780,9.650,-0.0570
4de3,4de3_782,4.310,1.7420
4de3,4de3_783,8.170,3.2710
4de3,4de3_786,8.770,-1.1230
4de3,4de3_788,9.230,0.5070
4de3,4de3_816,7.450,4.0120
4de3,4de3_853,7.410,5.4230
4de3,4de3_859,9.340,5.2180
4de3,4de3_860,7.010,3.3270
4de3,4de3_863,9.250,5.2660
4de3,4de3_873,6.890,4.4510
4de3,4de3_879,5.740,2.2160
4de3,4de3_891,8.270,3.4430
4de3,4de3_892,8.290,3.2130
4de3,4de3_919,7.710,4.9500
4de3,4de3_928,8.670,3.1600
4de3,4de3_94,2.550,6.6520
4de3,4de3_945,5.810,2.8160
4de3,4de3_946,8.580,1.6190
4de3,4de3_951,9.350,5.5070
4de3,4de3_959,9.120,1.8640
4de3,4de3_960,5.990,4.0500
4dli,4dli_431,2.820,4.0190
4dli,4dli_447,4.300,0.8030
4dli,4dli_455,2.440,1.7980
4dli,4dli_465,1.660,0.9360
4dli,4dli_481,4.530,-2.0060
4dli,4dli_486,2.340,-4.4900
4dli,4dli_489,2.370,-5.2360
4dli,4dli_498,4.310,2.9390
4dld,4dld_947,1.200,4.7190
4dli,4dli_136,0.780,9.2840
4dli,4dli_154,0.560,9.4820
4dli,4dli_409,4.190,5.9240
4dli,4dli_414,0.890,5.6570
4dli,4dli_42,0.410,9.7950
4dli,4dli_422,2.640,-5.6670
4dli,4dli_426,1.000,6.1560
4dld,4dld_506,6.150,3.2650
4dld,4dld_517,2.430,-1.2250
4dld,4dld_535,6.610,1.3660
4dld,4dld_539,6.470,1.9030
4dld,4dld_540,5.840,2.9590
4dld,4dld_545,6.350,3.4070
4dld,4dld_548,4.050,0.2140
4dld,4dld_557,5.280,1.3490
4dld,4dld_300,0.960,5.2460
4dld,4dld_313,6.300,6.8860
4dld,4dld_314,5.600,6.6080
4dld,4dld_369,5.280,6.9010
4dld,4dld_408,4.230,-2.1080
4dld,4dld_410,0.800,5.3910
4dld,4dld_422,3.030,-11.6610
4dld,4dld_425,4.890,-4.8550
4dli,4dli_501,1.060,8.6630
4dli,4dli_502,1.670,7.6720
4dli,4dli_504,0.900,7.5770
4dli,4dli_505,4.190,3.9010
4dli,4dli_521,1.380,6.2650
4dli,4dli_524,1.150,6.0650
4dli,4dli_530,1.730,6.6840
4dli,4dli_546,6.690,2.2910
4dld,4dld_473,4.440,-5.7230
4dld,4dld_474,4.550,-2.3540
4dld,4dld_478,5.290,-3.1550
4dld,4dld_490,4.610,-3.2820
4dld,4dld_497,2.640,1.6360
4dld,4dld_499,3.670,-8.0390
4dld,4dld_500,2.470,-3.5810
4dld,4dld_501,3.710,3.5060
4dld,4dld_567,3.930,-2.1940
4dld,4dld_568,7.200,3.2320
4dld,4dld_573,4.540,1.7860
4dld,4dld_576,4.340,-4.3920
4dld,4dld_577,4.820,1.6950
4dld,4dld_581,5.230,1.3370
4dld,4dld_583,2.890,-6.1770
4dld,4dld_598,6.790,0.3980
4dld,4dld_631,5.300,2.6010
4dld,4dld_636,3.950,0.0190
4dld,4dld_649,6.150,1.5270
4dld,4dld_653,3.750,-4.6740
4dld,4dld_659,6.240,1.9620
4dld,4dld_677,5.730,2.6630
4dld,4dld_709,1.020,6.8220
4dld,4dld_728,1.080,4.5080
4dli,4dli_547,3.990,3.6580
4dli,4dli_550,2.740,4.7910
4dli,4dli_567,3.050,3.5600
4dli,4dli_57,0.530,9.4280
4dli,4dli_571,4.230,5.1650
4dli,4dli_573,7.420,4.2860
4dli,4dli_575,1.590,3.7260
4dli,4dli_580,6.930,3.3200
4djv,4djv_97,6.360,6.8420
4dld,4dld_109,7.010,4.5340
4dld,4dld_178,0.880,3.8950
4dld,4dld_198,6.700,5.3740
4dld,4dld_199,6.340,5.9830
4dld,4dld_207,0.530,7.2440
4dld,4dld_208,0.510,6.3450
4dld,4dld_211,0.340,7.9400
4dld,4dld_427,5.230,1.2730
4dld,4dld_428,1.930,-4.6520
4dld,4dld_438,2.770,-4.0740
4dld,4dld_441,3.790,1.2520
4dld,4dld_455,2.650,-3.1870
4dld,4dld_457,3.480,-9.2080
4dld,4dld_464,5.210,3.5070
4dld,4dld_466,2.280,2.3390
4dld,4dld_249,1.940,5.3140
4dld,4dld_252,2.240,6.1480
4dld,4dld_260,1.850,5.5860
4dld,4dld_261,1.020,5.1170
4dld,4dld_262,1.000,6.1060
4dld,4dld_282,1.340,4.0330
4dld,4dld_285,0.870,5.4230
4dld,4dld_293,0.850,5.0030
4dld,4dld_740,3.530,4.8770
4dld,4dld_747,3.000,5.6990
4dld,4dld_752,3.010,5.6100
4dld,4dld_79,4.500,6.7410
4dld,4dld_811,2.050,-0.3830
4dld,4dld_826,1.360,5.0390
4dld,4dld_873,1.130,4.5200
4dld,4dld_900,0.930,5.3570
4djv,4djv_105,1.840,7.9340
4djv,4djv_136,5.510,8.3890
4djv,4djv_159,5.170,7.3680
4djv,4djv_164,0.490,8.8800
4djv,4djv_17,5.880,6.6550
4djv,4djv_175,1.740,7.0460
4djv,4djv_2,6.300,7.1240
4djv,4djv_21,4.680,7.0140
4djv,4djv_212,0.430,8.2830
4djv,4djv_29,5.190,7.4870
4djv,4djv_314,1.090,7.4670
4djv,4djv_33,6.450,7.9590
4djv,4djv_335,0.610,9.1700
4djv,4djv_336,0.640,9.3550
4djv,4djv_349,0.400,9.2140
4djv,4djv_380,0.460,9.1260
4djv,4djv_388,0.560,9.0130
4djv,4djv_399,0.640,8.5820
4djv,4djv_401,1.360,-2.8100
4djv,4djv_402,3.700,4.6740
4djv,4djv_406,3.340,-9.9940
4djv,4djv_412,3.710,-0.5260
4djv,4djv_416,4.710,5.5990
4djv,4djv_421,2.570,-5.8400
4djv,4djv_422,2.770,-7.8480
4djv,4djv_427,1.990,-3.0630
4djv,4djv_431,3.520,3.2970
4djv,4djv_433,4.240,-6.4440
4djv,4djv_434,3.170,-23.1950
4djv,4djv_436,5.210,-5.7230
4djv,4djv_438,3.610,-2.7260
4djv,4djv_446,1.590,-5.1970
4dli,4dli_587,7.360,2.3540
4dli,4dli_591,7.510,5.0020
4dli,4dli_594,7.350,3.8460
4dli,4dli_595,6.130,2.5650
4dli,4dli_637,4.510,3.5830
4dli,4dli_641,4.700,1.3310
4dli,4dli_659,3.360,-0.6040
4dli,4dli_660,1.060,1.4550
4dli,4dli_750,2.560,9.1390
4dli,4dli_756,5.050,0.6370
4dli,4dli_759,4.570,3.9550
4dli,4dli_769,0.950,5.7730
4dli,4dli_770,7.200,5.4670
4dli,4dli_772,5.620,1.1600
4dli,4dli_776,5.100,2.7960
4dli,4dli_777,5.060,3.3610
4dli,4dli_778,6.400,3.9000
4dli,4dli_781,6.430,2.5290
4dli,4dli_783,6.670,5.8990
4dli,4dli_784,2.220,7.0010
4dli,4dli_786,8.500,3.5990
4dli,4dli_787,5.490,2.9220
4dli,4dli_788,6.110,1.8750
4dli,4dli_789,0.990,2.9370
4dli,4dli_664,2.130,3.1970
4dli,4dli_666,4.910,0.5680
4dli,4dli_679,3.960,4.7390
4dli,4dli_684,3.900,3.0350
4dli,4dli_693,1.420,-3.9050
4dli,4dli_710,3.290,5.1240
4dli,4dli_734,2.240,4.8830
4dli,4dli_738,3.960,2.6480
4djv,4djv_447,2.690,-11.1410
4djv,4djv_452,1.990,-5.1010
4djv,4djv_457,4.640,1.1720
4djv,4djv_467,3.900,1.2030
4djv,4djv_476,2.980,-3.2190
4djv,4djv_483,2.910,-5.6440
4djv,4djv_491,2.560,-10.5980
4djv,4djv_492,1.760,-14.6870
4dli,4dli_792,6.330,-0.6010
4dli,4dli_793,3.820,1.8290
4dli,4dli_868,3.320,3.4460
4dli,4dli_895,3.240,3.0720
4dli,4dli_948,1.190,5.5520
4dli,4dli_96,0.440,9.1590
4e5w,4e5w_109,9.410,4.5190
4e5w,4e5w_121,0.150,10.1820
4djv,4djv_496,1.930,-10.9580
4djv,4djv_497,2.300,-2.0670
4djv,4djv_521,7.510,0.4260
4djv,4djv_533,6.490,-1.4990
4djv,4djv_544,4.980,-9.7270
4djv,4djv_546,3.910,-4.2010
4djv,4djv_551,4.760,-3.4000
4djv,4djv_557,1.560,-7.0640
4djv,4djv_612,7.170,1.1960
4djv,4djv_615,7.460,2.2010
4djv,4djv_617,5.480,0.4670
4djv,4djv_637,4.040,3.1020
4djv,4djv_640,5.530,4.6700
4djv,4djv_650,2.770,-2.4610
4djv,4djv_659,4.590,1.9140
4djv,4djv_661,7.450,-12.2400
4djv,4djv_7,0.880,8.3130
4djv,4djv_701,0.420,7.8360
4djv,4djv_823,7.130,3.9130
4djv,4djv_830,7.090,4.1620
4djv,4djv_900,7.290,4.5470
4djv,4djv_913,6.450,3.9720
4djv,4djv_923,7.150,4.0400
4djv,4djv_957,7.010,4.5670
4djv,4djv_666,6.270,1.4010
4djv,4djv_672,2.560,-6.0260
4djv,4djv_675,5.630,-0.1440
4djv,4djv_676,4.590,-3.8040
4djv,4djv_677,6.420,-4.0740
4djv,4djv_687,2.230,-13.1570
4djv,4djv_694,7.490,5.7720
4djv,4djv_696,5.650,5.3000
4djv,4djv_561,5.450,-10.9790
4djv,4djv_563,3.920,-0.6120
4djv,4djv_570,6.120,-1.9430
4djv,4djv_58,6.030,6.7380
4djv,4djv_584,8.090,-3.2400
4djv,4djv_590,3.710,-12.2170
4djv,4djv_592,6.130,-4.9710
4djv,4djv_607,4.730,-7.4710
4ea2,4ea2_270,6.900,2.4990
4ea2,4ea2_364,1.700,7.9440
4ea2,4ea2_407,1.770,-3.4740
4ea2,4ea2_408,5.530,-1.2530
4ea2,4ea2_411,1.710,-1.1920
4ea2,4ea2_442,2.550,-1.7680
4ea2,4ea2_444,2.790,-1.2450
4ea2,4ea2_456,1.880,-0.0920
4ea2,4ea2_555,4.170,2.4790
4ea2,4ea2_565,4.950,-3.8610
4ea2,4ea2_568,4.490,1.6660
4ea2,4ea2_576,5.390,0.6610
4ea2,4ea2_58,7.460,5.5410
4ea2,4ea2_59,7.470,6.0720
4ea2,4ea2_592,5.800,1.8640
4ea2,4ea2_598,4.600,1.8340
4e5w,4e5w_13,7.180,5.2530
4e5w,4e5w_141,1.920,6.4910
4e5w,4e5w_151,6.390,4.2490
4e5w,4e5w_17,7.560,6.0280
4e5w,4e5w_174,0.490,9.4270
4e5w,4e5w_202,0.330,9.5830
4e5w,4e5w_24,5.140,6.0530
4e5w,4e5w_247,0.230,10.2670
4ea2,4ea2_603,6.140,-4.6840
4ea2,4ea2_607,4.110,1.3080
4ea2,4ea2_615,6.690,-3.1540
4ea2,4ea2_617,6.750,-3.3750
4ea2,4ea2_619,5.800,0.4030
4ea2,4ea2_621,2.460,-1.2310
4ea2,4ea2_625,3.990,-0.8960
4ea2,4ea2_639,2.220,0.2610
4e6q,4e6q_426,3.100,-8.8850
4e6q,4e6q_430,2.120,1.7020
4e6q,4e6q_435,2.510,1.7870
4e6q,4e6q_449,1.680,-1.2270
4e6q,4e6q_459,6.880,3.9870
4e6q,4e6q_468,3.160,3.6660
4e6q,4e6q_477,5.540,4.0400
4e6q,4e6q_483,4.920,-3.5410
4e6q,4e6q_265,0.570,8.0930
4e6q,4e6q_301,0.870,8.0640
4e6q,4e6q_402,1.020,5.3630
4e6q,4e6q_406,1.750,-2.0240
4e6q,4e6q_409,0.820,8.2570
4e6q,4e6q_420,5.220,5.6000
4e6q,4e6q_422,1.110,5.5430
4e6q,4e6q_423,1.220,5.7540
4e6q,4e6q_558,5.650,6.2120
4e6q,4e6q_561,5.090,2.0860
4e6q,4e6q_563,6.760,0.0360
4e6q,4e6q_568,4.070,2.0750
4e6q,4e6q_573,6.250,-4.6980
4e6q,4e6q_577,4.700,6.0510
4e6q,4e6q_578,5.660,-5.5960
4e6q,4e6q_580,6.180,1.9360
4e6q,4e6q_680,7.040,1.9120
4e6q,4e6q_689,4.910,2.7220
4e6q,4e6q_697,4.980,2.3030
4e6q,4e6q_699,2.110,1.6000
4e6q,4e6q_730,5.460,-1.1530
4e6q,4e6q_734,6.910,3.9880
4e6q,4e6q_739,3.500,5.9690
4e6q,4e6q_742,6.330,3.6550
4e6q,4e6q_743,7.330,5.5960
4e6q,4e6q_746,6.390,6.2880
4e6q,4e6q_747,9.320,4.3120
4e6q,4e6q_748,7.230,5.5990
4e6q,4e6q_749,2.440,6.5830
4e6q,4e6q_752,6.410,4.3920
4e6q,4e6q_756,2.650,4.7490
4e6q,4e6q_757,8.360,2.0230
4e6q,4e6q_487,5.900,2.3680
4e6q,4e6q_491,1.920,2.6970
4e6q,4e6q_496,1.860,5.8250
4e6q,4e6q_499,1.740,-0.8450
4e6q,4e6q_536,4.120,2.8360
4e6q,4e6q_540,3.450,1.0320
4e6q,4e6q_545,3.220,-0.5760
4e6q,4e6q_547,1.430,1.6030
4e6q,4e6q_586,6.480,-4.9520
4e6q,4e6q_587,7.640,5.3490
4e6q,4e6q_635,2.220,1.9210
4e6q,4e6q_643,3.330,-12.5200
4e6q,4e6q_645,3.110,3.2210
4e6q,4e6q_646,3.100,-0.2540
4e6q,4e6q_666,7.240,2.0250
4e6q,4e6q_673,2.210,-4.0590
4e6q,4e6q_759,3.450,6.5950
4e6q,4e6q_760,2.890,2.9680
4e6q,4e6q_763,4.060,7.3110
4e6q,4e6q_764,5.120,2.0140
4e6q,4e6q_771,4.440,4.8510
4e6q,4e6q_776,3.830,2.3990
4e6q,4e6q_780,8.320,2.8530
4e6q,4e6q_785,7.190,5.0960
4e5w,4e5w_91,6.740,5.5310
4e5w,4e5w_96,0.710,8.7870
4e6q,4e6q_12,2.230,7.8880
4e6q,4e6q_120,0.390,8.5770
4e6q,4e6q_132,0.960,8.5920
4e6q,4e6q_143,1.020,7.4310
4e6q,4e6q_226,2.060,6.7310
4e6q,4e6q_249,0.650,7.8680
4e5w,4e5w_286,0.400,9.9360
4e5w,4e5w_3,2.180,7.1060
4e5w,4e5w_310,0.750,9.0440
4e5w,4e5w_320,1.160,6.7400
4e5w,4e5w_336,7.640,5.7820
4e5w,4e5w_344,0.630,8.6340
4e5w,4e5w_360,3.400,7.1600
4e5w,4e5w_367,2.020,6.9810
4e5w,4e5w_469,3.060,-18.8700
4e5w,4e5w_47,6.380,5.4330
4e5w,4e5w_476,2.510,-15.0600
4e5w,4e5w_479,6.110,-13.9130
4e5w,4e5w_483,5.040,-16.0410
4e5w,4e5w_484,10.000,-10.9120
4e5w,4e5w_486,4.980,-11.0960
4e5w,4e5w_489,5.570,-7.0800
4ea2,4ea2_640,3.160,-1.8000
4ea2,4ea2_645,6.330,-3.6700
4ea2,4ea2_653,7.110,-1.7030
4ea2,4ea2_661,6.760,0.9630
4ea2,4ea2_662,8.130,-3.0820
4ea2,4ea2_663,7.100,-4.8180
4ea2,4ea2_666,2.040,-5.3470
4ea2,4ea2_671,6.090,-0.2730
4e5w,4e5w_445,1.780,-12.3070
4e5w,4e5w_447,9.280,-1.4860
4e5w,4e5w_448,6.300,-14.8240
4e5w,4e5w_451,2.960,-12.5430
4e5w,4e5w_452,8.820,-8.0500
4e5w,4e5w_453,2.780,-8.4770
4e5w,4e5w_457,4.750,-14.5210
4e5w,4e5w_464,8.440,-4.0270
4e5w,4e5w_384,2.000,6.7690
4e5w,4e5w_4,5.200,6.0230
4e5w,4e5w_406,5.980,-7.6770
4e5w,4e5w_416,4.880,-12.1200
4e5w,4e5w_436,5.240,-22.0930
4e5w,4e5w_441,3.520,-15.1520
4e5w,4e5w_442,4.140,-15.2600
4e5w,4e5w_444,6.840,-3.5120
4e5w,4e5w_543,9.770,-5.7050
4e5w,4e5w_549,8.940,-0.8050
4e5w,4e5w_552,3.750,-10.2360
4e5w,4e5w_553,6.990,-5.2460
4e5w,4e5w_560,6.450,-2.2360
4e5w,4e5w_563,7.740,0.2410
4e5w,4e5w_575,9.800,0.1760
4e5w,4e5w_577,5.440,-8.3940
4e5w,4e5w_579,7.460,-13.8320
4e5w,4e5w_58,4.890,5.9120
4e5w,4e5w_583,8.560,-9.2020
4e5w,4e5w_585,9.070,1.3350
4e5w,4e5w_586,5.170,-2.0520
4e5w,4e5w_590,9.980,1.1200
4e5w,4e5w_592,5.960,-12.3900
4e5w,4e5w_593,8.870,0.5590
4e5w,4e5w_652,1.980,-20.7320
4e5w,4e5w_658,4.620,-0.1410
4e5w,4e5w_659,5.800,-4.4610
4e5w,4e5w_663,9.540,-9.6240
4e5w,4e5w_664,3.670,2.7540
4e5w,4e5w_668,8.040,-3.7780
4e5w,4e5w_673,3.270,-3.5050
4e5w,4e5w_675,3.670,-5.3920
4e6q,4e6q_891,8.530,0.4130
4e6q,4e6q_895,6.510,5.8380
4e6q,4e6q_936,0.960,6.5860
4ea2,4ea2_216,7.960,5.4710
4ea2,4ea2_226,1.250,5.3460
4ea2,4ea2_232,7.550,4.4380
4ea2,4ea2_238,2.710,3.8280
4ea2,4ea2_25,1.810,6.7350
4ea2,4ea2_485,3.970,-1.4910
4ea2,4ea2_499,1.940,-4.2030
4ea2,4ea2_526,6.770,-3.1850
4ea2,4ea2_53,5.100,6.1920
4ea2,4ea2_530,7.040,-6.7580
4ea2,4ea2_531,3.720,-0.2060
4ea2,4ea2_534,5.490,-0.1370
4ea2,4ea2_539,4.530,1.2530
4e6q,4e6q_786,7.580,3.9960
4e6q,4e6q_788,4.440,2.4270
4e6q,4e6q_791,4.980,1.7530
4e6q,4e6q_798,5.440,4.0430
4e6q,4e6q_847,0.890,8.1790
4e6q,4e6q_85,0.490,8.7570
4e6q,4e6q_873,0.990,7.6820
4e6q,4e6q_884,5.390,4.4430
4e5w,4e5w_597,7.780,-15.5650
4e5w,4e5w_599,9.560,0.4280
4e5w,4e5w_606,7.730,-7.8490
4e5w,4e5w_617,3.070,-10.6720
4e5w,4e5w_631,4.130,-7.7640
4e5w,4e5w_639,8.570,-6.1780
4e5w,4e5w_641,7.700,-14.6450
4e5w,4e5w_647,1.560,0.6880
4ea2,4ea2_673,4.710,2.2760
4ea2,4ea2_678,5.070,4.1590
4ea2,4ea2_684,7.090,-0.5440
4ea2,4ea2_688,4.620,0.5480
4ea2,4ea2_692,5.190,-0.4200
4ea2,4ea2_696,7.300,2.9260
4ea2,4ea2_698,2.220,1.6570
4ea2,4ea2_72,6.570,5.5830
4e5w,4e5w_508,3.160,-0.5850
4e5w,4e5w_518,7.200,2.6150
4e5w,4e5w_52,4.010,7.4550
4e5w,4e5w_526,2.980,-9.6810
4e5w,4e5w_528,2.360,-0.5720
4e5w,4e5w_531,7.670,-5.5620
4e5w,4e5w_536,6.100,-2.4180
4e5w,4e5w_542,3.230,-1.7090
4e5w,4e5w_676,4.990,-0.8800
4e5w,4e5w_679,6.030,-5.1640
4e5w,4e5w_682,8.370,-7.8230
4e5w,4e5w_684,8.430,-4.9550
4e5w,4e5w_694,1.560,-9.1850
4e5w,4e5w_698,4.230,-11.3650
4e5w,4e5w_699,8.280,-7.0140
4e5w,4e5w_7,2.320,6.2800
4ea2,4ea2_793,5.430,4.5750
4ea2,4ea2_794,4.820,3.8040
4ea2,4ea2_798,3.640,4.8440
4ea2,4ea2_809,1.060,5.9840
4ea2,4ea2_819,2.380,6.9260
4ea2,4ea2_867,2.960,5.4130
4ea2,4ea2_895,1.550,6.0780
4ea2,4ea2_96,7.250,5.3010
4e5w,4e5w_76,9.880,5.4240
4e5w,4e5w_779,0.860,6.5160
4e5w,4e5w_789,2.320,-0.4660
4e5w,4e5w_803,1.970,0.8110
4e5w,4e5w_808,1.860,-0.0240
4e5w,4e5w_821,2.200,0.6860
4e5w,4e5w_883,0.390,8.3350
4e5w,4e5w_905,1.240,6.4250
4ea2,4ea2_722,1.990,7.1700
4ea2,4ea2_737,4.130,6.4760
4ea2,4ea2_748,3.440,5.1950
4ea2,4ea2_749,5.020,2.9810
4ea2,4ea2_77,6.130,5.7990
4ea2,4ea2_775,3.520,3.6130
4ea2,4ea2_785,3.480,1.9260
4ea2,4ea2_787,3.350,2.2200
4eo8,4eo8_480,7.480,-3.3800
4eo8,4eo8_483,3.010,-5.5870
4eo8,4eo8_486,4.190,-14.1830
4eo8,4eo8_488,5.750,-8.3310
4eo8,4eo8_515,2.550,1.1380
4eo8,4eo8_518,6.800,2.8680
4eo8,4eo8_523,3.940,-1.7990
4eo8,4eo8_524,3.770,-5.3600
4eo8,4eo8_441,5.390,-14.9210
4eo8,4eo8_450,6.870,-5.5470
4eo8,4eo8_454,1.800,-6.9670
4eo8,4eo8_457,4.950,-9.9890
4eo8,4eo8_462,2.740,-3.2110
4eo8,4eo8_467,1.650,-4.3110
4eo8,4eo8_47,2.940,5.8910
4eo8,4eo8_473,2.830,-7.3260
4eo8,4eo8_40,0.450,7.1410
4eo8,4eo8_403,3.060,-8.7240
4eo8,4eo8_404,2.500,-6.4530
4eo8,4eo8_409,3.220,-15.2850
4eo8,4eo8_414,3.310,-4.4020
4eo8,4eo8_425,1.130,1.7890
4eo8,4eo8_429,1.540,2.3160
4eo8,4eo8_438,3.170,-3.8140
4ea2,4ea2_961,2.540,6.6030
4ea2,4ea2_998,3.090,6.0820
4eky,4eky_274,3.900,4.1380
4eky,4eky_287,4.050,2.0920
4eky,4eky_32,0.890,8.5160
4eky,4eky_38,0.630,8.9350
4eky,4eky_407,1.570,-4.8070
4eky,4eky_416,6.230,-11.0500
4eo8,4eo8_14,1.020,6.3980
4eo8,4eo8_148,0.730,6.9930
4eo8,4eo8_15,1.160,5.9930
4eo8,4eo8_206,0.550,6.1610
4eo8,4eo8_283,0.690,7.1230
4eo8,4eo8_30,0.500,7.4740
4eo8,4eo8_318,0.540,7.7500
4eo8,4eo8_319,6.250,5.6280
4eo8,4eo8_670,7.620,0.1900
4eo8,4eo8_673,6.980,2.1790
4eo8,4eo8_690,5.180,-3.2440
4eo8,4eo8_692,6.450,-5.8050
4eo8,4eo8_695,7.090,-10.3840
4eo8,4eo8_698,4.170,-4.1800
4eo8,4eo8_7,4.570,5.0310
4eo8,4eo8_744,1.140,5.2990
4eo8,4eo8_533,4.590,2.3660
4eo8,4eo8_536,5.780,4.3290
4eo8,4eo8_552,2.940,1.2850
4eo8,4eo8_557,5.230,0.5310
4eo8,4eo8_564,7.060,3.8120
4eo8,4eo8_567,2.910,-1.5470
4eo8,4eo8_569,1.360,4.2910
4eo8,4eo8_572,6.680,-1.8110
4eo8,4eo8_602,6.190,-3.6260
4eo8,4eo8_611,7.370,-2.8660
4eo8,4eo8_619,6.030,0.1450
4eo8,4eo8_622,7.150,-2.2090
4eo8,4eo8_63,0.570,7.4140
4eo8,4eo8_638,4.720,-2.3810
4eo8,4eo8_642,5.570,-3.9870
4eo8,4eo8_654,5.640,0.5630
4eo8,4eo8_578,4.020,2.4160
4eo8,4eo8_579,5.690,-1.9250
4eo8,4eo8_580,2.530,-3.2470
4eo8,4eo8_584,4.850,2.9730
4eo8,4eo8_592,2.310,1.5790
4eo8,4eo8_595,3.930,1.6000
4eo8,4eo8_597,7.090,-0.5880
4eo8,4eo8_598,1.830,-0.9430
4eo8,4eo8_748,0.970,6.0220
4eo8,4eo8_753,5.090,4.6420
4eo8,4eo8_756,7.350,2.3180
4eo8,4eo8_762,7.480,3.5790
4eo8,4eo8_766,4.060,2.5540
4eo8,4eo8_773,6.330,2.4450
4eo8,4eo8_781,5.010,2.6030
4eo8,4eo8_782,3.990,2.8000
4eky,4eky_419,1.380,0.4510
4eky,4eky_424,6.260,-6.5320
4eky,4eky_425,1.530,-7.0420
4eky,4eky_430,0.860,2.7060
4eky,4eky_433,1.660,-6.0470
4eky,4eky_438,5.340,-3.7110
4eky,4eky_443,5.210,-7.4320
4eky,4eky_448,5.440,-14.7680
4eky,4eky_461,5.270,-17.2310
4eky,4eky_475,3.100,-9.1510
4eky,4eky_478,5.980,-3.2400
4eky,4eky_485,3.880,-10.7880
4eky,4eky_495,1.370,-4.2590
4eky,4eky_496,2.910,-15.8630
4eky,4eky_534,5.120,-2.4620
4eky,4eky_538,3.760,-4.7720
4eky,4eky_638,7.130,-8.9680
4eky,4eky_639,3.420,-5.5970
4eky,4eky_640,7.330,-7.1260
4eky,4eky_641,4.790,-10.7550
4eky,4eky_647,6.320,-10.9830
4eky,4eky_649,6.590,-0.2050
4eky,4eky_651,6.250,-2.9540
4eky,4eky_659,7.280,-6.9970
4eky,4eky_546,4.140,0.0540
4eky,4eky_565,2.110,-0.1200
4eky,4eky_568,8.200,-4.6610
4eky,4eky_582,2.300,-19.4660
4eky,4eky_599,6.260,-1.5110
4eky,4eky_609,6.110,-0.7610
4eky,4eky_619,6.130,0.0650
4eky,4eky_636,7.710,-1.1300
4eky,4eky_668,4.290,-11.4490
4eky,4eky_673,5.870,-5.2570
4eky,4eky_678,5.580,-11.8390
4eky,4eky_680,4.490,-6.7770
4eky,4eky_693,7.700,0.4490
4eky,4eky_699,7.780,-0.9360
4eky,4eky_700,1.560,-1.3330
4eky,4eky_720,2.980,5.7960
4eo8,4eo8_783,7.260,4.2120
4eo8,4eo8_864,1.150,6.2350
4eo8,4eo8_880,2.940,4.3620
4eo8,4eo8_883,3.800,4.6740
4eo8,4eo8_886,4.210,1.5410
4eo8,4eo8_9,6.530,4.1420
4eo8,4eo8_91,0.760,6.6790
4eor,4eor_121,0.520,8.1540
4eky,4eky_725,0.960,9.0540
4eky,4eky_727,4.340,5.6160
4eky,4eky_730,2.060,5.3030
4eky,4eky_741,3.850,5.3910
4eky,4eky_742,2.700,5.2980
4eky,4eky_755,1.000,8.2310
4eky,4eky_759,3.630,3.4370
4eky,4eky_763,1.750,0.8060
4eky,4eky_876,1.970,4.2600
4eky,4eky_883,0.760,8.9440
4eky,4eky_899,0.670,9.3880
4eky,4eky_908,0.720,8.3140
4eky,4eky_941,0.810,7.5540
4eky,4eky_969,0.850,8.2010
4eky,4eky_972,1.020,8.5700
4eo8,4eo8_12,0.390,7.4900
4eky,4eky_767,2.210,1.6560
4eky,4eky_768,4.310,2.3190
4eky,4eky_770,5.270,0.8490
4eky,4eky_771,3.910,-4.8570
4eky,4eky_772,6.350,-7.8480
4eky,4eky_773,4.280,-2.8610
4eky,4eky_774,4.070,-12.1540
4eky,4eky_776,6.200,-1.1950
4eky,4eky_777,2.950,-24.0500
4eky,4eky_778,5.160,-16.5970
4eky,4eky_779,4.650,-14.3030
4eky,4eky_830,3.170,5.4790
4eky,4eky_842,2.170,6.4350
4eky,4eky_848,3.080,5.1380
4eky,4eky_856,1.920,6.6420
4eky,4eky_875,2.970,5.6800
4eor,4eor_145,4.920,7.9730
4eor,4eor_155,4.560,7.8590
4eor,4eor_257,0.790,6.1240
4eor,4eor_267,5.780,4.4530
4eor,4eor_309,5.710,7.2540
4eor,4eor_31,1.120,7.8880
4eor,4eor_346,2.370,6.7830
4eor,4eor_361,0.740,7.6340
4eor,4eor_446,2.670,-7.4580
4eor,4eor_448,3.330,-6.7260
4eor,4eor_450,3.120,-6.0700
4eor,4eor_455,1.900,0.6750
4eor,4eor_465,7.670,-2.8150
4eor,4eor_474,3.120,1.5180
4eor,4eor_479,8.310,-2.6250
4eor,4eor_480,4.650,5.2930
4eor,4eor_403,3.490,-11.6180
4eor,4eor_408,2.600,3.2710
4eor,4eor_414,2.100,-0.3160
4eor,4eor_424,4.620,-7.1450
4eor,4eor_425,4.740,-4.6800
4eor,4eor_427,3.680,-3.8580
4eor,4eor_430,5.930,-1.7110
4eor,4eor_431,3.600,-0.4600
4eor,4eor_523,6.990,3.9150
4eor,4eor_524,9.060,-0.2580
4eor,4eor_530,2.440,-4.5110
4eor,4eor_536,4.490,3.4960
4eor,4eor_539,6.700,3.5980
4eor,4eor_541,6.250,-6.3430
4eor,4eor_544,3.700,-1.1020
4eor,4eor_548,8.140,2.5100
4eor,4eor_483,1.700,-9.9550
4eor,4eor_485,5.550,-0.4490
4eor,4eor_494,5.220,-3.7690
4eor,4eor_501,0.810,2.7490
4eor,4eor_506,1.200,0.5340
4eor,4eor_511,1.620,-1.7890
4eor,4eor_513,6.220,3.6480
4eor,4eor_519,3.330,-1.3710
4eor,4eor_552,6.400,4.2080
4eor,4eor_557,2.180,3.5770
4eor,4eor_558,6.270,3.3400
4eor,4eor_559,2.370,-1.6760
4eor,4eor_562,7.940,3.1500
4eor,4eor_565,2.040,-0.1940
4eor,4eor_568,2.480,-1.3690
4eor,4eor_577,5.670,3.4460
4f09,4f09_450,1.120,-1.2310
4f09,4f09_456,3.950,-4.3210
4f09,4f09_457,3.040,-10.2050
4f09,4f09_472,6.880,5.2890
4f09,4f09_489,2.750,-2.1760
4f09,4f09_522,8.120,-0.1590
4f09,4f09_529,7.260,0.1760
4f09,4f09_534,7.810,1.7490
4eor,4eor_677,8.450,-1.4710
4eor,4eor_682,5.710,-4.5950
4eor,4eor_687,3.680,-2.2040
4eor,4eor_69,1.920,7.1230
4eor,4eor_690,7.440,-2.8570
4eor,4eor_697,7.240,-8.3500
4eor,4eor_701,0.530,8.2420
4eor,4eor_712,1.040,6.4570
4f09,4f09_538,6.360,-0.0950
4f09,4f09_539,7.370,0.6840
4f09,4f09_546,8.470,-1.5460
4f09,4f09_550,8.170,4.0500
4f09,4f09_551,7.270,0.1540
4f09,4f09_552,8.460,3.0680
4f09,4f09_557,5.720,2.0400
4f09,4f09_564,1.450,1.5240
4f09,4f09_572,4.170,4.0260
4f09,4f09_576,8.170,-7.5670
4f09,4f09_584,7.980,0.7270
4f09,4f09_586,3.240,2.3300
4f09,4f09_595,2.330,-0.8140
4f09,4f09_597,7.760,-2.1740
4f09,4f09_600,7.870,2.2600
4f09,4f09_605,1.900,-2.1600
4f09,4f09_611,8.020,-1.6160
4f09,4f09_621,1.350,1.9410
4f09,4f09_623,1.570,3.0810
4f09,4f09_631,2.000,-3.5830
4f09,4f09_633,5.030,-5.7560
4f09,4f09_654,3.310,0.5930
4f09,4f09_655,3.260,1.6360
4f09,4f09_671,6.770,3.5740
4eor,4eor_911,0.880,6.2850
4f09,4f09_182,0.720,7.4580
4f09,4f09_270,0.270,7.7410
4f09,4f09_407,0.790,3.0380
4f09,4f09_408,1.160,4.2930
4f09,4f09_421,0.910,4.4120
4f09,4f09_424,1.470,2.5950
4f09,4f09_439,4.460,0.7320
4f09,4f09_721,4.030,4.6410
4f09,4f09_723,3.570,5.3530
4f09,4f09_730,4.110,6.0010
4f09,4f09_734,5.860,5.7250
4f09,4f09_743,5.700,2.0090
4f09,4f09_745,7.190,5.2450
4f09,4f09_746,2.970,4.2710
4f09,4f09_753,6.180,2.1140
4f09,4f09_769,6.920,-1.7800
4f09,4f09_771,9.910,-10.3230
4f09,4f09_773,4.740,-6.0780
4f09,4f09_774,5.350,-2.7750
4f09,4f09_812,3.930,6.9200
4f09,4f09_832,5.360,6.0390
4f09,4f09_844,4.760,4.1770
4f09,4f09_846,7.150,4.1380
4f09,4f09_683,2.520,3.6940
4f09,4f09_690,4.640,-1.3090
4f09,4f09_704,0.610,7.8740
4f09,4f09_707,0.710,7.6860
4f09,4f09_709,1.530,5.4330
4f09,4f09_711,4.010,6.2050
4f09,4f09_717,2.630,7.0220
4f09,4f09_718,2.640,6.3610
4f09,4f09_754,6.680,4.9080
4f09,4f09_755,5.020,5.1180
4f09,4f09_756,6.840,5.1880
4f09,4f09_757,4.620,-0.0700
4f09,4f09_760,6.730,3.0550
4f09,4f09_762,4.720,4.1480
4f09,4f09_763,6.230,0.1640
4f09,4f09_767,5.960,-0.1730
4eor,4eor_643,7.930,-2.5730
4eor,4eor_649,3.870,1.6440
4eor,4eor_650,8.050,1.3630
4eor,4eor_652,6.380,-3.1950
4eor,4eor_659,4.800,-1.4220
4eor,4eor_666,5.440,1.0510
4eor,4eor_672,8.710,5.6450
4eor,4eor_674,7.910,-5.5260
4eor,4eor_584,2.610,-0.2920
4eor,4eor_585,7.920,1.0860
4eor,4eor_588,4.910,4.4780
4eor,4eor_592,5.890,0.7300
4eor,4eor_595,7.030,5.3970
4eor,4eor_604,1.730,-3.4300
4eor,4eor_612,4.700,2.8830
4eor,4eor_620,8.290,0.0390
4f09,4f09_848,7.740,3.0070
4f09,4f09_863,5.060,4.8560
4f09,4f09_866,5.810,-1.9200
4f09,4f09_871,6.240,4.2670
4f09,4f09_874,2.250,1.5070
4f09,4f09_875,3.780,0.2890
4f09,4f09_893,0.300,8.1520
4f09,4f09_899,1.020,7.8850
4f09,4f09_903,0.510,7.7470
4f09,4f09_91,0.670,7.9550
4f09,4f09_919,0.620,7.7700
4f09,4f09_944,2.690,6.5420
4f09,4f09_954,3.720,5.5310
4f09,4f09_965,2.620,3.2430
4f09,4f09_967,2.580,6.3330
4f09,4f09_975,3.140,6.3840
4eor,4eor_718,0.740,7.4780
4eor,4eor_72,4.720,8.9370
4eor,4eor_736,1.120,6.2270
4eor,4eor_744,1.370,5.2250
4eor,4eor_745,5.780,6.3700
4eor,4eor_746,6.370,6.0550
4eor,4eor_749,7.620,4.4850
4eor,4eor_757,8.270,6.1090
4eor,4eor_760,7.780,2.5050
4eor,4eor_763,8.200,4.4020
4eor,4eor_764,8.090,5.4930
4eor,4eor_769,6.250,2.0530
4eor,4eor_773,6.670,-35.6970
4eor,4eor_790,0.970,6.5530
4eor,4eor_850,0.620,7.7500
4eor,4eor_860,0.970,7.6270
4f2w,4f2w_360,1.030,6.1130
4f2w,4f2w_407,6.040,-0.1010
4f2w,4f2w_420,1.880,-6.6580
4f2w,4f2w_428,5.900,-13.8530
4f2w,4f2w_431,2.250,-11.7380
4f2w,4f2w_435,5.920,-8.9770
4f2w,4f2w_436,2.290,-21.0770
4f2w,4f2w_437,6.200,-6.9100
4f2w,4f2w_147,8.520,4.4680
4f2w,4f2w_151,8.690,4.4290
4f2w,4f2w_154,8.530,2.8180
4f2w,4f2w_155,7.720,4.4520
4f2w,4f2w_163,8.640,2.9790
4f2w,4f2w_187,8.610,4.5170
4f2w,4f2w_198,8.980,2.1830
4f2w,4f2w_264,0.600,6.5090
4f2w,4f2w_101,5.400,4.6880
4f2w,4f2w_105,0.600,7.8680
4f2w,4f2w_121,8.400,4.2620
4f2w,4f2w_122,5.040,1.7760
4f2w,4f2w_124,2.320,2.8780
4f2w,4f2w_136,8.900,3.7790
4f2w,4f2w_142,0.570,7.0390
4f2w,4f2w_144,5.530,5.3510
4f2w,4f2w_439,5.910,0.9460
4f2w,4f2w_442,1.240,1.9500
4f2w,4f2w_45,8.530,4.3180
4f2w,4f2w_454,1.850,-0.6190
4f2w,4f2w_465,6.080,-8.2040
4f2w,4f2w_467,5.690,-7.8500
4f2w,4f2w_468,2.010,-3.0200
4f2w,4f2w_473,2.620,-11.4370
4f2w,4f2w_523,4.850,2.4790
4f2w,4f2w_542,3.750,-1.5310
4f2w,4f2w_543,6.850,-0.4650
4f2w,4f2w_552,7.060,0.1560
4f2w,4f2w_559,4.590,-13.3530
4f2w,4f2w_562,6.430,-3.4870
4f2w,4f2w_567,7.030,-4.0080
4f2w,4f2w_571,6.290,-6.2570
4f2w,4f2w_474,5.170,-8.7920
4f2w,4f2w_476,1.470,-5.6890
4f2w,4f2w_480,2.480,-9.5320
4f2w,4f2w_482,7.200,-5.0470
4f2w,4f2w_484,1.660,-4.1420
4f2w,4f2w_486,5.740,-6.5210
4f2w,4f2w_519,6.770,-0.7360
4f2w,4f2w_521,7.350,1.8040
4f2w,4f2w_631,2.180,-6.4410
4f2w,4f2w_638,7.030,-3.5530
4f2w,4f2w_657,6.060,-1.0850
4f2w,4f2w_658,5.610,-4.3530
4f2w,4f2w_66,8.630,3.2050
4f2w,4f2w_664,2.860,-1.8030
4f2w,4f2w_665,7.730,-1.4930
4f2w,4f2w_671,2.390,-6.1800
4f2w,4f2w_581,7.130,-3.8220
4f2w,4f2w_582,6.620,-3.5020
4f2w,4f2w_585,7.200,-1.3850
4f2w,4f2w_586,3.170,-3.3840
4f2w,4f2w_589,1.950,-5.3840
4f2w,4f2w_597,3.900,-1.1320
4f2w,4f2w_608,6.410,-4.1570
4f2w,4f2w_620,2.400,-2.1560
4f2w,4f2w_687,7.340,1.7840
4f2w,4f2w_725,1.000,6.2270
4f2w,4f2w_749,1.520,5.2460
4f2w,4f2w_770,1.820,3.8620
4f2w,4f2w_796,0.540,6.0260
4f2w,4f2w_825,0.900,7.0410
4f2w,4f2w_901,0.590,6.6690
4f2w,4f2w_907,0.440,7.7400
4f2w,4f2w_917,0.410,7.2750
4f2w,4f2w_922,1.040,6.0160
4f2w,4f2w_979,0.630,6.6890
4f3c,4f3c_101,9.380,2.4460
4f3c,4f3c_104,9.500,3.6770
4f3c,4f3c_140,8.060,4.0300
4f3c,4f3c_150,9.830,2.8080
4f3c,4f3c_178,8.070,4.6350
4f3c,4f3c_190,9.400,3.3570
4f3c,4f3c_21,2.490,4.4550
4f3c,4f3c_251,0.780,5.4250
4f3c,4f3c_28,5.900,5.0660
4f3c,4f3c_301,9.240,4.9390
4f3c,4f3c_308,9.420,5.5740
4f3c,4f3c_323,1.960,4.0640
4f3c,4f3c_362,0.530,7.6360
4f3c,4f3c_363,1.300,3.3010
4f3c,4f3c_382,0.600,8.3230
4f3c,4f3c_390,8.770,5.1570
4f3c,4f3c_394,9.180,5.2080
4f3c,4f3c_400,9.550,4.2090
4f3c,4f3c_403,1.160,-0.7900
4f3c,4f3c_404,1.780,0.4090
4f3c,4f3c_409,1.810,-11.4560
4gfm,4gfm_249,0.270,6.8060
4gfm,4gfm_251,0.340,6.4660
4gfm,4gfm_271,5.130,4.0890
4gfm,4gfm_286,0.490,6.0570
4gfm,4gfm_291,0.700,4.8130
4gfm,4gfm_373,6.060,6.6620
4gfm,4gfm_408,1.900,4.8110
4gfm,4gfm_415,1.260,3.1030
4f3c,4f3c_544,6.180,-5.2590
4f3c,4f3c_545,8.340,2.1470
4f3c,4f3c_553,7.800,0.1050
4f3c,4f3c_556,6.100,-3.7100
4f3c,4f3c_558,5.300,-4.3450
4f3c,4f3c_559,5.490,-2.8830
4f3c,4f3c_561,4.460,-11.5240
4f3c,4f3c_563,8.140,-4.5790
4f3c,4f3c_420,6.670,-9.6210
4f3c,4f3c_429,6.600,-13.6110
4f3c,4f3c_430,7.320,-4.7260
4f3c,4f3c_434,2.740,-9.3440
4f3c,4f3c_445,3.310,-5.5530
4f3c,4f3c_447,1.820,-7.1830
4f3c,4f3c_450,5.900,-13.0780
4f3c,4f3c_451,1.520,-4.6430
4gfm,4gfm_553,3.860,4.4660
4gfm,4gfm_558,8.990,4.4590
4gfm,4gfm_565,6.300,5.3030
4gfm,4gfm_568,7.160,0.9710
4gfm,4gfm_576,3.060,4.3790
4gfm,4gfm_578,3.090,-1.4260
4gfm,4gfm_585,2.580,1.9770
4gfm,4gfm_595,7.420,-0.5840
4gfm,4gfm_477,1.860,2.5810
4gfm,4gfm_487,6.010,3.1720
4gfm,4gfm_488,4.020,3.5860
4gfm,4gfm_49,2.600,6.2860
4gfm,4gfm_496,1.610,0.3250
4gfm,4gfm_506,4.770,4.6550
4gfm,4gfm_508,5.110,3.6120
4gfm,4gfm_528,0.740,5.2700
4f3c,4f3c_516,6.390,-1.4750
4f3c,4f3c_523,7.550,-2.7130
4f3c,4f3c_524,5.060,-3.6160
4f3c,4f3c_525,5.000,-2.3950
4f3c,4f3c_530,9.320,-0.5360
4f3c,4f3c_538,7.820,1.0020
4f3c,4f3c_54,6.130,3.9200
4f3c,4f3c_542,6.280,-1.5720
4gfm,4gfm_600,4.710,4.3210
4gfm,4gfm_604,0.830,3.7820
4gfm,4gfm_61,2.200,6.6270
4gfm,4gfm_614,2.360,0.4130
4gfm,4gfm_623,6.270,2.1720
4gfm,4gfm_624,4.890,2.0490
4gfm,4gfm_649,3.930,3.7960
4gfm,4gfm_654,5.950,4.8600
4f3c,4f3c_480,3.260,-14.9710
4f3c,4f3c_481,1.920,-5.0720
4f3c,4f3c_490,6.200,-9.4660
4f3c,4f3c_496,6.320,-9.1190
4f3c,4f3c_497,7.200,-10.0780
4f3c,4f3c_507,4.760,-2.8510
4f3c,4f3c_513,5.890,-3.2090
4f3c,4f3c_514,8.850,0.4780
4gfm,4gfm_425,2.220,0.4580
4gfm,4gfm_428,2.310,4.0610
4gfm,4gfm_433,1.010,0.7870
4gfm,4gfm_450,6.040,-0.9110
4gfm,4gfm_456,1.870,2.6310
4gfm,4gfm_466,1.130,-1.6360
4gfm,4gfm_467,6.270,-1.9140
4gfm,4gfm_469,2.290,3.9060
4f3c,4f3c_452,2.170,-16.1810
4f3c,4f3c_458,1.600,-7.1220
4f3c,4f3c_463,2.640,-11.4040
4f3c,4f3c_465,7.090,-6.8510
4f3c,4f3c_470,6.790,-10.8400
4f3c,4f3c_472,2.320,-10.7150
4f3c,4f3c_474,2.180,-14.3530
4f3c,4f3c_479,2.490,-5.7430
4gfm,4gfm_665,5.930,3.1600
4gfm,4gfm_668,4.590,5.2620
4gfm,4gfm_681,3.860,4.2490
4gfm,4gfm_685,3.780,3.5220
4gfm,4gfm_719,1.200,6.5470
4gfm,4gfm_729,3.480,1.9060
4gfm,4gfm_734,4.960,3.7510
4gfm,4gfm_735,2.120,4.4530
4gfm,4gfm_824,4.670,5.9960
4gfm,4gfm_827,2.080,3.9330
4gfm,4gfm_832,5.720,6.4060
4gfm,4gfm_836,8.630,3.3380
4gfm,4gfm_842,5.510,3.3850
4gfm,4gfm_857,6.330,5.9890
4gfm,4gfm_859,8.870,2.9920
4gfm,4gfm_875,7.640,1.5200
4gfm,4gfm_744,7.270,2.6100
4gfm,4gfm_745,7.250,2.8170
4gfm,4gfm_749,8.010,2.8230
4gfm,4gfm_751,7.510,1.4730
4gfm,4gfm_755,6.590,1.3280
4gfm,4gfm_763,3.940,2.1670
4gfm,4gfm_768,2.960,4.6350
4gfm,4gfm_769,7.560,1.5990
4gfm,4gfm_774,5.980,0.5370
4gfm,4gfm_779,4.100,0.4640
4gfm,4gfm_780,4.610,1.4990
4gfm,4gfm_782,4.790,3.1570
4gfm,4gfm_785,5.340,0.6530
4gfm,4gfm_788,5.110,-1.0690
4gfm,4gfm_789,3.810,0.2990
4gfm,4gfm_793,5.300,1.1680
4f9w,4f9w_899,4.730,7.2440
4f9w,4f9w_92,4.800,7.0890
4f9w,4f9w_96,0.530,10.0620
4f9w,4f9w_996,3.250,5.9560
4gfm,4gfm_183,6.020,6.6940
4gfm,4gfm_214,0.460,6.2480
4gfm,4gfm_219,1.970,4.6840
4gfm,4gfm_225,0.430,6.9160
4f9w,4f9w_571,5.190,2.3630
4f9w,4f9w_572,6.230,4.7880
4f9w,4f9w_573,5.340,5.7470
4f9w,4f9w_580,5.750,3.5850
4f9w,4f9w_581,7.410,0.6040
4f9w,4f9w_583,8.110,-1.8570
4f9w,4f9w_588,4.410,1.5020
4f9w,4f9w_592,5.300,5.9240
4f9w,4f9w_366,1.510,8.7650
4f9w,4f9w_396,2.020,9.0750
4f9w,4f9w_401,1.790,-7.1120
4f9w,4f9w_405,1.960,-2.3810
4f9w,4f9w_406,1.510,-2.6330
4f9w,4f9w_407,0.870,7.7190
4f9w,4f9w_408,1.190,4.1860
4f9w,4f9w_419,2.680,1.9570
4f3c,4f3c_926,1.000,6.3700
4f9w,4f9w_10,0.540,10.5890
4f9w,4f9w_113,0.600,10.1570
4f9w,4f9w_169,1.080,9.6440
4f9w,4f9w_194,0.350,9.5680
4f9w,4f9w_25,0.530,10.3140
4f9w,4f9w_283,0.550,10.0240
4f9w,4f9w_36,0.300,10.4430
4f9w,4f9w_518,4.670,5.5640
4f9w,4f9w_523,4.930,-0.0900
4f9w,4f9w_524,6.320,-0.9560
4f9w,4f9w_526,5.290,5.5480
4f9w,4f9w_527,6.340,2.4040
4f9w,4f9w_529,5.870,-0.3860
4f9w,4f9w_530,2.150,1.9420
4f9w,4f9w_565,3.540,1.3360
4f9w,4f9w_421,5.180,3.8960
4f9w,4f9w_435,0.930,3.8260
4f9w,4f9w_442,3.270,-8.9700
4f9w,4f9w_445,1.980,-9.6340
4f9w,4f9w_452,2.250,-11.0270
4f9w,4f9w_456,1.520,-6.0980
4f9w,4f9w_463,2.280,-1.9180
4f9w,4f9w_466,3.100,-4.8650
4f9w,4f9w_469,2.570,-10.3190
4f9w,4f9w_476,4.890,2.1790
4f9w,4f9w_479,4.720,0.5320
4f9w,4f9w_480,5.640,-1.5190
4f9w,4f9w_485,1.330,-3.4370
4f9w,4f9w_487,2.700,-8.5270
4f9w,4f9w_489,4.750,-0.1710
4f9w,4f9w_505,3.180,-0.2120
4f9w,4f9w_737,6.030,4.6490
4f9w,4f9w_782,5.630,4.0870
4f9w,4f9w_783,6.280,4.3680
4f9w,4f9w_784,6.560,5.3420
4f9w,4f9w_787,5.760,5.1260
4f9w,4f9w_788,6.330,5.8110
4f9w,4f9w_798,6.160,3.5940
4f9w,4f9w_86,0.490,10.3830
4f9w,4f9w_671,6.090,-2.0170
4f9w,4f9w_673,3.400,-0.6110
4f9w,4f9w_674,6.990,2.0970
4f9w,4f9w_684,7.330,0.0050
4f9w,4f9w_685,7.100,-1.9580
4f9w,4f9w_687,3.000,-2.0560
4f9w,4f9w_695,3.150,-6.6970
4f9w,4f9w_732,3.100,7.3120
4f9w,4f9w_599,7.480,-3.3730
4f9w,4f9w_609,1.860,-1.1170
4f9w,4f9w_621,3.500,3.6270
4f9w,4f9w_630,2.790,-6.6870
4f9w,4f9w_637,4.810,-1.0460
4f9w,4f9w_653,4.710,-0.7470
4f9w,4f9w_661,3.040,-0.6720
4f9w,4f9w_664,2.110,-6.3740
4f3c,4f3c_568,4.780,-4.2310
4f3c,4f3c_569,7.930,2.2750
4f3c,4f3c_57,5.670,5.1320
4f3c,4f3c_573,5.930,-2.6980
4f3c,4f3c_577,8.370,-1.4840
4f3c,4f3c_585,7.190,0.0440
4f3c,4f3c_587,5.940,-5.9100
4f3c,4f3c_592,4.910,-6.0320
4f3c,4f3c_595,4.580,-2.2450
4f3c,4f3c_6,8.250,4.6100
4f3c,4f3c_600,5.020,-6.0040
4f3c,4f3c_61,0.440,8.1320
4f3c,4f3c_612,2.110,-13.4550
4f3c,4f3c_642,8.270,-0.4910
4f3c,4f3c_643,4.900,-5.8490
4f3c,4f3c_646,2.630,-11.1890
4f3c,4f3c_667,7.850,-1.0720
4f3c,4f3c_680,4.860,-6.6520
4f3c,4f3c_682,4.010,-6.3850
4f3c,4f3c_685,8.140,-3.2740
4f3c,4f3c_687,3.910,-6.8830
4f3c,4f3c_688,4.030,-8.9450
4f3c,4f3c_689,9.270,-0.4720
4f3c,4f3c_693,2.770,-10.0180
4f3c,4f3c_696,3.430,-8.8940
4f3c,4f3c_72,7.890,4.5790
4f3c,4f3c_744,0.730,6.9730
4f3c,4f3c_755,0.320,7.4410
4f3c,4f3c_773,0.780,6.1820
4f3c,4f3c_833,0.640,7.2230
4f3c,4f3c_871,1.050,6.9390
4f3c,4f3c_885,1.000,6.5970
4gfm,4gfm_876,7.680,1.7160
4gfm,4gfm_879,7.680,1.6770
4gfm,4gfm_890,6.910,2.6510
4gfm,4gfm_913,0.440,6.7750
4gfm,4gfm_926,0.900,6.5870
4gfm,4gfm_992,1.290,3.9500
4gfm,4gfm_994,3.710,4.0570
4gid,4gid_132,9.120,3.5440
4gkm,4gkm_166,0.920,6.5960
4gkm,4gkm_180,0.500,7.3490
4gkm,4gkm_189,0.940,6.5970
4gkm,4gkm_2,0.840,5.7470
4gkm,4gkm_220,3.320,3.6130
4gkm,4gkm_25,6.110,7.5580
4gkm,4gkm_265,4.170,3.5130
4gkm,4gkm_280,5.010,4.0600
4gkm,4gkm_301,2.320,7.8950
4gkm,4gkm_302,5.400,7.9820
4gkm,4gkm_338,3.950,4.4850
4gkm,4gkm_346,7.100,6.9160
4gkm,4gkm_348,0.680,8.2350
4gkm,4gkm_349,8.220,6.7710
4gkm,4gkm_358,1.140,7.8370
4gkm,4gkm_363,3.010,6.5260
4gkm,4gkm_374,2.580,7.0060
4gkm,4gkm_375,0.560,8.1780
4gkm,4gkm_425,4.910,-1.6820
4gkm,4gkm_438,6.530,-7.0300
4gkm,4gkm_45,0.730,7.1050
4gkm,4gkm_472,6.380,4.6290
4gkm,4gkm_480,2.500,-1.3350
4gkm,4gkm_510,1.410,3.6800
4gkm,4gkm_515,3.690,1.7160
4gkm,4gkm_526,4.710,0.6500
4gkm,4gkm_528,2.690,0.7980
4gkm,4gkm_551,1.650,-0.3860
4gkm,4gkm_564,3.100,-7.5890
4gkm,4gkm_566,2.430,-8.5790
4gkm,4gkm_569,5.880,-3.4090
4gkm,4gkm_574,6.130,0.4410
4gkm,4gkm_579,1.570,-2.1310
4gkm,4gkm_584,2.770,-2.3250
4gkm,4gkm_585,1.860,-4.0760
4gkm,4gkm_611,3.290,-3.8380
4gkm,4gkm_614,6.100,-4.2650
4gkm,4gkm_618,2.650,2.1340
4gkm,4gkm_625,3.930,0.2010
4gkm,4gkm_626,4.080,0.8550
4gkm,4gkm_676,4.500,-10.8000
4gkm,4gkm_678,5.870,-2.0200
4gkm,4gkm_68,5.840,7.0820
4gkm,4gkm_688,1.640,-3.3540
4gkm,4gkm_69,6.010,6.9700
4gkm,4gkm_692,5.780,-2.5460
4gkm,4gkm_694,5.490,-8.4970
4gkm,4gkm_696,4.950,-1.9390
4gkm,4gkm_628,2.680,-2.1850
4gkm,4gkm_629,1.980,-7.2340
4gkm,4gkm_657,2.720,-4.1990
4gkm,4gkm_658,5.000,-0.0910
4gkm,4gkm_665,5.300,-3.0120
4gkm,4gkm_668,4.500,-2.8610
4gkm,4gkm_671,3.120,-2.0910
4gkm,4gkm_675,6.640,-3.1100
4gkm,4gkm_698,5.340,-8.8020
4gkm,4gkm_731,4.420,6.0860
4gkm,4gkm_769,3.180,5.2630
4gkm,4gkm_77,6.090,7.4740
4gkm,4gkm_770,6.540,2.7060
4gkm,4gkm_778,7.170,4.4130
4gkm,4gkm_779,7.020,-0.6850
4gkm,4gkm_795,0.740,6.4620
4gkm,4gkm_798,6.080,3.1720
4gkm,4gkm_80,2.910,5.4590
4gkm,4gkm_813,1.620,4.8700
4gkm,4gkm_87,0.960,6.0310
4gkm,4gkm_90,5.960,7.5550
4gr0,4gr0_107,2.170,9.8340
4gr0,4gr0_113,4.640,4.8520
4gr0,4gr0_119,8.830,6.9810
4ih5,4ih5_227,3.850,5.9460
4ih5,4ih5_281,5.630,3.7090
4ih5,4ih5_302,0.700,6.2700
4ih5,4ih5_306,0.780,6.0260
4ih5,4ih5_327,2.200,5.5200
4ih5,4ih5_341,0.980,5.6940
4ih5,4ih5_367,0.590,6.0880
4ih5,4ih5_374,5.420,5.3440
4ih5,4ih5_381,0.980,5.0390
4ih5,4ih5_384,1.020,6.3190
4ih5,4ih5_390,4.550,5.1850
4ih5,4ih5_397,0.780,6.0070
4ih5,4ih5_400,0.810,5.4010
4ih5,4ih5_417,2.570,4.8560
4ih5,4ih5_421,7.220,-2.2830
4ih5,4ih5_427,7.330,1.7780
4ih5,4ih5_148,3.050,5.3910
4ih5,4ih5_159,2.570,5.1420
4ih5,4ih5_161,2.430,4.9110
4ih5,4ih5_168,2.920,4.1450
4ih5,4ih5_169,1.810,5.0690
4ih5,4ih5_192,3.090,4.4610
4ih5,4ih5_202,4.070,3.3160
4ih5,4ih5_219,3.920,4.7200
4ih5,4ih5_428,3.570,4.5310
4ih5,4ih5_432,3.860,-0.1310
4ih5,4ih5_433,5.350,1.4070
4ih5,4ih5_448,4.350,5.2760
4ih5,4ih5_451,6.810,-3.7360
4ih5,4ih5_454,6.550,-4.1770
4ih5,4ih5_459,6.690,-4.9210
4ih5,4ih5_463,1.870,5.1690
4ih5,4ih5_543,6.430,2.9640
4ih5,4ih5_546,2.850,-0.6620
4ih5,4ih5_560,6.340,1.7730
4ih5,4ih5_562,5.110,2.1730
4ih5,4ih5_566,1.750,2.6510
4ih5,4ih5_57,0.900,5.9940
4ih5,4ih5_581,6.240,2.8830
4ih5,4ih5_587,0.950,3.8700
4ih5,4ih5_465,2.550,3.0100
4ih5,4ih5_467,3.650,4.5040
4ih5,4ih5_482,2.260,2.6330
4ih5,4ih5_492,5.850,1.6630
4ih5,4ih5_5,4.060,5.7690
4ih5,4ih5_502,5.560,3.9460
4ih5,4ih5_508,4.630,0.9860
4ih5,4ih5_516,4.080,0.5520
4gid,4gid_948,8.110,4.1510
4gid,4gid_951,4.490,5.9620
4gid,4gid_959,6.220,4.3540
4gkm,4gkm_111,0.460,7.2460
4gkm,4gkm_123,1.200,3.9440
4gkm,4gkm_133,3.970,6.2090
4gkm,4gkm_137,4.380,6.4200
4gkm,4gkm_158,1.340,6.0740
4ih7,4ih7_341,0.680,7.0520
4ih7,4ih7_351,1.100,6.6940
4ih7,4ih7_378,0.940,6.8080
4ih7,4ih7_405,1.780,3.8850
4ih7,4ih7_412,1.330,2.8400
4ih7,4ih7_414,2.270,-3.1550
4ih7,4ih7_415,5.010,4.7860
4ih7,4ih7_438,1.860,3.5650
4ih5,4ih5_612,2.680,3.4250
4ih5,4ih5_638,3.490,1.4460
4ih5,4ih5_651,5.250,-0.8840
4ih5,4ih5_674,5.090,-6.7760
4ih5,4ih5_681,6.140,1.7210
4ih5,4ih5_689,4.200,3.9610
4ih5,4ih5_690,4.410,-2.2050
4ih5,4ih5_708,1.890,5.2690
4ih5,4ih5_715,4.650,4.4440
4ih5,4ih5_720,4.900,3.1540
4ih5,4ih5_729,3.740,2.0720
4ih5,4ih5_762,6.500,3.7140
4ih5,4ih5_764,1.690,3.5510
4ih5,4ih5_765,3.950,2.2630
4ih5,4ih5_779,1.340,2.8410
4ih5,4ih5_782,1.950,4.7330
4ih7,4ih7_459,1.650,-2.2500
4ih7,4ih7_461,2.230,3.1810
4ih7,4ih7_477,2.920,2.7920
4ih7,4ih7_481,4.590,2.6040
4ih7,4ih7_483,2.490,0.8990
4ih7,4ih7_501,0.940,4.8420
4ih7,4ih7_504,1.320,5.3100
4ih7,4ih7_519,5.750,4.4400
4ih7,4ih7_129,2.090,4.8850
4ih7,4ih7_133,1.660,5.6130
4ih7,4ih7_159,1.890,5.3670
4ih7,4ih7_212,0.400,6.5350
4ih7,4ih7_219,0.540,4.6550
4ih7,4ih7_241,0.440,5.7760
4ih7,4ih7_302,0.600,7.0720
4ih7,4ih7_307,0.920,6.6160
4ih5,4ih5_789,5.350,2.8770
4ih5,4ih5_793,6.120,3.1710
4ih5,4ih5_794,6.610,4.7280
4ih5,4ih5_867,1.960,3.9910
4ih5,4ih5_892,5.290,2.9150
4ih5,4ih5_966,0.960,5.3130
4ih5,4ih5_983,1.530,4.8070
4ih7,4ih7_12,0.690,6.4840
4ih7,4ih7_560,4.840,4.5540
4ih7,4ih7_561,6.410,-0.3320
4ih7,4ih7_563,6.800,-1.0240
4ih7,4ih7_564,7.360,2.5300
4ih7,4ih7_565,6.670,1.6290
4ih7,4ih7_567,6.060,0.5550
4ih7,4ih7_570,7.220,2.7250
4ih7,4ih7_572,7.130,1.6250
4ih7,4ih7_522,2.860,-0.6320
4ih7,4ih7_523,2.540,1.9210
4ih7,4ih7_527,7.280,-2.0590
4ih7,4ih7_529,2.060,1.0880
4ih7,4ih7_539,3.420,-0.6370
4ih7,4ih7_548,7.410,1.3810
4ih7,4ih7_552,3.720,4.5760
4ih7,4ih7_555,3.360,0.9820
4ih7,4ih7_577,2.200,-2.3560
4ih7,4ih7_583,5.320,-0.0150
4ih7,4ih7_591,7.330,4.1720
4ih7,4ih7_596,5.530,-0.9840
4ih7,4ih7_597,6.130,0.8270
4ih7,4ih7_598,4.180,-7.3650
4ih7,4ih7_600,6.410,4.3060
4ih7,4ih7_632,3.700,3.4010
4hge,4hge_446,4.360,-7.3220
4hge,4hge_452,1.440,-5.0390
4hge,4hge_456,2.500,7.2960
4hge,4hge_458,3.890,-5.1730
4hge,4hge_46,0.580,8.6260
4hge,4hge_462,3.000,2.8550
4hge,4hge_464,3.770,3.3590
4hge,4hge_468,1.760,-3.9900
4hge,4hge_737,6.200,4.7420
4hge,4hge_742,2.450,7.1780
4hge,4hge_749,6.320,3.3540
4hge,4hge_797,2.550,6.6470
4hge,4hge_828,6.200,4.7420
4hge,4hge_848,6.320,3.3540
4hge,4hge_943,1.850,7.4230
4ih5,4ih5_140,2.970,4.9840
4hge,4hge_414,4.730,-0.9010
4hge,4hge_416,0.870,7.1780
4hge,4hge_422,5.050,-0.1140
4hge,4hge_423,1.350,-1.6960
4hge,4hge_424,4.980,-9.1520
4hge,4hge_433,4.030,-2.9300
4hge,4hge_437,1.820,2.1350
4hge,4hge_438,0.970,-2.3080
4hge,4hge_471,1.720,1.4170
4hge,4hge_473,1.470,2.1390
4hge,4hge_477,1.220,-3.2860
4hge,4hge_478,1.850,5.7460
4hge,4hge_498,2.130,-0.1550
4hge,4hge_503,0.470,6.9370
4hge,4hge_530,5.640,5.4040
4hge,4hge_534,6.060,2.3650
4hge,4hge_543,3.580,-0.9700
4hge,4hge_548,2.480,3.5470
4hge,4hge_549,3.210,2.5220
4hge,4hge_55,0.700,8.2110
4hge,4hge_555,4.750,3.1690
4hge,4hge_558,4.000,1.3740
4hge,4hge_559,5.340,2.2610
4hge,4hge_572,4.700,-2.1670
4ih7,4ih7_645,7.040,2.2450
4ih7,4ih7_650,4.740,-0.5730
4ih7,4ih7_661,3.870,4.0040
4ih7,4ih7_671,1.940,1.9370
4ih7,4ih7_704,4.680,6.3320
4ih7,4ih7_72,0.680,5.7260
4ih7,4ih7_729,3.030,4.9550
4ih7,4ih7_734,5.480,3.6840
4hge,4hge_621,2.260,5.0360
4hge,4hge_638,3.320,4.7280
4hge,4hge_643,3.980,4.6380
4hge,4hge_646,3.860,3.0250
4hge,4hge_654,3.750,2.8920
4hge,4hge_655,5.400,1.1380
4hge,4hge_659,5.270,1.5110
4hge,4hge_662,2.300,1.8910
4hge,4hge_666,6.840,-0.9830
4hge,4hge_667,4.070,6.0330
4hge,4hge_671,6.300,1.5660
4hge,4hge_689,2.040,-5.9100
4hge,4hge_692,6.570,1.3150
4hge,4hge_695,6.140,2.0270
4hge,4hge_699,4.400,-0.1020
4hge,4hge_700,6.100,2.8890
4hge,4hge_573,5.480,3.5830
4hge,4hge_574,5.930,0.7990
4hge,4hge_581,5.750,1.6970
4hge,4hge_583,5.050,2.2490
4hge,4hge_602,3.950,-3.9700
4hge,4hge_605,4.190,0.2970
4hge,4hge_612,2.470,4.5370
4hge,4hge_617,4.130,-3.5970
4gr0,4gr0_91,1.730,9.7380
4hge,4hge_202,1.610,6.9250
4hge,4hge_203,0.940,7.3610
4hge,4hge_231,0.390,7.5950
4hge,4hge_310,0.410,8.3510
4hge,4hge_311,5.050,7.2420
4hge,4hge_356,0.900,8.3120
4hge,4hge_407,0.770,7.2480
4ih7,4ih7_739,3.480,4.3510
4ih7,4ih7_742,5.970,4.6760
4ih7,4ih7_743,3.950,5.0230
4ih7,4ih7_748,4.830,4.2560
4ih7,4ih7_749,5.400,4.6720
4ih7,4ih7_755,4.830,5.6780
4ih7,4ih7_760,4.800,3.9630
4ih7,4ih7_777,4.880,2.1150
4ih7,4ih7_788,5.910,4.0180
4ih7,4ih7_789,3.500,4.2100
4ih7,4ih7_794,4.430,0.8370
4ih7,4ih7_796,2.720,5.4520
4ih7,4ih7_822,6.190,4.6280
4ih7,4ih7_829,3.170,5.4060
4ih7,4ih7_877,1.810,5.2690
4ih7,4ih7_880,6.020,3.5960
4ih7,4ih7_885,5.110,3.8470
4ih7,4ih7_937,6.160,4.0390
4ih7,4ih7_940,6.180,4.2330
4ih7,4ih7_980,5.120,4.6660
4ivb,4ivb_142,0.450,8.2520
4ivb,4ivb_253,0.220,8.5910
4ivb,4ivb_423,1.500,4.6660
4ivb,4ivb_425,0.980,4.7310
4ivb,4ivb_477,2.150,1.8770
4ivb,4ivb_479,4.140,1.7200
4ivb,4ivb_511,8.110,2.3010
4ivb,4ivb_525,7.560,4.5030
4ivb,4ivb_527,4.230,3.0160
4ivb,4ivb_539,6.130,2.5310
4ivb,4ivb_547,7.450,3.1120
4ivb,4ivb_552,1.350,6.1880
4ivb,4ivb_561,8.080,-0.6880
4ivb,4ivb_563,3.760,1.6150
4ivb,4ivb_565,6.410,0.9540
4ivb,4ivb_566,6.470,5.2330
4ivb,4ivb_577,2.200,2.0680
4ivb,4ivb_585,4.620,0.9480
4ivb,4ivb_586,4.860,2.8740
4ivb,4ivb_587,2.080,5.3710
4ivb,4ivb_590,7.070,4.3220
4ivb,4ivb_594,2.530,4.7660
4ivb,4ivb_598,5.180,-0.4800
4ivb,4ivb_61,0.720,5.9430
4ivb,4ivb_615,1.620,-0.5820
4ivb,4ivb_620,5.950,1.1830
4ivb,4ivb_625,5.630,3.5830
4ivb,4ivb_637,2.150,3.8730
4ivb,4ivb_771,4.270,3.5660
4ivb,4ivb_772,6.010,2.5250
4ivb,4ivb_773,3.390,5.5290
4ivb,4ivb_776,5.980,2.3670
4ivb,4ivb_779,5.720,5.5600
4ivb,4ivb_781,8.710,2.8820
4ivb,4ivb_783,5.070,2.3650
4ivb,4ivb_784,3.570,0.9820
4gr0,4gr0_402,7.530,-40.9160
4gr0,4gr0_405,2.300,-42.6070
4gr0,4gr0_408,4.620,-13.7010
4gr0,4gr0_410,1.990,-17.3710
4gr0,4gr0_411,6.150,-57.1590
4gr0,4gr0_412,3.570,-53.3190
4gr0,4gr0_416,6.250,-15.8590
4gr0,4gr0_417,5.750,-48.3780
4ivb,4ivb_785,3.810,2.8570
4ivb,4ivb_787,5.610,-1.7060
4ivb,4ivb_788,5.740,3.0130
4ivb,4ivb_791,5.850,1.1840
4ivb,4ivb_794,6.370,2.2620
4ivb,4ivb_795,6.850,0.6210
4ivb,4ivb_797,6.640,-2.2560
4ivb,4ivb_845,0.780,7.5370
4ivb,4ivb_428,3.450,3.0830
4ivb,4ivb_429,1.120,2.9870
4ivb,4ivb_436,2.270,-4.4820
4ivb,4ivb_439,0.900,7.4650
4ivb,4ivb_441,1.310,-4.4290
4ivb,4ivb_442,1.540,4.5940
4ivb,4ivb_460,1.340,6.5750
4ivb,4ivb_468,1.040,3.1990
4ivc,4ivc_544,5.710,0.2230
4ivc,4ivc_545,2.040,0.5330
4ivc,4ivc_552,5.910,3.4530
4ivc,4ivc_553,5.000,3.4940
4ivc,4ivc_554,5.990,4.5450
4ivc,4ivc_555,6.360,0.0810
4ivc,4ivc_560,6.070,-1.1250
4ivc,4ivc_561,5.070,0.3390
4ivb,4ivb_649,4.090,3.8140
4ivb,4ivb_661,2.940,4.0800
4ivb,4ivb_664,6.480,1.4550
4ivb,4ivb_666,2.460,1.4230
4ivb,4ivb_671,3.050,-1.2320
4ivb,4ivb_674,3.470,-0.5040
4ivb,4ivb_734,1.240,7.2950
4ivb,4ivb_741,3.970,5.2410
4ivc,4ivc_458,1.640,-0.7410
4ivc,4ivc_466,3.730,-6.5440
4ivc,4ivc_470,4.090,3.9940
4ivc,4ivc_472,3.540,-4.4720
4ivc,4ivc_476,2.020,0.6800
4ivc,4ivc_478,2.470,-1.7550
4ivc,4ivc_483,6.510,-2.6330
4ivc,4ivc_489,1.970,-2.1760
4ivc,4ivc_492,2.110,2.5810
4ivc,4ivc_498,2.720,0.8600
4ivc,4ivc_515,4.870,-5.0320
4ivc,4ivc_518,6.190,4.0080
4ivc,4ivc_528,6.260,4.2560
4ivc,4ivc_534,4.660,2.2090
4ivc,4ivc_537,3.890,4.7110
4ivc,4ivc_543,5.570,0.5590
4ivb,4ivb_747,3.990,3.6890
4ivb,4ivb_748,6.370,6.1640
4ivb,4ivb_750,4.270,3.1020
4ivb,4ivb_752,3.650,5.4030
4ivb,4ivb_761,1.690,3.6730
4ivb,4ivb_764,5.710,3.4560
4ivb,4ivb_768,4.460,4.4010
4ivb,4ivb_769,4.310,2.2130
4ivb,4ivb_85,0.230,8.8410
4ivb,4ivb_875,0.840,5.5370
4ivb,4ivb_884,2.140,5.6230
4ivb,4ivb_887,2.580,5.6160
4ivb,4ivb_896,4.010,4.6970
4ivb,4ivb_897,6.450,5.4620
4ivb,4ivb_947,0.620,5.9520
4ivb,4ivb_962,0.780,6.8960
4ivc,4ivc_20,0.210,9.2850
4ivc,4ivc_232,0.280,8.9640
4ivc,4ivc_32,0.780,7.1170
4ivc,4ivc_33,1.300,8.3040
4ivc,4ivc_409,1.710,-4.4490
4ivc,4ivc_411,1.560,2.5530
4ivc,4ivc_428,1.260,1.2260
4ivc,4ivc_442,4.100,-0.3530
4gid,4gid_479,2.670,-38.9080
4gid,4gid_481,8.180,-36.1630
4gid,4gid_482,4.150,-27.5530
4gid,4gid_483,2.620,-44.0380
4gid,4gid_486,3.110,-35.4860
4gid,4gid_506,8.520,-6.1360
4gid,4gid_507,8.480,-4.5830
4gid,4gid_509,7.580,-19.6120
4ivc,4ivc_679,2.330,-2.7630
4ivc,4ivc_685,2.360,-1.5200
4ivc,4ivc_687,6.060,2.8020
4ivc,4ivc_690,3.450,0.5790
4ivc,4ivc_695,3.740,-4.3210
4ivc,4ivc_699,4.490,3.9920
4ivc,4ivc_700,5.080,-1.4180
4ivc,4ivc_723,0.910,7.9700
4ivc,4ivc_563,5.170,1.8420
4ivc,4ivc_564,4.810,0.2430
4ivc,4ivc_571,5.420,1.0870
4ivc,4ivc_575,6.230,1.2240
4ivc,4ivc_581,3.030,1.7320
4ivc,4ivc_582,6.500,3.2620
4ivc,4ivc_583,3.340,4.2830
4ivc,4ivc_584,6.480,1.0600
4ivc,4ivc_593,2.110,1.8590
4ivc,4ivc_596,5.370,0.9680
4ivc,4ivc_600,5.040,1.6070
4ivc,4ivc_610,4.170,-1.4320
4ivc,4ivc_612,2.150,0.0730
4ivc,4ivc_614,7.070,2.2290
4ivc,4ivc_64,1.270,8.8300
4ivc,4ivc_658,2.720,4.5530
4ivc,4ivc_740,0.760,5.8040
4ivc,4ivc_743,4.000,5.8000
4ivc,4ivc_757,4.050,4.7240
4ivc,4ivc_758,3.490,6.2870
4ivc,4ivc_759,4.120,3.4950
4ivc,4ivc_760,6.330,4.3740
4ivc,4ivc_764,3.600,4.0410
4ivc,4ivc_82,0.510,8.4570
4gr0,4gr0_120,3.550,3.9360
4gr0,4gr0_13,3.040,7.8640
4gr0,4gr0_133,8.770,4.2370
4gr0,4gr0_15,5.640,6.4870
4gr0,4gr0_159,2.260,8.1170
4gr0,4gr0_162,7.970,4.4370
4gr0,4gr0_206,0.970,6.5400
4gr0,4gr0_217,1.080,4.9070
4ivc,4ivc_831,1.330,7.8700
4ivc,4ivc_841,0.900,6.1510
4ivc,4ivc_860,1.310,6.3430
4ivc,4ivc_862,0.970,5.7260
4ivc,4ivc_864,1.360,7.4120
4ivc,4ivc_944,0.720,6.2160
4ivc,4ivc_961,0.990,7.6010
4ivd,4ivd_12,0.900,8.5730
4gr0,4gr0_218,2.090,0.6460
4gr0,4gr0_226,2.740,3.6000
4gr0,4gr0_228,6.510,4.7420
4gr0,4gr0_236,3.040,3.0880
4gr0,4gr0_237,0.850,8.7250
4gr0,4gr0_240,1.270,7.9480
4gr0,4gr0_242,5.820,6.0070
4gr0,4gr0_250,0.820,6.8830
4ivd,4ivd_492,3.680,-1.3560
4ivd,4ivd_495,2.220,1.1130
4ivd,4ivd_497,2.930,1.4280
4ivd,4ivd_518,6.570,3.8650
4ivd,4ivd_52,0.610,8.1250
4ivd,4ivd_522,6.060,0.1300
4ivd,4ivd_533,4.150,2.0880
4ivd,4ivd_537,3.300,5.4270
4ivd,4ivd_567,4.010,2.7970
4ivd,4ivd_571,4.220,0.8240
4ivd,4ivd_572,5.490,2.1270
4ivd,4ivd_58,0.530,7.9610
4ivd,4ivd_588,3.290,2.5670
4ivd,4ivd_589,5.130,3.2710
4ivd,4ivd_595,3.810,3.2060
4ivd,4ivd_597,5.990,3.8680
4ivd,4ivd_231,0.770,8.1660
4ivd,4ivd_243,0.310,7.5390
4ivd,4ivd_260,0.770,8.2600
4ivd,4ivd_404,1.690,4.1580
4ivd,4ivd_405,2.090,4.5120
4ivd,4ivd_406,1.220,3.7830
4ivd,4ivd_426,2.060,5.8600
4ivd,4ivd_442,1.910,-2.5160
4ivd,4ivd_541,6.610,4.9190
4ivd,4ivd_542,5.720,1.2400
4ivd,4ivd_546,6.510,2.3130
4ivd,4ivd_549,1.750,0.5060
4ivd,4ivd_550,3.010,0.4830
4ivd,4ivd_561,5.030,0.7850
4ivd,4ivd_562,4.200,1.0570
4ivd,4ivd_565,6.140,4.4570
4ivd,4ivd_445,2.090,0.7550
4ivd,4ivd_449,3.780,1.5450
4ivd,4ivd_451,4.320,4.5190
4ivd,4ivd_467,2.080,0.8250
4ivd,4ivd_468,3.330,-1.1720
4ivd,4ivd_473,2.020,0.3340
4ivd,4ivd_480,3.200,1.3050
4ivd,4ivd_490,6.760,-2.5880
4j21,4j21_18,0.910,10.5520
4j21,4j21_190,0.950,8.7380
4j21,4j21_270,0.570,6.7980
4j21,4j21_30,0.280,11.6090
4j21,4j21_352,0.280,11.2710
4j21,4j21_37,0.970,10.2500
4j21,4j21_375,5.880,9.1310
4j21,4j21_393,0.510,11.0250
4j21,4j21_428,5.930,3.8150
4j21,4j21_430,0.880,8.1460
4j21,4j21_438,2.720,2.4710
4j21,4j21_442,3.090,3.5320
4j21,4j21_444,2.710,2.5600
4j21,4j21_447,1.210,7.2060
4j21,4j21_453,2.290,4.3680
4j21,4j21_456,3.350,2.0300
4gr0,4gr0_306,9.150,6.6930
4gr0,4gr0_314,9.090,5.5750
4gr0,4gr0_324,8.510,5.8470
4gr0,4gr0_326,0.910,10.1930
4gr0,4gr0_33,8.940,5.1750
4gr0,4gr0_341,1.100,8.5370
4gr0,4gr0_375,4.110,7.7130
4gr0,4gr0_381,7.610,5.3270
4j21,4j21_462,1.880,9.1520
4j21,4j21_463,1.730,5.7030
4j21,4j21_471,2.090,-3.9840
4j21,4j21_475,3.240,2.1230
4j21,4j21_478,1.940,-0.3010
4j21,4j21_479,3.240,1.5240
4j21,4j21_483,3.180,5.7500
4j21,4j21_485,6.030,2.1800
4gr0,4gr0_268,0.980,7.4180
4gr0,4gr0_272,1.450,8.2720
4gr0,4gr0_279,0.950,3.8910
4gr0,4gr0_281,0.940,7.9940
4gr0,4gr0_286,0.690,6.3510
4gr0,4gr0_287,0.810,6.9460
4gr0,4gr0_300,5.670,5.2100
4gr0,4gr0_305,3.560,9.1360
4j21,4j21_489,6.110,-2.5370
4j21,4j21_490,1.870,1.7330
4j21,4j21_493,5.980,-2.1590
4j21,4j21_499,6.010,2.1720
4j21,4j21_50,0.340,10.8040
4j21,4j21_514,0.820,2.3340
4j21,4j21_524,1.800,5.2860
4j21,4j21_535,5.790,6.4320
4j21,4j21_540,5.760,3.2160
4j21,4j21_553,5.790,-5.0060
4j21,4j21_559,1.250,-1.1230
4j21,4j21_569,8.780,4.6680
4j21,4j21_572,2.070,-0.6010
4j21,4j21_574,5.890,6.5870
4j21,4j21_575,1.810,3.8170
4j21,4j21_577,1.070,2.5900
4j21,4j21_582,5.630,0.1130
4j21,4j21_594,9.100,3.5050
4j21,4j21_597,2.370,1.4650
4j21,4j21_620,7.100,-4.3910
4j21,4j21_625,3.120,-0.7370
4j21,4j21_627,6.840,-1.7900
4j21,4j21_645,2.500,5.5090
4j21,4j21_678,3.330,-4.3820
4j21,4j21_740,6.120,5.6880
4j21,4j21_741,5.510,4.5630
4j21,4j21_751,8.730,3.3070
4j21,4j21_752,4.910,4.6040
4j21,4j21_753,8.120,5.6350
4j21,4j21_754,4.910,5.4270
4j21,4j21_755,4.690,1.6100
4j21,4j21_756,4.620,5.4350
4j21,4j21_757,4.780,5.1280
4j21,4j21_761,4.800,5.1430
4j21,4j21_762,6.430,4.9780
4j21,4j21_763,4.700,2.5600
4j21,4j21_765,9.520,4.4350
4j21,4j21_767,4.370,2.0220
4j21,4j21_768,4.400,2.2820
4j21,4j21_770,4.380,2.5640
4j21,4j21_680,3.210,-3.3010
4j21,4j21_686,3.290,1.7750
4j21,4j21_688,7.330,0.9150
4j21,4j21_730,2.350,5.1210
4j21,4j21_731,6.320,6.1040
4j21,4j21_734,7.070,4.5000
4j21,4j21_735,8.750,5.3390
4j21,4j21_736,8.950,5.7880
4ivd,4ivd_658,7.890,2.8040
4ivd,4ivd_659,5.800,0.4190
4ivd,4ivd_660,3.890,2.8300
4ivd,4ivd_664,4.270,-1.2530
4ivd,4ivd_667,3.590,1.2720
4ivd,4ivd_671,7.560,1.2160
4ivd,4ivd_672,4.490,-1.4700
4ivd,4ivd_674,5.600,-0.4600
4ivd,4ivd_598,2.650,2.3480
4ivd,4ivd_599,6.410,-1.4060
4ivd,4ivd_605,6.110,0.6140
4ivd,4ivd_629,6.710,-2.9450
4ivd,4ivd_641,5.530,2.4090
4ivd,4ivd_645,4.380,3.6700
4ivd,4ivd_648,4.250,-3.1610
4ivd,4ivd_653,6.070,3.3510
4gr0,4gr0_546,8.950,-17.9520
4gr0,4gr0_55,5.680,10.3450
4gr0,4gr0_550,9.810,-7.7940
4gr0,4gr0_558,6.960,-25.3230
4gr0,4gr0_56,9.620,7.0540
4gr0,4gr0_565,7.540,-14.0080
4gr0,4gr0_566,7.540,-22.2450
4gr0,4gr0_573,8.190,-3.9940
4ivd,4ivd_786,1.320,5.2170
4ivd,4ivd_787,1.200,4.1940
4ivd,4ivd_823,0.370,7.2240
4ivd,4ivd_843,2.170,7.5340
4ivd,4ivd_866,1.790,7.3880
4ivd,4ivd_886,1.570,7.2980
4ivd,4ivd_962,1.030,6.2090
4j21,4j21_119,1.350,7.3710
4ivd,4ivd_680,4.970,1.9150
4ivd,4ivd_688,5.320,3.9000
4ivd,4ivd_692,2.610,2.4500
4ivd,4ivd_694,5.010,-1.7600
4ivd,4ivd_752,0.750,5.9730
4ivd,4ivd_771,0.830,6.1950
4ivd,4ivd_781,0.820,6.5070
4ivd,4ivd_785,1.080,1.6960
4gid,4gid_298,0.910,7.9730
4gid,4gid_301,9.820,6.0090
4gid,4gid_311,8.250,5.1820
4gid,4gid_315,9.380,4.3310
4gid,4gid_324,7.660,3.9700
4gid,4gid_336,0.970,10.4350
4gid,4gid_368,9.270,5.0250
4gid,4gid_372,9.640,3.6830
4gr0,4gr0_419,4.050,-38.3670
4gr0,4gr0_420,8.270,-55.3810
4gr0,4gr0_421,6.010,-43.8100
4gr0,4gr0_422,3.320,-29.4970
4gr0,4gr0_428,5.440,-36.3990
4gr0,4gr0_429,4.010,-56.7730
4gr0,4gr0_433,3.160,-32.0460
4gr0,4gr0_438,6.770,-19.6260
4gid,4gid_134,6.310,5.5230
4gid,4gid_197,0.770,8.6340
4gid,4gid_201,0.380,9.4320
4gid,4gid_204,1.190,3.7580
4gid,4gid_205,0.930,7.3370
4gid,4gid_217,5.900,-6.4090
4gid,4gid_229,7.640,3.7250
4gid,4gid_230,1.140,8.0640
4gid,4gid_428,4.040,-40.4780
4gid,4gid_429,5.290,-36.3180
4gid,4gid_433,2.990,-37.7300
4gid,4gid_435,6.920,-23.7850
4gid,4gid_449,2.660,-31.3290
4gid,4gid_453,4.530,-64.9460
4gid,4gid_462,4.060,-43.3510
4gid,4gid_475,3.920,-26.1120
4gid,4gid_699,6.620,-25.5290
4gid,4gid_700,9.400,-24.4980
4gid,4gid_713,4.360,4.5140
4gid,4gid_718,5.300,1.5450
4gid,4gid_725,4.600,3.3520
4gid,4gid_732,5.500,4.7360
4gid,4gid_735,4.530,1.0360
4gid,4gid_739,7.020,4.0630
4gid,4gid_39,8.290,4.5680
4gid,4gid_393,9.410,4.5950
4gid,4gid_402,3.020,-29.7420
4gid,4gid_405,3.840,-41.2420
4gid,4gid_408,2.320,-30.4890
4gid,4gid_412,2.410,-40.0310
4gid,4gid_416,5.760,-26.1980
4gid,4gid_421,4.190,-49.5260
4gid,4gid_269,0.940,9.5580
4gid,4gid_270,6.940,-1.7550
4gid,4gid_276,4.170,-1.3350
4gid,4gid_277,7.200,2.7090
4gid,4gid_282,1.790,2.4500
4gid,4gid_285,0.990,5.0270
4gid,4gid_290,5.360,0.6980
4gid,4gid_291,0.810,7.5010
4gid,4gid_232,7.450,0.6450
4gid,4gid_235,7.370,5.5130
4gid,4gid_237,6.250,1.0610
4gid,4gid_242,6.870,3.2570
4gid,4gid_245,1.090,6.7590
4gid,4gid_246,1.570,5.9220
4gid,4gid_257,0.990,7.1070
4gid,4gid_259,1.140,6.6290
4gr0,4gr0_492,5.350,-26.1310
4gr0,4gr0_497,4.620,3.2530
4gr0,4gr0_499,5.350,-37.8410
4gr0,4gr0_518,7.710,-12.0890
4gr0,4gr0_529,7.130,-11.0740
4gr0,4gr0_53,1.420,8.0470
4gr0,4gr0_541,8.590,-14.9680
4gr0,4gr0_545,9.770,-16.2690
4gid,4gid_54,8.220,5.2000
4gid,4gid_577,8.250,-26.7660
4gid,4gid_580,6.320,-28.3040
4gid,4gid_596,7.660,-20.4040
4gid,4gid_625,9.850,-7.4540
4gid,4gid_629,8.950,-14.5180
4gid,4gid_630,9.260,-17.8280
4gid,4gid_666,5.390,-37.7070
4gid,4gid_744,6.430,-0.6600
4gid,4gid_752,8.100,3.4680
4gid,4gid_766,3.400,0.2330
4gid,4gid_770,5.980,2.8530
4gid,4gid_78,9.450,4.6670
4gid,4gid_789,0.990,8.6450
4gid,4gid_791,1.290,8.0740
4gid,4gid_792,1.550,8.2280
4gr0,4gr0_575,8.710,-3.7230
4gr0,4gr0_583,9.800,0.6030
4gr0,4gr0_584,1.940,-20.5330
4gr0,4gr0_591,4.280,-18.5480
4gr0,4gr0_594,8.400,-7.4870
4gr0,4gr0_605,6.780,-29.0230
4gr0,4gr0_630,9.860,-11.6160
4gr0,4gr0_644,9.490,-1.9510
4gr0,4gr0_468,2.710,-17.7580
4gr0,4gr0_471,3.950,-30.3520
4gr0,4gr0_472,9.140,-32.5260
4gr0,4gr0_473,4.160,-43.1090
4gr0,4gr0_474,4.470,-50.8540
4gr0,4gr0_476,6.280,-41.3260
4gr0,4gr0_486,3.930,-30.9360
4gr0,4gr0_491,6.760,-42.1420
4gr0,4gr0_650,7.430,-12.0980
4gr0,4gr0_674,5.380,-13.2950
4gr0,4gr0_709,0.890,9.0470
4gr0,4gr0_715,2.580,5.1210
4gr0,4gr0_761,1.900,7.1390
4gr0,4gr0_768,2.010,6.5570
4gr0,4gr0_791,5.860,7.7260
4gr0,4gr0_905,1.730,8.1430
4gr0,4gr0_439,3.330,-49.4740
4gr0,4gr0_440,6.500,-40.2560
4gr0,4gr0_452,2.610,-22.3170
4gr0,4gr0_456,7.460,-20.5900
4gr0,4gr0_457,7.590,-57.7520
4gr0,4gr0_459,4.110,-28.4300
4gr0,4gr0_465,2.250,-39.2230
4gr0,4gr0_467,9.920,-38.7680
4gid,4gid_796,2.140,5.6790
4gid,4gid_804,1.930,7.3480
4gid,4gid_809,2.630,5.3860
4gid,4gid_811,3.600,5.4330
4gid,4gid_815,3.450,6.5510
4gid,4gid_833,1.760,4.2170
4gid,4gid_860,2.930,2.9470
4gid,4gid_861,5.710,4.1790
4gid,4gid_874,3.490,-1.0220
4gid,4gid_880,3.010,5.4050
4gid,4gid_897,2.010,6.0660
4gid,4gid_937,6.830,7.5750
4gid,4gid_941,3.850,6.2730
4gid,4gid_943,5.720,5.4100
4gid,4gid_944,7.320,5.2200
4gid,4gid_946,7.880,5.0410
4j21,4j21_842,8.140,4.8330
4j21,4j21_846,7.090,4.8130
4j21,4j21_848,8.190,4.7970
4j21,4j21_849,8.710,5.3460
4j21,4j21_856,7.540,5.2000
4j21,4j21_86,2.160,10.0590
4j21,4j21_869,7.850,6.1400
4j21,4j21_876,7.830,5.6270
4j21,4j21_771,9.510,4.3970
4j21,4j21_774,5.020,2.6950
4j21,4j21_775,6.740,6.0430
4j21,4j21_780,7.840,-2.1470
4j21,4j21_804,2.060,2.3570
4j21,4j21_827,7.140,5.0080
4j21,4j21_830,7.260,5.2180
4j21,4j21_839,8.160,4.4860
4j21,4j21_952,6.190,3.8580
4j21,4j21_955,3.360,5.6500
4j21,4j21_967,6.990,5.4330
4j28,4j28_110,0.900,5.8610
4j28,4j28_123,0.210,5.4000
4j28,4j28_154,0.980,5.8420
4j28,4j28_173,0.960,6.0160
4j28,4j28_183,0.930,6.3830
4j28,4j28_566,5.000,0.1620
4j28,4j28_574,5.870,0.2660
4j28,4j28_579,4.630,3.1910
4j28,4j28_580,4.470,-1.6530
4j28,4j28_583,4.830,4.3750
4j28,4j28_587,5.980,4.8590
4j28,4j28_593,3.750,-3.6640
4j28,4j28_600,4.640,3.3260
4j28,4j28_196,0.870,5.1690
4j28,4j28_208,1.670,1.5570
4j28,4j28_215,6.130,-0.6860
4j28,4j28_227,6.090,0.9620
4j28,4j28_265,6.180,1.5750
4j28,4j28_300,6.200,2.2610
4j28,4j28_303,1.000,6.8880
4j28,4j28_313,1.000,6.8700
4j28,4j28_457,3.640,-0.5840
4j28,4j28_458,1.920,-3.6670
4j28,4j28_494,5.890,-0.8200
4j28,4j28_534,2.780,1.1560
4j28,4j28_536,5.060,2.8680
4j28,4j28_543,3.170,-3.4070
4j28,4j28_555,5.900,0.2380
4j28,4j28_562,4.010,-1.2780
4j28,4j28_406,2.760,3.9000
4j28,4j28_410,3.140,-1.8020
4j28,4j28_42,0.860,6.2030
4j28,4j28_425,1.990,4.0360
4j28,4j28_429,2.190,-4.4680
4j28,4j28_437,2.560,2.3030
4j28,4j28_439,1.910,1.0610
4j28,4j28_451,1.980,3.7200
4j28,4j28_646,4.140,-2.2590
4j28,4j28_657,3.230,3.2180
4j28,4j28_661,2.180,1.4710
4j28,4j28_691,1.690,-16.3390
4j28,4j28_692,2.560,5.2620
4j28,4j28_732,6.060,3.3680
4j28,4j28_737,2.080,2.3460
4j28,4j28_743,3.260,-2.2330
4j28,4j28_744,3.350,3.7720
4j28,4j28_753,3.840,5.2100
4j28,4j28_758,6.030,2.8350
4j28,4j28_772,6.420,-0.6670
4j28,4j28_775,5.940,3.1400
4j28,4j28_785,3.000,1.4130
4j28,4j28_790,6.430,-2.1510
4j28,4j28_792,2.830,-13.5940
4j28,4j28_794,0.340,6.0740
4j28,4j28_828,2.260,0.1830
4j28,4j28_829,3.370,-1.3830
4j28,4j28_846,5.990,3.3830
4j28,4j28_852,1.130,4.9560
4j28,4j28_858,5.990,2.9750
4j28,4j28_863,4.220,1.6220
4j28,4j28_864,5.460,3.2700
4jfs,4jfs_139,0.690,5.7300
4jfs,4jfs_177,1.040,4.6560
4jfs,4jfs_191,0.770,5.4330
4jfs,4jfs_266,1.300,4.9430
4jfs,4jfs_274,1.410,4.6410
4jfs,4jfs_362,0.660,6.8680
4jfs,4jfs_385,0.890,6.9770
4jfs,4jfs_411,2.080,0.8120
4j28,4j28_866,6.010,2.9850
4j28,4j28_867,6.100,3.3790
4j28,4j28_877,4.210,-5.1370
4j28,4j28_899,1.140,4.5400
4j28,4j28_912,1.940,6.2520
4j28,4j28_944,5.890,2.5400
4j28,4j28_961,1.660,3.1750
4j28,4j28_981,3.120,0.1890
4jfs,4jfs_413,2.360,2.8820
4jfs,4jfs_414,2.050,-1.4400
4jfs,4jfs_469,4.210,-3.7700
4jfs,4jfs_508,1.800,-0.6380
4jfs,4jfs_51,1.090,5.7620
4jfs,4jfs_527,4.080,2.3150
4jfs,4jfs_529,2.250,-0.1030
4jfs,4jfs_574,2.750,0.7560
4jfs,4jfs_857,4.350,2.1070
4jfs,4jfs_867,4.230,3.6750
4jfs,4jfs_877,3.930,1.0050
4jfs,4jfs_899,0.850,6.4410
4jfs,4jfs_920,0.720,6.1870
4jfs,4jfs_958,2.100,3.8030
4jfs,4jfs_970,0.660,5.8660
4jfs,4jfs_974,1.870,5.8460
4jfs,4jfs_788,4.320,2.8120
4jfs,4jfs_789,1.830,0.5150
4jfs,4jfs_792,2.440,0.6220
4jfs,4jfs_793,2.650,2.3720
4jfs,4jfs_797,4.090,-3.6460
4jfs,4jfs_818,0.920,5.8790
4jfs,4jfs_849,3.570,3.5200
4jfs,4jfs_855,3.200,4.6970
4jfs,4jfs_579,3.150,-8.3890
4jfs,4jfs_615,1.460,3.7470
4jfs,4jfs_669,3.350,-1.5170
4jfs,4jfs_681,4.480,-11.5880
4jfs,4jfs_709,2.840,4.0950
4jfs,4jfs_714,2.580,0.9080
4jfs,4jfs_739,3.740,0.4260
4jfs,4jfs_740,4.360,-1.1050
4jfs,4jfs_749,3.850,3.5500
4jfs,4jfs_750,4.140,3.1520
4jfs,4jfs_764,3.780,0.4610
4jfs,4jfs_769,3.900,2.1910
4jfs,4jfs_778,4.180,1.7320
4jfs,4jfs_783,1.770,4.0180
4jfs,4jfs_784,3.570,3.7060
4jfs,4jfs_787,5.050,1.8440
4j28,4j28_988,4.170,-2.4100
4j3l,4j3l_115,2.170,10.5880
4j3l,4j3l_140,1.940,9.1490
4j3l,4j3l_202,2.070,8.9390
4j3l,4j3l_286,2.340,7.7330
4j3l,4j3l_348,1.670,10.1870
4j3l,4j3l_352,1.230,11.0600
4j3l,4j3l_404,2.690,-0.8440
4j3l,4j3l_413,5.920,-6.2630
4j3l,4j3l_422,2.450,-3.9190
4j3l,4j3l_433,5.980,-1.7930
4j3l,4j3l_435,6.270,1.0210
4j3l,4j3l_440,1.790,-2.6720
4j3l,4j3l_446,3.130,-11.8700
4j3l,4j3l_449,1.510,-2.4100
4j3l,4j3l_455,3.120,-10.1030
4j3l,4j3l_468,1.760,0.2530
4j3l,4j3l_473,4.060,-25.0430
4j3l,4j3l_475,3.200,-7.2100
4j3l,4j3l_479,2.400,-11.0050
4j3l,4j3l_485,2.620,-12.9390
4j3l,4j3l_489,1.840,3.5050
4j3l,4j3l_490,2.130,-1.1540
4j3l,4j3l_523,3.090,-3.8130
4jsz,4jsz_113,9.980,1.9600
4jsz,4jsz_138,9.970,1.6430
4jsz,4jsz_150,4.420,2.4030
4jsz,4jsz_156,3.240,2.5940
4jsz,4jsz_160,9.860,1.2170
4jsz,4jsz_215,1.730,1.6780
4jsz,4jsz_218,3.240,-1.2650
4jsz,4jsz_24,6.030,1.4270
4jsz,4jsz_26,6.140,1.2000
4jsz,4jsz_262,2.330,2.9910
4jsz,4jsz_269,2.350,-3.4900
4jsz,4jsz_306,3.320,3.9820
4jsz,4jsz_31,6.050,1.1350
4jsz,4jsz_321,9.860,1.6760
4jsz,4jsz_323,10.000,1.7680
4jsz,4jsz_359,5.990,1.4520
4j3l,4j3l_536,2.510,0.4500
4j3l,4j3l_547,6.120,-1.8890
4j3l,4j3l_561,2.000,0.3390
4j3l,4j3l_574,7.560,-5.0670
4j3l,4j3l_585,3.050,-11.2270
4j3l,4j3l_597,6.580,-2.3040
4j3l,4j3l_620,5.940,-8.9560
4j3l,4j3l_632,6.390,-6.2540
4jsz,4jsz_38,6.100,1.2840
4jsz,4jsz_390,9.950,1.7320
4jsz,4jsz_466,4.100,-9.3360
4jsz,4jsz_47,6.070,0.8810
4jsz,4jsz_476,4.180,-9.6900
4jsz,4jsz_48,6.090,1.0320
4jsz,4jsz_491,2.640,-6.6630
4jsz,4jsz_494,4.370,-3.3220
4jsz,4jsz_498,3.240,-9.1270
4jsz,4jsz_506,3.360,3.5220
4jsz,4jsz_509,3.800,0.6550
4jsz,4jsz_511,2.090,-0.3410
4jsz,4jsz_512,1.960,1.6830
4jsz,4jsz_545,2.900,2.6920
4jsz,4jsz_549,4.550,1.5590
4jsz,4jsz_554,4.440,1.2460
4j3l,4j3l_684,6.220,2.3380
4j3l,4j3l_696,6.670,4.2960
4j3l,4j3l_699,3.070,-3.3320
4j3l,4j3l_700,6.320,-5.5700
4j3l,4j3l_732,0.840,5.4430
4j3l,4j3l_733,0.630,6.6410
4j3l,4j3l_739,0.930,6.0580
4j3l,4j3l_746,1.300,6.3680
4j3l,4j3l_784,5.980,4.0760
4j3l,4j3l_786,5.930,6.0390
4j3l,4j3l_793,1.930,7.3560
4j3l,4j3l_858,0.900,5.9230
4j3l,4j3l_871,0.910,5.4480
4j3l,4j3l_888,0.850,5.6660
4j3l,4j3l_991,0.880,6.3020
4jfs,4jfs_10,0.840,5.8040
4jsz,4jsz_672,2.000,2.8120
4jsz,4jsz_677,4.040,-0.8780
4jsz,4jsz_698,3.290,-1.5130
4jsz,4jsz_71,2.740,2.8620
4jsz,4jsz_710,4.160,0.6440
4jsz,4jsz_74,1.830,2.7680
4jsz,4jsz_742,1.710,1.7750
4jsz,4jsz_756,5.440,0.3940
4j3l,4j3l_635,6.130,-0.4090
4j3l,4j3l_636,3.430,-3.3310
4j3l,4j3l_647,3.060,0.1560
4j3l,4j3l_650,6.250,-1.4620
4j3l,4j3l_656,3.230,-0.4700
4j3l,4j3l_662,3.300,-5.1160
4j3l,4j3l_673,2.230,-9.3100
4j3l,4j3l_677,6.250,-4.6460
4jsz,4jsz_559,3.830,-0.4180
4jsz,4jsz_560,2.370,-1.7570
4jsz,4jsz_561,1.880,-1.4550
4jsz,4jsz_571,1.660,-4.8550
4jsz,4jsz_574,3.120,0.3150
4jsz,4jsz_581,4.610,2.8690
4jsz,4jsz_585,2.450,0.9090
4jsz,4jsz_59,5.980,1.4790
4jsz,4jsz_593,1.450,-5.3120
4jsz,4jsz_60,3.540,2.6460
4jsz,4jsz_600,4.280,-2.7950
4jsz,4jsz_625,1.990,-0.9000
4jsz,4jsz_63,6.020,1.4870
4jsz,4jsz_645,6.190,-1.5080
4jsz,4jsz_65,5.750,1.1440
4jsz,4jsz_662,2.820,-0.6700
4jsz,4jsz_762,5.150,2.0580
4jsz,4jsz_771,5.360,1.4280
4jsz,4jsz_772,5.970,1.2150
4jsz,4jsz_774,5.160,1.3430
4jsz,4jsz_775,5.010,1.2680
4jsz,4jsz_815,1.730,1.9020
4jsz,4jsz_83,6.180,1.2620
4jsz,4jsz_85,5.900,1.5380
4j3l,4j3l_749,1.000,6.2530
4j3l,4j3l_755,0.950,5.6420
4j3l,4j3l_761,0.600,6.5010
4j3l,4j3l_774,5.740,5.5870
4j3l,4j3l_775,5.750,6.3250
4j3l,4j3l_776,5.710,6.3850
4j3l,4j3l_777,5.640,4.8950
4j3l,4j3l_782,6.000,5.9550
4jfs,4jfs_981,1.150,5.3740
4jfs,4jfs_982,0.820,4.1260
4jia,4jia_11,1.900,7.4620
4jia,4jia_111,5.160,7.4300
4jia,4jia_162,9.110,7.1570
4jia,4jia_202,2.620,6.0720
4jia,4jia_205,4.750,6.0190
4jia,4jia_210,1.380,7.1190
4jsz,4jsz_93,6.170,1.1830
4jxs,4jxs_129,1.100,6.2880
4jxs,4jxs_147,0.770,6.5440
4jxs,4jxs_153,0.470,6.1830
4jxs,4jxs_196,0.570,6.5070
4jxs,4jxs_2,1.950,6.9610
4jxs,4jxs_203,2.490,2.1460
4jxs,4jxs_205,9.490,-1.4680
4jxs,4jxs_490,1.750,4.6480
4jxs,4jxs_503,7.030,2.0330
4jxs,4jxs_509,5.010,3.1990
4jxs,4jxs_513,7.810,5.2980
4jxs,4jxs_517,2.010,0.5130
4jxs,4jxs_520,6.920,1.7370
4jxs,4jxs_523,1.660,3.1830
4jxs,4jxs_543,8.710,-3.3500
4jia,4jia_214,6.310,3.1610
4jia,4jia_223,5.810,7.2270
4jia,4jia_227,4.290,6.2980
4jia,4jia_230,7.920,7.2430
4jia,4jia_232,7.030,6.1670
4jia,4jia_249,1.580,7.2500
4jia,4jia_257,2.000,6.1470
4jia,4jia_261,6.560,7.6850
4jxs,4jxs_218,0.970,2.0350
4jxs,4jxs_223,9.560,4.4120
4jxs,4jxs_227,7.320,2.7820
4jxs,4jxs_232,8.590,-2.0300
4jxs,4jxs_236,2.480,0.7500
4jxs,4jxs_238,9.360,2.5700
4jxs,4jxs_243,8.190,-0.3930
4jxs,4jxs_244,7.370,-1.6290
4jia,4jia_275,0.860,6.9840
4jia,4jia_282,4.110,6.9330
4jia,4jia_285,8.280,6.7970
4jia,4jia_287,0.710,7.7260
4jia,4jia_291,6.070,2.7990
4jia,4jia_293,4.870,5.1760
4jia,4jia_295,7.180,8.1380
4jia,4jia_316,8.310,8.0490
4jxs,4jxs_295,8.080,-1.6340
4jxs,4jxs_296,7.290,4.3330
4jxs,4jxs_306,0.810,6.0380
4jxs,4jxs_31,1.830,6.3680
4jxs,4jxs_311,7.030,6.3080
4jxs,4jxs_322,2.490,6.3660
4jxs,4jxs_334,1.000,6.0750
4jxs,4jxs_348,1.920,5.9960
4jxs,4jxs_580,5.560,0.3230
4jxs,4jxs_581,7.220,-2.7540
4jxs,4jxs_585,5.910,-3.3100
4jxs,4jxs_588,4.300,1.3600
4jxs,4jxs_595,4.690,-1.8630
4jxs,4jxs_598,5.550,2.3230
4jxs,4jxs_599,2.670,0.3900
4jxs,4jxs_628,5.550,-3.0440
4jxs,4jxs_546,4.740,-0.2700
4jxs,4jxs_55,2.430,6.9440
4jxs,4jxs_556,3.180,3.6920
4jxs,4jxs_56,1.760,6.8790
4jxs,4jxs_563,7.020,2.6460
4jxs,4jxs_573,8.050,-1.1030
4jxs,4jxs_578,2.910,2.9060
4jxs,4jxs_579,3.140,-1.0020
4jxs,4jxs_434,4.230,0.2380
4jxs,4jxs_444,6.030,1.2310
4jxs,4jxs_452,7.310,-2.2770
4jxs,4jxs_455,4.820,-1.3890
4jxs,4jxs_464,5.400,-4.3950
4jxs,4jxs_466,3.710,-6.7950
4jxs,4jxs_47,2.000,6.6200
4jxs,4jxs_485,2.000,-1.7440
4jxs,4jxs_246,8.570,0.2120
4jxs,4jxs_257,8.510,0.2890
4jxs,4jxs_258,0.790,2.3220
4jxs,4jxs_260,0.650,4.3090
4jxs,4jxs_262,8.670,-1.3130
4jxs,4jxs_264,8.230,-0.4210
4jxs,4jxs_275,6.760,-1.4540
4jxs,4jxs_278,9.490,3.1460
4jxs,4jxs_648,5.240,0.0420
4jxs,4jxs_654,4.850,0.0170
4jxs,4jxs_664,5.810,-2.1340
4jxs,4jxs_669,3.370,3.3280
4jxs,4jxs_672,6.580,-2.0430
4jxs,4jxs_679,4.250,0.6370
4jxs,4jxs_684,4.000,3.2600
4jxs,4jxs_688,5.170,0.9780
4jxs,4jxs_352,0.810,7.0600
4jxs,4jxs_356,6.640,5.0510
4jxs,4jxs_401,3.400,3.8260
4jxs,4jxs_407,3.250,0.1540
4jxs,4jxs_410,4.430,-2.7480
4jxs,4jxs_411,6.650,-2.0580
4jxs,4jxs_414,4.890,1.1060
4jxs,4jxs_427,2.830,-2.2160
4jxs,4jxs_696,4.600,-2.5950
4jxs,4jxs_698,3.510,-1.0670
4jxs,4jxs_701,9.380,4.7360
4jxs,4jxs_702,1.540,5.4680
4jxs,4jxs_707,6.500,3.2990
4jxs,4jxs_712,9.330,5.3220
4jxs,4jxs_713,9.280,3.0980
4jxs,4jxs_714,8.920,4.9040
4jia,4jia_335,2.120,7.7010
4jia,4jia_337,2.960,9.0090
4jia,4jia_362,0.960,9.3710
4jia,4jia_415,4.400,5.1790
4jia,4jia_418,5.950,-12.2210
4jia,4jia_419,8.050,0.7800
4jia,4jia_427,6.130,-6.6460
4jia,4jia_439,5.200,-0.8690
4k77,4k77_190,2.170,6.8450
4k77,4k77_207,1.060,6.0950
4k77,4k77_229,0.800,6.9700
4k77,4k77_237,0.360,7.1370
4k77,4k77_257,0.540,7.0120
4k77,4k77_290,0.740,6.3600
4k77,4k77_325,3.060,7.9750
4k77,4k77_328,0.370,7.3530
4k77,4k77_331,0.880,6.9130
4k77,4k77_403,2.350,1.3230
4k77,4k77_409,1.860,3.3780
4k77,4k77_412,1.890,1.0170
4k77,4k77_416,3.620,2.3820
4k77,4k77_420,3.130,0.0540
4k77,4k77_428,2.430,1.2500
4k77,4k77_437,2.310,4.5760
4jxs,4jxs_719,9.280,3.2280
4jxs,4jxs_72,5.870,5.7540
4jxs,4jxs_725,9.910,4.2240
4jxs,4jxs_750,3.110,5.6200
4jxs,4jxs_76,6.540,6.1390
4jxs,4jxs_764,6.010,2.5350
4jxs,4jxs_766,3.390,1.9460
4jxs,4jxs_768,9.420,5.3010
4kz6,4kz6_527,2.400,1.0370
4kz6,4kz6_529,4.850,0.4800
4kz6,4kz6_534,7.130,1.0060
4kz6,4kz6_548,1.230,-3.9740
4kz6,4kz6_549,2.660,0.6860
4kz6,4kz6_553,5.070,2.4170
4kz6,4kz6_588,3.350,-1.0840
4kz6,4kz6_593,7.190,3.6790
4k77,4k77_440,1.690,3.2330
4k77,4k77_443,6.410,-0.6300
4k77,4k77_444,4.420,-0.5600
4k77,4k77_462,7.880,4.4950
4k77,4k77_478,6.520,4.2690
4k77,4k77_479,4.600,-0.3250
4k77,4k77_482,6.110,5.6990
4k77,4k77_491,3.590,1.4110
4kz6,4kz6_112,0.880,4.0710
4kz6,4kz6_143,0.710,4.3380
4kz6,4kz6_160,0.690,4.6660
4kz6,4kz6_20,6.100,3.2670
4kz6,4kz6_267,3.100,1.5680
4kz6,4kz6_308,0.280,5.3730
4kz6,4kz6_315,0.540,5.1940
4kz6,4kz6_350,0.510,4.7160
4kz6,4kz6_365,0.660,4.7720
4kz6,4kz6_373,0.910,5.3900
4kz6,4kz6_389,0.560,5.1960
4kz6,4kz6_403,5.570,-4.3380
4kz6,4kz6_408,5.290,-7.8180
4kz6,4kz6_419,5.220,-3.9720
4kz6,4kz6_490,5.410,-3.9260
4kz6,4kz6_511,2.760,2.6570
4kz6,4kz6_658,5.010,-4.5780
4kz6,4kz6_665,1.630,1.0970
4kz6,4kz6_666,3.000,-1.6320
4kz6,4kz6_679,0.890,1.2840
4kz6,4kz6_681,1.740,-0.1790
4kz6,4kz6_694,1.990,3.2410
4kz6,4kz6_701,2.780,2.4090
4kz6,4kz6_723,1.760,2.9110
4k77,4k77_562,7.060,4.2040
4k77,4k77_571,2.120,1.6410
4k77,4k77_572,4.700,2.9240
4k77,4k77_573,7.230,2.4870
4k77,4k77_576,3.940,4.5470
4k77,4k77_577,8.010,3.7540
4k77,4k77_585,6.600,3.1000
4k77,4k77_586,5.160,-2.6520
4k77,4k77_516,6.140,0.5790
4k77,4k77_520,4.980,-0.0490
4k77,4k77_521,6.050,5.1700
4k77,4k77_529,6.750,5.3210
4k77,4k77_546,7.280,3.1450
4k77,4k77_548,1.850,5.1520
4k77,4k77_557,2.750,5.6120
4k77,4k77_560,1.410,5.2340
4k77,4k77_592,4.010,1.7590
4k77,4k77_596,4.230,-2.3090
4k77,4k77_597,5.680,3.8480
4k77,4k77_598,5.660,-4.9560
4k77,4k77_601,5.920,3.6080
4k77,4k77_606,3.810,2.9090
4k77,4k77_608,2.430,1.1540
4k77,4k77_611,5.450,0.5830
4jia,4jia_917,1.410,7.8530
4jia,4jia_923,0.850,7.4210
4jia,4jia_957,0.810,7.0500
4jia,4jia_959,8.560,4.0730
4jia,4jia_984,1.010,6.8100
4jia,4jia_994,1.380,6.2630
4jsz,4jsz_1,9.970,1.8930
4jsz,4jsz_100,2.350,2.3820
4k77,4k77_869,7.420,3.2810
4k77,4k77_900,5.650,5.9570
4k77,4k77_932,0.610,6.7020
4k77,4k77_951,0.870,6.0870
4k77,4k77_959,7.230,3.5270
4k77,4k77_982,6.930,2.7180
4k77,4k77_990,1.530,5.1290
4kz6,4kz6_110,1.080,3.4850
4k77,4k77_625,3.820,-2.3420
4k77,4k77_633,3.390,-1.5220
4k77,4k77_634,7.280,5.8520
4k77,4k77_635,4.790,2.9080
4k77,4k77_642,2.770,2.4310
4k77,4k77_645,3.560,2.4340
4k77,4k77_661,2.980,1.8350
4k77,4k77_666,6.440,1.2810
4kz6,4kz6_726,7.070,2.3610
4kz6,4kz6_731,2.740,3.0840
4kz6,4kz6_745,4.090,2.5080
4kz6,4kz6_746,7.220,2.2690
4kz6,4kz6_748,3.530,3.0060
4kz6,4kz6_754,7.100,3.0010
4kz6,4kz6_755,7.700,2.1370
4kz6,4kz6_761,6.650,0.7200
4k77,4k77_748,8.120,4.7330
4k77,4k77_750,4.120,3.1280
4k77,4k77_757,6.000,4.0500
4k77,4k77_775,6.140,3.1430
4k77,4k77_782,5.290,-2.1280
4k77,4k77_784,7.720,5.9660
4k77,4k77_789,4.240,4.6950
4k77,4k77_794,5.870,1.3370
4k77,4k77_681,5.290,2.9660
4k77,4k77_684,1.540,4.9860
4k77,4k77_688,4.090,-2.2270
4k77,4k77_690,7.040,5.0700
4k77,4k77_693,1.330,3.5120
4k77,4k77_696,7.270,2.4220
4k77,4k77_699,3.100,3.6360
4k77,4k77_743,2.830,1.8510
4kz6,4kz6_785,3.550,1.7350
4kz6,4kz6_787,6.410,0.4350
4kz6,4kz6_790,3.460,1.4300
4kz6,4kz6_796,3.930,1.6910
4kz6,4kz6_798,4.590,-3.1840
4kz6,4kz6_815,2.660,2.8700
4kz6,4kz6_819,2.570,3.9110
4kz6,4kz6_839,7.100,3.3000
4kz6,4kz6_840,7.480,2.1540
4kz6,4kz6_853,5.010,2.3640
4kz6,4kz6_854,4.610,3.2150
4kz6,4kz6_858,3.900,2.9110
4kz6,4kz6_873,7.720,2.1440
4kz6,4kz6_874,4.370,3.1530
4kz6,4kz6_875,6.900,2.9170
4kz6,4kz6_878,5.010,3.7760
4kz6,4kz6_764,3.870,3.2770
4kz6,4kz6_766,3.870,1.9360
4kz6,4kz6_768,4.200,1.6750
4kz6,4kz6_772,6.220,2.7580
4kz6,4kz6_773,7.210,3.4960
4kz6,4kz6_775,4.150,2.6500
4kz6,4kz6_776,6.200,2.3750
4kz6,4kz6_778,5.420,-2.1140
4jxs,4jxs_770,7.150,3.8770
4jxs,4jxs_78,6.670,5.8090
4jxs,4jxs_85,2.360,6.0020
4jxs,4jxs_9,2.090,6.7340
4jxs,4jxs_979,0.790,5.8820
4k18,4k18_100,1.680,-14.5430
4k18,4k18_105,2.930,7.5080
4k18,4k18_107,1.160,8.5700
4jia,4jia_443,8.070,-2.9830
4jia,4jia_460,1.640,3.4530
4jia,4jia_479,6.980,-10.0440
4jia,4jia_485,7.320,-2.3980
4jia,4jia_532,3.170,-1.8700
4jia,4jia_539,2.240,-2.8190
4jia,4jia_551,4.460,4.9900
4jia,4jia_552,3.770,-1.9060
4kz6,4kz6_879,1.210,2.6890
4kz6,4kz6_888,2.200,3.2150
4kz6,4kz6_892,1.500,3.6040
4kz6,4kz6_895,5.460,2.7800
4kz6,4kz6_897,4.890,4.2010
4kz6,4kz6_900,3.610,4.1180
4kz6,4kz6_925,1.870,2.8680
4kz6,4kz6_955,2.990,2.6520
4kz6,4kz6_958,4.640,4.2600
4kz6,4kz6_960,1.110,4.1880
4kz6,4kz6_974,4.110,4.3190
4kzq,4kzq_133,0.740,9.6920
4kzq,4kzq_14,0.450,10.0120
4kzq,4kzq_163,0.500,9.4060
4kzq,4kzq_311,0.530,10.5480
4kzq,4kzq_409,0.700,7.4640
4kzq,4kzq_425,2.120,0.2290
4kzq,4kzq_427,2.840,0.8340
4kzq,4kzq_428,0.920,5.3590
4kzq,4kzq_432,2.870,1.1090
4kzq,4kzq_434,1.090,6.7060
4kzq,4kzq_436,2.490,-3.8040
4kzq,4kzq_446,0.830,5.3990
4kzq,4kzq_447,1.390,1.6200
4jia,4jia_743,5.440,3.6160
4jia,4jia_747,9.020,4.3900
4jia,4jia_749,8.060,4.1100
4jia,4jia_752,9.270,4.4040
4jia,4jia_754,5.990,4.5320
4jia,4jia_758,7.390,3.9360
4jia,4jia_763,9.090,5.0360
4jia,4jia_765,9.610,3.1200
4jia,4jia_555,2.770,3.3040
4jia,4jia_569,4.350,0.7220
4jia,4jia_587,3.320,1.3080
4jia,4jia_60,0.650,9.3260
4jia,4jia_609,8.470,-6.0550
4jia,4jia_61,2.460,6.7570
4jia,4jia_66,0.820,9.2360
4jia,4jia_661,2.720,3.4430
4jia,4jia_724,2.870,6.7650
4jia,4jia_725,7.030,3.9480
4jia,4jia_727,7.040,3.6280
4jia,4jia_729,9.180,2.8650
4jia,4jia_733,3.940,5.4570
4jia,4jia_734,3.430,6.9810
4jia,4jia_737,3.420,5.6210
4jia,4jia_740,6.670,5.3010
4jia,4jia_789,7.640,4.5480
4jia,4jia_793,9.340,2.0700
4jia,4jia_796,7.670,3.8410
4jia,4jia_807,1.090,6.2570
4jia,4jia_812,1.270,7.1030
4jia,4jia_844,4.610,5.5930
4jia,4jia_85,0.800,8.4830
4jia,4jia_851,5.960,4.0370
4jia,4jia_665,6.990,2.5880
4jia,4jia_679,9.350,3.1820
4jia,4jia_707,2.540,7.3730
4jia,4jia_710,3.950,7.6690
4jia,4jia_711,3.450,6.4440
4jia,4jia_712,5.140,4.7360
4jia,4jia_719,4.600,5.7100
4jia,4jia_723,3.200,5.9520
4jia,4jia_766,7.150,4.2400
4jia,4jia_767,6.130,5.2150
4jia,4jia_769,4.680,5.0360
4jia,4jia_770,9.530,3.5290
4jia,4jia_773,9.450,3.1820
4jia,4jia_774,5.320,4.1710
4jia,4jia_777,8.600,2.5740
4jia,4jia_783,8.430,2.9190
4k18,4k18_825,0.840,6.4550
4k18,4k18_829,0.520,7.9340
4k18,4k18_85,0.530,9.6610
4k18,4k18_859,3.120,7.4940
4k18,4k18_93,0.680,8.8360
4k77,4k77_149,1.030,5.7640
4k77,4k77_167,0.220,7.4390
4k77,4k77_173,0.900,6.4150
4jia,4jia_868,6.200,7.1840
4jia,4jia_876,2.770,4.2860
4jia,4jia_88,0.880,8.7690
4jia,4jia_885,5.560,4.9070
4jia,4jia_889,3.110,6.8010
4jia,4jia_891,6.850,5.3290
4jia,4jia_907,8.650,3.6300
4jia,4jia_91,0.820,8.3890
4k18,4k18_118,5.890,7.2460
4k18,4k18_122,6.470,7.4200
4k18,4k18_144,3.200,8.1650
4k18,4k18_151,1.760,7.2990
4k18,4k18_161,2.870,8.1880
4k18,4k18_174,1.320,7.7160
4k18,4k18_200,3.160,8.1510
4k18,4k18_201,0.700,8.2330
4k18,4k18_203,2.390,6.8750
4k18,4k18_215,6.250,5.3470
4k18,4k18_223,2.490,7.3340
4k18,4k18_225,0.310,8.1390
4k18,4k18_23,0.870,9.0020
4k18,4k18_233,2.280,4.8840
4k18,4k18_249,0.850,5.9110
4k18,4k18_254,0.360,7.8830
4k18,4k18_477,6.490,-8.3060
4k18,4k18_478,4.050,-0.3210
4k18,4k18_480,2.880,3.7700
4k18,4k18_490,4.000,1.8950
4k18,4k18_494,6.000,-4.1710
4k18,4k18_495,5.010,-0.5220
4k18,4k18_515,7.010,0.8030
4k18,4k18_531,7.060,2.1470
4kzq,4kzq_495,2.910,0.8810
4kzq,4kzq_496,3.080,3.0050
4kzq,4kzq_5,0.660,9.2110
4kzq,4kzq_500,2.480,-9.4470
4kzq,4kzq_507,5.190,-1.0370
4kzq,4kzq_511,4.790,-1.1430
4kzq,4kzq_515,1.040,9.1910
4kzq,4kzq_523,6.210,4.5760
4kzq,4kzq_455,2.330,-3.4830
4kzq,4kzq_458,3.260,4.1510
4kzq,4kzq_467,3.010,2.4160
4kzq,4kzq_469,3.070,0.5850
4kzq,4kzq_472,1.170,1.0090
4kzq,4kzq_475,1.280,3.2840
4kzq,4kzq_485,3.100,-9.3310
4kzq,4kzq_494,1.420,-0.3320
4k18,4k18_538,5.650,-0.2350
4k18,4k18_541,4.460,4.8240
4k18,4k18_542,7.390,2.6180
4k18,4k18_545,7.530,3.0930
4k18,4k18_547,5.570,5.1780
4k18,4k18_552,4.480,-0.2610
4k18,4k18_557,7.240,0.5550
4k18,4k18_560,6.780,5.1040
4kzq,4kzq_758,9.030,4.9980
4kzq,4kzq_764,8.310,4.1270
4kzq,4kzq_766,8.270,4.1550
4kzq,4kzq_769,8.210,4.1620
4kzq,4kzq_776,7.930,4.2110
4kzq,4kzq_778,7.150,1.7390
4kzq,4kzq_781,9.490,2.4840
4kzq,4kzq_782,9.610,2.4620
4kzq,4kzq_539,3.570,0.5480
4kzq,4kzq_543,4.540,3.4450
4kzq,4kzq_550,4.190,-2.0310
4kzq,4kzq_557,1.580,4.2770
4kzq,4kzq_560,4.850,3.6520
4kzq,4kzq_566,5.980,-0.6820
4kzq,4kzq_569,3.540,0.3870
4kzq,4kzq_576,6.670,-1.1780
4kzq,4kzq_584,5.010,-0.0460
4kzq,4kzq_590,6.590,4.6310
4kzq,4kzq_593,4.090,3.3410
4kzq,4kzq_600,5.140,1.5980
4kzq,4kzq_607,6.180,-2.0110
4kzq,4kzq_609,3.640,0.9270
4kzq,4kzq_612,1.840,4.5120
4kzq,4kzq_615,4.330,0.7130
4k18,4k18_563,3.280,2.5690
4k18,4k18_565,7.330,-1.3070
4k18,4k18_570,6.500,4.0440
4k18,4k18_574,7.510,1.8280
4k18,4k18_583,7.090,2.7530
4k18,4k18_586,5.500,-0.1230
4k18,4k18_587,6.130,3.5920
4k18,4k18_592,6.530,2.8830
4k18,4k18_267,1.160,7.3820
4k18,4k18_282,1.030,7.0060
4k18,4k18_285,0.640,6.0190
4k18,4k18_287,4.530,8.4740
4k18,4k18_365,3.980,10.2100
4k18,4k18_38,1.020,9.1700
4k18,4k18_408,3.910,4.9310
4k18,4k18_415,3.990,1.8400
4k18,4k18_599,7.050,3.4290
4k18,4k18_60,1.160,9.6440
4k18,4k18_635,6.540,-0.0860
4k18,4k18_646,2.160,4.2750
4k18,4k18_651,7.210,1.3710
4k18,4k18_668,3.880,0.5090
4k18,4k18_671,6.110,2.6730
4k18,4k18_672,5.920,1.2010
4kzq,4kzq_62,0.820,10.7620
4kzq,4kzq_624,5.820,-1.3980
4kzq,4kzq_632,6.940,2.6400
4kzq,4kzq_635,2.520,3.8060
4kzq,4kzq_641,6.890,-4.4340
4kzq,4kzq_651,3.140,2.4940
4kzq,4kzq_667,2.340,1.4290
4kzq,4kzq_682,2.300,3.3640
4k18,4k18_430,5.340,1.3170
4k18,4k18_437,4.220,0.6180
4k18,4k18_438,4.420,0.7020
4k18,4k18_441,4.930,2.0810
4k18,4k18_454,5.130,0.9190
4k18,4k18_458,5.240,-1.3160
4k18,4k18_467,4.900,-3.0800
4k18,4k18_471,3.960,1.6210
4k18,4k18_683,4.760,-1.4830
4k18,4k18_688,6.210,5.1990
4k18,4k18_690,2.920,0.6360
4k18,4k18_693,1.660,-4.9850
4k18,4k18_700,2.620,-1.8320
4k18,4k18_744,2.960,8.4620
4k18,4k18_748,1.730,6.8560
4k18,4k18_749,4.600,5.3150
4kzq,4kzq_692,1.110,5.9130
4kzq,4kzq_697,3.840,0.5000
4kzq,4kzq_72,0.840,10.1270
4kzq,4kzq_740,4.310,4.8670
4kzq,4kzq_745,6.530,4.7220
4kzq,4kzq_748,4.240,1.5640
4kzq,4kzq_749,9.020,4.8830
4kzq,4kzq_755,7.160,3.7470
4kzq,4kzq_783,9.750,2.4660
4kzq,4kzq_784,9.780,2.4360
4kzq,4kzq_794,5.090,-16.0560
4kzq,4kzq_837,7.310,4.9260
4kzq,4kzq_838,7.920,3.7030
4kzq,4kzq_845,7.830,4.8520
4kzq,4kzq_847,8.190,3.0040
4kzq,4kzq_856,7.880,4.6190
4kzq,4kzq_861,7.990,4.9520
4kzq,4kzq_865,5.840,-0.4100
4kzq,4kzq_866,8.390,4.4130
4kzq,4kzq_868,5.370,4.2470
4kzq,4kzq_874,6.500,4.6000
4kzq,4kzq_875,7.200,5.8390
4kzq,4kzq_876,4.140,0.1310
4kzq,4kzq_877,8.470,4.8680
4kzq,4kzq_878,7.550,4.2470
4kzq,4kzq_880,8.380,3.5990
4kzq,4kzq_883,6.390,6.5550
4kzq,4kzq_884,8.480,4.8740
4kzq,4kzq_888,5.820,2.3580
4kzq,4kzq_890,4.010,-2.7880
4kzq,4kzq_891,8.060,4.9240
4kzq,4kzq_892,8.720,4.5410
4kzu,4kzu_5,0.880,9.9410
4kzu,4kzu_504,0.940,8.8620
4kzu,4kzu_524,1.120,6.9310
4kzu,4kzu_537,7.320,7.2840
4kzu,4kzu_548,2.000,5.9580
4kzu,4kzu_549,3.870,0.6100
4kzu,4kzu_552,4.560,4.4310
4kzu,4kzu_553,6.650,7.2490
4kzq,4kzq_893,6.740,4.9590
4kzq,4kzq_974,1.580,3.2500
4kzq,4kzq_990,5.580,-1.3990
4kzu,4kzu_112,0.500,10.3210
4kzu,4kzu_206,0.450,11.1290
4kzu,4kzu_256,0.530,8.5700
4kzu,4kzu_286,0.640,10.3630
4kzu,4kzu_411,0.890,6.3450
4kzu,4kzu_472,3.230,-7.0840
4kzu,4kzu_474,2.220,4.5350
4kzu,4kzu_481,1.160,-0.6780
4kzu,4kzu_483,2.420,2.7660
4kzu,4kzu_491,3.470,-4.7430
4kzu,4kzu_492,1.660,-0.9170
4kzu,4kzu_497,3.850,-11.7920
4kzu,4kzu_499,2.200,-5.6350
4kzu,4kzu_422,1.500,-1.0550
4kzu,4kzu_424,0.710,7.3740
4kzu,4kzu_426,3.280,-3.1580
4kzu,4kzu_429,1.500,-3.3910
4kzu,4kzu_432,1.220,2.3700
4kzu,4kzu_439,2.060,6.7510
4kzu,4kzu_455,2.310,3.8760
4kzu,4kzu_468,1.810,-6.3610
4kzu,4kzu_559,6.560,3.9960
4kzu,4kzu_565,4.070,0.9130
4kzu,4kzu_569,5.240,-0.5650
4kzu,4kzu_570,3.850,-0.7300
4kzu,4kzu_571,2.890,-1.4680
4kzu,4kzu_574,6.190,5.1870
4kzu,4kzu_575,1.590,6.6250
4kzu,4kzu_577,5.010,-3.7980
4kzu,4kzu_578,3.760,1.0200
4kzu,4kzu_582,4.350,-5.7000
4kzu,4kzu_592,4.400,-3.9330
4kzu,4kzu_593,4.910,-1.1170
4kzu,4kzu_594,3.570,0.2250
4kzu,4kzu_599,6.160,-4.2620
4kzu,4kzu_601,0.830,8.0270
4kzu,4kzu_610,0.790,9.0030
4kzu,4kzu_618,2.170,7.0330
4kzu,4kzu_619,4.150,3.4250
4kzu,4kzu_641,3.840,1.2580
4kzu,4kzu_660,3.910,2.3470
4kzu,4kzu_661,1.630,1.7450
4kzu,4kzu_662,5.380,-4.4150
4kzu,4kzu_663,5.120,7.0350
4kzu,4kzu_668,5.160,1.1010
4llx,4llx_746,6.210,2.2330
4llx,4llx_750,6.940,1.6330
4llx,4llx_751,8.470,2.7220
4llx,4llx_757,7.530,1.4240
4llx,4llx_759,5.790,0.4930
4llx,4llx_769,5.030,1.3600
4llx,4llx_774,7.280,1.7870
4llx,4llx_779,5.500,1.6640
4llx,4llx_781,6.000,1.5610
4llx,4llx_784,8.230,1.4410
4llx,4llx_785,6.300,1.8320
4llx,4llx_786,6.950,1.4210
4llx,4llx_787,6.230,0.8220
4llx,4llx_788,8.300,2.5080
4llx,4llx_789,7.570,1.7470
4llx,4llx_790,7.630,1.7310
4llx,4llx_621,1.180,3.6420
4llx,4llx_624,3.390,0.0940
4llx,4llx_635,2.950,1.6290
4llx,4llx_636,4.650,-2.2560
4llx,4llx_641,2.380,2.9480
4llx,4llx_650,3.510,2.2970
4llx,4llx_666,3.770,1.9910
4llx,4llx_677,4.400,1.0430
4llx,4llx_442,2.570,3.8420
4llx,4llx_443,2.110,2.6310
4llx,4llx_447,1.800,-1.7510
4llx,4llx_451,3.910,-28.4300
4llx,4llx_465,2.850,2.8250
4llx,4llx_471,4.940,1.5840
4llx,4llx_472,5.300,3.0650
4llx,4llx_475,3.180,-21.8870
4llx,4llx_793,7.090,1.6560
4llx,4llx_795,6.830,2.3810
4llx,4llx_798,7.430,1.8730
4llx,4llx_799,8.180,1.4220
4llx,4llx_845,3.780,-1.3480
4llx,4llx_859,7.590,1.7090
4llx,4llx_862,5.160,0.8320
4llx,4llx_871,7.550,1.5420
4llx,4llx_213,0.450,4.6450
4llx,4llx_236,0.430,4.7730
4llx,4llx_243,9.960,3.9400
4llx,4llx_247,9.950,3.7830
4llx,4llx_276,0.960,4.7940
4llx,4llx_293,0.630,4.0310
4llx,4llx_302,0.270,4.8740
4llx,4llx_386,0.330,4.7020
4llx,4llx_478,2.110,-12.1330
4llx,4llx_485,1.590,0.8810
4llx,4llx_498,1.410,3.8850
4llx,4llx_500,4.300,2.5470
4llx,4llx_512,4.660,3.1210
4llx,4llx_519,1.250,3.8090
4llx,4llx_525,4.990,3.1540
4llx,4llx_545,1.360,-1.2520
4llx,4llx_402,0.780,3.6600
4llx,4llx_403,0.670,3.6590
4llx,4llx_408,3.030,2.1860
4llx,4llx_414,3.610,0.7200
4llx,4llx_418,3.650,-0.0130
4llx,4llx_419,3.620,2.3560
4llx,4llx_421,0.990,1.5860
4llx,4llx_422,2.950,3.8200
4llx,4llx_684,2.860,-3.4630
4llx,4llx_686,4.110,-12.4030
4llx,4llx_689,4.040,0.8200
4llx,4llx_695,4.630,-1.3590
4llx,4llx_716,1.890,-1.3330
4llx,4llx_723,1.900,1.0720
4llx,4llx_727,5.170,-0.2420
4llx,4llx_745,4.220,1.5280
4llx,4llx_553,5.690,2.4660
4llx,4llx_554,6.280,2.4390
4llx,4llx_558,6.860,2.6160
4llx,4llx_560,7.060,1.6390
4llx,4llx_579,5.260,0.7890
4llx,4llx_589,6.270,2.8010
4llx,4llx_609,1.330,2.1460
4llx,4llx_613,2.920,-2.6750
4kzu,4kzu_747,7.930,6.6040
4kzu,4kzu_752,9.540,3.6250
4kzu,4kzu_753,7.660,5.5200
4kzu,4kzu_755,7.390,5.9550
4kzu,4kzu_757,8.130,5.3150
4kzu,4kzu_761,9.400,3.6370
4kzu,4kzu_762,7.520,5.7850
4kzu,4kzu_775,9.740,3.1660
4kzu,4kzu_889,9.270,3.7350
4kzu,4kzu_907,2.730,-0.6900
4kzu,4kzu_909,5.310,3.8600
4kzu,4kzu_924,7.080,8.0240
4kzu,4kzu_932,9.760,4.9970
4kzu,4kzu_956,7.310,7.0480
4kzu,4kzu_961,8.690,4.0130
4llx,4llx_208,1.530,3.7940
4kzu,4kzu_708,5.490,2.9070
4kzu,4kzu_709,5.990,3.5450
4kzu,4kzu_710,6.980,5.9830
4kzu,4kzu_712,7.320,6.4090
4kzu,4kzu_735,9.120,3.5170
4kzu,4kzu_738,7.740,6.5080
4kzu,4kzu_740,8.090,6.6600
4kzu,4kzu_741,8.940,5.6710
4kzu,4kzu_861,9.120,4.4960
4kzu,4kzu_863,8.990,4.8780
4kzu,4kzu_865,8.820,6.2650
4kzu,4kzu_867,7.090,6.3400
4kzu,4kzu_872,6.590,5.6830
4kzu,4kzu_877,6.770,5.0460
4kzu,4kzu_878,9.180,3.1210
4kzu,4kzu_883,9.970,3.1190
4kzu,4kzu_669,4.560,5.2560
4kzu,4kzu_675,2.840,-1.3780
4kzu,4kzu_678,6.980,4.5270
4kzu,4kzu_680,4.130,-0.8110
4kzu,4kzu_682,4.790,-1.2230
4kzu,4kzu_690,2.630,1.3020
4kzu,4kzu_696,4.210,0.8260
4kzu,4kzu_700,5.360,2.6410
4kzu,4kzu_776,6.380,2.0990
4kzu,4kzu_777,8.290,6.1700
4kzu,4kzu_786,9.770,4.5390
4kzu,4kzu_789,9.000,3.0230
4kzu,4kzu_800,6.800,6.0290
4kzu,4kzu_847,8.780,4.1830
4kzu,4kzu_856,5.360,3.6700
4kzu,4kzu_857,8.800,5.1920
4llx,4llx_875,7.390,2.1160
4llx,4llx_877,8.720,1.1770
4llx,4llx_882,6.500,0.4870
4llx,4llx_943,0.980,1.9590
4llx,4llx_967,2.940,-0.7960
4llx,4llx_977,5.550,1.1660
4lzs,4lzs_1,0.750,5.7940
4lzs,4lzs_154,0.370,5.7210
4lzs,4lzs_203,3.380,1.4010
4lzs,4lzs_224,4.140,4.3820
4lzs,4lzs_38,0.480,6.1950
4lzs,4lzs_391,0.460,5.8370
4lzs,4lzs_415,1.880,0.2510
4lzs,4lzs_430,0.690,5.9410
4lzs,4lzs_442,4.010,-1.0810
4lzs,4lzs_446,4.910,-2.6790
4lzs,4lzs_454,2.560,-3.3920
4lzs,4lzs_456,4.390,-1.6530
4lzs,4lzs_465,4.500,-1.0100
4lzs,4lzs_529,4.670,2.0970
4lzs,4lzs_533,1.820,-0.1900
4lzs,4lzs_550,1.870,0.0820
4lzs,4lzs_560,2.350,2.1100
4lzs,4lzs_572,1.930,1.0830
4lzs,4lzs_586,2.000,-3.4630
4lzs,4lzs_61,0.870,5.6570
4lzs,4lzs_617,1.260,3.9680
4lzs,4lzs_653,3.170,0.3590
4lzs,4lzs_693,3.130,2.6360
4lzs,4lzs_70,0.690,6.0580
4lzs,4lzs_702,0.380,6.0320
4lzs,4lzs_725,2.200,4.7340
4lzs,4lzs_746,2.160,1.5310
4lzs,4lzs_749,5.080,3.0540
4lzs,4lzs_750,5.180,3.6670
4lzs,4lzs_752,3.380,4.5020
4lzs,4lzs_753,6.000,1.9570
4lzs,4lzs_755,5.070,2.9760
4lzs,4lzs_756,5.060,3.8720
4lzs,4lzs_760,5.210,3.5420
4lzs,4lzs_850,3.190,3.8860
4lzs,4lzs_852,2.960,4.4510
4lzs,4lzs_88,0.850,5.3460
4lzs,4lzs_880,3.690,3.6300
4lzs,4lzs_881,5.500,3.3150
4lzs,4lzs_884,3.510,4.5160
4lzs,4lzs_885,4.330,3.6550
4lzs,4lzs_890,5.450,3.2680
4lzs,4lzs_765,5.030,2.1690
4lzs,4lzs_767,6.080,3.2820
4lzs,4lzs_768,5.860,2.9530
4lzs,4lzs_773,7.340,1.9920
4lzs,4lzs_778,1.970,2.7200
4lzs,4lzs_779,2.060,2.1640
4lzs,4lzs_784,3.370,3.4920
4lzs,4lzs_788,4.340,3.3440
4lzs,4lzs_789,4.420,3.2980
4lzs,4lzs_793,4.630,3.0700
4lzs,4lzs_795,3.800,1.5110
4lzs,4lzs_819,1.860,5.5770
4lzs,4lzs_838,2.040,3.9770
4lzs,4lzs_841,1.970,4.4250
4lzs,4lzs_845,3.810,1.4990
4lzs,4lzs_849,2.330,3.1410
4lzs,4lzs_905,0.990,5.8970
4lzs,4lzs_951,2.640,5.6340
4lzs,4lzs_968,1.350,4.5890
4lzs,4lzs_980,2.580,5.6540
4m0y,4m0y_214,0.610,5.4900
4m0y,4m0y_224,7.020,6.6910
4m0y,4m0y_232,0.470,6.3720
4m0y,4m0y_252,7.200,6.4100
4mgd,4mgd_571,2.040,2.4860
4mgd,4mgd_579,3.830,3.1680
4mgd,4mgd_586,2.190,2.7550
4mgd,4mgd_609,1.280,3.0960
4mgd,4mgd_660,2.160,3.3650
4mgd,4mgd_669,2.040,2.4760
4mgd,4mgd_683,2.300,-0.8410
4mgd,4mgd_690,2.060,1.5580
4mgd,4mgd_425,0.980,5.3820
4mgd,4mgd_427,0.800,6.3330
4mgd,4mgd_428,0.620,5.4080
4mgd,4mgd_455,1.250,5.5490
4mgd,4mgd_467,1.500,4.6760
4mgd,4mgd_469,2.150,-0.5800
4mgd,4mgd_520,1.890,2.7970
4mgd,4mgd_568,1.610,3.2090
4mgd,4mgd_732,0.980,7.1350
4mgd,4mgd_753,4.020,6.0390
4mgd,4mgd_761,3.910,5.8820
4mgd,4mgd_763,4.000,5.6440
4mgd,4mgd_768,3.940,5.9430
4mgd,4mgd_772,2.120,4.6610
4mgd,4mgd_779,3.690,5.5630
4mgd,4mgd_781,1.340,5.5190
4mgd,4mgd_782,4.030,3.1380
4mgd,4mgd_783,3.790,5.0820
4mgd,4mgd_784,4.060,5.5310
4mgd,4mgd_790,3.410,3.7960
4mgd,4mgd_791,4.120,1.3300
4mgd,4mgd_792,2.970,0.8710
4mgd,4mgd_793,3.830,2.7960
4mgd,4mgd_795,2.580,-0.2610
4mgd,4mgd_799,3.380,-6.3350
4mgd,4mgd_800,4.550,-6.0010
4mgd,4mgd_820,1.410,7.5990
4mgd,4mgd_829,0.980,7.6740
4mgd,4mgd_894,3.700,6.7220
4mgd,4mgd_95,1.010,7.7330
4mgd,4mgd_96,0.520,8.1330
4mme,4mme_133,0.650,7.6280
4m0z,4m0z_882,4.790,1.6610
4m0z,4m0z_883,4.170,3.3620
4mgd,4mgd_1000,1.310,7.2500
4mgd,4mgd_132,0.930,7.0530
4mgd,4mgd_223,1.010,7.1940
4mgd,4mgd_24,0.430,7.7320
4mgd,4mgd_272,0.370,7.7430
4mgd,4mgd_283,0.860,7.4730
4m0y,4m0y_524,7.590,0.2660
4m0y,4m0y_525,5.410,-1.2300
4m0y,4m0y_532,6.100,4.5390
4m0y,4m0y_534,6.040,1.2270
4m0y,4m0y_537,6.000,0.7590
4m0y,4m0y_544,2.730,1.5840
4m0y,4m0y_545,7.170,3.1480
4m0y,4m0y_546,5.810,2.1270
4m0y,4m0y_547,6.250,-2.2890
4m0y,4m0y_549,6.640,1.5090
4m0y,4m0y_558,6.610,-1.1630
4m0y,4m0y_561,1.300,0.6120
4m0y,4m0y_567,4.860,-8.9920
4m0y,4m0y_570,5.990,-6.5830
4m0y,4m0y_574,3.250,-1.0990
4m0y,4m0y_586,7.490,2.2240
4m0y,4m0y_476,7.440,-1.4400
4m0y,4m0y_485,6.940,4.0320
4m0y,4m0y_488,6.510,3.8410
4m0y,4m0y_493,7.210,-8.2290
4m0y,4m0y_509,7.460,1.1710
4m0y,4m0y_512,3.550,2.0740
4m0y,4m0y_513,5.010,5.1090
4m0y,4m0y_514,4.000,3.2560
4owm,4owm_148,7.580,2.9390
4owm,4owm_16,2.000,4.4750
4owm,4owm_163,2.060,3.2450
4owm,4owm_215,8.420,2.8580
4owm,4owm_216,1.900,3.5140
4owm,4owm_223,2.000,2.5170
4owm,4owm_228,8.820,2.2870
4owm,4owm_230,0.750,2.9330
4m0y,4m0y_336,4.580,7.7370
4m0y,4m0y_407,5.150,-0.3770
4m0y,4m0y_410,4.260,-2.5670
4m0y,4m0y_416,3.990,5.5280
4m0y,4m0y_426,6.720,2.2180
4m0y,4m0y_448,5.810,-5.0750
4m0y,4m0y_461,4.370,-5.8100
4m0y,4m0y_467,7.440,-5.9270
4m0y,4m0y_646,4.630,2.4960
4m0y,4m0y_655,4.640,5.8440
4m0y,4m0y_659,3.320,0.8760
4m0y,4m0y_662,6.080,-3.7370
4m0y,4m0y_669,2.400,-3.2320
4m0y,4m0y_682,4.580,-2.7730
4m0y,4m0y_684,5.200,-3.8790
4m0y,4m0y_686,1.640,1.1100
4owm,4owm_742,6.180,0.7720
4owm,4owm_760,5.160,2.3480
4owm,4owm_768,5.180,-0.1280
4owm,4owm_774,6.160,-0.4140
4owm,4owm_779,2.680,2.4270
4owm,4owm_780,3.940,1.8910
4owm,4owm_849,0.730,2.8380
4owm,4owm_851,3.350,1.2400
4m0y,4m0y_697,5.330,2.3210
4m0y,4m0y_739,3.150,5.0780
4m0y,4m0y_740,2.410,5.2010
4m0y,4m0y_743,6.140,3.2010
4m0y,4m0y_748,3.890,3.6640
4m0y,4m0y_750,3.670,3.6210
4m0y,4m0y_752,4.740,4.2620
4m0y,4m0y_753,2.950,4.7820
4m0y,4m0y_756,0.930,5.4090
4m0y,4m0y_757,0.380,4.9010
4m0y,4m0y_758,0.330,5.7080
4m0y,4m0y_759,0.360,5.4250
4m0y,4m0y_767,0.970,2.2300
4m0y,4m0y_814,1.810,5.6980
4m0y,4m0y_822,1.950,5.6360
4m0y,4m0y_827,2.080,4.9620
4m0y,4m0y_589,7.360,1.9100
4m0y,4m0y_591,2.620,-0.4930
4m0y,4m0y_592,2.930,0.3550
4m0y,4m0y_598,1.800,3.8630
4m0y,4m0y_601,5.140,4.1140
4m0y,4m0y_610,4.990,4.7940
4m0y,4m0y_619,3.390,1.9550
4m0y,4m0y_631,4.800,3.2130
4m0y,4m0y_839,1.070,2.9020
4m0y,4m0y_846,2.470,4.9150
4m0y,4m0y_856,0.320,5.6620
4m0y,4m0y_863,0.350,5.5510
4m0y,4m0y_873,0.430,5.7840
4m0y,4m0y_883,1.330,4.4370
4m0y,4m0y_907,1.850,5.5170
4m0y,4m0y_920,1.740,4.9250
4owm,4owm_561,6.510,0.0460
4owm,4owm_571,3.840,2.3760
4owm,4owm_572,3.900,3.5100
4owm,4owm_574,4.280,3.1590
4owm,4owm_575,4.650,2.6530
4owm,4owm_576,5.460,2.5580
4owm,4owm_579,6.420,2.2190
4owm,4owm_582,4.710,0.4120
4owm,4owm_501,2.790,3.7520
4owm,4owm_506,3.500,3.8090
4owm,4owm_509,5.550,2.5910
4owm,4owm_517,4.760,2.6520
4owm,4owm_534,1.240,3.9840
4owm,4owm_542,2.810,3.1440
4owm,4owm_554,5.880,2.3600
4owm,4owm_556,6.010,0.1520
4owm,4owm_293,8.810,2.6300
4owm,4owm_299,8.860,1.8910
4owm,4owm_305,1.310,4.1460
4owm,4owm_329,9.460,4.4350
4owm,4owm_346,9.600,4.4330
4owm,4owm_362,0.560,4.5010
4owm,4owm_366,1.410,4.5200
4owm,4owm_378,0.700,4.1670
4owm,4owm_583,4.760,1.4730
4owm,4owm_584,6.230,0.8940
4owm,4owm_595,2.680,-0.6720
4owm,4owm_619,4.670,3.3980
4owm,4owm_626,7.050,-0.6370
4owm,4owm_629,0.830,3.3310
4owm,4owm_637,2.980,3.0890
4owm,4owm_639,4.570,1.7620
4owm,4owm_455,1.370,-0.2120
4owm,4owm_461,3.270,0.4290
4owm,4owm_463,3.650,3.1190
4owm,4owm_465,6.360,2.1890
4owm,4owm_475,4.920,1.1280
4owm,4owm_482,6.000,1.9880
4owm,4owm_484,5.400,1.5950
4owm,4owm_493,6.000,2.2570
4owm,4owm_648,5.340,1.1590
4owm,4owm_661,6.750,1.8350
4owm,4owm_663,6.310,0.3940
4owm,4owm_670,4.830,0.1460
4owm,4owm_671,2.760,-0.3030
4owm,4owm_674,6.270,1.4950
4owm,4owm_689,3.620,2.2470
4owm,4owm_695,2.410,3.5290
4owm,4owm_389,0.630,4.1810
4owm,4owm_392,9.300,4.5380
4owm,4owm_397,9.190,4.3780
4owm,4owm_407,1.810,1.2700
4owm,4owm_427,2.000,2.6410
4owm,4owm_430,1.590,2.0120
4owm,4owm_437,2.810,1.5050
4owm,4owm_440,3.730,2.7520
4m0y,4m0y_922,2.950,3.2580
4m0y,4m0y_923,3.020,3.5590
4m0y,4m0y_951,2.560,1.7710
4m0y,4m0y_952,1.650,3.1690
4m0z,4m0z_402,6.420,-2.3140
4m0z,4m0z_41,0.680,9.2910
4m0z,4m0z_415,1.720,4.9440
4m0z,4m0z_436,0.710,3.8710
4owm,4owm_232,0.610,3.2290
4owm,4owm_243,8.750,3.1730
4owm,4owm_260,8.460,3.5140
4owm,4owm_270,8.880,3.2830
4owm,4owm_272,9.130,1.9310
4owm,4owm_278,8.780,3.1150
4owm,4owm_280,8.510,2.6300
4owm,4owm_287,8.710,3.3380
4mme,4mme_16,0.590,8.4860
4mme,4mme_324,0.600,9.5070
4mme,4mme_403,1.040,5.5950
4mme,4mme_406,0.830,5.5440
4mme,4mme_407,3.120,2.3380
4mme,4mme_409,1.000,6.1900
4mme,4mme_413,1.100,7.3090
4mme,4mme_425,1.560,-0.0520
4mme,4mme_426,2.910,-2.1540
4mme,4mme_434,0.450,6.8630
4mme,4mme_440,2.780,0.6270
4mme,4mme_441,2.110,0.9640
4mme,4mme_442,3.270,3.2720
4mme,4mme_455,1.710,3.9280
4mme,4mme_456,4.370,2.7910
4mme,4mme_466,0.870,3.7660
4m0z,4m0z_473,6.400,1.3020
4m0z,4m0z_477,3.120,-4.1450
4m0z,4m0z_487,6.040,0.1470
4m0z,4m0z_492,6.180,-6.6190
4m0z,4m0z_494,3.350,-8.1390
4m0z,4m0z_501,0.550,7.7720
4m0z,4m0z_505,0.540,7.0430
4m0z,4m0z_508,0.720,5.0870
4mme,4mme_498,1.830,0.5710
4mme,4mme_511,6.380,5.1020
4mme,4mme_520,7.310,5.7740
4mme,4mme_521,6.690,2.7460
4mme,4mme_522,0.920,-2.6530
4mme,4mme_524,6.600,4.0010
4mme,4mme_534,5.880,4.7300
4mme,4mme_539,5.500,2.3340
4mme,4mme_468,1.920,1.2460
4mme,4mme_469,3.860,-1.8470
4mme,4mme_472,3.870,0.7370
4mme,4mme_475,2.760,-1.1030
4mme,4mme_482,3.100,0.7650
4mme,4mme_486,3.830,2.6090
4mme,4mme_489,6.110,4.2800
4mme,4mme_492,3.250,-1.4490
4m0z,4m0z_439,6.470,-1.3620
4m0z,4m0z_443,5.480,-5.0350
4m0z,4m0z_444,5.420,-1.1180
4m0z,4m0z_450,2.010,5.0990
4m0z,4m0z_455,5.050,-2.9080
4m0z,4m0z_456,0.840,1.7190
4m0z,4m0z_457,3.390,0.4550
4m0z,4m0z_462,1.820,5.2660
4mme,4mme_552,1.230,-0.8250
4mme,4mme_555,5.640,4.9450
4mme,4mme_559,4.680,2.7280
4mme,4mme_565,5.530,5.0850
4mme,4mme_566,2.370,-1.6910
4mme,4mme_567,6.680,3.8850
4mme,4mme_568,6.110,6.1560
4mme,4mme_575,4.800,1.9660
4m0z,4m0z_516,0.590,9.2380
4m0z,4m0z_517,3.220,-3.1160
4m0z,4m0z_526,5.170,-0.6370
4m0z,4m0z_529,1.090,3.8020
4m0z,4m0z_532,5.120,-1.8310
4m0z,4m0z_539,0.940,3.1170
4m0z,4m0z_552,5.340,-2.6550
4m0z,4m0z_558,5.460,-5.2750
4m0z,4m0z_560,4.720,-5.8130
4m0z,4m0z_568,4.590,-1.4080
4m0z,4m0z_571,3.730,-3.9010
4m0z,4m0z_574,4.940,-2.8890
4m0z,4m0z_575,2.050,-2.5420
4m0z,4m0z_580,4.800,-1.1680
4m0z,4m0z_581,5.790,-3.1740
4m0z,4m0z_584,4.910,0.6950
4mme,4mme_577,5.510,-1.5320
4mme,4mme_580,1.120,3.9940
4mme,4mme_584,5.010,0.3740
4mme,4mme_593,6.920,0.0840
4mme,4mme_600,4.760,4.4410
4mme,4mme_611,2.700,-0.8350
4mme,4mme_622,1.060,-0.2980
4mme,4mme_635,2.880,1.1720
4m0z,4m0z_600,3.360,-7.8380
4m0z,4m0z_601,6.410,-0.8710
4m0z,4m0z_603,0.790,4.5930
4m0z,4m0z_614,2.740,4.5270
4m0z,4m0z_615,0.980,3.7670
4m0z,4m0z_626,1.300,6.4570
4m0z,4m0z_633,2.480,4.6740
4m0z,4m0z_634,3.040,1.5620
4mme,4mme_644,6.620,2.5900
4mme,4mme_646,2.870,-0.9100
4mme,4mme_651,4.220,-0.2100
4mme,4mme_656,4.040,-0.2080
4mme,4mme_657,5.830,2.1240
4mme,4mme_667,7.230,4.0340
4mme,4mme_670,7.230,0.8120
4mme,4mme_674,6.540,2.8780
4m0z,4m0z_640,3.610,2.0880
4m0z,4m0z_641,2.900,-4.1650
4m0z,4m0z_646,1.110,1.6250
4m0z,4m0z_648,6.520,-0.7100
4m0z,4m0z_650,1.820,0.0610
4m0z,4m0z_662,3.150,-4.9410
4m0z,4m0z_666,2.670,-4.1560
4m0z,4m0z_669,6.230,1.7450
4m0z,4m0z_696,1.320,1.5280
4m0z,4m0z_697,1.860,0.2090
4m0z,4m0z_699,6.470,-2.3020
4m0z,4m0z_700,1.680,2.4810
4m0z,4m0z_779,3.110,2.5770
4m0z,4m0z_869,2.560,5.3470
4m0z,4m0z_878,5.770,2.1680
4m0z,4m0z_880,4.900,-1.5830
4owm,4owm_860,4.120,1.7480
4owm,4owm_872,3.440,2.6870
4owm,4owm_874,5.130,1.5380
4pcs,4pcs_141,1.150,6.2470
4pcs,4pcs_152,0.910,6.9340
4pcs,4pcs_164,0.540,6.6260
4pcs,4pcs_165,0.900,6.2880
4pcs,4pcs_173,0.770,6.4620
4m0z,4m0z_678,2.020,-0.3500
4m0z,4m0z_680,2.390,1.9210
4m0z,4m0z_683,4.550,2.6910
4m0z,4m0z_684,4.580,3.1100
4m0z,4m0z_685,2.520,2.7060
4m0z,4m0z_686,1.310,1.6420
4m0z,4m0z_690,5.660,-3.4030
4m0z,4m0z_695,6.150,-0.9020
4mme,4mme_676,3.000,-1.7380
4mme,4mme_685,5.500,-0.0030
4mme,4mme_687,7.050,3.1910
4mme,4mme_695,4.300,1.6030
4mme,4mme_71,0.550,9.1490
4mme,4mme_723,1.250,6.5580
4mme,4mme_754,3.940,2.7870
4mme,4mme_757,4.180,-1.1540
4mme,4mme_766,2.990,-1.1980
4mme,4mme_768,3.240,0.7350
4mme,4mme_769,4.600,-0.1140
4mme,4mme_834,5.730,1.4620
4mme,4mme_835,4.910,3.0130
4mme,4mme_839,6.890,3.3560
4mme,4mme_845,3.390,1.5620
4mme,4mme_86,0.570,8.5010
4pcs,4pcs_190,1.580,4.8310
4pcs,4pcs_196,0.410,6.9060
4pcs,4pcs_202,1.070,5.0550
4pcs,4pcs_241,2.950,0.4460
4pcs,4pcs_257,1.350,3.4220
4pcs,4pcs_274,3.030,1.5200
4pcs,4pcs_309,0.460,7.1430
4pcs,4pcs_401,2.870,0.8650
4pcs,4pcs_409,2.990,-4.5470
4pcs,4pcs_413,3.290,-1.1120
4pcs,4pcs_416,2.980,-0.0110
4pcs,4pcs_437,4.360,-19.8880
4pcs,4pcs_443,6.650,-4.7030
4pcs,4pcs_444,6.610,0.1330
4pcs,4pcs_448,2.470,2.6490
4pcs,4pcs_452,6.400,-3.9240
4pcs,4pcs_527,5.860,1.8170
4pcs,4pcs_533,4.370,1.9060
4pcs,4pcs_537,5.320,1.4910
4pcs,4pcs_538,3.880,1.1320
4pcs,4pcs_545,5.120,-0.0940
4pcs,4pcs_548,3.720,-2.7880
4pcs,4pcs_549,4.420,-4.6870
4pcs,4pcs_552,5.130,2.5730
4pcs,4pcs_788,1.810,2.0690
4pcs,4pcs_789,2.600,0.7860
4pcs,4pcs_790,4.140,1.9660
4pcs,4pcs_795,6.590,1.6040
4pcs,4pcs_800,4.620,1.5450
4pcs,4pcs_812,0.560,6.9240
4pcs,4pcs_826,1.070,6.5780
4pcs,4pcs_828,0.730,6.5550
4pcs,4pcs_554,3.260,-10.3060
4pcs,4pcs_564,5.690,3.2950
4pcs,4pcs_572,5.410,2.5650
4pcs,4pcs_580,6.480,0.5740
4pcs,4pcs_581,4.240,-0.8450
4pcs,4pcs_588,5.090,-3.5750
4pcs,4pcs_592,5.800,-0.4960
4pcs,4pcs_598,5.450,3.1110
4pcs,4pcs_600,4.770,-8.0730
4pcs,4pcs_63,0.820,5.7050
4pcs,4pcs_654,3.170,-2.9170
4pcs,4pcs_663,6.310,-0.9750
4pcs,4pcs_684,2.480,-10.0250
4pcs,4pcs_697,2.150,-0.4290
4pcs,4pcs_719,0.780,6.4990
4pcs,4pcs_734,1.440,6.0300
4pcs,4pcs_476,6.610,-5.2180
4pcs,4pcs_477,6.460,-13.1170
4pcs,4pcs_486,6.490,-1.3660
4pcs,4pcs_491,4.010,-13.5570
4pcs,4pcs_494,6.450,0.9030
4pcs,4pcs_512,3.070,1.9690
4pcs,4pcs_518,4.160,1.0140
4pcs,4pcs_521,5.070,3.8580
4pcs,4pcs_749,1.020,5.2470
4pcs,4pcs_765,2.370,-2.1550
4pcs,4pcs_773,3.610,3.8250
4pcs,4pcs_776,1.780,1.5950
4pcs,4pcs_777,3.120,-1.0630
4pcs,4pcs_78,1.400,5.9010
4pcs,4pcs_780,2.940,0.3690
4pcs,4pcs_785,3.630,3.1060
4pcs,4pcs_883,4.460,2.3310
4qac,4qac_109,0.500,11.1750
4qac,4qac_114,0.560,10.1510
4qac,4qac_115,0.900,11.3720
4qac,4qac_116,0.920,9.2620
4qac,4qac_136,1.140,8.1240
4qac,4qac_144,0.640,10.4160
4qac,4qac_194,1.080,10.3780
4ogj,4ogj_957,1.720,5.8280
4ogj,4ogj_969,2.650,6.4840
4ogj,4ogj_990,1.330,5.9660
4ogj,4ogj_993,1.160,6.4950
4ogj,4ogj_999,1.360,6.3560
4owm,4owm_109,7.560,3.1640
4owm,4owm_114,7.670,2.6820
4owm,4owm_135,2.350,4.7010
4qac,4qac_550,1.810,-2.9450
4qac,4qac_553,4.880,-2.5710
4qac,4qac_557,2.530,-4.8760
4qac,4qac_563,1.530,-2.9890
4qac,4qac_565,9.260,1.3220
4qac,4qac_567,2.570,-5.4210
4qac,4qac_569,6.670,1.8230
4qac,4qac_581,2.490,-4.7480
4qac,4qac_441,3.190,-7.4960
4qac,4qac_444,3.080,-18.3780
4qac,4qac_447,3.730,-9.4310
4qac,4qac_450,3.070,-12.3800
4qac,4qac_456,1.260,-7.5320
4qac,4qac_466,3.190,-8.1460
4qac,4qac_471,3.340,-10.8650
4qac,4qac_476,2.480,-14.9520
4qac,4qac_232,0.780,9.5560
4qac,4qac_353,0.940,9.0310
4qac,4qac_372,0.700,10.6820
4qac,4qac_406,3.070,-7.8860
4qac,4qac_410,3.320,-11.0260
4qac,4qac_411,6.690,0.1390
4qac,4qac_419,2.980,-13.4250
4qac,4qac_424,3.060,-11.4140
4qac,4qac_502,4.790,4.3850
4qac,4qac_507,5.620,5.2020
4qac,4qac_509,5.070,1.9530
4qac,4qac_512,7.640,3.3090
4qac,4qac_513,4.610,-3.2190
4qac,4qac_518,2.410,1.3830
4qac,4qac_538,7.790,4.1270
4qac,4qac_539,4.630,-2.4590
4qac,4qac_481,7.070,3.1580
4qac,4qac_484,2.470,-12.0950
4qac,4qac_486,1.280,-6.8170
4qac,4qac_489,2.610,-1.2990
4qac,4qac_497,6.910,-7.9840
4qac,4qac_499,2.000,-3.5430
4qac,4qac_50,0.640,10.8390
4qac,4qac_501,5.890,7.6090
4qac,4qac_755,8.340,5.5280
4qac,4qac_764,9.380,4.7560
4qac,4qac_769,6.920,0.6150
4qac,4qac_770,9.140,5.1070
4qac,4qac_772,9.120,-0.1920
4qac,4qac_773,8.950,2.0140
4qac,4qac_777,4.830,-1.2770
4qac,4qac_780,5.540,-2.2180
4qac,4qac_689,6.860,0.2580
4qac,4qac_692,1.710,-4.9400
4qac,4qac_702,1.450,9.9390
4qac,4qac_711,7.210,2.4310
4qac,4qac_718,4.900,3.6510
4qac,4qac_722,7.100,7.2650
4qac,4qac_739,4.580,1.4700
4qac,4qac_745,8.950,4.1450
4qac,4qac_781,7.280,-0.7120
4qac,4qac_782,7.810,-3.3540
4qac,4qac_786,7.680,-5.9690
4qac,4qac_787,9.030,-4.9810
4qac,4qac_789,9.830,0.7650
4qac,4qac_791,4.720,-5.9680
4qac,4qac_793,6.010,-13.0570
4qac,4qac_795,3.070,-16.9030
4qac,4qac_800,5.050,5.7150
4qac,4qac_813,9.540,6.9510
4qac,4qac_824,9.570,7.5670
4qac,4qac_828,6.910,1.9920
4qac,4qac_849,5.750,5.0110
4qac,4qac_871,9.530,4.9080
4qac,4qac_875,7.260,6.1950
4qac,4qac_883,5.060,2.1010
4qac,4qac_588,5.180,2.8490
4qac,4qac_593,2.280,-5.5700
4qac,4qac_600,6.830,-8.0620
4qac,4qac_634,1.580,-2.0290
4qac,4qac_635,5.380,-1.8110
4qac,4qac_659,4.990,-1.6270
4qac,4qac_673,2.140,-2.6650
4qac,4qac_683,7.200,1.0430
4mme,4mme_943,5.130,1.1760
4ogj,4ogj_128,8.080,5.3870
4ogj,4ogj_138,6.850,6.0070
4ogj,4ogj_177,6.000,5.6540
4ogj,4ogj_202,6.120,6.6400
4ogj,4ogj_209,9.020,-1.2800
4ogj,4ogj_221,6.740,3.7720
4ogj,4ogj_222,7.220,3.1630
4qac,4qac_888,9.090,5.1230
4qac,4qac_893,4.540,2.0720
4qac,4qac_945,0.870,10.2420
4qac,4qac_962,6.390,7.6430
4qac,4qac_969,6.370,6.4390
4qac,4qac_975,5.830,7.6430
4qd6,4qd6_103,8.620,5.2510
4qd6,4qd6_160,4.560,7.3010
4ogj,4ogj_45,9.070,5.3440
4ogj,4ogj_478,5.890,-5.7980
4ogj,4ogj_503,4.840,-2.1080
4ogj,4ogj_523,4.930,1.5750
4ogj,4ogj_527,8.410,-6.9820
4ogj,4ogj_565,4.550,-4.7030
4ogj,4ogj_569,5.650,0.0380
4ogj,4ogj_570,3.600,-2.3340
4ogj,4ogj_286,7.930,1.7580
4ogj,4ogj_291,9.990,4.4180
4ogj,4ogj_297,4.940,1.3430
4ogj,4ogj_300,6.730,-5.0360
4ogj,4ogj_40,9.070,5.7020
4ogj,4ogj_439,6.640,-19.1420
4ogj,4ogj_44,9.120,5.1910
4ogj,4ogj_447,9.050,-30.8110
4ogj,4ogj_223,9.320,-1.8570
4ogj,4ogj_228,7.050,0.2930
4ogj,4ogj_229,9.230,-1.0150
4ogj,4ogj_230,8.080,3.0250
4ogj,4ogj_233,8.050,1.2110
4ogj,4ogj_243,6.560,1.7730
4ogj,4ogj_245,5.480,0.1850
4ogj,4ogj_247,8.850,-0.4520
4ogj,4ogj_575,5.050,1.0660
4ogj,4ogj_619,6.380,-5.9970
4ogj,4ogj_627,7.040,-15.1460
4ogj,4ogj_637,7.420,-2.8340
4ogj,4ogj_638,5.020,-4.3670
4ogj,4ogj_65,8.610,7.1900
4ogj,4ogj_658,7.050,-17.3910
4ogj,4ogj_661,5.400,-15.1540
4ogj,4ogj_250,8.030,1.2810
4ogj,4ogj_259,7.590,0.2540
4ogj,4ogj_260,9.380,4.3110
4ogj,4ogj_263,9.230,4.8190
4ogj,4ogj_267,7.120,5.6310
4ogj,4ogj_271,6.600,2.3770
4ogj,4ogj_279,4.760,2.3980
4ogj,4ogj_282,7.170,-3.0810
4ogj,4ogj_753,2.710,6.0060
4ogj,4ogj_757,0.800,6.1340
4ogj,4ogj_758,3.620,6.4140
4ogj,4ogj_762,1.760,6.0860
4ogj,4ogj_764,1.920,5.3730
4ogj,4ogj_771,4.050,2.2520
4ogj,4ogj_778,2.690,5.9810
4ogj,4ogj_782,1.650,5.5190
4ogj,4ogj_664,6.600,-6.2020
4ogj,4ogj_670,5.820,-8.5230
4ogj,4ogj_677,4.920,-3.6510
4ogj,4ogj_698,3.760,-13.9830
4ogj,4ogj_7,7.970,5.4660
4ogj,4ogj_70,8.560,5.6910
4ogj,4ogj_700,4.930,-7.6490
4ogj,4ogj_701,4.070,6.8550
4ogj,4ogj_881,2.080,6.1300
4ogj,4ogj_882,3.200,6.1650
4ogj,4ogj_89,5.620,6.2270
4ogj,4ogj_897,2.780,6.2240
4ogj,4ogj_914,3.950,6.7890
4ogj,4ogj_935,3.980,5.5380
4ogj,4ogj_936,2.020,6.1260
4ogj,4ogj_937,1.610,6.4720
4ogj,4ogj_784,1.310,5.9000
4ogj,4ogj_785,8.440,2.5360
4ogj,4ogj_789,2.100,5.7690
4ogj,4ogj_792,1.660,5.7030
4ogj,4ogj_795,3.640,4.4980
4ogj,4ogj_808,5.940,6.4730
4ogj,4ogj_824,2.360,6.4110
4ogj,4ogj_852,4.820,5.9800
4ogj,4ogj_72,8.240,5.5290
4ogj,4ogj_722,3.780,6.6510
4ogj,4ogj_723,2.230,6.1610
4ogj,4ogj_742,3.150,5.5490
4ogj,4ogj_743,4.000,6.4330
4ogj,4ogj_744,2.770,6.2070
4ogj,4ogj_746,6.890,5.7130
4ogj,4ogj_750,0.860,6.1300
4qd6,4qd6_290,8.880,1.1000
4qd6,4qd6_294,9.310,-2.7160
4qd6,4qd6_298,8.680,5.4030
4qd6,4qd6_302,9.060,6.6400
4qd6,4qd6_312,9.260,5.1300
4qd6,4qd6_339,4.590,8.2030
4qd6,4qd6_346,7.260,6.2370
4qd6,4qd6_347,2.480,6.9760
4qd6,4qd6_448,8.010,-5.9450
4qd6,4qd6_449,8.210,-33.5770
4qd6,4qd6_460,6.930,-27.3380
4qd6,4qd6_465,5.750,-16.7470
4qd6,4qd6_471,7.200,-23.9760
4qd6,4qd6_473,8.290,-16.9440
4qd6,4qd6_475,8.010,-9.7960
4qd6,4qd6_490,7.170,-3.9180
4qd6,4qd6_167,3.810,4.0440
4qd6,4qd6_187,10.000,5.7440
4qd6,4qd6_207,1.250,4.9110
4qd6,4qd6_219,4.880,3.0080
4qd6,4qd6_230,9.110,0.5240
4qd6,4qd6_265,4.880,2.5170
4qd6,4qd6_268,6.930,2.4270
4qd6,4qd6_276,9.340,2.6190
4qd6,4qd6_501,4.370,-9.6950
4qd6,4qd6_507,3.930,2.2260
4qd6,4qd6_511,6.680,-9.8930
4qd6,4qd6_516,6.310,-13.8130
4qd6,4qd6_518,5.970,-8.0400
4qd6,4qd6_519,3.460,-2.4590
4qd6,4qd6_520,5.800,-1.5600
4qd6,4qd6_528,5.810,-8.5050
4qd6,4qd6_387,7.900,5.7430
4qd6,4qd6_390,2.180,7.3290
4qd6,4qd6_397,5.910,7.1080
4qd6,4qd6_408,8.120,-26.2350
4qd6,4qd6_414,7.890,-30.6580
4qd6,4qd6_428,9.230,-17.8750
4qd6,4qd6_429,5.980,-7.0180
4qd6,4qd6_44,2.620,6.3060
4qd6,4qd6_529,6.350,3.4760
4qd6,4qd6_540,7.660,2.9990
4qd6,4qd6_547,6.170,-12.8560
4qd6,4qd6_568,4.090,-2.9770
4qd6,4qd6_573,6.230,-4.3030
4qd6,4qd6_574,5.210,-6.0070
4qd6,4qd6_578,9.100,-5.9990
4qd6,4qd6_58,4.480,7.9160
4qd6,4qd6_588,6.590,4.2590
4qd6,4qd6_593,7.100,-9.7940
4qd6,4qd6_6,3.930,6.3180
4qd6,4qd6_612,5.820,2.1060
4qd6,4qd6_614,6.480,-5.7380
4qd6,4qd6_62,7.490,6.4660
4qd6,4qd6_621,4.680,-2.8780
4qd6,4qd6_623,9.070,-9.4870
4u4s,4u4s_127,3.020,5.0630
4u4s,4u4s_128,8.250,5.3540
4u4s,4u4s_138,2.840,4.3200
4u4s,4u4s_14,7.860,5.2280
4u4s,4u4s_143,2.950,3.6790
4u4s,4u4s_152,7.540,4.0870
4u4s,4u4s_153,2.820,5.0180
4u4s,4u4s_173,2.860,5.5510
4u4s,4u4s_490,1.110,0.5620
4u4s,4u4s_492,4.070,-2.5940
4u4s,4u4s_497,3.750,-0.1510
4u4s,4u4s_500,5.370,-0.9800
4u4s,4u4s_509,5.550,1.9870
4u4s,4u4s_523,6.490,2.8100
4u4s,4u4s_526,5.490,1.2400
4u4s,4u4s_537,8.360,0.3280
4u4s,4u4s_230,0.650,3.7700
4u4s,4u4s_232,0.520,2.8940
4u4s,4u4s_251,4.280,3.3960
4u4s,4u4s_26,8.300,5.7390
4u4s,4u4s_261,0.580,3.0540
4u4s,4u4s_271,1.200,4.7920
4u4s,4u4s_272,3.130,4.5830
4u4s,4u4s_293,1.160,3.3220
4u4s,4u4s_540,5.940,0.1580
4u4s,4u4s_547,4.890,-3.4660
4u4s,4u4s_550,7.150,-1.8650
4u4s,4u4s_551,7.000,0.9990
4u4s,4u4s_555,1.490,0.9850
4u4s,4u4s_557,7.770,-1.6730
4u4s,4u4s_586,6.110,-5.1270
4u4s,4u4s_589,6.530,0.4380
4u4s,4u4s_36,0.610,4.9570
4u4s,4u4s_412,0.800,4.1840
4u4s,4u4s_427,4.050,3.6900
4u4s,4u4s_428,1.010,5.0160
4u4s,4u4s_429,1.020,3.2030
4u4s,4u4s_430,0.900,3.3570
4u4s,4u4s_435,3.150,-2.8160
4u4s,4u4s_440,0.750,1.0430
4qd6,4qd6_737,3.120,5.8070
4qd6,4qd6_790,0.960,5.8570
4qd6,4qd6_82,4.980,6.0270
4qd6,4qd6_825,2.550,5.1450
4qd6,4qd6_835,2.710,4.6580
4qd6,4qd6_84,3.990,7.0120
4qd6,4qd6_847,2.180,5.1400
4qd6,4qd6_85,3.840,7.4380
4u4s,4u4s_449,2.030,1.9190
4u4s,4u4s_456,3.200,-2.5970
4u4s,4u4s_460,1.060,-0.4310
4u4s,4u4s_462,1.500,3.4680
4u4s,4u4s_464,3.820,2.2400
4u4s,4u4s_468,3.320,3.6500
4u4s,4u4s_484,2.910,2.0230
4u4s,4u4s_485,7.360,0.5370
4qd6,4qd6_639,7.780,0.3010
4qd6,4qd6_642,6.310,-4.9340
4qd6,4qd6_653,3.120,-2.5800
4qd6,4qd6_671,5.870,-3.5940
4qd6,4qd6_673,9.230,-24.7080
4qd6,4qd6_674,3.250,3.8740
4qd6,4qd6_675,7.040,-3.5040
4qd6,4qd6_678,8.310,-4.9040
4qd6,4qd6_681,4.620,-0.8650
4qd6,4qd6_683,5.030,-1.0590
4qd6,4qd6_687,8.650,-22.8190
4qd6,4qd6_700,3.340,-1.6290
4qd6,4qd6_707,2.120,5.4860
4qd6,4qd6_708,2.180,5.5990
4qd6,4qd6_709,2.790,5.7470
4qd6,4qd6_714,2.000,5.6890
4rfm,4rfm_223,6.740,3.8770
4rfm,4rfm_233,3.670,8.8420
4rfm,4rfm_259,6.660,2.1720
4rfm,4rfm_26,2.950,4.8880
4rfm,4rfm_262,9.750,-1.4080
4rfm,4rfm_3,2.180,6.3880
4rfm,4rfm_31,3.780,5.3880
4rfm,4rfm_313,9.200,6.9770
4qd6,4qd6_971,1.060,6.1860
4qd6,4qd6_975,0.790,6.1000
4qd6,4qd6_978,0.700,6.0410
4rfm,4rfm_113,1.010,10.7980
4rfm,4rfm_140,6.490,4.6900
4rfm,4rfm_185,1.460,8.9580
4rfm,4rfm_191,1.290,9.1910
4rfm,4rfm_21,1.070,9.1040
4qd6,4qd6_925,1.290,4.5400
4qd6,4qd6_934,1.070,4.3890
4qd6,4qd6_939,1.270,5.8820
4qd6,4qd6_942,1.460,6.8090
4qd6,4qd6_948,1.990,4.1520
4qd6,4qd6_954,1.590,5.4080
4qd6,4qd6_958,2.890,5.3270
4qd6,4qd6_960,1.320,5.9900
4twp,4twp_241,1.220,5.6470
4twp,4twp_277,0.990,5.4720
4twp,4twp_284,0.910,7.0200
4twp,4twp_3,7.610,7.0070
4twp,4twp_323,5.860,7.2260
4twp,4twp_327,6.620,8.0260
4twp,4twp_341,6.100,7.4000
4twp,4twp_352,0.950,8.7100
4twp,4twp_106,1.260,7.1940
4twp,4twp_109,0.720,8.7640
4twp,4twp_129,2.670,6.3810
4twp,4twp_164,6.900,6.5880
4twp,4twp_171,0.870,9.2350
4twp,4twp_175,7.040,7.5820
4twp,4twp_203,1.360,5.7210
4twp,4twp_222,1.060,5.8170
4twp,4twp_358,0.800,8.4950
4twp,4twp_36,4.310,7.6750
4twp,4twp_378,1.060,9.0450
4twp,4twp_379,0.760,9.1750
4twp,4twp_394,2.580,8.1000
4twp,4twp_397,0.970,8.3480
4twp,4twp_418,1.710,-1.3750
4twp,4twp_442,5.800,-12.3730
4twp,4twp_443,3.890,-17.2250
4twp,4twp_454,1.920,1.8520
4twp,4twp_455,3.340,-8.9890
4twp,4twp_460,3.290,-5.4260
4twp,4twp_467,4.740,-7.1380
4twp,4twp_468,5.500,-13.9270
4twp,4twp_470,5.150,-29.2880
4twp,4twp_476,4.880,-6.5240
4twp,4twp_480,2.980,-4.9310
4twp,4twp_485,4.060,-6.8890
4twp,4twp_486,4.350,-10.2720
4twp,4twp_487,3.160,-8.1520
4twp,4twp_493,2.520,-16.2090
4twp,4twp_513,1.860,-4.1310
4twp,4twp_517,1.760,-0.9230
4twp,4twp_518,7.930,0.8500
4twp,4twp_519,8.810,4.2620
4twp,4twp_526,6.530,-4.4770
4twp,4twp_53,0.700,8.5240
4twp,4twp_531,2.140,-5.4620
4twp,4twp_535,8.440,4.9640
4twp,4twp_538,8.410,2.5380
4twp,4twp_542,6.230,-0.4760
4twp,4twp_550,8.680,2.0030
4twp,4twp_648,5.870,-0.9320
4twp,4twp_653,6.640,0.5740
4twp,4twp_654,7.630,0.3410
4twp,4twp_656,5.800,0.4610
4twp,4twp_663,4.820,-9.5640
4twp,4twp_664,7.140,3.8520
4twp,4twp_669,5.510,-6.1580
4twp,4twp_673,4.510,0.5260
4twp,4twp_583,4.260,-7.0790
4twp,4twp_585,4.930,-6.5120
4twp,4twp_587,9.540,1.0990
4twp,4twp_590,7.280,-4.0960
4twp,4twp_591,7.140,-5.8180
4twp,4twp_593,8.830,2.2740
4twp,4twp_596,7.570,-4.4370
4twp,4twp_597,8.040,-7.5920
4twp,4twp_555,8.250,3.3850
4twp,4twp_557,2.860,0.4650
4twp,4twp_559,8.860,-0.5090
4twp,4twp_564,6.360,-3.0090
4twp,4twp_570,3.310,-10.3230
4twp,4twp_571,6.120,-9.2920
4twp,4twp_577,6.870,-4.2590
4twp,4twp_582,3.310,-0.5370
4twp,4twp_598,8.260,0.5900
4twp,4twp_608,2.220,-0.6990
4twp,4twp_614,3.230,0.1920
4twp,4twp_634,1.720,-2.6420
4twp,4twp_637,3.050,-8.2680
4twp,4twp_641,5.680,-5.4080
4twp,4twp_642,4.210,-9.6710
4twp,4twp_646,5.740,-11.0180
4twp,4twp_678,7.840,-7.8180
4twp,4twp_683,3.010,-10.2420
4twp,4twp_684,2.460,-8.7330
4twp,4twp_687,2.910,-3.8400
4twp,4twp_692,6.110,-6.0180
4twp,4twp_694,5.490,-3.6820
4twp,4twp_697,8.570,-6.8060
4twp,4twp_699,9.080,-7.1500
4u4s,4u4s_595,4.030,1.1280
4u4s,4u4s_597,7.060,0.3730
4u4s,4u4s_598,5.190,-3.4670
4u4s,4u4s_609,6.710,-5.3030
4u4s,4u4s_613,7.290,-0.0460
4u4s,4u4s_624,5.600,-8.4370
4u4s,4u4s_637,5.550,0.1330
4u4s,4u4s_638,6.580,-5.1340
4rfm,4rfm_319,9.420,5.5300
4rfm,4rfm_321,7.930,3.9880
4rfm,4rfm_327,0.800,11.2250
4rfm,4rfm_344,9.500,5.7660
4rfm,4rfm_350,9.290,5.7580
4rfm,4rfm_353,3.510,8.8730
4rfm,4rfm_354,0.710,10.9590
4rfm,4rfm_37,2.880,9.2120
4tmn,4tmn_501,6.530,-16.0390
4tmn,4tmn_505,3.690,-22.1490
4tmn,4tmn_509,6.530,-7.3460
4tmn,4tmn_523,9.050,2.2390
4tmn,4tmn_526,3.070,-18.3220
4tmn,4tmn_53,8.490,5.8800
4tmn,4tmn_534,6.720,-4.3660
4tmn,4tmn_551,9.320,1.2470
4u4s,4u4s_640,4.220,2.2450
4u4s,4u4s_641,6.730,-4.7550
4u4s,4u4s_642,4.450,-0.3350
4u4s,4u4s_644,5.520,-0.8990
4u4s,4u4s_646,5.110,-0.9170
4u4s,4u4s_647,3.940,-1.6290
4u4s,4u4s_654,2.200,2.0880
4u4s,4u4s_658,5.800,1.1590
4u4s,4u4s_659,4.200,-1.9270
4u4s,4u4s_665,3.340,-0.1550
4u4s,4u4s_668,1.910,-3.1010
4u4s,4u4s_670,2.180,0.3890
4u4s,4u4s_671,4.990,-0.6480
4u4s,4u4s_675,6.040,-2.6950
4u4s,4u4s_682,6.980,-4.3570
4u4s,4u4s_689,6.140,-2.2310
4u4s,4u4s_765,9.260,3.0980
4u4s,4u4s_766,9.100,3.5560
4u4s,4u4s_767,9.040,3.7690
4u4s,4u4s_768,8.090,4.4830
4u4s,4u4s_772,8.950,1.4340
4u4s,4u4s_776,7.190,-3.9980
4u4s,4u4s_787,0.720,3.4220
4u4s,4u4s_835,8.380,2.9730
4u4s,4u4s_69,2.970,5.8860
4u4s,4u4s_71,0.370,5.7060
4u4s,4u4s_719,9.030,2.5420
4u4s,4u4s_720,9.340,3.3450
4u4s,4u4s_726,9.330,2.6260
4u4s,4u4s_727,9.330,3.0840
4u4s,4u4s_730,8.240,3.0250
4u4s,4u4s_764,2.340,2.7410
4u4s,4u4s_842,9.180,2.8340
4u4s,4u4s_855,8.460,4.9800
4u4s,4u4s_863,8.800,2.9430
4u4s,4u4s_927,0.730,3.2040
4u4s,4u4s_958,9.100,4.1250
4u4s,4u4s_962,1.020,3.0790
4u4s,4u4s_965,7.880,3.0930
4u4s,4u4s_969,8.830,4.0110
4rfm,4rfm_542,5.310,-3.0550
4rfm,4rfm_545,6.430,2.1400
4rfm,4rfm_553,8.640,-2.0370
4rfm,4rfm_557,6.130,-7.1560
4rfm,4rfm_559,7.850,-16.3320
4rfm,4rfm_560,5.930,-2.9960
4rfm,4rfm_562,8.720,-7.9970
4rfm,4rfm_567,5.980,-1.2990
4rfm,4rfm_569,8.560,-3.1890
4rfm,4rfm_577,4.860,0.7060
4rfm,4rfm_580,5.150,-3.9020
4rfm,4rfm_588,8.440,-9.1900
4rfm,4rfm_589,9.600,2.3960
4rfm,4rfm_592,2.570,-22.8670
4rfm,4rfm_593,8.070,-2.4940
4rfm,4rfm_598,9.930,3.5890
4rfm,4rfm_506,9.330,-0.6260
4rfm,4rfm_508,2.220,-6.8060
4rfm,4rfm_514,8.210,-1.0080
4rfm,4rfm_524,4.310,-16.6090
4rfm,4rfm_529,5.850,3.0230
4rfm,4rfm_533,2.520,-10.9060
4rfm,4rfm_534,6.060,-0.1320
4rfm,4rfm_536,5.730,5.1780
4rfm,4rfm_39,6.750,5.2740
4rfm,4rfm_402,8.160,-30.6230
4rfm,4rfm_404,7.730,-39.7660
4rfm,4rfm_412,7.010,-14.0110
4rfm,4rfm_413,7.650,-3.8190
4rfm,4rfm_43,3.550,7.9240
4rfm,4rfm_430,4.680,-20.3630
4rfm,4rfm_440,8.200,-38.8320
4rfm,4rfm_612,2.730,2.7990
4rfm,4rfm_627,3.700,-8.3980
4rfm,4rfm_629,5.820,-11.1340
4rfm,4rfm_635,2.100,-7.7050
4rfm,4rfm_637,5.870,1.9120
4rfm,4rfm_639,8.460,-1.1450
4rfm,4rfm_640,7.000,-7.7130
4rfm,4rfm_641,4.730,-3.1540
4rfm,4rfm_642,4.190,-7.5910
4rfm,4rfm_646,4.940,-0.6550
4rfm,4rfm_650,3.810,-15.2720
4rfm,4rfm_652,3.450,0.4820
4rfm,4rfm_66,2.980,8.3130
4rfm,4rfm_665,5.090,2.2470
4rfm,4rfm_667,5.330,1.3950
4rfm,4rfm_669,4.980,2.1670
4rfm,4rfm_453,6.530,-28.0790
4rfm,4rfm_458,3.820,-37.5420
4rfm,4rfm_473,7.170,-27.0630
4rfm,4rfm_480,4.960,-18.6220
4rfm,4rfm_487,7.770,-12.7940
4rfm,4rfm_488,6.570,-32.7990
4rfm,4rfm_497,3.970,-22.4830
4rfm,4rfm_498,7.240,-23.0660
4rfm,4rfm_670,3.900,-8.3760
4rfm,4rfm_675,4.410,-2.1500
4rfm,4rfm_682,4.940,0.6440
4rfm,4rfm_689,7.910,-8.7570
4rfm,4rfm_694,7.530,1.1820
4rfm,4rfm_729,1.430,7.4380
4rfm,4rfm_732,2.700,7.3660
4rfm,4rfm_744,9.670,-3.3020
4tmn,4tmn_673,3.670,-18.4100
4tmn,4tmn_692,4.190,-8.6610
4tmn,4tmn_710,1.150,3.8430
4tmn,4tmn_715,1.550,5.3360
4tmn,4tmn_718,2.200,3.2680
4tmn,4tmn_721,1.760,4.8410
4tmn,4tmn_722,1.940,3.7420
4tmn,4tmn_731,1.540,5.6530
4rfm,4rfm_747,9.740,-4.4510
4rfm,4rfm_748,8.530,-16.1960
4rfm,4rfm_798,0.880,9.6190
4rfm,4rfm_85,0.430,10.1040
4rfm,4rfm_863,1.950,8.8680
4rfm,4rfm_869,1.910,9.3890
4rfm,4rfm_9,0.370,11.3490
4rfm,4rfm_936,1.980,7.6210
4tmn,4tmn_951,3.010,2.0810
4tmn,4tmn_952,3.900,4.9060
4tmn,4tmn_962,3.540,5.1760
4tmn,4tmn_963,3.570,3.1600
4tmn,4tmn_989,7.380,4.1040
4tmn,4tmn_991,4.470,3.5570
4twp,4twp_101,7.140,6.1560
4twp,4twp_102,2.980,6.9890
4tmn,4tmn_397,6.840,4.8850
4tmn,4tmn_407,4.900,-17.8560
4tmn,4tmn_418,4.460,-9.5890
4tmn,4tmn_422,2.410,-13.0930
4tmn,4tmn_423,2.140,-9.6640
4tmn,4tmn_442,5.650,-8.0430
4tmn,4tmn_448,3.180,-19.1800
4tmn,4tmn_50,9.790,6.2280
4tmn,4tmn_554,7.670,-25.1250
4tmn,4tmn_555,3.590,-17.7810
4tmn,4tmn_58,4.990,5.9890
4tmn,4tmn_60,8.050,5.9020
4tmn,4tmn_604,5.820,-11.4910
4tmn,4tmn_613,6.660,0.9820
4tmn,4tmn_653,7.930,1.2350
4tmn,4tmn_671,5.100,-0.0940
4rfm,4rfm_940,1.890,8.7460
4rfm,4rfm_941,1.680,8.5210
4tmn,4tmn_129,8.290,5.4260
4tmn,4tmn_137,9.260,4.7400
4tmn,4tmn_141,7.640,4.7650
4tmn,4tmn_146,8.010,5.4830
4tmn,4tmn_148,7.880,6.2370
4tmn,4tmn_150,9.720,5.7950
4tmn,4tmn_16,7.990,4.0620
4tmn,4tmn_164,7.380,4.8460
4tmn,4tmn_192,9.250,5.6840
4tmn,4tmn_196,8.940,5.3740
4tmn,4tmn_208,0.680,4.9870
4tmn,4tmn_209,1.030,4.4410
4tmn,4tmn_214,8.020,2.6380
4tmn,4tmn_215,0.730,5.4590
4tmn,4tmn_315,9.040,4.7590
4tmn,4tmn_324,0.740,7.3640
4tmn,4tmn_326,8.800,7.6430
4tmn,4tmn_333,7.770,5.2610
4tmn,4tmn_359,6.980,5.0860
4tmn,4tmn_365,8.030,5.8370
4tmn,4tmn_391,9.560,5.8370
4tmn,4tmn_392,5.720,6.1680
4tmn,4tmn_734,7.830,3.4630
4tmn,4tmn_738,9.140,3.6070
4tmn,4tmn_743,8.940,3.3750
4tmn,4tmn_746,2.140,3.9610
4tmn,4tmn_754,4.430,2.8260
4tmn,4tmn_756,2.960,1.5720
4tmn,4tmn_771,5.800,-0.9730
4tmn,4tmn_78,9.860,6.7910
4tmn,4tmn_854,2.770,3.7040
4tmn,4tmn_867,5.220,2.9630
4tmn,4tmn_875,5.120,3.6490
4tmn,4tmn_878,4.790,3.7710
4tmn,4tmn_889,6.440,3.8090
4tmn,4tmn_9,6.370,5.1090
4tmn,4tmn_91,7.000,6.0130
4tmn,4tmn_936,2.880,2.2910
4tmn,4tmn_260,1.490,5.7350
4tmn,4tmn_268,0.960,4.7730
4tmn,4tmn_274,7.740,3.8770
4tmn,4tmn_275,0.990,5.5270
4tmn,4tmn_278,0.920,5.6830
4tmn,4tmn_283,2.660,4.0070
4tmn,4tmn_290,5.550,2.6110
4tmn,4tmn_303,5.580,7.1160
4tmn,4tmn_790,8.020,2.6310
4tmn,4tmn_794,6.190,-1.1730
4tmn,4tmn_801,1.280,3.7150
4tmn,4tmn_810,3.030,3.6170
4tmn,4tmn_816,2.560,1.8190
4tmn,4tmn_823,2.990,0.9400
4tmn,4tmn_824,5.480,4.6480
4tmn,4tmn_842,4.420,4.8820
4tmn,4tmn_218,0.630,5.0390
4tmn,4tmn_224,0.650,4.8290
4tmn,4tmn_229,0.930,5.7360
4tmn,4tmn_231,1.180,6.0890
4tmn,4tmn_238,4.330,4.5850
4tmn,4tmn_242,4.840,4.5920
4tmn,4tmn_248,1.090,5.9730
4tmn,4tmn_258,0.890,5.0940
4u4s,4u4s_971,7.860,4.2810
4w9c,4w9c_172,2.810,4.4220
4w9c,4w9c_186,0.900,5.9570
4w9c,4w9c_249,0.980,6.0190
4w9c,4w9c_326,1.120,5.3990
4w9c,4w9c_333,2.800,5.8340
4w9c,4w9c_36,8.020,5.8010
4w9c,4w9c_363,3.080,5.2600
4w9c,4w9c_499,7.200,-11.2880
4w9c,4w9c_513,9.250,-0.7820
4w9c,4w9c_516,8.700,-0.7910
4w9c,4w9c_520,5.240,4.1530
4w9c,4w9c_528,1.840,-0.8070
4w9c,4w9c_533,7.910,0.9510
4w9c,4w9c_538,7.830,-0.3380
4w9c,4w9c_543,9.150,-0.7940
4w9c,4w9c_545,9.290,0.1600
4w9c,4w9c_546,9.480,-0.6010
4w9c,4w9c_550,7.830,-1.7980
4w9c,4w9c_556,7.350,-12.8180
4w9c,4w9c_558,9.070,-1.3190
4w9c,4w9c_560,3.560,-1.6020
4w9c,4w9c_561,7.890,0.5110
4w9c,4w9c_562,9.700,-3.1760
4w9c,4w9c_476,1.950,-9.8200
4w9c,4w9c_477,5.120,-9.9340
4w9c,4w9c_48,7.150,3.5930
4w9c,4w9c_483,5.610,-11.3640
4w9c,4w9c_486,8.590,-2.3420
4w9c,4w9c_487,2.470,-1.8160
4w9c,4w9c_490,3.080,-7.9840
4w9c,4w9c_494,8.060,-8.5440
4w9c,4w9c_446,6.130,-3.7160
4w9c,4w9c_450,5.650,-6.0630
4w9c,4w9c_452,6.430,-2.8860
4w9c,4w9c_456,7.180,-28.3770
4w9c,4w9c_457,6.820,-4.9510
4w9c,4w9c_460,1.970,-8.5040
4w9c,4w9c_462,6.590,-2.2670
4w9c,4w9c_473,6.290,-4.6730
4w9c,4w9c_372,0.950,6.5470
4w9c,4w9c_379,0.530,7.1420
4w9c,4w9c_381,0.420,6.5570
4w9c,4w9c_405,5.850,-10.2710
4w9c,4w9c_415,5.790,-8.0880
4w9c,4w9c_420,6.600,0.0980
4w9c,4w9c_423,5.470,-6.6690
4w9c,4w9c_432,6.700,-5.1150
4twp,4twp_809,3.020,4.4070
4twp,4twp_899,0.840,8.6970
4ty7,4ty7_101,1.270,7.5990
4ty7,4ty7_106,0.560,8.6030
4ty7,4ty7_224,0.810,6.4120
4ty7,4ty7_254,0.790,6.3120
4ty7,4ty7_26,8.390,7.5820
4ty7,4ty7_264,0.870,7.2750
4w9c,4w9c_567,8.010,0.9570
4w9c,4w9c_569,3.220,-0.2800
4w9c,4w9c_580,7.600,-1.5080
4w9c,4w9c_59,8.740,4.7360
4w9c,4w9c_594,8.260,2.4580
4w9c,4w9c_597,3.620,-5.8140
4w9c,4w9c_6,7.000,4.2830
4w9c,4w9c_603,2.940,-2.8350
4ty7,4ty7_895,2.000,8.3450
4ty7,4ty7_916,1.080,8.1040
4ty7,4ty7_925,0.950,8.7230
4ty7,4ty7_951,2.610,7.0450
4ty7,4ty7_96,9.040,6.2250
4ty7,4ty7_963,6.250,6.4450
4u4s,4u4s_120,4.160,5.0770
4u4s,4u4s_122,3.250,4.6490
4w9c,4w9c_604,9.160,1.3580
4w9c,4w9c_613,4.710,-6.9080
4w9c,4w9c_623,6.500,-3.2390
4w9c,4w9c_628,3.640,1.4120
4w9c,4w9c_636,8.410,-0.8970
4w9c,4w9c_637,2.660,-0.2620
4w9c,4w9c_638,2.440,-4.6410
4w9c,4w9c_639,4.270,-5.7170
4ty7,4ty7_496,7.840,-12.9450
4ty7,4ty7_5,8.720,5.1100
4ty7,4ty7_50,0.610,8.3600
4ty7,4ty7_506,3.100,-3.7090
4ty7,4ty7_507,1.580,-4.3640
4ty7,4ty7_513,7.960,-2.4550
4ty7,4ty7_515,7.310,1.3970
4ty7,4ty7_518,6.420,-2.3110
4w9c,4w9c_642,3.520,-1.4420
4w9c,4w9c_646,5.900,-0.9240
4w9c,4w9c_660,7.580,-0.3850
4w9c,4w9c_661,4.050,-2.0990
4w9c,4w9c_664,2.610,-5.5200
4w9c,4w9c_670,4.240,-2.4030
4w9c,4w9c_677,9.280,2.1710
4w9c,4w9c_683,3.240,1.7600
4w9c,4w9c_691,9.280,-7.1770
4w9c,4w9c_695,5.170,-1.6640
4w9c,4w9c_697,2.770,2.7500
4w9c,4w9c_699,8.750,1.2020
4w9c,4w9c_7,9.110,5.0050
4w9c,4w9c_712,1.130,6.4390
4w9c,4w9c_719,0.920,6.9530
4w9c,4w9c_720,0.950,6.8000
4ty7,4ty7_562,5.080,-10.4420
4ty7,4ty7_563,3.360,4.1320
4ty7,4ty7_566,8.700,-8.2360
4ty7,4ty7_574,9.250,3.1140
4ty7,4ty7_576,7.670,-6.1980
4ty7,4ty7_586,4.030,-3.4000
4ty7,4ty7_589,9.590,-17.2000
4ty7,4ty7_594,6.920,0.1170
4ty7,4ty7_627,2.380,-5.0920
4ty7,4ty7_631,4.730,-3.0470
4ty7,4ty7_636,4.230,4.6360
4ty7,4ty7_637,6.150,-0.9610
4ty7,4ty7_646,6.460,-3.0900
4ty7,4ty7_649,3.770,3.4410
4ty7,4ty7_654,5.870,-0.9880
4ty7,4ty7_655,7.060,-0.3850
4w9c,4w9c_778,2.660,3.6730
4w9c,4w9c_806,3.020,3.7480
4w9c,4w9c_85,8.610,4.6350
4w9c,4w9c_854,4.880,3.3380
4w9c,4w9c_906,0.750,7.2350
4w9c,4w9c_925,1.150,6.8810
4w9c,4w9c_955,1.370,6.7020
4w9c,4w9c_963,4.430,4.0960
4ty7,4ty7_656,1.780,-11.5870
4ty7,4ty7_657,7.960,-2.0420
4ty7,4ty7_658,9.560,-6.8590
4ty7,4ty7_662,4.920,-7.5600
4ty7,4ty7_663,4.090,-8.5540
4ty7,4ty7_668,1.670,-11.7400
4ty7,4ty7_669,5.000,-5.9240
4ty7,4ty7_671,9.240,-0.4610
4ty7,4ty7_673,3.380,-3.7260
4ty7,4ty7_674,3.580,-5.3370
4ty7,4ty7_676,9.050,3.2140
4ty7,4ty7_678,7.510,1.0350
4ty7,4ty7_682,5.650,-10.3170
4ty7,4ty7_687,7.720,-5.3030
4ty7,4ty7_694,6.220,-10.9300
4ty7,4ty7_697,2.480,-7.4730
4ty7,4ty7_456,6.040,-2.6620
4ty7,4ty7_459,2.470,-2.5630
4ty7,4ty7_474,3.270,-0.1960
4ty7,4ty7_480,3.860,-6.9840
4ty7,4ty7_481,3.920,-16.2990
4ty7,4ty7_483,2.890,-1.8650
4ty7,4ty7_492,8.040,-2.6250
4ty7,4ty7_494,2.860,-5.2130
4ty7,4ty7_595,9.060,-10.2810
4ty7,4ty7_598,4.210,-4.8350
4ty7,4ty7_599,6.570,-5.2710
4ty7,4ty7_606,8.150,1.8730
4ty7,4ty7_608,3.750,2.2130
4ty7,4ty7_613,5.620,-3.1060
4ty7,4ty7_62,1.050,7.3950
4ty7,4ty7_624,5.020,-2.1120
4ty7,4ty7_35,9.010,7.6210
4ty7,4ty7_381,1.400,8.1280
4ty7,4ty7_412,8.090,2.9420
4ty7,4ty7_415,8.200,-2.5980
4ty7,4ty7_439,4.530,1.2870
4ty7,4ty7_442,2.730,-0.0470
4ty7,4ty7_447,5.260,-14.1430
4ty7,4ty7_451,1.640,-16.0370
4ty7,4ty7_529,8.910,-6.5760
4ty7,4ty7_539,8.570,3.5310
4ty7,4ty7_543,5.510,-12.8440
4ty7,4ty7_549,4.950,-6.2530
4ty7,4ty7_553,2.400,-7.2830
4ty7,4ty7_558,8.600,-4.6400
4ty7,4ty7_56,7.030,6.2560
4ty7,4ty7_561,5.630,3.0490
4ty7,4ty7_702,0.690,8.8080
4ty7,4ty7_734,2.610,7.2980
4ty7,4ty7_74,6.910,6.1300
4ty7,4ty7_744,3.070,5.6320
4ty7,4ty7_763,5.310,5.6230
4ty7,4ty7_764,6.190,5.4870
4ty7,4ty7_766,0.380,9.1180
4ty7,4ty7_775,0.780,8.6250
4w9c,4w9c_732,0.880,7.0180
4w9c,4w9c_735,2.830,4.2290
4w9c,4w9c_739,6.230,2.2270
4w9c,4w9c_758,1.000,6.3910
4w9c,4w9c_765,1.980,6.1730
4w9c,4w9c_768,1.920,6.3070
4w9c,4w9c_772,3.080,4.0350
4w9c,4w9c_777,1.810,5.4590
4ty7,4ty7_808,0.910,7.8730
4ty7,4ty7_817,1.210,7.7050
4ty7,4ty7_834,4.390,6.6060
4ty7,4ty7_857,5.550,8.4940
4ty7,4ty7_86,9.210,6.4530
4ty7,4ty7_861,7.100,4.4550
4ty7,4ty7_862,2.940,6.5550
4ty7,4ty7_88,9.410,5.1720
4w9c,4w9c_968,5.380,2.8690
4w9h,4w9h_100,7.520,4.4320
4w9h,4w9h_119,1.850,5.0040
4w9h,4w9h_124,5.680,4.8650
4w9h,4w9h_135,1.120,5.5460
4w9h,4w9h_143,0.620,6.4620
4w9h,4w9h_158,3.270,4.5710
4w9h,4w9h_166,3.360,4.0210
4w9h,4w9h_484,2.100,-14.3800
4w9h,4w9h_485,3.440,-11.9240
4w9h,4w9h_493,9.040,-18.4450
4w9h,4w9h_495,1.860,-10.2570
4w9h,4w9h_498,1.950,-15.1530
4w9h,4w9h_499,7.610,-20.6420
4w9h,4w9h_504,9.370,-4.2750
4w9h,4w9h_511,8.270,-4.4280
4w9h,4w9h_447,6.850,-13.6100
4w9h,4w9h_449,5.130,-12.0650
4w9h,4w9h_456,4.690,-7.5220
4w9h,4w9h_462,7.710,-10.4320
4w9h,4w9h_464,5.440,-11.8490
4w9h,4w9h_469,5.550,-8.8410
4w9h,4w9h_474,4.830,-6.4610
4w9h,4w9h_481,2.220,-15.7100
4w9h,4w9h_410,3.050,-11.8540
4w9h,4w9h_413,2.740,-19.3440
4w9h,4w9h_416,2.000,-13.7940
4w9h,4w9h_429,6.320,-9.7700
4w9h,4w9h_434,1.920,-16.1790
4w9h,4w9h_435,7.120,-11.9950
4w9h,4w9h_436,7.760,-18.4250
4w9h,4w9h_446,4.080,-13.5600
4w9h,4w9h_365,6.870,2.6500
4w9h,4w9h_368,0.400,7.2380
4w9h,4w9h_391,3.290,6.5130
4w9h,4w9h_392,8.340,4.0840
4w9h,4w9h_402,7.740,-19.7530
4w9h,4w9h_403,2.780,-26.3940
4w9h,4w9h_404,2.110,2.9380
4w9h,4w9h_408,2.860,-10.5960
4w9h,4w9h_182,6.160,3.5830
4w9h,4w9h_204,0.810,5.8850
4w9h,4w9h_210,0.740,5.8910
4w9h,4w9h_241,0.670,5.1820
4w9h,4w9h_307,0.380,7.6150
4w9h,4w9h_326,0.580,7.1490
4w9h,4w9h_327,9.290,4.4860
4w9h,4w9h_336,3.300,5.2680
4w9h,4w9h_538,2.770,-2.8080
4w9h,4w9h_546,8.790,-8.2920
4w9h,4w9h_548,9.080,-0.8830
4w9h,4w9h_554,2.170,-10.5180
4w9h,4w9h_555,7.600,1.4860
4w9h,4w9h_561,4.880,-4.7170
4w9h,4w9h_589,8.110,1.8680
4w9h,4w9h_596,5.120,-0.6350
4w9h,4w9h_515,8.310,-0.3960
4w9h,4w9h_516,5.830,-3.0910
4w9h,4w9h_520,4.990,-10.6800
4w9h,4w9h_523,9.200,-0.6940
4w9h,4w9h_527,9.750,0.5140
4w9h,4w9h_530,6.750,1.7760
4w9h,4w9h_532,3.620,0.3880
4w9h,4w9h_537,8.060,2.8370
4w9h,4w9h_597,8.520,3.0230
4w9h,4w9h_598,9.790,1.8270
4w9h,4w9h_612,6.300,-2.5340
4w9h,4w9h_616,7.780,-1.7590
4w9h,4w9h_618,5.660,-1.5330
4w9h,4w9h_626,2.920,-0.9060
4w9h,4w9h_637,8.720,-0.1840
4w9h,4w9h_642,3.610,-4.2310
4w9h,4w9h_647,6.730,0.2110
4w9h,4w9h_655,9.430,1.9110
4w9h,4w9h_658,6.760,-3.5230
4w9h,4w9h_662,4.140,1.4200
4w9h,4w9h_663,7.760,-5.2250
4w9h,4w9h_664,9.340,-7.4370
4w9h,4w9h_666,4.330,1.2920
4w9h,4w9h_667,4.670,-3.9170
4w9h,4w9h_676,5.920,-5.2460
4w9h,4w9h_677,4.010,-5.7580
4w9h,4w9h_679,6.400,0.4820
4w9h,4w9h_691,7.410,-1.9800
4w9h,4w9h_699,9.680,-0.9930
4w9h,4w9h_709,0.370,8.3150
4w9h,4w9h_710,0.780,7.5890
4w9h,4w9h_740,1.120,7.2110
4w9h,4w9h_765,0.960,7.4590
4w9h,4w9h_770,3.190,4.4570
4w9h,4w9h_771,5.680,5.2990
4w9h,4w9h_773,6.130,5.5590
4w9h,4w9h_780,3.360,3.2910
4w9h,4w9h_784,2.260,6.1390
4w9h,4w9h_787,1.820,3.7730
4w9h,4w9h_801,1.040,6.4910
4w9i,4w9i_511,8.920,2.3510
4w9i,4w9i_512,6.580,-5.6860
4w9i,4w9i_515,3.490,-4.8540
4w9i,4w9i_524,3.330,1.4920
4w9i,4w9i_528,9.210,-6.9980
4w9i,4w9i_534,8.790,-8.2710
4w9i,4w9i_535,4.330,0.2650
4w9i,4w9i_546,9.350,-4.1690
4w9i,4w9i_550,9.340,-0.6480
4w9i,4w9i_551,7.900,-5.3700
4w9i,4w9i_554,9.290,-3.5270
4w9i,4w9i_56,1.270,6.9610
4w9i,4w9i_565,4.670,1.0550
4w9i,4w9i_567,9.430,-7.1480
4w9i,4w9i_570,3.980,-1.3630
4w9i,4w9i_574,8.670,-5.3090
4w9i,4w9i_575,4.020,-8.5100
4w9i,4w9i_583,5.250,0.4580
4w9i,4w9i_586,6.580,-7.3130
4w9i,4w9i_587,2.920,1.2500
4w9i,4w9i_589,9.330,2.9110
4w9i,4w9i_595,7.120,-3.9770
4w9i,4w9i_602,7.640,-1.4770
4w9i,4w9i_611,5.330,-5.9220
4w9h,4w9h_84,8.830,4.9570
4w9h,4w9h_90,5.590,5.7040
4w9h,4w9h_922,8.580,3.7060
4w9h,4w9h_961,4.940,2.0100
4w9h,4w9h_976,1.270,7.6360
4w9i,4w9i_110,0.890,7.2080
4w9i,4w9i_172,0.710,6.5410
4w9i,4w9i_197,1.290,5.1990
4wiv,4wiv_414,7.300,-7.3750
4wiv,4wiv_428,7.470,-7.1160
4wiv,4wiv_434,4.190,-11.8460
4wiv,4wiv_435,6.150,-1.3720
4wiv,4wiv_441,5.120,-7.7990
4wiv,4wiv_448,7.130,-5.3360
4wiv,4wiv_461,3.010,3.3770
4wiv,4wiv_475,4.610,-9.3660
4wiv,4wiv_476,3.950,-12.9440
4wiv,4wiv_481,7.660,-9.5850
4wiv,4wiv_484,4.030,3.1600
4wiv,4wiv_486,3.840,-0.9200
4wiv,4wiv_487,5.550,-4.3930
4wiv,4wiv_491,5.910,-8.9740
4wiv,4wiv_493,4.140,-4.5940
4wiv,4wiv_509,6.220,2.3600
4w9i,4w9i_199,0.840,6.3300
4w9i,4w9i_204,0.420,7.0420
4w9i,4w9i_221,0.450,6.8270
4w9i,4w9i_337,8.460,3.4920
4w9i,4w9i_374,5.320,6.3680
4w9i,4w9i_388,4.190,6.2930
4w9i,4w9i_394,2.180,5.3410
4w9i,4w9i_403,6.010,-1.7990
4wiv,4wiv_517,4.980,3.3910
4wiv,4wiv_520,7.030,3.2970
4wiv,4wiv_528,3.640,-3.0830
4wiv,4wiv_532,4.130,-4.3300
4wiv,4wiv_553,6.390,1.3540
4wiv,4wiv_557,6.700,-3.5700
4wiv,4wiv_566,6.420,2.3340
4wiv,4wiv_577,6.020,-10.2200
4wiv,4wiv_683,5.440,-3.7610
4wiv,4wiv_697,7.010,2.9340
4wiv,4wiv_698,3.880,0.6030
4wiv,4wiv_721,0.720,5.4170
4wiv,4wiv_727,1.700,6.1820
4wiv,4wiv_729,0.740,5.6750
4wiv,4wiv_738,1.310,5.6800
4wiv,4wiv_739,1.410,6.5760
4wiv,4wiv_583,3.000,-2.9970
4wiv,4wiv_598,4.920,-6.0440
4wiv,4wiv_601,4.530,-2.9870
4wiv,4wiv_615,5.790,1.2990
4wiv,4wiv_621,2.130,2.5490
4wiv,4wiv_631,7.090,3.8630
4wiv,4wiv_651,4.990,-8.9080
4wiv,4wiv_679,3.310,1.9880
4w9i,4w9i_474,2.910,1.5920
4w9i,4w9i_476,6.850,-1.8000
4w9i,4w9i_484,3.300,-8.4780
4w9i,4w9i_487,5.270,-22.0250
4w9i,4w9i_489,7.880,-0.9960
4w9i,4w9i_491,9.010,-9.0390
4w9i,4w9i_494,5.400,-11.8320
4w9i,4w9i_496,9.200,-10.6510
4wiv,4wiv_742,3.830,5.6740
4wiv,4wiv_745,5.740,4.2770
4wiv,4wiv_746,2.340,6.1180
4wiv,4wiv_747,6.800,3.1180
4wiv,4wiv_749,5.860,3.5280
4wiv,4wiv_753,2.880,5.4400
4wiv,4wiv_762,6.400,6.0180
4wiv,4wiv_769,5.420,4.9060
4wiv,4wiv_771,7.570,3.4700
4wiv,4wiv_774,6.300,4.8260
4wiv,4wiv_792,1.040,6.0370
4wiv,4wiv_820,0.870,6.5930
4wiv,4wiv_829,0.860,6.6650
4wiv,4wiv_836,1.950,5.8040
4wiv,4wiv_838,0.870,5.9520
4wiv,4wiv_841,2.480,6.0420
4w9i,4w9i_777,8.160,2.9060
4w9i,4w9i_782,7.810,2.0630
4w9i,4w9i_787,4.110,2.5630
4w9i,4w9i_789,7.500,2.6610
4w9i,4w9i_790,8.060,3.3010
4w9i,4w9i_791,6.630,3.5680
4w9i,4w9i_792,7.430,2.6930
4w9i,4w9i_793,6.120,2.7060
4wiv,4wiv_844,1.620,5.2590
4wiv,4wiv_846,3.380,5.5560
4wiv,4wiv_863,1.890,4.6070
4wiv,4wiv_865,6.000,6.0990
4wiv,4wiv_866,2.870,5.5240
4wiv,4wiv_869,3.340,5.6250
4wiv,4wiv_870,2.890,5.9210
4wiv,4wiv_888,1.300,5.8690
4wiv,4wiv_890,4.010,7.2560
4wiv,4wiv_892,0.800,5.4540
4wiv,4wiv_913,0.690,6.7740
4wiv,4wiv_914,0.720,5.3420
4wiv,4wiv_915,0.880,5.7880
4wiv,4wiv_935,2.100,5.3530
4wiv,4wiv_947,2.500,5.2500
4wiv,4wiv_953,3.630,6.2920
4w9i,4w9i_417,9.070,-17.8690
4w9i,4w9i_424,6.350,-14.8410
4w9i,4w9i_429,5.960,-21.7670
4w9i,4w9i_430,1.930,4.8790
4w9i,4w9i_439,6.950,-5.5410
4w9i,4w9i_440,3.820,-30.3590
4w9i,4w9i_447,2.940,-22.2940
4w9i,4w9i_468,5.030,-13.3450
4w9i,4w9i_763,4.350,4.3390
4w9i,4w9i_764,3.440,5.1150
4w9i,4w9i_766,8.460,2.5660
4w9i,4w9i_768,7.460,4.2740
4w9i,4w9i_771,7.890,2.6300
4w9i,4w9i_772,4.340,4.5360
4w9i,4w9i_774,3.960,3.2820
4w9i,4w9i_776,6.310,4.1160
4w9i,4w9i_612,2.850,-5.9340
4w9i,4w9i_615,2.100,-2.5240
4w9i,4w9i_622,2.820,-4.5470
4w9i,4w9i_626,4.680,-10.2250
4w9i,4w9i_630,5.680,1.5390
4w9i,4w9i_649,8.460,-2.1270
4w9i,4w9i_658,9.800,2.0910
4w9i,4w9i_670,8.410,-6.3280
4w9i,4w9i_672,4.190,1.9850
4w9i,4w9i_687,8.490,-11.8370
4w9i,4w9i_697,3.830,-1.5730
4w9i,4w9i_698,4.900,-5.3240
4w9i,4w9i_755,3.540,5.4740
4w9i,4w9i_756,3.000,6.0650
4w9i,4w9i_759,6.250,5.2100
4w9i,4w9i_761,6.000,4.8890
4w9i,4w9i_794,1.020,7.1970
4w9i,4w9i_795,0.740,8.0520
4w9i,4w9i_796,0.990,7.4650
4w9i,4w9i_801,0.510,8.0570
4w9i,4w9i_846,7.740,3.6030
4w9i,4w9i_852,1.280,7.1330
4w9i,4w9i_873,0.950,7.2940
4w9i,4w9i_879,2.090,5.5310
4w9i,4w9i_882,1.990,6.6530
4w9i,4w9i_885,0.910,6.7330
4w9i,4w9i_886,2.020,6.8650
4w9i,4w9i_890,1.920,5.8770
4w9i,4w9i_893,1.600,5.8700
4w9i,4w9i_924,3.090,5.2360
4w9i,4w9i_97,1.420,6.3160
4w9i,4w9i_989,1.310,7.8660
5c28,5c28_382,2.100,6.1960
5c28,5c28_4,0.820,5.1710
5c28,5c28_424,0.940,4.2410
5c28,5c28_451,2.700,2.2590
5c28,5c28_456,0.960,1.4710
5c28,5c28_460,2.030,4.4350
5c28,5c28_469,4.460,2.1870
5c28,5c28_47,0.560,5.4310
5c28,5c28_133,6.940,4.0980
5c28,5c28_146,3.660,4.0210
5c28,5c28_2,3.680,5.4560
5c28,5c28_3,4.170,5.4590
5c28,5c28_30,0.790,5.6000
5c28,5c28_324,0.930,4.9210
5c28,5c28_345,0.800,5.3440
5c28,5c28_35,0.820,4.6910
5c28,5c28_549,3.850,3.7550
5c28,5c28_550,7.410,3.2780
5c28,5c28_563,1.360,2.2480
5c28,5c28_569,5.110,0.0490
5c28,5c28_572,4.110,2.4590
5c28,5c28_588,5.470,1.3210
5c28,5c28_589,2.610,2.5250
5c28,5c28_593,7.140,2.4160
5c28,5c28_681,4.950,-2.6360
5c28,5c28_693,1.160,3.7490
5c28,5c28_702,0.620,2.4560
5c28,5c28_706,2.460,1.9100
5c28,5c28_709,2.980,2.7950
5c28,5c28_71,0.510,5.2550
5c28,5c28_715,1.550,0.8510
5c28,5c28_723,7.460,1.6800
5c28,5c28_503,6.520,0.4480
5c28,5c28_508,5.760,4.4690
5c28,5c28_516,6.020,4.1940
5c28,5c28_525,2.640,3.2770
5c28,5c28_528,1.330,3.3950
5c28,5c28_531,2.520,1.5130
5c28,5c28_542,7.200,3.5530
5c28,5c28_543,5.900,2.6780
5c28,5c28_600,5.230,2.6410
5c28,5c28_604,1.030,1.9720
5c28,5c28_614,5.050,0.9550
5c28,5c28_624,1.190,3.1540
5c28,5c28_627,1.220,5.1430
5c28,5c28_643,3.380,0.1570
5c28,5c28_664,1.190,3.9940
5c28,5c28_675,6.050,3.8240
4wiv,4wiv_960,1.740,6.2610
4wiv,4wiv_965,2.990,5.5260
4wiv,4wiv_973,0.540,6.5230
4wiv,4wiv_977,1.940,6.8920
4wiv,4wiv_979,5.890,4.7420
4wiv,4wiv_981,6.010,5.4380
4x6p,4x6p_106,7.820,5.9020
4x6p,4x6p_114,8.720,6.8720
5aba,5aba_220,9.450,1.7590
5aba,5aba_247,9.560,-0.1620
5aba,5aba_261,9.290,0.8830
5aba,5aba_263,8.760,3.6060
5aba,5aba_284,9.600,1.7040
5aba,5aba_297,8.770,2.9060
5aba,5aba_36,4.220,3.2770
5aba,5aba_38,3.310,3.7410
5c28,5c28_725,7.520,1.7820
5c28,5c28_727,4.590,2.4080
5c28,5c28_729,3.870,3.6510
5c28,5c28_735,2.150,2.5360
5c28,5c28_741,3.360,2.5710
5c28,5c28_743,6.170,2.0490
5c28,5c28_746,4.120,1.7410
5c28,5c28_747,3.310,3.4740
5aba,5aba_40,8.070,2.9460
5aba,5aba_408,9.200,-8.0150
5aba,5aba_410,8.010,-6.8770
5aba,5aba_412,8.100,-19.0510
5aba,5aba_455,7.210,-14.7710
5aba,5aba_460,9.710,-10.8480
5aba,5aba_47,6.390,3.2720
5aba,5aba_470,8.400,-13.2260
4w9l,4w9l_886,3.010,6.2640
4w9l,4w9l_906,1.940,6.3770
4w9l,4w9l_93,3.110,6.0940
4w9l,4w9l_933,1.320,7.1490
4wiv,4wiv_230,8.200,2.6920
4wiv,4wiv_270,8.220,3.4580
4wiv,4wiv_401,7.250,-2.6530
4wiv,4wiv_413,7.070,0.4680
5a7b,5a7b_175,8.770,2.4230
5a7b,5a7b_178,5.860,3.6940
5a7b,5a7b_190,9.270,3.4620
5a7b,5a7b_204,1.820,0.8720
5a7b,5a7b_214,3.340,3.4410
5a7b,5a7b_215,8.780,-1.5070
5a7b,5a7b_217,2.100,2.3590
5a7b,5a7b_227,5.340,-1.5640
5a7b,5a7b_233,1.720,5.2560
5a7b,5a7b_234,4.120,4.3820
5a7b,5a7b_243,1.600,4.0550
5a7b,5a7b_244,2.700,0.5800
5a7b,5a7b_258,3.660,4.0520
5a7b,5a7b_261,7.000,-2.4150
5a7b,5a7b_264,7.440,-4.9110
5a7b,5a7b_266,1.840,3.7360
5a7b,5a7b_309,6.960,4.3550
5a7b,5a7b_311,9.270,3.8110
5a7b,5a7b_349,8.490,3.0640
5a7b,5a7b_358,0.950,6.4290
5a7b,5a7b_382,4.890,4.6420
5a7b,5a7b_402,6.220,-24.3950
5a7b,5a7b_409,7.260,-25.5510
5a7b,5a7b_424,7.000,-26.1350
5aba,5aba_472,4.450,-13.6020
5aba,5aba_490,8.130,-16.0370
5aba,5aba_492,9.340,-11.8550
5aba,5aba_5,8.810,3.3920
5aba,5aba_517,4.920,3.4220
5aba,5aba_525,9.030,-6.1360
5aba,5aba_527,2.770,4.6760
5aba,5aba_555,5.630,-1.9280
5aba,5aba_558,6.190,-11.0560
5aba,5aba_559,5.230,-7.6390
5aba,5aba_570,3.070,0.6260
5aba,5aba_575,5.350,-12.4060
5aba,5aba_584,4.210,-2.6940
5aba,5aba_596,2.580,-3.0650
5aba,5aba_598,9.500,-9.7500
5aba,5aba_599,3.340,1.2790
5c28,5c28_755,4.330,2.4280
5c28,5c28_758,5.300,0.1580
5c28,5c28_761,5.710,3.1210
5c28,5c28_762,9.680,0.8780
5c28,5c28_766,6.120,2.0390
5c28,5c28_767,4.700,1.2260
5c28,5c28_770,6.220,2.0420
5c28,5c28_771,6.480,2.4640
5a7b,5a7b_274,3.680,3.8680
5a7b,5a7b_276,1.260,3.8860
5a7b,5a7b_280,3.680,2.4680
5a7b,5a7b_281,9.140,-4.6700
5a7b,5a7b_284,0.880,4.8250
5a7b,5a7b_286,0.740,4.4430
5a7b,5a7b_295,2.010,2.6320
5a7b,5a7b_302,2.910,3.4650
5aba,5aba_882,3.520,3.5200
5aba,5aba_898,1.740,2.7520
5aba,5aba_899,7.320,2.7740
5aba,5aba_956,7.270,2.2920
5aba,5aba_96,6.900,4.0690
5aba,5aba_962,7.280,3.6750
5aba,5aba_966,2.470,4.1510
5c28,5c28_113,7.840,4.4050
5aba,5aba_618,6.800,-1.1890
5aba,5aba_620,4.080,-3.6760
5aba,5aba_623,3.980,-0.9230
5aba,5aba_625,2.350,0.9130
5aba,5aba_628,4.790,-3.4210
5aba,5aba_632,3.590,-1.1830
5aba,5aba_640,2.200,0.2110
5aba,5aba_641,7.210,0.8360
5aba,5aba_668,6.280,-2.3660
5aba,5aba_669,2.630,-1.1970
5aba,5aba_674,7.700,-1.4010
5aba,5aba_676,3.990,-9.4360
5aba,5aba_677,9.370,-10.5360
5aba,5aba_679,5.040,-6.1300
5aba,5aba_680,3.660,-4.3210
5aba,5aba_690,4.070,-3.0480
5aba,5aba_728,6.930,3.5430
5aba,5aba_749,5.610,4.1740
5aba,5aba_751,6.780,3.7040
5aba,5aba_760,6.990,2.9350
5aba,5aba_772,1.670,4.4070
5aba,5aba_78,5.010,3.9090
5aba,5aba_786,1.790,4.3990
5aba,5aba_792,2.050,4.2550
5aba,5aba_799,7.200,3.0290
5aba,5aba_820,1.960,3.5020
5aba,5aba_850,4.870,3.0730
5aba,5aba_858,5.390,3.7430
5aba,5aba_859,5.110,2.9560
5aba,5aba_864,6.200,3.3380
5aba,5aba_865,2.100,3.9670
5aba,5aba_880,4.100,3.1120
5aba,5aba_697,7.470,-5.4740
5aba,5aba_698,8.230,0.9480
5aba,5aba_701,5.200,3.1110
5aba,5aba_702,2.000,4.8500
5aba,5aba_703,2.000,5.2190
5aba,5aba_704,6.890,3.2450
5aba,5aba_71,7.110,4.5570
5aba,5aba_712,1.210,4.3850
5aba,5aba_647,4.740,-2.7510
5aba,5aba_653,8.530,-2.8130
5aba,5aba_654,3.400,-9.4050
5aba,5aba_655,2.800,1.1500
5aba,5aba_657,2.900,-12.5420
5aba,5aba_661,7.970,-9.3410
5aba,5aba_663,3.900,-8.1970
5aba,5aba_666,5.600,-7.9750
5a7b,5a7b_511,1.720,-9.7900
5a7b,5a7b_514,9.110,-8.8650
5a7b,5a7b_518,2.450,-3.0100
5a7b,5a7b_523,6.120,0.1450
5a7b,5a7b_531,2.050,-10.8300
5a7b,5a7b_539,4.290,1.6760
5a7b,5a7b_542,5.920,-7.4680
5a7b,5a7b_546,5.570,-8.2450
5a7b,5a7b_601,2.070,-10.1280
5a7b,5a7b_613,7.740,-1.9650
5a7b,5a7b_623,1.710,-5.9140
5a7b,5a7b_628,7.330,-1.9700
5a7b,5a7b_632,4.000,-17.0980
5a7b,5a7b_633,6.260,-8.8860
5a7b,5a7b_636,3.970,-0.4520
5a7b,5a7b_651,5.980,-11.6490
5a7b,5a7b_550,6.860,-8.5670
5a7b,5a7b_553,5.420,0.1530
5a7b,5a7b_566,6.950,-9.1180
5a7b,5a7b_569,8.410,2.3970
5a7b,5a7b_588,3.380,-10.6130
5a7b,5a7b_591,4.480,-4.2850
5a7b,5a7b_595,3.030,-12.1170
5a7b,5a7b_597,8.880,-10.7670
5c28,5c28_772,9.800,1.6520
5c28,5c28_773,9.800,1.6580
5c28,5c28_775,5.920,1.6510
5c28,5c28_781,8.460,2.2060
5c28,5c28_782,8.720,2.1750
5c28,5c28_783,8.710,2.1760
5c28,5c28_784,9.190,1.9890
5c28,5c28_785,9.230,1.7080
5a7b,5a7b_426,3.610,-26.6660
5a7b,5a7b_429,7.130,-13.2560
5a7b,5a7b_440,7.060,-5.7400
5a7b,5a7b_447,8.130,-26.1460
5a7b,5a7b_451,7.580,-14.2670
5a7b,5a7b_461,3.830,-21.8650
5a7b,5a7b_485,8.870,-12.2430
5a7b,5a7b_488,7.820,-25.9650
5a7b,5a7b_652,8.050,-4.1530
5a7b,5a7b_655,8.150,-9.2650
5a7b,5a7b_657,6.730,-1.2420
5a7b,5a7b_660,4.680,-5.2720
5a7b,5a7b_672,9.910,-22.6390
5a7b,5a7b_675,8.990,-5.2200
5a7b,5a7b_690,2.480,-14.8410
5a7b,5a7b_691,2.540,-16.0580
5a7b,5a7b_780,5.660,2.0720
5a7b,5a7b_817,2.670,2.3160
5a7b,5a7b_842,4.770,1.9070
5a7b,5a7b_843,6.800,4.7200
5a7b,5a7b_850,4.110,-1.0850
5a7b,5a7b_874,5.000,0.7040
5a7b,5a7b_878,7.400,3.2230
5a7b,5a7b_980,4.900,3.6140
5a7b,5a7b_694,7.220,-1.1020
5a7b,5a7b_696,9.670,-4.8670
5a7b,5a7b_697,9.040,-16.7210
5a7b,5a7b_698,4.300,-16.6300
5a7b,5a7b_700,9.680,1.8760
5a7b,5a7b_726,1.950,3.8110
5a7b,5a7b_738,1.940,5.1420
5a7b,5a7b_742,0.820,4.0010
5c28,5c28_787,9.480,1.9280
5c28,5c28_788,8.720,2.7330
5c28,5c28_789,8.950,2.0650
5c28,5c28_790,8.790,1.9230
5c28,5c28_791,9.410,1.9050
5c28,5c28_792,9.510,2.0310
5c28,5c28_794,9.140,2.1650
5c28,5c28_807,3.500,-0.1360
4x6p,4x6p_97,8.210,7.8360
4x6p,4x6p_98,5.980,8.2380
5a7b,5a7b_11,9.290,1.9800
5a7b,5a7b_115,5.810,3.4400
5a7b,5a7b_136,9.500,2.8110
5a7b,5a7b_138,5.740,3.0400
5a7b,5a7b_144,1.530,4.3930
5a7b,5a7b_170,5.820,2.0000
5c28,5c28_829,1.700,0.7220
5c28,5c28_845,4.030,2.9350
5c28,5c28_850,3.670,1.5470
5c28,5c28_858,7.520,1.7340
5c28,5c28_866,7.550,1.6980
5c28,5c28_876,6.330,3.3600
5c28,5c28_877,9.550,-1.1490
5c28,5c28_879,6.440,3.8770
4w9l,4w9l_264,0.880,6.2970
4w9l,4w9l_27,4.590,4.6950
4w9l,4w9l_273,7.830,-0.2140
4w9l,4w9l_287,0.920,6.5090
4w9l,4w9l_309,8.040,4.8850
4w9l,4w9l_323,3.450,6.6390
4w9l,4w9l_326,2.140,6.5480
4w9l,4w9l_341,8.400,6.1290
4w9l,4w9l_448,6.090,-3.2360
4w9l,4w9l_450,8.000,-6.5080
4w9l,4w9l_452,6.250,-6.0300
4w9l,4w9l_456,9.260,-5.5300
4w9l,4w9l_457,5.030,-17.1620
4w9l,4w9l_462,6.710,-7.7660
4w9l,4w9l_466,8.750,-18.1810
4w9l,4w9l_475,3.630,-15.6280
4w9l,4w9l_403,6.130,-18.3580
4w9l,4w9l_406,2.740,-13.3970
4w9l,4w9l_407,2.850,1.3930
4w9l,4w9l_410,7.730,-16.7990
4w9l,4w9l_411,2.970,-21.4470
4w9l,4w9l_430,2.710,-6.3870
4w9l,4w9l_437,2.730,-20.6450
4w9l,4w9l_441,5.100,-19.8190
5c28,5c28_881,5.000,2.4050
5c28,5c28_882,5.320,3.9120
5c28,5c28_883,8.170,2.5740
5c28,5c28_885,8.230,2.4740
5c28,5c28_928,3.060,0.4270
5c28,5c28_934,1.110,2.1190
5c28,5c28_97,2.250,5.3410
5c2h,5c2h_119,9.090,6.1650
4w9l,4w9l_35,0.790,7.0930
4w9l,4w9l_358,8.620,4.1670
4w9l,4w9l_368,0.710,7.8660
4w9l,4w9l_379,4.880,5.1920
4w9l,4w9l_382,8.570,4.7240
4w9l,4w9l_393,8.160,4.4410
4w9l,4w9l_400,6.050,4.4990
4w9l,4w9l_402,3.700,-20.2030
4w9l,4w9l_177,1.990,7.0390
4w9l,4w9l_180,2.660,4.5840
4w9l,4w9l_19,2.090,6.7060
4w9l,4w9l_192,9.510,2.8230
4w9l,4w9l_204,0.960,5.6160
4w9l,4w9l_215,0.710,7.1430
4w9l,4w9l_250,0.950,6.7610
4w9l,4w9l_261,4.310,0.1160
4w9l,4w9l_10,5.020,4.6180
4w9l,4w9l_100,1.940,6.3810
4w9l,4w9l_12,1.290,6.9750
4w9l,4w9l_136,6.170,3.0710
4w9l,4w9l_141,8.380,3.3290
4w9l,4w9l_143,5.630,2.4870
4w9l,4w9l_151,4.190,4.8070
4w9l,4w9l_170,1.170,6.3300
4w9l,4w9l_480,4.530,-27.4770
4w9l,4w9l_481,3.040,-15.3510
4w9l,4w9l_482,9.410,-8.4800
4w9l,4w9l_486,5.030,0.0260
4w9l,4w9l_492,9.240,-10.4730
4w9l,4w9l_493,9.570,-8.3070
4w9l,4w9l_5,7.800,4.5480
4w9l,4w9l_519,9.970,-0.4800
4w9l,4w9l_522,4.150,-2.7230
4w9l,4w9l_527,6.550,0.9890
4w9l,4w9l_53,2.680,6.0700
4w9l,4w9l_545,9.110,-8.2470
4w9l,4w9l_550,6.100,-5.8160
4w9l,4w9l_556,6.340,2.5570
4w9l,4w9l_557,8.180,-5.3970
4w9l,4w9l_572,7.090,-8.7420
4w9l,4w9l_616,8.370,-4.5390
4w9l,4w9l_642,9.920,-2.6520
4w9l,4w9l_655,7.020,-6.4530
4w9l,4w9l_657,4.450,-0.6720
4w9l,4w9l_659,5.780,-3.6610
4w9l,4w9l_675,6.510,-0.1450
4w9l,4w9l_681,5.140,1.8500
4w9l,4w9l_691,4.210,-7.7140
4w9l,4w9l_759,1.450,6.3690
4w9l,4w9l_762,5.600,5.2240
4w9l,4w9l_770,4.950,5.4070
4w9l,4w9l_779,5.030,5.3960
4w9l,4w9l_787,1.610,6.1650
4w9l,4w9l_822,3.720,4.3570
4w9l,4w9l_84,8.360,3.3160
4w9l,4w9l_871,2.250,6.2740
4w9l,4w9l_573,9.590,-8.8710
4w9l,4w9l_577,7.660,-5.2550
4w9l,4w9l_579,3.900,-5.7910
4w9l,4w9l_591,3.910,-6.1420
4w9l,4w9l_594,7.680,-7.8090
4w9l,4w9l_596,9.210,-13.2490
4w9l,4w9l_604,7.860,-4.3130
4w9l,4w9l_612,3.040,-4.3860
4w9l,4w9l_696,5.690,-1.2810
4w9l,4w9l_699,7.310,0.1050
4w9l,4w9l_704,0.840,7.4170
4w9l,4w9l_708,1.540,5.8550
4w9l,4w9l_709,0.990,7.4830
4w9l,4w9l_715,1.410,7.5210
4w9l,4w9l_719,0.980,6.9580
4w9l,4w9l_732,4.710,5.1330
4x6p,4x6p_121,8.480,5.5110
4x6p,4x6p_125,7.210,7.0790
4x6p,4x6p_142,0.800,10.0290
4x6p,4x6p_147,7.050,5.2550
4x6p,4x6p_170,4.560,6.3180
4x6p,4x6p_18,9.070,5.8470
4x6p,4x6p_195,7.880,6.5400
4x6p,4x6p_197,8.550,4.7440
4x6p,4x6p_448,3.150,-30.3370
4x6p,4x6p_454,5.090,-5.8390
4x6p,4x6p_463,4.060,-29.2630
4x6p,4x6p_481,5.860,-2.0820
4x6p,4x6p_486,2.420,-12.3210
4x6p,4x6p_504,9.290,-2.1940
4x6p,4x6p_513,4.170,3.3030
4x6p,4x6p_518,5.030,-12.2660
4x6p,4x6p_521,2.830,-12.0490
4x6p,4x6p_528,8.740,-1.6650
4x6p,4x6p_532,9.450,-11.6860
4x6p,4x6p_533,2.980,-9.9550
4x6p,4x6p_544,8.160,-5.1120
4x6p,4x6p_548,4.770,0.7080
4x6p,4x6p_549,4.570,-4.3600
4x6p,4x6p_550,6.510,-2.1620
4x6p,4x6p_201,0.860,6.7980
4x6p,4x6p_203,0.930,6.8000
4x6p,4x6p_204,0.650,7.7690
4x6p,4x6p_214,1.580,6.7530
4x6p,4x6p_215,2.470,7.1360
4x6p,4x6p_221,1.660,2.9040
4x6p,4x6p_224,3.460,5.7020
4x6p,4x6p_231,1.380,6.6550
4x6p,4x6p_407,1.800,-15.8460
4x6p,4x6p_421,3.310,-18.8330
4x6p,4x6p_426,3.100,-10.3660
4x6p,4x6p_427,5.540,-3.9620
4x6p,4x6p_432,7.040,-22.5410
4x6p,4x6p_438,5.740,-4.1600
4x6p,4x6p_439,5.040,-2.3190
4x6p,4x6p_441,6.160,-2.6390
4x6p,4x6p_551,7.470,4.0620
4x6p,4x6p_553,3.810,-2.1800
4x6p,4x6p_555,6.800,-0.0350
4x6p,4x6p_559,3.670,-3.8280
4x6p,4x6p_568,8.440,1.8220
4x6p,4x6p_570,9.900,4.8230
4x6p,4x6p_571,8.010,1.6470
4x6p,4x6p_577,7.280,-3.5800
4x6p,4x6p_579,6.780,-4.0590
4x6p,4x6p_583,9.160,0.7290
4x6p,4x6p_592,6.830,3.1840
4x6p,4x6p_596,8.890,1.5090
4x6p,4x6p_612,8.520,-0.4380
4x6p,4x6p_620,2.310,-5.5570
4x6p,4x6p_621,6.770,-6.7080
4x6p,4x6p_623,3.230,-1.8650
4x6p,4x6p_636,4.200,-19.3410
4x6p,4x6p_637,1.990,-9.8160
4x6p,4x6p_642,6.090,-2.6200
4x6p,4x6p_644,5.940,-4.7450
4x6p,4x6p_646,7.890,-3.2380
4x6p,4x6p_649,2.780,-9.5650
4x6p,4x6p_650,5.190,-6.8240
4x6p,4x6p_653,7.400,-4.6410
4x6p,4x6p_25,9.170,7.2650
4x6p,4x6p_254,0.570,6.3180
4x6p,4x6p_265,1.540,3.3130
4x6p,4x6p_277,2.430,6.9460
4x6p,4x6p_300,2.280,5.5610
4x6p,4x6p_304,4.110,7.0330
4x6p,4x6p_312,0.670,10.0570
4x6p,4x6p_316,9.820,8.0250
4x6p,4x6p_324,0.630,9.6370
4x6p,4x6p_33,9.140,6.9370
4x6p,4x6p_344,2.810,7.8520
4x6p,4x6p_346,4.680,7.6690
4x6p,4x6p_380,7.370,8.2010
4x6p,4x6p_381,0.920,8.9830
4x6p,4x6p_398,1.590,8.2050
4x6p,4x6p_401,2.910,-15.2040
4x6p,4x6p_657,6.200,3.0670
4x6p,4x6p_665,9.470,1.0730
4x6p,4x6p_666,3.850,-9.1150
4x6p,4x6p_667,4.880,-8.3180
4x6p,4x6p_668,5.820,1.5210
4x6p,4x6p_674,4.200,0.4550
4x6p,4x6p_688,3.890,-5.1980
4x6p,4x6p_689,6.920,-4.8080
4x6p,4x6p_693,6.830,-13.4790
4x6p,4x6p_696,3.750,0.0230
4x6p,4x6p_706,0.910,8.1420
4x6p,4x6p_820,1.690,7.2400
4x6p,4x6p_835,2.000,7.9830
4x6p,4x6p_876,1.710,7.4500
4x6p,4x6p_889,0.850,7.8850
4x6p,4x6p_89,9.960,4.0520
5c2h,5c2h_160,8.870,5.9170
5c2h,5c2h_204,0.870,6.5650
5c2h,5c2h_216,0.960,8.3270
5c2h,5c2h_240,0.460,9.7750
5c2h,5c2h_244,0.590,9.0750
5c2h,5c2h_247,0.940,7.8670
5c2h,5c2h_251,6.900,2.1660
5c2h,5c2h_252,1.950,7.9860
5c2h,5c2h_256,0.790,7.1700
5c2h,5c2h_259,0.510,7.1700
5c2h,5c2h_274,1.380,7.7280
5c2h,5c2h_292,1.020,7.6700
5c2h,5c2h_295,1.650,5.0920
5c2h,5c2h_308,8.100,7.7440
5c2h,5c2h_352,1.910,8.7590
5c2h,5c2h_394,7.980,7.3030
5c2h,5c2h_405,2.880,-6.7680
5c2h,5c2h_406,9.660,-18.7780
5c2h,5c2h_421,9.570,-0.8120
5c2h,5c2h_424,3.920,-3.8550
5c2h,5c2h_427,8.120,-10.6610
5c2h,5c2h_431,8.500,-14.2560
5c2h,5c2h_432,5.760,-2.0090
5c2h,5c2h_444,7.910,-12.9120
5c2h,5c2h_457,4.840,-15.1690
5c2h,5c2h_462,5.780,3.0170
5c2h,5c2h_467,9.170,-25.3740
5c2h,5c2h_471,2.170,-2.6390
5c2h,5c2h_475,9.420,-6.2880
5c2h,5c2h_48,4.700,6.4480
5c2h,5c2h_481,8.080,-14.0190
5c2h,5c2h_482,2.390,-14.4200
5c2h,5c2h_484,6.860,-1.6400
5c2h,5c2h_486,3.890,-13.3050
5c2h,5c2h_496,7.720,-13.8610
5c2h,5c2h_500,6.770,-10.3850
5c2h,5c2h_507,2.340,1.2400
5c2h,5c2h_509,5.050,-3.4380
5c2h,5c2h_513,8.700,4.3090
5c2h,5c2h_516,3.430,0.3010
5c2h,5c2h_517,4.260,-4.1000
5c2h,5c2h_519,3.600,-8.3570
5c2h,5c2h_520,4.720,-3.1450
5c2h,5c2h_524,1.790,-1.7960
5c2h,5c2h_533,3.100,-5.5670
5c2h,5c2h_536,3.120,-0.6320
5c2h,5c2h_537,2.540,-1.3980
5c2h,5c2h_544,6.420,1.3550
5c2h,5c2h_545,5.420,3.6740
5c2h,5c2h_547,9.480,0.3640
5c2h,5c2h_548,8.940,-3.7070
5c2h,5c2h_553,4.170,-7.2720
5c2h,5c2h_561,5.060,2.9090
5c2h,5c2h_565,2.620,-6.7740
5c2h,5c2h_566,7.000,2.7320
5c2h,5c2h_572,7.600,-8.4570
5c2h,5c2h_575,5.090,-4.6610
5c2h,5c2h_576,2.320,3.1340
5c2h,5c2h_579,4.820,-2.1930
5c2h,5c2h_585,8.840,-8.6190
5c2h,5c2h_597,7.720,-1.1360
5c2h,5c2h_599,9.060,-3.4890
5c2h,5c2h_602,2.000,-6.5280
5c2h,5c2h_608,6.900,-4.9120
5c2h,5c2h_611,4.510,-2.0920
5c2h,5c2h_613,1.990,-0.6560
5c2h,5c2h_624,7.400,1.5270
5c2h,5c2h_627,7.890,1.0890
5c2h,5c2h_640,7.720,-9.4550
5c2h,5c2h_641,8.580,-8.8160
5c2h,5c2h_644,4.180,-2.6210
5c2h,5c2h_646,1.690,2.0060
5c2h,5c2h_816,5.630,2.2130
5c2h,5c2h_831,3.470,0.0440
5c2h,5c2h_848,2.850,1.6190
5c2h,5c2h_860,9.240,3.8500
5c2h,5c2h_89,9.800,5.6700
5c2h,5c2h_910,3.070,6.9790
5c2h,5c2h_922,2.290,5.4010
5c2h,5c2h_940,5.980,4.3180
5c2h,5c2h_649,3.210,-4.7180
5c2h,5c2h_651,1.840,-17.6120
5c2h,5c2h_653,7.750,-1.4800
5c2h,5c2h_657,5.350,3.9500
5c2h,5c2h_663,6.900,-2.3600
5c2h,5c2h_666,2.280,-9.7910
5c2h,5c2h_682,4.960,-3.1090
5c2h,5c2h_686,6.590,-1.6870
5c2h,5c2h_696,3.900,-0.6530
5c2h,5c2h_697,8.600,5.7330
5c2h,5c2h_698,4.140,2.7240
5c2h,5c2h_700,9.080,1.9340
5c2h,5c2h_756,6.430,4.7720
5c2h,5c2h_758,7.700,4.7080
5c2h,5c2h_764,5.760,3.0310
5c2h,5c2h_775,6.650,3.2760
5dwr,5dwr_144,0.350,8.8460
5dwr,5dwr_148,1.150,8.3470
5dwr,5dwr_157,0.820,8.3780
5dwr,5dwr_162,1.340,8.0910
5dwr,5dwr_166,0.770,9.3250
5dwr,5dwr_193,0.940,7.9130
5dwr,5dwr_200,0.420,8.0760
5dwr,5dwr_215,0.570,9.6020
5dwr,5dwr_610,2.550,4.7370
5dwr,5dwr_612,1.810,1.0750
5dwr,5dwr_614,1.900,-0.2140
5dwr,5dwr_626,6.760,-2.8480
5dwr,5dwr_628,6.720,-5.0850
5dwr,5dwr_633,1.780,-8.8230
5dwr,5dwr_635,6.320,-0.8940
5dwr,5dwr_636,7.880,-0.4130
5dwr,5dwr_412,4.510,-17.1110
5dwr,5dwr_419,2.960,-6.8570
5dwr,5dwr_425,4.120,-6.2860
5dwr,5dwr_431,2.480,6.1490
5dwr,5dwr_441,3.870,-20.6400
5dwr,5dwr_442,5.060,-2.2670
5dwr,5dwr_451,1.790,-19.5370
5dwr,5dwr_461,3.930,-20.3450
5dwr,5dwr_637,2.920,-11.9040
5dwr,5dwr_638,5.370,-8.6780
5dwr,5dwr_640,4.120,-7.7520
5dwr,5dwr_642,3.360,-10.5390
5dwr,5dwr_649,7.510,2.9100
5dwr,5dwr_654,3.710,0.3900
5dwr,5dwr_663,7.600,4.3660
5dwr,5dwr_666,6.420,4.4770
5dwr,5dwr_286,0.740,8.9670
5dwr,5dwr_289,0.540,9.7890
5dwr,5dwr_297,1.010,9.8400
5dwr,5dwr_312,7.440,7.7220
5dwr,5dwr_382,0.460,10.3710
5dwr,5dwr_401,4.050,0.8320
5dwr,5dwr_404,1.370,0.7760
5dwr,5dwr_411,4.690,-4.8370
5dwr,5dwr_559,6.270,-2.2830
5dwr,5dwr_560,5.170,-2.4710
5dwr,5dwr_568,5.730,-2.5310
5dwr,5dwr_574,6.430,-3.4100
5dwr,5dwr_584,7.230,-1.5210
5dwr,5dwr_588,8.110,-3.6940
5dwr,5dwr_598,8.080,2.7070
5dwr,5dwr_604,6.550,-14.1730
5tmn,5tmn_540,3.880,-4.4460
5tmn,5tmn_541,2.700,-2.3150
5tmn,5tmn_551,7.530,-1.1630
5tmn,5tmn_552,6.690,-8.5140
5tmn,5tmn_553,6.490,-13.5470
5tmn,5tmn_559,3.950,-11.5920
5tmn,5tmn_566,6.840,-9.7170
5tmn,5tmn_582,6.180,-1.5670
5dwr,5dwr_693,5.020,-2.4400
5dwr,5dwr_695,2.130,-12.9470
5dwr,5dwr_697,7.480,-1.6890
5dwr,5dwr_699,3.970,-2.8310
5dwr,5dwr_702,2.700,5.5190
5dwr,5dwr_710,6.350,3.2920
5dwr,5dwr_711,6.540,5.5590
5dwr,5dwr_720,8.820,3.0500
5dwr,5dwr_669,3.110,-16.4590
5dwr,5dwr_671,3.950,-4.5410
5dwr,5dwr_675,2.250,1.5090
5dwr,5dwr_676,8.490,1.2920
5dwr,5dwr_677,7.740,-0.9340
5dwr,5dwr_680,5.450,2.1090
5dwr,5dwr_686,6.090,-4.2560
5dwr,5dwr_691,3.240,-10.4850
5dwr,5dwr_498,5.690,-6.9940
5dwr,5dwr_504,1.770,-2.6360
5dwr,5dwr_508,4.810,-1.5410
5dwr,5dwr_518,4.850,1.2260
5dwr,5dwr_521,4.080,-1.6160
5dwr,5dwr_527,5.550,-1.1970
5dwr,5dwr_534,7.120,1.9380
5dwr,5dwr_542,3.440,-8.8520
5dwr,5dwr_466,5.940,-2.7070
5dwr,5dwr_467,5.260,-10.5350
5dwr,5dwr_475,2.580,-16.1990
5dwr,5dwr_480,7.060,-15.9530
5dwr,5dwr_484,3.680,-16.7050
5dwr,5dwr_489,1.810,-20.5340
5dwr,5dwr_490,4.530,-1.4820
5dwr,5dwr_497,4.090,-8.8970
5tmn,5tmn_858,1.710,3.3280
5tmn,5tmn_870,7.850,5.1720
5tmn,5tmn_88,7.800,6.1310
5tmn,5tmn_892,3.340,3.4540
5tmn,5tmn_950,0.930,5.0240
5tmn,5tmn_976,2.680,4.9490
5tmn,5tmn_996,1.960,3.6800
5dwr,5dwr_745,2.190,1.8710
5dwr,5dwr_76,2.990,7.2670
5dwr,5dwr_875,7.090,4.2580
5dwr,5dwr_96,0.840,6.9980
5tmn,5tmn_117,9.520,4.0350
5tmn,5tmn_125,9.340,5.5830
5tmn,5tmn_141,9.210,5.0260
5tmn,5tmn_142,8.730,6.0850
5tmn,5tmn_155,7.820,4.8620
5tmn,5tmn_161,8.330,4.9360
5tmn,5tmn_162,7.230,5.3770
5tmn,5tmn_197,6.670,4.9190
5tmn,5tmn_199,9.070,4.5480
5tmn,5tmn_203,9.330,5.1130
5tmn,5tmn_210,3.660,2.7130
5tmn,5tmn_219,1.890,2.0490
5tmn,5tmn_588,4.230,-8.8470
5tmn,5tmn_592,9.800,-0.8020
5tmn,5tmn_596,8.160,-5.7560
5tmn,5tmn_609,2.770,-11.2280
5tmn,5tmn_61,8.160,6.1460
5tmn,5tmn_624,3.560,-12.0100
5tmn,5tmn_639,5.420,-4.1580
5tmn,5tmn_640,4.140,-10.9250
5tmn,5tmn_643,5.010,0.4390
5tmn,5tmn_649,6.000,-17.2750
5tmn,5tmn_654,7.900,-13.5310
5tmn,5tmn_659,5.770,-12.0810
5tmn,5tmn_681,5.290,-16.2660
5tmn,5tmn_685,7.280,2.2050
5tmn,5tmn_695,7.710,-6.0290
5tmn,5tmn_700,4.460,-5.9790
5tmn,5tmn_35,7.740,5.7340
5tmn,5tmn_357,9.710,5.1260
5tmn,5tmn_362,8.330,4.7360
5tmn,5tmn_375,4.000,5.1540
5tmn,5tmn_38,9.240,5.9740
5tmn,5tmn_452,5.320,-8.4690
5tmn,5tmn_462,7.280,-15.2940
5tmn,5tmn_464,2.910,-13.4920
5tmn,5tmn_465,8.100,-7.9360
5tmn,5tmn_468,4.320,-20.5700
5tmn,5tmn_498,8.100,-18.9710
5tmn,5tmn_513,5.410,-4.5480
5tmn,5tmn_518,6.760,-15.6820
5tmn,5tmn_526,5.530,-15.4560
5tmn,5tmn_535,6.810,-5.7540
5tmn,5tmn_537,4.870,-7.9620
5tmn,5tmn_273,5.550,1.2710
5tmn,5tmn_284,2.450,5.0050
5tmn,5tmn_288,3.990,1.1030
5tmn,5tmn_29,3.580,4.1250
5tmn,5tmn_297,8.800,2.2720
5tmn,5tmn_302,8.950,5.8130
5tmn,5tmn_303,6.380,6.0170
5tmn,5tmn_326,8.910,6.3830
5tmn,5tmn_22,4.430,5.2510
5tmn,5tmn_222,6.330,1.0720
5tmn,5tmn_223,3.000,3.6080
5tmn,5tmn_226,3.110,3.4720
5tmn,5tmn_232,4.270,0.6790
5tmn,5tmn_236,5.210,3.2060
5tmn,5tmn_254,4.930,2.2610
5tmn,5tmn_261,9.340,2.7760
5tmn,5tmn_780,4.660,2.1330
5tmn,5tmn_782,1.890,3.7390
5tmn,5tmn_783,2.360,5.0600
5tmn,5tmn_786,9.020,3.5560
5tmn,5tmn_791,4.660,3.8030
5tmn,5tmn_792,1.970,2.7150
5tmn,5tmn_797,6.240,2.8150
5tmn,5tmn_799,2.300,3.2280
5tmn,5tmn_707,1.730,5.8690
5tmn,5tmn_717,1.710,4.2990
5tmn,5tmn_725,1.920,3.5260
5tmn,5tmn_741,3.730,5.4500
5tmn,5tmn_742,2.460,6.2880
5tmn,5tmn_754,1.410,2.5500
5tmn,5tmn_756,2.480,5.4010
5tmn,5tmn_758,1.800,3.7060
