pdbid,pose,native_score
1a30,1a30_128,19.510308166018
1a30,1a30_130,32.61824013971301
1a30,1a30_139,30.9289661553064
1a30,1a30_140,24.51397109391842
1a30,1a30_144,32.084678051004325
1a30,1a30_167,29.251070184140055
1a30,1a30_170,30.64694013776132
1a30,1a30_186,26.695048405097864
1a30,1a30_187,23.322548841873974
1a30,1a30_22,27.78302994391037
1a30,1a30_221,33.57330968201987
1a30,1a30_222,22.40518477236276
1a30,1a30_267,29.32212254747923
1a30,1a30_270,18.13817562652493
1a30,1a30_284,20.93850135324781
1a30,1a30_296,17.947111105787567
1a30,1a30_314,27.511671850189494
1a30,1a30_319,32.55451748648455
1a30,1a30_336,32.46537679409552
1a30,1a30_348,30.287769056860007
1a30,1a30_35,27.4420059427716
1a30,1a30_353,28.759522690672725
1a30,1a30_388,28.357680687252756
1a30,1a30_407,17.653301143722842
1a30,1a30_418,22.993567152654656
1a30,1a30_450,22.65399826388008
1a30,1a30_452,24.010456506201724
1a30,1a30_490,27.25678734262157
1a30,1a30_498,20.67124162481965
1a30,1a30_538,24.055440110599697
1a30,1a30_559,20.88957380208293
1a30,1a30_569,19.21741249675477
1a30,1a30_577,16.360476841016432
1a30,1a30_6,15.519774041996502
1a30,1a30_653,17.732492931435488
1a30,1a30_664,18.973315820889773
1a30,1a30_667,19.436718937915508
1a30,1a30_670,22.66568050058868
1a30,1a30_671,24.906013796341664
1a30,1a30_704,29.149470060168092
1a30,1a30_705,30.38741154831823
1a30,1a30_706,30.2712022665094
1a30,1a30_709,28.85465757878403
1a30,1a30_712,29.078965828023417
1a30,1a30_718,27.850906900467336
1a30,1a30_731,28.82831169261413
1a30,1a30_733,13.902277489929276
1a30,1a30_736,14.81540557283057
1a30,1a30_743,29.65182248762823
1a30,1a30_744,14.295798945418976
1a30,1a30_747,15.960335511002736
1a30,1a30_75,19.12202726305163
1a30,1a30_754,15.024118006647162
1a30,1a30_759,26.812625638203123
1a30,1a30_797,30.64678700321728
1a30,1a30_828,26.241343668278788
1a30,1a30_86,27.120149486733997
1a30,1a30_868,18.001750662979784
1a30,1a30_87,19.56147451733893
1a30,1a30_883,20.349233857629454
1a30,1a30_899,17.837220420705414
1a30,1a30_90,23.022345517108462
1a30,1a30_920,20.101626860602625
1a30,1a30_935,19.30950438597765
1a30,1a30_938,19.080978782999253
1a30,1a30_940,28.55604780220902
1a30,1a30_942,21.50495093477945
1a30,1a30_944,19.61544984728247
1a30,1a30_955,18.002660715133345
1a30,1a30_972,18.38711759856409
1a30,1a30_985,17.31042457810394
1a30,1a30_992,25.833990078315068
1a30,1a30_997,19.790139647068216
1a30,1a30_999,20.9924152741097
1bcu,1bcu_11,25.33934482441892
1bcu,1bcu_220,20.673579953001468
1bcu,1bcu_270,18.051952410318385
1bcu,1bcu_309,22.158532906986803
1bcu,1bcu_33,22.71688905408526
1bcu,1bcu_334,24.635864552520413
1bcu,1bcu_362,22.59127811229548
1bcu,1bcu_397,19.0783091841384
1bcu,1bcu_406,23.781698595372447
1bcu,1bcu_424,19.273636711008088
1bcu,1bcu_442,22.810895950715132
1bcu,1bcu_451,20.262308312461425
1bcu,1bcu_454,18.545526487074653
1bcu,1bcu_462,15.356989103673348
1bcu,1bcu_469,22.76369103186183
1bcu,1bcu_473,23.296396711669477
1bcu,1bcu_479,16.50403987074114
1bcu,1bcu_483,16.59548422192346
1bcu,1bcu_495,16.138380505107445
1bcu,1bcu_564,3.051193507928682
1bcu,1bcu_585,3.386980272341181
1bcu,1bcu_591,6.915697821480759
1bcu,1bcu_595,10.084013180339731
1bcu,1bcu_608,3.5589802065901504
1bcu,1bcu_617,15.15553729640575
1bcu,1bcu_634,19.03940965731186
1bcu,1bcu_653,18.94064735224763
1bcu,1bcu_661,19.587995410462533
1bcu,1bcu_684,18.77819010176741
1bcu,1bcu_695,12.554398876311224
1bcu,1bcu_701,17.451624129601683
1bcu,1bcu_703,22.51646465642684
1bcu,1bcu_708,4.335615736401907
1bcu,1bcu_712,6.011226559794968
1bcu,1bcu_715,7.0423357944620175
1bcu,1bcu_717,2.410848286698736
1bcu,1bcu_718,0.6064823284689268
1bcu,1bcu_720,9.06939507179711
1bcu,1bcu_725,1.7537907333664668
1bcu,1bcu_729,6.6520801695926055
1bcu,1bcu_738,5.509204621575878
1bcu,1bcu_741,1.6601483319819732
1bcu,1bcu_742,1.3917505489131143
1bcu,1bcu_745,1.5780766737821896
1bcu,1bcu_749,6.506760090957915
1bcu,1bcu_752,3.657436503651879
1bcu,1bcu_753,1.4378282773782018
1bcu,1bcu_754,2.130255603528038
1bcu,1bcu_756,4.762702669723527
1bcu,1bcu_758,1.566153393248932
1bcu,1bcu_761,0.4341245038916648
1bcu,1bcu_764,1.5075665232206863
1bcu,1bcu_765,3.0221885589949453
1bcu,1bcu_772,5.355397396771958
1bcu,1bcu_773,1.1978676275139597
1bcu,1bcu_777,1.0414508467523007
1bcu,1bcu_778,1.1080237436714258
1bcu,1bcu_782,1.095016148129961
1bcu,1bcu_788,0.701900599703568
1bcu,1bcu_790,0.3173105640020848
1bcu,1bcu_803,16.806481697928746
1bcu,1bcu_806,19.59860348333271
1bcu,1bcu_813,4.953074461101055
1bcu,1bcu_825,19.61460433513748
1bcu,1bcu_828,10.738853479167595
1bcu,1bcu_829,9.638612858260466
1bcu,1bcu_843,3.980486712026348
1bcu,1bcu_850,3.043962899961984
1bcu,1bcu_852,11.473556583128708
1bcu,1bcu_855,2.2717880924728786
1bcu,1bcu_862,0.0976407258041971
1bcu,1bcu_869,8.050231892389077
1bcu,1bcu_878,7.276103543633359
1bcu,1bcu_881,3.78168622835402
1bcu,1bcu_885,4.16018370956118
1bcu,1bcu_886,3.232906217690011
1bcu,1bcu_887,5.98733235076153
1bcu,1bcu_888,3.241475729621246
1bcu,1bcu_890,8.298943918378141
1bcu,1bcu_893,4.318047464105553
1bcu,1bcu_898,3.3291464898709098
1bcu,1bcu_903,20.63250718073701
1bcu,1bcu_915,3.497809225443024
1bcu,1bcu_919,13.331927241050112
1bcu,1bcu_920,6.80068818698571
1bcu,1bcu_923,18.56628313478229
1bcu,1bcu_931,4.016249003352847
1bcu,1bcu_933,6.486549125508745
1bcu,1bcu_939,5.130193959094016
1bcu,1bcu_949,5.567942978648427
1bcu,1bcu_967,9.974451721516257
1bcu,1bcu_971,2.809690022815994
1bcu,1bcu_977,8.240586916818271
1bcu,1bcu_980,4.627726582934226
1bcu,1bcu_981,6.986581739773788
1bcu,1bcu_983,5.162295553026975
1bcu,1bcu_984,1.10591214036888
1bcu,1bcu_989,4.390020450525717
1bcu,1bcu_991,3.8797038017101055
1bcu,1bcu_996,12.71287275119943
1bzc,1bzc_101,38.90924011633327
1bzc,1bzc_111,40.33866213169257
1bzc,1bzc_142,53.103860501573
1bzc,1bzc_190,51.41076477945769
1bzc,1bzc_217,51.31439855717103
1bzc,1bzc_223,54.03284399508169
1bzc,1bzc_225,50.00457306224936
1bzc,1bzc_260,47.51350060478278
1bzc,1bzc_265,49.76551437566237
1bzc,1bzc_300,50.17440272021841
1bzc,1bzc_323,54.7627635314332
1bzc,1bzc_375,53.42939448920041
1bzc,1bzc_409,20.900777910956485
1bzc,1bzc_412,27.365715001243217
1bzc,1bzc_414,26.618995215956875
1bzc,1bzc_427,25.344145800640543
1bzc,1bzc_43,53.130241611588175
1bzc,1bzc_439,27.751875898347052
1bzc,1bzc_440,31.49682575977217
1bzc,1bzc_443,22.1368908230267
1bzc,1bzc_449,20.32572688014131
1bzc,1bzc_461,33.1337235371279
1bzc,1bzc_463,21.133867787131315
1bzc,1bzc_464,25.16048829010947
1bzc,1bzc_466,30.612586941061497
1bzc,1bzc_469,36.98139781246875
1bzc,1bzc_473,24.42651042731975
1bzc,1bzc_481,28.53291825866702
1bzc,1bzc_487,29.660446560438047
1bzc,1bzc_502,42.40904268684795
1bzc,1bzc_504,34.18334284434497
1bzc,1bzc_522,42.38747223689561
1bzc,1bzc_524,32.33593266904984
1bzc,1bzc_526,34.09548127423895
1bzc,1bzc_527,46.00293561981166
1bzc,1bzc_530,36.91299127502096
1bzc,1bzc_539,33.01743981872717
1bzc,1bzc_546,27.565639894682224
1bzc,1bzc_549,37.792643175638034
1bzc,1bzc_556,43.20334611789261
1bzc,1bzc_558,24.954679602841527
1bzc,1bzc_566,22.59945309020071
1bzc,1bzc_577,31.247077074794426
1bzc,1bzc_579,37.99457017807219
1bzc,1bzc_588,29.633010366560487
1bzc,1bzc_592,32.306634171856366
1bzc,1bzc_593,38.35105270359297
1bzc,1bzc_597,38.28624916211909
1bzc,1bzc_608,11.965300791959349
1bzc,1bzc_611,31.036177618880316
1bzc,1bzc_614,28.85565402613097
1bzc,1bzc_615,9.44195557936292
1bzc,1bzc_620,10.368308574348776
1bzc,1bzc_622,23.14123781134296
1bzc,1bzc_625,25.000296316333863
1bzc,1bzc_629,26.45193186519028
1bzc,1bzc_633,26.5538249255242
1bzc,1bzc_644,20.0723474525258
1bzc,1bzc_651,29.13453513701577
1bzc,1bzc_652,25.554975398393054
1bzc,1bzc_659,10.11307452395128
1bzc,1bzc_660,9.013592035194172
1bzc,1bzc_664,16.50036998217498
1bzc,1bzc_666,23.343205518043867
1bzc,1bzc_669,33.418940576184355
1bzc,1bzc_670,15.593425253131937
1bzc,1bzc_671,20.12577802449153
1bzc,1bzc_674,27.057933225577408
1bzc,1bzc_677,25.571345236869607
1bzc,1bzc_681,16.627697901900007
1bzc,1bzc_682,11.138317483223071
1bzc,1bzc_686,14.352384161303306
1bzc,1bzc_688,19.848001055527583
1bzc,1bzc_690,15.58745351941875
1bzc,1bzc_694,30.252045820212903
1bzc,1bzc_700,27.858047316868475
1bzc,1bzc_709,52.86486391640735
1bzc,1bzc_778,22.92585669876136
1bzc,1bzc_963,46.174130414058006
1c5z,1c5z_247,25.694286750536182
1c5z,1c5z_258,22.753448302913878
1c5z,1c5z_3,27.45134195741819
1c5z,1c5z_402,23.443745660647128
1c5z,1c5z_415,16.018043766801693
1c5z,1c5z_425,21.25725107584676
1c5z,1c5z_427,21.09976522028808
1c5z,1c5z_431,21.196870253210676
1c5z,1c5z_438,15.33309339139733
1c5z,1c5z_449,23.77712980498552
1c5z,1c5z_452,25.933768467444093
1c5z,1c5z_460,21.05816004993172
1c5z,1c5z_465,21.229617590746187
1c5z,1c5z_482,19.75423949734404
1c5z,1c5z_509,3.957240621188903
1c5z,1c5z_516,3.494156276505855
1c5z,1c5z_519,13.20998698570899
1c5z,1c5z_520,7.231395301379025
1c5z,1c5z_530,20.603203895458208
1c5z,1c5z_536,4.4681622416935465
1c5z,1c5z_537,19.449886226528044
1c5z,1c5z_542,7.51078832073013
1c5z,1c5z_544,5.457156228301504
1c5z,1c5z_546,10.594772469978944
1c5z,1c5z_556,10.618113319542871
1c5z,1c5z_558,13.561733228311263
1c5z,1c5z_563,10.201731631352676
1c5z,1c5z_564,18.58672712245246
1c5z,1c5z_577,17.363788928564706
1c5z,1c5z_583,3.9833378724651305
1c5z,1c5z_586,17.42546621303656
1c5z,1c5z_590,6.388555625944172
1c5z,1c5z_593,13.66927030985419
1c5z,1c5z_596,11.16714676126177
1c5z,1c5z_607,23.51417032599377
1c5z,1c5z_613,14.6260020470639
1c5z,1c5z_627,20.874746243097334
1c5z,1c5z_642,17.358072683431832
1c5z,1c5z_661,19.263645601376343
1c5z,1c5z_665,18.36913325069128
1c5z,1c5z_698,17.182331725328368
1c5z,1c5z_700,20.92969294770717
1c5z,1c5z_711,11.612747139999586
1c5z,1c5z_715,6.693701368039816
1c5z,1c5z_722,4.607271751257595
1c5z,1c5z_733,2.247211012476217
1c5z,1c5z_734,13.225949092650678
1c5z,1c5z_738,4.416636813770973
1c5z,1c5z_739,2.229883367908561
1c5z,1c5z_741,5.781292835522479
1c5z,1c5z_743,1.5946732071881882
1c5z,1c5z_753,2.661883955840161
1c5z,1c5z_754,5.455383305059515
1c5z,1c5z_759,9.337311020534289
1c5z,1c5z_761,3.628320157559166
1c5z,1c5z_763,2.5631318793529667
1c5z,1c5z_765,1.3990128369374504
1c5z,1c5z_766,1.2697724959386631
1c5z,1c5z_776,17.508357460447247
1c5z,1c5z_781,10.06492336398605
1c5z,1c5z_790,9.682348768006587
1c5z,1c5z_8,27.31533856744991
1c5z,1c5z_804,10.275202990016178
1c5z,1c5z_805,7.950966528325281
1c5z,1c5z_811,11.457500101144246
1c5z,1c5z_826,7.532498864635689
1c5z,1c5z_828,7.461233228222743
1c5z,1c5z_829,2.257067253001188
1c5z,1c5z_836,2.3425499849850686
1c5z,1c5z_839,14.137227577735132
1c5z,1c5z_840,1.8339663639908117
1c5z,1c5z_844,6.32114921466192
1c5z,1c5z_862,5.748559395289853
1c5z,1c5z_892,9.78891074575347
1c5z,1c5z_898,8.1569798947786
1c5z,1c5z_931,13.04643413597426
1c5z,1c5z_937,2.022478013611118
1c5z,1c5z_953,2.048874966474811
1c5z,1c5z_955,2.444580495044343
1c5z,1c5z_959,9.541621282637992
1e66,1e66_158,52.511792994235904
1e66,1e66_247,44.83963069461907
1e66,1e66_402,41.659655322806
1e66,1e66_404,40.20679255490112
1e66,1e66_406,40.35888849332811
1e66,1e66_412,44.568993869457046
1e66,1e66_419,33.46723903058049
1e66,1e66_422,43.110920149933456
1e66,1e66_429,32.13772227737976
1e66,1e66_440,30.6586584089519
1e66,1e66_442,26.03035047773573
1e66,1e66_466,28.50831590737216
1e66,1e66_467,32.380806735653834
1e66,1e66_468,34.381261628573924
1e66,1e66_477,31.550385630229457
1e66,1e66_483,36.07674439958988
1e66,1e66_484,34.38993163171507
1e66,1e66_489,23.89510240308602
1e66,1e66_495,31.314707777095023
1e66,1e66_498,19.043459922438664
1e66,1e66_504,30.803830206200917
1e66,1e66_505,28.94414849774624
1e66,1e66_550,22.07996912880433
1e66,1e66_551,15.42614999511644
1e66,1e66_552,16.16869745538581
1e66,1e66_553,16.867191968909925
1e66,1e66_573,26.26128510864339
1e66,1e66_574,17.316226784406023
1e66,1e66_577,17.306929655858976
1e66,1e66_587,25.72862114299453
1e66,1e66_589,36.65403264275298
1e66,1e66_591,13.507556769596974
1e66,1e66_617,17.33799909199078
1e66,1e66_633,19.357901746727777
1e66,1e66_656,27.50333688323788
1e66,1e66_661,28.593526676285087
1e66,1e66_678,32.57819753409491
1e66,1e66_700,32.347047579375285
1e66,1e66_702,24.319059112172717
1e66,1e66_712,38.33025288670103
1e66,1e66_733,19.283450602291705
1e66,1e66_744,23.948616193594503
1e66,1e66_746,24.0919402936004
1e66,1e66_754,25.178820983761742
1e66,1e66_755,23.168640724776765
1e66,1e66_761,30.344539301634025
1e66,1e66_763,18.973193216097695
1e66,1e66_767,25.685706744366097
1e66,1e66_768,28.22320376648705
1e66,1e66_771,20.5060588495318
1e66,1e66_772,23.07473696011453
1e66,1e66_774,33.92734065549799
1e66,1e66_787,49.15770464384022
1e66,1e66_806,24.419538215042056
1e66,1e66_807,26.08855082129221
1e66,1e66_810,21.631080775293785
1e66,1e66_823,20.256484378215024
1e66,1e66_841,31.132918019642787
1e66,1e66_842,25.127367783089586
1e66,1e66_859,26.567030370362097
1e66,1e66_860,33.7809133938887
1e66,1e66_862,28.228202761210333
1e66,1e66_863,33.46372758256299
1e66,1e66_865,20.916825453088347
1e66,1e66_867,21.37834320528666
1e66,1e66_870,23.7168133930434
1e66,1e66_891,41.89883967404501
1e66,1e66_907,39.9494206371069
1e66,1e66_909,44.25607870089393
1e66,1e66_921,20.929678161252635
1eby,1eby_169,14.9834406628449
1eby,1eby_211,78.3491916690784
1eby,1eby_217,70.85354773515579
1eby,1eby_218,51.7369609192106
1eby,1eby_223,71.60923244601031
1eby,1eby_231,57.282394329562784
1eby,1eby_233,64.60694736626024
1eby,1eby_237,45.07862287656772
1eby,1eby_238,74.05913868593179
1eby,1eby_244,70.96934571000617
1eby,1eby_245,51.11075693862201
1eby,1eby_255,44.34023349572124
1eby,1eby_259,33.88392034076138
1eby,1eby_262,71.7552115179393
1eby,1eby_265,73.34226282276238
1eby,1eby_266,59.808723904387925
1eby,1eby_269,75.83115199506445
1eby,1eby_271,53.11434126673805
1eby,1eby_279,61.65788332214073
1eby,1eby_294,61.64761280169706
1eby,1eby_295,78.07337772299803
1eby,1eby_297,36.12409996713212
1eby,1eby_299,76.42561396496299
1eby,1eby_326,45.73096386505996
1eby,1eby_350,25.430803202918
1eby,1eby_361,81.31976578254091
1eby,1eby_364,77.33269954249891
1eby,1eby_372,15.241501973282023
1eby,1eby_414,41.77064152639448
1eby,1eby_416,43.404168428938064
1eby,1eby_444,42.19308495227212
1eby,1eby_447,41.91339424270361
1eby,1eby_453,36.374478500718354
1eby,1eby_456,24.77231939867284
1eby,1eby_464,35.81401127674201
1eby,1eby_470,39.623521456602354
1eby,1eby_472,45.09541358650591
1eby,1eby_473,45.24645168106831
1eby,1eby_477,28.69336511556585
1eby,1eby_481,34.414535796089034
1eby,1eby_488,33.69129971267788
1eby,1eby_490,29.46414057072064
1eby,1eby_493,29.485845771157333
1eby,1eby_499,32.593623535813215
1eby,1eby_503,17.703923452695815
1eby,1eby_507,19.5702638658352
1eby,1eby_514,36.38417650618643
1eby,1eby_517,23.42528416593923
1eby,1eby_519,26.854884049308176
1eby,1eby_531,29.2165536634111
1eby,1eby_532,20.00735239083662
1eby,1eby_535,15.642200449262928
1eby,1eby_538,24.560537162798568
1eby,1eby_540,26.55468735040573
1eby,1eby_548,26.145462502630632
1eby,1eby_556,19.576768448593874
1eby,1eby_563,22.032629868765024
1eby,1eby_569,17.212631253377335
1eby,1eby_571,24.41248309403769
1eby,1eby_572,15.485905575227129
1eby,1eby_573,13.917379947834918
1eby,1eby_575,24.76309258030881
1eby,1eby_576,29.685415388608337
1eby,1eby_580,19.971627654247328
1eby,1eby_582,14.84531433628924
1eby,1eby_584,19.032893117581875
1eby,1eby_595,12.064198837168984
1eby,1eby_597,20.206385474435532
1eby,1eby_600,12.92174343601118
1eby,1eby_634,23.865198610116924
1eby,1eby_641,15.715090688023338
1eby,1eby_645,14.228505045286068
1eby,1eby_647,17.626660419271705
1eby,1eby_649,17.680117681107458
1eby,1eby_658,31.132872543517728
1eby,1eby_659,15.670601343312258
1eby,1eby_667,22.35844334862831
1eby,1eby_673,18.958241912251147
1eby,1eby_688,19.928853842884948
1eby,1eby_689,19.583320826608837
1eby,1eby_694,15.304867230017104
1eby,1eby_731,49.98255344189711
1eby,1eby_741,26.303297956030644
1eby,1eby_751,18.904364552401056
1eby,1eby_763,29.04640893004025
1eby,1eby_767,23.387782581021707
1eby,1eby_769,26.773466534843863
1eby,1eby_770,31.193955976597863
1eby,1eby_771,15.461676047397129
1eby,1eby_772,33.57998968835069
1eby,1eby_773,22.009906908245057
1eby,1eby_774,29.53322003066071
1eby,1eby_777,14.871362763937231
1eby,1eby_779,30.796090682820545
1eby,1eby_791,35.861024434518576
1eby,1eby_792,23.533555371178103
1eby,1eby_803,55.532455336868
1eby,1eby_813,54.8651149437862
1eby,1eby_826,34.78520388674535
1eby,1eby_848,58.81183086757292
1g2k,1g2k_209,53.192972851334176
1g2k,1g2k_225,59.43245340128977
1g2k,1g2k_242,62.857959592424585
1g2k,1g2k_247,62.00576769121858
1g2k,1g2k_248,54.68729839083725
1g2k,1g2k_265,62.645145847865024
1g2k,1g2k_271,56.45791149896864
1g2k,1g2k_283,56.20172200217427
1g2k,1g2k_290,53.68997921732553
1g2k,1g2k_294,52.241592909956864
1g2k,1g2k_295,55.76888385945946
1g2k,1g2k_306,48.208672481569295
1g2k,1g2k_328,59.38677153438714
1g2k,1g2k_403,40.771517920459736
1g2k,1g2k_404,41.361657673289
1g2k,1g2k_408,27.188550969171907
1g2k,1g2k_417,39.60702211413295
1g2k,1g2k_420,27.741415301133557
1g2k,1g2k_436,27.947417733545137
1g2k,1g2k_454,30.1317983429518
1g2k,1g2k_456,44.63506975696143
1g2k,1g2k_458,30.48019444344653
1g2k,1g2k_460,37.66546850228284
1g2k,1g2k_462,35.48172249506049
1g2k,1g2k_466,32.97083669624111
1g2k,1g2k_467,26.87830242985566
1g2k,1g2k_468,32.339446400826084
1g2k,1g2k_469,35.44116873673753
1g2k,1g2k_473,25.66597647272332
1g2k,1g2k_475,35.82248266894663
1g2k,1g2k_482,35.04441408789711
1g2k,1g2k_487,23.391067152193013
1g2k,1g2k_497,30.012268519547067
1g2k,1g2k_502,44.28766758215263
1g2k,1g2k_504,40.72574557675859
1g2k,1g2k_516,18.373642682028915
1g2k,1g2k_52,59.51276063258258
1g2k,1g2k_520,24.66134576927137
1g2k,1g2k_521,17.456091379201883
1g2k,1g2k_530,16.773364378099803
1g2k,1g2k_543,26.453615904703547
1g2k,1g2k_546,18.575743162140917
1g2k,1g2k_551,18.62244751426709
1g2k,1g2k_556,29.8849529303944
1g2k,1g2k_565,21.49532396634655
1g2k,1g2k_566,25.10102468082332
1g2k,1g2k_568,19.34155127527796
1g2k,1g2k_569,22.71963776686709
1g2k,1g2k_573,28.46774717344487
1g2k,1g2k_582,16.489797780839833
1g2k,1g2k_584,23.301783860413057
1g2k,1g2k_588,17.30086219004204
1g2k,1g2k_589,14.704009406997583
1g2k,1g2k_590,20.744625827340364
1g2k,1g2k_591,24.93493723720327
1g2k,1g2k_592,22.33636720928867
1g2k,1g2k_597,21.39553481260837
1g2k,1g2k_598,28.291797207667656
1g2k,1g2k_600,34.564834387329846
1g2k,1g2k_606,21.21393833777352
1g2k,1g2k_607,16.751585353894473
1g2k,1g2k_610,28.851524597766524
1g2k,1g2k_617,28.787683164319347
1g2k,1g2k_621,29.96598244925042
1g2k,1g2k_624,28.97345519100011
1g2k,1g2k_625,23.066508943980235
1g2k,1g2k_639,37.30294040531371
1g2k,1g2k_640,22.453157044996036
1g2k,1g2k_644,35.49612077399334
1g2k,1g2k_645,30.72230888404501
1g2k,1g2k_646,30.204315714058
1g2k,1g2k_649,17.688649757819753
1g2k,1g2k_650,22.208581157654244
1g2k,1g2k_652,25.681975846431737
1g2k,1g2k_654,16.931012055016907
1g2k,1g2k_663,14.938149708468826
1g2k,1g2k_668,14.632460916975331
1g2k,1g2k_670,17.568427076022484
1g2k,1g2k_673,22.709547135476868
1g2k,1g2k_675,32.46175809165292
1g2k,1g2k_677,23.352899793884905
1g2k,1g2k_679,16.164437413000496
1g2k,1g2k_683,37.29385568262589
1g2k,1g2k_684,19.399282849837896
1g2k,1g2k_690,18.58844775101432
1g2k,1g2k_705,50.67699484628794
1g2k,1g2k_736,47.83901680785871
1g2k,1g2k_737,48.68138605767773
1g2k,1g2k_74,63.597044237324106
1g2k,1g2k_762,45.35912404787326
1g2k,1g2k_771,45.52629904888964
1g2k,1g2k_874,53.71827979038131
1g2k,1g2k_900,59.612781590211846
1g2k,1g2k_98,43.15763113917464
1gpk,1gpk_159,30.26020706507828
1gpk,1gpk_182,29.598275688775345
1gpk,1gpk_194,38.667646455011486
1gpk,1gpk_231,26.946468766068172
1gpk,1gpk_239,32.57050214793852
1gpk,1gpk_267,35.48540028330261
1gpk,1gpk_280,36.639900262481206
1gpk,1gpk_328,36.4187472088562
1gpk,1gpk_364,33.49435564841538
1gpk,1gpk_404,31.9951151064877
1gpk,1gpk_407,32.10672819510789
1gpk,1gpk_409,27.83325282891221
1gpk,1gpk_415,24.80241154263462
1gpk,1gpk_419,26.16739357034751
1gpk,1gpk_420,28.010469080523
1gpk,1gpk_427,26.422311951890396
1gpk,1gpk_428,29.638336784829264
1gpk,1gpk_429,22.57119230766825
1gpk,1gpk_437,30.523866401851627
1gpk,1gpk_450,26.524272104746448
1gpk,1gpk_46,30.66675173553534
1gpk,1gpk_460,25.901269953514337
1gpk,1gpk_463,28.676341136641927
1gpk,1gpk_465,27.883112134768023
1gpk,1gpk_473,31.20232677342331
1gpk,1gpk_477,18.855352563722118
1gpk,1gpk_494,23.99874432116814
1gpk,1gpk_496,24.475570371003705
1gpk,1gpk_548,20.789200235462403
1gpk,1gpk_560,20.158030317392942
1gpk,1gpk_569,20.97587577146127
1gpk,1gpk_571,25.65620950519345
1gpk,1gpk_577,16.063899915402615
1gpk,1gpk_578,15.664525068605062
1gpk,1gpk_583,26.889684513205477
1gpk,1gpk_588,16.312558577437933
1gpk,1gpk_590,16.55926194565559
1gpk,1gpk_600,22.26145131796781
1gpk,1gpk_609,28.331614431183606
1gpk,1gpk_612,13.704261994904227
1gpk,1gpk_625,14.555718482522964
1gpk,1gpk_641,12.536174808803889
1gpk,1gpk_660,26.32726948227466
1gpk,1gpk_666,19.576924228414104
1gpk,1gpk_668,30.38778809280197
1gpk,1gpk_67,29.146652985999857
1gpk,1gpk_683,14.200223560295212
1gpk,1gpk_689,20.376744364614087
1gpk,1gpk_697,20.88697862277457
1gpk,1gpk_700,19.015984911781104
1gpk,1gpk_735,14.028660888294286
1gpk,1gpk_764,5.016008634619687
1gpk,1gpk_779,4.7200995517249735
1gpk,1gpk_782,17.999384078813588
1gpk,1gpk_783,4.896552118725984
1gpk,1gpk_785,14.24761851213436
1gpk,1gpk_788,10.610201711140252
1gpk,1gpk_793,15.675519494580126
1gpk,1gpk_794,25.280227988967884
1gpk,1gpk_850,12.744511169376295
1gpk,1gpk_874,20.528963607012887
1gpk,1gpk_95,33.802848861590775
1gpk,1gpk_984,25.52373679049783
1gpk,1gpk_988,16.249753219514098
1gpn,1gpn_109,33.013452221202314
1gpn,1gpn_252,29.951723135364865
1gpn,1gpn_299,32.53491251322575
1gpn,1gpn_330,36.33496112770761
1gpn,1gpn_401,30.213347724250102
1gpn,1gpn_404,29.16560751488677
1gpn,1gpn_405,33.712806556969205
1gpn,1gpn_407,25.228038976736496
1gpn,1gpn_422,34.256204982290896
1gpn,1gpn_435,29.11259310239278
1gpn,1gpn_443,24.574922750210145
1gpn,1gpn_446,22.734232462336543
1gpn,1gpn_451,23.31258707574465
1gpn,1gpn_459,24.671787328281354
1gpn,1gpn_466,24.075899781922654
1gpn,1gpn_471,25.529360379802903
1gpn,1gpn_475,28.974063763579185
1gpn,1gpn_477,29.13815915171193
1gpn,1gpn_481,25.08650395328397
1gpn,1gpn_483,23.963402922318515
1gpn,1gpn_490,28.12083546663276
1gpn,1gpn_549,28.41132413539625
1gpn,1gpn_551,16.56678910182996
1gpn,1gpn_553,12.005247496455665
1gpn,1gpn_555,25.525302490825965
1gpn,1gpn_556,18.67954978418322
1gpn,1gpn_578,23.17532310651083
1gpn,1gpn_589,30.916850220566644
1gpn,1gpn_596,20.14188147084012
1gpn,1gpn_600,27.067737832867977
1gpn,1gpn_61,29.808845709234188
1gpn,1gpn_615,23.50875698598409
1gpn,1gpn_617,31.093737650847373
1gpn,1gpn_638,22.482935630010168
1gpn,1gpn_653,17.325548989957657
1gpn,1gpn_657,19.799262097528956
1gpn,1gpn_658,21.583416349235744
1gpn,1gpn_662,31.00333558203953
1gpn,1gpn_675,20.377490581320576
1gpn,1gpn_682,16.737484276375483
1gpn,1gpn_683,16.171513799723336
1gpn,1gpn_684,11.86010086004961
1gpn,1gpn_689,27.46639510960944
1gpn,1gpn_759,24.519394768613942
1gpn,1gpn_768,11.366209407674432
1gpn,1gpn_775,25.84519328006469
1gpn,1gpn_779,23.037377781583277
1gpn,1gpn_781,13.519202246018846
1gpn,1gpn_782,29.64207986923248
1gpn,1gpn_784,12.347380392588134
1gpn,1gpn_785,23.869093334155554
1gpn,1gpn_786,11.96680094439341
1gpn,1gpn_794,13.23432851131359
1gpn,1gpn_796,14.140196919911205
1gpn,1gpn_868,24.79935268704656
1gpn,1gpn_885,14.861056270687012
1h22,1h22_1,27.99448039763555
1h22,1h22_12,36.49691238463242
1h22,1h22_140,43.40004759392925
1h22,1h22_156,45.25781406569108
1h22,1h22_186,39.05401785145159
1h22,1h22_187,41.81904170191129
1h22,1h22_197,46.37730279795082
1h22,1h22_212,46.68167038191119
1h22,1h22_225,32.51710010486183
1h22,1h22_231,47.17027692079131
1h22,1h22_238,41.56288128029413
1h22,1h22_241,37.66418187830063
1h22,1h22_261,33.1639094429042
1h22,1h22_267,46.43611452561107
1h22,1h22_276,36.81419170518987
1h22,1h22_288,48.078242372201125
1h22,1h22_291,37.40804342088065
1h22,1h22_292,41.76709471592029
1h22,1h22_300,43.61910703799156
1h22,1h22_311,25.16208245154893
1h22,1h22_313,26.30745447767905
1h22,1h22_319,38.53604153513406
1h22,1h22_346,51.92502954324817
1h22,1h22_354,36.67873646522936
1h22,1h22_363,47.69091867174683
1h22,1h22_384,38.15007079728844
1h22,1h22_393,47.67713968640099
1h22,1h22_4,42.62315337622158
1h22,1h22_403,43.13606711777852
1h22,1h22_423,33.5260217699899
1h22,1h22_442,30.842010797378567
1h22,1h22_448,37.76766706042732
1h22,1h22_464,37.34054097201159
1h22,1h22_471,38.292351722215145
1h22,1h22_477,41.83016195109296
1h22,1h22_494,28.87010904242195
1h22,1h22_506,32.007440951920664
1h22,1h22_512,35.90025621639167
1h22,1h22_527,39.526656277165536
1h22,1h22_535,31.53924383629509
1h22,1h22_540,26.99545104491279
1h22,1h22_543,18.044897227097188
1h22,1h22_565,21.1240759672746
1h22,1h22_569,27.72321751364706
1h22,1h22_573,29.596548712018016
1h22,1h22_590,25.8293203228354
1h22,1h22_595,23.65765742238129
1h22,1h22_596,22.25965352042028
1h22,1h22_606,37.25367773289942
1h22,1h22_651,20.17206854182882
1h22,1h22_653,24.88332926904641
1h22,1h22_679,21.90626071249184
1h22,1h22_685,26.82559491810117
1h22,1h22_692,25.94571294033532
1h22,1h22_716,42.388113130556704
1h22,1h22_722,46.2950557862177
1h22,1h22_738,35.05102809542882
1h22,1h22_75,35.73023711707757
1h22,1h22_772,40.522628169966296
1h22,1h22_774,40.21900860281791
1h22,1h22_777,44.461287209156495
1h22,1h22_783,37.50309603909132
1h22,1h22_786,43.92387814125046
1h22,1h22_788,36.561582557627496
1h22,1h22_812,44.919239263034015
1h22,1h22_828,49.018078150923
1h22,1h22_852,44.51199170323118
1h22,1h22_864,27.406274438389428
1h22,1h22_89,28.760579267951208
1h22,1h22_918,43.78186769262262
1h22,1h22_95,40.14182830498305
1h22,1h22_957,49.827816156555535
1h23,1h23_12,41.45295133667643
1h23,1h23_138,33.40479145693602
1h23,1h23_140,31.630228900170906
1h23,1h23_163,37.0670034666559
1h23,1h23_185,45.06995867091487
1h23,1h23_198,42.75596435360153
1h23,1h23_205,37.3610759423491
1h23,1h23_209,39.39029692354187
1h23,1h23_221,44.15444147540213
1h23,1h23_238,43.40152781676843
1h23,1h23_24,39.70953731983285
1h23,1h23_242,32.02709504392305
1h23,1h23_253,41.554008001052296
1h23,1h23_262,33.41457669317776
1h23,1h23_277,38.08827889116277
1h23,1h23_296,39.52916984539117
1h23,1h23_304,48.48801529037851
1h23,1h23_335,46.39284703456757
1h23,1h23_347,52.5077941960605
1h23,1h23_370,27.0641575484071
1h23,1h23_377,29.515393687006977
1h23,1h23_403,44.1882058966264
1h23,1h23_425,33.684240456107865
1h23,1h23_43,48.52208926002575
1h23,1h23_432,29.60954964153088
1h23,1h23_438,37.40388018369973
1h23,1h23_451,30.936445722814987
1h23,1h23_471,36.659740028318666
1h23,1h23_476,30.23475721957988
1h23,1h23_496,31.623969463038232
1h23,1h23_5,43.053824131024776
1h23,1h23_549,29.46802331766041
1h23,1h23_552,29.9359199899862
1h23,1h23_579,30.506484972154443
1h23,1h23_584,31.621469162702063
1h23,1h23_588,17.98611058525504
1h23,1h23_589,16.9362267676126
1h23,1h23_590,32.33561694238892
1h23,1h23_597,20.38846707916166
1h23,1h23_621,35.18700534051862
1h23,1h23_640,30.03503823394517
1h23,1h23_641,23.67329702737821
1h23,1h23_643,17.732543352315556
1h23,1h23_648,21.78599999571996
1h23,1h23_660,34.58464270379527
1h23,1h23_663,23.89367002868643
1h23,1h23_667,19.2015282869634
1h23,1h23_669,26.73175631934481
1h23,1h23_676,23.99979615331268
1h23,1h23_678,23.012655024906653
1h23,1h23_686,16.51712538988987
1h23,1h23_69,36.85942823563767
1h23,1h23_699,27.81500052380096
1h23,1h23_728,44.79772960050386
1h23,1h23_732,43.24781458347468
1h23,1h23_77,43.42222033579376
1h23,1h23_783,44.495192562261536
1h23,1h23_8,44.46203970024124
1h23,1h23_81,40.5734604575381
1h23,1h23_815,46.36947808263508
1h23,1h23_818,44.665369990871554
1h23,1h23_82,36.94388152293976
1h23,1h23_88,41.21387130659675
1h23,1h23_90,47.70404646066878
1h23,1h23_913,46.38417388040146
1h23,1h23_921,34.1452254562359
1h23,1h23_964,49.43464040526954
1h23,1h23_98,45.208625764188014
1h23,1h23_99,43.07154315718791
1k1i,1k1i_108,18.935636183860343
1k1i,1k1i_115,41.38612641034676
1k1i,1k1i_159,18.786325871710844
1k1i,1k1i_167,41.988015519597774
1k1i,1k1i_171,44.825749006362656
1k1i,1k1i_172,18.38926604294092
1k1i,1k1i_201,25.156197896737776
1k1i,1k1i_204,34.918765727869726
1k1i,1k1i_207,16.96838100234476
1k1i,1k1i_214,35.159306992078086
1k1i,1k1i_247,33.71272938498011
1k1i,1k1i_250,34.775756540082966
1k1i,1k1i_252,31.248872583106625
1k1i,1k1i_253,32.91887767157346
1k1i,1k1i_258,45.85231037348437
1k1i,1k1i_260,29.4533208392124
1k1i,1k1i_273,35.65155219081572
1k1i,1k1i_275,27.074622469413956
1k1i,1k1i_282,33.24215157731108
1k1i,1k1i_287,36.24736395423107
1k1i,1k1i_295,41.89001565148069
1k1i,1k1i_306,22.439372942398226
1k1i,1k1i_308,39.916445628687846
1k1i,1k1i_355,20.74683145139203
1k1i,1k1i_357,24.110906779966832
1k1i,1k1i_358,42.77318264512088
1k1i,1k1i_36,44.54373464510496
1k1i,1k1i_37,29.89105609919348
1k1i,1k1i_377,23.072515845978437
1k1i,1k1i_379,34.10555850457289
1k1i,1k1i_384,46.1598434405466
1k1i,1k1i_385,18.23027846371017
1k1i,1k1i_40,39.41457466042263
1k1i,1k1i_401,19.71412794497877
1k1i,1k1i_404,19.867747926004416
1k1i,1k1i_406,19.919094030907413
1k1i,1k1i_430,18.475775082368152
1k1i,1k1i_434,16.41949657912103
1k1i,1k1i_447,20.107642338091065
1k1i,1k1i_45,43.94031943059325
1k1i,1k1i_464,18.293559151134065
1k1i,1k1i_475,18.83572919671369
1k1i,1k1i_495,27.157284603382397
1k1i,1k1i_496,18.731078443614944
1k1i,1k1i_513,15.560812324897933
1k1i,1k1i_521,11.544943185934724
1k1i,1k1i_523,15.425042925206537
1k1i,1k1i_55,24.212541997116222
1k1i,1k1i_550,7.582701770743545
1k1i,1k1i_563,21.35324226932113
1k1i,1k1i_565,9.898596033110664
1k1i,1k1i_567,11.685308583544195
1k1i,1k1i_571,10.331451492792254
1k1i,1k1i_576,7.105247128683059
1k1i,1k1i_581,12.915661969333248
1k1i,1k1i_600,5.0944842893518025
1k1i,1k1i_620,10.59819143275408
1k1i,1k1i_650,16.056846761893894
1k1i,1k1i_666,9.178936640810589
1k1i,1k1i_675,9.903760693276377
1k1i,1k1i_68,43.89678114650131
1k1i,1k1i_69,43.83056063912613
1k1i,1k1i_692,16.839489184768688
1k1i,1k1i_693,11.931083056790708
1k1i,1k1i_698,10.02581277335752
1k1i,1k1i_701,43.680612461446806
1k1i,1k1i_702,45.43336852718644
1k1i,1k1i_703,39.17810158504954
1k1i,1k1i_71,48.57617705736658
1k1i,1k1i_723,35.9637060224394
1k1i,1k1i_79,48.400781917101256
1k1i,1k1i_826,42.92125829286469
1k1i,1k1i_871,35.54019157893801
1k1i,1k1i_896,44.44034974429324
1k1i,1k1i_900,40.60504277139683
1k1i,1k1i_919,38.34953548220605
1k1i,1k1i_938,39.427986557744056
1k1i,1k1i_942,41.53184602091181
1k1i,1k1i_97,49.68144086791884
1lpg,1lpg_106,24.20097198083969
1lpg,1lpg_122,15.390634722919174
1lpg,1lpg_149,27.66855986339356
1lpg,1lpg_16,23.97621772612863
1lpg,1lpg_198,28.694113156485763
1lpg,1lpg_212,50.65027148527904
1lpg,1lpg_227,46.19455066255824
1lpg,1lpg_237,49.69352217946321
1lpg,1lpg_239,42.01530823671298
1lpg,1lpg_244,52.43141716437847
1lpg,1lpg_249,45.45027579575077
1lpg,1lpg_253,53.92714255153782
1lpg,1lpg_254,54.6158615131222
1lpg,1lpg_256,51.77540565387339
1lpg,1lpg_262,42.210960831579165
1lpg,1lpg_266,55.55199850518231
1lpg,1lpg_273,42.98215217318542
1lpg,1lpg_282,53.42883740108785
1lpg,1lpg_285,55.39421893546104
1lpg,1lpg_286,53.306855719096085
1lpg,1lpg_290,41.753265346150656
1lpg,1lpg_296,37.65696390045004
1lpg,1lpg_311,27.318325192488714
1lpg,1lpg_319,31.112457673793763
1lpg,1lpg_320,28.66208597649072
1lpg,1lpg_323,16.51592326218677
1lpg,1lpg_327,19.484800272627247
1lpg,1lpg_348,17.443854057308112
1lpg,1lpg_398,33.42015451348831
1lpg,1lpg_403,32.00891735508984
1lpg,1lpg_404,23.93684927652016
1lpg,1lpg_405,28.531713481604864
1lpg,1lpg_407,40.53495406276266
1lpg,1lpg_41,18.659067488227947
1lpg,1lpg_412,27.19999414089806
1lpg,1lpg_420,30.801891123059917
1lpg,1lpg_434,32.35590188386123
1lpg,1lpg_441,34.20567986481148
1lpg,1lpg_444,27.9528622406614
1lpg,1lpg_447,29.434906727381517
1lpg,1lpg_448,24.022211053502023
1lpg,1lpg_451,19.874192469991364
1lpg,1lpg_455,20.52072554068096
1lpg,1lpg_460,40.576561811661705
1lpg,1lpg_462,21.90198990706866
1lpg,1lpg_468,15.715671540930332
1lpg,1lpg_480,24.6569852904226
1lpg,1lpg_488,22.79566135511121
1lpg,1lpg_492,24.086900538772024
1lpg,1lpg_495,21.155118629120565
1lpg,1lpg_497,18.347462829709944
1lpg,1lpg_499,16.272053426491187
1lpg,1lpg_500,24.836158339692123
1lpg,1lpg_514,30.6763627135045
1lpg,1lpg_522,21.09071764056381
1lpg,1lpg_532,11.719953370909884
1lpg,1lpg_538,27.706951287253705
1lpg,1lpg_539,16.82071922558427
1lpg,1lpg_551,9.95623726924392
1lpg,1lpg_552,15.463487376428382
1lpg,1lpg_555,18.594778900471223
1lpg,1lpg_556,16.36842136899843
1lpg,1lpg_559,23.19641066286393
1lpg,1lpg_562,10.841324630144314
1lpg,1lpg_570,22.180108223686947
1lpg,1lpg_575,15.862026666643292
1lpg,1lpg_582,23.277305935035415
1lpg,1lpg_585,14.446331122190546
1lpg,1lpg_589,31.777243873891404
1lpg,1lpg_599,11.517102489884028
1lpg,1lpg_61,26.1644749988924
1lpg,1lpg_619,22.002614708620392
1lpg,1lpg_623,13.722686044673736
1lpg,1lpg_639,22.13455024115422
1lpg,1lpg_642,11.023578507766228
1lpg,1lpg_645,23.577776972961303
1lpg,1lpg_646,18.240019990824635
1lpg,1lpg_656,14.11342166340612
1lpg,1lpg_665,15.757194182383792
1lpg,1lpg_670,20.920039469900917
1lpg,1lpg_678,20.859974028710266
1lpg,1lpg_679,11.580879857943447
1lpg,1lpg_687,14.321406606961656
1lpg,1lpg_695,15.010913433344411
1lpg,1lpg_703,54.95330998404862
1lpg,1lpg_733,46.63643033624725
1lpg,1lpg_734,48.50903493355493
1lpg,1lpg_740,47.65145327043224
1lpg,1lpg_75,22.884579259135368
1lpg,1lpg_750,47.662112382569546
1lpg,1lpg_751,45.484280456309776
1lpg,1lpg_791,39.19681972879335
1lpg,1lpg_86,50.714225511227504
1lpg,1lpg_866,56.89424979380123
1lpg,1lpg_885,45.21344959723604
1lpg,1lpg_925,57.06790325405444
1lpg,1lpg_958,47.80428697059373
1lpg,1lpg_972,53.48106568572805
1lpg,1lpg_98,26.32990569199099
1lpg,1lpg_994,49.88868884017031
1mq6,1mq6_110,33.36074391538496
1mq6,1mq6_126,15.487628604806552
1mq6,1mq6_129,73.18107617479865
1mq6,1mq6_134,24.684417678041477
1mq6,1mq6_140,30.25451974633359
1mq6,1mq6_145,30.31744059691062
1mq6,1mq6_156,32.71062242746992
1mq6,1mq6_174,25.520304244995597
1mq6,1mq6_200,36.60505514989812
1mq6,1mq6_205,67.72357627733285
1mq6,1mq6_226,73.70517681938107
1mq6,1mq6_266,63.97442021406703
1mq6,1mq6_369,27.338471991373
1mq6,1mq6_381,42.51775337607835
1mq6,1mq6_390,26.710311541509004
1mq6,1mq6_391,63.80621866274841
1mq6,1mq6_394,15.25793608103229
1mq6,1mq6_406,52.34129882152006
1mq6,1mq6_409,48.24685801633048
1mq6,1mq6_411,52.62842609290255
1mq6,1mq6_416,58.54921829337328
1mq6,1mq6_419,49.75821758101717
1mq6,1mq6_431,38.689618384713576
1mq6,1mq6_432,37.137124703897136
1mq6,1mq6_435,34.110010681870065
1mq6,1mq6_441,34.49609749781001
1mq6,1mq6_451,43.71916784068317
1mq6,1mq6_453,37.28550938538709
1mq6,1mq6_46,40.92072169351498
1mq6,1mq6_472,35.24217582860701
1mq6,1mq6_482,44.79912620214405
1mq6,1mq6_486,40.97825414898874
1mq6,1mq6_488,33.39948204295133
1mq6,1mq6_489,45.52318289482597
1mq6,1mq6_509,24.378926985580897
1mq6,1mq6_519,26.752360791622188
1mq6,1mq6_538,30.01056391769497
1mq6,1mq6_541,35.53384256248049
1mq6,1mq6_552,50.62315109309311
1mq6,1mq6_563,51.79588343985012
1mq6,1mq6_578,19.900032399854883
1mq6,1mq6_585,22.952449681852904
1mq6,1mq6_586,25.361427613462816
1mq6,1mq6_596,18.98999833885857
1mq6,1mq6_598,23.427152387887627
1mq6,1mq6_613,41.675891363392616
1mq6,1mq6_630,20.01209482109819
1mq6,1mq6_632,29.36845553449784
1mq6,1mq6_645,28.016705927779263
1mq6,1mq6_662,16.651880705350866
1mq6,1mq6_677,20.77042298651717
1mq6,1mq6_686,22.788356135738724
1mq6,1mq6_690,21.41360245596531
1mq6,1mq6_691,18.5348619252251
1mq6,1mq6_695,21.210089890489986
1mq6,1mq6_722,65.06248562832266
1mq6,1mq6_723,67.50569959048373
1mq6,1mq6_748,23.44356433798948
1mq6,1mq6_750,59.783096492559096
1mq6,1mq6_755,35.75207120328938
1mq6,1mq6_776,29.026761205395704
1mq6,1mq6_777,35.01772445008929
1mq6,1mq6_798,66.79865853818882
1mq6,1mq6_805,60.33667046563848
1mq6,1mq6_848,54.53756672235152
1mq6,1mq6_854,30.70541049303239
1mq6,1mq6_861,28.515094662516717
1mq6,1mq6_882,61.320615846660296
1mq6,1mq6_886,63.85439776888812
1mq6,1mq6_889,59.53435294605977
1mq6,1mq6_891,67.21014977518597
1mq6,1mq6_902,59.144404400235295
1mq6,1mq6_907,65.7243017309624
1mq6,1mq6_909,63.76259286719388
1mq6,1mq6_910,64.63766185902237
1mq6,1mq6_914,42.79520036064545
1mq6,1mq6_920,38.11323743792645
1mq6,1mq6_931,26.012874303342365
1mq6,1mq6_932,42.317238111528425
1mq6,1mq6_933,31.29636739206018
1mq6,1mq6_935,64.88357767031047
1mq6,1mq6_951,34.72158706727305
1mq6,1mq6_956,49.97948973875216
1mq6,1mq6_961,30.84680472239054
1mq6,1mq6_962,37.68681700761811
1mq6,1mq6_967,38.856906259295215
1mq6,1mq6_968,22.22774910300572
1mq6,1mq6_969,35.388720843044126
1mq6,1mq6_970,37.93329265562022
1mq6,1mq6_974,36.83211283477158
1mq6,1mq6_975,36.95989385813522
1mq6,1mq6_976,39.62721727770244
1mq6,1mq6_977,31.803676394032067
1mq6,1mq6_978,38.17477739948053
1nc1,1nc1_103,8.86428382930057
1nc1,1nc1_121,8.230193372177311
1nc1,1nc1_126,8.776790049732227
1nc1,1nc1_13,60.58576929976624
1nc1,1nc1_133,8.557285757054958
1nc1,1nc1_142,8.977217697155924
1nc1,1nc1_144,59.91334724475085
1nc1,1nc1_152,8.551773865139568
1nc1,1nc1_161,8.472668813211564
1nc1,1nc1_172,7.805172791303649
1nc1,1nc1_18,56.59587958523027
1nc1,1nc1_207,67.18867544647786
1nc1,1nc1_275,54.0553016912076
1nc1,1nc1_410,33.24415899470052
1nc1,1nc1_422,17.272849800523936
1nc1,1nc1_427,40.18824289798776
1nc1,1nc1_431,45.449294355269735
1nc1,1nc1_437,15.887190877547065
1nc1,1nc1_441,19.40018588598185
1nc1,1nc1_443,44.66916714608169
1nc1,1nc1_449,44.33958664553538
1nc1,1nc1_473,39.74710975967643
1nc1,1nc1_480,20.682720343409542
1nc1,1nc1_495,28.84845061437787
1nc1,1nc1_498,18.849374300857928
1nc1,1nc1_513,11.439707829756852
1nc1,1nc1_526,49.31997858758005
1nc1,1nc1_527,16.02371378134057
1nc1,1nc1_529,39.512733920500125
1nc1,1nc1_536,43.94119070693735
1nc1,1nc1_538,20.79630509330793
1nc1,1nc1_539,15.768481716518007
1nc1,1nc1_546,14.765601778682525
1nc1,1nc1_550,14.399982631181956
1nc1,1nc1_551,14.10281862252964
1nc1,1nc1_552,12.296239904405804
1nc1,1nc1_558,36.410246706610856
1nc1,1nc1_566,38.31256979879332
1nc1,1nc1_570,36.19827190425047
1nc1,1nc1_573,15.958200211427837
1nc1,1nc1_575,45.091878535863145
1nc1,1nc1_576,16.032618181316487
1nc1,1nc1_585,25.29945421667478
1nc1,1nc1_587,10.885354414225926
1nc1,1nc1_591,15.941469606490635
1nc1,1nc1_596,45.54673876043259
1nc1,1nc1_597,10.136961351913907
1nc1,1nc1_598,8.47318839526702
1nc1,1nc1_6,53.30919257855562
1nc1,1nc1_612,14.882929526094353
1nc1,1nc1_615,43.24289060968327
1nc1,1nc1_62,7.858266380051174
1nc1,1nc1_624,11.821639258475658
1nc1,1nc1_634,14.083848851119113
1nc1,1nc1_643,16.919213705963276
1nc1,1nc1_648,18.43055906638584
1nc1,1nc1_659,17.99957831690061
1nc1,1nc1_661,8.827821438139322
1nc1,1nc1_663,8.33324753095475
1nc1,1nc1_664,11.873314490390138
1nc1,1nc1_665,21.39682334393035
1nc1,1nc1_667,16.07711787569479
1nc1,1nc1_670,32.595254728915975
1nc1,1nc1_685,6.709456745199225
1nc1,1nc1_690,15.87031714958897
1nc1,1nc1_692,14.194154267402132
1nc1,1nc1_695,25.81863059314952
1nc1,1nc1_696,13.201601796062524
1nc1,1nc1_724,65.05126675703794
1nc1,1nc1_739,65.49120502202682
1nc1,1nc1_75,38.37602940295598
1nc1,1nc1_763,57.56468336151156
1nc1,1nc1_853,65.98798749837006
1nc1,1nc1_865,64.35016413280657
1nc3,1nc3_178,68.58285249417975
1nc3,1nc3_408,42.224408297488765
1nc3,1nc3_409,48.385203257632384
1nc3,1nc3_437,57.46506683803709
1nc3,1nc3_442,18.49712799952533
1nc3,1nc3_454,52.23286395036001
1nc3,1nc3_466,31.430184583632453
1nc3,1nc3_471,26.34780891588074
1nc3,1nc3_478,35.89477981799051
1nc3,1nc3_488,36.68723298339928
1nc3,1nc3_490,20.90923964817569
1nc3,1nc3_491,37.82313251640124
1nc3,1nc3_499,33.6071653101958
1nc3,1nc3_501,52.57452600255391
1nc3,1nc3_518,47.71815166049866
1nc3,1nc3_524,13.092787352156304
1nc3,1nc3_525,36.34106603867166
1nc3,1nc3_533,48.61062754026086
1nc3,1nc3_538,50.09853017785066
1nc3,1nc3_551,16.124122063072967
1nc3,1nc3_552,43.04967717780357
1nc3,1nc3_562,12.973153269655157
1nc3,1nc3_563,35.36772572054441
1nc3,1nc3_576,43.50228482377336
1nc3,1nc3_581,13.955953531528442
1nc3,1nc3_583,33.84481149905394
1nc3,1nc3_585,16.59745097895244
1nc3,1nc3_597,40.13316676797576
1nc3,1nc3_598,40.17044120097604
1nc3,1nc3_602,29.755892120530287
1nc3,1nc3_603,17.977774837219595
1nc3,1nc3_614,18.53295809886242
1nc3,1nc3_615,18.97605080478344
1nc3,1nc3_622,17.74457645516696
1nc3,1nc3_625,31.53720934439926
1nc3,1nc3_634,29.39128625920097
1nc3,1nc3_639,19.05497460328461
1nc3,1nc3_646,15.98827583566238
1nc3,1nc3_658,15.601255852114384
1nc3,1nc3_664,20.801976106571104
1nc3,1nc3_665,14.509193515467649
1nc3,1nc3_667,31.70026128546437
1nc3,1nc3_669,21.52923682560543
1nc3,1nc3_681,9.957071688848906
1nc3,1nc3_688,28.222216933362425
1nc3,1nc3_692,33.283981396280694
1nc3,1nc3_695,15.593612911573556
1nc3,1nc3_696,13.981215062238569
1nc3,1nc3_698,15.316833556012652
1nc3,1nc3_699,14.486575475122336
1nc3,1nc3_735,61.9014897095285
1nc3,1nc3_807,64.05107885923798
1nc3,1nc3_814,60.60358011443907
1nc3,1nc3_895,60.9103475697122
1nc3,1nc3_940,62.14877951491633
1nvq,1nvq_402,30.94674181529982
1nvq,1nvq_405,67.5261140532187
1nvq,1nvq_410,22.859054468986454
1nvq,1nvq_412,59.99492974766519
1nvq,1nvq_424,30.24666731932408
1nvq,1nvq_427,25.48593608521417
1nvq,1nvq_431,27.89549434541184
1nvq,1nvq_439,21.988631793244828
1nvq,1nvq_444,27.693078022895943
1nvq,1nvq_446,49.563900599390536
1nvq,1nvq_451,24.67070327552646
1nvq,1nvq_461,37.751634317674
1nvq,1nvq_464,24.704199343059777
1nvq,1nvq_473,44.205132907750105
1nvq,1nvq_477,53.813501718189066
1nvq,1nvq_481,18.342128384079963
1nvq,1nvq_490,24.614524379565257
1nvq,1nvq_491,41.85762425697857
1nvq,1nvq_498,31.871496501036138
1nvq,1nvq_500,39.81805925072448
1nvq,1nvq_513,19.154557939854865
1nvq,1nvq_522,16.595537727805862
1nvq,1nvq_524,52.30802780583917
1nvq,1nvq_543,21.444366001919136
1nvq,1nvq_548,30.55542422379588
1nvq,1nvq_553,31.012380992699967
1nvq,1nvq_555,28.277280326120657
1nvq,1nvq_559,40.3104394839423
1nvq,1nvq_564,16.723009400726227
1nvq,1nvq_566,29.951697903535663
1nvq,1nvq_573,15.027682889084849
1nvq,1nvq_583,17.823398333465274
1nvq,1nvq_588,23.34823172011116
1nvq,1nvq_600,46.32566741509561
1nvq,1nvq_605,42.20133437084463
1nvq,1nvq_606,63.99277291651027
1nvq,1nvq_632,45.90895923725108
1nvq,1nvq_634,33.99752418856754
1nvq,1nvq_672,50.04385132404106
1nvq,1nvq_674,34.20414335737441
1nvq,1nvq_687,20.538364996903955
1nvq,1nvq_689,20.72638336537989
1nvq,1nvq_692,16.654516440168315
1nvq,1nvq_708,74.0302005627652
1nvq,1nvq_710,79.47799638423359
1nvq,1nvq_723,70.78527240534763
1nvq,1nvq_731,61.912781228122256
1nvq,1nvq_738,74.61981776066916
1nvq,1nvq_740,40.31644082178583
1nvq,1nvq_742,27.646473084271555
1nvq,1nvq_743,31.690915225643845
1nvq,1nvq_745,27.85296081705681
1nvq,1nvq_746,27.26767629784236
1nvq,1nvq_747,15.125388785784551
1nvq,1nvq_752,29.03325559798608
1nvq,1nvq_759,20.45746696325999
1nvq,1nvq_760,19.365014902825266
1nvq,1nvq_761,20.11317997392535
1nvq,1nvq_762,19.71956380526846
1nvq,1nvq_765,12.645364535153798
1nvq,1nvq_766,9.980167394449335
1nvq,1nvq_767,23.23194350222389
1nvq,1nvq_770,11.62610315099435
1nvq,1nvq_771,27.40038967826779
1nvq,1nvq_772,5.812293467102327
1nvq,1nvq_775,11.01738348490414
1nvq,1nvq_776,11.221474424356458
1nvq,1nvq_777,18.71301224102334
1nvq,1nvq_778,8.367979452323492
1nvq,1nvq_783,27.86022811932096
1nvq,1nvq_867,72.15983883216845
1nvq,1nvq_871,69.54367830294962
1nvq,1nvq_885,16.965299449211702
1nvq,1nvq_927,81.49236375236315
1nvq,1nvq_940,79.31420652071718
1o0h,1o0h_105,10.851620868768707
1o0h,1o0h_109,9.922781968824069
1o0h,1o0h_121,9.14191051814385
1o0h,1o0h_122,9.513339254817158
1o0h,1o0h_133,11.527231098578158
1o0h,1o0h_146,10.275487450344494
1o0h,1o0h_150,18.74682771985295
1o0h,1o0h_153,9.078240167164354
1o0h,1o0h_168,33.5559786248952
1o0h,1o0h_172,11.08342660564634
1o0h,1o0h_178,9.186106602476205
1o0h,1o0h_187,9.917478986035428
1o0h,1o0h_194,15.983571155825944
1o0h,1o0h_203,14.238224687715752
1o0h,1o0h_208,10.825264999775378
1o0h,1o0h_209,17.19820669876776
1o0h,1o0h_217,6.6513171355078144
1o0h,1o0h_233,13.754368267047896
1o0h,1o0h_251,20.55357142771461
1o0h,1o0h_253,32.97392012210781
1o0h,1o0h_254,31.06016048784344
1o0h,1o0h_263,31.52693009131647
1o0h,1o0h_272,39.86769392954832
1o0h,1o0h_280,11.46723648296654
1o0h,1o0h_281,30.59586374203634
1o0h,1o0h_284,35.05184830871454
1o0h,1o0h_292,25.63856398630832
1o0h,1o0h_313,18.543165590563618
1o0h,1o0h_353,35.472101078285604
1o0h,1o0h_374,6.225284617060931
1o0h,1o0h_40,13.67570503865578
1o0h,1o0h_418,13.177812281237346
1o0h,1o0h_419,13.819729219780353
1o0h,1o0h_431,13.771635779751216
1o0h,1o0h_436,13.591305125130573
1o0h,1o0h_439,21.802044825720618
1o0h,1o0h_450,8.507061874503892
1o0h,1o0h_457,11.17668421015269
1o0h,1o0h_459,11.33350581605294
1o0h,1o0h_463,12.131373105596264
1o0h,1o0h_466,9.245791532825251
1o0h,1o0h_472,8.935760604180114
1o0h,1o0h_474,18.75452202718961
1o0h,1o0h_482,9.811062160785957
1o0h,1o0h_488,17.35885901708409
1o0h,1o0h_502,28.75954210381894
1o0h,1o0h_507,18.563881847149197
1o0h,1o0h_511,26.236150499978947
1o0h,1o0h_514,24.29690891902341
1o0h,1o0h_524,24.535196617075268
1o0h,1o0h_526,17.25176070132299
1o0h,1o0h_530,14.561333556720523
1o0h,1o0h_531,19.953901048182896
1o0h,1o0h_532,11.728814444303838
1o0h,1o0h_536,14.02013168020684
1o0h,1o0h_539,23.4427506448239
1o0h,1o0h_541,23.969860036558742
1o0h,1o0h_549,20.028227612832424
1o0h,1o0h_551,6.418078027467925
1o0h,1o0h_563,12.064225837004466
1o0h,1o0h_564,28.46630362638253
1o0h,1o0h_565,16.03420953561534
1o0h,1o0h_576,13.422489495894702
1o0h,1o0h_586,7.766267310887069
1o0h,1o0h_594,13.322881976885649
1o0h,1o0h_595,18.462869935830074
1o0h,1o0h_599,28.58606350811121
1o0h,1o0h_600,29.4048316718911
1o0h,1o0h_603,27.022562340752696
1o0h,1o0h_606,18.259865194371912
1o0h,1o0h_617,16.321111927597077
1o0h,1o0h_618,11.002913729936685
1o0h,1o0h_624,10.090690135017772
1o0h,1o0h_628,13.232974062180292
1o0h,1o0h_631,24.67181740761311
1o0h,1o0h_637,23.88318192516819
1o0h,1o0h_639,10.87106323100062
1o0h,1o0h_646,20.89115171730312
1o0h,1o0h_647,28.32891642306722
1o0h,1o0h_658,16.39322420025414
1o0h,1o0h_665,25.920172800855703
1o0h,1o0h_670,14.709974815879647
1o0h,1o0h_680,15.485710931477136
1o0h,1o0h_684,19.80815195036693
1o0h,1o0h_690,12.389636065150793
1o0h,1o0h_691,18.50741497414564
1o0h,1o0h_692,14.001550365994936
1o0h,1o0h_78,37.531978112801816
1o0h,1o0h_786,16.851866121755293
1o0h,1o0h_789,23.24825198986389
1o0h,1o0h_794,28.77152492979922
1o0h,1o0h_821,36.958917939877374
1o0h,1o0h_876,35.13647843517015
1o0h,1o0h_879,24.574486892908546
1o0h,1o0h_89,8.160343887440945
1o0h,1o0h_909,29.891222349672223
1o0h,1o0h_915,35.222444692042714
1o0h,1o0h_918,29.077468583229606
1o0h,1o0h_956,36.04099878211408
1o0h,1o0h_968,36.50666862024689
1o3f,1o3f_112,7.960427252291186
1o3f,1o3f_125,11.766627845766688
1o3f,1o3f_126,7.101793337911107
1o3f,1o3f_144,7.153755808181362
1o3f,1o3f_145,12.584280829388884
1o3f,1o3f_148,10.338069356587066
1o3f,1o3f_152,12.935252676204408
1o3f,1o3f_162,8.794552484169637
1o3f,1o3f_163,7.892694941876547
1o3f,1o3f_168,11.408086337959617
1o3f,1o3f_173,8.51510570823582
1o3f,1o3f_175,5.118807490245728
1o3f,1o3f_185,6.122556478881421
1o3f,1o3f_191,10.5174008394481
1o3f,1o3f_242,36.53267758179224
1o3f,1o3f_246,37.81320035151742
1o3f,1o3f_247,36.39126890668663
1o3f,1o3f_257,36.65836055049217
1o3f,1o3f_265,45.231034075739466
1o3f,1o3f_372,58.09814942247014
1o3f,1o3f_407,33.21198405680155
1o3f,1o3f_417,44.062591896071154
1o3f,1o3f_423,23.364254971768
1o3f,1o3f_445,19.15597623442199
1o3f,1o3f_446,34.71550215546818
1o3f,1o3f_449,23.66541994379302
1o3f,1o3f_458,46.58007401663277
1o3f,1o3f_460,40.411735332466506
1o3f,1o3f_463,21.615769292205197
1o3f,1o3f_464,20.73409396272993
1o3f,1o3f_472,13.81652382470889
1o3f,1o3f_482,39.61741942461069
1o3f,1o3f_485,45.63467586934044
1o3f,1o3f_489,30.19319328934778
1o3f,1o3f_490,24.120018740518653
1o3f,1o3f_494,38.49025717609778
1o3f,1o3f_495,42.325757452518914
1o3f,1o3f_498,33.963093056317135
1o3f,1o3f_501,39.68829786874333
1o3f,1o3f_503,46.75730237604928
1o3f,1o3f_504,51.340292686320765
1o3f,1o3f_506,44.211935011924304
1o3f,1o3f_507,30.885186561696177
1o3f,1o3f_526,33.71670167096477
1o3f,1o3f_530,32.27064034639505
1o3f,1o3f_538,55.68810047391451
1o3f,1o3f_547,12.237577851416248
1o3f,1o3f_558,17.61676947317823
1o3f,1o3f_563,20.39196496074271
1o3f,1o3f_566,23.35805492700682
1o3f,1o3f_572,45.829637512652766
1o3f,1o3f_582,12.956160610413898
1o3f,1o3f_588,14.938618510045346
1o3f,1o3f_591,29.15971671857892
1o3f,1o3f_595,13.924996275782448
1o3f,1o3f_598,13.700114743178387
1o3f,1o3f_624,44.156259082242094
1o3f,1o3f_64,43.53528893379037
1o3f,1o3f_668,28.28484059206651
1o3f,1o3f_669,25.05930951414777
1o3f,1o3f_670,43.42433076444512
1o3f,1o3f_672,20.90212117968172
1o3f,1o3f_690,22.01369169948722
1o3f,1o3f_693,11.759069255650294
1o3f,1o3f_696,35.66777797164533
1o3f,1o3f_700,24.87826219303688
1o3f,1o3f_752,50.10199500573122
1o3f,1o3f_798,40.89589642915066
1o3f,1o3f_910,47.92007636935484
1o3f,1o3f_931,53.3886125598025
1o3f,1o3f_94,43.91289037488548
1o5b,1o5b_19,37.33334523223746
1o5b,1o5b_200,26.519976379487435
1o5b,1o5b_253,33.53316711599123
1o5b,1o5b_256,21.55884909070077
1o5b,1o5b_272,36.32822851477026
1o5b,1o5b_329,36.56972484088367
1o5b,1o5b_396,40.07325356313826
1o5b,1o5b_400,41.48723336899848
1o5b,1o5b_406,22.799141338734177
1o5b,1o5b_413,30.966789513894188
1o5b,1o5b_419,36.67867284979442
1o5b,1o5b_421,39.67137309309165
1o5b,1o5b_423,37.78655826862591
1o5b,1o5b_432,32.61232930579159
1o5b,1o5b_441,33.80439049808029
1o5b,1o5b_445,27.14531237936269
1o5b,1o5b_446,28.193326221972512
1o5b,1o5b_454,33.0458894342972
1o5b,1o5b_461,33.458058756955545
1o5b,1o5b_468,37.84877859863816
1o5b,1o5b_472,36.05579643143447
1o5b,1o5b_474,25.80600006742325
1o5b,1o5b_483,39.71416736064927
1o5b,1o5b_489,19.47509192269044
1o5b,1o5b_490,28.680537170369394
1o5b,1o5b_497,23.067640212296496
1o5b,1o5b_505,16.194532881914565
1o5b,1o5b_508,37.14312677255316
1o5b,1o5b_511,14.781526847244256
1o5b,1o5b_512,30.007352137291893
1o5b,1o5b_529,10.62577859795938
1o5b,1o5b_534,20.07481527829649
1o5b,1o5b_535,17.977867550367634
1o5b,1o5b_539,19.22496355293589
1o5b,1o5b_548,18.724658193898343
1o5b,1o5b_552,6.292474250343868
1o5b,1o5b_554,27.877085280364376
1o5b,1o5b_561,16.297448641901223
1o5b,1o5b_572,7.749345875368943
1o5b,1o5b_579,12.940107173028622
1o5b,1o5b_584,24.89449155131993
1o5b,1o5b_592,5.197700126702611
1o5b,1o5b_595,17.381443933032152
1o5b,1o5b_625,23.726192135758637
1o5b,1o5b_628,21.40500976348566
1o5b,1o5b_638,32.12762992594005
1o5b,1o5b_653,26.232321541042147
1o5b,1o5b_654,21.738701765299773
1o5b,1o5b_663,25.9055379379942
1o5b,1o5b_664,29.2457377237161
1o5b,1o5b_665,30.697922055168608
1o5b,1o5b_681,29.63232344828517
1o5b,1o5b_699,27.561705371771613
1o5b,1o5b_722,9.457591725041013
1o5b,1o5b_723,3.32247412693866
1o5b,1o5b_724,17.540968593607467
1o5b,1o5b_725,3.401928107175883
1o5b,1o5b_726,1.9665876673416192
1o5b,1o5b_731,3.5073878054195324
1o5b,1o5b_732,3.511001738370569
1o5b,1o5b_739,4.286745306428201
1o5b,1o5b_740,1.881713949088715
1o5b,1o5b_744,16.623454695513196
1o5b,1o5b_747,2.0022499049904834
1o5b,1o5b_750,1.705619355822282
1o5b,1o5b_751,1.480810417380329
1o5b,1o5b_755,1.723800871579301
1o5b,1o5b_756,5.416354260242963
1o5b,1o5b_760,1.4809224715570928
1o5b,1o5b_762,7.939425495750478
1o5b,1o5b_764,1.531881897933886
1o5b,1o5b_765,6.08482081094269
1o5b,1o5b_79,24.652175764633814
1o5b,1o5b_807,5.161294119465094
1o5b,1o5b_813,7.535749977752947
1o5b,1o5b_827,1.6753663238365355
1o5b,1o5b_832,4.907913260068178
1o5b,1o5b_836,2.96453044787112
1o5b,1o5b_844,1.926506345944106
1o5b,1o5b_857,3.5940889717050504
1o5b,1o5b_860,2.741817098465664
1o5b,1o5b_865,2.235277926364646
1o5b,1o5b_892,10.117233461273852
1o5b,1o5b_903,10.668960324034266
1o5b,1o5b_911,9.498786984174233
1o5b,1o5b_936,11.499258891073335
1o5b,1o5b_943,3.1016438115608658
1o5b,1o5b_957,12.528845201878497
1o5b,1o5b_959,1.7999244305530635
1o5b,1o5b_963,12.981101290942336
1owh,1owh_159,32.111447823654466
1owh,1owh_174,27.3212149962228
1owh,1owh_187,27.459396067821388
1owh,1owh_210,41.2945770988847
1owh,1owh_213,30.21983814127865
1owh,1owh_216,33.045392179524065
1owh,1owh_217,40.008683474955866
1owh,1owh_225,31.86875633041192
1owh,1owh_227,29.75976482325704
1owh,1owh_229,23.382150116568926
1owh,1owh_232,29.40061899732825
1owh,1owh_234,36.45119424842011
1owh,1owh_245,42.7915823028551
1owh,1owh_253,32.10768055463738
1owh,1owh_255,35.98635960675041
1owh,1owh_258,26.98439471044399
1owh,1owh_260,28.994281290888367
1owh,1owh_265,39.19241589595182
1owh,1owh_266,28.743351745847
1owh,1owh_269,27.462139726838245
1owh,1owh_280,25.475350301954617
1owh,1owh_283,29.403241547966385
1owh,1owh_285,24.91904487549542
1owh,1owh_289,29.837377303364505
1owh,1owh_291,39.36890373959083
1owh,1owh_3,47.460148105814994
1owh,1owh_307,46.98048528596047
1owh,1owh_391,44.9349890412675
1owh,1owh_431,47.70000766364742
1owh,1owh_458,22.65458974821208
1owh,1owh_470,25.75269489388085
1owh,1owh_492,29.942101586163982
1owh,1owh_509,15.243695594040709
1owh,1owh_512,18.392523176509396
1owh,1owh_514,33.86771350622063
1owh,1owh_519,15.28613774888728
1owh,1owh_523,17.128610936066114
1owh,1owh_528,17.30045429306162
1owh,1owh_529,11.583821081514357
1owh,1owh_530,17.955766676220204
1owh,1owh_532,44.16424001739461
1owh,1owh_535,17.68828654176922
1owh,1owh_538,21.915571615874057
1owh,1owh_540,44.138359140722855
1owh,1owh_550,14.621850773161604
1owh,1owh_553,11.505510162823656
1owh,1owh_562,10.886813114843193
1owh,1owh_573,20.275332629858344
1owh,1owh_595,18.001241588922078
1owh,1owh_607,26.884948066355868
1owh,1owh_610,28.89151223172508
1owh,1owh_614,33.822528949923914
1owh,1owh_629,25.853036444524168
1owh,1owh_639,18.22232081924526
1owh,1owh_641,34.15628483797656
1owh,1owh_648,24.19510124895639
1owh,1owh_673,23.88254769145188
1owh,1owh_681,20.593461242536115
1owh,1owh_701,43.7543683028734
1owh,1owh_737,31.067985568637344
1owh,1owh_739,21.769654174029046
1owh,1owh_745,21.419967919996388
1owh,1owh_749,25.72058602675417
1owh,1owh_750,26.44295053856247
1owh,1owh_756,20.81391102563262
1owh,1owh_757,16.26897109253035
1owh,1owh_760,15.43420302503888
1owh,1owh_762,24.943014789082504
1owh,1owh_764,26.152360998631774
1owh,1owh_767,16.981794511706184
1owh,1owh_771,25.854172894313983
1owh,1owh_773,32.76964733968892
1owh,1owh_774,26.652076083755997
1owh,1owh_778,20.956323783131023
1owh,1owh_779,25.155229787047592
1owh,1owh_780,25.649078857395185
1owh,1owh_782,26.02883497128655
1owh,1owh_786,16.544166596523933
1owh,1owh_787,22.917304928298776
1owh,1owh_788,20.28281061998712
1owh,1owh_789,10.600164321117308
1owh,1owh_795,2.916750891778781
1owh,1owh_797,3.4014683834924404
1owh,1owh_798,2.8118469448179075
1owh,1owh_894,41.09635658618703
1owh,1owh_917,20.17047204797219
1owh,1owh_921,34.06955258173652
1owh,1owh_935,34.18761606104028
1owh,1owh_938,37.48365142286762
1owh,1owh_977,34.768429892375416
1owh,1owh_990,31.51044674713883
1oyt,1oyt_24,35.57861913579276
1oyt,1oyt_401,24.397005752090507
1oyt,1oyt_405,28.711121283469485
1oyt,1oyt_412,19.538902211551875
1oyt,1oyt_414,30.010416085773254
1oyt,1oyt_423,19.3060937580862
1oyt,1oyt_425,28.845993067473074
1oyt,1oyt_437,28.074493088859867
1oyt,1oyt_448,32.73969216143211
1oyt,1oyt_449,23.09577424656353
1oyt,1oyt_451,17.357262757111318
1oyt,1oyt_454,29.29070344859157
1oyt,1oyt_455,30.56125947654984
1oyt,1oyt_463,21.54882992357492
1oyt,1oyt_468,18.06361779083152
1oyt,1oyt_475,30.85065479243082
1oyt,1oyt_477,19.808006539363177
1oyt,1oyt_481,48.62184941677375
1oyt,1oyt_484,24.525355608175367
1oyt,1oyt_493,30.54612476625676
1oyt,1oyt_505,45.6907836387723
1oyt,1oyt_506,46.60739430605893
1oyt,1oyt_507,42.256688375289805
1oyt,1oyt_513,47.22249499857804
1oyt,1oyt_521,24.6237087247776
1oyt,1oyt_524,37.50559321980938
1oyt,1oyt_527,20.363214540746487
1oyt,1oyt_529,36.48734020208338
1oyt,1oyt_530,33.058761219922246
1oyt,1oyt_542,26.995887526528744
1oyt,1oyt_551,20.916407982781877
1oyt,1oyt_553,29.918779149551685
1oyt,1oyt_558,35.11673018590346
1oyt,1oyt_559,8.820455038693401
1oyt,1oyt_561,39.18000136974232
1oyt,1oyt_564,15.598984866031714
1oyt,1oyt_569,23.352649360128662
1oyt,1oyt_572,27.581674491500344
1oyt,1oyt_575,30.47669924579408
1oyt,1oyt_582,29.62327474608435
1oyt,1oyt_586,40.34414577648737
1oyt,1oyt_59,52.33118495857856
1oyt,1oyt_599,19.37284799155222
1oyt,1oyt_603,17.970834535087416
1oyt,1oyt_612,18.447095529254817
1oyt,1oyt_621,29.08773677150609
1oyt,1oyt_623,19.75112006373524
1oyt,1oyt_627,34.52103916686277
1oyt,1oyt_637,20.14245033443861
1oyt,1oyt_639,30.223508120438613
1oyt,1oyt_64,52.81255853468744
1oyt,1oyt_644,17.469380620842557
1oyt,1oyt_647,20.47048067091366
1oyt,1oyt_651,19.15407649178055
1oyt,1oyt_658,18.003288314308637
1oyt,1oyt_663,27.27587936191952
1oyt,1oyt_674,25.640084283714412
1oyt,1oyt_675,23.330625457957325
1oyt,1oyt_679,36.42339705769425
1oyt,1oyt_680,33.883712073316055
1oyt,1oyt_684,21.599334154744508
1oyt,1oyt_690,23.31501653592151
1oyt,1oyt_691,15.27549025138281
1oyt,1oyt_692,35.44923570546888
1oyt,1oyt_696,21.699826318554383
1oyt,1oyt_711,52.58388990022291
1oyt,1oyt_749,34.60952871350599
1oyt,1oyt_789,43.31579869079644
1oyt,1oyt_800,33.66426635943816
1oyt,1oyt_801,30.709685821944408
1oyt,1oyt_806,20.998916601506057
1oyt,1oyt_838,31.037966401020636
1oyt,1oyt_842,20.96998193637333
1oyt,1oyt_843,26.406953684492272
1oyt,1oyt_853,28.662800963987863
1oyt,1oyt_91,46.61507868991557
1oyt,1oyt_915,50.53247345203149
1oyt,1oyt_947,51.23711018747725
1p1n,1p1n_116,47.82323926193846
1p1n,1p1n_216,42.17326824160943
1p1n,1p1n_333,43.99696414862197
1p1n,1p1n_425,16.96087881038173
1p1n,1p1n_433,21.332901236490017
1p1n,1p1n_462,16.53572616173693
1p1n,1p1n_465,22.21723959058597
1p1n,1p1n_482,38.73332825524343
1p1n,1p1n_489,15.17920991291986
1p1n,1p1n_493,36.28339582743581
1p1n,1p1n_500,14.550973423776757
1p1n,1p1n_530,11.70007308939208
1p1n,1p1n_548,12.21936746869686
1p1n,1p1n_550,8.661721751285103
1p1n,1p1n_562,17.888705312105085
1p1n,1p1n_569,29.622844607317678
1p1n,1p1n_574,14.687151089420157
1p1n,1p1n_586,13.082830450702682
1p1n,1p1n_606,24.20332421948112
1p1n,1p1n_646,25.029100637703287
1p1n,1p1n_650,18.482257832989976
1p1n,1p1n_660,28.47849813591881
1p1n,1p1n_668,18.81341908778156
1p1n,1p1n_675,12.968854227656884
1p1n,1p1n_685,14.044449177445324
1p1n,1p1n_687,9.604077616013
1p1n,1p1n_699,24.50466404599665
1p1n,1p1n_708,45.12174344907763
1p1n,1p1n_712,49.310154812033694
1p1n,1p1n_73,53.40543456574333
1p1n,1p1n_733,10.559258944917186
1p1n,1p1n_757,11.851097139675506
1p1n,1p1n_765,15.074193482430047
1p1n,1p1n_78,53.19888659386103
1p1n,1p1n_780,31.529489964534022
1p1n,1p1n_785,9.03248691861131
1p1n,1p1n_825,48.27328988702951
1p1n,1p1n_883,17.96363714422272
1p1n,1p1n_892,11.556081697930544
1p1n,1p1n_9,51.14514793354888
1p1n,1p1n_917,37.58402932583802
1p1n,1p1n_928,40.36284873118284
1p1n,1p1n_971,44.417703942411386
1p1q,1p1q_121,50.075555220642265
1p1q,1p1q_134,29.769615523499567
1p1q,1p1q_169,49.58287694388981
1p1q,1p1q_202,42.6612831858104
1p1q,1p1q_239,49.3623997423628
1p1q,1p1q_255,46.80849586713107
1p1q,1p1q_317,41.16216075520428
1p1q,1p1q_357,48.95403537790576
1p1q,1p1q_358,30.82766818040381
1p1q,1p1q_394,44.89044378798046
1p1q,1p1q_411,40.99693028107524
1p1q,1p1q_412,35.492919238352606
1p1q,1p1q_544,26.68093326960353
1p1q,1p1q_559,33.196483575961466
1p1q,1p1q_560,39.064212229279605
1p1q,1p1q_570,35.04243205567465
1p1q,1p1q_574,10.423961554402824
1p1q,1p1q_578,15.598756681638802
1p1q,1p1q_596,15.332299934882403
1p1q,1p1q_603,30.200715411034288
1p1q,1p1q_604,25.9257465559736
1p1q,1p1q_614,29.888086735077056
1p1q,1p1q_636,27.84165858022237
1p1q,1p1q_640,12.034187618831822
1p1q,1p1q_644,24.05347891239076
1p1q,1p1q_646,28.178229243766413
1p1q,1p1q_664,24.256085674988555
1p1q,1p1q_677,24.985149454578465
1p1q,1p1q_698,10.111481420746902
1p1q,1p1q_713,33.79859355823213
1p1q,1p1q_729,31.79935947432623
1p1q,1p1q_736,18.65539130392309
1p1q,1p1q_740,16.970287051400263
1p1q,1p1q_746,13.233400681948774
1p1q,1p1q_751,10.741167272996645
1p1q,1p1q_759,9.04963964810574
1p1q,1p1q_773,8.852500743047344
1p1q,1p1q_779,15.8104927868873
1p1q,1p1q_785,8.361914952205758
1p1q,1p1q_789,11.021862645459027
1p1q,1p1q_794,15.425633965882296
1p1q,1p1q_848,34.75348621123085
1p1q,1p1q_85,49.09113018323618
1p1q,1p1q_853,43.73185124803392
1p1q,1p1q_860,20.48970545680628
1p1q,1p1q_872,7.173882412635142
1p1q,1p1q_890,11.995705815645426
1p1q,1p1q_892,21.96822068393897
1p1q,1p1q_897,15.984537187341784
1p1q,1p1q_975,31.934570578450337
1ps3,1ps3_161,42.38398760893799
1ps3,1ps3_251,41.55424670344678
1ps3,1ps3_350,40.7949394741888
1ps3,1ps3_408,37.27581403201337
1ps3,1ps3_414,23.722505310012803
1ps3,1ps3_424,19.78306345144405
1ps3,1ps3_437,27.60956325645921
1ps3,1ps3_438,27.94163086960988
1ps3,1ps3_449,32.50233796534818
1ps3,1ps3_468,18.526345436111807
1ps3,1ps3_474,22.904999794445978
1ps3,1ps3_500,33.8910687943269
1ps3,1ps3_510,11.98427026411684
1ps3,1ps3_518,17.637258219697255
1ps3,1ps3_548,29.84519591354349
1ps3,1ps3_551,13.98926437189979
1ps3,1ps3_596,15.984776784091308
1ps3,1ps3_600,17.426265620894196
1ps3,1ps3_607,7.365361609017013
1ps3,1ps3_612,12.421119906735418
1ps3,1ps3_627,14.600312961764336
1ps3,1ps3_635,8.996286113465334
1ps3,1ps3_641,7.791647290346866
1ps3,1ps3_662,12.678064032994271
1ps3,1ps3_664,10.960245016594884
1ps3,1ps3_684,4.156869354148278
1ps3,1ps3_696,9.583261722872663
1ps3,1ps3_707,41.27392716700941
1ps3,1ps3_730,13.264540726678044
1ps3,1ps3_734,42.7045562848811
1ps3,1ps3_736,40.84288368962597
1ps3,1ps3_739,19.56053172733873
1ps3,1ps3_744,7.204360643150866
1ps3,1ps3_748,21.237409764154627
1ps3,1ps3_753,21.29870131394499
1ps3,1ps3_760,15.497103152911125
1ps3,1ps3_764,21.02229351824408
1ps3,1ps3_767,17.120463456279907
1ps3,1ps3_771,29.06048609573629
1ps3,1ps3_778,12.957096272454796
1ps3,1ps3_782,12.41623295789358
1ps3,1ps3_783,35.73693542364595
1ps3,1ps3_785,25.05673225895402
1ps3,1ps3_786,17.931540051139148
1ps3,1ps3_790,9.1899122743998
1ps3,1ps3_793,22.370552775445457
1ps3,1ps3_854,23.393890583046066
1ps3,1ps3_886,14.102633461836078
1ps3,1ps3_896,26.43626790080869
1ps3,1ps3_943,42.73145233259093
1ps3,1ps3_968,40.53932138509543
1ps3,1ps3_985,41.264229442853086
1ps3,1ps3_994,26.560109192372032
1pxn,1pxn_167,51.6879042297722
1pxn,1pxn_197,55.72301582341503
1pxn,1pxn_211,21.555401985954465
1pxn,1pxn_225,57.25437415032998
1pxn,1pxn_228,17.19199862011688
1pxn,1pxn_236,51.95220658872248
1pxn,1pxn_240,58.07754291152564
1pxn,1pxn_246,58.13702417302569
1pxn,1pxn_256,20.49815516718437
1pxn,1pxn_257,54.79442807771995
1pxn,1pxn_266,54.47954565362041
1pxn,1pxn_269,14.277097429591583
1pxn,1pxn_270,57.68226735126996
1pxn,1pxn_272,21.31723958052972
1pxn,1pxn_285,58.42720609775712
1pxn,1pxn_288,49.66774288931649
1pxn,1pxn_308,22.71783766781821
1pxn,1pxn_402,34.22586696362445
1pxn,1pxn_409,20.98554395776205
1pxn,1pxn_414,41.297601832718165
1pxn,1pxn_416,15.321148960270774
1pxn,1pxn_422,40.82047336046292
1pxn,1pxn_428,24.30376902608094
1pxn,1pxn_437,42.576748282935
1pxn,1pxn_441,31.39076604134897
1pxn,1pxn_445,26.50973733192439
1pxn,1pxn_458,28.91038720380317
1pxn,1pxn_467,44.60818298723955
1pxn,1pxn_468,24.853887597654428
1pxn,1pxn_471,28.905386205379777
1pxn,1pxn_472,30.18491038546015
1pxn,1pxn_477,20.27281308959388
1pxn,1pxn_483,19.732900292208495
1pxn,1pxn_488,10.088417949843766
1pxn,1pxn_489,22.67984611910445
1pxn,1pxn_490,17.477935909655674
1pxn,1pxn_500,22.81817905202745
1pxn,1pxn_504,12.793467015629917
1pxn,1pxn_507,9.542197114557483
1pxn,1pxn_509,7.204997629593769
1pxn,1pxn_513,17.996763128197685
1pxn,1pxn_514,32.54255872778924
1pxn,1pxn_518,12.571729346470876
1pxn,1pxn_523,15.173405964192913
1pxn,1pxn_532,13.403087126717626
1pxn,1pxn_534,23.33839434583122
1pxn,1pxn_536,16.18934131056802
1pxn,1pxn_539,23.467225014080192
1pxn,1pxn_545,16.212693486317264
1pxn,1pxn_546,9.2053111046677
1pxn,1pxn_550,14.874199675933038
1pxn,1pxn_557,17.571963655664852
1pxn,1pxn_558,23.8439722981478
1pxn,1pxn_560,18.735233533375197
1pxn,1pxn_565,13.913230277260205
1pxn,1pxn_566,13.033017843953578
1pxn,1pxn_572,18.22095795792013
1pxn,1pxn_578,18.80094336621683
1pxn,1pxn_589,13.826129794352896
1pxn,1pxn_593,10.764141603905182
1pxn,1pxn_594,13.12381155679676
1pxn,1pxn_599,10.443938193787748
1pxn,1pxn_600,32.24073864621205
1pxn,1pxn_608,22.668895406039457
1pxn,1pxn_609,10.615428045160998
1pxn,1pxn_626,12.318095915264244
1pxn,1pxn_632,15.033875007271886
1pxn,1pxn_638,18.565017699642
1pxn,1pxn_645,8.866245598200557
1pxn,1pxn_646,9.682333746217637
1pxn,1pxn_647,10.323178754469858
1pxn,1pxn_649,13.492740158931875
1pxn,1pxn_652,11.664323877226789
1pxn,1pxn_653,23.599913464573916
1pxn,1pxn_662,28.63347713109479
1pxn,1pxn_665,7.72398860623453
1pxn,1pxn_666,11.910824536047244
1pxn,1pxn_668,10.444077154899947
1pxn,1pxn_671,36.12612513715761
1pxn,1pxn_672,16.98511032961699
1pxn,1pxn_678,11.998958493376792
1pxn,1pxn_682,9.40329967986937
1pxn,1pxn_687,17.63501771161522
1pxn,1pxn_690,12.579249623570677
1pxn,1pxn_696,12.997986285842051
1pxn,1pxn_813,55.462443769356696
1pxn,1pxn_82,11.909911803930656
1pxn,1pxn_830,52.526952134213154
1pxn,1pxn_86,60.32984624639412
1pxn,1pxn_945,52.45393567154037
1pxn,1pxn_96,56.65104405488875
1q8t,1q8t_142,28.34606524151406
1q8t,1q8t_151,26.88758520541608
1q8t,1q8t_152,30.25361240184203
1q8t,1q8t_262,31.63374638431448
1q8t,1q8t_281,31.591197178770173
1q8t,1q8t_411,23.20033261400261
1q8t,1q8t_450,11.459880288341672
1q8t,1q8t_459,23.538174189174757
1q8t,1q8t_479,12.689385227861052
1q8t,1q8t_504,9.52085642470954
1q8t,1q8t_505,9.392155084603734
1q8t,1q8t_507,19.157520561591355
1q8t,1q8t_513,10.721794021758155
1q8t,1q8t_514,7.446424919206801
1q8t,1q8t_534,7.437521902595278
1q8t,1q8t_538,15.230892137147617
1q8t,1q8t_539,16.66973572049869
1q8t,1q8t_540,10.362778708563129
1q8t,1q8t_547,8.777025897979623
1q8t,1q8t_548,17.116670997683396
1q8t,1q8t_553,9.172169770398572
1q8t,1q8t_564,15.347148735977992
1q8t,1q8t_567,11.112369372491624
1q8t,1q8t_576,6.332096161409248
1q8t,1q8t_579,12.517636349311426
1q8t,1q8t_582,17.30038796650455
1q8t,1q8t_598,23.03891824523952
1q8t,1q8t_60,30.852600582072203
1q8t,1q8t_601,6.879436553192252
1q8t,1q8t_610,13.597015459568407
1q8t,1q8t_612,26.438426684855965
1q8t,1q8t_633,6.495473841608833
1q8t,1q8t_635,16.451272372469322
1q8t,1q8t_636,14.675893348874247
1q8t,1q8t_638,7.749410178950701
1q8t,1q8t_640,21.267088697460437
1q8t,1q8t_651,14.611465106809916
1q8t,1q8t_653,10.74171773997179
1q8t,1q8t_656,7.654412488908597
1q8t,1q8t_658,22.779312942063743
1q8t,1q8t_661,17.14390184076366
1q8t,1q8t_677,6.985722360247316
1q8t,1q8t_678,8.843120853516268
1q8t,1q8t_686,9.149643698700425
1q8t,1q8t_687,19.86604707338475
1q8t,1q8t_692,18.489334021777896
1q8t,1q8t_70,28.40872926523012
1q8t,1q8t_701,25.779411865100137
1q8t,1q8t_705,26.22923174040431
1q8t,1q8t_706,24.49853824019758
1q8t,1q8t_709,20.955091716053065
1q8t,1q8t_718,12.478226642877196
1q8t,1q8t_727,14.51352808734682
1q8t,1q8t_734,17.077094948362674
1q8t,1q8t_739,11.451296345103042
1q8t,1q8t_741,17.145206431725832
1q8t,1q8t_744,9.849878786582662
1q8t,1q8t_747,11.439038147831967
1q8t,1q8t_749,9.562571784909911
1q8t,1q8t_751,9.331032856092708
1q8t,1q8t_752,19.300355587976792
1q8t,1q8t_753,18.467056366577378
1q8t,1q8t_754,14.836278443850198
1q8t,1q8t_756,13.204816302673214
1q8t,1q8t_761,13.09656119919926
1q8t,1q8t_762,14.940328738911283
1q8t,1q8t_766,12.245003620285452
1q8t,1q8t_767,12.584008133359225
1q8t,1q8t_768,14.18347047098178
1q8t,1q8t_770,10.757140150875388
1q8t,1q8t_774,9.914951913857331
1q8t,1q8t_775,11.578868024941285
1q8t,1q8t_778,5.386730548099019
1q8t,1q8t_798,14.080454992908544
1q8t,1q8t_810,15.185750909220689
1q8t,1q8t_813,13.298030093348231
1q8t,1q8t_816,13.864882147182865
1q8t,1q8t_831,13.771543183534948
1q8t,1q8t_832,14.701567788318805
1q8t,1q8t_844,13.505488081516646
1q8t,1q8t_874,15.508996758692758
1q8t,1q8t_879,30.24663830069533
1q8t,1q8t_887,26.456980643019197
1q8t,1q8t_891,26.040871950247656
1q8t,1q8t_895,22.491295900884623
1q8t,1q8t_897,23.296563756369576
1q8t,1q8t_898,22.75431166082161
1q8t,1q8t_900,26.744633236497908
1q8t,1q8t_902,9.31921990179062
1q8t,1q8t_903,25.043679045030984
1q8t,1q8t_916,22.24996032451385
1q8t,1q8t_927,9.068740039739522
1q8t,1q8t_943,15.095579672328304
1q8t,1q8t_946,9.069027823895471
1q8t,1q8t_962,14.519808485533794
1q8u,1q8u_140,37.92695054998693
1q8u,1q8u_202,11.717635403656091
1q8u,1q8u_203,17.01871066140426
1q8u,1q8u_214,39.34059254032526
1q8u,1q8u_227,11.244893352774024
1q8u,1q8u_23,10.857236291396497
1q8u,1q8u_237,10.633478050412068
1q8u,1q8u_238,25.116808092379625
1q8u,1q8u_24,12.306202489358252
1q8u,1q8u_246,6.086216476473366
1q8u,1q8u_264,5.677396976024261
1q8u,1q8u_268,31.02507857755894
1q8u,1q8u_270,10.32420524244447
1q8u,1q8u_277,33.00837257891982
1q8u,1q8u_34,20.44115442257091
1q8u,1q8u_342,24.471225642920928
1q8u,1q8u_410,13.207426121399916
1q8u,1q8u_454,15.150483084656944
1q8u,1q8u_497,17.709661320059205
1q8u,1q8u_501,43.99514433880086
1q8u,1q8u_504,19.457348618199028
1q8u,1q8u_509,12.224473254886105
1q8u,1q8u_512,40.13082567166718
1q8u,1q8u_514,41.63351370319616
1q8u,1q8u_53,30.032326819295225
1q8u,1q8u_547,16.083475203567648
1q8u,1q8u_553,27.857805443820197
1q8u,1q8u_555,22.28421169877093
1q8u,1q8u_571,17.968720594740304
1q8u,1q8u_581,12.917189030851285
1q8u,1q8u_582,17.621846338048005
1q8u,1q8u_59,17.410187283686803
1q8u,1q8u_592,42.40775458764983
1q8u,1q8u_593,12.09109726444106
1q8u,1q8u_595,30.20854508454073
1q8u,1q8u_599,23.21952824892706
1q8u,1q8u_605,18.51834971223968
1q8u,1q8u_611,5.84894746378187
1q8u,1q8u_617,24.89248328614203
1q8u,1q8u_623,14.738365956357606
1q8u,1q8u_646,30.388894014130106
1q8u,1q8u_652,5.737892688708143
1q8u,1q8u_653,13.772816187499457
1q8u,1q8u_660,5.853443898548894
1q8u,1q8u_664,28.897466613680063
1q8u,1q8u_668,8.924691461299977
1q8u,1q8u_669,12.205206700485894
1q8u,1q8u_672,22.374595227331387
1q8u,1q8u_678,6.425299219046482
1q8u,1q8u_688,32.741086724345635
1q8u,1q8u_693,12.681678992046226
1q8u,1q8u_701,46.32341593305621
1q8u,1q8u_702,48.54421141648693
1q8u,1q8u_704,10.43956934387564
1q8u,1q8u_726,13.775134726467634
1q8u,1q8u_728,13.064228879223938
1q8u,1q8u_732,10.732026822804338
1q8u,1q8u_734,16.228079849561276
1q8u,1q8u_735,16.404868100540476
1q8u,1q8u_739,9.670235815121329
1q8u,1q8u_741,8.008504887876757
1q8u,1q8u_747,9.04915292208211
1q8u,1q8u_748,6.550837614210109
1q8u,1q8u_757,24.457704629021737
1q8u,1q8u_76,4.653294681567198
1q8u,1q8u_777,12.347210201747776
1q8u,1q8u_782,14.837167904314107
1q8u,1q8u_790,22.09177137549264
1q8u,1q8u_796,57.68918666592819
1q8u,1q8u_8,22.620593193492954
1q8u,1q8u_822,13.871173791000526
1q8u,1q8u_866,13.905420560829306
1q8u,1q8u_875,11.530416606110856
1q8u,1q8u_886,6.628819340111378
1q8u,1q8u_891,11.30823441617982
1q8u,1q8u_901,53.174269479109824
1q8u,1q8u_902,55.06145690064719
1q8u,1q8u_904,47.08983318796725
1q8u,1q8u_909,50.91612759179374
1q8u,1q8u_91,10.55566049304062
1q8u,1q8u_913,42.26043424563876
1q8u,1q8u_923,9.70907741170815
1q8u,1q8u_975,8.75072723596721
1qf1,1qf1_10,22.88469742593787
1qf1,1qf1_104,6.239130060112951
1qf1,1qf1_118,9.217590309842857
1qf1,1qf1_127,19.48103248758498
1qf1,1qf1_132,19.7818620100239
1qf1,1qf1_141,30.785548776811325
1qf1,1qf1_144,36.53947573731977
1qf1,1qf1_148,7.606008606426495
1qf1,1qf1_151,8.762829819644264
1qf1,1qf1_161,7.018646805970428
1qf1,1qf1_163,12.569837558374928
1qf1,1qf1_188,6.260629165229432
1qf1,1qf1_189,17.471665381920452
1qf1,1qf1_195,13.314587542328796
1qf1,1qf1_198,38.2646535020674
1qf1,1qf1_200,6.7879189512515055
1qf1,1qf1_232,39.46545348129348
1qf1,1qf1_244,25.704697508024125
1qf1,1qf1_27,33.7115121828778
1qf1,1qf1_29,35.04202806474041
1qf1,1qf1_30,21.81551637948141
1qf1,1qf1_301,27.859083112949243
1qf1,1qf1_310,10.809912683509872
1qf1,1qf1_314,7.271020340020444
1qf1,1qf1_322,9.24667221406406
1qf1,1qf1_337,9.09052510578229
1qf1,1qf1_345,41.92765498239088
1qf1,1qf1_351,10.063694877863528
1qf1,1qf1_36,17.474344812470655
1qf1,1qf1_370,18.29143909998617
1qf1,1qf1_375,18.624571383187146
1qf1,1qf1_377,10.814514102340198
1qf1,1qf1_380,7.782664928452218
1qf1,1qf1_382,10.707489671663868
1qf1,1qf1_383,39.62061445960184
1qf1,1qf1_385,7.4244302680337615
1qf1,1qf1_386,11.049266039279823
1qf1,1qf1_389,35.9193531861745
1qf1,1qf1_397,38.98333020482051
1qf1,1qf1_399,16.482349853606042
1qf1,1qf1_409,27.93786411264456
1qf1,1qf1_419,23.13112624152064
1qf1,1qf1_421,24.3882932359178
1qf1,1qf1_424,28.71195912269209
1qf1,1qf1_425,22.567268604795576
1qf1,1qf1_434,23.89371998625066
1qf1,1qf1_436,23.43746236854669
1qf1,1qf1_438,21.61448842499368
1qf1,1qf1_441,28.81733731161339
1qf1,1qf1_448,18.73021108850076
1qf1,1qf1_450,27.15329915569795
1qf1,1qf1_466,21.108767458889723
1qf1,1qf1_47,12.03927253233254
1qf1,1qf1_470,28.686523719432422
1qf1,1qf1_482,28.59635692515198
1qf1,1qf1_483,21.806070807640037
1qf1,1qf1_486,21.185346802510452
1qf1,1qf1_488,29.6011026153161
1qf1,1qf1_490,21.738007574561244
1qf1,1qf1_5,18.54318889033696
1qf1,1qf1_500,18.16097011695036
1qf1,1qf1_507,11.16955594645106
1qf1,1qf1_524,18.73923672574308
1qf1,1qf1_536,26.996306393438857
1qf1,1qf1_565,23.545122027588327
1qf1,1qf1_569,24.33992724614105
1qf1,1qf1_583,15.72837051524743
1qf1,1qf1_584,23.563915657639644
1qf1,1qf1_589,16.950800906599483
1qf1,1qf1_591,10.511429285401183
1qf1,1qf1_594,15.666104124265752
1qf1,1qf1_603,20.855329476015125
1qf1,1qf1_610,11.26156973037632
1qf1,1qf1_63,26.36229328395126
1qf1,1qf1_640,11.920790541073435
1qf1,1qf1_648,16.959933369798694
1qf1,1qf1_65,18.51350245032217
1qf1,1qf1_658,15.23053641815305
1qf1,1qf1_668,10.23173688292177
1qf1,1qf1_679,9.951194367322788
1qf1,1qf1_68,36.42157044794516
1qf1,1qf1_683,18.46492214752787
1qf1,1qf1_69,39.60288001941272
1qf1,1qf1_727,42.86913948308377
1qf1,1qf1_728,42.43254134170072
1qf1,1qf1_734,43.07111383001256
1qf1,1qf1_740,41.98300397280075
1qf1,1qf1_741,41.86611602396278
1qf1,1qf1_746,38.97001545811838
1qf1,1qf1_76,24.91408335675571
1qf1,1qf1_761,39.50460805773508
1qf1,1qf1_763,28.830449859431763
1qf1,1qf1_773,19.089389723497224
1qf1,1qf1_791,40.50125313966195
1qf1,1qf1_814,38.07235494140724
1qf1,1qf1_855,37.02703379688269
1qf1,1qf1_862,39.671482141923065
1qf1,1qf1_895,43.13260743579914
1qf1,1qf1_938,37.601758718223394
1qf1,1qf1_943,29.88687465849573
1qkt,1qkt_119,37.11605693626506
1qkt,1qkt_132,37.681977644138776
1qkt,1qkt_144,32.34507346089596
1qkt,1qkt_150,56.37462899495317
1qkt,1qkt_31,52.16195283554984
1qkt,1qkt_404,43.62528707150821
1qkt,1qkt_486,40.10629369231007
1qkt,1qkt_500,32.083582337790546
1qkt,1qkt_549,29.147741448302604
1qkt,1qkt_55,53.95877993229559
1qkt,1qkt_557,32.152293251163336
1qkt,1qkt_594,25.94604391481037
1qkt,1qkt_598,20.66690966213796
1qkt,1qkt_608,31.918328639718546
1qkt,1qkt_636,34.07264924016766
1qkt,1qkt_640,25.673752077666773
1qkt,1qkt_642,15.961374884514909
1qkt,1qkt_647,15.175406910245949
1qkt,1qkt_655,17.362792612326576
1qkt,1qkt_661,35.83276123214475
1qkt,1qkt_666,29.862766421642988
1qkt,1qkt_674,37.70677175326416
1qkt,1qkt_698,20.81733764523732
1qkt,1qkt_714,63.99666460530597
1qkt,1qkt_718,60.480779550618415
1qkt,1qkt_728,52.45019631654464
1qkt,1qkt_734,15.964921293554532
1qkt,1qkt_735,22.63484502823992
1qkt,1qkt_736,15.125096034102922
1qkt,1qkt_737,15.634389363615572
1qkt,1qkt_738,22.890653354690212
1qkt,1qkt_740,15.151618213092323
1qkt,1qkt_742,16.32437422691943
1qkt,1qkt_744,23.339750719871777
1qkt,1qkt_746,19.030928091099533
1qkt,1qkt_750,18.55071057946514
1qkt,1qkt_751,19.30723975460865
1qkt,1qkt_752,40.88703052033964
1qkt,1qkt_758,18.08892847691341
1qkt,1qkt_762,19.255009936739604
1qkt,1qkt_765,20.2042712011295
1qkt,1qkt_766,34.01865544342752
1qkt,1qkt_770,37.9468886329673
1qkt,1qkt_774,22.266620485351144
1qkt,1qkt_775,31.27104183480493
1qkt,1qkt_776,34.62453711642294
1qkt,1qkt_826,48.75568917198478
1qkt,1qkt_834,55.57813976375778
1qkt,1qkt_842,34.10786172738284
1qkt,1qkt_848,14.943346237027152
1qkt,1qkt_851,15.194496049678303
1qkt,1qkt_855,21.523434484935542
1qkt,1qkt_858,15.86100628680076
1qkt,1qkt_86,52.26328481393309
1qkt,1qkt_860,22.7866427948232
1qkt,1qkt_862,25.44558011122141
1qkt,1qkt_866,23.613420682038484
1qkt,1qkt_867,13.442899216572926
1qkt,1qkt_873,33.89328038643618
1qkt,1qkt_875,23.05543472242788
1qkt,1qkt_977,54.38835322828661
1r5y,1r5y_113,36.6113638798253
1r5y,1r5y_118,11.7246588991271
1r5y,1r5y_167,37.61490933751581
1r5y,1r5y_179,24.782421568435463
1r5y,1r5y_180,31.233120064084357
1r5y,1r5y_181,36.65207252788372
1r5y,1r5y_197,18.433554890325908
1r5y,1r5y_270,36.66017936504246
1r5y,1r5y_317,29.90738444720843
1r5y,1r5y_322,35.41045230582369
1r5y,1r5y_324,18.59089055635571
1r5y,1r5y_341,35.65150040576599
1r5y,1r5y_397,19.72080433458504
1r5y,1r5y_402,30.38028985935855
1r5y,1r5y_405,23.2707775154759
1r5y,1r5y_409,16.5973650940508
1r5y,1r5y_412,20.331822976548946
1r5y,1r5y_416,22.939283561660705
1r5y,1r5y_423,26.29763553929107
1r5y,1r5y_425,28.37713855040508
1r5y,1r5y_426,15.4227834106499
1r5y,1r5y_432,18.049453675066815
1r5y,1r5y_434,16.547704477092918
1r5y,1r5y_441,19.029690264329112
1r5y,1r5y_443,13.163221022365937
1r5y,1r5y_445,25.222407749130603
1r5y,1r5y_452,26.687068057659253
1r5y,1r5y_453,32.58055099030325
1r5y,1r5y_464,18.98713474520019
1r5y,1r5y_469,22.44160504493605
1r5y,1r5y_477,23.513594290533344
1r5y,1r5y_480,29.931198580741
1r5y,1r5y_496,24.634018489747994
1r5y,1r5y_497,12.459835820124695
1r5y,1r5y_498,20.456479049157625
1r5y,1r5y_524,6.743973623417908
1r5y,1r5y_537,13.16636444114154
1r5y,1r5y_538,12.880842004152726
1r5y,1r5y_540,23.68414480293712
1r5y,1r5y_541,4.862678418780498
1r5y,1r5y_542,15.556083490521836
1r5y,1r5y_545,19.05229011314213
1r5y,1r5y_547,18.059564835507068
1r5y,1r5y_553,4.073226498124456
1r5y,1r5y_562,7.024110231368208
1r5y,1r5y_566,11.80367041557048
1r5y,1r5y_568,6.948369956593181
1r5y,1r5y_571,4.577753759509635
1r5y,1r5y_579,12.554096069716095
1r5y,1r5y_583,9.984970592542249
1r5y,1r5y_584,6.3491246441967855
1r5y,1r5y_591,23.06204305719916
1r5y,1r5y_592,8.928152865278522
1r5y,1r5y_595,14.231676549812944
1r5y,1r5y_599,16.515113237696163
1r5y,1r5y_616,23.33855199330616
1r5y,1r5y_639,23.66003182239948
1r5y,1r5y_641,20.804744570566463
1r5y,1r5y_686,8.414100051562745
1r5y,1r5y_691,10.205574285643252
1r5y,1r5y_694,19.2611307927852
1r5y,1r5y_727,7.789912463447821
1r5y,1r5y_732,5.573027784348091
1r5y,1r5y_733,5.530593748228169
1r5y,1r5y_735,2.64345645710299
1r5y,1r5y_745,2.058653751526099
1r5y,1r5y_746,13.595995700926508
1r5y,1r5y_751,5.287319348746369
1r5y,1r5y_755,11.821506249959969
1r5y,1r5y_759,8.767337590922144
1r5y,1r5y_762,3.3569200883997663
1r5y,1r5y_763,3.212993676405871
1r5y,1r5y_766,5.444526641677968
1r5y,1r5y_767,6.343351713416188
1r5y,1r5y_770,3.1481408437110043
1r5y,1r5y_776,4.948072436216421
1r5y,1r5y_777,6.839702396247582
1r5y,1r5y_780,6.495087658092952
1r5y,1r5y_782,6.941038275864241
1r5y,1r5y_783,7.070384794481404
1r5y,1r5y_785,5.289275567882936
1r5y,1r5y_786,7.598394447996358
1r5y,1r5y_787,6.933117301677605
1r5y,1r5y_791,13.22777018734236
1r5y,1r5y_820,22.975412197204168
1r5y,1r5y_853,11.362239779035164
1r5y,1r5y_868,5.341018353434988
1r5y,1r5y_870,11.706890582948002
1r5y,1r5y_883,11.925935588175328
1r5y,1r5y_887,7.18170372647463
1r5y,1r5y_90,34.822940733012416
1r5y,1r5y_928,12.593288846387727
1r5y,1r5y_987,9.29576672322022
1s38,1s38_117,42.57385493964733
1s38,1s38_123,16.39589054792897
1s38,1s38_152,40.68465277124917
1s38,1s38_305,37.91463627946061
1s38,1s38_382,23.63271089129979
1s38,1s38_404,36.186693043375485
1s38,1s38_405,27.146611124462822
1s38,1s38_425,24.8005031898524
1s38,1s38_426,28.04808654883501
1s38,1s38_430,37.67343166444999
1s38,1s38_431,18.40813848153245
1s38,1s38_432,31.74374888269218
1s38,1s38_433,37.106051463337295
1s38,1s38_434,22.41264054437424
1s38,1s38_436,22.93039994734483
1s38,1s38_447,23.524288295405054
1s38,1s38_448,26.51126336906408
1s38,1s38_459,24.69633572696482
1s38,1s38_460,19.948701099720257
1s38,1s38_462,21.713185182078167
1s38,1s38_464,31.335568851681977
1s38,1s38_474,26.578633905983608
1s38,1s38_475,19.50896843145068
1s38,1s38_480,20.125175730721327
1s38,1s38_485,31.90847351443916
1s38,1s38_490,22.14839647121473
1s38,1s38_495,23.656645159468876
1s38,1s38_496,19.98157441966069
1s38,1s38_499,32.48000569560562
1s38,1s38_500,20.63675816703172
1s38,1s38_510,29.66642927689489
1s38,1s38_514,31.672747944687504
1s38,1s38_526,24.675511746171125
1s38,1s38_527,5.436402807841708
1s38,1s38_537,6.50623156872142
1s38,1s38_542,22.42748946502936
1s38,1s38_545,20.41717163495068
1s38,1s38_548,16.795986389910926
1s38,1s38_549,10.476704035187774
1s38,1s38_550,10.374712173094258
1s38,1s38_551,7.582941843894673
1s38,1s38_552,7.627270956440888
1s38,1s38_553,22.95806504640991
1s38,1s38_557,10.786138001948324
1s38,1s38_565,9.145880748121035
1s38,1s38_568,7.159940066272063
1s38,1s38_572,8.6762163667889
1s38,1s38_576,8.038149799957834
1s38,1s38_583,11.77154498451482
1s38,1s38_584,3.754177724666288
1s38,1s38_588,9.724135568008812
1s38,1s38_590,16.255531408764732
1s38,1s38_591,21.08016385351337
1s38,1s38_592,8.212269911392887
1s38,1s38_593,14.15263383136796
1s38,1s38_594,14.644198477114402
1s38,1s38_596,6.454827133111381
1s38,1s38_598,10.457891404514484
1s38,1s38_600,8.885206266336782
1s38,1s38_614,13.908697453109108
1s38,1s38_628,25.654121443148654
1s38,1s38_653,23.71810760342938
1s38,1s38_658,11.26671511840394
1s38,1s38_659,24.769976625719085
1s38,1s38_675,20.85031182761796
1s38,1s38_678,20.556455672187838
1s38,1s38_688,13.388026583407372
1s38,1s38_714,0.4832583875174836
1s38,1s38_715,0.4654588774843328
1s38,1s38_725,0.3815397481101036
1s38,1s38_730,0.3862022502044326
1s38,1s38_741,0.8503941496316115
1s38,1s38_75,39.92179867190833
1s38,1s38_752,1.135252463409722
1s38,1s38_765,6.009740679520248
1s38,1s38_774,2.644866285565311
1s38,1s38_779,4.075954413283428
1s38,1s38_785,3.111418728200669
1s38,1s38_787,6.405744393468504
1s38,1s38_790,8.010259753441268
1s38,1s38_792,19.312784311597337
1s38,1s38_793,11.539924129847208
1s38,1s38_795,22.654670053662905
1s38,1s38_82,40.71474860909635
1s38,1s38_822,0.5158279649439735
1s38,1s38_845,0.3723347437497555
1s38,1s38_850,0.524220639774618
1s38,1s38_853,0.929111016424317
1s38,1s38_871,1.4723303942761687
1s38,1s38_886,7.043012978615544
1s38,1s38_888,0.448869777046453
1s38,1s38_893,1.8802903128519632
1s38,1s38_940,0.4850682532473327
1s38,1s38_942,0.4907728220274523
1s38,1s38_961,0.5950515934102332
1s38,1s38_964,0.3804920857222816
1s38,1s38_969,0.6120560222677973
1s38,1s38_976,0.4200561161586286
1s38,1s38_981,4.478882142372716
1s38,1s38_985,4.661998903601448
1sqa,1sqa_120,52.945061375432935
1sqa,1sqa_145,37.42154421001206
1sqa,1sqa_177,55.17734185958586
1sqa,1sqa_20,51.87322201236962
1sqa,1sqa_238,33.8372227257867
1sqa,1sqa_258,52.43717529304031
1sqa,1sqa_322,57.48055254157437
1sqa,1sqa_357,56.92017931966469
1sqa,1sqa_366,55.63694416455318
1sqa,1sqa_411,48.0764791791684
1sqa,1sqa_415,42.37527693592261
1sqa,1sqa_418,29.6060699120245
1sqa,1sqa_425,50.16218102098041
1sqa,1sqa_426,27.60552838324681
1sqa,1sqa_427,55.29040393652045
1sqa,1sqa_430,28.25358099820713
1sqa,1sqa_433,48.22796332448443
1sqa,1sqa_436,47.200207582555166
1sqa,1sqa_442,32.21922417491842
1sqa,1sqa_445,42.15382047966056
1sqa,1sqa_448,45.99920865968553
1sqa,1sqa_449,40.36432848873817
1sqa,1sqa_458,32.00656703364859
1sqa,1sqa_473,31.43899926647486
1sqa,1sqa_474,34.77703466359133
1sqa,1sqa_475,36.47969655335854
1sqa,1sqa_476,46.87791281151358
1sqa,1sqa_479,36.567614981611776
1sqa,1sqa_481,30.729802408249597
1sqa,1sqa_486,31.07135862526055
1sqa,1sqa_490,21.844512903278307
1sqa,1sqa_496,41.983837993342775
1sqa,1sqa_499,37.09191728798936
1sqa,1sqa_517,26.63522839360217
1sqa,1sqa_524,33.3433836027868
1sqa,1sqa_526,23.44520015193897
1sqa,1sqa_530,25.345784236064123
1sqa,1sqa_531,12.67776414753797
1sqa,1sqa_532,27.017635035610105
1sqa,1sqa_537,34.91378942187419
1sqa,1sqa_539,26.64802306650926
1sqa,1sqa_543,42.89662174236732
1sqa,1sqa_547,21.797182221882498
1sqa,1sqa_548,17.72956770929945
1sqa,1sqa_549,25.356523152417854
1sqa,1sqa_556,30.077819755056115
1sqa,1sqa_557,11.151658425589549
1sqa,1sqa_560,56.14722075334931
1sqa,1sqa_573,10.370251258892615
1sqa,1sqa_575,13.93047392294743
1sqa,1sqa_581,25.05712887462719
1sqa,1sqa_588,35.18338575373525
1sqa,1sqa_589,40.92654783388001
1sqa,1sqa_597,25.32178029085313
1sqa,1sqa_610,41.4609617693761
1sqa,1sqa_620,20.951887892428505
1sqa,1sqa_635,43.65990358102414
1sqa,1sqa_637,22.2203353081647
1sqa,1sqa_638,32.61981185138606
1sqa,1sqa_643,22.354848908968357
1sqa,1sqa_644,26.057615171358496
1sqa,1sqa_650,31.579291807028845
1sqa,1sqa_654,28.92718196282139
1sqa,1sqa_662,23.73780297499063
1sqa,1sqa_668,19.36543249178261
1sqa,1sqa_669,26.30168788564601
1sqa,1sqa_672,25.644886341775845
1sqa,1sqa_679,28.05455486186221
1sqa,1sqa_682,22.572158718589083
1sqa,1sqa_687,24.20324797342447
1sqa,1sqa_692,39.60335287315634
1sqa,1sqa_693,24.505039603573397
1sqa,1sqa_696,26.22360129612273
1sqa,1sqa_747,60.524062366585845
1sqa,1sqa_761,57.47819660564003
1sqa,1sqa_776,54.279073703484976
1sqa,1sqa_787,55.88263643526061
1sqa,1sqa_788,48.4930702805525
1sqa,1sqa_789,49.81632588610443
1sqa,1sqa_808,30.35521572616144
1sqa,1sqa_819,27.138947870396265
1sqa,1sqa_827,50.9722163241094
1sqa,1sqa_836,19.025479513945783
1sqa,1sqa_839,10.129364637851902
1sqa,1sqa_845,23.00909689563648
1sqa,1sqa_849,19.398371804727383
1sqa,1sqa_854,22.159466443963765
1sqa,1sqa_857,25.52391660620788
1sqa,1sqa_860,16.809287658443523
1sqa,1sqa_867,26.693360003055744
1sqa,1sqa_870,21.48310922465311
1sqa,1sqa_88,39.99857114806824
1syi,1syi_162,51.613538725327295
1syi,1syi_234,53.6607851031963
1syi,1syi_259,48.77091409776541
1syi,1syi_353,51.92936193605305
1syi,1syi_402,42.04086123579535
1syi,1syi_411,39.98734258153874
1syi,1syi_418,41.93883879186142
1syi,1syi_423,44.83233481965459
1syi,1syi_424,15.945606003807224
1syi,1syi_425,25.001400770041908
1syi,1syi_426,15.585966757834116
1syi,1syi_433,41.64442138607784
1syi,1syi_444,35.51242946830141
1syi,1syi_448,30.56163996270067
1syi,1syi_454,24.559019812169566
1syi,1syi_457,40.85153730364124
1syi,1syi_465,38.14188741145258
1syi,1syi_476,35.83791191409833
1syi,1syi_489,22.668813915291192
1syi,1syi_495,16.69732756762222
1syi,1syi_540,28.077745744316307
1syi,1syi_545,21.007928698435045
1syi,1syi_554,25.443047807803435
1syi,1syi_559,18.67258341660957
1syi,1syi_560,23.407206240929533
1syi,1syi_562,30.586512493132258
1syi,1syi_570,33.11855279111511
1syi,1syi_571,20.783774686365
1syi,1syi_573,27.194325023227467
1syi,1syi_577,16.486702822411612
1syi,1syi_580,29.720387674285565
1syi,1syi_598,18.46608095293204
1syi,1syi_618,30.10690444322664
1syi,1syi_619,28.19868978257334
1syi,1syi_637,29.208979874340507
1syi,1syi_659,26.54308676607715
1syi,1syi_660,28.408574414944944
1syi,1syi_667,28.386797632685663
1syi,1syi_675,25.05423860527438
1syi,1syi_683,35.55701826616535
1syi,1syi_685,15.986859775209492
1syi,1syi_725,30.969550188385742
1syi,1syi_733,14.143891681577474
1syi,1syi_736,15.61389465113086
1syi,1syi_740,21.106263674177963
1syi,1syi_763,16.43632476811711
1syi,1syi_777,15.466945385995528
1syi,1syi_788,15.355218207062434
1syi,1syi_793,29.607492345011853
1syi,1syi_795,31.456074506191207
1u1b,1u1b_124,14.88412632183062
1u1b,1u1b_149,16.97932725737284
1u1b,1u1b_150,15.028210719967552
1u1b,1u1b_154,12.599012312873846
1u1b,1u1b_155,21.354526436283656
1u1b,1u1b_157,14.238661062111142
1u1b,1u1b_160,4.053282946378119
1u1b,1u1b_166,24.74171303714252
1u1b,1u1b_171,9.075335714766728
1u1b,1u1b_172,23.53086916932029
1u1b,1u1b_176,18.180139560818876
1u1b,1u1b_18,19.823581994765718
1u1b,1u1b_183,14.129768729023654
1u1b,1u1b_191,16.14319003023213
1u1b,1u1b_195,27.82830820377112
1u1b,1u1b_196,10.674286373954756
1u1b,1u1b_198,19.290917784799728
1u1b,1u1b_2,39.822187471254765
1u1b,1u1b_21,17.675662859801562
1u1b,1u1b_214,42.850557919976254
1u1b,1u1b_220,22.454288151841048
1u1b,1u1b_224,19.20785007431109
1u1b,1u1b_232,27.492623807349155
1u1b,1u1b_237,22.473775161610355
1u1b,1u1b_24,23.91666476928635
1u1b,1u1b_255,21.29235872939432
1u1b,1u1b_256,21.620168538482517
1u1b,1u1b_258,35.50698769370092
1u1b,1u1b_26,39.484582202991845
1u1b,1u1b_260,25.69495687769859
1u1b,1u1b_263,22.24521819375708
1u1b,1u1b_27,19.939472069222425
1u1b,1u1b_275,32.49252398687621
1u1b,1u1b_277,20.506864288779717
1u1b,1u1b_28,20.32562471284011
1u1b,1u1b_295,26.75632356967929
1u1b,1u1b_298,36.61100479224884
1u1b,1u1b_3,23.64973635812148
1u1b,1u1b_30,34.831461221471294
1u1b,1u1b_330,16.206052428993996
1u1b,1u1b_331,16.984509112332383
1u1b,1u1b_340,32.7091499265664
1u1b,1u1b_351,22.11076691252904
1u1b,1u1b_356,25.98002193241193
1u1b,1u1b_385,27.62513606427526
1u1b,1u1b_388,15.208219702056889
1u1b,1u1b_390,23.560455546703903
1u1b,1u1b_40,24.39336836551283
1u1b,1u1b_430,31.0017856950692
1u1b,1u1b_432,19.093487605933284
1u1b,1u1b_435,21.946821300145032
1u1b,1u1b_444,28.715333740701865
1u1b,1u1b_468,26.66713753945657
1u1b,1u1b_491,22.09545586132585
1u1b,1u1b_494,27.93177374525152
1u1b,1u1b_496,20.99082322425945
1u1b,1u1b_50,22.35322253400949
1u1b,1u1b_507,23.212700050993337
1u1b,1u1b_55,18.85323974257543
1u1b,1u1b_553,22.698955235380843
1u1b,1u1b_558,30.663037480446896
1u1b,1u1b_569,11.92483204252214
1u1b,1u1b_571,18.35309445879542
1u1b,1u1b_578,14.567232693582428
1u1b,1u1b_588,19.34552996548241
1u1b,1u1b_644,18.325550765418125
1u1b,1u1b_658,15.646908120671553
1u1b,1u1b_678,23.662952730609984
1u1b,1u1b_694,16.259965721622706
1u1b,1u1b_765,38.80643352865024
1u1b,1u1b_768,30.596153660712165
1u1b,1u1b_769,23.61009169602039
1u1b,1u1b_79,39.03452440038669
1u1b,1u1b_8,34.89032991518851
1u1b,1u1b_826,35.324746500398824
1u1b,1u1b_834,33.022349116681426
1u1b,1u1b_86,20.7567751387493
1u1b,1u1b_919,39.54568651809218
1u1b,1u1b_929,36.21271921669862
1u1b,1u1b_933,22.608084597069272
1u1b,1u1b_95,35.37176785622943
1u1b,1u1b_97,30.5929799397225
1uto,1uto_10,8.551867598765241
1uto,1uto_203,10.54661471322132
1uto,1uto_24,8.871432715962987
1uto,1uto_290,10.074111519144074
1uto,1uto_36,8.343505321334321
1uto,1uto_414,7.15298875408431
1uto,1uto_428,8.667072590893527
1uto,1uto_451,8.572588357485746
1uto,1uto_494,6.874788405143055
1uto,1uto_495,10.10280010771928
1uto,1uto_521,8.470093246822671
1uto,1uto_547,9.085427421803429
1uto,1uto_549,8.92974034146607
1uto,1uto_563,7.360919186828962
1uto,1uto_564,6.564411230985965
1uto,1uto_569,6.672570117916544
1uto,1uto_577,6.698505948580757
1uto,1uto_580,6.664626395224576
1uto,1uto_593,6.332239259697985
1uto,1uto_594,5.5813388623592175
1uto,1uto_640,8.922689110560087
1uto,1uto_686,9.817060240280956
1uto,1uto_688,7.612469130582761
1uto,1uto_698,7.225978428156194
1uto,1uto_738,3.830238119396622
1uto,1uto_743,6.103553754545657
1uto,1uto_752,2.5089489914067657
1uto,1uto_757,2.581083289001704
1uto,1uto_762,3.897044713075136
1uto,1uto_765,2.840428806988528
1uto,1uto_768,2.473315473476705
1uto,1uto_770,3.1451600884073736
1uto,1uto_772,2.541193534896619
1uto,1uto_774,5.700827367480659
1uto,1uto_775,1.9992225663946688
1uto,1uto_777,5.66277241408262
1uto,1uto_783,1.996593587162546
1uto,1uto_784,2.2479343763567416
1uto,1uto_785,1.5583436522099097
1uto,1uto_786,3.706460218466373
1uto,1uto_789,5.3023889420013885
1uto,1uto_790,1.5746591163652637
1uto,1uto_791,2.764127060421734
1uto,1uto_792,3.7250859796046254
1uto,1uto_823,8.295341960680672
1uto,1uto_826,10.403479074198266
1uto,1uto_834,11.1873910868633
1uto,1uto_837,9.744598644464476
1uto,1uto_841,9.68326749437814
1uto,1uto_877,2.449138696250321
1uto,1uto_878,8.438923685191597
1uto,1uto_885,3.6711863766271526
1uto,1uto_887,5.508731031261337
1uto,1uto_918,9.515633106136692
1uto,1uto_962,10.38145274581263
1uto,1uto_965,10.658431516745903
1uto,1uto_966,9.759620658601154
1uto,1uto_971,6.594921536979776
1uto,1uto_972,10.886036788710838
1uto,1uto_991,10.012665459442626
1vso,1vso_115,35.99612673066033
1vso,1vso_174,38.50106366820615
1vso,1vso_198,37.15779809105239
1vso,1vso_214,33.928128077565134
1vso,1vso_219,37.73823611975668
1vso,1vso_243,37.31032689537726
1vso,1vso_254,35.56663634408034
1vso,1vso_273,35.16081239934118
1vso,1vso_301,32.621347950252265
1vso,1vso_310,35.8547096686942
1vso,1vso_358,32.352971063638655
1vso,1vso_363,38.39335017388015
1vso,1vso_378,28.7145572501444
1vso,1vso_379,14.234579829837248
1vso,1vso_392,32.77918379681382
1vso,1vso_401,16.999509254499227
1vso,1vso_407,15.164571986608802
1vso,1vso_424,23.988517593425065
1vso,1vso_433,11.069285100289283
1vso,1vso_436,14.276435000445458
1vso,1vso_439,17.55442256456155
1vso,1vso_444,11.858510919474982
1vso,1vso_445,11.44553567521171
1vso,1vso_449,16.120149632527443
1vso,1vso_461,8.618371402048966
1vso,1vso_470,20.84012096961989
1vso,1vso_487,22.35424311434696
1vso,1vso_493,12.119696206220596
1vso,1vso_494,12.432722390632884
1vso,1vso_496,12.682378138896045
1vso,1vso_497,16.712847303745047
1vso,1vso_501,18.78887429501758
1vso,1vso_516,18.8505886565933
1vso,1vso_522,12.320763136073309
1vso,1vso_545,17.11574107781842
1vso,1vso_547,17.03053580834246
1vso,1vso_549,13.58132544677632
1vso,1vso_557,9.942413470529152
1vso,1vso_558,6.441723395201519
1vso,1vso_571,10.861221958583878
1vso,1vso_573,9.507567161744904
1vso,1vso_575,14.822381024145177
1vso,1vso_577,13.61035228837609
1vso,1vso_579,14.128556494132113
1vso,1vso_580,11.677195952216014
1vso,1vso_581,15.69012716961927
1vso,1vso_585,5.586480713569582
1vso,1vso_596,13.517794921856932
1vso,1vso_597,15.609225095096836
1vso,1vso_609,11.354252947144865
1vso,1vso_617,8.033639728047987
1vso,1vso_618,15.3890242829838
1vso,1vso_624,16.73561166514705
1vso,1vso_630,6.102881713076027
1vso,1vso_631,12.795623352756964
1vso,1vso_636,10.794775990683522
1vso,1vso_642,5.030050516342326
1vso,1vso_644,17.149943786005654
1vso,1vso_677,13.584454799901344
1vso,1vso_685,12.650618164797825
1vso,1vso_732,11.194967112028916
1vso,1vso_74,36.59917442496231
1vso,1vso_753,3.2176343755383967
1vso,1vso_838,25.5124275542954
1vso,1vso_840,7.026122001322551
1vso,1vso_850,21.79344297005284
1vso,1vso_910,34.76823249339892
1vso,1vso_954,33.53175647672087
1vso,1vso_957,32.45628094735401
1vso,1vso_963,32.395983502554415
1vso,1vso_978,31.773660166716198
1w4o,1w4o_101,11.63509704214209
1w4o,1w4o_119,12.00233260613005
1w4o,1w4o_170,8.209169095876481
1w4o,1w4o_178,5.9913260353824125
1w4o,1w4o_194,14.955468210489348
1w4o,1w4o_200,7.049423070139453
1w4o,1w4o_246,23.831695174865803
1w4o,1w4o_273,21.27568292189184
1w4o,1w4o_274,21.808650378458346
1w4o,1w4o_3,19.024179484395244
1w4o,1w4o_307,10.232833920567368
1w4o,1w4o_313,23.85486515173237
1w4o,1w4o_330,23.505237030718416
1w4o,1w4o_338,10.26942808007381
1w4o,1w4o_339,20.44827421718989
1w4o,1w4o_353,10.17985552544709
1w4o,1w4o_367,21.543487071188117
1w4o,1w4o_371,7.960250065287598
1w4o,1w4o_376,22.28893692849411
1w4o,1w4o_391,22.46731728607333
1w4o,1w4o_401,15.603039488115812
1w4o,1w4o_405,11.74431924058108
1w4o,1w4o_410,14.94071495943984
1w4o,1w4o_413,15.309249148934668
1w4o,1w4o_415,16.45372888162096
1w4o,1w4o_424,12.032862571363362
1w4o,1w4o_426,11.611489403932742
1w4o,1w4o_435,22.1415456579135
1w4o,1w4o_438,14.170163185313054
1w4o,1w4o_450,15.935093615809311
1w4o,1w4o_456,16.55519238930507
1w4o,1w4o_480,13.960361940877398
1w4o,1w4o_498,10.840306322856364
1w4o,1w4o_509,11.256703327209538
1w4o,1w4o_521,20.83140318040366
1w4o,1w4o_532,9.00330196352782
1w4o,1w4o_541,11.846141252968348
1w4o,1w4o_542,19.80591743888981
1w4o,1w4o_549,10.220471506930108
1w4o,1w4o_550,8.983506866706813
1w4o,1w4o_572,7.4839885700003315
1w4o,1w4o_573,7.482440178512211
1w4o,1w4o_585,11.771763308337617
1w4o,1w4o_596,11.458982135789292
1w4o,1w4o_597,17.937363473864902
1w4o,1w4o_602,18.96182229319509
1w4o,1w4o_606,20.30621465603665
1w4o,1w4o_642,14.603246359054191
1w4o,1w4o_655,6.476110051976328
1w4o,1w4o_658,9.62494370619633
1w4o,1w4o_666,6.283795667465425
1w4o,1w4o_675,12.934502293633823
1w4o,1w4o_679,9.347606032138442
1w4o,1w4o_692,10.12603270538637
1w4o,1w4o_704,18.55718890289966
1w4o,1w4o_741,9.233359024326203
1w4o,1w4o_746,5.753279768371442
1w4o,1w4o_747,7.39126080505067
1w4o,1w4o_748,11.176238020531123
1w4o,1w4o_749,10.930228167088988
1w4o,1w4o_751,13.885872540745446
1w4o,1w4o_752,11.446102114726536
1w4o,1w4o_754,9.519695526074086
1w4o,1w4o_757,19.469623548213757
1w4o,1w4o_761,20.80723525729466
1w4o,1w4o_762,13.428925987942735
1w4o,1w4o_788,10.136820221099844
1w4o,1w4o_804,11.797945339575888
1w4o,1w4o_827,8.088725911833277
1w4o,1w4o_829,4.386450916551987
1w4o,1w4o_833,14.487211674639177
1w4o,1w4o_841,7.824570328401645
1w4o,1w4o_844,11.80281540897355
1w4o,1w4o_846,4.316267983486295
1w4o,1w4o_851,12.546185357963909
1w4o,1w4o_854,14.512042605198774
1w4o,1w4o_856,10.41202334802059
1w4o,1w4o_859,11.154125073742694
1w4o,1w4o_870,17.496455018930256
1w4o,1w4o_917,16.806669898133613
1w4o,1w4o_928,19.30880672344409
1w4o,1w4o_940,14.93827495794334
1w4o,1w4o_960,15.905623070404417
1y6r,1y6r_232,85.57879578931644
1y6r,1y6r_288,75.67107219420097
1y6r,1y6r_405,23.26180713070721
1y6r,1y6r_406,41.929725156077474
1y6r,1y6r_413,20.736783034487814
1y6r,1y6r_419,22.789763256855792
1y6r,1y6r_424,27.64382894073864
1y6r,1y6r_429,47.16086522092319
1y6r,1y6r_430,48.46149198817495
1y6r,1y6r_434,43.45881083255704
1y6r,1y6r_438,29.12594276163365
1y6r,1y6r_440,55.51769382068005
1y6r,1y6r_445,29.595386786973272
1y6r,1y6r_450,36.026808506109234
1y6r,1y6r_455,56.67358664912131
1y6r,1y6r_457,13.896698108628138
1y6r,1y6r_463,16.387273937804068
1y6r,1y6r_473,51.24853612391221
1y6r,1y6r_476,45.079321257846686
1y6r,1y6r_480,38.42770808339248
1y6r,1y6r_481,49.334949821533726
1y6r,1y6r_482,21.31858748829429
1y6r,1y6r_484,24.59542538651189
1y6r,1y6r_496,60.47678321865652
1y6r,1y6r_510,49.333371383041474
1y6r,1y6r_535,54.09074340874936
1y6r,1y6r_551,25.36116589808192
1y6r,1y6r_570,57.88135516763074
1y6r,1y6r_572,42.495168539097904
1y6r,1y6r_575,23.95752283145732
1y6r,1y6r_579,46.69581436893512
1y6r,1y6r_595,34.684543909955856
1y6r,1y6r_603,28.387743540812483
1y6r,1y6r_604,27.285547358014167
1y6r,1y6r_613,26.282803462287028
1y6r,1y6r_645,61.28621006674536
1y6r,1y6r_650,23.900075244975724
1y6r,1y6r_652,23.131283379257017
1y6r,1y6r_655,54.5988114398868
1y6r,1y6r_656,19.68124960659094
1y6r,1y6r_657,27.66401664494523
1y6r,1y6r_661,22.366384232905485
1y6r,1y6r_666,25.23467793192449
1y6r,1y6r_678,27.40103553067576
1y6r,1y6r_694,21.74334871550929
1y6r,1y6r_696,19.154721690790232
1y6r,1y6r_698,20.706093503160943
1y6r,1y6r_734,81.79243974097007
1y6r,1y6r_806,91.24961663377113
1y6r,1y6r_808,92.4682641281874
1y6r,1y6r_809,84.32895318989183
1y6r,1y6r_819,97.32819994019512
1y6r,1y6r_858,79.98191983086843
1y6r,1y6r_925,89.19945502395244
1y6r,1y6r_947,82.72702716247159
1y6r,1y6r_968,95.45141611871806
1yc1,1yc1_130,50.19242478208852
1yc1,1yc1_134,52.86284752324945
1yc1,1yc1_14,16.891526310012917
1yc1,1yc1_159,63.9443476764428
1yc1,1yc1_196,62.40086178598327
1yc1,1yc1_199,64.66288524452939
1yc1,1yc1_205,65.43699862455873
1yc1,1yc1_214,59.01853194118139
1yc1,1yc1_220,58.5641748922341
1yc1,1yc1_246,63.14562185478203
1yc1,1yc1_254,33.37057333353832
1yc1,1yc1_281,55.18908229509998
1yc1,1yc1_289,58.80089662179137
1yc1,1yc1_29,65.36256586835353
1yc1,1yc1_293,62.28884259173326
1yc1,1yc1_296,40.1018327108679
1yc1,1yc1_314,29.44432075297656
1yc1,1yc1_352,48.31957533045088
1yc1,1yc1_376,17.97317623024364
1yc1,1yc1_38,59.88102937630055
1yc1,1yc1_401,13.413095386459483
1yc1,1yc1_403,20.062933530370817
1yc1,1yc1_407,26.895300199402364
1yc1,1yc1_412,16.88513788768823
1yc1,1yc1_413,17.95274945041064
1yc1,1yc1_415,20.116568483770564
1yc1,1yc1_421,24.356623532000047
1yc1,1yc1_428,17.674283474828037
1yc1,1yc1_429,19.108483284681768
1yc1,1yc1_431,29.98297033527518
1yc1,1yc1_437,15.116352076053396
1yc1,1yc1_440,12.6592197473309
1yc1,1yc1_441,19.326922742714384
1yc1,1yc1_447,24.16698921473831
1yc1,1yc1_471,18.728028574990088
1yc1,1yc1_480,28.883473854900885
1yc1,1yc1_483,24.0470011576619
1yc1,1yc1_485,10.464105246425587
1yc1,1yc1_486,21.22573519974006
1yc1,1yc1_487,40.897747886037095
1yc1,1yc1_492,23.430189695280557
1yc1,1yc1_496,9.550643080728914
1yc1,1yc1_5,59.539494850473865
1yc1,1yc1_512,7.092689292834157
1yc1,1yc1_516,5.593811062064702
1yc1,1yc1_521,10.287768120581244
1yc1,1yc1_523,9.76911782811999
1yc1,1yc1_528,6.832518459497056
1yc1,1yc1_536,10.791967540515593
1yc1,1yc1_542,11.613738737847502
1yc1,1yc1_546,4.774080585949339
1yc1,1yc1_549,11.283881655051523
1yc1,1yc1_557,7.309277778638004
1yc1,1yc1_564,19.901124809870293
1yc1,1yc1_570,13.16181149888159
1yc1,1yc1_573,17.33648595464722
1yc1,1yc1_581,19.052112847935543
1yc1,1yc1_582,9.630770098611643
1yc1,1yc1_584,11.043783645836204
1yc1,1yc1_610,12.520054775138885
1yc1,1yc1_612,10.690647654025488
1yc1,1yc1_616,13.122435117452111
1yc1,1yc1_622,8.263994561909886
1yc1,1yc1_630,32.56510056765441
1yc1,1yc1_634,7.445085796994642
1yc1,1yc1_635,11.69655916159365
1yc1,1yc1_636,6.635568263286745
1yc1,1yc1_642,5.1470007344549575
1yc1,1yc1_644,17.106131182891115
1yc1,1yc1_653,19.67126027064891
1yc1,1yc1_663,9.523397708467632
1yc1,1yc1_680,7.164704676587797
1yc1,1yc1_684,32.307716047997175
1yc1,1yc1_687,6.262728160924432
1yc1,1yc1_688,6.7013478533984205
1yc1,1yc1_689,19.67857041836496
1yc1,1yc1_691,20.086556673374595
1yc1,1yc1_700,7.651500552565801
1yc1,1yc1_765,47.832573921480574
1yc1,1yc1_784,17.96995554983903
1ydr,1ydr_100,18.033506473844064
1ydr,1ydr_11,3.107362505661113
1ydr,1ydr_13,23.375860908513967
1ydr,1ydr_132,24.700340025347558
1ydr,1ydr_136,19.05760340078172
1ydr,1ydr_164,41.95669227552629
1ydr,1ydr_18,34.82548186859526
1ydr,1ydr_204,24.452357508632097
1ydr,1ydr_214,28.80491557300266
1ydr,1ydr_240,24.537089495253444
1ydr,1ydr_26,42.26227679772507
1ydr,1ydr_268,29.17227044973505
1ydr,1ydr_291,17.148656907927727
1ydr,1ydr_315,16.583460856617496
1ydr,1ydr_332,16.008326669347923
1ydr,1ydr_348,14.84504677366405
1ydr,1ydr_368,10.000088130874978
1ydr,1ydr_369,38.391134610560194
1ydr,1ydr_4,41.78970900044473
1ydr,1ydr_418,31.46938705578444
1ydr,1ydr_423,24.12855701601356
1ydr,1ydr_430,15.445641360198868
1ydr,1ydr_452,34.39584923973944
1ydr,1ydr_46,43.55408442721193
1ydr,1ydr_464,17.61069074789847
1ydr,1ydr_466,29.02742928258565
1ydr,1ydr_470,10.62147129777583
1ydr,1ydr_482,11.64218702296165
1ydr,1ydr_485,12.57365854064228
1ydr,1ydr_487,11.30061707644829
1ydr,1ydr_490,19.559603277241383
1ydr,1ydr_495,11.904634897156008
1ydr,1ydr_517,7.520433257129423
1ydr,1ydr_518,6.121877010964827
1ydr,1ydr_524,8.336865624668965
1ydr,1ydr_537,20.572420213467613
1ydr,1ydr_541,17.9312949607495
1ydr,1ydr_546,3.775561005843946
1ydr,1ydr_554,4.486388307489658
1ydr,1ydr_557,3.2355415579962403
1ydr,1ydr_558,3.952313591532671
1ydr,1ydr_566,8.838633289542276
1ydr,1ydr_570,8.398253152965616
1ydr,1ydr_582,3.1593553250533657
1ydr,1ydr_586,23.38578036126266
1ydr,1ydr_587,6.032173799090429
1ydr,1ydr_593,6.041309377606956
1ydr,1ydr_595,16.39971192079848
1ydr,1ydr_599,3.5171456780968278
1ydr,1ydr_609,2.7611935925943434
1ydr,1ydr_613,9.2888594704831
1ydr,1ydr_614,7.185410361483308
1ydr,1ydr_615,13.243126825353928
1ydr,1ydr_616,11.904722360246938
1ydr,1ydr_622,5.349475282621371
1ydr,1ydr_626,7.280922406659095
1ydr,1ydr_629,8.236083978146317
1ydr,1ydr_63,41.89474486139061
1ydr,1ydr_636,6.844817446306018
1ydr,1ydr_641,8.241176973482975
1ydr,1ydr_646,6.27915231862695
1ydr,1ydr_648,5.766748162371057
1ydr,1ydr_649,6.802078054222672
1ydr,1ydr_651,6.935702497141521
1ydr,1ydr_659,6.539606875028573
1ydr,1ydr_689,6.091751846453807
1ydr,1ydr_69,24.00137177168385
1ydr,1ydr_693,25.59634873866973
1ydr,1ydr_697,6.388683545564583
1ydr,1ydr_701,37.66813756248175
1ydr,1ydr_715,9.312584478449246
1ydr,1ydr_723,11.205451149032177
1ydr,1ydr_726,17.611603634983556
1ydr,1ydr_739,15.348327794243056
1ydr,1ydr_741,31.190112496495164
1ydr,1ydr_746,9.192522058990498
1ydr,1ydr_754,29.471732706684627
1ydr,1ydr_759,12.286465257742742
1ydr,1ydr_761,7.870289372172126
1ydr,1ydr_771,13.597394535317807
1ydr,1ydr_775,13.5409403506141
1ydr,1ydr_779,11.684667409198708
1ydr,1ydr_78,23.533419747195765
1ydr,1ydr_784,9.388784792436883
1ydr,1ydr_785,6.060157310706309
1ydr,1ydr_786,7.791906999456611
1ydr,1ydr_789,13.840568748313316
1ydr,1ydr_791,10.260001565759811
1ydr,1ydr_80,41.17366322463816
1ydr,1ydr_801,40.09106567692132
1ydr,1ydr_804,27.124155387640307
1ydr,1ydr_824,22.26764269820807
1ydr,1ydr_848,9.073730738134287
1ydr,1ydr_856,14.473855013289416
1ydr,1ydr_858,10.167608219615897
1ydr,1ydr_894,7.450337820997787
1ydr,1ydr_902,36.36811995835684
1ydr,1ydr_934,10.345997432177976
1ydr,1ydr_95,30.307535408644966
1ydr,1ydr_984,22.125673609508787
1ydt,1ydt_1000,29.790313899193016
1ydt,1ydt_121,44.35199746101608
1ydt,1ydt_204,44.15569335364484
1ydt,1ydt_207,39.5001349360516
1ydt,1ydt_214,33.34243344245021
1ydt,1ydt_215,32.649486541206855
1ydt,1ydt_241,35.87732581553604
1ydt,1ydt_246,37.724379209333456
1ydt,1ydt_251,45.617733320079104
1ydt,1ydt_253,18.940277762147712
1ydt,1ydt_254,21.092299618884315
1ydt,1ydt_260,24.860968650852065
1ydt,1ydt_263,35.91277827240646
1ydt,1ydt_267,43.04342006012679
1ydt,1ydt_271,18.814059194845346
1ydt,1ydt_275,22.081411803900902
1ydt,1ydt_277,45.73464093543164
1ydt,1ydt_278,24.606036754147844
1ydt,1ydt_279,39.11976243857689
1ydt,1ydt_281,32.72261076974982
1ydt,1ydt_283,40.44744286942958
1ydt,1ydt_300,14.916514826932197
1ydt,1ydt_309,31.151124904860897
1ydt,1ydt_324,43.20994899123666
1ydt,1ydt_34,32.89090923587583
1ydt,1ydt_386,43.59742843502392
1ydt,1ydt_40,33.2800913426407
1ydt,1ydt_401,25.13322578847308
1ydt,1ydt_404,29.37257182741229
1ydt,1ydt_408,28.706881293365413
1ydt,1ydt_412,21.539827506829088
1ydt,1ydt_417,25.45030651613884
1ydt,1ydt_425,17.762341182148866
1ydt,1ydt_432,12.31270664254395
1ydt,1ydt_446,16.21842642079079
1ydt,1ydt_46,23.329605002059008
1ydt,1ydt_464,18.688755359118005
1ydt,1ydt_47,41.57994359379436
1ydt,1ydt_470,16.929999981274257
1ydt,1ydt_474,21.023305398344856
1ydt,1ydt_483,21.416222538469597
1ydt,1ydt_487,17.31114509456266
1ydt,1ydt_494,25.943858784216623
1ydt,1ydt_495,20.298217511732208
1ydt,1ydt_500,12.991487298206652
1ydt,1ydt_532,30.045659138106423
1ydt,1ydt_538,11.458935504800849
1ydt,1ydt_539,12.008768308101466
1ydt,1ydt_549,17.187946540919775
1ydt,1ydt_556,18.72358712387252
1ydt,1ydt_558,19.213028082269407
1ydt,1ydt_564,13.443975924932586
1ydt,1ydt_576,13.04630834130953
1ydt,1ydt_578,22.26873048838484
1ydt,1ydt_609,18.985964792717315
1ydt,1ydt_625,14.63932067406638
1ydt,1ydt_632,18.31192449767829
1ydt,1ydt_643,20.538107135345385
1ydt,1ydt_644,15.85906292790922
1ydt,1ydt_655,10.979759419968964
1ydt,1ydt_659,16.175762906438205
1ydt,1ydt_677,29.09517191502318
1ydt,1ydt_678,15.56604367835584
1ydt,1ydt_684,11.47911144513262
1ydt,1ydt_694,7.909893337683831
1ydt,1ydt_697,8.746263543373688
1ydt,1ydt_705,41.742703781298864
1ydt,1ydt_709,13.612775421045082
1ydt,1ydt_711,31.562561028783023
1ydt,1ydt_715,35.573809781529775
1ydt,1ydt_730,17.76285733363497
1ydt,1ydt_75,20.199771054570625
1ydt,1ydt_750,14.350642111778466
1ydt,1ydt_766,24.69046156669709
1ydt,1ydt_775,8.924466316555694
1ydt,1ydt_785,9.076307314111354
1ydt,1ydt_787,18.58815321933965
1ydt,1ydt_817,43.89765870213249
1ydt,1ydt_818,10.278031483268723
1ydt,1ydt_832,36.559104240439815
1ydt,1ydt_837,18.631965294099917
1ydt,1ydt_840,24.01799394029834
1ydt,1ydt_882,20.386419511951225
1ydt,1ydt_892,12.21621569620672
1ydt,1ydt_916,12.860907877027543
1ydt,1ydt_918,21.565920779780978
1ydt,1ydt_926,29.33565840013713
1ydt,1ydt_936,23.2495414687601
1ydt,1ydt_953,12.245459632964977
1ydt,1ydt_994,17.095108831004435
1z6e,1z6e_11,13.020302477113148
1z6e,1z6e_117,16.028947387453133
1z6e,1z6e_125,11.83299782159476
1z6e,1z6e_130,12.991459585759907
1z6e,1z6e_136,34.61088776602393
1z6e,1z6e_145,65.7517706476273
1z6e,1z6e_152,13.621495972095266
1z6e,1z6e_159,21.84807029805539
1z6e,1z6e_160,68.02918949525417
1z6e,1z6e_162,66.63537909356032
1z6e,1z6e_184,12.868905462391735
1z6e,1z6e_19,15.674043218345297
1z6e,1z6e_192,9.254205918173271
1z6e,1z6e_200,34.48698941551123
1z6e,1z6e_21,38.66430754736888
1z6e,1z6e_31,70.17091298242235
1z6e,1z6e_310,12.247798715402432
1z6e,1z6e_350,73.29634073328853
1z6e,1z6e_352,59.05664952077
1z6e,1z6e_354,32.11105876445207
1z6e,1z6e_371,75.11036142634947
1z6e,1z6e_372,13.357219753265223
1z6e,1z6e_384,60.35322102252445
1z6e,1z6e_390,14.16464328058426
1z6e,1z6e_401,54.301613611263456
1z6e,1z6e_403,47.92391556945434
1z6e,1z6e_411,59.855085867939465
1z6e,1z6e_413,35.13715516340692
1z6e,1z6e_423,34.47118171611894
1z6e,1z6e_424,46.5872261156545
1z6e,1z6e_425,20.36096587621276
1z6e,1z6e_427,32.952922063422484
1z6e,1z6e_429,41.551223301525006
1z6e,1z6e_432,39.10195335966278
1z6e,1z6e_441,35.22879882014261
1z6e,1z6e_445,22.523421576670245
1z6e,1z6e_449,28.540458532674016
1z6e,1z6e_455,33.39754269157301
1z6e,1z6e_46,12.768732727510306
1z6e,1z6e_468,36.32930570437699
1z6e,1z6e_470,33.95150294025407
1z6e,1z6e_472,37.80883452342466
1z6e,1z6e_475,41.90879808599383
1z6e,1z6e_480,25.981387623879804
1z6e,1z6e_481,25.678475746066727
1z6e,1z6e_482,21.56000992970201
1z6e,1z6e_486,45.43006445413384
1z6e,1z6e_488,32.778258272259166
1z6e,1z6e_497,28.90641026849027
1z6e,1z6e_522,42.5040759518497
1z6e,1z6e_524,36.9319324118141
1z6e,1z6e_525,18.812156762016897
1z6e,1z6e_527,20.356609065166623
1z6e,1z6e_536,18.92712870180596
1z6e,1z6e_538,21.276880161568737
1z6e,1z6e_55,69.28050170786696
1z6e,1z6e_557,26.213913307629667
1z6e,1z6e_558,21.21899219282909
1z6e,1z6e_564,29.51514073809072
1z6e,1z6e_57,20.8341116211504
1z6e,1z6e_570,28.854856021545448
1z6e,1z6e_572,23.371741317209647
1z6e,1z6e_614,38.394608913411865
1z6e,1z6e_636,27.50761181352529
1z6e,1z6e_64,65.65414943900396
1z6e,1z6e_643,31.00014263304049
1z6e,1z6e_65,18.72426696498757
1z6e,1z6e_663,24.450673821305607
1z6e,1z6e_665,22.37487167211412
1z6e,1z6e_668,14.784958213590308
1z6e,1z6e_680,26.323182692700836
1z6e,1z6e_688,25.36765681678945
1z6e,1z6e_691,21.312543783452508
1z6e,1z6e_694,27.41733625633935
1z6e,1z6e_702,67.03457223537829
1z6e,1z6e_712,64.5726740487729
1z6e,1z6e_722,61.98701921079758
1z6e,1z6e_735,28.953088003498443
1z6e,1z6e_74,29.996317872851144
1z6e,1z6e_748,19.85463697348922
1z6e,1z6e_749,27.753646554359467
1z6e,1z6e_75,11.291154844429249
1z6e,1z6e_754,56.35978468392452
1z6e,1z6e_755,25.19252516412998
1z6e,1z6e_756,17.872786128503037
1z6e,1z6e_757,23.688426095380382
1z6e,1z6e_768,17.1560664748451
1z6e,1z6e_772,28.93261911305626
1z6e,1z6e_773,27.70260124535784
1z6e,1z6e_774,27.19105181319897
1z6e,1z6e_776,57.23681156210425
1z6e,1z6e_779,23.49710240025562
1z6e,1z6e_799,45.58430375185996
1z6e,1z6e_83,67.39380011387217
1z6e,1z6e_843,27.8429889794112
1z6e,1z6e_879,40.41246640881016
1z6e,1z6e_88,46.674166410590175
1z6e,1z6e_97,11.154827148862658
1z6e,1z6e_974,47.18817845400003
1z6e,1z6e_978,67.19353324805037
1z95,1z95_14,55.53500666990016
1z95,1z95_169,66.51629044209962
1z95,1z95_208,59.68166034168793
1z95,1z95_219,46.05993843911107
1z95,1z95_223,59.58630819163135
1z95,1z95_249,55.00895423105328
1z95,1z95_255,39.52775346520112
1z95,1z95_266,61.93601032958575
1z95,1z95_29,44.64267465837486
1z95,1z95_303,67.74981816987311
1z95,1z95_312,44.18967576004795
1z95,1z95_313,65.02510870704083
1z95,1z95_337,67.11030537767006
1z95,1z95_407,29.975879128901752
1z95,1z95_408,42.93676972882943
1z95,1z95_412,32.426850221885566
1z95,1z95_415,27.414656183956637
1z95,1z95_418,30.975468024490745
1z95,1z95_419,35.296809215425
1z95,1z95_427,37.96996569551513
1z95,1z95_428,36.14959213098884
1z95,1z95_436,26.16060289122358
1z95,1z95_437,36.31614885807772
1z95,1z95_444,35.673117826505006
1z95,1z95_445,26.865094086481182
1z95,1z95_449,36.29114935434439
1z95,1z95_474,59.29385864036586
1z95,1z95_483,28.065567830299603
1z95,1z95_484,32.74544352684332
1z95,1z95_486,24.661487447332785
1z95,1z95_489,40.218388190652725
1z95,1z95_490,24.11589279342304
1z95,1z95_498,35.48428206638428
1z95,1z95_499,42.99256956437228
1z95,1z95_514,43.67906335687864
1z95,1z95_544,35.193590270438136
1z95,1z95_545,29.90992810158302
1z95,1z95_547,29.04822748343571
1z95,1z95_548,36.97387173791763
1z95,1z95_550,38.45527895273735
1z95,1z95_555,42.81343034095354
1z95,1z95_560,26.676576732936685
1z95,1z95_562,25.60664599620269
1z95,1z95_565,34.93987096751002
1z95,1z95_566,35.42842619164206
1z95,1z95_581,34.737189573415776
1z95,1z95_587,35.97441264466449
1z95,1z95_590,35.70622316619585
1z95,1z95_620,39.86806871632759
1z95,1z95_626,30.468813894033826
1z95,1z95_648,38.87714930798993
1z95,1z95_658,21.51639693137377
1z95,1z95_663,39.815263171067805
1z95,1z95_666,35.72316740385463
1z95,1z95_684,36.5568510142297
1z95,1z95_686,31.14016493371592
1z95,1z95_690,33.68501361195367
1z95,1z95_694,29.56583053968806
1z95,1z95_700,21.36976120611121
1z95,1z95_742,54.74664462767569
1z95,1z95_765,48.40308111158195
1z95,1z95_774,43.15978377194466
1z95,1z95_779,38.04671197724505
1z95,1z95_827,53.61390080868201
1z95,1z95_872,53.89737585628372
1z95,1z95_964,53.21580354820981
1z9g,1z9g_159,4.732817530623678
1z9g,1z9g_219,24.065134881340484
1z9g,1z9g_227,11.251086788651843
1z9g,1z9g_229,30.78555756494578
1z9g,1z9g_236,19.406476443726486
1z9g,1z9g_253,16.023804402709935
1z9g,1z9g_269,11.938766323440095
1z9g,1z9g_285,17.093788883165818
1z9g,1z9g_317,10.395497244324575
1z9g,1z9g_406,19.273962848305413
1z9g,1z9g_421,17.732470385781685
1z9g,1z9g_432,19.19142779749291
1z9g,1z9g_442,25.786392507832065
1z9g,1z9g_453,23.54052180010688
1z9g,1z9g_455,22.35579826189787
1z9g,1z9g_465,19.914427787800932
1z9g,1z9g_468,23.90967187621888
1z9g,1z9g_472,19.859770327062627
1z9g,1z9g_481,18.277190180792605
1z9g,1z9g_484,20.870413967886183
1z9g,1z9g_490,19.64419060408865
1z9g,1z9g_527,13.52886243640612
1z9g,1z9g_551,16.303807833481788
1z9g,1z9g_575,13.386798579050334
1z9g,1z9g_581,15.666227730586474
1z9g,1z9g_582,16.426160440422915
1z9g,1z9g_583,13.518508401411202
1z9g,1z9g_585,22.572526319073628
1z9g,1z9g_588,8.464956681703024
1z9g,1z9g_593,11.256928895211852
1z9g,1z9g_595,10.997939852895517
1z9g,1z9g_596,12.820650909284025
1z9g,1z9g_597,14.365724117001628
1z9g,1z9g_598,13.773729997719585
1z9g,1z9g_608,10.997421729701744
1z9g,1z9g_609,15.592781263470206
1z9g,1z9g_613,8.486498616165271
1z9g,1z9g_618,7.798014579586197
1z9g,1z9g_626,12.56680238745069
1z9g,1z9g_634,8.737294834595135
1z9g,1z9g_638,8.030590654538672
1z9g,1z9g_641,12.506683328469384
1z9g,1z9g_647,11.038800211576184
1z9g,1z9g_651,10.814432750606588
1z9g,1z9g_667,9.893721779928637
1z9g,1z9g_678,8.495918447673693
1z9g,1z9g_679,12.775662735520957
1z9g,1z9g_68,17.090533331757204
1z9g,1z9g_680,20.500859653848984
1z9g,1z9g_684,9.612346142912864
1z9g,1z9g_694,8.26488839031367
1z9g,1z9g_699,11.178748228639622
1z9g,1z9g_701,29.368796688207603
1z9g,1z9g_703,27.53440258575668
1z9g,1z9g_707,29.600178366880733
1z9g,1z9g_710,27.60488446474189
1z9g,1z9g_715,27.46121161805397
1z9g,1z9g_720,30.489934224768422
1z9g,1z9g_721,27.76334790623205
1z9g,1z9g_722,28.029839633789862
1z9g,1z9g_723,30.85524442561608
1z9g,1z9g_725,29.481014972232558
1z9g,1z9g_734,18.957461086806408
1z9g,1z9g_738,29.19728212446995
1z9g,1z9g_741,27.0428154273697
1z9g,1z9g_742,27.22749131331032
1z9g,1z9g_747,25.62514915870105
1z9g,1z9g_749,22.082761923513985
1z9g,1z9g_750,15.738821318220548
1z9g,1z9g_753,15.406878578801267
1z9g,1z9g_763,15.982515507728497
1z9g,1z9g_769,17.311625330887747
1z9g,1z9g_784,19.32405815421377
1z9g,1z9g_787,9.70923875211265
1z9g,1z9g_789,27.168417411310877
1z9g,1z9g_790,28.24864595232545
1z9g,1z9g_793,26.695080625389487
1z9g,1z9g_817,31.202088736588628
1z9g,1z9g_845,18.503813752630123
1z9g,1z9g_849,26.61408387027571
1z9g,1z9g_851,17.13432515303342
1z9g,1z9g_852,24.922590580578937
1z9g,1z9g_853,14.35047234355748
1z9g,1z9g_870,16.25780831448465
1z9g,1z9g_873,18.209640782486893
1z9g,1z9g_876,23.96862331123324
1z9g,1z9g_879,16.9754230298971
1z9g,1z9g_880,20.97898246492498
1z9g,1z9g_887,22.83851778642658
1z9g,1z9g_968,17.95556197787216
2al5,2al5_121,43.00816101970054
2al5,2al5_243,50.41268941112379
2al5,2al5_26,36.17841387835341
2al5,2al5_323,53.351596631867785
2al5,2al5_339,50.17892997199458
2al5,2al5_401,47.01624580270716
2al5,2al5_406,38.19856976885312
2al5,2al5_412,42.60460872653852
2al5,2al5_421,43.926202162737205
2al5,2al5_426,30.20314741942313
2al5,2al5_432,43.575532940531474
2al5,2al5_434,17.767178342267428
2al5,2al5_436,43.150173632881184
2al5,2al5_444,27.906093080691942
2al5,2al5_450,31.214881725816845
2al5,2al5_463,36.76470874158591
2al5,2al5_469,34.23656437912573
2al5,2al5_473,33.59801398100059
2al5,2al5_478,12.68400784616813
2al5,2al5_495,13.409564644456443
2al5,2al5_496,35.23975612568284
2al5,2al5_498,38.33495652650378
2al5,2al5_500,30.14184654910544
2al5,2al5_516,32.57722439834299
2al5,2al5_550,14.147777529184689
2al5,2al5_573,15.011567246750516
2al5,2al5_587,31.61424458370555
2al5,2al5_599,28.7609281572248
2al5,2al5_624,30.9738661578597
2al5,2al5_639,24.09377725308796
2al5,2al5_643,14.2822106461882
2al5,2al5_667,10.591899599222126
2al5,2al5_682,17.100420096697906
2al5,2al5_687,26.583810115041715
2al5,2al5_699,24.95856234691907
2al5,2al5_700,13.185459464038765
2al5,2al5_740,11.579847227781393
2al5,2al5_747,16.431583212023263
2al5,2al5_754,35.670769576783776
2al5,2al5_756,16.535218748744906
2al5,2al5_759,18.667010948840066
2al5,2al5_761,22.789826181735872
2al5,2al5_762,14.251278999397428
2al5,2al5_763,11.548171421507154
2al5,2al5_769,21.86292774601017
2al5,2al5_775,9.726647691118156
2al5,2al5_777,9.75021938034758
2al5,2al5_778,9.95066340221766
2al5,2al5_779,10.001844952310016
2al5,2al5_781,13.51629007726562
2al5,2al5_787,10.76269560457592
2al5,2al5_788,11.5768688445362
2br1,2br1_118,24.525897459313587
2br1,2br1_167,23.63559620839952
2br1,2br1_195,14.068386550447654
2br1,2br1_208,37.83484192611306
2br1,2br1_228,14.573130723804288
2br1,2br1_248,13.42672997149133
2br1,2br1_257,38.76328384924364
2br1,2br1_315,51.63664484329586
2br1,2br1_316,51.14929478290173
2br1,2br1_349,51.134190721507
2br1,2br1_354,52.55357212328637
2br1,2br1_356,48.07038106785769
2br1,2br1_375,48.045871608127136
2br1,2br1_383,53.96513150197095
2br1,2br1_392,51.65844543729861
2br1,2br1_413,23.896234443886044
2br1,2br1_416,24.44143439558645
2br1,2br1_419,11.997176775920652
2br1,2br1_430,14.973272643439998
2br1,2br1_433,24.216588690062224
2br1,2br1_455,12.81040617112273
2br1,2br1_47,49.85809821627532
2br1,2br1_475,14.544494187031528
2br1,2br1_479,9.05467841575313
2br1,2br1_502,39.170647530343736
2br1,2br1_511,24.290590466620905
2br1,2br1_523,26.1395470884164
2br1,2br1_524,18.403622575902222
2br1,2br1_540,15.252703971843667
2br1,2br1_543,29.180902447954317
2br1,2br1_549,25.874366869572597
2br1,2br1_554,27.862168731001184
2br1,2br1_566,15.459476201402202
2br1,2br1_572,25.13179277481216
2br1,2br1_588,31.29023553719352
2br1,2br1_598,11.66335304206353
2br1,2br1_606,20.88182303099393
2br1,2br1_621,12.576187933958236
2br1,2br1_630,17.50813900950425
2br1,2br1_649,14.869269324972365
2br1,2br1_663,41.77707190695235
2br1,2br1_666,24.059764695231568
2br1,2br1_673,9.884147795615862
2br1,2br1_675,35.97877006023462
2br1,2br1_689,30.099698073291638
2br1,2br1_694,10.0015820453345
2br1,2br1_710,9.087492110874132
2br1,2br1_723,21.6781167631302
2br1,2br1_744,42.17080488894623
2br1,2br1_746,23.396993598417247
2br1,2br1_760,11.23945506999314
2br1,2br1_762,34.59491635338535
2br1,2br1_763,48.29088809893045
2br1,2br1_764,12.549881324463682
2br1,2br1_767,14.15957505151822
2br1,2br1_769,35.88817661960741
2br1,2br1_789,17.234061937560533
2br1,2br1_790,11.808563668632203
2br1,2br1_831,19.232616191417275
2br1,2br1_835,22.38447916094145
2br1,2br1_850,17.951933066466545
2br1,2br1_854,13.541988738712938
2br1,2br1_857,34.774249689632654
2br1,2br1_866,43.71327026728788
2br1,2br1_873,40.80428284181276
2br1,2br1_879,38.1440106528348
2br1,2br1_897,13.449880197399937
2br1,2br1_952,12.35690370243057
2br1,2br1_966,13.738537062059716
2br1,2br1_976,35.118466417209206
2br1,2br1_984,15.95353465886025
2br1,2br1_988,11.596443209883972
2brb,2brb_128,14.497992242092858
2brb,2brb_13,20.05063162897828
2brb,2brb_146,12.9687830163005
2brb,2brb_183,15.878387556490244
2brb,2brb_214,38.32294739356803
2brb,2brb_223,39.99423751342807
2brb,2brb_246,39.42785207167692
2brb,2brb_285,19.93690135450133
2brb,2brb_302,46.99244089186826
2brb,2brb_318,45.53287680419113
2brb,2brb_361,46.03504633295463
2brb,2brb_383,45.06507801859563
2brb,2brb_405,19.95539360565945
2brb,2brb_406,11.082267163385856
2brb,2brb_408,10.747750700318042
2brb,2brb_425,11.299772304957104
2brb,2brb_442,11.274854628707445
2brb,2brb_449,11.88295043766863
2brb,2brb_452,12.139806314668794
2brb,2brb_460,16.239537916843986
2brb,2brb_466,14.082236599729924
2brb,2brb_469,11.952667416630817
2brb,2brb_474,16.134810033637503
2brb,2brb_477,15.562724928056824
2brb,2brb_490,30.34969082655576
2brb,2brb_494,9.94713340521132
2brb,2brb_501,24.97367076408336
2brb,2brb_502,23.413045079465128
2brb,2brb_514,22.791607337746463
2brb,2brb_521,33.837567752398
2brb,2brb_522,27.25968633264841
2brb,2brb_533,15.984067021983035
2brb,2brb_539,10.051917088979232
2brb,2brb_550,16.619851654784068
2brb,2brb_558,21.887609449038425
2brb,2brb_568,23.01902808747527
2brb,2brb_582,24.514261553519724
2brb,2brb_586,21.729403696686667
2brb,2brb_593,15.849397795502664
2brb,2brb_594,15.328404444576613
2brb,2brb_596,33.94206713153593
2brb,2brb_597,25.83594714968949
2brb,2brb_601,10.656455131081549
2brb,2brb_608,11.860917303903468
2brb,2brb_624,20.592430005266102
2brb,2brb_643,13.336999432145328
2brb,2brb_655,8.01064230225424
2brb,2brb_666,20.97996878386605
2brb,2brb_671,21.90246870625174
2brb,2brb_672,17.696748315784024
2brb,2brb_674,8.51332024593815
2brb,2brb_675,23.26657451493123
2brb,2brb_682,30.50889003025476
2brb,2brb_693,24.43035534854537
2brb,2brb_696,12.805978042665474
2brb,2brb_697,29.17173180658183
2brb,2brb_705,39.37419571892059
2brb,2brb_713,30.622916765229924
2brb,2brb_743,40.02854287821305
2brb,2brb_745,35.26384379949032
2brb,2brb_751,35.14773645639467
2brb,2brb_752,35.71580541776025
2brb,2brb_754,9.124470868867483
2brb,2brb_759,11.56980455588809
2brb,2brb_85,38.10259282423533
2brb,2brb_88,37.25622647165798
2brb,2brb_94,22.48907466379205
2brb,2brb_941,36.5726340224739
2c3i,2c3i_16,50.5256171143937
2c3i,2c3i_32,25.0609355062899
2c3i,2c3i_338,35.07884627569334
2c3i,2c3i_382,39.28447821553254
2c3i,2c3i_387,51.18394570450607
2c3i,2c3i_389,41.37169897561092
2c3i,2c3i_403,27.462414350841424
2c3i,2c3i_412,29.53734876861246
2c3i,2c3i_424,22.901071664698183
2c3i,2c3i_435,41.21240184675334
2c3i,2c3i_441,24.380342013663807
2c3i,2c3i_444,28.812069438776284
2c3i,2c3i_45,43.39780120215156
2c3i,2c3i_453,29.13592208500545
2c3i,2c3i_456,35.612265385622834
2c3i,2c3i_482,31.71961685049536
2c3i,2c3i_491,31.850687040946564
2c3i,2c3i_494,29.513786737988408
2c3i,2c3i_503,28.71659190350151
2c3i,2c3i_506,23.218781998517677
2c3i,2c3i_507,19.98502815343927
2c3i,2c3i_521,25.348562923516702
2c3i,2c3i_522,34.604967371597354
2c3i,2c3i_556,27.49453795487332
2c3i,2c3i_559,21.558480305045688
2c3i,2c3i_56,36.61099076015898
2c3i,2c3i_560,21.66024561053109
2c3i,2c3i_571,19.1732728816174
2c3i,2c3i_573,24.32966317189661
2c3i,2c3i_574,20.24159122125973
2c3i,2c3i_580,30.818020230644205
2c3i,2c3i_590,19.081903208491205
2c3i,2c3i_592,21.69833566850029
2c3i,2c3i_603,21.232112210930516
2c3i,2c3i_609,30.14004264941493
2c3i,2c3i_619,30.53374105434627
2c3i,2c3i_62,43.54649888256117
2c3i,2c3i_637,30.61533266387067
2c3i,2c3i_650,36.52477707742443
2c3i,2c3i_658,21.409002743952733
2c3i,2c3i_659,30.67033458108055
2c3i,2c3i_663,24.87125259711805
2c3i,2c3i_675,25.390370851871698
2c3i,2c3i_680,33.24996406651787
2c3i,2c3i_687,24.085394105184744
2c3i,2c3i_690,24.709015811853195
2c3i,2c3i_693,29.285583539967785
2c3i,2c3i_696,22.180702818410527
2c3i,2c3i_699,18.546339635555015
2c3i,2c3i_719,27.74434140614618
2c3i,2c3i_720,51.32371550811112
2c3i,2c3i_729,50.62002995368432
2c3i,2c3i_734,46.73768440499032
2c3i,2c3i_743,23.201198757585708
2c3i,2c3i_746,26.685220756903025
2c3i,2c3i_749,27.850478658140062
2c3i,2c3i_799,49.077776669456014
2c3i,2c3i_818,33.05404303136433
2c3i,2c3i_823,50.574760799240494
2c3i,2c3i_846,46.89858217614018
2c3i,2c3i_857,49.1662794252846
2c3i,2c3i_861,49.11750520572964
2c3i,2c3i_895,49.13423036576331
2c3i,2c3i_917,49.16354178657486
2c3i,2c3i_954,46.10292921371128
2cbv,2cbv_291,16.13676670475715
2cbv,2cbv_312,15.879218811044744
2cbv,2cbv_409,15.009485340829269
2cbv,2cbv_413,9.136894892406682
2cbv,2cbv_422,13.84637945547983
2cbv,2cbv_452,12.84622983712866
2cbv,2cbv_453,13.40786474203296
2cbv,2cbv_470,16.60974155212865
2cbv,2cbv_484,11.389434386346869
2cbv,2cbv_489,12.737447957638487
2cbv,2cbv_499,17.49028395486764
2cbv,2cbv_524,7.9022793273268706
2cbv,2cbv_528,4.236864065939343
2cbv,2cbv_541,8.162914842623103
2cbv,2cbv_542,8.254613846701025
2cbv,2cbv_546,7.841878214794526
2cbv,2cbv_547,6.1726536665319065
2cbv,2cbv_548,6.17645531522678
2cbv,2cbv_550,8.772029013119457
2cbv,2cbv_551,6.945363041875725
2cbv,2cbv_552,7.224656128070745
2cbv,2cbv_553,4.460934347839193
2cbv,2cbv_556,11.590193844659993
2cbv,2cbv_560,5.0987736808368425
2cbv,2cbv_561,3.5477872041947727
2cbv,2cbv_562,5.81801408820885
2cbv,2cbv_563,4.2372091436126205
2cbv,2cbv_564,6.898311950295713
2cbv,2cbv_566,6.141422683840335
2cbv,2cbv_567,6.25284423683685
2cbv,2cbv_568,7.92384523066711
2cbv,2cbv_571,5.145147095716958
2cbv,2cbv_573,6.825433232332955
2cbv,2cbv_579,6.044057506231095
2cbv,2cbv_583,4.651477594859214
2cbv,2cbv_586,5.714722143202592
2cbv,2cbv_590,4.977754171822285
2cbv,2cbv_591,4.113382267336003
2cbv,2cbv_592,4.776646416737759
2cbv,2cbv_593,4.421953622776512
2cbv,2cbv_595,9.46393683523948
2cbv,2cbv_596,4.826048187372057
2cbv,2cbv_62,17.71014138177411
2cbv,2cbv_658,7.641565225678574
2cbv,2cbv_661,12.754834441997293
2cbv,2cbv_675,8.261281201405213
2cbv,2cbv_685,9.938906942008556
2cbv,2cbv_696,9.615202946049138
2cbv,2cbv_712,17.616847997300024
2cbv,2cbv_719,17.32755675002922
2cbv,2cbv_753,13.554351813117554
2cbv,2cbv_759,11.442795220872307
2cbv,2cbv_770,12.211167913014894
2cbv,2cbv_772,13.199793725171396
2cbv,2cbv_773,11.21126378263758
2cbv,2cbv_781,12.84200735072005
2cbv,2cbv_785,10.614886681379303
2cbv,2cbv_869,12.693441960398554
2cbv,2cbv_871,13.879446696996926
2cbv,2cbv_872,11.772500020370002
2cbv,2cbv_877,15.642176995087942
2cbv,2cbv_881,10.370289311770057
2cbv,2cbv_90,17.894898652629603
2cbv,2cbv_945,18.27155659806145
2cbv,2cbv_984,13.57107185319256
2cbv,2cbv_985,13.925221393894446
2cet,2cet_108,41.943239907493336
2cet,2cet_123,46.23744022024397
2cet,2cet_125,46.233910503510536
2cet,2cet_188,47.27833301098725
2cet,2cet_313,48.50166860372893
2cet,2cet_326,48.53753402518948
2cet,2cet_359,50.4017470049164
2cet,2cet_378,15.542259022274257
2cet,2cet_406,35.684679088641495
2cet,2cet_418,9.365090130959569
2cet,2cet_419,29.13049180112964
2cet,2cet_421,9.787497894764355
2cet,2cet_430,10.617793219499886
2cet,2cet_435,20.140189637297524
2cet,2cet_436,15.258552024130768
2cet,2cet_452,11.124066982026166
2cet,2cet_457,8.647108029899767
2cet,2cet_458,26.86683548847164
2cet,2cet_466,11.151287517815286
2cet,2cet_469,10.20458565285771
2cet,2cet_474,9.5664602163234
2cet,2cet_478,6.224793910329367
2cet,2cet_481,49.766500544037406
2cet,2cet_518,5.546565592006447
2cet,2cet_522,10.662618286974684
2cet,2cet_524,45.25002717745616
2cet,2cet_528,10.03836809584975
2cet,2cet_529,20.71021400884721
2cet,2cet_533,13.848762366871656
2cet,2cet_540,4.347413634932723
2cet,2cet_548,5.028538471239166
2cet,2cet_550,5.743030150934023
2cet,2cet_552,6.470105768672683
2cet,2cet_554,6.220754688259184
2cet,2cet_556,13.102987283427115
2cet,2cet_560,22.597340402961574
2cet,2cet_561,11.898173266306616
2cet,2cet_564,36.44859148073352
2cet,2cet_566,9.499990372692382
2cet,2cet_567,10.634120483763091
2cet,2cet_568,9.302029300894189
2cet,2cet_569,10.306458977805098
2cet,2cet_570,5.8301077449312615
2cet,2cet_578,5.485767393580493
2cet,2cet_580,16.50531221331718
2cet,2cet_581,22.62242573220344
2cet,2cet_585,5.991356047433158
2cet,2cet_588,13.514693516722083
2cet,2cet_589,13.861094286130724
2cet,2cet_591,9.1907211705553
2cet,2cet_592,19.804914426772587
2cet,2cet_593,11.883880791348467
2cet,2cet_594,17.543384099545264
2cet,2cet_595,12.251854627879844
2cet,2cet_599,32.761588172411834
2cet,2cet_643,15.658252217855631
2cet,2cet_656,6.14206959838324
2cet,2cet_662,8.87222859944344
2cet,2cet_665,28.0345463045684
2cet,2cet_668,13.520261266436444
2cet,2cet_669,6.129269718941599
2cet,2cet_672,10.266541340886342
2cet,2cet_673,16.114537238331287
2cet,2cet_676,10.67731257306654
2cet,2cet_679,28.110824358565083
2cet,2cet_682,17.36867636617252
2cet,2cet_689,16.24015595170189
2cet,2cet_699,12.885472057239484
2cet,2cet_722,42.47197454537249
2cet,2cet_725,45.509730566579584
2cet,2cet_734,49.93618283944619
2cet,2cet_741,46.056716880867846
2cet,2cet_742,47.46473424752823
2cet,2cet_745,39.83354082007649
2cet,2cet_756,47.86213897140933
2cet,2cet_761,21.729385298029868
2cet,2cet_765,39.06378947399016
2cet,2cet_768,13.426712771311156
2cet,2cet_776,37.198303578645344
2cet,2cet_777,11.537653852824024
2cet,2cet_855,21.30115604748065
2cet,2cet_857,21.512584407330888
2cet,2cet_875,24.20301164384951
2fvd,2fvd_10,10.707034221637636
2fvd,2fvd_102,61.45169393625458
2fvd,2fvd_105,38.95986291484963
2fvd,2fvd_107,9.75907367767682
2fvd,2fvd_116,40.47086854317984
2fvd,2fvd_118,20.35540382288493
2fvd,2fvd_121,18.009172546482986
2fvd,2fvd_122,41.01664537966696
2fvd,2fvd_126,11.123221727571371
2fvd,2fvd_136,21.77449286476478
2fvd,2fvd_169,14.737533213961076
2fvd,2fvd_175,15.640412147476466
2fvd,2fvd_188,12.567633109752748
2fvd,2fvd_200,17.503647689480697
2fvd,2fvd_204,40.90537121594676
2fvd,2fvd_210,59.21569070368573
2fvd,2fvd_211,54.67823684435295
2fvd,2fvd_219,13.26648247469897
2fvd,2fvd_220,10.764918377781555
2fvd,2fvd_223,61.32983077548926
2fvd,2fvd_225,63.07255162062437
2fvd,2fvd_235,48.36011696648131
2fvd,2fvd_238,6.943804917415306
2fvd,2fvd_24,15.95001703787979
2fvd,2fvd_243,12.30345822003018
2fvd,2fvd_266,22.24162138475357
2fvd,2fvd_270,51.43110467380912
2fvd,2fvd_275,65.84676024630576
2fvd,2fvd_282,11.291464534430949
2fvd,2fvd_286,50.760768322211455
2fvd,2fvd_288,66.39047939165923
2fvd,2fvd_292,41.32725264562444
2fvd,2fvd_309,19.74987852591319
2fvd,2fvd_312,16.667086210770073
2fvd,2fvd_34,62.05066924523086
2fvd,2fvd_345,44.88017918352375
2fvd,2fvd_348,10.534948644517604
2fvd,2fvd_369,34.69607860999265
2fvd,2fvd_382,27.91614461341705
2fvd,2fvd_388,14.996718319418315
2fvd,2fvd_39,53.49426704597451
2fvd,2fvd_397,12.507908624712387
2fvd,2fvd_40,46.84077776838748
2fvd,2fvd_408,27.078235100439223
2fvd,2fvd_410,15.136028670499718
2fvd,2fvd_42,39.26271397003128
2fvd,2fvd_421,34.28201793383995
2fvd,2fvd_428,21.943434326792563
2fvd,2fvd_434,18.70185145775593
2fvd,2fvd_435,13.990640154043142
2fvd,2fvd_443,15.2212963966882
2fvd,2fvd_467,26.50762343473773
2fvd,2fvd_468,10.84182003962637
2fvd,2fvd_469,22.63883249980292
2fvd,2fvd_475,12.378755126805045
2fvd,2fvd_478,22.01258025802001
2fvd,2fvd_48,9.410502653194156
2fvd,2fvd_484,11.764416100138376
2fvd,2fvd_490,18.02232380267925
2fvd,2fvd_495,23.40174974485013
2fvd,2fvd_50,14.12645257100285
2fvd,2fvd_505,32.020729035746825
2fvd,2fvd_553,17.454055439538525
2fvd,2fvd_555,38.65636843577703
2fvd,2fvd_585,16.10068568662382
2fvd,2fvd_592,12.30821903049732
2fvd,2fvd_599,20.935612466132557
2fvd,2fvd_6,35.16898167696506
2fvd,2fvd_602,16.87779572788046
2fvd,2fvd_603,23.209153496450234
2fvd,2fvd_606,12.168098376833113
2fvd,2fvd_610,12.064118410551291
2fvd,2fvd_62,29.24369134208957
2fvd,2fvd_637,14.249977132664164
2fvd,2fvd_638,13.389250145675696
2fvd,2fvd_639,14.87730622509939
2fvd,2fvd_640,22.5085743194511
2fvd,2fvd_642,12.34976097995538
2fvd,2fvd_645,15.012430510658202
2fvd,2fvd_649,11.177001497164452
2fvd,2fvd_65,62.24360853549824
2fvd,2fvd_673,11.95578851304894
2fvd,2fvd_679,13.310508275524
2fvd,2fvd_680,10.38966103688148
2fvd,2fvd_695,21.201487360209715
2fvd,2fvd_698,13.08269108235031
2fvd,2fvd_71,21.34304002827218
2fvd,2fvd_72,8.724371288649323
2fvd,2fvd_747,50.387024576487775
2fvd,2fvd_751,38.63747439863028
2fvd,2fvd_76,52.71866963706507
2fvd,2fvd_778,14.056178684114442
2fvd,2fvd_780,32.74224068691981
2fvd,2fvd_783,11.55722928022911
2fvd,2fvd_809,64.98771410255813
2fvd,2fvd_86,48.65878060211205
2fvd,2fvd_872,10.330787668544078
2fvd,2fvd_880,24.262500472239054
2fvd,2fvd_881,10.625083276681377
2fvd,2fvd_889,57.544516772482055
2fxs,2fxs_120,7.537718612124623
2fxs,2fxs_142,22.45799055778184
2fxs,2fxs_153,14.484752999968984
2fxs,2fxs_163,8.720831006444527
2fxs,2fxs_241,21.733299191658755
2fxs,2fxs_251,7.805636492102108
2fxs,2fxs_266,10.33915566201174
2fxs,2fxs_336,40.30614053789065
2fxs,2fxs_345,41.91566034490522
2fxs,2fxs_397,10.052154668917437
2fxs,2fxs_41,42.64208588801994
2fxs,2fxs_453,18.02659420720869
2fxs,2fxs_49,44.6165361833141
2fxs,2fxs_491,11.360609261302171
2fxs,2fxs_507,20.016604349553123
2fxs,2fxs_521,33.54434589651285
2fxs,2fxs_552,5.964848242483699
2fxs,2fxs_559,19.94277347224753
2fxs,2fxs_564,8.746444568872326
2fxs,2fxs_576,11.994529190286766
2fxs,2fxs_584,37.16176278997687
2fxs,2fxs_597,11.19953789052974
2fxs,2fxs_608,36.06325859337541
2fxs,2fxs_632,12.735038526135517
2fxs,2fxs_636,27.78155303210376
2fxs,2fxs_643,6.978662819553823
2fxs,2fxs_67,41.89450479378102
2fxs,2fxs_678,22.71155501893721
2fxs,2fxs_693,12.230838825518024
2fxs,2fxs_697,10.100048181096849
2fxs,2fxs_701,18.57386594148314
2fxs,2fxs_704,18.963508566681146
2fxs,2fxs_706,33.34855617632239
2fxs,2fxs_730,7.358355066721561
2fxs,2fxs_745,36.947550145350114
2fxs,2fxs_747,10.46448072219671
2fxs,2fxs_750,31.76628762905967
2fxs,2fxs_751,19.084333104194155
2fxs,2fxs_753,19.74794639056868
2fxs,2fxs_754,21.1988104412582
2fxs,2fxs_760,30.696801364192925
2fxs,2fxs_763,19.210851143209208
2fxs,2fxs_764,30.62754955641268
2fxs,2fxs_769,7.606471687940136
2fxs,2fxs_770,24.765619396190253
2fxs,2fxs_774,22.202256542769028
2fxs,2fxs_775,31.690614385782798
2fxs,2fxs_777,31.7060281998352
2fxs,2fxs_779,17.449656658118585
2fxs,2fxs_789,14.755306188402754
2fxs,2fxs_815,35.79075710586444
2fxs,2fxs_827,39.40475257416122
2fxs,2fxs_861,9.703410141843968
2fxs,2fxs_864,12.134699220704867
2fxs,2fxs_869,23.27845999545539
2fxs,2fxs_876,18.438593203190663
2fxs,2fxs_879,19.37757296588173
2fxs,2fxs_889,33.31349855958781
2fxs,2fxs_896,10.742904199325972
2fxs,2fxs_905,32.27122582900908
2fxs,2fxs_910,12.199261912418356
2fxs,2fxs_921,37.3462331996195
2fxs,2fxs_927,41.94950435278806
2fxs,2fxs_939,13.05935857447288
2fxs,2fxs_941,43.02853852713538
2fxs,2fxs_953,43.40061983000125
2hb1,2hb1_102,21.45900120816685
2hb1,2hb1_134,23.00938500166294
2hb1,2hb1_148,24.179382381084206
2hb1,2hb1_149,19.754400239942427
2hb1,2hb1_167,22.89559440036442
2hb1,2hb1_175,24.49168622756808
2hb1,2hb1_313,24.65399557855235
2hb1,2hb1_330,23.04199047692907
2hb1,2hb1_376,20.86989021970193
2hb1,2hb1_408,18.665637004252154
2hb1,2hb1_417,20.861348629887885
2hb1,2hb1_424,18.615723144309623
2hb1,2hb1_427,17.205064690333238
2hb1,2hb1_438,14.81919657511786
2hb1,2hb1_440,15.785150122501554
2hb1,2hb1_447,17.141410619276876
2hb1,2hb1_448,15.590486398330542
2hb1,2hb1_457,19.77785366945723
2hb1,2hb1_463,15.161349450559284
2hb1,2hb1_477,18.56023533284537
2hb1,2hb1_480,14.870375635300332
2hb1,2hb1_485,17.66993111133866
2hb1,2hb1_495,15.125210524401943
2hb1,2hb1_504,15.467068958932805
2hb1,2hb1_559,17.236796644971278
2hb1,2hb1_562,20.072396081815697
2hb1,2hb1_573,15.035539663308276
2hb1,2hb1_574,18.38895981486182
2hb1,2hb1_613,18.261029109508883
2hb1,2hb1_640,22.160751210709336
2hb1,2hb1_642,20.974176590237327
2hb1,2hb1_664,15.552804982808391
2hb1,2hb1_666,17.74248284628129
2hb1,2hb1_675,18.15021523386717
2hb1,2hb1_689,19.5068211980066
2hb1,2hb1_690,22.420573117348937
2hb1,2hb1_695,20.684248190516588
2hb1,2hb1_763,19.965070200245517
2hb1,2hb1_772,16.989300619724904
2hb1,2hb1_785,19.16620909853712
2hb1,2hb1_981,21.51459893436764
2iwx,2iwx_101,44.33252779615611
2iwx,2iwx_103,37.36610170579648
2iwx,2iwx_315,39.793448767452624
2iwx,2iwx_351,49.05624390318598
2iwx,2iwx_366,46.95572446515089
2iwx,2iwx_368,36.16396251462262
2iwx,2iwx_394,47.72185531311756
2iwx,2iwx_404,17.429528897102195
2iwx,2iwx_406,13.064754188731758
2iwx,2iwx_407,36.64873195010338
2iwx,2iwx_409,18.75181936439059
2iwx,2iwx_412,9.518682019937192
2iwx,2iwx_432,21.19545116650379
2iwx,2iwx_433,9.661946251339508
2iwx,2iwx_438,10.737866741058353
2iwx,2iwx_440,35.8186084287646
2iwx,2iwx_446,20.356294072773704
2iwx,2iwx_456,10.061676674007444
2iwx,2iwx_463,13.42802434864308
2iwx,2iwx_464,17.489995440834534
2iwx,2iwx_469,16.862647109441934
2iwx,2iwx_470,16.53576798552677
2iwx,2iwx_472,34.421132325667955
2iwx,2iwx_480,15.2926617941919
2iwx,2iwx_484,24.09270516227779
2iwx,2iwx_487,18.770831198266045
2iwx,2iwx_492,11.07133282680514
2iwx,2iwx_498,21.840600435972988
2iwx,2iwx_507,31.94684247451362
2iwx,2iwx_508,25.60550768876377
2iwx,2iwx_519,25.603146964797368
2iwx,2iwx_529,28.872141505390974
2iwx,2iwx_534,31.433467134313773
2iwx,2iwx_547,8.675677395680092
2iwx,2iwx_567,4.928247916125151
2iwx,2iwx_570,12.169746596077673
2iwx,2iwx_572,18.84216672018773
2iwx,2iwx_575,7.815134270802938
2iwx,2iwx_578,23.16509218964641
2iwx,2iwx_583,11.180952752436234
2iwx,2iwx_590,7.697490390279148
2iwx,2iwx_596,7.728107126349927
2iwx,2iwx_598,12.749340550022769
2iwx,2iwx_623,14.573152588392638
2iwx,2iwx_631,23.385491088204
2iwx,2iwx_633,26.069274196376835
2iwx,2iwx_645,12.933193512487838
2iwx,2iwx_647,12.24125125120601
2iwx,2iwx_657,19.67374011262686
2iwx,2iwx_659,14.108468537379036
2iwx,2iwx_663,7.686659209418287
2iwx,2iwx_664,7.855754914075789
2iwx,2iwx_667,3.7025612093195215
2iwx,2iwx_671,6.82693489334721
2iwx,2iwx_672,9.20269843615649
2iwx,2iwx_685,7.329795339412049
2iwx,2iwx_728,10.68109742249793
2iwx,2iwx_731,6.120017040623113
2iwx,2iwx_735,7.532492591917356
2iwx,2iwx_745,5.964539126500562
2iwx,2iwx_752,6.332313329666758
2iwx,2iwx_756,10.907723982176543
2iwx,2iwx_757,5.63909038571133
2iwx,2iwx_758,5.740188470184094
2iwx,2iwx_759,6.730859118780007
2iwx,2iwx_760,4.537995715018924
2iwx,2iwx_762,8.231354944017284
2iwx,2iwx_763,6.139707135306948
2iwx,2iwx_766,4.76037235329988
2iwx,2iwx_776,13.096555405434488
2iwx,2iwx_780,8.549611976964814
2iwx,2iwx_801,42.02179577849176
2iwx,2iwx_843,6.159173737556887
2iwx,2iwx_847,5.317465544999111
2iwx,2iwx_866,9.799426334908247
2iwx,2iwx_874,7.419844865568671
2iwx,2iwx_881,5.1651847803934166
2iwx,2iwx_970,5.797359846243216
2j78,2j78_101,6.797815475108597
2j78,2j78_115,7.86214986428356
2j78,2j78_140,7.514094996343697
2j78,2j78_176,7.332892163564641
2j78,2j78_22,35.08723944934051
2j78,2j78_31,34.45739974733159
2j78,2j78_311,35.792720615180315
2j78,2j78_317,7.5650441290263695
2j78,2j78_320,3.930277530268727
2j78,2j78_326,32.81142963580404
2j78,2j78_332,4.891694507602172
2j78,2j78_349,4.054310449120685
2j78,2j78_369,5.773004743677705
2j78,2j78_382,9.241967312694063
2j78,2j78_383,8.996957465939063
2j78,2j78_397,9.268305979855343
2j78,2j78_406,33.15032114010053
2j78,2j78_458,30.189491631932388
2j78,2j78_459,17.95187389248313
2j78,2j78_460,26.419430085648507
2j78,2j78_471,12.945117508844206
2j78,2j78_486,13.952679686595047
2j78,2j78_507,13.53065250009193
2j78,2j78_52,32.12770259464273
2j78,2j78_546,8.134585937174597
2j78,2j78_575,5.197945375745569
2j78,2j78_597,12.210194915162708
2j78,2j78_621,9.763886257918138
2j78,2j78_626,14.995873473374864
2j78,2j78_650,8.424229767448487
2j78,2j78_657,6.23787716096772
2j78,2j78_684,13.788508561423448
2j78,2j78_716,9.019504746465058
2j78,2j78_719,16.5523408813911
2j78,2j78_744,14.659355729513829
2j78,2j78_751,7.466919761332306
2j78,2j78_754,14.730759182400766
2j78,2j78_755,10.148529496714591
2j78,2j78_777,14.481818827758678
2j78,2j78_779,7.2078792879185265
2j78,2j78_787,8.50567495814315
2j78,2j78_795,7.999238198661208
2j78,2j78_796,13.239979362389104
2j78,2j78_808,30.583853394798656
2j78,2j78_812,30.33481858650938
2j78,2j78_827,11.797031003752274
2j78,2j78_835,14.926834415363956
2j78,2j78_857,20.87442894379243
2j78,2j78_862,15.337688481478157
2j78,2j78_881,14.451011589035687
2j78,2j78_882,15.957248918396465
2j78,2j78_938,6.8516359277986085
2j78,2j78_941,32.361126686237085
2j78,2j78_97,32.376342921177844
2j7h,2j7h_18,42.735825111589975
2j7h,2j7h_211,47.66438244002814
2j7h,2j7h_219,49.415842502797695
2j7h,2j7h_227,7.535115685201213
2j7h,2j7h_26,44.51547739360329
2j7h,2j7h_274,49.53311615136564
2j7h,2j7h_33,15.7644187787743
2j7h,2j7h_41,44.77478468088883
2j7h,2j7h_451,19.0994509388092
2j7h,2j7h_458,11.509093947317218
2j7h,2j7h_48,53.32484807027604
2j7h,2j7h_480,17.0945136682266
2j7h,2j7h_522,12.396465596448309
2j7h,2j7h_539,6.535135049862043
2j7h,2j7h_541,10.691070239783455
2j7h,2j7h_549,9.146015107642867
2j7h,2j7h_555,8.2711379239752
2j7h,2j7h_557,10.712474700169842
2j7h,2j7h_558,6.280590968913044
2j7h,2j7h_56,47.45210880878291
2j7h,2j7h_563,6.463240558565469
2j7h,2j7h_567,7.989023439983514
2j7h,2j7h_569,7.589069512099683
2j7h,2j7h_586,7.964224113139675
2j7h,2j7h_597,7.350918288011658
2j7h,2j7h_633,8.416512507954833
2j7h,2j7h_720,51.32038618170639
2j7h,2j7h_721,51.811220074541474
2j7h,2j7h_727,14.323405322981117
2j7h,2j7h_733,17.41658420839603
2j7h,2j7h_736,13.590135342809578
2j7h,2j7h_747,25.515932017857107
2j7h,2j7h_752,7.949171521964152
2j7h,2j7h_761,29.65122048455197
2j7h,2j7h_762,14.99613465372586
2j7h,2j7h_767,8.478773266905097
2j7h,2j7h_771,10.111447646649374
2j7h,2j7h_776,7.992818412641584
2j7h,2j7h_778,7.828924533229167
2j7h,2j7h_780,15.555827491228928
2j7h,2j7h_784,10.021300203692428
2j7h,2j7h_787,20.153287334030384
2j7h,2j7h_793,5.277544875707024
2j7h,2j7h_794,6.792075970165322
2j7h,2j7h_795,12.244941931581364
2j7h,2j7h_796,15.518822124696486
2j7h,2j7h_797,10.03942745248774
2j7h,2j7h_840,19.415461406322336
2j7h,2j7h_861,15.731003722764324
2j7h,2j7h_869,10.950608988533322
2j7h,2j7h_912,46.890720810197095
2p15,2p15_133,50.70230671804272
2p15,2p15_155,33.5706182640672
2p15,2p15_216,48.6213561405007
2p15,2p15_262,66.34639704982833
2p15,2p15_290,57.2936386972794
2p15,2p15_331,71.58831175934829
2p15,2p15_344,64.8166271360461
2p15,2p15_402,54.81060228565803
2p15,2p15_404,52.8433908527693
2p15,2p15_407,46.84987920871522
2p15,2p15_414,30.897823859586147
2p15,2p15_415,35.34652497232945
2p15,2p15_425,43.700928171521554
2p15,2p15_427,32.48230379387984
2p15,2p15_435,44.98645203337872
2p15,2p15_437,49.87625752966567
2p15,2p15_446,37.704270974708926
2p15,2p15_453,29.997846781408896
2p15,2p15_456,44.71488633730768
2p15,2p15_460,42.39165532560197
2p15,2p15_466,36.418327012024825
2p15,2p15_471,34.18407761070997
2p15,2p15_478,31.61439823613126
2p15,2p15_479,28.37391119544581
2p15,2p15_480,36.947395388779725
2p15,2p15_481,38.13537691547314
2p15,2p15_489,37.05420996496011
2p15,2p15_493,31.747842417113343
2p15,2p15_496,32.378624022257924
2p15,2p15_546,31.27298392273809
2p15,2p15_550,39.933712535288926
2p15,2p15_557,38.00152951373012
2p15,2p15_567,30.66911970985413
2p15,2p15_568,35.68302969793111
2p15,2p15_569,33.86997847979115
2p15,2p15_578,30.6310963838184
2p15,2p15_579,42.52762623227385
2p15,2p15_582,34.15374654728619
2p15,2p15_589,30.777951258012006
2p15,2p15_590,30.08835293294732
2p15,2p15_591,37.432298105446975
2p15,2p15_592,40.99002324513849
2p15,2p15_598,45.900350650102894
2p15,2p15_600,30.9350538116894
2p15,2p15_645,29.078566421581915
2p15,2p15_678,30.340078875632077
2p15,2p15_687,39.75128503527486
2p15,2p15_699,40.1361457465943
2p15,2p15_700,38.41136960186724
2p15,2p15_765,32.363666663692776
2p15,2p15_801,60.37066298932496
2p15,2p15_850,57.47726010716206
2p15,2p15_87,65.91418095529849
2p4y,2p4y_100,41.32823700110558
2p4y,2p4y_103,50.743622553177104
2p4y,2p4y_127,18.892783170097413
2p4y,2p4y_146,42.771539600726285
2p4y,2p4y_152,50.30338721954712
2p4y,2p4y_169,37.94042140545388
2p4y,2p4y_202,50.87624904513002
2p4y,2p4y_208,48.402270952985305
2p4y,2p4y_223,32.881085390737695
2p4y,2p4y_240,48.72408441644263
2p4y,2p4y_247,50.227292264100434
2p4y,2p4y_25,32.31976270763672
2p4y,2p4y_253,52.31647001212594
2p4y,2p4y_268,39.01647830655937
2p4y,2p4y_275,34.144014504165206
2p4y,2p4y_293,44.35068223943552
2p4y,2p4y_297,46.20171790001216
2p4y,2p4y_305,27.01779256043393
2p4y,2p4y_309,13.104692448086864
2p4y,2p4y_314,32.20056269661066
2p4y,2p4y_350,17.220785832897025
2p4y,2p4y_38,49.77240672246471
2p4y,2p4y_407,27.99647982433085
2p4y,2p4y_409,28.643751935399084
2p4y,2p4y_412,35.38822025317474
2p4y,2p4y_419,38.5848868426979
2p4y,2p4y_423,37.18055735009504
2p4y,2p4y_424,34.812739222449835
2p4y,2p4y_435,32.25858231597106
2p4y,2p4y_445,29.59995304489301
2p4y,2p4y_446,39.42332668610953
2p4y,2p4y_456,31.91926460382988
2p4y,2p4y_461,36.81201605838115
2p4y,2p4y_472,27.68653559338855
2p4y,2p4y_509,24.853562711662608
2p4y,2p4y_53,34.433702099149265
2p4y,2p4y_549,24.86713399591728
2p4y,2p4y_564,18.922686706119173
2p4y,2p4y_570,23.81867455027906
2p4y,2p4y_581,22.31565545448407
2p4y,2p4y_582,23.446411543734992
2p4y,2p4y_587,31.16410888473069
2p4y,2p4y_588,29.83943741313472
2p4y,2p4y_591,16.245988405533335
2p4y,2p4y_595,25.519660922114227
2p4y,2p4y_596,17.785914351050046
2p4y,2p4y_600,35.96103229533444
2p4y,2p4y_618,17.161773800388847
2p4y,2p4y_649,12.102135965610628
2p4y,2p4y_665,30.923179850394824
2p4y,2p4y_669,30.393466770914053
2p4y,2p4y_679,23.839369785895585
2p4y,2p4y_685,29.85695858769164
2p4y,2p4y_700,23.182421642170038
2p4y,2p4y_703,44.72490866393808
2p4y,2p4y_714,43.03611455175245
2p4y,2p4y_718,33.66385647036146
2p4y,2p4y_74,50.11444625420301
2p4y,2p4y_748,29.09825739999211
2p4y,2p4y_749,37.93314561960307
2p4y,2p4y_751,32.96775080930361
2p4y,2p4y_752,35.94461091040915
2p4y,2p4y_757,42.497210263012185
2p4y,2p4y_758,30.89320778184984
2p4y,2p4y_761,27.194533875532667
2p4y,2p4y_762,32.064178739484035
2p4y,2p4y_765,34.47009743190223
2p4y,2p4y_767,35.47259945274717
2p4y,2p4y_77,53.621764251323874
2p4y,2p4y_772,31.021975031852467
2p4y,2p4y_773,30.936922270030504
2p4y,2p4y_775,32.57267040921861
2p4y,2p4y_778,28.09566246753177
2p4y,2p4y_781,43.593207058234455
2p4y,2p4y_782,29.87772172133424
2p4y,2p4y_784,47.65556710091079
2p4y,2p4y_785,32.054514937414424
2p4y,2p4y_842,39.25112470693038
2p4y,2p4y_856,35.70299828094483
2p4y,2p4y_859,37.02815354033825
2p4y,2p4y_899,31.215406378811785
2p4y,2p4y_908,40.94683415119457
2p4y,2p4y_932,27.690579347943324
2p4y,2p4y_938,34.82786807604449
2p4y,2p4y_951,25.052409049412702
2p4y,2p4y_961,30.536613088111928
2p4y,2p4y_979,39.83568669095684
2pog,2pog_402,33.03026694455696
2pog,2pog_404,32.65808982733816
2pog,2pog_405,39.33714542953716
2pog,2pog_434,30.16202892100829
2pog,2pog_441,44.76262491101878
2pog,2pog_457,36.788836282979446
2pog,2pog_468,31.39244164200252
2pog,2pog_470,35.33032457866904
2pog,2pog_473,28.55765316479296
2pog,2pog_479,24.218130729509923
2pog,2pog_491,28.10009089401821
2pog,2pog_522,29.12465813669522
2pog,2pog_530,35.451835248782665
2pog,2pog_531,30.578706218951428
2pog,2pog_540,36.18075459099623
2pog,2pog_552,33.92070806941106
2pog,2pog_572,22.705463333594203
2pog,2pog_592,35.68877424760823
2pog,2pog_593,21.05716082956072
2pog,2pog_594,29.84989314404255
2pog,2pog_619,29.24113788411746
2pog,2pog_627,20.519608289516363
2pog,2pog_652,22.861281881890815
2pog,2pog_661,33.13049778110909
2pog,2pog_694,31.75988041596247
2pog,2pog_729,47.48711591007481
2pog,2pog_731,47.91098403603085
2pog,2pog_734,46.36722144273576
2pog,2pog_750,30.049462813892063
2pog,2pog_752,34.61542860039584
2pog,2pog_760,23.94555311793531
2pog,2pog_772,28.218613909653843
2pog,2pog_777,31.16691936731641
2pog,2pog_785,35.26460424272792
2pog,2pog_787,31.8120514389558
2pog,2pog_788,26.56168192495497
2pog,2pog_791,23.93181855265413
2pog,2pog_792,24.876945770538477
2pog,2pog_853,32.720129348537824
2pog,2pog_856,37.96209690690608
2pog,2pog_876,39.50026192055674
2pog,2pog_967,50.8831569355977
2pog,2pog_994,38.90855702137121
2qbp,2qbp_100,29.32195852677376
2qbp,2qbp_103,36.24553513356251
2qbp,2qbp_110,24.884445580167704
2qbp,2qbp_118,28.70257357632721
2qbp,2qbp_125,32.6690868297235
2qbp,2qbp_13,43.51373368302369
2qbp,2qbp_152,23.550615058852465
2qbp,2qbp_155,35.82086558836215
2qbp,2qbp_158,34.44606951489713
2qbp,2qbp_160,30.94091861723717
2qbp,2qbp_168,34.52596075212005
2qbp,2qbp_187,32.921832954901774
2qbp,2qbp_19,29.83503067306573
2qbp,2qbp_191,38.41221221330308
2qbp,2qbp_204,43.3565501570052
2qbp,2qbp_207,34.89907353225847
2qbp,2qbp_208,30.88966882719115
2qbp,2qbp_225,42.63464821442676
2qbp,2qbp_23,37.72227014373544
2qbp,2qbp_233,28.23485329166204
2qbp,2qbp_234,32.83521802214481
2qbp,2qbp_239,40.77259597756183
2qbp,2qbp_255,35.49145236561289
2qbp,2qbp_256,31.95862421427539
2qbp,2qbp_259,46.455062180727225
2qbp,2qbp_260,40.10146509222424
2qbp,2qbp_265,43.22066675119707
2qbp,2qbp_268,26.55438397592285
2qbp,2qbp_27,26.262703025840175
2qbp,2qbp_272,43.506076263930105
2qbp,2qbp_276,39.55789516622644
2qbp,2qbp_28,42.84989580880645
2qbp,2qbp_283,41.76940278062024
2qbp,2qbp_286,38.76790544740213
2qbp,2qbp_288,42.69007645249986
2qbp,2qbp_29,48.73132744019745
2qbp,2qbp_292,38.13336445644233
2qbp,2qbp_297,39.91040255632444
2qbp,2qbp_310,39.849943088204206
2qbp,2qbp_35,37.754975735303134
2qbp,2qbp_368,26.075527270669195
2qbp,2qbp_37,29.3726952249224
2qbp,2qbp_371,37.74911328145625
2qbp,2qbp_411,32.34443038478706
2qbp,2qbp_415,24.458930356437836
2qbp,2qbp_463,30.970454261695657
2qbp,2qbp_464,23.95333447024233
2qbp,2qbp_488,31.661777073708304
2qbp,2qbp_489,34.32458803338098
2qbp,2qbp_491,19.05341706306045
2qbp,2qbp_498,28.59785516069566
2qbp,2qbp_50,39.62301113915108
2qbp,2qbp_503,22.68685569240847
2qbp,2qbp_504,24.05732005934319
2qbp,2qbp_528,40.31104354946558
2qbp,2qbp_53,35.866094282135386
2qbp,2qbp_546,17.95499317287512
2qbp,2qbp_549,21.40191364204348
2qbp,2qbp_554,30.146203487505797
2qbp,2qbp_558,29.837933333512154
2qbp,2qbp_559,14.271627446266905
2qbp,2qbp_561,27.815907380087666
2qbp,2qbp_567,31.31917669733694
2qbp,2qbp_572,31.28913201998133
2qbp,2qbp_585,22.102823348711475
2qbp,2qbp_591,22.70190845913237
2qbp,2qbp_593,13.863792868181603
2qbp,2qbp_596,30.779009044029117
2qbp,2qbp_608,23.606029362615168
2qbp,2qbp_615,23.055828636313315
2qbp,2qbp_622,29.234804932796525
2qbp,2qbp_623,28.266992055837463
2qbp,2qbp_630,35.089314847574336
2qbp,2qbp_631,14.9219679960893
2qbp,2qbp_648,23.192712553329148
2qbp,2qbp_650,24.028722224507085
2qbp,2qbp_654,29.477267027578243
2qbp,2qbp_656,26.25915856731484
2qbp,2qbp_665,11.299569669064818
2qbp,2qbp_676,18.54453810944496
2qbp,2qbp_690,24.49636554282941
2qbp,2qbp_693,25.190401495281588
2qbp,2qbp_695,17.87657992453972
2qbp,2qbp_71,40.85146839802638
2qbp,2qbp_74,37.83649249082334
2qbp,2qbp_741,38.181684251110354
2qbp,2qbp_744,39.48820352955671
2qbp,2qbp_78,24.26698138192783
2qbp,2qbp_79,36.65230753223975
2qbp,2qbp_80,42.52011171867097
2qbp,2qbp_84,30.722589408443767
2qbp,2qbp_85,23.69351415952228
2qbp,2qbp_890,36.61561764376718
2qbp,2qbp_92,43.45643829019285
2qbp,2qbp_94,33.16166217655067
2qbp,2qbp_97,30.706467206038763
2qbq,2qbq_121,41.43309820161076
2qbq,2qbq_128,14.567656984674745
2qbq,2qbq_16,31.10672981168813
2qbq,2qbq_184,17.51868619984385
2qbq,2qbq_216,39.837072511084926
2qbq,2qbq_226,40.00444290043107
2qbq,2qbq_227,39.93964574261304
2qbq,2qbq_235,47.07414144950038
2qbq,2qbq_236,41.24842000889184
2qbq,2qbq_248,40.09639202611229
2qbq,2qbq_276,43.4185729940669
2qbq,2qbq_300,43.56205110400249
2qbq,2qbq_309,17.429867379754292
2qbq,2qbq_324,32.49345268515901
2qbq,2qbq_332,13.275574055783125
2qbq,2qbq_364,17.018481378761088
2qbq,2qbq_370,10.108098120113102
2qbq,2qbq_372,19.412325312932563
2qbq,2qbq_388,41.53317961325556
2qbq,2qbq_39,14.374565660585892
2qbq,2qbq_391,11.878189612216422
2qbq,2qbq_402,18.784796322222576
2qbq,2qbq_410,16.559294910835312
2qbq,2qbq_416,19.085087228849886
2qbq,2qbq_433,26.668890635407948
2qbq,2qbq_434,13.735402349288458
2qbq,2qbq_436,17.096297330370504
2qbq,2qbq_448,15.97873131881509
2qbq,2qbq_45,43.19468189834157
2qbq,2qbq_453,25.98562057254025
2qbq,2qbq_458,16.704803106004313
2qbq,2qbq_460,26.059883557984
2qbq,2qbq_463,14.799148873601318
2qbq,2qbq_466,17.95330752660334
2qbq,2qbq_468,22.39947682735883
2qbq,2qbq_471,25.95970606618089
2qbq,2qbq_473,13.141952945377884
2qbq,2qbq_476,33.5984029307011
2qbq,2qbq_483,20.513467907093688
2qbq,2qbq_484,11.26041320895802
2qbq,2qbq_489,11.217603476986142
2qbq,2qbq_490,25.432576165175973
2qbq,2qbq_496,24.413145305513662
2qbq,2qbq_497,28.01505664835706
2qbq,2qbq_500,25.563414933893235
2qbq,2qbq_503,29.574107151489077
2qbq,2qbq_513,24.20671369038662
2qbq,2qbq_521,27.78170718623097
2qbq,2qbq_532,24.194888284944422
2qbq,2qbq_548,22.04778225708036
2qbq,2qbq_556,18.91142414128609
2qbq,2qbq_562,26.66411855363082
2qbq,2qbq_565,20.601000183568107
2qbq,2qbq_566,21.265525478498187
2qbq,2qbq_576,18.42754995679576
2qbq,2qbq_581,21.9285615815497
2qbq,2qbq_582,16.106573435661637
2qbq,2qbq_589,28.051689131347032
2qbq,2qbq_595,19.32455978748016
2qbq,2qbq_607,26.110864989816942
2qbq,2qbq_61,29.385216985847
2qbq,2qbq_617,23.21047951586204
2qbq,2qbq_63,15.020823395104896
2qbq,2qbq_633,26.9425013924261
2qbq,2qbq_641,34.41174091528309
2qbq,2qbq_642,17.805862005986913
2qbq,2qbq_65,13.93812070627948
2qbq,2qbq_651,25.37368684355281
2qbq,2qbq_653,19.94983152708595
2qbq,2qbq_663,23.322303870170263
2qbq,2qbq_669,28.39627193399445
2qbq,2qbq_679,14.755773410963362
2qbq,2qbq_681,9.9049756202827
2qbq,2qbq_686,26.72426773308963
2qbq,2qbq_690,29.262090424478668
2qbq,2qbq_693,15.592723494230038
2qbq,2qbq_70,25.32951843084427
2qbq,2qbq_720,38.98303022494566
2qbq,2qbq_726,35.82371706451475
2qbq,2qbq_736,28.477589390388548
2qbq,2qbq_744,35.7918313140749
2qbq,2qbq_752,46.46067501899062
2qbq,2qbq_757,35.19952122509138
2qbq,2qbq_759,27.89512419501413
2qbq,2qbq_775,21.60925091878343
2qbq,2qbq_778,23.586037987990856
2qbq,2qbq_779,21.52056111541178
2qbq,2qbq_784,24.95993040158378
2qbq,2qbq_785,25.06389196179513
2qbq,2qbq_790,15.073144749769126
2qbq,2qbq_8,26.27078961314972
2qbq,2qbq_832,34.329876237353616
2qbq,2qbq_838,42.1090934961193
2qbq,2qbq_843,43.62320380911345
2qbq,2qbq_844,25.18770187499909
2qbq,2qbq_882,30.66077341234408
2qbq,2qbq_906,25.63570518839615
2qbq,2qbq_94,35.41554360549607
2qbq,2qbq_97,46.88859113827275
2qbq,2qbq_970,31.023365575237232
2qbr,2qbr_1000,30.64219493122229
2qbr,2qbr_121,43.97582497922718
2qbr,2qbr_157,14.522347768852146
2qbr,2qbr_170,15.160660324058536
2qbr,2qbr_197,18.840311011474984
2qbr,2qbr_20,40.512793063751296
2qbr,2qbr_201,41.16595157739803
2qbr,2qbr_259,35.70941692599185
2qbr,2qbr_270,39.504133702092375
2qbr,2qbr_282,44.473379681342166
2qbr,2qbr_293,38.11613643354289
2qbr,2qbr_301,44.14672758892538
2qbr,2qbr_353,42.25612803104347
2qbr,2qbr_375,11.85409797999017
2qbr,2qbr_385,50.348089830938754
2qbr,2qbr_394,13.75095071125897
2qbr,2qbr_402,32.47331893339352
2qbr,2qbr_409,17.371170376645598
2qbr,2qbr_410,34.69478441697028
2qbr,2qbr_424,14.645727684614664
2qbr,2qbr_427,35.62590266760455
2qbr,2qbr_428,16.76749707703811
2qbr,2qbr_429,29.56787086227011
2qbr,2qbr_432,16.61495761352156
2qbr,2qbr_439,13.685600248098991
2qbr,2qbr_445,18.495679150612045
2qbr,2qbr_447,18.43437037902984
2qbr,2qbr_45,38.59918430195542
2qbr,2qbr_450,14.03341328981728
2qbr,2qbr_455,23.72415884747183
2qbr,2qbr_469,24.88148384545953
2qbr,2qbr_473,24.3445896124922
2qbr,2qbr_474,19.15375550253996
2qbr,2qbr_486,24.50741545769756
2qbr,2qbr_487,13.968650445368604
2qbr,2qbr_488,17.418931828379808
2qbr,2qbr_497,12.17709748899096
2qbr,2qbr_514,31.735747294659035
2qbr,2qbr_516,22.86445577788443
2qbr,2qbr_517,30.62149794801633
2qbr,2qbr_522,24.66836754705599
2qbr,2qbr_523,28.634144162436527
2qbr,2qbr_526,33.42843844058724
2qbr,2qbr_527,33.28011677145619
2qbr,2qbr_532,21.09681851608709
2qbr,2qbr_536,21.086806044238298
2qbr,2qbr_555,25.597580361239405
2qbr,2qbr_563,27.2558310566571
2qbr,2qbr_566,22.769020804455344
2qbr,2qbr_573,20.895784690111142
2qbr,2qbr_582,28.204087318327677
2qbr,2qbr_583,19.101285169778148
2qbr,2qbr_590,20.802654850614296
2qbr,2qbr_593,22.848658537223184
2qbr,2qbr_595,19.561808969997116
2qbr,2qbr_61,44.78706373961628
2qbr,2qbr_617,26.52303624473142
2qbr,2qbr_629,23.278822961849805
2qbr,2qbr_633,31.94254881458795
2qbr,2qbr_639,19.377634870206403
2qbr,2qbr_645,22.20577442032572
2qbr,2qbr_647,28.493369958404084
2qbr,2qbr_656,10.59749126896756
2qbr,2qbr_663,17.084120364915368
2qbr,2qbr_667,18.674182690695964
2qbr,2qbr_677,37.51170656965205
2qbr,2qbr_689,23.027528356105435
2qbr,2qbr_690,33.574862737964224
2qbr,2qbr_699,18.04012141103273
2qbr,2qbr_764,22.600064285798847
2qbr,2qbr_765,30.38503806878604
2qbr,2qbr_767,26.131675159626177
2qbr,2qbr_771,36.16006906340143
2qbr,2qbr_777,23.9481011774472
2qbr,2qbr_778,44.397485536086585
2qbr,2qbr_780,43.12044396746808
2qbr,2qbr_782,23.002357782617697
2qbr,2qbr_790,34.554476462228386
2qbr,2qbr_796,27.18638642954937
2qbr,2qbr_797,22.659729603057546
2qbr,2qbr_798,22.27773055742391
2qbr,2qbr_799,24.076531422357057
2qbr,2qbr_802,24.799790977344266
2qbr,2qbr_81,36.61373477314879
2qbr,2qbr_821,23.547279105846098
2qbr,2qbr_856,32.11955584169959
2qbr,2qbr_875,25.76346958792837
2qbr,2qbr_887,30.77088598729759
2qbr,2qbr_895,23.99479235197751
2qbr,2qbr_900,32.75855666612716
2qe4,2qe4_165,49.11396864445023
2qe4,2qe4_249,56.63094632380274
2qe4,2qe4_3,45.37044612709144
2qe4,2qe4_309,52.14421586858539
2qe4,2qe4_422,45.826661175748384
2qe4,2qe4_435,44.41667336990139
2qe4,2qe4_441,36.11087072890169
2qe4,2qe4_446,45.72848234386231
2qe4,2qe4_447,47.01105979444064
2qe4,2qe4_448,51.279311557259575
2qe4,2qe4_499,35.053242240959285
2qe4,2qe4_500,43.11802241118597
2qe4,2qe4_509,47.01371117187864
2qe4,2qe4_551,45.01571465540622
2qe4,2qe4_552,46.660246941508525
2qe4,2qe4_574,35.56640569516367
2qe4,2qe4_597,46.22618502163145
2qe4,2qe4_611,30.298740023868355
2qe4,2qe4_629,32.596498207626105
2qe4,2qe4_689,35.19126593662773
2qe4,2qe4_693,29.41357582999831
2qe4,2qe4_694,26.13326502733024
2qe4,2qe4_698,33.62169943765176
2qe4,2qe4_705,49.8473541155125
2qe4,2qe4_718,55.58631067672505
2qe4,2qe4_741,45.44890205101433
2qe4,2qe4_750,23.66118984572674
2qe4,2qe4_754,23.825711737225905
2qe4,2qe4_757,34.18278639022686
2qe4,2qe4_770,24.618324061535755
2qe4,2qe4_771,34.77809014341572
2qe4,2qe4_777,21.897619939713323
2qe4,2qe4_779,25.81221856029807
2qe4,2qe4_780,39.677081026485965
2qe4,2qe4_784,41.93729176722049
2qe4,2qe4_786,25.36973931557335
2qe4,2qe4_788,21.76312912501025
2qe4,2qe4_789,21.410613895500124
2qe4,2qe4_79,48.03927165431048
2qe4,2qe4_793,30.14913600701786
2qe4,2qe4_796,25.3365852070824
2qe4,2qe4_797,36.62344790385437
2qe4,2qe4_83,50.1746423583635
2qe4,2qe4_832,30.615787201637325
2qe4,2qe4_841,48.12386333259765
2qe4,2qe4_850,25.98901397195073
2qe4,2qe4_875,47.390765664503526
2qe4,2qe4_877,23.159539334825126
2qe4,2qe4_964,48.70720193646414
2qe4,2qe4_977,52.550861999610525
2qnq,2qnq_130,34.458298408403735
2qnq,2qnq_167,41.28825201046159
2qnq,2qnq_207,42.47489497671079
2qnq,2qnq_209,42.32102568917172
2qnq,2qnq_210,26.132625803535703
2qnq,2qnq_215,30.9828233933363
2qnq,2qnq_216,20.758766317063905
2qnq,2qnq_230,40.79018904307814
2qnq,2qnq_231,25.79059697570145
2qnq,2qnq_239,33.29639775931622
2qnq,2qnq_243,18.0352138542704
2qnq,2qnq_245,25.42753268849432
2qnq,2qnq_249,31.240863854370254
2qnq,2qnq_250,43.8180983109301
2qnq,2qnq_267,24.46681161576091
2qnq,2qnq_269,23.46537532363185
2qnq,2qnq_272,33.518160532548286
2qnq,2qnq_274,40.6130697821794
2qnq,2qnq_277,32.66079919979403
2qnq,2qnq_280,33.29427146447284
2qnq,2qnq_287,40.92323082583257
2qnq,2qnq_290,23.05461580089898
2qnq,2qnq_293,24.939677130460836
2qnq,2qnq_308,26.087271631475463
2qnq,2qnq_314,39.59294545625871
2qnq,2qnq_326,38.10002951556809
2qnq,2qnq_34,30.65908294778064
2qnq,2qnq_349,24.923026455300107
2qnq,2qnq_367,33.69970230767619
2qnq,2qnq_368,37.231560381828565
2qnq,2qnq_394,30.76130019119493
2qnq,2qnq_397,35.40210404597002
2qnq,2qnq_413,23.28158525615019
2qnq,2qnq_414,18.439078411336016
2qnq,2qnq_429,21.064335269576198
2qnq,2qnq_43,45.28350325904328
2qnq,2qnq_431,18.950552319165823
2qnq,2qnq_433,21.66109847071661
2qnq,2qnq_445,21.778120898025158
2qnq,2qnq_459,27.302725917697288
2qnq,2qnq_462,15.34996685671544
2qnq,2qnq_463,23.96645914787143
2qnq,2qnq_464,18.54783469299805
2qnq,2qnq_475,22.61169036501325
2qnq,2qnq_478,16.47542957204635
2qnq,2qnq_480,14.95117825857802
2qnq,2qnq_484,20.318381678510782
2qnq,2qnq_487,19.298834476638504
2qnq,2qnq_496,21.21907966218675
2qnq,2qnq_512,16.766567822106133
2qnq,2qnq_520,11.834775078813283
2qnq,2qnq_521,15.765398476323927
2qnq,2qnq_538,19.49458780768764
2qnq,2qnq_542,19.468199328906504
2qnq,2qnq_545,16.59835136951539
2qnq,2qnq_552,15.02095765833994
2qnq,2qnq_554,17.00292463566024
2qnq,2qnq_560,11.03930897198929
2qnq,2qnq_563,21.4910694284195
2qnq,2qnq_575,17.03643103609368
2qnq,2qnq_578,12.1136786880515
2qnq,2qnq_590,20.166074061128796
2qnq,2qnq_64,37.753212071597865
2qnq,2qnq_641,19.661118469337985
2qnq,2qnq_645,16.788230899131413
2qnq,2qnq_648,12.811284805647771
2qnq,2qnq_651,11.836422700779258
2qnq,2qnq_652,15.780985851793996
2qnq,2qnq_654,13.480240665202093
2qnq,2qnq_656,8.410110688377744
2qnq,2qnq_666,15.435058705298994
2qnq,2qnq_667,14.559828578074244
2qnq,2qnq_668,17.312230216209812
2qnq,2qnq_670,16.894889057982695
2qnq,2qnq_671,17.085233311501607
2qnq,2qnq_676,14.73733875034454
2qnq,2qnq_679,16.06562364361126
2qnq,2qnq_702,38.59961072856368
2qnq,2qnq_715,37.01911923677142
2qnq,2qnq_758,39.733075036435366
2qnq,2qnq_788,16.077988175153223
2qnq,2qnq_811,36.3898182648307
2r9w,2r9w_124,20.62152601904741
2r9w,2r9w_145,11.13605782351417
2r9w,2r9w_202,14.805327360536731
2r9w,2r9w_206,22.527178323910952
2r9w,2r9w_246,15.50525614075234
2r9w,2r9w_247,21.8589316062832
2r9w,2r9w_307,15.422791713324584
2r9w,2r9w_393,15.09494223807758
2r9w,2r9w_411,29.05140023660281
2r9w,2r9w_449,20.91404950885075
2r9w,2r9w_460,13.529092539016853
2r9w,2r9w_462,13.407679004698164
2r9w,2r9w_478,15.75852722429424
2r9w,2r9w_49,22.657199029844985
2r9w,2r9w_505,9.810904208976057
2r9w,2r9w_513,11.042808179964975
2r9w,2r9w_517,8.756748793459407
2r9w,2r9w_521,12.38196435716932
2r9w,2r9w_522,15.677870005733622
2r9w,2r9w_531,8.988795141711465
2r9w,2r9w_533,25.4382780205889
2r9w,2r9w_538,18.496951618801752
2r9w,2r9w_541,8.152153794977766
2r9w,2r9w_549,10.794362683449782
2r9w,2r9w_558,10.031497025886528
2r9w,2r9w_559,14.502064134868556
2r9w,2r9w_566,13.323285825146884
2r9w,2r9w_579,12.041966723449832
2r9w,2r9w_580,10.408556080666983
2r9w,2r9w_586,8.301233672403596
2r9w,2r9w_592,10.514343804347831
2r9w,2r9w_593,11.233918844335289
2r9w,2r9w_618,22.213477524624302
2r9w,2r9w_640,16.64415352341224
2r9w,2r9w_651,11.79904469392628
2r9w,2r9w_670,22.902255303050858
2r9w,2r9w_671,11.335808727219742
2r9w,2r9w_679,19.932991658579912
2r9w,2r9w_691,6.940712592948393
2r9w,2r9w_708,28.368026022063745
2r9w,2r9w_710,27.34516260587128
2r9w,2r9w_713,29.4146750968698
2r9w,2r9w_717,31.432560540315063
2r9w,2r9w_718,25.902725132095707
2r9w,2r9w_725,25.44730078427668
2r9w,2r9w_734,26.266333942344183
2r9w,2r9w_740,22.24775697513281
2r9w,2r9w_741,28.77132261216304
2r9w,2r9w_744,19.28993557032235
2r9w,2r9w_749,29.85332685411251
2r9w,2r9w_750,27.206068002362603
2r9w,2r9w_759,20.607907713178683
2r9w,2r9w_766,18.008953051777773
2r9w,2r9w_769,28.70887214593668
2r9w,2r9w_772,18.878494507443087
2r9w,2r9w_774,29.35740077922209
2r9w,2r9w_778,26.130771521663466
2r9w,2r9w_779,8.69185552912824
2r9w,2r9w_787,13.875444378271713
2r9w,2r9w_791,24.87106959870679
2r9w,2r9w_794,8.18861413767939
2r9w,2r9w_795,21.3487237094958
2r9w,2r9w_817,27.385728255375987
2r9w,2r9w_828,29.50263369124778
2r9w,2r9w_831,18.251288965237578
2r9w,2r9w_834,7.149814934530376
2r9w,2r9w_839,9.877612545082892
2r9w,2r9w_860,27.46806792006483
2r9w,2r9w_868,25.2874153352113
2r9w,2r9w_869,18.71215370348332
2r9w,2r9w_872,11.15317074546446
2r9w,2r9w_873,14.36979790706764
2r9w,2r9w_881,27.59503266020271
2r9w,2r9w_886,29.35730945221112
2r9w,2r9w_910,29.94338274445593
2r9w,2r9w_911,29.3173938680138
2r9w,2r9w_927,28.259550113187675
2r9w,2r9w_928,29.180640059395717
2r9w,2r9w_949,15.835146350511751
2r9w,2r9w_950,26.63809085260589
2v00,2v00_103,6.582321943713156
2v00,2v00_107,2.802079186537588
2v00,2v00_120,13.492534603761984
2v00,2v00_136,8.018947120237529
2v00,2v00_143,4.100313142290012
2v00,2v00_145,11.16402240019535
2v00,2v00_159,4.332216780031645
2v00,2v00_183,8.48597545749905
2v00,2v00_193,5.953913341597006
2v00,2v00_198,2.8648969630087544
2v00,2v00_325,7.371300640700932
2v00,2v00_395,3.112833447630264
2v00,2v00_401,14.95028218418252
2v00,2v00_416,12.95981915904845
2v00,2v00_422,14.36681759894341
2v00,2v00_424,18.407223686750893
2v00,2v00_428,19.498518063511604
2v00,2v00_432,17.03572314637413
2v00,2v00_433,18.40310222612321
2v00,2v00_434,14.089333644145247
2v00,2v00_444,14.415693093574914
2v00,2v00_451,9.9007703873936
2v00,2v00_454,13.32765738334127
2v00,2v00_461,19.64285810685752
2v00,2v00_468,13.735111910362814
2v00,2v00_472,10.457485571906842
2v00,2v00_473,9.844152300271167
2v00,2v00_474,17.91701323806207
2v00,2v00_484,12.097233864834154
2v00,2v00_488,16.70840677851376
2v00,2v00_506,9.442845653751984
2v00,2v00_512,9.776190425102326
2v00,2v00_513,8.560762056265038
2v00,2v00_516,19.593471353133324
2v00,2v00_522,11.702839593218004
2v00,2v00_523,10.189992164182858
2v00,2v00_544,17.74498901564115
2v00,2v00_551,9.606753128646805
2v00,2v00_556,13.878340633307069
2v00,2v00_558,6.935281501165373
2v00,2v00_559,5.635955592296974
2v00,2v00_564,15.232721984408853
2v00,2v00_573,12.689373403433548
2v00,2v00_574,12.05214248568886
2v00,2v00_576,16.72344473890594
2v00,2v00_579,6.608102361276651
2v00,2v00_589,13.1622637776526
2v00,2v00_592,10.881928059343876
2v00,2v00_605,19.068582011594938
2v00,2v00_619,17.684178224166292
2v00,2v00_635,11.282308950537043
2v00,2v00_638,11.105111206422816
2v00,2v00_644,12.00195375733914
2v00,2v00_653,9.658942823445717
2v00,2v00_661,14.026920938733204
2v00,2v00_665,9.15190707594044
2v00,2v00_670,9.94624844539726
2v00,2v00_674,13.768118331723024
2v00,2v00_676,13.55535832346203
2v00,2v00_684,8.859073084524637
2v00,2v00_692,4.690726552710171
2v00,2v00_700,11.112779716467806
2v00,2v00_736,14.860287237602329
2v00,2v00_755,17.32755146514467
2v00,2v00_759,9.202658794611535
2v00,2v00_760,6.986156914538683
2v00,2v00_762,12.593467516201851
2v00,2v00_771,14.461002561558209
2v00,2v00_774,3.7767694491033055
2v00,2v00_776,6.892308314377885
2v00,2v00_777,9.522946852540825
2v00,2v00_778,9.560974353350666
2v00,2v00_782,10.69999081411147
2v00,2v00_785,15.429939282831969
2v00,2v00_786,16.26072395575696
2v00,2v00_79,21.224839040410885
2v00,2v00_790,9.41445649337849
2v00,2v00_791,11.716672635590228
2v00,2v00_798,5.176155105198424
2v00,2v00_800,6.911818554454148
2v00,2v00_856,18.080069823236126
2v00,2v00_860,8.545014150483475
2v00,2v00_861,13.940582751883888
2v00,2v00_903,8.785584691216634
2v7a,2v7a_107,13.174334071314988
2v7a,2v7a_11,55.62659600302581
2v7a,2v7a_130,16.529120410866145
2v7a,2v7a_131,17.393180984537643
2v7a,2v7a_141,16.38588427809051
2v7a,2v7a_142,11.253105014373803
2v7a,2v7a_150,26.474393604033896
2v7a,2v7a_163,12.66714404184636
2v7a,2v7a_173,10.893482748140013
2v7a,2v7a_175,9.876026899107885
2v7a,2v7a_181,21.660794300585344
2v7a,2v7a_278,62.79610372049547
2v7a,2v7a_304,61.01760262263102
2v7a,2v7a_318,52.18497508077909
2v7a,2v7a_321,20.19566519426206
2v7a,2v7a_327,22.280360030246545
2v7a,2v7a_338,61.51259791371561
2v7a,2v7a_355,21.01709376326077
2v7a,2v7a_369,12.162314080247793
2v7a,2v7a_375,16.642125519503114
2v7a,2v7a_379,26.846279981585045
2v7a,2v7a_380,62.25066573522403
2v7a,2v7a_381,21.20050861837811
2v7a,2v7a_388,68.26781713050505
2v7a,2v7a_407,36.99298297415806
2v7a,2v7a_408,38.56837376636095
2v7a,2v7a_416,12.832203726480635
2v7a,2v7a_419,14.6724422132985
2v7a,2v7a_423,14.61369328078795
2v7a,2v7a_424,37.02183349989475
2v7a,2v7a_426,20.022985668260773
2v7a,2v7a_429,13.370844863066964
2v7a,2v7a_431,29.59344033564908
2v7a,2v7a_434,46.957582609932565
2v7a,2v7a_441,12.756974685085025
2v7a,2v7a_444,21.568214773627755
2v7a,2v7a_446,12.87887642773245
2v7a,2v7a_447,48.23749576498848
2v7a,2v7a_448,37.47509275010735
2v7a,2v7a_452,15.431142081599653
2v7a,2v7a_475,10.262599784122248
2v7a,2v7a_478,10.651541274863538
2v7a,2v7a_487,22.293937189257186
2v7a,2v7a_489,15.501233114948834
2v7a,2v7a_494,28.73014405757634
2v7a,2v7a_495,15.039648304813408
2v7a,2v7a_496,36.724257632140414
2v7a,2v7a_498,25.195875758730097
2v7a,2v7a_514,26.222765066556608
2v7a,2v7a_522,11.75466407901326
2v7a,2v7a_523,21.156228886220784
2v7a,2v7a_530,20.99407870521784
2v7a,2v7a_536,11.821648114706528
2v7a,2v7a_548,14.52441731862708
2v7a,2v7a_550,12.627218560820353
2v7a,2v7a_555,12.214111663270993
2v7a,2v7a_557,14.149411577844688
2v7a,2v7a_561,13.1385502027071
2v7a,2v7a_568,9.366937870852109
2v7a,2v7a_572,17.328453373980786
2v7a,2v7a_583,17.090735760174365
2v7a,2v7a_591,36.06746425337966
2v7a,2v7a_592,21.05023305169037
2v7a,2v7a_594,16.46705099421684
2v7a,2v7a_600,25.795738680928416
2v7a,2v7a_606,16.028807398740977
2v7a,2v7a_609,23.81787342330856
2v7a,2v7a_616,20.50357215036033
2v7a,2v7a_621,24.787135314014527
2v7a,2v7a_623,19.11709830560381
2v7a,2v7a_629,21.004863579100924
2v7a,2v7a_632,27.56434321198105
2v7a,2v7a_635,17.47964718943775
2v7a,2v7a_654,35.09743259815999
2v7a,2v7a_663,18.47018878888776
2v7a,2v7a_671,18.884744617924813
2v7a,2v7a_679,20.678706049669948
2v7a,2v7a_684,26.80803400046136
2v7a,2v7a_688,26.18685205850796
2v7a,2v7a_690,21.58029430761624
2v7a,2v7a_693,22.477433623304123
2v7a,2v7a_698,17.36524961408658
2v7a,2v7a_7,54.31331519874329
2v7a,2v7a_733,59.25049200085768
2v7a,2v7a_737,63.14534841238117
2v7a,2v7a_743,58.9038799989712
2v7a,2v7a_744,61.03738525445277
2v7a,2v7a_784,54.56284156545716
2v7a,2v7a_789,50.953776305173534
2v7a,2v7a_820,58.4324509561706
2v7a,2v7a_845,62.70419637798573
2v7a,2v7a_856,63.70309953786791
2v7a,2v7a_859,62.95695809965219
2v7a,2v7a_886,55.95849084679359
2v7a,2v7a_889,30.29034829139416
2v7a,2v7a_973,62.36716777286583
2v7a,2v7a_981,62.56518876639264
2v7a,2v7a_983,67.76408797244085
2v7a,2v7a_985,61.96770740355584
2vkm,2vkm_105,20.11834144498308
2vkm,2vkm_106,14.675353275397397
2vkm,2vkm_152,26.374744138083525
2vkm,2vkm_159,46.48471556268703
2vkm,2vkm_160,55.36170567906767
2vkm,2vkm_192,12.479117439209409
2vkm,2vkm_203,31.5327323421619
2vkm,2vkm_208,32.74763504289195
2vkm,2vkm_215,58.0237105146952
2vkm,2vkm_216,31.33622398350441
2vkm,2vkm_217,55.68014027493967
2vkm,2vkm_226,62.21267679901863
2vkm,2vkm_233,26.67892161499707
2vkm,2vkm_237,60.54240461563412
2vkm,2vkm_241,55.704288485742346
2vkm,2vkm_242,54.83139450050473
2vkm,2vkm_249,50.94873586930363
2vkm,2vkm_257,51.6512985249982
2vkm,2vkm_260,28.095449464780952
2vkm,2vkm_262,56.5583357522714
2vkm,2vkm_263,55.5036783406656
2vkm,2vkm_267,34.90008211830342
2vkm,2vkm_270,39.85531066227284
2vkm,2vkm_273,19.61172243386575
2vkm,2vkm_289,57.43929627354466
2vkm,2vkm_291,55.369474000616144
2vkm,2vkm_292,26.588593620804154
2vkm,2vkm_296,64.4247187604543
2vkm,2vkm_308,11.022392954139764
2vkm,2vkm_314,13.281686491018442
2vkm,2vkm_324,48.719730080034914
2vkm,2vkm_330,15.836700441999968
2vkm,2vkm_338,13.161226281617145
2vkm,2vkm_341,20.57647062311391
2vkm,2vkm_349,27.28277349670622
2vkm,2vkm_363,27.29406486963054
2vkm,2vkm_370,9.120736108227833
2vkm,2vkm_374,27.921240158346706
2vkm,2vkm_381,14.264162496476793
2vkm,2vkm_404,41.95962055876423
2vkm,2vkm_416,27.52585931774637
2vkm,2vkm_424,28.666595742007942
2vkm,2vkm_426,13.77756135099907
2vkm,2vkm_431,28.15381542752251
2vkm,2vkm_433,30.663441051518465
2vkm,2vkm_439,27.992629031867647
2vkm,2vkm_440,34.63619815966039
2vkm,2vkm_441,37.34628099059004
2vkm,2vkm_443,26.814429193631067
2vkm,2vkm_445,30.874392580373208
2vkm,2vkm_453,38.0458598548608
2vkm,2vkm_461,29.188119422208192
2vkm,2vkm_466,24.40035123386108
2vkm,2vkm_471,30.49924543435348
2vkm,2vkm_473,35.54623125601987
2vkm,2vkm_482,32.472730422037856
2vkm,2vkm_485,32.79510319364306
2vkm,2vkm_486,22.939192207501723
2vkm,2vkm_487,28.651495085053792
2vkm,2vkm_494,27.624496061914773
2vkm,2vkm_496,28.828649579490826
2vkm,2vkm_514,21.139237628614477
2vkm,2vkm_517,10.492957805664718
2vkm,2vkm_520,32.549223047545865
2vkm,2vkm_523,20.117912166129173
2vkm,2vkm_530,16.770398451932625
2vkm,2vkm_538,18.221794196741037
2vkm,2vkm_544,17.492827224766355
2vkm,2vkm_554,18.146938193505907
2vkm,2vkm_558,16.230909259243674
2vkm,2vkm_570,20.404612492125157
2vkm,2vkm_573,33.92299051619216
2vkm,2vkm_584,22.3728213874437
2vkm,2vkm_585,12.788868244062272
2vkm,2vkm_589,27.31523287752807
2vkm,2vkm_591,35.28926620123444
2vkm,2vkm_593,19.45814078315185
2vkm,2vkm_594,13.046683659769156
2vkm,2vkm_669,17.337127587410905
2vkm,2vkm_671,28.863993736107105
2vkm,2vkm_672,21.71093726905663
2vkm,2vkm_678,22.99768329649364
2vkm,2vkm_687,16.357311506111333
2vkm,2vkm_691,10.84831893333187
2vkm,2vkm_706,61.460723875577614
2vkm,2vkm_707,62.244855915096686
2vkm,2vkm_710,60.62738192437583
2vkm,2vkm_73,21.445671346025375
2vkm,2vkm_790,60.37713486822838
2vkm,2vkm_806,63.540598203177375
2vkm,2vkm_887,52.98357341627988
2vkm,2vkm_890,60.5418426469106
2vkm,2vkm_920,57.68346550810966
2vkm,2vkm_929,42.26209000614998
2vkm,2vkm_955,60.995982714580855
2vkm,2vkm_963,54.03667307324916
2vkm,2vkm_986,57.2079856735746
2vvn,2vvn_205,58.45036765272541
2vvn,2vvn_391,51.71023788412051
2vvn,2vvn_401,40.16628024877167
2vvn,2vvn_403,24.09458700728539
2vvn,2vvn_405,17.49190313069943
2vvn,2vvn_406,35.12072330484085
2vvn,2vvn_407,21.512305369245755
2vvn,2vvn_409,17.746395762141773
2vvn,2vvn_419,16.832894288130426
2vvn,2vvn_425,22.723076352991185
2vvn,2vvn_426,12.159364747383252
2vvn,2vvn_427,12.265587433559022
2vvn,2vvn_445,13.912314065165702
2vvn,2vvn_449,22.177650886049424
2vvn,2vvn_469,11.986352586372576
2vvn,2vvn_470,23.79953422248297
2vvn,2vvn_720,19.55943079905934
2vvn,2vvn_721,46.08369278809493
2vvn,2vvn_737,48.513367754418645
2vvn,2vvn_744,35.058358814418504
2vvn,2vvn_750,29.026176221970065
2vvn,2vvn_751,27.718515705746768
2vvn,2vvn_757,46.216146651374416
2vvn,2vvn_759,21.36935893684233
2vvn,2vvn_763,20.896197568937374
2vvn,2vvn_765,12.729195090139978
2vvn,2vvn_776,19.340750764582904
2vvn,2vvn_780,57.60642327272187
2vvn,2vvn_782,45.73888709045546
2vvn,2vvn_785,13.534832165033272
2vvn,2vvn_786,14.931475982267983
2vvn,2vvn_787,14.468396431482368
2vvn,2vvn_791,23.104600416093227
2vvn,2vvn_792,16.19509738332206
2vvn,2vvn_793,14.62785091265584
2vvn,2vvn_797,22.198991921095622
2vvn,2vvn_798,19.233092938342047
2vvn,2vvn_799,18.102827012364564
2vvn,2vvn_800,23.623851636766904
2vvn,2vvn_802,60.50279263591717
2vvn,2vvn_829,45.1078483404064
2vvn,2vvn_845,34.65040859020969
2vvn,2vvn_846,44.76566835700909
2vvn,2vvn_854,48.60956360894092
2vvn,2vvn_880,29.7002436302728
2vvn,2vvn_887,27.81684026291511
2vvn,2vvn_900,25.89603781424233
2vvn,2vvn_952,40.91326265176779
2vvn,2vvn_956,30.721117028256845
2vvn,2vvn_967,20.50646040303493
2vvn,2vvn_968,16.773799348851718
2vvn,2vvn_973,58.79406308006126
2vvn,2vvn_977,15.528414277191247
2vvn,2vvn_985,15.746251416362997
2vvn,2vvn_987,16.0682118657789
2vvn,2vvn_992,6.751425013096662
2vw5,2vw5_115,37.14488027094587
2vw5,2vw5_154,37.96404068292111
2vw5,2vw5_160,37.431409953853446
2vw5,2vw5_22,38.29205268573156
2vw5,2vw5_227,37.27453183096767
2vw5,2vw5_249,40.555562397221095
2vw5,2vw5_381,36.83781801336561
2vw5,2vw5_403,22.317302334544543
2vw5,2vw5_407,28.591004418265136
2vw5,2vw5_408,16.16569247817427
2vw5,2vw5_410,17.911838062748096
2vw5,2vw5_411,20.04493502710515
2vw5,2vw5_415,23.78140528788906
2vw5,2vw5_418,27.74279354222232
2vw5,2vw5_420,27.5130753193503
2vw5,2vw5_425,25.203652612218114
2vw5,2vw5_434,24.703162217360514
2vw5,2vw5_441,28.1247046642194
2vw5,2vw5_442,18.743253908867384
2vw5,2vw5_443,22.25047756879639
2vw5,2vw5_467,24.47649684069452
2vw5,2vw5_471,22.409142577473567
2vw5,2vw5_475,18.869707953455997
2vw5,2vw5_477,20.79493472250564
2vw5,2vw5_488,21.494650829965263
2vw5,2vw5_493,21.48194495387496
2vw5,2vw5_516,23.91955861376346
2vw5,2vw5_519,23.106749277265248
2vw5,2vw5_536,21.160452227451504
2vw5,2vw5_537,25.415390362078472
2vw5,2vw5_541,16.615131177459833
2vw5,2vw5_546,15.436966759370854
2vw5,2vw5_552,19.77449594593696
2vw5,2vw5_557,16.531223717057138
2vw5,2vw5_576,17.70397634533509
2vw5,2vw5_585,22.529944353942614
2vw5,2vw5_618,17.779720906301833
2vw5,2vw5_642,20.12172567925063
2vw5,2vw5_645,16.529830624209204
2vw5,2vw5_652,14.4061967104564
2vw5,2vw5_659,11.33313390226521
2vw5,2vw5_661,11.048543305303737
2vw5,2vw5_665,16.466757558223037
2vw5,2vw5_667,12.218940974070495
2vw5,2vw5_670,14.558355353820115
2vw5,2vw5_678,22.333352313328625
2vw5,2vw5_687,15.895194045859473
2vw5,2vw5_688,14.277276159181376
2vw5,2vw5_692,22.66576962671136
2vw5,2vw5_693,20.42193131989331
2vw5,2vw5_695,14.99057719426892
2vw5,2vw5_696,12.952359782057744
2vw5,2vw5_698,11.757112916549891
2vw5,2vw5_736,33.76422519564415
2vw5,2vw5_740,34.8907838971612
2vw5,2vw5_751,32.11713262401753
2vw5,2vw5_762,16.81820666957097
2vw5,2vw5_789,15.05376656147591
2vw5,2vw5_791,16.977667879202272
2vw5,2vw5_900,34.69407087033229
2w4x,2w4x_1000,36.18570408844112
2w4x,2w4x_156,21.507232903149028
2w4x,2w4x_172,23.767387221246626
2w4x,2w4x_180,16.146774673892413
2w4x,2w4x_190,32.2584517766061
2w4x,2w4x_211,37.18582640067739
2w4x,2w4x_289,37.24592151761081
2w4x,2w4x_296,41.09982081620765
2w4x,2w4x_306,39.54380002984902
2w4x,2w4x_37,41.35535996244279
2w4x,2w4x_405,33.52248773193049
2w4x,2w4x_407,34.235370723037924
2w4x,2w4x_417,36.82284782204493
2w4x,2w4x_420,20.704149039709336
2w4x,2w4x_455,22.674076933427767
2w4x,2w4x_457,24.74743477347258
2w4x,2w4x_459,26.66726993476752
2w4x,2w4x_466,18.859256386607832
2w4x,2w4x_488,10.247366083193736
2w4x,2w4x_519,13.23857657486796
2w4x,2w4x_523,23.13443381980522
2w4x,2w4x_535,15.8547975026606
2w4x,2w4x_541,20.38766604002553
2w4x,2w4x_560,16.555628014014346
2w4x,2w4x_586,26.87883664899621
2w4x,2w4x_595,15.389470256926192
2w4x,2w4x_61,39.77917739566514
2w4x,2w4x_618,15.853947725959973
2w4x,2w4x_668,16.302257223683142
2w4x,2w4x_67,40.81493330852869
2w4x,2w4x_679,15.127384449563596
2w4x,2w4x_690,13.35766690743958
2w4x,2w4x_699,15.86975122955408
2w4x,2w4x_703,38.35138464707545
2w4x,2w4x_705,37.33327008676558
2w4x,2w4x_718,33.45630085914834
2w4x,2w4x_733,17.503407722851946
2w4x,2w4x_741,21.71048835858476
2w4x,2w4x_745,14.116585953306425
2w4x,2w4x_755,12.540113169861156
2w4x,2w4x_756,25.095474171818264
2w4x,2w4x_757,9.909717246048704
2w4x,2w4x_758,22.11089179131725
2w4x,2w4x_765,14.3161459349565
2w4x,2w4x_773,6.179090414219372
2w4x,2w4x_775,12.910689355922846
2w4x,2w4x_780,13.164914529085504
2w4x,2w4x_785,18.32889519963184
2w4x,2w4x_787,11.854562244460402
2w4x,2w4x_788,15.8154479475429
2w4x,2w4x_791,9.936239067800322
2w4x,2w4x_792,13.339743538974725
2w4x,2w4x_794,9.789744018627871
2w4x,2w4x_795,7.448825082314482
2w4x,2w4x_797,13.844850533492709
2w4x,2w4x_816,32.46321837162853
2w4x,2w4x_832,14.335957935278868
2w4x,2w4x_849,14.921764336306708
2w4x,2w4x_862,32.29865533940261
2w4x,2w4x_880,14.240266611999628
2w4x,2w4x_884,9.642816588827696
2w4x,2w4x_890,27.822895482293987
2w4x,2w4x_891,26.31392136835501
2w4x,2w4x_897,10.437834976551455
2w4x,2w4x_898,9.302941204885917
2w4x,2w4x_941,37.52173648934031
2w4x,2w4x_944,33.454237859269504
2w4x,2w4x_954,15.722840728557946
2w4x,2w4x_955,13.378703354636066
2w4x,2w4x_989,36.42955708808127
2w4x,2w4x_991,10.331564103750766
2w4x,2w4x_997,17.234578135894928
2w66,2w66_1000,11.8587046057507
2w66,2w66_173,37.420703841552346
2w66,2w66_178,9.622834247774946
2w66,2w66_179,40.35173899310311
2w66,2w66_186,43.22511581854121
2w66,2w66_190,45.88110823399271
2w66,2w66_229,41.10799310424017
2w66,2w66_314,41.82450801773264
2w66,2w66_401,32.08553844283131
2w66,2w66_403,39.51551938431879
2w66,2w66_413,28.032292896320563
2w66,2w66_414,26.84559837633801
2w66,2w66_439,22.709418627275507
2w66,2w66_449,18.416963101115837
2w66,2w66_453,22.74222108621528
2w66,2w66_534,16.32896515635273
2w66,2w66_546,10.185523418854302
2w66,2w66_611,13.610138856484127
2w66,2w66_613,9.502376912993448
2w66,2w66_690,11.264007682609233
2w66,2w66_702,45.83925882744002
2w66,2w66_711,21.002636392973685
2w66,2w66_714,16.638898976513456
2w66,2w66_723,7.7176402399151645
2w66,2w66_731,26.68339131587222
2w66,2w66_732,13.010605198114016
2w66,2w66_740,13.635662860644784
2w66,2w66_749,16.093104678409482
2w66,2w66_758,11.307168785884906
2w66,2w66_759,9.84920238502451
2w66,2w66_760,22.65043192546387
2w66,2w66_761,18.330423044084327
2w66,2w66_762,23.68771358482669
2w66,2w66_763,22.512787287088283
2w66,2w66_765,8.689697094595356
2w66,2w66_770,11.43353745622986
2w66,2w66_773,20.635161681432763
2w66,2w66_775,7.443941074104093
2w66,2w66_776,9.425379532175493
2w66,2w66_782,18.70628820863875
2w66,2w66_783,18.48302555656614
2w66,2w66_785,7.5344229054820255
2w66,2w66_789,22.725304672839847
2w66,2w66_796,8.87009130983898
2w66,2w66_797,15.56392617463797
2w66,2w66_800,20.18582564507761
2w66,2w66_809,39.04757723871024
2w66,2w66_835,17.857482619034588
2w66,2w66_839,23.93331671243149
2w66,2w66_855,20.565485200616408
2w66,2w66_866,33.5001400282682
2w66,2w66_877,17.26429894530548
2w66,2w66_931,47.93481065701916
2w66,2w66_937,8.715127417456218
2w66,2w66_953,46.41960092183383
2w66,2w66_956,8.162015623549443
2w66,2w66_965,23.115763065774967
2w66,2w66_969,19.865638549009173
2w66,2w66_972,37.31947342920749
2w66,2w66_991,28.385965049628425
2w66,2w66_997,40.27058471152131
2wbg,2wbg_111,8.532733646524159
2wbg,2wbg_117,8.068200761529447
2wbg,2wbg_123,9.281938524335244
2wbg,2wbg_15,47.21830392704948
2wbg,2wbg_153,10.192429124630111
2wbg,2wbg_164,14.9426730114847
2wbg,2wbg_270,50.01199438384779
2wbg,2wbg_309,11.146565795797503
2wbg,2wbg_322,11.319595415427774
2wbg,2wbg_331,45.08156542205728
2wbg,2wbg_336,9.097271094848244
2wbg,2wbg_345,8.223233802531501
2wbg,2wbg_365,10.348813860853744
2wbg,2wbg_367,7.093713225993558
2wbg,2wbg_379,11.882395564822572
2wbg,2wbg_389,8.431270504457135
2wbg,2wbg_4,45.478469098103815
2wbg,2wbg_421,28.98829287592028
2wbg,2wbg_439,13.515076422375769
2wbg,2wbg_467,22.829450502224585
2wbg,2wbg_470,19.3693032934507
2wbg,2wbg_473,6.098711398247018
2wbg,2wbg_492,16.377016476564076
2wbg,2wbg_511,8.32229303160853
2wbg,2wbg_514,7.847468831626522
2wbg,2wbg_521,34.08731208060684
2wbg,2wbg_525,15.322952525340376
2wbg,2wbg_527,7.28461436887174
2wbg,2wbg_533,4.786522983153142
2wbg,2wbg_543,18.278224139070648
2wbg,2wbg_554,7.986044709918958
2wbg,2wbg_559,3.917412269266841
2wbg,2wbg_565,25.03541866847656
2wbg,2wbg_566,31.264726833883103
2wbg,2wbg_588,12.47265266170269
2wbg,2wbg_593,14.594556368124374
2wbg,2wbg_598,6.979679549573096
2wbg,2wbg_625,12.678382167193387
2wbg,2wbg_637,14.363610242849017
2wbg,2wbg_649,13.865387479154384
2wbg,2wbg_650,37.03323348226526
2wbg,2wbg_667,13.61053246771699
2wbg,2wbg_668,11.360585193400471
2wbg,2wbg_688,9.053266095221444
2wbg,2wbg_715,40.653518465068856
2wbg,2wbg_719,42.47045142956465
2wbg,2wbg_721,43.51547438274228
2wbg,2wbg_730,43.2871852289844
2wbg,2wbg_731,38.54707595521516
2wbg,2wbg_734,46.87666735728923
2wbg,2wbg_737,40.9592239594845
2wbg,2wbg_742,39.95065055981666
2wbg,2wbg_747,42.30089815280169
2wbg,2wbg_75,47.32461678701702
2wbg,2wbg_750,41.58114435871014
2wbg,2wbg_754,39.788768804336776
2wbg,2wbg_755,40.470891576086906
2wbg,2wbg_763,10.169853152908455
2wbg,2wbg_767,27.408041413239683
2wbg,2wbg_775,28.833036064415907
2wbg,2wbg_779,11.46776094561639
2wbg,2wbg_781,26.60561527653772
2wbg,2wbg_783,10.257188906419897
2wbg,2wbg_784,5.691863749227444
2wbg,2wbg_786,16.34936444959434
2wbg,2wbg_788,27.914336095237115
2wbg,2wbg_791,14.59384714710729
2wbg,2wbg_792,9.829124416553343
2wbg,2wbg_795,9.47251301284523
2wbg,2wbg_797,3.915913192221569
2wbg,2wbg_880,38.190901081672905
2wbg,2wbg_886,41.70893879397924
2wbg,2wbg_889,37.64872243282844
2wbg,2wbg_897,36.95146580453852
2wbg,2wbg_944,50.70125832914482
2wbg,2wbg_976,44.3238230768366
2wca,2wca_144,44.14920095236871
2wca,2wca_161,41.06893806624506
2wca,2wca_173,29.68084834648374
2wca,2wca_20,38.46443894360977
2wca,2wca_201,38.496368262363454
2wca,2wca_206,15.43226336723434
2wca,2wca_219,11.651897145954027
2wca,2wca_225,15.939567798238633
2wca,2wca_23,13.428938181315235
2wca,2wca_235,37.588360038898855
2wca,2wca_241,13.933635668487062
2wca,2wca_254,25.62337432930295
2wca,2wca_264,16.64490233172294
2wca,2wca_267,17.812851614898104
2wca,2wca_269,37.19272763239474
2wca,2wca_273,15.717871260959392
2wca,2wca_281,11.400555800552288
2wca,2wca_287,26.1646889079988
2wca,2wca_37,35.86663687874223
2wca,2wca_414,27.482008607223086
2wca,2wca_417,15.59554601081292
2wca,2wca_444,32.2664952686737
2wca,2wca_478,14.34214073203844
2wca,2wca_483,20.203671307860933
2wca,2wca_488,20.975527116464008
2wca,2wca_496,20.03732570105678
2wca,2wca_5,16.79735997041189
2wca,2wca_545,39.83578081556664
2wca,2wca_550,16.15279754957168
2wca,2wca_564,17.79041311828104
2wca,2wca_575,16.22917957703014
2wca,2wca_585,12.801002446671744
2wca,2wca_586,18.981314465187072
2wca,2wca_587,11.340198345508623
2wca,2wca_592,17.31791638785826
2wca,2wca_596,19.28737576049689
2wca,2wca_599,17.78198997121106
2wca,2wca_600,15.055646686777909
2wca,2wca_610,17.571972568510514
2wca,2wca_613,22.84227561179302
2wca,2wca_616,16.47658643641648
2wca,2wca_638,13.661256141265849
2wca,2wca_65,15.028724015414763
2wca,2wca_653,15.881277204882345
2wca,2wca_657,11.139162070244694
2wca,2wca_662,8.944714653645443
2wca,2wca_674,17.61768911436168
2wca,2wca_679,14.437377072908005
2wca,2wca_692,13.29173166591483
2wca,2wca_700,14.917245112261233
2wca,2wca_72,18.419223156215832
2wca,2wca_731,33.445642212167634
2wca,2wca_745,19.081837388906155
2wca,2wca_755,18.355737399047744
2wca,2wca_760,20.955645070329144
2wca,2wca_773,24.41117698018337
2wca,2wca_786,16.07456199180205
2wca,2wca_788,14.988807069878446
2wca,2wca_791,16.33811572581058
2wca,2wca_81,19.813223761092583
2wca,2wca_816,38.59607063668715
2wca,2wca_82,16.852122018270062
2wca,2wca_829,30.04726971602432
2wca,2wca_851,38.52521358143799
2wca,2wca_853,21.601318811072687
2wca,2wca_855,33.38687942604654
2wca,2wca_887,18.940802879260893
2wca,2wca_90,16.986008748836806
2wca,2wca_903,44.33472849297173
2wca,2wca_908,22.277041394894493
2wca,2wca_92,32.17728246555447
2wca,2wca_925,13.897800600612866
2wca,2wca_936,31.84680150731584
2wca,2wca_951,20.13350988721288
2wca,2wca_960,32.97771582581667
2wca,2wca_961,19.414176303067805
2wca,2wca_965,32.26718352171394
2wca,2wca_971,42.51053090473571
2wca,2wca_974,11.361829146520224
2wca,2wca_983,28.15687210426446
2weg,2weg_106,18.92247732441894
2weg,2weg_146,27.91274008658687
2weg,2weg_177,23.33014744372168
2weg,2weg_20,32.82637794718251
2weg,2weg_204,32.4843432906096
2weg,2weg_21,28.655998402130297
2weg,2weg_218,32.90398650564833
2weg,2weg_248,22.572035547457748
2weg,2weg_301,17.80455434607841
2weg,2weg_314,25.307899441026247
2weg,2weg_335,22.449598009764006
2weg,2weg_343,15.142810293743716
2weg,2weg_371,23.342612852916023
2weg,2weg_385,32.852140011705195
2weg,2weg_387,24.09913217438376
2weg,2weg_390,12.877108372966312
2weg,2weg_407,26.432592569914156
2weg,2weg_415,18.891810200760148
2weg,2weg_419,7.076775827624506
2weg,2weg_437,12.01244548006624
2weg,2weg_443,18.67806617953882
2weg,2weg_447,21.079269580547656
2weg,2weg_468,12.903650943817096
2weg,2weg_472,20.05103284612561
2weg,2weg_476,10.230499330365612
2weg,2weg_502,17.43848326396075
2weg,2weg_515,20.23556815787596
2weg,2weg_517,7.711429059201475
2weg,2weg_518,6.963264663296661
2weg,2weg_52,30.879782660341508
2weg,2weg_520,8.80477565178777
2weg,2weg_525,14.93852072432298
2weg,2weg_530,22.596679353358645
2weg,2weg_542,6.191023962687272
2weg,2weg_566,9.086065781784097
2weg,2weg_579,14.920077749540871
2weg,2weg_582,16.644398102888747
2weg,2weg_592,18.575975380689837
2weg,2weg_598,14.924818838680649
2weg,2weg_599,17.866009862496778
2weg,2weg_604,23.084692390458827
2weg,2weg_614,16.51282444086218
2weg,2weg_620,26.56753922218428
2weg,2weg_632,3.814095698549009
2weg,2weg_643,11.896615993793834
2weg,2weg_644,9.25345525393582
2weg,2weg_653,3.016220941782158
2weg,2weg_666,11.62366463385372
2weg,2weg_674,3.031677899138652
2weg,2weg_686,4.239265885303474
2weg,2weg_699,5.074059326615454
2weg,2weg_765,6.935432137165224
2weg,2weg_776,9.716313333352264
2weg,2weg_784,3.558614936146347
2weg,2weg_785,7.48181994350209
2weg,2weg_80,27.493832419045248
2weg,2weg_838,29.657915092253216
2wer,2wer_112,46.52828625231625
2wer,2wer_123,28.88505834319628
2wer,2wer_170,50.11422203719639
2wer,2wer_177,53.23195592935003
2wer,2wer_337,37.12211571972002
2wer,2wer_345,48.12043205700412
2wer,2wer_390,52.746258647846574
2wer,2wer_403,15.722307534762429
2wer,2wer_404,32.62383064560049
2wer,2wer_414,38.4795227564638
2wer,2wer_419,33.36515373850175
2wer,2wer_422,28.247298079815263
2wer,2wer_424,20.2218736839262
2wer,2wer_426,17.927514793474167
2wer,2wer_437,27.745357716237105
2wer,2wer_439,22.57813691170015
2wer,2wer_441,29.945326662405137
2wer,2wer_442,18.2159062014636
2wer,2wer_445,13.807695038377704
2wer,2wer_447,9.137383705304652
2wer,2wer_459,22.646167275571333
2wer,2wer_460,23.305085389146974
2wer,2wer_463,12.933334455301535
2wer,2wer_473,19.374657859554
2wer,2wer_478,11.873543714583576
2wer,2wer_479,13.156829184663213
2wer,2wer_485,26.682854115883604
2wer,2wer_486,18.10071686864408
2wer,2wer_489,11.117174683015955
2wer,2wer_557,37.27863577297632
2wer,2wer_57,47.39383302262978
2wer,2wer_570,20.08988714011321
2wer,2wer_580,16.04485802049624
2wer,2wer_581,27.823419717852563
2wer,2wer_589,7.527029626114386
2wer,2wer_596,16.144473084675205
2wer,2wer_646,20.07583132074178
2wer,2wer_658,5.12706854614965
2wer,2wer_663,14.977758287455044
2wer,2wer_669,9.2839034977607
2wer,2wer_676,16.324021129631586
2wer,2wer_678,19.5429081606066
2wer,2wer_688,37.57277685833042
2wer,2wer_697,27.341133340450536
2wer,2wer_719,9.99168918168966
2wer,2wer_728,4.846133222590876
2wer,2wer_73,57.458608842096965
2wer,2wer_737,7.583811280513966
2wer,2wer_739,13.48413762872018
2wer,2wer_740,2.948893805906739
2wer,2wer_743,11.29172637034342
2wer,2wer_745,6.271956180538443
2wer,2wer_751,11.48362924403608
2wer,2wer_752,3.971025109111121
2wer,2wer_759,5.41555496570338
2wer,2wer_763,5.092152380803189
2wer,2wer_764,8.116632718364762
2wer,2wer_765,5.001465929645537
2wer,2wer_767,3.6243525257740656
2wer,2wer_768,7.255635558481382
2wer,2wer_769,3.4478815094008977
2wer,2wer_773,5.03123765601882
2wer,2wer_774,4.582259726185463
2wer,2wer_775,8.24190505584174
2wer,2wer_777,4.642195959904452
2wer,2wer_779,56.42827684836397
2wer,2wer_790,23.94412829273381
2wer,2wer_792,22.219601501202224
2wer,2wer_810,9.506779388477431
2wer,2wer_812,16.181450297476566
2wer,2wer_838,10.129798110096536
2wer,2wer_853,6.56711246941116
2wer,2wer_858,4.257899533473949
2wer,2wer_866,7.798809132394948
2wer,2wer_88,55.48174948480171
2wer,2wer_888,45.80032184191946
2wer,2wer_899,14.90827384007898
2wer,2wer_920,14.51010019863704
2wer,2wer_934,13.320086707575848
2wer,2wer_935,5.496459871107475
2wer,2wer_941,11.8188647298357
2wer,2wer_944,6.189577628254555
2wer,2wer_952,11.075986495701752
2wer,2wer_957,14.809943454493348
2wn9,2wn9_105,28.52596156711131
2wn9,2wn9_11,19.899565212062985
2wn9,2wn9_118,23.8244121951086
2wn9,2wn9_12,17.398738877809592
2wn9,2wn9_13,24.20491908666655
2wn9,2wn9_134,23.39542957001513
2wn9,2wn9_136,31.04172525515672
2wn9,2wn9_160,29.973636057458915
2wn9,2wn9_172,27.856200656106225
2wn9,2wn9_175,18.320572779295105
2wn9,2wn9_177,17.57095461429968
2wn9,2wn9_194,26.79701512363516
2wn9,2wn9_2,20.03134814992181
2wn9,2wn9_217,20.307199106550303
2wn9,2wn9_232,28.315236279341548
2wn9,2wn9_247,16.09273954245277
2wn9,2wn9_257,21.36413185895229
2wn9,2wn9_261,15.245537268625238
2wn9,2wn9_275,22.256564783596403
2wn9,2wn9_283,23.63114184206668
2wn9,2wn9_289,16.520928818168922
2wn9,2wn9_299,17.630818451707118
2wn9,2wn9_300,22.458564519521435
2wn9,2wn9_329,32.085182798816824
2wn9,2wn9_333,30.281021113058216
2wn9,2wn9_336,28.943074007811248
2wn9,2wn9_34,23.572534117190205
2wn9,2wn9_376,28.41404503309366
2wn9,2wn9_391,28.4959969725756
2wn9,2wn9_410,20.899206040000443
2wn9,2wn9_411,19.7148517822188
2wn9,2wn9_424,20.03626784786333
2wn9,2wn9_445,27.94668635482488
2wn9,2wn9_448,26.43999771232156
2wn9,2wn9_461,21.758742916546137
2wn9,2wn9_471,23.501874602758832
2wn9,2wn9_474,25.02510442093427
2wn9,2wn9_483,17.033961020622918
2wn9,2wn9_51,16.633269696809222
2wn9,2wn9_525,18.159066095092037
2wn9,2wn9_531,18.95637202090394
2wn9,2wn9_565,10.74893194202768
2wn9,2wn9_570,19.82107745552032
2wn9,2wn9_571,17.350140822627917
2wn9,2wn9_575,22.06219517704613
2wn9,2wn9_586,23.86457551421723
2wn9,2wn9_626,15.171329322854223
2wn9,2wn9_643,13.132616968515675
2wn9,2wn9_662,22.181847573874094
2wn9,2wn9_663,23.665205558756337
2wn9,2wn9_667,18.02225496848432
2wn9,2wn9_675,17.362020209952487
2wn9,2wn9_678,24.51352584050968
2wn9,2wn9_689,17.92548834412773
2wn9,2wn9_737,22.09815442869215
2wn9,2wn9_738,15.996015617059124
2wn9,2wn9_740,22.48345174712724
2wn9,2wn9_749,18.78853003401451
2wn9,2wn9_751,23.32810415449193
2wn9,2wn9_752,22.31110687143053
2wn9,2wn9_753,22.872833954992625
2wn9,2wn9_759,25.33676300796204
2wn9,2wn9_762,23.490755939142986
2wn9,2wn9_80,11.54780908510599
2wnc,2wnc_127,43.259330309208
2wnc,2wnc_168,27.283281683934057
2wnc,2wnc_267,40.93164821110381
2wnc,2wnc_302,43.65212881994714
2wnc,2wnc_35,37.02678763777436
2wnc,2wnc_370,43.52922105069531
2wnc,2wnc_437,25.237494697703568
2wnc,2wnc_458,26.977071471525324
2wnc,2wnc_473,32.83264623035001
2wnc,2wnc_474,23.99367114556573
2wnc,2wnc_48,38.89978929024701
2wnc,2wnc_498,30.47935925319195
2wnc,2wnc_514,30.329693811540587
2wnc,2wnc_519,29.06235425282524
2wnc,2wnc_525,27.615847315192365
2wnc,2wnc_527,23.6583075853753
2wnc,2wnc_532,24.770486759674608
2wnc,2wnc_536,23.767016240405493
2wnc,2wnc_537,20.027081460558744
2wnc,2wnc_538,21.196001258438898
2wnc,2wnc_539,28.703411717760385
2wnc,2wnc_541,17.550778229092302
2wnc,2wnc_542,20.0117370152327
2wnc,2wnc_554,22.163932906705977
2wnc,2wnc_557,23.042740878078234
2wnc,2wnc_558,7.844024600782856
2wnc,2wnc_561,19.99342103951838
2wnc,2wnc_564,9.14167441528716
2wnc,2wnc_575,10.803662966992423
2wnc,2wnc_578,23.074242613000656
2wnc,2wnc_582,11.675935552465385
2wnc,2wnc_585,21.239785868653936
2wnc,2wnc_587,23.802819664931206
2wnc,2wnc_589,26.549967088394503
2wnc,2wnc_594,22.999748496076617
2wnc,2wnc_595,31.25304973172912
2wnc,2wnc_597,16.32088012563651
2wnc,2wnc_599,22.49086074966343
2wnc,2wnc_600,30.665024079218952
2wnc,2wnc_632,25.207572666322594
2wnc,2wnc_636,15.899025750194578
2wnc,2wnc_645,19.71894129248024
2wnc,2wnc_647,23.67143087243328
2wnc,2wnc_661,22.76001015483788
2wnc,2wnc_664,24.904678583276347
2wnc,2wnc_681,24.962608484932595
2wnc,2wnc_689,25.47153774293985
2wnc,2wnc_702,48.35910480035775
2wnc,2wnc_717,33.6595086283559
2wnc,2wnc_722,17.686872325961627
2wnc,2wnc_723,34.950474366731186
2wnc,2wnc_728,16.830617147711937
2wnc,2wnc_732,25.468258254752108
2wnc,2wnc_734,17.182014335082783
2wnc,2wnc_737,27.58760372422461
2wnc,2wnc_741,18.538782591941825
2wnc,2wnc_744,31.4178625440534
2wnc,2wnc_747,21.500101004019974
2wnc,2wnc_752,16.87333958665022
2wnc,2wnc_754,6.0047372452006105
2wnc,2wnc_755,29.203990525838822
2wnc,2wnc_757,19.79459970099044
2wnc,2wnc_760,10.214575868604014
2wnc,2wnc_763,10.420284542738312
2wnc,2wnc_766,16.16870309618185
2wnc,2wnc_770,13.682091236339526
2wnc,2wnc_776,21.860257292833197
2wnc,2wnc_779,20.085366162449027
2wnc,2wnc_780,21.817926516168157
2wnc,2wnc_781,11.66429896388122
2wnc,2wnc_796,42.185535185852366
2wnc,2wnc_825,36.591950416887904
2wnc,2wnc_828,32.61299176997547
2wnc,2wnc_848,31.14614322576859
2wnc,2wnc_849,36.20007033179549
2wnc,2wnc_853,17.521707141214858
2wnc,2wnc_856,19.977381211023932
2wnc,2wnc_860,34.320093706843714
2wnc,2wnc_862,12.217937833519594
2wnc,2wnc_868,18.74533866790469
2wnc,2wnc_872,19.676801942931075
2wnc,2wnc_874,25.725426850018174
2wnc,2wnc_879,15.968511574161912
2wnc,2wnc_891,46.15490902048979
2wnc,2wnc_903,48.40250611022153
2wnc,2wnc_915,36.72708376224828
2wnc,2wnc_928,40.89009626857022
2wnc,2wnc_951,38.81509014509733
2wnc,2wnc_952,34.41732825892712
2wnc,2wnc_969,36.83550719318236
2wnc,2wnc_972,33.837416300086815
2wnc,2wnc_981,34.57566274812199
2wnc,2wnc_99,37.78291511751172
2wtv,2wtv_105,68.2391517970394
2wtv,2wtv_108,70.04683809932834
2wtv,2wtv_118,69.45339588214824
2wtv,2wtv_133,54.81178951183517
2wtv,2wtv_143,65.97522245775387
2wtv,2wtv_144,57.5359971714187
2wtv,2wtv_152,18.483866818720127
2wtv,2wtv_157,61.72875623451184
2wtv,2wtv_159,18.896152373701103
2wtv,2wtv_174,66.97997657846379
2wtv,2wtv_196,20.483132061335898
2wtv,2wtv_20,14.062578203385677
2wtv,2wtv_237,57.061297402292496
2wtv,2wtv_24,11.27286444524388
2wtv,2wtv_240,59.38592084243318
2wtv,2wtv_250,12.563786892011096
2wtv,2wtv_255,66.70587357711943
2wtv,2wtv_260,11.592721622927906
2wtv,2wtv_289,47.66547322684411
2wtv,2wtv_296,12.24500015462345
2wtv,2wtv_317,14.94254608969967
2wtv,2wtv_32,12.18793570237052
2wtv,2wtv_320,71.18639513673398
2wtv,2wtv_328,33.58278508184864
2wtv,2wtv_333,17.432295635490146
2wtv,2wtv_357,72.42044750990566
2wtv,2wtv_376,45.14808945255981
2wtv,2wtv_38,13.635015112554589
2wtv,2wtv_39,13.323165503805292
2wtv,2wtv_401,20.721520034856415
2wtv,2wtv_411,28.5780140548894
2wtv,2wtv_415,17.006657208173074
2wtv,2wtv_421,24.367222925177177
2wtv,2wtv_427,28.95595310045788
2wtv,2wtv_432,19.594225300645263
2wtv,2wtv_436,20.39124345001561
2wtv,2wtv_437,29.5193491972583
2wtv,2wtv_455,24.277373508686413
2wtv,2wtv_459,20.055644025845695
2wtv,2wtv_460,14.152282804230968
2wtv,2wtv_470,24.77288239390987
2wtv,2wtv_477,20.25277854658078
2wtv,2wtv_481,17.21131484268636
2wtv,2wtv_483,23.471986204878828
2wtv,2wtv_486,24.73168545997465
2wtv,2wtv_487,20.954835041719573
2wtv,2wtv_489,17.77145653954
2wtv,2wtv_498,20.11476462985577
2wtv,2wtv_499,18.49063796929927
2wtv,2wtv_502,44.98409238022825
2wtv,2wtv_506,29.443559510693323
2wtv,2wtv_509,48.50603311030091
2wtv,2wtv_533,47.71565868820892
2wtv,2wtv_534,27.863435867419177
2wtv,2wtv_541,27.977716168158043
2wtv,2wtv_544,37.85566639609223
2wtv,2wtv_547,13.826591475775972
2wtv,2wtv_548,30.089169378752437
2wtv,2wtv_55,13.302812956791366
2wtv,2wtv_551,24.154652965651877
2wtv,2wtv_557,25.087339859822126
2wtv,2wtv_558,11.975259223022084
2wtv,2wtv_561,28.432286492580687
2wtv,2wtv_570,17.63773993596832
2wtv,2wtv_575,23.73892486459536
2wtv,2wtv_576,14.071454428609073
2wtv,2wtv_579,24.72116658884036
2wtv,2wtv_581,17.621113976088356
2wtv,2wtv_584,37.127786331108105
2wtv,2wtv_585,17.61979509721635
2wtv,2wtv_590,31.64361538434165
2wtv,2wtv_591,35.188091950655135
2wtv,2wtv_595,46.34522798445311
2wtv,2wtv_596,30.539790782930478
2wtv,2wtv_602,28.377051765076786
2wtv,2wtv_604,23.27005926407197
2wtv,2wtv_608,23.037275705466087
2wtv,2wtv_611,22.908119317939416
2wtv,2wtv_612,14.040534449544754
2wtv,2wtv_615,34.682198931564486
2wtv,2wtv_624,28.949790840825735
2wtv,2wtv_631,25.60866693963255
2wtv,2wtv_637,19.88449115485713
2wtv,2wtv_644,19.08338226109853
2wtv,2wtv_670,16.410049647551016
2wtv,2wtv_674,32.190059447061465
2wtv,2wtv_675,13.34152158036724
2wtv,2wtv_676,20.312345645231265
2wtv,2wtv_689,18.637519463132747
2wtv,2wtv_691,38.91739494762612
2wtv,2wtv_697,30.14797709757093
2wtv,2wtv_737,25.45447578741993
2wtv,2wtv_78,12.900050792635248
2wtv,2wtv_799,19.8729332612042
2wtv,2wtv_801,10.309742227454018
2wtv,2wtv_804,9.75437311069192
2wtv,2wtv_83,12.492659600943412
2wtv,2wtv_84,13.383177535874548
2wtv,2wtv_90,13.65281630802004
2wtv,2wtv_98,12.87613907952928
2wvt,2wvt_217,46.2268440477679
2wvt,2wvt_266,41.8177916063443
2wvt,2wvt_404,28.112762039857127
2wvt,2wvt_415,38.65244591187953
2wvt,2wvt_442,30.671338783131024
2wvt,2wvt_456,35.27251339035721
2wvt,2wvt_464,28.118685278444943
2wvt,2wvt_474,27.462231098304414
2wvt,2wvt_478,25.10977967641592
2wvt,2wvt_492,23.35392719106889
2wvt,2wvt_510,13.92156440323942
2wvt,2wvt_518,29.11803171539971
2wvt,2wvt_526,12.832923127360775
2wvt,2wvt_529,15.732248640093644
2wvt,2wvt_546,7.245405415910108
2wvt,2wvt_548,26.56882224188932
2wvt,2wvt_552,18.908118627088665
2wvt,2wvt_565,14.317319872708184
2wvt,2wvt_574,7.721537290621156
2wvt,2wvt_579,10.592907207992218
2wvt,2wvt_581,11.101731792622784
2wvt,2wvt_593,13.162461915401591
2wvt,2wvt_615,12.764038820016182
2wvt,2wvt_630,17.20378855250369
2wvt,2wvt_675,15.499367483087571
2wvt,2wvt_678,18.371548476520594
2wvt,2wvt_720,35.02103443248083
2wvt,2wvt_731,10.977208548098917
2wvt,2wvt_736,34.944078220503705
2wvt,2wvt_743,9.348765028136992
2wvt,2wvt_758,14.053220278988988
2wvt,2wvt_762,18.38911077569358
2wvt,2wvt_764,21.978413036626694
2wvt,2wvt_767,24.39718719523068
2wvt,2wvt_770,14.218561598321635
2wvt,2wvt_775,18.13885806179683
2wvt,2wvt_777,12.572711396467282
2wvt,2wvt_780,14.291999245444698
2wvt,2wvt_843,15.155916014961662
2wvt,2wvt_848,16.74022253218312
2wvt,2wvt_859,39.831331767066565
2wvt,2wvt_870,10.120941172380633
2wvt,2wvt_875,9.070025788300985
2wvt,2wvt_884,13.719300060452582
2wvt,2wvt_898,8.979455517521618
2wvt,2wvt_920,38.86466508418241
2wvt,2wvt_922,38.7599484172459
2wvt,2wvt_961,16.881875602944756
2wvt,2wvt_962,9.522152279939473
2wvt,2wvt_982,11.285464417931443
2x00,2x00_123,42.90726848187817
2x00,2x00_144,43.81289998258519
2x00,2x00_174,42.57089954601511
2x00,2x00_234,51.15251412741341
2x00,2x00_335,45.7704814540449
2x00,2x00_345,47.12717357239704
2x00,2x00_410,36.05779205486963
2x00,2x00_447,35.77629082308367
2x00,2x00_464,34.59285907693729
2x00,2x00_470,37.50627255122199
2x00,2x00_487,29.463904626786103
2x00,2x00_498,37.11059337968212
2x00,2x00_499,32.20511701376316
2x00,2x00_500,27.601925220045608
2x00,2x00_509,27.46525263615968
2x00,2x00_528,27.38810001005791
2x00,2x00_53,48.83675414839443
2x00,2x00_539,28.620516760913013
2x00,2x00_551,33.159671783790046
2x00,2x00_565,30.542736745266904
2x00,2x00_573,30.55862027727584
2x00,2x00_576,27.839884993140565
2x00,2x00_583,28.083994089764637
2x00,2x00_586,24.09199720934763
2x00,2x00_587,30.11785094449159
2x00,2x00_594,37.664484926462585
2x00,2x00_604,35.577960799531056
2x00,2x00_609,36.36658377376271
2x00,2x00_611,39.503575725759255
2x00,2x00_633,29.47430262470868
2x00,2x00_634,35.48747128353195
2x00,2x00_654,31.420777995008585
2x00,2x00_701,35.58694243953811
2x00,2x00_705,36.89776846328911
2x00,2x00_709,43.31675362324096
2x00,2x00_716,36.657323686382114
2x00,2x00_721,22.53388240590797
2x00,2x00_725,22.78807254827157
2x00,2x00_731,35.60907589397029
2x00,2x00_732,25.935710601109253
2x00,2x00_736,26.94109758947772
2x00,2x00_742,33.52330833829832
2x00,2x00_748,27.796755846228805
2x00,2x00_749,28.09062942425057
2x00,2x00_760,16.080959283774803
2x00,2x00_761,36.54231116011713
2x00,2x00_767,37.61457390867114
2x00,2x00_771,29.11702596410648
2x00,2x00_778,35.01868758033031
2x00,2x00_779,10.871348899170307
2x00,2x00_786,25.02796359792116
2x00,2x00_789,18.28261163226731
2x00,2x00_791,25.872564377421927
2x00,2x00_798,36.47629703416452
2x00,2x00_817,31.89898854394946
2x00,2x00_818,23.50425193699145
2x00,2x00_822,29.53177980176273
2x00,2x00_835,28.44302581587429
2x00,2x00_843,20.358296409747197
2x00,2x00_853,24.5599541340622
2x00,2x00_874,29.2186022370738
2x00,2x00_882,25.572145013927503
2x00,2x00_889,21.066744871388877
2x00,2x00_891,34.65094131102047
2x00,2x00_907,35.19394832149375
2x00,2x00_911,39.45606755380607
2x00,2x00_929,37.66264926895
2x00,2x00_935,28.493790947898503
2x00,2x00_945,22.361933453751565
2x00,2x00_963,22.884597655366868
2x00,2x00_966,29.648608197532425
2x00,2x00_969,22.871217495360607
2x00,2x00_971,35.59123804024181
2x00,2x00_972,26.91197659579269
2x00,2x00_986,28.05822514131072
2x00,2x00_992,28.929334995446727
2xb8,2xb8_133,54.08656437345493
2xb8,2xb8_268,54.89027691011866
2xb8,2xb8_28,57.58838758742123
2xb8,2xb8_282,50.93772594194431
2xb8,2xb8_285,56.1135114866971
2xb8,2xb8_35,55.102273094123525
2xb8,2xb8_408,18.766145274528583
2xb8,2xb8_423,39.29089040459201
2xb8,2xb8_428,23.05773771561387
2xb8,2xb8_433,18.919357512937854
2xb8,2xb8_435,36.9032748172101
2xb8,2xb8_436,40.543142396301775
2xb8,2xb8_437,15.448963506173882
2xb8,2xb8_439,37.35973283056804
2xb8,2xb8_451,44.51201627469465
2xb8,2xb8_452,21.94365658122401
2xb8,2xb8_459,21.104581388349743
2xb8,2xb8_462,21.116369155783204
2xb8,2xb8_464,33.74871646323656
2xb8,2xb8_465,17.94591096603315
2xb8,2xb8_473,35.936523345946746
2xb8,2xb8_478,28.71297491609481
2xb8,2xb8_481,21.434356665540182
2xb8,2xb8_483,35.76406927425398
2xb8,2xb8_484,40.05069996652263
2xb8,2xb8_486,47.72667993326891
2xb8,2xb8_487,22.767646529616147
2xb8,2xb8_490,39.01555195024133
2xb8,2xb8_523,21.04750406689735
2xb8,2xb8_525,33.02211596057273
2xb8,2xb8_537,35.47422671958113
2xb8,2xb8_542,23.44883069060481
2xb8,2xb8_546,12.67825331324164
2xb8,2xb8_556,22.29278042015957
2xb8,2xb8_558,17.332504159167637
2xb8,2xb8_560,18.889345993896903
2xb8,2xb8_568,21.156728186602862
2xb8,2xb8_572,12.535521115239536
2xb8,2xb8_573,14.62543410875251
2xb8,2xb8_574,19.30154079623316
2xb8,2xb8_576,24.293706650420773
2xb8,2xb8_585,18.49467487896456
2xb8,2xb8_587,34.10859237377186
2xb8,2xb8_590,14.0249945242388
2xb8,2xb8_597,14.436071577886302
2xb8,2xb8_616,24.896554511396413
2xb8,2xb8_617,11.54490435399692
2xb8,2xb8_620,14.69686496712766
2xb8,2xb8_635,21.710256127596057
2xb8,2xb8_647,14.3718659494327
2xb8,2xb8_650,15.3786614890852
2xb8,2xb8_657,14.465614532969502
2xb8,2xb8_673,11.65386164366289
2xb8,2xb8_675,17.214859340752756
2xb8,2xb8_676,35.65022571826008
2xb8,2xb8_679,16.047040017312007
2xb8,2xb8_682,15.770957568930127
2xb8,2xb8_684,15.749973806609708
2xb8,2xb8_691,14.626849576695635
2xb8,2xb8_695,15.503336211603706
2xb8,2xb8_697,21.401866018827132
2xb8,2xb8_735,53.577873029487534
2xb8,2xb8_760,23.445449481555134
2xb8,2xb8_761,21.396805923204774
2xb8,2xb8_765,13.520225442316036
2xb8,2xb8_767,15.244403467369004
2xb8,2xb8_768,43.15308035035771
2xb8,2xb8_775,16.950013083705063
2xb8,2xb8_776,27.12419755257239
2xbv,2xbv_103,27.641645556855757
2xbv,2xbv_109,12.90087771066171
2xbv,2xbv_114,22.722755664405785
2xbv,2xbv_119,28.67319266599821
2xbv,2xbv_124,30.57137234222414
2xbv,2xbv_136,10.468854575103638
2xbv,2xbv_137,29.82004180756693
2xbv,2xbv_144,16.46455419997666
2xbv,2xbv_154,21.20008233478845
2xbv,2xbv_157,19.6502717316008
2xbv,2xbv_164,21.136200237967987
2xbv,2xbv_167,18.809521239192517
2xbv,2xbv_184,65.01520989159754
2xbv,2xbv_195,51.507498179824005
2xbv,2xbv_198,21.547200629263557
2xbv,2xbv_199,67.14923395835464
2xbv,2xbv_203,62.92284700996953
2xbv,2xbv_226,60.30378441266451
2xbv,2xbv_23,53.92428270626734
2xbv,2xbv_267,59.359844821019145
2xbv,2xbv_277,56.71581793159053
2xbv,2xbv_293,51.468657637016605
2xbv,2xbv_302,65.06344065738666
2xbv,2xbv_304,32.09667902931952
2xbv,2xbv_309,22.26288785531609
2xbv,2xbv_310,23.197264491736476
2xbv,2xbv_316,30.58422459698968
2xbv,2xbv_317,68.64450668356872
2xbv,2xbv_336,29.717778788558302
2xbv,2xbv_340,25.899803013879527
2xbv,2xbv_344,44.00998683240297
2xbv,2xbv_347,22.64018097505233
2xbv,2xbv_353,32.596365719825734
2xbv,2xbv_355,36.7085146724879
2xbv,2xbv_364,26.486543595678683
2xbv,2xbv_378,67.99775934512306
2xbv,2xbv_385,23.15019971905365
2xbv,2xbv_386,19.9212595507351
2xbv,2xbv_389,33.61956398602764
2xbv,2xbv_391,21.451341293525445
2xbv,2xbv_392,65.04086936163996
2xbv,2xbv_397,60.1547342683282
2xbv,2xbv_399,37.43925038712696
2xbv,2xbv_401,44.740213861841575
2xbv,2xbv_434,37.98556005245332
2xbv,2xbv_435,36.681389962322
2xbv,2xbv_444,41.84940596631179
2xbv,2xbv_463,30.3350694576416
2xbv,2xbv_475,45.617629001918985
2xbv,2xbv_477,40.85081405496572
2xbv,2xbv_52,57.70648720157498
2xbv,2xbv_532,43.60286188145045
2xbv,2xbv_559,32.2912496774966
2xbv,2xbv_565,29.002087304160398
2xbv,2xbv_746,45.471658393674886
2xbv,2xbv_747,53.26908067966745
2xbv,2xbv_752,48.59601632830912
2xbv,2xbv_753,45.96498272225962
2xbv,2xbv_754,47.43861311406484
2xbv,2xbv_756,46.02699920262835
2xbv,2xbv_761,23.043928637550085
2xbv,2xbv_762,26.728299083926963
2xbv,2xbv_766,51.42881555408412
2xbv,2xbv_769,29.737627071664857
2xbv,2xbv_770,43.11710158116898
2xbv,2xbv_771,27.566722580484218
2xbv,2xbv_773,25.119879210463715
2xbv,2xbv_777,22.075132120576917
2xbv,2xbv_779,24.499384633633834
2xbv,2xbv_780,23.6849818411507
2xbv,2xbv_782,41.00547170253353
2xbv,2xbv_784,20.056608116697856
2xbv,2xbv_8,55.42086379223208
2xbv,2xbv_825,62.27870101335176
2xbv,2xbv_855,55.54319685987838
2xbv,2xbv_866,54.41924366001857
2xbv,2xbv_880,51.187367016753896
2xbv,2xbv_883,47.63195963513282
2xbv,2xbv_884,45.50632293221676
2xbv,2xbv_984,26.549716927689357
2xdl,2xdl_176,13.372588158207758
2xdl,2xdl_192,12.276698774324691
2xdl,2xdl_215,14.101748048506964
2xdl,2xdl_265,14.9413275072237
2xdl,2xdl_268,15.746870076591636
2xdl,2xdl_273,13.785312140567132
2xdl,2xdl_3,12.579814909912786
2xdl,2xdl_329,14.854193570015813
2xdl,2xdl_339,15.617133996861384
2xdl,2xdl_348,14.39488677619852
2xdl,2xdl_396,14.625804838925175
2xdl,2xdl_414,10.350823145191582
2xdl,2xdl_417,10.748514920686466
2xdl,2xdl_420,8.544288863392286
2xdl,2xdl_435,10.354029044069229
2xdl,2xdl_446,8.909615672333024
2xdl,2xdl_484,15.260199309584625
2xdl,2xdl_486,11.71006493173024
2xdl,2xdl_489,11.879278634099265
2xdl,2xdl_495,9.494982181375692
2xdl,2xdl_496,10.499001396694377
2xdl,2xdl_5,16.32284783152322
2xdl,2xdl_500,10.6962033715836
2xdl,2xdl_509,7.10134167806821
2xdl,2xdl_522,11.632446331090634
2xdl,2xdl_525,11.251060332247892
2xdl,2xdl_534,11.572230206344106
2xdl,2xdl_537,11.18848434153043
2xdl,2xdl_539,13.156803458660953
2xdl,2xdl_540,12.164708320866696
2xdl,2xdl_547,11.34550461039611
2xdl,2xdl_549,10.31185544178449
2xdl,2xdl_55,13.158664438410472
2xdl,2xdl_559,9.69162046338193
2xdl,2xdl_560,10.451910936650188
2xdl,2xdl_565,9.553368181804784
2xdl,2xdl_570,9.848883007119356
2xdl,2xdl_574,9.001119549090554
2xdl,2xdl_586,7.053644164006209
2xdl,2xdl_593,15.274906192735347
2xdl,2xdl_595,12.735682589188846
2xdl,2xdl_596,11.947016398394052
2xdl,2xdl_611,13.594646676241972
2xdl,2xdl_612,9.306325805638966
2xdl,2xdl_615,9.5329056357888
2xdl,2xdl_623,9.836728693646124
2xdl,2xdl_628,15.886080514920533
2xdl,2xdl_646,6.188896713039854
2xdl,2xdl_650,8.920515130473879
2xdl,2xdl_660,12.435921442915005
2xdl,2xdl_674,8.800696677976104
2xdl,2xdl_685,11.77167402687127
2xdl,2xdl_691,7.508031086353863
2xdl,2xdl_692,13.57725378356544
2xdl,2xdl_693,9.055551361019182
2xdl,2xdl_739,13.343462113187408
2xdl,2xdl_742,11.107224081795277
2xdl,2xdl_746,2.227125719885344
2xdl,2xdl_747,3.0565474414446023
2xdl,2xdl_755,2.6085082236997703
2xdl,2xdl_763,1.766338597097974
2xdl,2xdl_768,1.5374819086491147
2xdl,2xdl_769,1.5768159430340538
2xdl,2xdl_775,2.326525023643433
2xdl,2xdl_776,11.530883061664268
2xdl,2xdl_778,2.450223334823698
2xdl,2xdl_779,2.728793254235403
2xdl,2xdl_783,12.39917583792151
2xdl,2xdl_788,3.1093274877699075
2xdl,2xdl_790,7.294664947851624
2xdl,2xdl_99,14.031588126456189
2xii,2xii_108,67.42494137976186
2xii,2xii_131,27.804446739687624
2xii,2xii_137,18.571070789017007
2xii,2xii_146,69.22163166678509
2xii,2xii_151,63.4584042050784
2xii,2xii_185,51.12592778415067
2xii,2xii_199,24.72732523235401
2xii,2xii_237,71.97696878243447
2xii,2xii_238,70.43836786069173
2xii,2xii_252,58.93022736605476
2xii,2xii_253,68.7172250834136
2xii,2xii_293,74.6297437741054
2xii,2xii_355,67.30738471772213
2xii,2xii_397,65.61729737146115
2xii,2xii_401,54.43962290449039
2xii,2xii_402,48.81327240990973
2xii,2xii_406,49.448958992640414
2xii,2xii_407,49.01298516276468
2xii,2xii_409,57.619368180943525
2xii,2xii_413,42.97705978090117
2xii,2xii_414,33.5466706945049
2xii,2xii_415,33.61643804521471
2xii,2xii_417,44.66268019939479
2xii,2xii_419,24.949333212658864
2xii,2xii_426,23.904463521791403
2xii,2xii_427,30.251863278552783
2xii,2xii_429,31.71077540824861
2xii,2xii_435,21.60202242304232
2xii,2xii_436,22.159443168344318
2xii,2xii_438,21.129626739894046
2xii,2xii_445,26.68227930766549
2xii,2xii_451,36.06270746184262
2xii,2xii_452,30.19860120159256
2xii,2xii_456,36.29745968973548
2xii,2xii_459,29.23741136143248
2xii,2xii_464,28.392201223731
2xii,2xii_467,11.433122191901946
2xii,2xii_468,39.84899592706874
2xii,2xii_469,25.178750281365136
2xii,2xii_470,24.389336781269105
2xii,2xii_471,14.49259293404365
2xii,2xii_49,65.65643657290644
2xii,2xii_492,23.1680966407874
2xii,2xii_494,18.683799717619625
2xii,2xii_496,23.61814938956079
2xii,2xii_497,9.986253042954369
2xii,2xii_513,30.681152400067173
2xii,2xii_525,30.563336192604265
2xii,2xii_528,20.89100490517474
2xii,2xii_535,23.325245612650395
2xii,2xii_542,20.6843694635538
2xii,2xii_547,16.21332849843307
2xii,2xii_550,11.104945311352775
2xii,2xii_552,14.162760062988529
2xii,2xii_554,9.963344162722136
2xii,2xii_558,26.981856213564463
2xii,2xii_561,22.426289640923677
2xii,2xii_564,20.56650732568653
2xii,2xii_567,22.18358398618272
2xii,2xii_570,13.13544038722178
2xii,2xii_576,28.391565826599933
2xii,2xii_584,17.36230296426259
2xii,2xii_586,9.373728199653032
2xii,2xii_593,10.471215031552768
2xii,2xii_594,9.39040625341352
2xii,2xii_621,22.136563056749797
2xii,2xii_637,18.987952512555665
2xii,2xii_641,19.105673467663653
2xii,2xii_661,7.852716930439393
2xii,2xii_665,10.718934677747605
2xii,2xii_674,14.911013851491752
2xii,2xii_683,21.714503415212658
2xii,2xii_688,8.612727499312179
2xii,2xii_69,70.65088276744419
2xii,2xii_696,14.805090441139775
2xii,2xii_705,50.238783848460585
2xii,2xii_715,55.64411529187163
2xii,2xii_729,64.73304660381262
2xii,2xii_757,57.65335357252962
2xii,2xii_760,46.57929464570322
2xii,2xii_762,58.57506026115296
2xii,2xii_763,51.20873189296974
2xii,2xii_765,58.60258691214567
2xii,2xii_822,59.482318743224624
2xii,2xii_84,71.28894477287031
2xii,2xii_968,57.28809697240672
2xii,2xii_97,55.99797999386309
2xj7,2xj7_118,46.23949717482729
2xj7,2xj7_131,51.92015826394353
2xj7,2xj7_161,49.84313378171316
2xj7,2xj7_254,40.58462046271688
2xj7,2xj7_401,46.135616658562704
2xj7,2xj7_404,19.901435490827847
2xj7,2xj7_405,30.40452029384198
2xj7,2xj7_406,21.230715255064283
2xj7,2xj7_407,29.273379832803712
2xj7,2xj7_409,28.88359630329226
2xj7,2xj7_415,17.10293729984128
2xj7,2xj7_421,29.155646162361432
2xj7,2xj7_455,16.039619011422666
2xj7,2xj7_58,44.06658810883658
2xj7,2xj7_648,9.157363414745866
2xj7,2xj7_652,24.294692576177383
2xj7,2xj7_658,15.849611500167573
2xj7,2xj7_726,19.200047586683247
2xj7,2xj7_735,20.61888904701504
2xj7,2xj7_736,40.789121141201846
2xj7,2xj7_755,21.611607092540524
2xj7,2xj7_756,21.401287128692967
2xj7,2xj7_758,23.168932444928306
2xj7,2xj7_759,25.49395500523979
2xj7,2xj7_761,26.666313897448767
2xj7,2xj7_763,23.163506585318853
2xj7,2xj7_766,19.84181048943923
2xj7,2xj7_769,12.814583033558144
2xj7,2xj7_773,18.746697072532925
2xj7,2xj7_775,24.86027846504669
2xj7,2xj7_777,18.3520608250834
2xj7,2xj7_778,19.65068204205169
2xj7,2xj7_780,15.371660733434258
2xj7,2xj7_781,19.563089816622465
2xj7,2xj7_782,9.364448905259348
2xj7,2xj7_784,16.276570450588192
2xj7,2xj7_786,22.311425729236674
2xj7,2xj7_796,52.01972064676357
2xj7,2xj7_812,52.7346137128791
2xj7,2xj7_839,36.3190800339214
2xj7,2xj7_871,31.488324998207048
2xj7,2xj7_880,39.77173756715784
2xj7,2xj7_888,30.38135725117808
2xj7,2xj7_914,53.34334554428628
2xj7,2xj7_954,34.43510969987923
2xnb,2xnb_159,51.86520622402818
2xnb,2xnb_253,57.53214932358927
2xnb,2xnb_26,51.65675913590052
2xnb,2xnb_280,50.39050716177149
2xnb,2xnb_291,57.1565928402935
2xnb,2xnb_353,22.82536854698466
2xnb,2xnb_354,51.42692682946251
2xnb,2xnb_400,15.946975719110736
2xnb,2xnb_403,26.23857419221664
2xnb,2xnb_409,36.69737283808562
2xnb,2xnb_428,19.88634026834537
2xnb,2xnb_430,33.81747360189713
2xnb,2xnb_434,22.938962940236824
2xnb,2xnb_437,34.62088833284399
2xnb,2xnb_441,40.60553561113593
2xnb,2xnb_446,16.176383955694504
2xnb,2xnb_454,18.25215226247592
2xnb,2xnb_455,37.545238653788246
2xnb,2xnb_459,23.65592680190597
2xnb,2xnb_46,54.01545351378053
2xnb,2xnb_462,22.456880942059662
2xnb,2xnb_463,31.139696103527054
2xnb,2xnb_476,24.58083051083378
2xnb,2xnb_479,18.15061922526389
2xnb,2xnb_481,17.516992803638786
2xnb,2xnb_483,33.78459316494046
2xnb,2xnb_484,13.924846300140317
2xnb,2xnb_487,34.947365205867406
2xnb,2xnb_488,40.17921165971429
2xnb,2xnb_499,20.508485807513683
2xnb,2xnb_517,13.069008022435856
2xnb,2xnb_538,14.253393727918166
2xnb,2xnb_539,14.055393173528923
2xnb,2xnb_545,17.74107578279994
2xnb,2xnb_558,15.126642034174422
2xnb,2xnb_574,15.558382740573208
2xnb,2xnb_584,20.558449043196088
2xnb,2xnb_586,18.12674107744248
2xnb,2xnb_588,12.843636902631456
2xnb,2xnb_590,10.729190302618866
2xnb,2xnb_592,18.25478556797282
2xnb,2xnb_593,37.09923011419622
2xnb,2xnb_596,21.98592758978129
2xnb,2xnb_610,20.08362422284777
2xnb,2xnb_627,15.97881025576996
2xnb,2xnb_633,13.90514128241831
2xnb,2xnb_653,11.385466118466285
2xnb,2xnb_663,14.341629636463056
2xnb,2xnb_674,17.11359281960585
2xnb,2xnb_675,16.142155582967916
2xnb,2xnb_69,49.70979820764483
2xnb,2xnb_694,17.412718132775513
2xnb,2xnb_707,17.178428135625143
2xnb,2xnb_709,48.73585448258162
2xnb,2xnb_717,9.305801867128034
2xnb,2xnb_718,45.25673987363729
2xnb,2xnb_723,17.131953422385997
2xnb,2xnb_724,35.00621808739532
2xnb,2xnb_726,14.243237318241263
2xnb,2xnb_728,11.961602323324875
2xnb,2xnb_729,18.82245276244663
2xnb,2xnb_73,8.356244076188954
2xnb,2xnb_730,13.551380834599769
2xnb,2xnb_733,19.889348958672123
2xnb,2xnb_734,11.784815417617189
2xnb,2xnb_735,9.60917279210577
2xnb,2xnb_737,11.049048450188952
2xnb,2xnb_738,18.029582698736828
2xnb,2xnb_751,53.609793934286586
2xnb,2xnb_770,54.16588529814822
2xnb,2xnb_782,23.97806519194991
2xnb,2xnb_787,24.192859728117185
2xnb,2xnb_795,10.51285858539814
2xnb,2xnb_812,36.884968575068605
2xnb,2xnb_818,10.228427060703677
2xnb,2xnb_827,35.0903233884531
2xnb,2xnb_833,29.68445966388416
2xnb,2xnb_841,55.81764087191004
2xnb,2xnb_846,57.93461484508725
2xnb,2xnb_855,46.52950271146206
2xnb,2xnb_858,51.83746672014234
2xnb,2xnb_896,52.14324895580207
2xnb,2xnb_911,52.781024739741866
2xnb,2xnb_913,49.00058342370591
2xnb,2xnb_918,22.08758523227001
2xnb,2xnb_923,46.34849426162497
2xnb,2xnb_924,48.552068428847846
2xnb,2xnb_934,49.50868110474905
2xnb,2xnb_937,13.005446639093568
2xnb,2xnb_939,48.92233356557658
2xys,2xys_114,43.9251578945502
2xys,2xys_127,46.84638248722224
2xys,2xys_398,48.2518706709359
2xys,2xys_410,38.02295988764059
2xys,2xys_414,35.780412555718364
2xys,2xys_417,34.24808148970151
2xys,2xys_420,44.96398101972698
2xys,2xys_424,31.896283340411497
2xys,2xys_443,35.31311607229184
2xys,2xys_491,23.6860561732721
2xys,2xys_494,32.94094193586361
2xys,2xys_499,29.133299308785517
2xys,2xys_533,29.879037459702563
2xys,2xys_541,23.432737994050527
2xys,2xys_554,23.05340491749831
2xys,2xys_567,24.15587276113556
2xys,2xys_572,21.95723465271916
2xys,2xys_573,27.59522261370157
2xys,2xys_577,32.04565665564383
2xys,2xys_578,23.56465065361664
2xys,2xys_580,27.29667224289635
2xys,2xys_581,20.140195139849396
2xys,2xys_598,30.62740152087129
2xys,2xys_600,23.48602871686974
2xys,2xys_610,19.46496289585988
2xys,2xys_616,22.03790766415678
2xys,2xys_620,32.49781505119766
2xys,2xys_622,32.36626117412853
2xys,2xys_623,20.79707338656629
2xys,2xys_630,17.860693299028906
2xys,2xys_659,22.701666078884735
2xys,2xys_662,28.365087043672126
2xys,2xys_667,26.280530095926352
2xys,2xys_675,19.328085600156424
2xys,2xys_681,25.37838064457652
2xys,2xys_688,20.46601696229604
2xys,2xys_690,28.938845829672783
2xys,2xys_695,33.220177582818366
2xys,2xys_703,38.8345401945312
2xys,2xys_707,47.12816772872119
2xys,2xys_725,43.655677568847125
2xys,2xys_735,17.17114669786546
2xys,2xys_737,35.24086240703225
2xys,2xys_742,27.347246238253607
2xys,2xys_743,31.451098367647617
2xys,2xys_747,28.22863811644748
2xys,2xys_748,14.645624919509189
2xys,2xys_750,25.593039887106148
2xys,2xys_759,21.664770490202272
2xys,2xys_760,21.49043086951854
2xys,2xys_763,17.900068282308826
2xys,2xys_782,48.27805444532728
2xys,2xys_793,38.7479058359028
2xys,2xys_801,38.33042624825692
2xys,2xys_826,26.283548889485125
2xys,2xys_831,29.563746109797112
2xys,2xys_848,17.60058366017539
2xys,2xys_855,26.63877633777094
2xys,2xys_876,44.377044938532606
2xys,2xys_927,34.60487849053066
2xys,2xys_937,29.06960583311285
2xys,2xys_940,38.15533053226185
2xys,2xys_941,32.384706106672844
2xys,2xys_953,34.88085010809405
2y5h,2y5h_109,10.347853295046082
2y5h,2y5h_111,13.994196303068932
2y5h,2y5h_112,8.19812203962602
2y5h,2y5h_116,12.120658925013773
2y5h,2y5h_119,52.917201366745445
2y5h,2y5h_125,9.27988558140613
2y5h,2y5h_134,16.976623125668336
2y5h,2y5h_137,19.817297461948893
2y5h,2y5h_144,14.734829505651014
2y5h,2y5h_156,13.575134513696511
2y5h,2y5h_158,12.242011697522049
2y5h,2y5h_162,10.076384447133552
2y5h,2y5h_165,24.60792287846104
2y5h,2y5h_178,12.0200519573959
2y5h,2y5h_195,13.754771376205651
2y5h,2y5h_196,14.64194931404084
2y5h,2y5h_198,43.27838451709746
2y5h,2y5h_284,51.44151852080847
2y5h,2y5h_329,11.553373085366893
2y5h,2y5h_342,13.08426253582522
2y5h,2y5h_345,12.35649787406225
2y5h,2y5h_355,12.165017700755415
2y5h,2y5h_364,53.93473426097232
2y5h,2y5h_387,16.85132024504616
2y5h,2y5h_388,14.239900366124903
2y5h,2y5h_389,59.21596130875506
2y5h,2y5h_391,56.29633125879893
2y5h,2y5h_394,35.07248870368386
2y5h,2y5h_405,34.4903865874975
2y5h,2y5h_406,34.734420631194645
2y5h,2y5h_41,55.7957511731327
2y5h,2y5h_410,25.12835027552628
2y5h,2y5h_413,46.48438945962423
2y5h,2y5h_414,41.24634404897799
2y5h,2y5h_416,31.507766878278264
2y5h,2y5h_420,44.75363836806598
2y5h,2y5h_422,30.496612625045696
2y5h,2y5h_432,24.14537038561926
2y5h,2y5h_436,38.26634658416336
2y5h,2y5h_441,28.81572253509001
2y5h,2y5h_446,23.14785651506618
2y5h,2y5h_449,25.77668083354568
2y5h,2y5h_450,24.201723133559145
2y5h,2y5h_463,35.293130339736244
2y5h,2y5h_468,20.9567396970168
2y5h,2y5h_481,33.78335491272875
2y5h,2y5h_483,35.01585207075438
2y5h,2y5h_487,28.388728846697344
2y5h,2y5h_494,19.960627582610577
2y5h,2y5h_498,40.62010931954319
2y5h,2y5h_50,43.39396991052038
2y5h,2y5h_518,33.38906002731001
2y5h,2y5h_520,30.22770213018436
2y5h,2y5h_521,25.452881146436848
2y5h,2y5h_540,23.72842946417068
2y5h,2y5h_549,25.057846656899176
2y5h,2y5h_554,15.350692842354585
2y5h,2y5h_56,48.945257788581785
2y5h,2y5h_580,32.34816987754985
2y5h,2y5h_599,33.442856135469334
2y5h,2y5h_612,26.67539840485263
2y5h,2y5h_614,33.759963456990334
2y5h,2y5h_616,40.39450948412558
2y5h,2y5h_620,18.644154838663987
2y5h,2y5h_624,30.563249108888755
2y5h,2y5h_630,30.855570256133195
2y5h,2y5h_638,19.74611257530057
2y5h,2y5h_641,18.634918687580207
2y5h,2y5h_644,25.852169955237937
2y5h,2y5h_646,16.132741132613006
2y5h,2y5h_658,31.12357766166208
2y5h,2y5h_679,13.16168507141974
2y5h,2y5h_694,10.138808617040793
2y5h,2y5h_696,18.04760347251129
2y5h,2y5h_703,49.689184540255575
2y5h,2y5h_705,48.98315644658992
2y5h,2y5h_710,52.85441999450244
2y5h,2y5h_751,14.659573785444612
2y5h,2y5h_757,24.63450889898781
2y5h,2y5h_762,45.00614397872928
2y5h,2y5h_765,21.634556307373018
2y5h,2y5h_768,16.88366104029299
2y5h,2y5h_777,20.80297817036564
2y5h,2y5h_795,57.20118857206226
2y5h,2y5h_803,48.5314049325041
2y5h,2y5h_831,17.96738986328784
2y5h,2y5h_85,61.04473198148846
2y5h,2y5h_866,50.26588203814794
2y5h,2y5h_870,13.384668895343896
2y5h,2y5h_885,19.920247720109703
2y5h,2y5h_948,26.651764359642417
2y5h,2y5h_955,25.75079263823256
2y5h,2y5h_958,21.263748100056365
2y5h,2y5h_973,17.40044852877408
2yfe,2yfe_115,34.89738911245376
2yfe,2yfe_123,41.725921328051456
2yfe,2yfe_176,36.90353286219074
2yfe,2yfe_23,37.706535258194926
2yfe,2yfe_232,37.701860993097895
2yfe,2yfe_236,33.49418849172031
2yfe,2yfe_240,36.59144472008841
2yfe,2yfe_257,39.97891668950101
2yfe,2yfe_286,34.601423561651686
2yfe,2yfe_4,39.929028446519695
2yfe,2yfe_414,30.44171641680053
2yfe,2yfe_426,31.50926776806569
2yfe,2yfe_437,25.481218184418367
2yfe,2yfe_450,23.14484431108892
2yfe,2yfe_453,25.42716376730864
2yfe,2yfe_458,28.874352289878104
2yfe,2yfe_461,24.71224609371469
2yfe,2yfe_462,29.586437848208117
2yfe,2yfe_464,23.855232113325563
2yfe,2yfe_466,26.7912949779357
2yfe,2yfe_467,27.67170994216401
2yfe,2yfe_470,30.482722279564523
2yfe,2yfe_473,25.9247815370687
2yfe,2yfe_487,20.500839403992316
2yfe,2yfe_489,30.24760780050265
2yfe,2yfe_490,28.253085226173237
2yfe,2yfe_491,19.799653685981397
2yfe,2yfe_492,25.436726341203062
2yfe,2yfe_493,31.75198912400373
2yfe,2yfe_496,34.91483109498238
2yfe,2yfe_502,30.26111830640645
2yfe,2yfe_504,28.145264669788972
2yfe,2yfe_517,26.11259414017717
2yfe,2yfe_52,39.43764684961544
2yfe,2yfe_523,25.015787891292224
2yfe,2yfe_53,39.42525928553401
2yfe,2yfe_538,23.063574111170706
2yfe,2yfe_545,23.83994754543201
2yfe,2yfe_547,15.137762250813084
2yfe,2yfe_548,26.489234598192763
2yfe,2yfe_552,19.8083514219486
2yfe,2yfe_561,24.85290340379757
2yfe,2yfe_564,31.57655094641414
2yfe,2yfe_565,16.543720530499044
2yfe,2yfe_572,29.795887903854258
2yfe,2yfe_574,20.680395691499616
2yfe,2yfe_591,32.806327622122815
2yfe,2yfe_597,30.57719172518008
2yfe,2yfe_599,23.758153228990952
2yfe,2yfe_601,16.765914470019172
2yfe,2yfe_603,19.168857408514874
2yfe,2yfe_608,19.89492714140782
2yfe,2yfe_618,26.39182255699396
2yfe,2yfe_627,14.612202387345713
2yfe,2yfe_637,22.816481723513284
2yfe,2yfe_641,14.879504864830464
2yfe,2yfe_656,17.95587163502848
2yfe,2yfe_657,15.475373267426052
2yfe,2yfe_659,31.48015189982166
2yfe,2yfe_660,26.351796540426065
2yfe,2yfe_667,12.861230750446037
2yfe,2yfe_680,16.73100099108922
2yfe,2yfe_682,18.545794190164024
2yfe,2yfe_688,22.13215044492401
2yfe,2yfe_694,19.83840354858029
2yfe,2yfe_71,39.27861945774165
2yfe,2yfe_722,32.62420215975469
2yfe,2yfe_724,34.96689207615741
2yfe,2yfe_732,29.10778038645425
2yfe,2yfe_737,19.36309675655527
2yfe,2yfe_745,28.11772820969095
2yfe,2yfe_748,20.72956300509533
2yfe,2yfe_753,12.76990019022062
2yfe,2yfe_774,25.300643423627346
2yfe,2yfe_784,31.30325785054293
2yfe,2yfe_800,8.093398262103367
2yfe,2yfe_809,8.081499972326105
2yfe,2yfe_81,38.61367960266266
2yfe,2yfe_813,8.065264238042705
2yfe,2yfe_815,7.913095242071228
2yfe,2yfe_851,27.47025324044202
2yfe,2yfe_931,8.155828709802103
2yfe,2yfe_943,21.48863678474969
2yfe,2yfe_950,9.571720607446316
2yfe,2yfe_960,36.81569116191961
2yfe,2yfe_965,9.556039114759496
2yfe,2yfe_969,10.917769662899511
2yfe,2yfe_971,23.11286268010615
2yfe,2yfe_973,17.90033765659572
2yfe,2yfe_985,27.55008015267028
2yge,2yge_198,35.06886147296431
2yge,2yge_22,36.52319010556096
2yge,2yge_252,21.9306443746879
2yge,2yge_267,37.64446531797926
2yge,2yge_269,31.74098723448317
2yge,2yge_35,32.35639334591475
2yge,2yge_402,30.997890218911607
2yge,2yge_408,23.53382141933679
2yge,2yge_410,27.90172074056059
2yge,2yge_425,23.67518681661576
2yge,2yge_437,26.361434648887688
2yge,2yge_439,32.3996769064182
2yge,2yge_447,22.91713428495289
2yge,2yge_467,24.63571119507139
2yge,2yge_472,17.92167953620996
2yge,2yge_476,30.22112302296957
2yge,2yge_539,24.33927536234449
2yge,2yge_543,13.367740521555628
2yge,2yge_559,20.689952497250985
2yge,2yge_565,9.890701036429752
2yge,2yge_579,17.603781099088742
2yge,2yge_580,21.30282612087536
2yge,2yge_586,17.599201077636277
2yge,2yge_627,9.270823441448588
2yge,2yge_629,8.81861627695961
2yge,2yge_646,13.610043624943623
2yge,2yge_659,11.163863373640115
2yge,2yge_664,15.666128141722362
2yge,2yge_669,9.019520791308729
2yge,2yge_679,8.802655262951326
2yge,2yge_686,8.730579631375607
2yge,2yge_687,15.586567401679272
2yge,2yge_697,9.972711737291569
2yge,2yge_705,30.67004091606999
2yge,2yge_713,40.20705434043945
2yge,2yge_721,33.3736526780109
2yge,2yge_730,33.103560583550845
2yge,2yge_74,36.33685975250184
2yge,2yge_748,14.71155481807352
2yge,2yge_753,28.417247694482143
2yge,2yge_758,18.191342182515257
2yge,2yge_760,28.866760528361144
2yge,2yge_761,30.389448540518348
2yge,2yge_766,12.070373703019603
2yge,2yge_768,13.72522124734262
2yge,2yge_769,14.89622545403244
2yge,2yge_770,15.950535145099826
2yge,2yge_772,15.001033050194184
2yge,2yge_773,11.755576568096927
2yge,2yge_778,15.411204752164537
2yge,2yge_781,16.072009887696883
2yge,2yge_784,19.61017210766022
2yge,2yge_786,14.991272045340862
2yge,2yge_787,22.77073317995132
2yge,2yge_792,15.697844167432578
2yge,2yge_798,14.252932538609947
2yge,2yge_842,29.38882090046597
2yge,2yge_882,36.313660031842126
2yge,2yge_892,12.338286930209948
2yge,2yge_966,31.061451298637387
2yge,2yge_985,31.61483459609713
2yki,2yki_239,47.38258750080494
2yki,2yki_363,50.77037720821047
2yki,2yki_401,44.749261834628655
2yki,2yki_407,51.56753911965794
2yki,2yki_408,35.54119950663331
2yki,2yki_441,32.704311678679225
2yki,2yki_455,39.66210906513658
2yki,2yki_464,33.12036530721668
2yki,2yki_476,32.66265980119805
2yki,2yki_483,30.390129975662884
2yki,2yki_486,29.275889274593137
2yki,2yki_496,35.540239798028566
2yki,2yki_515,30.634578341227986
2yki,2yki_525,28.23155884583408
2yki,2yki_529,37.68861754632994
2yki,2yki_537,32.95991427169852
2yki,2yki_549,33.11722460689438
2yki,2yki_569,28.132137378026208
2yki,2yki_57,54.6026961213009
2yki,2yki_573,31.31357512205024
2yki,2yki_577,26.117239501744056
2yki,2yki_588,33.16774890672147
2yki,2yki_592,29.97632622578582
2yki,2yki_594,26.03155076672616
2yki,2yki_656,29.16707616045157
2yki,2yki_660,19.251628950704067
2yki,2yki_676,26.547357093545237
2yki,2yki_678,31.017620506020727
2yki,2yki_695,20.65613443219939
2yki,2yki_701,49.31821777960321
2yki,2yki_716,28.145009593653857
2yki,2yki_719,34.64001816635986
2yki,2yki_723,33.89334088486557
2yki,2yki_725,39.00653350851814
2yki,2yki_729,9.982959794511585
2yki,2yki_734,31.185464760961665
2yki,2yki_736,10.260649489045656
2yki,2yki_739,9.771829110298263
2yki,2yki_742,21.62747384120017
2yki,2yki_743,12.057786770547835
2yki,2yki_747,22.11976496770091
2yki,2yki_748,33.704680160484635
2yki,2yki_749,14.63837418848993
2yki,2yki_750,11.134159759106154
2yki,2yki_751,14.798339517359596
2yki,2yki_753,12.938290760308004
2yki,2yki_755,14.041148473290985
2yki,2yki_756,15.77450161675392
2yki,2yki_757,15.421883811061376
2yki,2yki_758,18.106734761606997
2yki,2yki_759,9.677510476142604
2yki,2yki_760,26.48216332015728
2yki,2yki_761,14.29098624940624
2yki,2yki_762,19.681971987673847
2yki,2yki_764,25.66938544872287
2yki,2yki_765,37.4672034716662
2yki,2yki_766,31.20729009397194
2yki,2yki_768,30.65743349348336
2yki,2yki_770,22.531845373117527
2yki,2yki_771,21.819017134979195
2yki,2yki_773,20.384038993953624
2yki,2yki_776,21.09879165005199
2yki,2yki_777,21.841179608571935
2yki,2yki_778,18.849430838014356
2yki,2yki_780,36.62530989490067
2yki,2yki_783,25.08186695203709
2yki,2yki_787,24.44884245666471
2yki,2yki_796,38.29229946834872
2yki,2yki_814,33.81702041631988
2yki,2yki_816,42.21384404783335
2yki,2yki_818,44.99175292183671
2yki,2yki_828,43.12653933607261
2yki,2yki_830,44.75030221323081
2yki,2yki_841,44.7250090985467
2yki,2yki_864,33.98058301991037
2yki,2yki_866,28.584495276135552
2yki,2yki_869,11.347250307797497
2yki,2yki_877,16.43536276584837
2yki,2yki_879,23.74078257010464
2yki,2yki_880,25.794514098564253
2yki,2yki_886,23.401273356054123
2yki,2yki_893,43.073174649111536
2yki,2yki_933,43.00730605267444
2yki,2yki_982,33.25647014652801
2yki,2yki_985,34.4569177052456
2ymd,2ymd_229,49.25831050205755
2ymd,2ymd_3,46.94880696529591
2ymd,2ymd_403,39.04632898064359
2ymd,2ymd_405,48.79315641608609
2ymd,2ymd_410,40.213525912312
2ymd,2ymd_416,27.27361760566339
2ymd,2ymd_426,44.5169295495426
2ymd,2ymd_427,36.44112415730251
2ymd,2ymd_433,39.67690618806965
2ymd,2ymd_434,32.876612907988225
2ymd,2ymd_435,33.155237169105924
2ymd,2ymd_436,39.08404680914989
2ymd,2ymd_439,28.23083853447814
2ymd,2ymd_456,29.6984575093673
2ymd,2ymd_458,37.80569846751399
2ymd,2ymd_484,41.32547958640932
2ymd,2ymd_486,32.60859437742673
2ymd,2ymd_489,27.45805828240068
2ymd,2ymd_492,33.3396538523957
2ymd,2ymd_496,23.925530586680377
2ymd,2ymd_497,30.836042137647905
2ymd,2ymd_510,31.55426232676277
2ymd,2ymd_521,37.18504493500328
2ymd,2ymd_533,27.51752209258949
2ymd,2ymd_539,38.0357870940103
2ymd,2ymd_547,26.958427701535093
2ymd,2ymd_555,39.04962948152149
2ymd,2ymd_557,27.397408888742675
2ymd,2ymd_561,33.0562815155458
2ymd,2ymd_567,28.671426584807637
2ymd,2ymd_585,24.673363734316663
2ymd,2ymd_587,37.28545086355596
2ymd,2ymd_588,28.81622573414532
2ymd,2ymd_591,30.78037174056345
2ymd,2ymd_593,26.05365022459742
2ymd,2ymd_618,28.4784364287025
2ymd,2ymd_623,34.41462229125527
2ymd,2ymd_626,38.077900066225965
2ymd,2ymd_651,36.98701175900272
2ymd,2ymd_665,31.224971811984343
2ymd,2ymd_670,25.41858185061441
2ymd,2ymd_672,35.308086736558394
2ymd,2ymd_674,28.312847891895228
2ymd,2ymd_680,29.797714120095183
2ymd,2ymd_681,27.88794850478848
2ymd,2ymd_687,30.62279225275769
2ymd,2ymd_688,16.245260176947316
2ymd,2ymd_694,20.44470007931482
2ymd,2ymd_695,26.19294650080741
2ymd,2ymd_773,25.09613698172898
2ymd,2ymd_889,49.6138253516416
2ymd,2ymd_89,39.72605887580998
2zb1,2zb1_105,48.92213074749836
2zb1,2zb1_16,51.39766103950007
2zb1,2zb1_203,56.76994552051018
2zb1,2zb1_206,54.02462150560328
2zb1,2zb1_329,55.3989757154783
2zb1,2zb1_423,41.28706447478112
2zb1,2zb1_425,52.37894379264211
2zb1,2zb1_426,48.33260905775565
2zb1,2zb1_461,41.32774409677862
2zb1,2zb1_469,26.17700330092524
2zb1,2zb1_475,30.72708669400517
2zb1,2zb1_476,37.699929672172274
2zb1,2zb1_479,36.59603845227471
2zb1,2zb1_485,39.73036161774349
2zb1,2zb1_487,38.61314623786704
2zb1,2zb1_488,39.72653398519729
2zb1,2zb1_494,33.17667155966077
2zb1,2zb1_510,45.02032807773173
2zb1,2zb1_515,35.28690968579416
2zb1,2zb1_533,37.979917261781154
2zb1,2zb1_541,25.27860765466982
2zb1,2zb1_549,31.87192698902648
2zb1,2zb1_55,55.59310249858317
2zb1,2zb1_565,27.170734535595063
2zb1,2zb1_568,29.77437988692473
2zb1,2zb1_570,27.090398924170344
2zb1,2zb1_573,30.95605950033016
2zb1,2zb1_576,28.66804550092044
2zb1,2zb1_577,34.13846980655511
2zb1,2zb1_578,31.94715370483697
2zb1,2zb1_580,25.39430871187925
2zb1,2zb1_581,25.148871740513297
2zb1,2zb1_582,17.143194656521356
2zb1,2zb1_585,34.75385637212115
2zb1,2zb1_588,28.252612501312026
2zb1,2zb1_590,35.55266037229764
2zb1,2zb1_593,25.86970178250809
2zb1,2zb1_597,25.47783646606824
2zb1,2zb1_599,31.92444385020299
2zb1,2zb1_622,33.89891161724958
2zb1,2zb1_626,41.14207105353386
2zb1,2zb1_636,40.79940390382724
2zb1,2zb1_639,31.17432302812612
2zb1,2zb1_645,31.56560197418877
2zb1,2zb1_651,27.507468913189317
2zb1,2zb1_658,33.140305867147354
2zb1,2zb1_660,26.034640691860915
2zb1,2zb1_663,20.40237082201706
2zb1,2zb1_665,26.67975632982681
2zb1,2zb1_667,25.34145692783119
2zb1,2zb1_669,42.77540266317964
2zb1,2zb1_672,43.2977373098045
2zb1,2zb1_673,36.26938297359466
2zb1,2zb1_678,34.39150770855602
2zb1,2zb1_680,36.73776901518077
2zb1,2zb1_683,33.28366652422432
2zb1,2zb1_686,22.514717012705027
2zb1,2zb1_688,33.71985038431959
2zb1,2zb1_689,34.043524330561375
2zb1,2zb1_699,24.396613044981343
2zb1,2zb1_726,45.66241402683131
2zb1,2zb1_741,22.57752766442807
2zb1,2zb1_742,25.738426617353586
2zb1,2zb1_744,20.32177564095258
2zb1,2zb1_745,28.508054550896716
2zb1,2zb1_760,20.199156285321536
2zb1,2zb1_761,19.92670441727676
2zb1,2zb1_763,22.661173491748777
2zb1,2zb1_821,44.02328748882282
2zb1,2zb1_85,52.46116393919796
2zb1,2zb1_875,39.2825648102719
2zb1,2zb1_963,47.62158864781532
2zb1,2zb1_98,51.4247060993841
2zcq,2zcq_1,47.68307417064647
2zcq,2zcq_10,35.57456102733903
2zcq,2zcq_12,40.82741272445187
2zcq,2zcq_168,39.74509184182842
2zcq,2zcq_213,36.789023581971
2zcq,2zcq_227,42.223502308238885
2zcq,2zcq_254,41.82612943562002
2zcq,2zcq_259,44.12038336129587
2zcq,2zcq_263,42.43050597064834
2zcq,2zcq_27,38.08612643883758
2zcq,2zcq_274,37.557760369898425
2zcq,2zcq_281,38.26143595957944
2zcq,2zcq_284,50.21876589146133
2zcq,2zcq_311,45.978162650736415
2zcq,2zcq_36,42.09249488334115
2zcq,2zcq_369,47.68558962787153
2zcq,2zcq_423,15.882406929965493
2zcq,2zcq_427,15.531372164178588
2zcq,2zcq_432,14.128640781609136
2zcq,2zcq_440,28.83477340272306
2zcq,2zcq_444,16.39935427079199
2zcq,2zcq_447,18.66692138599511
2zcq,2zcq_451,14.16138661850281
2zcq,2zcq_454,36.47619703788772
2zcq,2zcq_457,21.797004762677155
2zcq,2zcq_458,15.972568872764835
2zcq,2zcq_460,16.029870202148764
2zcq,2zcq_461,16.10457159182976
2zcq,2zcq_462,15.117665640329175
2zcq,2zcq_463,34.36297480521704
2zcq,2zcq_468,28.84628429530411
2zcq,2zcq_470,15.388041506871389
2zcq,2zcq_471,13.072224864892544
2zcq,2zcq_473,16.554300301675074
2zcq,2zcq_474,35.20517660545988
2zcq,2zcq_475,23.821475950027025
2zcq,2zcq_48,43.34187759236151
2zcq,2zcq_482,31.602707712278832
2zcq,2zcq_486,14.438903192084156
2zcq,2zcq_498,14.18547597854144
2zcq,2zcq_499,17.314389748300194
2zcq,2zcq_520,29.11319489324799
2zcq,2zcq_525,24.323821423282197
2zcq,2zcq_528,28.01450500737885
2zcq,2zcq_529,34.62002481389398
2zcq,2zcq_542,25.646065218469165
2zcq,2zcq_554,16.93056426987289
2zcq,2zcq_558,21.25338808648421
2zcq,2zcq_563,33.23698947303283
2zcq,2zcq_578,25.87059129658392
2zcq,2zcq_580,16.44444972824407
2zcq,2zcq_581,25.15726971505537
2zcq,2zcq_583,36.30272448614622
2zcq,2zcq_584,24.88323205207333
2zcq,2zcq_587,19.975558216826236
2zcq,2zcq_593,12.84691039771514
2zcq,2zcq_598,18.7485881340513
2zcq,2zcq_606,24.88105101190932
2zcq,2zcq_612,27.869471669955274
2zcq,2zcq_620,32.383927473786834
2zcq,2zcq_628,28.85194313450065
2zcq,2zcq_636,27.36943988515878
2zcq,2zcq_665,26.76695398128097
2zcq,2zcq_669,32.719183887237264
2zcq,2zcq_671,20.947168791533247
2zcq,2zcq_680,25.18699664984335
2zcq,2zcq_682,20.503296981965608
2zcq,2zcq_687,19.600745068929804
2zcq,2zcq_689,16.378362758037703
2zcq,2zcq_707,17.17436881703309
2zcq,2zcq_716,17.101186136945763
2zcq,2zcq_726,18.165533363595717
2zcq,2zcq_743,17.99685071592774
2zcq,2zcq_745,16.337187400528865
2zcq,2zcq_747,20.379901433980663
2zcq,2zcq_756,13.937819068934742
2zcq,2zcq_76,38.01036468464013
2zcq,2zcq_762,14.35558653560314
2zcq,2zcq_769,26.77930198848264
2zcq,2zcq_784,25.40625290566433
2zcq,2zcq_785,15.129669417633728
2zcq,2zcq_786,15.049689090103891
2zcq,2zcq_787,20.079286841153827
2zcq,2zcq_860,14.213058907928156
2zcq,2zcq_88,38.66584027201711
2zcq,2zcq_888,18.641336381433067
2zcq,2zcq_91,39.30512729548622
2zcq,2zcq_927,15.58840651675321
2zcq,2zcq_942,21.261919270815465
2zcq,2zcq_960,20.09048786206135
2zcq,2zcq_961,19.72250262778584
2zcq,2zcq_969,16.30797809565148
2zcq,2zcq_971,18.676877189311465
2zcq,2zcq_98,24.099032698466885
2zcr,2zcr_187,50.20636135522544
2zcr,2zcr_216,46.09314319705769
2zcr,2zcr_273,46.74913706234625
2zcr,2zcr_28,36.03393173091845
2zcr,2zcr_283,46.66886060279295
2zcr,2zcr_294,47.37357287462782
2zcr,2zcr_296,47.7228812031834
2zcr,2zcr_318,48.84570884610575
2zcr,2zcr_324,48.56653558471864
2zcr,2zcr_33,45.33632874931602
2zcr,2zcr_351,50.89890400356005
2zcr,2zcr_358,43.42748678371348
2zcr,2zcr_37,46.46723209690255
2zcr,2zcr_383,47.896036495976624
2zcr,2zcr_398,39.43785263796806
2zcr,2zcr_407,28.54332043668987
2zcr,2zcr_409,39.62357243623993
2zcr,2zcr_418,25.4689971752198
2zcr,2zcr_422,29.556171726279626
2zcr,2zcr_423,25.61619796916368
2zcr,2zcr_424,37.57259770903909
2zcr,2zcr_429,18.1400486015915
2zcr,2zcr_437,30.50990713895885
2zcr,2zcr_438,24.885107806872888
2zcr,2zcr_440,34.7158631591294
2zcr,2zcr_444,26.70312306018236
2zcr,2zcr_447,36.96999694024813
2zcr,2zcr_452,24.379009855173774
2zcr,2zcr_453,27.69601493424737
2zcr,2zcr_460,27.353829665355043
2zcr,2zcr_464,39.1040127747092
2zcr,2zcr_465,24.516807920469184
2zcr,2zcr_466,22.41476633970032
2zcr,2zcr_468,27.02409815999523
2zcr,2zcr_474,27.37343170061191
2zcr,2zcr_475,27.876494726357272
2zcr,2zcr_495,41.83025910131654
2zcr,2zcr_500,26.242222616301923
2zcr,2zcr_52,48.21151295116537
2zcr,2zcr_543,40.32199491290144
2zcr,2zcr_548,39.14324483996264
2zcr,2zcr_557,25.519168281051662
2zcr,2zcr_578,33.11706068765989
2zcr,2zcr_580,35.54826569967752
2zcr,2zcr_589,35.50077035058808
2zcr,2zcr_591,35.88316362508086
2zcr,2zcr_603,33.55929231233364
2zcr,2zcr_625,28.199960247935824
2zcr,2zcr_634,28.549154201540567
2zcr,2zcr_636,29.949910651057703
2zcr,2zcr_658,28.501310909220862
2zcr,2zcr_664,39.29567786141614
2zcr,2zcr_678,40.28720648990092
2zcr,2zcr_699,22.540698819996837
2zcr,2zcr_709,22.380093321325703
2zcr,2zcr_721,19.09521609156913
2zcr,2zcr_723,23.93502236943235
2zcr,2zcr_730,37.252665346944056
2zcr,2zcr_737,25.167907540623556
2zcr,2zcr_746,36.32317246886324
2zcr,2zcr_75,47.28274703881971
2zcr,2zcr_762,19.86608620196521
2zcr,2zcr_765,32.44127600571944
2zcr,2zcr_767,15.58169042337575
2zcr,2zcr_769,13.787687682785812
2zcr,2zcr_772,16.252912250403444
2zcr,2zcr_776,17.211795585984508
2zcr,2zcr_777,18.479689252296584
2zcr,2zcr_778,17.14536445137514
2zcr,2zcr_780,12.407061513948817
2zcr,2zcr_781,14.034600529277007
2zcr,2zcr_782,18.664753071129976
2zcr,2zcr_783,20.020768482737218
2zcr,2zcr_786,19.389479145445268
2zcr,2zcr_787,14.034260624708018
2zcr,2zcr_788,24.987124326333305
2zcr,2zcr_8,46.46926778644392
2zcr,2zcr_80,47.54356031331983
2zcr,2zcr_834,19.608691903186163
2zcr,2zcr_846,28.884545862246497
2zcr,2zcr_869,28.16066349857012
2zcr,2zcr_877,38.05695615846154
2zcr,2zcr_882,16.619873719797937
2zcr,2zcr_883,31.15921004392913
2zda,2zda_101,24.57970033296648
2zda,2zda_108,23.39010797116639
2zda,2zda_116,16.499625723080705
2zda,2zda_132,13.466224332011771
2zda,2zda_142,63.40271863161568
2zda,2zda_156,17.000031172558838
2zda,2zda_157,22.9848444622119
2zda,2zda_167,48.373153620052406
2zda,2zda_170,65.58373649132531
2zda,2zda_174,13.742432505122524
2zda,2zda_182,18.2821477422216
2zda,2zda_192,13.053264203017353
2zda,2zda_196,16.157492785685722
2zda,2zda_2,61.01309574346789
2zda,2zda_205,53.99806611909753
2zda,2zda_212,25.91422629207931
2zda,2zda_218,25.542969340654885
2zda,2zda_224,22.66183968072553
2zda,2zda_23,62.34780780632492
2zda,2zda_232,57.763245757116096
2zda,2zda_255,28.540166220351747
2zda,2zda_259,40.226497408088925
2zda,2zda_262,43.13837413837037
2zda,2zda_264,65.6414449567607
2zda,2zda_266,33.82473626052127
2zda,2zda_27,47.52675868484157
2zda,2zda_270,49.732845309630015
2zda,2zda_272,48.31796966991888
2zda,2zda_274,40.359177346434734
2zda,2zda_277,62.12401711779781
2zda,2zda_289,18.31495532429526
2zda,2zda_29,62.39234909332771
2zda,2zda_295,23.438410649171125
2zda,2zda_299,63.36657674809218
2zda,2zda_302,15.541005367657934
2zda,2zda_311,39.81297247369366
2zda,2zda_338,22.23272273790124
2zda,2zda_345,11.43985134150238
2zda,2zda_379,24.327108549946967
2zda,2zda_382,13.159348749134734
2zda,2zda_391,32.82511044183235
2zda,2zda_393,15.22631168631736
2zda,2zda_414,20.220188837371357
2zda,2zda_429,19.138431147264363
2zda,2zda_434,23.64778091694232
2zda,2zda_435,29.747776591843436
2zda,2zda_442,16.945773735242046
2zda,2zda_447,28.323992856087663
2zda,2zda_45,41.388785179400216
2zda,2zda_470,20.59676504534533
2zda,2zda_498,47.94936694264997
2zda,2zda_5,41.70205706526014
2zda,2zda_500,22.586034216753763
2zda,2zda_506,20.90641919717597
2zda,2zda_525,35.25375481840105
2zda,2zda_533,35.91205032505108
2zda,2zda_54,27.286589687648583
2zda,2zda_558,20.910603561118773
2zda,2zda_561,17.95263863412192
2zda,2zda_573,26.346232538382967
2zda,2zda_589,27.80299338231112
2zda,2zda_615,30.81840735510193
2zda,2zda_627,29.80144781656829
2zda,2zda_633,35.6872996857404
2zda,2zda_643,10.120279474000396
2zda,2zda_664,11.490589796286883
2zda,2zda_671,18.166430002068797
2zda,2zda_677,13.082826079804688
2zda,2zda_694,20.59676359464716
2zda,2zda_698,20.28746113409825
2zda,2zda_739,59.34093109992049
2zda,2zda_748,53.52009580574185
2zda,2zda_751,40.71087845446879
2zda,2zda_753,43.31686640200388
2zda,2zda_758,15.862023307034631
2zda,2zda_763,40.1120820837583
2zda,2zda_766,30.81805188168317
2zda,2zda_767,19.684984081549125
2zda,2zda_772,27.88810348310933
2zda,2zda_773,33.31627896777512
2zda,2zda_777,25.547834648847523
2zda,2zda_80,25.26680072953208
2zda,2zda_835,65.93394916057353
2zda,2zda_860,55.88894957112709
2zda,2zda_89,15.710045293610548
2zy1,2zy1_109,32.78819317763494
2zy1,2zy1_113,42.02477086702575
2zy1,2zy1_119,38.27819362322735
2zy1,2zy1_130,32.82265774974944
2zy1,2zy1_160,32.25716934132832
2zy1,2zy1_163,33.64190808699686
2zy1,2zy1_165,33.403911260439955
2zy1,2zy1_166,37.151715304182126
2zy1,2zy1_171,33.623663478736994
2zy1,2zy1_172,39.79994303306647
2zy1,2zy1_173,25.17234032687601
2zy1,2zy1_175,34.19068616161754
2zy1,2zy1_214,41.18583540281781
2zy1,2zy1_216,21.45140665620473
2zy1,2zy1_220,32.084627981188085
2zy1,2zy1_224,30.47833161340844
2zy1,2zy1_225,36.889202857563824
2zy1,2zy1_231,32.06109516058675
2zy1,2zy1_233,32.06662592265495
2zy1,2zy1_234,22.64810735427728
2zy1,2zy1_241,22.45238954379584
2zy1,2zy1_246,36.82171798125732
2zy1,2zy1_251,33.71509718296991
2zy1,2zy1_256,34.00315690608541
2zy1,2zy1_257,26.22958935994805
2zy1,2zy1_264,36.49576260254415
2zy1,2zy1_273,27.149447103764004
2zy1,2zy1_292,26.71951192426144
2zy1,2zy1_306,32.31121217014229
2zy1,2zy1_328,28.616578797785756
2zy1,2zy1_335,31.98887607490789
2zy1,2zy1_35,26.357546616526687
2zy1,2zy1_396,42.30253415713836
2zy1,2zy1_410,26.60464952040256
2zy1,2zy1_411,23.73845222996649
2zy1,2zy1_415,25.92218984465203
2zy1,2zy1_418,26.91609654071236
2zy1,2zy1_421,31.48090389431328
2zy1,2zy1_422,30.514468607769555
2zy1,2zy1_435,26.987983375374267
2zy1,2zy1_451,26.984166149673275
2zy1,2zy1_452,37.00560145051247
2zy1,2zy1_453,31.37277448244372
2zy1,2zy1_457,24.06423708329537
2zy1,2zy1_461,27.951726883883456
2zy1,2zy1_463,37.84734683928328
2zy1,2zy1_464,18.61296173482528
2zy1,2zy1_468,35.25556075134534
2zy1,2zy1_469,36.989930284977234
2zy1,2zy1_473,18.97563584359701
2zy1,2zy1_475,31.641691651530813
2zy1,2zy1_476,21.957625487233894
2zy1,2zy1_482,18.8570511521882
2zy1,2zy1_483,24.33288148860081
2zy1,2zy1_484,36.37865796116908
2zy1,2zy1_490,24.01896351630849
2zy1,2zy1_495,20.91810674029036
2zy1,2zy1_496,21.62550037960879
2zy1,2zy1_50,29.005135532052755
2zy1,2zy1_500,17.799087605172378
2zy1,2zy1_539,25.46905930117853
2zy1,2zy1_542,27.101366885377985
2zy1,2zy1_556,17.817177232426495
2zy1,2zy1_561,17.057030958978924
2zy1,2zy1_575,34.40844385856054
2zy1,2zy1_598,17.27706645910238
2zy1,2zy1_603,14.6286114029512
2zy1,2zy1_606,16.647689508147796
2zy1,2zy1_608,20.67299791056845
2zy1,2zy1_615,7.9132847433154225
2zy1,2zy1_622,24.459435406490677
2zy1,2zy1_631,16.11079195814967
2zy1,2zy1_669,20.53611978753179
2zy1,2zy1_670,14.211866265901408
2zy1,2zy1_675,17.814371302870864
2zy1,2zy1_684,31.323394014302853
2zy1,2zy1_739,39.85320872580285
2zy1,2zy1_746,23.33159819157364
2zy1,2zy1_753,25.92832403289608
2zy1,2zy1_756,37.48945847876176
2zy1,2zy1_76,26.478066357354564
2zy1,2zy1_769,25.78830031794381
2zy1,2zy1_771,27.05695905204596
2zy1,2zy1_778,30.024626742576032
2zy1,2zy1_81,25.248684089617612
2zy1,2zy1_845,27.34268786479889
2zy1,2zy1_885,26.83777448929996
2zy1,2zy1_911,38.98660264844246
2zy1,2zy1_916,26.052938037629048
2zy1,2zy1_985,22.98211492208618
2zy1,2zy1_992,26.18142013717688
3acw,3acw_145,32.89243855687612
3acw,3acw_281,35.700845112297905
3acw,3acw_411,38.679386348592686
3acw,3acw_432,31.98705185409828
3acw,3acw_435,36.41560159004002
3acw,3acw_445,32.89914188756067
3acw,3acw_451,22.43993479325379
3acw,3acw_455,38.40972589753063
3acw,3acw_465,35.74426048354648
3acw,3acw_467,21.204988876293548
3acw,3acw_480,21.91526778172837
3acw,3acw_486,28.24790892934164
3acw,3acw_492,23.457612244149185
3acw,3acw_500,31.492495239659448
3acw,3acw_525,24.194994475934745
3acw,3acw_531,25.38928951426652
3acw,3acw_537,17.98049930398047
3acw,3acw_542,22.080115409677774
3acw,3acw_547,17.513988184963228
3acw,3acw_552,19.81487269116552
3acw,3acw_559,24.599307848888657
3acw,3acw_562,23.899942533631908
3acw,3acw_566,18.90371573518119
3acw,3acw_578,20.48951586504536
3acw,3acw_592,20.70108912523216
3acw,3acw_608,17.816008167042654
3acw,3acw_612,22.688938446934216
3acw,3acw_624,36.93286580344537
3acw,3acw_625,18.39588232150225
3acw,3acw_629,21.697251483997626
3acw,3acw_635,13.69266791854333
3acw,3acw_636,37.4189680338111
3acw,3acw_642,16.68467259310067
3acw,3acw_644,36.06710996794335
3acw,3acw_645,12.693684659579342
3acw,3acw_659,13.309124689352952
3acw,3acw_661,19.884883775203257
3acw,3acw_664,20.881109493277147
3acw,3acw_667,25.480610009401698
3acw,3acw_676,18.029804948681225
3acw,3acw_678,31.061571648556896
3acw,3acw_681,17.314066376468258
3acw,3acw_697,33.73377936710498
3acw,3acw_700,34.54196086664908
3acw,3acw_720,13.00283268391776
3acw,3acw_721,31.634481167962385
3acw,3acw_722,12.886757073915364
3acw,3acw_723,24.113081719417465
3acw,3acw_730,14.891039229283408
3acw,3acw_732,34.9731170415237
3acw,3acw_735,13.052989415143722
3acw,3acw_737,12.113119215337749
3acw,3acw_738,12.450772161450802
3acw,3acw_740,26.658734701667047
3acw,3acw_741,13.305868376577909
3acw,3acw_743,12.692465761317871
3acw,3acw_744,12.856412283200516
3acw,3acw_745,12.689100496570164
3acw,3acw_746,12.357133616415828
3acw,3acw_749,22.45317488742492
3acw,3acw_750,22.24992292925133
3acw,3acw_757,17.491470175053436
3acw,3acw_760,10.284050644147918
3acw,3acw_763,19.22242510239391
3acw,3acw_776,15.826504119823298
3acw,3acw_780,16.010529777568003
3acw,3acw_781,18.31492382712111
3acw,3acw_791,23.426941403977512
3acw,3acw_797,18.558813665027927
3acw,3acw_809,40.74047089788196
3acw,3acw_860,33.91269216735225
3acw,3acw_861,11.81814320554234
3acw,3acw_865,12.857405549486309
3acw,3acw_866,13.022437813975328
3acw,3acw_870,16.172198351637917
3acw,3acw_872,13.78666609784476
3acw,3acw_877,23.0334205388537
3acw,3acw_879,35.8404182009751
3acw,3acw_883,12.650292354527547
3acw,3acw_888,12.603404808401994
3acw,3acw_905,39.25317896630678
3acw,3acw_939,35.86205294892696
3acw,3acw_951,37.44235125520672
3acw,3acw_968,26.54088158231629
3acw,3acw_977,27.316852349016827
3acw,3acw_99,37.65201077556476
3acw,3acw_998,33.21489116343457
3ag9,3ag9_1001,42.440078678117416
3ag9,3ag9_1002,39.18877489499953
3ag9,3ag9_1003,48.21954363507626
3ag9,3ag9_1004,40.235210389286046
3ag9,3ag9_1005,39.46903611541829
3ag9,3ag9_1006,47.95694768707365
3ag9,3ag9_1007,48.49543464145404
3ag9,3ag9_1008,53.5035574320759
3ag9,3ag9_1009,44.21282410967415
3ag9,3ag9_1010,51.81767869003769
3ag9,3ag9_123,15.480965462294648
3ag9,3ag9_14,48.27901902127324
3ag9,3ag9_159,17.12969705273927
3ag9,3ag9_163,22.31567289029291
3ag9,3ag9_184,12.742657330171994
3ag9,3ag9_189,15.12411936182576
3ag9,3ag9_19,24.70504555635237
3ag9,3ag9_203,35.47143885556469
3ag9,3ag9_209,29.37700395278584
3ag9,3ag9_21,30.916725705588945
3ag9,3ag9_210,26.462484876099243
3ag9,3ag9_213,23.05617207558451
3ag9,3ag9_220,40.338740134051854
3ag9,3ag9_234,35.90425562321459
3ag9,3ag9_24,24.255203856598108
3ag9,3ag9_240,31.520149745717184
3ag9,3ag9_251,28.72153167363179
3ag9,3ag9_254,27.796828961365996
3ag9,3ag9_264,25.065031562986345
3ag9,3ag9_270,34.20392585575838
3ag9,3ag9_278,31.042867800942176
3ag9,3ag9_28,47.229122739625126
3ag9,3ag9_283,27.03743041103466
3ag9,3ag9_287,21.43270629610621
3ag9,3ag9_292,30.97112430936023
3ag9,3ag9_3,21.668722882032416
3ag9,3ag9_304,24.90851097955933
3ag9,3ag9_305,30.027343199722928
3ag9,3ag9_306,22.76618025777069
3ag9,3ag9_337,31.241871631942743
3ag9,3ag9_340,24.012108555244144
3ag9,3ag9_352,21.878468623112603
3ag9,3ag9_357,25.748273051893012
3ag9,3ag9_365,30.141977637153744
3ag9,3ag9_378,27.76031827543767
3ag9,3ag9_38,30.40045714627645
3ag9,3ag9_387,24.78042891897209
3ag9,3ag9_392,33.313929130848024
3ag9,3ag9_399,40.22503805028784
3ag9,3ag9_413,28.141074981393174
3ag9,3ag9_489,20.95584917799162
3ag9,3ag9_49,33.84576448995888
3ag9,3ag9_495,27.04306399098924
3ag9,3ag9_498,21.87637671999352
3ag9,3ag9_520,16.221626209894264
3ag9,3ag9_543,13.369794749727149
3ag9,3ag9_569,9.65767039165052
3ag9,3ag9_62,31.237007605305223
3ag9,3ag9_667,25.97072265605033
3ag9,3ag9_679,22.64106965146707
3ag9,3ag9_685,21.43581388230988
3ag9,3ag9_69,39.587243048030594
3ag9,3ag9_712,49.23323763966956
3ag9,3ag9_720,52.5848192213568
3ag9,3ag9_724,51.55424105893721
3ag9,3ag9_734,51.032963507286766
3ag9,3ag9_735,46.85620055612949
3ag9,3ag9_738,48.33477111383296
3ag9,3ag9_741,48.33819377578358
3ag9,3ag9_746,21.896258847375368
3ag9,3ag9_754,22.23913241076825
3ag9,3ag9_762,31.910597305900197
3ag9,3ag9_764,21.84528099401348
3ag9,3ag9_77,20.75985964434103
3ag9,3ag9_772,17.98104660711095
3ag9,3ag9_828,28.876864656561537
3ag9,3ag9_841,47.98588530717824
3ag9,3ag9_850,48.49091684599715
3ag9,3ag9_891,47.41881755134402
3ag9,3ag9_9,24.526749890868174
3ag9,3ag9_934,52.43860820487039
3ag9,3ag9_951,30.88671595956176
3ag9,3ag9_968,31.50001622872495
3ag9,3ag9_97,25.28481230929514
3ao4,3ao4_102,9.720582899712644
3ao4,3ao4_115,12.73685778325146
3ao4,3ao4_117,8.742357595511526
3ao4,3ao4_118,2.0162562070734324
3ao4,3ao4_165,11.74015061041841
3ao4,3ao4_174,2.5232884897198744
3ao4,3ao4_195,11.397914988415838
3ao4,3ao4_200,12.591241628863854
3ao4,3ao4_281,13.475180479883386
3ao4,3ao4_350,12.592362210247291
3ao4,3ao4_385,13.560844908446873
3ao4,3ao4_420,8.304707193463466
3ao4,3ao4_428,11.811295548758531
3ao4,3ao4_438,11.293504678454443
3ao4,3ao4_440,11.335044399696985
3ao4,3ao4_443,7.31448697254043
3ao4,3ao4_446,10.59346803367558
3ao4,3ao4_451,9.925030174159604
3ao4,3ao4_456,11.493385371369603
3ao4,3ao4_473,10.392917051822584
3ao4,3ao4_476,11.189548142175306
3ao4,3ao4_477,9.082551298160944
3ao4,3ao4_479,12.087047989523134
3ao4,3ao4_481,11.719239083927766
3ao4,3ao4_499,10.022818784222215
3ao4,3ao4_520,8.470087702002019
3ao4,3ao4_572,6.692304043302213
3ao4,3ao4_582,6.777713498585914
3ao4,3ao4_585,9.000794087177951
3ao4,3ao4_593,7.743341487079473
3ao4,3ao4_628,11.244184261001733
3ao4,3ao4_650,10.803279539225544
3ao4,3ao4_655,10.984517398087574
3ao4,3ao4_657,9.056621440883832
3ao4,3ao4_661,5.133309236310116
3ao4,3ao4_691,8.514951493136154
3ao4,3ao4_715,11.10130530844762
3ao4,3ao4_718,3.840157087530752
3ao4,3ao4_730,10.34608960624586
3ao4,3ao4_731,12.250590703864052
3ao4,3ao4_736,2.709662715338563
3ao4,3ao4_744,3.519300808003412
3ao4,3ao4_749,4.789808976413284
3ao4,3ao4_750,2.690902746623016
3ao4,3ao4_752,3.627128527409444
3ao4,3ao4_755,1.395575698513758
3ao4,3ao4_757,1.3961100793125838
3ao4,3ao4_758,1.3356001962889337
3ao4,3ao4_759,1.8268699358198508
3ao4,3ao4_760,1.839114706996657
3ao4,3ao4_762,1.4684448054198684
3ao4,3ao4_763,2.354261351753565
3ao4,3ao4_764,1.5672352797041615
3ao4,3ao4_765,1.5659502075752032
3ao4,3ao4_766,3.3998940686369226
3ao4,3ao4_768,1.191676170001036
3ao4,3ao4_769,2.2357537337872087
3ao4,3ao4_771,4.771014898685436
3ao4,3ao4_772,2.562535948566626
3ao4,3ao4_773,2.7029137299398407
3ao4,3ao4_774,3.181187587956168
3ao4,3ao4_776,2.548342559655754
3ao4,3ao4_779,6.722244124152552
3ao4,3ao4_780,7.874301036131721
3ao4,3ao4_784,12.451843091316038
3ao4,3ao4_787,12.365499321002362
3ao4,3ao4_788,12.27158246890876
3ao4,3ao4_800,9.428477541565238
3ao4,3ao4_803,9.961896266122784
3ao4,3ao4_808,9.56741055406471
3ao4,3ao4_850,6.44049832079921
3ao4,3ao4_862,3.6582965223597737
3ao4,3ao4_870,5.216160505973037
3ao4,3ao4_871,1.4378735904291162
3ao4,3ao4_878,5.200051051807876
3ao4,3ao4_880,5.924660426712505
3ao4,3ao4_889,4.417823042129699
3ao4,3ao4_909,9.324920150762694
3ao4,3ao4_910,5.43561257678748
3ao4,3ao4_915,11.405455548931869
3ao4,3ao4_925,12.761809848739157
3ao4,3ao4_928,10.96472289240316
3ao4,3ao4_943,3.5625696915888043
3ao4,3ao4_953,3.57456195501479
3ao4,3ao4_958,6.738269149615677
3ao4,3ao4_959,3.172898447603857
3ao4,3ao4_962,4.286044942040049
3ao4,3ao4_964,4.502667998579562
3ao4,3ao4_965,2.276125844945588
3ao4,3ao4_966,11.108189815238331
3ao4,3ao4_976,3.8319263273667232
3ao4,3ao4_978,11.282471960477778
3arp,3arp_103,27.728519695484987
3arp,3arp_17,36.02733765658543
3arp,3arp_176,22.22686518921203
3arp,3arp_181,23.2467174291596
3arp,3arp_190,32.33606900849287
3arp,3arp_198,29.92589745774387
3arp,3arp_203,27.062785105680323
3arp,3arp_211,26.43213594432649
3arp,3arp_214,24.5172009534536
3arp,3arp_223,26.742985498886284
3arp,3arp_227,23.412420457600074
3arp,3arp_231,24.374799148196725
3arp,3arp_232,28.62340180829021
3arp,3arp_235,28.777210726943043
3arp,3arp_245,27.45319817467607
3arp,3arp_248,28.484280983007693
3arp,3arp_252,31.221595757393672
3arp,3arp_254,32.20864557284043
3arp,3arp_255,28.022038949121114
3arp,3arp_258,23.80136348158436
3arp,3arp_284,29.913917580466546
3arp,3arp_289,34.24144963347825
3arp,3arp_290,23.21035103651441
3arp,3arp_299,25.1741976911493
3arp,3arp_324,33.01708212685721
3arp,3arp_330,30.90075631770506
3arp,3arp_333,31.529344867727136
3arp,3arp_347,30.113454117494808
3arp,3arp_353,18.800741194491547
3arp,3arp_357,33.27871776360565
3arp,3arp_365,31.628367959567004
3arp,3arp_367,31.135367226540435
3arp,3arp_37,33.03644232315752
3arp,3arp_371,20.80349986264585
3arp,3arp_380,25.71450095649173
3arp,3arp_394,36.80865622132167
3arp,3arp_407,15.10350232827942
3arp,3arp_419,20.25694663008288
3arp,3arp_420,27.35249281698434
3arp,3arp_425,20.120776751402367
3arp,3arp_431,16.66741508230216
3arp,3arp_447,23.992982404572675
3arp,3arp_448,16.027998745114086
3arp,3arp_449,23.782252563775906
3arp,3arp_46,29.23171399635849
3arp,3arp_496,15.941158060217358
3arp,3arp_505,31.22628606487333
3arp,3arp_509,23.67464031331534
3arp,3arp_516,22.46885185250511
3arp,3arp_517,22.62762653926997
3arp,3arp_540,21.85934511142665
3arp,3arp_549,23.898899287910893
3arp,3arp_551,19.34874249541813
3arp,3arp_558,16.99367011904041
3arp,3arp_562,23.456614775187568
3arp,3arp_570,15.821066057049505
3arp,3arp_574,24.98560229593671
3arp,3arp_575,23.10550909821834
3arp,3arp_585,15.909472686498336
3arp,3arp_6,30.353593722302623
3arp,3arp_605,12.68679579501711
3arp,3arp_607,19.38309161592963
3arp,3arp_615,19.22364547813585
3arp,3arp_620,15.782361425743456
3arp,3arp_623,14.01175974830736
3arp,3arp_632,13.52537777416798
3arp,3arp_641,16.887848695859326
3arp,3arp_650,16.807392276355415
3arp,3arp_653,16.167611048503858
3arp,3arp_658,16.63465437854603
3arp,3arp_67,34.433185258621194
3arp,3arp_671,19.18862477125605
3arp,3arp_674,12.697874321551554
3arp,3arp_679,19.629624624707205
3arp,3arp_684,15.343403484369418
3arp,3arp_703,20.734991364893112
3arp,3arp_73,25.431827662741984
3arp,3arp_734,24.96008984026001
3arp,3arp_750,23.041766746019327
3arp,3arp_752,23.67612542931062
3arp,3arp_781,22.362973350826348
3arp,3arp_783,18.850823828808544
3arp,3arp_784,20.13494866437884
3arp,3arp_785,17.556322869878894
3arp,3arp_787,19.51833884699277
3arp,3arp_790,18.27349043218973
3arp,3arp_89,26.302306545700308
3arp,3arp_909,21.387556961043607
3arp,3arp_951,19.489024390924538
3arp,3arp_963,20.40422039670172
3arq,3arq_117,13.637804965257784
3arq,3arq_197,28.402764750155374
3arq,3arq_206,17.75210143517238
3arq,3arq_209,22.739298604106317
3arq,3arq_221,27.888426874348635
3arq,3arq_227,20.473199667977184
3arq,3arq_228,28.68585905821861
3arq,3arq_231,26.073307493025627
3arq,3arq_236,31.175321702643288
3arq,3arq_242,24.03921689449521
3arq,3arq_245,11.958263637751308
3arq,3arq_256,28.038300787884637
3arq,3arq_258,24.097836334180577
3arq,3arq_265,22.058403318533305
3arq,3arq_287,20.7198788952372
3arq,3arq_293,29.694085794252366
3arq,3arq_314,31.62901795570203
3arq,3arq_328,32.414235458412364
3arq,3arq_338,31.398156490681306
3arq,3arq_339,32.57313483329126
3arq,3arq_346,33.06664547940646
3arq,3arq_358,34.83544852347309
3arq,3arq_392,35.63059001821073
3arq,3arq_404,21.64591983525212
3arq,3arq_406,23.11229604414944
3arq,3arq_422,20.682165032100748
3arq,3arq_426,20.30658535461583
3arq,3arq_430,22.40506275471764
3arq,3arq_432,23.84487937318381
3arq,3arq_443,18.93427231316292
3arq,3arq_444,23.67932940759885
3arq,3arq_445,21.924272299474197
3arq,3arq_449,17.613443678957733
3arq,3arq_451,21.826671809238896
3arq,3arq_464,24.385983487699484
3arq,3arq_466,19.646374071591374
3arq,3arq_474,28.865362700567022
3arq,3arq_478,23.895243305764154
3arq,3arq_483,18.96520001256693
3arq,3arq_485,14.19092634120237
3arq,3arq_508,16.238509462915296
3arq,3arq_511,24.55190130920493
3arq,3arq_513,21.177549116403117
3arq,3arq_515,17.22607672367525
3arq,3arq_529,28.637094351658305
3arq,3arq_534,19.549942623949093
3arq,3arq_535,22.505814087075148
3arq,3arq_543,12.703027888839197
3arq,3arq_545,22.44608808046255
3arq,3arq_550,25.240346120414586
3arq,3arq_556,20.17080680917565
3arq,3arq_565,20.144909012752898
3arq,3arq_566,22.13005174246975
3arq,3arq_571,22.48787672780833
3arq,3arq_575,22.858964857496925
3arq,3arq_577,22.41667542634764
3arq,3arq_581,22.66764567412559
3arq,3arq_584,25.11543874890436
3arq,3arq_587,15.045680929594887
3arq,3arq_596,26.96613312276921
3arq,3arq_601,26.87364391382627
3arq,3arq_606,16.393129236257124
3arq,3arq_607,9.29978904558842
3arq,3arq_611,8.894757932317022
3arq,3arq_620,9.854482645822625
3arq,3arq_625,17.181577211724118
3arq,3arq_626,11.81485028235056
3arq,3arq_639,17.65100613111829
3arq,3arq_643,13.904666967992396
3arq,3arq_645,12.40289272584544
3arq,3arq_647,24.2722626514372
3arq,3arq_648,19.661447765063297
3arq,3arq_651,15.617802407580395
3arq,3arq_654,11.37632156256494
3arq,3arq_655,15.212836307842611
3arq,3arq_673,22.76548681331425
3arq,3arq_680,10.047948505783946
3arq,3arq_698,21.952367314737792
3arq,3arq_721,22.48186673768009
3arq,3arq_742,23.19025827255283
3arq,3arq_743,24.51117419388473
3arq,3arq_748,22.233969746589796
3arq,3arq_755,19.740688591564044
3arq,3arq_758,25.40313480293196
3arq,3arq_760,26.11339631675264
3arq,3arq_762,24.37158378591876
3arq,3arq_848,22.03775922199816
3arq,3arq_855,19.4665020955452
3arq,3arq_868,24.4852531242872
3arq,3arq_941,20.38829500859973
3arq,3arq_964,25.68674322555493
3aru,3aru_10,26.969158774835115
3aru,3aru_167,22.926682915334403
3aru,3aru_169,19.855735184541157
3aru,3aru_174,22.93063359512756
3aru,3aru_202,17.44625588766908
3aru,3aru_205,18.17413489497785
3aru,3aru_222,20.901845881274767
3aru,3aru_235,16.247774121582385
3aru,3aru_239,14.447676008342762
3aru,3aru_240,18.584116519468527
3aru,3aru_268,15.88398629732832
3aru,3aru_270,8.805216550052542
3aru,3aru_272,14.28838936830232
3aru,3aru_297,16.081219627451773
3aru,3aru_306,28.26645200417988
3aru,3aru_311,21.283966877170275
3aru,3aru_314,28.378386463451992
3aru,3aru_320,15.354589722343167
3aru,3aru_336,21.462766342372515
3aru,3aru_356,25.21414859072484
3aru,3aru_362,26.131622088184105
3aru,3aru_38,10.08597416939652
3aru,3aru_39,19.81819877474848
3aru,3aru_40,13.93483779017754
3aru,3aru_449,14.32863862123414
3aru,3aru_450,24.45510852485221
3aru,3aru_478,19.727607264554607
3aru,3aru_48,18.58612319533082
3aru,3aru_482,5.979710975633987
3aru,3aru_483,19.429026306403333
3aru,3aru_502,6.375482592942412
3aru,3aru_512,9.423916546680724
3aru,3aru_521,6.976948573062898
3aru,3aru_530,5.49447478299648
3aru,3aru_532,15.81950665167253
3aru,3aru_533,20.68527059846096
3aru,3aru_544,23.34499229337605
3aru,3aru_546,12.511370825521391
3aru,3aru_565,6.4305387488591865
3aru,3aru_566,6.15742775579908
3aru,3aru_573,17.639362924300087
3aru,3aru_577,9.46195971239701
3aru,3aru_58,28.297484700812177
3aru,3aru_587,7.600167885870148
3aru,3aru_589,7.590858747069306
3aru,3aru_592,4.37664127326297
3aru,3aru_594,6.2519438642813085
3aru,3aru_595,8.924901882010301
3aru,3aru_60,15.45099094007128
3aru,3aru_604,13.67996587420386
3aru,3aru_618,6.7041446230169885
3aru,3aru_62,12.55214829796868
3aru,3aru_621,16.35927309623848
3aru,3aru_64,28.80991720259408
3aru,3aru_654,20.096576390203733
3aru,3aru_686,13.520241039309504
3aru,3aru_695,15.709453251853695
3aru,3aru_698,13.044153610525855
3aru,3aru_709,13.757533310541138
3aru,3aru_715,23.96569952577041
3aru,3aru_716,23.95613801747499
3aru,3aru_721,17.00678183088227
3aru,3aru_725,18.015105708659863
3aru,3aru_728,17.06307976542642
3aru,3aru_745,20.929894020078223
3aru,3aru_749,17.91262291017057
3aru,3aru_776,18.86142129305539
3aru,3aru_777,16.3238034368891
3aru,3aru_780,18.98687509779007
3aru,3aru_789,14.692425860903244
3aru,3aru_790,14.108513418143588
3aru,3aru_791,10.913815390774952
3aru,3aru_817,22.61390665138359
3aru,3aru_852,20.384946681477505
3aru,3aru_858,21.36434845569022
3aru,3aru_88,10.406482553741508
3aru,3aru_902,16.68864494813504
3aru,3aru_909,22.969805388577484
3aru,3aru_925,17.42661117431241
3aru,3aru_93,14.305959490031237
3aru,3aru_930,18.53073676877376
3aru,3aru_949,15.620138050281737
3aru,3aru_952,19.3729256010254
3aru,3aru_98,26.53742101246784
3aru,3aru_99,17.62566792754798
3arv,3arv_1,30.43611522941008
3arv,3arv_116,18.23280858882448
3arv,3arv_122,18.756260561298912
3arv,3arv_184,19.439174718350557
3arv,3arv_304,33.12851599898714
3arv,3arv_324,32.91525860558989
3arv,3arv_327,35.74921067431264
3arv,3arv_336,32.44677888595127
3arv,3arv_337,34.172317804470445
3arv,3arv_345,38.699252813173565
3arv,3arv_353,34.72761887849304
3arv,3arv_355,35.262360536296654
3arv,3arv_359,35.244912143206406
3arv,3arv_367,34.76899782509827
3arv,3arv_372,34.49991786953321
3arv,3arv_373,27.188010823724504
3arv,3arv_374,34.80124868092843
3arv,3arv_386,35.82654673560605
3arv,3arv_387,36.07243775829391
3arv,3arv_470,25.22546030143088
3arv,3arv_51,34.638000673963454
3arv,3arv_515,27.023136738133868
3arv,3arv_559,22.817365185725745
3arv,3arv_56,36.82284031371403
3arv,3arv_600,15.910923327325262
3arv,3arv_708,5.728421612428099
3arv,3arv_715,10.468676175305864
3arv,3arv_716,6.604351087452039
3arv,3arv_717,8.564257210028098
3arv,3arv_719,2.71654077106092
3arv,3arv_720,13.380358113197238
3arv,3arv_721,7.867858988589705
3arv,3arv_723,8.003187094693297
3arv,3arv_749,6.231189486387451
3arv,3arv_750,3.080835560494459
3arv,3arv_752,3.3062276291830006
3arv,3arv_771,2.208678333187522
3arv,3arv_774,2.9040646697244026
3arv,3arv_801,19.453400543820784
3arv,3arv_803,14.679635146413151
3arv,3arv_806,29.084395243694203
3arv,3arv_807,14.41061719602581
3arv,3arv_810,15.18360104049452
3arv,3arv_811,11.335419266389216
3arv,3arv_812,19.500361204418013
3arv,3arv_815,18.26636268556272
3arv,3arv_816,16.518336387196722
3arv,3arv_817,20.70580146307394
3arv,3arv_818,24.310138429970586
3arv,3arv_819,11.286685902025278
3arv,3arv_820,4.608290117608482
3arv,3arv_821,14.087901670658512
3arv,3arv_824,11.777208832482808
3arv,3arv_828,14.359885261378034
3arv,3arv_837,21.769850674970275
3arv,3arv_842,4.62414695863883
3arv,3arv_843,10.991339435708952
3arv,3arv_848,4.980451833198291
3arv,3arv_849,14.916201460962084
3arv,3arv_850,5.067862626569114
3arv,3arv_853,16.64366611937745
3arv,3arv_855,4.126447139371936
3arv,3arv_856,7.727593390819848
3arv,3arv_860,3.7626229795405175
3arv,3arv_861,13.471448111078123
3arv,3arv_868,10.443972598964788
3arv,3arv_869,6.800990258710416
3arv,3arv_876,7.625619677600357
3arv,3arv_877,14.410882202459224
3arv,3arv_879,11.690796010395475
3arv,3arv_880,16.371353269113854
3arv,3arv_881,3.812262232258751
3arv,3arv_882,3.668996145730327
3arv,3arv_887,6.47052639081121
3arv,3arv_888,10.362426972135326
3arv,3arv_889,6.760029087198404
3arv,3arv_897,6.138288298521244
3arv,3arv_898,6.511166639624803
3arv,3arv_900,4.910548748543512
3arv,3arv_908,14.611331474546905
3arv,3arv_910,19.21425589431773
3arv,3arv_912,14.78248337401673
3arv,3arv_916,18.19736343368781
3arv,3arv_924,3.699465293262437
3arv,3arv_930,12.032162518245594
3arv,3arv_931,9.397469933154602
3arv,3arv_943,21.778835767139576
3arv,3arv_944,17.384309113955887
3arv,3arv_951,7.880160657979622
3arv,3arv_963,17.03414922078217
3arv,3arv_966,13.374723693250344
3arv,3arv_968,8.063030030329967
3arv,3arv_982,16.474899776575313
3arv,3arv_995,13.812870158168348
3ary,3ary_100,24.14556260925471
3ary,3ary_147,11.404709297288903
3ary,3ary_154,15.362368150500432
3ary,3ary_162,6.044796833425301
3ary,3ary_187,11.973120171609718
3ary,3ary_195,6.359003683571644
3ary,3ary_206,7.352675683203173
3ary,3ary_208,5.69628195681991
3ary,3ary_222,16.15058588224111
3ary,3ary_230,5.709576461359679
3ary,3ary_237,11.656409308629836
3ary,3ary_240,17.304001734891102
3ary,3ary_244,7.280648710841095
3ary,3ary_252,6.257533055458237
3ary,3ary_255,4.867534494229009
3ary,3ary_276,4.571333370713196
3ary,3ary_286,3.3451720620597447
3ary,3ary_290,7.047530080405437
3ary,3ary_292,11.921486560056376
3ary,3ary_298,5.689567124205131
3ary,3ary_302,6.0192410693198735
3ary,3ary_304,24.542801172767145
3ary,3ary_311,22.984667964813227
3ary,3ary_317,25.14774203629472
3ary,3ary_383,18.927083615561248
3ary,3ary_418,23.287878265510795
3ary,3ary_466,20.39954471245029
3ary,3ary_487,14.39815412493975
3ary,3ary_499,8.115684094945342
3ary,3ary_503,23.150672074849048
3ary,3ary_513,13.685830950675406
3ary,3ary_515,16.65217684605575
3ary,3ary_540,10.48125317321538
3ary,3ary_547,15.207601973742422
3ary,3ary_548,16.539463248877126
3ary,3ary_556,6.960006067084537
3ary,3ary_558,4.244267246418195
3ary,3ary_561,15.278004932190104
3ary,3ary_580,16.5030256315748
3ary,3ary_627,13.31930499737092
3ary,3ary_648,7.688276445030124
3ary,3ary_650,8.404501452313177
3ary,3ary_663,14.178890872455328
3ary,3ary_687,13.748596315832364
3ary,3ary_702,16.51944192224416
3ary,3ary_71,25.324192479399063
3ary,3ary_723,8.638586533025892
3ary,3ary_727,16.75734503263738
3ary,3ary_729,19.19883970774901
3ary,3ary_730,14.780537469587312
3ary,3ary_731,12.38873271832516
3ary,3ary_735,5.544906190266359
3ary,3ary_736,12.190366332250878
3ary,3ary_739,8.560260735295554
3ary,3ary_740,13.224374905139426
3ary,3ary_744,12.92199185051508
3ary,3ary_750,13.704951149399704
3ary,3ary_751,10.278997758834556
3ary,3ary_754,20.554443795998225
3ary,3ary_762,9.541481275797594
3ary,3ary_763,14.133623378628952
3ary,3ary_765,12.53853863014848
3ary,3ary_770,5.183457227472549
3ary,3ary_772,7.971870106029586
3ary,3ary_773,12.48443865165959
3ary,3ary_774,13.39542596347054
3ary,3ary_775,3.526511795986282
3ary,3ary_778,8.225401217337938
3ary,3ary_797,12.979384268020468
3ary,3ary_799,14.322919487402473
3ary,3ary_801,7.857078864450467
3ary,3ary_805,17.942382618178545
3ary,3ary_826,10.06099434029259
3ary,3ary_828,10.80044470820213
3ary,3ary_832,18.111959965652964
3ary,3ary_837,12.419218410432448
3ary,3ary_844,14.488648089080232
3ary,3ary_850,11.206843593689207
3ary,3ary_858,13.91596334996079
3ary,3ary_861,16.37156466475319
3ary,3ary_864,11.944063584434252
3ary,3ary_866,13.37438524844577
3ary,3ary_880,7.774308655829202
3ary,3ary_884,10.570630736591209
3ary,3ary_943,17.33785165284967
3ary,3ary_953,12.774336074086312
3ary,3ary_968,5.2669691977555
3ary,3ary_976,11.90248908426988
3ary,3ary_979,17.05599588005117
3ary,3ary_981,11.833120543577463
3b1m,3b1m_100,10.452812326614543
3b1m,3b1m_116,39.986828015810296
3b1m,3b1m_149,36.07366199096758
3b1m,3b1m_15,11.568851788862723
3b1m,3b1m_175,37.22614864413352
3b1m,3b1m_197,15.339455853712405
3b1m,3b1m_206,34.851112058003785
3b1m,3b1m_215,37.910319273076745
3b1m,3b1m_218,39.58184941747575
3b1m,3b1m_221,40.18768327032472
3b1m,3b1m_225,32.166039647602375
3b1m,3b1m_233,25.00567570119961
3b1m,3b1m_238,19.213745782085244
3b1m,3b1m_241,24.19334992131844
3b1m,3b1m_260,39.95864005439039
3b1m,3b1m_273,39.76660311655313
3b1m,3b1m_290,33.151775698670626
3b1m,3b1m_300,31.6450540302036
3b1m,3b1m_31,9.929740530758032
3b1m,3b1m_325,40.957314194780935
3b1m,3b1m_33,8.206546784793272
3b1m,3b1m_335,11.805239273007178
3b1m,3b1m_35,10.43029802758504
3b1m,3b1m_365,15.0043758065735
3b1m,3b1m_373,38.92524429931495
3b1m,3b1m_388,16.583170007695998
3b1m,3b1m_392,10.819931863935176
3b1m,3b1m_4,18.616926135592134
3b1m,3b1m_40,19.765725376932007
3b1m,3b1m_412,26.537037492778147
3b1m,3b1m_415,30.54082863375005
3b1m,3b1m_416,32.471266118313146
3b1m,3b1m_418,31.90275652487545
3b1m,3b1m_419,29.03786410694563
3b1m,3b1m_423,28.19507514885575
3b1m,3b1m_451,29.41432242035667
3b1m,3b1m_462,26.410357132578643
3b1m,3b1m_464,26.49797910987729
3b1m,3b1m_467,30.92528214255118
3b1m,3b1m_469,24.47982547464606
3b1m,3b1m_47,12.905026125311938
3b1m,3b1m_486,28.084324414037244
3b1m,3b1m_496,24.70498786619753
3b1m,3b1m_500,23.736018953192847
3b1m,3b1m_523,18.757032352506336
3b1m,3b1m_526,22.791161480277207
3b1m,3b1m_529,22.79913949997643
3b1m,3b1m_531,18.91335893247778
3b1m,3b1m_540,15.557979310281688
3b1m,3b1m_547,32.222984148439004
3b1m,3b1m_553,10.97380457792362
3b1m,3b1m_565,22.332920133631443
3b1m,3b1m_573,27.416178259153423
3b1m,3b1m_594,21.854808316752436
3b1m,3b1m_596,28.86999219198684
3b1m,3b1m_607,28.23609481300093
3b1m,3b1m_632,15.894151221556593
3b1m,3b1m_636,13.244453099621747
3b1m,3b1m_640,33.05101231164983
3b1m,3b1m_652,27.693734948959765
3b1m,3b1m_657,20.809812348425517
3b1m,3b1m_66,10.41331371350837
3b1m,3b1m_660,20.3398994669714
3b1m,3b1m_670,10.4325163296095
3b1m,3b1m_673,24.78379857517087
3b1m,3b1m_675,24.45963186205237
3b1m,3b1m_682,22.39089560229426
3b1m,3b1m_695,13.699697364869388
3b1m,3b1m_699,9.7713963930267
3b1m,3b1m_7,35.963480451382736
3b1m,3b1m_723,30.158505593634526
3b1m,3b1m_724,23.27870112252981
3b1m,3b1m_736,31.804956965421017
3b1m,3b1m_743,27.349927682777427
3b1m,3b1m_750,12.54238983571456
3b1m,3b1m_755,21.22212530591029
3b1m,3b1m_761,26.93331669362893
3b1m,3b1m_765,30.86035114911084
3b1m,3b1m_770,5.926663638442501
3b1m,3b1m_774,38.37493537740009
3b1m,3b1m_775,23.72118813581848
3b1m,3b1m_777,26.148191544754425
3b1m,3b1m_778,31.852225894528747
3b1m,3b1m_789,7.938049001876733
3b1m,3b1m_790,25.95628396954263
3b1m,3b1m_795,34.205079682971444
3b1m,3b1m_804,34.58091212735459
3b1m,3b1m_820,35.49922303437111
3b1m,3b1m_830,31.734898394128805
3b1m,3b1m_852,35.88880627956881
3b1m,3b1m_873,31.01334550833661
3b1m,3b1m_90,8.022970942993776
3b1m,3b1m_905,35.161726009400866
3b1m,3b1m_913,35.99282827952491
3b1m,3b1m_931,35.3096952631152
3b1m,3b1m_949,36.61647692759033
3b1m,3b1m_953,36.31425236113529
3b1m,3b1m_963,29.864854683174343
3b1m,3b1m_969,35.56952795230026
3b1m,3b1m_98,9.990901603194771
3b27,3b27_106,42.24914116888561
3b27,3b27_110,9.9710177964341
3b27,3b27_119,11.332046148955213
3b27,3b27_120,14.03712655948875
3b27,3b27_123,10.3033215182046
3b27,3b27_130,21.327512659640437
3b27,3b27_139,50.54862412390393
3b27,3b27_147,13.005536490869336
3b27,3b27_164,41.89031107488775
3b27,3b27_168,19.71215055134248
3b27,3b27_178,44.5509227831855
3b27,3b27_19,20.580815656130287
3b27,3b27_199,17.12155066463495
3b27,3b27_264,36.22680592183153
3b27,3b27_307,45.98729073831798
3b27,3b27_311,11.74036734286412
3b27,3b27_337,24.23511111528066
3b27,3b27_340,41.26579659471326
3b27,3b27_351,35.5565047170405
3b27,3b27_366,47.92164233040349
3b27,3b27_414,7.061220429575004
3b27,3b27_417,8.679651506722651
3b27,3b27_419,9.974781287392329
3b27,3b27_423,6.227248818287269
3b27,3b27_431,33.10039244866508
3b27,3b27_433,7.67129521993616
3b27,3b27_436,19.978933295072903
3b27,3b27_439,16.302400442838096
3b27,3b27_450,13.310880781022696
3b27,3b27_457,6.512702382287507
3b27,3b27_458,21.670531038907814
3b27,3b27_469,29.91908769184197
3b27,3b27_474,9.662593514244216
3b27,3b27_487,7.681849841050827
3b27,3b27_488,8.524956161119006
3b27,3b27_500,22.44936921984059
3b27,3b27_505,35.42564317267846
3b27,3b27_515,21.55003638625682
3b27,3b27_520,21.579029774329644
3b27,3b27_521,35.179532076179775
3b27,3b27_532,15.458471416071452
3b27,3b27_537,14.35336804043016
3b27,3b27_538,29.33405910856452
3b27,3b27_540,8.662408039453696
3b27,3b27_560,31.080743377600815
3b27,3b27_566,24.75792188242705
3b27,3b27_577,9.253271262062958
3b27,3b27_581,20.378297837170894
3b27,3b27_587,7.58041893546292
3b27,3b27_588,21.448719455236205
3b27,3b27_590,8.08469579796954
3b27,3b27_591,18.78471503699084
3b27,3b27_601,22.457364208881987
3b27,3b27_618,9.432210864615328
3b27,3b27_619,13.028584090764928
3b27,3b27_630,5.828742645603487
3b27,3b27_634,15.01451990441674
3b27,3b27_647,6.620691036496631
3b27,3b27_651,13.58585910084802
3b27,3b27_658,15.00326772622586
3b27,3b27_661,19.25442011886586
3b27,3b27_665,30.53962434249664
3b27,3b27_690,22.96912309853064
3b27,3b27_692,5.289055273318225
3b27,3b27_697,18.33747790971799
3b27,3b27_741,7.361122741033353
3b27,3b27_77,10.056944632371126
3b27,3b27_775,8.88497224983896
3b27,3b27_782,10.731423869509204
3b27,3b27_8,15.62287787467923
3b27,3b27_83,40.67936218304078
3b5r,3b5r_161,51.71326331410811
3b5r,3b5r_217,53.636146352714775
3b5r,3b5r_219,55.44929305132862
3b5r,3b5r_220,53.79318526368407
3b5r,3b5r_228,56.90982907601244
3b5r,3b5r_260,55.187856578715646
3b5r,3b5r_267,50.184849795177136
3b5r,3b5r_283,59.30081168825844
3b5r,3b5r_317,68.20294436144097
3b5r,3b5r_331,65.09475599579159
3b5r,3b5r_354,73.14901856586116
3b5r,3b5r_363,69.9433979506579
3b5r,3b5r_409,67.96561100516523
3b5r,3b5r_413,29.05723958867883
3b5r,3b5r_428,40.38607316384308
3b5r,3b5r_432,54.62317717677609
3b5r,3b5r_443,45.951371720556594
3b5r,3b5r_465,35.13343705204043
3b5r,3b5r_468,37.2843469835439
3b5r,3b5r_470,42.39728618646412
3b5r,3b5r_472,44.41400382808546
3b5r,3b5r_477,48.235873246687866
3b5r,3b5r_486,31.773919753768656
3b5r,3b5r_527,48.1310140173175
3b5r,3b5r_531,33.652252545737134
3b5r,3b5r_537,34.49277868772865
3b5r,3b5r_55,60.89289381835704
3b5r,3b5r_550,37.23829109369779
3b5r,3b5r_557,53.99315197777003
3b5r,3b5r_568,25.76320099912264
3b5r,3b5r_571,32.94505561977929
3b5r,3b5r_574,30.480116003021312
3b5r,3b5r_575,29.542692154427872
3b5r,3b5r_578,32.211705046400546
3b5r,3b5r_581,33.88649845720483
3b5r,3b5r_592,31.368298080216377
3b5r,3b5r_615,36.013417403652106
3b5r,3b5r_620,31.3454549759068
3b5r,3b5r_625,23.19037122092851
3b5r,3b5r_627,37.83161490857152
3b5r,3b5r_646,27.68074698668548
3b5r,3b5r_648,26.71053952507978
3b5r,3b5r_649,27.75730973483279
3b5r,3b5r_652,33.80211514948694
3b5r,3b5r_656,38.82495450054578
3b5r,3b5r_658,28.60662890430214
3b5r,3b5r_659,33.67250200258726
3b5r,3b5r_666,24.493121197212663
3b5r,3b5r_668,35.36720011612685
3b5r,3b5r_669,43.4637537600058
3b5r,3b5r_678,39.97552143113048
3b5r,3b5r_680,27.70801624315861
3b5r,3b5r_683,20.0358435494932
3b5r,3b5r_697,24.65683523603253
3b5r,3b5r_763,44.13371709733554
3b5r,3b5r_770,45.65073564892655
3b5r,3b5r_772,47.80530213832669
3b5r,3b5r_776,41.0529040786496
3b5r,3b5r_781,41.93521977458141
3b5r,3b5r_789,38.90639895058269
3b5r,3b5r_792,42.649316778736505
3b5r,3b5r_796,45.00126692920957
3b5r,3b5r_911,61.428704779469776
3b5r,3b5r_969,64.90409057812245
3b65,3b65_109,57.05967868520514
3b65,3b65_218,47.60748464744206
3b65,3b65_240,57.40940294821706
3b65,3b65_248,60.14132568220732
3b65,3b65_267,51.42012475265861
3b65,3b65_288,59.603863432844456
3b65,3b65_367,62.77512341075462
3b65,3b65_424,40.53405534817716
3b65,3b65_433,30.12535159517423
3b65,3b65_458,34.794495974924175
3b65,3b65_469,40.56391311283053
3b65,3b65_473,39.790167612250286
3b65,3b65_486,34.75067890839769
3b65,3b65_488,33.18529747421416
3b65,3b65_493,39.83725683566957
3b65,3b65_496,25.205328089308527
3b65,3b65_508,35.8002762963339
3b65,3b65_509,37.3150342958651
3b65,3b65_516,36.14203723863504
3b65,3b65_531,33.300464106177266
3b65,3b65_533,36.44992676260181
3b65,3b65_536,41.81398507868682
3b65,3b65_538,33.03517086355374
3b65,3b65_542,42.5838175388574
3b65,3b65_559,41.77370648029062
3b65,3b65_572,43.83434681949851
3b65,3b65_584,41.99557607619935
3b65,3b65_590,37.39909723883222
3b65,3b65_596,35.67642253491655
3b65,3b65_611,27.427986921535613
3b65,3b65_625,39.87462115761569
3b65,3b65_630,36.17520641602181
3b65,3b65_635,33.97073818213317
3b65,3b65_639,29.077645729649277
3b65,3b65_665,35.38501029005119
3b65,3b65_666,36.62013225730951
3b65,3b65_668,42.36257467176228
3b65,3b65_686,34.467203730023606
3b65,3b65_735,47.17254057831335
3b65,3b65_77,55.23357485885164
3b65,3b65_96,63.24076223886309
3b68,3b68_121,62.82384161265671
3b68,3b68_126,63.27477562076752
3b68,3b68_192,58.48586629149927
3b68,3b68_228,49.48514763684063
3b68,3b68_269,46.172963368443305
3b68,3b68_291,62.870728323309805
3b68,3b68_304,72.19760177319995
3b68,3b68_405,46.268220081110826
3b68,3b68_410,32.49343062103158
3b68,3b68_418,41.09543822798646
3b68,3b68_423,31.74686933130037
3b68,3b68_430,40.70697870816973
3b68,3b68_438,38.12054620333054
3b68,3b68_439,33.996288926413406
3b68,3b68_441,45.83531266349138
3b68,3b68_446,45.757594216294336
3b68,3b68_459,35.698647783894856
3b68,3b68_467,41.07435281481164
3b68,3b68_475,37.986021502858215
3b68,3b68_484,35.17660786326748
3b68,3b68_549,40.04542382590994
3b68,3b68_558,34.01776277503547
3b68,3b68_564,28.08961022967924
3b68,3b68_573,35.959109373172595
3b68,3b68_574,29.402714899122472
3b68,3b68_580,29.281197567171787
3b68,3b68_591,28.74091307617424
3b68,3b68_605,31.327344529921326
3b68,3b68_626,32.18362663537412
3b68,3b68_627,28.75801313563819
3b68,3b68_644,30.30432521328645
3b68,3b68_665,32.031158019998685
3b68,3b68_678,29.924335129962756
3b68,3b68_683,28.51617094096524
3b68,3b68_685,26.55079688647192
3b68,3b68_686,40.11273814421324
3b68,3b68_687,39.49378162933208
3b68,3b68_696,34.55039240145282
3b68,3b68_714,51.7470682175071
3b68,3b68_753,59.82768757767758
3b68,3b68_756,53.66066167467928
3b68,3b68_763,50.053257424033575
3b68,3b68_772,37.746883110204834
3b68,3b68_774,46.25332202924457
3b68,3b68_776,23.36629074981832
3b68,3b68_778,27.74323826982704
3b68,3b68_779,23.43795712743074
3b68,3b68_780,28.90140385283917
3b68,3b68_781,25.34876755322445
3b68,3b68_782,25.92859375606097
3b68,3b68_783,25.27526664886954
3b68,3b68_784,31.46078350339404
3b68,3b68_865,59.95626589702632
3b68,3b68_884,51.71081623683463
3b68,3b68_904,52.76693762189672
3b68,3b68_922,54.597590749017286
3b68,3b68_947,59.71877703500871
3b68,3b68_962,53.97863243452922
3b68,3b68_965,48.91850946493317
3b68,3b68_99,58.51418056254962
3bgz,3bgz_115,27.533804355036857
3bgz,3bgz_138,26.54590414258491
3bgz,3bgz_166,41.58887735492263
3bgz,3bgz_289,47.12732554042969
3bgz,3bgz_303,35.648978189178685
3bgz,3bgz_37,46.261720414878525
3bgz,3bgz_401,30.858644159364
3bgz,3bgz_415,26.557894481355568
3bgz,3bgz_418,16.95723279890197
3bgz,3bgz_422,18.39079916231344
3bgz,3bgz_424,18.181166907313315
3bgz,3bgz_434,28.27294207781823
3bgz,3bgz_437,30.489718271947016
3bgz,3bgz_440,28.8540012267065
3bgz,3bgz_446,23.743928819139263
3bgz,3bgz_451,38.89239499464829
3bgz,3bgz_452,20.462631287801205
3bgz,3bgz_456,31.80377432060109
3bgz,3bgz_464,24.527499106666205
3bgz,3bgz_465,42.12868014219434
3bgz,3bgz_472,29.774393750533942
3bgz,3bgz_479,25.63054127501874
3bgz,3bgz_486,27.682942496098047
3bgz,3bgz_501,43.612107282248736
3bgz,3bgz_505,36.42249183352774
3bgz,3bgz_51,46.99756098057592
3bgz,3bgz_533,13.759958547524418
3bgz,3bgz_536,19.57991187115371
3bgz,3bgz_538,10.410271149278332
3bgz,3bgz_540,16.952302838896802
3bgz,3bgz_549,11.696464698986173
3bgz,3bgz_551,23.983546398836065
3bgz,3bgz_571,10.134860239967695
3bgz,3bgz_578,16.383242788754053
3bgz,3bgz_580,32.18550863599833
3bgz,3bgz_586,17.695206805700465
3bgz,3bgz_590,11.88580233600672
3bgz,3bgz_593,14.116482658763704
3bgz,3bgz_596,12.470937613682487
3bgz,3bgz_600,27.21333154388414
3bgz,3bgz_601,35.33517364422956
3bgz,3bgz_606,29.00632673931162
3bgz,3bgz_611,16.71455601170088
3bgz,3bgz_621,39.24407700123963
3bgz,3bgz_626,32.64556146477252
3bgz,3bgz_628,25.873306799015864
3bgz,3bgz_637,34.189054606913345
3bgz,3bgz_643,33.22680455437999
3bgz,3bgz_653,37.57479364157852
3bgz,3bgz_687,22.03043654148955
3bgz,3bgz_689,12.910273186217175
3bgz,3bgz_694,18.492901878706025
3bgz,3bgz_697,23.96524160133718
3bgz,3bgz_740,19.117394811741367
3bgz,3bgz_766,16.549286843115436
3bgz,3bgz_779,18.89169898074876
3bgz,3bgz_784,16.75772652349598
3bgz,3bgz_791,15.68831368123834
3bgz,3bgz_795,19.91890372011644
3bgz,3bgz_796,12.50644712800508
3bgz,3bgz_81,47.2224212244853
3bgz,3bgz_844,39.72577051382885
3bgz,3bgz_90,30.944979977938956
3bgz,3bgz_97,46.09850503283068
3bgz,3bgz_998,28.80980102756144
3bv9,3bv9_118,13.627984877241722
3bv9,3bv9_119,13.940756440540037
3bv9,3bv9_120,38.85438007678577
3bv9,3bv9_124,42.241718694215045
3bv9,3bv9_13,27.913068738841275
3bv9,3bv9_133,14.287574974701002
3bv9,3bv9_134,15.222973122588256
3bv9,3bv9_137,35.484860576107735
3bv9,3bv9_141,10.777938826645794
3bv9,3bv9_148,17.843582499675982
3bv9,3bv9_15,14.741653285383112
3bv9,3bv9_156,12.506185662822942
3bv9,3bv9_166,13.015124954045293
3bv9,3bv9_167,21.62207171036681
3bv9,3bv9_190,13.170059895002174
3bv9,3bv9_195,41.27082116108737
3bv9,3bv9_204,28.241474012198168
3bv9,3bv9_227,23.5554501185315
3bv9,3bv9_231,10.047768371926823
3bv9,3bv9_233,34.06179404118642
3bv9,3bv9_239,21.993186874771435
3bv9,3bv9_240,33.413426587819586
3bv9,3bv9_244,31.937853405331897
3bv9,3bv9_25,16.128333151676564
3bv9,3bv9_264,19.15569938586731
3bv9,3bv9_271,34.36937197912508
3bv9,3bv9_277,22.087835390328973
3bv9,3bv9_279,17.86413256704274
3bv9,3bv9_298,37.48018241403155
3bv9,3bv9_308,37.521941884551445
3bv9,3bv9_317,36.57878513719753
3bv9,3bv9_324,10.077519747478314
3bv9,3bv9_325,42.63183536393123
3bv9,3bv9_326,24.279573010291625
3bv9,3bv9_332,39.94941434934595
3bv9,3bv9_339,35.44018737572948
3bv9,3bv9_345,43.01887119584066
3bv9,3bv9_35,35.96267229222756
3bv9,3bv9_353,39.75301251897325
3bv9,3bv9_370,18.77600771491389
3bv9,3bv9_384,13.378847348440742
3bv9,3bv9_388,42.29350495937901
3bv9,3bv9_392,30.802272088797423
3bv9,3bv9_393,15.57568785142667
3bv9,3bv9_40,34.657910748338935
3bv9,3bv9_441,25.24207276268493
3bv9,3bv9_444,28.05151759427444
3bv9,3bv9_456,19.57940931346607
3bv9,3bv9_460,22.71231772701273
3bv9,3bv9_50,35.09251904732633
3bv9,3bv9_53,14.968768548405045
3bv9,3bv9_533,20.450824723697323
3bv9,3bv9_550,9.805603850597729
3bv9,3bv9_582,13.953800421020317
3bv9,3bv9_589,21.61231734927132
3bv9,3bv9_597,20.39209480119464
3bv9,3bv9_618,19.515989897639148
3bv9,3bv9_667,26.664805093219027
3bv9,3bv9_684,19.49490794442186
3bv9,3bv9_688,11.207647321289222
3bv9,3bv9_693,18.99128860128396
3bv9,3bv9_71,41.11368607138579
3bv9,3bv9_743,35.73082230511363
3bv9,3bv9_751,35.7080647187123
3bv9,3bv9_752,34.13502277464331
3bv9,3bv9_754,32.46132125891277
3bv9,3bv9_756,34.07916340639886
3bv9,3bv9_757,29.47846869393799
3bv9,3bv9_762,37.52736659287082
3bv9,3bv9_767,27.9052948815096
3bv9,3bv9_770,32.00911344458306
3bv9,3bv9_771,33.71547707571724
3bv9,3bv9_779,16.146015330569938
3bv9,3bv9_780,12.177898058678773
3bv9,3bv9_783,18.7426855008286
3bv9,3bv9_784,21.90478774436329
3bv9,3bv9_787,10.61911281612342
3bv9,3bv9_788,18.51737019325522
3bv9,3bv9_804,27.83900885385729
3bv9,3bv9_812,38.18169621534055
3bv9,3bv9_836,22.291421560818847
3bv9,3bv9_851,27.96039634159908
3bv9,3bv9_865,32.211239101191914
3bv9,3bv9_88,14.474754129911526
3bv9,3bv9_888,24.20114271839443
3bv9,3bv9_92,33.51978092124248
3bv9,3bv9_949,24.3522129558983
3bv9,3bv9_951,15.80700022723297
3bv9,3bv9_954,39.54049373840749
3bv9,3bv9_968,36.62818781134327
3bv9,3bv9_971,35.862098946803464
3bv9,3bv9_976,21.160140710384397
3bv9,3bv9_98,25.374335810366787
3bv9,3bv9_987,17.96483903911672
3cj4,3cj4_115,33.24490538715148
3cj4,3cj4_125,26.8445986303206
3cj4,3cj4_128,27.446895836668578
3cj4,3cj4_137,25.006612859475865
3cj4,3cj4_140,31.962130715645262
3cj4,3cj4_157,29.527820776982185
3cj4,3cj4_164,33.53258603349253
3cj4,3cj4_166,31.91658389527429
3cj4,3cj4_168,26.877079300347603
3cj4,3cj4_179,33.73030018571015
3cj4,3cj4_206,14.78440047690758
3cj4,3cj4_233,14.542770787440457
3cj4,3cj4_235,22.26222155448657
3cj4,3cj4_239,27.065478395368626
3cj4,3cj4_273,14.186333286782444
3cj4,3cj4_294,24.71093151898098
3cj4,3cj4_30,27.35733271978458
3cj4,3cj4_324,16.043206081518118
3cj4,3cj4_331,21.67066480128106
3cj4,3cj4_333,18.699030353236747
3cj4,3cj4_338,33.459310437189174
3cj4,3cj4_367,23.007769404791397
3cj4,3cj4_384,32.84848334698313
3cj4,3cj4_391,33.75616077427508
3cj4,3cj4_40,20.27475385938391
3cj4,3cj4_407,16.44147817328693
3cj4,3cj4_41,15.560193972297078
3cj4,3cj4_42,30.03599197004121
3cj4,3cj4_43,23.12965383050504
3cj4,3cj4_449,16.694182139605253
3cj4,3cj4_50,19.98499901201333
3cj4,3cj4_501,20.188199526650884
3cj4,3cj4_509,18.44169992727317
3cj4,3cj4_528,13.901970356561648
3cj4,3cj4_532,17.800928442064137
3cj4,3cj4_536,21.6618365945693
3cj4,3cj4_542,23.09213814946157
3cj4,3cj4_545,10.154394555851065
3cj4,3cj4_549,22.00441475715379
3cj4,3cj4_55,9.543896630310137
3cj4,3cj4_557,12.680998818295471
3cj4,3cj4_558,12.64545387438721
3cj4,3cj4_560,21.042625082255565
3cj4,3cj4_573,14.15452615397543
3cj4,3cj4_574,15.557913441577805
3cj4,3cj4_576,10.583831486129716
3cj4,3cj4_577,18.08226970473123
3cj4,3cj4_58,18.9422974959469
3cj4,3cj4_582,20.86371161800552
3cj4,3cj4_585,24.977362702331835
3cj4,3cj4_587,26.92465066003532
3cj4,3cj4_588,14.437632331735545
3cj4,3cj4_591,22.3843709887942
3cj4,3cj4_597,9.406670528768228
3cj4,3cj4_600,22.457985423791985
3cj4,3cj4_604,12.131716065417011
3cj4,3cj4_610,11.57927731105267
3cj4,3cj4_614,20.975804195558208
3cj4,3cj4_619,19.943136352687294
3cj4,3cj4_622,15.904320310188124
3cj4,3cj4_634,16.36645471308165
3cj4,3cj4_647,18.28275850682088
3cj4,3cj4_672,16.336879540903865
3cj4,3cj4_676,15.98604791701764
3cj4,3cj4_687,16.8150827954282
3cj4,3cj4_742,28.466167168530223
3cj4,3cj4_746,28.484198578706653
3cj4,3cj4_762,21.82116621652497
3cj4,3cj4_768,18.067010189980365
3cj4,3cj4_775,18.96101089085353
3cj4,3cj4_780,22.28657614553793
3cj4,3cj4_781,10.7284647457334
3cj4,3cj4_782,12.900570446029796
3cj4,3cj4_786,20.16897491790056
3cj4,3cj4_788,16.416594463520486
3cj4,3cj4_8,22.86069117509965
3cj4,3cj4_812,27.900733366676093
3cj4,3cj4_84,21.357715849235174
3cj4,3cj4_866,28.29828188912856
3cj4,3cj4_87,15.81045148279383
3cj4,3cj4_878,27.40159201253708
3cj4,3cj4_88,11.080241015803836
3cj4,3cj4_93,21.62074620828518
3cj4,3cj4_987,26.50096486601121
3coy,3coy_110,16.80488339353481
3coy,3coy_120,14.993887048552022
3coy,3coy_156,10.377545958832874
3coy,3coy_158,29.88640462892191
3coy,3coy_16,33.99074423385932
3coy,3coy_163,13.38364339710567
3coy,3coy_168,14.49421815260052
3coy,3coy_185,10.672495418480327
3coy,3coy_189,11.189952397375007
3coy,3coy_215,32.976337596361816
3coy,3coy_224,33.638749090248695
3coy,3coy_235,35.2255977562826
3coy,3coy_252,36.21534482570266
3coy,3coy_254,37.95802877164464
3coy,3coy_258,24.31023595926453
3coy,3coy_262,32.96034457259256
3coy,3coy_276,12.867207631913834
3coy,3coy_280,33.23979421778094
3coy,3coy_291,28.20986673731973
3coy,3coy_293,17.736335486796296
3coy,3coy_305,7.897442366521751
3coy,3coy_31,34.76662097810491
3coy,3coy_339,10.906981555847889
3coy,3coy_347,11.982353071395028
3coy,3coy_355,29.82290497703705
3coy,3coy_359,11.772003977004294
3coy,3coy_373,11.564628822646664
3coy,3coy_384,39.20787536215584
3coy,3coy_395,37.37875921315334
3coy,3coy_4,33.94526355764412
3coy,3coy_400,12.971804359846104
3coy,3coy_416,29.4726772280612
3coy,3coy_417,24.379277173189973
3coy,3coy_422,16.474174868342867
3coy,3coy_425,20.364353191473626
3coy,3coy_44,24.121841135871016
3coy,3coy_444,19.092908435003785
3coy,3coy_455,18.99069758124191
3coy,3coy_458,18.517014218943117
3coy,3coy_460,27.89262680659056
3coy,3coy_463,29.677264716863213
3coy,3coy_464,21.88782741272014
3coy,3coy_467,15.641400783155566
3coy,3coy_468,28.156049762950012
3coy,3coy_472,18.446917280073336
3coy,3coy_476,15.13627816086684
3coy,3coy_485,16.449134170858763
3coy,3coy_498,14.6958070360767
3coy,3coy_500,23.077413931077025
3coy,3coy_510,23.68433094104944
3coy,3coy_513,12.521870476206288
3coy,3coy_522,28.64062869821041
3coy,3coy_525,25.51496128269254
3coy,3coy_528,20.552649998469292
3coy,3coy_529,21.70997673905838
3coy,3coy_541,17.39127898319884
3coy,3coy_544,13.291364613156896
3coy,3coy_545,21.582214979473736
3coy,3coy_546,16.27432347277448
3coy,3coy_547,14.185607461050823
3coy,3coy_550,14.009175044816637
3coy,3coy_553,13.94919217737119
3coy,3coy_559,20.59031456825536
3coy,3coy_562,20.924535894458494
3coy,3coy_563,11.153749260685384
3coy,3coy_566,19.77462180993802
3coy,3coy_581,22.93089394141007
3coy,3coy_582,10.850077701987397
3coy,3coy_588,15.252509006374307
3coy,3coy_589,14.492166276387376
3coy,3coy_591,16.07593224266573
3coy,3coy_593,14.107630721375036
3coy,3coy_600,17.509112285655192
3coy,3coy_610,13.238185933039349
3coy,3coy_611,23.793548919936267
3coy,3coy_619,11.674615266797485
3coy,3coy_620,14.69482797521518
3coy,3coy_623,20.678006786690432
3coy,3coy_632,10.896748422085196
3coy,3coy_634,8.26924582700694
3coy,3coy_640,13.450365142096652
3coy,3coy_650,12.442444268659294
3coy,3coy_66,33.26484764770423
3coy,3coy_667,10.885607294565313
3coy,3coy_675,18.49297192310148
3coy,3coy_684,13.843134929051452
3coy,3coy_685,29.01420022032387
3coy,3coy_686,10.867571009558883
3coy,3coy_693,15.539095906039597
3coy,3coy_695,12.636198992489891
3coy,3coy_733,34.098324606177364
3coy,3coy_794,29.463526413402672
3coy,3coy_834,34.02526620219962
3coz,3coz_103,11.402760751871073
3coz,3coz_108,10.301599828243145
3coz,3coz_112,13.041951232806069
3coz,3coz_117,17.375940667953934
3coz,3coz_128,11.461840200370744
3coz,3coz_136,40.611348940274674
3coz,3coz_141,11.686462020953703
3coz,3coz_167,11.403631411512489
3coz,3coz_17,20.996874656397644
3coz,3coz_173,9.44010080381
3coz,3coz_176,11.839471986179367
3coz,3coz_20,11.35087749536242
3coz,3coz_203,39.71902810209257
3coz,3coz_206,41.00721583897016
3coz,3coz_212,32.80410708551193
3coz,3coz_214,37.4766639999607
3coz,3coz_220,33.27224992971221
3coz,3coz_221,27.83853807731472
3coz,3coz_222,40.30605589771306
3coz,3coz_238,39.86660807910791
3coz,3coz_24,16.73280282468314
3coz,3coz_247,40.16628938414604
3coz,3coz_251,39.02912177481016
3coz,3coz_256,37.43217883182101
3coz,3coz_263,40.85709385017734
3coz,3coz_282,28.83759780233282
3coz,3coz_285,10.924629192721136
3coz,3coz_311,16.374938524121095
3coz,3coz_327,25.308041187458706
3coz,3coz_332,18.975073463267723
3coz,3coz_347,16.512025491288696
3coz,3coz_35,12.484297415207667
3coz,3coz_359,16.400821108841054
3coz,3coz_376,12.13003904078534
3coz,3coz_388,40.68148258883797
3coz,3coz_393,42.26777532738973
3coz,3coz_401,26.616429275163583
3coz,3coz_405,31.569605587759806
3coz,3coz_407,32.71242846905051
3coz,3coz_413,12.67924137122056
3coz,3coz_420,34.910935642496014
3coz,3coz_421,26.388033467162963
3coz,3coz_43,11.738493906276144
3coz,3coz_436,24.888194020128847
3coz,3coz_440,34.750835836298144
3coz,3coz_45,14.115712727456554
3coz,3coz_459,19.665564533277863
3coz,3coz_464,23.37196033682502
3coz,3coz_465,15.471275516090254
3coz,3coz_468,32.66014972474242
3coz,3coz_481,22.227143937882825
3coz,3coz_489,22.908891604683504
3coz,3coz_493,26.14158825478602
3coz,3coz_515,25.18277357196075
3coz,3coz_518,25.028184525685703
3coz,3coz_523,27.90410614594273
3coz,3coz_536,29.67570418983009
3coz,3coz_539,9.823296253640498
3coz,3coz_540,14.056205799537102
3coz,3coz_543,16.423521728715233
3coz,3coz_547,15.03893632934335
3coz,3coz_548,18.90294008741279
3coz,3coz_55,11.05665765185652
3coz,3coz_552,12.59929251071109
3coz,3coz_557,15.394638206445768
3coz,3coz_558,18.65386840865634
3coz,3coz_561,25.499459275121428
3coz,3coz_565,18.07010091690157
3coz,3coz_567,16.999015802753057
3coz,3coz_576,17.789864334573984
3coz,3coz_577,16.223941644948223
3coz,3coz_580,23.59552779996193
3coz,3coz_59,17.77345842137337
3coz,3coz_593,15.989722876181249
3coz,3coz_594,17.93321377805263
3coz,3coz_604,14.92422655098925
3coz,3coz_605,23.96928928898715
3coz,3coz_619,23.75513561510443
3coz,3coz_620,20.969850288792763
3coz,3coz_626,9.646980343140884
3coz,3coz_628,10.496626320679107
3coz,3coz_637,13.241313365717
3coz,3coz_642,13.887737354933016
3coz,3coz_654,12.773446484882646
3coz,3coz_657,14.075693407732778
3coz,3coz_665,14.505136343251452
3coz,3coz_668,14.120982048713028
3coz,3coz_67,12.53108427223182
3coz,3coz_673,22.22157615109376
3coz,3coz_680,17.395199264998475
3coz,3coz_688,12.941096437018974
3coz,3coz_691,11.690122442753706
3coz,3coz_694,15.828424325556847
3coz,3coz_696,15.48411615314141
3coz,3coz_7,34.044264024854975
3coz,3coz_726,39.38493164729128
3coz,3coz_83,34.19391291561906
3coz,3coz_87,14.79467725751228
3coz,3coz_894,36.52459872644274
3d4z,3d4z_12,36.891915872524585
3d4z,3d4z_128,41.42829588237451
3d4z,3d4z_132,39.528793783895736
3d4z,3d4z_233,33.2826744480011
3d4z,3d4z_250,38.62968286687008
3d4z,3d4z_331,45.09376146529944
3d4z,3d4z_340,43.464173327606574
3d4z,3d4z_376,43.33701015509085
3d4z,3d4z_403,40.33374527214709
3d4z,3d4z_410,19.54371773326377
3d4z,3d4z_415,21.967634576173865
3d4z,3d4z_434,23.87186017266416
3d4z,3d4z_435,27.49819583409925
3d4z,3d4z_447,13.753100891940564
3d4z,3d4z_486,32.63784824697057
3d4z,3d4z_528,23.306396294272623
3d4z,3d4z_540,7.819365037196603
3d4z,3d4z_559,13.978301389348488
3d4z,3d4z_563,14.900685810999232
3d4z,3d4z_564,7.799741978341508
3d4z,3d4z_580,8.898778645955751
3d4z,3d4z_593,13.887339648901172
3d4z,3d4z_614,7.783782827749988
3d4z,3d4z_618,9.968025822586728
3d4z,3d4z_621,5.478565998962045
3d4z,3d4z_622,6.604872690652116
3d4z,3d4z_623,8.330226085033688
3d4z,3d4z_624,9.10467651302737
3d4z,3d4z_627,6.148696302629981
3d4z,3d4z_633,5.045832249704392
3d4z,3d4z_638,3.2061178544722373
3d4z,3d4z_647,7.320658991516409
3d4z,3d4z_652,4.574034494787437
3d4z,3d4z_654,8.379463365719035
3d4z,3d4z_656,10.01364661829406
3d4z,3d4z_658,8.377377722505042
3d4z,3d4z_659,8.55528360181201
3d4z,3d4z_673,5.282834908840856
3d4z,3d4z_675,3.8012475890290367
3d4z,3d4z_682,7.869208612376727
3d4z,3d4z_689,10.998720127057
3d4z,3d4z_694,2.1373118433939715
3d4z,3d4z_703,31.59261687734955
3d4z,3d4z_713,22.48945469939017
3d4z,3d4z_729,31.684835774896623
3d4z,3d4z_741,10.380164351777443
3d4z,3d4z_743,16.51934791987002
3d4z,3d4z_745,7.433249405363029
3d4z,3d4z_746,14.223264557343953
3d4z,3d4z_760,11.835446241949091
3d4z,3d4z_761,13.36448963791446
3d4z,3d4z_768,5.402628922787365
3d4z,3d4z_770,12.93319223854836
3d4z,3d4z_780,19.24889177669358
3d4z,3d4z_784,12.932587595862762
3d4z,3d4z_786,18.85413087898361
3d4z,3d4z_787,11.024285721097668
3d4z,3d4z_788,24.18635906740904
3d4z,3d4z_790,10.572968040700662
3d4z,3d4z_791,11.05964125831521
3d4z,3d4z_794,16.025593268013356
3d4z,3d4z_795,25.23446292058904
3d4z,3d4z_797,23.09185361972044
3d4z,3d4z_804,17.391141456406626
3d4z,3d4z_840,17.449951802681316
3d4z,3d4z_889,14.569292955626567
3d4z,3d4z_932,22.990117729438825
3d4z,3d4z_955,25.590206548033784
3d6q,3d6q_117,9.18219801625564
3d6q,3d6q_123,13.994157654461974
3d6q,3d6q_132,6.73562738938952
3d6q,3d6q_140,14.89875880496819
3d6q,3d6q_163,15.877330295625118
3d6q,3d6q_207,17.40736157209059
3d6q,3d6q_23,23.84949920058165
3d6q,3d6q_248,12.355764594550037
3d6q,3d6q_250,6.677795647949813
3d6q,3d6q_259,12.600224323475684
3d6q,3d6q_276,24.161908501245
3d6q,3d6q_289,16.740890597726715
3d6q,3d6q_299,11.592102924838011
3d6q,3d6q_312,23.45789617590652
3d6q,3d6q_313,22.48654014154845
3d6q,3d6q_320,23.9018852588972
3d6q,3d6q_321,22.96278654748301
3d6q,3d6q_338,20.516144207411397
3d6q,3d6q_357,16.767889880457073
3d6q,3d6q_367,22.560697083437432
3d6q,3d6q_373,16.816230926547924
3d6q,3d6q_404,11.960145234456329
3d6q,3d6q_420,9.05297518850084
3d6q,3d6q_433,7.297836905536207
3d6q,3d6q_451,6.41227844457162
3d6q,3d6q_454,8.865851285992692
3d6q,3d6q_46,19.18117503497816
3d6q,3d6q_491,14.25872133307544
3d6q,3d6q_498,10.28621401594234
3d6q,3d6q_50,23.011245513124656
3d6q,3d6q_500,9.979810915553417
3d6q,3d6q_528,14.565181676523215
3d6q,3d6q_539,17.73571509888368
3d6q,3d6q_546,10.595375429224932
3d6q,3d6q_551,14.768174293005028
3d6q,3d6q_563,8.34921325451237
3d6q,3d6q_574,18.888069331576823
3d6q,3d6q_581,13.876060468942864
3d6q,3d6q_586,9.701312988391242
3d6q,3d6q_592,4.775177967451389
3d6q,3d6q_610,5.984846367110244
3d6q,3d6q_614,4.500100699533666
3d6q,3d6q_624,12.478543511717344
3d6q,3d6q_654,12.76624006773869
3d6q,3d6q_665,6.743900728081362
3d6q,3d6q_671,16.05763613065104
3d6q,3d6q_674,16.75362707551257
3d6q,3d6q_679,17.948760464584623
3d6q,3d6q_691,16.354131253703102
3d6q,3d6q_698,6.945696668845452
3d6q,3d6q_708,9.26618250959958
3d6q,3d6q_710,6.204044923319009
3d6q,3d6q_718,5.960195388521116
3d6q,3d6q_724,8.308715825765074
3d6q,3d6q_726,6.074335049075395
3d6q,3d6q_729,6.748785532910524
3d6q,3d6q_738,8.97165374537676
3d6q,3d6q_750,6.330334149197516
3d6q,3d6q_753,10.766586954030382
3d6q,3d6q_754,5.943383197581145
3d6q,3d6q_755,9.574863434421898
3d6q,3d6q_756,11.119214956169646
3d6q,3d6q_760,6.487958232986008
3d6q,3d6q_776,9.824926429902114
3d6q,3d6q_782,12.005767140538705
3d6q,3d6q_80,15.30191537198375
3d6q,3d6q_809,7.998356555082964
3d6q,3d6q_810,10.925888078515708
3d6q,3d6q_821,5.453773176253423
3d6q,3d6q_822,12.525872305644484
3d6q,3d6q_837,7.910042629670039
3d6q,3d6q_839,4.9130456371035525
3d6q,3d6q_915,7.324199706390239
3d6q,3d6q_953,11.195684213907322
3d6q,3d6q_98,20.069652425386167
3dd0,3dd0_156,9.224865331977163
3dd0,3dd0_158,34.38637051161013
3dd0,3dd0_161,26.31270518246865
3dd0,3dd0_162,10.931235574845743
3dd0,3dd0_168,40.040612309067775
3dd0,3dd0_182,10.609034567623093
3dd0,3dd0_197,15.85334318479902
3dd0,3dd0_234,25.96394485471019
3dd0,3dd0_238,41.81468431479092
3dd0,3dd0_263,11.050830886315932
3dd0,3dd0_273,30.47428306187081
3dd0,3dd0_277,41.55334039690024
3dd0,3dd0_283,40.45571321589678
3dd0,3dd0_298,50.14405963358946
3dd0,3dd0_314,16.588115734535467
3dd0,3dd0_316,11.557177213793189
3dd0,3dd0_360,13.181381495980077
3dd0,3dd0_378,11.994409302329723
3dd0,3dd0_402,27.55901339219029
3dd0,3dd0_403,25.961064211088893
3dd0,3dd0_406,12.533134959774538
3dd0,3dd0_411,40.7530381932697
3dd0,3dd0_42,11.387416403447045
3dd0,3dd0_43,43.90803181026897
3dd0,3dd0_432,21.34061845668676
3dd0,3dd0_441,31.0279584354845
3dd0,3dd0_451,26.69175967289147
3dd0,3dd0_455,23.059849460000468
3dd0,3dd0_47,37.851270469652256
3dd0,3dd0_478,14.535944523744105
3dd0,3dd0_479,53.09168274072451
3dd0,3dd0_482,11.316153378484476
3dd0,3dd0_484,12.181604012474963
3dd0,3dd0_495,36.77128740053509
3dd0,3dd0_50,40.21092561329953
3dd0,3dd0_505,36.45499907878823
3dd0,3dd0_506,23.243656877517942
3dd0,3dd0_508,27.07921453986731
3dd0,3dd0_510,32.94471840487635
3dd0,3dd0_553,17.471969738602596
3dd0,3dd0_567,24.29339833365355
3dd0,3dd0_570,26.360758196050742
3dd0,3dd0_572,19.95465528176077
3dd0,3dd0_582,25.27265120044252
3dd0,3dd0_585,20.03819198816353
3dd0,3dd0_595,24.899846339809702
3dd0,3dd0_61,21.166898345099877
3dd0,3dd0_642,19.63308501571536
3dd0,3dd0_645,35.7431341389901
3dd0,3dd0_657,20.899044664463823
3dd0,3dd0_700,20.01927500492169
3dd0,3dd0_71,10.040384787970511
3dd0,3dd0_725,8.155238926225298
3dd0,3dd0_761,8.980596488795173
3dd0,3dd0_769,7.785019166253472
3dd0,3dd0_772,7.087468129028673
3dd0,3dd0_775,10.28502115731533
3dd0,3dd0_777,14.404759502071125
3dd0,3dd0_787,10.1601376285247
3dd0,3dd0_788,20.852187301774418
3dd0,3dd0_796,9.444522372184458
3dd0,3dd0_821,14.28439961005042
3dd0,3dd0_868,6.671730722798932
3dd0,3dd0_869,17.236000140177488
3dd0,3dd0_886,6.36087363727694
3dd0,3dd0_892,5.380685853376796
3dd0,3dd0_895,9.132642981250894
3dd0,3dd0_897,5.133730886135589
3dd0,3dd0_974,9.162333517165706
3dd0,3dd0_98,9.22637452871767
3dd0,3dd0_996,10.53037585084864
3dx1,3dx1_119,23.714074866567877
3dx1,3dx1_20,23.558882065480397
3dx1,3dx1_25,24.77642659896725
3dx1,3dx1_287,23.065052653207605
3dx1,3dx1_29,23.06875130480921
3dx1,3dx1_304,24.095870781669465
3dx1,3dx1_382,24.51308798090411
3dx1,3dx1_39,23.182462902767657
3dx1,3dx1_440,9.413381495540564
3dx1,3dx1_457,16.297961132834654
3dx1,3dx1_464,9.792343952827958
3dx1,3dx1_477,16.728860434049206
3dx1,3dx1_492,11.071329353699308
3dx1,3dx1_497,8.530903470231253
3dx1,3dx1_531,17.425598169466763
3dx1,3dx1_548,4.019564416422731
3dx1,3dx1_554,14.523451234842195
3dx1,3dx1_557,4.313662405516371
3dx1,3dx1_560,9.704439336765573
3dx1,3dx1_566,3.685942393247471
3dx1,3dx1_568,6.201455358459699
3dx1,3dx1_569,9.419209846953072
3dx1,3dx1_570,8.553060073101541
3dx1,3dx1_574,7.297617625045354
3dx1,3dx1_577,5.2208526617151865
3dx1,3dx1_579,5.013591511755176
3dx1,3dx1_585,7.983587877896996
3dx1,3dx1_587,9.75351344121798
3dx1,3dx1_588,7.465786287612562
3dx1,3dx1_591,3.5283438147022017
3dx1,3dx1_592,8.544181951042834
3dx1,3dx1_594,5.208969996898346
3dx1,3dx1_595,5.984074027774585
3dx1,3dx1_597,2.560680649909336
3dx1,3dx1_603,6.421388087037006
3dx1,3dx1_611,14.653037547940652
3dx1,3dx1_627,5.689115722455126
3dx1,3dx1_634,6.734927819293154
3dx1,3dx1_645,5.557787577090732
3dx1,3dx1_648,4.6640022992452215
3dx1,3dx1_651,4.48118881756995
3dx1,3dx1_654,6.430093248233772
3dx1,3dx1_657,7.853152872224068
3dx1,3dx1_665,6.300519891374589
3dx1,3dx1_673,4.748774166786121
3dx1,3dx1_679,6.945507183477989
3dx1,3dx1_683,6.5765971751601855
3dx1,3dx1_687,4.798540009692896
3dx1,3dx1_692,3.877358318002037
3dx1,3dx1_693,1.598953600906264
3dx1,3dx1_695,3.162439371598197
3dx1,3dx1_700,7.181406861871281
3dx1,3dx1_735,16.800235366581994
3dx1,3dx1_750,11.38525518925198
3dx1,3dx1_753,15.1880350686092
3dx1,3dx1_756,14.838721844504963
3dx1,3dx1_763,13.755637539663065
3dx1,3dx1_766,16.43640923101171
3dx1,3dx1_775,13.966628996916224
3dx1,3dx1_776,8.436212402191906
3dx1,3dx1_781,11.639356569145676
3dx1,3dx1_784,15.620620550940426
3dx1,3dx1_785,10.2098265672323
3dx1,3dx1_787,6.703889660756071
3dx1,3dx1_791,16.182551456192705
3dx1,3dx1_802,25.734872367132525
3dx1,3dx1_808,16.79577325539534
3dx1,3dx1_840,13.196981522978597
3dx1,3dx1_851,16.108241817359065
3dx1,3dx1_861,16.940690353771252
3dx1,3dx1_961,20.419277081290044
3dx1,3dx1_983,18.577705018190656
3dx1,3dx1_987,17.859813843717934
3dx1,3dx1_989,23.747026889997706
3dx2,3dx2_14,62.224156515214055
3dx2,3dx2_225,59.70350516809386
3dx2,3dx2_253,52.53066781387053
3dx2,3dx2_293,59.23074436805846
3dx2,3dx2_380,58.74017310350989
3dx2,3dx2_39,54.993034709062805
3dx2,3dx2_402,47.640314676389416
3dx2,3dx2_426,24.68991588969476
3dx2,3dx2_443,23.04380232192682
3dx2,3dx2_472,14.77936182525844
3dx2,3dx2_479,31.099583839563486
3dx2,3dx2_482,24.31152040261888
3dx2,3dx2_503,37.07609380405465
3dx2,3dx2_508,12.111152651365693
3dx2,3dx2_514,7.241078792828593
3dx2,3dx2_534,13.326075431150109
3dx2,3dx2_535,40.54616963283522
3dx2,3dx2_549,17.66655083218003
3dx2,3dx2_555,18.18929320167647
3dx2,3dx2_570,3.490075240680164
3dx2,3dx2_573,4.176411747392491
3dx2,3dx2_576,14.015439341583058
3dx2,3dx2_582,17.309314775773533
3dx2,3dx2_583,9.680039249236868
3dx2,3dx2_589,6.660766262599388
3dx2,3dx2_591,4.369310698190597
3dx2,3dx2_599,5.03306867186498
3dx2,3dx2_602,24.709318120142903
3dx2,3dx2_610,20.647069399250235
3dx2,3dx2_628,6.549621578414627
3dx2,3dx2_631,15.767177408958348
3dx2,3dx2_636,23.95532478149466
3dx2,3dx2_646,11.813252890785902
3dx2,3dx2_649,13.724768577396889
3dx2,3dx2_656,10.71776563132755
3dx2,3dx2_659,15.283812735910772
3dx2,3dx2_661,12.32089756583266
3dx2,3dx2_677,7.320399345345304
3dx2,3dx2_687,7.516417602279201
3dx2,3dx2_691,15.109674164001264
3dx2,3dx2_725,31.216140311319812
3dx2,3dx2_736,62.24759563834469
3dx2,3dx2_741,31.44397645812876
3dx2,3dx2_743,27.705055462125543
3dx2,3dx2_750,21.816240637134168
3dx2,3dx2_754,27.813230658386114
3dx2,3dx2_756,55.47465668345836
3dx2,3dx2_761,17.036470989652464
3dx2,3dx2_770,12.36022014355076
3dx2,3dx2_772,16.69500282603597
3dx2,3dx2_773,31.56131103436318
3dx2,3dx2_774,33.517585157692466
3dx2,3dx2_787,19.98554869728624
3dx2,3dx2_820,64.25794853196194
3dx2,3dx2_836,67.71947723455747
3dx2,3dx2_893,43.8648578077611
3dx2,3dx2_990,58.94452137197341
3dxg,3dxg_1001,18.11433797261568
3dxg,3dxg_1002,19.69745733660349
3dxg,3dxg_1003,20.11967329722926
3dxg,3dxg_1004,19.51773167800977
3dxg,3dxg_1005,17.364480370379532
3dxg,3dxg_1006,19.875700758519624
3dxg,3dxg_1007,18.95128727310389
3dxg,3dxg_117,14.93147973806142
3dxg,3dxg_128,13.710440302716934
3dxg,3dxg_157,14.796742703159564
3dxg,3dxg_159,13.95521378930106
3dxg,3dxg_196,6.547006534630127
3dxg,3dxg_197,6.45908397850463
3dxg,3dxg_211,8.51921108187514
3dxg,3dxg_212,14.70532287652625
3dxg,3dxg_247,10.34885832214298
3dxg,3dxg_310,17.105626769303836
3dxg,3dxg_314,11.136097743546408
3dxg,3dxg_33,9.403299174161065
3dxg,3dxg_338,13.82821220067273
3dxg,3dxg_358,16.669049419193186
3dxg,3dxg_364,11.773904302945487
3dxg,3dxg_408,11.230139469703287
3dxg,3dxg_434,12.356953582533547
3dxg,3dxg_436,15.05982486878588
3dxg,3dxg_445,14.818585754953862
3dxg,3dxg_449,8.21687358531566
3dxg,3dxg_450,16.350897371871493
3dxg,3dxg_458,19.93698617454472
3dxg,3dxg_461,11.307966611751429
3dxg,3dxg_463,12.94044658796816
3dxg,3dxg_464,11.579744822529888
3dxg,3dxg_465,15.472141203907986
3dxg,3dxg_471,16.355611161750524
3dxg,3dxg_474,8.036549617976828
3dxg,3dxg_480,11.545290150841833
3dxg,3dxg_483,10.062860642209309
3dxg,3dxg_484,12.03372427050519
3dxg,3dxg_485,13.45764649439636
3dxg,3dxg_498,11.268397166722586
3dxg,3dxg_521,10.009161796788652
3dxg,3dxg_522,7.658165682546197
3dxg,3dxg_524,10.917719468738454
3dxg,3dxg_529,8.614117751600142
3dxg,3dxg_551,8.399029551352502
3dxg,3dxg_555,6.234824132632214
3dxg,3dxg_566,10.447036945375965
3dxg,3dxg_572,8.084980595309066
3dxg,3dxg_59,15.185582196064226
3dxg,3dxg_600,7.273264917140813
3dxg,3dxg_609,8.765308117087672
3dxg,3dxg_612,8.680756122339359
3dxg,3dxg_635,10.192702224450075
3dxg,3dxg_652,11.08735357049104
3dxg,3dxg_662,10.6616744052042
3dxg,3dxg_673,15.316963271838455
3dxg,3dxg_689,10.058644079727475
3dxg,3dxg_695,5.984059732220392
3dxg,3dxg_70,10.883067337449663
3dxg,3dxg_721,6.81680506093632
3dxg,3dxg_730,5.873585965695377
3dxg,3dxg_761,1.7109980346170517
3dxg,3dxg_765,8.434928037489069
3dxg,3dxg_771,6.932968718680563
3dxg,3dxg_778,6.261928114316198
3dxg,3dxg_80,12.232063398784735
3dxg,3dxg_833,10.166435679935482
3dxg,3dxg_858,6.105653905808091
3dxg,3dxg_924,5.724853932144282
3dxg,3dxg_972,5.2329999096677335
3dxg,3dxg_973,7.05441770313114
3e5a,3e5a_102,27.354227491781145
3e5a,3e5a_106,24.66226358701244
3e5a,3e5a_116,21.50522254165349
3e5a,3e5a_129,52.78030147674165
3e5a,3e5a_140,23.600944785183398
3e5a,3e5a_143,19.59731911247733
3e5a,3e5a_156,23.71199275841056
3e5a,3e5a_157,13.602403050612882
3e5a,3e5a_175,42.6923113901706
3e5a,3e5a_209,47.514940332325686
3e5a,3e5a_211,41.237315263370206
3e5a,3e5a_217,36.06852268187665
3e5a,3e5a_226,18.40238834547145
3e5a,3e5a_229,22.524557346891445
3e5a,3e5a_231,37.76088201717165
3e5a,3e5a_247,41.372747992655725
3e5a,3e5a_285,54.09239968714349
3e5a,3e5a_286,24.52738690618836
3e5a,3e5a_297,26.541610017664485
3e5a,3e5a_305,50.62674139443031
3e5a,3e5a_313,55.82811451057508
3e5a,3e5a_315,20.67308262887043
3e5a,3e5a_332,18.36981673665578
3e5a,3e5a_333,26.64508731398832
3e5a,3e5a_345,61.246996862897305
3e5a,3e5a_362,64.2241067412584
3e5a,3e5a_372,61.591674623137166
3e5a,3e5a_398,55.34267959819226
3e5a,3e5a_413,21.54822408155361
3e5a,3e5a_414,28.022184050809734
3e5a,3e5a_420,12.067075994786604
3e5a,3e5a_421,25.734685572697455
3e5a,3e5a_431,22.283836164181835
3e5a,3e5a_434,17.253630481594275
3e5a,3e5a_436,25.334359201338646
3e5a,3e5a_442,34.76032519146426
3e5a,3e5a_456,41.7404711293491
3e5a,3e5a_458,19.28444318597252
3e5a,3e5a_467,25.804554121470463
3e5a,3e5a_468,47.89544651199523
3e5a,3e5a_487,20.50798143828229
3e5a,3e5a_488,21.39524254669205
3e5a,3e5a_49,61.11860249136414
3e5a,3e5a_490,23.78309003964552
3e5a,3e5a_491,39.65480812306996
3e5a,3e5a_535,33.374227397472644
3e5a,3e5a_541,39.52185734356768
3e5a,3e5a_555,11.037226951195215
3e5a,3e5a_566,20.476777312478983
3e5a,3e5a_576,20.837836367601906
3e5a,3e5a_577,15.43243393750321
3e5a,3e5a_578,16.705442621872514
3e5a,3e5a_581,30.24809782720404
3e5a,3e5a_602,23.58799618369317
3e5a,3e5a_606,16.76419428938491
3e5a,3e5a_629,25.500548686918076
3e5a,3e5a_652,14.702456854715996
3e5a,3e5a_659,11.932386353405771
3e5a,3e5a_668,23.997499482769477
3e5a,3e5a_671,23.658133025298888
3e5a,3e5a_676,15.512836493547743
3e5a,3e5a_683,27.06722804357264
3e5a,3e5a_688,15.872144854580766
3e5a,3e5a_69,46.22444196104881
3e5a,3e5a_693,13.495542162121026
3e5a,3e5a_696,19.88160330959836
3e5a,3e5a_698,28.1625841993062
3e5a,3e5a_720,37.55687644933784
3e5a,3e5a_726,38.87082497409235
3e5a,3e5a_744,33.51145933742169
3e5a,3e5a_745,46.31204848858051
3e5a,3e5a_749,18.4045497114354
3e5a,3e5a_759,48.48890248120483
3e5a,3e5a_761,19.36627732131641
3e5a,3e5a_762,18.610070743007707
3e5a,3e5a_765,12.198164747071074
3e5a,3e5a_766,18.415366891268825
3e5a,3e5a_787,42.21310951180859
3e5a,3e5a_799,40.68613210370774
3e5a,3e5a_855,50.28913891063603
3e5a,3e5a_857,25.006640237114656
3e5a,3e5a_86,24.44536695370814
3e5a,3e5a_868,19.51998342574532
3e5a,3e5a_90,15.459659532123158
3e5a,3e5a_902,30.83030964020556
3e5a,3e5a_91,22.18168280120432
3e5a,3e5a_910,28.152959201930766
3e5a,3e5a_94,13.248706293677092
3e92,3e92_106,69.87806266876456
3e92,3e92_17,70.04526919225242
3e92,3e92_19,62.85572781824552
3e92,3e92_332,68.5427221802433
3e92,3e92_407,58.57159956130681
3e92,3e92_418,45.74207932758273
3e92,3e92_423,49.91112499023311
3e92,3e92_425,53.46223954204846
3e92,3e92_434,38.491838013013485
3e92,3e92_435,53.09191996149683
3e92,3e92_436,59.58699824907615
3e92,3e92_438,45.42733800253403
3e92,3e92_446,44.80571673288748
3e92,3e92_449,46.90202564056312
3e92,3e92_450,44.45037921862403
3e92,3e92_453,39.75858523725535
3e92,3e92_470,39.2128393935731
3e92,3e92_471,45.671518778551714
3e92,3e92_475,35.53167088826983
3e92,3e92_482,45.28634904603116
3e92,3e92_490,41.07898779185756
3e92,3e92_493,40.04641668109188
3e92,3e92_497,40.91065645486866
3e92,3e92_498,37.46975939038531
3e92,3e92_500,37.06358996465503
3e92,3e92_506,23.70164624765969
3e92,3e92_513,30.025314235021423
3e92,3e92_518,28.50263896406578
3e92,3e92_523,22.245415790902275
3e92,3e92_525,34.85277319390261
3e92,3e92_526,23.53385641555136
3e92,3e92_528,44.80730123849444
3e92,3e92_534,25.86436590057077
3e92,3e92_538,38.8228081377625
3e92,3e92_540,21.60128711672303
3e92,3e92_541,25.404942469077078
3e92,3e92_542,18.28202490084387
3e92,3e92_544,18.95638144274876
3e92,3e92_545,24.982777027129284
3e92,3e92_546,21.601170329915725
3e92,3e92_547,45.45618802528217
3e92,3e92_551,24.025975643247115
3e92,3e92_552,17.0232082479989
3e92,3e92_553,24.636903342846225
3e92,3e92_554,20.71550873852038
3e92,3e92_555,21.228221605638005
3e92,3e92_557,19.706041032746857
3e92,3e92_560,23.042347510637097
3e92,3e92_562,23.9146102129837
3e92,3e92_578,26.9668922272284
3e92,3e92_579,27.345621928031623
3e92,3e92_581,24.449026868361123
3e92,3e92_582,22.112176781929477
3e92,3e92_588,18.27904410691714
3e92,3e92_589,19.69048952609387
3e92,3e92_590,17.92423681264903
3e92,3e92_593,18.331824082005312
3e92,3e92_594,28.74950220548294
3e92,3e92_596,25.314984473157978
3e92,3e92_597,29.62045846996249
3e92,3e92_598,25.90895207028416
3e92,3e92_599,18.88413351353594
3e92,3e92_623,24.973327219331583
3e92,3e92_625,36.00078106248227
3e92,3e92_627,25.081511465439156
3e92,3e92_64,63.70015775725549
3e92,3e92_656,23.951089531793087
3e92,3e92_664,40.90303815802927
3e92,3e92_669,35.09363825714861
3e92,3e92_670,38.144213215731845
3e92,3e92_678,22.154628149946262
3e92,3e92_679,31.48323330810264
3e92,3e92_685,22.59955217164733
3e92,3e92_689,21.620289489460312
3e92,3e92_692,26.063380650874254
3e92,3e92_693,42.59570062116048
3e92,3e92_697,39.35055391143085
3e92,3e92_698,35.830322474435704
3e92,3e92_732,16.132385779605183
3e92,3e92_733,19.46410000910655
3e92,3e92_735,16.556593645340918
3e92,3e92_745,16.586301062424543
3e92,3e92_752,14.610600584082428
3e92,3e92_758,24.60387204699452
3e92,3e92_760,28.85988110170027
3e92,3e92_845,18.899496005572413
3e92,3e92_846,29.193195338958315
3e92,3e92_847,30.63667633550825
3e92,3e92_907,71.2527351506152
3e92,3e92_940,67.51881064425166
3e93,3e93_108,38.41353317641578
3e93,3e93_124,58.138669078455976
3e93,3e93_128,32.740759557264
3e93,3e93_130,56.84921241767751
3e93,3e93_141,62.76680447562237
3e93,3e93_155,59.35191672149648
3e93,3e93_168,55.89371608880181
3e93,3e93_179,59.01672551318592
3e93,3e93_240,62.14166700399422
3e93,3e93_301,64.85639240471934
3e93,3e93_323,50.6574890647315
3e93,3e93_352,60.78591483939185
3e93,3e93_36,36.67389805879848
3e93,3e93_390,53.83800900805954
3e93,3e93_401,47.54771534976125
3e93,3e93_407,43.83679461865393
3e93,3e93_417,37.17058202664951
3e93,3e93_419,26.714095311933303
3e93,3e93_421,46.57218779643083
3e93,3e93_427,44.606372629601225
3e93,3e93_433,40.852695737483074
3e93,3e93_435,17.427828919287577
3e93,3e93_439,29.039116327984168
3e93,3e93_440,44.75355354145639
3e93,3e93_445,21.235708686270893
3e93,3e93_446,36.41941517526119
3e93,3e93_453,31.3096827980595
3e93,3e93_454,25.425630481103696
3e93,3e93_455,22.964857166421677
3e93,3e93_459,22.129068271837383
3e93,3e93_461,39.51324678366425
3e93,3e93_464,39.76242149211829
3e93,3e93_466,29.535277758074677
3e93,3e93_467,39.01508448753323
3e93,3e93_468,33.38664022058996
3e93,3e93_476,27.021972959886355
3e93,3e93_477,33.3587012843912
3e93,3e93_480,33.733171254148935
3e93,3e93_484,37.01294567313019
3e93,3e93_485,34.33268365262211
3e93,3e93_491,37.954041573750416
3e93,3e93_494,44.38586789596914
3e93,3e93_500,39.42806381347072
3e93,3e93_51,58.94159118879117
3e93,3e93_511,35.349348328901144
3e93,3e93_518,27.126546919155224
3e93,3e93_520,28.910958618502928
3e93,3e93_522,23.30681109564624
3e93,3e93_523,31.685943391630342
3e93,3e93_530,25.58888210873775
3e93,3e93_536,29.97472278069019
3e93,3e93_543,20.92620620840883
3e93,3e93_552,28.353016579739887
3e93,3e93_555,17.4604436758603
3e93,3e93_560,30.907409227315167
3e93,3e93_562,26.330517922671017
3e93,3e93_565,22.51556641309896
3e93,3e93_566,35.960465835215565
3e93,3e93_571,24.24817691909974
3e93,3e93_573,33.646783571878984
3e93,3e93_575,31.03629191670877
3e93,3e93_576,16.757109080823827
3e93,3e93_579,21.33278449744205
3e93,3e93_581,24.12065254799344
3e93,3e93_584,22.61297130253858
3e93,3e93_589,30.612644712083164
3e93,3e93_607,21.609497783518787
3e93,3e93_636,19.512278457279013
3e93,3e93_643,12.338335126392174
3e93,3e93_646,37.756083081680806
3e93,3e93_651,17.018990511099503
3e93,3e93_654,21.89331982668741
3e93,3e93_657,22.177500997443
3e93,3e93_660,21.75308278756996
3e93,3e93_661,23.820921164872185
3e93,3e93_664,27.45042051298259
3e93,3e93_669,16.83757309895108
3e93,3e93_673,29.52570199137844
3e93,3e93_678,26.892335714804556
3e93,3e93_684,18.98477037565669
3e93,3e93_696,20.68861467255418
3e93,3e93_698,18.89050285814432
3e93,3e93_7,55.99024281345798
3e93,3e93_81,49.21329650626787
3e93,3e93_813,62.27996414347558
3e93,3e93_821,12.819725346447372
3e93,3e93_822,14.458909927271776
3e93,3e93_823,11.954127437089342
3e93,3e93_824,30.411026009287237
3e93,3e93_833,26.49376952506741
3e93,3e93_835,18.291472266318628
3e93,3e93_836,35.52343346477067
3e93,3e93_837,18.08102759042206
3e93,3e93_840,17.606545580137617
3e93,3e93_841,17.042425977681546
3e93,3e93_901,54.538611066217705
3ebp,3ebp_249,45.6992663584432
3ebp,3ebp_251,28.568763335890196
3ebp,3ebp_261,36.23735314970836
3ebp,3ebp_268,39.43011475305742
3ebp,3ebp_340,48.469015408760704
3ebp,3ebp_347,48.61445719492413
3ebp,3ebp_35,25.09295731304424
3ebp,3ebp_363,44.866566996663416
3ebp,3ebp_396,43.59174140892122
3ebp,3ebp_4,34.01430891798336
3ebp,3ebp_411,32.107414737103404
3ebp,3ebp_425,32.52551614259662
3ebp,3ebp_433,40.09699354012304
3ebp,3ebp_447,32.37766863797696
3ebp,3ebp_464,33.57648046994878
3ebp,3ebp_467,31.15402592103941
3ebp,3ebp_473,29.15168354821507
3ebp,3ebp_476,23.271112669200967
3ebp,3ebp_493,28.749605909361787
3ebp,3ebp_495,38.32931245583501
3ebp,3ebp_496,28.72072719817942
3ebp,3ebp_497,28.38262452661305
3ebp,3ebp_509,29.7024059921539
3ebp,3ebp_524,32.02115904458207
3ebp,3ebp_533,33.3239689347632
3ebp,3ebp_538,32.159289892346585
3ebp,3ebp_539,16.87647317433815
3ebp,3ebp_540,10.419863924747034
3ebp,3ebp_548,8.825088741872365
3ebp,3ebp_550,17.505206732290887
3ebp,3ebp_553,17.730325968635185
3ebp,3ebp_577,17.74443839233256
3ebp,3ebp_584,15.985407164787816
3ebp,3ebp_59,36.622033741429526
3ebp,3ebp_597,28.10603820639933
3ebp,3ebp_607,26.97766284692049
3ebp,3ebp_611,23.04490359229465
3ebp,3ebp_627,13.368783714413937
3ebp,3ebp_632,13.07685121365876
3ebp,3ebp_658,35.12712258522946
3ebp,3ebp_676,18.32903726018649
3ebp,3ebp_686,22.643756767216512
3ebp,3ebp_690,22.70531159076598
3ebp,3ebp_691,30.87166102323198
3ebp,3ebp_696,23.257135838487937
3ebp,3ebp_699,20.084311015433567
3ebp,3ebp_7,40.704050648858114
3ebp,3ebp_713,41.841673745217314
3ebp,3ebp_714,43.1925011260082
3ebp,3ebp_715,35.72638152420734
3ebp,3ebp_720,10.96765764383754
3ebp,3ebp_721,37.673214023904286
3ebp,3ebp_730,16.573174851353304
3ebp,3ebp_732,33.2552016153025
3ebp,3ebp_737,37.81452018037916
3ebp,3ebp_740,15.586023276066902
3ebp,3ebp_741,34.98903881093583
3ebp,3ebp_761,35.44862546364737
3ebp,3ebp_768,19.45033955856097
3ebp,3ebp_771,9.05922407501718
3ebp,3ebp_774,15.223481381321436
3ebp,3ebp_777,9.59237616744352
3ebp,3ebp_779,8.436201984928536
3ebp,3ebp_783,17.64936766021296
3ebp,3ebp_784,34.068303837662974
3ebp,3ebp_790,32.28068045793319
3ebp,3ebp_792,26.02281644988217
3ebp,3ebp_800,25.02501487869819
3ebp,3ebp_844,44.01569976561962
3ebp,3ebp_884,37.12190909198725
3ebp,3ebp_90,44.56722745762916
3ehy,3ehy_106,32.95921796459627
3ehy,3ehy_140,40.2924441607967
3ehy,3ehy_141,37.52914644581138
3ehy,3ehy_183,38.40660649853713
3ehy,3ehy_229,31.85594062911766
3ehy,3ehy_232,39.37437337945176
3ehy,3ehy_309,36.61538876814579
3ehy,3ehy_349,39.22442982001727
3ehy,3ehy_376,36.69102803485946
3ehy,3ehy_395,42.82297033452627
3ehy,3ehy_406,13.78471637546965
3ehy,3ehy_407,18.11189886642816
3ehy,3ehy_433,16.793301690528224
3ehy,3ehy_437,14.905039822230089
3ehy,3ehy_443,21.36256243952475
3ehy,3ehy_447,16.978018998227444
3ehy,3ehy_463,9.69838849714179
3ehy,3ehy_471,17.00313415230184
3ehy,3ehy_476,13.294986820613511
3ehy,3ehy_477,10.512353593854712
3ehy,3ehy_481,22.06002175980429
3ehy,3ehy_482,12.83574762365816
3ehy,3ehy_485,9.82293349845784
3ehy,3ehy_486,20.46122124819056
3ehy,3ehy_492,30.98500935884538
3ehy,3ehy_493,23.77271534631889
3ehy,3ehy_495,17.441100484732193
3ehy,3ehy_496,32.513645125799044
3ehy,3ehy_500,27.28308680350428
3ehy,3ehy_502,14.57531534457011
3ehy,3ehy_509,22.52951746824714
3ehy,3ehy_512,14.055291031360769
3ehy,3ehy_521,12.729990749505127
3ehy,3ehy_535,19.055242807135496
3ehy,3ehy_537,11.90789423117444
3ehy,3ehy_54,33.765003025978224
3ehy,3ehy_543,21.455043394534165
3ehy,3ehy_545,14.017513944053904
3ehy,3ehy_551,13.937220954848131
3ehy,3ehy_564,11.463797992714706
3ehy,3ehy_570,14.107916898342644
3ehy,3ehy_576,14.03980683730875
3ehy,3ehy_592,11.514773590404966
3ehy,3ehy_615,19.10694182463413
3ehy,3ehy_619,18.959686577252047
3ehy,3ehy_622,14.816763894166716
3ehy,3ehy_623,15.205001544442304
3ehy,3ehy_632,16.21955756265989
3ehy,3ehy_637,24.88034156013524
3ehy,3ehy_642,18.46239671903051
3ehy,3ehy_646,23.72939722469051
3ehy,3ehy_667,30.417383947225552
3ehy,3ehy_668,17.57482391078527
3ehy,3ehy_671,21.08985202539257
3ehy,3ehy_674,16.40118240289256
3ehy,3ehy_678,20.12282147488793
3ehy,3ehy_685,28.36185863739401
3ehy,3ehy_693,24.10042513346333
3ehy,3ehy_698,16.06260598077582
3ehy,3ehy_706,38.264237506421566
3ehy,3ehy_719,19.79766004975532
3ehy,3ehy_728,13.255390222077745
3ehy,3ehy_731,17.779659062086747
3ehy,3ehy_735,14.713087267862551
3ehy,3ehy_752,18.82996387704505
3ehy,3ehy_753,23.84422746861292
3ehy,3ehy_758,13.623485928423111
3ehy,3ehy_759,14.68397671228312
3ehy,3ehy_764,11.908559816919288
3ehy,3ehy_768,10.341957360375323
3ehy,3ehy_769,14.575158513857724
3ehy,3ehy_777,14.301874805486392
3ehy,3ehy_779,13.919507518332267
3ehy,3ehy_785,12.521278311354044
3ehy,3ehy_789,11.614704129624016
3ehy,3ehy_793,17.940746450671075
3ehy,3ehy_858,40.09068029651369
3ehy,3ehy_919,25.431364386370955
3ehy,3ehy_977,36.44971558810674
3ehy,3ehy_985,20.455143207103944
3ejr,3ejr_10,60.12003796370666
3ejr,3ejr_16,63.518191319506585
3ejr,3ejr_19,65.49665219961949
3ejr,3ejr_213,36.1692095897948
3ejr,3ejr_217,73.28187897799144
3ejr,3ejr_22,59.58214132977542
3ejr,3ejr_222,68.53999254967368
3ejr,3ejr_233,69.15189768004176
3ejr,3ejr_236,60.99388334593095
3ejr,3ejr_277,59.76798880162777
3ejr,3ejr_327,62.87282039391432
3ejr,3ejr_360,65.71191296255436
3ejr,3ejr_401,55.04045829796478
3ejr,3ejr_417,13.275261188104588
3ejr,3ejr_419,34.77492479171833
3ejr,3ejr_428,13.439194183639666
3ejr,3ejr_443,14.092427907637529
3ejr,3ejr_457,11.618901442736837
3ejr,3ejr_459,60.29021878830923
3ejr,3ejr_469,11.412048122874763
3ejr,3ejr_480,25.94469198489156
3ejr,3ejr_492,12.902035747633574
3ejr,3ejr_495,32.830298934683114
3ejr,3ejr_514,22.30658810929998
3ejr,3ejr_531,24.38640283023212
3ejr,3ejr_536,28.856335412355055
3ejr,3ejr_546,29.81037610380597
3ejr,3ejr_55,63.00012563802306
3ejr,3ejr_553,13.655686006736245
3ejr,3ejr_561,37.26929103457903
3ejr,3ejr_573,28.757566664271724
3ejr,3ejr_577,21.7961155987312
3ejr,3ejr_587,8.773594731146307
3ejr,3ejr_588,41.55181612275946
3ejr,3ejr_591,9.4474320370201
3ejr,3ejr_593,20.919720304249385
3ejr,3ejr_595,18.076482632965813
3ejr,3ejr_598,23.540945763750937
3ejr,3ejr_599,12.359413956176198
3ejr,3ejr_630,17.15113762896018
3ejr,3ejr_633,7.800211422518804
3ejr,3ejr_635,12.12128604449288
3ejr,3ejr_644,11.360498798371989
3ejr,3ejr_655,16.956125291139887
3ejr,3ejr_663,5.791125193356109
3ejr,3ejr_673,11.849079262663585
3ejr,3ejr_676,9.218004670017352
3ejr,3ejr_682,11.188980931024345
3ejr,3ejr_683,6.427477203988252
3ejr,3ejr_686,10.069072231595584
3ejr,3ejr_690,8.855801246992367
3ejr,3ejr_749,59.94167234030045
3ejr,3ejr_758,23.798209372129143
3ejr,3ejr_759,61.9913108043257
3ejr,3ejr_770,19.2379429449238
3ejr,3ejr_773,25.82328199444372
3ejr,3ejr_776,21.305710080467147
3ejr,3ejr_778,60.02629813225723
3ejr,3ejr_779,58.70995537037805
3ejr,3ejr_782,58.27497921738003
3ejr,3ejr_784,18.219567757566804
3ejr,3ejr_785,29.92268534562429
3ejr,3ejr_853,15.82816510436152
3ejr,3ejr_87,67.70648520818881
3ejr,3ejr_877,10.298034664187266
3ejr,3ejr_883,10.372924127660337
3ejr,3ejr_94,68.92482907310362
3ejr,3ejr_941,33.43399973724885
3ejr,3ejr_949,44.80025084200373
3ejr,3ejr_964,62.14228127024352
3f3a,3f3a_203,31.524629822649963
3f3a,3f3a_222,30.59796550935097
3f3a,3f3a_262,28.20207466244514
3f3a,3f3a_278,29.52572404924993
3f3a,3f3a_3,29.77517695148141
3f3a,3f3a_309,3.253578605137592
3f3a,3f3a_31,29.11451742623704
3f3a,3f3a_320,3.327132635385512
3f3a,3f3a_321,3.121735242732668
3f3a,3f3a_322,3.2896324054299657
3f3a,3f3a_333,4.096372171598479
3f3a,3f3a_339,30.82816509499357
3f3a,3f3a_354,11.762605502384156
3f3a,3f3a_359,11.330337795719029
3f3a,3f3a_367,21.52755936788951
3f3a,3f3a_410,20.134668827554943
3f3a,3f3a_412,11.866281205541728
3f3a,3f3a_417,20.958844018463942
3f3a,3f3a_432,11.966430035965235
3f3a,3f3a_438,13.343132513565584
3f3a,3f3a_439,21.59912006735667
3f3a,3f3a_443,13.889835437189932
3f3a,3f3a_447,10.922500635991694
3f3a,3f3a_488,12.263915018605514
3f3a,3f3a_495,14.06744223998203
3f3a,3f3a_509,26.96819416936429
3f3a,3f3a_514,28.23937355613234
3f3a,3f3a_525,22.12399350651248
3f3a,3f3a_528,25.28019481462135
3f3a,3f3a_552,24.547879248145765
3f3a,3f3a_553,11.615469911736
3f3a,3f3a_558,12.226697567507475
3f3a,3f3a_57,30.53944104060939
3f3a,3f3a_570,22.39796548544449
3f3a,3f3a_573,27.046574708398506
3f3a,3f3a_581,18.424737601435297
3f3a,3f3a_584,8.042251911472812
3f3a,3f3a_603,19.451517150467907
3f3a,3f3a_612,21.857582663864974
3f3a,3f3a_621,13.97534969911172
3f3a,3f3a_629,10.89346452131604
3f3a,3f3a_630,11.114933570140646
3f3a,3f3a_640,14.235569539678597
3f3a,3f3a_649,24.78340914339961
3f3a,3f3a_65,31.49971018067365
3f3a,3f3a_652,19.13024786132868
3f3a,3f3a_653,11.730808710768247
3f3a,3f3a_674,22.06176189143537
3f3a,3f3a_676,25.662520192199345
3f3a,3f3a_686,13.325256674109813
3f3a,3f3a_688,11.330205279786718
3f3a,3f3a_694,22.218934667453293
3f3a,3f3a_697,19.824403870431137
3f3a,3f3a_71,24.94986447094036
3f3a,3f3a_734,16.70210875249816
3f3a,3f3a_750,14.945668821204032
3f3a,3f3a_752,18.308504748480694
3f3a,3f3a_767,21.55680583963824
3f3a,3f3a_779,13.308161026709891
3f3a,3f3a_781,15.76555424957252
3f3a,3f3a_790,18.164664973284182
3f3a,3f3a_795,14.382588549887709
3f3a,3f3a_798,18.70525814869107
3f3a,3f3a_873,18.03633903706371
3f3a,3f3a_934,23.95951945130154
3f3c,3f3c_223,33.42751913940112
3f3c,3f3c_256,39.29222301717238
3f3c,3f3c_258,39.60094697298143
3f3c,3f3c_29,21.299716976357363
3f3c,3f3c_326,39.48836236951764
3f3c,3f3c_38,33.062024577383866
3f3c,3f3c_401,35.65525223492219
3f3c,3f3c_407,37.21596247924023
3f3c,3f3c_411,16.022748904247425
3f3c,3f3c_413,29.02515948590072
3f3c,3f3c_419,33.09793140879398
3f3c,3f3c_430,15.326604421910815
3f3c,3f3c_442,14.115046100653492
3f3c,3f3c_453,13.83503270716173
3f3c,3f3c_456,14.140363461146295
3f3c,3f3c_458,12.079663191893522
3f3c,3f3c_459,15.89933830443307
3f3c,3f3c_463,13.438011482658172
3f3c,3f3c_466,31.18176140731976
3f3c,3f3c_469,16.467280091704122
3f3c,3f3c_471,13.223696527583163
3f3c,3f3c_472,16.69642900849425
3f3c,3f3c_474,32.05664248664518
3f3c,3f3c_475,13.98923713630263
3f3c,3f3c_480,13.64925090252561
3f3c,3f3c_485,14.92810779385803
3f3c,3f3c_491,11.65734730621542
3f3c,3f3c_496,30.62330557499532
3f3c,3f3c_499,14.37369350288073
3f3c,3f3c_507,31.09759407107258
3f3c,3f3c_508,31.550128087400847
3f3c,3f3c_510,14.403093053078996
3f3c,3f3c_523,33.93688876683257
3f3c,3f3c_542,13.072084630704063
3f3c,3f3c_544,29.515562980137297
3f3c,3f3c_545,26.18852920007553
3f3c,3f3c_555,19.51983627412733
3f3c,3f3c_572,11.644643911126323
3f3c,3f3c_585,27.29938430329106
3f3c,3f3c_586,22.600300966087765
3f3c,3f3c_587,29.71236925726123
3f3c,3f3c_599,23.80664204037256
3f3c,3f3c_628,23.42754576808067
3f3c,3f3c_635,23.39042861130793
3f3c,3f3c_665,16.740620595721413
3f3c,3f3c_686,26.279110882307503
3f3c,3f3c_696,23.311316417181366
3f3c,3f3c_735,21.375601261593363
3f3c,3f3c_775,19.656741808314656
3f3c,3f3c_779,25.79052641492477
3f3c,3f3c_788,13.631788086981306
3f3c,3f3c_789,13.364882168967291
3f3c,3f3c_790,13.47549819496305
3f3c,3f3c_791,13.5527128154275
3f3c,3f3c_792,13.185566838665531
3f3c,3f3c_799,15.881368125967354
3f3d,3f3d_211,38.58279348969676
3f3d,3f3d_251,35.12516725102217
3f3d,3f3d_255,38.58138646892617
3f3d,3f3d_287,36.01063531171853
3f3d,3f3d_295,40.06456899597248
3f3d,3f3d_319,35.52477202504018
3f3d,3f3d_33,38.45771791314783
3f3d,3f3d_363,40.72653875384773
3f3d,3f3d_377,39.63746612221836
3f3d,3f3d_401,12.069367996387165
3f3d,3f3d_424,15.38982341229716
3f3d,3f3d_433,16.61375008971909
3f3d,3f3d_435,14.222404036482324
3f3d,3f3d_444,13.24421280037945
3f3d,3f3d_450,11.194757201190688
3f3d,3f3d_454,25.278116910107578
3f3d,3f3d_457,22.999407102436244
3f3d,3f3d_464,14.030565551165
3f3d,3f3d_469,11.863990205443317
3f3d,3f3d_477,15.881046662414684
3f3d,3f3d_482,13.21361954927357
3f3d,3f3d_484,10.855725305726914
3f3d,3f3d_500,14.437604057621442
3f3d,3f3d_516,34.87561824669649
3f3d,3f3d_526,25.898443889452853
3f3d,3f3d_529,27.887035047450627
3f3d,3f3d_554,14.53689291797578
3f3d,3f3d_574,15.630274186705178
3f3d,3f3d_588,12.44597115514953
3f3d,3f3d_591,16.561290704625666
3f3d,3f3d_596,28.26494627778132
3f3d,3f3d_601,19.625778388963
3f3d,3f3d_614,26.757165543624627
3f3d,3f3d_62,37.79929680251645
3f3d,3f3d_629,28.071233630642148
3f3d,3f3d_634,19.362881594936272
3f3d,3f3d_644,25.063601237245635
3f3d,3f3d_653,17.511112825295058
3f3d,3f3d_663,24.314117327041156
3f3d,3f3d_666,23.675502855300937
3f3d,3f3d_682,17.870800693988905
3f3d,3f3d_692,29.42863906656835
3f3d,3f3d_771,12.544965198163329
3f3d,3f3d_774,14.487953418647834
3f3d,3f3d_775,13.932404787048444
3f3d,3f3d_787,30.61058542398129
3f3d,3f3d_791,16.556284256735847
3f3d,3f3d_797,12.358205793412925
3f3d,3f3d_798,14.87807783059916
3f3d,3f3d_99,38.67121339321458
3f3e,3f3e_107,49.82246958672897
3f3e,3f3e_122,47.532133056097415
3f3e,3f3e_173,45.17583380810236
3f3e,3f3e_174,47.26153955687991
3f3e,3f3e_182,45.25288616065428
3f3e,3f3e_197,52.18591515275069
3f3e,3f3e_418,38.67524052178915
3f3e,3f3e_422,30.248306058247376
3f3e,3f3e_427,12.982775410796288
3f3e,3f3e_429,37.92125500177816
3f3e,3f3e_435,11.608498662907325
3f3e,3f3e_441,41.05423810861858
3f3e,3f3e_444,24.929457853349582
3f3e,3f3e_447,19.62559711973601
3f3e,3f3e_451,37.3994438940446
3f3e,3f3e_457,42.14878634303956
3f3e,3f3e_466,23.45242037916171
3f3e,3f3e_473,27.139109456240373
3f3e,3f3e_478,13.135881018879196
3f3e,3f3e_485,23.06224840729655
3f3e,3f3e_508,36.83336190645897
3f3e,3f3e_511,35.62231002460367
3f3e,3f3e_527,25.927369000979272
3f3e,3f3e_565,27.49787282210524
3f3e,3f3e_569,14.348083572832651
3f3e,3f3e_579,12.784908752245936
3f3e,3f3e_582,15.165379390192731
3f3e,3f3e_586,28.345287531922136
3f3e,3f3e_587,12.772392033963769
3f3e,3f3e_591,13.938699986168128
3f3e,3f3e_594,12.968675956105594
3f3e,3f3e_630,19.099596706963965
3f3e,3f3e_634,14.36277846781792
3f3e,3f3e_635,25.97467191262261
3f3e,3f3e_638,24.420896304196106
3f3e,3f3e_662,16.671528996973528
3f3e,3f3e_688,13.876083687580785
3f3e,3f3e_697,13.612000977078033
3f3e,3f3e_700,21.71743695988936
3f3e,3f3e_760,17.00267480688368
3f3e,3f3e_772,16.518196658583015
3f3e,3f3e_773,13.21743699824813
3f3e,3f3e_780,13.737676012228874
3f3e,3f3e_783,12.217776486600997
3f3e,3f3e_784,14.437398235360078
3f3e,3f3e_844,42.63690237034756
3fcq,3fcq_103,15.43373251629636
3fcq,3fcq_107,12.899426992889222
3fcq,3fcq_109,5.136268835055433
3fcq,3fcq_110,15.327578720736977
3fcq,3fcq_112,5.110124547437443
3fcq,3fcq_117,9.040941832505686
3fcq,3fcq_118,5.64141039054974
3fcq,3fcq_127,3.7278159790481977
3fcq,3fcq_128,5.176604650740559
3fcq,3fcq_129,6.953463240571526
3fcq,3fcq_135,14.541292962486322
3fcq,3fcq_136,14.48753082890975
3fcq,3fcq_140,6.999998122579538
3fcq,3fcq_166,13.557793365987775
3fcq,3fcq_169,16.06079946178566
3fcq,3fcq_174,6.459669839611225
3fcq,3fcq_175,15.374206362209229
3fcq,3fcq_177,4.525078833625696
3fcq,3fcq_181,3.321388880612677
3fcq,3fcq_184,3.646240024657103
3fcq,3fcq_198,2.780885905375692
3fcq,3fcq_209,11.908689192648744
3fcq,3fcq_237,14.127123875402305
3fcq,3fcq_314,13.36176267164202
3fcq,3fcq_320,13.926809630780824
3fcq,3fcq_352,15.326435156721056
3fcq,3fcq_353,5.287461704463314
3fcq,3fcq_365,14.051172830729524
3fcq,3fcq_372,12.1168886179061
3fcq,3fcq_418,14.324596499956522
3fcq,3fcq_419,9.943548784535746
3fcq,3fcq_428,11.961189348725153
3fcq,3fcq_442,14.161944988888331
3fcq,3fcq_445,11.971137650421928
3fcq,3fcq_450,15.66578738381788
3fcq,3fcq_461,13.650301781770125
3fcq,3fcq_469,10.53458198490688
3fcq,3fcq_479,10.068154313056729
3fcq,3fcq_488,13.690131499760865
3fcq,3fcq_493,16.97929104424598
3fcq,3fcq_496,10.13870491420136
3fcq,3fcq_506,8.198966287617043
3fcq,3fcq_509,6.926652770540397
3fcq,3fcq_513,11.605359057163138
3fcq,3fcq_515,8.553372328128608
3fcq,3fcq_517,9.923982405495302
3fcq,3fcq_53,13.378414070646633
3fcq,3fcq_537,6.544770850952428
3fcq,3fcq_547,7.734329724264148
3fcq,3fcq_550,8.420577908645999
3fcq,3fcq_562,11.883321660792705
3fcq,3fcq_568,7.27382504558608
3fcq,3fcq_578,13.94267813442713
3fcq,3fcq_588,6.232134312328042
3fcq,3fcq_598,8.153097502420996
3fcq,3fcq_629,8.254578106518649
3fcq,3fcq_638,13.088860662111498
3fcq,3fcq_641,7.742563420021297
3fcq,3fcq_671,10.91581364126921
3fcq,3fcq_672,7.084739123518693
3fcq,3fcq_675,10.04020096692972
3fcq,3fcq_681,6.643118967849001
3fcq,3fcq_683,8.633331096587217
3fcq,3fcq_692,6.4354801544473
3fcq,3fcq_694,13.218009196743925
3fcq,3fcq_700,7.270124805103872
3fcq,3fcq_74,13.65745784025148
3fcq,3fcq_775,11.351052731343325
3fcq,3fcq_778,12.883262006423458
3fcq,3fcq_781,8.687801339805114
3fcq,3fcq_794,10.539873173997012
3fcq,3fcq_84,12.919829538858489
3fcq,3fcq_843,4.998862477037457
3fcq,3fcq_844,10.779859428372038
3fcq,3fcq_887,6.806173366633326
3fur,3fur_110,18.067312365880333
3fur,3fur_13,12.548541196263372
3fur,3fur_131,16.547166676051535
3fur,3fur_138,37.63078979201344
3fur,3fur_145,19.74364630468065
3fur,3fur_146,36.587540567108455
3fur,3fur_153,40.51867590028785
3fur,3fur_154,31.976523607203063
3fur,3fur_160,37.74374361131868
3fur,3fur_165,34.474382327752366
3fur,3fur_173,22.28031191438584
3fur,3fur_181,8.532676594272958
3fur,3fur_194,19.29656840365373
3fur,3fur_2,13.67208311123024
3fur,3fur_203,37.70914792673575
3fur,3fur_215,41.53364324077036
3fur,3fur_220,37.53142837239825
3fur,3fur_233,30.3259003571996
3fur,3fur_234,40.05955200086088
3fur,3fur_237,29.688760238452865
3fur,3fur_243,40.90896699397863
3fur,3fur_254,40.65246952462757
3fur,3fur_308,10.85635238570666
3fur,3fur_317,13.998860975124654
3fur,3fur_318,14.667751852857954
3fur,3fur_323,43.5988330286536
3fur,3fur_328,15.708528505969594
3fur,3fur_33,17.045927951053066
3fur,3fur_331,41.22903405209777
3fur,3fur_342,42.64818230613688
3fur,3fur_364,11.45363838624032
3fur,3fur_369,11.673471547758572
3fur,3fur_374,38.136583150959765
3fur,3fur_395,12.22877811556822
3fur,3fur_399,10.706798727901868
3fur,3fur_406,25.976918393233436
3fur,3fur_413,27.6312711801482
3fur,3fur_415,22.36934567990724
3fur,3fur_417,27.8979392000476
3fur,3fur_427,23.92075066076473
3fur,3fur_43,11.743192341081242
3fur,3fur_433,21.431284807771576
3fur,3fur_437,29.77747779637273
3fur,3fur_440,30.764126066920277
3fur,3fur_442,27.150167055691348
3fur,3fur_444,22.969517164208664
3fur,3fur_446,20.132877813566115
3fur,3fur_449,28.712655834741906
3fur,3fur_454,25.140724619887767
3fur,3fur_461,21.661886765677465
3fur,3fur_469,24.138469623888465
3fur,3fur_483,20.97141153178287
3fur,3fur_484,24.72942011191764
3fur,3fur_494,21.482869392124087
3fur,3fur_513,23.93425744553828
3fur,3fur_514,31.21954335131677
3fur,3fur_532,21.28489844582628
3fur,3fur_535,18.36393385911135
3fur,3fur_537,22.96589300539221
3fur,3fur_538,23.4683737489911
3fur,3fur_539,15.262780299414455
3fur,3fur_541,17.802914828049918
3fur,3fur_554,16.364876011624943
3fur,3fur_557,25.65043462057921
3fur,3fur_560,18.09370240704463
3fur,3fur_561,16.151763438877396
3fur,3fur_568,22.952510559838085
3fur,3fur_571,24.472184941410934
3fur,3fur_588,22.612591605669905
3fur,3fur_59,19.001270861840183
3fur,3fur_6,41.07515826434999
3fur,3fur_60,17.93656864336263
3fur,3fur_600,19.2854566139467
3fur,3fur_612,15.85148270434197
3fur,3fur_623,14.988872402838256
3fur,3fur_630,17.615930302507362
3fur,3fur_632,16.52710326866603
3fur,3fur_657,9.850909240602077
3fur,3fur_659,12.380393817350626
3fur,3fur_666,11.122872624744865
3fur,3fur_672,14.237803178787296
3fur,3fur_673,9.34565126027839
3fur,3fur_675,28.036973292698708
3fur,3fur_681,14.982387732240642
3fur,3fur_683,23.67088934078909
3fur,3fur_684,18.121586930087663
3fur,3fur_692,16.928619435796403
3fur,3fur_696,23.692771763614022
3fur,3fur_697,13.74480001816705
3fur,3fur_7,16.307357687809926
3fur,3fur_729,29.541965783381663
3fur,3fur_778,25.707621810683783
3fur,3fur_783,33.18840992788887
3fur,3fur_787,15.739983021038649
3fur,3fur_794,27.62106309940589
3fur,3fur_796,25.826847724883407
3fur,3fur_797,20.10474136275272
3fur,3fur_88,15.91385042780693
3fur,3fur_94,11.736017015991612
3fur,3fur_960,36.43253005853583
3fv1,3fv1_115,68.28192976980084
3fv1,3fv1_191,72.16699152741506
3fv1,3fv1_262,64.66055729476902
3fv1,3fv1_333,76.28885766803839
3fv1,3fv1_407,40.002541329819486
3fv1,3fv1_415,38.885110566376746
3fv1,3fv1_435,17.711695222499717
3fv1,3fv1_436,38.81223451263211
3fv1,3fv1_442,18.529903674473434
3fv1,3fv1_451,26.23514285236974
3fv1,3fv1_452,34.071077287973296
3fv1,3fv1_456,42.97576313231902
3fv1,3fv1_461,18.666771067912
3fv1,3fv1_463,15.323763213748355
3fv1,3fv1_467,38.22743857680632
3fv1,3fv1_470,49.04632071649212
3fv1,3fv1_488,16.029686246770602
3fv1,3fv1_491,34.028398438558234
3fv1,3fv1_492,38.96356059678985
3fv1,3fv1_494,19.337268202377928
3fv1,3fv1_503,44.69354998786434
3fv1,3fv1_530,34.365043645666496
3fv1,3fv1_553,30.6192666773125
3fv1,3fv1_557,18.8599258405729
3fv1,3fv1_572,34.24811104458559
3fv1,3fv1_573,32.784540115531705
3fv1,3fv1_575,18.6095362385822
3fv1,3fv1_598,25.790245915805027
3fv1,3fv1_613,25.50804550486749
3fv1,3fv1_623,35.69582518735857
3fv1,3fv1_628,38.02192724784015
3fv1,3fv1_638,33.46180973909258
3fv1,3fv1_645,41.14968242482397
3fv1,3fv1_652,17.626750277363904
3fv1,3fv1_672,27.818616862106392
3fv1,3fv1_676,15.961081650096563
3fv1,3fv1_677,35.83460839212423
3fv1,3fv1_690,27.746972050204235
3fv1,3fv1_695,17.261507487605606
3fv1,3fv1_700,25.719737522732963
3fv1,3fv1_730,69.74102049959141
3fv1,3fv1_742,63.08393896389708
3fv1,3fv1_832,73.04441794856453
3fv1,3fv1_87,66.69419244513071
3fv2,3fv2_172,67.76569182636366
3fv2,3fv2_177,60.20642514680182
3fv2,3fv2_200,56.73887519445988
3fv2,3fv2_298,64.94679193135453
3fv2,3fv2_302,70.99214861425304
3fv2,3fv2_408,43.55850970157292
3fv2,3fv2_409,14.9798979618506
3fv2,3fv2_412,12.302021687033385
3fv2,3fv2_42,58.61793587995967
3fv2,3fv2_424,12.577512423877629
3fv2,3fv2_429,18.83026338823094
3fv2,3fv2_430,17.355699635446793
3fv2,3fv2_459,16.4062225437706
3fv2,3fv2_466,30.614393947465924
3fv2,3fv2_484,37.54258118387812
3fv2,3fv2_485,25.1586522508424
3fv2,3fv2_488,12.811672516721668
3fv2,3fv2_489,16.831152849846475
3fv2,3fv2_500,14.408538750893664
3fv2,3fv2_503,42.13639719833662
3fv2,3fv2_509,41.98404265577805
3fv2,3fv2_510,29.62445770015132
3fv2,3fv2_514,48.56256622738623
3fv2,3fv2_517,45.00179913033747
3fv2,3fv2_520,32.19900012372305
3fv2,3fv2_547,39.31155793000184
3fv2,3fv2_548,31.62149216741509
3fv2,3fv2_556,27.599641245930577
3fv2,3fv2_559,32.2175650563119
3fv2,3fv2_563,39.73868944331414
3fv2,3fv2_566,37.7973956096932
3fv2,3fv2_576,17.0085044558938
3fv2,3fv2_582,35.587663750379164
3fv2,3fv2_588,11.282872649788862
3fv2,3fv2_590,21.44646751100702
3fv2,3fv2_592,29.616752772384785
3fv2,3fv2_613,40.81066359833743
3fv2,3fv2_623,24.155468548165093
3fv2,3fv2_626,38.43551428085001
3fv2,3fv2_642,10.608674509952172
3fv2,3fv2_652,37.550282395657824
3fv2,3fv2_657,16.303029902450543
3fv2,3fv2_658,16.063862500613418
3fv2,3fv2_675,31.01642309924688
3fv2,3fv2_676,16.849396579698322
3fv2,3fv2_681,30.97162206521321
3fv2,3fv2_684,24.15117871286101
3fv2,3fv2_688,15.802017254159209
3fv2,3fv2_699,33.07642579084633
3fv2,3fv2_832,58.61925406400178
3g0w,3g0w_185,59.5466911739119
3g0w,3g0w_195,56.65558159882881
3g0w,3g0w_196,69.10035233024588
3g0w,3g0w_241,62.45504540330697
3g0w,3g0w_27,58.86087544527787
3g0w,3g0w_281,67.44958036381082
3g0w,3g0w_401,62.855142231731215
3g0w,3g0w_409,50.88749458849854
3g0w,3g0w_410,40.17676213011514
3g0w,3g0w_413,45.21752080236346
3g0w,3g0w_417,30.308771849502516
3g0w,3g0w_441,43.73029709196047
3g0w,3g0w_458,26.49709186720966
3g0w,3g0w_475,35.949338360196656
3g0w,3g0w_488,41.52614681760246
3g0w,3g0w_493,34.26063500289383
3g0w,3g0w_494,42.71057220684592
3g0w,3g0w_499,33.97688866473255
3g0w,3g0w_516,39.00564465957404
3g0w,3g0w_523,33.390443717343686
3g0w,3g0w_545,34.1067982561393
3g0w,3g0w_552,44.06340487383719
3g0w,3g0w_562,57.00809956306085
3g0w,3g0w_573,40.53677329586682
3g0w,3g0w_574,34.25425593675855
3g0w,3g0w_609,37.6325334475289
3g0w,3g0w_613,34.42245238601834
3g0w,3g0w_639,30.71307160584101
3g0w,3g0w_658,43.9530549719354
3g0w,3g0w_690,30.61038936665306
3g0w,3g0w_696,35.478588989972195
3g0w,3g0w_697,33.772276797975124
3g0w,3g0w_703,33.25132699744611
3g0w,3g0w_753,27.59384749931767
3g0w,3g0w_754,24.39534529318449
3g0w,3g0w_755,30.35528927517916
3g0w,3g0w_756,19.822363674715657
3g0w,3g0w_757,23.64542615186143
3g0w,3g0w_758,24.423335406618836
3g0w,3g0w_759,25.37867905138202
3g0w,3g0w_761,28.728783831321643
3g0w,3g0w_764,22.16997216839118
3g0w,3g0w_765,19.11565359019744
3g0w,3g0w_766,23.974014594806388
3g0w,3g0w_767,23.939118083398487
3g0w,3g0w_768,23.6406530240742
3g0w,3g0w_769,17.250893284064507
3g0w,3g0w_771,19.98889628352311
3g0w,3g0w_772,23.27771013094316
3g0w,3g0w_773,26.27843565445751
3g0w,3g0w_774,28.722339012463262
3g0w,3g0w_775,21.25056871076072
3g0w,3g0w_778,18.178832926392165
3g0w,3g0w_779,19.718290509145124
3g0w,3g0w_780,23.35857480089202
3g0w,3g0w_782,22.70287717940408
3g0w,3g0w_783,23.401388011651797
3g0w,3g0w_786,26.443079568926745
3g0w,3g0w_787,14.27407243050435
3g0w,3g0w_788,23.07781919072476
3g0w,3g0w_789,23.25872209521621
3g0w,3g0w_790,27.23351118695562
3g0w,3g0w_791,63.86880457920667
3g0w,3g0w_800,46.07489812542746
3g0w,3g0w_832,43.50437466121267
3g0w,3g0w_874,43.88195159437137
3g0w,3g0w_889,38.74882105366007
3g2n,3g2n_117,29.534604596902717
3g2n,3g2n_197,29.426336232322797
3g2n,3g2n_244,14.29734662760108
3g2n,3g2n_35,31.00218033711625
3g2n,3g2n_355,30.27392414367367
3g2n,3g2n_40,25.799375790889886
3g2n,3g2n_401,22.73497361748389
3g2n,3g2n_405,24.38472899834045
3g2n,3g2n_423,26.92087786118401
3g2n,3g2n_427,17.779326903795983
3g2n,3g2n_442,11.58449394740838
3g2n,3g2n_450,10.27813695938062
3g2n,3g2n_455,12.493366849365556
3g2n,3g2n_461,13.29416901571676
3g2n,3g2n_462,10.673908783790305
3g2n,3g2n_475,16.174536302250562
3g2n,3g2n_479,8.42228364474095
3g2n,3g2n_481,18.98893116025265
3g2n,3g2n_489,10.90434445999009
3g2n,3g2n_49,29.679955074552165
3g2n,3g2n_491,18.877819161784966
3g2n,3g2n_495,20.31141369439924
3g2n,3g2n_499,11.321566278584005
3g2n,3g2n_506,19.95039353224645
3g2n,3g2n_515,18.359165529112477
3g2n,3g2n_524,12.563285747405374
3g2n,3g2n_546,17.861688752635185
3g2n,3g2n_547,16.64934473137052
3g2n,3g2n_55,30.540887803407323
3g2n,3g2n_556,17.70050513069908
3g2n,3g2n_563,15.144151808410742
3g2n,3g2n_574,15.298991712524924
3g2n,3g2n_576,13.00435875280994
3g2n,3g2n_582,8.598260113750063
3g2n,3g2n_588,19.520242975208244
3g2n,3g2n_599,11.83934181475574
3g2n,3g2n_630,10.18655762004879
3g2n,3g2n_640,9.705156342107808
3g2n,3g2n_642,7.340600932887082
3g2n,3g2n_645,9.965951982516035
3g2n,3g2n_647,10.310477879435208
3g2n,3g2n_656,16.930341729343098
3g2n,3g2n_658,14.1749118578681
3g2n,3g2n_666,8.730750003855414
3g2n,3g2n_674,8.970735667274056
3g2n,3g2n_675,7.162465399513912
3g2n,3g2n_676,9.776772305134552
3g2n,3g2n_677,15.86393467656808
3g2n,3g2n_678,16.819087667238467
3g2n,3g2n_681,12.821369014858554
3g2n,3g2n_682,15.383629284362188
3g2n,3g2n_695,6.827278478345647
3g2n,3g2n_77,24.776716744643405
3g2n,3g2n_772,11.690291973141626
3g2n,3g2n_773,11.88731236219963
3g2n,3g2n_774,11.860467471269349
3g2n,3g2n_775,11.548459695478092
3g2n,3g2n_81,28.590325412367147
3g2n,3g2n_870,26.39032795373597
3g2n,3g2n_922,26.610194840452333
3g2n,3g2n_93,21.271250802139377
3g2n,3g2n_967,29.61194607529694
3g2n,3g2n_97,29.604132606715595
3g2z,3g2z_1001,14.591644588478507
3g2z,3g2z_1002,15.053827329371789
3g2z,3g2z_1003,13.60926241412756
3g2z,3g2z_1004,16.78433068418706
3g2z,3g2z_1005,15.309025081440994
3g2z,3g2z_1006,15.067035624611483
3g2z,3g2z_1007,15.877704851495318
3g2z,3g2z_1008,12.731937584782289
3g2z,3g2z_1009,14.748125454007663
3g2z,3g2z_1010,13.111579931647984
3g2z,3g2z_1011,14.73818322925013
3g2z,3g2z_1012,16.837772946950622
3g2z,3g2z_132,17.12143642092094
3g2z,3g2z_152,9.773478237474258
3g2z,3g2z_166,12.764458738593042
3g2z,3g2z_189,9.603782563607783
3g2z,3g2z_194,9.126407693243532
3g2z,3g2z_332,9.22505269448143
3g2z,3g2z_42,9.86349838620394
3g2z,3g2z_443,14.488505730301297
3g2z,3g2z_490,10.902982584861586
3g2z,3g2z_506,10.36524905838635
3g2z,3g2z_517,7.369780151009014
3g2z,3g2z_525,12.49478494040337
3g2z,3g2z_526,6.484376265403862
3g2z,3g2z_528,12.912728778144462
3g2z,3g2z_534,10.92102497445701
3g2z,3g2z_535,17.791902612039404
3g2z,3g2z_559,10.654460373817438
3g2z,3g2z_568,10.787991319381158
3g2z,3g2z_569,10.98768050115353
3g2z,3g2z_578,10.883320927720025
3g2z,3g2z_587,9.614953050881384
3g2z,3g2z_588,9.750842481234038
3g2z,3g2z_603,13.934979270798072
3g2z,3g2z_610,13.007748201494609
3g2z,3g2z_616,10.428800655177229
3g2z,3g2z_626,13.08749800866289
3g2z,3g2z_631,11.66610526277396
3g2z,3g2z_632,12.506523792631771
3g2z,3g2z_656,13.147424989870585
3g2z,3g2z_663,10.37814005428265
3g2z,3g2z_668,6.2409116414187
3g2z,3g2z_683,11.055749011376236
3g2z,3g2z_687,11.992932942873969
3g2z,3g2z_706,6.159133107090053
3g2z,3g2z_745,4.243782998882789
3g2z,3g2z_748,7.517887344257997
3g2z,3g2z_755,5.697895208006187
3g2z,3g2z_763,8.81467047048577
3g2z,3g2z_776,7.386361651013978
3g2z,3g2z_779,7.694944719084678
3g2z,3g2z_790,11.056637709197537
3g2z,3g2z_792,4.35210778562145
3g2z,3g2z_818,4.6321984965338885
3g2z,3g2z_909,4.158125756650481
3g2z,3g2z_915,4.2508961901877775
3g2z,3g2z_933,4.538242705016741
3g2z,3g2z_940,5.651275305040522
3g2z,3g2z_975,5.166013519783888
3g31,3g31_107,22.974472486619725
3g31,3g31_109,20.890035916436663
3g31,3g31_136,13.204550000893075
3g31,3g31_210,15.674437621748448
3g31,3g31_218,9.670803384966398
3g31,3g31_246,16.464948280982977
3g31,3g31_288,10.437117837203951
3g31,3g31_339,19.40298410984978
3g31,3g31_36,14.87600545198358
3g31,3g31_362,20.958439069133775
3g31,3g31_392,19.172091701445133
3g31,3g31_402,18.0966233136906
3g31,3g31_405,21.636151915444984
3g31,3g31_413,17.490570415721116
3g31,3g31_416,13.236634688015098
3g31,3g31_437,10.27295189977391
3g31,3g31_442,15.119545442903828
3g31,3g31_447,12.603944540721232
3g31,3g31_448,11.707100268481396
3g31,3g31_457,11.644077110848295
3g31,3g31_461,9.476486134374614
3g31,3g31_469,11.921067737879865
3g31,3g31_472,13.014642492632206
3g31,3g31_473,5.428066244570747
3g31,3g31_474,9.323293065396228
3g31,3g31_475,15.803609922731969
3g31,3g31_478,9.73455721053652
3g31,3g31_488,12.577014749766663
3g31,3g31_496,12.803915494062512
3g31,3g31_498,7.177238492624173
3g31,3g31_499,18.210791236172053
3g31,3g31_512,19.407156908167963
3g31,3g31_526,10.168358253734285
3g31,3g31_531,15.369186285048512
3g31,3g31_532,5.334736803701524
3g31,3g31_534,12.148926829656954
3g31,3g31_535,9.42423979222684
3g31,3g31_537,8.255243605187069
3g31,3g31_556,15.568273670708088
3g31,3g31_571,7.685298460983721
3g31,3g31_580,13.79337828804446
3g31,3g31_581,8.567914586633705
3g31,3g31_582,7.734691889961475
3g31,3g31_584,8.81302621548568
3g31,3g31_585,7.409412050391422
3g31,3g31_588,4.523134242948458
3g31,3g31_596,16.600534985510222
3g31,3g31_644,16.47655998344502
3g31,3g31_648,7.673787657565743
3g31,3g31_652,9.322621071659784
3g31,3g31_653,10.565713763140858
3g31,3g31_659,10.755211745206989
3g31,3g31_663,15.337181375611763
3g31,3g31_670,12.198503695143692
3g31,3g31_673,12.688642287320102
3g31,3g31_687,9.008114420030116
3g31,3g31_692,16.487265991162356
3g31,3g31_693,8.504162719316495
3g31,3g31_697,5.994677608444729
3g31,3g31_699,12.38471844637268
3g31,3g31_700,7.202582088757483
3g31,3g31_740,7.168179477425535
3g31,3g31_781,7.995763125023478
3g31,3g31_785,11.790249764314073
3g31,3g31_786,8.551099451033911
3g31,3g31_791,15.161185989602462
3g31,3g31_802,7.081647348343466
3gbb,3gbb_213,53.81761061267965
3gbb,3gbb_278,54.60948930395989
3gbb,3gbb_304,64.70141383064504
3gbb,3gbb_317,69.21512354343187
3gbb,3gbb_405,43.76437383961596
3gbb,3gbb_407,49.54291809126703
3gbb,3gbb_418,19.463086300408182
3gbb,3gbb_421,16.003283424598752
3gbb,3gbb_427,41.11344869610884
3gbb,3gbb_445,41.10297247553141
3gbb,3gbb_449,47.59163038971838
3gbb,3gbb_458,24.61828787855787
3gbb,3gbb_460,32.875625786307026
3gbb,3gbb_468,38.37387992030119
3gbb,3gbb_473,40.599477686012186
3gbb,3gbb_482,24.360128880022224
3gbb,3gbb_483,28.8463416749328
3gbb,3gbb_489,18.710779106895185
3gbb,3gbb_498,23.39090403010371
3gbb,3gbb_503,30.15136105097864
3gbb,3gbb_509,19.89066800607145
3gbb,3gbb_510,24.10114079925586
3gbb,3gbb_512,18.26250170008849
3gbb,3gbb_523,37.96819486676538
3gbb,3gbb_559,22.05679221604176
3gbb,3gbb_564,28.22847870746639
3gbb,3gbb_596,35.97684030600249
3gbb,3gbb_616,10.867421123497758
3gbb,3gbb_619,29.621600509697902
3gbb,3gbb_621,19.160133802461523
3gbb,3gbb_625,17.73902685486524
3gbb,3gbb_627,23.22921433886783
3gbb,3gbb_646,20.0901454657616
3gbb,3gbb_648,14.529017885170637
3gbb,3gbb_650,31.415679293772197
3gbb,3gbb_655,22.70914943910632
3gbb,3gbb_666,17.464888793175415
3gbb,3gbb_673,16.61661202174976
3gbb,3gbb_678,8.672468014769128
3gbb,3gbb_683,35.36735571930423
3gbb,3gbb_693,15.385927319094026
3gbb,3gbb_697,20.41866587508522
3gbb,3gbb_715,36.56174071130318
3gbb,3gbb_717,26.54042462251948
3gbb,3gbb_728,15.088853234249092
3gbb,3gbb_781,19.05174882005505
3gbb,3gbb_783,14.883672389191368
3gbb,3gbb_796,13.560728207280532
3gbb,3gbb_814,53.84251117168528
3gbb,3gbb_845,13.484290420446849
3gbb,3gbb_893,13.190217617945374
3gc5,3gc5_402,55.02416109526419
3gc5,3gc5_403,53.22144207005524
3gc5,3gc5_406,47.03681707360092
3gc5,3gc5_408,39.869085151013614
3gc5,3gc5_426,49.16718042666973
3gc5,3gc5_427,31.40995124493751
3gc5,3gc5_428,17.424699012110363
3gc5,3gc5_436,33.892413226132575
3gc5,3gc5_446,28.849970726144264
3gc5,3gc5_451,29.382038480662573
3gc5,3gc5_457,33.624462187030275
3gc5,3gc5_460,29.052676819195067
3gc5,3gc5_461,24.991974432624968
3gc5,3gc5_463,34.13989759659123
3gc5,3gc5_464,49.26506794381925
3gc5,3gc5_467,30.02955008132346
3gc5,3gc5_471,30.352467353989557
3gc5,3gc5_475,27.62254354600436
3gc5,3gc5_492,30.68758386729721
3gc5,3gc5_495,21.79784494167566
3gc5,3gc5_500,20.95344517698984
3gc5,3gc5_507,21.88766251645589
3gc5,3gc5_516,27.81532901775218
3gc5,3gc5_518,13.228718899340222
3gc5,3gc5_524,46.78431833564067
3gc5,3gc5_532,20.52157473799005
3gc5,3gc5_536,20.441457480780205
3gc5,3gc5_551,14.990920263825409
3gc5,3gc5_556,29.789549165123656
3gc5,3gc5_559,39.34432373948
3gc5,3gc5_563,11.12344631406588
3gc5,3gc5_565,13.416078891909068
3gc5,3gc5_566,17.960962352930572
3gc5,3gc5_567,34.99855780274483
3gc5,3gc5_574,26.416357513591308
3gc5,3gc5_577,45.49078990799884
3gc5,3gc5_580,25.920323226221957
3gc5,3gc5_582,12.695877832739004
3gc5,3gc5_585,10.929661697369973
3gc5,3gc5_589,17.760011985991003
3gc5,3gc5_603,46.52348438426444
3gc5,3gc5_604,41.80643303774867
3gc5,3gc5_605,42.87621109393077
3gc5,3gc5_606,43.06806031347525
3gc5,3gc5_607,38.23445369443681
3gc5,3gc5_617,37.423925156246725
3gc5,3gc5_627,27.775868754282055
3gc5,3gc5_631,37.597792196122
3gc5,3gc5_632,31.603259776493704
3gc5,3gc5_636,30.12011906213634
3gc5,3gc5_638,23.831330708834265
3gc5,3gc5_646,25.626276815181875
3gc5,3gc5_647,41.53456761995344
3gc5,3gc5_657,26.42309185852784
3gc5,3gc5_662,29.692314961118274
3gc5,3gc5_663,32.405885807707264
3gc5,3gc5_679,23.71918009337785
3gc5,3gc5_682,23.34381716003332
3gc5,3gc5_691,35.28581387871079
3gc5,3gc5_696,21.45022589302925
3gc5,3gc5_715,45.704009352881165
3gc5,3gc5_733,13.22945825017834
3gc5,3gc5_739,12.670075556068737
3gc5,3gc5_749,11.641488272976622
3gc5,3gc5_752,12.373103949710114
3gc5,3gc5_755,36.47104970864543
3gc5,3gc5_757,14.798757024089534
3gc5,3gc5_758,14.730153259423462
3gc5,3gc5_759,11.492264867879154
3gc5,3gc5_764,13.601321182859309
3gc5,3gc5_770,8.921325751940866
3gc5,3gc5_772,8.792478481256472
3gc5,3gc5_773,10.451929532231018
3gc5,3gc5_775,13.439234736857674
3gc5,3gc5_776,13.83629462254449
3gc5,3gc5_777,8.558429562399368
3gc5,3gc5_778,9.912996134340124
3gc5,3gc5_779,9.83547085835979
3gc5,3gc5_780,9.715978251760808
3gc5,3gc5_783,12.72435363742984
3gc5,3gc5_784,14.29931369054159
3gc5,3gc5_822,38.15997693942628
3gc5,3gc5_878,2.782096400903272
3gc5,3gc5_879,2.837677931514512
3gc5,3gc5_973,25.80689276265042
3ge7,3ge7_11,28.227959345672534
3ge7,3ge7_140,56.09397418418755
3ge7,3ge7_191,56.646640949486574
3ge7,3ge7_24,56.83427837910836
3ge7,3ge7_262,54.951056676353055
3ge7,3ge7_324,48.3284756939789
3ge7,3ge7_404,22.802921312724624
3ge7,3ge7_411,28.59321963413053
3ge7,3ge7_415,42.21479903133973
3ge7,3ge7_424,25.7453714760538
3ge7,3ge7_426,27.98648421177984
3ge7,3ge7_431,40.71974159999678
3ge7,3ge7_443,38.688542326036334
3ge7,3ge7_448,16.553380859583246
3ge7,3ge7_451,24.322997588042973
3ge7,3ge7_456,37.15760806666732
3ge7,3ge7_460,26.82926806399721
3ge7,3ge7_465,33.36020056962033
3ge7,3ge7_469,29.107979918112655
3ge7,3ge7_470,30.54930691113321
3ge7,3ge7_480,28.039085762197992
3ge7,3ge7_485,39.25326045447061
3ge7,3ge7_488,44.41311012945842
3ge7,3ge7_490,22.27851634361929
3ge7,3ge7_491,36.05113293705619
3ge7,3ge7_498,19.39312619319825
3ge7,3ge7_523,20.672624264571905
3ge7,3ge7_533,26.89013437514476
3ge7,3ge7_536,27.94763748683592
3ge7,3ge7_547,33.117583556925624
3ge7,3ge7_552,16.362191100886427
3ge7,3ge7_556,13.158002279695438
3ge7,3ge7_561,25.358938709523613
3ge7,3ge7_562,14.617561248434614
3ge7,3ge7_567,29.471102588016198
3ge7,3ge7_571,12.726376009537985
3ge7,3ge7_572,27.32002239290179
3ge7,3ge7_573,14.638075689405024
3ge7,3ge7_574,25.42104723128432
3ge7,3ge7_579,33.564397163612334
3ge7,3ge7_582,26.933169470597072
3ge7,3ge7_583,27.207591225479668
3ge7,3ge7_587,35.29337368707845
3ge7,3ge7_589,19.186442922078346
3ge7,3ge7_590,17.0626489694458
3ge7,3ge7_594,14.43369116053786
3ge7,3ge7_598,20.39383615569725
3ge7,3ge7_599,21.004693058281564
3ge7,3ge7_600,13.032286127292345
3ge7,3ge7_637,25.972912668686167
3ge7,3ge7_638,28.78817033686758
3ge7,3ge7_641,28.357763321783366
3ge7,3ge7_644,36.98722900143477
3ge7,3ge7_651,35.068282059643494
3ge7,3ge7_655,13.367113622809503
3ge7,3ge7_658,23.67041696081674
3ge7,3ge7_659,24.475192127275783
3ge7,3ge7_666,29.647631382855185
3ge7,3ge7_667,17.728383084310316
3ge7,3ge7_674,16.629746751993267
3ge7,3ge7_676,39.42460965556421
3ge7,3ge7_683,42.23015771534447
3ge7,3ge7_684,35.04124324133652
3ge7,3ge7_685,17.97618629211794
3ge7,3ge7_688,28.662248658546435
3ge7,3ge7_717,54.06824906561676
3ge7,3ge7_718,52.75898117125868
3ge7,3ge7_791,53.09175730262157
3ge7,3ge7_794,54.80883729779571
3ge7,3ge7_795,55.50636651284252
3ge7,3ge7_824,56.97631204168236
3ge7,3ge7_895,55.50183449252045
3ge7,3ge7_898,53.63211324228294
3gnw,3gnw_134,30.80932922252529
3gnw,3gnw_136,26.761310749026816
3gnw,3gnw_155,20.30129611329838
3gnw,3gnw_179,18.07803018816451
3gnw,3gnw_201,24.78726490328629
3gnw,3gnw_205,17.47932736254047
3gnw,3gnw_216,34.05706622731492
3gnw,3gnw_218,15.20524894687593
3gnw,3gnw_219,7.008201703136074
3gnw,3gnw_220,8.876733322073862
3gnw,3gnw_225,14.222047858601137
3gnw,3gnw_226,8.028617863382204
3gnw,3gnw_236,21.25462225002041
3gnw,3gnw_241,15.11608647726116
3gnw,3gnw_254,45.19305353227133
3gnw,3gnw_259,25.32632277621417
3gnw,3gnw_261,12.295588386563438
3gnw,3gnw_266,13.086865470067826
3gnw,3gnw_271,18.054931336683104
3gnw,3gnw_273,8.421744564500306
3gnw,3gnw_276,34.701908696097
3gnw,3gnw_277,10.935519377857172
3gnw,3gnw_278,20.69511949488433
3gnw,3gnw_279,7.432295556304913
3gnw,3gnw_284,6.440201459862917
3gnw,3gnw_294,48.08839212952507
3gnw,3gnw_299,7.450140858441893
3gnw,3gnw_302,40.16015523445304
3gnw,3gnw_310,5.817838222051746
3gnw,3gnw_315,31.438282809566356
3gnw,3gnw_316,12.574770907180737
3gnw,3gnw_322,16.56725198319104
3gnw,3gnw_323,17.041218563382326
3gnw,3gnw_325,26.08218424029053
3gnw,3gnw_335,6.425028686981113
3gnw,3gnw_337,12.044612134403556
3gnw,3gnw_343,11.087148122660436
3gnw,3gnw_381,17.17127470125393
3gnw,3gnw_387,16.66904827870789
3gnw,3gnw_402,21.87692794853412
3gnw,3gnw_41,24.043706041327905
3gnw,3gnw_411,32.79462307310224
3gnw,3gnw_417,17.289975870757214
3gnw,3gnw_423,19.21982243301983
3gnw,3gnw_440,20.50735551283996
3gnw,3gnw_448,24.08117134517676
3gnw,3gnw_463,24.34059461905683
3gnw,3gnw_49,17.801988163751385
3gnw,3gnw_493,33.311700744234706
3gnw,3gnw_498,22.72509969662056
3gnw,3gnw_516,31.681541140460737
3gnw,3gnw_527,24.9091653812922
3gnw,3gnw_535,9.663416243975172
3gnw,3gnw_545,10.268428038771717
3gnw,3gnw_549,10.598967973351412
3gnw,3gnw_552,10.897726267974887
3gnw,3gnw_555,33.390479569284444
3gnw,3gnw_569,3.6014414225039397
3gnw,3gnw_580,17.872063833906846
3gnw,3gnw_581,4.959025509767237
3gnw,3gnw_586,10.637573215121051
3gnw,3gnw_587,24.55649323602377
3gnw,3gnw_597,7.078414517947939
3gnw,3gnw_634,22.70984613638098
3gnw,3gnw_636,7.963523292697008
3gnw,3gnw_639,9.25082426715314
3gnw,3gnw_649,13.36379553775222
3gnw,3gnw_659,9.435606753874792
3gnw,3gnw_662,17.58429271536572
3gnw,3gnw_667,7.960730380036132
3gnw,3gnw_668,19.468687298103447
3gnw,3gnw_694,8.812826509493314
3gnw,3gnw_700,11.035242561457483
3gnw,3gnw_708,44.879991431623786
3gnw,3gnw_712,48.19239504412457
3gnw,3gnw_714,43.58957169185857
3gnw,3gnw_718,44.675053548143
3gnw,3gnw_722,31.79774773210829
3gnw,3gnw_729,23.928114101017204
3gnw,3gnw_745,34.45239305903817
3gnw,3gnw_779,30.44808029486516
3gnw,3gnw_802,44.041798380936726
3gnw,3gnw_842,41.26768847383177
3gnw,3gnw_847,40.046137488634585
3gnw,3gnw_848,42.54503067392089
3gnw,3gnw_857,42.13311923581367
3gnw,3gnw_867,38.7008011158511
3gnw,3gnw_868,19.741106948644408
3gnw,3gnw_87,33.623964459237015
3gnw,3gnw_873,26.128365012480856
3gnw,3gnw_876,27.18152098199283
3gnw,3gnw_877,33.18867334251492
3gnw,3gnw_939,41.7840929140689
3gnw,3gnw_94,26.048503906549204
3gnw,3gnw_95,19.092845168773582
3gnw,3gnw_950,42.59545105373635
3gnw,3gnw_959,38.21255158172724
3gnw,3gnw_961,39.992656467172615
3gnw,3gnw_965,41.82186590940741
3gnw,3gnw_982,39.14059595550568
3gr2,3gr2_102,3.145116604701721
3gr2,3gr2_118,5.66306978893299
3gr2,3gr2_12,9.80932843962682
3gr2,3gr2_122,10.14134889488259
3gr2,3gr2_132,5.099537533319001
3gr2,3gr2_151,5.854236832410836
3gr2,3gr2_186,5.769234543234579
3gr2,3gr2_187,4.092011254479379
3gr2,3gr2_205,12.86332673373058
3gr2,3gr2_220,13.232192601048784
3gr2,3gr2_226,4.715378189077375
3gr2,3gr2_239,11.430805593572876
3gr2,3gr2_254,6.467630218793448
3gr2,3gr2_262,10.838894379708703
3gr2,3gr2_277,9.475527885431973
3gr2,3gr2_279,7.161785889720016
3gr2,3gr2_337,13.761142805697794
3gr2,3gr2_409,11.862633721246349
3gr2,3gr2_410,14.262533014165472
3gr2,3gr2_415,7.145138835415733
3gr2,3gr2_421,5.573318708072481
3gr2,3gr2_424,14.565079215258388
3gr2,3gr2_446,13.067693770169402
3gr2,3gr2_449,11.800569092718584
3gr2,3gr2_451,11.153615670686472
3gr2,3gr2_458,12.441846163472947
3gr2,3gr2_460,10.951236031268984
3gr2,3gr2_466,11.610644007311585
3gr2,3gr2_474,12.6736194411941
3gr2,3gr2_476,12.69453127302186
3gr2,3gr2_493,14.805943609946704
3gr2,3gr2_526,4.083020986563628
3gr2,3gr2_540,8.988506848443432
3gr2,3gr2_541,6.553226908967629
3gr2,3gr2_545,10.84656846349138
3gr2,3gr2_560,10.527690048092785
3gr2,3gr2_568,8.127937420726555
3gr2,3gr2_580,11.243053992981494
3gr2,3gr2_581,6.5240951038164114
3gr2,3gr2_585,10.210681738376085
3gr2,3gr2_592,9.629478239651888
3gr2,3gr2_624,4.468791991424506
3gr2,3gr2_663,2.3154308413099893
3gr2,3gr2_665,5.794938358132758
3gr2,3gr2_669,3.253571092685396
3gr2,3gr2_684,9.649963872039448
3gr2,3gr2_686,4.218976933601223
3gr2,3gr2_701,14.992645782439984
3gr2,3gr2_717,8.020237233721987
3gr2,3gr2_722,2.108165520892272
3gr2,3gr2_732,9.25580262286436
3gr2,3gr2_735,7.799919455783031
3gr2,3gr2_737,7.910866781493048
3gr2,3gr2_738,8.117348476910617
3gr2,3gr2_742,4.7840593195174606
3gr2,3gr2_743,5.581213974721095
3gr2,3gr2_745,7.345385879000166
3gr2,3gr2_747,4.227619579590728
3gr2,3gr2_756,4.624363329128229
3gr2,3gr2_758,1.558063241324736
3gr2,3gr2_761,10.048769769302952
3gr2,3gr2_762,3.908357577636985
3gr2,3gr2_764,10.130411918931545
3gr2,3gr2_765,7.017695360941547
3gr2,3gr2_766,5.9041377692176695
3gr2,3gr2_771,8.705428082560417
3gr2,3gr2_776,8.214569590701903
3gr2,3gr2_779,2.511174231949321
3gr2,3gr2_783,1.381721600391653
3gr2,3gr2_786,2.614591242654725
3gr2,3gr2_820,10.008645311636917
3gr2,3gr2_835,14.360089820410323
3gr2,3gr2_841,2.101465425421705
3gr2,3gr2_853,4.055211799683606
3gr2,3gr2_858,4.014641880316014
3gr2,3gr2_867,4.8533558670686565
3gr2,3gr2_872,12.455817985395392
3gr2,3gr2_879,4.925951522697282
3gr2,3gr2_973,11.72856912259927
3gr2,3gr2_978,4.8206660327196165
3gv9,3gv9_102,9.08444302511528
3gv9,3gv9_124,16.617012623904632
3gv9,3gv9_227,1.306519730899807
3gv9,3gv9_24,7.143834650245064
3gv9,3gv9_242,3.5899023827633543
3gv9,3gv9_247,2.893221898714267
3gv9,3gv9_256,2.4256920051655526
3gv9,3gv9_258,12.77057312872662
3gv9,3gv9_259,1.971180043956617
3gv9,3gv9_263,1.441488924324682
3gv9,3gv9_266,2.779773915404569
3gv9,3gv9_277,4.351647460161975
3gv9,3gv9_281,3.4953286639497945
3gv9,3gv9_285,1.2103646942092512
3gv9,3gv9_293,4.298990519527714
3gv9,3gv9_298,2.1363470654194927
3gv9,3gv9_30,21.245735136060496
3gv9,3gv9_300,3.21459023341588
3gv9,3gv9_304,9.611743643228335
3gv9,3gv9_305,6.183434989242292
3gv9,3gv9_306,5.230339563132257
3gv9,3gv9_307,5.457698666187163
3gv9,3gv9_312,5.581123845198896
3gv9,3gv9_315,3.67953136579706
3gv9,3gv9_318,5.670802142168251
3gv9,3gv9_324,16.603513944033367
3gv9,3gv9_328,5.998380908809735
3gv9,3gv9_335,4.9756951202478295
3gv9,3gv9_340,6.019170866995554
3gv9,3gv9_350,10.282993249617377
3gv9,3gv9_355,4.675527442579558
3gv9,3gv9_370,17.63417081949909
3gv9,3gv9_379,4.696902880216363
3gv9,3gv9_385,5.627710173062158
3gv9,3gv9_397,5.717127259276351
3gv9,3gv9_398,4.9988799061370655
3gv9,3gv9_399,5.441876031419397
3gv9,3gv9_407,7.514278662032918
3gv9,3gv9_432,14.154592858036509
3gv9,3gv9_453,7.331638300677546
3gv9,3gv9_462,21.635044600174176
3gv9,3gv9_467,9.03285929135927
3gv9,3gv9_47,16.418635193595595
3gv9,3gv9_479,6.703403041532414
3gv9,3gv9_480,10.04450466077087
3gv9,3gv9_489,10.260180185364742
3gv9,3gv9_491,16.86489447463829
3gv9,3gv9_505,11.282407546106125
3gv9,3gv9_509,11.141708157935453
3gv9,3gv9_537,15.2787135237136
3gv9,3gv9_540,12.438502276804298
3gv9,3gv9_545,13.293986218824866
3gv9,3gv9_556,9.044918690443824
3gv9,3gv9_559,9.13918641772004
3gv9,3gv9_561,8.586746156296686
3gv9,3gv9_563,9.962954708148954
3gv9,3gv9_564,6.378114767311285
3gv9,3gv9_565,10.200509307416516
3gv9,3gv9_579,11.52318169426358
3gv9,3gv9_59,18.01472740560849
3gv9,3gv9_592,6.1224631184158325
3gv9,3gv9_6,17.646002241893374
3gv9,3gv9_604,8.82864194365707
3gv9,3gv9_605,11.453003573487948
3gv9,3gv9_62,11.239326475229683
3gv9,3gv9_623,9.892665421943674
3gv9,3gv9_626,11.836888073707977
3gv9,3gv9_630,10.806623736742884
3gv9,3gv9_639,13.105122423902053
3gv9,3gv9_642,11.615211060301773
3gv9,3gv9_658,11.523944219837508
3gv9,3gv9_660,14.479825846729206
3gv9,3gv9_661,8.936579158161138
3gv9,3gv9_670,7.497481834820252
3gv9,3gv9_674,13.155025187781096
3gv9,3gv9_685,10.744957758759494
3gv9,3gv9_688,6.375715289794344
3gv9,3gv9_697,17.988038228117993
3gv9,3gv9_7,16.704526976509733
3gv9,3gv9_700,10.587341328718836
3gv9,3gv9_756,13.157366470803954
3gv9,3gv9_759,6.799589457227272
3gv9,3gv9_76,17.936955274449463
3gv9,3gv9_760,11.908781757556984
3gv9,3gv9_761,13.75678291073728
3gv9,3gv9_765,4.772812528949963
3gv9,3gv9_767,7.913394469786547
3gv9,3gv9_786,12.053760218846696
3gv9,3gv9_810,8.489560497638571
3gv9,3gv9_826,14.119839028913104
3gv9,3gv9_83,19.801266512626302
3gv9,3gv9_835,16.12721072459174
3gv9,3gv9_84,15.167496673060716
3gv9,3gv9_85,19.233397856177547
3gv9,3gv9_858,7.981845741997295
3gv9,3gv9_875,8.393160210855433
3gv9,3gv9_96,11.442673044685668
3gv9,3gv9_98,7.471841549561801
3gv9,3gv9_990,7.6946434966411426
3gy4,3gy4_121,15.77650178230504
3gy4,3gy4_14,25.966237884781822
3gy4,3gy4_184,25.79086258649869
3gy4,3gy4_236,22.155232914673974
3gy4,3gy4_251,24.406101482496357
3gy4,3gy4_259,15.628352012085836
3gy4,3gy4_269,21.817664634231797
3gy4,3gy4_284,24.173209849032126
3gy4,3gy4_39,26.44487512958008
3gy4,3gy4_413,18.280613187658428
3gy4,3gy4_415,16.028395771731923
3gy4,3gy4_423,15.66828547919331
3gy4,3gy4_424,23.55285635923136
3gy4,3gy4_430,24.26283958526308
3gy4,3gy4_437,23.653653550997586
3gy4,3gy4_452,19.605687511315303
3gy4,3gy4_460,21.54294218704764
3gy4,3gy4_466,16.47005072973388
3gy4,3gy4_483,16.445820540865864
3gy4,3gy4_496,18.188693562463705
3gy4,3gy4_497,20.0641296133371
3gy4,3gy4_517,9.634072400763875
3gy4,3gy4_525,21.23238540153261
3gy4,3gy4_528,11.09199929606982
3gy4,3gy4_531,11.199688885252243
3gy4,3gy4_54,26.84142813316721
3gy4,3gy4_550,6.951815326260562
3gy4,3gy4_557,13.663073359760954
3gy4,3gy4_561,8.562365871957535
3gy4,3gy4_565,21.709358190205272
3gy4,3gy4_570,9.51599982272168
3gy4,3gy4_573,6.3099381012952405
3gy4,3gy4_590,14.552960003386492
3gy4,3gy4_591,11.75667788086825
3gy4,3gy4_593,9.147922725641168
3gy4,3gy4_596,13.646402867350496
3gy4,3gy4_598,12.386361286081844
3gy4,3gy4_599,15.911010714224226
3gy4,3gy4_633,15.557895218976991
3gy4,3gy4_638,12.484226116554762
3gy4,3gy4_643,15.162459111288689
3gy4,3gy4_648,17.769796603043204
3gy4,3gy4_669,19.101346672984977
3gy4,3gy4_685,17.151554001765422
3gy4,3gy4_686,16.314656626744128
3ivg,3ivg_10,35.289563578274645
3ivg,3ivg_107,17.080685692290963
3ivg,3ivg_108,21.997336899438796
3ivg,3ivg_14,33.1883479834564
3ivg,3ivg_150,19.50105195043733
3ivg,3ivg_161,14.433227672332844
3ivg,3ivg_209,36.56505519717473
3ivg,3ivg_218,36.43172102201901
3ivg,3ivg_236,26.60082925844037
3ivg,3ivg_250,36.29291808168495
3ivg,3ivg_252,37.66545686463972
3ivg,3ivg_253,35.48850820461048
3ivg,3ivg_255,36.04860846781332
3ivg,3ivg_262,27.96230658536412
3ivg,3ivg_275,37.38471952116684
3ivg,3ivg_276,35.11529633701684
3ivg,3ivg_291,12.824499684893926
3ivg,3ivg_313,26.017682488817783
3ivg,3ivg_330,24.25628815312213
3ivg,3ivg_40,13.862961593741533
3ivg,3ivg_410,22.714430025105788
3ivg,3ivg_438,25.520781917894983
3ivg,3ivg_44,13.705686725434298
3ivg,3ivg_440,27.6198602082452
3ivg,3ivg_45,13.636353439255952
3ivg,3ivg_471,22.93877428037005
3ivg,3ivg_479,28.52226319485689
3ivg,3ivg_48,17.425773544060775
3ivg,3ivg_483,29.12044551102929
3ivg,3ivg_494,18.848250366434645
3ivg,3ivg_497,25.85209841902496
3ivg,3ivg_518,21.240376464445227
3ivg,3ivg_531,23.24616416393537
3ivg,3ivg_542,18.483239382954505
3ivg,3ivg_545,27.34341733710064
3ivg,3ivg_548,20.72205313989883
3ivg,3ivg_55,11.912027957550196
3ivg,3ivg_550,20.24574875730545
3ivg,3ivg_573,17.39358169197677
3ivg,3ivg_590,25.63478887003724
3ivg,3ivg_60,21.135345429292016
3ivg,3ivg_608,17.555722860158937
3ivg,3ivg_624,13.432363700123654
3ivg,3ivg_635,12.020976072315776
3ivg,3ivg_640,11.937881550655572
3ivg,3ivg_659,18.99927818490362
3ivg,3ivg_699,13.681772619499704
3ivg,3ivg_701,22.462579565838794
3ivg,3ivg_703,23.504105789494023
3ivg,3ivg_705,34.89284152135094
3ivg,3ivg_706,36.18058642579745
3ivg,3ivg_710,12.628293238181085
3ivg,3ivg_713,35.59068629917944
3ivg,3ivg_731,29.10467635027761
3ivg,3ivg_733,28.834181003024455
3ivg,3ivg_753,22.439498862077464
3ivg,3ivg_761,27.46688818227097
3ivg,3ivg_769,20.350541726495383
3ivg,3ivg_770,27.456350293951598
3ivg,3ivg_776,9.07201191513153
3ivg,3ivg_779,21.44000702694779
3ivg,3ivg_788,10.097849414129598
3ivg,3ivg_793,16.664712225789458
3ivg,3ivg_794,15.779493072098187
3ivg,3ivg_80,29.553223563465792
3ivg,3ivg_837,32.9401555927224
3ivg,3ivg_849,13.04218987442269
3ivg,3ivg_860,28.644244740473088
3ivg,3ivg_862,22.01086914670912
3ivg,3ivg_866,18.07988378994357
3ivg,3ivg_899,10.08061123357168
3ivg,3ivg_9,36.392560922510334
3ivg,3ivg_91,20.64052326921284
3ivg,3ivg_915,5.84527206361111
3ivg,3ivg_924,15.292602072954194
3ivg,3ivg_926,20.003648852727324
3ivg,3ivg_940,14.729598260633184
3ivg,3ivg_946,17.58414307803671
3ivg,3ivg_952,7.730604331436194
3ivg,3ivg_954,20.22439874655495
3ivg,3ivg_961,7.913786008778321
3ivg,3ivg_98,17.04754740235737
3ivg,3ivg_983,9.245478638579208
3ivg,3ivg_989,20.35779145511592
3ivg,3ivg_993,33.07557524741954
3jvr,3jvr_137,11.903539008089588
3jvr,3jvr_154,19.007242595121745
3jvr,3jvr_162,10.825657375842264
3jvr,3jvr_168,11.114099112090903
3jvr,3jvr_171,18.642674267019714
3jvr,3jvr_187,28.02398281924348
3jvr,3jvr_195,12.780861456148635
3jvr,3jvr_210,17.41899313037179
3jvr,3jvr_225,10.263325055127556
3jvr,3jvr_229,28.940582298311405
3jvr,3jvr_246,18.602803340835752
3jvr,3jvr_275,17.49129123921353
3jvr,3jvr_290,17.2302950248144
3jvr,3jvr_297,12.854754066375184
3jvr,3jvr_329,8.805712008543
3jvr,3jvr_330,21.088216183956703
3jvr,3jvr_332,13.03612534246776
3jvr,3jvr_34,20.51455814133398
3jvr,3jvr_349,19.841540246261488
3jvr,3jvr_355,18.01362712942567
3jvr,3jvr_394,17.706369847687366
3jvr,3jvr_404,24.42502134755815
3jvr,3jvr_435,22.95440111468237
3jvr,3jvr_441,27.582354070285653
3jvr,3jvr_444,35.34329847115183
3jvr,3jvr_446,36.130548358931485
3jvr,3jvr_451,31.03251063939644
3jvr,3jvr_452,27.99138348836495
3jvr,3jvr_457,21.38039696633348
3jvr,3jvr_459,25.09358077872752
3jvr,3jvr_464,19.24458836155378
3jvr,3jvr_468,32.32695838822532
3jvr,3jvr_470,24.076828098935213
3jvr,3jvr_471,32.082667822204286
3jvr,3jvr_478,36.7112797705444
3jvr,3jvr_484,29.57295821184476
3jvr,3jvr_486,31.717637839540743
3jvr,3jvr_500,27.88802174013264
3jvr,3jvr_505,22.247864400487877
3jvr,3jvr_509,21.37964361639047
3jvr,3jvr_515,28.448466835183066
3jvr,3jvr_523,23.7593392056934
3jvr,3jvr_550,15.803434773095534
3jvr,3jvr_554,22.736636571068985
3jvr,3jvr_562,24.744014647329163
3jvr,3jvr_567,21.38885661530011
3jvr,3jvr_579,21.323521368261787
3jvr,3jvr_580,34.75227332048909
3jvr,3jvr_589,23.06210990048812
3jvr,3jvr_590,20.801687047668004
3jvr,3jvr_592,20.747732053734588
3jvr,3jvr_596,26.28389975345232
3jvr,3jvr_600,16.389942643112146
3jvr,3jvr_603,30.60233386405353
3jvr,3jvr_604,20.899215240304965
3jvr,3jvr_610,20.46409241870156
3jvr,3jvr_623,23.042232795935345
3jvr,3jvr_627,25.09411796103537
3jvr,3jvr_647,26.560548055916577
3jvr,3jvr_650,20.652268574454656
3jvr,3jvr_662,27.60242302473946
3jvr,3jvr_673,30.59170443464345
3jvr,3jvr_688,27.06578587945706
3jvr,3jvr_689,26.39816313655975
3jvr,3jvr_697,24.537370153717315
3jvr,3jvr_699,22.58557780662151
3jvr,3jvr_703,38.81652398821251
3jvr,3jvr_716,36.76129112327616
3jvr,3jvr_726,33.8137395018516
3jvr,3jvr_732,34.93456751586289
3jvr,3jvr_739,20.569572081718583
3jvr,3jvr_740,27.54117632091095
3jvr,3jvr_742,30.30942218300763
3jvr,3jvr_750,21.70002249355726
3jvr,3jvr_752,27.753697913031367
3jvr,3jvr_755,38.15913934703431
3jvr,3jvr_782,26.566878818670453
3jvr,3jvr_79,11.588110298857227
3jvr,3jvr_8,13.23987291961253
3jvr,3jvr_814,22.906575526779207
3jvr,3jvr_819,25.250142389684147
3jvr,3jvr_82,17.76872367144196
3jvr,3jvr_822,22.46987290440182
3jvr,3jvr_826,24.11424704357339
3jvr,3jvr_827,15.668525717138415
3jvr,3jvr_828,14.221110036208437
3jvr,3jvr_831,16.953213386728827
3jvr,3jvr_836,27.541173481707897
3jvr,3jvr_870,36.44696041345422
3jvr,3jvr_884,34.66131222284705
3jvr,3jvr_890,38.579177932143295
3jvr,3jvr_893,34.47310479633041
3jvr,3jvr_923,37.51897163127514
3jvr,3jvr_932,29.89530826953141
3jvr,3jvr_99,22.272966870586405
3jvs,3jvs_206,27.059798388408023
3jvs,3jvs_226,36.15396433480218
3jvs,3jvs_229,38.72724516747168
3jvs,3jvs_234,23.19229661139713
3jvs,3jvs_235,25.115203461665484
3jvs,3jvs_246,29.599554981678036
3jvs,3jvs_253,36.79345607078158
3jvs,3jvs_269,23.25659231577815
3jvs,3jvs_275,34.05879374879979
3jvs,3jvs_299,23.65736886387753
3jvs,3jvs_377,21.552438763053157
3jvs,3jvs_405,36.98475335286408
3jvs,3jvs_411,39.38867748040186
3jvs,3jvs_419,26.09199732270668
3jvs,3jvs_424,19.710743796555988
3jvs,3jvs_426,23.70941069983625
3jvs,3jvs_435,23.0932938436856
3jvs,3jvs_441,32.9551167495314
3jvs,3jvs_443,31.945680634175577
3jvs,3jvs_449,30.06626275994126
3jvs,3jvs_454,19.724801587738888
3jvs,3jvs_467,23.21279628471546
3jvs,3jvs_469,27.5966094289938
3jvs,3jvs_483,34.41214065215354
3jvs,3jvs_489,29.02640815948442
3jvs,3jvs_490,19.492215802152028
3jvs,3jvs_492,27.422451745235414
3jvs,3jvs_502,31.27332741367502
3jvs,3jvs_513,40.19786121061926
3jvs,3jvs_524,28.955457653717485
3jvs,3jvs_546,19.417260649671743
3jvs,3jvs_555,20.32419622967563
3jvs,3jvs_56,27.761154385039127
3jvs,3jvs_583,31.592292246121527
3jvs,3jvs_587,28.063022596496413
3jvs,3jvs_593,25.57371444943448
3jvs,3jvs_613,16.653605521308982
3jvs,3jvs_614,46.68684434243865
3jvs,3jvs_616,25.802035261194693
3jvs,3jvs_617,29.82829017200194
3jvs,3jvs_623,24.09982756521065
3jvs,3jvs_626,23.82205857732819
3jvs,3jvs_640,25.784262200031
3jvs,3jvs_642,24.25516687127512
3jvs,3jvs_651,22.91145810404023
3jvs,3jvs_658,17.09421979822175
3jvs,3jvs_666,18.461479258191225
3jvs,3jvs_680,24.047023046928857
3jvs,3jvs_688,20.695768026898502
3jvs,3jvs_694,21.40385093537651
3jvs,3jvs_698,15.67351467163079
3jvs,3jvs_703,40.931786275886616
3jvs,3jvs_707,31.227767486365355
3jvs,3jvs_740,14.705720293754064
3jvs,3jvs_742,19.821995695235845
3jvs,3jvs_758,12.905063911103184
3jvs,3jvs_762,13.77006409564338
3jvs,3jvs_769,19.89534808603183
3jvs,3jvs_785,31.789886247459687
3jvs,3jvs_800,25.66526285953787
3jvs,3jvs_804,27.818458822786003
3jvs,3jvs_806,26.243699149291448
3jvs,3jvs_812,25.858459865306926
3jvs,3jvs_815,27.19582827634568
3jvs,3jvs_817,25.170801305545933
3jvs,3jvs_82,18.895924120104592
3jvs,3jvs_822,27.07046711515917
3jvs,3jvs_824,19.595020632052822
3jvs,3jvs_830,35.04012229575608
3jvs,3jvs_831,13.944056061083945
3jvs,3jvs_832,22.301516471898918
3jvs,3jvs_838,14.912610331740357
3jvs,3jvs_840,31.13966564591777
3jvs,3jvs_846,15.207833132948622
3jvs,3jvs_847,15.041311122311798
3jvs,3jvs_856,23.69719509594795
3jvs,3jvs_860,19.398445462542533
3jvs,3jvs_867,19.930223850866284
3jvs,3jvs_868,15.0794213602771
3jvs,3jvs_869,22.25333265502763
3jvs,3jvs_884,37.745371388773215
3jvs,3jvs_895,39.818837906464005
3jvs,3jvs_897,31.1484481610537
3jvs,3jvs_9,27.274268312866937
3jvs,3jvs_904,31.091996335129423
3jvs,3jvs_916,31.57609452679629
3jvs,3jvs_957,28.681609614435587
3jvs,3jvs_963,29.90746740349145
3jvs,3jvs_973,22.366435212534707
3jya,3jya_125,31.35588741113176
3jya,3jya_179,27.88298820262441
3jya,3jya_20,31.53826185496806
3jya,3jya_238,32.17241922271004
3jya,3jya_285,29.57996396287484
3jya,3jya_315,31.55448950074617
3jya,3jya_324,30.120497949375824
3jya,3jya_402,17.793952406203054
3jya,3jya_403,23.823977591836627
3jya,3jya_405,27.746306596021064
3jya,3jya_408,25.92982508772065
3jya,3jya_413,30.921582147315668
3jya,3jya_418,24.93395685649528
3jya,3jya_420,31.373774730159788
3jya,3jya_425,25.15699176215426
3jya,3jya_428,30.014935555346405
3jya,3jya_435,24.76486260389064
3jya,3jya_440,26.051624133410435
3jya,3jya_449,27.5053109889179
3jya,3jya_455,23.3676959140839
3jya,3jya_457,27.057108917682363
3jya,3jya_459,28.43916462650397
3jya,3jya_469,28.338675751528168
3jya,3jya_470,28.23770497436383
3jya,3jya_471,29.92170266441004
3jya,3jya_472,24.274455493696404
3jya,3jya_475,27.626990602794898
3jya,3jya_481,24.54018650352616
3jya,3jya_490,32.43379002143807
3jya,3jya_494,24.3074300380931
3jya,3jya_506,23.58854489641259
3jya,3jya_508,31.720998949804876
3jya,3jya_518,27.326639743960666
3jya,3jya_531,20.440113174190078
3jya,3jya_538,25.25207670950129
3jya,3jya_544,31.827533040920745
3jya,3jya_553,32.63739859838743
3jya,3jya_570,16.739746728402306
3jya,3jya_572,21.96729254641902
3jya,3jya_584,18.32315257437585
3jya,3jya_594,19.475357316464397
3jya,3jya_647,13.382925893535344
3jya,3jya_649,22.25300866223577
3jya,3jya_690,27.867782754252108
3jya,3jya_700,21.8283464486302
3jya,3jya_712,8.205933511888196
3jya,3jya_730,6.576202023067804
3jya,3jya_734,14.503990631715546
3jya,3jya_735,9.010871189308324
3jya,3jya_736,15.551205960511432
3jya,3jya_741,12.24093107793951
3jya,3jya_742,13.009754226788424
3jya,3jya_744,15.278702141374502
3jya,3jya_748,9.631257074514746
3jya,3jya_750,8.104512505625674
3jya,3jya_752,8.158074532351677
3jya,3jya_755,8.719949237461078
3jya,3jya_756,4.053080857514609
3jya,3jya_758,5.634797722893835
3jya,3jya_761,10.078470344216369
3jya,3jya_764,6.388057744822345
3jya,3jya_765,6.074545342470638
3jya,3jya_766,4.915381068745591
3jya,3jya_767,5.6525795929151705
3jya,3jya_771,7.1725787293405325
3jya,3jya_772,4.774300840056103
3jya,3jya_774,3.818951915205712
3jya,3jya_775,4.324088902448131
3jya,3jya_776,13.225799393796398
3jya,3jya_780,5.366427336376234
3jya,3jya_782,5.289533972087422
3jya,3jya_783,13.10578206588138
3jya,3jya_786,9.994445702301316
3jya,3jya_787,18.44149989864577
3jya,3jya_788,10.602384051809482
3jya,3jya_791,6.674025070252256
3jya,3jya_793,8.788720513291693
3jya,3jya_795,11.12303745715217
3jya,3jya_796,10.2962700834283
3jya,3jya_797,9.33033811066325
3jya,3jya_798,8.094506385434444
3jya,3jya_799,5.734712808528493
3jya,3jya_865,28.44988813059997
3jya,3jya_890,10.27981732871566
3jya,3jya_898,10.90245085875017
3k5v,3k5v_101,28.682467778472823
3k5v,3k5v_117,38.61708320725352
3k5v,3k5v_123,37.1416960768905
3k5v,3k5v_152,35.68346209422116
3k5v,3k5v_153,44.420581475166
3k5v,3k5v_171,32.99974631056362
3k5v,3k5v_174,36.21533521113361
3k5v,3k5v_189,42.58113653843846
3k5v,3k5v_199,33.00178796794937
3k5v,3k5v_206,32.244979221843906
3k5v,3k5v_211,44.03881279649771
3k5v,3k5v_218,44.343742077439
3k5v,3k5v_236,43.119054528714784
3k5v,3k5v_274,40.304651212992944
3k5v,3k5v_275,30.15115575078397
3k5v,3k5v_296,44.91561291379098
3k5v,3k5v_301,44.4631386352444
3k5v,3k5v_321,44.68878321648502
3k5v,3k5v_324,42.7356655045976
3k5v,3k5v_330,42.62913952628586
3k5v,3k5v_333,39.41510904351332
3k5v,3k5v_334,26.967524234484653
3k5v,3k5v_335,38.13736183103155
3k5v,3k5v_337,40.22072157041666
3k5v,3k5v_367,39.55499975723316
3k5v,3k5v_382,32.36330103957629
3k5v,3k5v_383,42.11392970484251
3k5v,3k5v_385,43.04862800023286
3k5v,3k5v_386,42.82626533068673
3k5v,3k5v_391,35.256839966820884
3k5v,3k5v_393,47.26560781664258
3k5v,3k5v_400,40.222091967885184
3k5v,3k5v_429,35.088945413214326
3k5v,3k5v_431,37.27825820307741
3k5v,3k5v_433,34.29070891567763
3k5v,3k5v_442,40.90206804123732
3k5v,3k5v_456,35.25121505643872
3k5v,3k5v_468,41.84498077132815
3k5v,3k5v_484,36.474690015228745
3k5v,3k5v_490,36.40151839593454
3k5v,3k5v_493,42.61776777988256
3k5v,3k5v_498,36.580437991059945
3k5v,3k5v_499,38.644638046784216
3k5v,3k5v_541,29.24308936908949
3k5v,3k5v_543,27.75181264363464
3k5v,3k5v_548,34.00375954859283
3k5v,3k5v_558,35.14277514619215
3k5v,3k5v_561,27.493135855387887
3k5v,3k5v_563,14.627110579561029
3k5v,3k5v_588,17.76573850200693
3k5v,3k5v_592,26.277972638788505
3k5v,3k5v_593,36.58820732329655
3k5v,3k5v_601,34.256240278064325
3k5v,3k5v_626,29.58831618964224
3k5v,3k5v_630,37.08518478053141
3k5v,3k5v_640,27.1292474615289
3k5v,3k5v_658,26.89579794530561
3k5v,3k5v_664,39.05000426713766
3k5v,3k5v_666,25.098571553810128
3k5v,3k5v_686,22.637380342678743
3k5v,3k5v_710,41.81232492447155
3k5v,3k5v_713,20.68510058146985
3k5v,3k5v_727,19.90878339748484
3k5v,3k5v_729,19.854011579744714
3k5v,3k5v_732,19.27887489774216
3k5v,3k5v_738,17.765521727698445
3k5v,3k5v_740,34.43195195906573
3k5v,3k5v_742,16.32918002101307
3k5v,3k5v_757,19.32788329634615
3k5v,3k5v_759,16.82278995184
3k5v,3k5v_762,17.774472518289016
3k5v,3k5v_769,15.310042922463367
3k5v,3k5v_772,15.525876332323358
3k5v,3k5v_774,12.007422850239209
3k5v,3k5v_775,15.1248586782743
3k5v,3k5v_776,21.5359476360264
3k5v,3k5v_810,29.092588957351943
3k5v,3k5v_842,25.91790548907074
3k5v,3k5v_843,28.1373640656291
3k5v,3k5v_851,12.441562259656736
3k5v,3k5v_852,18.241944871824344
3k5v,3k5v_866,26.024789471403604
3k5v,3k5v_886,24.743084463587778
3k5v,3k5v_891,26.46547999348009
3k5v,3k5v_928,32.376075030144406
3k5v,3k5v_953,38.742661198344685
3k5v,3k5v_960,22.40384403241056
3k5v,3k5v_981,41.41590217465657
3kgp,3kgp_20,11.536445282585726
3kgp,3kgp_31,12.345495451258833
3kgp,3kgp_408,12.749021227507969
3kgp,3kgp_420,11.875521312022228
3kgp,3kgp_431,12.798493137046066
3kgp,3kgp_434,11.768311074632662
3kgp,3kgp_457,11.028750859963452
3kgp,3kgp_465,11.588442621222958
3kgp,3kgp_475,10.792994480033604
3kgp,3kgp_477,10.775684751355444
3kgp,3kgp_483,10.669468776498034
3kgp,3kgp_491,10.528373733155338
3kgp,3kgp_492,9.762342361405349
3kgp,3kgp_493,11.68820244988298
3kgp,3kgp_496,10.629808010192054
3kgp,3kgp_5,12.918656085660338
3kgp,3kgp_504,9.495105203217497
3kgp,3kgp_507,9.463893691506003
3kgp,3kgp_511,5.462309232902899
3kgp,3kgp_523,9.369885408947072
3kgp,3kgp_524,5.078322417103228
3kgp,3kgp_528,5.959079772793283
3kgp,3kgp_532,6.66848268822111
3kgp,3kgp_533,4.570186539813549
3kgp,3kgp_541,10.177146617839693
3kgp,3kgp_547,6.261028944574563
3kgp,3kgp_551,6.860111275766784
3kgp,3kgp_568,8.865905149115266
3kgp,3kgp_573,6.886426995579421
3kgp,3kgp_574,8.304445465119603
3kgp,3kgp_591,6.314382487543754
3kgp,3kgp_596,6.665350627736084
3kgp,3kgp_600,6.729400473821466
3kgp,3kgp_610,9.326940125882798
3kgp,3kgp_657,8.43469305155247
3kgp,3kgp_661,10.756429930051269
3kgp,3kgp_687,6.977592953554109
3kgp,3kgp_693,3.753747423253004
3kgp,3kgp_696,10.32484820100117
3kgp,3kgp_700,9.456118120338104
3kgp,3kgp_715,11.038127963077969
3kgp,3kgp_745,10.804700102874456
3kgp,3kgp_750,10.662967484650505
3kgp,3kgp_757,9.54560899125932
3kgp,3kgp_763,8.933355521498896
3kgp,3kgp_768,9.797713947812667
3kgp,3kgp_771,2.3087117866544844
3kgp,3kgp_776,3.97133310842829
3kgp,3kgp_777,10.05890017167972
3kgp,3kgp_778,4.224378625611524
3kgp,3kgp_780,7.269823275224912
3kgp,3kgp_782,2.225591233087799
3kgp,3kgp_783,11.914493131241963
3kgp,3kgp_784,3.3824808814830702
3kgp,3kgp_785,3.926488224522836
3kgp,3kgp_786,3.4704694904077416
3kgp,3kgp_787,10.955171275168238
3kgp,3kgp_788,3.183503283063768
3kgp,3kgp_789,3.898436889394832
3kgp,3kgp_790,5.502268516244793
3kgp,3kgp_791,3.910811965483752
3kgp,3kgp_792,3.526289612570593
3kgp,3kgp_796,3.3595329014288984
3kgp,3kgp_798,3.4353207038204467
3kgp,3kgp_799,10.65992566968773
3kr8,3kr8_419,52.050646729780965
3kr8,3kr8_422,55.72007558911833
3kr8,3kr8_428,52.2388097208145
3kr8,3kr8_441,44.32253626200444
3kr8,3kr8_442,42.93219856346163
3kr8,3kr8_453,39.19770960270547
3kr8,3kr8_459,37.36725925453089
3kr8,3kr8_460,33.64001955270289
3kr8,3kr8_470,31.195851965243445
3kr8,3kr8_475,28.6081870703202
3kr8,3kr8_479,16.703671250862282
3kr8,3kr8_489,34.52742317732506
3kr8,3kr8_492,40.76323950734804
3kr8,3kr8_498,49.85247196178998
3kr8,3kr8_499,47.290876129576326
3kr8,3kr8_505,49.21761204203026
3kr8,3kr8_558,33.54818218503865
3kr8,3kr8_568,31.72672589332151
3kr8,3kr8_579,9.149164031891395
3kr8,3kr8_582,27.60957987753651
3kr8,3kr8_584,17.77493320572969
3kr8,3kr8_585,30.78627432034481
3kr8,3kr8_595,10.48427733757806
3kr8,3kr8_598,11.020820280699931
3kr8,3kr8_609,32.65102703492632
3kr8,3kr8_617,31.561452176934043
3kr8,3kr8_619,17.811496231107043
3kr8,3kr8_640,32.343635049781206
3kr8,3kr8_646,28.01294373820779
3kr8,3kr8_650,13.979476111792904
3kr8,3kr8_653,38.96046166375038
3kr8,3kr8_656,17.973415089365897
3kr8,3kr8_658,22.169691751126823
3kr8,3kr8_661,27.068261506365616
3kr8,3kr8_664,40.84837943931908
3kr8,3kr8_674,24.94506496458901
3kr8,3kr8_683,16.242155074097347
3kr8,3kr8_690,24.086329678729403
3kr8,3kr8_695,20.235904067399943
3kr8,3kr8_696,26.82942063710849
3kr8,3kr8_699,30.848637999387627
3kr8,3kr8_702,30.84305796141276
3kr8,3kr8_728,5.127083567983683
3kr8,3kr8_731,9.971464594230776
3kr8,3kr8_745,17.413385561834374
3kr8,3kr8_747,6.408073028838472
3kr8,3kr8_756,5.507507175659983
3kr8,3kr8_757,9.057620224815604
3kr8,3kr8_759,4.088162140042376
3kr8,3kr8_761,20.12837331411734
3kr8,3kr8_763,18.691951626539577
3kr8,3kr8_765,3.358413488862442
3kr8,3kr8_767,8.437759864354014
3kr8,3kr8_768,4.423575144117358
3kr8,3kr8_771,11.039517040606954
3kr8,3kr8_772,4.4610633168224165
3kr8,3kr8_776,12.075085922429365
3kr8,3kr8_779,4.407371950565471
3kr8,3kr8_780,17.47866932844192
3kr8,3kr8_781,21.200131396307413
3kr8,3kr8_783,13.860771429374726
3kr8,3kr8_785,43.784346309832486
3kr8,3kr8_787,51.588928257282944
3kr8,3kr8_807,13.454207296301702
3kr8,3kr8_819,8.639302226254422
3kr8,3kr8_826,8.193359545599426
3kr8,3kr8_852,7.859703592498952
3kr8,3kr8_856,6.759526103244602
3kr8,3kr8_870,9.278476500386192
3kr8,3kr8_876,7.849428156289203
3kr8,3kr8_882,3.313340363789948
3kr8,3kr8_884,45.5139597994027
3kr8,3kr8_894,53.03721497768868
3kr8,3kr8_896,54.51352300943052
3kr8,3kr8_910,13.97599916447539
3kr8,3kr8_922,9.930139431375332
3kr8,3kr8_958,28.42850208511553
3kr8,3kr8_965,25.33050652074223
3kr8,3kr8_969,13.99565307337468
3kr8,3kr8_971,17.89295249767849
3kr8,3kr8_980,26.688268339091813
3kwa,3kwa_128,17.951527412320793
3kwa,3kwa_130,16.528779705264892
3kwa,3kwa_160,18.97972998880349
3kwa,3kwa_185,16.12919166036484
3kwa,3kwa_296,14.89087909115164
3kwa,3kwa_328,17.97699258305966
3kwa,3kwa_413,13.925716657197594
3kwa,3kwa_449,18.077558620964663
3kwa,3kwa_469,12.863950248204349
3kwa,3kwa_49,17.278231564034556
3kwa,3kwa_499,17.171361494408423
3kwa,3kwa_525,7.400123194886805
3kwa,3kwa_541,17.629894804217678
3kwa,3kwa_570,6.554355067319238
3kwa,3kwa_573,6.715216400812458
3kwa,3kwa_576,10.345449140350285
3kwa,3kwa_600,9.253207802111898
3kwa,3kwa_620,7.867020848176843
3kwa,3kwa_624,10.03935358691342
3kwa,3kwa_635,5.326620344807117
3kwa,3kwa_661,10.738111094942274
3kwa,3kwa_686,9.718103253508856
3kwa,3kwa_694,13.587826091488438
3kwa,3kwa_713,11.936636098311128
3kwa,3kwa_725,20.7307734581284
3kwa,3kwa_727,10.206659736937842
3kwa,3kwa_748,14.171241137142909
3kwa,3kwa_749,15.28109182897586
3kwa,3kwa_750,13.306278679107638
3kwa,3kwa_758,14.35089780442742
3kwa,3kwa_766,8.81082615127579
3kwa,3kwa_773,16.275115408171008
3kwa,3kwa_775,16.067019728841572
3kwa,3kwa_780,9.772010288679978
3kwa,3kwa_782,14.235044593538618
3kwa,3kwa_792,14.972808849927496
3kwa,3kwa_794,9.91366675821207
3kwa,3kwa_799,8.968919392496911
3kwa,3kwa_801,13.852664409713569
3kwa,3kwa_804,16.626854873513
3kwa,3kwa_810,18.309828940373947
3kwa,3kwa_817,19.458117463766143
3kwa,3kwa_823,16.948838102706354
3kwa,3kwa_833,14.848606410973304
3kwa,3kwa_852,18.65880480231125
3kwa,3kwa_872,16.62982790574965
3kwa,3kwa_876,17.344717189987325
3kwa,3kwa_883,13.343938746120475
3kwa,3kwa_936,15.692656398333437
3kwa,3kwa_942,12.178534639640526
3kwa,3kwa_960,14.036279187834037
3l7b,3l7b_163,19.206853711848005
3l7b,3l7b_203,8.233014956755277
3l7b,3l7b_207,17.511206570567513
3l7b,3l7b_217,8.838160500312929
3l7b,3l7b_22,11.204960296054647
3l7b,3l7b_256,18.73820766997145
3l7b,3l7b_30,18.706958773404168
3l7b,3l7b_38,19.835458696179632
3l7b,3l7b_402,10.49245013962469
3l7b,3l7b_416,15.840121400658282
3l7b,3l7b_426,15.353819294140404
3l7b,3l7b_439,12.47424525939213
3l7b,3l7b_446,16.329905235959583
3l7b,3l7b_447,21.507812148211556
3l7b,3l7b_450,12.217356750693078
3l7b,3l7b_458,15.683409009208324
3l7b,3l7b_462,7.212959594399197
3l7b,3l7b_463,11.311051374432756
3l7b,3l7b_468,10.134461613540164
3l7b,3l7b_47,20.07644594610976
3l7b,3l7b_485,14.779680603356926
3l7b,3l7b_491,12.747823255098362
3l7b,3l7b_500,11.212191688398418
3l7b,3l7b_509,7.970805278483957
3l7b,3l7b_521,9.43003362070034
3l7b,3l7b_523,11.632776081452612
3l7b,3l7b_526,7.027449268219183
3l7b,3l7b_527,13.628698465800417
3l7b,3l7b_531,10.103816914645323
3l7b,3l7b_542,9.64649123913078
3l7b,3l7b_545,13.534783962643449
3l7b,3l7b_550,9.804581851800926
3l7b,3l7b_554,6.887489316564054
3l7b,3l7b_557,6.921927705700706
3l7b,3l7b_560,9.042044720559792
3l7b,3l7b_561,14.614455404591904
3l7b,3l7b_566,9.801895131532362
3l7b,3l7b_568,7.834086002707857
3l7b,3l7b_576,14.04228485254114
3l7b,3l7b_578,11.75776428830186
3l7b,3l7b_579,5.828439578198228
3l7b,3l7b_582,15.128943039708105
3l7b,3l7b_584,11.13907947833128
3l7b,3l7b_586,9.180672758261888
3l7b,3l7b_588,9.931413448845834
3l7b,3l7b_592,9.050992240039076
3l7b,3l7b_604,9.29280790349431
3l7b,3l7b_612,10.196865649878657
3l7b,3l7b_616,7.95024039820895
3l7b,3l7b_621,7.075187779391748
3l7b,3l7b_627,8.611627276207843
3l7b,3l7b_628,8.84225007073311
3l7b,3l7b_631,11.070941137312316
3l7b,3l7b_633,5.931815958514716
3l7b,3l7b_638,8.127718098260088
3l7b,3l7b_643,9.469429637308206
3l7b,3l7b_656,8.556787595871846
3l7b,3l7b_657,9.372341027745678
3l7b,3l7b_658,8.472974981496025
3l7b,3l7b_659,10.815306242872085
3l7b,3l7b_66,20.635549548302844
3l7b,3l7b_660,8.473809932461613
3l7b,3l7b_665,18.23674312585464
3l7b,3l7b_683,7.045460647260466
3l7b,3l7b_685,5.8998165281872765
3l7b,3l7b_686,8.614191603466812
3l7b,3l7b_687,9.054146424498253
3l7b,3l7b_690,9.761548447336285
3l7b,3l7b_694,9.930830882431842
3l7b,3l7b_696,7.833723228368848
3l7b,3l7b_719,7.62768949826235
3l7b,3l7b_72,19.44414871838004
3l7b,3l7b_730,12.517991260889064
3l7b,3l7b_750,11.294831290382382
3l7b,3l7b_844,19.3407117289587
3l7b,3l7b_9,19.98418558135828
3l7b,3l7b_93,18.27744538502806
3lka,3lka_161,23.820325746344466
3lka,3lka_24,16.79914987781609
3lka,3lka_258,22.010122915156632
3lka,3lka_319,16.04454297985018
3lka,3lka_373,25.55674054649317
3lka,3lka_404,29.389776666374026
3lka,3lka_431,23.63736605253299
3lka,3lka_435,12.834237022489342
3lka,3lka_438,19.70529187613454
3lka,3lka_439,14.209246487795872
3lka,3lka_443,21.49432996100903
3lka,3lka_444,16.68668686520867
3lka,3lka_456,24.417461080153974
3lka,3lka_457,20.73048804629788
3lka,3lka_459,18.2596476193221
3lka,3lka_468,21.662998019479247
3lka,3lka_472,14.022166136592173
3lka,3lka_477,17.359135973870753
3lka,3lka_485,23.31702219554672
3lka,3lka_486,24.680021739599457
3lka,3lka_490,17.375519698579954
3lka,3lka_491,16.06370050287818
3lka,3lka_495,18.701124436644815
3lka,3lka_498,13.706538849754017
3lka,3lka_501,16.973703356646674
3lka,3lka_505,11.764471570531883
3lka,3lka_510,20.935685435415238
3lka,3lka_515,19.827239083891055
3lka,3lka_518,21.057464487669503
3lka,3lka_521,14.880387937634351
3lka,3lka_536,16.586075838430087
3lka,3lka_541,20.73048804629788
3lka,3lka_544,23.2863301209131
3lka,3lka_554,18.17515613860283
3lka,3lka_556,23.63736605253299
3lka,3lka_558,16.972037345411028
3lka,3lka_559,16.58574164348569
3lka,3lka_562,23.37155419606192
3lka,3lka_565,11.601991444784948
3lka,3lka_568,15.837004446064132
3lka,3lka_582,14.98917945679504
3lka,3lka_588,22.346005525543493
3lka,3lka_593,22.38678755193808
3lka,3lka_613,12.491933017346168
3lka,3lka_627,17.23929308136978
3lka,3lka_644,7.728594890283307
3lka,3lka_652,23.74323039210219
3lka,3lka_653,19.028668170148546
3lka,3lka_660,16.088484783776458
3lka,3lka_665,24.68002365092501
3lka,3lka_668,20.73048676939321
3lka,3lka_685,22.83751360912041
3lka,3lka_735,8.911424867631089
3lka,3lka_745,14.915869922863648
3lka,3lka_749,10.859254826393476
3lka,3lka_752,9.818175311444987
3lka,3lka_756,8.982523244402211
3lka,3lka_760,12.131469546152978
3lka,3lka_764,13.420640999532118
3lka,3lka_771,13.525061470299782
3lka,3lka_772,14.168210161604012
3lka,3lka_774,19.841572899422317
3lka,3lka_775,21.560530622033024
3lka,3lka_777,11.348191001296987
3lka,3lka_780,5.922439472119599
3lka,3lka_787,12.513288416624578
3lka,3lka_791,14.657004744919783
3lka,3lka_792,12.407472631832809
3lka,3lka_794,9.977255177125276
3lka,3lka_868,8.73579298937726
3lka,3lka_870,8.911424867631089
3lka,3lka_871,8.694502061593052
3lka,3lka_882,20.46729273594361
3lka,3lka_884,8.540501911315308
3lka,3lka_888,8.865291956335401
3lka,3lka_889,8.543688930225915
3lka,3lka_893,11.897576358383883
3lka,3lka_932,17.931912874736497
3lka,3lka_94,17.498663341491156
3mss,3mss_101,28.091908521697324
3mss,3mss_141,23.136212488391536
3mss,3mss_18,29.00356925506877
3mss,3mss_197,25.75910776146553
3mss,3mss_214,22.52935996709095
3mss,3mss_23,28.50341512776461
3mss,3mss_239,22.076006993331006
3mss,3mss_244,22.72521855642801
3mss,3mss_264,31.47478389320124
3mss,3mss_3,34.48802184285818
3mss,3mss_311,28.728080951696384
3mss,3mss_386,30.763225022017465
3mss,3mss_401,23.74940874643245
3mss,3mss_412,27.44184396247398
3mss,3mss_424,23.91121007188824
3mss,3mss_433,25.021095020364488
3mss,3mss_434,30.576297423156984
3mss,3mss_443,28.457853668729012
3mss,3mss_445,22.30138564483104
3mss,3mss_448,27.62633922022404
3mss,3mss_451,27.87546901290223
3mss,3mss_458,24.537279545258446
3mss,3mss_459,25.429512098039847
3mss,3mss_465,24.52228596610791
3mss,3mss_466,22.603929513347463
3mss,3mss_467,21.19731772518758
3mss,3mss_475,23.422452545803583
3mss,3mss_476,23.180456036299155
3mss,3mss_487,27.590619645563315
3mss,3mss_499,17.615327155837768
3mss,3mss_507,20.112841613692176
3mss,3mss_518,21.141831924560684
3mss,3mss_522,23.42632842468308
3mss,3mss_534,27.541115372358707
3mss,3mss_546,24.91072048589962
3mss,3mss_548,26.305020813122358
3mss,3mss_555,19.816637100226693
3mss,3mss_561,20.2485067500208
3mss,3mss_568,19.459669607199373
3mss,3mss_571,21.44624569979371
3mss,3mss_574,22.233607496631507
3mss,3mss_576,21.760327360963235
3mss,3mss_591,18.970013062664883
3mss,3mss_621,21.91118182235371
3mss,3mss_628,25.68161881849617
3mss,3mss_64,29.05278112364984
3mss,3mss_653,23.290633123476923
3mss,3mss_665,17.364168318224834
3mss,3mss_668,21.42235619802103
3mss,3mss_669,16.919223974239223
3mss,3mss_678,23.918943240011597
3mss,3mss_680,21.974220262858104
3mss,3mss_681,16.851256601918422
3mss,3mss_682,20.340586568175997
3mss,3mss_684,21.77338292263309
3mss,3mss_689,18.426270852924183
3mss,3mss_697,20.7150235341056
3mss,3mss_730,24.800561802927305
3mss,3mss_737,22.77458681494976
3mss,3mss_74,28.826525867328783
3mss,3mss_747,22.646757464997293
3mss,3mss_757,21.49202707817538
3mss,3mss_758,15.63890548639103
3mss,3mss_765,23.24475088660492
3mss,3mss_79,27.822936036912918
3mss,3mss_792,30.73938880500404
3mss,3mss_800,28.30948008792664
3mss,3mss_812,26.854902993064808
3mss,3mss_82,28.29856775012755
3mss,3mss_827,30.629740996198933
3mss,3mss_836,21.840569216169094
3mss,3mss_840,29.870263740693744
3mss,3mss_856,24.678571806241877
3mss,3mss_869,26.75207471748889
3mss,3mss_873,21.68111730523899
3mss,3mss_9,27.43484342443316
3mss,3mss_94,25.848022666980476
3mss,3mss_946,25.921068001092337
3mss,3mss_948,20.72361078219849
3mss,3mss_952,21.317836780764924
3mss,3mss_96,29.342387278353907
3mss,3mss_971,24.90442404363591
3mss,3mss_974,20.439231271873023
3myg,3myg_104,20.917884439638076
3myg,3myg_110,19.1733716169259
3myg,3myg_115,31.12513749232548
3myg,3myg_140,69.68752145685227
3myg,3myg_159,15.421038661516894
3myg,3myg_162,15.21731879655668
3myg,3myg_181,17.06623346861096
3myg,3myg_198,17.85995115600799
3myg,3myg_225,71.51737013542514
3myg,3myg_31,17.25404502081443
3myg,3myg_333,70.48408628847926
3myg,3myg_370,23.074530898612096
3myg,3myg_407,21.384158828873428
3myg,3myg_410,15.592803125117005
3myg,3myg_422,21.589388340741507
3myg,3myg_427,17.09131338004849
3myg,3myg_435,22.856181492695
3myg,3myg_438,21.039735212924462
3myg,3myg_447,21.378467978732743
3myg,3myg_456,10.89471065266092
3myg,3myg_459,20.389977473901432
3myg,3myg_462,24.564793751970157
3myg,3myg_463,24.08185381460085
3myg,3myg_470,32.057773610842105
3myg,3myg_472,27.32627603513743
3myg,3myg_475,44.32832888005898
3myg,3myg_476,26.704342564205596
3myg,3myg_480,28.03662098300331
3myg,3myg_483,30.89911158291065
3myg,3myg_498,31.851244183061727
3myg,3myg_500,35.51634406187577
3myg,3myg_504,18.66326076009347
3myg,3myg_526,30.564537904318765
3myg,3myg_542,39.44031421276746
3myg,3myg_548,43.891788869404586
3myg,3myg_550,19.51202491766477
3myg,3myg_551,16.28144108357552
3myg,3myg_561,18.91010223206907
3myg,3myg_574,30.29306538741292
3myg,3myg_577,13.913743196851426
3myg,3myg_582,18.11797771204397
3myg,3myg_588,20.830581712834764
3myg,3myg_589,40.19301784917058
3myg,3myg_591,28.074605170919394
3myg,3myg_600,19.952730839280377
3myg,3myg_613,29.95920734831419
3myg,3myg_644,44.77822607008966
3myg,3myg_665,23.641368056345865
3myg,3myg_667,28.8051265581357
3myg,3myg_684,20.0313122404074
3myg,3myg_693,49.52469344039802
3myg,3myg_695,24.63063232997532
3myg,3myg_699,39.88817784955338
3myg,3myg_703,62.55610153392035
3myg,3myg_714,61.31162981737256
3myg,3myg_725,60.24050905465783
3myg,3myg_729,63.121857169605605
3myg,3myg_733,62.79811738317068
3myg,3myg_737,60.04250320119824
3myg,3myg_741,32.014413732967455
3myg,3myg_743,61.183303767503936
3myg,3myg_745,17.08538353816732
3myg,3myg_756,21.805120838842026
3myg,3myg_761,37.41888025954655
3myg,3myg_762,27.673000914456622
3myg,3myg_764,7.943566327716221
3myg,3myg_767,24.114148833882187
3myg,3myg_768,23.17100863380046
3myg,3myg_769,19.946266347986832
3myg,3myg_780,38.69749471686153
3myg,3myg_782,14.938675352245289
3myg,3myg_783,11.438444584450933
3myg,3myg_784,18.76579656492481
3myg,3myg_788,13.278155463586502
3myg,3myg_792,9.949238393834014
3myg,3myg_794,23.079968323839463
3myg,3myg_803,60.92550524133397
3myg,3myg_840,66.21452334583654
3myg,3myg_841,21.77910708156171
3myg,3myg_846,38.56057624685565
3myg,3myg_850,41.62546543343607
3myg,3myg_867,30.92037815422948
3myg,3myg_875,36.14537705010903
3myg,3myg_882,12.705558308756796
3myg,3myg_884,11.817757938269372
3myg,3myg_886,22.59581657227948
3myg,3myg_887,13.953235934012858
3myg,3myg_890,60.76567482961864
3myg,3myg_894,27.14749233188213
3myg,3myg_900,64.71441060486093
3myg,3myg_902,63.12210118274142
3myg,3myg_905,66.89079920458259
3myg,3myg_913,65.22259734701115
3myg,3myg_923,63.134060498276966
3myg,3myg_925,67.88635968637665
3myg,3myg_947,62.90635854293627
3myg,3myg_965,68.31346243040399
3myg,3myg_974,23.85931744876374
3myg,3myg_980,43.79306724443644
3myg,3myg_994,34.727232020319136
3n76,3n76_219,46.61128410017578
3n76,3n76_261,44.40725884155911
3n76,3n76_279,45.77339395549177
3n76,3n76_403,18.69828270939904
3n76,3n76_406,19.9062103530655
3n76,3n76_407,41.069537728633065
3n76,3n76_419,24.255184999436374
3n76,3n76_429,14.94787305615272
3n76,3n76_432,19.95413301843004
3n76,3n76_440,17.699034894566285
3n76,3n76_441,22.38951513444869
3n76,3n76_455,16.903360865039733
3n76,3n76_459,16.985934532755333
3n76,3n76_463,17.6376367394449
3n76,3n76_466,42.13909685274975
3n76,3n76_470,15.553181664863608
3n76,3n76_476,31.54410544910205
3n76,3n76_480,17.50303371992258
3n76,3n76_483,16.408595671947694
3n76,3n76_484,16.880862586675214
3n76,3n76_486,31.411822859584653
3n76,3n76_488,18.481426948681577
3n76,3n76_491,17.147034045376913
3n76,3n76_494,20.89368305442239
3n76,3n76_526,36.063637094585694
3n76,3n76_527,38.42563778861052
3n76,3n76_539,34.27274929261318
3n76,3n76_552,24.396635111940974
3n76,3n76_558,22.22571412512564
3n76,3n76_574,34.37078467882797
3n76,3n76_577,21.72390010482124
3n76,3n76_578,39.79495930614189
3n76,3n76_580,27.55522823208626
3n76,3n76_585,21.831013483002987
3n76,3n76_586,34.25079992515209
3n76,3n76_587,23.25333901727312
3n76,3n76_594,33.871986532198484
3n76,3n76_606,27.6864294677799
3n76,3n76_620,29.281030224346324
3n76,3n76_630,24.102010684070432
3n76,3n76_632,15.78989614172428
3n76,3n76_633,15.325154823664942
3n76,3n76_641,20.885325969851426
3n76,3n76_642,23.38693693887037
3n76,3n76_662,21.32503023656707
3n76,3n76_665,23.350618448760155
3n76,3n76_676,22.204799640345687
3n76,3n76_689,13.393217035591032
3n76,3n76_692,16.747265774745557
3n76,3n76_693,19.003442153956428
3n76,3n76_695,15.914650919893402
3n76,3n76_700,30.495871779269297
3n76,3n76_728,45.24502831803093
3n76,3n76_737,46.59756305331
3n76,3n76_749,45.96968498350104
3n76,3n76_758,45.47644591528828
3n76,3n76_760,46.83489463734387
3n76,3n76_782,44.67454257450416
3n76,3n76_878,45.89536402106718
3n76,3n76_884,44.8318121512832
3n76,3n76_885,45.110305769397634
3n7a,3n7a_36,27.89815815167305
3n7a,3n7a_402,25.31426833531832
3n7a,3n7a_405,26.049570520900247
3n7a,3n7a_418,18.02673732583797
3n7a,3n7a_423,21.746231189101213
3n7a,3n7a_428,26.686698675675576
3n7a,3n7a_437,20.45062082288329
3n7a,3n7a_446,11.29362900943824
3n7a,3n7a_459,22.1317795904486
3n7a,3n7a_488,23.911096912884084
3n7a,3n7a_494,16.70248928268692
3n7a,3n7a_495,27.79340787738185
3n7a,3n7a_547,11.0347693118297
3n7a,3n7a_548,14.317925982760665
3n7a,3n7a_552,21.18935790830252
3n7a,3n7a_569,6.510178009079714
3n7a,3n7a_574,15.114444401168113
3n7a,3n7a_579,11.319212642247452
3n7a,3n7a_582,7.973850094827459
3n7a,3n7a_583,18.71004637942616
3n7a,3n7a_584,11.308434326894709
3n7a,3n7a_637,19.62519504286975
3n7a,3n7a_638,10.677460381562222
3n7a,3n7a_670,14.88332573495679
3n7a,3n7a_7,28.62968645685491
3n7a,3n7a_734,15.499210526790955
3n7a,3n7a_736,10.403978790505263
3n7a,3n7a_738,10.257187942018918
3n7a,3n7a_740,10.286370065516572
3n7a,3n7a_745,22.58175370108121
3n7a,3n7a_747,12.066378394950313
3n7a,3n7a_752,9.783436548795962
3n7a,3n7a_760,24.87098594209194
3n7a,3n7a_767,21.14320777012755
3n7a,3n7a_768,10.481629042897392
3n7a,3n7a_771,21.210787298933717
3n7a,3n7a_774,20.360827036410942
3n7a,3n7a_775,18.13305881840417
3n7a,3n7a_776,16.567297906560523
3n7a,3n7a_779,12.2410164298119
3n7a,3n7a_781,19.30010382830678
3n7a,3n7a_788,12.40592798390428
3n7a,3n7a_794,13.52594346828432
3n7a,3n7a_795,15.700063016887762
3n7a,3n7a_797,9.17159085299854
3n7a,3n7a_798,13.195791038790516
3n7a,3n7a_831,29.3689428214235
3n7a,3n7a_840,27.11259102781041
3n7a,3n7a_897,23.63033498778646
3n7a,3n7a_955,30.155617517152987
3n7a,3n7a_993,24.8823518642272
3n86,3n86_265,44.14392759156303
3n86,3n86_404,18.76879605117111
3n86,3n86_405,41.5363270619095
3n86,3n86_412,16.053252354284876
3n86,3n86_419,16.64870976054559
3n86,3n86_420,15.112981479006312
3n86,3n86_424,15.288913318597931
3n86,3n86_430,31.105650395636918
3n86,3n86_432,17.08275614115979
3n86,3n86_433,16.77732667731939
3n86,3n86_436,16.852678107182744
3n86,3n86_438,30.740629840801382
3n86,3n86_443,30.53209791121381
3n86,3n86_451,25.23829566502226
3n86,3n86_460,16.186896450022097
3n86,3n86_462,30.719483345102475
3n86,3n86_465,16.757945742164924
3n86,3n86_467,30.49537105629327
3n86,3n86_468,38.20142818632558
3n86,3n86_472,29.913141190650403
3n86,3n86_475,16.689071829131343
3n86,3n86_477,21.894020313636613
3n86,3n86_480,32.016660794243336
3n86,3n86_483,15.10632428144601
3n86,3n86_485,27.68198350632579
3n86,3n86_486,16.08963119237561
3n86,3n86_487,16.02342831363853
3n86,3n86_491,17.6649977601095
3n86,3n86_500,19.511215204642305
3n86,3n86_509,32.9538395004975
3n86,3n86_531,30.651087456218573
3n86,3n86_532,31.28349061790268
3n86,3n86_54,43.64119940134794
3n86,3n86_557,26.62399416446782
3n86,3n86_563,29.564707528836824
3n86,3n86_574,19.932449501784145
3n86,3n86_586,23.47963843441874
3n86,3n86_595,21.560597466921624
3n86,3n86_596,32.36444358047224
3n86,3n86_610,22.10197384262183
3n86,3n86_639,15.112977382464033
3n86,3n86_657,18.07748513428304
3n86,3n86_662,13.74600414388594
3n86,3n86_664,21.560597466921624
3n86,3n86_665,24.475317322964717
3n86,3n86_666,25.997328157522368
3n86,3n86_674,25.329238738621267
3n86,3n86_676,16.852682028854414
3n86,3n86_680,16.757945742164924
3n86,3n86_690,22.06932083442861
3n86,3n86_768,41.69997922552685
3n86,3n86_859,41.32449949016262
3n86,3n86_861,44.28285616088247
3n86,3n86_870,42.98761936099682
3n86,3n86_878,39.48425486456721
3n86,3n86_99,43.86745909324474
3nq9,3nq9_103,10.969354930629631
3nq9,3nq9_112,17.628659379719647
3nq9,3nq9_117,13.200427906985958
3nq9,3nq9_134,16.699733111973615
3nq9,3nq9_140,17.973819574478952
3nq9,3nq9_148,8.697335692556294
3nq9,3nq9_158,9.821229774060695
3nq9,3nq9_176,12.241544755744531
3nq9,3nq9_180,13.073250638373027
3nq9,3nq9_221,13.333604604351738
3nq9,3nq9_235,13.08785767997276
3nq9,3nq9_236,12.451555184776373
3nq9,3nq9_246,12.970316618398057
3nq9,3nq9_25,13.47213117360788
3nq9,3nq9_259,11.759412213689092
3nq9,3nq9_270,12.237648757993725
3nq9,3nq9_273,10.584231192428028
3nq9,3nq9_282,12.640892016276837
3nq9,3nq9_298,12.984227172189286
3nq9,3nq9_310,5.216813544231153
3nq9,3nq9_311,6.715216997238228
3nq9,3nq9_330,9.641123012112695
3nq9,3nq9_338,7.975324597648126
3nq9,3nq9_35,25.5957112885372
3nq9,3nq9_352,8.883384734806105
3nq9,3nq9_358,6.850102512350379
3nq9,3nq9_36,11.605066888618
3nq9,3nq9_382,10.39825526235682
3nq9,3nq9_386,5.65066182611781
3nq9,3nq9_389,8.541431028549226
3nq9,3nq9_401,14.008271416251269
3nq9,3nq9_410,12.2976684900298
3nq9,3nq9_412,14.659608580856512
3nq9,3nq9_413,13.916850607373458
3nq9,3nq9_415,17.82155697036372
3nq9,3nq9_420,14.09957948604013
3nq9,3nq9_470,20.69719757234913
3nq9,3nq9_472,16.82771291369708
3nq9,3nq9_473,20.46181068747889
3nq9,3nq9_474,17.849933211379774
3nq9,3nq9_492,23.10085023271681
3nq9,3nq9_507,26.04513699516714
3nq9,3nq9_513,18.64941815800591
3nq9,3nq9_526,30.08010553780205
3nq9,3nq9_528,19.2552877494161
3nq9,3nq9_550,11.39022621037752
3nq9,3nq9_553,14.933672986654509
3nq9,3nq9_556,16.86846849634974
3nq9,3nq9_560,17.62855738116513
3nq9,3nq9_568,16.229327589008104
3nq9,3nq9_574,12.997792720121382
3nq9,3nq9_605,22.679497446765534
3nq9,3nq9_610,16.05267487575278
3nq9,3nq9_620,15.53309684556568
3nq9,3nq9_626,17.801833079683416
3nq9,3nq9_639,16.63551736745926
3nq9,3nq9_64,11.086393935445534
3nq9,3nq9_651,13.363562388559208
3nq9,3nq9_662,18.82750172793103
3nq9,3nq9_664,13.297722124991251
3nq9,3nq9_671,21.165602209774143
3nq9,3nq9_685,19.23474727767171
3nq9,3nq9_696,16.50503766242285
3nq9,3nq9_700,19.657612388721503
3nq9,3nq9_703,8.88059051424431
3nq9,3nq9_706,15.440027506284132
3nq9,3nq9_726,14.947818656412464
3nq9,3nq9_770,11.162128266741394
3nq9,3nq9_781,17.52930065105551
3nq9,3nq9_784,16.931762138955673
3nq9,3nq9_785,10.18228676264053
3nq9,3nq9_801,9.723184872246584
3nq9,3nq9_805,10.456154858713782
3nq9,3nq9_83,17.823214908093025
3nq9,3nq9_837,16.70180551387283
3nq9,3nq9_869,13.213285159247851
3nq9,3nq9_894,12.747659709784784
3nq9,3nq9_899,9.859364924450238
3nq9,3nq9_905,10.110024879063124
3nq9,3nq9_916,9.61600288870984
3nq9,3nq9_92,14.23655866739594
3nq9,3nq9_948,16.106375364712083
3nq9,3nq9_96,11.89283167862247
3nq9,3nq9_97,23.09366180983576
3nq9,3nq9_977,11.385264809635824
3nq9,3nq9_981,13.514815563763031
3nw9,3nw9_105,26.68502757813013
3nw9,3nw9_123,36.82707871272079
3nw9,3nw9_124,25.84001062558783
3nw9,3nw9_134,23.0072335803763
3nw9,3nw9_140,29.42808380232575
3nw9,3nw9_142,37.40485249739456
3nw9,3nw9_149,23.229502227755635
3nw9,3nw9_151,25.575099613954496
3nw9,3nw9_153,57.17555170802964
3nw9,3nw9_159,42.0955616573437
3nw9,3nw9_162,26.2537126553758
3nw9,3nw9_163,31.708616581860504
3nw9,3nw9_166,44.87672576088071
3nw9,3nw9_172,61.36958736702495
3nw9,3nw9_176,26.9279982437341
3nw9,3nw9_183,36.43754120564704
3nw9,3nw9_190,30.44758769846806
3nw9,3nw9_20,25.164231993444695
3nw9,3nw9_204,38.88242135844247
3nw9,3nw9_210,64.79687369939505
3nw9,3nw9_212,64.19300205084191
3nw9,3nw9_239,42.4828657973885
3nw9,3nw9_240,65.99010533108543
3nw9,3nw9_26,50.52600894771522
3nw9,3nw9_263,64.55120323999647
3nw9,3nw9_264,65.70717616842238
3nw9,3nw9_315,22.10936123045092
3nw9,3nw9_329,62.23584284124479
3nw9,3nw9_348,43.05905918317505
3nw9,3nw9_355,26.794755246729714
3nw9,3nw9_398,39.40323194378115
3nw9,3nw9_399,28.39244793455936
3nw9,3nw9_401,43.89790980290486
3nw9,3nw9_406,30.753405435014365
3nw9,3nw9_409,33.57365170894175
3nw9,3nw9_414,43.72228166370942
3nw9,3nw9_423,27.0537328226336
3nw9,3nw9_427,44.70941261666883
3nw9,3nw9_433,41.69248887868966
3nw9,3nw9_435,44.54732700298576
3nw9,3nw9_437,49.25520490467611
3nw9,3nw9_438,49.32085069248103
3nw9,3nw9_441,28.822795757874903
3nw9,3nw9_444,37.80954047249693
3nw9,3nw9_446,28.03243594193625
3nw9,3nw9_455,41.09842614598869
3nw9,3nw9_466,37.40819941329399
3nw9,3nw9_471,33.3724036782085
3nw9,3nw9_473,33.75330475796865
3nw9,3nw9_479,34.31801199977143
3nw9,3nw9_491,34.20106115162367
3nw9,3nw9_497,34.63944972644912
3nw9,3nw9_506,29.72988940626172
3nw9,3nw9_511,15.350938210728428
3nw9,3nw9_518,25.572074420683904
3nw9,3nw9_534,21.73663600865154
3nw9,3nw9_538,18.35118998026804
3nw9,3nw9_541,26.030617495610663
3nw9,3nw9_545,22.6185895687454
3nw9,3nw9_551,24.00471830767406
3nw9,3nw9_583,24.742108978572094
3nw9,3nw9_593,15.203666483057985
3nw9,3nw9_594,25.35971201735432
3nw9,3nw9_596,33.73427083913817
3nw9,3nw9_598,14.326204538803246
3nw9,3nw9_599,13.649120476747354
3nw9,3nw9_607,26.94041624286668
3nw9,3nw9_609,17.956872519610517
3nw9,3nw9_613,27.287582909175253
3nw9,3nw9_614,46.57688204388592
3nw9,3nw9_621,22.0715953996856
3nw9,3nw9_629,18.01136484463307
3nw9,3nw9_640,26.728151339025214
3nw9,3nw9_641,22.76420165711716
3nw9,3nw9_651,18.474737745603253
3nw9,3nw9_653,20.116280604225544
3nw9,3nw9_656,21.67536342107922
3nw9,3nw9_657,18.90201609807501
3nw9,3nw9_671,41.09203995231673
3nw9,3nw9_685,16.929670097471366
3nw9,3nw9_688,25.778366498054105
3nw9,3nw9_70,67.11484404641777
3nw9,3nw9_700,15.073298702575896
3nw9,3nw9_710,41.05131974986941
3nw9,3nw9_715,48.431312143370285
3nw9,3nw9_734,38.91991252368575
3nw9,3nw9_739,45.201362099180095
3nw9,3nw9_749,48.19389777030714
3nw9,3nw9_755,40.18520304009572
3nw9,3nw9_757,48.69372526375684
3nw9,3nw9_76,39.9118440702117
3nw9,3nw9_766,45.116856147853326
3nw9,3nw9_785,33.40559693877723
3nw9,3nw9_786,34.44067226484836
3nw9,3nw9_833,65.53428956157568
3nw9,3nw9_945,65.33407545794078
3nw9,3nw9_951,64.87659065688372
3nw9,3nw9_964,59.74806918031663
3nw9,3nw9_975,61.87527961602997
3nw9,3nw9_988,53.66545819064102
3nx7,3nx7_139,31.070920886647237
3nx7,3nx7_148,42.85664496911644
3nx7,3nx7_15,42.03173969101214
3nx7,3nx7_234,27.997874542218305
3nx7,3nx7_239,46.545914572871474
3nx7,3nx7_245,43.14014209643162
3nx7,3nx7_262,31.07443654492865
3nx7,3nx7_280,31.6152373384472
3nx7,3nx7_283,22.685687889814535
3nx7,3nx7_287,39.38024394315578
3nx7,3nx7_299,44.67748327912904
3nx7,3nx7_320,26.623261541197763
3nx7,3nx7_359,23.173730430840063
3nx7,3nx7_36,48.56708230759334
3nx7,3nx7_383,44.49742558651398
3nx7,3nx7_388,27.771608173325724
3nx7,3nx7_39,55.07103312850516
3nx7,3nx7_404,16.47464386736044
3nx7,3nx7_405,15.001313199502848
3nx7,3nx7_416,15.800689496842024
3nx7,3nx7_42,42.47689166203807
3nx7,3nx7_424,20.365023009996005
3nx7,3nx7_426,13.096486573452916
3nx7,3nx7_427,15.55143323719476
3nx7,3nx7_440,31.817301874093022
3nx7,3nx7_451,13.90963553077888
3nx7,3nx7_459,13.567637732839955
3nx7,3nx7_46,49.4486526168807
3nx7,3nx7_479,17.691693580265603
3nx7,3nx7_480,18.019686191643395
3nx7,3nx7_489,12.60213513221546
3nx7,3nx7_495,13.211901687473686
3nx7,3nx7_496,22.119726720135684
3nx7,3nx7_511,17.0897950854328
3nx7,3nx7_52,41.62811179823999
3nx7,3nx7_524,18.432266080116413
3nx7,3nx7_535,30.254042354479576
3nx7,3nx7_544,20.544336454412093
3nx7,3nx7_555,22.792411761386024
3nx7,3nx7_567,22.18048483510961
3nx7,3nx7_582,19.455428187837075
3nx7,3nx7_583,14.243844773432954
3nx7,3nx7_591,8.470695150266213
3nx7,3nx7_605,12.560742273204635
3nx7,3nx7_607,13.75175625367896
3nx7,3nx7_614,18.797504613808904
3nx7,3nx7_619,13.79167392306673
3nx7,3nx7_622,25.744010887260025
3nx7,3nx7_623,17.67577464018982
3nx7,3nx7_625,12.45129283492093
3nx7,3nx7_630,20.98148530760377
3nx7,3nx7_651,20.24441019231817
3nx7,3nx7_652,15.956930783052762
3nx7,3nx7_654,20.046960660994785
3nx7,3nx7_660,29.20924526006145
3nx7,3nx7_667,12.880497458864332
3nx7,3nx7_668,25.91175576668318
3nx7,3nx7_670,15.168421625374208
3nx7,3nx7_676,10.083861092854358
3nx7,3nx7_688,13.032837473051249
3nx7,3nx7_74,48.58767971843117
3nx7,3nx7_756,30.472638698601934
3nx7,3nx7_762,33.70068887426342
3nx7,3nx7_778,38.71629497213275
3nx7,3nx7_787,17.559036935194978
3nx7,3nx7_792,28.0520767920812
3nx7,3nx7_795,21.13429489741027
3nx7,3nx7_796,25.879044147159675
3nx7,3nx7_854,41.0736397091453
3nx7,3nx7_885,34.10594605391806
3nx7,3nx7_889,32.5780776962724
3nx7,3nx7_969,49.65110432043287
3o9i,3o9i_12,99.63479502525728
3o9i,3o9i_130,23.252247878968927
3o9i,3o9i_135,27.985197562735262
3o9i,3o9i_141,28.739237265145334
3o9i,3o9i_164,87.22588993323997
3o9i,3o9i_178,18.99841634396062
3o9i,3o9i_201,45.47289384402505
3o9i,3o9i_213,99.28693965822728
3o9i,3o9i_215,65.32182101422072
3o9i,3o9i_219,50.82407492112706
3o9i,3o9i_222,95.95539438776306
3o9i,3o9i_227,110.22550780995756
3o9i,3o9i_228,32.072183548546946
3o9i,3o9i_229,27.74722978026915
3o9i,3o9i_234,62.97354433328663
3o9i,3o9i_243,22.80175081325556
3o9i,3o9i_246,33.30749302839391
3o9i,3o9i_249,74.91279448533916
3o9i,3o9i_253,59.21241868437398
3o9i,3o9i_255,68.27759607538816
3o9i,3o9i_256,94.42245910840307
3o9i,3o9i_257,55.55530342705454
3o9i,3o9i_26,18.204758885192312
3o9i,3o9i_260,21.222146036726997
3o9i,3o9i_270,44.46937434779859
3o9i,3o9i_274,55.810300869894334
3o9i,3o9i_275,80.12247107113605
3o9i,3o9i_276,59.71292792229096
3o9i,3o9i_28,12.885013443679416
3o9i,3o9i_283,28.403155931524516
3o9i,3o9i_284,42.61109581185778
3o9i,3o9i_286,59.312342201233264
3o9i,3o9i_288,35.37707349258663
3o9i,3o9i_29,65.54799963673086
3o9i,3o9i_292,30.15772230971209
3o9i,3o9i_294,55.1399034288541
3o9i,3o9i_295,58.76244724171952
3o9i,3o9i_298,29.88591979934109
3o9i,3o9i_30,93.60598821225962
3o9i,3o9i_303,105.28817551862736
3o9i,3o9i_314,22.781809979707397
3o9i,3o9i_318,18.188047043078903
3o9i,3o9i_340,30.44486402327156
3o9i,3o9i_358,18.15130220694574
3o9i,3o9i_359,95.61901978175302
3o9i,3o9i_38,88.1693197759674
3o9i,3o9i_402,50.13549842286841
3o9i,3o9i_403,50.60148371599085
3o9i,3o9i_407,65.89718687146669
3o9i,3o9i_408,35.86598499673069
3o9i,3o9i_409,39.55867340137825
3o9i,3o9i_415,28.1923941647992
3o9i,3o9i_417,37.44766891136169
3o9i,3o9i_42,20.81531753393731
3o9i,3o9i_424,18.66271431873544
3o9i,3o9i_435,43.97091536810861
3o9i,3o9i_452,23.425857460452598
3o9i,3o9i_454,21.009528686758472
3o9i,3o9i_459,37.678957845791246
3o9i,3o9i_461,36.29758131290171
3o9i,3o9i_466,22.71389051959204
3o9i,3o9i_467,42.35642410593493
3o9i,3o9i_469,39.95130548698215
3o9i,3o9i_479,39.756509577048725
3o9i,3o9i_487,28.24875240976493
3o9i,3o9i_495,50.950373250525445
3o9i,3o9i_496,35.71026325350476
3o9i,3o9i_500,26.07352526039863
3o9i,3o9i_505,15.274775093292495
3o9i,3o9i_509,16.22189395340303
3o9i,3o9i_525,23.93635525786602
3o9i,3o9i_535,25.936065336484287
3o9i,3o9i_539,18.25442452484433
3o9i,3o9i_546,36.01643332219824
3o9i,3o9i_557,17.022750758053355
3o9i,3o9i_569,43.84339039174439
3o9i,3o9i_574,14.211251141285544
3o9i,3o9i_585,20.96156918686514
3o9i,3o9i_59,8.818366434924842
3o9i,3o9i_600,17.279877947474084
3o9i,3o9i_607,19.85596991605917
3o9i,3o9i_617,19.637912037528075
3o9i,3o9i_624,20.332164868452114
3o9i,3o9i_661,27.355989430541737
3o9i,3o9i_674,25.038441799487924
3o9i,3o9i_675,35.108455312942155
3o9i,3o9i_678,22.103695072305392
3o9i,3o9i_687,15.083504898942
3o9i,3o9i_692,25.459004312528556
3o9i,3o9i_714,26.694556989101816
3o9i,3o9i_766,46.31724551726092
3o9i,3o9i_788,38.7300337494719
3o9i,3o9i_795,19.06090051766145
3o9i,3o9i_859,10.158009696484712
3o9i,3o9i_860,64.5965882553289
3o9i,3o9i_861,15.474540138002006
3o9i,3o9i_893,15.566424187804635
3o9i,3o9i_9,13.371915511891585
3o9i,3o9i_907,75.49279003212486
3o9i,3o9i_96,14.149815846511297
3oe4,3oe4_1,22.97635885833569
3oe4,3oe4_105,41.5668564078326
3oe4,3oe4_109,20.834709634847176
3oe4,3oe4_113,17.39401950237131
3oe4,3oe4_114,63.60578023370057
3oe4,3oe4_118,17.990227126855938
3oe4,3oe4_119,23.188951191404
3oe4,3oe4_12,38.17852956984832
3oe4,3oe4_120,14.51126826878383
3oe4,3oe4_131,19.11378595130258
3oe4,3oe4_136,22.02079636899206
3oe4,3oe4_137,62.0395497769487
3oe4,3oe4_158,20.475196585307987
3oe4,3oe4_161,27.7106166106618
3oe4,3oe4_17,41.63498398735315
3oe4,3oe4_180,19.64172087584938
3oe4,3oe4_189,17.64205302211888
3oe4,3oe4_20,56.15006446130374
3oe4,3oe4_203,61.85924722821181
3oe4,3oe4_224,23.63625819712937
3oe4,3oe4_237,64.96387507423937
3oe4,3oe4_279,17.943585536539263
3oe4,3oe4_283,23.25838150482646
3oe4,3oe4_285,59.60619511331498
3oe4,3oe4_288,21.46622896091184
3oe4,3oe4_29,36.97267109431508
3oe4,3oe4_291,42.11270111233813
3oe4,3oe4_292,65.14693216237002
3oe4,3oe4_305,18.71958780748494
3oe4,3oe4_312,64.7961244958788
3oe4,3oe4_314,58.84420242473702
3oe4,3oe4_324,21.12937373784821
3oe4,3oe4_328,62.67634627035292
3oe4,3oe4_34,45.846203748075936
3oe4,3oe4_340,21.97904317832299
3oe4,3oe4_374,17.02014168642167
3oe4,3oe4_38,23.176340738619604
3oe4,3oe4_404,30.724135650172716
3oe4,3oe4_409,34.63769442170257
3oe4,3oe4_410,34.057344114501014
3oe4,3oe4_413,31.69532237123985
3oe4,3oe4_431,38.46325841763468
3oe4,3oe4_438,26.446420450281725
3oe4,3oe4_446,24.048745496984747
3oe4,3oe4_453,27.789238521025226
3oe4,3oe4_457,46.88223565083597
3oe4,3oe4_458,45.52163055829666
3oe4,3oe4_468,26.197130267085143
3oe4,3oe4_470,40.819090552618654
3oe4,3oe4_478,41.20845636330025
3oe4,3oe4_486,35.71130831698257
3oe4,3oe4_500,44.52679379362999
3oe4,3oe4_506,45.55263359862732
3oe4,3oe4_509,35.718840286335464
3oe4,3oe4_518,38.38482212790465
3oe4,3oe4_522,44.16454873973613
3oe4,3oe4_525,33.21463432165487
3oe4,3oe4_528,35.69723645701036
3oe4,3oe4_531,41.74387460325497
3oe4,3oe4_544,26.447835097459865
3oe4,3oe4_546,32.51458780267282
3oe4,3oe4_551,30.214026268950317
3oe4,3oe4_557,24.12694336793595
3oe4,3oe4_558,30.06783348775835
3oe4,3oe4_561,10.351992346616496
3oe4,3oe4_562,37.628633230782086
3oe4,3oe4_57,21.88097243407764
3oe4,3oe4_573,30.02488677108325
3oe4,3oe4_574,39.75630364472785
3oe4,3oe4_578,25.874426515122284
3oe4,3oe4_597,28.333497038873563
3oe4,3oe4_61,34.6231969184106
3oe4,3oe4_611,22.32620118433883
3oe4,3oe4_615,52.3071933690166
3oe4,3oe4_66,27.66719646574931
3oe4,3oe4_665,27.409203581160963
3oe4,3oe4_667,33.5913556649054
3oe4,3oe4_670,21.73926391389285
3oe4,3oe4_690,15.348849817042264
3oe4,3oe4_70,61.02838361451804
3oe4,3oe4_74,61.280172317204354
3oe4,3oe4_745,44.68653007734166
3oe4,3oe4_767,28.505379583004046
3oe4,3oe4_780,22.39737390651225
3oe4,3oe4_781,16.098235768964106
3oe4,3oe4_793,19.35851667208847
3oe4,3oe4_795,19.020003743981583
3oe4,3oe4_796,18.77671777556252
3oe4,3oe4_797,18.66000317213101
3oe4,3oe4_82,54.67663844657663
3oe4,3oe4_820,40.18031715068707
3oe4,3oe4_831,48.994440574908985
3oe4,3oe4_85,26.00680210385105
3oe4,3oe4_89,18.987752756707145
3oe4,3oe4_924,47.60555901664492
3oe4,3oe4_972,42.07748756991636
3oe4,3oe4_992,51.223282559793375
3oe4,3oe4_996,39.70761945886547
3oe5,3oe5_104,51.2940632122802
3oe5,3oe5_106,18.015210578172194
3oe5,3oe5_11,14.822944850896702
3oe5,3oe5_121,22.49264586615569
3oe5,3oe5_124,20.500222681072135
3oe5,3oe5_132,49.927976343659886
3oe5,3oe5_134,24.894123207971365
3oe5,3oe5_145,18.89323636062012
3oe5,3oe5_148,41.57112598924071
3oe5,3oe5_15,41.69639050580816
3oe5,3oe5_156,17.72833547205776
3oe5,3oe5_161,18.128761497989487
3oe5,3oe5_162,24.550708799862814
3oe5,3oe5_164,19.92130003927417
3oe5,3oe5_197,19.085900175911828
3oe5,3oe5_198,18.578789523043383
3oe5,3oe5_199,25.36878326894588
3oe5,3oe5_2,10.135154825928192
3oe5,3oe5_203,48.93160543378045
3oe5,3oe5_214,36.09901037932337
3oe5,3oe5_217,41.893626193849535
3oe5,3oe5_227,46.53782366814905
3oe5,3oe5_236,54.26954798638737
3oe5,3oe5_243,28.176652872460547
3oe5,3oe5_245,24.825685400085103
3oe5,3oe5_248,33.46403351716448
3oe5,3oe5_250,51.20055991056567
3oe5,3oe5_26,15.04237483735842
3oe5,3oe5_261,50.16360598780105
3oe5,3oe5_263,21.703738669679822
3oe5,3oe5_266,50.470975647474575
3oe5,3oe5_274,28.370897169424545
3oe5,3oe5_286,43.8462978831575
3oe5,3oe5_289,41.93283570120272
3oe5,3oe5_29,11.709247410269098
3oe5,3oe5_290,44.65584292694635
3oe5,3oe5_30,52.02542636902083
3oe5,3oe5_301,23.94698873786035
3oe5,3oe5_325,20.3240207334635
3oe5,3oe5_329,52.63218750122834
3oe5,3oe5_332,18.637136738701503
3oe5,3oe5_342,19.68938116748253
3oe5,3oe5_352,50.81221709881833
3oe5,3oe5_356,53.25559504468939
3oe5,3oe5_370,21.47193075242994
3oe5,3oe5_380,20.639846156159013
3oe5,3oe5_401,32.33974076675726
3oe5,3oe5_402,23.583799811703823
3oe5,3oe5_403,24.54793595512985
3oe5,3oe5_412,35.95391825341051
3oe5,3oe5_421,22.06484403851453
3oe5,3oe5_422,39.87659789084616
3oe5,3oe5_423,37.69721326263048
3oe5,3oe5_430,28.12128626089873
3oe5,3oe5_437,36.43481549383328
3oe5,3oe5_439,40.39165856868663
3oe5,3oe5_441,36.41590668035305
3oe5,3oe5_442,28.88050259786115
3oe5,3oe5_446,22.08893273058457
3oe5,3oe5_45,21.32796044414212
3oe5,3oe5_455,27.00460132393512
3oe5,3oe5_462,27.604986941835502
3oe5,3oe5_467,31.24914925822875
3oe5,3oe5_472,22.648940699800693
3oe5,3oe5_477,23.752344422645976
3oe5,3oe5_480,40.06316203453287
3oe5,3oe5_483,20.353520149919117
3oe5,3oe5_484,20.54122083961585
3oe5,3oe5_493,29.29611849442628
3oe5,3oe5_497,19.33545870595633
3oe5,3oe5_499,28.588485463727597
3oe5,3oe5_529,26.8299883757857
3oe5,3oe5_546,13.624847738448496
3oe5,3oe5_552,25.025812326203347
3oe5,3oe5_561,25.716732820510423
3oe5,3oe5_563,29.79436027972397
3oe5,3oe5_57,16.607394372767924
3oe5,3oe5_581,14.541147945945822
3oe5,3oe5_586,21.728829394424952
3oe5,3oe5_599,22.422738881153865
3oe5,3oe5_620,32.691576443774466
3oe5,3oe5_623,22.552834579544264
3oe5,3oe5_624,30.93322258076484
3oe5,3oe5_669,27.30668215558097
3oe5,3oe5_673,20.948654782605445
3oe5,3oe5_676,24.501715505809933
3oe5,3oe5_680,10.743016703809335
3oe5,3oe5_684,23.26243304391284
3oe5,3oe5_697,17.931571664489553
3oe5,3oe5_700,25.253089319087007
3oe5,3oe5_758,33.442729354311126
3oe5,3oe5_76,22.73377678304077
3oe5,3oe5_762,36.05570996151437
3oe5,3oe5_77,17.164619357023973
3oe5,3oe5_788,34.296097216784894
3oe5,3oe5_857,34.83337094813464
3oe5,3oe5_893,30.11517397827637
3oe5,3oe5_94,21.09136233505457
3oe5,3oe5_955,39.592620233697616
3oe5,3oe5_97,18.774484685073997
3ozs,3ozs_10,18.39302596481705
3ozs,3ozs_103,26.88686652781388
3ozs,3ozs_107,17.263238139489758
3ozs,3ozs_11,43.714751227129376
3ozs,3ozs_110,19.24649702139615
3ozs,3ozs_113,18.279319493007044
3ozs,3ozs_120,19.37370400703205
3ozs,3ozs_123,24.011219887252743
3ozs,3ozs_130,15.48215512960526
3ozs,3ozs_136,40.428960724524856
3ozs,3ozs_14,33.04001766947164
3ozs,3ozs_149,16.411478460647366
3ozs,3ozs_162,20.41218533943788
3ozs,3ozs_201,52.45567978518711
3ozs,3ozs_221,50.47494760450929
3ozs,3ozs_224,49.479642000698334
3ozs,3ozs_24,26.996237306477244
3ozs,3ozs_251,55.34355339175109
3ozs,3ozs_255,53.80032978958353
3ozs,3ozs_269,53.202468324855616
3ozs,3ozs_273,34.74341061971834
3ozs,3ozs_275,34.34040243237077
3ozs,3ozs_28,27.954794335555253
3ozs,3ozs_307,57.2453783508138
3ozs,3ozs_318,32.364563731486065
3ozs,3ozs_339,21.16720441223046
3ozs,3ozs_345,52.66326388191274
3ozs,3ozs_346,41.04567970593924
3ozs,3ozs_353,21.205815551428824
3ozs,3ozs_373,55.06781363518294
3ozs,3ozs_379,20.6188621670178
3ozs,3ozs_389,43.5638859029609
3ozs,3ozs_406,34.22812697400623
3ozs,3ozs_413,42.64195950848652
3ozs,3ozs_417,35.43970246271759
3ozs,3ozs_430,33.95175898333345
3ozs,3ozs_431,37.12019961608615
3ozs,3ozs_432,38.90262864666253
3ozs,3ozs_439,40.33476451789707
3ozs,3ozs_44,57.18600497006939
3ozs,3ozs_442,21.731805038833688
3ozs,3ozs_443,30.80619179300331
3ozs,3ozs_446,28.28303333506663
3ozs,3ozs_451,39.70118830395499
3ozs,3ozs_46,22.758825113711744
3ozs,3ozs_465,23.567694597837317
3ozs,3ozs_478,34.52071993825665
3ozs,3ozs_479,33.091181002586644
3ozs,3ozs_48,18.692870447884644
3ozs,3ozs_480,22.811904604553654
3ozs,3ozs_484,22.8039028556487
3ozs,3ozs_487,29.644403455190886
3ozs,3ozs_494,31.948749275612933
3ozs,3ozs_496,23.24002717168725
3ozs,3ozs_505,39.88780482960082
3ozs,3ozs_517,41.264471572734166
3ozs,3ozs_529,30.694670165545205
3ozs,3ozs_531,16.730976571249787
3ozs,3ozs_536,25.938010960406604
3ozs,3ozs_537,21.40304268981918
3ozs,3ozs_542,21.263355493377052
3ozs,3ozs_546,19.4282631978259
3ozs,3ozs_550,20.83833020081004
3ozs,3ozs_554,20.16219572444656
3ozs,3ozs_558,14.25913701523804
3ozs,3ozs_559,19.35038012336947
3ozs,3ozs_560,20.04277834930192
3ozs,3ozs_567,19.488084531335065
3ozs,3ozs_574,14.877786368053492
3ozs,3ozs_575,21.730914244050236
3ozs,3ozs_585,24.98399081482841
3ozs,3ozs_586,12.1577942798517
3ozs,3ozs_593,21.45712943378026
3ozs,3ozs_596,22.929408131368177
3ozs,3ozs_6,52.71689289779228
3ozs,3ozs_60,31.42616625795277
3ozs,3ozs_611,27.17884954757928
3ozs,3ozs_63,20.39055784422727
3ozs,3ozs_646,24.263387184288103
3ozs,3ozs_649,24.09043635164057
3ozs,3ozs_656,24.1203190055196
3ozs,3ozs_659,23.458657427783614
3ozs,3ozs_664,37.21582560554567
3ozs,3ozs_666,24.28447397496081
3ozs,3ozs_682,21.50949373147528
3ozs,3ozs_72,41.51705946944809
3ozs,3ozs_756,40.712125823094425
3ozs,3ozs_758,36.220914008688446
3ozs,3ozs_761,44.02328693272041
3ozs,3ozs_764,35.7981554558274
3ozs,3ozs_768,40.27550411141954
3ozs,3ozs_778,27.457130755427645
3ozs,3ozs_821,23.805789627581564
3ozs,3ozs_83,53.71934276515717
3ozs,3ozs_842,25.58119550485536
3ozs,3ozs_854,29.559825785495978
3ozs,3ozs_870,14.745955220651169
3ozs,3ozs_882,16.023218977887844
3ozs,3ozs_899,49.28655283462482
3ozs,3ozs_91,15.72725373990873
3ozt,3ozt_102,25.710285142528537
3ozt,3ozt_105,47.20120159644025
3ozt,3ozt_112,16.65426398863005
3ozt,3ozt_113,24.66910399774116
3ozt,3ozt_116,44.28588734000663
3ozt,3ozt_141,19.37047353159316
3ozt,3ozt_143,23.088955599599107
3ozt,3ozt_15,15.163972356590998
3ozt,3ozt_151,17.21581816493813
3ozt,3ozt_171,54.698540293239446
3ozt,3ozt_192,15.09889759886843
3ozt,3ozt_193,18.26767371979395
3ozt,3ozt_2,40.81551975882247
3ozt,3ozt_20,18.818609144184457
3ozt,3ozt_200,38.30748358253791
3ozt,3ozt_202,50.0682434994344
3ozt,3ozt_206,34.551027997896725
3ozt,3ozt_207,27.013887280000805
3ozt,3ozt_212,15.388191944362802
3ozt,3ozt_251,29.10479102695376
3ozt,3ozt_257,31.384865710436458
3ozt,3ozt_267,46.48344556480801
3ozt,3ozt_271,20.94049214674458
3ozt,3ozt_283,28.19394036577776
3ozt,3ozt_286,50.612569416504165
3ozt,3ozt_320,19.69539030583029
3ozt,3ozt_332,20.71776954841424
3ozt,3ozt_339,27.16593365179765
3ozt,3ozt_372,50.34525616757832
3ozt,3ozt_387,52.398871423368725
3ozt,3ozt_405,26.64689899193454
3ozt,3ozt_407,28.0917019314765
3ozt,3ozt_413,37.869482662122
3ozt,3ozt_415,32.69745472191943
3ozt,3ozt_421,27.064261082439334
3ozt,3ozt_423,41.01646738264675
3ozt,3ozt_427,32.163041667117305
3ozt,3ozt_442,37.8513127281551
3ozt,3ozt_444,35.8061005780843
3ozt,3ozt_448,37.24342727235852
3ozt,3ozt_457,24.89508519115665
3ozt,3ozt_460,34.51653714876596
3ozt,3ozt_462,31.01692248287545
3ozt,3ozt_469,30.2742328166849
3ozt,3ozt_471,28.76204105017012
3ozt,3ozt_476,29.96755346179251
3ozt,3ozt_483,28.22759500187125
3ozt,3ozt_487,32.9127557457564
3ozt,3ozt_492,20.178709989221375
3ozt,3ozt_496,29.597613326642307
3ozt,3ozt_497,19.41998784072866
3ozt,3ozt_499,25.903332087034684
3ozt,3ozt_503,35.885577117359475
3ozt,3ozt_507,29.632960287835225
3ozt,3ozt_509,37.59263363871245
3ozt,3ozt_520,30.64392011002897
3ozt,3ozt_526,16.704518113847726
3ozt,3ozt_528,16.548622219165857
3ozt,3ozt_534,24.70448371181936
3ozt,3ozt_539,30.776251817571914
3ozt,3ozt_541,21.37634675366001
3ozt,3ozt_543,21.132918468916166
3ozt,3ozt_544,29.23041307727241
3ozt,3ozt_550,37.4759144596301
3ozt,3ozt_562,17.59676877708125
3ozt,3ozt_564,15.308477823396045
3ozt,3ozt_566,29.045354513437157
3ozt,3ozt_574,15.198262233960852
3ozt,3ozt_577,21.28477683668668
3ozt,3ozt_585,14.573544630242392
3ozt,3ozt_586,22.862897425630837
3ozt,3ozt_588,25.470751045633268
3ozt,3ozt_599,21.409362437881175
3ozt,3ozt_603,23.159590148514265
3ozt,3ozt_606,20.393819994627744
3ozt,3ozt_609,30.492304450757125
3ozt,3ozt_628,26.576526218763284
3ozt,3ozt_641,22.109603921423883
3ozt,3ozt_655,21.07966041183004
3ozt,3ozt_673,15.565749963877543
3ozt,3ozt_675,30.990753493579643
3ozt,3ozt_682,24.91524459608892
3ozt,3ozt_685,18.232782367149746
3ozt,3ozt_689,24.004076603644386
3ozt,3ozt_692,32.0780052760783
3ozt,3ozt_693,30.31221157347628
3ozt,3ozt_698,13.97851450631272
3ozt,3ozt_699,13.13321833442276
3ozt,3ozt_7,12.958119952881
3ozt,3ozt_70,56.52256990976736
3ozt,3ozt_700,16.29008921115162
3ozt,3ozt_702,48.97320777987979
3ozt,3ozt_71,23.83128050570817
3ozt,3ozt_758,38.31779644000691
3ozt,3ozt_787,39.38632945712649
3ozt,3ozt_82,18.498789496355528
3ozt,3ozt_85,20.987358441021534
3ozt,3ozt_915,50.4441648699454
3ozt,3ozt_98,44.48845568818715
3ozt,3ozt_99,18.79572819909344
3p5o,3p5o_104,49.97452779397125
3p5o,3p5o_108,42.30633498242208
3p5o,3p5o_114,44.25671703667887
3p5o,3p5o_126,43.91631789042141
3p5o,3p5o_141,19.062398700030776
3p5o,3p5o_165,25.43767278531956
3p5o,3p5o_236,20.05425384367252
3p5o,3p5o_238,43.04977851789196
3p5o,3p5o_267,48.05013824984843
3p5o,3p5o_287,46.37822147076061
3p5o,3p5o_413,22.849618827305807
3p5o,3p5o_414,13.477694474788157
3p5o,3p5o_424,16.14925328801093
3p5o,3p5o_427,20.04666726287903
3p5o,3p5o_429,18.530683545705116
3p5o,3p5o_439,15.996811139740602
3p5o,3p5o_440,25.025953840667057
3p5o,3p5o_442,27.99900876599621
3p5o,3p5o_443,15.47509697498141
3p5o,3p5o_452,22.93521803863326
3p5o,3p5o_456,14.806650289459911
3p5o,3p5o_457,33.83363218033904
3p5o,3p5o_462,16.10607444792546
3p5o,3p5o_467,13.520211653522615
3p5o,3p5o_471,21.161580255024692
3p5o,3p5o_510,30.45512599448293
3p5o,3p5o_513,45.70465179090151
3p5o,3p5o_517,26.86683655225894
3p5o,3p5o_518,33.72908566354137
3p5o,3p5o_521,37.782638147373966
3p5o,3p5o_531,32.34213318951221
3p5o,3p5o_538,18.187537544008386
3p5o,3p5o_540,22.739993808235276
3p5o,3p5o_543,16.814725201706864
3p5o,3p5o_551,12.673385478694732
3p5o,3p5o_566,9.23969954774089
3p5o,3p5o_567,19.27777740113068
3p5o,3p5o_568,24.68969675445322
3p5o,3p5o_569,17.438139400281948
3p5o,3p5o_570,12.036772638289117
3p5o,3p5o_576,9.831866854805956
3p5o,3p5o_581,16.774846387240864
3p5o,3p5o_588,17.54747193940463
3p5o,3p5o_594,12.068662752091136
3p5o,3p5o_595,24.276250032586624
3p5o,3p5o_596,25.293394112243195
3p5o,3p5o_597,20.610958370077853
3p5o,3p5o_632,23.375917684896606
3p5o,3p5o_650,19.185088414818875
3p5o,3p5o_652,12.302410954387108
3p5o,3p5o_658,25.955937476625092
3p5o,3p5o_679,17.232001826669016
3p5o,3p5o_680,27.540968342443374
3p5o,3p5o_686,19.085604465858008
3p5o,3p5o_689,22.03351747849485
3p5o,3p5o_690,15.422556551776005
3p5o,3p5o_692,27.89313917175121
3p5o,3p5o_694,13.98152798004354
3p5o,3p5o_695,18.72517133923075
3p5o,3p5o_700,33.32968522890204
3p5o,3p5o_724,13.501516799520813
3p5o,3p5o_737,33.55663778590262
3p5o,3p5o_752,11.097835242277217
3p5o,3p5o_759,47.33620676016986
3p5o,3p5o_818,46.555527268096576
3p5o,3p5o_835,44.166565479316496
3p5o,3p5o_840,48.44574119916761
3p5o,3p5o_853,36.08642025877025
3p5o,3p5o_926,39.69336736838649
3p5o,3p5o_93,51.72576414976134
3prs,3prs_111,10.17881874385828
3prs,3prs_141,42.40456337604731
3prs,3prs_143,19.209386718778298
3prs,3prs_156,16.174454191839043
3prs,3prs_170,14.76551491625619
3prs,3prs_202,37.26423651851511
3prs,3prs_204,20.248305768361224
3prs,3prs_205,27.731756758989214
3prs,3prs_213,52.81844582644147
3prs,3prs_216,34.00910919612519
3prs,3prs_232,33.33722049764282
3prs,3prs_236,41.87554634653392
3prs,3prs_239,25.27361871583734
3prs,3prs_246,35.69426863996165
3prs,3prs_252,35.56979818461572
3prs,3prs_259,33.84175152550714
3prs,3prs_266,42.23919387203577
3prs,3prs_270,21.02069823315406
3prs,3prs_271,32.71995288386605
3prs,3prs_273,48.688257662788
3prs,3prs_274,33.61951889987629
3prs,3prs_281,36.89337506539369
3prs,3prs_292,21.960290280995387
3prs,3prs_31,12.28434503075094
3prs,3prs_314,37.89343437343065
3prs,3prs_315,18.463894013689877
3prs,3prs_328,17.09733063198787
3prs,3prs_362,20.44117343679309
3prs,3prs_38,22.532147818851527
3prs,3prs_404,36.92786231067863
3prs,3prs_410,34.58095658341943
3prs,3prs_414,24.87926501764901
3prs,3prs_415,23.444418955473687
3prs,3prs_419,27.39372710321972
3prs,3prs_424,28.08421435216763
3prs,3prs_427,28.498047066211186
3prs,3prs_430,25.439608617399728
3prs,3prs_438,23.223610177282897
3prs,3prs_440,26.52968626203413
3prs,3prs_448,25.768999333851745
3prs,3prs_454,34.4186087002964
3prs,3prs_456,28.384600558706936
3prs,3prs_477,25.593312057363008
3prs,3prs_488,17.78551288425755
3prs,3prs_490,25.34675400988479
3prs,3prs_493,27.819770482507952
3prs,3prs_496,25.1786410669833
3prs,3prs_498,33.50328564704585
3prs,3prs_505,32.9845551863122
3prs,3prs_506,25.650057152537787
3prs,3prs_507,13.258592255687676
3prs,3prs_556,15.954189086257546
3prs,3prs_571,16.534883961323178
3prs,3prs_578,12.054141234023351
3prs,3prs_605,14.213837008098045
3prs,3prs_607,14.694099424843618
3prs,3prs_609,30.20649490971868
3prs,3prs_617,19.43583731408285
3prs,3prs_619,30.48996527658284
3prs,3prs_623,10.570912497561876
3prs,3prs_627,19.00308815960295
3prs,3prs_630,19.89376841252433
3prs,3prs_640,29.6468782239962
3prs,3prs_641,17.008401198796083
3prs,3prs_642,36.78169091159042
3prs,3prs_643,28.85795858667008
3prs,3prs_651,17.841424217044594
3prs,3prs_656,21.820851735882183
3prs,3prs_658,23.016703688096012
3prs,3prs_671,8.69563735402272
3prs,3prs_674,20.260617163932015
3prs,3prs_684,24.777169102250664
3prs,3prs_690,20.516053891891428
3prs,3prs_695,14.043081538341204
3prs,3prs_701,50.478389140898166
3prs,3prs_706,49.33556461304872
3prs,3prs_711,42.11117594782621
3prs,3prs_731,40.09048762919407
3prs,3prs_764,38.35627722583969
3prs,3prs_774,42.57918853823894
3prs,3prs_781,45.43333221170453
3prs,3prs_788,43.36482911646189
3prs,3prs_797,22.174883766104564
3prs,3prs_851,27.320922983328888
3prs,3prs_881,25.261550699472167
3prs,3prs_944,36.53829934656106
3pww,3pww_152,27.802345104959404
3pww,3pww_200,45.168309650205245
3pww,3pww_236,41.965511738353385
3pww,3pww_256,54.90602768857447
3pww,3pww_269,42.74439260746043
3pww,3pww_280,38.44786454404901
3pww,3pww_312,9.94229881109167
3pww,3pww_320,17.83622857499281
3pww,3pww_322,16.011767268708503
3pww,3pww_324,39.17926210804548
3pww,3pww_342,10.770233911692756
3pww,3pww_343,19.08710287954154
3pww,3pww_364,39.05906817710965
3pww,3pww_394,51.45788179392153
3pww,3pww_401,28.27181201333627
3pww,3pww_404,30.811766510515888
3pww,3pww_405,27.46562764762381
3pww,3pww_410,24.37768963240595
3pww,3pww_411,24.29979780002953
3pww,3pww_416,20.21475075783832
3pww,3pww_417,33.43333396195895
3pww,3pww_420,21.231430586659712
3pww,3pww_421,24.735615785929237
3pww,3pww_425,29.49434659802252
3pww,3pww_439,28.223452040806272
3pww,3pww_440,33.0471488533857
3pww,3pww_449,27.80838006241847
3pww,3pww_452,26.181315559934347
3pww,3pww_461,26.166767112955075
3pww,3pww_463,27.621751623264675
3pww,3pww_466,22.08606520250109
3pww,3pww_468,24.84785717840137
3pww,3pww_478,32.438840281637574
3pww,3pww_482,22.11999101042643
3pww,3pww_484,24.152764708666343
3pww,3pww_487,31.753663122127524
3pww,3pww_489,18.1880335461896
3pww,3pww_494,31.13500744218047
3pww,3pww_501,23.11454592163353
3pww,3pww_516,19.85249887329979
3pww,3pww_541,28.430745020024823
3pww,3pww_545,18.67863452501092
3pww,3pww_549,21.617377993615325
3pww,3pww_552,20.110999856679385
3pww,3pww_560,11.954519760141505
3pww,3pww_561,27.51503952593984
3pww,3pww_565,18.16863580619549
3pww,3pww_570,31.427547341186425
3pww,3pww_571,21.842559211491277
3pww,3pww_574,26.40296453527104
3pww,3pww_575,8.668941753844356
3pww,3pww_581,13.707354246839673
3pww,3pww_584,16.496029196412625
3pww,3pww_605,18.62508876623162
3pww,3pww_631,14.756738417688767
3pww,3pww_635,11.044487644277488
3pww,3pww_654,15.460838096358694
3pww,3pww_658,20.634030732857948
3pww,3pww_667,12.367148958178229
3pww,3pww_671,19.044446589405037
3pww,3pww_678,10.250573752337033
3pww,3pww_685,22.307286024931773
3pww,3pww_708,30.63966117405203
3pww,3pww_730,46.001381421164645
3pww,3pww_742,35.57886802853191
3pww,3pww_747,34.99292363879639
3pww,3pww_749,20.137388113745097
3pww,3pww_753,42.90475637252167
3pww,3pww_757,38.87796462991019
3pww,3pww_762,36.94161007839684
3pww,3pww_765,22.04906723012144
3pww,3pww_767,35.06851627056297
3pww,3pww_772,28.724435610572133
3pww,3pww_779,17.332378664647315
3pww,3pww_780,27.12415098939422
3pww,3pww_783,39.40815060407662
3pww,3pww_793,36.85074697436618
3pww,3pww_816,51.67622573765259
3pww,3pww_822,39.30343030594175
3pww,3pww_846,36.4948819403768
3pww,3pww_854,37.52078579269172
3pww,3pww_859,34.643002679414074
3pww,3pww_862,29.56597733968895
3pww,3pww_867,39.64978312530175
3pww,3pww_874,37.3962041115671
3pww,3pww_885,49.834565662833214
3pww,3pww_888,53.63136381409289
3pww,3pww_889,51.85323282424385
3pww,3pww_90,15.419730789588256
3pww,3pww_958,31.22459715648505
3pww,3pww_982,38.21904377434588
3pxf,3pxf_100,27.80743713694753
3pxf,3pxf_117,25.659663678096624
3pxf,3pxf_13,21.32917518250027
3pxf,3pxf_136,24.390607013078736
3pxf,3pxf_152,25.933269823570544
3pxf,3pxf_184,24.73343345955233
3pxf,3pxf_2,26.79861795776729
3pxf,3pxf_22,24.094854506138287
3pxf,3pxf_263,26.8362425128452
3pxf,3pxf_305,21.043885298849865
3pxf,3pxf_314,35.396731331176355
3pxf,3pxf_321,22.439118115737955
3pxf,3pxf_323,26.40143335076635
3pxf,3pxf_332,20.8592714830496
3pxf,3pxf_339,20.02047330276156
3pxf,3pxf_368,22.080159147103235
3pxf,3pxf_373,32.324446693838034
3pxf,3pxf_406,32.42768856910142
3pxf,3pxf_423,20.25968480373121
3pxf,3pxf_434,28.87633181158814
3pxf,3pxf_438,28.10950426332624
3pxf,3pxf_443,28.737698708202203
3pxf,3pxf_452,25.260540558536416
3pxf,3pxf_456,27.925625173650307
3pxf,3pxf_463,33.55076589090831
3pxf,3pxf_473,26.02788806971847
3pxf,3pxf_478,21.3139651429305
3pxf,3pxf_48,25.00783803523093
3pxf,3pxf_480,32.562598535717974
3pxf,3pxf_482,28.050576503873728
3pxf,3pxf_510,33.69423166040645
3pxf,3pxf_513,39.353362836900686
3pxf,3pxf_537,31.873251368929772
3pxf,3pxf_539,34.06187266465469
3pxf,3pxf_542,37.41813862398715
3pxf,3pxf_558,27.20591361562252
3pxf,3pxf_560,27.82595061907512
3pxf,3pxf_569,31.664676010338138
3pxf,3pxf_571,35.4313138120787
3pxf,3pxf_576,34.042179711476834
3pxf,3pxf_582,34.620877594511256
3pxf,3pxf_608,31.537266037450564
3pxf,3pxf_612,28.84914129488236
3pxf,3pxf_621,19.39213017224482
3pxf,3pxf_628,27.913242610609323
3pxf,3pxf_631,27.48332109632082
3pxf,3pxf_647,28.5459356309088
3pxf,3pxf_648,25.22349154584989
3pxf,3pxf_655,24.791200519133103
3pxf,3pxf_658,20.76342930399526
3pxf,3pxf_659,26.608504279803014
3pxf,3pxf_661,25.5260121959414
3pxf,3pxf_663,23.95751720057473
3pxf,3pxf_680,33.77966749498857
3pxf,3pxf_685,22.863365546982813
3pxf,3pxf_686,31.185584875152035
3pxf,3pxf_689,30.25403191569116
3pxf,3pxf_694,27.307321504527764
3pxf,3pxf_7,19.10758717824233
3pxf,3pxf_724,24.768769936062647
3pxf,3pxf_736,19.381324435420066
3pxf,3pxf_74,22.35294707674347
3pxf,3pxf_743,30.741877743899483
3pxf,3pxf_761,30.071111213680734
3pxf,3pxf_766,26.01914636326129
3pxf,3pxf_767,32.166428385912894
3pxf,3pxf_768,16.56123407153497
3pxf,3pxf_774,12.158804999110984
3pxf,3pxf_775,31.36090145237216
3pxf,3pxf_776,31.021056640974603
3pxf,3pxf_779,16.86281563144723
3pxf,3pxf_78,23.360978850124667
3pxf,3pxf_780,12.192775603872828
3pxf,3pxf_781,16.771209969815697
3pxf,3pxf_782,25.244845133229287
3pxf,3pxf_783,11.566728506440944
3pxf,3pxf_788,25.816696719759403
3pxf,3pxf_794,22.494718313619185
3pxf,3pxf_795,6.38939226052463
3pxf,3pxf_796,21.63970815231676
3pxf,3pxf_798,18.611089704142604
3pxf,3pxf_810,25.25543170813096
3pxf,3pxf_817,28.534318825161986
3pxf,3pxf_842,10.409837617501177
3pxf,3pxf_848,29.53827094059257
3pxf,3pxf_922,28.03411794096515
3pxf,3pxf_948,33.58573983098932
3pxf,3pxf_951,25.163988799533268
3pxf,3pxf_972,26.346949798441123
3pxf,3pxf_973,29.864809955955216
3pyy,3pyy_13,24.22363216682065
3pyy,3pyy_209,43.288297918977726
3pyy,3pyy_219,24.14954162415875
3pyy,3pyy_224,41.48599624182711
3pyy,3pyy_230,31.24797737670322
3pyy,3pyy_232,31.738804208546178
3pyy,3pyy_245,39.31273791859616
3pyy,3pyy_247,36.593949525121424
3pyy,3pyy_248,40.77766911261622
3pyy,3pyy_263,40.9296353543254
3pyy,3pyy_277,32.9487326709647
3pyy,3pyy_280,22.09433279612124
3pyy,3pyy_283,34.67325591494288
3pyy,3pyy_284,22.733813102346144
3pyy,3pyy_287,25.32056008257768
3pyy,3pyy_290,38.566385798552965
3pyy,3pyy_296,44.80776529920548
3pyy,3pyy_297,25.36160009296562
3pyy,3pyy_363,35.06193700865615
3pyy,3pyy_377,39.18993722422142
3pyy,3pyy_407,37.99800317044228
3pyy,3pyy_410,30.013942506663216
3pyy,3pyy_411,35.081114219915406
3pyy,3pyy_422,37.27967406591665
3pyy,3pyy_444,38.53526181975933
3pyy,3pyy_449,31.138058426017253
3pyy,3pyy_453,34.91424559861936
3pyy,3pyy_454,24.93263317566119
3pyy,3pyy_455,27.31785104174254
3pyy,3pyy_466,34.77002124742856
3pyy,3pyy_489,33.20028789852732
3pyy,3pyy_498,35.64497191152448
3pyy,3pyy_500,29.29525918061039
3pyy,3pyy_518,37.2807601297127
3pyy,3pyy_529,22.14459164953924
3pyy,3pyy_535,32.7388713763629
3pyy,3pyy_547,30.115506302400743
3pyy,3pyy_554,26.571275594071626
3pyy,3pyy_600,30.4305200007916
3pyy,3pyy_604,21.86848879331158
3pyy,3pyy_630,28.74868929484296
3pyy,3pyy_633,33.08207457740077
3pyy,3pyy_636,30.73874394038608
3pyy,3pyy_640,26.343556359831947
3pyy,3pyy_641,29.79739099781077
3pyy,3pyy_650,23.87690013849471
3pyy,3pyy_667,27.369718452881976
3pyy,3pyy_689,31.471260049948505
3pyy,3pyy_694,27.330828067976118
3pyy,3pyy_699,28.95775997283882
3pyy,3pyy_709,31.8038102970498
3pyy,3pyy_711,26.559112835815043
3pyy,3pyy_719,18.48923329671073
3pyy,3pyy_738,20.05411895842129
3pyy,3pyy_742,14.705963095072224
3pyy,3pyy_745,12.240013721776856
3pyy,3pyy_746,12.192100714543864
3pyy,3pyy_751,12.154592066563666
3pyy,3pyy_757,14.34081165868727
3pyy,3pyy_760,11.13078503306522
3pyy,3pyy_763,10.906328826329732
3pyy,3pyy_766,20.710541145114608
3pyy,3pyy_778,14.187063938733925
3pyy,3pyy_780,13.229017712975404
3pyy,3pyy_781,13.430738868178926
3pyy,3pyy_782,17.409837695598373
3pyy,3pyy_784,13.290957291699437
3pyy,3pyy_785,12.28434770412033
3pyy,3pyy_787,13.581939021381409
3pyy,3pyy_792,14.695796216692935
3pyy,3pyy_793,13.79502347727429
3pyy,3pyy_796,13.348365234573292
3pyy,3pyy_812,36.40423364044628
3pyy,3pyy_817,29.83790088478036
3pyy,3pyy_822,35.231776129354955
3pyy,3pyy_832,32.87709588808945
3pyy,3pyy_839,28.479724519852624
3pyy,3pyy_850,21.746837221965656
3pyy,3pyy_86,33.00397948536268
3pyy,3pyy_875,20.63875364183649
3pyy,3pyy_88,20.586263853757927
3pyy,3pyy_896,15.284501167194676
3pyy,3pyy_899,19.4619638047687
3pyy,3pyy_92,41.85020493507907
3pyy,3pyy_933,34.7505331436451
3pyy,3pyy_954,26.98566535111173
3pyy,3pyy_967,9.538334242277012
3pyy,3pyy_981,9.73423349848933
3qgy,3qgy_127,62.649243496696194
3qgy,3qgy_133,59.79844105727181
3qgy,3qgy_20,58.8149585279674
3qgy,3qgy_208,56.04525507064785
3qgy,3qgy_209,9.590788156506855
3qgy,3qgy_211,57.63116595910719
3qgy,3qgy_233,59.14622466759133
3qgy,3qgy_237,13.934500416045504
3qgy,3qgy_255,8.448233221389389
3qgy,3qgy_265,60.74338143463434
3qgy,3qgy_273,53.535956056647606
3qgy,3qgy_297,57.92327683793541
3qgy,3qgy_306,61.67162784831937
3qgy,3qgy_318,63.90770767317719
3qgy,3qgy_339,12.743318476176848
3qgy,3qgy_358,36.619317274274
3qgy,3qgy_372,67.35776946678074
3qgy,3qgy_374,61.48497875798746
3qgy,3qgy_404,33.17323401339565
3qgy,3qgy_407,19.359847224218832
3qgy,3qgy_413,38.014186593602666
3qgy,3qgy_427,46.78362273555579
3qgy,3qgy_429,13.853221640840964
3qgy,3qgy_443,40.20782189660135
3qgy,3qgy_447,27.017132493969555
3qgy,3qgy_457,23.797194855368957
3qgy,3qgy_462,24.632290311763064
3qgy,3qgy_464,13.409432640853604
3qgy,3qgy_465,25.554524995680552
3qgy,3qgy_467,18.859071325461784
3qgy,3qgy_477,28.99818720054847
3qgy,3qgy_481,14.507910759523863
3qgy,3qgy_483,15.741356267816366
3qgy,3qgy_500,12.678059139172689
3qgy,3qgy_501,36.19976115474192
3qgy,3qgy_511,15.945997020349022
3qgy,3qgy_516,54.03109010632441
3qgy,3qgy_518,48.11315611760464
3qgy,3qgy_52,46.32705516441225
3qgy,3qgy_526,30.672172870494563
3qgy,3qgy_542,38.14299659594308
3qgy,3qgy_555,14.465319402930632
3qgy,3qgy_564,18.742616826213137
3qgy,3qgy_569,38.673741607778325
3qgy,3qgy_572,30.337228851757917
3qgy,3qgy_576,13.152320997308024
3qgy,3qgy_581,16.891894625890835
3qgy,3qgy_588,11.52210720751546
3qgy,3qgy_594,12.843395597461209
3qgy,3qgy_596,23.492046565665248
3qgy,3qgy_607,17.653104680974398
3qgy,3qgy_610,10.170893625702274
3qgy,3qgy_627,10.411997981724278
3qgy,3qgy_628,59.40172634724882
3qgy,3qgy_630,18.41448785001595
3qgy,3qgy_631,19.167069975319496
3qgy,3qgy_633,52.66420350722642
3qgy,3qgy_646,26.97513461441171
3qgy,3qgy_658,14.063333562639288
3qgy,3qgy_659,43.698161466022
3qgy,3qgy_662,7.647735124849802
3qgy,3qgy_664,23.968701469893556
3qgy,3qgy_666,18.48421255791762
3qgy,3qgy_677,10.429286492186884
3qgy,3qgy_678,29.667675562206444
3qgy,3qgy_681,13.003791552875995
3qgy,3qgy_683,11.444167037846269
3qgy,3qgy_685,34.580944151114
3qgy,3qgy_687,12.678528194615382
3qgy,3qgy_688,12.04718065504603
3qgy,3qgy_691,35.733253390679344
3qgy,3qgy_694,9.663628546536351
3qgy,3qgy_695,25.18302725398773
3qgy,3qgy_697,4.857611252116979
3qgy,3qgy_699,19.044473695713837
3qgy,3qgy_855,42.94297452015699
3qgy,3qgy_9,57.55079206833391
3qgy,3qgy_939,51.98715538096965
3qqs,3qqs_100,33.961129943492864
3qqs,3qqs_102,26.306441176174484
3qqs,3qqs_103,25.344891811348667
3qqs,3qqs_105,31.74143687293933
3qqs,3qqs_114,25.733799517745357
3qqs,3qqs_157,28.288410502850905
3qqs,3qqs_158,29.843812801735314
3qqs,3qqs_18,32.93825380538799
3qqs,3qqs_324,31.169367558972127
3qqs,3qqs_35,33.45076605649306
3qqs,3qqs_375,13.575516194802228
3qqs,3qqs_386,29.74632841096895
3qqs,3qqs_396,33.51879618689267
3qqs,3qqs_404,22.651881400474352
3qqs,3qqs_435,29.631897056602888
3qqs,3qqs_447,20.22603208667741
3qqs,3qqs_449,23.43161313638892
3qqs,3qqs_465,25.11168405080868
3qqs,3qqs_473,30.810245852794218
3qqs,3qqs_485,22.09116975150597
3qqs,3qqs_497,35.07337035710212
3qqs,3qqs_498,16.81190613362874
3qqs,3qqs_500,20.488195744275888
3qqs,3qqs_505,11.682395030647193
3qqs,3qqs_511,24.24731371360332
3qqs,3qqs_533,10.56823782743278
3qqs,3qqs_534,27.823614057620205
3qqs,3qqs_538,16.999300475569356
3qqs,3qqs_542,9.37281033201052
3qqs,3qqs_545,11.21103064068846
3qqs,3qqs_546,21.74440861553992
3qqs,3qqs_555,24.26149460534166
3qqs,3qqs_574,20.27568820482084
3qqs,3qqs_585,19.207088466473277
3qqs,3qqs_608,13.893244551977713
3qqs,3qqs_612,20.95579040231347
3qqs,3qqs_625,14.5999103975972
3qqs,3qqs_629,13.231248456108156
3qqs,3qqs_632,29.24319273439076
3qqs,3qqs_635,23.04569379859599
3qqs,3qqs_636,13.639928528078595
3qqs,3qqs_638,12.909146937241248
3qqs,3qqs_639,22.52516591361911
3qqs,3qqs_641,12.492450585608424
3qqs,3qqs_646,17.160727449928746
3qqs,3qqs_648,13.874676079486514
3qqs,3qqs_653,12.2744038124
3qqs,3qqs_654,22.39529274421699
3qqs,3qqs_657,12.541349249529649
3qqs,3qqs_660,13.51556799704615
3qqs,3qqs_670,24.96994280662714
3qqs,3qqs_679,17.84878644811254
3qqs,3qqs_682,13.492251723375054
3qqs,3qqs_695,19.408746093795
3qqs,3qqs_696,11.70714012543812
3qqs,3qqs_700,11.835659411382654
3qqs,3qqs_715,28.208488969337903
3qqs,3qqs_72,25.60430021727147
3qqs,3qqs_732,25.42946483531226
3qqs,3qqs_739,25.6957882179968
3qqs,3qqs_751,11.474777258581048
3qqs,3qqs_806,24.807862795608692
3qqs,3qqs_86,32.4237560363609
3r88,3r88_131,21.7081019050924
3r88,3r88_201,7.0125495974160215
3r88,3r88_213,24.04164536961609
3r88,3r88_220,8.12464775710844
3r88,3r88_229,10.410727876257456
3r88,3r88_234,7.029555118439326
3r88,3r88_241,7.849886520077376
3r88,3r88_254,22.61018807642253
3r88,3r88_255,22.818956077576825
3r88,3r88_263,13.567010658032416
3r88,3r88_270,7.675407291663475
3r88,3r88_278,7.356889634952274
3r88,3r88_279,10.885088414455977
3r88,3r88_291,22.617189933257126
3r88,3r88_300,7.34502736831287
3r88,3r88_371,21.250328350932467
3r88,3r88_377,20.61715995780706
3r88,3r88_405,18.713677836658068
3r88,3r88_434,18.82522303443653
3r88,3r88_439,20.909158599042573
3r88,3r88_440,16.849774093337693
3r88,3r88_452,13.520655042148384
3r88,3r88_454,16.83280678090601
3r88,3r88_463,16.41130221349809
3r88,3r88_468,14.36131575135793
3r88,3r88_470,14.504146893602217
3r88,3r88_471,16.18804720571635
3r88,3r88_495,16.80971195887653
3r88,3r88_500,12.859175744544237
3r88,3r88_507,15.809302276976888
3r88,3r88_510,20.98190223068949
3r88,3r88_513,21.12283015895828
3r88,3r88_517,7.643299938490822
3r88,3r88_524,12.24321069576198
3r88,3r88_527,11.124790954921146
3r88,3r88_533,20.83795423313141
3r88,3r88_537,18.254865638048308
3r88,3r88_545,6.367282673523701
3r88,3r88_551,17.165915336139882
3r88,3r88_553,22.26866474040797
3r88,3r88_555,8.824723635441185
3r88,3r88_561,14.96363570100728
3r88,3r88_566,14.924778300403885
3r88,3r88_571,13.673469182860943
3r88,3r88_577,13.353243062144172
3r88,3r88_582,10.184916656261414
3r88,3r88_589,19.685920785177466
3r88,3r88_591,15.481623596816895
3r88,3r88_594,14.760591839372886
3r88,3r88_596,19.11013307621449
3r88,3r88_599,19.74357652954788
3r88,3r88_613,16.17456139184776
3r88,3r88_617,16.58700658483669
3r88,3r88_628,24.32097599760026
3r88,3r88_632,22.45828951926383
3r88,3r88_634,12.325817892139616
3r88,3r88_638,18.005117275302254
3r88,3r88_656,19.6465229887616
3r88,3r88_657,9.245831112843032
3r88,3r88_672,19.67146805827582
3r88,3r88_695,17.061498426707633
3r88,3r88_696,13.409641248777335
3r88,3r88_699,10.283485601347078
3r88,3r88_713,6.0300017743148695
3r88,3r88_718,11.4972189833162
3r88,3r88_725,9.178534724270406
3r88,3r88_736,8.154570915193151
3r88,3r88_741,7.717102321497048
3r88,3r88_753,11.96484338153128
3r88,3r88_763,11.998654485793216
3r88,3r88_769,8.064351356657472
3r88,3r88_773,11.925243216513632
3r88,3r88_780,8.11119182626833
3r88,3r88_784,6.383454562076724
3r88,3r88_787,6.462233758820752
3r88,3r88_792,9.300802251010644
3r88,3r88_795,9.264207967951616
3r88,3r88_798,11.279558215829235
3r88,3r88_799,7.923685765075218
3r88,3r88_802,22.682443293689516
3r88,3r88_833,17.01693035955072
3r88,3r88_861,20.24453168603276
3r88,3r88_880,6.974081965462418
3r88,3r88_883,7.005548564975211
3r88,3r88_924,18.32320900777732
3r88,3r88_931,21.823993110104023
3r88,3r88_986,5.312729905422365
3r88,3r88_994,16.889427572452906
3r88,3r88_995,11.909953967557474
3rlr,3rlr_100,26.301261226337964
3rlr,3rlr_112,50.32098239270299
3rlr,3rlr_12,44.24883976748743
3rlr,3rlr_148,18.89458455482845
3rlr,3rlr_167,52.77398098004242
3rlr,3rlr_192,53.42784265418846
3rlr,3rlr_197,56.36171492552717
3rlr,3rlr_281,42.063772079086704
3rlr,3rlr_335,26.19350503101799
3rlr,3rlr_341,49.00221761638134
3rlr,3rlr_347,53.97036362286238
3rlr,3rlr_365,54.688819960075335
3rlr,3rlr_397,44.29864340857051
3rlr,3rlr_398,48.28729297221537
3rlr,3rlr_410,20.49640688578225
3rlr,3rlr_415,42.5795183759416
3rlr,3rlr_418,18.025945105388427
3rlr,3rlr_423,37.151500113118026
3rlr,3rlr_428,28.50414379807482
3rlr,3rlr_432,13.439892555629044
3rlr,3rlr_439,32.5125540112567
3rlr,3rlr_440,38.15243683971436
3rlr,3rlr_444,31.9409766126484
3rlr,3rlr_456,16.127759061975993
3rlr,3rlr_457,23.070146722136798
3rlr,3rlr_47,36.1689508339274
3rlr,3rlr_477,22.500594128072297
3rlr,3rlr_480,12.109438504380169
3rlr,3rlr_482,11.701463712531613
3rlr,3rlr_483,29.54465312323084
3rlr,3rlr_488,16.932368446040236
3rlr,3rlr_490,39.28793432933337
3rlr,3rlr_498,30.14647370522466
3rlr,3rlr_506,35.9119987933352
3rlr,3rlr_524,34.67365661947882
3rlr,3rlr_537,37.077783039915616
3rlr,3rlr_539,18.61011951226258
3rlr,3rlr_557,25.343034005217785
3rlr,3rlr_560,17.410168913950248
3rlr,3rlr_583,15.689347259847892
3rlr,3rlr_586,17.843802411664406
3rlr,3rlr_591,30.748133508101844
3rlr,3rlr_595,10.774447283936906
3rlr,3rlr_596,16.920792464149855
3rlr,3rlr_598,15.92008100464867
3rlr,3rlr_6,19.719002568375554
3rlr,3rlr_617,28.641697583822005
3rlr,3rlr_628,5.720174686000339
3rlr,3rlr_632,11.213445869042427
3rlr,3rlr_633,14.604186065537156
3rlr,3rlr_634,13.101030579785125
3rlr,3rlr_638,8.709888728949702
3rlr,3rlr_640,5.375386223091653
3rlr,3rlr_642,20.555479949751152
3rlr,3rlr_650,5.904962200229381
3rlr,3rlr_653,26.188710297796
3rlr,3rlr_655,16.472742012779555
3rlr,3rlr_658,18.052858575419272
3rlr,3rlr_660,9.471637725234636
3rlr,3rlr_663,15.490512720227931
3rlr,3rlr_667,44.9955103005743
3rlr,3rlr_675,9.51409216896552
3rlr,3rlr_68,12.071327250987398
3rlr,3rlr_682,12.450585627467037
3rlr,3rlr_685,11.705113213315869
3rlr,3rlr_686,5.869475395129293
3rlr,3rlr_762,4.045498423059721
3rlr,3rlr_772,13.169059873957035
3rlr,3rlr_778,8.37379257876586
3rlr,3rlr_780,8.653557220758044
3rlr,3rlr_904,45.119014435434096
3rr4,3rr4_13,31.978122953012225
3rr4,3rr4_2,27.97845251879672
3rr4,3rr4_315,28.48358655673393
3rr4,3rr4_369,38.7647251654241
3rr4,3rr4_401,37.5432048435891
3rr4,3rr4_418,17.297508596607774
3rr4,3rr4_426,15.157102300188743
3rr4,3rr4_431,16.968070825050805
3rr4,3rr4_436,31.776472642600663
3rr4,3rr4_437,33.10472991926024
3rr4,3rr4_449,20.648442900963904
3rr4,3rr4_454,17.78114867852936
3rr4,3rr4_458,23.29919914947384
3rr4,3rr4_466,14.232077477318429
3rr4,3rr4_476,12.786781946416848
3rr4,3rr4_479,39.24838265367731
3rr4,3rr4_492,18.680569912506616
3rr4,3rr4_500,28.12966178826942
3rr4,3rr4_523,29.424882383651077
3rr4,3rr4_529,33.40508734233696
3rr4,3rr4_575,35.045550847595024
3rr4,3rr4_578,14.7667827169049
3rr4,3rr4_582,22.009720920100317
3rr4,3rr4_591,26.86674954624838
3rr4,3rr4_592,12.234302789525325
3rr4,3rr4_596,20.85848348308346
3rr4,3rr4_62,34.61664193789924
3rr4,3rr4_641,23.92786078060889
3rr4,3rr4_648,25.08920869320683
3rr4,3rr4_663,22.84864132923575
3rr4,3rr4_664,16.885054175850517
3rr4,3rr4_669,26.14690116177205
3rr4,3rr4_680,25.935334675390266
3rr4,3rr4_694,23.753578439474516
3rr4,3rr4_701,35.08243672481084
3rr4,3rr4_703,32.055840688858225
3rr4,3rr4_708,20.958409056473464
3rr4,3rr4_715,2.8945873406803524
3rr4,3rr4_716,10.284191405971828
3rr4,3rr4_718,9.07953279188664
3rr4,3rr4_722,4.300194759865797
3rr4,3rr4_724,3.5776348077940288
3rr4,3rr4_729,5.540225613580263
3rr4,3rr4_73,31.65232788411001
3rr4,3rr4_730,17.838422758318764
3rr4,3rr4_731,13.718799583299688
3rr4,3rr4_735,8.94937157687855
3rr4,3rr4_739,7.553002974198
3rr4,3rr4_746,1.82557928265018
3rr4,3rr4_747,8.289358691157732
3rr4,3rr4_749,7.4341405039483694
3rr4,3rr4_752,3.9022484989081407
3rr4,3rr4_758,3.5869147602785496
3rr4,3rr4_760,4.190847863880286
3rr4,3rr4_761,3.190986836831669
3rr4,3rr4_763,5.962561435600951
3rr4,3rr4_764,4.212915243876045
3rr4,3rr4_765,2.859115375078695
3rr4,3rr4_766,6.4685550437548684
3rr4,3rr4_767,11.15986979921328
3rr4,3rr4_768,9.80385571175654
3rr4,3rr4_769,4.83303537338233
3rr4,3rr4_771,17.92979034615124
3rr4,3rr4_773,5.247435544041736
3rr4,3rr4_774,7.214261214809977
3rr4,3rr4_784,28.08186653091503
3rr4,3rr4_786,29.34895605710168
3rr4,3rr4_790,20.70154270272638
3rr4,3rr4_791,10.578167198356551
3rr4,3rr4_795,15.10156390714816
3rr4,3rr4_806,17.5331735351122
3rr4,3rr4_814,6.112091435678864
3rr4,3rr4_831,3.992475530197895
3rr4,3rr4_837,4.590055488133404
3rr4,3rr4_839,2.704720302240192
3rr4,3rr4_849,5.042915555819667
3rr4,3rr4_85,40.48991682585997
3rr4,3rr4_851,7.810990045662248
3rr4,3rr4_853,7.551435951658288
3rr4,3rr4_863,3.886087454835867
3rr4,3rr4_869,9.06860281802244
3rr4,3rr4_875,3.6592889555834742
3rr4,3rr4_884,15.496769517236388
3rr4,3rr4_89,35.24022683967126
3rr4,3rr4_891,6.288569985099475
3rr4,3rr4_898,25.213381295847736
3rr4,3rr4_913,17.118340619468725
3rr4,3rr4_922,6.419865835840711
3rr4,3rr4_938,12.95210729875506
3rr4,3rr4_949,8.940597613233498
3rr4,3rr4_95,32.44318824331786
3rr4,3rr4_950,12.383356189356256
3rr4,3rr4_955,9.13761152366066
3rr4,3rr4_964,11.84738081080332
3rr4,3rr4_972,8.493795396645083
3rr4,3rr4_975,10.594704298009711
3rr4,3rr4_99,22.900695727985816
3rsx,3rsx_121,16.769593156706833
3rsx,3rsx_131,26.93335424290754
3rsx,3rsx_132,16.556965972554394
3rsx,3rsx_172,16.495109874207266
3rsx,3rsx_173,17.69384975187768
3rsx,3rsx_218,9.407366741574032
3rsx,3rsx_230,16.63291039415634
3rsx,3rsx_243,27.6953826426815
3rsx,3rsx_249,28.50670123930453
3rsx,3rsx_266,29.323139586618
3rsx,3rsx_375,28.684460848618404
3rsx,3rsx_388,25.75841682529016
3rsx,3rsx_408,12.806386561797575
3rsx,3rsx_423,25.443348009703836
3rsx,3rsx_434,18.310853946386622
3rsx,3rsx_450,12.927160442381942
3rsx,3rsx_464,18.751289325467354
3rsx,3rsx_470,16.525291563069203
3rsx,3rsx_474,17.60902234795819
3rsx,3rsx_487,21.27822750976299
3rsx,3rsx_494,10.892812251134142
3rsx,3rsx_497,23.5369724216051
3rsx,3rsx_505,22.069825134078545
3rsx,3rsx_506,22.26431743359326
3rsx,3rsx_515,26.348398183104305
3rsx,3rsx_518,16.39904143768976
3rsx,3rsx_528,27.61637649992188
3rsx,3rsx_534,9.89272795732902
3rsx,3rsx_535,11.58830121600095
3rsx,3rsx_537,10.433335529690488
3rsx,3rsx_549,8.19609916214314
3rsx,3rsx_553,21.11520689677805
3rsx,3rsx_554,21.39481366769009
3rsx,3rsx_556,16.464919012251546
3rsx,3rsx_569,7.182336882912392
3rsx,3rsx_574,11.483038440829828
3rsx,3rsx_579,7.333769357394073
3rsx,3rsx_586,11.923834362333771
3rsx,3rsx_589,10.88993224085995
3rsx,3rsx_590,12.026097945300076
3rsx,3rsx_591,14.895870253177405
3rsx,3rsx_593,11.189351106049994
3rsx,3rsx_594,16.91058020373167
3rsx,3rsx_596,13.206740558959888
3rsx,3rsx_604,16.63426026385955
3rsx,3rsx_605,17.9641403336431
3rsx,3rsx_607,17.483808956724648
3rsx,3rsx_621,13.935701292344827
3rsx,3rsx_629,14.30756138917802
3rsx,3rsx_630,25.147146096684576
3rsx,3rsx_651,19.310448557399205
3rsx,3rsx_677,26.837911693210987
3rsx,3rsx_684,22.905640057351945
3rsx,3rsx_689,17.851522761407228
3rsx,3rsx_697,12.00672149017747
3rsx,3rsx_708,13.93433138499168
3rsx,3rsx_740,5.692203013056434
3rsx,3rsx_742,12.515329247107156
3rsx,3rsx_744,7.564035916007501
3rsx,3rsx_750,13.20523136086114
3rsx,3rsx_754,8.396860556102157
3rsx,3rsx_756,12.628220663457748
3rsx,3rsx_761,7.188240916302037
3rsx,3rsx_762,10.865550615903247
3rsx,3rsx_772,10.687403192696204
3rsx,3rsx_773,7.2050854124063575
3rsx,3rsx_774,6.131840067285114
3rsx,3rsx_778,12.293344160568465
3rsx,3rsx_797,8.936734953876645
3rsx,3rsx_828,11.643496340359889
3rsx,3rsx_868,8.99155401096432
3rsx,3rsx_912,8.992389656805072
3rsx,3rsx_918,9.29357222282368
3rsx,3rsx_934,12.366603837592374
3rsx,3rsx_936,11.633290762036244
3ryj,3ryj_125,22.437212087269923
3ryj,3ryj_154,21.528632431520933
3ryj,3ryj_157,22.364396283045757
3ryj,3ryj_221,36.50040089183039
3ryj,3ryj_229,49.61656983142771
3ryj,3ryj_245,34.411278613899185
3ryj,3ryj_272,36.489793676775605
3ryj,3ryj_281,32.34618806578966
3ryj,3ryj_296,45.48756268860735
3ryj,3ryj_332,40.89392559587167
3ryj,3ryj_344,32.64493159716666
3ryj,3ryj_358,41.54647115255157
3ryj,3ryj_387,53.937741260572494
3ryj,3ryj_395,47.86768579322212
3ryj,3ryj_397,50.14427456289415
3ryj,3ryj_407,15.574296855441544
3ryj,3ryj_422,31.22163644158608
3ryj,3ryj_441,19.775130853404768
3ryj,3ryj_449,30.392632450769906
3ryj,3ryj_453,21.324453661947395
3ryj,3ryj_468,32.6552641270027
3ryj,3ryj_470,26.94723106906987
3ryj,3ryj_471,24.205149974843728
3ryj,3ryj_477,22.64491849943787
3ryj,3ryj_483,24.76194898606036
3ryj,3ryj_536,33.186446536151564
3ryj,3ryj_538,26.26478944261844
3ryj,3ryj_540,27.85449875622028
3ryj,3ryj_545,21.02505823003797
3ryj,3ryj_548,17.49732386821365
3ryj,3ryj_579,19.4468180651732
3ryj,3ryj_588,18.28462075276933
3ryj,3ryj_589,18.045830183195623
3ryj,3ryj_594,26.49299883024949
3ryj,3ryj_600,15.72297534904217
3ryj,3ryj_611,23.157126061463785
3ryj,3ryj_622,23.489248544052824
3ryj,3ryj_634,24.977375393857045
3ryj,3ryj_647,26.57010433939162
3ryj,3ryj_662,24.611073676777444
3ryj,3ryj_681,20.2985417985222
3ryj,3ryj_707,19.536660418511985
3ryj,3ryj_750,20.24695242001682
3ryj,3ryj_767,20.30965586485778
3ryj,3ryj_778,15.891884986129025
3ryj,3ryj_796,11.57207321473885
3ryj,3ryj_798,7.728625224131074
3ryj,3ryj_826,36.14705779692405
3ryj,3ryj_840,39.7050581522216
3ryj,3ryj_848,32.02923594097796
3ryj,3ryj_863,16.782492652674026
3ryj,3ryj_887,16.663516479131435
3syr,3syr_105,35.19348146662948
3syr,3syr_225,31.12548330943731
3syr,3syr_251,25.415000516456917
3syr,3syr_330,29.82275857657632
3syr,3syr_408,33.949400660600425
3syr,3syr_412,36.67880096577908
3syr,3syr_413,27.61497993100421
3syr,3syr_416,29.996037690116157
3syr,3syr_448,33.14858777326354
3syr,3syr_452,25.874359033502284
3syr,3syr_46,34.17913740114212
3syr,3syr_462,33.614723448489244
3syr,3syr_47,37.04320157611208
3syr,3syr_477,30.33077197487292
3syr,3syr_484,20.92866751981007
3syr,3syr_499,17.218824526219304
3syr,3syr_500,29.80489173988268
3syr,3syr_523,17.54955635795238
3syr,3syr_533,25.57281811449324
3syr,3syr_539,16.91779955802368
3syr,3syr_545,25.28460807377864
3syr,3syr_550,12.936012248212355
3syr,3syr_552,13.367249163855712
3syr,3syr_557,18.240173435912286
3syr,3syr_563,13.818436967622407
3syr,3syr_564,24.896435714617983
3syr,3syr_577,8.488602215395106
3syr,3syr_582,12.260102500442482
3syr,3syr_593,15.046000394751248
3syr,3syr_594,15.426450049876914
3syr,3syr_596,13.375811892558136
3syr,3syr_599,10.61681117690344
3syr,3syr_600,14.049213307088523
3syr,3syr_609,19.56042173968027
3syr,3syr_614,8.984472473791095
3syr,3syr_617,19.276694123574096
3syr,3syr_618,21.554786977512634
3syr,3syr_621,18.93098679384418
3syr,3syr_622,14.58047602475866
3syr,3syr_627,13.018985084362562
3syr,3syr_629,25.011278792767023
3syr,3syr_631,18.980759315139768
3syr,3syr_633,9.360872326172474
3syr,3syr_636,22.94130583417324
3syr,3syr_647,14.553430337344556
3syr,3syr_648,12.845126646408112
3syr,3syr_658,18.67116429036486
3syr,3syr_659,12.7221818085353
3syr,3syr_679,9.854179330274786
3syr,3syr_692,11.249670296138486
3syr,3syr_695,11.42366827317465
3syr,3syr_697,14.862115103852863
3syr,3syr_699,13.7374972477567
3syr,3syr_746,15.250412231893485
3syr,3syr_748,14.727379335181618
3syr,3syr_752,18.69439860449592
3syr,3syr_759,15.58200180251067
3syr,3syr_762,18.203201071884266
3syr,3syr_772,19.47345976281348
3syr,3syr_823,32.91105268191295
3syr,3syr_862,35.6224953812975
3syr,3syr_88,18.1384565098656
3syr,3syr_93,36.421455765265456
3syr,3syr_969,36.82631859417212
3tsk,3tsk_134,60.26084793738039
3tsk,3tsk_176,67.5147605818164
3tsk,3tsk_259,51.83293456793717
3tsk,3tsk_263,51.041197393051405
3tsk,3tsk_273,48.05470027691746
3tsk,3tsk_285,34.91463598543018
3tsk,3tsk_29,20.18941301059257
3tsk,3tsk_294,42.21922198868924
3tsk,3tsk_31,54.59762188262776
3tsk,3tsk_337,65.06247803467338
3tsk,3tsk_344,63.28308918447988
3tsk,3tsk_358,70.37645840556011
3tsk,3tsk_380,62.733586127267
3tsk,3tsk_381,59.71413420612237
3tsk,3tsk_382,61.1168150933724
3tsk,3tsk_40,36.4637467027542
3tsk,3tsk_400,61.80470620353508
3tsk,3tsk_402,35.31046987043427
3tsk,3tsk_405,54.99686047120644
3tsk,3tsk_422,50.958009593481805
3tsk,3tsk_423,45.65882989324602
3tsk,3tsk_426,54.23511821932998
3tsk,3tsk_430,48.36016249840726
3tsk,3tsk_433,53.536088026273866
3tsk,3tsk_441,47.970806202206525
3tsk,3tsk_443,48.98486016897126
3tsk,3tsk_444,47.30946959551655
3tsk,3tsk_455,46.33696375457763
3tsk,3tsk_456,41.0944221799199
3tsk,3tsk_458,49.98381001326821
3tsk,3tsk_460,44.08467215016005
3tsk,3tsk_461,28.816152730788588
3tsk,3tsk_464,46.57427649405148
3tsk,3tsk_465,25.56996153181062
3tsk,3tsk_468,47.73605968953782
3tsk,3tsk_475,26.017371193935368
3tsk,3tsk_479,53.94222199110088
3tsk,3tsk_487,40.73050595371511
3tsk,3tsk_491,40.30169440884198
3tsk,3tsk_495,37.41727218695997
3tsk,3tsk_499,24.101126180576323
3tsk,3tsk_500,47.60205323340363
3tsk,3tsk_509,34.73294580656788
3tsk,3tsk_512,25.661142516797103
3tsk,3tsk_522,19.17439129681764
3tsk,3tsk_527,28.53907971610419
3tsk,3tsk_532,36.19435576579397
3tsk,3tsk_541,37.40798474754499
3tsk,3tsk_547,19.87770071581064
3tsk,3tsk_552,21.20439819614176
3tsk,3tsk_557,15.991015638585502
3tsk,3tsk_561,31.363833416332987
3tsk,3tsk_576,38.17954662729344
3tsk,3tsk_580,28.02289260811358
3tsk,3tsk_589,16.885152670716398
3tsk,3tsk_594,36.79788906410357
3tsk,3tsk_596,27.33143038436849
3tsk,3tsk_598,41.59257903209317
3tsk,3tsk_646,17.211527975121772
3tsk,3tsk_655,16.692316400434144
3tsk,3tsk_656,16.582628290141162
3tsk,3tsk_668,16.237623364760474
3tsk,3tsk_669,19.69790645197167
3tsk,3tsk_674,18.329999977535486
3tsk,3tsk_679,39.66736140175205
3tsk,3tsk_696,24.08362499892992
3tsk,3tsk_700,14.631895931898285
3tsk,3tsk_702,19.549417016486576
3tsk,3tsk_713,62.55298323700409
3tsk,3tsk_721,29.60081264460283
3tsk,3tsk_733,16.362139184408797
3tsk,3tsk_767,55.64851495331657
3tsk,3tsk_78,46.24458245276966
3tsk,3tsk_784,20.465640688183413
3tsk,3tsk_803,24.62621827448923
3tsk,3tsk_847,22.51357652185633
3tsk,3tsk_870,55.25582819640776
3tsk,3tsk_93,63.02263726455377
3tsk,3tsk_979,28.470449968715783
3tsk,3tsk_980,52.688672578227695
3twp,3twp_105,3.3586423612367757
3twp,3twp_108,3.956494357085543
3twp,3twp_121,3.344740048127479
3twp,3twp_126,4.095825245591874
3twp,3twp_14,5.9384369525754686
3twp,3twp_147,3.0928754159845377
3twp,3twp_152,3.4980478394987307
3twp,3twp_157,3.520686084695773
3twp,3twp_160,3.537845191804406
3twp,3twp_18,4.922427661704072
3twp,3twp_198,17.55659659388725
3twp,3twp_22,10.198158780467551
3twp,3twp_226,15.727489354900865
3twp,3twp_321,19.4433562207971
3twp,3twp_362,17.449118502519276
3twp,3twp_381,19.778404055067497
3twp,3twp_413,4.078357491951809
3twp,3twp_419,7.68476243181872
3twp,3twp_422,13.548358490956575
3twp,3twp_440,5.129436066062814
3twp,3twp_445,6.383286217283685
3twp,3twp_454,2.7620754952066875
3twp,3twp_467,15.12157611483854
3twp,3twp_481,6.319959170331237
3twp,3twp_487,2.7637607001180147
3twp,3twp_490,14.589369105808782
3twp,3twp_497,19.16342433373289
3twp,3twp_501,17.928122712905566
3twp,3twp_510,16.711827580159568
3twp,3twp_511,17.020937075022804
3twp,3twp_532,11.954715138542271
3twp,3twp_533,8.242964186409889
3twp,3twp_536,19.91345424461391
3twp,3twp_540,5.580650523147168
3twp,3twp_547,13.125019768426055
3twp,3twp_560,13.532466376373383
3twp,3twp_567,14.498982942178328
3twp,3twp_569,10.8000109852072
3twp,3twp_57,6.165193030255578
3twp,3twp_574,14.6851834976786
3twp,3twp_575,13.95974285712184
3twp,3twp_576,5.960898347995408
3twp,3twp_578,8.594265987521574
3twp,3twp_596,3.141591764972677
3twp,3twp_599,9.177061113244903
3twp,3twp_600,6.533346453367377
3twp,3twp_605,6.283086288135501
3twp,3twp_608,15.938211879311911
3twp,3twp_613,13.239828908143911
3twp,3twp_619,3.822353977468729
3twp,3twp_627,16.098122590781763
3twp,3twp_633,5.916888156966062
3twp,3twp_643,12.48247020806117
3twp,3twp_645,14.679952236801151
3twp,3twp_646,8.839442769033258
3twp,3twp_665,3.396104175045144
3twp,3twp_676,11.079306381508204
3twp,3twp_686,15.862253600997873
3twp,3twp_692,15.803963013938466
3twp,3twp_741,9.69076901310284
3twp,3twp_742,3.098503153549993
3twp,3twp_745,8.012594084550383
3twp,3twp_749,8.42674198858921
3twp,3twp_754,8.552692745260469
3twp,3twp_763,4.778136376944119
3twp,3twp_769,3.900775592437597
3twp,3twp_778,2.203897518326381
3twp,3twp_779,4.649668971206015
3twp,3twp_785,7.71399147114114
3twp,3twp_8,8.837421970700358
3twp,3twp_827,5.970326731761377
3twp,3twp_912,11.71117035503108
3twp,3twp_92,10.801512576833671
3u5j,3u5j_124,12.506365596712929
3u5j,3u5j_143,33.10115518946009
3u5j,3u5j_147,19.663278518574906
3u5j,3u5j_174,33.25569522259434
3u5j,3u5j_195,29.005959891607784
3u5j,3u5j_20,25.05466321766661
3u5j,3u5j_203,29.12805042370741
3u5j,3u5j_213,33.10638198255826
3u5j,3u5j_233,31.5056512020516
3u5j,3u5j_24,28.142990497118312
3u5j,3u5j_251,33.667817752193145
3u5j,3u5j_257,33.86121390653045
3u5j,3u5j_268,17.71488390005782
3u5j,3u5j_290,14.994649023546424
3u5j,3u5j_294,34.57528766851169
3u5j,3u5j_419,11.90107749766775
3u5j,3u5j_421,17.52934164615472
3u5j,3u5j_434,12.810795498061973
3u5j,3u5j_439,12.56424974145005
3u5j,3u5j_458,18.11146004922743
3u5j,3u5j_47,35.82328624666714
3u5j,3u5j_475,28.131713188688984
3u5j,3u5j_481,25.221728718521696
3u5j,3u5j_482,17.725278415346033
3u5j,3u5j_491,19.667642617454387
3u5j,3u5j_493,12.675342518652146
3u5j,3u5j_497,16.14611765418011
3u5j,3u5j_498,21.48766575390892
3u5j,3u5j_505,30.64830830957525
3u5j,3u5j_526,20.493162180104594
3u5j,3u5j_536,9.749940764886365
3u5j,3u5j_54,38.00776635305237
3u5j,3u5j_557,19.06701245304651
3u5j,3u5j_561,14.707607192892436
3u5j,3u5j_563,10.18829898245477
3u5j,3u5j_566,14.515844589573764
3u5j,3u5j_574,16.211894291266955
3u5j,3u5j_576,21.264953181988847
3u5j,3u5j_578,14.61499146586478
3u5j,3u5j_580,8.80489938169467
3u5j,3u5j_584,8.293090090137628
3u5j,3u5j_589,16.563071447324404
3u5j,3u5j_591,12.87548805621705
3u5j,3u5j_593,16.28689686684604
3u5j,3u5j_603,15.156381815992344
3u5j,3u5j_62,36.26943251129467
3u5j,3u5j_620,31.139728981083987
3u5j,3u5j_639,24.07342176089901
3u5j,3u5j_65,41.351356812134206
3u5j,3u5j_690,15.211623387070969
3u5j,3u5j_710,20.674007200412184
3u5j,3u5j_723,9.149493604430807
3u5j,3u5j_728,11.13814671821289
3u5j,3u5j_731,12.097715538705096
3u5j,3u5j_733,7.636047810526115
3u5j,3u5j_736,11.416268679776334
3u5j,3u5j_746,11.059331040709086
3u5j,3u5j_756,7.726240022292128
3u5j,3u5j_757,7.583804089326991
3u5j,3u5j_759,8.054208717767862
3u5j,3u5j_764,9.823205865280412
3u5j,3u5j_773,10.18428291693616
3u5j,3u5j_803,20.623584317528245
3u5j,3u5j_830,20.558003453168244
3u5j,3u5j_845,12.732135539735728
3u5j,3u5j_858,11.364068331582263
3u5j,3u5j_894,20.72390570926188
3u5j,3u5j_928,17.02678759068274
3u5j,3u5j_968,9.76309309020598
3u5j,3u5j_972,11.340916383981554
3u5j,3u5j_974,20.32693012461627
3u8k,3u8k_110,44.04420816585064
3u8k,3u8k_147,52.57934549616424
3u8k,3u8k_224,46.15059836874105
3u8k,3u8k_362,44.31188908997285
3u8k,3u8k_408,37.482668496260935
3u8k,3u8k_412,36.80869352441026
3u8k,3u8k_420,28.86649787902992
3u8k,3u8k_422,44.91709435711844
3u8k,3u8k_424,33.81380906047327
3u8k,3u8k_426,30.68602492315905
3u8k,3u8k_444,20.096709324333755
3u8k,3u8k_448,34.91513449304491
3u8k,3u8k_456,29.305408548140186
3u8k,3u8k_463,35.695395136524056
3u8k,3u8k_475,25.853500659273337
3u8k,3u8k_479,39.707541834670366
3u8k,3u8k_481,33.685572282374125
3u8k,3u8k_494,38.87459362413544
3u8k,3u8k_499,30.75089405324612
3u8k,3u8k_512,33.15279643999131
3u8k,3u8k_524,19.961093693894103
3u8k,3u8k_529,18.158597689728573
3u8k,3u8k_532,18.919426946740963
3u8k,3u8k_537,33.254457689770454
3u8k,3u8k_544,25.533743195108865
3u8k,3u8k_549,20.414694427818084
3u8k,3u8k_550,23.772622564046365
3u8k,3u8k_551,32.53882297970897
3u8k,3u8k_556,23.197685243517583
3u8k,3u8k_557,29.30291880052607
3u8k,3u8k_561,25.77086386079556
3u8k,3u8k_563,34.61543165848784
3u8k,3u8k_564,26.760336700352195
3u8k,3u8k_568,26.65417284573804
3u8k,3u8k_569,35.18853324728394
3u8k,3u8k_573,26.20085801683552
3u8k,3u8k_575,21.085601675585853
3u8k,3u8k_579,23.19763787311664
3u8k,3u8k_584,22.141127911561217
3u8k,3u8k_587,28.396683643219845
3u8k,3u8k_588,21.797823212317564
3u8k,3u8k_589,29.70974219840312
3u8k,3u8k_593,18.93800722297566
3u8k,3u8k_594,26.189281078523106
3u8k,3u8k_607,29.76301862759826
3u8k,3u8k_612,33.868655131632615
3u8k,3u8k_619,32.92559450350359
3u8k,3u8k_631,20.25608999690841
3u8k,3u8k_650,18.41597093987141
3u8k,3u8k_680,26.313254973742435
3u8k,3u8k_682,39.32672048574817
3u8k,3u8k_683,23.758209963411584
3u8k,3u8k_689,19.72382794161621
3u8k,3u8k_717,43.30428359917085
3u8k,3u8k_723,49.77086404755019
3u8k,3u8k_748,21.897205376548584
3u8k,3u8k_756,14.20983347951818
3u8k,3u8k_765,18.86020565151757
3u8k,3u8k_771,28.841669009728964
3u8k,3u8k_773,12.252304145749484
3u8k,3u8k_775,29.50917237207995
3u8k,3u8k_776,29.491561661755103
3u8k,3u8k_777,18.903704952457662
3u8k,3u8k_780,13.831820984690456
3u8k,3u8k_782,18.334148908620577
3u8k,3u8k_784,24.310066705942564
3u8k,3u8k_787,14.257394986458111
3u8k,3u8k_796,28.078839918953346
3u8k,3u8k_797,27.24685580257812
3u8k,3u8k_799,23.632314202555413
3u8k,3u8k_800,27.060603076097184
3u8k,3u8k_830,48.0743054156558
3u8n,3u8n_441,42.525121050298885
3u8n,3u8n_443,43.13787325274937
3u8n,3u8n_464,28.384896511444328
3u8n,3u8n_468,41.94382650320655
3u8n,3u8n_471,29.44371356681885
3u8n,3u8n_477,34.13914924353511
3u8n,3u8n_482,27.32567267111523
3u8n,3u8n_498,31.656636471737546
3u8n,3u8n_509,37.11034757316964
3u8n,3u8n_516,48.6575056907025
3u8n,3u8n_529,17.66930539690568
3u8n,3u8n_531,43.33817684510641
3u8n,3u8n_542,35.557109135700266
3u8n,3u8n_557,33.81580163403633
3u8n,3u8n_576,24.242781030600483
3u8n,3u8n_581,43.20288954795955
3u8n,3u8n_622,27.908515726219868
3u8n,3u8n_648,36.6617869033093
3u8n,3u8n_662,39.84696878327546
3u8n,3u8n_675,36.44716889271433
3u8n,3u8n_691,36.35229503675609
3u8n,3u8n_693,37.63034451385932
3u8n,3u8n_704,46.14693984691368
3u8n,3u8n_713,44.28407409774658
3u8n,3u8n_718,35.44668248982594
3u8n,3u8n_724,26.01334716370383
3u8n,3u8n_733,23.659328670267893
3u8n,3u8n_735,22.48889955649977
3u8n,3u8n_763,24.43579122479024
3u8n,3u8n_764,28.90779481267542
3u8n,3u8n_773,26.42307914722884
3u8n,3u8n_774,22.25064037589591
3u8n,3u8n_778,35.43798853659383
3u8n,3u8n_779,23.07057760288076
3u8n,3u8n_780,27.01090384102929
3u8n,3u8n_784,23.10050438879249
3u8n,3u8n_785,26.038565030863403
3u8n,3u8n_787,23.22150565853909
3u8n,3u8n_788,21.956908638733186
3u8n,3u8n_789,24.012099472182623
3u8n,3u8n_790,25.14339660097104
3u8n,3u8n_791,18.62083652239584
3u8n,3u8n_792,31.01049967429164
3u8n,3u8n_794,28.584534442903696
3u8n,3u8n_798,17.960713320234355
3u8n,3u8n_816,55.67287623507741
3u8n,3u8n_822,46.46647747010998
3u8n,3u8n_850,40.76905443963047
3u8n,3u8n_869,37.11624964319903
3u8n,3u8n_874,32.56014563764794
3u8n,3u8n_893,25.498982886377984
3u8n,3u8n_894,44.30846992016233
3u8n,3u8n_915,45.743765111716215
3u8n,3u8n_928,53.37650911931911
3u8n,3u8n_929,45.97052847083823
3u8n,3u8n_963,41.90765495798595
3u8n,3u8n_971,30.74581914800779
3u8n,3u8n_974,36.09433750388078
3u8n,3u8n_981,41.74049086375902
3u8n,3u8n_991,38.92225593234929
3u8n,3u8n_998,38.52576708264431
3u9q,3u9q_133,16.409177636814388
3u9q,3u9q_158,18.52372938466772
3u9q,3u9q_22,12.6493964227176
3u9q,3u9q_234,18.06660101325847
3u9q,3u9q_238,18.06871321726049
3u9q,3u9q_252,16.655357677162012
3u9q,3u9q_268,18.317397645178765
3u9q,3u9q_273,18.88364776730985
3u9q,3u9q_278,17.62250429812184
3u9q,3u9q_282,19.45527034718061
3u9q,3u9q_286,16.80517128593145
3u9q,3u9q_291,17.22287904754181
3u9q,3u9q_355,11.693550584037672
3u9q,3u9q_363,10.11651525538914
3u9q,3u9q_386,16.774316115012617
3u9q,3u9q_407,15.02567434883421
3u9q,3u9q_416,16.40182501029809
3u9q,3u9q_421,14.968456250458829
3u9q,3u9q_426,15.597648695483365
3u9q,3u9q_451,15.832745395225457
3u9q,3u9q_458,8.637662654098103
3u9q,3u9q_476,8.997672550639773
3u9q,3u9q_477,10.709073913370329
3u9q,3u9q_480,8.656807395060083
3u9q,3u9q_509,12.664824140709358
3u9q,3u9q_53,10.538125084009208
3u9q,3u9q_539,13.395244153893517
3u9q,3u9q_540,11.286750312619583
3u9q,3u9q_546,10.032893001088068
3u9q,3u9q_559,15.194133755248757
3u9q,3u9q_562,10.446818637382034
3u9q,3u9q_576,11.083208027072672
3u9q,3u9q_602,9.254176159881531
3u9q,3u9q_606,9.866203073887348
3u9q,3u9q_619,12.513626160129451
3u9q,3u9q_621,14.353126128533038
3u9q,3u9q_623,8.42501868026298
3u9q,3u9q_629,10.673439861579451
3u9q,3u9q_630,9.8507254899993
3u9q,3u9q_633,11.933727561821986
3u9q,3u9q_639,11.728119286688573
3u9q,3u9q_640,12.15735898750094
3u9q,3u9q_645,14.256897857136815
3u9q,3u9q_656,7.212307064028853
3u9q,3u9q_658,8.528163215665437
3u9q,3u9q_663,9.203352396092203
3u9q,3u9q_669,9.970898293197251
3u9q,3u9q_680,7.916692866928371
3u9q,3u9q_682,9.76502566321548
3u9q,3u9q_696,9.804962734775437
3u9q,3u9q_750,11.914687487173524
3u9q,3u9q_753,11.71918855120532
3u9q,3u9q_756,10.388236992318106
3u9q,3u9q_760,6.322893714195845
3u9q,3u9q_773,12.846615264302123
3u9q,3u9q_778,10.321679535282597
3u9q,3u9q_783,9.595216669931798
3u9q,3u9q_784,11.792178840114982
3u9q,3u9q_788,11.775086072607571
3u9q,3u9q_793,8.7647644223558
3u9q,3u9q_794,6.892630690960504
3u9q,3u9q_810,15.062486435598382
3u9q,3u9q_860,13.35208159797508
3u9q,3u9q_867,13.982339573294848
3u9q,3u9q_877,11.632703891307534
3u9q,3u9q_883,12.31716589444802
3u9q,3u9q_890,12.82402497125135
3u9q,3u9q_91,17.672189235690904
3u9q,3u9q_938,9.284294737234616
3u9q,3u9q_971,12.500370622303118
3udh,3udh_118,12.385210088300576
3udh,3udh_121,16.524031834716858
3udh,3udh_130,15.690151989335366
3udh,3udh_234,16.77360557379828
3udh,3udh_30,17.5845281871333
3udh,3udh_318,7.489094521288203
3udh,3udh_347,17.862487930985555
3udh,3udh_359,17.8597196089884
3udh,3udh_392,16.270886353286926
3udh,3udh_405,9.009074699197797
3udh,3udh_411,12.740062946384118
3udh,3udh_413,12.96411267652978
3udh,3udh_418,15.315248665002132
3udh,3udh_420,16.73368176911439
3udh,3udh_444,15.014182486565408
3udh,3udh_453,14.999431833744367
3udh,3udh_459,13.347158262998866
3udh,3udh_460,9.625908280426309
3udh,3udh_462,6.878980031520639
3udh,3udh_464,6.978848006081515
3udh,3udh_477,12.230175989443673
3udh,3udh_481,10.349957338179584
3udh,3udh_491,5.7159012809666105
3udh,3udh_499,5.703454877350402
3udh,3udh_50,18.076813899416702
3udh,3udh_500,12.143750546593102
3udh,3udh_519,12.25921195898206
3udh,3udh_523,8.507506970168901
3udh,3udh_527,6.885971979210462
3udh,3udh_528,6.087355057696935
3udh,3udh_543,7.909498024670106
3udh,3udh_549,8.999290582110916
3udh,3udh_566,8.801322445069808
3udh,3udh_570,9.06278529334245
3udh,3udh_579,9.24769481164999
3udh,3udh_581,6.92745096900061
3udh,3udh_588,7.14007909638625
3udh,3udh_596,7.845721649471335
3udh,3udh_634,6.601335258122928
3udh,3udh_638,9.16101146040511
3udh,3udh_651,11.126135970250534
3udh,3udh_670,11.36101594234342
3udh,3udh_672,6.513552756127365
3udh,3udh_679,13.721103472673734
3udh,3udh_685,12.53308338046683
3udh,3udh_686,6.177809668330989
3udh,3udh_694,7.21805723637555
3udh,3udh_712,3.693494547257676
3udh,3udh_72,18.292237457239924
3udh,3udh_725,4.188615847650888
3udh,3udh_735,4.403508991070252
3udh,3udh_738,3.553587538961772
3udh,3udh_743,3.1955635187964813
3udh,3udh_746,4.627102269873604
3udh,3udh_752,6.282903410586949
3udh,3udh_759,3.5799642707610952
3udh,3udh_768,4.748082539560645
3udh,3udh_780,4.373611248950761
3udh,3udh_783,2.832388322174779
3udh,3udh_785,2.933185481987129
3udh,3udh_797,3.7295522301430033
3udh,3udh_799,5.445124746703211
3udh,3udh_800,4.075632055808988
3udh,3udh_823,11.652184573831905
3udh,3udh_825,3.7089912404270975
3udh,3udh_829,3.939820949034414
3udh,3udh_832,6.653574647560497
3udh,3udh_834,3.6794636194881942
3udh,3udh_835,4.374048462665271
3udh,3udh_837,5.281735613842707
3udh,3udh_843,4.468949764022765
3udh,3udh_861,5.337796983475754
3udh,3udh_885,5.232643634304221
3udh,3udh_895,2.979400599143036
3udh,3udh_899,3.375611875534813
3udh,3udh_926,9.973546809234664
3udh,3udh_930,5.4604393430935945
3udh,3udh_957,8.536793418920082
3udh,3udh_997,4.605869815319565
3ueu,3ueu_1000,29.207181878856638
3ueu,3ueu_120,31.23942309931608
3ueu,3ueu_147,35.593655761555105
3ueu,3ueu_173,31.203999514073605
3ueu,3ueu_202,34.18650071862303
3ueu,3ueu_213,36.12570252591021
3ueu,3ueu_22,36.16571480155236
3ueu,3ueu_224,23.124762285122
3ueu,3ueu_230,24.09226597132166
3ueu,3ueu_235,37.19504185589753
3ueu,3ueu_24,36.64423888679692
3ueu,3ueu_241,30.61226217176508
3ueu,3ueu_244,32.28087176299612
3ueu,3ueu_247,33.714656325928324
3ueu,3ueu_268,37.11530328874565
3ueu,3ueu_271,37.408208722746245
3ueu,3ueu_280,32.78286054131928
3ueu,3ueu_286,37.58733536494818
3ueu,3ueu_287,30.996952778755126
3ueu,3ueu_291,33.42696657525067
3ueu,3ueu_31,34.07921623834565
3ueu,3ueu_315,31.669605417730896
3ueu,3ueu_328,39.93900139716615
3ueu,3ueu_36,32.60661943736587
3ueu,3ueu_37,33.630677935036225
3ueu,3ueu_392,33.6753283898063
3ueu,3ueu_425,28.726339156714324
3ueu,3ueu_434,33.6773138317022
3ueu,3ueu_435,23.44608577714736
3ueu,3ueu_437,30.02538457939232
3ueu,3ueu_438,26.33663137674077
3ueu,3ueu_441,32.564867214141664
3ueu,3ueu_447,32.44812689277921
3ueu,3ueu_450,33.75589017429112
3ueu,3ueu_451,32.28812271762752
3ueu,3ueu_454,27.63257734132151
3ueu,3ueu_463,24.04665571363908
3ueu,3ueu_465,28.758736116764453
3ueu,3ueu_487,29.427528604704477
3ueu,3ueu_489,25.059193373983742
3ueu,3ueu_490,23.019238026096595
3ueu,3ueu_497,26.26278085648841
3ueu,3ueu_514,24.259593754782266
3ueu,3ueu_52,35.45063055970649
3ueu,3ueu_527,30.30401634200524
3ueu,3ueu_535,26.06871955534793
3ueu,3ueu_549,24.21902523818942
3ueu,3ueu_550,23.81969417827812
3ueu,3ueu_551,26.558284815422304
3ueu,3ueu_564,24.24432845910108
3ueu,3ueu_565,30.979983640936894
3ueu,3ueu_570,28.49151321876451
3ueu,3ueu_574,26.31126759409652
3ueu,3ueu_577,17.227919868259487
3ueu,3ueu_578,28.26513217602655
3ueu,3ueu_58,36.1287089589735
3ueu,3ueu_587,25.945337554117565
3ueu,3ueu_592,23.540556546925032
3ueu,3ueu_604,22.39724015785633
3ueu,3ueu_619,23.68873219930112
3ueu,3ueu_620,14.989418644485491
3ueu,3ueu_621,28.36201986436858
3ueu,3ueu_652,17.05145931649869
3ueu,3ueu_655,21.068616602806287
3ueu,3ueu_666,25.39945822066112
3ueu,3ueu_667,19.2746601274063
3ueu,3ueu_67,34.937232654615386
3ueu,3ueu_670,25.177316544632127
3ueu,3ueu_678,24.47147624588739
3ueu,3ueu_694,28.30660072086199
3ueu,3ueu_8,42.198148926357135
3ueu,3ueu_830,27.0813195294141
3ueu,3ueu_836,24.296187080134636
3ueu,3ueu_84,38.0880970556877
3ueu,3ueu_91,39.96133026194951
3ueu,3ueu_937,19.165384742455448
3ueu,3ueu_962,27.471541502948728
3ueu,3ueu_972,26.28055709792585
3ueu,3ueu_996,30.10593851629424
3uev,3uev_117,37.406650322117386
3uev,3uev_178,38.96017971568619
3uev,3uev_194,39.307379445956265
3uev,3uev_233,31.21675265521631
3uev,3uev_236,43.31691157975171
3uev,3uev_249,39.54996341183063
3uev,3uev_266,38.66937664501447
3uev,3uev_272,33.950217886858134
3uev,3uev_277,40.65663261571707
3uev,3uev_290,45.14027884365057
3uev,3uev_36,39.98596180724294
3uev,3uev_37,42.19378939564456
3uev,3uev_420,26.67227480158468
3uev,3uev_444,37.9416673425218
3uev,3uev_451,32.050284119254414
3uev,3uev_452,33.90875428629418
3uev,3uev_455,30.413453368454157
3uev,3uev_456,29.20549255767437
3uev,3uev_464,22.523733408750424
3uev,3uev_465,35.57507250855966
3uev,3uev_467,33.26322536771287
3uev,3uev_474,31.7202017774271
3uev,3uev_475,28.38297713801887
3uev,3uev_483,32.94418242585397
3uev,3uev_488,30.82465702457379
3uev,3uev_509,23.543951214177586
3uev,3uev_544,26.18045045280851
3uev,3uev_561,20.29929673916627
3uev,3uev_566,24.24128191794119
3uev,3uev_569,21.43816803567557
3uev,3uev_573,24.09713874598456
3uev,3uev_575,16.427511602103777
3uev,3uev_580,24.581359114540803
3uev,3uev_583,19.829429818779257
3uev,3uev_585,32.58855242835311
3uev,3uev_590,22.84598088000801
3uev,3uev_591,23.27794866458309
3uev,3uev_592,29.520906033981213
3uev,3uev_598,23.08341731166407
3uev,3uev_603,24.30823796807819
3uev,3uev_611,25.906441705265284
3uev,3uev_619,25.085690482937583
3uev,3uev_62,38.75860597948407
3uev,3uev_621,32.880208689538115
3uev,3uev_645,18.613432111794783
3uev,3uev_655,18.638218834476746
3uev,3uev_659,32.47514814663403
3uev,3uev_661,27.840984201778948
3uev,3uev_666,26.48617922916472
3uev,3uev_673,18.076918453835745
3uev,3uev_675,31.563314189708404
3uev,3uev_684,18.28843105054033
3uev,3uev_695,19.04806496187206
3uev,3uev_700,38.05361182035671
3uev,3uev_72,44.63842781473485
3uev,3uev_731,28.9721188267348
3uev,3uev_749,34.68052510876478
3uev,3uev_766,22.31876297271374
3uev,3uev_778,28.842463460996417
3uev,3uev_793,33.735919370510906
3uev,3uev_794,35.69993521103552
3uev,3uev_80,41.2407531104224
3uev,3uev_800,23.893131596198156
3uev,3uev_830,34.82299279198578
3uev,3uev_937,25.48421114351688
3uev,3uev_957,34.46034986087655
3uev,3uev_975,35.78916968209329
3uew,3uew_161,37.52465022866895
3uew,3uew_211,35.63136302505937
3uew,3uew_224,31.24790602524461
3uew,3uew_229,24.15398982660261
3uew,3uew_243,35.1011652775038
3uew,3uew_249,34.39410604208433
3uew,3uew_255,44.154766077421336
3uew,3uew_281,33.479296473820895
3uew,3uew_282,36.369202386401874
3uew,3uew_290,41.45202584182442
3uew,3uew_352,43.09452989755603
3uew,3uew_404,32.22400379206048
3uew,3uew_409,39.39791629438713
3uew,3uew_415,28.632454559595796
3uew,3uew_423,23.63219061052733
3uew,3uew_431,36.035765320814384
3uew,3uew_433,30.80233190189053
3uew,3uew_436,35.81964159287629
3uew,3uew_439,36.41393509258752
3uew,3uew_444,35.26020890482676
3uew,3uew_446,36.770257757045286
3uew,3uew_450,36.02941910930949
3uew,3uew_451,32.7896193666734
3uew,3uew_454,35.500872070568505
3uew,3uew_456,31.52194476675013
3uew,3uew_458,30.583885056032948
3uew,3uew_467,25.518683930811893
3uew,3uew_471,32.36112262438192
3uew,3uew_474,34.75357495030655
3uew,3uew_475,32.803301564708654
3uew,3uew_477,26.03473300931017
3uew,3uew_481,33.14589866525534
3uew,3uew_482,25.670368686843123
3uew,3uew_484,26.873757909626736
3uew,3uew_487,31.51316529009287
3uew,3uew_488,29.7389032227002
3uew,3uew_489,29.61707286598399
3uew,3uew_493,24.46569815713517
3uew,3uew_495,34.807732880552
3uew,3uew_508,33.06721433372226
3uew,3uew_515,24.30119865714568
3uew,3uew_520,25.40280815650174
3uew,3uew_533,26.666676084052924
3uew,3uew_537,30.02949554677244
3uew,3uew_545,28.04097383461343
3uew,3uew_555,24.34808278421399
3uew,3uew_558,28.08792700090968
3uew,3uew_564,26.25856328846681
3uew,3uew_566,28.768135411705835
3uew,3uew_575,27.89216903177034
3uew,3uew_582,25.998776040308385
3uew,3uew_583,23.165653057688527
3uew,3uew_587,20.536554753846943
3uew,3uew_588,25.25404317240985
3uew,3uew_595,27.04173610779476
3uew,3uew_603,28.12809838389345
3uew,3uew_612,20.356760586752465
3uew,3uew_613,32.549527196959524
3uew,3uew_624,30.780656885624293
3uew,3uew_644,23.169092480597623
3uew,3uew_649,32.493010391435824
3uew,3uew_65,37.86299294664454
3uew,3uew_663,22.86079119298674
3uew,3uew_664,27.63187625975097
3uew,3uew_666,30.519524129485823
3uew,3uew_670,28.66214713690113
3uew,3uew_672,32.64575611042483
3uew,3uew_675,27.86685991225864
3uew,3uew_681,25.217366436537542
3uew,3uew_686,24.392398218532986
3uew,3uew_697,24.82336150553216
3uew,3uew_7,32.722692755551456
3uew,3uew_700,27.060352719093142
3uew,3uew_735,27.236061802489736
3uew,3uew_740,29.02336442529325
3uew,3uew_751,27.15301368346188
3uew,3uew_757,27.252404884470963
3uew,3uew_759,31.936355986213563
3uew,3uew_780,37.12654794899863
3uew,3uew_787,26.7825975871435
3uew,3uew_790,34.30576248197322
3uew,3uew_803,35.39489696930136
3uew,3uew_844,29.834087128146702
3uew,3uew_880,31.076775927846807
3uew,3uew_919,23.93676015267314
3uex,3uex_1000,31.21096679981832
3uex,3uex_102,34.96912696194116
3uex,3uex_12,44.704923300255736
3uex,3uex_187,30.861679972963355
3uex,3uex_203,35.44745895687732
3uex,3uex_212,37.69813495014654
3uex,3uex_224,38.73347775789075
3uex,3uex_227,43.31078804235827
3uex,3uex_244,34.10528563042212
3uex,3uex_247,42.55502289366126
3uex,3uex_25,39.62760577572881
3uex,3uex_254,37.01222998450992
3uex,3uex_255,37.103123758744566
3uex,3uex_267,38.195367908182384
3uex,3uex_276,41.95565582494199
3uex,3uex_292,43.22825995219008
3uex,3uex_299,43.30738043066401
3uex,3uex_401,24.61407691281339
3uex,3uex_409,32.756095036048414
3uex,3uex_411,27.748441374869547
3uex,3uex_413,36.15062328011804
3uex,3uex_419,29.54919821594752
3uex,3uex_420,24.75212516371011
3uex,3uex_424,27.99090342477316
3uex,3uex_425,27.25066448322073
3uex,3uex_444,31.441139244068463
3uex,3uex_447,24.148878963095743
3uex,3uex_452,33.42926670009862
3uex,3uex_458,29.742012490817604
3uex,3uex_476,28.5990478696549
3uex,3uex_482,35.26877238860388
3uex,3uex_483,28.38182308366126
3uex,3uex_485,34.92284049604145
3uex,3uex_491,31.608747912857982
3uex,3uex_493,29.471709906493828
3uex,3uex_498,33.87982544412164
3uex,3uex_499,31.89764376415034
3uex,3uex_508,42.848321211177385
3uex,3uex_517,34.19406569227426
3uex,3uex_521,31.61807569773036
3uex,3uex_522,32.22354094428256
3uex,3uex_542,30.90433156291905
3uex,3uex_56,46.60469546787388
3uex,3uex_562,30.204561899079792
3uex,3uex_566,29.06922776551002
3uex,3uex_576,28.727095274972147
3uex,3uex_581,30.989759726463035
3uex,3uex_585,37.68468306375443
3uex,3uex_588,20.62856674074304
3uex,3uex_627,22.46073660821633
3uex,3uex_63,43.2933165010082
3uex,3uex_630,35.38723945331189
3uex,3uex_640,28.10773858551576
3uex,3uex_648,35.19287551009578
3uex,3uex_652,32.16725082194294
3uex,3uex_657,28.668822686725147
3uex,3uex_660,36.760862671608734
3uex,3uex_667,24.542518131485476
3uex,3uex_668,20.155943089111386
3uex,3uex_678,32.47377539586876
3uex,3uex_688,25.868031496454627
3uex,3uex_690,27.52244476716205
3uex,3uex_693,32.17891447284799
3uex,3uex_696,34.91719081414134
3uex,3uex_697,25.96923465876703
3uex,3uex_733,32.78790816588622
3uex,3uex_743,40.06858816214989
3uex,3uex_748,26.127513610916004
3uex,3uex_76,44.77636812006245
3uex,3uex_764,33.154945134658306
3uex,3uex_772,34.56411221553665
3uex,3uex_775,37.1715945140062
3uex,3uex_778,21.0338135119469
3uex,3uex_782,35.38853345945448
3uex,3uex_794,34.11934179738856
3uex,3uex_815,32.673158278858665
3uex,3uex_836,34.54304878505779
3uex,3uex_859,28.064171406947
3uex,3uex_90,45.65439231895462
3uex,3uex_94,45.07118230378294
3uex,3uex_98,47.46856331726616
3ui7,3ui7_133,50.5966920352746
3ui7,3ui7_138,41.13331148710084
3ui7,3ui7_151,29.191828690261698
3ui7,3ui7_16,49.32059906487395
3ui7,3ui7_208,50.17252131023148
3ui7,3ui7_227,56.98991811214324
3ui7,3ui7_240,9.787246328320734
3ui7,3ui7_282,53.23815585909381
3ui7,3ui7_287,40.762996428161166
3ui7,3ui7_333,55.25731545665984
3ui7,3ui7_335,48.355987416127256
3ui7,3ui7_408,24.667898525831777
3ui7,3ui7_424,45.39451705158607
3ui7,3ui7_445,41.54699549155932
3ui7,3ui7_459,37.040598578840026
3ui7,3ui7_47,37.441789778036586
3ui7,3ui7_471,15.814178017721565
3ui7,3ui7_494,37.44256613230229
3ui7,3ui7_533,17.63309559156183
3ui7,3ui7_545,42.03349909554203
3ui7,3ui7_552,6.408078194664162
3ui7,3ui7_562,2.847692786963109
3ui7,3ui7_565,9.14673143032501
3ui7,3ui7_577,4.738503650454977
3ui7,3ui7_578,3.0484189680022165
3ui7,3ui7_586,4.253082704525646
3ui7,3ui7_606,6.311830024148063
3ui7,3ui7_625,6.276764963235887
3ui7,3ui7_630,10.604058278752216
3ui7,3ui7_635,23.191949126893
3ui7,3ui7_638,3.927569053423951
3ui7,3ui7_648,31.82364741200237
3ui7,3ui7_651,27.22089367650563
3ui7,3ui7_655,4.823427264313497
3ui7,3ui7_659,4.198563570374339
3ui7,3ui7_664,7.550634564758494
3ui7,3ui7_673,11.764248102578234
3ui7,3ui7_675,23.217841101005344
3ui7,3ui7_683,38.26133170388464
3ui7,3ui7_690,3.3651350826973974
3ui7,3ui7_696,40.88206149553677
3ui7,3ui7_697,7.315428949389561
3ui7,3ui7_703,28.32312531208808
3ui7,3ui7_714,22.06179004631401
3ui7,3ui7_718,32.45132564304697
3ui7,3ui7_719,14.984601466335858
3ui7,3ui7_721,15.791955914102193
3ui7,3ui7_730,23.941735241874373
3ui7,3ui7_732,13.315175603001562
3ui7,3ui7_735,10.28130223326343
3ui7,3ui7_753,11.257503449131317
3ui7,3ui7_759,5.634201980797318
3ui7,3ui7_760,15.54741415120156
3ui7,3ui7_762,9.861229655355316
3ui7,3ui7_767,20.603361252097468
3ui7,3ui7_772,7.584907534491233
3ui7,3ui7_774,25.525541375743195
3ui7,3ui7_776,9.17028163406428
3ui7,3ui7_782,21.38897892707048
3ui7,3ui7_784,28.62274975002804
3ui7,3ui7_786,14.542377549574946
3ui7,3ui7_790,23.542241771103484
3ui7,3ui7_795,12.658252726739253
3ui7,3ui7_797,17.89257133730851
3ui7,3ui7_818,16.839410957460938
3ui7,3ui7_826,27.723120994253957
3ui7,3ui7_840,14.669896813857742
3ui7,3ui7_843,33.61360490655225
3ui7,3ui7_859,32.6325258108618
3ui7,3ui7_860,4.642769567117028
3ui7,3ui7_861,26.362823933661296
3ui7,3ui7_864,26.801615955335155
3ui7,3ui7_877,10.571145721129394
3ui7,3ui7_878,33.2686636578298
3ui7,3ui7_883,17.179572198668506
3ui7,3ui7_898,10.391319001868416
3ui7,3ui7_90,28.849746852548297
3ui7,3ui7_900,40.58880237278988
3ui7,3ui7_907,41.06063730981143
3ui7,3ui7_911,39.18227920242211
3ui7,3ui7_922,39.8272034744622
3ui7,3ui7_932,30.372572407366462
3ui7,3ui7_933,28.31981852235024
3ui7,3ui7_934,29.47203004343552
3ui7,3ui7_942,29.201139370499444
3ui7,3ui7_956,47.94900933800937
3ui7,3ui7_970,13.531479515863882
3ui7,3ui7_993,17.817526724147083
3ui7,3ui7_995,17.077910776689553
3uo4,3uo4_137,20.97264632094785
3uo4,3uo4_203,53.40816336266902
3uo4,3uo4_239,16.89200364843396
3uo4,3uo4_25,49.84573683890713
3uo4,3uo4_260,54.33928057188918
3uo4,3uo4_273,57.02942186638512
3uo4,3uo4_274,56.40913211584214
3uo4,3uo4_282,52.48381457835296
3uo4,3uo4_289,54.71439835884438
3uo4,3uo4_293,20.14359178602881
3uo4,3uo4_329,55.034436845076776
3uo4,3uo4_33,44.32488018565039
3uo4,3uo4_343,55.85856025738673
3uo4,3uo4_346,16.79667192713881
3uo4,3uo4_357,50.13968116970104
3uo4,3uo4_360,17.78757288201578
3uo4,3uo4_374,56.63754531206046
3uo4,3uo4_381,27.12303533817401
3uo4,3uo4_383,16.481177892355056
3uo4,3uo4_386,22.78783170519289
3uo4,3uo4_388,54.055834968555935
3uo4,3uo4_422,17.151198792636603
3uo4,3uo4_430,20.376355404430345
3uo4,3uo4_435,15.579607411711104
3uo4,3uo4_446,40.83056326993592
3uo4,3uo4_451,13.025602819137344
3uo4,3uo4_453,15.461912264105605
3uo4,3uo4_462,14.692254851519012
3uo4,3uo4_476,14.638437177902956
3uo4,3uo4_477,15.357955273943183
3uo4,3uo4_485,17.509138663877973
3uo4,3uo4_488,15.942812859238318
3uo4,3uo4_511,32.36639150427847
3uo4,3uo4_517,33.41610529898432
3uo4,3uo4_518,35.06827707045562
3uo4,3uo4_521,34.59326954627278
3uo4,3uo4_531,32.600726855822984
3uo4,3uo4_533,33.4640577446352
3uo4,3uo4_555,14.5557820670311
3uo4,3uo4_562,18.69997642441733
3uo4,3uo4_565,16.54313096747982
3uo4,3uo4_566,14.668318992835191
3uo4,3uo4_567,19.01300717470611
3uo4,3uo4_568,26.193910166950584
3uo4,3uo4_569,11.292443466136374
3uo4,3uo4_571,25.96674401961149
3uo4,3uo4_583,24.65336174488394
3uo4,3uo4_584,20.43693931697108
3uo4,3uo4_59,18.699733082783062
3uo4,3uo4_595,23.564617323495924
3uo4,3uo4_596,16.95381327852569
3uo4,3uo4_605,22.35007784774306
3uo4,3uo4_609,29.61992420540334
3uo4,3uo4_646,38.639003209427045
3uo4,3uo4_647,15.770224446855106
3uo4,3uo4_658,25.94663764780666
3uo4,3uo4_660,30.47644834850708
3uo4,3uo4_669,36.27685714580678
3uo4,3uo4_677,27.96444511985715
3uo4,3uo4_678,13.348919417536344
3uo4,3uo4_679,20.489323858762173
3uo4,3uo4_688,21.88635376398482
3uo4,3uo4_690,23.787761947376893
3uo4,3uo4_691,31.564345008775916
3uo4,3uo4_695,18.98453922907591
3uo4,3uo4_696,21.3562007469626
3uo4,3uo4_698,15.515544852701538
3uo4,3uo4_710,57.2656173059617
3uo4,3uo4_737,14.396817041331254
3uo4,3uo4_747,15.091291966703336
3uo4,3uo4_749,14.875271565811918
3uo4,3uo4_750,14.603348395361088
3uo4,3uo4_754,9.53752320434767
3uo4,3uo4_8,15.323157135384632
3uo4,3uo4_820,32.40265400690623
3uo4,3uo4_822,5.765346615485986
3uo4,3uo4_825,11.583738985434907
3uo4,3uo4_831,14.396819846401424
3uo4,3uo4_837,10.21355669816165
3uo4,3uo4_844,11.905696113288752
3uo4,3uo4_845,7.932085631114964
3uo4,3uo4_848,6.688461981099772
3uo4,3uo4_89,12.30561010611044
3uo4,3uo4_942,15.687533704745062
3uo4,3uo4_950,5.765347427236515
3up2,3up2_100,58.67000168120789
3up2,3up2_106,62.3862465954004
3up2,3up2_112,19.341720837399983
3up2,3up2_113,14.915649860600965
3up2,3up2_156,16.77368141498676
3up2,3up2_160,20.358938273871487
3up2,3up2_167,16.5755549173827
3up2,3up2_168,17.228984879079846
3up2,3up2_189,60.24486394776272
3up2,3up2_194,13.584594055272422
3up2,3up2_198,64.18472146352741
3up2,3up2_206,35.01034849123664
3up2,3up2_220,67.30132551720298
3up2,3up2_231,63.59483407044966
3up2,3up2_238,66.43225209552094
3up2,3up2_247,35.90685841126758
3up2,3up2_276,64.09424162758562
3up2,3up2_29,66.90645365723329
3up2,3up2_291,41.192313382251314
3up2,3up2_302,63.95107338303648
3up2,3up2_310,17.2232921095447
3up2,3up2_334,64.7906186394746
3up2,3up2_340,17.46812114551176
3up2,3up2_345,67.12399191385732
3up2,3up2_349,25.288808326679828
3up2,3up2_358,22.816294177815102
3up2,3up2_363,45.47348262013029
3up2,3up2_385,14.83014852452652
3up2,3up2_4,65.25162019545729
3up2,3up2_40,68.92933245558667
3up2,3up2_400,62.09805267598875
3up2,3up2_401,34.34577657958385
3up2,3up2_413,42.793787421060095
3up2,3up2_421,42.84191111866228
3up2,3up2_430,20.69007787779061
3up2,3up2_434,17.633312447021517
3up2,3up2_435,15.477583123160048
3up2,3up2_440,15.248486123380152
3up2,3up2_446,24.144105637642284
3up2,3up2_463,18.78293543635847
3up2,3up2_464,37.91667808406193
3up2,3up2_499,30.132168858797904
3up2,3up2_510,48.02040233454508
3up2,3up2_515,30.017011094138876
3up2,3up2_518,22.79753124422422
3up2,3up2_520,41.48595762226032
3up2,3up2_530,23.050251130977475
3up2,3up2_532,27.23046452200992
3up2,3up2_533,33.624012126611426
3up2,3up2_536,18.884457210488023
3up2,3up2_539,37.01020701518334
3up2,3up2_543,10.160696928978313
3up2,3up2_551,16.78302790046795
3up2,3up2_555,23.86216176348032
3up2,3up2_565,27.65437017576008
3up2,3up2_569,23.297428747381407
3up2,3up2_570,21.54969167008353
3up2,3up2_579,13.598326244882651
3up2,3up2_58,63.99197019640702
3up2,3up2_581,28.58142150825248
3up2,3up2_584,18.989302377915365
3up2,3up2_585,19.5243595725476
3up2,3up2_593,17.703763727201657
3up2,3up2_594,13.038390199030564
3up2,3up2_596,17.05044874431245
3up2,3up2_60,61.355854476698426
3up2,3up2_605,50.67324501673036
3up2,3up2_613,43.41533677873839
3up2,3up2_617,19.87943969178442
3up2,3up2_624,32.61592144640328
3up2,3up2_631,39.27234290593167
3up2,3up2_633,15.675023492905044
3up2,3up2_639,34.56732881694655
3up2,3up2_641,25.447617849864905
3up2,3up2_649,28.85860901750887
3up2,3up2_665,17.04087937744176
3up2,3up2_673,15.191674175193024
3up2,3up2_676,8.80550917341591
3up2,3up2_682,25.551954938900614
3up2,3up2_696,22.064730108062623
3up2,3up2_859,24.71589638763304
3uri,3uri_1000,47.04083729266302
3uri,3uri_1001,46.34099617330837
3uri,3uri_1002,46.86133838806087
3uri,3uri_1003,47.04077654298592
3uri,3uri_177,22.229797415515023
3uri,3uri_183,30.183003269301867
3uri,3uri_186,22.233149606820263
3uri,3uri_197,29.636043833787763
3uri,3uri_203,33.72103018956753
3uri,3uri_204,23.67923989962649
3uri,3uri_209,29.334024710704227
3uri,3uri_210,30.57820121100401
3uri,3uri_211,29.089531064535866
3uri,3uri_213,26.866329127591285
3uri,3uri_221,41.09320394205077
3uri,3uri_223,21.91725885905865
3uri,3uri_228,11.03634151653686
3uri,3uri_23,19.825486814136248
3uri,3uri_230,23.79207298945272
3uri,3uri_232,28.385891135428466
3uri,3uri_240,23.554463176985955
3uri,3uri_245,36.29697122798373
3uri,3uri_246,24.452553486328892
3uri,3uri_247,30.4876838058753
3uri,3uri_248,22.131671634503213
3uri,3uri_253,37.22042408562301
3uri,3uri_254,35.407309265941684
3uri,3uri_255,29.72637051116754
3uri,3uri_256,30.201232035120995
3uri,3uri_258,26.61504248484844
3uri,3uri_265,28.928731747377167
3uri,3uri_267,30.95879029338983
3uri,3uri_268,29.948916005821296
3uri,3uri_270,21.98950457299814
3uri,3uri_271,26.407456369146207
3uri,3uri_275,24.664389897013617
3uri,3uri_285,33.50742136635612
3uri,3uri_289,25.47177232223721
3uri,3uri_292,36.84388569240504
3uri,3uri_294,25.616051819844465
3uri,3uri_296,34.51904904471372
3uri,3uri_319,25.71291310543817
3uri,3uri_353,16.412880613655332
3uri,3uri_365,24.99087644641153
3uri,3uri_367,26.71479074742471
3uri,3uri_371,27.570190052096542
3uri,3uri_372,38.34974423945184
3uri,3uri_376,24.115219657355865
3uri,3uri_385,24.18370512235229
3uri,3uri_394,11.846446983161174
3uri,3uri_417,23.93179999843137
3uri,3uri_439,26.561091255857672
3uri,3uri_442,25.59378689963206
3uri,3uri_448,20.38983346620239
3uri,3uri_46,19.197440301806267
3uri,3uri_476,15.752756660282673
3uri,3uri_487,28.360686656857222
3uri,3uri_528,16.685480885324836
3uri,3uri_574,20.757077047962056
3uri,3uri_597,10.934018399774612
3uri,3uri_633,19.514824484682848
3uri,3uri_657,12.257198361203583
3uri,3uri_668,18.73643098351916
3uri,3uri_683,18.80610478764172
3uri,3uri_701,32.66500075434827
3uri,3uri_722,33.62908752325782
3uri,3uri_725,33.97001485467407
3uri,3uri_797,27.04065567766533
3uri,3uri_806,35.494487612417394
3uri,3uri_833,25.371865252854573
3uri,3uri_847,36.24492630471909
3uri,3uri_859,26.745760750431742
3uri,3uri_866,24.32898160424114
3uri,3uri_880,33.97001485467407
3uri,3uri_882,34.58765848321511
3uri,3uri_90,16.108914457154693
3uri,3uri_999,45.50417975695458
3utu,3utu_102,16.206820334206085
3utu,3utu_109,14.672184336776365
3utu,3utu_129,15.146560922223491
3utu,3utu_132,21.282534054678305
3utu,3utu_148,14.36666422585907
3utu,3utu_154,15.786084384804202
3utu,3utu_162,42.73148809988413
3utu,3utu_164,20.52117508539041
3utu,3utu_166,34.308028759772405
3utu,3utu_170,13.41468204560694
3utu,3utu_180,62.66239088052912
3utu,3utu_183,12.605279089770866
3utu,3utu_185,21.47837718603069
3utu,3utu_192,15.788502529621242
3utu,3utu_2,18.602045675253255
3utu,3utu_200,13.233347039149374
3utu,3utu_202,49.442024751023375
3utu,3utu_203,41.997325948834
3utu,3utu_209,70.89535182699322
3utu,3utu_211,68.46338873248216
3utu,3utu_213,31.121014027619445
3utu,3utu_220,36.63681608108025
3utu,3utu_221,62.57657263086958
3utu,3utu_233,24.08297610907097
3utu,3utu_237,71.8937707032127
3utu,3utu_241,67.77906473346418
3utu,3utu_243,30.57102493795667
3utu,3utu_249,25.389282160508152
3utu,3utu_250,69.79779506155742
3utu,3utu_253,57.83240662404207
3utu,3utu_255,49.51159153966116
3utu,3utu_271,39.84715207650161
3utu,3utu_283,67.73428485334115
3utu,3utu_300,75.238509013911
3utu,3utu_321,16.667706650712887
3utu,3utu_33,21.243492049910845
3utu,3utu_340,10.646730565777291
3utu,3utu_349,38.9509033114813
3utu,3utu_36,38.51067375404589
3utu,3utu_374,78.45181405603189
3utu,3utu_409,30.95181467615397
3utu,3utu_422,36.46629101816735
3utu,3utu_433,34.215789118421114
3utu,3utu_436,28.499335634511475
3utu,3utu_473,26.504462082211223
3utu,3utu_474,37.54564858900845
3utu,3utu_475,41.87592572738022
3utu,3utu_491,25.392406763787857
3utu,3utu_50,18.690557362130203
3utu,3utu_532,4.789228522110691
3utu,3utu_537,7.812749362292664
3utu,3utu_570,26.828881357670006
3utu,3utu_578,16.75173865299266
3utu,3utu_58,8.748472424252054
3utu,3utu_593,22.048495658328147
3utu,3utu_599,5.309118355183977
3utu,3utu_6,12.642772368262536
3utu,3utu_606,14.71618531007293
3utu,3utu_61,19.473371332095923
3utu,3utu_620,15.179517962235382
3utu,3utu_640,18.357347336712746
3utu,3utu_683,17.23797458576462
3utu,3utu_687,14.571545383133223
3utu,3utu_691,10.892350417454695
3utu,3utu_701,73.84965905700356
3utu,3utu_705,67.62246560566199
3utu,3utu_712,67.51000492261319
3utu,3utu_713,69.99030742223515
3utu,3utu_722,67.3923642048017
3utu,3utu_725,67.75977559429818
3utu,3utu_730,70.75675352913733
3utu,3utu_741,67.7924355415244
3utu,3utu_747,55.11168816652824
3utu,3utu_75,14.05910923751608
3utu,3utu_751,69.18795867754542
3utu,3utu_759,68.87226016647277
3utu,3utu_767,68.80920485170577
3utu,3utu_775,66.59579394374254
3utu,3utu_777,58.8023351958975
3utu,3utu_778,69.84935127308228
3utu,3utu_78,19.43781624359062
3utu,3utu_781,61.66297451970696
3utu,3utu_785,58.95833703920154
3utu,3utu_797,61.95858922922452
3utu,3utu_805,61.8664696517135
3utu,3utu_84,22.34329307981143
3utu,3utu_840,28.281206099915217
3utu,3utu_843,58.68665076752057
3utu,3utu_844,60.72781214907561
3utu,3utu_86,20.30139319755317
3utu,3utu_94,10.937163845747396
3utu,3utu_963,59.22494168177013
3utu,3utu_978,60.10804205073146
3utu,3utu_985,38.600956163914
3utu,3utu_994,31.98924301702733
3utu,3utu_995,32.228865042655094
3uuo,3uuo_14,44.988897139862765
3uuo,3uuo_181,46.43288530309006
3uuo,3uuo_187,50.19485360421986
3uuo,3uuo_212,47.246283929936126
3uuo,3uuo_247,56.5362870228244
3uuo,3uuo_249,9.505093767856067
3uuo,3uuo_267,34.943901542321015
3uuo,3uuo_269,4.8481802796061935
3uuo,3uuo_274,38.29240404000217
3uuo,3uuo_420,31.316443946373557
3uuo,3uuo_430,12.176864409957826
3uuo,3uuo_440,24.724939224688832
3uuo,3uuo_447,30.37734188815635
3uuo,3uuo_456,19.095038919916178
3uuo,3uuo_471,22.92307954866002
3uuo,3uuo_497,20.71608763853341
3uuo,3uuo_503,9.147888527110627
3uuo,3uuo_522,7.005939044820832
3uuo,3uuo_523,6.51209132230474
3uuo,3uuo_525,14.567539386950411
3uuo,3uuo_526,9.583382944740151
3uuo,3uuo_528,5.668498459069508
3uuo,3uuo_543,8.740408609776862
3uuo,3uuo_546,6.892572027524531
3uuo,3uuo_550,17.30855465170382
3uuo,3uuo_556,6.818807098787802
3uuo,3uuo_567,11.49883753403936
3uuo,3uuo_568,15.560194351446835
3uuo,3uuo_571,31.93586086768704
3uuo,3uuo_582,5.245312083831449
3uuo,3uuo_588,15.178369558177272
3uuo,3uuo_590,21.242909262057044
3uuo,3uuo_593,39.1741957395818
3uuo,3uuo_607,17.21896146295756
3uuo,3uuo_609,34.062066898771484
3uuo,3uuo_614,4.339696686035564
3uuo,3uuo_619,27.63799563110664
3uuo,3uuo_625,11.406282021612434
3uuo,3uuo_628,11.008723667414312
3uuo,3uuo_635,7.87899802840369
3uuo,3uuo_636,40.20567863370945
3uuo,3uuo_645,31.12877274897214
3uuo,3uuo_668,24.779113916871687
3uuo,3uuo_669,27.41929012701712
3uuo,3uuo_674,7.700488421890439
3uuo,3uuo_677,24.230070903670857
3uuo,3uuo_695,24.80625183194208
3uuo,3uuo_7,57.95042986369075
3uuo,3uuo_709,55.75292051175697
3uuo,3uuo_711,61.14734047506001
3uuo,3uuo_712,53.17152314192861
3uuo,3uuo_721,28.275393342221804
3uuo,3uuo_724,35.99736070050843
3uuo,3uuo_726,28.39741854773529
3uuo,3uuo_734,20.00533251815449
3uuo,3uuo_739,26.68952555654578
3uuo,3uuo_744,27.72900266434529
3uuo,3uuo_752,18.558734971269043
3uuo,3uuo_757,29.47988544027815
3uuo,3uuo_759,13.616160297532923
3uuo,3uuo_772,27.63835206377442
3uuo,3uuo_777,20.14318020263258
3uuo,3uuo_781,23.151866227289403
3uuo,3uuo_783,17.04407479774554
3uuo,3uuo_799,7.490411143309943
3uuo,3uuo_815,32.83035074496084
3uuo,3uuo_842,24.60073069039933
3uuo,3uuo_843,30.127413867933857
3uuo,3uuo_849,6.049879060163697
3uuo,3uuo_850,20.11866031094991
3uuo,3uuo_865,9.251050710496152
3uuo,3uuo_871,33.781938184879145
3uuo,3uuo_881,21.45437879723641
3uuo,3uuo_888,17.92122163419826
3uuo,3uuo_889,21.856947159957716
3uuo,3uuo_890,21.711023864942597
3uuo,3uuo_892,12.36831677909936
3uuo,3uuo_943,56.86992011957754
3uuo,3uuo_952,24.997785356766293
3uuo,3uuo_968,22.29455340688429
3uuo,3uuo_981,25.548713571951428
3uuo,3uuo_982,20.721214389207017
3wtj,3wtj_134,34.60135345539222
3wtj,3wtj_157,37.0184865999812
3wtj,3wtj_184,37.533549362709145
3wtj,3wtj_222,34.72544674908826
3wtj,3wtj_240,29.45626745315112
3wtj,3wtj_258,40.48354549043223
3wtj,3wtj_307,41.90923535276704
3wtj,3wtj_328,48.751997635953046
3wtj,3wtj_4,33.5369060335109
3wtj,3wtj_404,36.16797144924158
3wtj,3wtj_454,39.03439304294884
3wtj,3wtj_467,30.651640245434734
3wtj,3wtj_485,31.76939402258689
3wtj,3wtj_500,22.55354557201902
3wtj,3wtj_507,28.2877300943221
3wtj,3wtj_542,28.717280087945447
3wtj,3wtj_544,29.30278717570922
3wtj,3wtj_547,29.598910116713235
3wtj,3wtj_566,35.32672043602488
3wtj,3wtj_572,24.94733009634799
3wtj,3wtj_615,34.86193619204202
3wtj,3wtj_628,31.43268163854577
3wtj,3wtj_633,31.260842190912918
3wtj,3wtj_640,26.289416301540644
3wtj,3wtj_643,30.713497882669124
3wtj,3wtj_648,36.84087764474619
3wtj,3wtj_653,31.287485791979517
3wtj,3wtj_659,25.79711861336455
3wtj,3wtj_660,25.534116366446472
3wtj,3wtj_663,24.40815055110271
3wtj,3wtj_674,28.510194423846908
3wtj,3wtj_678,22.81863439530234
3wtj,3wtj_682,17.060930041579738
3wtj,3wtj_683,26.847405139652725
3wtj,3wtj_686,18.282092109615707
3wtj,3wtj_688,26.217343866218656
3wtj,3wtj_689,21.845719129169343
3wtj,3wtj_696,23.618964204574183
3wtj,3wtj_698,24.11434323661212
3wtj,3wtj_740,37.64755170833569
3wtj,3wtj_746,33.5020103516534
3wtj,3wtj_755,19.980284104728103
3wtj,3wtj_756,18.999567643612405
3wtj,3wtj_759,33.03050531774996
3wtj,3wtj_762,23.784364920505865
3wtj,3wtj_764,28.46157456739713
3wtj,3wtj_766,15.926015107739822
3wtj,3wtj_767,17.75139659893234
3wtj,3wtj_768,23.19256352397703
3wtj,3wtj_770,25.32509399018667
3wtj,3wtj_771,18.55147161718149
3wtj,3wtj_774,26.675268735074106
3wtj,3wtj_779,32.08980756316406
3wtj,3wtj_780,18.06761329721965
3wtj,3wtj_781,22.913931025672376
3wtj,3wtj_783,19.24651242753022
3wtj,3wtj_785,19.81952960589421
3wtj,3wtj_962,37.14781648159346
3wtj,3wtj_976,43.90149495854841
3wtj,3wtj_979,40.35388718570264
3wz8,3wz8_109,30.127141035461136
3wz8,3wz8_124,31.478333230585115
3wz8,3wz8_136,26.749196903386075
3wz8,3wz8_145,28.646524860726693
3wz8,3wz8_154,29.625170998819883
3wz8,3wz8_243,31.246349275223626
3wz8,3wz8_296,31.551014043813066
3wz8,3wz8_313,25.424664601883105
3wz8,3wz8_316,18.85246484185928
3wz8,3wz8_318,28.381405338693806
3wz8,3wz8_323,14.48440017151997
3wz8,3wz8_326,11.172007153679036
3wz8,3wz8_338,33.782107898809244
3wz8,3wz8_364,30.687062025117385
3wz8,3wz8_371,34.04096592852004
3wz8,3wz8_376,32.30033293768757
3wz8,3wz8_380,33.525635402596755
3wz8,3wz8_391,34.243682039207734
3wz8,3wz8_4,11.826326546052098
3wz8,3wz8_413,18.102478018992315
3wz8,3wz8_418,28.035253109226066
3wz8,3wz8_455,27.50850955613556
3wz8,3wz8_462,29.158453108137653
3wz8,3wz8_474,23.640281465979943
3wz8,3wz8_479,22.376854703608043
3wz8,3wz8_484,24.375919916592576
3wz8,3wz8_492,18.72318822257149
3wz8,3wz8_505,12.708643221653428
3wz8,3wz8_507,23.580100614059443
3wz8,3wz8_510,24.948722948314725
3wz8,3wz8_513,20.38152335480812
3wz8,3wz8_514,20.05144278102606
3wz8,3wz8_524,24.629218237068464
3wz8,3wz8_527,15.49910668486928
3wz8,3wz8_529,16.669196234162026
3wz8,3wz8_534,18.12382833753469
3wz8,3wz8_542,13.668238161059506
3wz8,3wz8_544,14.670009451828264
3wz8,3wz8_546,26.511095271576284
3wz8,3wz8_549,16.367600189113084
3wz8,3wz8_554,20.715404485778077
3wz8,3wz8_557,28.205523660631872
3wz8,3wz8_558,15.74533689824438
3wz8,3wz8_559,13.175182146640472
3wz8,3wz8_566,23.254399068150136
3wz8,3wz8_568,7.592796566415307
3wz8,3wz8_569,15.631108694659464
3wz8,3wz8_570,17.115312075991916
3wz8,3wz8_572,16.879193069373773
3wz8,3wz8_573,22.194230260413224
3wz8,3wz8_582,18.45042846353482
3wz8,3wz8_588,11.344562904547592
3wz8,3wz8_596,8.503121422139857
3wz8,3wz8_600,17.437283693106302
3wz8,3wz8_604,28.502450795655967
3wz8,3wz8_614,27.34522917005834
3wz8,3wz8_617,20.43410141183086
3wz8,3wz8_623,17.49300522682252
3wz8,3wz8_627,20.833001980802237
3wz8,3wz8_631,20.00194766526454
3wz8,3wz8_633,19.25231645885745
3wz8,3wz8_641,27.62519289914399
3wz8,3wz8_642,23.71479503381616
3wz8,3wz8_645,19.831445778190982
3wz8,3wz8_651,17.318445365537762
3wz8,3wz8_657,17.69771631703661
3wz8,3wz8_659,18.885529550065225
3wz8,3wz8_667,22.36775025926289
3wz8,3wz8_670,18.531108868909996
3wz8,3wz8_671,14.446314003325218
3wz8,3wz8_680,16.98230865551766
3wz8,3wz8_684,17.732099997184683
3wz8,3wz8_686,15.082326587238851
3wz8,3wz8_688,18.428683491943207
3wz8,3wz8_695,20.483340291283287
3wz8,3wz8_700,24.63382450435427
3wz8,3wz8_705,32.738008597631485
3wz8,3wz8_713,30.70119428215389
3wz8,3wz8_721,26.15022722034416
3wz8,3wz8_782,14.621650589820035
3wz8,3wz8_86,33.53682722647205
3wz8,3wz8_946,23.402100974541888
3wz8,3wz8_965,31.79682377041822
3zdg,3zdg_100,35.93090169333922
3zdg,3zdg_141,23.865187341639967
3zdg,3zdg_232,26.20440048721861
3zdg,3zdg_237,25.967315882679863
3zdg,3zdg_266,29.00813695487656
3zdg,3zdg_286,30.656437134028533
3zdg,3zdg_300,29.75275626522023
3zdg,3zdg_32,36.60580009202495
3zdg,3zdg_425,26.568731572143243
3zdg,3zdg_43,31.5702793959182
3zdg,3zdg_466,21.342070826047024
3zdg,3zdg_499,21.492856219706937
3zdg,3zdg_509,17.935667563972462
3zdg,3zdg_52,35.597922807978385
3zdg,3zdg_532,22.601044482570043
3zdg,3zdg_538,16.770942715976545
3zdg,3zdg_542,22.384042006733164
3zdg,3zdg_556,18.597051536071422
3zdg,3zdg_574,15.981502891836527
3zdg,3zdg_600,19.895679703520777
3zdg,3zdg_653,25.20732163839285
3zdg,3zdg_660,19.042137879798165
3zdg,3zdg_705,38.47559646217642
3zdg,3zdg_738,29.46295799827595
3zdg,3zdg_753,23.44039550082893
3zdg,3zdg_758,26.92969937911455
3zdg,3zdg_764,21.50013368485217
3zdg,3zdg_765,19.998876728315604
3zdg,3zdg_767,25.15158068413545
3zdg,3zdg_774,19.228351750663133
3zdg,3zdg_778,20.71485222374584
3zdg,3zdg_780,19.62308758625001
3zdg,3zdg_787,21.296942834107867
3zdg,3zdg_788,21.817572645755945
3zdg,3zdg_790,22.26685953040525
3zdg,3zdg_792,24.30860678732768
3zdg,3zdg_793,23.98552753238656
3zdg,3zdg_797,21.25002354168875
3zdg,3zdg_798,16.109557367509876
3zdg,3zdg_799,32.83738876132652
3zdg,3zdg_803,24.359055701692316
3zdg,3zdg_804,28.306455992111804
3zdg,3zdg_811,27.90353017811225
3zdg,3zdg_842,30.4713103661779
3zdg,3zdg_862,26.638159767849395
3zdg,3zdg_868,23.038799963338665
3zdg,3zdg_883,20.29769744175337
3zdg,3zdg_890,24.323540900064497
3zdg,3zdg_896,25.05667795557124
3zdg,3zdg_9,34.42228440736753
3zdg,3zdg_903,37.68445798811952
3zdg,3zdg_911,20.76260708527705
3zdg,3zdg_929,28.77055785716521
3zdg,3zdg_961,28.067826346567145
3zdg,3zdg_994,19.73263511167553
3zso,3zso_124,13.051190241098196
3zso,3zso_139,14.908268983981689
3zso,3zso_140,12.790795915130335
3zso,3zso_148,15.1718081416605
3zso,3zso_201,13.891012530866842
3zso,3zso_217,13.556433011175937
3zso,3zso_221,18.14897800304204
3zso,3zso_224,12.659371725170644
3zso,3zso_23,10.18271428306748
3zso,3zso_233,14.04989913190312
3zso,3zso_240,14.962019867981573
3zso,3zso_241,13.207070048934945
3zso,3zso_250,11.470271776131767
3zso,3zso_251,17.11320352087711
3zso,3zso_255,13.95917819927679
3zso,3zso_263,11.297186681471166
3zso,3zso_266,18.354524943189407
3zso,3zso_269,15.529709305313272
3zso,3zso_275,17.48898206628915
3zso,3zso_282,9.876357525004304
3zso,3zso_285,12.71315262245637
3zso,3zso_287,12.409520799621069
3zso,3zso_288,14.474783174073762
3zso,3zso_293,16.68437783203368
3zso,3zso_295,13.877642293994755
3zso,3zso_325,11.746869604634652
3zso,3zso_33,12.006742094977165
3zso,3zso_350,12.69217162830584
3zso,3zso_351,11.709087159699711
3zso,3zso_353,15.667241942227328
3zso,3zso_387,13.726053101257335
3zso,3zso_394,15.744772762459416
3zso,3zso_397,13.08654052109172
3zso,3zso_410,20.308475521949035
3zso,3zso_423,15.33208633515751
3zso,3zso_46,15.58467537530556
3zso,3zso_499,12.307859723658591
3zso,3zso_532,12.45614373782428
3zso,3zso_545,9.35116762402325
3zso,3zso_573,5.979665683912983
3zso,3zso_584,12.563674759958388
3zso,3zso_585,9.9273757874446
3zso,3zso_587,7.275254832873112
3zso,3zso_595,8.416821463952187
3zso,3zso_6,19.511729558913743
3zso,3zso_608,12.167969407298196
3zso,3zso_648,11.094870068352911
3zso,3zso_652,9.313136054434771
3zso,3zso_653,7.545911274232553
3zso,3zso_662,14.519665281240144
3zso,3zso_676,12.628511449451889
3zso,3zso_686,17.657732148286676
3zso,3zso_738,13.59092723272399
3zso,3zso_799,20.43293668206768
3zso,3zso_810,18.227585680449177
3zso,3zso_818,18.988660777621863
3zso,3zso_84,13.309292736700764
3zso,3zso_847,16.889977724104014
3zso,3zso_866,17.18828963375249
3zso,3zso_87,13.253536316549376
3zso,3zso_871,15.010149527340989
3zso,3zso_894,16.018521960159966
3zso,3zso_898,20.493299342604107
3zso,3zso_899,21.03795291506112
3zso,3zso_902,20.43293668206768
3zso,3zso_910,20.922376764640703
3zso,3zso_920,18.227585680449177
3zso,3zso_923,18.93962008431118
3zso,3zso_925,20.18318179451934
3zso,3zso_93,14.992472258967616
3zso,3zso_933,17.922674859815576
3zso,3zso_94,12.134748873715946
3zso,3zso_959,17.870868110873072
3zso,3zso_980,17.534977969196525
3zso,3zso_988,18.45749333488462
3zso,3zso_994,13.45497593069973
3zsx,3zsx_113,12.900257439136384
3zsx,3zsx_136,13.11884949337878
3zsx,3zsx_138,12.577706290122148
3zsx,3zsx_175,9.083060580183632
3zsx,3zsx_20,12.03187722832754
3zsx,3zsx_201,8.517539578867106
3zsx,3zsx_21,9.784602180592453
3zsx,3zsx_210,13.503239438313225
3zsx,3zsx_213,16.307343106259008
3zsx,3zsx_217,15.152814070647924
3zsx,3zsx_226,10.59261427655056
3zsx,3zsx_229,12.80677725756122
3zsx,3zsx_230,18.13786527636435
3zsx,3zsx_231,13.50288972520645
3zsx,3zsx_235,14.213263308237453
3zsx,3zsx_237,12.709618000702312
3zsx,3zsx_240,12.312368627184991
3zsx,3zsx_247,17.97798510183075
3zsx,3zsx_253,12.297327267651898
3zsx,3zsx_254,18.586016206050036
3zsx,3zsx_26,12.262259054449396
3zsx,3zsx_262,15.93667482772459
3zsx,3zsx_274,15.486428514030829
3zsx,3zsx_282,16.437474382218607
3zsx,3zsx_293,16.50117378398799
3zsx,3zsx_3,10.330539638387176
3zsx,3zsx_318,11.42258521324898
3zsx,3zsx_32,11.435866289822057
3zsx,3zsx_326,12.097596019532077
3zsx,3zsx_329,17.74637258784244
3zsx,3zsx_337,14.278549962192216
3zsx,3zsx_345,16.51567121615532
3zsx,3zsx_359,11.315493143617257
3zsx,3zsx_374,10.762472399940094
3zsx,3zsx_379,16.440706754630753
3zsx,3zsx_395,7.473086520137744
3zsx,3zsx_4,9.661900127159017
3zsx,3zsx_40,9.89600811432644
3zsx,3zsx_408,12.702700573636156
3zsx,3zsx_419,12.13569912017952
3zsx,3zsx_436,10.822353306258456
3zsx,3zsx_456,13.715078821170954
3zsx,3zsx_46,13.916498461614813
3zsx,3zsx_487,12.158116679480113
3zsx,3zsx_495,13.038288436597664
3zsx,3zsx_51,11.199405371550307
3zsx,3zsx_52,7.41592676523453
3zsx,3zsx_524,11.458851650673374
3zsx,3zsx_537,13.905292506745043
3zsx,3zsx_545,13.4508027283651
3zsx,3zsx_556,10.693526517792384
3zsx,3zsx_568,10.510814171244885
3zsx,3zsx_569,10.202090761519775
3zsx,3zsx_576,14.015952904048968
3zsx,3zsx_582,8.826294610439628
3zsx,3zsx_585,12.331490968570051
3zsx,3zsx_586,9.252638896983369
3zsx,3zsx_599,10.88053450788327
3zsx,3zsx_608,9.644126084962403
3zsx,3zsx_628,10.346038152655716
3zsx,3zsx_636,9.441938871619724
3zsx,3zsx_637,10.158175511387633
3zsx,3zsx_667,13.890969875021726
3zsx,3zsx_674,7.985897969373502
3zsx,3zsx_677,7.701784540761974
3zsx,3zsx_684,8.72856775877277
3zsx,3zsx_713,15.088524972128962
3zsx,3zsx_714,17.341082323147962
3zsx,3zsx_74,9.740526895652565
3zsx,3zsx_741,16.675220111114324
3zsx,3zsx_749,15.979388885843074
3zsx,3zsx_75,10.571706421836543
3zsx,3zsx_759,15.542283018985918
3zsx,3zsx_76,12.06919630527078
3zsx,3zsx_773,15.268755606668837
3zsx,3zsx_774,15.098880442146887
3zsx,3zsx_776,13.504149474250308
3zsx,3zsx_780,15.191227458868832
3zsx,3zsx_79,15.054287550102726
3zsx,3zsx_791,10.79758806391242
3zsx,3zsx_80,10.167790554729873
3zsx,3zsx_859,15.823616250004164
3zsx,3zsx_90,11.401985633609112
3zsx,3zsx_908,19.017599539327414
3zsx,3zsx_91,9.358259563802292
3zsx,3zsx_933,19.156439145760256
3zsx,3zsx_955,17.27560317328273
3zsx,3zsx_961,17.775712474931225
3zsx,3zsx_965,17.07025820729813
3zsx,3zsx_978,18.417935029606536
3zt2,3zt2_116,17.300308538155278
3zt2,3zt2_119,14.959708601149442
3zt2,3zt2_122,16.58615739405804
3zt2,3zt2_136,17.0875473731606
3zt2,3zt2_173,17.599413567272894
3zt2,3zt2_182,16.210128016393774
3zt2,3zt2_195,18.39678827009456
3zt2,3zt2_233,16.845156677861887
3zt2,3zt2_250,17.885397674942244
3zt2,3zt2_323,18.999906328457943
3zt2,3zt2_410,14.438662426310431
3zt2,3zt2_433,14.55897327406845
3zt2,3zt2_444,16.38471872276972
3zt2,3zt2_463,12.193268536665618
3zt2,3zt2_472,14.078182456844464
3zt2,3zt2_473,13.318680147681446
3zt2,3zt2_474,15.736258078627364
3zt2,3zt2_491,13.21175839043212
3zt2,3zt2_5,17.425763888817396
3zt2,3zt2_529,15.05859059274785
3zt2,3zt2_541,14.980896031566608
3zt2,3zt2_561,9.912512337330584
3zt2,3zt2_566,8.092513967265775
3zt2,3zt2_568,12.566192904886666
3zt2,3zt2_571,8.569533875819918
3zt2,3zt2_578,9.58499795087666
3zt2,3zt2_585,13.636552159231506
3zt2,3zt2_589,14.373511094994525
3zt2,3zt2_592,8.958944989368373
3zt2,3zt2_600,13.08587749514484
3zt2,3zt2_649,12.228472759031842
3zt2,3zt2_650,13.367856665384108
3zt2,3zt2_656,10.288176953555942
3zt2,3zt2_670,10.760379913405393
3zt2,3zt2_680,12.503699336784988
3zt2,3zt2_684,12.50529363338116
3zt2,3zt2_685,9.820277745139771
3zt2,3zt2_687,9.271591103716249
3zt2,3zt2_694,9.320404216040725
3zt2,3zt2_696,12.573575401225863
3zt2,3zt2_697,8.270365753639522
3zt2,3zt2_707,11.836737508956356
3zt2,3zt2_728,6.869459785478634
3zt2,3zt2_732,9.827296880824685
3zt2,3zt2_741,10.07545173890733
3zt2,3zt2_753,8.690534927143524
3zt2,3zt2_758,8.826500680092641
3zt2,3zt2_760,8.906551443960101
3zt2,3zt2_761,7.493271103198019
3zt2,3zt2_774,6.0644980577499
3zt2,3zt2_781,9.835737691078696
3zt2,3zt2_782,5.27010372159926
3zt2,3zt2_784,5.729413592191885
3zt2,3zt2_789,10.873051385243532
3zt2,3zt2_793,8.591114340921926
3zt2,3zt2_8,17.254447659500048
3zt2,3zt2_80,13.329221913706911
3zt2,3zt2_804,13.124103401261426
3zt2,3zt2_818,10.895860479746142
3zt2,3zt2_838,10.318735622928328
3zt2,3zt2_844,8.725398005855165
3zt2,3zt2_869,7.770875194818597
3zt2,3zt2_873,10.124844425803005
4abg,4abg_149,27.594507792644876
4abg,4abg_236,16.536582953267867
4abg,4abg_263,25.051566554436917
4abg,4abg_408,17.612576774226195
4abg,4abg_414,17.1818986926371
4abg,4abg_429,14.123713446415003
4abg,4abg_430,24.47733200081532
4abg,4abg_450,24.718683080090354
4abg,4abg_465,10.709082149371977
4abg,4abg_475,21.84660116235284
4abg,4abg_479,14.659177609268498
4abg,4abg_537,9.181725129952188
4abg,4abg_552,8.941255242357421
4abg,4abg_572,10.710909958361828
4abg,4abg_573,12.43402139411999
4abg,4abg_580,9.390097757837818
4abg,4abg_587,19.093434466109112
4abg,4abg_593,10.206781621204112
4abg,4abg_597,10.033149767748982
4abg,4abg_710,26.176618783035803
4abg,4abg_718,23.101183240091892
4abg,4abg_719,7.23064509840648
4abg,4abg_741,8.720630926724192
4abg,4abg_750,17.489602976294726
4abg,4abg_751,9.78664329489288
4abg,4abg_757,12.727167281716886
4abg,4abg_761,12.14079065268582
4abg,4abg_769,7.936095335739126
4abg,4abg_770,16.538619860327312
4abg,4abg_778,9.262314995085902
4abg,4abg_780,6.564792207641183
4abg,4abg_781,10.661076730544425
4abg,4abg_782,16.01073730223275
4abg,4abg_784,6.08391110546355
4abg,4abg_786,7.218036944572541
4abg,4abg_787,8.274335575894963
4abg,4abg_788,10.73033222749299
4abg,4abg_792,6.852186840790658
4abg,4abg_793,4.450376983304454
4abg,4abg_800,28.03140442987833
4abg,4abg_808,23.526117478151555
4abg,4abg_814,26.856937766470413
4abg,4abg_824,27.08819179463118
4abg,4abg_826,23.89561280452712
4abg,4abg_835,23.35628862983317
4abg,4abg_839,22.052384730237137
4abg,4abg_840,22.162334719755115
4abg,4abg_845,23.768129796589307
4abg,4abg_848,20.724693516618203
4abg,4abg_857,16.55630324291701
4abg,4abg_860,12.10865462481631
4abg,4abg_864,6.874275968991745
4abg,4abg_865,11.854389546624065
4abg,4abg_875,10.36284183843708
4abg,4abg_885,2.063216292481276
4abg,4abg_888,5.508935496632328
4abg,4abg_955,18.829413195903765
4abg,4abg_956,21.5292310139332
4abg,4abg_973,19.524609369393485
4abg,4abg_980,22.35827403235453
4abg,4abg_983,18.286863813335223
4agn,4agn_109,26.09224136619776
4agn,4agn_125,17.29216665642602
4agn,4agn_204,28.524639353422604
4agn,4agn_205,28.77998058852114
4agn,4agn_226,21.605635065833965
4agn,4agn_228,30.7049813763442
4agn,4agn_251,30.03508719374432
4agn,4agn_257,29.36011891269452
4agn,4agn_266,26.388088943904147
4agn,4agn_267,26.011612792790377
4agn,4agn_272,28.77396699562589
4agn,4agn_280,29.33030874382161
4agn,4agn_290,28.683708687040284
4agn,4agn_299,29.49462431456437
4agn,4agn_318,16.188003827821984
4agn,4agn_380,17.900945097155272
4agn,4agn_4,14.481448808076252
4agn,4agn_402,19.804873933441414
4agn,4agn_405,19.10467452442701
4agn,4agn_411,15.466218253595676
4agn,4agn_415,18.388573966670126
4agn,4agn_425,21.62783663786492
4agn,4agn_43,26.25557744950894
4agn,4agn_446,20.4742888960255
4agn,4agn_447,17.922400647655394
4agn,4agn_456,16.04098770482839
4agn,4agn_463,18.424861431486296
4agn,4agn_477,21.297171523127368
4agn,4agn_494,20.28331370623753
4agn,4agn_498,22.448170763095245
4agn,4agn_502,22.065950766128505
4agn,4agn_505,16.78258102797803
4agn,4agn_506,27.25326317805572
4agn,4agn_511,23.097925164811706
4agn,4agn_516,27.01326795198015
4agn,4agn_517,26.95140210128801
4agn,4agn_519,25.72702919083341
4agn,4agn_524,17.152254089524565
4agn,4agn_526,22.23687459001967
4agn,4agn_535,27.54408402548389
4agn,4agn_536,24.497842027142013
4agn,4agn_538,23.259410901195636
4agn,4agn_539,23.809605706017017
4agn,4agn_540,5.53723902452318
4agn,4agn_542,13.528935397351196
4agn,4agn_554,21.86968596897588
4agn,4agn_555,16.46957704568931
4agn,4agn_557,17.914145264872857
4agn,4agn_561,21.27659838495124
4agn,4agn_566,8.424652449953722
4agn,4agn_567,12.6613131721889
4agn,4agn_568,18.80916885472765
4agn,4agn_579,9.907377437520497
4agn,4agn_582,16.035697601828886
4agn,4agn_591,13.335345805678203
4agn,4agn_593,16.292916182346854
4agn,4agn_595,25.968896498048068
4agn,4agn_596,5.325652361604465
4agn,4agn_597,23.193902930872408
4agn,4agn_603,26.973331746320238
4agn,4agn_608,20.74733674894652
4agn,4agn_629,25.00057434549236
4agn,4agn_633,14.073680731420913
4agn,4agn_643,23.254350178598784
4agn,4agn_644,22.724651255452955
4agn,4agn_657,14.647520749218216
4agn,4agn_659,23.09902127043543
4agn,4agn_660,17.934587220251327
4agn,4agn_664,18.50487814348751
4agn,4agn_665,22.00778755162372
4agn,4agn_669,25.61783130758932
4agn,4agn_670,24.93272906065102
4agn,4agn_677,18.486066502214268
4agn,4agn_678,15.732980237375935
4agn,4agn_681,17.805177456165364
4agn,4agn_682,23.925805503508265
4agn,4agn_687,21.59415542622878
4agn,4agn_690,18.98785790242969
4agn,4agn_691,14.616987241059846
4agn,4agn_712,11.44321184308008
4agn,4agn_715,28.296992808710453
4agn,4agn_727,12.58124968655167
4agn,4agn_754,12.056011413809268
4agn,4agn_76,13.6152891330865
4agn,4agn_765,7.221581288703994
4agn,4agn_768,11.001018866529725
4agn,4agn_772,17.749708011470894
4agn,4agn_78,20.13827495165609
4agn,4agn_785,14.523317420232525
4agn,4agn_833,9.672839289438269
4agn,4agn_844,28.28057356059397
4agn,4agn_855,15.618799048754685
4agn,4agn_931,28.292408207511716
4agn,4agn_979,27.0508020142782
4agn,4agn_984,22.18747562452881
4agn,4agn_987,29.394322357184063
4agp,4agp_134,17.97570487902142
4agp,4agp_202,30.989241698690456
4agp,4agp_208,29.12260717775229
4agp,4agp_223,27.926112861687905
4agp,4agp_23,16.449960004045717
4agp,4agp_251,32.40441589883446
4agp,4agp_253,30.64192577193518
4agp,4agp_260,29.809649652419907
4agp,4agp_261,29.19455320574262
4agp,4agp_266,29.80206888759048
4agp,4agp_268,22.57680017716209
4agp,4agp_271,29.30181739855199
4agp,4agp_283,30.15521469804436
4agp,4agp_285,26.191482178572983
4agp,4agp_288,30.340383045376736
4agp,4agp_294,29.093630891912177
4agp,4agp_3,15.332601550395792
4agp,4agp_300,26.595987040734112
4agp,4agp_301,21.35243624037348
4agp,4agp_313,29.897607599773185
4agp,4agp_324,18.269637958296467
4agp,4agp_328,30.401046041230146
4agp,4agp_33,17.982945236598137
4agp,4agp_330,17.705950578965734
4agp,4agp_35,13.259101662578107
4agp,4agp_350,31.426961431273057
4agp,4agp_389,15.277558170567014
4agp,4agp_390,18.128323634905872
4agp,4agp_391,21.695785124529
4agp,4agp_405,18.56000143988405
4agp,4agp_406,19.686699440086503
4agp,4agp_421,19.51977145311688
4agp,4agp_423,15.84360299909973
4agp,4agp_446,27.286469682332324
4agp,4agp_461,17.25738359421348
4agp,4agp_463,20.514788328438517
4agp,4agp_465,17.534757120042286
4agp,4agp_469,17.297233042959363
4agp,4agp_47,30.797270475196637
4agp,4agp_472,26.51205430648966
4agp,4agp_474,28.00979789833123
4agp,4agp_482,23.479919142751434
4agp,4agp_489,22.961965930394
4agp,4agp_495,15.397965430672832
4agp,4agp_496,18.282604379749152
4agp,4agp_499,30.211032155922094
4agp,4agp_517,23.26080822618481
4agp,4agp_523,23.566918976207774
4agp,4agp_527,17.85983735078034
4agp,4agp_532,19.650100475622075
4agp,4agp_533,16.434036149640573
4agp,4agp_546,23.002586460809955
4agp,4agp_561,14.89387614624234
4agp,4agp_562,15.50154517902312
4agp,4agp_563,18.545865273667744
4agp,4agp_578,17.757281793571604
4agp,4agp_596,16.648085089625994
4agp,4agp_612,30.56549133225332
4agp,4agp_629,24.10509479785083
4agp,4agp_643,13.961712231715795
4agp,4agp_646,27.662712261576036
4agp,4agp_651,27.00958568630107
4agp,4agp_656,32.04265695019712
4agp,4agp_657,21.35055560204288
4agp,4agp_659,24.32520968572855
4agp,4agp_662,16.939158266262684
4agp,4agp_681,15.747974188916093
4agp,4agp_685,24.65330511763658
4agp,4agp_686,18.03601044870032
4agp,4agp_692,19.451665763949208
4agp,4agp_703,20.80288242672939
4agp,4agp_709,30.57169513486039
4agp,4agp_710,30.13754363201551
4agp,4agp_716,28.771397991194817
4agp,4agp_718,12.29947211222068
4agp,4agp_724,17.020325845394407
4agp,4agp_726,15.123445814134726
4agp,4agp_727,15.926845041441515
4agp,4agp_766,11.946010930399169
4agp,4agp_769,29.598706239689584
4agp,4agp_775,28.25083500385841
4agp,4agp_797,16.23809722263799
4agp,4agp_817,19.022344366978437
4agp,4agp_82,21.50056214252865
4agp,4agp_822,11.779291875724404
4agp,4agp_837,17.111093247411958
4agp,4agp_84,22.73736756913495
4agp,4agp_847,19.864606028103253
4agp,4agp_848,25.081935791513263
4agp,4agp_849,22.057537899082977
4agp,4agp_857,15.472422441339832
4agp,4agp_86,13.14304373511938
4agp,4agp_87,19.0749749607346
4agp,4agp_924,11.200062295221276
4agp,4agp_94,13.82362974691474
4agp,4agp_98,22.6974219630548
4agq,4agq_114,25.61186621436088
4agq,4agq_121,28.058383648741582
4agq,4agq_151,30.868509010011977
4agq,4agq_158,24.769332851504476
4agq,4agq_204,27.813449459784824
4agq,4agq_205,29.91242499623405
4agq,4agq_217,19.147560370272984
4agq,4agq_219,19.39622917669846
4agq,4agq_221,27.969082778647653
4agq,4agq_228,29.55906406479438
4agq,4agq_234,30.712626483297782
4agq,4agq_236,26.861548176898047
4agq,4agq_25,19.75998987965355
4agq,4agq_254,27.89439187998631
4agq,4agq_268,29.54573258517266
4agq,4agq_27,24.634393887094816
4agq,4agq_272,30.48615455220459
4agq,4agq_326,16.60800562987297
4agq,4agq_339,29.87192478123282
4agq,4agq_35,17.889397611948542
4agq,4agq_350,28.078309586807865
4agq,4agq_356,14.65378444967461
4agq,4agq_369,15.921773641460028
4agq,4agq_378,20.29334268396983
4agq,4agq_382,17.64357374216121
4agq,4agq_394,14.642526281988571
4agq,4agq_409,14.894268683259064
4agq,4agq_41,14.91793103651488
4agq,4agq_413,17.056275223157655
4agq,4agq_418,24.554126404275056
4agq,4agq_419,13.942411142816216
4agq,4agq_421,16.40382163694689
4agq,4agq_433,24.08412572403489
4agq,4agq_442,21.43550774909301
4agq,4agq_446,22.8573403694012
4agq,4agq_450,21.88813445498116
4agq,4agq_452,19.45678021701476
4agq,4agq_461,20.60351044090405
4agq,4agq_463,24.341288498302266
4agq,4agq_470,18.87329117204162
4agq,4agq_474,16.744976292071055
4agq,4agq_475,16.539108914167603
4agq,4agq_478,24.31683293161592
4agq,4agq_490,21.029327760870128
4agq,4agq_503,16.347152914931623
4agq,4agq_504,10.249503209391996
4agq,4agq_505,26.7018738468208
4agq,4agq_526,19.50035080692889
4agq,4agq_529,27.639347002002797
4agq,4agq_534,12.166335219491147
4agq,4agq_535,24.12433525910501
4agq,4agq_548,25.45797786267128
4agq,4agq_556,12.752164735660978
4agq,4agq_557,23.85412560034406
4agq,4agq_572,17.35826916033092
4agq,4agq_573,18.555572396534707
4agq,4agq_576,19.34937163915595
4agq,4agq_580,15.740805427567931
4agq,4agq_587,17.48135641353433
4agq,4agq_592,25.51602717328077
4agq,4agq_598,12.828101070856672
4agq,4agq_604,18.54493937819196
4agq,4agq_609,24.46692452860941
4agq,4agq_62,14.228990269299016
4agq,4agq_631,20.664543874920103
4agq,4agq_635,18.580332910026492
4agq,4agq_641,21.35470653568052
4agq,4agq_642,23.65519143432758
4agq,4agq_649,17.496306332969397
4agq,4agq_653,17.736481496019923
4agq,4agq_664,15.898986531367404
4agq,4agq_665,17.40178681444012
4agq,4agq_666,21.250554617810398
4agq,4agq_672,18.753539303338645
4agq,4agq_676,12.986529948163817
4agq,4agq_680,15.511780460473611
4agq,4agq_681,25.391143455887832
4agq,4agq_684,16.495345432305285
4agq,4agq_687,16.210506376622565
4agq,4agq_691,20.532251689967246
4agq,4agq_700,22.541652635045047
4agq,4agq_702,30.08627846081378
4agq,4agq_718,20.11536462517093
4agq,4agq_744,31.139461998739296
4agq,4agq_771,9.23273417634377
4agq,4agq_775,12.151776473904336
4agq,4agq_778,13.750927287095037
4agq,4agq_788,7.352451716836014
4agq,4agq_84,19.92803729383877
4agq,4agq_850,18.879679151970777
4agq,4agq_866,27.748894526231805
4agq,4agq_872,29.548409714829564
4agq,4agq_894,18.248697023908463
4agq,4agq_999,29.82776742499606
4bkt,4bkt_11,21.411941208845928
4bkt,4bkt_140,19.48838223048925
4bkt,4bkt_161,21.25866068951821
4bkt,4bkt_17,20.87203324376457
4bkt,4bkt_178,20.352427493845717
4bkt,4bkt_283,20.26439086414849
4bkt,4bkt_32,21.629766256085297
4bkt,4bkt_369,21.96657457793743
4bkt,4bkt_405,18.879990413116637
4bkt,4bkt_439,7.693278847239381
4bkt,4bkt_442,8.345480693236595
4bkt,4bkt_478,11.823259358739326
4bkt,4bkt_484,15.737172819446624
4bkt,4bkt_486,13.788285244844154
4bkt,4bkt_507,9.661556371187237
4bkt,4bkt_523,6.2812599723046025
4bkt,4bkt_537,5.11686929661996
4bkt,4bkt_538,5.515597938347513
4bkt,4bkt_539,6.510476520315832
4bkt,4bkt_540,7.487964176000252
4bkt,4bkt_541,13.730418932171762
4bkt,4bkt_542,12.91625837573453
4bkt,4bkt_560,7.19598303540997
4bkt,4bkt_568,8.115245492986944
4bkt,4bkt_581,8.353438642050488
4bkt,4bkt_586,7.957823773514733
4bkt,4bkt_614,11.859201459369674
4bkt,4bkt_62,21.40210226431125
4bkt,4bkt_664,11.932634058006457
4bkt,4bkt_695,11.218137074424993
4bkt,4bkt_710,17.854003253386015
4bkt,4bkt_713,20.71487334466729
4bkt,4bkt_716,16.810091490981428
4bkt,4bkt_735,9.272498019796846
4bkt,4bkt_737,19.907873483565464
4bkt,4bkt_741,9.792270953023044
4bkt,4bkt_743,7.785309127556163
4bkt,4bkt_744,11.68557283435715
4bkt,4bkt_746,8.131731479975207
4bkt,4bkt_750,7.3409972466273
4bkt,4bkt_751,11.76814331304534
4bkt,4bkt_752,8.29090268123846
4bkt,4bkt_753,12.074007001733072
4bkt,4bkt_759,4.672199683577621
4bkt,4bkt_760,14.407403149802953
4bkt,4bkt_761,5.109317697837909
4bkt,4bkt_766,4.820484552131396
4bkt,4bkt_767,3.76492699761984
4bkt,4bkt_768,8.960124333379357
4bkt,4bkt_769,9.427536836514548
4bkt,4bkt_773,5.287259429925355
4bkt,4bkt_774,8.744950047433173
4bkt,4bkt_775,7.683392229768756
4bkt,4bkt_778,7.529888942666783
4bkt,4bkt_779,3.864032970607231
4bkt,4bkt_782,4.986998046528167
4bkt,4bkt_784,3.5949911123931315
4bkt,4bkt_791,5.3976726148808405
4bkt,4bkt_797,3.7931771631862174
4bkt,4bkt_800,4.483487198133203
4bkt,4bkt_826,19.14589367148256
4bkt,4bkt_838,7.906142863608994
4bkt,4bkt_849,14.140502602470034
4bkt,4bkt_853,16.35049840627042
4bkt,4bkt_862,8.332041553894442
4bkt,4bkt_863,10.206401475463796
4bkt,4bkt_865,5.381754162350738
4bkt,4bkt_869,9.58140819807282
4bkt,4bkt_871,9.304064280230762
4bkt,4bkt_874,12.24985928063558
4bkt,4bkt_876,12.277864052385304
4bkt,4bkt_877,15.029679922599316
4bkt,4bkt_880,10.811667550565415
4bkt,4bkt_883,7.447784472522136
4bkt,4bkt_885,10.746207194143562
4bkt,4bkt_890,10.542785023421631
4bkt,4bkt_891,7.515005569120042
4bkt,4bkt_893,10.389355762490467
4bkt,4bkt_898,7.960291228964298
4bkt,4bkt_931,18.392311974091808
4bkt,4bkt_932,15.084797096397718
4bkt,4bkt_953,17.613738967330633
4bkt,4bkt_969,17.638788980358846
4bkt,4bkt_983,17.01532072693762
4bkt,4bkt_984,16.185218869662567
4cig,4cig_106,7.718181438479494
4cig,4cig_114,11.870658739288872
4cig,4cig_122,13.068567344787784
4cig,4cig_129,9.742564496535966
4cig,4cig_13,9.48658024256962
4cig,4cig_131,9.699494240854
4cig,4cig_167,9.866807561370068
4cig,4cig_169,9.79037980409874
4cig,4cig_18,8.840676601351667
4cig,4cig_203,10.832017664435051
4cig,4cig_219,11.037079669711316
4cig,4cig_22,9.260336967922711
4cig,4cig_241,11.758240995493647
4cig,4cig_253,12.304514061967584
4cig,4cig_265,11.03631704951523
4cig,4cig_267,10.557293729585217
4cig,4cig_285,10.97967800962882
4cig,4cig_290,12.126281042534394
4cig,4cig_298,12.249336337924596
4cig,4cig_329,9.78185879771497
4cig,4cig_342,10.185500079265974
4cig,4cig_351,10.041607537752723
4cig,4cig_369,7.4804922746402
4cig,4cig_372,9.730488325145126
4cig,4cig_386,10.812539425117269
4cig,4cig_44,12.910417569419922
4cig,4cig_454,8.810209068414006
4cig,4cig_480,11.68856129140776
4cig,4cig_510,9.279755231313205
4cig,4cig_524,11.153192220188696
4cig,4cig_540,5.310337795365394
4cig,4cig_545,8.08676827087741
4cig,4cig_553,8.956287766737086
4cig,4cig_56,7.029694997989868
4cig,4cig_570,7.6533052950314895
4cig,4cig_575,7.565640554350312
4cig,4cig_589,7.574311629046308
4cig,4cig_600,10.628355159106922
4cig,4cig_601,7.487323295846651
4cig,4cig_639,5.728873626462826
4cig,4cig_641,8.635122998613816
4cig,4cig_645,8.6738512695729
4cig,4cig_656,8.808779520236396
4cig,4cig_669,10.88705460046129
4cig,4cig_702,12.89418321072799
4cig,4cig_707,11.896603756141031
4cig,4cig_710,12.640168522452107
4cig,4cig_716,10.876743044998928
4cig,4cig_719,12.141301812725668
4cig,4cig_738,10.580219830956906
4cig,4cig_739,12.520415264861368
4cig,4cig_750,10.080863323655883
4cig,4cig_759,9.959834057529354
4cig,4cig_762,6.637779379731029
4cig,4cig_763,9.834482151845537
4cig,4cig_766,7.770389265384367
4cig,4cig_769,8.826042432051048
4cig,4cig_770,8.966699759863296
4cig,4cig_774,6.406691758889816
4cig,4cig_780,6.673768778186429
4cig,4cig_784,14.467841812473592
4cig,4cig_786,11.90904010553781
4cig,4cig_787,12.51077135551683
4cig,4cig_788,11.357102416719837
4cig,4cig_809,12.840255410886572
4cig,4cig_83,8.117695543675005
4cig,4cig_848,11.035382004636404
4cig,4cig_851,9.736620089716094
4cig,4cig_852,12.667992882761038
4cig,4cig_860,10.25975045460901
4cig,4cig_929,10.705437898825965
4cig,4cig_947,13.254748206701978
4cig,4cig_950,12.877746805879177
4cig,4cig_956,11.403862907456976
4cig,4cig_957,10.71505065233913
4cig,4cig_98,9.759567004376724
4ciw,4ciw_267,36.21379531607349
4ciw,4ciw_270,35.742687163515384
4ciw,4ciw_280,34.7294910185449
4ciw,4ciw_401,30.936710452176207
4ciw,4ciw_415,18.565891875434936
4ciw,4ciw_420,18.30041885677288
4ciw,4ciw_439,19.01941737799398
4ciw,4ciw_440,26.01677712917381
4ciw,4ciw_449,18.232179649502022
4ciw,4ciw_451,34.186499885079506
4ciw,4ciw_461,29.05528538575352
4ciw,4ciw_462,25.93327995502741
4ciw,4ciw_468,28.774021807600644
4ciw,4ciw_48,35.68532542105204
4ciw,4ciw_482,28.614266672553715
4ciw,4ciw_487,32.72767552068073
4ciw,4ciw_496,25.271595605905905
4ciw,4ciw_499,11.55559753458025
4ciw,4ciw_507,27.51167049977317
4ciw,4ciw_537,9.356460219368582
4ciw,4ciw_550,29.043391068418074
4ciw,4ciw_568,15.471292508589269
4ciw,4ciw_573,27.290553794900585
4ciw,4ciw_584,23.94252355051852
4ciw,4ciw_585,9.012682695845845
4ciw,4ciw_592,25.63523057383528
4ciw,4ciw_597,22.149542560430387
4ciw,4ciw_598,30.523199908153007
4ciw,4ciw_608,17.87017135297307
4ciw,4ciw_609,15.775190218394924
4ciw,4ciw_610,16.021873766202937
4ciw,4ciw_617,15.723007294795018
4ciw,4ciw_620,15.127213010521176
4ciw,4ciw_629,15.017142193313248
4ciw,4ciw_638,9.42762437130715
4ciw,4ciw_639,16.84225651096087
4ciw,4ciw_672,16.527728315459207
4ciw,4ciw_673,24.378146403437366
4ciw,4ciw_676,21.85293661054758
4ciw,4ciw_689,16.19103770984434
4ciw,4ciw_690,8.706353102694036
4ciw,4ciw_700,27.13031654572185
4ciw,4ciw_725,36.31284233103343
4ciw,4ciw_947,34.66598288292449
4cr9,4cr9_217,24.34624846531849
4cr9,4cr9_232,17.584676794275158
4cr9,4cr9_254,17.833938889500427
4cr9,4cr9_264,25.182519053230276
4cr9,4cr9_271,19.48804954240661
4cr9,4cr9_280,22.09850473817484
4cr9,4cr9_286,28.16057924324177
4cr9,4cr9_307,21.44117564224551
4cr9,4cr9_358,33.682985428295325
4cr9,4cr9_359,31.087112631097305
4cr9,4cr9_408,23.196112926631155
4cr9,4cr9_411,25.74376886001822
4cr9,4cr9_423,26.573241373561128
4cr9,4cr9_424,25.06093838360549
4cr9,4cr9_431,18.969235037772872
4cr9,4cr9_434,17.07039153274209
4cr9,4cr9_435,22.08280172568689
4cr9,4cr9_438,14.224980118737829
4cr9,4cr9_480,24.676390045853697
4cr9,4cr9_492,18.601170963902156
4cr9,4cr9_503,14.172794965656244
4cr9,4cr9_534,15.05630067327612
4cr9,4cr9_551,10.33363270339532
4cr9,4cr9_559,14.262336138246097
4cr9,4cr9_565,15.07847921955502
4cr9,4cr9_575,11.684971230251053
4cr9,4cr9_577,13.4674153002489
4cr9,4cr9_580,10.07545978605561
4cr9,4cr9_587,22.00616731584619
4cr9,4cr9_589,10.842539396023836
4cr9,4cr9_595,18.95377093305152
4cr9,4cr9_630,16.131576793198782
4cr9,4cr9_662,4.331315010989629
4cr9,4cr9_666,14.147143338134128
4cr9,4cr9_689,6.390143483236837
4cr9,4cr9_690,27.185330901936428
4cr9,4cr9_708,2.357429707562462
4cr9,4cr9_710,9.791703005895682
4cr9,4cr9_715,2.1844159833167094
4cr9,4cr9_717,3.072506354387978
4cr9,4cr9_726,8.587927418496918
4cr9,4cr9_730,2.444418283135067
4cr9,4cr9_734,3.560486126693656
4cr9,4cr9_741,4.103513608961531
4cr9,4cr9_743,2.172444895627273
4cr9,4cr9_746,2.290958046464925
4cr9,4cr9_748,6.360127901474931
4cr9,4cr9_750,4.085113987038101
4cr9,4cr9_752,1.7805219046638303
4cr9,4cr9_754,1.0889981292073694
4cr9,4cr9_755,9.847630364357755
4cr9,4cr9_758,5.1975306898568165
4cr9,4cr9_759,6.712581044481223
4cr9,4cr9_762,1.1775319932526327
4cr9,4cr9_763,2.3432790069764544
4cr9,4cr9_766,2.104980573497274
4cr9,4cr9_769,2.604591213634376
4cr9,4cr9_779,2.221340963467196
4cr9,4cr9_782,4.494889954460346
4cr9,4cr9_783,1.5504960136062076
4cr9,4cr9_789,2.234178538471866
4cr9,4cr9_790,2.5807406097362544
4cr9,4cr9_791,2.4513784439134567
4cr9,4cr9_792,1.5677959593787578
4cr9,4cr9_794,1.64508196267064
4cr9,4cr9_795,2.2295069285491733
4cr9,4cr9_796,2.2305080777970776
4cr9,4cr9_797,2.629647191293955
4cr9,4cr9_798,2.5544468541305485
4cr9,4cr9_799,0.9678869631811272
4cr9,4cr9_821,2.350195732513565
4cr9,4cr9_822,9.970639830087077
4cr9,4cr9_843,1.8410589834031632
4cr9,4cr9_849,19.089791751230983
4cr9,4cr9_855,2.409944430141382
4cr9,4cr9_861,2.5225136687370906
4cr9,4cr9_864,5.90524092877109
4cr9,4cr9_869,2.4580844972018667
4cr9,4cr9_874,2.8972522878677385
4cr9,4cr9_876,2.920082732647192
4cr9,4cr9_881,2.678017121821611
4cr9,4cr9_884,1.7915813334975883
4cr9,4cr9_885,1.8943460465135225
4cr9,4cr9_887,1.7532210581619103
4cr9,4cr9_891,4.752016161423935
4cr9,4cr9_894,2.497166145833112
4cr9,4cr9_897,2.694473731184841
4cr9,4cr9_920,20.73750901858914
4cr9,4cr9_933,2.6421055669553364
4cr9,4cr9_970,8.052296965384578
4cr9,4cr9_984,3.1702583385690524
4cra,4cra_102,31.17843753475489
4cra,4cra_113,47.38946467769095
4cra,4cra_119,34.41739256819242
4cra,4cra_124,17.152255573807736
4cra,4cra_126,45.64795555331405
4cra,4cra_130,40.15749449772079
4cra,4cra_151,17.971465733393778
4cra,4cra_155,57.6986900894019
4cra,4cra_175,47.14294451951051
4cra,4cra_201,43.86308820879189
4cra,4cra_204,57.29719353489006
4cra,4cra_214,48.31695386023443
4cra,4cra_219,39.87270863045602
4cra,4cra_224,52.44208691894376
4cra,4cra_230,53.93920083518973
4cra,4cra_24,38.41825169515704
4cra,4cra_240,48.4604320389776
4cra,4cra_250,33.60426874303574
4cra,4cra_258,56.403259613559314
4cra,4cra_270,52.3741899529921
4cra,4cra_276,51.12916605577871
4cra,4cra_281,53.05955449059608
4cra,4cra_283,56.2633459208578
4cra,4cra_292,51.18985290515462
4cra,4cra_296,46.4500265544765
4cra,4cra_302,37.60740532440487
4cra,4cra_307,31.927226148584584
4cra,4cra_318,56.88811238788933
4cra,4cra_354,49.72478355812927
4cra,4cra_358,40.68382841949997
4cra,4cra_364,56.89486341533489
4cra,4cra_375,49.83092612393072
4cra,4cra_378,49.401332247125886
4cra,4cra_383,45.430538283539065
4cra,4cra_4,56.18313526000751
4cra,4cra_413,34.04134403044893
4cra,4cra_422,23.498318910326663
4cra,4cra_439,27.809237698198444
4cra,4cra_441,35.92885509553031
4cra,4cra_444,30.84839962731632
4cra,4cra_448,23.320900700852608
4cra,4cra_456,27.15355484704217
4cra,4cra_470,34.77631767678148
4cra,4cra_472,31.043893345055448
4cra,4cra_477,24.256266032386208
4cra,4cra_479,30.71585968339969
4cra,4cra_496,26.102345869182795
4cra,4cra_504,28.907559078237597
4cra,4cra_523,18.679422364459622
4cra,4cra_525,24.343626249811305
4cra,4cra_533,10.674235532411943
4cra,4cra_538,19.171148233051785
4cra,4cra_540,25.40306478075157
4cra,4cra_541,31.88279079807961
4cra,4cra_547,42.36953990737265
4cra,4cra_548,29.375973490684803
4cra,4cra_549,23.47759931923534
4cra,4cra_564,34.82463434894596
4cra,4cra_566,20.149455932990804
4cra,4cra_569,21.38078684326738
4cra,4cra_572,31.316096902768177
4cra,4cra_576,23.867563392828227
4cra,4cra_578,20.227717460251423
4cra,4cra_579,37.18240973009271
4cra,4cra_580,22.593052168346965
4cra,4cra_584,12.96219649537898
4cra,4cra_589,16.956593698711362
4cra,4cra_590,31.060948328427774
4cra,4cra_591,25.0550342116987
4cra,4cra_595,16.418293045614035
4cra,4cra_596,24.821910378383897
4cra,4cra_604,24.57887279548573
4cra,4cra_61,34.73907583733932
4cra,4cra_610,26.893990909049275
4cra,4cra_624,26.92031681776542
4cra,4cra_636,22.71028732814363
4cra,4cra_644,16.448124139888098
4cra,4cra_656,20.533621073264328
4cra,4cra_658,15.179397635909192
4cra,4cra_680,24.458855284992936
4cra,4cra_689,16.043455219452536
4cra,4cra_695,21.3911073937406
4cra,4cra_716,29.96610563082322
4cra,4cra_719,52.53154660181259
4cra,4cra_720,35.42694876691719
4cra,4cra_748,37.147901424941736
4cra,4cra_795,30.26227986847699
4cra,4cra_81,14.517213652873451
4cra,4cra_827,29.87917248861614
4cra,4cra_828,29.51459725471318
4cra,4cra_830,50.854524368766775
4cra,4cra_855,31.048426207476
4cra,4cra_861,32.43459791115992
4cra,4cra_893,24.854782435571387
4cra,4cra_905,21.876971655399007
4cra,4cra_918,24.507445676311296
4cra,4cra_941,20.7433213306535
4cra,4cra_953,19.219319713136198
4cra,4cra_967,17.967280412564946
4cra,4cra_972,30.088264652878383
4crc,4crc_100,16.9659553652973
4crc,4crc_106,22.97624346699231
4crc,4crc_120,15.227176189076626
4crc,4crc_126,7.310509475407465
4crc,4crc_131,56.17368407812554
4crc,4crc_132,50.12370041372074
4crc,4crc_138,47.42986614958529
4crc,4crc_140,30.467962198087648
4crc,4crc_149,52.29711508730475
4crc,4crc_164,58.26307904991842
4crc,4crc_168,61.732514426996616
4crc,4crc_175,11.63773646506538
4crc,4crc_185,58.92079886011216
4crc,4crc_192,54.030550489065
4crc,4crc_212,58.31298734167958
4crc,4crc_215,60.80767771387463
4crc,4crc_217,60.89920135569266
4crc,4crc_263,58.10112632711312
4crc,4crc_291,61.67744582013324
4crc,4crc_314,59.86662931298862
4crc,4crc_323,31.245668025122885
4crc,4crc_368,63.38677520998118
4crc,4crc_391,34.00003903138227
4crc,4crc_401,48.89599084382748
4crc,4crc_411,28.9392803831132
4crc,4crc_412,40.15785673652553
4crc,4crc_417,18.49370646426708
4crc,4crc_423,31.159448661314887
4crc,4crc_426,43.47133939160728
4crc,4crc_443,30.365589353464014
4crc,4crc_447,41.94569865807701
4crc,4crc_464,35.09845691654148
4crc,4crc_475,27.5020848729489
4crc,4crc_480,37.84938372522787
4crc,4crc_481,28.427827075163144
4crc,4crc_485,24.00499492001256
4crc,4crc_486,39.21992249464807
4crc,4crc_493,30.711174428261376
4crc,4crc_505,41.26080944458808
4crc,4crc_509,32.78813722256429
4crc,4crc_511,34.60278077248528
4crc,4crc_517,35.65314022244765
4crc,4crc_528,26.446020286902023
4crc,4crc_533,36.35012390801787
4crc,4crc_537,25.537348716463733
4crc,4crc_538,14.96590946016582
4crc,4crc_542,14.54887951630711
4crc,4crc_544,28.96585230234564
4crc,4crc_549,20.45879601976236
4crc,4crc_557,22.46382851394376
4crc,4crc_560,23.2618111767634
4crc,4crc_561,22.298452107207105
4crc,4crc_564,31.93714284222365
4crc,4crc_569,15.796185825499077
4crc,4crc_571,25.49568773500068
4crc,4crc_574,16.402489061010336
4crc,4crc_575,15.077263628828035
4crc,4crc_586,39.55111720217217
4crc,4crc_588,20.869126201270007
4crc,4crc_590,12.908353077963204
4crc,4crc_591,13.844226862756283
4crc,4crc_592,11.693017866208956
4crc,4crc_597,26.31380362405473
4crc,4crc_618,14.51262328003558
4crc,4crc_620,33.87087348640409
4crc,4crc_626,33.24125128916823
4crc,4crc_627,22.471995316370386
4crc,4crc_633,31.144368987224823
4crc,4crc_636,31.75804230059485
4crc,4crc_644,13.591441139236316
4crc,4crc_646,10.555652099184798
4crc,4crc_648,24.87291813395324
4crc,4crc_649,28.11610972643369
4crc,4crc_656,13.908602260750223
4crc,4crc_661,27.199954584260443
4crc,4crc_665,18.08731964578487
4crc,4crc_673,31.699571757078328
4crc,4crc_680,32.57541828466288
4crc,4crc_682,18.02709121435934
4crc,4crc_685,19.443903783582687
4crc,4crc_694,25.218336822857687
4crc,4crc_716,16.708123569475394
4crc,4crc_717,56.00506550173598
4crc,4crc_724,17.510925806571738
4crc,4crc_734,13.794435954932116
4crc,4crc_743,35.2089262247292
4crc,4crc_758,34.1765762414669
4crc,4crc_770,35.54261853140556
4crc,4crc_821,39.01267547573632
4crc,4crc_840,25.98037625260353
4crc,4crc_968,45.51887359790921
4crc,4crc_99,57.6043622070204
4ddh,4ddh_1,19.82129991264372
4ddh,4ddh_13,17.932172713726782
4ddh,4ddh_130,15.044538081378692
4ddh,4ddh_181,6.309420306129934
4ddh,4ddh_27,13.378565581917998
4ddh,4ddh_270,14.640633007366706
4ddh,4ddh_294,17.7620280158926
4ddh,4ddh_296,14.97746399864639
4ddh,4ddh_343,7.31174971498785
4ddh,4ddh_349,6.418653787350976
4ddh,4ddh_401,11.42238676971817
4ddh,4ddh_416,18.69247483434806
4ddh,4ddh_421,6.681025747255825
4ddh,4ddh_422,12.592739954218535
4ddh,4ddh_427,15.7642142600724
4ddh,4ddh_432,19.699112086329105
4ddh,4ddh_439,12.890816838354269
4ddh,4ddh_448,8.589612086333181
4ddh,4ddh_455,8.59199825845235
4ddh,4ddh_459,10.269983014348904
4ddh,4ddh_462,9.273679631022254
4ddh,4ddh_465,14.219776431922746
4ddh,4ddh_466,15.214004843627569
4ddh,4ddh_471,8.60158989198912
4ddh,4ddh_489,11.09522447267792
4ddh,4ddh_490,13.567167613209794
4ddh,4ddh_500,14.745975764252412
4ddh,4ddh_507,11.60443069167891
4ddh,4ddh_514,18.58807310216968
4ddh,4ddh_519,18.838930276547394
4ddh,4ddh_530,17.3202108669245
4ddh,4ddh_542,15.621339407966728
4ddh,4ddh_543,18.64793032197182
4ddh,4ddh_545,10.40410295477754
4ddh,4ddh_547,11.894114127509482
4ddh,4ddh_548,12.88147618535043
4ddh,4ddh_555,8.251856161248693
4ddh,4ddh_559,11.532861786075555
4ddh,4ddh_564,8.639209053201832
4ddh,4ddh_574,14.586420176550474
4ddh,4ddh_589,16.41065871405848
4ddh,4ddh_591,7.303194838981602
4ddh,4ddh_592,7.180555317218318
4ddh,4ddh_593,6.7953489004438135
4ddh,4ddh_620,10.759814064139247
4ddh,4ddh_632,4.016262517281539
4ddh,4ddh_641,12.444072596789892
4ddh,4ddh_649,6.596972308529746
4ddh,4ddh_651,13.506689288287305
4ddh,4ddh_659,5.679030928263802
4ddh,4ddh_671,8.32529906278692
4ddh,4ddh_684,6.004771688628101
4ddh,4ddh_688,18.85230178725836
4ddh,4ddh_734,20.17110352792857
4ddh,4ddh_754,6.892939097525754
4ddh,4ddh_762,5.82697099692862
4ddh,4ddh_763,5.808421549798451
4ddh,4ddh_764,6.1951500387066485
4ddh,4ddh_770,5.63229430773569
4ddh,4ddh_771,13.588253961505526
4ddh,4ddh_773,4.561564601044094
4ddh,4ddh_774,4.5872290667179225
4ddh,4ddh_781,2.551231542975682
4ddh,4ddh_782,16.48741794408524
4ddh,4ddh_783,4.243929849594451
4ddh,4ddh_784,8.506855622327498
4ddh,4ddh_79,18.10030176249578
4ddh,4ddh_794,3.006612121029862
4ddh,4ddh_795,2.316304514762277
4ddh,4ddh_796,1.8528930002237265
4ddh,4ddh_80,11.732813705116971
4ddh,4ddh_843,18.87886928815084
4ddh,4ddh_868,6.467929448569999
4ddh,4ddh_882,8.4922480015756
4ddh,4ddh_885,3.724480949545273
4ddh,4ddh_911,18.312902306133
4ddh,4ddh_971,9.558800113407187
4ddk,4ddk_11,9.158241737412371
4ddk,4ddk_113,3.5422745582204125
4ddk,4ddk_170,2.8427617202895394
4ddk,4ddk_184,9.620011602625544
4ddk,4ddk_296,7.4862252936934945
4ddk,4ddk_303,13.547511052812578
4ddk,4ddk_327,13.77137794964245
4ddk,4ddk_34,9.938217633906184
4ddk,4ddk_345,12.868010940153845
4ddk,4ddk_359,13.16801080132267
4ddk,4ddk_361,12.35257871978949
4ddk,4ddk_391,15.000265856373746
4ddk,4ddk_402,8.88089742332662
4ddk,4ddk_406,13.705810178460418
4ddk,4ddk_41,8.207089114598764
4ddk,4ddk_410,12.87560200370626
4ddk,4ddk_413,8.068966768406527
4ddk,4ddk_419,8.342986708295472
4ddk,4ddk_431,11.313100898770305
4ddk,4ddk_432,11.9898124602019
4ddk,4ddk_438,9.866349094219922
4ddk,4ddk_443,11.67611605437022
4ddk,4ddk_444,10.679463586758295
4ddk,4ddk_445,8.79838585200945
4ddk,4ddk_450,11.77861387553743
4ddk,4ddk_451,6.410684699733617
4ddk,4ddk_457,6.68847408250643
4ddk,4ddk_460,8.885820751005763
4ddk,4ddk_464,10.801403559360743
4ddk,4ddk_466,5.545636941753329
4ddk,4ddk_467,10.554726904998288
4ddk,4ddk_470,11.919246777949898
4ddk,4ddk_476,7.705792104225642
4ddk,4ddk_479,6.614029045016837
4ddk,4ddk_485,4.450454096949185
4ddk,4ddk_487,9.20676889222017
4ddk,4ddk_488,4.95698133350451
4ddk,4ddk_496,5.463930884200171
4ddk,4ddk_515,5.199824613700909
4ddk,4ddk_525,7.471165443226597
4ddk,4ddk_528,5.496353080325065
4ddk,4ddk_53,1.2995953508792153
4ddk,4ddk_535,4.355325762990023
4ddk,4ddk_536,2.848541993135698
4ddk,4ddk_538,7.894417490701587
4ddk,4ddk_541,9.706122739701868
4ddk,4ddk_542,3.651137329080094
4ddk,4ddk_543,3.895954299660972
4ddk,4ddk_546,11.596432505995075
4ddk,4ddk_550,3.090741901981392
4ddk,4ddk_568,6.545991644098712
4ddk,4ddk_580,2.955749646528478
4ddk,4ddk_583,11.975882801791048
4ddk,4ddk_59,1.546539703214452
4ddk,4ddk_596,3.355232129694332
4ddk,4ddk_606,4.147840914326994
4ddk,4ddk_621,6.091246567492337
4ddk,4ddk_628,4.564390887199568
4ddk,4ddk_632,6.542533871312262
4ddk,4ddk_642,12.243617339630356
4ddk,4ddk_644,1.7736135523217105
4ddk,4ddk_650,7.95820910566935
4ddk,4ddk_651,2.0504214685124937
4ddk,4ddk_652,8.54448916622642
4ddk,4ddk_660,2.8680618303295007
4ddk,4ddk_664,8.570665761494675
4ddk,4ddk_672,12.283455926784097
4ddk,4ddk_680,3.780876554067518
4ddk,4ddk_684,4.333038573842615
4ddk,4ddk_689,1.990368371126471
4ddk,4ddk_696,4.5030986023439885
4ddk,4ddk_709,3.5529483721534696
4ddk,4ddk_726,1.282563766997857
4ddk,4ddk_751,6.0699845102012775
4ddk,4ddk_755,2.1992486767154773
4ddk,4ddk_767,1.4077716021366993
4ddk,4ddk_771,1.6321898824068315
4ddk,4ddk_773,1.71953253834424
4ddk,4ddk_776,2.800650823581253
4ddk,4ddk_78,7.606188893915525
4ddk,4ddk_782,1.5152894945594044
4ddk,4ddk_811,1.9456994560915253
4ddk,4ddk_812,1.8428888448268936
4ddk,4ddk_813,2.0107821666037915
4ddk,4ddk_815,1.9157005098652056
4ddk,4ddk_820,5.557333539122044
4ddk,4ddk_836,2.385627296989296
4ddk,4ddk_872,1.3428134745309386
4ddk,4ddk_878,1.4876580878798475
4ddk,4ddk_881,1.0002972792698923
4ddk,4ddk_882,1.8371902531308013
4ddk,4ddk_89,4.990200559308898
4ddk,4ddk_925,2.286567232477896
4ddk,4ddk_939,13.22342986018472
4ddk,4ddk_951,2.16260166895958
4ddk,4ddk_953,1.9965296202226928
4ddk,4ddk_959,2.1567350463195334
4ddk,4ddk_962,3.390030536776353
4ddk,4ddk_970,6.200513638045689
4de1,4de1_105,16.417763323578956
4de1,4de1_110,20.98919403632618
4de1,4de1_127,14.199213990454728
4de1,4de1_14,15.71088895680706
4de1,4de1_142,15.644859424399073
4de1,4de1_150,12.38406354209528
4de1,4de1_176,13.80170393542084
4de1,4de1_190,32.03190955205392
4de1,4de1_191,17.13253926609326
4de1,4de1_195,30.90710941826384
4de1,4de1_196,9.62846270449234
4de1,4de1_199,17.51141233599918
4de1,4de1_203,12.662314853857774
4de1,4de1_215,28.433569260136835
4de1,4de1_237,31.007323506312417
4de1,4de1_25,11.332641884713755
4de1,4de1_275,23.639407895697577
4de1,4de1_277,29.6123344779773
4de1,4de1_289,30.863193143360856
4de1,4de1_292,28.040612449821197
4de1,4de1_309,15.853604018113932
4de1,4de1_317,21.441298464768604
4de1,4de1_340,14.577754653591557
4de1,4de1_366,32.269461489081266
4de1,4de1_370,18.38655341631455
4de1,4de1_405,16.415344781182792
4de1,4de1_407,13.614985104957016
4de1,4de1_408,21.83960917738081
4de1,4de1_412,20.91281386924601
4de1,4de1_424,27.63080121588912
4de1,4de1_425,14.998613078628711
4de1,4de1_426,22.314536612230004
4de1,4de1_431,13.706964463896943
4de1,4de1_432,24.97921733901105
4de1,4de1_433,30.38464516000743
4de1,4de1_436,16.39696852421009
4de1,4de1_438,26.822678675195185
4de1,4de1_440,17.373499246757262
4de1,4de1_458,15.035077944895331
4de1,4de1_460,17.92597217327068
4de1,4de1_466,18.778416848408245
4de1,4de1_474,19.521762039328426
4de1,4de1_482,16.120919136439625
4de1,4de1_484,22.79696760528665
4de1,4de1_487,24.42100095172995
4de1,4de1_491,14.659060000923413
4de1,4de1_509,17.40646349252652
4de1,4de1_514,17.362948623561525
4de1,4de1_519,17.970145071997393
4de1,4de1_521,14.82765001451832
4de1,4de1_531,15.657883985916875
4de1,4de1_538,13.75100221921497
4de1,4de1_541,21.0625337568526
4de1,4de1_545,12.390854370514104
4de1,4de1_550,12.949200986002552
4de1,4de1_552,17.581673828979767
4de1,4de1_553,19.585383876396808
4de1,4de1_558,17.191506300914778
4de1,4de1_564,26.474588012059137
4de1,4de1_567,24.340295557036107
4de1,4de1_575,21.68494247663518
4de1,4de1_579,9.919071005121507
4de1,4de1_581,22.607845236228044
4de1,4de1_582,17.798742925603676
4de1,4de1_586,13.244898984688811
4de1,4de1_590,13.230407577308627
4de1,4de1_593,19.428617919804196
4de1,4de1_596,15.128325865148678
4de1,4de1_598,16.017042013612794
4de1,4de1_620,15.287446061722653
4de1,4de1_633,28.40591967186243
4de1,4de1_636,19.258407845050847
4de1,4de1_659,18.799090388112905
4de1,4de1_661,26.06412331607377
4de1,4de1_664,13.024459137990036
4de1,4de1_667,19.299300450093867
4de1,4de1_674,16.479735749696573
4de1,4de1_675,13.703758018562937
4de1,4de1_676,22.102067362835744
4de1,4de1_682,11.653367440503285
4de1,4de1_697,11.602507018638065
4de1,4de1_699,18.78798825465391
4de1,4de1_711,9.21235706387078
4de1,4de1_715,11.514568983053383
4de1,4de1_728,9.233308088465575
4de1,4de1_733,8.783822694786238
4de1,4de1_738,12.304443322991595
4de1,4de1_742,8.66396110529981
4de1,4de1_744,8.565582072101874
4de1,4de1_745,8.812067298784644
4de1,4de1_748,8.674848444678013
4de1,4de1_749,8.667702956217587
4de1,4de1_750,8.99363850729325
4de1,4de1_753,8.766272395315797
4de1,4de1_755,8.907203615023873
4de1,4de1_759,8.905844420117143
4de1,4de1_761,9.442415454889495
4de1,4de1_811,7.062512899240111
4de1,4de1_84,15.77028461632994
4de1,4de1_88,20.285929117829728
4de2,4de2_108,33.06374762324651
4de2,4de2_129,7.02160658254712
4de2,4de2_137,32.60022312717173
4de2,4de2_138,26.433578539651027
4de2,4de2_148,27.97030980994228
4de2,4de2_158,8.76069287300098
4de2,4de2_166,13.945772822110976
4de2,4de2_175,7.659622320314353
4de2,4de2_2,18.806934887887547
4de2,4de2_214,33.19002207554215
4de2,4de2_224,16.099290123999616
4de2,4de2_236,14.584951472300045
4de2,4de2_246,14.22374019212672
4de2,4de2_268,17.539167786890804
4de2,4de2_287,13.14766870031265
4de2,4de2_290,32.78125896278142
4de2,4de2_291,29.945629405093065
4de2,4de2_292,31.01221375932865
4de2,4de2_305,33.969004556321366
4de2,4de2_333,34.155441912390856
4de2,4de2_338,33.20108588461121
4de2,4de2_371,34.08650769391144
4de2,4de2_381,32.82965102366823
4de2,4de2_385,33.633455538573045
4de2,4de2_401,15.113101661423787
4de2,4de2_410,15.80325386112707
4de2,4de2_427,16.282429338831307
4de2,4de2_441,27.652577125351403
4de2,4de2_450,16.109825274665933
4de2,4de2_451,25.87068494014217
4de2,4de2_459,15.735500295422534
4de2,4de2_468,9.009477799038017
4de2,4de2_469,20.41596411402609
4de2,4de2_483,25.333856769204832
4de2,4de2_490,12.58275066511182
4de2,4de2_501,11.331378309714962
4de2,4de2_506,25.02854494092038
4de2,4de2_512,19.182635957003534
4de2,4de2_513,15.755467090332026
4de2,4de2_514,12.775565697014196
4de2,4de2_521,15.42468472213858
4de2,4de2_522,12.879336453239578
4de2,4de2_523,23.985651557208893
4de2,4de2_526,13.396621536275893
4de2,4de2_542,16.03686720532617
4de2,4de2_544,10.201896693931856
4de2,4de2_546,12.232610842496646
4de2,4de2_557,13.076126808964496
4de2,4de2_560,24.34194676484552
4de2,4de2_561,13.811032628197324
4de2,4de2_562,13.997069125358946
4de2,4de2_567,21.736865919709143
4de2,4de2_571,12.691477929263309
4de2,4de2_572,23.94266430818077
4de2,4de2_575,26.848173338394016
4de2,4de2_577,28.75861699467398
4de2,4de2_58,22.729614411471356
4de2,4de2_580,18.05889695651109
4de2,4de2_583,11.127163164714892
4de2,4de2_584,17.216403353896354
4de2,4de2_590,18.3504354826913
4de2,4de2_595,12.786039807094872
4de2,4de2_596,13.001314557334997
4de2,4de2_600,10.55331254533664
4de2,4de2_607,15.622669831551438
4de2,4de2_612,19.969812109853727
4de2,4de2_622,12.87299972497079
4de2,4de2_623,20.650993556419124
4de2,4de2_641,15.297301743385692
4de2,4de2_653,9.553456064313316
4de2,4de2_670,11.18147177911629
4de2,4de2_673,15.682580691184285
4de2,4de2_676,15.569117568633269
4de2,4de2_694,15.01320486727024
4de2,4de2_715,11.204300948971888
4de2,4de2_724,30.60477114303708
4de2,4de2_737,8.706188059191645
4de2,4de2_738,12.525041491970295
4de2,4de2_749,30.060808442454157
4de2,4de2_76,23.199513839565515
4de2,4de2_762,5.470973547679141
4de2,4de2_769,13.81193566824692
4de2,4de2_773,9.664186452324408
4de2,4de2_778,8.460756197587852
4de2,4de2_781,9.819211851882027
4de2,4de2_782,10.93079280103113
4de2,4de2_788,12.756630927411114
4de2,4de2_790,10.826262517297858
4de2,4de2_795,6.715106125108208
4de2,4de2_821,16.060115849779297
4de2,4de2_826,27.956233150497045
4de2,4de2_866,17.77145056019776
4de2,4de2_881,25.21169727888348
4de2,4de2_942,6.616841518528489
4de2,4de2_943,8.806629220437907
4de2,4de2_952,16.211453202199525
4de2,4de2_974,6.959962005832793
4de3,4de3_112,12.313013281742824
4de3,4de3_209,15.883279892616402
4de3,4de3_211,29.272100050480216
4de3,4de3_217,10.295184267421764
4de3,4de3_232,27.443903168347497
4de3,4de3_234,16.567649518338808
4de3,4de3_245,29.21583568292272
4de3,4de3_249,10.447303936040328
4de3,4de3_252,15.45517649622231
4de3,4de3_254,29.85690850615944
4de3,4de3_260,26.63199241431092
4de3,4de3_270,25.11529600536124
4de3,4de3_275,27.931969809881267
4de3,4de3_282,8.412799950157334
4de3,4de3_283,27.754118394913604
4de3,4de3_288,27.27568682882489
4de3,4de3_293,20.43453405711098
4de3,4de3_322,31.73202651247733
4de3,4de3_350,31.197652637200505
4de3,4de3_358,31.844838592862825
4de3,4de3_361,17.76281815985095
4de3,4de3_371,30.74227353217368
4de3,4de3_375,30.17060226211798
4de3,4de3_419,29.13698785137807
4de3,4de3_429,15.94969358931828
4de3,4de3_461,13.771997758278776
4de3,4de3_467,25.088150000253837
4de3,4de3_474,21.256240540086758
4de3,4de3_477,22.52924278607247
4de3,4de3_481,14.965235179545434
4de3,4de3_483,9.97267999485709
4de3,4de3_495,22.145608968100984
4de3,4de3_499,17.47523522682124
4de3,4de3_510,14.045897160170387
4de3,4de3_513,17.143966045978317
4de3,4de3_519,18.969416090505074
4de3,4de3_533,14.029054106965315
4de3,4de3_539,20.54068829013281
4de3,4de3_545,6.138401806440149
4de3,4de3_555,18.52692157836897
4de3,4de3_556,12.218072453389798
4de3,4de3_557,15.955769817940972
4de3,4de3_560,13.793133429857123
4de3,4de3_563,12.708923502818362
4de3,4de3_564,17.38730062945357
4de3,4de3_569,16.725961759975625
4de3,4de3_572,14.489438427450976
4de3,4de3_576,18.54521606577243
4de3,4de3_583,14.377398263822249
4de3,4de3_591,16.133895408350565
4de3,4de3_593,23.09472122208763
4de3,4de3_594,23.21905448573842
4de3,4de3_599,14.784732716575284
4de3,4de3_631,12.246820607970946
4de3,4de3_634,18.33893160208861
4de3,4de3_655,13.518016420387626
4de3,4de3_660,12.282135628853895
4de3,4de3_661,14.025411459383326
4de3,4de3_666,10.666825265633785
4de3,4de3_669,10.437704544104443
4de3,4de3_673,9.59302657940846
4de3,4de3_681,11.050014371431171
4de3,4de3_688,15.69652150205783
4de3,4de3_691,23.464590972003865
4de3,4de3_694,13.260106676030944
4de3,4de3_695,20.759911224418943
4de3,4de3_717,8.205641662127842
4de3,4de3_740,19.31940721383595
4de3,4de3_746,14.687376215626362
4de3,4de3_748,16.514834931900356
4de3,4de3_756,7.001285642331253
4de3,4de3_757,8.757022525829585
4de3,4de3_760,6.566588458747075
4de3,4de3_762,7.534404925741611
4de3,4de3_764,8.235843909733315
4de3,4de3_767,6.281881410826181
4de3,4de3_769,7.78149263014642
4de3,4de3_771,14.36396870304363
4de3,4de3_780,8.35885042928857
4de3,4de3_782,9.999048403367258
4de3,4de3_783,6.486926388647875
4de3,4de3_786,7.131641849782877
4de3,4de3_788,7.014769727457082
4de3,4de3_816,5.112681034789721
4de3,4de3_853,10.40520456910346
4de3,4de3_859,8.452376829573844
4de3,4de3_860,10.450072159854503
4de3,4de3_863,8.309337702378667
4de3,4de3_873,11.755902519022474
4de3,4de3_879,16.687602104381284
4de3,4de3_891,6.867182242123955
4de3,4de3_892,6.721338021436589
4de3,4de3_919,7.845042212403431
4de3,4de3_928,6.355366241166543
4de3,4de3_94,22.51692757608164
4de3,4de3_945,14.792809119211377
4de3,4de3_946,8.260370769766267
4de3,4de3_951,8.470766976747546
4de3,4de3_959,6.681894002444728
4de3,4de3_960,12.683606428161523
4djv,4djv_105,50.20324893180374
4djv,4djv_136,11.688552594097816
4djv,4djv_159,16.723971897719615
4djv,4djv_164,58.062310232642815
4djv,4djv_17,11.293272637445227
4djv,4djv_175,43.08586409375664
4djv,4djv_2,9.201138310540776
4djv,4djv_21,13.535253581682031
4djv,4djv_212,55.64936770064453
4djv,4djv_29,8.194228769766271
4djv,4djv_314,49.38738094876378
4djv,4djv_33,11.87968915147867
4djv,4djv_335,52.77034924198046
4djv,4djv_336,54.732621680901225
4djv,4djv_349,60.06504796054176
4djv,4djv_380,54.28739068032986
4djv,4djv_388,56.25876444328871
4djv,4djv_399,59.176196148729126
4djv,4djv_401,37.35896010649412
4djv,4djv_402,29.26195215129143
4djv,4djv_406,26.60616033654968
4djv,4djv_412,18.76220755794169
4djv,4djv_416,15.600354623351658
4djv,4djv_421,33.92871646219975
4djv,4djv_422,24.54138534674559
4djv,4djv_427,35.516684293380195
4djv,4djv_431,28.45374468098037
4djv,4djv_433,14.86505968319715
4djv,4djv_434,31.23544570195497
4djv,4djv_436,9.756402377691314
4djv,4djv_438,20.27309586976968
4djv,4djv_446,40.78219336194013
4djv,4djv_447,33.655749931332544
4djv,4djv_452,28.91175518668272
4djv,4djv_457,12.815499196373784
4djv,4djv_467,13.748450191067676
4djv,4djv_476,34.73259496954209
4djv,4djv_483,21.763070251737272
4djv,4djv_491,31.40392915646561
4djv,4djv_492,36.51400550390869
4djv,4djv_496,35.528596888146154
4djv,4djv_497,23.05251530503544
4djv,4djv_521,14.080983431988496
4djv,4djv_533,8.758366560231327
4djv,4djv_544,28.980949790718466
4djv,4djv_546,21.538029236909807
4djv,4djv_551,20.502981050381315
4djv,4djv_557,37.824539569067866
4djv,4djv_561,24.70444801442441
4djv,4djv_563,21.808095883416875
4djv,4djv_570,18.164121748621024
4djv,4djv_58,7.546940840369583
4djv,4djv_584,8.689790250198444
4djv,4djv_590,25.747368028512504
4djv,4djv_592,8.968207389295882
4djv,4djv_607,19.632249159032718
4djv,4djv_612,11.562075125460357
4djv,4djv_615,11.262355556229965
4djv,4djv_617,12.932846825302324
4djv,4djv_637,15.640351638676814
4djv,4djv_640,10.527363329719227
4djv,4djv_650,28.56767189500056
4djv,4djv_659,10.516008181028669
4djv,4djv_661,16.611948788593672
4djv,4djv_666,12.071913830976897
4djv,4djv_672,30.068354243845807
4djv,4djv_675,10.785509235821245
4djv,4djv_676,15.229351381385436
4djv,4djv_677,12.089272414672006
4djv,4djv_687,29.88579139349876
4djv,4djv_694,7.181536891121925
4djv,4djv_696,15.491267188981476
4djv,4djv_7,50.275351732250975
4djv,4djv_701,56.65362381895067
4djv,4djv_823,11.9358355072404
4djv,4djv_830,12.110568642933492
4djv,4djv_900,11.16662785255863
4djv,4djv_913,10.49458276253404
4djv,4djv_923,11.632840422894194
4djv,4djv_957,11.136518533513032
4djv,4djv_97,7.933375209332606
4dld,4dld_109,16.436803898958107
4dld,4dld_178,45.30769379398412
4dld,4dld_198,19.927053294695693
4dld,4dld_199,19.769263065268728
4dld,4dld_207,52.794257858544434
4dld,4dld_208,51.31369688235976
4dld,4dld_211,50.477130775833295
4dld,4dld_249,25.62517110320562
4dld,4dld_252,46.3790680036632
4dld,4dld_260,49.610755662862985
4dld,4dld_261,48.506735617078405
4dld,4dld_262,51.79564445752924
4dld,4dld_282,46.682475741189
4dld,4dld_285,50.845580587831776
4dld,4dld_293,48.6733977650843
4dld,4dld_300,50.0765370376211
4dld,4dld_313,18.465700292268405
4dld,4dld_314,23.857526962046197
4dld,4dld_369,25.24227895443924
4dld,4dld_408,31.638903048027508
4dld,4dld_410,44.97358434053945
4dld,4dld_422,22.99228659080249
4dld,4dld_425,24.23873637774515
4dld,4dld_427,18.087976216114438
4dld,4dld_428,38.923026103413925
4dld,4dld_438,28.37641168219657
4dld,4dld_441,25.77946503509276
4dld,4dld_455,24.392457476721315
4dld,4dld_457,25.129656650295782
4dld,4dld_464,16.576863840559703
4dld,4dld_466,31.67633975655121
4dld,4dld_473,19.198319687916907
4dld,4dld_474,21.65149335421337
4dld,4dld_478,21.17446420052965
4dld,4dld_490,22.205311263355465
4dld,4dld_497,24.09622343510081
4dld,4dld_499,18.58626877636422
4dld,4dld_500,24.309649233624683
4dld,4dld_501,26.76724292675726
4dld,4dld_506,17.63684931109603
4dld,4dld_517,29.27224075867685
4dld,4dld_535,15.836619719818138
4dld,4dld_539,13.659750392637358
4dld,4dld_540,16.589290552382675
4dld,4dld_545,17.735622381332604
4dld,4dld_548,20.25720413722736
4dld,4dld_557,17.4449133229395
4dld,4dld_567,23.56046170551021
4dld,4dld_568,17.163132775098077
4dld,4dld_573,21.88311700661916
4dld,4dld_576,33.70028445812379
4dld,4dld_577,18.69740145515036
4dld,4dld_581,18.45324559417153
4dld,4dld_583,19.40191557557753
4dld,4dld_598,15.490616286347526
4dld,4dld_631,21.288817118047444
4dld,4dld_636,24.343472258240507
4dld,4dld_649,11.728239953524891
4dld,4dld_653,25.80304838967039
4dld,4dld_659,16.869622883210813
4dld,4dld_677,17.657593480322436
4dld,4dld_709,47.07110654038845
4dld,4dld_728,44.17661033631012
4dld,4dld_740,35.31116829926608
4dld,4dld_747,41.83431156830759
4dld,4dld_752,41.65149952951966
4dld,4dld_79,34.89104890728647
4dld,4dld_811,37.54858389052105
4dld,4dld_826,42.53240189891464
4dld,4dld_873,44.42278052087792
4dld,4dld_900,43.42385907199466
4dld,4dld_947,41.910018486824576
4dli,4dli_136,34.128591056132855
4dli,4dli_154,34.17972751004182
4dli,4dli_409,30.6449799389622
4dli,4dli_414,28.20497889733907
4dli,4dli_42,35.96031744935752
4dli,4dli_422,27.077113389105172
4dli,4dli_426,38.31379385697898
4dli,4dli_431,33.187032094090725
4dli,4dli_447,27.341587538398663
4dli,4dli_455,34.140171326812336
4dli,4dli_465,27.732545920238145
4dli,4dli_481,29.798557802276555
4dli,4dli_486,32.54254377611284
4dli,4dli_489,23.36108004950724
4dli,4dli_498,29.650402650392877
4dli,4dli_501,30.413294287329023
4dli,4dli_502,31.543329742597518
4dli,4dli_504,28.395280343734715
4dli,4dli_505,25.553292244240048
4dli,4dli_521,34.569058351683914
4dli,4dli_524,33.42588190730764
4dli,4dli_530,33.03249070283949
4dli,4dli_546,19.78864039051664
4dli,4dli_547,29.27758592817766
4dli,4dli_550,29.949751790541008
4dli,4dli_567,27.749735242262915
4dli,4dli_57,34.46146312016512
4dli,4dli_571,25.00556122130505
4dli,4dli_573,17.706172321324516
4dli,4dli_575,24.594938248586075
4dli,4dli_580,23.113543549696203
4dli,4dli_587,17.936122699644752
4dli,4dli_591,18.770161131267447
4dli,4dli_594,16.04130111516534
4dli,4dli_595,20.353015962025285
4dli,4dli_637,24.83055996762244
4dli,4dli_641,18.786053814772774
4dli,4dli_659,32.833298757674584
4dli,4dli_660,27.806435493967246
4dli,4dli_664,27.86719862862105
4dli,4dli_666,25.089499952550675
4dli,4dli_679,26.325551802709125
4dli,4dli_684,28.897369470456844
4dli,4dli_693,24.76637777042089
4dli,4dli_710,33.209007715869085
4dli,4dli_734,28.701439163440813
4dli,4dli_738,30.705411503875258
4dli,4dli_750,35.75230779142094
4dli,4dli_756,22.542139212714652
4dli,4dli_759,26.082361274102965
4dli,4dli_769,35.27665965213165
4dli,4dli_770,19.316257279229674
4dli,4dli_772,19.69965199700165
4dli,4dli_776,28.048124000532496
4dli,4dli_777,25.487524816464497
4dli,4dli_778,15.831882364391353
4dli,4dli_781,16.16883228070495
4dli,4dli_783,20.44571116523802
4dli,4dli_784,31.36225796267182
4dli,4dli_786,18.93631299866267
4dli,4dli_787,19.268523287462905
4dli,4dli_788,14.29874651767811
4dli,4dli_789,28.336103089688397
4dli,4dli_792,12.745307359854356
4dli,4dli_793,20.442693643841984
4dli,4dli_868,25.36865493172304
4dli,4dli_895,24.833432446641662
4dli,4dli_948,29.40289931489852
4dli,4dli_96,35.96843851825628
4e5w,4e5w_109,15.792850640324204
4e5w,4e5w_121,72.54314182399402
4e5w,4e5w_13,14.430679173293926
4e5w,4e5w_141,44.65144682061694
4e5w,4e5w_151,14.154473267969497
4e5w,4e5w_17,16.3364692262893
4e5w,4e5w_174,68.89211377629796
4e5w,4e5w_202,74.09104607405114
4e5w,4e5w_24,18.84344530054983
4e5w,4e5w_247,69.81302875239506
4e5w,4e5w_286,67.69262592694679
4e5w,4e5w_3,41.02433887401745
4e5w,4e5w_310,58.77485136421356
4e5w,4e5w_320,51.67133380444631
4e5w,4e5w_336,9.745875310565246
4e5w,4e5w_344,55.66393063616664
4e5w,4e5w_360,34.16735734589148
4e5w,4e5w_367,39.088433363725855
4e5w,4e5w_384,44.052790769724254
4e5w,4e5w_4,19.193638475045585
4e5w,4e5w_406,20.490907278720396
4e5w,4e5w_416,20.457943163011013
4e5w,4e5w_436,20.22774274091909
4e5w,4e5w_441,30.455634586042805
4e5w,4e5w_442,27.27590878533317
4e5w,4e5w_444,20.91218582296824
4e5w,4e5w_445,61.60305779840216
4e5w,4e5w_447,17.105678904244296
4e5w,4e5w_448,16.280101762015217
4e5w,4e5w_451,29.79235875463957
4e5w,4e5w_452,14.999256559327453
4e5w,4e5w_453,41.73425376246168
4e5w,4e5w_457,21.72749849060178
4e5w,4e5w_464,18.39752704472065
4e5w,4e5w_469,32.86772698876629
4e5w,4e5w_47,15.43516622875155
4e5w,4e5w_476,45.30143055557132
4e5w,4e5w_479,12.505056006304333
4e5w,4e5w_483,18.97852422037688
4e5w,4e5w_484,16.19269112534468
4e5w,4e5w_486,18.06806998064055
4e5w,4e5w_489,23.418319923467077
4e5w,4e5w_508,30.318431001019214
4e5w,4e5w_518,23.438199205885127
4e5w,4e5w_52,31.569985014720032
4e5w,4e5w_526,32.746837712393315
4e5w,4e5w_528,52.05203112459656
4e5w,4e5w_531,16.35889497229469
4e5w,4e5w_536,17.72147621704217
4e5w,4e5w_542,41.7298391262978
4e5w,4e5w_543,20.97797912325549
4e5w,4e5w_549,7.660048104151885
4e5w,4e5w_552,25.40662132394484
4e5w,4e5w_553,19.29678801425482
4e5w,4e5w_560,20.263914358152935
4e5w,4e5w_563,17.10848605636954
4e5w,4e5w_575,14.023350354764023
4e5w,4e5w_577,17.294752374859932
4e5w,4e5w_579,12.726450734765711
4e5w,4e5w_58,21.22526939368052
4e5w,4e5w_583,15.484968023060995
4e5w,4e5w_585,13.7945677041783
4e5w,4e5w_586,16.417905109178555
4e5w,4e5w_590,19.435645817639667
4e5w,4e5w_592,15.307443130743495
4e5w,4e5w_593,11.273485612220464
4e5w,4e5w_597,12.8204550442349
4e5w,4e5w_599,9.773416704955572
4e5w,4e5w_606,17.790818181289787
4e5w,4e5w_617,28.012254136064296
4e5w,4e5w_631,27.106677220865357
4e5w,4e5w_639,15.83928212215589
4e5w,4e5w_641,15.45547012836895
4e5w,4e5w_647,45.47722418288441
4e5w,4e5w_652,42.06209312390519
4e5w,4e5w_658,31.19800659727358
4e5w,4e5w_659,19.759167342166982
4e5w,4e5w_663,20.63951084513421
4e5w,4e5w_664,36.36199780337471
4e5w,4e5w_668,13.448650746775607
4e5w,4e5w_673,29.110203055067213
4e5w,4e5w_675,31.65058839695661
4e5w,4e5w_676,38.76878321052168
4e5w,4e5w_679,18.31864041174384
4e5w,4e5w_682,15.587255170888154
4e5w,4e5w_684,17.99777821691688
4e5w,4e5w_694,52.26706989747024
4e5w,4e5w_698,15.9496382261932
4e5w,4e5w_699,19.134445944398227
4e5w,4e5w_7,36.64039007441862
4e5w,4e5w_76,20.721935008645143
4e5w,4e5w_779,68.27071016268044
4e5w,4e5w_789,30.06512655214769
4e5w,4e5w_803,51.72564639587913
4e5w,4e5w_808,44.94290593759492
4e5w,4e5w_821,41.434040678238766
4e5w,4e5w_883,71.701592012664
4e5w,4e5w_905,67.76294562170156
4e5w,4e5w_91,13.801673724991891
4e5w,4e5w_96,58.26387784736499
4e6q,4e6q_12,29.22981899252898
4e6q,4e6q_120,58.84866213083455
4e6q,4e6q_132,63.37134064633113
4e6q,4e6q_143,57.29882663621684
4e6q,4e6q_226,32.45178707137069
4e6q,4e6q_249,59.84060601009354
4e6q,4e6q_265,59.73399405442495
4e6q,4e6q_301,58.16427301912678
4e6q,4e6q_402,52.863072238614514
4e6q,4e6q_406,28.35706253436859
4e6q,4e6q_409,51.15810268298395
4e6q,4e6q_420,16.65092668014377
4e6q,4e6q_422,43.329490031643225
4e6q,4e6q_423,41.097273109435726
4e6q,4e6q_426,36.53013217623106
4e6q,4e6q_430,36.52002535835736
4e6q,4e6q_435,29.169295862057208
4e6q,4e6q_449,38.51208516084864
4e6q,4e6q_459,13.14683322007411
4e6q,4e6q_468,22.830837438108198
4e6q,4e6q_477,15.80705614331292
4e6q,4e6q_483,13.269367505687477
4e6q,4e6q_487,15.353347511717873
4e6q,4e6q_491,47.95397060631485
4e6q,4e6q_496,33.55975580172445
4e6q,4e6q_499,42.00036256367089
4e6q,4e6q_536,20.572411530909157
4e6q,4e6q_540,22.533816151559225
4e6q,4e6q_545,23.304190520411264
4e6q,4e6q_547,35.26751296510838
4e6q,4e6q_558,19.43791469566214
4e6q,4e6q_561,14.918395908929089
4e6q,4e6q_563,16.421568284537067
4e6q,4e6q_568,16.99529792482053
4e6q,4e6q_573,16.787105293136737
4e6q,4e6q_577,23.418754359642413
4e6q,4e6q_578,17.922115075756988
4e6q,4e6q_580,16.606055356377418
4e6q,4e6q_586,18.12864284333359
4e6q,4e6q_587,11.228595167110614
4e6q,4e6q_635,27.9974508229057
4e6q,4e6q_643,26.55613466190556
4e6q,4e6q_645,23.830896625940355
4e6q,4e6q_646,22.41308873778997
4e6q,4e6q_666,12.241763096557795
4e6q,4e6q_673,26.028048964840966
4e6q,4e6q_680,12.856261058651636
4e6q,4e6q_689,15.13514909571079
4e6q,4e6q_697,20.157097636177262
4e6q,4e6q_699,34.896022178969034
4e6q,4e6q_730,15.08491602864559
4e6q,4e6q_734,13.488224319700144
4e6q,4e6q_739,48.3016253242879
4e6q,4e6q_742,17.956208846678212
4e6q,4e6q_743,8.209989083269578
4e6q,4e6q_746,13.887429542452525
4e6q,4e6q_747,11.458048969434598
4e6q,4e6q_748,8.404886912909019
4e6q,4e6q_749,26.16336842396131
4e6q,4e6q_752,14.771768357981824
4e6q,4e6q_756,42.35952785117637
4e6q,4e6q_757,12.905529876391473
4e6q,4e6q_759,26.238598787358534
4e6q,4e6q_760,21.529893100006788
4e6q,4e6q_763,35.29095499909699
4e6q,4e6q_764,30.805937008119773
4e6q,4e6q_771,25.51980563759085
4e6q,4e6q_776,15.591130608122803
4e6q,4e6q_780,11.398424781399346
4e6q,4e6q_785,14.712530210859144
4e6q,4e6q_786,12.01893350353401
4e6q,4e6q_788,15.929155176372394
4e6q,4e6q_791,15.88821970487844
4e6q,4e6q_798,13.83401328497458
4e6q,4e6q_847,51.12267839293944
4e6q,4e6q_85,61.37608811528274
4e6q,4e6q_873,54.219467510755365
4e6q,4e6q_884,32.17695941813207
4e6q,4e6q_891,12.105431468935494
4e6q,4e6q_895,17.088012022666803
4e6q,4e6q_936,49.40945967068141
4ea2,4ea2_216,16.57263814236433
4ea2,4ea2_226,33.52167371399699
4ea2,4ea2_232,15.593216742783836
4ea2,4ea2_238,28.726535837927862
4ea2,4ea2_25,27.370711246866787
4ea2,4ea2_270,17.84047023388606
4ea2,4ea2_364,34.67333000004472
4ea2,4ea2_407,31.126378226053166
4ea2,4ea2_408,28.4528507948487
4ea2,4ea2_411,31.67712532390549
4ea2,4ea2_442,21.73645357731592
4ea2,4ea2_444,23.373786266707636
4ea2,4ea2_456,25.61211212803933
4ea2,4ea2_485,23.701940540856807
4ea2,4ea2_499,29.322674119789312
4ea2,4ea2_526,17.718794254864548
4ea2,4ea2_53,22.240631842991423
4ea2,4ea2_530,18.67122810851131
4ea2,4ea2_531,25.04373967368204
4ea2,4ea2_534,21.100515140477825
4ea2,4ea2_539,25.916869988469127
4ea2,4ea2_555,22.11159592387176
4ea2,4ea2_565,21.58188718853884
4ea2,4ea2_568,16.824172409005364
4ea2,4ea2_576,23.46125492873926
4ea2,4ea2_58,16.689368623138556
4ea2,4ea2_59,15.566746587593205
4ea2,4ea2_592,19.17780072421546
4ea2,4ea2_598,20.39463322749421
4ea2,4ea2_603,13.18979033818127
4ea2,4ea2_607,21.0610444386576
4ea2,4ea2_615,17.097818318519185
4ea2,4ea2_617,14.402561336086936
4ea2,4ea2_619,15.064992493287306
4ea2,4ea2_621,24.41688196555618
4ea2,4ea2_625,23.47202081762224
4ea2,4ea2_639,27.51601315687563
4ea2,4ea2_640,20.31726125072389
4ea2,4ea2_645,14.980125134454031
4ea2,4ea2_653,15.02229741083762
4ea2,4ea2_661,18.25475582283753
4ea2,4ea2_662,9.20416596685968
4ea2,4ea2_663,14.044878706331014
4ea2,4ea2_666,26.320288978285028
4ea2,4ea2_671,16.762603848868967
4ea2,4ea2_673,20.48071694417614
4ea2,4ea2_678,21.940313688726626
4ea2,4ea2_684,20.41386858258227
4ea2,4ea2_688,20.036773353395617
4ea2,4ea2_692,20.1860499935878
4ea2,4ea2_696,15.561221809680829
4ea2,4ea2_698,23.94224574527849
4ea2,4ea2_72,16.806253935966243
4ea2,4ea2_722,32.16733140225683
4ea2,4ea2_737,20.599595239864097
4ea2,4ea2_748,25.00595016550037
4ea2,4ea2_749,20.193393583775062
4ea2,4ea2_77,17.880888474013762
4ea2,4ea2_775,30.28603440393272
4ea2,4ea2_785,22.232324272109167
4ea2,4ea2_787,24.296705404866096
4ea2,4ea2_793,19.07785257501381
4ea2,4ea2_794,20.888957210652237
4ea2,4ea2_798,25.72867334963249
4ea2,4ea2_809,39.02190363800669
4ea2,4ea2_819,34.28611978301474
4ea2,4ea2_867,26.818069910807584
4ea2,4ea2_895,31.846696136756552
4ea2,4ea2_96,14.47318057856517
4ea2,4ea2_961,31.306923777607256
4ea2,4ea2_998,26.131670846634503
4eky,4eky_274,17.002686440761337
4eky,4eky_287,16.25627876860953
4eky,4eky_32,33.42519442746937
4eky,4eky_38,34.304146230718935
4eky,4eky_407,32.67935670192855
4eky,4eky_416,18.166444941612696
4eky,4eky_419,28.844502770265912
4eky,4eky_424,12.936372244156765
4eky,4eky_425,26.09014239983462
4eky,4eky_430,33.202149363796856
4eky,4eky_433,27.219814597782037
4eky,4eky_438,16.97515685889749
4eky,4eky_443,16.375389591792022
4eky,4eky_448,11.459019774393242
4eky,4eky_461,13.678757114052306
4eky,4eky_475,22.784669737561902
4eky,4eky_478,17.218549218036603
4eky,4eky_485,28.371149955692573
4eky,4eky_495,25.70520480013365
4eky,4eky_496,22.26809412882607
4eky,4eky_534,14.897545987523992
4eky,4eky_538,15.443399587838735
4eky,4eky_546,18.93935905030865
4eky,4eky_565,23.144499191520765
4eky,4eky_568,13.27508629417694
4eky,4eky_582,19.480329101606124
4eky,4eky_599,13.91408004578471
4eky,4eky_609,12.46665211287243
4eky,4eky_619,11.58943965436652
4eky,4eky_636,13.101746541632163
4eky,4eky_638,14.469927301257831
4eky,4eky_639,13.123538527612244
4eky,4eky_640,12.862141994635316
4eky,4eky_641,15.756119119530902
4eky,4eky_647,10.900115821707434
4eky,4eky_649,14.19192305823698
4eky,4eky_651,13.45326406628856
4eky,4eky_659,13.1918025863695
4eky,4eky_668,11.880728108405169
4eky,4eky_673,15.25583081818113
4eky,4eky_678,13.175083681863304
4eky,4eky_680,16.490562617604567
4eky,4eky_693,14.335505144384198
4eky,4eky_699,13.679812656210858
4eky,4eky_700,20.21636560021538
4eky,4eky_720,19.308963728911404
4eky,4eky_725,34.612952834878705
4eky,4eky_727,16.55290249767158
4eky,4eky_730,29.941759152294747
4eky,4eky_741,18.01711487318512
4eky,4eky_742,22.893247321414535
4eky,4eky_755,33.54849935658367
4eky,4eky_759,21.55552670918015
4eky,4eky_763,29.87214285524639
4eky,4eky_767,25.537934554037776
4eky,4eky_768,18.731922961825227
4eky,4eky_770,14.052716889066575
4eky,4eky_771,19.43367211608737
4eky,4eky_772,11.971635275080226
4eky,4eky_773,20.780135537905128
4eky,4eky_774,15.069833230175368
4eky,4eky_776,11.903891554694573
4eky,4eky_777,21.688408327146117
4eky,4eky_778,13.02884440664975
4eky,4eky_779,13.388965489610712
4eky,4eky_830,19.436254378869904
4eky,4eky_842,21.906238697006604
4eky,4eky_848,30.047199492026465
4eky,4eky_856,23.992791383279183
4eky,4eky_875,33.93626560224447
4eky,4eky_876,28.16608676945629
4eky,4eky_883,32.726491685914326
4eky,4eky_899,34.92778648761362
4eky,4eky_908,35.1453093125811
4eky,4eky_941,34.731469792264825
4eky,4eky_969,36.1176717643199
4eky,4eky_972,31.50585469836065
4eo8,4eo8_12,54.4423804790591
4eo8,4eo8_14,34.12149200733445
4eo8,4eo8_148,45.09834497557855
4eo8,4eo8_15,34.54566044074114
4eo8,4eo8_206,48.966861049415854
4eo8,4eo8_283,47.21238837788009
4eo8,4eo8_30,51.763881075726985
4eo8,4eo8_318,50.80438038566996
4eo8,4eo8_319,21.69770575734154
4eo8,4eo8_40,48.38002243246076
4eo8,4eo8_403,23.85935271426135
4eo8,4eo8_404,26.95543810119628
4eo8,4eo8_409,27.99204600868803
4eo8,4eo8_414,22.6871467192314
4eo8,4eo8_425,37.244869795052
4eo8,4eo8_429,30.67959165219573
4eo8,4eo8_438,23.59959271284624
4eo8,4eo8_441,17.344049422668004
4eo8,4eo8_450,15.24420736497497
4eo8,4eo8_454,26.780810404028376
4eo8,4eo8_457,21.36391042164998
4eo8,4eo8_462,17.881753002665437
4eo8,4eo8_467,23.01699400170232
4eo8,4eo8_47,28.729311432615344
4eo8,4eo8_473,23.159529038505347
4eo8,4eo8_480,12.507423608331392
4eo8,4eo8_483,25.126162970302595
4eo8,4eo8_486,16.753738304662544
4eo8,4eo8_488,15.248569914139544
4eo8,4eo8_515,24.056388035467407
4eo8,4eo8_518,13.663640666442095
4eo8,4eo8_523,22.847167753607028
4eo8,4eo8_524,25.03708606587419
4eo8,4eo8_533,16.385706829524565
4eo8,4eo8_536,27.695192260058224
4eo8,4eo8_552,26.335771370464723
4eo8,4eo8_557,14.21286743775608
4eo8,4eo8_564,11.467355319510686
4eo8,4eo8_567,32.63050906436102
4eo8,4eo8_569,20.962765322338925
4eo8,4eo8_572,15.736493162182915
4eo8,4eo8_578,17.164925369562194
4eo8,4eo8_579,14.151644134095474
4eo8,4eo8_580,23.717502603200355
4eo8,4eo8_584,24.450489333306272
4eo8,4eo8_592,16.2785620359905
4eo8,4eo8_595,21.1176490981934
4eo8,4eo8_597,14.522453541730275
4eo8,4eo8_598,30.35491590007932
4eo8,4eo8_602,14.373704925947967
4eo8,4eo8_611,8.626584464707772
4eo8,4eo8_619,12.621187067717356
4eo8,4eo8_622,10.892160560298796
4eo8,4eo8_63,43.68602280598341
4eo8,4eo8_638,15.358570629708522
4eo8,4eo8_642,9.29298068170053
4eo8,4eo8_654,12.37889475583802
4eo8,4eo8_670,8.324376913044485
4eo8,4eo8_673,8.93841245897827
4eo8,4eo8_690,16.056465360326214
4eo8,4eo8_692,8.968084983154398
4eo8,4eo8_695,10.77735770099166
4eo8,4eo8_698,17.283060495630554
4eo8,4eo8_7,28.248362681053337
4eo8,4eo8_744,34.741657249123364
4eo8,4eo8_748,39.37235046583008
4eo8,4eo8_753,18.87577316450404
4eo8,4eo8_756,8.37893255910752
4eo8,4eo8_762,7.593545267769205
4eo8,4eo8_766,21.10654238005856
4eo8,4eo8_773,15.50064960517993
4eo8,4eo8_781,13.966408487519084
4eo8,4eo8_782,20.112632094155387
4eo8,4eo8_783,10.514175331560374
4eo8,4eo8_864,37.44972797361194
4eo8,4eo8_880,29.277185102676142
4eo8,4eo8_883,25.77519857239572
4eo8,4eo8_886,16.915658161063842
4eo8,4eo8_9,15.81678405958635
4eo8,4eo8_91,40.22148404257521
4eor,4eor_121,56.357345087214014
4eor,4eor_145,20.59675938958668
4eor,4eor_155,23.52795720150365
4eor,4eor_257,52.78654443597331
4eor,4eor_267,21.79270044429971
4eor,4eor_309,16.468158965834736
4eor,4eor_31,44.16354520844363
4eor,4eor_346,29.82709667540196
4eor,4eor_361,49.874278871356026
4eor,4eor_403,25.276120246489523
4eor,4eor_408,29.00276457864643
4eor,4eor_414,23.29000842813016
4eor,4eor_424,19.161744933343645
4eor,4eor_425,22.606378288916478
4eor,4eor_427,24.355150123748853
4eor,4eor_430,14.323184351339869
4eor,4eor_431,26.1634721347645
4eor,4eor_446,28.49620743820944
4eor,4eor_448,22.387651855728752
4eor,4eor_450,24.683781292205804
4eor,4eor_455,27.012851543863743
4eor,4eor_465,12.982918153329368
4eor,4eor_474,24.57676403602109
4eor,4eor_479,12.818505550926028
4eor,4eor_480,21.116923854191477
4eor,4eor_483,32.49100741182807
4eor,4eor_485,12.451837231035876
4eor,4eor_494,18.848806964788523
4eor,4eor_501,53.03983008750304
4eor,4eor_506,49.7606372225145
4eor,4eor_511,34.363259182849475
4eor,4eor_513,11.57285091664194
4eor,4eor_519,19.550422943709982
4eor,4eor_523,10.383379497765567
4eor,4eor_524,9.657651516651033
4eor,4eor_530,30.424034385249083
4eor,4eor_536,19.664085931087232
4eor,4eor_539,16.91188746606484
4eor,4eor_541,16.569355361745558
4eor,4eor_544,24.56453510851376
4eor,4eor_548,17.519414779215843
4eor,4eor_552,17.151999446315752
4eor,4eor_557,27.938793481140863
4eor,4eor_558,27.0067542143937
4eor,4eor_559,21.671339400315112
4eor,4eor_562,12.065469460900626
4eor,4eor_565,41.037485469095046
4eor,4eor_568,26.523762601610606
4eor,4eor_577,24.11894352883061
4eor,4eor_584,29.184574132790637
4eor,4eor_585,15.807198720054831
4eor,4eor_588,16.649513923890133
4eor,4eor_592,26.11697702796361
4eor,4eor_595,11.976761480769175
4eor,4eor_604,38.07645892944649
4eor,4eor_612,18.207169114482163
4eor,4eor_620,11.956030879098575
4eor,4eor_643,18.09208389793562
4eor,4eor_649,20.244966889966214
4eor,4eor_650,15.628125265625116
4eor,4eor_652,20.71384155706578
4eor,4eor_659,18.23976002577599
4eor,4eor_666,21.989163482736583
4eor,4eor_672,13.82010861163893
4eor,4eor_674,17.25780241576674
4eor,4eor_677,9.989019047393857
4eor,4eor_682,13.99942668272613
4eor,4eor_687,18.36798301279399
4eor,4eor_69,41.76180392181161
4eor,4eor_690,11.676317409059962
4eor,4eor_697,13.221025593786996
4eor,4eor_701,56.9667591103435
4eor,4eor_712,49.42342275312005
4eor,4eor_718,56.23711713854778
4eor,4eor_72,27.67103264123981
4eor,4eor_736,53.8603296979221
4eor,4eor_744,48.22078424363239
4eor,4eor_745,19.63011613170707
4eor,4eor_746,16.04312828217116
4eor,4eor_749,14.256967753480222
4eor,4eor_757,9.664122873268084
4eor,4eor_760,8.578720885867002
4eor,4eor_763,9.690442098042151
4eor,4eor_764,11.461254308305843
4eor,4eor_769,21.346597426545607
4eor,4eor_773,22.83083993707937
4eor,4eor_790,54.051059813113966
4eor,4eor_850,56.06644792004352
4eor,4eor_860,54.25156094269367
4eor,4eor_911,53.92309010022479
4f09,4f09_182,59.62697682180801
4f09,4f09_270,67.6032275767067
4f09,4f09_407,44.048169677681415
4f09,4f09_408,40.26351933130098
4f09,4f09_421,49.87941378483423
4f09,4f09_424,29.168333447738156
4f09,4f09_439,18.991106984950203
4f09,4f09_450,37.95431691583534
4f09,4f09_456,19.52970547368743
4f09,4f09_457,23.054576609693967
4f09,4f09_472,10.54084124344271
4f09,4f09_489,20.78253339811025
4f09,4f09_522,6.439977827894578
4f09,4f09_529,5.569908908858498
4f09,4f09_534,7.405058908243775
4f09,4f09_538,9.0013203145626
4f09,4f09_539,8.558715068328155
4f09,4f09_546,5.979366402898358
4f09,4f09_550,6.164036698748707
4f09,4f09_551,8.784304156254889
4f09,4f09_552,6.029768921638667
4f09,4f09_557,18.86754720350599
4f09,4f09_564,36.68365379953708
4f09,4f09_572,12.45430304679916
4f09,4f09_576,6.381435920022169
4f09,4f09_584,6.785537431605916
4f09,4f09_586,23.321437899249712
4f09,4f09_595,28.71872672061317
4f09,4f09_597,5.538552364198008
4f09,4f09_600,6.8699120145010095
4f09,4f09_605,27.103259626724
4f09,4f09_611,7.777700777432922
4f09,4f09_621,35.709689742051886
4f09,4f09_623,33.05496759715807
4f09,4f09_631,36.69960920724946
4f09,4f09_633,14.478290455163773
4f09,4f09_654,24.74513092805504
4f09,4f09_655,23.236987012577007
4f09,4f09_671,7.502417576936265
4f09,4f09_683,22.784412743068167
4f09,4f09_690,10.006716272801738
4f09,4f09_704,62.59831268116798
4f09,4f09_707,64.64335284772831
4f09,4f09_709,51.99308389977055
4f09,4f09_711,19.89631300296537
4f09,4f09_717,27.235167325580832
4f09,4f09_718,25.325403144212046
4f09,4f09_721,15.481466660249142
4f09,4f09_723,19.70450357993535
4f09,4f09_730,18.030081454220145
4f09,4f09_734,12.872260313757586
4f09,4f09_743,8.429411931230185
4f09,4f09_745,7.118244846522603
4f09,4f09_746,28.925300151934277
4f09,4f09_753,11.66046699574492
4f09,4f09_754,9.29911540037843
4f09,4f09_755,13.876979259679862
4f09,4f09_756,8.039291710153185
4f09,4f09_757,9.932190777178738
4f09,4f09_760,7.474511573881477
4f09,4f09_762,12.082429182122011
4f09,4f09_763,7.590869724983229
4f09,4f09_767,8.062933473574216
4f09,4f09_769,6.757322226450956
4f09,4f09_771,5.245000651183104
4f09,4f09_773,12.147190331723255
4f09,4f09_774,8.821468237181868
4f09,4f09_812,22.586604558661318
4f09,4f09_832,10.95126003958208
4f09,4f09_844,17.09277626400764
4f09,4f09_846,9.241433255039052
4f09,4f09_848,7.374817267530993
4f09,4f09_863,12.236396505025152
4f09,4f09_866,9.668092529012704
4f09,4f09_871,10.379481184185495
4f09,4f09_874,29.089343806236027
4f09,4f09_875,17.00138524107826
4f09,4f09_893,63.127979297312194
4f09,4f09_899,62.955980019572976
4f09,4f09_903,65.88257876643647
4f09,4f09_91,51.08696455656759
4f09,4f09_919,66.52222693472791
4f09,4f09_944,21.749844636136626
4f09,4f09_954,18.243558024228182
4f09,4f09_965,22.358694446711805
4f09,4f09_967,25.317998428612302
4f09,4f09_975,31.47080602118374
4f2w,4f2w_101,18.313624121081904
4f2w,4f2w_105,90.4687205278678
4f2w,4f2w_121,12.361171450464225
4f2w,4f2w_122,17.862109741514846
4f2w,4f2w_124,53.038736970946125
4f2w,4f2w_136,12.72966327240998
4f2w,4f2w_142,77.25745728953171
4f2w,4f2w_144,14.56961294191905
4f2w,4f2w_147,13.230881959147128
4f2w,4f2w_151,15.223972047151548
4f2w,4f2w_154,13.537532046806763
4f2w,4f2w_155,16.59300701190906
4f2w,4f2w_163,14.889027489512452
4f2w,4f2w_187,13.827666245988585
4f2w,4f2w_198,12.58723063934744
4f2w,4f2w_264,80.80248928909137
4f2w,4f2w_360,71.12477097025497
4f2w,4f2w_407,14.281759537623431
4f2w,4f2w_420,45.78641072632988
4f2w,4f2w_428,14.921286206731562
4f2w,4f2w_431,38.53848680871584
4f2w,4f2w_435,14.631860472365876
4f2w,4f2w_436,71.14402385109088
4f2w,4f2w_437,17.289791378642946
4f2w,4f2w_439,22.46900781729981
4f2w,4f2w_442,68.01208634297386
4f2w,4f2w_45,13.85829988104471
4f2w,4f2w_454,59.02468782362072
4f2w,4f2w_465,18.06265880253803
4f2w,4f2w_467,14.354632739227846
4f2w,4f2w_468,57.98196724520121
4f2w,4f2w_473,38.7451792512348
4f2w,4f2w_474,25.01068649110287
4f2w,4f2w_476,54.049993040713176
4f2w,4f2w_480,39.44837707663511
4f2w,4f2w_482,22.31473216523703
4f2w,4f2w_484,45.23524563246775
4f2w,4f2w_486,20.39389012992339
4f2w,4f2w_519,13.07316454266263
4f2w,4f2w_521,15.553766161073524
4f2w,4f2w_523,16.502469304142192
4f2w,4f2w_542,19.4034893114608
4f2w,4f2w_543,14.121985324314672
4f2w,4f2w_552,13.075444113229189
4f2w,4f2w_559,25.594198828854545
4f2w,4f2w_562,15.09383094142058
4f2w,4f2w_567,14.460982064954454
4f2w,4f2w_571,20.04133344954991
4f2w,4f2w_581,14.552423716285396
4f2w,4f2w_582,18.36830756677152
4f2w,4f2w_585,16.117469097177462
4f2w,4f2w_586,28.41073880826039
4f2w,4f2w_589,48.11858515717837
4f2w,4f2w_597,26.4341623567402
4f2w,4f2w_608,14.892471267692745
4f2w,4f2w_620,29.27974033051149
4f2w,4f2w_631,38.68678736808579
4f2w,4f2w_638,19.53940409862568
4f2w,4f2w_657,17.687733455698464
4f2w,4f2w_658,28.593088554026128
4f2w,4f2w_66,5.552522521916054
4f2w,4f2w_664,30.5312925504215
4f2w,4f2w_665,12.894778019911774
4f2w,4f2w_671,37.64648889916621
4f2w,4f2w_687,13.10485333000779
4f2w,4f2w_725,85.73436888242853
4f2w,4f2w_749,63.64184389257712
4f2w,4f2w_770,52.18224671053387
4f2w,4f2w_796,84.3669481075658
4f2w,4f2w_825,87.86985851670002
4f2w,4f2w_901,85.24352875643336
4f2w,4f2w_907,93.53438706776744
4f2w,4f2w_917,90.92485975415164
4f2w,4f2w_922,77.51062405591142
4f2w,4f2w_979,89.16083680267432
4f3c,4f3c_101,15.55307008179907
4f3c,4f3c_104,17.310857677125462
4f3c,4f3c_140,21.408320266124505
4f3c,4f3c_150,11.98784977855932
4f3c,4f3c_178,23.55178459626769
4f3c,4f3c_190,12.537470799901325
4f3c,4f3c_21,51.33128445931551
4f3c,4f3c_251,88.67974921709646
4f3c,4f3c_28,16.773098720505082
4f3c,4f3c_301,15.8203606721214
4f3c,4f3c_308,16.210648868742652
4f3c,4f3c_323,62.40721334049248
4f3c,4f3c_362,98.1765096671884
4f3c,4f3c_363,61.33662141680493
4f3c,4f3c_382,95.71905694400104
4f3c,4f3c_390,17.124869025469295
4f3c,4f3c_394,19.01271473926375
4f3c,4f3c_400,15.379950184061906
4f3c,4f3c_403,64.34380784586655
4f3c,4f3c_404,65.57708308657429
4f3c,4f3c_409,44.883137534686135
4f3c,4f3c_420,26.923368153601448
4f3c,4f3c_429,27.88568547193924
4f3c,4f3c_430,31.21190561180076
4f3c,4f3c_434,46.78163783369424
4f3c,4f3c_445,39.45766854885076
4f3c,4f3c_447,48.43389947118654
4f3c,4f3c_450,25.854502965842315
4f3c,4f3c_451,41.800091894713
4f3c,4f3c_452,42.39860274898956
4f3c,4f3c_458,59.804371326962176
4f3c,4f3c_463,39.03508565168374
4f3c,4f3c_465,16.409833502014095
4f3c,4f3c_470,24.82590151772012
4f3c,4f3c_472,49.86378217577564
4f3c,4f3c_474,39.44513920243897
4f3c,4f3c_479,39.66820240771391
4f3c,4f3c_480,54.33840893241295
4f3c,4f3c_481,42.86316319497023
4f3c,4f3c_490,27.68814080502411
4f3c,4f3c_496,25.291240724011747
4f3c,4f3c_497,24.119877709793133
4f3c,4f3c_507,17.936459060582173
4f3c,4f3c_513,11.175887725596622
4f3c,4f3c_514,7.920322482565664
4f3c,4f3c_516,16.053860110290852
4f3c,4f3c_523,23.93425543520853
4f3c,4f3c_524,15.2102784027361
4f3c,4f3c_525,13.849677030970804
4f3c,4f3c_530,14.1480452119148
4f3c,4f3c_538,10.450208640573011
4f3c,4f3c_54,18.135043864236067
4f3c,4f3c_542,13.57425951611098
4f3c,4f3c_544,13.863484244126225
4f3c,4f3c_545,19.32512906595809
4f3c,4f3c_553,18.725925230181986
4f3c,4f3c_556,15.109542386386837
4f3c,4f3c_558,12.940672766089625
4f3c,4f3c_559,15.535624110707182
4f3c,4f3c_561,21.329241239088685
4f3c,4f3c_563,15.816137461857824
4f3c,4f3c_568,18.916363938875453
4f3c,4f3c_569,12.592823144586736
4f3c,4f3c_57,14.223758196319668
4f3c,4f3c_573,11.791916161379184
4f3c,4f3c_577,9.033010251506932
4f3c,4f3c_585,9.18484229852054
4f3c,4f3c_587,7.575487400903107
4f3c,4f3c_592,14.32130763019596
4f3c,4f3c_595,18.29713299987572
4f3c,4f3c_6,15.789876374559343
4f3c,4f3c_600,18.96488060485832
4f3c,4f3c_61,96.41193046472672
4f3c,4f3c_612,42.36466911672861
4f3c,4f3c_642,11.4774817804728
4f3c,4f3c_643,15.613035795756462
4f3c,4f3c_646,42.513653388324734
4f3c,4f3c_667,18.134289964718963
4f3c,4f3c_680,12.99643662386943
4f3c,4f3c_682,17.20850699401118
4f3c,4f3c_685,21.05465357516232
4f3c,4f3c_687,28.0719075890437
4f3c,4f3c_688,20.062276922595903
4f3c,4f3c_689,12.842152872915618
4f3c,4f3c_693,21.104091559103004
4f3c,4f3c_696,33.1298561129918
4f3c,4f3c_72,20.22579911339942
4f3c,4f3c_744,96.22871209795782
4f3c,4f3c_755,98.4492397936566
4f3c,4f3c_773,98.29242250627752
4f3c,4f3c_833,95.88696457770403
4f3c,4f3c_871,94.44419256233762
4f3c,4f3c_885,96.54969096902286
4f3c,4f3c_926,94.6325439675606
4f9w,4f9w_10,56.29390220886344
4f9w,4f9w_113,55.526198647112444
4f9w,4f9w_169,44.58958251702999
4f9w,4f9w_194,54.13081945321768
4f9w,4f9w_25,51.78088642275087
4f9w,4f9w_283,56.08297393206884
4f9w,4f9w_36,53.1444648326253
4f9w,4f9w_366,44.73823590837808
4f9w,4f9w_396,50.68587225205169
4f9w,4f9w_401,38.53832833048492
4f9w,4f9w_405,37.32616587997537
4f9w,4f9w_406,38.4485844108946
4f9w,4f9w_407,44.99219439258757
4f9w,4f9w_408,40.97263792675978
4f9w,4f9w_419,38.46099497418599
4f9w,4f9w_421,22.932542450879836
4f9w,4f9w_435,39.75109734042591
4f9w,4f9w_442,29.94970501351576
4f9w,4f9w_445,34.91976776263923
4f9w,4f9w_452,27.75652751709172
4f9w,4f9w_456,40.07182583733714
4f9w,4f9w_463,32.36272417038147
4f9w,4f9w_466,31.71586196315797
4f9w,4f9w_469,31.061921262875384
4f9w,4f9w_476,31.43423014370143
4f9w,4f9w_479,26.05635332724717
4f9w,4f9w_480,22.51746454202725
4f9w,4f9w_485,35.83037309082361
4f9w,4f9w_487,33.58494287195878
4f9w,4f9w_489,16.440821110427095
4f9w,4f9w_505,28.00558998346418
4f9w,4f9w_518,20.633484894862555
4f9w,4f9w_523,32.44656167839121
4f9w,4f9w_524,19.22154301132708
4f9w,4f9w_526,19.165435232291376
4f9w,4f9w_527,17.886986397033905
4f9w,4f9w_529,21.92247502518422
4f9w,4f9w_530,31.638059654757665
4f9w,4f9w_565,29.214588894226303
4f9w,4f9w_571,23.427939799927078
4f9w,4f9w_572,14.462836052958677
4f9w,4f9w_573,18.97282303491995
4f9w,4f9w_580,19.01535891898237
4f9w,4f9w_581,16.311641756368736
4f9w,4f9w_583,18.000062679643563
4f9w,4f9w_588,21.4044492143037
4f9w,4f9w_592,20.338872971635983
4f9w,4f9w_599,16.938499906113048
4f9w,4f9w_609,33.039160362686246
4f9w,4f9w_621,24.1987975537832
4f9w,4f9w_630,29.627722231091173
4f9w,4f9w_637,24.03071542283421
4f9w,4f9w_653,22.16359917246953
4f9w,4f9w_661,31.90060817510624
4f9w,4f9w_664,37.819523434358665
4f9w,4f9w_671,25.27704165307629
4f9w,4f9w_673,21.518770910673656
4f9w,4f9w_674,16.78735545056993
4f9w,4f9w_684,14.945461591119589
4f9w,4f9w_685,14.113221467404816
4f9w,4f9w_687,37.86043904644944
4f9w,4f9w_695,32.063764686353544
4f9w,4f9w_732,36.47947651268487
4f9w,4f9w_737,18.124915863027685
4f9w,4f9w_782,14.30883714727802
4f9w,4f9w_783,14.933022180697415
4f9w,4f9w_784,21.80697570908592
4f9w,4f9w_787,20.450545870776224
4f9w,4f9w_788,21.13310088988544
4f9w,4f9w_798,12.12277603700755
4f9w,4f9w_86,52.172319986373
4f9w,4f9w_899,17.454139314475004
4f9w,4f9w_92,22.95855481765684
4f9w,4f9w_96,53.64844221723676
4f9w,4f9w_996,27.551141106246604
4gfm,4gfm_183,16.75009434453795
4gfm,4gfm_214,39.55115483705727
4gfm,4gfm_219,38.07894552310169
4gfm,4gfm_225,39.74006378550688
4gfm,4gfm_249,39.42646731811326
4gfm,4gfm_251,37.82895142326232
4gfm,4gfm_271,19.97663318613544
4gfm,4gfm_286,37.172666518277126
4gfm,4gfm_291,37.58913029475232
4gfm,4gfm_373,22.42625667502973
4gfm,4gfm_408,38.079705924829206
4gfm,4gfm_415,36.281778497836136
4gfm,4gfm_425,29.73692038638716
4gfm,4gfm_428,25.58469638563691
4gfm,4gfm_433,34.75952571628407
4gfm,4gfm_450,18.994777649882515
4gfm,4gfm_456,32.581267981685976
4gfm,4gfm_466,30.34873541388097
4gfm,4gfm_467,15.302865176101722
4gfm,4gfm_469,24.844346124385872
4gfm,4gfm_477,26.439949108375533
4gfm,4gfm_487,16.955582920874782
4gfm,4gfm_488,24.277541820153637
4gfm,4gfm_49,33.032172229320935
4gfm,4gfm_496,21.87587761797465
4gfm,4gfm_506,20.29606817383221
4gfm,4gfm_508,18.380667069198974
4gfm,4gfm_528,34.739090330637346
4gfm,4gfm_553,18.87202695954465
4gfm,4gfm_558,9.490591786237587
4gfm,4gfm_565,17.03057542471353
4gfm,4gfm_568,10.831719762232328
4gfm,4gfm_576,20.53332382317358
4gfm,4gfm_578,30.423375104879614
4gfm,4gfm_585,34.20483153489812
4gfm,4gfm_595,10.569594698913848
4gfm,4gfm_600,24.11446594287626
4gfm,4gfm_604,36.17450964710557
4gfm,4gfm_61,38.05389486682272
4gfm,4gfm_614,29.553524878325323
4gfm,4gfm_623,16.155407662367857
4gfm,4gfm_624,20.750387051530627
4gfm,4gfm_649,19.517426495181063
4gfm,4gfm_654,17.759963438217593
4gfm,4gfm_665,19.05744813179675
4gfm,4gfm_668,25.371530438626564
4gfm,4gfm_681,16.908018628284687
4gfm,4gfm_685,22.906208946807983
4gfm,4gfm_719,35.198950435042
4gfm,4gfm_729,20.222470050784192
4gfm,4gfm_734,14.898935291821292
4gfm,4gfm_735,30.224777887056323
4gfm,4gfm_744,9.17793363147063
4gfm,4gfm_745,9.20361017821264
4gfm,4gfm_749,9.608489194433904
4gfm,4gfm_751,14.5610583286873
4gfm,4gfm_755,12.39140451836687
4gfm,4gfm_763,19.160099822711967
4gfm,4gfm_768,21.69820280829817
4gfm,4gfm_769,13.127754177266048
4gfm,4gfm_774,11.750551305694914
4gfm,4gfm_779,17.45172447304076
4gfm,4gfm_780,13.942514078936489
4gfm,4gfm_782,16.354372211893413
4gfm,4gfm_785,13.045560401235676
4gfm,4gfm_788,11.337839991132387
4gfm,4gfm_789,16.538538624822685
4gfm,4gfm_793,10.08606242026682
4gfm,4gfm_824,17.68161506793965
4gfm,4gfm_827,30.121194583069016
4gfm,4gfm_832,22.30250233151939
4gfm,4gfm_836,7.491793317410706
4gfm,4gfm_842,19.57993046186765
4gfm,4gfm_857,18.364034709215403
4gfm,4gfm_859,8.381341437993337
4gfm,4gfm_875,13.836150773292164
4gfm,4gfm_876,13.861553565925368
4gfm,4gfm_879,13.83232014731327
4gfm,4gfm_890,14.557956374052916
4gfm,4gfm_913,38.75911693993436
4gfm,4gfm_926,37.60762452239486
4gfm,4gfm_992,39.10388591695138
4gfm,4gfm_994,24.997482755193023
4gid,4gid_132,13.639338523249885
4gid,4gid_134,36.00676105741338
4gid,4gid_197,64.75500543599912
4gid,4gid_201,72.59505816353285
4gid,4gid_204,60.03371242253045
4gid,4gid_205,65.94460389328094
4gid,4gid_217,35.77173644938639
4gid,4gid_229,30.008405898475207
4gid,4gid_230,60.369631769552775
4gid,4gid_232,24.443622789554578
4gid,4gid_235,39.76068003642168
4gid,4gid_237,28.438910161625408
4gid,4gid_242,35.992647438049026
4gid,4gid_245,63.32129830369744
4gid,4gid_246,56.8778529639856
4gid,4gid_257,66.38970495419362
4gid,4gid_259,62.7645245070115
4gid,4gid_269,66.20410207624954
4gid,4gid_270,31.969221884401207
4gid,4gid_276,36.13661299047404
4gid,4gid_277,35.366609022247985
4gid,4gid_282,55.59187993567685
4gid,4gid_285,62.87274026924131
4gid,4gid_290,32.35642446981889
4gid,4gid_291,70.82938196864681
4gid,4gid_298,66.76642573553077
4gid,4gid_301,21.89784312397061
4gid,4gid_311,19.01167743642443
4gid,4gid_315,16.215913144809164
4gid,4gid_324,25.92156452467934
4gid,4gid_336,68.78802707775714
4gid,4gid_368,15.720305684004892
4gid,4gid_372,11.684609873133056
4gid,4gid_39,30.41028906151608
4gid,4gid_393,16.289146853282297
4gid,4gid_402,37.33257778251047
4gid,4gid_405,38.25736692915796
4gid,4gid_408,48.183610015236326
4gid,4gid_412,44.8079557888032
4gid,4gid_416,25.04766864448327
4gid,4gid_421,39.27204365795532
4gid,4gid_428,37.6429335057193
4gid,4gid_429,32.60250415134143
4gid,4gid_433,36.13718561267057
4gid,4gid_435,30.9654392692539
4gid,4gid_449,48.61530536428124
4gid,4gid_453,41.35467304990164
4gid,4gid_462,38.61796140214043
4gid,4gid_475,36.369774442282434
4gid,4gid_479,34.42220558788015
4gid,4gid_481,33.133918053365335
4gid,4gid_482,34.9645993260831
4gid,4gid_483,43.14497609662331
4gid,4gid_486,42.725175997881536
4gid,4gid_506,20.893758528204906
4gid,4gid_507,26.35437377723218
4gid,4gid_509,22.466195009962245
4gid,4gid_54,24.783548984075207
4gid,4gid_577,20.474311140397383
4gid,4gid_580,27.77461598021048
4gid,4gid_596,18.553677690218045
4gid,4gid_625,14.540094761114622
4gid,4gid_629,22.150822444513203
4gid,4gid_630,19.16500355373073
4gid,4gid_666,30.96422458819533
4gid,4gid_699,27.51634107564616
4gid,4gid_700,20.98896033249694
4gid,4gid_713,44.73340413437048
4gid,4gid_718,29.91685942863209
4gid,4gid_725,37.6931452638527
4gid,4gid_732,43.72949240139504
4gid,4gid_735,38.28680436479971
4gid,4gid_739,26.30096439161487
4gid,4gid_744,36.62955356871674
4gid,4gid_752,20.43165171574669
4gid,4gid_766,53.88906221315139
4gid,4gid_770,39.91048170160845
4gid,4gid_78,12.871669355499789
4gid,4gid_789,66.88730838416038
4gid,4gid_791,66.93397297490533
4gid,4gid_792,59.6338744443212
4gid,4gid_796,50.72365041287456
4gid,4gid_804,60.953364294930864
4gid,4gid_809,56.986450023161424
4gid,4gid_811,53.876374309698505
4gid,4gid_815,44.697379159148994
4gid,4gid_833,60.56112627797151
4gid,4gid_860,53.118418563443846
4gid,4gid_861,32.237673512830376
4gid,4gid_874,45.95461743733521
4gid,4gid_880,46.24608527493543
4gid,4gid_897,53.90154128972004
4gid,4gid_937,41.17233459133491
4gid,4gid_941,46.35787827254748
4gid,4gid_943,32.1199594927669
4gid,4gid_944,30.6131658293528
4gid,4gid_946,27.289991930502666
4gid,4gid_948,27.22407733452121
4gid,4gid_951,34.655668946794286
4gid,4gid_959,27.827590198658605
4gkm,4gkm_111,32.104175269359644
4gkm,4gkm_123,29.57153848142336
4gkm,4gkm_133,24.260800624672303
4gkm,4gkm_137,21.26941828670539
4gkm,4gkm_158,29.05700420867166
4gkm,4gkm_166,32.46523388277542
4gkm,4gkm_180,32.993018619875535
4gkm,4gkm_189,31.7490082167049
4gkm,4gkm_2,29.1847601209651
4gkm,4gkm_220,26.697251177029
4gkm,4gkm_25,18.2520681095589
4gkm,4gkm_265,21.028238749762533
4gkm,4gkm_280,20.19010285536554
4gkm,4gkm_301,29.1324700410632
4gkm,4gkm_302,23.99299943803668
4gkm,4gkm_338,26.890538172470382
4gkm,4gkm_346,16.450287821008615
4gkm,4gkm_348,34.89842435089822
4gkm,4gkm_349,9.38227472549594
4gkm,4gkm_358,30.659615274406583
4gkm,4gkm_363,21.881465725586228
4gkm,4gkm_374,25.359605364496907
4gkm,4gkm_375,33.76434359894493
4gkm,4gkm_425,20.11886929525407
4gkm,4gkm_438,14.895471662664493
4gkm,4gkm_45,31.407740653730496
4gkm,4gkm_472,15.090703550012057
4gkm,4gkm_480,24.937496860132875
4gkm,4gkm_510,28.32582609469179
4gkm,4gkm_515,19.49288862121893
4gkm,4gkm_526,17.083424716758902
4gkm,4gkm_528,23.12184680500386
4gkm,4gkm_551,22.975492824124903
4gkm,4gkm_564,22.489834429178256
4gkm,4gkm_566,22.580794713820275
4gkm,4gkm_569,11.989071276164328
4gkm,4gkm_574,13.619413487482657
4gkm,4gkm_579,21.14981786940764
4gkm,4gkm_584,21.93189721480888
4gkm,4gkm_585,23.637182626980515
4gkm,4gkm_611,21.567486289674644
4gkm,4gkm_614,14.248183200064474
4gkm,4gkm_618,24.86043569740129
4gkm,4gkm_625,20.135182586560678
4gkm,4gkm_626,16.8130352150127
4gkm,4gkm_628,19.257693898137976
4gkm,4gkm_629,27.842252491406125
4gkm,4gkm_657,20.00755199060398
4gkm,4gkm_658,18.049366976542068
4gkm,4gkm_665,16.71338892777239
4gkm,4gkm_668,21.536419974128705
4gkm,4gkm_671,21.794322692268203
4gkm,4gkm_675,11.532792143452795
4gkm,4gkm_676,14.916943410563418
4gkm,4gkm_678,16.31194274153426
4gkm,4gkm_68,18.438214924214225
4gkm,4gkm_688,25.29745183603681
4gkm,4gkm_69,19.640120673915007
4gkm,4gkm_692,11.552873925854744
4gkm,4gkm_694,13.903834915683206
4gkm,4gkm_696,15.142967126144542
4gkm,4gkm_698,14.642125318515763
4gkm,4gkm_731,16.89396674626664
4gkm,4gkm_769,19.28984965375688
4gkm,4gkm_77,18.55208988219561
4gkm,4gkm_770,11.91735346433239
4gkm,4gkm_778,12.361567412989462
4gkm,4gkm_779,15.047917236676966
4gkm,4gkm_795,30.431038974445627
4gkm,4gkm_798,16.949907019622103
4gkm,4gkm_80,29.71770633067808
4gkm,4gkm_813,26.91483656149666
4gkm,4gkm_87,25.7018937056142
4gkm,4gkm_90,19.34985510526667
4gr0,4gr0_107,79.00672379624412
4gr0,4gr0_113,51.6392181996748
4gr0,4gr0_119,23.44150881103259
4gr0,4gr0_120,55.88043745458944
4gr0,4gr0_13,73.48770693920666
4gr0,4gr0_133,23.106630821080017
4gr0,4gr0_15,47.90912579546055
4gr0,4gr0_159,67.18532630339799
4gr0,4gr0_162,25.377179106681723
4gr0,4gr0_206,80.29226706723391
4gr0,4gr0_217,82.57332441121073
4gr0,4gr0_218,59.55561223328345
4gr0,4gr0_226,75.20117062977711
4gr0,4gr0_228,62.82063518075837
4gr0,4gr0_236,59.05236950584998
4gr0,4gr0_237,82.14000860663107
4gr0,4gr0_240,79.44151650629583
4gr0,4gr0_242,54.27442885458776
4gr0,4gr0_250,84.27858161707114
4gr0,4gr0_268,83.63730566524042
4gr0,4gr0_272,75.87706628065513
4gr0,4gr0_279,75.92378805618925
4gr0,4gr0_281,82.05924534645449
4gr0,4gr0_286,82.42893589650882
4gr0,4gr0_287,85.13308834384583
4gr0,4gr0_300,55.39843471442396
4gr0,4gr0_305,69.48803496312067
4gr0,4gr0_306,21.95200804521077
4gr0,4gr0_314,26.82868470219888
4gr0,4gr0_324,36.56945442584922
4gr0,4gr0_326,84.575594838861
4gr0,4gr0_33,19.96117566822852
4gr0,4gr0_341,77.60329653689655
4gr0,4gr0_375,65.87762071260444
4gr0,4gr0_381,34.17027906183768
4gr0,4gr0_402,33.90579651115601
4gr0,4gr0_405,54.93531809032218
4gr0,4gr0_408,45.69428249075656
4gr0,4gr0_410,60.6442843851268
4gr0,4gr0_411,43.26576332265485
4gr0,4gr0_412,63.21642531369334
4gr0,4gr0_416,49.59816193828507
4gr0,4gr0_417,36.805798353411525
4gr0,4gr0_419,53.12770467149228
4gr0,4gr0_420,30.17769676806936
4gr0,4gr0_421,48.12837985608085
4gr0,4gr0_422,54.92575512633034
4gr0,4gr0_428,46.85040155681398
4gr0,4gr0_429,46.66910864131268
4gr0,4gr0_433,52.0133636906634
4gr0,4gr0_438,43.64466205302773
4gr0,4gr0_439,51.85663760226221
4gr0,4gr0_440,45.65140505564257
4gr0,4gr0_452,59.79875226606275
4gr0,4gr0_456,46.01076141993918
4gr0,4gr0_457,32.01236124410725
4gr0,4gr0_459,50.98928906855923
4gr0,4gr0_465,56.43987418171944
4gr0,4gr0_467,26.722583796000585
4gr0,4gr0_468,46.56407256055385
4gr0,4gr0_471,42.24463760680392
4gr0,4gr0_472,35.93903013215191
4gr0,4gr0_473,45.07830435843394
4gr0,4gr0_474,45.51420502844893
4gr0,4gr0_476,46.93868258364609
4gr0,4gr0_486,50.74544657675361
4gr0,4gr0_491,32.8339028619793
4gr0,4gr0_492,45.59272064876979
4gr0,4gr0_497,46.02820230855464
4gr0,4gr0_499,50.35405348755367
4gr0,4gr0_518,33.00650703776523
4gr0,4gr0_529,37.35201254487326
4gr0,4gr0_53,82.47296536499117
4gr0,4gr0_541,30.055368463013966
4gr0,4gr0_545,20.583774111315677
4gr0,4gr0_546,22.1466165549289
4gr0,4gr0_55,59.36532670006667
4gr0,4gr0_550,15.56613369539579
4gr0,4gr0_558,34.55911895221822
4gr0,4gr0_56,27.866825886763007
4gr0,4gr0_565,24.72654398294471
4gr0,4gr0_566,27.83409364971365
4gr0,4gr0_573,24.420990697060315
4gr0,4gr0_575,23.59723193779225
4gr0,4gr0_583,16.095097987514258
4gr0,4gr0_584,55.52186579657571
4gr0,4gr0_591,32.7381186968016
4gr0,4gr0_594,26.246883882246983
4gr0,4gr0_605,32.8911848311978
4gr0,4gr0_630,21.89480687190523
4gr0,4gr0_644,23.528503016667276
4gr0,4gr0_650,27.93705207534195
4gr0,4gr0_674,27.38363271484672
4gr0,4gr0_709,82.36287973809256
4gr0,4gr0_715,73.71955286602535
4gr0,4gr0_761,74.99181931965869
4gr0,4gr0_768,71.00890942995198
4gr0,4gr0_791,67.35720067488344
4gr0,4gr0_905,81.57737460269922
4gr0,4gr0_91,74.98083622267889
4hge,4hge_202,47.00956484817885
4hge,4hge_203,55.1923164649349
4hge,4hge_231,60.72487663159323
4hge,4hge_310,62.856501721694144
4hge,4hge_311,48.61861156983819
4hge,4hge_356,49.89000655704995
4hge,4hge_407,55.99216650497072
4hge,4hge_414,26.74928614509593
4hge,4hge_416,51.9381548342392
4hge,4hge_422,24.158815332161247
4hge,4hge_423,52.785405986501615
4hge,4hge_424,18.040076335214756
4hge,4hge_433,27.54742286443987
4hge,4hge_437,38.47118957894288
4hge,4hge_438,45.84177610600963
4hge,4hge_446,20.409741197615105
4hge,4hge_452,44.29673956195525
4hge,4hge_456,48.05319338175479
4hge,4hge_458,29.961788372195223
4hge,4hge_46,62.067276609207816
4hge,4hge_462,29.614758438431465
4hge,4hge_464,21.33501353529353
4hge,4hge_468,42.3388191871699
4hge,4hge_471,40.05280514123974
4hge,4hge_473,42.68550657146043
4hge,4hge_477,45.92515619255616
4hge,4hge_478,38.17787914579594
4hge,4hge_498,35.18171654157338
4hge,4hge_503,51.82132456244779
4hge,4hge_530,18.874288795988143
4hge,4hge_534,18.13767500685582
4hge,4hge_543,27.613481808111533
4hge,4hge_548,35.528063806093684
4hge,4hge_549,27.601714589899345
4hge,4hge_55,62.035400548796304
4hge,4hge_555,19.11562022271976
4hge,4hge_558,21.402746394015224
4hge,4hge_559,15.849975169660135
4hge,4hge_572,25.56329345671122
4hge,4hge_573,16.042932080317794
4hge,4hge_574,16.28386201835078
4hge,4hge_581,16.700545728269905
4hge,4hge_583,16.437969850891314
4hge,4hge_602,36.67318941361523
4hge,4hge_605,32.97581591464782
4hge,4hge_612,33.82991875391114
4hge,4hge_617,32.84762258511838
4hge,4hge_621,32.81931161413034
4hge,4hge_638,30.71555487702668
4hge,4hge_643,25.26581999939011
4hge,4hge_646,30.54588440916673
4hge,4hge_654,23.862296590177937
4hge,4hge_655,16.56230753461022
4hge,4hge_659,18.39809418296416
4hge,4hge_662,38.88276640331429
4hge,4hge_666,12.065111947467894
4hge,4hge_667,20.74925954114072
4hge,4hge_671,13.389365605728845
4hge,4hge_689,44.88138224249489
4hge,4hge_692,14.346154687381192
4hge,4hge_695,16.250080393154555
4hge,4hge_699,23.511716318770866
4hge,4hge_700,19.152933171222607
4hge,4hge_737,20.454561834088576
4hge,4hge_742,31.21397948419989
4hge,4hge_749,17.878391023568604
4hge,4hge_797,40.340562805513166
4hge,4hge_828,20.454561834088576
4hge,4hge_848,17.878391023568604
4hge,4hge_943,35.6075510802277
4ih5,4ih5_140,11.820789909430466
4ih5,4ih5_148,15.89931088748664
4ih5,4ih5_159,15.088697601182384
4ih5,4ih5_161,13.092474087014551
4ih5,4ih5_168,10.489202497096455
4ih5,4ih5_169,20.096557057047203
4ih5,4ih5_192,10.208641281043176
4ih5,4ih5_202,22.010211482799427
4ih5,4ih5_219,21.27088302866273
4ih5,4ih5_227,22.336000127709227
4ih5,4ih5_281,13.996882503543992
4ih5,4ih5_302,24.3288308096236
4ih5,4ih5_306,25.84306594790932
4ih5,4ih5_327,27.215012624677343
4ih5,4ih5_341,25.94511865233117
4ih5,4ih5_367,24.92313354275333
4ih5,4ih5_374,15.153803218364828
4ih5,4ih5_381,22.794154332350267
4ih5,4ih5_384,24.64939254367942
4ih5,4ih5_390,13.95764679002951
4ih5,4ih5_397,25.422480432701043
4ih5,4ih5_400,23.062005179675147
4ih5,4ih5_417,14.06361255323448
4ih5,4ih5_421,8.528231152911507
4ih5,4ih5_427,6.271729330146632
4ih5,4ih5_428,7.854760879535911
4ih5,4ih5_432,7.837064552436827
4ih5,4ih5_433,11.605206261213985
4ih5,4ih5_448,9.728400590991662
4ih5,4ih5_451,7.413260473375493
4ih5,4ih5_454,7.375454863140097
4ih5,4ih5_459,9.968761614543816
4ih5,4ih5_463,18.82989388269546
4ih5,4ih5_465,13.972185534322373
4ih5,4ih5_467,8.373502682771038
4ih5,4ih5_482,14.775062265899704
4ih5,4ih5_492,12.16548389067535
4ih5,4ih5_5,12.974841803794469
4ih5,4ih5_502,8.104594651755303
4ih5,4ih5_508,13.346671227111596
4ih5,4ih5_516,6.3355531653835815
4ih5,4ih5_543,5.592850486301423
4ih5,4ih5_546,15.255298885672715
4ih5,4ih5_560,5.259896700700375
4ih5,4ih5_562,3.585458721197141
4ih5,4ih5_566,19.022182267112075
4ih5,4ih5_57,25.974614558318947
4ih5,4ih5_581,5.3063554203325225
4ih5,4ih5_587,25.71387591486375
4ih5,4ih5_612,22.646561921056087
4ih5,4ih5_638,11.290670127007422
4ih5,4ih5_651,13.891724527636992
4ih5,4ih5_674,13.80431257941298
4ih5,4ih5_681,12.582035526742745
4ih5,4ih5_689,12.722909030876869
4ih5,4ih5_690,12.750568917546913
4ih5,4ih5_708,12.68846903377646
4ih5,4ih5_715,16.24002269175903
4ih5,4ih5_720,9.04890518750559
4ih5,4ih5_729,14.532650673260918
4ih5,4ih5_762,14.52135035801586
4ih5,4ih5_764,15.499778811637515
4ih5,4ih5_765,15.265673076541791
4ih5,4ih5_779,19.75997229532725
4ih5,4ih5_782,14.30332671375994
4ih5,4ih5_789,9.43913827913738
4ih5,4ih5_793,14.797465140847052
4ih5,4ih5_794,10.268703737123625
4ih5,4ih5_867,17.193479608083543
4ih5,4ih5_892,8.8186242569131
4ih5,4ih5_966,18.907996153511064
4ih5,4ih5_983,12.939352368117016
4ih7,4ih7_12,31.462017457958343
4ih7,4ih7_129,21.4893801725652
4ih7,4ih7_133,25.13117383692392
4ih7,4ih7_159,21.53795481666404
4ih7,4ih7_212,33.80254445978787
4ih7,4ih7_219,34.02593113776497
4ih7,4ih7_241,35.78159931283475
4ih7,4ih7_302,33.69690745478842
4ih7,4ih7_307,32.07530816733288
4ih7,4ih7_341,33.6003190937358
4ih7,4ih7_351,28.46059875580618
4ih7,4ih7_378,33.72161852922512
4ih7,4ih7_405,25.067686379041596
4ih7,4ih7_412,22.233710901740324
4ih7,4ih7_414,25.287565136093985
4ih7,4ih7_415,17.367469782897885
4ih7,4ih7_438,20.052522980700964
4ih7,4ih7_459,23.67058223788724
4ih7,4ih7_461,11.348201492387853
4ih7,4ih7_477,19.859013610336127
4ih7,4ih7_481,14.73792619033502
4ih7,4ih7_483,25.33541608250704
4ih7,4ih7_501,22.899207352351137
4ih7,4ih7_504,31.45797351541137
4ih7,4ih7_519,9.167397994835076
4ih7,4ih7_522,15.45610795805265
4ih7,4ih7_523,20.578619196472303
4ih7,4ih7_527,9.920936055568202
4ih7,4ih7_529,22.155012418344302
4ih7,4ih7_539,16.002681322187325
4ih7,4ih7_548,10.00150034182022
4ih7,4ih7_552,23.33347157705624
4ih7,4ih7_555,17.19240129331598
4ih7,4ih7_560,13.300031447534655
4ih7,4ih7_561,9.241108178286195
4ih7,4ih7_563,5.4694282265423455
4ih7,4ih7_564,14.990653374665415
4ih7,4ih7_565,12.23028472500241
4ih7,4ih7_567,9.156524210264417
4ih7,4ih7_570,10.92168196095556
4ih7,4ih7_572,8.398659355143327
4ih7,4ih7_577,20.34317456158448
4ih7,4ih7_583,12.973702776092674
4ih7,4ih7_591,7.613293238468251
4ih7,4ih7_596,8.537803292810814
4ih7,4ih7_597,11.02933271710419
4ih7,4ih7_598,12.14997989550234
4ih7,4ih7_600,9.23507107879206
4ih7,4ih7_632,12.374834196933575
4ih7,4ih7_645,4.65490215154562
4ih7,4ih7_650,11.877234370316453
4ih7,4ih7_661,15.934322416443068
4ih7,4ih7_671,21.955579720067448
4ih7,4ih7_704,21.778017245855963
4ih7,4ih7_72,32.11598550144327
4ih7,4ih7_729,20.543581732302677
4ih7,4ih7_734,7.668740014546851
4ih7,4ih7_739,14.880848726210749
4ih7,4ih7_742,11.483566228028446
4ih7,4ih7_743,18.911318159723457
4ih7,4ih7_748,14.987484021978345
4ih7,4ih7_749,22.134842492326
4ih7,4ih7_755,18.169919416112396
4ih7,4ih7_760,20.63514431929621
4ih7,4ih7_777,9.960183865952745
4ih7,4ih7_788,13.052121175072932
4ih7,4ih7_789,17.461893944077886
4ih7,4ih7_794,10.379558345306275
4ih7,4ih7_796,23.63963563639174
4ih7,4ih7_822,8.170844148774883
4ih7,4ih7_829,23.52658579444224
4ih7,4ih7_877,23.83264220845489
4ih7,4ih7_880,10.814526408619669
4ih7,4ih7_885,15.178051423115846
4ih7,4ih7_937,16.7366017741082
4ih7,4ih7_940,16.491243282664396
4ih7,4ih7_980,18.61003356477265
4ivb,4ivb_142,66.74030477648188
4ivb,4ivb_253,69.34194157379403
4ivb,4ivb_423,42.44701798988076
4ivb,4ivb_425,58.52384504488932
4ivb,4ivb_428,28.81987215643839
4ivb,4ivb_429,47.144788398624144
4ivb,4ivb_436,35.17306098683948
4ivb,4ivb_439,50.67001617184562
4ivb,4ivb_441,41.67248995463903
4ivb,4ivb_442,39.00579251279542
4ivb,4ivb_460,54.23704572594416
4ivb,4ivb_468,40.90777707261173
4ivb,4ivb_477,40.75412821999756
4ivb,4ivb_479,39.11795988191222
4ivb,4ivb_511,14.619761577885086
4ivb,4ivb_525,13.565164847240302
4ivb,4ivb_527,19.17635610316928
4ivb,4ivb_539,17.84246319805559
4ivb,4ivb_547,13.634802369432252
4ivb,4ivb_552,60.5653795435945
4ivb,4ivb_561,10.256721797942788
4ivb,4ivb_563,35.88102726724706
4ivb,4ivb_565,13.410997866276697
4ivb,4ivb_566,16.13604062923553
4ivb,4ivb_577,51.63396328143478
4ivb,4ivb_585,27.160176160315995
4ivb,4ivb_586,13.94680039555332
4ivb,4ivb_587,36.13037021683789
4ivb,4ivb_590,15.622785366118322
4ivb,4ivb_594,24.586959544963054
4ivb,4ivb_598,16.268354420236477
4ivb,4ivb_61,58.63101771401175
4ivb,4ivb_615,35.8039187097019
4ivb,4ivb_620,17.70841881933564
4ivb,4ivb_625,19.220659347626857
4ivb,4ivb_637,31.03415598463997
4ivb,4ivb_649,23.05894471132711
4ivb,4ivb_661,25.58658082491908
4ivb,4ivb_664,11.689953770199422
4ivb,4ivb_666,49.19893733207259
4ivb,4ivb_671,42.93524871705191
4ivb,4ivb_674,22.70296743144869
4ivb,4ivb_734,65.01335389478152
4ivb,4ivb_741,28.619535645300243
4ivb,4ivb_747,27.971160210801976
4ivb,4ivb_748,17.340406775003988
4ivb,4ivb_750,20.71818903117752
4ivb,4ivb_752,21.01393754320817
4ivb,4ivb_761,35.62477098196986
4ivb,4ivb_764,18.816024263321687
4ivb,4ivb_768,21.524926354163387
4ivb,4ivb_769,18.679879030688344
4ivb,4ivb_771,20.76058538513773
4ivb,4ivb_772,13.213028791737548
4ivb,4ivb_773,26.069691230178176
4ivb,4ivb_776,13.837770652677651
4ivb,4ivb_779,22.65481106470396
4ivb,4ivb_781,15.979017748007772
4ivb,4ivb_783,22.03590595729145
4ivb,4ivb_784,21.09356834364471
4ivb,4ivb_785,24.76093965038756
4ivb,4ivb_787,14.838338989022027
4ivb,4ivb_788,17.58402236476804
4ivb,4ivb_791,19.141856286250054
4ivb,4ivb_794,15.80387226979746
4ivb,4ivb_795,16.99642645139009
4ivb,4ivb_797,14.387781304576524
4ivb,4ivb_845,68.2796320424102
4ivb,4ivb_85,70.55941270398358
4ivb,4ivb_875,65.68251557539185
4ivb,4ivb_884,41.77727646745864
4ivb,4ivb_887,30.37232724423801
4ivb,4ivb_896,25.400084267980425
4ivb,4ivb_897,18.1661807304602
4ivb,4ivb_947,57.697047182940594
4ivb,4ivb_962,59.80924865625522
4ivc,4ivc_20,73.2285118804058
4ivc,4ivc_232,74.44068375603638
4ivc,4ivc_32,68.81535223577617
4ivc,4ivc_33,63.02106697917964
4ivc,4ivc_409,47.84038448295051
4ivc,4ivc_411,55.68077676455864
4ivc,4ivc_428,53.35056854109746
4ivc,4ivc_442,29.58689881467751
4ivc,4ivc_458,40.73327432376314
4ivc,4ivc_466,37.35238111288885
4ivc,4ivc_470,26.473925985091523
4ivc,4ivc_472,27.178703117654525
4ivc,4ivc_476,44.32777355006826
4ivc,4ivc_478,27.01198050004493
4ivc,4ivc_483,16.29878992387747
4ivc,4ivc_489,38.64597072441117
4ivc,4ivc_492,40.06954336966226
4ivc,4ivc_498,41.017059544453645
4ivc,4ivc_515,30.358956190889486
4ivc,4ivc_518,18.0790610973332
4ivc,4ivc_528,15.691354787922206
4ivc,4ivc_534,37.31006570083308
4ivc,4ivc_537,27.962875250398007
4ivc,4ivc_543,20.312783803256075
4ivc,4ivc_544,21.3763483952022
4ivc,4ivc_545,53.30356535166427
4ivc,4ivc_552,18.70560136403146
4ivc,4ivc_553,26.31741332267529
4ivc,4ivc_554,16.33071064062193
4ivc,4ivc_555,15.890978662302071
4ivc,4ivc_560,16.333668791544017
4ivc,4ivc_561,20.95310260716982
4ivc,4ivc_563,24.739507166531865
4ivc,4ivc_564,21.647488744061164
4ivc,4ivc_571,17.007733354794365
4ivc,4ivc_575,18.6586985838857
4ivc,4ivc_581,28.818296548006412
4ivc,4ivc_582,14.902925842174856
4ivc,4ivc_583,45.80927968402045
4ivc,4ivc_584,14.263395759429663
4ivc,4ivc_593,35.79446522232881
4ivc,4ivc_596,19.586163320023708
4ivc,4ivc_600,31.1463286835417
4ivc,4ivc_610,22.23040232562302
4ivc,4ivc_612,41.52352764919166
4ivc,4ivc_614,13.046755235148412
4ivc,4ivc_64,70.40101245813005
4ivc,4ivc_658,25.864697504629213
4ivc,4ivc_679,46.8802868730774
4ivc,4ivc_685,48.46329193479719
4ivc,4ivc_687,20.15099529913048
4ivc,4ivc_690,34.834458889037975
4ivc,4ivc_695,32.42801050589321
4ivc,4ivc_699,26.756897219008135
4ivc,4ivc_700,21.02819344375236
4ivc,4ivc_723,71.93873192494075
4ivc,4ivc_740,72.84598574345435
4ivc,4ivc_743,29.731846615479743
4ivc,4ivc_757,30.18651463555752
4ivc,4ivc_758,37.25257834429151
4ivc,4ivc_759,28.24635721078387
4ivc,4ivc_760,17.419213640616114
4ivc,4ivc_764,25.504306754218863
4ivc,4ivc_82,72.8880271858721
4ivc,4ivc_831,74.57066175052083
4ivc,4ivc_841,71.04823203862671
4ivc,4ivc_860,68.45455351622718
4ivc,4ivc_862,63.1993626001542
4ivc,4ivc_864,74.65875140967974
4ivc,4ivc_944,66.06336183104028
4ivc,4ivc_961,71.51234425577033
4ivd,4ivd_12,77.5588733178366
4ivd,4ivd_231,79.11400443841735
4ivd,4ivd_243,74.41874388069655
4ivd,4ivd_260,76.05774601984321
4ivd,4ivd_404,47.4711056394812
4ivd,4ivd_405,44.744495604012
4ivd,4ivd_406,61.04975790579096
4ivd,4ivd_426,52.81603533314017
4ivd,4ivd_442,51.9756573070941
4ivd,4ivd_445,43.98714757117263
4ivd,4ivd_449,27.08253872054112
4ivd,4ivd_451,31.71079668438777
4ivd,4ivd_467,38.16156903677936
4ivd,4ivd_468,35.18658896874688
4ivd,4ivd_473,47.42682716761015
4ivd,4ivd_480,31.003530432942306
4ivd,4ivd_490,22.07889705904669
4ivd,4ivd_492,24.52472479546632
4ivd,4ivd_495,44.42398030738487
4ivd,4ivd_497,33.7461950814074
4ivd,4ivd_518,19.46346445379429
4ivd,4ivd_52,77.98820183773074
4ivd,4ivd_522,17.797122665048565
4ivd,4ivd_533,25.02121314395317
4ivd,4ivd_537,38.98387398494203
4ivd,4ivd_541,21.06836663791539
4ivd,4ivd_542,24.9588404605525
4ivd,4ivd_546,21.636574690371592
4ivd,4ivd_549,46.68758158476507
4ivd,4ivd_550,40.28995338843587
4ivd,4ivd_561,30.0749814501736
4ivd,4ivd_562,32.72602944638414
4ivd,4ivd_565,20.881524130760287
4ivd,4ivd_567,33.36355315640948
4ivd,4ivd_571,23.896486278122783
4ivd,4ivd_572,22.486163008765256
4ivd,4ivd_58,76.12077552464243
4ivd,4ivd_588,31.348048094766423
4ivd,4ivd_589,21.3277282477956
4ivd,4ivd_595,32.22700698960911
4ivd,4ivd_597,21.54236874126212
4ivd,4ivd_598,39.06514898937157
4ivd,4ivd_599,17.605083138572002
4ivd,4ivd_605,24.445419087430786
4ivd,4ivd_629,15.455472844529083
4ivd,4ivd_641,39.90310239951103
4ivd,4ivd_645,25.63091097998537
4ivd,4ivd_648,27.212026454036693
4ivd,4ivd_653,17.75593550826158
4ivd,4ivd_658,17.748679502336927
4ivd,4ivd_659,16.63532787361745
4ivd,4ivd_660,32.29580697738236
4ivd,4ivd_664,30.464346671997493
4ivd,4ivd_667,26.421862758320923
4ivd,4ivd_671,19.46469691314337
4ivd,4ivd_672,23.35195895758981
4ivd,4ivd_674,17.098896875773697
4ivd,4ivd_680,21.055045852849627
4ivd,4ivd_688,19.853466580052192
4ivd,4ivd_692,39.06553283429142
4ivd,4ivd_694,28.456346529824398
4ivd,4ivd_752,72.46065300272083
4ivd,4ivd_771,79.12354905012212
4ivd,4ivd_781,70.72391842966148
4ivd,4ivd_785,67.4283897154019
4ivd,4ivd_786,74.43607361939131
4ivd,4ivd_787,75.84709752304799
4ivd,4ivd_823,76.76474100880252
4ivd,4ivd_843,71.70385582072213
4ivd,4ivd_866,71.25770793136047
4ivd,4ivd_886,79.4043288882959
4ivd,4ivd_962,72.20246362519086
4j21,4j21_119,44.56103554959376
4j21,4j21_18,46.993906567553736
4j21,4j21_190,48.87715796699441
4j21,4j21_270,44.67908383016208
4j21,4j21_30,60.32266453569071
4j21,4j21_352,59.9549747956414
4j21,4j21_37,47.256858022972885
4j21,4j21_375,24.089784392325665
4j21,4j21_393,56.36242561403609
4j21,4j21_428,18.47405803331021
4j21,4j21_430,39.72438679697974
4j21,4j21_438,27.34088007785696
4j21,4j21_442,29.38230825715954
4j21,4j21_444,29.893912081067143
4j21,4j21_447,33.86242152436812
4j21,4j21_453,31.90798834333181
4j21,4j21_456,29.275814985204903
4j21,4j21_462,35.967774145513005
4j21,4j21_463,36.551641464636525
4j21,4j21_471,33.07596850605003
4j21,4j21_475,26.09518336591641
4j21,4j21_478,31.90606118995389
4j21,4j21_479,23.684838989324952
4j21,4j21_483,27.2039010954542
4j21,4j21_485,20.48471026697463
4j21,4j21_489,21.0623048761358
4j21,4j21_490,27.185923289943894
4j21,4j21_493,21.92441169875375
4j21,4j21_499,18.624261342580706
4j21,4j21_50,53.14360692225589
4j21,4j21_514,32.50904713904341
4j21,4j21_524,32.97866163495652
4j21,4j21_535,24.62149755454705
4j21,4j21_540,22.669036885652176
4j21,4j21_553,18.82293871452326
4j21,4j21_559,31.94013682981375
4j21,4j21_569,8.627808890911734
4j21,4j21_572,26.860127994696363
4j21,4j21_574,15.276300091887691
4j21,4j21_575,36.38979788927337
4j21,4j21_577,37.52655644111534
4j21,4j21_582,16.12544000579632
4j21,4j21_594,8.30570324519467
4j21,4j21_597,27.311271874533563
4j21,4j21_620,22.27928775133428
4j21,4j21_625,23.50583058909774
4j21,4j21_627,22.55817349772644
4j21,4j21_645,28.186909327728664
4j21,4j21_678,27.723643706920384
4j21,4j21_680,24.960654257499897
4j21,4j21_686,24.84919982826884
4j21,4j21_688,23.754455574577715
4j21,4j21_730,28.933949837370392
4j21,4j21_731,14.059530157567233
4j21,4j21_734,11.282824193333928
4j21,4j21_735,7.985090628529391
4j21,4j21_736,6.655534680142822
4j21,4j21_740,7.471248831175546
4j21,4j21_741,10.599866613925878
4j21,4j21_751,8.430252572577169
4j21,4j21_752,11.355177162978642
4j21,4j21_753,10.396012907397012
4j21,4j21_754,10.165253443330696
4j21,4j21_755,11.910013747552677
4j21,4j21_756,11.399618722591216
4j21,4j21_757,9.503680507316256
4j21,4j21_761,9.337290477501504
4j21,4j21_762,7.199560701623955
4j21,4j21_763,11.727984944047734
4j21,4j21_765,5.31737178882635
4j21,4j21_767,13.520725951336232
4j21,4j21_768,14.286536351311122
4j21,4j21_770,14.8272808532508
4j21,4j21_771,4.84688536199361
4j21,4j21_774,9.246685452435996
4j21,4j21_775,12.161152238440168
4j21,4j21_780,18.41114225488247
4j21,4j21_804,33.67583306583317
4j21,4j21_827,11.775025988213985
4j21,4j21_830,10.326560814298665
4j21,4j21_839,10.36348529407582
4j21,4j21_842,10.231613061686222
4j21,4j21_846,14.079867687649202
4j21,4j21_848,9.926419731502738
4j21,4j21_849,7.934210021584432
4j21,4j21_856,4.625036508363036
4j21,4j21_86,36.87391663292293
4j21,4j21_869,11.16254108657868
4j21,4j21_876,9.029094693255733
4j21,4j21_952,10.790579229780898
4j21,4j21_955,25.919350536734516
4j21,4j21_967,12.094537086992917
4j28,4j28_110,41.84491624090765
4j28,4j28_123,45.63545412259894
4j28,4j28_154,46.280167463144096
4j28,4j28_173,42.55793115671822
4j28,4j28_183,41.85191042128724
4j28,4j28_196,40.977777084251024
4j28,4j28_208,29.81928121573695
4j28,4j28_215,13.425438779372628
4j28,4j28_227,11.890105926807614
4j28,4j28_265,12.752740455249551
4j28,4j28_300,12.313295909445662
4j28,4j28_303,48.20977782444497
4j28,4j28_313,37.25067231621816
4j28,4j28_406,28.676034344087217
4j28,4j28_410,24.82031417790196
4j28,4j28_42,42.04694182641987
4j28,4j28_425,29.384804885938756
4j28,4j28_429,27.51038848330934
4j28,4j28_437,23.894367165359373
4j28,4j28_439,29.554718890782453
4j28,4j28_451,28.691854076404105
4j28,4j28_457,21.954559133193907
4j28,4j28_458,30.65350467817528
4j28,4j28_494,11.604580781030563
4j28,4j28_534,32.32528993493777
4j28,4j28_536,14.58217690255332
4j28,4j28_543,30.768007210672923
4j28,4j28_555,7.239853369291527
4j28,4j28_562,9.333978657950814
4j28,4j28_566,12.116349563851756
4j28,4j28_574,10.671695020991136
4j28,4j28_579,15.891345156559304
4j28,4j28_580,13.399145061148086
4j28,4j28_583,11.346283840897438
4j28,4j28_587,10.626037832383616
4j28,4j28_593,13.740941849167566
4j28,4j28_600,11.122334348558226
4j28,4j28_646,22.21271397071918
4j28,4j28_657,22.236664977229225
4j28,4j28_661,29.72697721266784
4j28,4j28_691,33.38011380018367
4j28,4j28_692,27.18904275812305
4j28,4j28_732,10.921608375136126
4j28,4j28_737,20.43358389539425
4j28,4j28_743,13.373966848788395
4j28,4j28_744,22.9900982855242
4j28,4j28_753,18.51941932556965
4j28,4j28_758,15.182193600298922
4j28,4j28_772,12.04252639335035
4j28,4j28_775,13.3643050971714
4j28,4j28_785,8.10786231409276
4j28,4j28_790,9.291655577586212
4j28,4j28_792,11.169207186679838
4j28,4j28_794,42.05741052707061
4j28,4j28_828,16.356631411372895
4j28,4j28_829,11.845228212147177
4j28,4j28_846,12.704938907420756
4j28,4j28_852,39.01862426430763
4j28,4j28_858,13.60916983714834
4j28,4j28_863,13.923357332143356
4j28,4j28_864,12.52085377376794
4j28,4j28_866,13.89222042595136
4j28,4j28_867,12.766286141351149
4j28,4j28_877,7.000372230148808
4j28,4j28_899,38.34540199066335
4j28,4j28_912,30.38076438871783
4j28,4j28_944,12.340494464725124
4j28,4j28_961,28.841383622897368
4j28,4j28_981,11.3981270972947
4j28,4j28_988,5.32333636300942
4j3l,4j3l_115,58.84063913271739
4j3l,4j3l_140,57.22651292351866
4j3l,4j3l_202,57.89732031907722
4j3l,4j3l_286,36.877858724855976
4j3l,4j3l_348,52.78325012062018
4j3l,4j3l_352,58.373282346873445
4j3l,4j3l_404,35.1851638076505
4j3l,4j3l_413,14.605529202881202
4j3l,4j3l_422,36.32379538391733
4j3l,4j3l_433,16.286378752355994
4j3l,4j3l_435,18.929927241230107
4j3l,4j3l_440,34.61764138398068
4j3l,4j3l_446,36.602304403527
4j3l,4j3l_449,36.83204500824715
4j3l,4j3l_455,31.82033720654904
4j3l,4j3l_468,44.32109520895483
4j3l,4j3l_473,31.248212785124533
4j3l,4j3l_475,30.424386609382005
4j3l,4j3l_479,31.936695308975008
4j3l,4j3l_485,30.398711958604924
4j3l,4j3l_489,43.11712788368492
4j3l,4j3l_490,39.83203200104171
4j3l,4j3l_523,39.87200692472477
4j3l,4j3l_536,36.731606984266335
4j3l,4j3l_547,19.367303729754056
4j3l,4j3l_561,40.04656005223234
4j3l,4j3l_574,9.909024317322618
4j3l,4j3l_585,22.54432907980752
4j3l,4j3l_597,12.892484583571614
4j3l,4j3l_620,15.753253129854322
4j3l,4j3l_632,12.274790465891243
4j3l,4j3l_635,15.76400164125418
4j3l,4j3l_636,37.57578459291141
4j3l,4j3l_647,22.830198658749357
4j3l,4j3l_650,13.470061676330516
4j3l,4j3l_656,20.168777407533764
4j3l,4j3l_662,27.651726937737045
4j3l,4j3l_673,41.94874245740956
4j3l,4j3l_677,16.03831035317244
4j3l,4j3l_684,16.25235640808
4j3l,4j3l_696,14.313157175281862
4j3l,4j3l_699,34.23098859032661
4j3l,4j3l_700,17.22037236881837
4j3l,4j3l_732,39.103475625548846
4j3l,4j3l_733,41.69052952978909
4j3l,4j3l_739,39.76031699245197
4j3l,4j3l_746,39.79911791736073
4j3l,4j3l_749,41.00638411048851
4j3l,4j3l_755,41.323015707230375
4j3l,4j3l_761,41.68870268713411
4j3l,4j3l_774,16.607250657416163
4j3l,4j3l_775,16.484656653304842
4j3l,4j3l_776,15.631757348748565
4j3l,4j3l_777,17.990101426143095
4j3l,4j3l_782,17.472732130410254
4j3l,4j3l_784,19.254252188315142
4j3l,4j3l_786,17.902015940568848
4j3l,4j3l_793,31.682867281982183
4j3l,4j3l_858,40.00436372091962
4j3l,4j3l_871,39.7504543881555
4j3l,4j3l_888,39.70994080074603
4j3l,4j3l_991,42.34686421375685
4jfs,4jfs_10,39.09306384176933
4jfs,4jfs_139,35.36823284985908
4jfs,4jfs_177,34.157029657849094
4jfs,4jfs_191,37.53015457258987
4jfs,4jfs_266,41.01006515418344
4jfs,4jfs_274,36.98440304788922
4jfs,4jfs_362,38.24874832120044
4jfs,4jfs_385,39.6596447610323
4jfs,4jfs_411,30.979224755521503
4jfs,4jfs_413,31.413321145998378
4jfs,4jfs_414,32.6285412834231
4jfs,4jfs_469,19.58163575507336
4jfs,4jfs_508,29.087807617744083
4jfs,4jfs_51,35.97630393198324
4jfs,4jfs_527,12.553589375191972
4jfs,4jfs_529,29.42600008623116
4jfs,4jfs_574,17.184584371346787
4jfs,4jfs_579,14.2968004406667
4jfs,4jfs_615,36.88404181673391
4jfs,4jfs_669,19.15314411532413
4jfs,4jfs_681,27.223099577452203
4jfs,4jfs_709,24.195976051999068
4jfs,4jfs_714,20.58128390724116
4jfs,4jfs_739,16.40976455847861
4jfs,4jfs_740,14.34168400120002
4jfs,4jfs_749,11.143024968040631
4jfs,4jfs_750,16.30500935272585
4jfs,4jfs_764,21.570686398070627
4jfs,4jfs_769,15.831455448541286
4jfs,4jfs_778,12.39921618730722
4jfs,4jfs_783,17.141896592100434
4jfs,4jfs_784,15.260525249501864
4jfs,4jfs_787,7.596784420377652
4jfs,4jfs_788,8.186078631123369
4jfs,4jfs_789,27.77171894437209
4jfs,4jfs_792,12.370338849199934
4jfs,4jfs_793,13.169607189601614
4jfs,4jfs_797,12.595279376903084
4jfs,4jfs_818,42.94588366042229
4jfs,4jfs_849,14.51469564325687
4jfs,4jfs_855,21.10689213749185
4jfs,4jfs_857,10.737618695247235
4jfs,4jfs_867,15.398474540911051
4jfs,4jfs_877,11.01959338740703
4jfs,4jfs_899,36.72196720906133
4jfs,4jfs_920,35.02375869312418
4jfs,4jfs_958,28.457596615910337
4jfs,4jfs_970,35.64610844811997
4jfs,4jfs_974,29.096548462935303
4jfs,4jfs_981,29.40002640112746
4jfs,4jfs_982,34.745072078300474
4jia,4jia_11,29.68918876162582
4jia,4jia_111,13.873698741565937
4jia,4jia_162,9.324644455418005
4jia,4jia_202,22.57721334965444
4jia,4jia_205,20.75342487621874
4jia,4jia_210,35.45261573539587
4jia,4jia_214,21.233271073748877
4jia,4jia_223,22.88064424804772
4jia,4jia_227,15.17709178745062
4jia,4jia_230,16.07639007768124
4jia,4jia_232,20.455911977485464
4jia,4jia_249,31.56214076873187
4jia,4jia_257,28.053302454377928
4jia,4jia_261,24.078297674312275
4jia,4jia_275,39.12432493492784
4jia,4jia_282,19.087478247849152
4jia,4jia_285,13.41564020120851
4jia,4jia_287,40.34960416522239
4jia,4jia_291,19.71616551428849
4jia,4jia_293,22.994745894048545
4jia,4jia_295,17.25237839010735
4jia,4jia_316,18.184151568868128
4jia,4jia_335,32.16366205642025
4jia,4jia_337,32.55354520243962
4jia,4jia_362,38.39883097832856
4jia,4jia_415,20.41439420922498
4jia,4jia_418,12.677895543164745
4jia,4jia_419,7.494617050176128
4jia,4jia_427,13.809693644262964
4jia,4jia_439,21.33223910556199
4jia,4jia_443,10.802552620051664
4jia,4jia_460,23.901490815633093
4jia,4jia_479,16.458845167523663
4jia,4jia_485,7.114741679051305
4jia,4jia_532,24.086227214844254
4jia,4jia_539,28.942378034763784
4jia,4jia_551,20.03747450789141
4jia,4jia_552,16.567030111737665
4jia,4jia_555,22.84265951705797
4jia,4jia_569,13.038620529225458
4jia,4jia_587,18.487716411283177
4jia,4jia_60,37.78642626583701
4jia,4jia_609,20.71921894539668
4jia,4jia_61,29.233683648356592
4jia,4jia_66,36.66010510512281
4jia,4jia_661,24.26976926365111
4jia,4jia_665,9.990203471681184
4jia,4jia_679,7.943092466555229
4jia,4jia_707,35.58645030980527
4jia,4jia_710,24.95837330096811
4jia,4jia_711,23.21240930481641
4jia,4jia_712,20.62978261378186
4jia,4jia_719,19.674497947529908
4jia,4jia_723,26.418594373175743
4jia,4jia_724,23.247676588707133
4jia,4jia_725,23.108596202801078
4jia,4jia_727,23.71472692402225
4jia,4jia_729,10.825294433924633
4jia,4jia_733,19.40249809582479
4jia,4jia_734,27.02188046104876
4jia,4jia_737,18.998826131397
4jia,4jia_740,15.839401749740432
4jia,4jia_743,17.099329876750637
4jia,4jia_747,13.793536090252733
4jia,4jia_749,12.233396589427636
4jia,4jia_752,11.60819849015764
4jia,4jia_754,18.900192942142404
4jia,4jia_758,18.7656897321712
4jia,4jia_763,16.287448995781972
4jia,4jia_765,12.176434162287382
4jia,4jia_766,15.9801007671205
4jia,4jia_767,12.991022879090712
4jia,4jia_769,23.046152412671077
4jia,4jia_770,17.8528486746278
4jia,4jia_773,18.39603556812817
4jia,4jia_774,13.986623797943464
4jia,4jia_777,9.051527062697003
4jia,4jia_783,11.086267914623695
4jia,4jia_789,11.159251650818677
4jia,4jia_793,18.934899408600412
4jia,4jia_796,16.618516595253933
4jia,4jia_807,36.653011697582
4jia,4jia_812,32.75587068931786
4jia,4jia_844,18.946577783945703
4jia,4jia_85,33.29102563640018
4jia,4jia_851,22.70151460802484
4jia,4jia_868,17.457435357038996
4jia,4jia_876,29.388581086206838
4jia,4jia_88,40.52874440078849
4jia,4jia_885,15.604254006999977
4jia,4jia_889,27.40966292405473
4jia,4jia_891,24.58097686153321
4jia,4jia_907,20.037923922275223
4jia,4jia_91,37.23726202502127
4jia,4jia_917,34.35377875093714
4jia,4jia_923,38.67760839164784
4jia,4jia_957,35.43374792104228
4jia,4jia_959,21.05339008561794
4jia,4jia_984,32.86889063745474
4jia,4jia_994,39.95497249571098
4jsz,4jsz_1,7.857241963612308
4jsz,4jsz_100,17.01519060692621
4jsz,4jsz_113,4.654162850718514
4jsz,4jsz_138,8.970777046208296
4jsz,4jsz_150,8.471078327104168
4jsz,4jsz_156,20.326559912664035
4jsz,4jsz_160,4.510886790691869
4jsz,4jsz_215,20.245520669715475
4jsz,4jsz_218,12.341348901286684
4jsz,4jsz_24,8.747294797849335
4jsz,4jsz_26,7.57683333292025
4jsz,4jsz_262,25.552310757284427
4jsz,4jsz_269,19.13698256941653
4jsz,4jsz_306,24.44006133380733
4jsz,4jsz_31,8.080396304074016
4jsz,4jsz_321,2.7645070799441145
4jsz,4jsz_323,3.409910055814787
4jsz,4jsz_359,6.680347611953861
4jsz,4jsz_38,6.806571496263211
4jsz,4jsz_390,3.1803902523024807
4jsz,4jsz_466,21.14282352727625
4jsz,4jsz_47,7.440819538392661
4jsz,4jsz_476,14.322536822633191
4jsz,4jsz_48,8.190328240901628
4jsz,4jsz_491,16.048912412489635
4jsz,4jsz_494,15.743290791350692
4jsz,4jsz_498,13.888046891517805
4jsz,4jsz_506,22.406078294547143
4jsz,4jsz_509,11.359164152750926
4jsz,4jsz_511,28.51060090753432
4jsz,4jsz_512,26.891498552210244
4jsz,4jsz_545,15.8208519946984
4jsz,4jsz_549,7.3703750974014035
4jsz,4jsz_554,5.689376220429587
4jsz,4jsz_559,10.354632502927718
4jsz,4jsz_560,12.55729302422902
4jsz,4jsz_561,23.623271755657573
4jsz,4jsz_571,18.05855278437849
4jsz,4jsz_574,10.526583678338923
4jsz,4jsz_581,13.326778915421308
4jsz,4jsz_585,8.421137962174951
4jsz,4jsz_59,8.943761804032558
4jsz,4jsz_593,21.822272929642377
4jsz,4jsz_60,21.165107832689483
4jsz,4jsz_600,12.155197290187266
4jsz,4jsz_625,16.132322893042943
4jsz,4jsz_63,8.087233246110223
4jsz,4jsz_645,6.37939108707031
4jsz,4jsz_65,9.023687834449015
4jsz,4jsz_662,7.964966058871176
4jsz,4jsz_672,23.05144904119732
4jsz,4jsz_677,11.8819485280811
4jsz,4jsz_698,10.61486299053558
4jsz,4jsz_71,16.817940863401855
4jsz,4jsz_710,16.149523090045243
4jsz,4jsz_74,15.66409936968308
4jsz,4jsz_742,23.60928939458885
4jsz,4jsz_756,12.860678377818248
4jsz,4jsz_762,3.5251705102556152
4jsz,4jsz_771,5.693805193269749
4jsz,4jsz_772,5.683223988443813
4jsz,4jsz_774,4.115690940158471
4jsz,4jsz_775,5.816307660520433
4jsz,4jsz_815,27.879846890889112
4jsz,4jsz_83,6.435990610908202
4jsz,4jsz_85,9.38934117246923
4jsz,4jsz_93,6.085295767965707
4jxs,4jxs_129,38.15953411410426
4jxs,4jxs_147,40.38113049880632
4jxs,4jxs_153,41.11121581405651
4jxs,4jxs_196,40.92510466759954
4jxs,4jxs_2,33.110741152620335
4jxs,4jxs_203,29.556887294749256
4jxs,4jxs_205,7.636887957874063
4jxs,4jxs_218,36.93594529629177
4jxs,4jxs_223,7.542787598122897
4jxs,4jxs_227,14.28599401958213
4jxs,4jxs_232,8.767476890630915
4jxs,4jxs_236,28.72611502569768
4jxs,4jxs_238,6.350595161081451
4jxs,4jxs_243,16.618953888023338
4jxs,4jxs_244,10.330344616394427
4jxs,4jxs_246,10.191837373601844
4jxs,4jxs_257,9.369071593702731
4jxs,4jxs_258,31.73859469422362
4jxs,4jxs_260,36.53013362861115
4jxs,4jxs_262,7.737712713043532
4jxs,4jxs_264,13.84046104883965
4jxs,4jxs_275,15.348758788152375
4jxs,4jxs_278,5.562886671585626
4jxs,4jxs_295,13.120884594672946
4jxs,4jxs_296,13.668150754652231
4jxs,4jxs_306,37.966369420978445
4jxs,4jxs_31,33.89623762150503
4jxs,4jxs_311,12.904298614056826
4jxs,4jxs_322,29.87427612799344
4jxs,4jxs_334,41.21595025740196
4jxs,4jxs_348,28.13950785057327
4jxs,4jxs_352,40.21627898365998
4jxs,4jxs_356,13.80821236585982
4jxs,4jxs_401,19.71629358089169
4jxs,4jxs_407,24.534705459020987
4jxs,4jxs_410,12.74077414626828
4jxs,4jxs_411,12.890580531194392
4jxs,4jxs_414,20.55000665629751
4jxs,4jxs_427,18.9921021344514
4jxs,4jxs_434,18.129203226458653
4jxs,4jxs_444,12.652503715886215
4jxs,4jxs_452,11.423351807440486
4jxs,4jxs_455,16.626242195427565
4jxs,4jxs_464,19.756455949418218
4jxs,4jxs_466,17.419478643303275
4jxs,4jxs_47,30.453723784691505
4jxs,4jxs_485,30.265645155643654
4jxs,4jxs_490,29.946080224938008
4jxs,4jxs_503,9.175330508315628
4jxs,4jxs_509,13.752314189467423
4jxs,4jxs_513,8.880177278216953
4jxs,4jxs_517,23.171515632736146
4jxs,4jxs_520,9.723491335228267
4jxs,4jxs_523,27.130901382742525
4jxs,4jxs_543,8.58642449642263
4jxs,4jxs_546,21.47652896587775
4jxs,4jxs_55,30.067310493935075
4jxs,4jxs_556,19.32770676643074
4jxs,4jxs_56,36.320230213658505
4jxs,4jxs_563,12.278328986561924
4jxs,4jxs_573,10.481597692352135
4jxs,4jxs_578,19.376141308861666
4jxs,4jxs_579,17.26780395195497
4jxs,4jxs_580,12.702209565503022
4jxs,4jxs_581,8.879305658743801
4jxs,4jxs_585,17.961018874060603
4jxs,4jxs_588,18.140052131035773
4jxs,4jxs_595,17.69658644863513
4jxs,4jxs_598,14.179750246328569
4jxs,4jxs_599,18.521974768412385
4jxs,4jxs_628,11.764320892420308
4jxs,4jxs_648,16.816885778511143
4jxs,4jxs_654,17.029113894247324
4jxs,4jxs_664,14.97723973823205
4jxs,4jxs_669,19.722581715755364
4jxs,4jxs_672,11.33798116975445
4jxs,4jxs_679,14.433642703817672
4jxs,4jxs_684,22.98057772925682
4jxs,4jxs_688,17.52145090175319
4jxs,4jxs_696,22.500399282676995
4jxs,4jxs_698,19.843889361864303
4jxs,4jxs_701,15.47870258102886
4jxs,4jxs_702,34.95360928561915
4jxs,4jxs_707,19.84556136882611
4jxs,4jxs_712,17.326467401620242
4jxs,4jxs_713,16.0994584921625
4jxs,4jxs_714,19.01865185446668
4jxs,4jxs_719,13.392043465760436
4jxs,4jxs_72,21.366496288122452
4jxs,4jxs_725,9.757935883428145
4jxs,4jxs_750,21.52157100810744
4jxs,4jxs_76,13.168903192258393
4jxs,4jxs_764,15.563875338462694
4jxs,4jxs_766,20.026097011302426
4jxs,4jxs_768,8.308109223442177
4jxs,4jxs_770,9.640498009533331
4jxs,4jxs_78,13.69936850206438
4jxs,4jxs_85,27.666453040585974
4jxs,4jxs_9,31.761556387203505
4jxs,4jxs_979,37.33565140132627
4k77,4k77_149,40.55083659065022
4k77,4k77_167,56.370745715482485
4k77,4k77_173,45.815901092536336
4k77,4k77_190,41.45836645442777
4k77,4k77_207,52.81873791350213
4k77,4k77_229,50.98565868810002
4k77,4k77_237,55.10963915787024
4k77,4k77_257,54.388147598214
4k77,4k77_290,56.62239540726326
4k77,4k77_325,28.607097126621287
4k77,4k77_328,55.93738902955892
4k77,4k77_331,47.24532180570722
4k77,4k77_403,27.658296799238123
4k77,4k77_409,49.06284191142542
4k77,4k77_412,34.10124829253505
4k77,4k77_416,22.79549872900692
4k77,4k77_420,18.781259493822024
4k77,4k77_428,28.593649908698065
4k77,4k77_437,37.22468167065581
4k77,4k77_440,36.1088717173629
4k77,4k77_443,13.34118234466783
4k77,4k77_444,19.746829474151
4k77,4k77_462,12.594404413361186
4k77,4k77_478,11.934737842712176
4k77,4k77_479,20.39205016380425
4k77,4k77_482,17.445401137342532
4k77,4k77_491,25.230034384035516
4k77,4k77_516,11.7005267285882
4k77,4k77_520,18.5017832261316
4k77,4k77_521,11.811123345607168
4k77,4k77_529,13.136808805525256
4k77,4k77_546,12.759656229660653
4k77,4k77_548,30.457885095293666
4k77,4k77_557,23.90638660152937
4k77,4k77_560,37.912446428349874
4k77,4k77_562,9.926234838269751
4k77,4k77_571,26.418697289121056
4k77,4k77_572,13.88006946018071
4k77,4k77_573,10.946674539737833
4k77,4k77_576,19.212946488123336
4k77,4k77_577,11.16914843425146
4k77,4k77_585,12.054279643910158
4k77,4k77_586,17.525517801126174
4k77,4k77_592,21.10483086403421
4k77,4k77_596,25.1752468534196
4k77,4k77_597,15.587822780621313
4k77,4k77_598,16.257451599213237
4k77,4k77_601,16.351284300176086
4k77,4k77_606,22.42327071332634
4k77,4k77_608,28.75708074571732
4k77,4k77_611,32.30540148139463
4k77,4k77_625,21.81545339976337
4k77,4k77_633,24.13044294401872
4k77,4k77_634,12.543317828490402
4k77,4k77_635,17.5218718348441
4k77,4k77_642,26.514155231310284
4k77,4k77_645,20.97653689079738
4k77,4k77_661,16.457948616845474
4k77,4k77_666,17.343042565115613
4k77,4k77_681,16.76919928991052
4k77,4k77_684,37.5783057562138
4k77,4k77_688,17.98921592510281
4k77,4k77_690,20.869248098347786
4k77,4k77_693,34.92524034556843
4k77,4k77_696,10.697900641330568
4k77,4k77_699,30.690417516660386
4k77,4k77_743,41.11867268018538
4k77,4k77_748,9.301172391232033
4k77,4k77_750,20.58016807495336
4k77,4k77_757,11.26996216697158
4k77,4k77_775,15.798281172825414
4k77,4k77_782,11.394054409392997
4k77,4k77_784,10.618260998356412
4k77,4k77_789,14.240059065678723
4k77,4k77_794,11.791579277452744
4k77,4k77_869,15.460068980946795
4k77,4k77_900,25.234905243942716
4k77,4k77_932,50.74830475649296
4k77,4k77_951,49.25555453337876
4k77,4k77_959,11.964265287224212
4k77,4k77_982,14.306389420506616
4k77,4k77_990,34.97748751956175
4kz6,4kz6_110,17.495459458678052
4kz6,4kz6_112,18.113362973651835
4kz6,4kz6_143,16.06112512906555
4kz6,4kz6_160,16.824193243892317
4kz6,4kz6_20,12.45109078573313
4kz6,4kz6_267,13.64434654802779
4kz6,4kz6_308,18.04311786632829
4kz6,4kz6_315,15.507776275911263
4kz6,4kz6_350,16.049659510125814
4kz6,4kz6_365,16.969159234492714
4kz6,4kz6_373,18.237212234276846
4kz6,4kz6_389,15.74762340242517
4kz6,4kz6_403,10.434152490838777
4kz6,4kz6_408,10.247644114878195
4kz6,4kz6_419,9.82751548198065
4kz6,4kz6_490,6.557432526388993
4kz6,4kz6_511,13.422611895164284
4kz6,4kz6_527,10.790964164950616
4kz6,4kz6_529,8.10229806491097
4kz6,4kz6_534,7.919027509979367
4kz6,4kz6_548,13.383658198336615
4kz6,4kz6_549,8.042756405655192
4kz6,4kz6_553,7.249043814967234
4kz6,4kz6_588,10.256912224983282
4kz6,4kz6_593,7.519415577046702
4kz6,4kz6_658,9.544851646631002
4kz6,4kz6_665,12.940489333009612
4kz6,4kz6_666,11.852769736153276
4kz6,4kz6_679,13.380737846231884
4kz6,4kz6_681,16.534813878651402
4kz6,4kz6_694,14.381856275117734
4kz6,4kz6_701,12.56897518995261
4kz6,4kz6_723,12.241035797382176
4kz6,4kz6_726,5.135127142979149
4kz6,4kz6_731,11.835950945920583
4kz6,4kz6_745,7.540177041943174
4kz6,4kz6_746,5.618119195285959
4kz6,4kz6_748,10.716199308803132
4kz6,4kz6_754,4.784782111189923
4kz6,4kz6_755,6.261087428226447
4kz6,4kz6_761,8.79184667176449
4kz6,4kz6_764,9.927462991646
4kz6,4kz6_766,11.083879530381958
4kz6,4kz6_768,10.918477543887107
4kz6,4kz6_772,7.92650689532481
4kz6,4kz6_773,7.667204490217299
4kz6,4kz6_775,8.52412232481457
4kz6,4kz6_776,7.777994322977333
4kz6,4kz6_778,7.997803926239983
4kz6,4kz6_785,8.519782023566835
4kz6,4kz6_787,7.354482377960986
4kz6,4kz6_790,10.771820898558085
4kz6,4kz6_796,10.449072899467671
4kz6,4kz6_798,6.864035008927438
4kz6,4kz6_815,12.741399322267991
4kz6,4kz6_819,12.25952756913813
4kz6,4kz6_839,10.33165474089618
4kz6,4kz6_840,8.423712708277062
4kz6,4kz6_853,10.75252682006385
4kz6,4kz6_854,10.693727419375584
4kz6,4kz6_858,11.091545745412748
4kz6,4kz6_873,7.679132581698613
4kz6,4kz6_874,14.42987806512832
4kz6,4kz6_875,8.306815875406778
4kz6,4kz6_878,13.144317396587246
4kz6,4kz6_879,19.5876258121215
4kz6,4kz6_888,12.176503960002906
4kz6,4kz6_892,12.449029560338277
4kz6,4kz6_895,12.221242127000275
4kz6,4kz6_897,12.59858458233628
4kz6,4kz6_900,9.305613316368392
4kz6,4kz6_925,14.902505243532016
4kz6,4kz6_955,12.523568504510264
4kz6,4kz6_958,12.405147724044332
4kz6,4kz6_960,15.356497185124589
4kz6,4kz6_974,14.144037636427315
4kzq,4kzq_133,49.50551781217878
4kzq,4kzq_14,50.08880733689456
4kzq,4kzq_163,52.25607326273703
4kzq,4kzq_311,53.64521881515675
4kzq,4kzq_409,43.06830647252273
4kzq,4kzq_425,28.77971836214556
4kzq,4kzq_427,21.81587614884055
4kzq,4kzq_428,42.22531361797788
4kzq,4kzq_432,22.426093570096526
4kzq,4kzq_434,37.06738496495
4kzq,4kzq_436,23.100456231566508
4kzq,4kzq_446,38.90534475599237
4kzq,4kzq_447,35.107592922090035
4kzq,4kzq_455,27.72508387523272
4kzq,4kzq_458,21.36508841903567
4kzq,4kzq_467,20.180112541746947
4kzq,4kzq_469,23.58519333815357
4kzq,4kzq_472,36.75710695341826
4kzq,4kzq_475,32.59510103809925
4kzq,4kzq_485,24.62292078851736
4kzq,4kzq_494,31.50389858751138
4kzq,4kzq_495,25.090888523434543
4kzq,4kzq_496,25.59866137960368
4kzq,4kzq_5,45.394203297042495
4kzq,4kzq_500,23.67415721241013
4kzq,4kzq_507,11.781014250352907
4kzq,4kzq_511,11.935469626207896
4kzq,4kzq_515,41.62743761942403
4kzq,4kzq_523,22.782437526691616
4kzq,4kzq_539,16.492808850230354
4kzq,4kzq_543,12.826376385206922
4kzq,4kzq_550,17.22025591460435
4kzq,4kzq_557,31.469934923361077
4kzq,4kzq_560,15.899829967991936
4kzq,4kzq_566,11.040879717515152
4kzq,4kzq_569,23.24622972398381
4kzq,4kzq_576,21.137256611024416
4kzq,4kzq_584,11.988399450310936
4kzq,4kzq_590,9.33254772708036
4kzq,4kzq_593,16.6461393923749
4kzq,4kzq_600,10.82192509692548
4kzq,4kzq_607,18.400348976538453
4kzq,4kzq_609,20.0578679814559
4kzq,4kzq_612,32.05069385567042
4kzq,4kzq_615,27.77584992482388
4kzq,4kzq_62,46.83200392620816
4kzq,4kzq_624,18.332910855895808
4kzq,4kzq_632,19.876995497483204
4kzq,4kzq_635,27.66510456451806
4kzq,4kzq_641,19.567339593599105
4kzq,4kzq_651,22.54172684765985
4kzq,4kzq_667,24.641483997331903
4kzq,4kzq_682,26.99498803562873
4kzq,4kzq_692,41.05645902305439
4kzq,4kzq_697,16.77272192698092
4kzq,4kzq_72,48.242331945641
4kzq,4kzq_740,15.782434950897333
4kzq,4kzq_745,18.492133182008647
4kzq,4kzq_748,12.980336667127142
4kzq,4kzq_749,4.253065528886481
4kzq,4kzq_755,19.641536612714727
4kzq,4kzq_758,4.805549046880818
4kzq,4kzq_764,7.14179792225041
4kzq,4kzq_766,5.362555531049203
4kzq,4kzq_769,7.03287473149843
4kzq,4kzq_776,7.759155788311075
4kzq,4kzq_778,18.62931354155965
4kzq,4kzq_781,3.1715701014821294
4kzq,4kzq_782,3.755701471169102
4kzq,4kzq_783,3.46639517536104
4kzq,4kzq_784,3.7520440195944023
4kzq,4kzq_794,18.593857205117512
4kzq,4kzq_837,7.677748819340688
4kzq,4kzq_838,5.408874751839154
4kzq,4kzq_845,7.784506075459196
4kzq,4kzq_847,4.258615024594363
4kzq,4kzq_856,7.339782406408377
4kzq,4kzq_861,7.987083515880954
4kzq,4kzq_865,20.42741592808701
4kzq,4kzq_866,4.645943704258234
4kzq,4kzq_868,9.21624486596922
4kzq,4kzq_874,8.914838979580713
4kzq,4kzq_875,8.811891099833863
4kzq,4kzq_876,20.249544496411666
4kzq,4kzq_877,6.29697972867768
4kzq,4kzq_878,8.10665424036318
4kzq,4kzq_880,5.520469656855302
4kzq,4kzq_883,9.220336356495066
4kzq,4kzq_884,8.880519818698268
4kzq,4kzq_888,9.798080404516524
4kzq,4kzq_890,13.168105891349798
4kzq,4kzq_891,6.95031431625185
4kzq,4kzq_892,7.445430338539122
4kzq,4kzq_893,9.58084102927678
4kzq,4kzq_974,33.8598758863791
4kzq,4kzq_990,18.79518265323648
4kzu,4kzu_112,53.90780000729215
4kzu,4kzu_206,52.34107120558481
4kzu,4kzu_256,49.44581133418593
4kzu,4kzu_286,49.71273792284982
4kzu,4kzu_411,47.609465718186655
4kzu,4kzu_422,40.08997621528712
4kzu,4kzu_424,47.82331626687926
4kzu,4kzu_426,25.264719472787174
4kzu,4kzu_429,36.740944886399134
4kzu,4kzu_432,42.387502883490775
4kzu,4kzu_439,32.99210120883116
4kzu,4kzu_455,31.075540908017334
4kzu,4kzu_468,31.02580654507643
4kzu,4kzu_472,26.161507741629634
4kzu,4kzu_474,32.324149255031585
4kzu,4kzu_481,42.136018129393136
4kzu,4kzu_483,30.702208586614574
4kzu,4kzu_491,22.364290348737
4kzu,4kzu_492,26.82551107989913
4kzu,4kzu_497,17.18812965803026
4kzu,4kzu_499,26.98618870209418
4kzu,4kzu_5,44.2719420850154
4kzu,4kzu_504,41.06690122624604
4kzu,4kzu_524,41.44576981068508
4kzu,4kzu_537,10.176125739693978
4kzu,4kzu_548,34.954156639194785
4kzu,4kzu_549,18.27451702928144
4kzu,4kzu_552,17.670754204954292
4kzu,4kzu_553,10.33598422422216
4kzu,4kzu_559,10.869060397526091
4kzu,4kzu_565,17.8019179516546
4kzu,4kzu_569,19.776113761166453
4kzu,4kzu_570,19.38929532549411
4kzu,4kzu_571,26.635262293839794
4kzu,4kzu_574,9.363630321162978
4kzu,4kzu_575,34.136994864623965
4kzu,4kzu_577,12.80365625041296
4kzu,4kzu_578,20.43548975805409
4kzu,4kzu_582,19.08475583306676
4kzu,4kzu_592,12.819001587977436
4kzu,4kzu_593,16.695467276893698
4kzu,4kzu_594,24.45431964462549
4kzu,4kzu_599,21.653504980387453
4kzu,4kzu_601,49.93315043301581
4kzu,4kzu_610,44.78808620532044
4kzu,4kzu_618,34.616326979039464
4kzu,4kzu_619,18.38328852568071
4kzu,4kzu_641,18.7327306730517
4kzu,4kzu_660,18.59777797203129
4kzu,4kzu_661,36.168732606505
4kzu,4kzu_662,16.847781394768663
4kzu,4kzu_663,23.731596670806898
4kzu,4kzu_668,13.505769007716308
4kzu,4kzu_669,24.082110673782395
4kzu,4kzu_675,23.851617782180405
4kzu,4kzu_678,14.851737014965364
4kzu,4kzu_680,18.83789143165666
4kzu,4kzu_682,19.623045470585733
4kzu,4kzu_690,26.64620723186344
4kzu,4kzu_696,23.57959185536896
4kzu,4kzu_700,21.87647830471797
4kzu,4kzu_708,11.836202452193849
4kzu,4kzu_709,19.264564522212364
4kzu,4kzu_710,10.169443943881594
4kzu,4kzu_712,8.6846447351881
4kzu,4kzu_735,7.137112899119915
4kzu,4kzu_738,7.741997740443378
4kzu,4kzu_740,8.824762404364366
4kzu,4kzu_741,9.23309801495863
4kzu,4kzu_747,6.726727095471286
4kzu,4kzu_752,4.414290305238809
4kzu,4kzu_753,7.044296547512755
4kzu,4kzu_755,7.401701307784037
4kzu,4kzu_757,8.32592418925932
4kzu,4kzu_761,5.220335262987529
4kzu,4kzu_762,6.335479264111526
4kzu,4kzu_775,4.222638966957933
4kzu,4kzu_776,13.098732151621247
4kzu,4kzu_777,9.486506569444948
4kzu,4kzu_786,9.55350737520196
4kzu,4kzu_789,7.067032423621744
4kzu,4kzu_800,9.300292783431788
4kzu,4kzu_847,3.9921097298285617
4kzu,4kzu_856,22.42846778208687
4kzu,4kzu_857,5.430265859333509
4kzu,4kzu_861,8.84792789836984
4kzu,4kzu_863,10.364716153874769
4kzu,4kzu_865,6.2554985818487445
4kzu,4kzu_867,8.950856226651046
4kzu,4kzu_872,11.801025711280174
4kzu,4kzu_877,10.998172766431528
4kzu,4kzu_878,5.794205669918774
4kzu,4kzu_883,7.6683032926400925
4kzu,4kzu_889,4.645440205154307
4kzu,4kzu_907,24.153965507773272
4kzu,4kzu_909,23.20009355478473
4kzu,4kzu_924,8.592133711138395
4kzu,4kzu_932,8.961250895171638
4kzu,4kzu_956,10.746730302099172
4kzu,4kzu_961,4.192523409962797
4llx,4llx_208,16.426199572570827
4llx,4llx_213,20.51866768848552
4llx,4llx_236,21.4084431138453
4llx,4llx_243,0.719612983929923
4llx,4llx_247,0.6634433706393649
4llx,4llx_276,19.28979229571057
4llx,4llx_293,21.16277696123481
4llx,4llx_302,19.434734902770074
4llx,4llx_386,17.807316095287995
4llx,4llx_402,20.11762355538144
4llx,4llx_403,18.16592529597181
4llx,4llx_408,11.69276713962949
4llx,4llx_414,8.057811392302225
4llx,4llx_418,7.75417003036879
4llx,4llx_419,9.779797435630876
4llx,4llx_421,15.000190843473534
4llx,4llx_422,10.602453146752536
4llx,4llx_442,15.1489998044219
4llx,4llx_443,12.482479328203288
4llx,4llx_447,13.087223501632463
4llx,4llx_451,10.934945241905268
4llx,4llx_465,10.469726841082874
4llx,4llx_471,3.7147689890518194
4llx,4llx_472,3.6535351064092136
4llx,4llx_475,12.489561087035346
4llx,4llx_478,10.702427270416257
4llx,4llx_485,9.583096283708894
4llx,4llx_498,16.2581979588903
4llx,4llx_500,6.082171684031095
4llx,4llx_512,4.660703962368349
4llx,4llx_519,14.294346975184144
4llx,4llx_525,4.51438112861752
4llx,4llx_545,17.562444058765816
4llx,4llx_553,5.051515342253666
4llx,4llx_554,2.438472183770694
4llx,4llx_558,2.195182989794449
4llx,4llx_560,3.025492137631136
4llx,4llx_579,3.707899963385824
4llx,4llx_589,2.830502683225644
4llx,4llx_609,14.528482548834186
4llx,4llx_613,11.165160316822892
4llx,4llx_621,18.96376304565335
4llx,4llx_624,10.780941246795308
4llx,4llx_635,7.443715490798424
4llx,4llx_636,10.628584259929662
4llx,4llx_641,9.913852934580008
4llx,4llx_650,10.21355477689653
4llx,4llx_666,7.31733565584726
4llx,4llx_677,15.051334892539044
4llx,4llx_684,16.238428340999214
4llx,4llx_686,10.090682995160606
4llx,4llx_689,11.509498242053684
4llx,4llx_695,6.487734068694875
4llx,4llx_716,8.528032006258538
4llx,4llx_723,11.227405184778796
4llx,4llx_727,8.19974511433084
4llx,4llx_745,11.2500836534494
4llx,4llx_746,5.083486257818794
4llx,4llx_750,5.3592529105618585
4llx,4llx_751,1.64894638018839
4llx,4llx_757,2.3470245833222525
4llx,4llx_759,5.554636265305872
4llx,4llx_769,7.082487994633573
4llx,4llx_774,3.845722349221078
4llx,4llx_779,4.425687254240101
4llx,4llx_781,6.912531521651241
4llx,4llx_784,2.1205930299137896
4llx,4llx_785,6.276939506904882
4llx,4llx_786,4.67422431005288
4llx,4llx_787,4.7283554310183735
4llx,4llx_788,1.3445311652972602
4llx,4llx_789,5.260993817266373
4llx,4llx_790,2.185693566237606
4llx,4llx_793,4.449115501054088
4llx,4llx_795,2.690011102073799
4llx,4llx_798,2.637810422875997
4llx,4llx_799,2.20412367525889
4llx,4llx_845,8.129988969018012
4llx,4llx_859,2.29921433462142
4llx,4llx_862,10.377066083406994
4llx,4llx_871,3.371569659995518
4llx,4llx_875,1.2040229220916832
4llx,4llx_877,0.8233586400398015
4llx,4llx_882,6.726659441806226
4llx,4llx_943,13.996421867554158
4llx,4llx_967,8.420147871757795
4llx,4llx_977,1.8554536779954776
4lzs,4lzs_1,24.586773636268017
4lzs,4lzs_154,28.588456616379226
4lzs,4lzs_203,12.981037714402136
4lzs,4lzs_224,14.08936920881916
4lzs,4lzs_38,26.09856053569994
4lzs,4lzs_391,26.876262434220155
4lzs,4lzs_415,21.144439915986595
4lzs,4lzs_430,25.246424209221345
4lzs,4lzs_442,14.081701981548168
4lzs,4lzs_446,12.997944724611246
4lzs,4lzs_454,16.68600985256147
4lzs,4lzs_456,15.673282349965092
4lzs,4lzs_465,12.2945843980293
4lzs,4lzs_529,10.463312865333426
4lzs,4lzs_533,16.374947279961358
4lzs,4lzs_550,19.409245796815377
4lzs,4lzs_560,14.92042068016882
4lzs,4lzs_572,15.651495221421529
4lzs,4lzs_586,18.047337072401376
4lzs,4lzs_61,24.0209016923608
4lzs,4lzs_617,16.632164740320913
4lzs,4lzs_653,13.631930710184312
4lzs,4lzs_693,12.891945809168645
4lzs,4lzs_70,26.15421709388137
4lzs,4lzs_702,26.13047935976411
4lzs,4lzs_725,20.71189118795464
4lzs,4lzs_746,19.78710767943529
4lzs,4lzs_749,12.51459840776738
4lzs,4lzs_750,11.247298073621836
4lzs,4lzs_752,17.465860073387795
4lzs,4lzs_753,5.815885619303431
4lzs,4lzs_755,12.460264045291511
4lzs,4lzs_756,10.190182105116332
4lzs,4lzs_760,9.975077674977122
4lzs,4lzs_765,11.239232657752524
4lzs,4lzs_767,8.153987484038424
4lzs,4lzs_768,10.217071658847702
4lzs,4lzs_773,7.335064758821823
4lzs,4lzs_778,19.38210074146089
4lzs,4lzs_779,18.05940568706355
4lzs,4lzs_784,15.623393273966386
4lzs,4lzs_788,11.203734162694756
4lzs,4lzs_789,8.613461565388485
4lzs,4lzs_793,13.71575580454834
4lzs,4lzs_795,9.872351781974976
4lzs,4lzs_819,24.344451237096354
4lzs,4lzs_838,17.064256761205165
4lzs,4lzs_841,19.134725630857517
4lzs,4lzs_845,16.285405383381573
4lzs,4lzs_849,18.106081492962534
4lzs,4lzs_850,17.757937694716592
4lzs,4lzs_852,18.490509487148035
4lzs,4lzs_88,25.288988492791013
4lzs,4lzs_880,10.57848368519086
4lzs,4lzs_881,11.435028472341251
4lzs,4lzs_884,13.380354921842295
4lzs,4lzs_885,13.01984210337045
4lzs,4lzs_890,11.38622965647733
4lzs,4lzs_905,25.988958082583967
4lzs,4lzs_951,17.446522363463416
4lzs,4lzs_968,24.55618618653592
4lzs,4lzs_980,18.308049694026494
4m0y,4m0y_214,25.32122214148316
4m0y,4m0y_224,14.2363609829146
4m0y,4m0y_232,24.678341099625552
4m0y,4m0y_252,15.854725978178914
4m0y,4m0y_336,20.207508370001737
4m0y,4m0y_407,14.586323340521144
4m0y,4m0y_410,21.67474088616092
4m0y,4m0y_416,20.437609035101826
4m0y,4m0y_426,14.24717301202818
4m0y,4m0y_448,12.330875521620564
4m0y,4m0y_461,14.45788380334101
4m0y,4m0y_467,15.043888244466352
4m0y,4m0y_476,12.701497087322792
4m0y,4m0y_485,12.589121961558824
4m0y,4m0y_488,14.626540728449305
4m0y,4m0y_493,13.956080569843934
4m0y,4m0y_509,11.932138963057575
4m0y,4m0y_512,32.60668613397037
4m0y,4m0y_513,23.85605037374018
4m0y,4m0y_514,14.091150873834607
4m0y,4m0y_524,10.187047862907828
4m0y,4m0y_525,14.459573426105218
4m0y,4m0y_532,20.485056252182414
4m0y,4m0y_534,14.3597532793741
4m0y,4m0y_537,21.06582482623207
4m0y,4m0y_544,28.21018340086888
4m0y,4m0y_545,10.727391467525084
4m0y,4m0y_546,15.462052768689915
4m0y,4m0y_547,14.518930535377008
4m0y,4m0y_549,10.36783936687172
4m0y,4m0y_558,12.44201123692583
4m0y,4m0y_561,20.958718743500985
4m0y,4m0y_567,19.60296880623931
4m0y,4m0y_570,11.497923333980562
4m0y,4m0y_574,20.190233046308585
4m0y,4m0y_586,11.687520992751017
4m0y,4m0y_589,11.874728750415988
4m0y,4m0y_591,24.572932282518924
4m0y,4m0y_592,27.951711197888244
4m0y,4m0y_598,29.836579848130164
4m0y,4m0y_601,20.65653952327495
4m0y,4m0y_610,24.502248292860344
4m0y,4m0y_619,24.529412311002385
4m0y,4m0y_631,15.828230778231404
4m0y,4m0y_646,20.629005321939307
4m0y,4m0y_655,21.79138689348156
4m0y,4m0y_659,23.00863565174858
4m0y,4m0y_662,16.358625940262193
4m0y,4m0y_669,25.36345780018368
4m0y,4m0y_682,28.907870423934902
4m0y,4m0y_684,20.5945771570778
4m0y,4m0y_686,32.70845107614669
4m0y,4m0y_697,19.31150368636766
4m0y,4m0y_739,32.99058200148298
4m0y,4m0y_740,36.27036220374731
4m0y,4m0y_743,12.017085832750896
4m0y,4m0y_748,21.510443397740865
4m0y,4m0y_750,23.14529843045739
4m0y,4m0y_752,12.215298864496516
4m0y,4m0y_753,23.70989815848357
4m0y,4m0y_756,29.952931456096863
4m0y,4m0y_757,27.55142113961065
4m0y,4m0y_758,26.750936653650413
4m0y,4m0y_759,26.62387666151268
4m0y,4m0y_767,28.53578167674971
4m0y,4m0y_814,41.33995839740391
4m0y,4m0y_822,23.702027624275363
4m0y,4m0y_827,35.770978944335035
4m0y,4m0y_839,23.44716021946961
4m0y,4m0y_846,26.926907962343535
4m0y,4m0y_856,26.796696251956703
4m0y,4m0y_863,27.343708001371645
4m0y,4m0y_873,25.80554669279918
4m0y,4m0y_883,26.87683377917844
4m0y,4m0y_907,33.32943313435961
4m0y,4m0y_920,36.4085868000185
4m0y,4m0y_922,37.6184308085703
4m0y,4m0y_923,38.09772565375171
4m0y,4m0y_951,23.02196062507
4m0y,4m0y_952,38.88207577787703
4m0z,4m0z_402,33.62112910711302
4m0z,4m0z_41,36.63400077192686
4m0z,4m0z_415,33.893046180509735
4m0z,4m0z_436,30.802960267625718
4m0z,4m0z_439,35.6302741291561
4m0z,4m0z_443,24.13621449246546
4m0z,4m0z_444,30.77676886459096
4m0z,4m0z_450,30.08644367712623
4m0z,4m0z_455,32.835626310685655
4m0z,4m0z_456,28.48077680585574
4m0z,4m0z_457,27.880254616260643
4m0z,4m0z_462,35.007369261529625
4m0z,4m0z_473,35.58377349506333
4m0z,4m0z_477,23.083094271928527
4m0z,4m0z_487,32.73397412368826
4m0z,4m0z_492,28.76408358788593
4m0z,4m0z_494,29.657202938565465
4m0z,4m0z_501,34.954903047108814
4m0z,4m0z_505,31.259245636177464
4m0z,4m0z_508,35.01722999305694
4m0z,4m0z_516,36.10715324018817
4m0z,4m0z_517,30.88496415550471
4m0z,4m0z_526,30.875950990993584
4m0z,4m0z_529,28.97427856804821
4m0z,4m0z_532,32.9650927744106
4m0z,4m0z_539,31.205326072367072
4m0z,4m0z_552,31.40096094114953
4m0z,4m0z_558,31.95792721884748
4m0z,4m0z_560,34.59611128410403
4m0z,4m0z_568,32.58472304807291
4m0z,4m0z_571,25.5316208105898
4m0z,4m0z_574,30.64800181677356
4m0z,4m0z_575,29.38915259025641
4m0z,4m0z_580,29.78537080627796
4m0z,4m0z_581,35.795726103881535
4m0z,4m0z_584,33.72818374741931
4m0z,4m0z_600,32.210820473645185
4m0z,4m0z_601,31.83334013602204
4m0z,4m0z_603,32.55891743627137
4m0z,4m0z_614,33.349546591053745
4m0z,4m0z_615,30.68319736734872
4m0z,4m0z_626,35.446644951408715
4m0z,4m0z_633,30.35266390431093
4m0z,4m0z_634,28.71764916063968
4m0z,4m0z_640,26.50715118728898
4m0z,4m0z_641,31.30612208725098
4m0z,4m0z_646,29.73797660417316
4m0z,4m0z_648,28.69531271675589
4m0z,4m0z_650,28.93885329823633
4m0z,4m0z_662,21.16875045979609
4m0z,4m0z_666,29.73363908198729
4m0z,4m0z_669,34.706038070760414
4m0z,4m0z_678,29.89018936916413
4m0z,4m0z_680,27.982743557161957
4m0z,4m0z_683,31.82555613811243
4m0z,4m0z_684,33.278278082062144
4m0z,4m0z_685,28.508308355134982
4m0z,4m0z_686,34.60093881762858
4m0z,4m0z_690,29.273069219614825
4m0z,4m0z_695,35.88722755834224
4m0z,4m0z_696,28.08052361673296
4m0z,4m0z_697,32.151471304332425
4m0z,4m0z_699,30.39424817980101
4m0z,4m0z_700,33.08499278193768
4m0z,4m0z_779,31.889951513376342
4m0z,4m0z_869,33.68320265254831
4m0z,4m0z_878,26.534540612272284
4m0z,4m0z_880,19.686250134891
4m0z,4m0z_882,22.596981970608283
4m0z,4m0z_883,25.770066224729053
4mgd,4mgd_1000,28.910582820671635
4mgd,4mgd_132,38.44735022179262
4mgd,4mgd_223,32.07907307807739
4mgd,4mgd_24,42.43401123488155
4mgd,4mgd_272,44.71900986907914
4mgd,4mgd_283,35.589273864879
4mgd,4mgd_425,38.25663024852779
4mgd,4mgd_427,35.02869814857403
4mgd,4mgd_428,38.834848087373736
4mgd,4mgd_455,41.06175191318157
4mgd,4mgd_467,29.90520256682432
4mgd,4mgd_469,31.92499540212075
4mgd,4mgd_520,26.21487132758384
4mgd,4mgd_568,29.80142789313012
4mgd,4mgd_571,22.575962230069685
4mgd,4mgd_579,30.41367649960945
4mgd,4mgd_586,28.66103262007366
4mgd,4mgd_609,26.49923408592903
4mgd,4mgd_660,25.68367858005629
4mgd,4mgd_669,25.463427319182237
4mgd,4mgd_683,22.69735063875649
4mgd,4mgd_690,31.710848992576175
4mgd,4mgd_732,33.31108056893907
4mgd,4mgd_753,23.56121641735361
4mgd,4mgd_761,31.640335707606468
4mgd,4mgd_763,19.377577148640693
4mgd,4mgd_768,19.648917560487675
4mgd,4mgd_772,26.487130472797304
4mgd,4mgd_779,24.841726517239465
4mgd,4mgd_781,26.138767237751512
4mgd,4mgd_782,17.916788698826238
4mgd,4mgd_783,33.69446045888205
4mgd,4mgd_784,23.78706717271912
4mgd,4mgd_790,31.234675609283144
4mgd,4mgd_791,19.674661327791807
4mgd,4mgd_792,15.712882687222251
4mgd,4mgd_793,22.6951314007481
4mgd,4mgd_795,24.47542255352038
4mgd,4mgd_799,26.830473074317275
4mgd,4mgd_800,18.064503685015488
4mgd,4mgd_820,27.32208074976586
4mgd,4mgd_829,35.53001187064155
4mgd,4mgd_894,25.873595175852152
4mgd,4mgd_95,38.58120479498159
4mgd,4mgd_96,45.0946401918061
4mme,4mme_403,32.51914039507906
4mme,4mme_406,30.903236367191276
4mme,4mme_407,22.604637688093717
4mme,4mme_409,33.58171450006302
4mme,4mme_413,29.659848353011213
4mme,4mme_425,30.951785622293198
4mme,4mme_426,25.79435369988955
4mme,4mme_434,31.486507053230728
4mme,4mme_440,28.14257985445361
4mme,4mme_441,29.033463380475474
4mme,4mme_442,18.87701345003082
4mme,4mme_455,23.1723588118236
4mme,4mme_456,10.548880462654289
4mme,4mme_466,31.00974839691117
4mme,4mme_468,30.63778074358295
4mme,4mme_469,18.909833875989467
4mme,4mme_472,14.531794481020665
4mme,4mme_475,18.910059428726097
4mme,4mme_482,21.562576429968043
4mme,4mme_486,18.68800741348557
4mme,4mme_489,7.27472101814442
4mme,4mme_492,23.767134929571984
4mme,4mme_498,27.13110218394704
4mme,4mme_511,10.447945061428465
4mme,4mme_520,5.302222773132936
4mme,4mme_521,10.085904102259382
4mme,4mme_522,26.37001022097545
4mme,4mme_524,6.890032178424837
4mme,4mme_534,11.0559621011125
4mme,4mme_539,7.811297354320599
4mme,4mme_552,28.46816976399461
4mme,4mme_555,10.593517571264083
4mme,4mme_559,11.817366160678088
4mme,4mme_565,10.683400783024508
4mme,4mme_566,19.075917161758944
4mme,4mme_567,9.21284910525262
4mme,4mme_568,6.995986688577868
4mme,4mme_575,14.453902282051535
4mme,4mme_577,10.917225278350724
4mme,4mme_580,29.256895459141912
4mme,4mme_584,12.095253860968588
4mme,4mme_593,6.375093255767367
4mme,4mme_600,13.170220900217858
4mme,4mme_611,24.34821282018138
4mme,4mme_622,23.180575504020435
4mme,4mme_635,24.520535397041037
4mme,4mme_644,9.265567304999257
4mme,4mme_646,26.27262148370372
4mme,4mme_651,13.639026663759113
4mme,4mme_656,17.37733000580918
4mme,4mme_657,11.498931726897112
4mme,4mme_667,4.568789983776831
4mme,4mme_670,7.316851962137842
4mme,4mme_674,8.860605129888068
4mme,4mme_676,23.22815466615592
4mme,4mme_685,9.441101778478686
4mme,4mme_687,5.466565737679833
4mme,4mme_695,16.47429784830797
4ogj,4ogj_128,11.17131535973676
4ogj,4ogj_138,21.65748364876394
4ogj,4ogj_177,19.854662075972552
4ogj,4ogj_202,18.809690691405542
4ogj,4ogj_209,16.47722887548456
4ogj,4ogj_221,15.46515782437124
4ogj,4ogj_222,21.504107819039543
4ogj,4ogj_223,14.65118911557179
4ogj,4ogj_228,18.85923002278896
4ogj,4ogj_229,17.953661440775857
4ogj,4ogj_230,11.951669229228695
4ogj,4ogj_233,19.91276365485369
4ogj,4ogj_243,21.042493749274108
4ogj,4ogj_245,23.201415427543285
4ogj,4ogj_247,15.331034569635158
4ogj,4ogj_250,14.463470415534854
4ogj,4ogj_259,13.24365799646359
4ogj,4ogj_260,19.00301135493811
4ogj,4ogj_263,18.031444963806656
4ogj,4ogj_267,23.103637609009784
4ogj,4ogj_271,15.628164621924151
4ogj,4ogj_279,20.60876100205581
4ogj,4ogj_282,18.06916433200957
4ogj,4ogj_286,15.157654860074562
4ogj,4ogj_291,16.522406712385678
4ogj,4ogj_297,26.68878551228316
4ogj,4ogj_300,21.294429194346883
4ogj,4ogj_40,17.318959857948666
4ogj,4ogj_439,18.79259442175231
4ogj,4ogj_44,16.695923376798856
4ogj,4ogj_447,12.84946886029724
4ogj,4ogj_45,13.205206124206557
4ogj,4ogj_478,15.922380520828897
4ogj,4ogj_503,25.31499244632218
4ogj,4ogj_523,21.63666455086437
4ogj,4ogj_527,15.754436144628569
4ogj,4ogj_565,18.29615703537168
4ogj,4ogj_569,13.23047454614414
4ogj,4ogj_570,29.796635091428232
4ogj,4ogj_575,21.415485575236985
4ogj,4ogj_619,15.490646076148169
4ogj,4ogj_627,13.526491488346036
4ogj,4ogj_637,10.117332995351342
4ogj,4ogj_638,21.854808054721865
4ogj,4ogj_65,16.635158592377323
4ogj,4ogj_658,19.036815323442504
4ogj,4ogj_661,26.08530676464289
4ogj,4ogj_664,15.436077405514236
4ogj,4ogj_670,22.850482667512065
4ogj,4ogj_677,15.89323974483002
4ogj,4ogj_698,20.63389992498488
4ogj,4ogj_7,17.758622327347368
4ogj,4ogj_70,15.584431570163316
4ogj,4ogj_700,13.083915191188655
4ogj,4ogj_701,38.99154980186477
4ogj,4ogj_72,14.885189849850883
4ogj,4ogj_722,41.96174911730454
4ogj,4ogj_723,42.20639407824328
4ogj,4ogj_742,38.45826162889381
4ogj,4ogj_743,45.31271796612993
4ogj,4ogj_744,40.25628610031688
4ogj,4ogj_746,16.718624950345685
4ogj,4ogj_750,40.972886987076215
4ogj,4ogj_753,40.60457899947098
4ogj,4ogj_757,42.10880518916802
4ogj,4ogj_758,42.09232894310434
4ogj,4ogj_762,40.82863937469478
4ogj,4ogj_764,41.21898608239031
4ogj,4ogj_771,24.598001492963103
4ogj,4ogj_778,41.88579800293356
4ogj,4ogj_782,40.28987061788688
4ogj,4ogj_784,43.17481353740541
4ogj,4ogj_785,14.310991049235312
4ogj,4ogj_789,40.59057457988503
4ogj,4ogj_792,38.699736659677725
4ogj,4ogj_795,31.54725529893113
4ogj,4ogj_808,16.124282146643548
4ogj,4ogj_824,40.66371178137823
4ogj,4ogj_852,16.420594122907108
4ogj,4ogj_881,43.47179792901338
4ogj,4ogj_882,39.32501191096103
4ogj,4ogj_89,24.45150773371681
4ogj,4ogj_897,42.87853392937805
4ogj,4ogj_914,38.70951560934046
4ogj,4ogj_935,42.5567317638188
4ogj,4ogj_936,39.63742679199519
4ogj,4ogj_937,43.03422208489114
4ogj,4ogj_957,43.03213017299718
4ogj,4ogj_969,43.57401351567249
4ogj,4ogj_990,43.5446744196453
4ogj,4ogj_993,44.1925625055392
4ogj,4ogj_999,43.60349241146632
4owm,4owm_109,4.364761823136464
4owm,4owm_114,4.237745635700236
4owm,4owm_135,21.47160368803473
4owm,4owm_148,4.50453251076094
4owm,4owm_16,20.39358402383237
4owm,4owm_163,17.752613575523625
4owm,4owm_215,2.859985767270384
4owm,4owm_216,15.784678170603724
4owm,4owm_223,18.447890750657507
4owm,4owm_228,2.2192590658858355
4owm,4owm_230,18.852277387729224
4owm,4owm_232,18.121583838644447
4owm,4owm_243,4.087710511213486
4owm,4owm_260,3.227522448110258
4owm,4owm_270,2.2387159087383064
4owm,4owm_272,2.6146693887317096
4owm,4owm_278,2.446563331359189
4owm,4owm_280,2.289113342171634
4owm,4owm_287,2.544371273500041
4owm,4owm_293,2.4147170392239823
4owm,4owm_299,3.1395942384715987
4owm,4owm_305,19.28674912558357
4owm,4owm_329,2.2059290337954574
4owm,4owm_346,2.198237355526481
4owm,4owm_362,20.884869717546124
4owm,4owm_366,20.58225399422959
4owm,4owm_378,20.08254682051006
4owm,4owm_389,20.32074142259144
4owm,4owm_392,1.8721113171091432
4owm,4owm_397,2.891815590155324
4owm,4owm_407,19.05709974384825
4owm,4owm_427,16.066368980087223
4owm,4owm_430,17.217659469537082
4owm,4owm_437,12.888084368952606
4owm,4owm_440,15.860192512606712
4owm,4owm_455,17.000901605506154
4owm,4owm_461,12.307661524555972
4owm,4owm_463,12.918488463379214
4owm,4owm_465,7.214960152547426
4owm,4owm_475,5.64154494720489
4owm,4owm_482,4.053479069213391
4owm,4owm_484,7.335829089199324
4owm,4owm_493,9.64394202417479
4owm,4owm_501,15.596545509916334
4owm,4owm_506,11.800524684677288
4owm,4owm_509,8.010430189129544
4owm,4owm_517,8.395471447785013
4owm,4owm_534,17.846531015469044
4owm,4owm_542,14.032075141469791
4owm,4owm_554,7.497174948423353
4owm,4owm_556,6.97670994198278
4owm,4owm_561,8.065302041087381
4owm,4owm_571,13.58160126387646
4owm,4owm_572,12.511792878680716
4owm,4owm_574,11.417921042607254
4owm,4owm_575,9.628222371230196
4owm,4owm_576,5.310871447631025
4owm,4owm_579,4.995235530834504
4owm,4owm_582,7.294140536600777
4owm,4owm_583,10.934868678868296
4owm,4owm_584,4.073578429867005
4owm,4owm_595,16.501387133616266
4owm,4owm_619,12.107252807283908
4owm,4owm_626,5.937841554600262
4owm,4owm_629,20.508857522065657
4owm,4owm_637,19.244552726425347
4owm,4owm_639,10.224853130057133
4owm,4owm_648,7.554658793841223
4owm,4owm_661,4.560051784785136
4owm,4owm_663,7.154880301163374
4owm,4owm_670,7.64001634309002
4owm,4owm_671,14.899641539895107
4owm,4owm_674,5.010697716241869
4owm,4owm_689,11.910229339265127
4owm,4owm_695,14.99941307472088
4owm,4owm_742,6.286675585862056
4owm,4owm_760,8.545797045404495
4owm,4owm_768,6.69153305321017
4owm,4owm_774,4.286045993947703
4owm,4owm_779,10.620512995722626
4owm,4owm_780,8.346659942137011
4owm,4owm_849,18.238582475278463
4owm,4owm_851,10.918341859779217
4owm,4owm_860,8.0825407431612
4owm,4owm_872,11.208062140572055
4owm,4owm_874,8.77124101449381
4pcs,4pcs_141,48.29665456784412
4pcs,4pcs_152,55.484022914763344
4pcs,4pcs_164,48.3742718585136
4pcs,4pcs_165,44.27247674011689
4pcs,4pcs_173,49.50211961525949
4pcs,4pcs_190,37.14890836086138
4pcs,4pcs_196,53.98565125903709
4pcs,4pcs_202,41.22531480678238
4pcs,4pcs_241,30.81218804106048
4pcs,4pcs_257,43.56264113776363
4pcs,4pcs_274,31.162491726646014
4pcs,4pcs_309,57.91625907769554
4pcs,4pcs_401,34.62442076229385
4pcs,4pcs_409,44.233702537111206
4pcs,4pcs_413,26.75639213875709
4pcs,4pcs_416,36.8680151119062
4pcs,4pcs_437,29.875977569595687
4pcs,4pcs_443,13.35087984172972
4pcs,4pcs_444,12.963794135484356
4pcs,4pcs_448,36.179269970478536
4pcs,4pcs_452,11.569892991876994
4pcs,4pcs_476,17.297136133245107
4pcs,4pcs_477,12.960781024507742
4pcs,4pcs_486,10.30100193545786
4pcs,4pcs_491,15.432224847978468
4pcs,4pcs_494,11.58653277836834
4pcs,4pcs_512,13.808178576902913
4pcs,4pcs_518,16.940198815710627
4pcs,4pcs_521,7.061046057072258
4pcs,4pcs_527,4.618625521061448
4pcs,4pcs_533,8.093748252883023
4pcs,4pcs_537,4.037991327720637
4pcs,4pcs_538,10.980945932766891
4pcs,4pcs_545,9.191302666896553
4pcs,4pcs_548,17.281699533156683
4pcs,4pcs_549,12.798596910236457
4pcs,4pcs_552,9.628629591668068
4pcs,4pcs_554,25.32422953938528
4pcs,4pcs_564,5.71791305559828
4pcs,4pcs_572,10.187442404379174
4pcs,4pcs_580,8.303303566214817
4pcs,4pcs_581,10.179488880951164
4pcs,4pcs_588,11.068459812557643
4pcs,4pcs_592,3.067339491665388
4pcs,4pcs_598,8.636979122439836
4pcs,4pcs_600,9.163580126593065
4pcs,4pcs_63,48.42327253252442
4pcs,4pcs_654,15.449177895599387
4pcs,4pcs_663,11.137842365803952
4pcs,4pcs_684,26.54555812348069
4pcs,4pcs_697,24.371298590841977
4pcs,4pcs_719,45.44178350263319
4pcs,4pcs_734,43.76108159537416
4pcs,4pcs_749,48.950759205233815
4pcs,4pcs_765,15.094812081253757
4pcs,4pcs_773,32.255875909604484
4pcs,4pcs_776,31.915351777733623
4pcs,4pcs_777,10.65863557091554
4pcs,4pcs_78,43.933713328218325
4pcs,4pcs_780,14.085838190292668
4pcs,4pcs_785,24.525045415865183
4pcs,4pcs_788,29.620084014498268
4pcs,4pcs_789,16.006564218637717
4pcs,4pcs_790,13.420923409783272
4pcs,4pcs_795,9.160232231749715
4pcs,4pcs_800,5.536393918804372
4pcs,4pcs_812,52.753784921179744
4pcs,4pcs_826,45.825037754899775
4pcs,4pcs_828,50.45980675277933
4pcs,4pcs_883,24.595941839133094
4qac,4qac_109,49.86834498977517
4qac,4qac_114,60.97607564764776
4qac,4qac_115,56.89693140350711
4qac,4qac_116,53.80791752640371
4qac,4qac_136,51.95195524124453
4qac,4qac_144,52.73927501682571
4qac,4qac_194,49.199785634019925
4qac,4qac_232,52.38581988669797
4qac,4qac_353,43.90568052759744
4qac,4qac_372,56.122571442369065
4qac,4qac_406,39.67031146655798
4qac,4qac_410,39.94205454767104
4qac,4qac_411,37.23592634872587
4qac,4qac_419,45.50487809897456
4qac,4qac_424,39.35789282513792
4qac,4qac_441,37.728551985972736
4qac,4qac_444,41.46647298834329
4qac,4qac_447,40.1938746235204
4qac,4qac_450,40.0509735250315
4qac,4qac_456,43.261401343874965
4qac,4qac_466,39.16285245264742
4qac,4qac_471,40.97119552095992
4qac,4qac_476,42.23036575466651
4qac,4qac_481,36.462678914702906
4qac,4qac_484,42.34294206901923
4qac,4qac_486,38.86882609230601
4qac,4qac_489,38.81248558934447
4qac,4qac_497,32.304749567489324
4qac,4qac_499,41.66464936227063
4qac,4qac_50,51.69833040152779
4qac,4qac_501,31.512289133218044
4qac,4qac_502,35.04159648406277
4qac,4qac_507,23.41623649862668
4qac,4qac_509,25.98787719903013
4qac,4qac_512,25.551669759039594
4qac,4qac_513,23.65391925758737
4qac,4qac_518,43.066080905590816
4qac,4qac_538,23.58780468996189
4qac,4qac_539,28.232345459720424
4qac,4qac_550,43.44607499358329
4qac,4qac_553,28.26221159452665
4qac,4qac_557,29.287863937181594
4qac,4qac_563,44.40213180338111
4qac,4qac_565,24.648823301852023
4qac,4qac_567,42.6654176245716
4qac,4qac_569,19.479257504926935
4qac,4qac_581,28.96957660859519
4qac,4qac_588,21.15856200149
4qac,4qac_593,49.01622905138993
4qac,4qac_600,37.55831300116451
4qac,4qac_634,38.95537648109053
4qac,4qac_635,27.681814428706584
4qac,4qac_659,21.25552625948341
4qac,4qac_673,39.70226157163344
4qac,4qac_683,43.74526341186794
4qac,4qac_689,24.829653170548006
4qac,4qac_692,43.881654354344526
4qac,4qac_702,41.62846440731276
4qac,4qac_711,22.74298068450936
4qac,4qac_718,29.04847340573121
4qac,4qac_722,22.239840835939805
4qac,4qac_739,37.00792444899036
4qac,4qac_745,24.560551327569662
4qac,4qac_755,13.793384791595765
4qac,4qac_764,22.212823439351112
4qac,4qac_769,16.64242394717905
4qac,4qac_770,24.29384466347277
4qac,4qac_772,19.73806413882453
4qac,4qac_773,20.51195972483079
4qac,4qac_777,20.424099544109467
4qac,4qac_780,29.33386744315732
4qac,4qac_781,15.393663810266547
4qac,4qac_782,18.336002638015845
4qac,4qac_786,25.68578222233724
4qac,4qac_787,15.869461741353083
4qac,4qac_789,17.920900538965366
4qac,4qac_791,31.687556863320697
4qac,4qac_793,26.128178805517365
4qac,4qac_795,23.67855378017769
4qac,4qac_800,33.40675418754868
4qac,4qac_813,29.35355376718524
4qac,4qac_824,23.465105209057228
4qac,4qac_828,25.92754962928578
4qac,4qac_849,30.86330755461904
4qac,4qac_871,22.47307103204663
4qac,4qac_875,21.986885265303137
4qac,4qac_883,38.30952244800565
4qac,4qac_888,24.51384230726501
4qac,4qac_893,33.22500314837732
4qac,4qac_945,51.8960010935591
4qac,4qac_962,22.60207051424862
4qac,4qac_969,24.743472195026644
4qac,4qac_975,26.696982092718404
4qd6,4qd6_103,17.992023618644588
4qd6,4qd6_160,56.24824837047114
4qd6,4qd6_167,22.762024776308987
4qd6,4qd6_187,15.664462732524466
4qd6,4qd6_207,52.555595844494206
4qd6,4qd6_219,31.17138655868896
4qd6,4qd6_230,18.223098477630145
4qd6,4qd6_265,24.07901572382717
4qd6,4qd6_268,16.141033389839645
4qd6,4qd6_276,15.942380039245208
4qd6,4qd6_290,15.879251403821677
4qd6,4qd6_294,19.91203895525888
4qd6,4qd6_298,13.553331099201806
4qd6,4qd6_302,15.441734293760524
4qd6,4qd6_312,20.732281720196585
4qd6,4qd6_339,51.00514662341205
4qd6,4qd6_346,16.79143831766964
4qd6,4qd6_347,51.450972425438046
4qd6,4qd6_387,13.742337515396144
4qd6,4qd6_390,51.16113760724089
4qd6,4qd6_397,18.51635687460381
4qd6,4qd6_408,37.55301564148977
4qd6,4qd6_414,24.595144215936205
4qd6,4qd6_428,16.8747530536634
4qd6,4qd6_429,20.49640312017337
4qd6,4qd6_44,36.21783511632541
4qd6,4qd6_448,19.129565224115144
4qd6,4qd6_449,21.89312708850697
4qd6,4qd6_460,26.124098139598438
4qd6,4qd6_465,23.832356962836677
4qd6,4qd6_471,20.08411069916966
4qd6,4qd6_473,17.28766544834381
4qd6,4qd6_475,19.67884299947314
4qd6,4qd6_490,17.52786642702098
4qd6,4qd6_501,38.17156878791767
4qd6,4qd6_507,41.72261416433971
4qd6,4qd6_511,19.117095112033432
4qd6,4qd6_516,21.751006307592792
4qd6,4qd6_518,24.55001521876369
4qd6,4qd6_519,35.728541401625804
4qd6,4qd6_520,20.326580788854294
4qd6,4qd6_528,35.54668620987904
4qd6,4qd6_529,11.19998067543243
4qd6,4qd6_540,10.59063826826858
4qd6,4qd6_547,24.98160623137166
4qd6,4qd6_568,27.45135141215971
4qd6,4qd6_573,16.99851723050295
4qd6,4qd6_574,20.860058719156804
4qd6,4qd6_578,20.659736564590723
4qd6,4qd6_58,54.01404772339147
4qd6,4qd6_588,15.437275768381438
4qd6,4qd6_593,21.08386428216988
4qd6,4qd6_6,30.38069852179069
4qd6,4qd6_612,24.494108005040896
4qd6,4qd6_614,25.725867758487546
4qd6,4qd6_62,18.1126894787463
4qd6,4qd6_621,19.210614371675558
4qd6,4qd6_623,21.648639169265216
4qd6,4qd6_639,19.18005824696835
4qd6,4qd6_642,35.47764909682465
4qd6,4qd6_653,39.09951526551469
4qd6,4qd6_671,22.937242966065824
4qd6,4qd6_673,20.423023298497363
4qd6,4qd6_674,45.726359126614064
4qd6,4qd6_675,11.99475890789322
4qd6,4qd6_678,16.136384520665956
4qd6,4qd6_681,22.60362864918559
4qd6,4qd6_683,20.33980944383461
4qd6,4qd6_687,24.93381259995261
4qd6,4qd6_700,34.92753027548611
4qd6,4qd6_707,64.94979306196647
4qd6,4qd6_708,58.48544825500869
4qd6,4qd6_709,54.42017897448834
4qd6,4qd6_714,61.91655210195511
4qd6,4qd6_737,52.01921081852254
4qd6,4qd6_790,63.64995917833483
4qd6,4qd6_82,29.12041400036632
4qd6,4qd6_825,61.70704467476839
4qd6,4qd6_835,48.42741849366972
4qd6,4qd6_84,40.90219290027673
4qd6,4qd6_847,62.86400463948375
4qd6,4qd6_85,58.559633077889046
4qd6,4qd6_925,56.17026013256159
4qd6,4qd6_934,53.29299794050171
4qd6,4qd6_939,60.364362997974936
4qd6,4qd6_942,65.20488837774325
4qd6,4qd6_948,45.83856650013898
4qd6,4qd6_954,57.37438908245635
4qd6,4qd6_958,63.73500649418545
4qd6,4qd6_960,60.1242949688072
4qd6,4qd6_971,58.23634770920855
4qd6,4qd6_975,64.27741552798331
4qd6,4qd6_978,62.67733575399457
4rfm,4rfm_113,55.95583370702767
4rfm,4rfm_140,35.50724636912082
4rfm,4rfm_185,52.36698735134872
4rfm,4rfm_191,47.11107978873921
4rfm,4rfm_21,49.63493887226269
4rfm,4rfm_223,32.015479070147165
4rfm,4rfm_233,59.72808069885753
4rfm,4rfm_259,24.09501407468182
4rfm,4rfm_26,34.75306415345338
4rfm,4rfm_262,25.587932764987983
4rfm,4rfm_3,40.5589180535232
4rfm,4rfm_31,34.628265604161726
4rfm,4rfm_313,20.963218529602333
4rfm,4rfm_319,15.020125652209131
4rfm,4rfm_321,25.884036657281648
4rfm,4rfm_327,60.11898961858624
4rfm,4rfm_344,17.02236544360294
4rfm,4rfm_350,19.090317583107048
4rfm,4rfm_353,55.74758285678667
4rfm,4rfm_354,59.54707491000221
4rfm,4rfm_37,57.14411634983461
4rfm,4rfm_39,15.85722213826073
4rfm,4rfm_402,20.048589312732805
4rfm,4rfm_404,21.375002147639805
4rfm,4rfm_412,33.91248230563128
4rfm,4rfm_413,23.861363474532062
4rfm,4rfm_43,28.335314153338555
4rfm,4rfm_430,43.90711442726096
4rfm,4rfm_440,19.068350195279503
4rfm,4rfm_453,27.500168148069356
4rfm,4rfm_458,36.06212457283642
4rfm,4rfm_473,27.563761349147
4rfm,4rfm_480,26.044705839908342
4rfm,4rfm_487,21.643795458883638
4rfm,4rfm_488,32.95919379475328
4rfm,4rfm_497,32.11015718935104
4rfm,4rfm_498,23.5015986958246
4rfm,4rfm_506,16.51836082752854
4rfm,4rfm_508,45.18507001438343
4rfm,4rfm_514,10.957754806493623
4rfm,4rfm_524,49.854912909221
4rfm,4rfm_529,22.79708171536412
4rfm,4rfm_533,36.62515254086426
4rfm,4rfm_534,16.41261381788437
4rfm,4rfm_536,26.44961986524905
4rfm,4rfm_542,24.37805269399733
4rfm,4rfm_545,20.862367430742573
4rfm,4rfm_553,20.82092290575203
4rfm,4rfm_557,14.49690689395774
4rfm,4rfm_559,17.234891317589216
4rfm,4rfm_560,23.36204691800624
4rfm,4rfm_562,20.46300104407214
4rfm,4rfm_567,21.9854942895799
4rfm,4rfm_569,12.013852807770908
4rfm,4rfm_577,32.01949041536559
4rfm,4rfm_580,26.31493499486716
4rfm,4rfm_588,13.78811339803799
4rfm,4rfm_589,10.768344363649408
4rfm,4rfm_592,38.51559306064448
4rfm,4rfm_593,19.768348915255192
4rfm,4rfm_598,8.146909163031316
4rfm,4rfm_612,55.42857544992132
4rfm,4rfm_627,49.04429606522826
4rfm,4rfm_629,18.40970594390084
4rfm,4rfm_635,43.95283237407399
4rfm,4rfm_637,21.83681701614324
4rfm,4rfm_639,17.26744212370436
4rfm,4rfm_640,26.12942086425324
4rfm,4rfm_641,22.31385197673727
4rfm,4rfm_642,45.194208071525736
4rfm,4rfm_646,27.83197229092622
4rfm,4rfm_650,21.01605398338168
4rfm,4rfm_652,31.333709032683707
4rfm,4rfm_66,50.623205659911946
4rfm,4rfm_665,27.801556623725897
4rfm,4rfm_667,25.13888288433147
4rfm,4rfm_669,29.0700103583325
4rfm,4rfm_670,23.762439107819343
4rfm,4rfm_675,21.94610272025185
4rfm,4rfm_682,18.057658952299903
4rfm,4rfm_689,15.547948678379433
4rfm,4rfm_694,11.467115842433254
4rfm,4rfm_729,46.66451103121914
4rfm,4rfm_732,40.584082247360406
4rfm,4rfm_744,25.53913643234542
4rfm,4rfm_747,23.825389821881732
4rfm,4rfm_748,25.908574298985812
4rfm,4rfm_798,53.39796009979566
4rfm,4rfm_85,62.3974002880024
4rfm,4rfm_863,47.39525545391219
4rfm,4rfm_869,47.41430862749719
4rfm,4rfm_9,61.17364990026151
4rfm,4rfm_936,46.19110057820087
4rfm,4rfm_940,41.419254680557934
4rfm,4rfm_941,48.3593747238389
4tmn,4tmn_129,6.281629122965244
4tmn,4tmn_137,6.580446139068835
4tmn,4tmn_141,12.455117374361404
4tmn,4tmn_146,7.646985543293498
4tmn,4tmn_148,8.466815396350015
4tmn,4tmn_150,8.81546134386089
4tmn,4tmn_16,16.983557746498512
4tmn,4tmn_164,14.656834479163262
4tmn,4tmn_192,9.498955335449953
4tmn,4tmn_196,5.816255606817286
4tmn,4tmn_208,50.38967326618571
4tmn,4tmn_209,48.49671944819161
4tmn,4tmn_214,29.09229723017224
4tmn,4tmn_215,52.96332202850218
4tmn,4tmn_218,50.51815972421787
4tmn,4tmn_224,52.26423480607892
4tmn,4tmn_229,51.58658065294728
4tmn,4tmn_231,49.04428813735258
4tmn,4tmn_238,30.11527166452249
4tmn,4tmn_242,30.667274110497384
4tmn,4tmn_248,50.37216699609572
4tmn,4tmn_258,50.26945166987005
4tmn,4tmn_260,48.55198441191513
4tmn,4tmn_268,50.50242261654344
4tmn,4tmn_274,34.643783799560254
4tmn,4tmn_275,52.40643465130183
4tmn,4tmn_278,50.03876089825894
4tmn,4tmn_283,43.89247875686637
4tmn,4tmn_290,18.205213531702743
4tmn,4tmn_303,24.25726102276351
4tmn,4tmn_315,5.41903763299959
4tmn,4tmn_324,54.46379979633787
4tmn,4tmn_326,14.744990163851954
4tmn,4tmn_333,11.370151274779207
4tmn,4tmn_359,17.178390500018935
4tmn,4tmn_365,11.898762408376204
4tmn,4tmn_391,4.785671339075365
4tmn,4tmn_392,16.769785425432843
4tmn,4tmn_397,14.170974777869738
4tmn,4tmn_407,39.178315579456246
4tmn,4tmn_418,27.666870477903647
4tmn,4tmn_422,39.89853045724457
4tmn,4tmn_423,37.81210542344102
4tmn,4tmn_442,35.34681899549392
4tmn,4tmn_448,36.57447021404143
4tmn,4tmn_50,7.630007764218619
4tmn,4tmn_501,21.11655750227096
4tmn,4tmn_505,31.794387574334944
4tmn,4tmn_509,11.911235473052043
4tmn,4tmn_523,9.873880732142473
4tmn,4tmn_526,27.680307475966767
4tmn,4tmn_53,11.602228364020258
4tmn,4tmn_534,21.53263581275029
4tmn,4tmn_551,9.587627922548824
4tmn,4tmn_554,31.74639218924667
4tmn,4tmn_555,37.30654545646524
4tmn,4tmn_58,18.20192841265002
4tmn,4tmn_60,12.316857766214648
4tmn,4tmn_604,16.38897995844483
4tmn,4tmn_613,19.66212260842406
4tmn,4tmn_653,11.050258815788032
4tmn,4tmn_671,15.857555056412346
4tmn,4tmn_673,32.58639879607589
4tmn,4tmn_692,27.821096408013823
4tmn,4tmn_710,45.243948357029055
4tmn,4tmn_715,41.6430146361175
4tmn,4tmn_718,45.44314164953377
4tmn,4tmn_721,38.40917326719188
4tmn,4tmn_722,45.51082190635579
4tmn,4tmn_731,46.18231927916126
4tmn,4tmn_734,24.485308182528563
4tmn,4tmn_738,22.141374746317425
4tmn,4tmn_743,16.820162047813838
4tmn,4tmn_746,45.6799354613088
4tmn,4tmn_754,38.31357765994903
4tmn,4tmn_756,41.85153660864533
4tmn,4tmn_771,35.26153517217696
4tmn,4tmn_78,9.926860603847
4tmn,4tmn_790,19.615385293804813
4tmn,4tmn_794,32.35661365492289
4tmn,4tmn_801,46.17410828682252
4tmn,4tmn_810,44.60817334688464
4tmn,4tmn_816,42.95952386151668
4tmn,4tmn_823,40.499291809492085
4tmn,4tmn_824,25.785676980747912
4tmn,4tmn_842,39.80642264014058
4tmn,4tmn_854,41.8965985852937
4tmn,4tmn_867,37.58016628297408
4tmn,4tmn_875,26.91136121863261
4tmn,4tmn_878,30.26018484247744
4tmn,4tmn_889,24.954330176731315
4tmn,4tmn_9,13.247842159055574
4tmn,4tmn_91,24.48335951925953
4tmn,4tmn_936,41.05135611612416
4tmn,4tmn_951,41.804642143061
4tmn,4tmn_952,32.437615645517326
4tmn,4tmn_962,28.104962095908263
4tmn,4tmn_963,38.491495494774114
4tmn,4tmn_989,42.30295752791204
4tmn,4tmn_991,26.056010664443235
4twp,4twp_101,30.25537865816461
4twp,4twp_102,41.71902191554314
4twp,4twp_106,45.511939361328864
4twp,4twp_109,53.11852655685579
4twp,4twp_129,42.416465966124825
4twp,4twp_164,34.756003111212415
4twp,4twp_171,62.81929347757227
4twp,4twp_175,31.180654850246032
4twp,4twp_203,57.5244820881263
4twp,4twp_222,60.78816388761662
4twp,4twp_241,58.01115122115309
4twp,4twp_277,62.30533885752079
4twp,4twp_284,58.45985108154436
4twp,4twp_3,21.36593479301449
4twp,4twp_323,19.777170197089568
4twp,4twp_327,20.93947891327314
4twp,4twp_341,19.015085512466317
4twp,4twp_352,62.910571361202415
4twp,4twp_358,61.19268413313805
4twp,4twp_36,28.453421253502157
4twp,4twp_378,52.23373379419966
4twp,4twp_379,62.69935403787241
4twp,4twp_394,53.17689468134899
4twp,4twp_397,55.08181025892768
4twp,4twp_418,42.18160915425427
4twp,4twp_442,23.405343279957844
4twp,4twp_443,33.65288697491764
4twp,4twp_454,42.83805572731851
4twp,4twp_455,35.071171477706606
4twp,4twp_460,44.93916755521165
4twp,4twp_467,24.97828639254071
4twp,4twp_468,25.53729101878432
4twp,4twp_470,23.878389056178545
4twp,4twp_476,23.54250531177942
4twp,4twp_480,36.316965564054144
4twp,4twp_485,26.04926541686252
4twp,4twp_486,24.51340908926989
4twp,4twp_487,25.57832959952094
4twp,4twp_493,35.98960528274289
4twp,4twp_513,46.86292032526079
4twp,4twp_517,36.49271563797315
4twp,4twp_518,19.616721013969546
4twp,4twp_519,11.975822313528166
4twp,4twp_526,23.12481389070966
4twp,4twp_53,55.80837401719307
4twp,4twp_531,47.35325840673388
4twp,4twp_535,13.010416220017005
4twp,4twp_538,15.24301835290486
4twp,4twp_542,27.74315922048806
4twp,4twp_550,16.080545852357453
4twp,4twp_555,12.406584029931258
4twp,4twp_557,50.96097660447649
4twp,4twp_559,13.99014239562728
4twp,4twp_564,20.535291687894844
4twp,4twp_570,45.89336065097475
4twp,4twp_571,33.127576325379216
4twp,4twp_577,15.726051314949263
4twp,4twp_582,36.73287515474691
4twp,4twp_583,26.390024588580037
4twp,4twp_585,20.89802208745845
4twp,4twp_587,13.659315999090609
4twp,4twp_590,17.37760657150001
4twp,4twp_591,14.876663450081963
4twp,4twp_593,17.64649912114414
4twp,4twp_596,15.364090054816732
4twp,4twp_597,12.8284465486444
4twp,4twp_598,14.85886209649139
4twp,4twp_608,50.39354312420696
4twp,4twp_614,32.8237387118718
4twp,4twp_634,38.018886478885335
4twp,4twp_637,40.68467162859823
4twp,4twp_641,29.64715109584621
4twp,4twp_642,22.304336206185464
4twp,4twp_646,30.926222739330942
4twp,4twp_648,21.973147475985712
4twp,4twp_653,16.92525139877856
4twp,4twp_654,21.20121371565996
4twp,4twp_656,12.654612631823245
4twp,4twp_663,21.1556205183701
4twp,4twp_664,19.353682592555074
4twp,4twp_669,20.60087554696428
4twp,4twp_673,28.875344610761594
4twp,4twp_678,18.272870594127745
4twp,4twp_683,38.35805611268916
4twp,4twp_684,52.01711274076175
4twp,4twp_687,34.597219103554686
4twp,4twp_692,18.14220767886445
4twp,4twp_694,19.869958152886923
4twp,4twp_697,13.853302200876666
4twp,4twp_699,15.607286784024168
4twp,4twp_809,39.16547129476725
4twp,4twp_899,58.423713915207536
4ty7,4ty7_101,55.42487504531305
4ty7,4ty7_106,59.30229806906244
4ty7,4ty7_224,62.91421049783342
4ty7,4ty7_254,66.34646780912412
4ty7,4ty7_26,23.72985057516824
4ty7,4ty7_264,51.7425241778305
4ty7,4ty7_35,29.88697555504565
4ty7,4ty7_381,51.10430544122068
4ty7,4ty7_412,33.20506859019402
4ty7,4ty7_415,34.75022719731417
4ty7,4ty7_439,30.03216272361792
4ty7,4ty7_442,30.09229589575898
4ty7,4ty7_447,33.76367779410539
4ty7,4ty7_451,40.76588221860504
4ty7,4ty7_456,27.935453416485505
4ty7,4ty7_459,34.04095021003673
4ty7,4ty7_474,25.29177745765507
4ty7,4ty7_480,34.54055594029035
4ty7,4ty7_481,33.78893305781916
4ty7,4ty7_483,29.65075463050543
4ty7,4ty7_492,39.55693256881574
4ty7,4ty7_494,33.177701156687654
4ty7,4ty7_496,31.29826443551952
4ty7,4ty7_5,12.112324676780975
4ty7,4ty7_50,53.98878540601992
4ty7,4ty7_506,42.39642435316363
4ty7,4ty7_507,42.016305365603
4ty7,4ty7_513,27.264797505621
4ty7,4ty7_515,12.862748771671692
4ty7,4ty7_518,23.123949696439823
4ty7,4ty7_529,13.938192284760186
4ty7,4ty7_539,10.235811856590008
4ty7,4ty7_543,15.536513065297015
4ty7,4ty7_549,22.884016488592536
4ty7,4ty7_553,35.51742046001873
4ty7,4ty7_558,36.79160696969181
4ty7,4ty7_56,31.70151610984972
4ty7,4ty7_561,23.27016760728221
4ty7,4ty7_562,11.491530697626049
4ty7,4ty7_563,29.238385391709777
4ty7,4ty7_566,10.78308523386866
4ty7,4ty7_574,30.36704915866555
4ty7,4ty7_576,16.7850496027398
4ty7,4ty7_586,19.70324093003209
4ty7,4ty7_589,37.30682538260199
4ty7,4ty7_594,35.21828686643015
4ty7,4ty7_595,35.20369091218671
4ty7,4ty7_598,20.97092683511205
4ty7,4ty7_599,16.750239259194704
4ty7,4ty7_606,29.01470586279788
4ty7,4ty7_608,39.71324295832651
4ty7,4ty7_613,30.34307746340199
4ty7,4ty7_62,54.11816179857055
4ty7,4ty7_624,19.928633320788567
4ty7,4ty7_627,29.41489427839653
4ty7,4ty7_631,32.360629901865934
4ty7,4ty7_636,27.48101679841457
4ty7,4ty7_637,19.893073267275184
4ty7,4ty7_646,18.742670562573803
4ty7,4ty7_649,22.406739052372565
4ty7,4ty7_654,13.255279705195983
4ty7,4ty7_655,18.21112450667438
4ty7,4ty7_656,34.60796033256908
4ty7,4ty7_657,35.300404861241766
4ty7,4ty7_658,27.01566487002662
4ty7,4ty7_662,22.976703914204062
4ty7,4ty7_663,32.6706580513817
4ty7,4ty7_668,35.30147407478108
4ty7,4ty7_669,28.82665350012916
4ty7,4ty7_671,21.819236081860343
4ty7,4ty7_673,19.883282290985814
4ty7,4ty7_674,18.350078151335005
4ty7,4ty7_676,29.473677283592032
4ty7,4ty7_678,23.161374217000564
4ty7,4ty7_682,24.86653312360582
4ty7,4ty7_687,25.14281152969625
4ty7,4ty7_694,32.81061635660856
4ty7,4ty7_697,30.67426461378789
4ty7,4ty7_702,64.1147138737505
4ty7,4ty7_734,52.6024879477986
4ty7,4ty7_74,34.763405024689696
4ty7,4ty7_744,43.07330350273077
4ty7,4ty7_763,43.09686335654645
4ty7,4ty7_764,21.908307598270547
4ty7,4ty7_766,67.22537309228815
4ty7,4ty7_775,49.48633396022053
4ty7,4ty7_808,64.7720874410675
4ty7,4ty7_817,53.4563346622485
4ty7,4ty7_834,48.443044399145336
4ty7,4ty7_857,51.758685228987765
4ty7,4ty7_86,26.49353926383836
4ty7,4ty7_861,27.92902013785728
4ty7,4ty7_862,45.65341425658944
4ty7,4ty7_88,11.296466797047447
4ty7,4ty7_895,60.06899294328991
4ty7,4ty7_916,53.42149680431429
4ty7,4ty7_925,54.85514013727494
4ty7,4ty7_951,52.39859142878564
4ty7,4ty7_96,17.071314686064127
4ty7,4ty7_963,29.86799652201769
4u4s,4u4s_120,19.284002216243707
4u4s,4u4s_122,19.91173073437893
4u4s,4u4s_127,24.885880551635505
4u4s,4u4s_128,6.131408904976478
4u4s,4u4s_138,21.567205276612363
4u4s,4u4s_14,6.901265012649973
4u4s,4u4s_143,22.23161736346598
4u4s,4u4s_152,7.336518676469878
4u4s,4u4s_153,22.47495884189706
4u4s,4u4s_173,27.855846879059957
4u4s,4u4s_230,22.85241215728396
4u4s,4u4s_232,22.32711885424344
4u4s,4u4s_251,18.817857337931724
4u4s,4u4s_26,6.656594137516796
4u4s,4u4s_261,23.50605600453297
4u4s,4u4s_271,24.23109477129272
4u4s,4u4s_272,20.65450193524135
4u4s,4u4s_293,22.659959864115216
4u4s,4u4s_36,25.40383086486756
4u4s,4u4s_412,23.86896536335287
4u4s,4u4s_427,25.06854552611983
4u4s,4u4s_428,24.51681276844062
4u4s,4u4s_429,23.622770934191664
4u4s,4u4s_430,22.772365794625543
4u4s,4u4s_435,22.196686418036645
4u4s,4u4s_440,21.26156246887998
4u4s,4u4s_449,22.977468655634706
4u4s,4u4s_456,19.51145781222151
4u4s,4u4s_460,21.47098958512106
4u4s,4u4s_462,24.55999967387644
4u4s,4u4s_464,21.183615193147688
4u4s,4u4s_468,20.99349823669917
4u4s,4u4s_484,19.17023102281731
4u4s,4u4s_485,11.065564315374685
4u4s,4u4s_490,20.28412316667837
4u4s,4u4s_492,21.22135990451723
4u4s,4u4s_497,21.12174872225611
4u4s,4u4s_500,13.477785498019172
4u4s,4u4s_509,13.404120607349869
4u4s,4u4s_523,12.235969337482745
4u4s,4u4s_526,13.109586036805874
4u4s,4u4s_537,8.337768186939076
4u4s,4u4s_540,10.31149925369461
4u4s,4u4s_547,13.534941891916423
4u4s,4u4s_550,10.455877353562986
4u4s,4u4s_551,10.199793087184462
4u4s,4u4s_555,23.06078242300291
4u4s,4u4s_557,12.55112951639379
4u4s,4u4s_586,10.662840947709402
4u4s,4u4s_589,9.91634210968344
4u4s,4u4s_595,17.894251305519848
4u4s,4u4s_597,11.520705160499022
4u4s,4u4s_598,13.398957922422827
4u4s,4u4s_609,10.673743418220653
4u4s,4u4s_613,9.340057632070538
4u4s,4u4s_624,12.464489474789838
4u4s,4u4s_637,14.938616679746085
4u4s,4u4s_638,12.424363910371818
4u4s,4u4s_640,18.062475579118612
4u4s,4u4s_641,10.791223186287525
4u4s,4u4s_642,18.09454470413093
4u4s,4u4s_644,12.901281069141806
4u4s,4u4s_646,13.717525910711707
4u4s,4u4s_647,16.79672487413158
4u4s,4u4s_654,18.269163398893472
4u4s,4u4s_658,10.627534977727564
4u4s,4u4s_659,17.62916907428616
4u4s,4u4s_665,18.854457560101785
4u4s,4u4s_668,16.611531882594655
4u4s,4u4s_670,19.99060999018617
4u4s,4u4s_671,14.712543473774652
4u4s,4u4s_675,10.92531435200178
4u4s,4u4s_682,9.4737076623884
4u4s,4u4s_689,11.628445070766238
4u4s,4u4s_69,24.29943549339997
4u4s,4u4s_71,27.916686357171372
4u4s,4u4s_719,4.677811263977983
4u4s,4u4s_720,3.2791342077316927
4u4s,4u4s_726,3.031350178440817
4u4s,4u4s_727,3.1626698179542703
4u4s,4u4s_730,7.273928194171529
4u4s,4u4s_764,22.02920534119047
4u4s,4u4s_765,5.020015371426079
4u4s,4u4s_766,5.366446461974054
4u4s,4u4s_767,6.048945458491203
4u4s,4u4s_768,5.269760945344609
4u4s,4u4s_772,2.89716293373204
4u4s,4u4s_776,8.741716574472324
4u4s,4u4s_787,23.6929141878082
4u4s,4u4s_835,4.544976242372488
4u4s,4u4s_842,4.13451055727622
4u4s,4u4s_855,7.674940436239416
4u4s,4u4s_863,3.0387523552303706
4u4s,4u4s_927,24.51329946475253
4u4s,4u4s_958,5.409474105131561
4u4s,4u4s_962,20.79977936659856
4u4s,4u4s_965,4.205233016096387
4u4s,4u4s_969,5.454252685742775
4u4s,4u4s_971,9.12135987093153
4w9c,4w9c_172,22.68304496127158
4w9c,4w9c_186,35.279023264967094
4w9c,4w9c_249,36.25437292459553
4w9c,4w9c_326,36.35397102929837
4w9c,4w9c_333,24.409789927680286
4w9c,4w9c_36,15.165555932693184
4w9c,4w9c_363,21.23594070735796
4w9c,4w9c_372,34.7442766095757
4w9c,4w9c_379,39.23166215498143
4w9c,4w9c_381,37.14961528914168
4w9c,4w9c_405,15.115840779172425
4w9c,4w9c_415,10.868529242693167
4w9c,4w9c_420,12.354328595287058
4w9c,4w9c_423,12.407545822474017
4w9c,4w9c_432,11.235464933208965
4w9c,4w9c_446,15.06235051951316
4w9c,4w9c_450,14.253932209776451
4w9c,4w9c_452,13.745815058312914
4w9c,4w9c_456,13.011717856204797
4w9c,4w9c_457,11.525507796863224
4w9c,4w9c_460,23.757453731387464
4w9c,4w9c_462,10.843303815669367
4w9c,4w9c_473,11.358685079787142
4w9c,4w9c_476,25.082266574618437
4w9c,4w9c_477,15.138660565964711
4w9c,4w9c_48,13.780023943400348
4w9c,4w9c_483,15.836363169404656
4w9c,4w9c_486,14.8904868600016
4w9c,4w9c_487,26.301969178604917
4w9c,4w9c_490,24.2934907847102
4w9c,4w9c_494,17.299368305712285
4w9c,4w9c_499,21.24343878553105
4w9c,4w9c_513,11.260120270743515
4w9c,4w9c_516,14.144345915467294
4w9c,4w9c_520,22.8240881451797
4w9c,4w9c_528,22.862257628935712
4w9c,4w9c_533,8.672177462181843
4w9c,4w9c_538,15.795329091493793
4w9c,4w9c_543,15.175415264603114
4w9c,4w9c_545,7.528821796065405
4w9c,4w9c_546,5.297740539402052
4w9c,4w9c_550,11.299125530931176
4w9c,4w9c_556,10.101797762102972
4w9c,4w9c_558,11.938626764587386
4w9c,4w9c_560,16.869754322428097
4w9c,4w9c_561,10.483017156027628
4w9c,4w9c_562,11.092158985646046
4w9c,4w9c_567,15.689792204695646
4w9c,4w9c_569,16.517064675595872
4w9c,4w9c_580,10.637549576053308
4w9c,4w9c_59,10.161087979491665
4w9c,4w9c_594,10.052126741063944
4w9c,4w9c_597,27.10724461320348
4w9c,4w9c_6,14.312081959261365
4w9c,4w9c_603,20.708758866295675
4w9c,4w9c_604,13.28504571584244
4w9c,4w9c_613,14.550932555197962
4w9c,4w9c_623,15.004317365619231
4w9c,4w9c_628,16.918359896326734
4w9c,4w9c_636,9.962588590782143
4w9c,4w9c_637,20.418566372810613
4w9c,4w9c_638,26.17865014007453
4w9c,4w9c_639,17.697058855046215
4w9c,4w9c_642,19.2661308942096
4w9c,4w9c_646,9.933608259195726
4w9c,4w9c_660,10.835664196194555
4w9c,4w9c_661,19.87201399114237
4w9c,4w9c_664,23.14262070696608
4w9c,4w9c_670,17.465701236548643
4w9c,4w9c_677,13.634819220853169
4w9c,4w9c_683,21.76120819732774
4w9c,4w9c_691,11.713771226890437
4w9c,4w9c_695,13.387596126437458
4w9c,4w9c_697,17.696028850753688
4w9c,4w9c_699,17.602628875117784
4w9c,4w9c_7,10.693635135836352
4w9c,4w9c_712,37.75830074770581
4w9c,4w9c_719,40.22291764610317
4w9c,4w9c_720,37.735404984573385
4w9c,4w9c_732,35.97380443765387
4w9c,4w9c_735,23.251076720324864
4w9c,4w9c_739,18.704093235638105
4w9c,4w9c_758,34.23125915931947
4w9c,4w9c_765,29.330807906072422
4w9c,4w9c_768,28.574648679259735
4w9c,4w9c_772,27.603073527200483
4w9c,4w9c_777,27.907601741101885
4w9c,4w9c_778,22.303958300080616
4w9c,4w9c_806,24.11549205697528
4w9c,4w9c_85,10.720993342995824
4w9c,4w9c_854,24.158875121064053
4w9c,4w9c_906,37.9958790494286
4w9c,4w9c_925,37.595435831824126
4w9c,4w9c_955,38.10007828202147
4w9c,4w9c_963,26.41082514885261
4w9c,4w9c_968,25.4169567577274
4w9h,4w9h_100,14.81852430035514
4w9h,4w9h_119,42.13735078754611
4w9h,4w9h_124,23.74282811814182
4w9h,4w9h_135,36.12747604432927
4w9h,4w9h_143,42.782641996451154
4w9h,4w9h_158,24.61564040687047
4w9h,4w9h_166,29.716804913244868
4w9h,4w9h_182,22.623412237876448
4w9h,4w9h_204,42.39844844119196
4w9h,4w9h_210,44.46699363359558
4w9h,4w9h_241,45.3489733084017
4w9h,4w9h_307,49.24561674866187
4w9h,4w9h_326,49.15791269425949
4w9h,4w9h_327,13.644515494550106
4w9h,4w9h_336,22.57616737876012
4w9h,4w9h_365,17.45425885199647
4w9h,4w9h_368,42.89132376584658
4w9h,4w9h_391,24.90188399859061
4w9h,4w9h_392,12.885231752071146
4w9h,4w9h_402,22.708695382667088
4w9h,4w9h_403,20.36227441150013
4w9h,4w9h_404,31.900344850719662
4w9h,4w9h_408,25.860406171405884
4w9h,4w9h_410,23.21235227578892
4w9h,4w9h_413,24.03275350233838
4w9h,4w9h_416,33.815742795541084
4w9h,4w9h_429,15.24618724716163
4w9h,4w9h_434,25.726312677306
4w9h,4w9h_435,12.983527908607828
4w9h,4w9h_436,21.657605706261247
4w9h,4w9h_446,21.644980296546407
4w9h,4w9h_447,19.156649987275078
4w9h,4w9h_449,23.009268749610627
4w9h,4w9h_456,15.834172001798828
4w9h,4w9h_462,16.427677290415115
4w9h,4w9h_464,10.62451336866902
4w9h,4w9h_469,13.034804207766694
4w9h,4w9h_474,23.326771380681688
4w9h,4w9h_481,26.395857801420608
4w9h,4w9h_484,26.43911848278843
4w9h,4w9h_485,18.73677404391813
4w9h,4w9h_493,10.81723266103079
4w9h,4w9h_495,27.93096297832354
4w9h,4w9h_498,25.845513914482687
4w9h,4w9h_499,18.68415987705751
4w9h,4w9h_504,11.110803966933265
4w9h,4w9h_511,15.99299426475155
4w9h,4w9h_515,8.19363773712355
4w9h,4w9h_516,12.7820973296553
4w9h,4w9h_520,14.48358906045985
4w9h,4w9h_523,6.743843466932103
4w9h,4w9h_527,10.208107056916374
4w9h,4w9h_530,8.272153734428949
4w9h,4w9h_532,27.159262169556527
4w9h,4w9h_537,6.890226326070531
4w9h,4w9h_538,24.657387255090352
4w9h,4w9h_546,11.778350275301186
4w9h,4w9h_548,9.234696790094194
4w9h,4w9h_554,23.912684773305607
4w9h,4w9h_555,6.846700903578936
4w9h,4w9h_561,12.264604338478271
4w9h,4w9h_589,12.94318828307716
4w9h,4w9h_596,12.253305469320642
4w9h,4w9h_597,12.332662265243716
4w9h,4w9h_598,8.46684507071537
4w9h,4w9h_612,10.768702817658768
4w9h,4w9h_616,15.95110236574404
4w9h,4w9h_618,14.2058610467112
4w9h,4w9h_626,20.057908541481485
4w9h,4w9h_637,15.313224047783631
4w9h,4w9h_642,19.509327178524128
4w9h,4w9h_647,12.652655693492012
4w9h,4w9h_655,11.291310267300998
4w9h,4w9h_658,10.404878746537664
4w9h,4w9h_662,21.225365845112712
4w9h,4w9h_663,20.956883992531598
4w9h,4w9h_664,14.239778009032396
4w9h,4w9h_666,15.408806395093032
4w9h,4w9h_667,22.64459910812816
4w9h,4w9h_676,12.60945946511562
4w9h,4w9h_677,14.336252350045491
4w9h,4w9h_679,15.53831854946808
4w9h,4w9h_691,13.121361472758773
4w9h,4w9h_699,8.805765940767564
4w9h,4w9h_709,48.22202258268037
4w9h,4w9h_710,45.73062333058181
4w9h,4w9h_740,37.84483943169997
4w9h,4w9h_765,42.20418447894884
4w9h,4w9h_770,37.05224457343381
4w9h,4w9h_771,28.91670992130169
4w9h,4w9h_773,29.450598686266247
4w9h,4w9h_780,33.339104345732935
4w9h,4w9h_784,32.36690699754037
4w9h,4w9h_787,32.05208606902724
4w9h,4w9h_801,44.02609431350948
4w9h,4w9h_84,13.973698558271634
4w9h,4w9h_90,27.89457042569535
4w9h,4w9h_922,15.489870975307015
4w9h,4w9h_961,25.67646575563146
4w9h,4w9h_976,41.5947273566949
4w9i,4w9i_110,42.69334690203768
4w9i,4w9i_172,44.796271144386864
4w9i,4w9i_197,33.92235342754651
4w9i,4w9i_199,40.692174381856645
4w9i,4w9i_204,45.72995467672753
4w9i,4w9i_221,45.0187065077474
4w9i,4w9i_337,17.593640783641806
4w9i,4w9i_374,26.49749784146732
4w9i,4w9i_388,24.889872375980534
4w9i,4w9i_394,37.916346008365394
4w9i,4w9i_403,12.425292995389109
4w9i,4w9i_417,15.710554916617074
4w9i,4w9i_424,11.165654236093696
4w9i,4w9i_429,13.511864222294273
4w9i,4w9i_430,37.74960292091114
4w9i,4w9i_439,12.456298014048729
4w9i,4w9i_440,17.31575108383866
4w9i,4w9i_447,27.50365287310649
4w9i,4w9i_468,15.833519276973824
4w9i,4w9i_474,25.03333573600554
4w9i,4w9i_476,19.824965281626568
4w9i,4w9i_484,27.60406816630924
4w9i,4w9i_487,13.791645174369334
4w9i,4w9i_489,9.19266680393113
4w9i,4w9i_491,14.386032821923624
4w9i,4w9i_494,13.435538107003923
4w9i,4w9i_496,15.183554675533436
4w9i,4w9i_511,4.517048173068317
4w9i,4w9i_512,18.17967031391728
4w9i,4w9i_515,20.62101882585028
4w9i,4w9i_524,23.98129245254253
4w9i,4w9i_528,7.84530741825695
4w9i,4w9i_534,15.708702666895055
4w9i,4w9i_535,20.38164492517669
4w9i,4w9i_546,14.94431362860252
4w9i,4w9i_550,6.542589059287593
4w9i,4w9i_551,8.397253500772088
4w9i,4w9i_554,5.736624894603684
4w9i,4w9i_56,41.83637552898017
4w9i,4w9i_565,14.152941777011147
4w9i,4w9i_567,18.902074534684488
4w9i,4w9i_570,15.153628277326936
4w9i,4w9i_574,7.915998775408014
4w9i,4w9i_575,13.199220836321476
4w9i,4w9i_583,11.502807931201517
4w9i,4w9i_586,20.74749448232725
4w9i,4w9i_587,20.299742002312527
4w9i,4w9i_589,8.307468572979232
4w9i,4w9i_595,9.47980811677658
4w9i,4w9i_602,20.925279139816286
4w9i,4w9i_611,16.408884611518896
4w9i,4w9i_612,22.868038109953137
4w9i,4w9i_615,27.378794148285465
4w9i,4w9i_622,25.33755002457644
4w9i,4w9i_626,16.520728629204136
4w9i,4w9i_630,11.712913258498958
4w9i,4w9i_649,19.20308032987568
4w9i,4w9i_658,13.58913994895464
4w9i,4w9i_670,12.092817420481044
4w9i,4w9i_672,10.953589027337976
4w9i,4w9i_687,14.2753001748761
4w9i,4w9i_697,18.432420152155675
4w9i,4w9i_698,19.515244165501294
4w9i,4w9i_755,29.4492120419648
4w9i,4w9i_756,26.824074053974336
4w9i,4w9i_759,28.06607562382377
4w9i,4w9i_761,25.863987201937388
4w9i,4w9i_763,27.886404623047795
4w9i,4w9i_764,24.85284977987213
4w9i,4w9i_766,15.563179195378616
4w9i,4w9i_768,15.728590829314635
4w9i,4w9i_771,11.790389910641776
4w9i,4w9i_772,24.99274286975433
4w9i,4w9i_774,19.276861292855305
4w9i,4w9i_776,22.726873112594124
4w9i,4w9i_777,13.133437328446457
4w9i,4w9i_782,12.17448142560292
4w9i,4w9i_787,18.37184791915421
4w9i,4w9i_789,10.05747009852466
4w9i,4w9i_790,11.105111227433833
4w9i,4w9i_791,16.601453186569337
4w9i,4w9i_792,14.22496329232872
4w9i,4w9i_793,14.00120837697601
4w9i,4w9i_794,40.91427705003974
4w9i,4w9i_795,45.39025822899538
4w9i,4w9i_796,41.79576650962847
4w9i,4w9i_801,42.47858348392515
4w9i,4w9i_846,21.965274805038803
4w9i,4w9i_852,34.392597827912844
4w9i,4w9i_873,41.2501236838234
4w9i,4w9i_879,38.51771063871263
4w9i,4w9i_882,36.41628599904091
4w9i,4w9i_885,41.63760456234012
4w9i,4w9i_886,34.20439155953239
4w9i,4w9i_890,34.229007282334535
4w9i,4w9i_893,36.381373053160935
4w9i,4w9i_924,34.31422940712693
4w9i,4w9i_97,38.55955393241608
4w9i,4w9i_989,41.87953640215877
4w9l,4w9l_10,19.95010653476589
4w9l,4w9l_100,40.86567908177019
4w9l,4w9l_12,44.575743362790526
4w9l,4w9l_136,23.069362511671365
4w9l,4w9l_141,23.70503204128652
4w9l,4w9l_143,24.31595179393161
4w9l,4w9l_151,23.323473684529507
4w9l,4w9l_170,41.38683249864598
4w9l,4w9l_177,44.29556062370626
4w9l,4w9l_180,40.70371497281386
4w9l,4w9l_19,38.58451202782256
4w9l,4w9l_192,10.096042232136703
4w9l,4w9l_204,49.69506197654035
4w9l,4w9l_215,49.03297594048136
4w9l,4w9l_250,47.86848131698533
4w9l,4w9l_261,24.016627407737364
4w9l,4w9l_264,46.16119034806307
4w9l,4w9l_27,28.976907966188016
4w9l,4w9l_273,28.74617839356645
4w9l,4w9l_287,46.26045747949223
4w9l,4w9l_309,15.71304719488639
4w9l,4w9l_323,27.612208241248567
4w9l,4w9l_326,33.903223098303094
4w9l,4w9l_341,19.29046621607144
4w9l,4w9l_35,46.612027364622335
4w9l,4w9l_358,17.103133114917732
4w9l,4w9l_368,47.45619976582632
4w9l,4w9l_379,28.34544308428923
4w9l,4w9l_382,25.15605702516402
4w9l,4w9l_393,25.795540818344907
4w9l,4w9l_400,16.063440783820504
4w9l,4w9l_402,27.62723673336995
4w9l,4w9l_403,16.023102842233214
4w9l,4w9l_406,34.05527077511878
4w9l,4w9l_407,22.202384578643496
4w9l,4w9l_410,21.6406161457667
4w9l,4w9l_411,23.732940560376854
4w9l,4w9l_430,25.99666678357416
4w9l,4w9l_437,26.47947178551104
4w9l,4w9l_441,17.271553274161437
4w9l,4w9l_448,15.599096764819173
4w9l,4w9l_450,15.300688011939544
4w9l,4w9l_452,16.07766476581977
4w9l,4w9l_456,11.344200762282878
4w9l,4w9l_457,26.545553624436334
4w9l,4w9l_462,11.461453248021344
4w9l,4w9l_466,15.911012423697954
4w9l,4w9l_475,22.56785082247279
4w9l,4w9l_480,19.651072247689623
4w9l,4w9l_481,21.85640266242265
4w9l,4w9l_482,15.82026807422032
4w9l,4w9l_486,8.210642214214667
4w9l,4w9l_492,8.778879977237379
4w9l,4w9l_493,7.7074765085190915
4w9l,4w9l_5,19.232743768604983
4w9l,4w9l_519,6.086288058338997
4w9l,4w9l_522,18.383597337574464
4w9l,4w9l_527,10.444975409357468
4w9l,4w9l_53,34.27557459043216
4w9l,4w9l_545,7.291036633535098
4w9l,4w9l_550,19.5081991982098
4w9l,4w9l_556,15.089313854856256
4w9l,4w9l_557,10.712720714391626
4w9l,4w9l_572,20.54443490621518
4w9l,4w9l_573,12.060780764621596
4w9l,4w9l_577,6.985095808844421
4w9l,4w9l_579,20.521896134878293
4w9l,4w9l_591,21.708719734887936
4w9l,4w9l_594,13.004672837304952
4w9l,4w9l_596,8.782333614668168
4w9l,4w9l_604,12.27192492419764
4w9l,4w9l_612,24.041200541997373
4w9l,4w9l_616,9.859819152837712
4w9l,4w9l_642,10.084454158915776
4w9l,4w9l_655,19.07856438702417
4w9l,4w9l_657,19.810429728028733
4w9l,4w9l_659,10.67669228052022
4w9l,4w9l_675,13.492752572952956
4w9l,4w9l_681,4.812587521824218
4w9l,4w9l_691,20.742422096764773
4w9l,4w9l_696,12.621371309772448
4w9l,4w9l_699,20.05255453012621
4w9l,4w9l_704,49.05440513872709
4w9l,4w9l_708,46.31015885851817
4w9l,4w9l_709,47.651793971008814
4w9l,4w9l_715,43.7984625207658
4w9l,4w9l_719,37.55965799512204
4w9l,4w9l_732,26.06119111744777
4w9l,4w9l_759,38.490369025817806
4w9l,4w9l_762,28.25842999974496
4w9l,4w9l_770,28.304039972853257
4w9l,4w9l_779,28.81644788881384
4w9l,4w9l_787,32.58869549128165
4w9l,4w9l_822,30.921224057820897
4w9l,4w9l_84,12.700967739903394
4w9l,4w9l_871,31.07473968556105
4w9l,4w9l_886,28.32874752052194
4w9l,4w9l_906,40.1227002881861
4w9l,4w9l_93,28.161381662166814
4w9l,4w9l_933,38.813967502943335
4wiv,4wiv_230,12.093937151138135
4wiv,4wiv_270,10.754651751914873
4wiv,4wiv_401,18.520998348322436
4wiv,4wiv_413,18.18482206803574
4wiv,4wiv_414,17.17705706624239
4wiv,4wiv_428,17.148585598674913
4wiv,4wiv_434,24.01273786154216
4wiv,4wiv_435,19.664785492396227
4wiv,4wiv_441,20.962987386373555
4wiv,4wiv_448,18.99647268282009
4wiv,4wiv_461,20.92726999213213
4wiv,4wiv_475,22.16322289420374
4wiv,4wiv_476,21.55625113851844
4wiv,4wiv_481,14.361134322264
4wiv,4wiv_484,22.87387050202273
4wiv,4wiv_486,25.93612200223679
4wiv,4wiv_487,18.87067455038413
4wiv,4wiv_491,20.238440811712955
4wiv,4wiv_493,19.632991071604053
4wiv,4wiv_509,20.61973842158142
4wiv,4wiv_517,23.84175874244509
4wiv,4wiv_520,15.394316454953469
4wiv,4wiv_528,23.56535633122444
4wiv,4wiv_532,19.30330556939754
4wiv,4wiv_553,13.132694843533775
4wiv,4wiv_557,16.46141746503369
4wiv,4wiv_566,10.981427426922044
4wiv,4wiv_577,16.68461115135576
4wiv,4wiv_583,26.893676314057
4wiv,4wiv_598,13.797094388271269
4wiv,4wiv_601,15.43454281477339
4wiv,4wiv_615,17.33612541093031
4wiv,4wiv_621,27.34485923641357
4wiv,4wiv_631,13.937998998058756
4wiv,4wiv_651,19.06495288046141
4wiv,4wiv_679,21.228456928189463
4wiv,4wiv_683,16.004986680973975
4wiv,4wiv_697,13.856705928972415
4wiv,4wiv_698,24.233529527315305
4wiv,4wiv_721,31.842452481042777
4wiv,4wiv_727,31.644438390864035
4wiv,4wiv_729,28.664283621687236
4wiv,4wiv_738,30.09257132804734
4wiv,4wiv_739,29.20238523224001
4wiv,4wiv_742,27.42676366524001
4wiv,4wiv_745,15.90468945966003
4wiv,4wiv_746,25.78993223586077
4wiv,4wiv_747,16.377126323580548
4wiv,4wiv_749,15.597342105020358
4wiv,4wiv_753,24.879624536672587
4wiv,4wiv_762,19.2314243445542
4wiv,4wiv_769,18.85469165875247
4wiv,4wiv_771,8.127041708403484
4wiv,4wiv_774,17.228012434786486
4wiv,4wiv_792,30.224587573486144
4wiv,4wiv_820,34.05489546517135
4wiv,4wiv_829,35.18263835197222
4wiv,4wiv_836,30.21104303882777
4wiv,4wiv_838,34.450580938182775
4wiv,4wiv_841,36.30323558430721
4wiv,4wiv_844,26.631143167219587
4wiv,4wiv_846,22.99385003399067
4wiv,4wiv_863,25.63889900123036
4wiv,4wiv_865,23.096212542252054
4wiv,4wiv_866,25.08621456296049
4wiv,4wiv_869,27.22195834828173
4wiv,4wiv_870,26.25094626040808
4wiv,4wiv_888,27.965158439031825
4wiv,4wiv_890,37.87142653911528
4wiv,4wiv_892,29.649816812898084
4wiv,4wiv_913,33.27057988000463
4wiv,4wiv_914,28.93847030990182
4wiv,4wiv_915,30.054397116484367
4wiv,4wiv_935,27.82573148484633
4wiv,4wiv_947,25.16593648552379
4wiv,4wiv_953,33.51407738378802
4wiv,4wiv_960,28.547485501858503
4wiv,4wiv_965,25.208857986024032
4wiv,4wiv_973,36.37717384081351
4wiv,4wiv_977,44.38969806647567
4wiv,4wiv_979,21.9095619075948
4wiv,4wiv_981,20.94902572263449
4x6p,4x6p_106,21.970614572148865
4x6p,4x6p_114,13.3543636303479
4x6p,4x6p_121,11.813518536555728
4x6p,4x6p_125,32.15801459550447
4x6p,4x6p_142,59.66765118986502
4x6p,4x6p_147,14.608696876429068
4x6p,4x6p_170,22.58908757380132
4x6p,4x6p_18,12.984488550269443
4x6p,4x6p_195,20.38260760139213
4x6p,4x6p_197,28.33600534828305
4x6p,4x6p_201,52.91805182327505
4x6p,4x6p_203,50.36197080589267
4x6p,4x6p_204,57.142230403406
4x6p,4x6p_214,53.78297707305016
4x6p,4x6p_215,43.68293343896322
4x6p,4x6p_221,53.802702441962055
4x6p,4x6p_224,51.8676176928638
4x6p,4x6p_231,55.87465296509682
4x6p,4x6p_25,27.567631072482907
4x6p,4x6p_254,57.603422929307584
4x6p,4x6p_265,55.08549428581546
4x6p,4x6p_277,51.24102006900207
4x6p,4x6p_300,49.67604973854276
4x6p,4x6p_304,52.6213251572641
4x6p,4x6p_312,62.180365467032885
4x6p,4x6p_316,26.247568793464367
4x6p,4x6p_324,59.01628728985324
4x6p,4x6p_33,25.6704315046576
4x6p,4x6p_344,51.05309893590437
4x6p,4x6p_346,21.01741405332104
4x6p,4x6p_380,17.29942906769952
4x6p,4x6p_381,59.80206521705664
4x6p,4x6p_398,53.23009461984276
4x6p,4x6p_401,44.03536646355059
4x6p,4x6p_407,56.42765498530384
4x6p,4x6p_421,29.747049406492984
4x6p,4x6p_426,27.90410290917532
4x6p,4x6p_427,25.04900298985579
4x6p,4x6p_432,22.77296354885816
4x6p,4x6p_438,30.91226370318752
4x6p,4x6p_439,28.807864556429056
4x6p,4x6p_441,20.59295265605116
4x6p,4x6p_448,36.088499131537226
4x6p,4x6p_454,29.42704805131205
4x6p,4x6p_463,27.19826670686782
4x6p,4x6p_481,19.309983558682468
4x6p,4x6p_486,32.832529159262464
4x6p,4x6p_504,10.952546172376993
4x6p,4x6p_513,28.966329983084574
4x6p,4x6p_518,22.86403695731184
4x6p,4x6p_521,31.370183001724595
4x6p,4x6p_528,10.925220586561233
4x6p,4x6p_532,8.819380771856851
4x6p,4x6p_533,34.5834823382662
4x6p,4x6p_544,14.927448024138796
4x6p,4x6p_548,23.412864711976727
4x6p,4x6p_549,22.687949423226
4x6p,4x6p_550,14.351268207911277
4x6p,4x6p_551,10.301375136907469
4x6p,4x6p_553,22.11677855624815
4x6p,4x6p_555,13.935314118613176
4x6p,4x6p_559,25.451183146190004
4x6p,4x6p_568,6.940836374992512
4x6p,4x6p_570,8.050106823964589
4x6p,4x6p_571,17.157212627324625
4x6p,4x6p_577,12.559777538697498
4x6p,4x6p_579,27.590522162316443
4x6p,4x6p_583,12.933105310981688
4x6p,4x6p_592,23.20022777674037
4x6p,4x6p_596,9.18036828358206
4x6p,4x6p_612,9.226781382297018
4x6p,4x6p_620,38.13381383846069
4x6p,4x6p_621,14.759407257285948
4x6p,4x6p_623,31.916070902268835
4x6p,4x6p_636,39.734489312629336
4x6p,4x6p_637,36.99839792649419
4x6p,4x6p_642,11.36647954295878
4x6p,4x6p_644,27.18013381946807
4x6p,4x6p_646,11.87309552668438
4x6p,4x6p_649,30.11202260649389
4x6p,4x6p_650,15.379811356968077
4x6p,4x6p_653,14.393555388801756
4x6p,4x6p_657,18.268975035806413
4x6p,4x6p_665,9.143397147555584
4x6p,4x6p_666,37.381184609584025
4x6p,4x6p_667,34.9411158680573
4x6p,4x6p_668,18.45412947147288
4x6p,4x6p_674,22.876024068629405
4x6p,4x6p_688,15.126459824321826
4x6p,4x6p_689,12.089292778766922
4x6p,4x6p_693,24.2339057124658
4x6p,4x6p_696,22.007344024628367
4x6p,4x6p_706,53.43338928141498
4x6p,4x6p_820,49.77891078374282
4x6p,4x6p_835,55.39719538625445
4x6p,4x6p_876,50.83470201250361
4x6p,4x6p_889,55.078671955692286
4x6p,4x6p_89,6.567914431776594
4x6p,4x6p_97,34.433310030056866
4x6p,4x6p_98,25.404084684105037
5a7b,5a7b_11,14.93295630133422
5a7b,5a7b_115,16.35185858106265
5a7b,5a7b_136,11.579420172088003
5a7b,5a7b_138,21.67129841674184
5a7b,5a7b_144,28.10074378394369
5a7b,5a7b_170,20.284216341188944
5a7b,5a7b_175,12.494076955375991
5a7b,5a7b_178,19.75046333349852
5a7b,5a7b_190,13.399860063970475
5a7b,5a7b_204,23.981879532169163
5a7b,5a7b_214,25.97697163300422
5a7b,5a7b_215,20.85224055075394
5a7b,5a7b_217,24.89540526000897
5a7b,5a7b_227,20.28606540125838
5a7b,5a7b_233,26.61030866395706
5a7b,5a7b_234,27.66512480464114
5a7b,5a7b_243,27.14271831174047
5a7b,5a7b_244,26.368345138665717
5a7b,5a7b_258,25.491875383022848
5a7b,5a7b_261,15.897574274840622
5a7b,5a7b_264,14.499934002337428
5a7b,5a7b_266,25.63269504511337
5a7b,5a7b_274,26.01645197940406
5a7b,5a7b_276,27.0903187441103
5a7b,5a7b_280,23.86773287584472
5a7b,5a7b_281,21.05243377347766
5a7b,5a7b_284,28.123935387311462
5a7b,5a7b_286,27.83219081199195
5a7b,5a7b_295,24.89298950468953
5a7b,5a7b_302,26.309274342048614
5a7b,5a7b_309,16.73328851245767
5a7b,5a7b_311,20.3819868875268
5a7b,5a7b_349,14.152928282437498
5a7b,5a7b_358,26.25141367946679
5a7b,5a7b_382,26.1331480578882
5a7b,5a7b_402,18.409402299903668
5a7b,5a7b_409,17.218942009451954
5a7b,5a7b_424,16.8459902542059
5a7b,5a7b_426,21.462330730910185
5a7b,5a7b_429,14.637294948902744
5a7b,5a7b_440,16.627129428884185
5a7b,5a7b_447,16.13512842422648
5a7b,5a7b_451,18.731172199138488
5a7b,5a7b_461,23.74729549119714
5a7b,5a7b_485,16.851426072497137
5a7b,5a7b_488,16.29136517248104
5a7b,5a7b_511,22.63980099572498
5a7b,5a7b_514,12.464273545338296
5a7b,5a7b_518,22.079644031902763
5a7b,5a7b_523,18.712415894649343
5a7b,5a7b_531,23.709185565907188
5a7b,5a7b_539,16.787517788276052
5a7b,5a7b_542,17.002467873222027
5a7b,5a7b_546,15.721435662827922
5a7b,5a7b_550,12.863510541719576
5a7b,5a7b_553,19.369059866639017
5a7b,5a7b_566,17.633469374506877
5a7b,5a7b_569,12.725727765913936
5a7b,5a7b_588,19.023689971229427
5a7b,5a7b_591,20.2058415394388
5a7b,5a7b_595,24.48828124818028
5a7b,5a7b_597,15.051680786497514
5a7b,5a7b_601,24.488549631542764
5a7b,5a7b_613,15.60778628334513
5a7b,5a7b_623,25.73986993859617
5a7b,5a7b_628,10.81843944614687
5a7b,5a7b_632,16.913898531637955
5a7b,5a7b_633,13.614113157913028
5a7b,5a7b_636,17.524813738768984
5a7b,5a7b_651,14.628678938738387
5a7b,5a7b_652,15.94845591858414
5a7b,5a7b_655,19.748806289448964
5a7b,5a7b_657,17.662819238951105
5a7b,5a7b_660,18.984693765692285
5a7b,5a7b_672,19.212002827812547
5a7b,5a7b_675,14.243102503556193
5a7b,5a7b_690,22.056610683520763
5a7b,5a7b_691,20.299854109334905
5a7b,5a7b_694,13.530621786054056
5a7b,5a7b_696,18.57954700336544
5a7b,5a7b_697,18.52177363807949
5a7b,5a7b_698,20.778651332145813
5a7b,5a7b_700,12.881959333515292
5a7b,5a7b_726,26.373254276420663
5a7b,5a7b_738,25.842880772567145
5a7b,5a7b_742,25.60720004868695
5a7b,5a7b_780,13.25158590984148
5a7b,5a7b_817,22.3800420484291
5a7b,5a7b_842,17.25500048804369
5a7b,5a7b_843,21.16700084925759
5a7b,5a7b_850,23.5950735754042
5a7b,5a7b_874,18.475675365386618
5a7b,5a7b_878,20.018337051838525
5a7b,5a7b_980,18.641371053389047
5aba,5aba_220,14.385243849269054
5aba,5aba_247,13.524047543012491
5aba,5aba_261,12.514098844609295
5aba,5aba_263,14.481040060446732
5aba,5aba_284,14.674169454471748
5aba,5aba_297,15.140055834473
5aba,5aba_36,22.60781501605589
5aba,5aba_38,24.691937906468294
5aba,5aba_40,7.724789323268299
5aba,5aba_408,15.261353956522663
5aba,5aba_410,19.8463160701296
5aba,5aba_412,18.76844165675563
5aba,5aba_455,17.57632085787551
5aba,5aba_460,12.354841953030054
5aba,5aba_47,13.175197468024605
5aba,5aba_470,17.393504854477737
5aba,5aba_472,18.902500860759687
5aba,5aba_490,21.02936044910953
5aba,5aba_492,21.33206801667813
5aba,5aba_5,11.366761449316732
5aba,5aba_517,25.011951547882028
5aba,5aba_525,23.59626756173649
5aba,5aba_527,22.42357764142875
5aba,5aba_555,19.33785850399837
5aba,5aba_558,20.12219233192905
5aba,5aba_559,23.4669096946037
5aba,5aba_570,22.71619380554314
5aba,5aba_575,18.43043322751005
5aba,5aba_584,19.801639384281472
5aba,5aba_596,19.26484101298924
5aba,5aba_598,21.01287297956633
5aba,5aba_599,22.10278967476316
5aba,5aba_618,18.419100570325813
5aba,5aba_620,20.720953791456516
5aba,5aba_623,18.450446194036275
5aba,5aba_625,26.096319522407452
5aba,5aba_628,16.552352464209605
5aba,5aba_632,21.6118656751146
5aba,5aba_640,20.945264976458848
5aba,5aba_641,14.63807626142413
5aba,5aba_647,19.810065373441283
5aba,5aba_653,16.65244342492294
5aba,5aba_654,20.483546416422318
5aba,5aba_655,24.18269485006136
5aba,5aba_657,24.893893075090386
5aba,5aba_661,14.976789835032342
5aba,5aba_663,20.38439208595952
5aba,5aba_666,21.282063423746575
5aba,5aba_668,21.201437204683668
5aba,5aba_669,22.023835170667887
5aba,5aba_674,5.659951593859577
5aba,5aba_676,18.768047443667676
5aba,5aba_677,19.05218927318788
5aba,5aba_679,19.158666677965552
5aba,5aba_680,17.838621644724718
5aba,5aba_690,19.597653908216063
5aba,5aba_697,13.646519196830669
5aba,5aba_698,6.533848466280977
5aba,5aba_701,12.868210360253713
5aba,5aba_702,26.496230864630952
5aba,5aba_703,26.746785217637136
5aba,5aba_704,9.20743288687726
5aba,5aba_71,12.347333108718898
5aba,5aba_712,25.08543630315824
5aba,5aba_728,12.179108059785069
5aba,5aba_749,9.342849683164808
5aba,5aba_751,11.06700668415276
5aba,5aba_760,6.737577085702886
5aba,5aba_772,25.159388512179973
5aba,5aba_78,15.028587608996316
5aba,5aba_786,23.86156209699636
5aba,5aba_792,24.20668100245815
5aba,5aba_799,7.605248383455535
5aba,5aba_820,21.96847178114292
5aba,5aba_850,10.115055345005112
5aba,5aba_858,10.035445898421454
5aba,5aba_859,11.762572278520077
5aba,5aba_864,10.902209081474842
5aba,5aba_865,20.53162321039329
5aba,5aba_880,15.318707711267097
5aba,5aba_882,17.298440285966365
5aba,5aba_898,23.031293131685747
5aba,5aba_899,10.867846994489042
5aba,5aba_956,9.18284431371556
5aba,5aba_96,14.73966220557338
5aba,5aba_962,11.154687110889562
5aba,5aba_966,24.39521336668131
5c28,5c28_113,6.128291541893545
5c28,5c28_133,6.871061848149264
5c28,5c28_146,13.667872333915364
5c28,5c28_2,28.65389544202824
5c28,5c28_3,25.20344972498013
5c28,5c28_30,32.537771218464854
5c28,5c28_324,31.15893928944284
5c28,5c28_345,30.154044871110354
5c28,5c28_35,32.2574494197602
5c28,5c28_382,39.68480056070543
5c28,5c28_4,24.791778945800612
5c28,5c28_424,23.313906468107252
5c28,5c28_451,16.171289293266504
5c28,5c28_456,31.2219509939698
5c28,5c28_460,20.43879090675868
5c28,5c28_469,10.354013172299933
5c28,5c28_47,33.45698677856438
5c28,5c28_503,7.512487139158335
5c28,5c28_508,8.462287987344599
5c28,5c28_516,7.449709104659259
5c28,5c28_525,22.98951790406938
5c28,5c28_528,22.72988727553422
5c28,5c28_531,20.10114061094236
5c28,5c28_542,12.964430222569774
5c28,5c28_543,13.032707379260083
5c28,5c28_549,11.17138902736922
5c28,5c28_550,10.822611720171023
5c28,5c28_563,19.146972045471603
5c28,5c28_569,13.247671004343342
5c28,5c28_572,15.352938292518498
5c28,5c28_588,7.613866174465099
5c28,5c28_589,21.469178821944983
5c28,5c28_593,6.508957045848516
5c28,5c28_600,12.88772842931884
5c28,5c28_604,22.09843437410281
5c28,5c28_614,13.780539452248735
5c28,5c28_624,23.612363173795814
5c28,5c28_627,30.744105157517016
5c28,5c28_643,19.890020915099484
5c28,5c28_664,22.204747440482876
5c28,5c28_675,16.820874267052822
5c28,5c28_681,10.545220628284984
5c28,5c28_693,31.528862821184763
5c28,5c28_702,23.51910535354597
5c28,5c28_706,27.57944309283689
5c28,5c28_709,11.965027958320846
5c28,5c28_71,29.14617145171232
5c28,5c28_715,21.707671636784305
5c28,5c28_723,17.475690263228195
5c28,5c28_725,17.912369989150037
5c28,5c28_727,11.649738560892567
5c28,5c28_729,13.385151847390464
5c28,5c28_735,23.064972039937988
5c28,5c28_741,19.780945270863366
5c28,5c28_743,11.716724145134666
5c28,5c28_746,20.77866037208737
5c28,5c28_747,14.20162332856063
5c28,5c28_755,16.856854882825743
5c28,5c28_758,14.208337087346925
5c28,5c28_761,13.242052227312596
5c28,5c28_762,3.618295214111285
5c28,5c28_766,11.375177629372091
5c28,5c28_767,13.24576932804914
5c28,5c28_770,10.354511215824948
5c28,5c28_771,11.28315817504957
5c28,5c28_772,2.5646305953933783
5c28,5c28_773,2.1906209699283137
5c28,5c28_775,13.74483568165128
5c28,5c28_781,6.420681314709373
5c28,5c28_782,4.782284206184917
5c28,5c28_783,3.896302504140496
5c28,5c28_784,6.768104766444569
5c28,5c28_785,2.6611250148980314
5c28,5c28_787,1.818067769039794
5c28,5c28_788,6.950441695343808
5c28,5c28_789,4.123121114657096
5c28,5c28_790,6.123934920280052
5c28,5c28_791,1.746640719877811
5c28,5c28_792,5.70239288730362
5c28,5c28_794,5.725095007969783
5c28,5c28_807,22.94097404854516
5c28,5c28_829,26.51813716753019
5c28,5c28_845,12.995115699012382
5c28,5c28_850,13.998536496990472
5c28,5c28_858,17.65321726793907
5c28,5c28_866,16.69592156274287
5c28,5c28_876,17.460146853337502
5c28,5c28_877,5.588835222101599
5c28,5c28_879,5.5620628313741705
5c28,5c28_881,12.865950158008522
5c28,5c28_882,8.61796344590801
5c28,5c28_883,9.874309103623618
5c28,5c28_885,7.915622464280315
5c28,5c28_928,17.375942353516834
5c28,5c28_934,20.51485266153786
5c28,5c28_97,29.099949068749723
5c2h,5c2h_119,26.072558372641712
5c2h,5c2h_160,25.492110723373138
5c2h,5c2h_204,59.92413662310653
5c2h,5c2h_216,58.269845408648166
5c2h,5c2h_240,68.41324585317737
5c2h,5c2h_244,70.00678308117577
5c2h,5c2h_247,68.78283488774353
5c2h,5c2h_251,38.65418026693475
5c2h,5c2h_252,62.63722520775157
5c2h,5c2h_256,63.11159631035252
5c2h,5c2h_259,69.29969736710612
5c2h,5c2h_274,57.89301830241528
5c2h,5c2h_292,65.47513109759437
5c2h,5c2h_295,53.35326899621279
5c2h,5c2h_308,23.286971264564198
5c2h,5c2h_352,53.33679394829804
5c2h,5c2h_394,25.375821875699124
5c2h,5c2h_405,40.05000002595102
5c2h,5c2h_406,18.290648709038287
5c2h,5c2h_421,16.90560084229847
5c2h,5c2h_424,41.888118488985405
5c2h,5c2h_427,37.20331528827517
5c2h,5c2h_431,19.871807951423744
5c2h,5c2h_432,26.059730311388037
5c2h,5c2h_444,17.05001324854541
5c2h,5c2h_457,25.75742833739022
5c2h,5c2h_462,31.946113027150915
5c2h,5c2h_467,19.86361539846167
5c2h,5c2h_471,48.205457723269966
5c2h,5c2h_475,31.521448319797468
5c2h,5c2h_48,36.96172178699376
5c2h,5c2h_481,16.205924009998046
5c2h,5c2h_482,41.74029812901404
5c2h,5c2h_484,24.809329182736462
5c2h,5c2h_486,46.64326818528133
5c2h,5c2h_496,20.81762993784288
5c2h,5c2h_500,18.5312973986464
5c2h,5c2h_507,46.04486703339178
5c2h,5c2h_509,44.20403022724158
5c2h,5c2h_513,32.95276475210571
5c2h,5c2h_516,35.34860512226664
5c2h,5c2h_517,41.129668360799286
5c2h,5c2h_519,42.3070567986913
5c2h,5c2h_520,38.94969561960132
5c2h,5c2h_524,57.97162245191415
5c2h,5c2h_533,39.60483202404071
5c2h,5c2h_536,38.29668671356371
5c2h,5c2h_537,39.30695752483459
5c2h,5c2h_544,29.626639224372784
5c2h,5c2h_545,34.66708610264583
5c2h,5c2h_547,22.05541053220665
5c2h,5c2h_548,31.236811532501648
5c2h,5c2h_553,41.19967556340588
5c2h,5c2h_561,25.70269374028772
5c2h,5c2h_565,47.55199262616548
5c2h,5c2h_566,23.355632636359847
5c2h,5c2h_572,36.69619392497912
5c2h,5c2h_575,28.872510229671303
5c2h,5c2h_576,41.12940053359434
5c2h,5c2h_579,33.17770330515632
5c2h,5c2h_585,29.959034551670065
5c2h,5c2h_597,17.652457342158904
5c2h,5c2h_599,31.303409649432748
5c2h,5c2h_602,52.48167565929371
5c2h,5c2h_608,22.582059805069463
5c2h,5c2h_611,47.028417742913554
5c2h,5c2h_613,54.31338342997551
5c2h,5c2h_624,30.94427105797188
5c2h,5c2h_627,38.918207338334426
5c2h,5c2h_640,27.51893591462108
5c2h,5c2h_641,14.078615174590418
5c2h,5c2h_644,43.42544974135748
5c2h,5c2h_646,53.043834051914494
5c2h,5c2h_649,37.63246012547757
5c2h,5c2h_651,39.85421316748323
5c2h,5c2h_653,25.768162850589004
5c2h,5c2h_657,27.773069338424623
5c2h,5c2h_663,34.6825180385939
5c2h,5c2h_666,42.90236096806829
5c2h,5c2h_682,26.419686579846413
5c2h,5c2h_686,28.710808437080026
5c2h,5c2h_696,33.71456982541154
5c2h,5c2h_697,21.023469216098796
5c2h,5c2h_698,26.670355880256917
5c2h,5c2h_700,22.56757067309824
5c2h,5c2h_756,26.771849948362718
5c2h,5c2h_758,21.22773193846251
5c2h,5c2h_764,34.86995935636707
5c2h,5c2h_775,30.114071135724576
5c2h,5c2h_816,35.02435368673777
5c2h,5c2h_831,34.35920046504623
5c2h,5c2h_848,41.04587630142601
5c2h,5c2h_860,28.73935569261575
5c2h,5c2h_89,19.86890495323225
5c2h,5c2h_910,42.76641511271532
5c2h,5c2h_922,44.76579190436241
5c2h,5c2h_940,30.159838170225
5dwr,5dwr_144,81.28606454425935
5dwr,5dwr_148,63.482359009601005
5dwr,5dwr_157,72.757475749984
5dwr,5dwr_162,62.19214158481637
5dwr,5dwr_166,63.01440824150896
5dwr,5dwr_193,72.70284974635007
5dwr,5dwr_200,82.06849092145079
5dwr,5dwr_215,82.19877707256835
5dwr,5dwr_286,75.36367057711648
5dwr,5dwr_289,70.03176583234332
5dwr,5dwr_297,83.61475985397878
5dwr,5dwr_312,24.0877936134399
5dwr,5dwr_382,78.17705616056676
5dwr,5dwr_401,41.53095801472917
5dwr,5dwr_404,63.856095132304965
5dwr,5dwr_411,35.26281014518242
5dwr,5dwr_412,30.46473550159935
5dwr,5dwr_419,43.04182064081509
5dwr,5dwr_425,30.39140910062058
5dwr,5dwr_431,37.52261600023884
5dwr,5dwr_441,40.11667711715637
5dwr,5dwr_442,25.751984328526653
5dwr,5dwr_451,56.04835119370844
5dwr,5dwr_461,40.174364033650455
5dwr,5dwr_466,22.61191483971129
5dwr,5dwr_467,30.344199143983637
5dwr,5dwr_475,51.50301214047295
5dwr,5dwr_480,29.383575394342177
5dwr,5dwr_484,36.14778534421499
5dwr,5dwr_489,43.15714055332504
5dwr,5dwr_490,30.85966861593008
5dwr,5dwr_497,34.4223687213502
5dwr,5dwr_498,23.782117996768218
5dwr,5dwr_504,58.15939884269996
5dwr,5dwr_508,25.27492239349063
5dwr,5dwr_518,20.027248552852832
5dwr,5dwr_521,27.28870156342594
5dwr,5dwr_527,27.900910451541176
5dwr,5dwr_534,15.266363102159804
5dwr,5dwr_542,37.87271027685997
5dwr,5dwr_559,24.357840143337334
5dwr,5dwr_560,29.136864129461973
5dwr,5dwr_568,19.693182163212843
5dwr,5dwr_574,24.014091916074666
5dwr,5dwr_584,19.859012296390414
5dwr,5dwr_588,11.447466929121964
5dwr,5dwr_598,13.97360432216162
5dwr,5dwr_604,18.282110157591724
5dwr,5dwr_610,36.81456587460823
5dwr,5dwr_612,36.78766269931821
5dwr,5dwr_614,54.64908440709476
5dwr,5dwr_626,21.340855542370026
5dwr,5dwr_628,24.97783180796438
5dwr,5dwr_633,39.14182535257704
5dwr,5dwr_635,16.425682843388266
5dwr,5dwr_636,28.2043260277828
5dwr,5dwr_637,41.86684705950816
5dwr,5dwr_638,28.426176077183737
5dwr,5dwr_640,31.74467108319942
5dwr,5dwr_642,33.33063022851448
5dwr,5dwr_649,14.582925239896726
5dwr,5dwr_654,31.4535464676771
5dwr,5dwr_663,16.783641282218543
5dwr,5dwr_666,25.377310667591928
5dwr,5dwr_669,31.295476993484368
5dwr,5dwr_671,28.984214779005733
5dwr,5dwr_675,51.64060094898517
5dwr,5dwr_676,12.412974377570624
5dwr,5dwr_677,16.639986449600272
5dwr,5dwr_680,27.573206495801543
5dwr,5dwr_686,22.74835711142415
5dwr,5dwr_691,29.29177006135026
5dwr,5dwr_693,25.26293553275181
5dwr,5dwr_695,43.48425210088602
5dwr,5dwr_697,21.76277425538849
5dwr,5dwr_699,38.50375330118296
5dwr,5dwr_702,38.97535612161602
5dwr,5dwr_710,25.2170943333153
5dwr,5dwr_711,26.793660217184105
5dwr,5dwr_720,9.978483942082178
5dwr,5dwr_745,53.929789856269146
5dwr,5dwr_76,51.227577020506125
5dwr,5dwr_875,23.208213360081807
5dwr,5dwr_96,70.87242246381719
5tmn,5tmn_117,8.882539684373723
5tmn,5tmn_125,7.782829637147092
5tmn,5tmn_141,7.0696035201330405
5tmn,5tmn_142,27.04903148678981
5tmn,5tmn_155,6.775769438261756
5tmn,5tmn_161,8.146874246410313
5tmn,5tmn_162,16.94184686647475
5tmn,5tmn_197,15.104861563121368
5tmn,5tmn_199,7.733873781427121
5tmn,5tmn_203,26.06012193172165
5tmn,5tmn_210,35.41565110089485
5tmn,5tmn_219,38.70171180156992
5tmn,5tmn_22,25.01472725883498
5tmn,5tmn_222,25.108242589237594
5tmn,5tmn_223,37.20668710037295
5tmn,5tmn_226,33.1797087469448
5tmn,5tmn_232,28.60562409881279
5tmn,5tmn_236,25.28572010986829
5tmn,5tmn_254,27.022145794446587
5tmn,5tmn_261,20.29547843419976
5tmn,5tmn_273,22.742756187758783
5tmn,5tmn_284,37.09871669177751
5tmn,5tmn_288,30.880303072183672
5tmn,5tmn_29,23.477004482144217
5tmn,5tmn_297,25.909775510460022
5tmn,5tmn_302,9.461204769574016
5tmn,5tmn_303,23.24263116898089
5tmn,5tmn_326,12.385369800296312
5tmn,5tmn_35,13.874215519501528
5tmn,5tmn_357,3.2485620692620767
5tmn,5tmn_362,25.69794384656436
5tmn,5tmn_375,31.58783937768732
5tmn,5tmn_38,9.311044626368172
5tmn,5tmn_452,22.229659988565928
5tmn,5tmn_462,16.148379845884193
5tmn,5tmn_464,32.45748257049211
5tmn,5tmn_465,15.866736937318938
5tmn,5tmn_468,30.74258462558489
5tmn,5tmn_498,15.973948330670712
5tmn,5tmn_513,13.90672896373417
5tmn,5tmn_518,19.320346184994914
5tmn,5tmn_526,23.55738258505182
5tmn,5tmn_535,16.309132269695183
5tmn,5tmn_537,17.227552478830095
5tmn,5tmn_540,24.69642279685667
5tmn,5tmn_541,28.089458104126397
5tmn,5tmn_551,18.38506064806851
5tmn,5tmn_552,21.403072733818878
5tmn,5tmn_553,16.6559471055218
5tmn,5tmn_559,18.3376026232356
5tmn,5tmn_566,26.60303881699404
5tmn,5tmn_582,17.863351189514386
5tmn,5tmn_588,19.01295749936259
5tmn,5tmn_592,7.956600318657375
5tmn,5tmn_596,9.495949897384328
5tmn,5tmn_609,24.237547394608157
5tmn,5tmn_61,12.272348284859149
5tmn,5tmn_624,28.089232360725617
5tmn,5tmn_639,16.971777882447558
5tmn,5tmn_640,20.675655773261628
5tmn,5tmn_643,16.420036457823954
5tmn,5tmn_649,15.824711158736688
5tmn,5tmn_654,26.20844124585528
5tmn,5tmn_659,17.07829527530779
5tmn,5tmn_681,17.283080182408906
5tmn,5tmn_685,15.1227602497873
5tmn,5tmn_695,17.361768658178544
5tmn,5tmn_700,19.939190063948725
5tmn,5tmn_707,38.26360230633283
5tmn,5tmn_717,41.009669620855895
5tmn,5tmn_725,38.02014296763609
5tmn,5tmn_741,37.127425103947246
5tmn,5tmn_742,37.32472375948392
5tmn,5tmn_754,38.24870070885716
5tmn,5tmn_756,37.24217456791673
5tmn,5tmn_758,39.20327038241679
5tmn,5tmn_780,34.6159273721548
5tmn,5tmn_782,32.60243506291808
5tmn,5tmn_783,31.864790025618543
5tmn,5tmn_786,16.098898674214663
5tmn,5tmn_791,21.73108910854307
5tmn,5tmn_792,33.0347701067621
5tmn,5tmn_797,19.066615871692925
5tmn,5tmn_799,30.34899249579248
5tmn,5tmn_858,40.0597197215946
5tmn,5tmn_870,27.29737735222777
5tmn,5tmn_88,12.22703501010208
5tmn,5tmn_892,24.966839486587187
5tmn,5tmn_950,39.27875001318729
5tmn,5tmn_976,35.19817515493551
5tmn,5tmn_996,37.09899200894064
